01/10/2025 00:00,4584.86
01/10/2025 00:05,4698.96
01/10/2025 00:10,4514.05
01/10/2025 00:15,4573.29
01/10/2025 00:20,4734.08
01/10/2025 00:25,4746.27
01/10/2025 00:30,4564.62
01/10/2025 00:35,4524.82
01/10/2025 00:40,4327.1
01/10/2025 00:45,4704.09
01/10/2025 00:50,4522.69
01/10/2025 00:55,4397.67
01/10/2025 01:00,4509.64
01/10/2025 01:05,4513.05
01/10/2025 01:10,4349.01
01/10/2025 01:15,4381.48
01/10/2025 01:20,4353.72
01/10/2025 01:25,4415.55
01/10/2025 01:30,4390.51
01/10/2025 01:35,4199.02
01/10/2025 01:40,4336.23
01/10/2025 01:45,4295.06
01/10/2025 01:50,4183.12
01/10/2025 01:55,4279.08
01/10/2025 02:00,3786.91
01/10/2025 02:05,3716.31
01/10/2025 02:10,3766.54
01/10/2025 02:15,3715.53
01/10/2025 02:20,3775.74
01/10/2025 02:25,3865.26
01/10/2025 02:30,3906.97
01/10/2025 02:35,3989.69
01/10/2025 02:40,3822.67
01/10/2025 02:45,3762.56
01/10/2025 02:50,3806.39
01/10/2025 02:55,3825.01
01/10/2025 03:00,3860.78
01/10/2025 03:05,3794.29
01/10/2025 03:10,3640.37
01/10/2025 03:15,3861.1
01/10/2025 03:20,3802.42
01/10/2025 03:25,3759.08
01/10/2025 03:30,3679.17
01/10/2025 03:35,3931.81
01/10/2025 03:40,3620.44
01/10/2025 03:45,3851.05
01/10/2025 03:50,3771.57
01/10/2025 03:55,3656.6
01/10/2025 04:00,3697.4
01/10/2025 04:05,3724.51
01/10/2025 04:10,3843.55
01/10/2025 04:15,3771.95
01/10/2025 04:20,3811.42
01/10/2025 04:25,3716.09
01/10/2025 04:30,3814.07
01/10/2025 04:35,3919.79
01/10/2025 04:40,3710.21
01/10/2025 04:45,3882.84
01/10/2025 04:50,3821.64
01/10/2025 04:55,3767.53
01/10/2025 05:00,3988.65
01/10/2025 05:05,4123.41
01/10/2025 05:10,4197.76
01/10/2025 05:15,4160.73
01/10/2025 05:20,4190.75
01/10/2025 05:25,4190.56
01/10/2025 05:30,4314.84
01/10/2025 05:35,4255.65
01/10/2025 05:40,4259.72
01/10/2025 05:45,4317.54
01/10/2025 05:50,4564.03
01/10/2025 05:55,4324.94
01/10/2025 06:00,4478.36
01/10/2025 06:05,4347.24
01/10/2025 06:10,4456.95
01/10/2025 06:15,4416.51
01/10/2025 06:20,4604.61
01/10/2025 06:25,4465.24
01/10/2025 06:30,4637.63
01/10/2025 06:35,4686.54
01/10/2025 06:40,4714.02
01/10/2025 06:45,4723.93
01/10/2025 06:50,4785.43
01/10/2025 06:55,4769.9
01/10/2025 07:00,4902.49
01/10/2025 07:05,4870.53
01/10/2025 07:10,4828.04
01/10/2025 07:15,4987.5
01/10/2025 07:20,5001.32
01/10/2025 07:25,5067.04
01/10/2025 07:30,4991.83
01/10/2025 07:35,5193.48
01/10/2025 07:40,5295.66
01/10/2025 07:45,5317.25
01/10/2025 07:50,5329.71
01/10/2025 07:55,5182.22
01/10/2025 08:00,5302.72
01/10/2025 08:05,5420.37
01/10/2025 08:10,5517.23
01/10/2025 08:15,5394.9
01/10/2025 08:20,5591.22
01/10/2025 08:25,5647.42
01/10/2025 08:30,5560.88
01/10/2025 08:35,5627.43
01/10/2025 08:40,5732.26
01/10/2025 08:45,5816.02
01/10/2025 08:50,5740.33
01/10/2025 08:55,5696.12
01/10/2025 09:00,5877.0
01/10/2025 09:05,5706.67
01/10/2025 09:10,5759.66
01/10/2025 09:15,5703.1
01/10/2025 09:20,5774.01
01/10/2025 09:25,5866.45
01/10/2025 09:30,5808.89
01/10/2025 09:35,5831.53
01/10/2025 09:40,5898.28
01/10/2025 09:45,5888.69
01/10/2025 09:50,5969.77
01/10/2025 09:55,5867.78
01/10/2025 10:00,5896.05
01/10/2025 10:05,5904.11
01/10/2025 10:10,6001.66
01/10/2025 10:15,6046.0
01/10/2025 10:20,6067.95
01/10/2025 10:25,5929.5
01/10/2025 10:30,6035.28
01/10/2025 10:35,5854.46
01/10/2025 10:40,5918.69
01/10/2025 10:45,5821.39
01/10/2025 10:50,5955.41
01/10/2025 10:55,5997.14
01/10/2025 11:00,6083.17
01/10/2025 11:05,5905.21
01/10/2025 11:10,5958.23
01/10/2025 11:15,5939.18
01/10/2025 11:20,5830.4
01/10/2025 11:25,5888.57
01/10/2025 11:30,5768.8
01/10/2025 11:35,5782.27
01/10/2025 11:40,5797.53
01/10/2025 11:45,5732.7
01/10/2025 11:50,5655.28
01/10/2025 11:55,5613.5
01/10/2025 12:00,5580.94
01/10/2025 12:05,5558.21
01/10/2025 12:10,5707.62
01/10/2025 12:15,5605.58
01/10/2025 12:20,5506.68
01/10/2025 12:25,5764.19
01/10/2025 12:30,5667.96
01/10/2025 12:35,5670.22
01/10/2025 12:40,5757.84
01/10/2025 12:45,5593.83
01/10/2025 12:50,5507.52
01/10/2025 12:55,5636.73
01/10/2025 13:00,5447.12
01/10/2025 13:05,5696.21
01/10/2025 13:10,5530.99
01/10/2025 13:15,5533.39
01/10/2025 13:20,5569.84
01/10/2025 13:25,5613.52
01/10/2025 13:30,5505.37
01/10/2025 13:35,5569.92
01/10/2025 13:40,5608.95
01/10/2025 13:45,5469.67
01/10/2025 13:50,5538.88
01/10/2025 13:55,5596.26
01/10/2025 14:00,5581.51
01/10/2025 14:05,5511.73
01/10/2025 14:10,5533.14
01/10/2025 14:15,5564.62
01/10/2025 14:20,5418.74
01/10/2025 14:25,5639.12
01/10/2025 14:30,5565.1
01/10/2025 14:35,5495.35
01/10/2025 14:40,5426.59
01/10/2025 14:45,5658.28
01/10/2025 14:50,5294.44
01/10/2025 14:55,5622.32
01/10/2025 15:00,5530.35
01/10/2025 15:05,5446.36
01/10/2025 15:10,5680.07
01/10/2025 15:15,5461.46
01/10/2025 15:20,5396.61
01/10/2025 15:25,5476.47
01/10/2025 15:30,5479.26
01/10/2025 15:35,5695.76
01/10/2025 15:40,5589.88
01/10/2025 15:45,5681.04
01/10/2025 15:50,5776.79
01/10/2025 15:55,5845.09
01/10/2025 16:00,5735.18
01/10/2025 16:05,5803.64
01/10/2025 16:10,5809.03
01/10/2025 16:15,5779.69
01/10/2025 16:20,5853.51
01/10/2025 16:25,5735.11
01/10/2025 16:30,5740.83
01/10/2025 16:35,5715.75
01/10/2025 16:40,5772.25
01/10/2025 16:45,5693.56
01/10/2025 16:50,6003.89
01/10/2025 16:55,5771.2
01/10/2025 17:00,6019.7
01/10/2025 17:05,5734.51
01/10/2025 17:10,6086.97
01/10/2025 17:15,5810.41
01/10/2025 17:20,5853.53
01/10/2025 17:25,6010.23
01/10/2025 17:30,5972.13
01/10/2025 17:35,5921.5
01/10/2025 17:40,5928.79
01/10/2025 17:45,6104.1
01/10/2025 17:50,6105.4
01/10/2025 17:55,6124.04
01/10/2025 18:00,6361.91
01/10/2025 18:05,6521.29
01/10/2025 18:10,6670.75
01/10/2025 18:15,6732.7
01/10/2025 18:20,6580.26
01/10/2025 18:25,6590.54
01/10/2025 18:30,6719.21
01/10/2025 18:35,6563.89
01/10/2025 18:40,6802.67
01/10/2025 18:45,6865.6
01/10/2025 18:50,6726.36
01/10/2025 18:55,6770.38
01/10/2025 19:00,6746.46
01/10/2025 19:05,6904.58
01/10/2025 19:10,6844.15
01/10/2025 19:15,6867.81
01/10/2025 19:20,6885.73
01/10/2025 19:25,6870.68
01/10/2025 19:30,6887.98
01/10/2025 19:35,6908.44
01/10/2025 19:40,6830.72
01/10/2025 19:45,6888.02
01/10/2025 19:50,6726.09
01/10/2025 19:55,6853.34
01/10/2025 20:00,6785.4
01/10/2025 20:05,6835.64
01/10/2025 20:10,6826.67
01/10/2025 20:15,6807.89
01/10/2025 20:20,6790.41
01/10/2025 20:25,6753.34
01/10/2025 20:30,6740.79
01/10/2025 20:35,6672.39
01/10/2025 20:40,6576.07
01/10/2025 20:45,6452.58
01/10/2025 20:50,6682.21
01/10/2025 20:55,6394.45
01/10/2025 21:00,6307.67
01/10/2025 21:05,6183.08
01/10/2025 21:10,6099.49
01/10/2025 21:15,6013.04
01/10/2025 21:20,5815.87
01/10/2025 21:25,5947.79
01/10/2025 21:30,5897.82
01/10/2025 21:35,5771.46
01/10/2025 21:40,5814.02
01/10/2025 21:45,5848.56
01/10/2025 21:50,5809.06
01/10/2025 21:55,5767.04
01/10/2025 22:00,5647.7
01/10/2025 22:05,5647.38
01/10/2025 22:10,5630.19
01/10/2025 22:15,5715.65
01/10/2025 22:20,5540.91
01/10/2025 22:25,5452.51
01/10/2025 22:30,5332.47
01/10/2025 22:35,5465.76
01/10/2025 22:40,5494.87
01/10/2025 22:45,5248.31
01/10/2025 22:50,5326.58
01/10/2025 22:55,5199.22
01/10/2025 23:00,5292.94
01/10/2025 23:05,5240.97
01/10/2025 23:10,5105.99
01/10/2025 23:15,4973.94
01/10/2025 23:20,5008.5
01/10/2025 23:25,5047.62
01/10/2025 23:30,4995.5
01/10/2025 23:35,5039.32
01/10/2025 23:40,4903.28
01/10/2025 23:45,4855.8
01/10/2025 23:50,4675.07
01/10/2025 23:55,4907.48
02/10/2025 00:00,4744.99
02/10/2025 00:05,4486.36
02/10/2025 00:10,4482.0
02/10/2025 00:15,4592.12
02/10/2025 00:20,4606.83
02/10/2025 00:25,4483.82
02/10/2025 00:30,4532.04
02/10/2025 00:35,4476.37
02/10/2025 00:40,4437.65
02/10/2025 00:45,4607.36
02/10/2025 00:50,4332.04
02/10/2025 00:55,4427.31
02/10/2025 01:00,4312.0
02/10/2025 01:05,4441.24
02/10/2025 01:10,4463.46
02/10/2025 01:15,4442.5
02/10/2025 01:20,4353.04
02/10/2025 01:25,4426.54
02/10/2025 01:30,4303.22
02/10/2025 01:35,4101.62
02/10/2025 01:40,4448.96
02/10/2025 01:45,4309.69
02/10/2025 01:50,4304.18
02/10/2025 01:55,4241.88
02/10/2025 02:00,3845.11
02/10/2025 02:05,3838.66
02/10/2025 02:10,3894.66
02/10/2025 02:15,3748.09
02/10/2025 02:20,3615.54
02/10/2025 02:25,3850.56
02/10/2025 02:30,3799.38
02/10/2025 02:35,3809.85
02/10/2025 02:40,3785.12
02/10/2025 02:45,3656.61
02/10/2025 02:50,3853.99
02/10/2025 02:55,3766.91
02/10/2025 03:00,3896.73
02/10/2025 03:05,3665.64
02/10/2025 03:10,3871.15
02/10/2025 03:15,3798.86
02/10/2025 03:20,3858.66
02/10/2025 03:25,3858.39
02/10/2025 03:30,3767.31
02/10/2025 03:35,3771.32
02/10/2025 03:40,3797.22
02/10/2025 03:45,3988.97
02/10/2025 03:50,3764.22
02/10/2025 03:55,3797.71
02/10/2025 04:00,3846.39
02/10/2025 04:05,3720.43
02/10/2025 04:10,3771.78
02/10/2025 04:15,3652.28
02/10/2025 04:20,3768.96
02/10/2025 04:25,4018.87
02/10/2025 04:30,3817.81
02/10/2025 04:35,3725.16
02/10/2025 04:40,3754.22
02/10/2025 04:45,3788.78
02/10/2025 04:50,3906.72
02/10/2025 04:55,3829.37
02/10/2025 05:00,3866.24
02/10/2025 05:05,4082.79
02/10/2025 05:10,4030.45
02/10/2025 05:15,4075.74
02/10/2025 05:20,4187.38
02/10/2025 05:25,4291.74
02/10/2025 05:30,4186.35
02/10/2025 05:35,4326.73
02/10/2025 05:40,4220.65
02/10/2025 05:45,4374.2
02/10/2025 05:50,4371.85
02/10/2025 05:55,4230.68
02/10/2025 06:00,4356.92
02/10/2025 06:05,4331.73
02/10/2025 06:10,4490.09
02/10/2025 06:15,4584.99
02/10/2025 06:20,4565.31
02/10/2025 06:25,4649.64
02/10/2025 06:30,4541.32
02/10/2025 06:35,4546.81
02/10/2025 06:40,4712.34
02/10/2025 06:45,4765.85
02/10/2025 06:50,4675.76
02/10/2025 06:55,4684.08
02/10/2025 07:00,4792.85
02/10/2025 07:05,4881.83
02/10/2025 07:10,5039.28
02/10/2025 07:15,5003.07
02/10/2025 07:20,5005.12
02/10/2025 07:25,4948.48
02/10/2025 07:30,5164.58
02/10/2025 07:35,5081.81
02/10/2025 07:40,5263.57
02/10/2025 07:45,5089.14
02/10/2025 07:50,5352.8
02/10/2025 07:55,5254.12
02/10/2025 08:00,5352.89
02/10/2025 08:05,5367.33
02/10/2025 08:10,5394.83
02/10/2025 08:15,5498.61
02/10/2025 08:20,5448.6
02/10/2025 08:25,5602.14
02/10/2025 08:30,5643.39
02/10/2025 08:35,5681.56
02/10/2025 08:40,5661.64
02/10/2025 08:45,5844.81
02/10/2025 08:50,5900.12
02/10/2025 08:55,5783.51
02/10/2025 09:00,5666.72
02/10/2025 09:05,5645.84
02/10/2025 09:10,5885.34
02/10/2025 09:15,5740.85
02/10/2025 09:20,5812.41
02/10/2025 09:25,5875.1
02/10/2025 09:30,5920.99
02/10/2025 09:35,5823.28
02/10/2025 09:40,5734.16
02/10/2025 09:45,5847.48
02/10/2025 09:50,5807.83
02/10/2025 09:55,5843.04
02/10/2025 10:00,5893.01
02/10/2025 10:05,5914.24
02/10/2025 10:10,5914.95
02/10/2025 10:15,5985.78
02/10/2025 10:20,5987.33
02/10/2025 10:25,5980.03
02/10/2025 10:30,5955.18
02/10/2025 10:35,5980.36
02/10/2025 10:40,6088.18
02/10/2025 10:45,5979.78
02/10/2025 10:50,6001.0
02/10/2025 10:55,5942.28
02/10/2025 11:00,5932.31
02/10/2025 11:05,5992.49
02/10/2025 11:10,5811.08
02/10/2025 11:15,5792.81
02/10/2025 11:20,5673.24
02/10/2025 11:25,5701.19
02/10/2025 11:30,5851.4
02/10/2025 11:35,5830.12
02/10/2025 11:40,5988.43
02/10/2025 11:45,5693.82
02/10/2025 11:50,5736.14
02/10/2025 11:55,5786.12
02/10/2025 12:00,5629.85
02/10/2025 12:05,5772.63
02/10/2025 12:10,5728.76
02/10/2025 12:15,5643.51
02/10/2025 12:20,5587.1
02/10/2025 12:25,5617.51
02/10/2025 12:30,5547.77
02/10/2025 12:35,5658.85
02/10/2025 12:40,5541.2
02/10/2025 12:45,5640.21
02/10/2025 12:50,5514.39
02/10/2025 12:55,5622.71
02/10/2025 13:00,5588.53
02/10/2025 13:05,5637.5
02/10/2025 13:10,5711.07
02/10/2025 13:15,5605.63
02/10/2025 13:20,5653.45
02/10/2025 13:25,5681.82
02/10/2025 13:30,5499.61
02/10/2025 13:35,5635.3
02/10/2025 13:40,5608.5
02/10/2025 13:45,5638.55
02/10/2025 13:50,5568.88
02/10/2025 13:55,5600.34
02/10/2025 14:00,5592.56
02/10/2025 14:05,5553.15
02/10/2025 14:10,5452.68
02/10/2025 14:15,5327.94
02/10/2025 14:20,5588.19
02/10/2025 14:25,5355.04
02/10/2025 14:30,5517.11
02/10/2025 14:35,5681.56
02/10/2025 14:40,5390.35
02/10/2025 14:45,5308.28
02/10/2025 14:50,5410.05
02/10/2025 14:55,5565.52
02/10/2025 15:00,5517.3
02/10/2025 15:05,5522.72
02/10/2025 15:10,5547.06
02/10/2025 15:15,5546.47
02/10/2025 15:20,5333.23
02/10/2025 15:25,5645.92
02/10/2025 15:30,5652.57
02/10/2025 15:35,5588.65
02/10/2025 15:40,5705.21
02/10/2025 15:45,5659.88
02/10/2025 15:50,5576.48
02/10/2025 15:55,5695.93
02/10/2025 16:00,5677.15
02/10/2025 16:05,5651.9
02/10/2025 16:10,5670.19
02/10/2025 16:15,5764.0
02/10/2025 16:20,5745.55
02/10/2025 16:25,5794.71
02/10/2025 16:30,5880.3
02/10/2025 16:35,5713.14
02/10/2025 16:40,5747.23
02/10/2025 16:45,5902.8
02/10/2025 16:50,5891.57
02/10/2025 16:55,5702.26
02/10/2025 17:00,5842.47
02/10/2025 17:05,5690.87
02/10/2025 17:10,5834.39
02/10/2025 17:15,5887.99
02/10/2025 17:20,5870.92
02/10/2025 17:25,5984.37
02/10/2025 17:30,5965.43
02/10/2025 17:35,6060.45
02/10/2025 17:40,6038.55
02/10/2025 17:45,5937.64
02/10/2025 17:50,5940.81
02/10/2025 17:55,5933.34
02/10/2025 18:00,6601.82
02/10/2025 18:05,6681.83
02/10/2025 18:10,6634.34
02/10/2025 18:15,6400.93
02/10/2025 18:20,6510.69
02/10/2025 18:25,6754.98
02/10/2025 18:30,6795.62
02/10/2025 18:35,6780.04
02/10/2025 18:40,6802.5
02/10/2025 18:45,6742.72
02/10/2025 18:50,6618.81
02/10/2025 18:55,6840.96
02/10/2025 19:00,6738.34
02/10/2025 19:05,6880.44
02/10/2025 19:10,6829.37
02/10/2025 19:15,6930.25
02/10/2025 19:20,6814.33
02/10/2025 19:25,6828.64
02/10/2025 19:30,6864.34
02/10/2025 19:35,6886.36
02/10/2025 19:40,6776.8
02/10/2025 19:45,6676.29
02/10/2025 19:50,6932.56
02/10/2025 19:55,6777.65
02/10/2025 20:00,6963.0
02/10/2025 20:05,6944.89
02/10/2025 20:10,6876.47
02/10/2025 20:15,6787.91
02/10/2025 20:20,6762.68
02/10/2025 20:25,6746.31
02/10/2025 20:30,6878.62
02/10/2025 20:35,6525.31
02/10/2025 20:40,6664.26
02/10/2025 20:45,6749.16
02/10/2025 20:50,6627.63
02/10/2025 20:55,6581.2
02/10/2025 21:00,6325.53
02/10/2025 21:05,6104.21
02/10/2025 21:10,6163.17
02/10/2025 21:15,6065.31
02/10/2025 21:20,6152.8
02/10/2025 21:25,6014.46
02/10/2025 21:30,6004.86
02/10/2025 21:35,5923.35
02/10/2025 21:40,5934.22
02/10/2025 21:45,5810.09
02/10/2025 21:50,5898.99
02/10/2025 21:55,5706.85
02/10/2025 22:00,5622.73
02/10/2025 22:05,5609.32
02/10/2025 22:10,5629.27
02/10/2025 22:15,5667.28
02/10/2025 22:20,5720.81
02/10/2025 22:25,5592.34
02/10/2025 22:30,5297.99
02/10/2025 22:35,5488.02
02/10/2025 22:40,5200.65
02/10/2025 22:45,5294.05
02/10/2025 22:50,5303.44
02/10/2025 22:55,5231.41
02/10/2025 23:00,5162.82
02/10/2025 23:05,5136.25
02/10/2025 23:10,5040.54
02/10/2025 23:15,5171.02
02/10/2025 23:20,5031.29
02/10/2025 23:25,4941.83
02/10/2025 23:30,4835.44
02/10/2025 23:35,4965.47
02/10/2025 23:40,4925.97
02/10/2025 23:45,4878.22
02/10/2025 23:50,4717.16
02/10/2025 23:55,4617.47
03/10/2025 00:00,4745.56
03/10/2025 00:05,4486.23
03/10/2025 00:10,4574.67
03/10/2025 00:15,4546.34
03/10/2025 00:20,4690.2
03/10/2025 00:25,4656.59
03/10/2025 00:30,4634.11
03/10/2025 00:35,4453.76
03/10/2025 00:40,4486.19
03/10/2025 00:45,4513.46
03/10/2025 00:50,4515.14
03/10/2025 00:55,4366.01
03/10/2025 01:00,4424.06
03/10/2025 01:05,4449.41
03/10/2025 01:10,4453.54
03/10/2025 01:15,4452.62
03/10/2025 01:20,4413.16
03/10/2025 01:25,4395.72
03/10/2025 01:30,4233.21
03/10/2025 01:35,4358.44
03/10/2025 01:40,4267.96
03/10/2025 01:45,4228.14
03/10/2025 01:50,4221.1
03/10/2025 01:55,4188.21
03/10/2025 02:00,3689.23
03/10/2025 02:05,3783.35
03/10/2025 02:10,3761.01
03/10/2025 02:15,3767.6
03/10/2025 02:20,3891.59
03/10/2025 02:25,3826.01
03/10/2025 02:30,3784.49
03/10/2025 02:35,3832.0
03/10/2025 02:40,3807.37
03/10/2025 02:45,3904.7
03/10/2025 02:50,3762.8
03/10/2025 02:55,3841.52
03/10/2025 03:00,3972.25
03/10/2025 03:05,3607.57
03/10/2025 03:10,3972.22
03/10/2025 03:15,3940.45
03/10/2025 03:20,3768.04
03/10/2025 03:25,3845.81
03/10/2025 03:30,3762.95
03/10/2025 03:35,3670.56
03/10/2025 03:40,3967.79
03/10/2025 03:45,4097.88
03/10/2025 03:50,3846.14
03/10/2025 03:55,3813.17
03/10/2025 04:00,3832.26
03/10/2025 04:05,3882.28
03/10/2025 04:10,3855.24
03/10/2025 04:15,3874.76
03/10/2025 04:20,3778.15
03/10/2025 04:25,3766.29
03/10/2025 04:30,3983.67
03/10/2025 04:35,3857.43
03/10/2025 04:40,3795.14
03/10/2025 04:45,3800.36
03/10/2025 04:50,3815.52
03/10/2025 04:55,3843.85
03/10/2025 05:00,3998.08
03/10/2025 05:05,4103.54
03/10/2025 05:10,4074.71
03/10/2025 05:15,4155.98
03/10/2025 05:20,4184.84
03/10/2025 05:25,4183.23
03/10/2025 05:30,4215.24
03/10/2025 05:35,4313.72
03/10/2025 05:40,4310.38
03/10/2025 05:45,4350.5
03/10/2025 05:50,4288.17
03/10/2025 05:55,4319.59
03/10/2025 06:00,4373.72
03/10/2025 06:05,4436.54
03/10/2025 06:10,4628.6
03/10/2025 06:15,4541.0
03/10/2025 06:20,4676.34
03/10/2025 06:25,4599.67
03/10/2025 06:30,4681.43
03/10/2025 06:35,4642.42
03/10/2025 06:40,4628.55
03/10/2025 06:45,4791.24
03/10/2025 06:50,4632.91
03/10/2025 06:55,4662.14
03/10/2025 07:00,4944.29
03/10/2025 07:05,4944.01
03/10/2025 07:10,4909.0
03/10/2025 07:15,5010.31
03/10/2025 07:20,4995.01
03/10/2025 07:25,5001.99
03/10/2025 07:30,5063.79
03/10/2025 07:35,5167.73
03/10/2025 07:40,5055.0
03/10/2025 07:45,5217.91
03/10/2025 07:50,5243.9
03/10/2025 07:55,5323.58
03/10/2025 08:00,5546.18
03/10/2025 08:05,5463.6
03/10/2025 08:10,5312.56
03/10/2025 08:15,5634.81
03/10/2025 08:20,5527.58
03/10/2025 08:25,5593.98
03/10/2025 08:30,5533.64
03/10/2025 08:35,5632.05
03/10/2025 08:40,5684.32
03/10/2025 08:45,5733.81
03/10/2025 08:50,5789.67
03/10/2025 08:55,5928.9
03/10/2025 09:00,5685.28
03/10/2025 09:05,5855.43
03/10/2025 09:10,5849.54
03/10/2025 09:15,5772.99
03/10/2025 09:20,5768.46
03/10/2025 09:25,5774.92
03/10/2025 09:30,5804.47
03/10/2025 09:35,5721.4
03/10/2025 09:40,5801.98
03/10/2025 09:45,5726.59
03/10/2025 09:50,5919.2
03/10/2025 09:55,5883.27
03/10/2025 10:00,5817.98
03/10/2025 10:05,5976.53
03/10/2025 10:10,5939.92
03/10/2025 10:15,6042.72
03/10/2025 10:20,5864.42
03/10/2025 10:25,5962.78
03/10/2025 10:30,5871.62
03/10/2025 10:35,6061.42
03/10/2025 10:40,6181.56
03/10/2025 10:45,5865.3
03/10/2025 10:50,5783.56
03/10/2025 10:55,6027.38
03/10/2025 11:00,6019.72
03/10/2025 11:05,5633.18
03/10/2025 11:10,5922.23
03/10/2025 11:15,5935.84
03/10/2025 11:20,5931.49
03/10/2025 11:25,5897.42
03/10/2025 11:30,5633.32
03/10/2025 11:35,5781.9
03/10/2025 11:40,5845.57
03/10/2025 11:45,5685.88
03/10/2025 11:50,5683.01
03/10/2025 11:55,5809.78
03/10/2025 12:00,5750.72
03/10/2025 12:05,5723.33
03/10/2025 12:10,5696.95
03/10/2025 12:15,5652.53
03/10/2025 12:20,5628.43
03/10/2025 12:25,5675.15
03/10/2025 12:30,5616.68
03/10/2025 12:35,5670.62
03/10/2025 12:40,5635.1
03/10/2025 12:45,5637.02
03/10/2025 12:50,5654.79
03/10/2025 12:55,5489.41
03/10/2025 13:00,5667.09
03/10/2025 13:05,5507.55
03/10/2025 13:10,5621.64
03/10/2025 13:15,5579.82
03/10/2025 13:20,5422.23
03/10/2025 13:25,5654.73
03/10/2025 13:30,5647.89
03/10/2025 13:35,5592.0
03/10/2025 13:40,5656.61
03/10/2025 13:45,5635.62
03/10/2025 13:50,5546.03
03/10/2025 13:55,5432.97
03/10/2025 14:00,5633.27
03/10/2025 14:05,5532.22
03/10/2025 14:10,5635.76
03/10/2025 14:15,5545.44
03/10/2025 14:20,5611.77
03/10/2025 14:25,5427.38
03/10/2025 14:30,5463.75
03/10/2025 14:35,5486.9
03/10/2025 14:40,5428.45
03/10/2025 14:45,5375.16
03/10/2025 14:50,5480.05
03/10/2025 14:55,5590.84
03/10/2025 15:00,5549.4
03/10/2025 15:05,5622.2
03/10/2025 15:10,5470.3
03/10/2025 15:15,5699.55
03/10/2025 15:20,5587.39
03/10/2025 15:25,5676.54
03/10/2025 15:30,5558.2
03/10/2025 15:35,5544.26
03/10/2025 15:40,5592.44
03/10/2025 15:45,5517.24
03/10/2025 15:50,5828.61
03/10/2025 15:55,5677.58
03/10/2025 16:00,5785.19
03/10/2025 16:05,5674.33
03/10/2025 16:10,5722.44
03/10/2025 16:15,5672.12
03/10/2025 16:20,5904.44
03/10/2025 16:25,5804.73
03/10/2025 16:30,5791.82
03/10/2025 16:35,5717.55
03/10/2025 16:40,5783.68
03/10/2025 16:45,5941.03
03/10/2025 16:50,5912.18
03/10/2025 16:55,5785.92
03/10/2025 17:00,5887.08
03/10/2025 17:05,5895.73
03/10/2025 17:10,5834.44
03/10/2025 17:15,5957.95
03/10/2025 17:20,5954.52
03/10/2025 17:25,5861.39
03/10/2025 17:30,5934.85
03/10/2025 17:35,6049.84
03/10/2025 17:40,5855.93
03/10/2025 17:45,6023.15
03/10/2025 17:50,6044.16
03/10/2025 17:55,5874.83
03/10/2025 18:00,6464.87
03/10/2025 18:05,6448.49
03/10/2025 18:10,6598.56
03/10/2025 18:15,6609.71
03/10/2025 18:20,6668.53
03/10/2025 18:25,6814.81
03/10/2025 18:30,6696.46
03/10/2025 18:35,6773.97
03/10/2025 18:40,6619.95
03/10/2025 18:45,7050.8
03/10/2025 18:50,6805.22
03/10/2025 18:55,6724.66
03/10/2025 19:00,6825.87
03/10/2025 19:05,6798.18
03/10/2025 19:10,6656.36
03/10/2025 19:15,6816.65
03/10/2025 19:20,6833.15
03/10/2025 19:25,6862.66
03/10/2025 19:30,6900.31
03/10/2025 19:35,6877.44
03/10/2025 19:40,6899.97
03/10/2025 19:45,6933.82
03/10/2025 19:50,6766.69
03/10/2025 19:55,6903.22
03/10/2025 20:00,6836.53
03/10/2025 20:05,6897.56
03/10/2025 20:10,6778.79
03/10/2025 20:15,6709.87
03/10/2025 20:20,6682.99
03/10/2025 20:25,6742.78
03/10/2025 20:30,6666.74
03/10/2025 20:35,6703.09
03/10/2025 20:40,6699.5
03/10/2025 20:45,6461.54
03/10/2025 20:50,6663.87
03/10/2025 20:55,6610.92
03/10/2025 21:00,6197.15
03/10/2025 21:05,6164.71
03/10/2025 21:10,6147.81
03/10/2025 21:15,6023.76
03/10/2025 21:20,6020.36
03/10/2025 21:25,6096.67
03/10/2025 21:30,6069.26
03/10/2025 21:35,5938.61
03/10/2025 21:40,5807.13
03/10/2025 21:45,5749.3
03/10/2025 21:50,5895.64
03/10/2025 21:55,5757.47
03/10/2025 22:00,5633.75
03/10/2025 22:05,5574.73
03/10/2025 22:10,5705.21
03/10/2025 22:15,5608.99
03/10/2025 22:20,5656.65
03/10/2025 22:25,5420.38
03/10/2025 22:30,5415.05
03/10/2025 22:35,5436.66
03/10/2025 22:40,5386.16
03/10/2025 22:45,5262.01
03/10/2025 22:50,5380.51
03/10/2025 22:55,5319.06
03/10/2025 23:00,5271.32
03/10/2025 23:05,5219.28
03/10/2025 23:10,4901.86
03/10/2025 23:15,5098.57
03/10/2025 23:20,4942.3
03/10/2025 23:25,5127.61
03/10/2025 23:30,4908.85
03/10/2025 23:35,4926.25
03/10/2025 23:40,5050.13
03/10/2025 23:45,4950.36
03/10/2025 23:50,4927.61
03/10/2025 23:55,4671.42
04/10/2025 00:00,4483.34
04/10/2025 00:05,4450.32
04/10/2025 00:10,4362.14
04/10/2025 00:15,4254.12
04/10/2025 00:20,4370.81
04/10/2025 00:25,4176.49
04/10/2025 00:30,4405.08
04/10/2025 00:35,4249.89
04/10/2025 00:40,4105.79
04/10/2025 00:45,4098.65
04/10/2025 00:50,4049.83
04/10/2025 00:55,4294.24
04/10/2025 01:00,4226.79
04/10/2025 01:05,4092.35
04/10/2025 01:10,4108.22
04/10/2025 01:15,4222.99
04/10/2025 01:20,4140.63
04/10/2025 01:25,3924.32
04/10/2025 01:30,4157.33
04/10/2025 01:35,4146.49
04/10/2025 01:40,4056.4
04/10/2025 01:45,4065.02
04/10/2025 01:50,4089.01
04/10/2025 01:55,3938.35
04/10/2025 02:00,3572.86
04/10/2025 02:05,3453.72
04/10/2025 02:10,3431.89
04/10/2025 02:15,3449.81
04/10/2025 02:20,3574.07
04/10/2025 02:25,3482.84
04/10/2025 02:30,3642.07
04/10/2025 02:35,3477.95
04/10/2025 02:40,3474.86
04/10/2025 02:45,3551.8
04/10/2025 02:50,3525.61
04/10/2025 02:55,3523.92
04/10/2025 03:00,3562.68
04/10/2025 03:05,3541.72
04/10/2025 03:10,3384.35
04/10/2025 03:15,3600.93
04/10/2025 03:20,3645.45
04/10/2025 03:25,3505.63
04/10/2025 03:30,3399.22
04/10/2025 03:35,3520.28
04/10/2025 03:40,3605.56
04/10/2025 03:45,3429.63
04/10/2025 03:50,3668.13
04/10/2025 03:55,3536.59
04/10/2025 04:00,3647.53
04/10/2025 04:05,3673.25
04/10/2025 04:10,3542.37
04/10/2025 04:15,3605.18
04/10/2025 04:20,3519.4
04/10/2025 04:25,3744.22
04/10/2025 04:30,3478.75
04/10/2025 04:35,3437.65
04/10/2025 04:40,3566.02
04/10/2025 04:45,3583.69
04/10/2025 04:50,3431.92
04/10/2025 04:55,3474.09
04/10/2025 05:00,3816.35
04/10/2025 05:05,3804.65
04/10/2025 05:10,3806.23
04/10/2025 05:15,3922.4
04/10/2025 05:20,3926.61
04/10/2025 05:25,3954.4
04/10/2025 05:30,4101.86
04/10/2025 05:35,4038.29
04/10/2025 05:40,3957.1
04/10/2025 05:45,4020.22
04/10/2025 05:50,4124.3
04/10/2025 05:55,4124.58
04/10/2025 06:00,3982.56
04/10/2025 06:05,4105.89
04/10/2025 06:10,4310.91
04/10/2025 06:15,4215.55
04/10/2025 06:20,4347.36
04/10/2025 06:25,4319.39
04/10/2025 06:30,4403.43
04/10/2025 06:35,4400.28
04/10/2025 06:40,4458.37
04/10/2025 06:45,4439.41
04/10/2025 06:50,4528.19
04/10/2025 06:55,4528.64
04/10/2025 07:00,4689.52
04/10/2025 07:05,4594.47
04/10/2025 07:10,4656.49
04/10/2025 07:15,4637.21
04/10/2025 07:20,4709.45
04/10/2025 07:25,4748.04
04/10/2025 07:30,4916.67
04/10/2025 07:35,4967.39
04/10/2025 07:40,4995.81
04/10/2025 07:45,4994.61
04/10/2025 07:50,4873.65
04/10/2025 07:55,5171.14
04/10/2025 08:00,5158.63
04/10/2025 08:05,5172.39
04/10/2025 08:10,5146.17
04/10/2025 08:15,5212.0
04/10/2025 08:20,5374.15
04/10/2025 08:25,5347.57
04/10/2025 08:30,5258.27
04/10/2025 08:35,5440.32
04/10/2025 08:40,5490.03
04/10/2025 08:45,5571.78
04/10/2025 08:50,5676.74
04/10/2025 08:55,5612.1
04/10/2025 09:00,5420.54
04/10/2025 09:05,5269.53
04/10/2025 09:10,5447.43
04/10/2025 09:15,5588.98
04/10/2025 09:20,5625.38
04/10/2025 09:25,5502.7
04/10/2025 09:30,5633.15
04/10/2025 09:35,5770.92
04/10/2025 09:40,5588.18
04/10/2025 09:45,5531.21
04/10/2025 09:50,5609.37
04/10/2025 09:55,5661.63
04/10/2025 10:00,5668.59
04/10/2025 10:05,5781.85
04/10/2025 10:10,5776.29
04/10/2025 10:15,5686.04
04/10/2025 10:20,5835.57
04/10/2025 10:25,5716.33
04/10/2025 10:30,5637.24
04/10/2025 10:35,5722.28
04/10/2025 10:40,5667.63
04/10/2025 10:45,5570.25
04/10/2025 10:50,5767.56
04/10/2025 10:55,5646.63
04/10/2025 11:00,5596.62
04/10/2025 11:05,5636.86
04/10/2025 11:10,5748.76
04/10/2025 11:15,5688.18
04/10/2025 11:20,5608.31
04/10/2025 11:25,5561.71
04/10/2025 11:30,5643.13
04/10/2025 11:35,5562.79
04/10/2025 11:40,5597.41
04/10/2025 11:45,5482.59
04/10/2025 11:50,5424.28
04/10/2025 11:55,5612.47
04/10/2025 12:00,5451.83
04/10/2025 12:05,5436.05
04/10/2025 12:10,5234.09
04/10/2025 12:15,5411.73
04/10/2025 12:20,5477.91
04/10/2025 12:25,5332.74
04/10/2025 12:30,5265.72
04/10/2025 12:35,5328.92
04/10/2025 12:40,5257.82
04/10/2025 12:45,5352.35
04/10/2025 12:50,5304.39
04/10/2025 12:55,5228.04
04/10/2025 13:00,5123.34
04/10/2025 13:05,5370.96
04/10/2025 13:10,5249.31
04/10/2025 13:15,5371.65
04/10/2025 13:20,5359.17
04/10/2025 13:25,5291.06
04/10/2025 13:30,5259.55
04/10/2025 13:35,5194.04
04/10/2025 13:40,5221.68
04/10/2025 13:45,5326.6
04/10/2025 13:50,5335.63
04/10/2025 13:55,5276.47
04/10/2025 14:00,5271.11
04/10/2025 14:05,5205.57
04/10/2025 14:10,5193.71
04/10/2025 14:15,5230.55
04/10/2025 14:20,5293.23
04/10/2025 14:25,5123.96
04/10/2025 14:30,5110.0
04/10/2025 14:35,5051.17
04/10/2025 14:40,5339.79
04/10/2025 14:45,5232.89
04/10/2025 14:50,5385.26
04/10/2025 14:55,5215.97
04/10/2025 15:00,5361.62
04/10/2025 15:05,5278.69
04/10/2025 15:10,5314.12
04/10/2025 15:15,5334.15
04/10/2025 15:20,5327.43
04/10/2025 15:25,5292.12
04/10/2025 15:30,5379.06
04/10/2025 15:35,5464.74
04/10/2025 15:40,5446.24
04/10/2025 15:45,5408.63
04/10/2025 15:50,5367.85
04/10/2025 15:55,5516.18
04/10/2025 16:00,5424.84
04/10/2025 16:05,5526.5
04/10/2025 16:10,5500.33
04/10/2025 16:15,5494.06
04/10/2025 16:20,5628.3
04/10/2025 16:25,5483.59
04/10/2025 16:30,5520.83
04/10/2025 16:35,5338.28
04/10/2025 16:40,5617.48
04/10/2025 16:45,5702.57
04/10/2025 16:50,5599.54
04/10/2025 16:55,5543.0
04/10/2025 17:00,5727.84
04/10/2025 17:05,5566.23
04/10/2025 17:10,5348.79
04/10/2025 17:15,5699.02
04/10/2025 17:20,5600.05
04/10/2025 17:25,5886.79
04/10/2025 17:30,5671.58
04/10/2025 17:35,5698.4
04/10/2025 17:40,5686.29
04/10/2025 17:45,5707.06
04/10/2025 17:50,5756.1
04/10/2025 17:55,5638.75
04/10/2025 18:00,6308.36
04/10/2025 18:05,6359.22
04/10/2025 18:10,6175.07
04/10/2025 18:15,6335.12
04/10/2025 18:20,6386.33
04/10/2025 18:25,6435.11
04/10/2025 18:30,6487.25
04/10/2025 18:35,6392.58
04/10/2025 18:40,6422.72
04/10/2025 18:45,6444.79
04/10/2025 18:50,6461.96
04/10/2025 18:55,6518.23
04/10/2025 19:00,6721.96
04/10/2025 19:05,6671.88
04/10/2025 19:10,6660.5
04/10/2025 19:15,6656.06
04/10/2025 19:20,6708.69
04/10/2025 19:25,6609.43
04/10/2025 19:30,6752.94
04/10/2025 19:35,6669.91
04/10/2025 19:40,6596.32
04/10/2025 19:45,6766.36
04/10/2025 19:50,6451.56
04/10/2025 19:55,6468.55
04/10/2025 20:00,6615.32
04/10/2025 20:05,6397.83
04/10/2025 20:10,6616.71
04/10/2025 20:15,6416.76
04/10/2025 20:20,6505.3
04/10/2025 20:25,6263.9
04/10/2025 20:30,6366.25
04/10/2025 20:35,6381.18
04/10/2025 20:40,6519.44
04/10/2025 20:45,6381.43
04/10/2025 20:50,6255.85
04/10/2025 20:55,6188.0
04/10/2025 21:00,5955.56
04/10/2025 21:05,5649.28
04/10/2025 21:10,5927.07
04/10/2025 21:15,5790.24
04/10/2025 21:20,5834.52
04/10/2025 21:25,5738.01
04/10/2025 21:30,5767.75
04/10/2025 21:35,5670.79
04/10/2025 21:40,5529.57
04/10/2025 21:45,5465.36
04/10/2025 21:50,5616.01
04/10/2025 21:55,5376.76
04/10/2025 22:00,5358.07
04/10/2025 22:05,5364.78
04/10/2025 22:10,5387.75
04/10/2025 22:15,5327.09
04/10/2025 22:20,5221.45
04/10/2025 22:25,5254.29
04/10/2025 22:30,5100.36
04/10/2025 22:35,5252.74
04/10/2025 22:40,5194.54
04/10/2025 22:45,5161.55
04/10/2025 22:50,5064.23
04/10/2025 22:55,4961.48
04/10/2025 23:00,4770.68
04/10/2025 23:05,4789.24
04/10/2025 23:10,4870.74
04/10/2025 23:15,4818.82
04/10/2025 23:20,4830.08
04/10/2025 23:25,4835.45
04/10/2025 23:30,4666.71
04/10/2025 23:35,4593.14
04/10/2025 23:40,4641.18
04/10/2025 23:45,4544.49
04/10/2025 23:50,4491.13
04/10/2025 23:55,4555.79
05/10/2025 00:00,4342.58
05/10/2025 00:05,4406.18
05/10/2025 00:10,4324.38
05/10/2025 00:15,4441.93
05/10/2025 00:20,4312.32
05/10/2025 00:25,4275.84
05/10/2025 00:30,4338.72
05/10/2025 00:35,4310.27
05/10/2025 00:40,4187.8
05/10/2025 00:45,4249.89
05/10/2025 00:50,4217.77
05/10/2025 00:55,4224.47
05/10/2025 01:00,4231.19
05/10/2025 01:05,4060.28
05/10/2025 01:10,4123.96
05/10/2025 01:15,4209.14
05/10/2025 01:20,4131.15
05/10/2025 01:25,4150.74
05/10/2025 01:30,4049.78
05/10/2025 01:35,3891.39
05/10/2025 01:40,3994.01
05/10/2025 01:45,4057.62
05/10/2025 01:50,3872.32
05/10/2025 01:55,3982.6
05/10/2025 02:00,3540.22
05/10/2025 02:05,3481.82
05/10/2025 02:10,3529.36
05/10/2025 02:15,3535.14
05/10/2025 02:20,3607.01
05/10/2025 02:25,3664.87
05/10/2025 02:30,3550.76
05/10/2025 02:35,3550.18
05/10/2025 02:40,3497.78
05/10/2025 02:45,3577.28
05/10/2025 02:50,3485.61
05/10/2025 02:55,3567.48
05/10/2025 03:00,3490.56
05/10/2025 03:05,3742.91
05/10/2025 03:10,3468.68
05/10/2025 03:15,3449.27
05/10/2025 03:20,3365.5
05/10/2025 03:25,3387.73
05/10/2025 03:30,3587.48
05/10/2025 03:35,3469.47
05/10/2025 03:40,3613.89
05/10/2025 03:45,3578.34
05/10/2025 03:50,3567.82
05/10/2025 03:55,3596.3
05/10/2025 04:00,3402.49
05/10/2025 04:05,3568.71
05/10/2025 04:10,3539.77
05/10/2025 04:15,3751.64
05/10/2025 04:20,3403.79
05/10/2025 04:25,3582.98
05/10/2025 04:30,3583.34
05/10/2025 04:35,3645.34
05/10/2025 04:40,3350.41
05/10/2025 04:45,3567.08
05/10/2025 04:50,3575.57
05/10/2025 04:55,3632.82
05/10/2025 05:00,3754.91
05/10/2025 05:05,3684.31
05/10/2025 05:10,3958.65
05/10/2025 05:15,4061.55
05/10/2025 05:20,3988.45
05/10/2025 05:25,3850.29
05/10/2025 05:30,3865.42
05/10/2025 05:35,4033.07
05/10/2025 05:40,4039.57
05/10/2025 05:45,4255.59
05/10/2025 05:50,4151.39
05/10/2025 05:55,3928.24
05/10/2025 06:00,4309.8
05/10/2025 06:05,4205.69
05/10/2025 06:10,4308.05
05/10/2025 06:15,4256.71
05/10/2025 06:20,4346.3
05/10/2025 06:25,4381.48
05/10/2025 06:30,4360.59
05/10/2025 06:35,4445.01
05/10/2025 06:40,4448.18
05/10/2025 06:45,4467.38
05/10/2025 06:50,4553.4
05/10/2025 06:55,4546.63
05/10/2025 07:00,4525.4
05/10/2025 07:05,4575.43
05/10/2025 07:10,4635.14
05/10/2025 07:15,4768.06
05/10/2025 07:20,4906.52
05/10/2025 07:25,4731.11
05/10/2025 07:30,5016.42
05/10/2025 07:35,4955.84
05/10/2025 07:40,4970.12
05/10/2025 07:45,4841.49
05/10/2025 07:50,5106.62
05/10/2025 07:55,5004.91
05/10/2025 08:00,5208.07
05/10/2025 08:05,5083.51
05/10/2025 08:10,5213.15
05/10/2025 08:15,5274.49
05/10/2025 08:20,5297.55
05/10/2025 08:25,5263.96
05/10/2025 08:30,5330.94
05/10/2025 08:35,5388.4
05/10/2025 08:40,5443.88
05/10/2025 08:45,5461.32
05/10/2025 08:50,5625.6
05/10/2025 08:55,5664.29
05/10/2025 09:00,5309.19
05/10/2025 09:05,5465.34
05/10/2025 09:10,5551.5
05/10/2025 09:15,5469.21
05/10/2025 09:20,5562.09
05/10/2025 09:25,5422.97
05/10/2025 09:30,5596.29
05/10/2025 09:35,5483.35
05/10/2025 09:40,5611.77
05/10/2025 09:45,5562.43
05/10/2025 09:50,5559.84
05/10/2025 09:55,5425.44
05/10/2025 10:00,5702.89
05/10/2025 10:05,5496.25
05/10/2025 10:10,5758.98
05/10/2025 10:15,5711.92
05/10/2025 10:20,5825.68
05/10/2025 10:25,5687.57
05/10/2025 10:30,5653.26
05/10/2025 10:35,5705.89
05/10/2025 10:40,5693.06
05/10/2025 10:45,5714.99
05/10/2025 10:50,5651.58
05/10/2025 10:55,5643.92
05/10/2025 11:00,5649.29
05/10/2025 11:05,5640.17
05/10/2025 11:10,5612.32
05/10/2025 11:15,5755.04
05/10/2025 11:20,5603.92
05/10/2025 11:25,5589.25
05/10/2025 11:30,5612.34
05/10/2025 11:35,5543.73
05/10/2025 11:40,5595.56
05/10/2025 11:45,5475.33
05/10/2025 11:50,5523.23
05/10/2025 11:55,5496.55
05/10/2025 12:00,5445.16
05/10/2025 12:05,5480.51
05/10/2025 12:10,5203.3
05/10/2025 12:15,5375.68
05/10/2025 12:20,5314.75
05/10/2025 12:25,5433.49
05/10/2025 12:30,5339.37
05/10/2025 12:35,5302.39
05/10/2025 12:40,5339.46
05/10/2025 12:45,5317.77
05/10/2025 12:50,5335.77
05/10/2025 12:55,5269.05
05/10/2025 13:00,5251.47
05/10/2025 13:05,5238.84
05/10/2025 13:10,5462.13
05/10/2025 13:15,5145.97
05/10/2025 13:20,5311.8
05/10/2025 13:25,5196.82
05/10/2025 13:30,5246.6
05/10/2025 13:35,5279.63
05/10/2025 13:40,5280.69
05/10/2025 13:45,5307.74
05/10/2025 13:50,5246.98
05/10/2025 13:55,5212.75
05/10/2025 14:00,5549.65
05/10/2025 14:05,5331.69
05/10/2025 14:10,5253.94
05/10/2025 14:15,5241.37
05/10/2025 14:20,5449.03
05/10/2025 14:25,5306.33
05/10/2025 14:30,5366.71
05/10/2025 14:35,5335.47
05/10/2025 14:40,5185.65
05/10/2025 14:45,5051.85
05/10/2025 14:50,5296.28
05/10/2025 14:55,5355.52
05/10/2025 15:00,5318.41
05/10/2025 15:05,5125.03
05/10/2025 15:10,5346.77
05/10/2025 15:15,5343.69
05/10/2025 15:20,5346.69
05/10/2025 15:25,5300.49
05/10/2025 15:30,5409.13
05/10/2025 15:35,5362.77
05/10/2025 15:40,5330.83
05/10/2025 15:45,5454.11
05/10/2025 15:50,5374.85
05/10/2025 15:55,5391.42
05/10/2025 16:00,5296.37
05/10/2025 16:05,5557.41
05/10/2025 16:10,5546.78
05/10/2025 16:15,5373.21
05/10/2025 16:20,5602.52
05/10/2025 16:25,5476.61
05/10/2025 16:30,5460.71
05/10/2025 16:35,5662.94
05/10/2025 16:40,5575.87
05/10/2025 16:45,5645.9
05/10/2025 16:50,5447.29
05/10/2025 16:55,5640.21
05/10/2025 17:00,5638.99
05/10/2025 17:05,5711.52
05/10/2025 17:10,5743.85
05/10/2025 17:15,5587.9
05/10/2025 17:20,5732.08
05/10/2025 17:25,5669.26
05/10/2025 17:30,5581.55
05/10/2025 17:35,5736.57
05/10/2025 17:40,5829.45
05/10/2025 17:45,5550.69
05/10/2025 17:50,5948.5
05/10/2025 17:55,5824.51
05/10/2025 18:00,6105.8
05/10/2025 18:05,6320.03
05/10/2025 18:10,6284.18
05/10/2025 18:15,6442.46
05/10/2025 18:20,6364.21
05/10/2025 18:25,6391.0
05/10/2025 18:30,6451.41
05/10/2025 18:35,6498.08
05/10/2025 18:40,6626.56
05/10/2025 18:45,6506.66
05/10/2025 18:50,6451.14
05/10/2025 18:55,6615.64
05/10/2025 19:00,6617.41
05/10/2025 19:05,6604.19
05/10/2025 19:10,6796.56
05/10/2025 19:15,6566.14
05/10/2025 19:20,6730.88
05/10/2025 19:25,6594.28
05/10/2025 19:30,6638.15
05/10/2025 19:35,6582.29
05/10/2025 19:40,6548.2
05/10/2025 19:45,6679.96
05/10/2025 19:50,6539.49
05/10/2025 19:55,6434.8
05/10/2025 20:00,6589.26
05/10/2025 20:05,6507.77
05/10/2025 20:10,6592.39
05/10/2025 20:15,6562.68
05/10/2025 20:20,6375.66
05/10/2025 20:25,6491.27
05/10/2025 20:30,6464.45
05/10/2025 20:35,6484.91
05/10/2025 20:40,6270.22
05/10/2025 20:45,6068.16
05/10/2025 20:50,6302.4
05/10/2025 20:55,6276.58
05/10/2025 21:00,5827.02
05/10/2025 21:05,5821.03
05/10/2025 21:10,5804.23
05/10/2025 21:15,5854.83
05/10/2025 21:20,5750.68
05/10/2025 21:25,5933.49
05/10/2025 21:30,5757.65
05/10/2025 21:35,5616.49
05/10/2025 21:40,5616.84
05/10/2025 21:45,5416.53
05/10/2025 21:50,5688.38
05/10/2025 21:55,5393.6
05/10/2025 22:00,5384.31
05/10/2025 22:05,5557.41
05/10/2025 22:10,5421.7
05/10/2025 22:15,5435.74
05/10/2025 22:20,5272.17
05/10/2025 22:25,5079.95
05/10/2025 22:30,5145.16
05/10/2025 22:35,5057.99
05/10/2025 22:40,5022.2
05/10/2025 22:45,5140.33
05/10/2025 22:50,4953.64
05/10/2025 22:55,5050.77
05/10/2025 23:00,5055.33
05/10/2025 23:05,5033.64
05/10/2025 23:10,4955.79
05/10/2025 23:15,4827.72
05/10/2025 23:20,4844.35
05/10/2025 23:25,4764.24
05/10/2025 23:30,4762.08
05/10/2025 23:35,4522.15
05/10/2025 23:40,4764.47
05/10/2025 23:45,4643.36
05/10/2025 23:50,4675.73
05/10/2025 23:55,4320.92
06/10/2025 00:00,4707.2
06/10/2025 00:05,4591.15
06/10/2025 00:10,4718.29
06/10/2025 00:15,4558.65
06/10/2025 00:20,4563.79
06/10/2025 00:25,4624.37
06/10/2025 00:30,4599.34
06/10/2025 00:35,4519.72
06/10/2025 00:40,4478.38
06/10/2025 00:45,4494.68
06/10/2025 00:50,4440.82
06/10/2025 00:55,4477.7
06/10/2025 01:00,4349.53
06/10/2025 01:05,4502.52
06/10/2025 01:10,4327.39
06/10/2025 01:15,4363.02
06/10/2025 01:20,4470.24
06/10/2025 01:25,4279.08
06/10/2025 01:30,4379.91
06/10/2025 01:35,4330.79
06/10/2025 01:40,4274.7
06/10/2025 01:45,4222.97
06/10/2025 01:50,4165.58
06/10/2025 01:55,4288.91
06/10/2025 02:00,3828.81
06/10/2025 02:05,3797.89
06/10/2025 02:10,3924.44
06/10/2025 02:15,3711.4
06/10/2025 02:20,3861.82
06/10/2025 02:25,3815.99
06/10/2025 02:30,3858.51
06/10/2025 02:35,3950.61
06/10/2025 02:40,3798.75
06/10/2025 02:45,3781.09
06/10/2025 02:50,3772.66
06/10/2025 02:55,3852.71
06/10/2025 03:00,3748.41
06/10/2025 03:05,3697.06
06/10/2025 03:10,3788.66
06/10/2025 03:15,3694.22
06/10/2025 03:20,3750.93
06/10/2025 03:25,3866.88
06/10/2025 03:30,3927.92
06/10/2025 03:35,3866.58
06/10/2025 03:40,3773.52
06/10/2025 03:45,3830.05
06/10/2025 03:50,3757.47
06/10/2025 03:55,3902.79
06/10/2025 04:00,3757.33
06/10/2025 04:05,3779.56
06/10/2025 04:10,3926.99
06/10/2025 04:15,3806.41
06/10/2025 04:20,3839.55
06/10/2025 04:25,3781.77
06/10/2025 04:30,3882.31
06/10/2025 04:35,3874.27
06/10/2025 04:40,3791.75
06/10/2025 04:45,3638.29
06/10/2025 04:50,3771.57
06/10/2025 04:55,3683.7
06/10/2025 05:00,4094.52
06/10/2025 05:05,4007.25
06/10/2025 05:10,4007.98
06/10/2025 05:15,4387.02
06/10/2025 05:20,4262.44
06/10/2025 05:25,4287.73
06/10/2025 05:30,4254.26
06/10/2025 05:35,4246.13
06/10/2025 05:40,4374.52
06/10/2025 05:45,4489.63
06/10/2025 05:50,4376.58
06/10/2025 05:55,4452.73
06/10/2025 06:00,4342.22
06/10/2025 06:05,4434.22
06/10/2025 06:10,4361.72
06/10/2025 06:15,4536.15
06/10/2025 06:20,4509.03
06/10/2025 06:25,4493.02
06/10/2025 06:30,4553.48
06/10/2025 06:35,4563.33
06/10/2025 06:40,4723.73
06/10/2025 06:45,4674.01
06/10/2025 06:50,4818.94
06/10/2025 06:55,4875.39
06/10/2025 07:00,4680.71
06/10/2025 07:05,5002.06
06/10/2025 07:10,5058.15
06/10/2025 07:15,4848.6
06/10/2025 07:20,4882.89
06/10/2025 07:25,5059.03
06/10/2025 07:30,5192.16
06/10/2025 07:35,5115.31
06/10/2025 07:40,5253.29
06/10/2025 07:45,5301.09
06/10/2025 07:50,5269.05
06/10/2025 07:55,5432.05
06/10/2025 08:00,5432.57
06/10/2025 08:05,5374.16
06/10/2025 08:10,5420.35
06/10/2025 08:15,5526.41
06/10/2025 08:20,5545.19
06/10/2025 08:25,5563.18
06/10/2025 08:30,5726.52
06/10/2025 08:35,5805.12
06/10/2025 08:40,5630.62
06/10/2025 08:45,5720.69
06/10/2025 08:50,5782.14
06/10/2025 08:55,5784.35
06/10/2025 09:00,5857.44
06/10/2025 09:05,5631.59
06/10/2025 09:10,5582.21
06/10/2025 09:15,5701.13
06/10/2025 09:20,5859.03
06/10/2025 09:25,5817.5
06/10/2025 09:30,5795.87
06/10/2025 09:35,5864.27
06/10/2025 09:40,5808.47
06/10/2025 09:45,6038.05
06/10/2025 09:50,5838.74
06/10/2025 09:55,5929.76
06/10/2025 10:00,5848.4
06/10/2025 10:05,5879.13
06/10/2025 10:10,5953.87
06/10/2025 10:15,6006.08
06/10/2025 10:20,5895.46
06/10/2025 10:25,6062.62
06/10/2025 10:30,6096.43
06/10/2025 10:35,5956.5
06/10/2025 10:40,5893.09
06/10/2025 10:45,5986.22
06/10/2025 10:50,5955.61
06/10/2025 10:55,5896.97
06/10/2025 11:00,5745.46
06/10/2025 11:05,5955.84
06/10/2025 11:10,5897.01
06/10/2025 11:15,5892.08
06/10/2025 11:20,5756.33
06/10/2025 11:25,5800.76
06/10/2025 11:30,5904.91
06/10/2025 11:35,5859.91
06/10/2025 11:40,5773.38
06/10/2025 11:45,5794.66
06/10/2025 11:50,5699.38
06/10/2025 11:55,5654.44
06/10/2025 12:00,5693.03
06/10/2025 12:05,5738.7
06/10/2025 12:10,5369.93
06/10/2025 12:15,5770.53
06/10/2025 12:20,5758.19
06/10/2025 12:25,5637.03
06/10/2025 12:30,5734.96
06/10/2025 12:35,5517.78
06/10/2025 12:40,5638.45
06/10/2025 12:45,5575.93
06/10/2025 12:50,5538.07
06/10/2025 12:55,5540.69
06/10/2025 13:00,5596.58
06/10/2025 13:05,5571.1
06/10/2025 13:10,5606.65
06/10/2025 13:15,5731.52
06/10/2025 13:20,5750.57
06/10/2025 13:25,5610.35
06/10/2025 13:30,5694.05
06/10/2025 13:35,5552.92
06/10/2025 13:40,5614.8
06/10/2025 13:45,5697.98
06/10/2025 13:50,5434.26
06/10/2025 13:55,5533.4
06/10/2025 14:00,5486.25
06/10/2025 14:05,5571.76
06/10/2025 14:10,5523.93
06/10/2025 14:15,5512.48
06/10/2025 14:20,5453.05
06/10/2025 14:25,5570.5
06/10/2025 14:30,5359.5
06/10/2025 14:35,5499.95
06/10/2025 14:40,5446.82
06/10/2025 14:45,5421.44
06/10/2025 14:50,5609.92
06/10/2025 14:55,5362.31
06/10/2025 15:00,5537.39
06/10/2025 15:05,5459.11
06/10/2025 15:10,5471.52
06/10/2025 15:15,5504.4
06/10/2025 15:20,5560.24
06/10/2025 15:25,5595.32
06/10/2025 15:30,5569.44
06/10/2025 15:35,5655.61
06/10/2025 15:40,5553.24
06/10/2025 15:45,5696.5
06/10/2025 15:50,5556.56
06/10/2025 15:55,5758.02
06/10/2025 16:00,5789.55
06/10/2025 16:05,5767.34
06/10/2025 16:10,5702.95
06/10/2025 16:15,5680.84
06/10/2025 16:20,5678.59
06/10/2025 16:25,5749.42
06/10/2025 16:30,5745.59
06/10/2025 16:35,5756.1
06/10/2025 16:40,5934.64
06/10/2025 16:45,5768.32
06/10/2025 16:50,5834.91
06/10/2025 16:55,5750.81
06/10/2025 17:00,5833.59
06/10/2025 17:05,5885.13
06/10/2025 17:10,5928.9
06/10/2025 17:15,5929.92
06/10/2025 17:20,5910.79
06/10/2025 17:25,6004.7
06/10/2025 17:30,5991.49
06/10/2025 17:35,5982.5
06/10/2025 17:40,5841.42
06/10/2025 17:45,5934.44
06/10/2025 17:50,5985.99
06/10/2025 17:55,6072.56
06/10/2025 18:00,6528.26
06/10/2025 18:05,6594.75
06/10/2025 18:10,6609.7
06/10/2025 18:15,6646.13
06/10/2025 18:20,6532.06
06/10/2025 18:25,6646.81
06/10/2025 18:30,6714.77
06/10/2025 18:35,6723.38
06/10/2025 18:40,6809.85
06/10/2025 18:45,6742.83
06/10/2025 18:50,6704.05
06/10/2025 18:55,6700.48
06/10/2025 19:00,6911.59
06/10/2025 19:05,6821.88
06/10/2025 19:10,6803.13
06/10/2025 19:15,6675.38
06/10/2025 19:20,6883.64
06/10/2025 19:25,6855.13
06/10/2025 19:30,6812.03
06/10/2025 19:35,6965.88
06/10/2025 19:40,6904.24
06/10/2025 19:45,7005.24
06/10/2025 19:50,6859.29
06/10/2025 19:55,6739.62
06/10/2025 20:00,6612.2
06/10/2025 20:05,6909.46
06/10/2025 20:10,6821.71
06/10/2025 20:15,6815.21
06/10/2025 20:20,6670.42
06/10/2025 20:25,6727.39
06/10/2025 20:30,6674.63
06/10/2025 20:35,6709.1
06/10/2025 20:40,6517.34
06/10/2025 20:45,6584.28
06/10/2025 20:50,6489.65
06/10/2025 20:55,6517.72
06/10/2025 21:00,6087.19
06/10/2025 21:05,6010.68
06/10/2025 21:10,6050.3
06/10/2025 21:15,6146.18
06/10/2025 21:20,5973.39
06/10/2025 21:25,6062.61
06/10/2025 21:30,6000.13
06/10/2025 21:35,5866.43
06/10/2025 21:40,5905.84
06/10/2025 21:45,5901.62
06/10/2025 21:50,5784.3
06/10/2025 21:55,5733.46
06/10/2025 22:00,5610.62
06/10/2025 22:05,5644.67
06/10/2025 22:10,5624.04
06/10/2025 22:15,5511.62
06/10/2025 22:20,5489.32
06/10/2025 22:25,5611.32
06/10/2025 22:30,5435.21
06/10/2025 22:35,5351.72
06/10/2025 22:40,5345.51
06/10/2025 22:45,5249.83
06/10/2025 22:50,5233.29
06/10/2025 22:55,5257.52
06/10/2025 23:00,5210.14
06/10/2025 23:05,5147.54
06/10/2025 23:10,5112.18
06/10/2025 23:15,4997.08
06/10/2025 23:20,5141.3
06/10/2025 23:25,5088.19
06/10/2025 23:30,5021.32
06/10/2025 23:35,4911.44
06/10/2025 23:40,4840.22
06/10/2025 23:45,4822.19
06/10/2025 23:50,4811.59
06/10/2025 23:55,4523.01
07/10/2025 00:00,4775.92
07/10/2025 00:05,4588.68
07/10/2025 00:10,4601.05
07/10/2025 00:15,4752.79
07/10/2025 00:20,4609.85
07/10/2025 00:25,4580.54
07/10/2025 00:30,4590.11
07/10/2025 00:35,4506.01
07/10/2025 00:40,4537.67
07/10/2025 00:45,4418.11
07/10/2025 00:50,4475.85
07/10/2025 00:55,4427.2
07/10/2025 01:00,4437.28
07/10/2025 01:05,4463.85
07/10/2025 01:10,4327.17
07/10/2025 01:15,4292.28
07/10/2025 01:20,4397.4
07/10/2025 01:25,4512.31
07/10/2025 01:30,4398.2
07/10/2025 01:35,4386.74
07/10/2025 01:40,4238.75
07/10/2025 01:45,4237.62
07/10/2025 01:50,4364.46
07/10/2025 01:55,4286.82
07/10/2025 02:00,3927.82
07/10/2025 02:05,3825.81
07/10/2025 02:10,3821.41
07/10/2025 02:15,4012.04
07/10/2025 02:20,3924.57
07/10/2025 02:25,3731.36
07/10/2025 02:30,3802.9
07/10/2025 02:35,3876.01
07/10/2025 02:40,3733.49
07/10/2025 02:45,3841.77
07/10/2025 02:50,3743.66
07/10/2025 02:55,3704.72
07/10/2025 03:00,3813.04
07/10/2025 03:05,3773.23
07/10/2025 03:10,3573.51
07/10/2025 03:15,3730.64
07/10/2025 03:20,3720.59
07/10/2025 03:25,3709.59
07/10/2025 03:30,3629.8
07/10/2025 03:35,3686.47
07/10/2025 03:40,3854.32
07/10/2025 03:45,3975.54
07/10/2025 03:50,3876.83
07/10/2025 03:55,3746.87
07/10/2025 04:00,3803.38
07/10/2025 04:05,3840.28
07/10/2025 04:10,3870.73
07/10/2025 04:15,3715.48
07/10/2025 04:20,3637.72
07/10/2025 04:25,3690.3
07/10/2025 04:30,3668.16
07/10/2025 04:35,3847.13
07/10/2025 04:40,3909.22
07/10/2025 04:45,3683.14
07/10/2025 04:50,3766.87
07/10/2025 04:55,3609.22
07/10/2025 05:00,4021.46
07/10/2025 05:05,3945.84
07/10/2025 05:10,3970.32
07/10/2025 05:15,4194.12
07/10/2025 05:20,4153.05
07/10/2025 05:25,4158.42
07/10/2025 05:30,4275.1
07/10/2025 05:35,4495.85
07/10/2025 05:40,4193.11
07/10/2025 05:45,4191.11
07/10/2025 05:50,4360.57
07/10/2025 05:55,4241.91
07/10/2025 06:00,4643.11
07/10/2025 06:05,4300.27
07/10/2025 06:10,4496.33
07/10/2025 06:15,4531.12
07/10/2025 06:20,4558.97
07/10/2025 06:25,4487.17
07/10/2025 06:30,4593.63
07/10/2025 06:35,4573.3
07/10/2025 06:40,4552.41
07/10/2025 06:45,4617.75
07/10/2025 06:50,4623.99
07/10/2025 06:55,4822.32
07/10/2025 07:00,4754.23
07/10/2025 07:05,4698.73
07/10/2025 07:10,4894.92
07/10/2025 07:15,5042.56
07/10/2025 07:20,5078.96
07/10/2025 07:25,5221.01
07/10/2025 07:30,5099.71
07/10/2025 07:35,5044.86
07/10/2025 07:40,5225.64
07/10/2025 07:45,5164.98
07/10/2025 07:50,5212.75
07/10/2025 07:55,5333.72
07/10/2025 08:00,5469.45
07/10/2025 08:05,5451.63
07/10/2025 08:10,5431.24
07/10/2025 08:15,5524.49
07/10/2025 08:20,5646.11
07/10/2025 08:25,5481.33
07/10/2025 08:30,5547.68
07/10/2025 08:35,5634.05
07/10/2025 08:40,5703.09
07/10/2025 08:45,5751.47
07/10/2025 08:50,5677.26
07/10/2025 08:55,5848.49
07/10/2025 09:00,5726.24
07/10/2025 09:05,5776.67
07/10/2025 09:10,5699.38
07/10/2025 09:15,5700.29
07/10/2025 09:20,5897.44
07/10/2025 09:25,5872.04
07/10/2025 09:30,5872.59
07/10/2025 09:35,5936.9
07/10/2025 09:40,5837.38
07/10/2025 09:45,5878.26
07/10/2025 09:50,5906.09
07/10/2025 09:55,5856.89
07/10/2025 10:00,5819.63
07/10/2025 10:05,5943.72
07/10/2025 10:10,6034.86
07/10/2025 10:15,5845.8
07/10/2025 10:20,5937.79
07/10/2025 10:25,6080.83
07/10/2025 10:30,6053.34
07/10/2025 10:35,6020.78
07/10/2025 10:40,5943.51
07/10/2025 10:45,5907.43
07/10/2025 10:50,5989.63
07/10/2025 10:55,5999.3
07/10/2025 11:00,5828.93
07/10/2025 11:05,5857.17
07/10/2025 11:10,5943.89
07/10/2025 11:15,5841.47
07/10/2025 11:20,5938.58
07/10/2025 11:25,5886.86
07/10/2025 11:30,5720.05
07/10/2025 11:35,5765.43
07/10/2025 11:40,5865.65
07/10/2025 11:45,5713.79
07/10/2025 11:50,5808.52
07/10/2025 11:55,5716.19
07/10/2025 12:00,5707.9
07/10/2025 12:05,5624.54
07/10/2025 12:10,5669.38
07/10/2025 12:15,5571.98
07/10/2025 12:20,5630.3
07/10/2025 12:25,5680.66
07/10/2025 12:30,5488.08
07/10/2025 12:35,5539.37
07/10/2025 12:40,5549.39
07/10/2025 12:45,5636.5
07/10/2025 12:50,5650.89
07/10/2025 12:55,5534.13
07/10/2025 13:00,5634.57
07/10/2025 13:05,5679.14
07/10/2025 13:10,5558.28
07/10/2025 13:15,5417.79
07/10/2025 13:20,5516.53
07/10/2025 13:25,5549.77
07/10/2025 13:30,5539.16
07/10/2025 13:35,5570.88
07/10/2025 13:40,5484.35
07/10/2025 13:45,5452.47
07/10/2025 13:50,5492.99
07/10/2025 13:55,5621.32
07/10/2025 14:00,5425.63
07/10/2025 14:05,5612.62
07/10/2025 14:10,5568.77
07/10/2025 14:15,5497.13
07/10/2025 14:20,5528.69
07/10/2025 14:25,5504.26
07/10/2025 14:30,5519.57
07/10/2025 14:35,5562.35
07/10/2025 14:40,5486.83
07/10/2025 14:45,5526.5
07/10/2025 14:50,5369.0
07/10/2025 14:55,5440.42
07/10/2025 15:00,5452.76
07/10/2025 15:05,5553.95
07/10/2025 15:10,5553.98
07/10/2025 15:15,5597.9
07/10/2025 15:20,5546.08
07/10/2025 15:25,5582.84
07/10/2025 15:30,5569.87
07/10/2025 15:35,5519.07
07/10/2025 15:40,5592.89
07/10/2025 15:45,5653.99
07/10/2025 15:50,5754.5
07/10/2025 15:55,5675.25
07/10/2025 16:00,5547.41
07/10/2025 16:05,5809.94
07/10/2025 16:10,5658.69
07/10/2025 16:15,5733.78
07/10/2025 16:20,5734.19
07/10/2025 16:25,5754.68
07/10/2025 16:30,5766.7
07/10/2025 16:35,5641.62
07/10/2025 16:40,5765.63
07/10/2025 16:45,5769.52
07/10/2025 16:50,5880.58
07/10/2025 16:55,6008.55
07/10/2025 17:00,5914.2
07/10/2025 17:05,5994.5
07/10/2025 17:10,5895.38
07/10/2025 17:15,5756.47
07/10/2025 17:20,6003.77
07/10/2025 17:25,5903.89
07/10/2025 17:30,5967.33
07/10/2025 17:35,5906.43
07/10/2025 17:40,5891.63
07/10/2025 17:45,6012.74
07/10/2025 17:50,5978.12
07/10/2025 17:55,5958.94
07/10/2025 18:00,6609.33
07/10/2025 18:05,6417.29
07/10/2025 18:10,6479.42
07/10/2025 18:15,6545.25
07/10/2025 18:20,6499.94
07/10/2025 18:25,6640.87
07/10/2025 18:30,6560.36
07/10/2025 18:35,6727.88
07/10/2025 18:40,6702.6
07/10/2025 18:45,6689.11
07/10/2025 18:50,6791.61
07/10/2025 18:55,6933.95
07/10/2025 19:00,6881.51
07/10/2025 19:05,6712.34
07/10/2025 19:10,6792.88
07/10/2025 19:15,6810.36
07/10/2025 19:20,6909.18
07/10/2025 19:25,6862.37
07/10/2025 19:30,6709.53
07/10/2025 19:35,6869.03
07/10/2025 19:40,6787.04
07/10/2025 19:45,6883.19
07/10/2025 19:50,6982.2
07/10/2025 19:55,6800.53
07/10/2025 20:00,6774.17
07/10/2025 20:05,6828.2
07/10/2025 20:10,6751.58
07/10/2025 20:15,6839.02
07/10/2025 20:20,6817.51
07/10/2025 20:25,6691.94
07/10/2025 20:30,6556.62
07/10/2025 20:35,6652.69
07/10/2025 20:40,6696.13
07/10/2025 20:45,6588.03
07/10/2025 20:50,6631.15
07/10/2025 20:55,6587.15
07/10/2025 21:00,6191.41
07/10/2025 21:05,6153.72
07/10/2025 21:10,6188.63
07/10/2025 21:15,6223.86
07/10/2025 21:20,6045.26
07/10/2025 21:25,5973.55
07/10/2025 21:30,5924.84
07/10/2025 21:35,5764.5
07/10/2025 21:40,5780.36
07/10/2025 21:45,5955.79
07/10/2025 21:50,5660.77
07/10/2025 21:55,5870.88
07/10/2025 22:00,5664.33
07/10/2025 22:05,5625.06
07/10/2025 22:10,5673.11
07/10/2025 22:15,5407.9
07/10/2025 22:20,5495.05
07/10/2025 22:25,5607.68
07/10/2025 22:30,5431.74
07/10/2025 22:35,5347.62
07/10/2025 22:40,5267.66
07/10/2025 22:45,5232.98
07/10/2025 22:50,5345.62
07/10/2025 22:55,5135.28
07/10/2025 23:00,5222.77
07/10/2025 23:05,5097.59
07/10/2025 23:10,5174.87
07/10/2025 23:15,5180.04
07/10/2025 23:20,4875.52
07/10/2025 23:25,5072.04
07/10/2025 23:30,4919.04
07/10/2025 23:35,4996.18
07/10/2025 23:40,4859.65
07/10/2025 23:45,4937.24
07/10/2025 23:50,4795.92
07/10/2025 23:55,4721.61
08/10/2025 00:00,4660.8
08/10/2025 00:05,4651.91
08/10/2025 00:10,4638.52
08/10/2025 00:15,4657.3
08/10/2025 00:20,4490.13
08/10/2025 00:25,4663.58
08/10/2025 00:30,4420.39
08/10/2025 00:35,4646.81
08/10/2025 00:40,4554.72
08/10/2025 00:45,4423.32
08/10/2025 00:50,4396.76
08/10/2025 00:55,4487.34
08/10/2025 01:00,4424.35
08/10/2025 01:05,4341.0
08/10/2025 01:10,4358.19
08/10/2025 01:15,4301.08
08/10/2025 01:20,4472.92
08/10/2025 01:25,4507.85
08/10/2025 01:30,4297.92
08/10/2025 01:35,4371.51
08/10/2025 01:40,4314.2
08/10/2025 01:45,4351.42
08/10/2025 01:50,4226.75
08/10/2025 01:55,4215.91
08/10/2025 02:00,3831.12
08/10/2025 02:05,3892.03
08/10/2025 02:10,3817.05
08/10/2025 02:15,3683.9
08/10/2025 02:20,3735.24
08/10/2025 02:25,3723.13
08/10/2025 02:30,3650.18
08/10/2025 02:35,3956.7
08/10/2025 02:40,3891.49
08/10/2025 02:45,3732.98
08/10/2025 02:50,3844.31
08/10/2025 02:55,3845.91
08/10/2025 03:00,3710.67
08/10/2025 03:05,3750.69
08/10/2025 03:10,3782.23
08/10/2025 03:15,3764.72
08/10/2025 03:20,3671.88
08/10/2025 03:25,3893.63
08/10/2025 03:30,3921.7
08/10/2025 03:35,3646.78
08/10/2025 03:40,3784.35
08/10/2025 03:45,3785.2
08/10/2025 03:50,3840.56
08/10/2025 03:55,3682.76
08/10/2025 04:00,3884.12
08/10/2025 04:05,3975.53
08/10/2025 04:10,3709.21
08/10/2025 04:15,3741.41
08/10/2025 04:20,3980.0
08/10/2025 04:25,3791.87
08/10/2025 04:30,3698.75
08/10/2025 04:35,3718.63
08/10/2025 04:40,3895.16
08/10/2025 04:45,3782.27
08/10/2025 04:50,3790.64
08/10/2025 04:55,3657.35
08/10/2025 05:00,4060.85
08/10/2025 05:05,3991.37
08/10/2025 05:10,4095.09
08/10/2025 05:15,4192.4
08/10/2025 05:20,4159.48
08/10/2025 05:25,4123.61
08/10/2025 05:30,4336.14
08/10/2025 05:35,4279.23
08/10/2025 05:40,4269.16
08/10/2025 05:45,4333.67
08/10/2025 05:50,4525.28
08/10/2025 05:55,4461.38
08/10/2025 06:00,4352.28
08/10/2025 06:05,4361.05
08/10/2025 06:10,4422.59
08/10/2025 06:15,4540.12
08/10/2025 06:20,4463.64
08/10/2025 06:25,4631.91
08/10/2025 06:30,4662.55
08/10/2025 06:35,4694.07
08/10/2025 06:40,4718.73
08/10/2025 06:45,4673.05
08/10/2025 06:50,4807.66
08/10/2025 06:55,4813.44
08/10/2025 07:00,4775.38
08/10/2025 07:05,4819.71
08/10/2025 07:10,4879.75
08/10/2025 07:15,4891.82
08/10/2025 07:20,5021.33
08/10/2025 07:25,4996.21
08/10/2025 07:30,5173.28
08/10/2025 07:35,5285.79
08/10/2025 07:40,5266.76
08/10/2025 07:45,5279.05
08/10/2025 07:50,5363.87
08/10/2025 07:55,5374.86
08/10/2025 08:00,5409.58
08/10/2025 08:05,5468.81
08/10/2025 08:10,5417.35
08/10/2025 08:15,5528.36
08/10/2025 08:20,5561.73
08/10/2025 08:25,5607.66
08/10/2025 08:30,5740.08
08/10/2025 08:35,5602.24
08/10/2025 08:40,5753.4
08/10/2025 08:45,5803.91
08/10/2025 08:50,5740.22
08/10/2025 08:55,5857.95
08/10/2025 09:00,5638.99
08/10/2025 09:05,5685.88
08/10/2025 09:10,5763.17
08/10/2025 09:15,5819.15
08/10/2025 09:20,5837.16
08/10/2025 09:25,5855.08
08/10/2025 09:30,5847.44
08/10/2025 09:35,5722.09
08/10/2025 09:40,5824.9
08/10/2025 09:45,5733.83
08/10/2025 09:50,5920.73
08/10/2025 09:55,5876.5
08/10/2025 10:00,5898.84
08/10/2025 10:05,5877.6
08/10/2025 10:10,5895.18
08/10/2025 10:15,5978.73
08/10/2025 10:20,6051.58
08/10/2025 10:25,5842.95
08/10/2025 10:30,6044.25
08/10/2025 10:35,6271.01
08/10/2025 10:40,5954.67
08/10/2025 10:45,5928.78
08/10/2025 10:50,6019.32
08/10/2025 10:55,6046.13
08/10/2025 11:00,5828.06
08/10/2025 11:05,5895.96
08/10/2025 11:10,5798.42
08/10/2025 11:15,5993.68
08/10/2025 11:20,5735.91
08/10/2025 11:25,5953.02
08/10/2025 11:30,5672.11
08/10/2025 11:35,5738.01
08/10/2025 11:40,5856.17
08/10/2025 11:45,5633.89
08/10/2025 11:50,5846.0
08/10/2025 11:55,5680.42
08/10/2025 12:00,5543.42
08/10/2025 12:05,5734.24
08/10/2025 12:10,5523.87
08/10/2025 12:15,5728.31
08/10/2025 12:20,5533.99
08/10/2025 12:25,5666.47
08/10/2025 12:30,5631.06
08/10/2025 12:35,5611.71
08/10/2025 12:40,5628.08
08/10/2025 12:45,5653.39
08/10/2025 12:50,5591.83
08/10/2025 12:55,5572.23
08/10/2025 13:00,5606.35
08/10/2025 13:05,5548.77
08/10/2025 13:10,5494.65
08/10/2025 13:15,5536.78
08/10/2025 13:20,5529.69
08/10/2025 13:25,5565.07
08/10/2025 13:30,5599.62
08/10/2025 13:35,5731.07
08/10/2025 13:40,5429.43
08/10/2025 13:45,5548.11
08/10/2025 13:50,5505.96
08/10/2025 13:55,5483.07
08/10/2025 14:00,5581.41
08/10/2025 14:05,5576.88
08/10/2025 14:10,5421.58
08/10/2025 14:15,5441.52
08/10/2025 14:20,5645.16
08/10/2025 14:25,5396.64
08/10/2025 14:30,5583.58
08/10/2025 14:35,5580.45
08/10/2025 14:40,5331.73
08/10/2025 14:45,5526.18
08/10/2025 14:50,5476.48
08/10/2025 14:55,5493.4
08/10/2025 15:00,5456.2
08/10/2025 15:05,5439.68
08/10/2025 15:10,5527.18
08/10/2025 15:15,5495.62
08/10/2025 15:20,5516.68
08/10/2025 15:25,5567.53
08/10/2025 15:30,5446.12
08/10/2025 15:35,5518.3
08/10/2025 15:40,5550.61
08/10/2025 15:45,5614.47
08/10/2025 15:50,5642.99
08/10/2025 15:55,5675.24
08/10/2025 16:00,5699.46
08/10/2025 16:05,5664.3
08/10/2025 16:10,5826.14
08/10/2025 16:15,5811.32
08/10/2025 16:20,5724.62
08/10/2025 16:25,5774.53
08/10/2025 16:30,5835.0
08/10/2025 16:35,5616.41
08/10/2025 16:40,5763.36
08/10/2025 16:45,5733.47
08/10/2025 16:50,5733.59
08/10/2025 16:55,5802.09
08/10/2025 17:00,5830.49
08/10/2025 17:05,5953.79
08/10/2025 17:10,5879.47
08/10/2025 17:15,5767.98
08/10/2025 17:20,5927.14
08/10/2025 17:25,5933.43
08/10/2025 17:30,6021.24
08/10/2025 17:35,5992.8
08/10/2025 17:40,5885.51
08/10/2025 17:45,5949.99
08/10/2025 17:50,6012.95
08/10/2025 17:55,5980.24
08/10/2025 18:00,6520.95
08/10/2025 18:05,6633.06
08/10/2025 18:10,6450.25
08/10/2025 18:15,6652.32
08/10/2025 18:20,6531.75
08/10/2025 18:25,6743.35
08/10/2025 18:30,6692.45
08/10/2025 18:35,6728.03
08/10/2025 18:40,6818.9
08/10/2025 18:45,6643.87
08/10/2025 18:50,6784.83
08/10/2025 18:55,6784.77
08/10/2025 19:00,6649.23
08/10/2025 19:05,6803.25
08/10/2025 19:10,6784.25
08/10/2025 19:15,6853.19
08/10/2025 19:20,6816.22
08/10/2025 19:25,6914.81
08/10/2025 19:30,6812.02
08/10/2025 19:35,6763.68
08/10/2025 19:40,6874.89
08/10/2025 19:45,6764.38
08/10/2025 19:50,6919.32
08/10/2025 19:55,6775.97
08/10/2025 20:00,6868.56
08/10/2025 20:05,6810.17
08/10/2025 20:10,6702.78
08/10/2025 20:15,6772.56
08/10/2025 20:20,6654.85
08/10/2025 20:25,6671.27
08/10/2025 20:30,6570.59
08/10/2025 20:35,6714.72
08/10/2025 20:40,6679.14
08/10/2025 20:45,6554.32
08/10/2025 20:50,6714.76
08/10/2025 20:55,6603.51
08/10/2025 21:00,6042.38
08/10/2025 21:05,6141.62
08/10/2025 21:10,6081.68
08/10/2025 21:15,5991.32
08/10/2025 21:20,6100.99
08/10/2025 21:25,6012.18
08/10/2025 21:30,5980.38
08/10/2025 21:35,5871.97
08/10/2025 21:40,5781.28
08/10/2025 21:45,5818.23
08/10/2025 21:50,5743.03
08/10/2025 21:55,5734.9
08/10/2025 22:00,5848.0
08/10/2025 22:05,5519.87
08/10/2025 22:10,5721.89
08/10/2025 22:15,5596.98
08/10/2025 22:20,5570.25
08/10/2025 22:25,5466.68
08/10/2025 22:30,5405.62
08/10/2025 22:35,5371.44
08/10/2025 22:40,5195.57
08/10/2025 22:45,5348.35
08/10/2025 22:50,5197.9
08/10/2025 22:55,5047.0
08/10/2025 23:00,5167.63
08/10/2025 23:05,5059.56
08/10/2025 23:10,5136.22
08/10/2025 23:15,5041.35
08/10/2025 23:20,4959.46
08/10/2025 23:25,5057.32
08/10/2025 23:30,4906.09
08/10/2025 23:35,4938.63
08/10/2025 23:40,4917.49
08/10/2025 23:45,4918.15
08/10/2025 23:50,4749.44
08/10/2025 23:55,4730.29
09/10/2025 00:00,4583.35
09/10/2025 00:05,4514.24
09/10/2025 00:10,4630.45
09/10/2025 00:15,4699.47
09/10/2025 00:20,4620.52
09/10/2025 00:25,4717.99
09/10/2025 00:30,4564.52
09/10/2025 00:35,4306.58
09/10/2025 00:40,4482.01
09/10/2025 00:45,4427.24
09/10/2025 00:50,4524.86
09/10/2025 00:55,4387.61
09/10/2025 01:00,4423.75
09/10/2025 01:05,4414.42
09/10/2025 01:10,4522.01
09/10/2025 01:15,4380.82
09/10/2025 01:20,4383.9
09/10/2025 01:25,4456.05
09/10/2025 01:30,4260.9
09/10/2025 01:35,4375.44
09/10/2025 01:40,4278.0
09/10/2025 01:45,4273.3
09/10/2025 01:50,4099.5
09/10/2025 01:55,4444.14
09/10/2025 02:00,3917.24
09/10/2025 02:05,3822.41
09/10/2025 02:10,3849.48
09/10/2025 02:15,3867.77
09/10/2025 02:20,3762.31
09/10/2025 02:25,3788.94
09/10/2025 02:30,3724.01
09/10/2025 02:35,3819.38
09/10/2025 02:40,3846.69
09/10/2025 02:45,3572.66
09/10/2025 02:50,3886.08
09/10/2025 02:55,3798.34
09/10/2025 03:00,3790.92
09/10/2025 03:05,3863.94
09/10/2025 03:10,3762.28
09/10/2025 03:15,3763.79
09/10/2025 03:20,3840.35
09/10/2025 03:25,3905.9
09/10/2025 03:30,3712.16
09/10/2025 03:35,3946.18
09/10/2025 03:40,3643.79
09/10/2025 03:45,3839.0
09/10/2025 03:50,3705.31
09/10/2025 03:55,3764.71
09/10/2025 04:00,3799.71
09/10/2025 04:05,3640.91
09/10/2025 04:10,3674.69
09/10/2025 04:15,3749.53
09/10/2025 04:20,3824.12
09/10/2025 04:25,3725.24
09/10/2025 04:30,3882.12
09/10/2025 04:35,3781.57
09/10/2025 04:40,3692.63
09/10/2025 04:45,3873.71
09/10/2025 04:50,3832.42
09/10/2025 04:55,3895.4
09/10/2025 05:00,4153.47
09/10/2025 05:05,4125.94
09/10/2025 05:10,4134.67
09/10/2025 05:15,4076.95
09/10/2025 05:20,4177.78
09/10/2025 05:25,4123.41
09/10/2025 05:30,4061.97
09/10/2025 05:35,4156.04
09/10/2025 05:40,4245.92
09/10/2025 05:45,4343.22
09/10/2025 05:50,4302.95
09/10/2025 05:55,4303.8
09/10/2025 06:00,4551.46
09/10/2025 06:05,4517.28
09/10/2025 06:10,4486.36
09/10/2025 06:15,4539.15
09/10/2025 06:20,4680.0
09/10/2025 06:25,4525.16
09/10/2025 06:30,4537.06
09/10/2025 06:35,4687.83
09/10/2025 06:40,4846.42
09/10/2025 06:45,4678.0
09/10/2025 06:50,4773.01
09/10/2025 06:55,4712.69
09/10/2025 07:00,4749.36
09/10/2025 07:05,4974.96
09/10/2025 07:10,5098.98
09/10/2025 07:15,4861.34
09/10/2025 07:20,5086.29
09/10/2025 07:25,5004.94
09/10/2025 07:30,5103.11
09/10/2025 07:35,5252.09
09/10/2025 07:40,5225.89
09/10/2025 07:45,5186.81
09/10/2025 07:50,5191.86
09/10/2025 07:55,5433.09
09/10/2025 08:00,5621.4
09/10/2025 08:05,5418.28
09/10/2025 08:10,5431.11
09/10/2025 08:15,5472.22
09/10/2025 08:20,5551.86
09/10/2025 08:25,5673.63
09/10/2025 08:30,5731.49
09/10/2025 08:35,5702.52
09/10/2025 08:40,5609.81
09/10/2025 08:45,5743.43
09/10/2025 08:50,5741.67
09/10/2025 08:55,5935.38
09/10/2025 09:00,5754.22
09/10/2025 09:05,5619.79
09/10/2025 09:10,5784.07
09/10/2025 09:15,5764.16
09/10/2025 09:20,5832.09
09/10/2025 09:25,5813.34
09/10/2025 09:30,5813.81
09/10/2025 09:35,5790.05
09/10/2025 09:40,5860.08
09/10/2025 09:45,5711.75
09/10/2025 09:50,5929.3
09/10/2025 09:55,5856.08
09/10/2025 10:00,6065.34
09/10/2025 10:05,5799.33
09/10/2025 10:10,5727.9
09/10/2025 10:15,5828.68
09/10/2025 10:20,6015.23
09/10/2025 10:25,5820.39
09/10/2025 10:30,5879.37
09/10/2025 10:35,5880.64
09/10/2025 10:40,5879.82
09/10/2025 10:45,5968.13
09/10/2025 10:50,5921.46
09/10/2025 10:55,5800.03
09/10/2025 11:00,5796.92
09/10/2025 11:05,5723.18
09/10/2025 11:10,5906.67
09/10/2025 11:15,5934.35
09/10/2025 11:20,5822.83
09/10/2025 11:25,5889.56
09/10/2025 11:30,5914.48
09/10/2025 11:35,5831.3
09/10/2025 11:40,5824.58
09/10/2025 11:45,5753.02
09/10/2025 11:50,5872.7
09/10/2025 11:55,5858.29
09/10/2025 12:00,5561.54
09/10/2025 12:05,5527.55
09/10/2025 12:10,5742.0
09/10/2025 12:15,5570.34
09/10/2025 12:20,5531.53
09/10/2025 12:25,5698.39
09/10/2025 12:30,5568.41
09/10/2025 12:35,5511.23
09/10/2025 12:40,5529.27
09/10/2025 12:45,5467.89
09/10/2025 12:50,5657.06
09/10/2025 12:55,5568.35
09/10/2025 13:00,5624.49
09/10/2025 13:05,5635.34
09/10/2025 13:10,5491.79
09/10/2025 13:15,5417.37
09/10/2025 13:20,5587.51
09/10/2025 13:25,5804.87
09/10/2025 13:30,5610.53
09/10/2025 13:35,5479.25
09/10/2025 13:40,5539.65
09/10/2025 13:45,5557.56
09/10/2025 13:50,5508.99
09/10/2025 13:55,5457.87
09/10/2025 14:00,5605.97
09/10/2025 14:05,5544.97
09/10/2025 14:10,5555.36
09/10/2025 14:15,5461.41
09/10/2025 14:20,5529.33
09/10/2025 14:25,5546.78
09/10/2025 14:30,5578.87
09/10/2025 14:35,5356.74
09/10/2025 14:40,5424.15
09/10/2025 14:45,5621.74
09/10/2025 14:50,5320.64
09/10/2025 14:55,5332.59
09/10/2025 15:00,5385.01
09/10/2025 15:05,5478.07
09/10/2025 15:10,5653.01
09/10/2025 15:15,5618.91
09/10/2025 15:20,5630.08
09/10/2025 15:25,5552.7
09/10/2025 15:30,5599.2
09/10/2025 15:35,5553.31
09/10/2025 15:40,5697.46
09/10/2025 15:45,5775.87
09/10/2025 15:50,5591.44
09/10/2025 15:55,5775.82
09/10/2025 16:00,5685.21
09/10/2025 16:05,5663.16
09/10/2025 16:10,5817.55
09/10/2025 16:15,5712.79
09/10/2025 16:20,5809.1
09/10/2025 16:25,5728.64
09/10/2025 16:30,5786.8
09/10/2025 16:35,5824.62
09/10/2025 16:40,5980.71
09/10/2025 16:45,5910.68
09/10/2025 16:50,5852.93
09/10/2025 16:55,5860.47
09/10/2025 17:00,5748.53
09/10/2025 17:05,5738.26
09/10/2025 17:10,5820.01
09/10/2025 17:15,5979.22
09/10/2025 17:20,5864.31
09/10/2025 17:25,5983.21
09/10/2025 17:30,6012.46
09/10/2025 17:35,6007.14
09/10/2025 17:40,6096.78
09/10/2025 17:45,5960.03
09/10/2025 17:50,6137.49
09/10/2025 17:55,6024.66
09/10/2025 18:00,6597.22
09/10/2025 18:05,6712.36
09/10/2025 18:10,6555.84
09/10/2025 18:15,6514.08
09/10/2025 18:20,6685.18
09/10/2025 18:25,6688.43
09/10/2025 18:30,6689.64
09/10/2025 18:35,6690.74
09/10/2025 18:40,6648.94
09/10/2025 18:45,6686.3
09/10/2025 18:50,6695.22
09/10/2025 18:55,6753.8
09/10/2025 19:00,6756.92
09/10/2025 19:05,6972.27
09/10/2025 19:10,6919.47
09/10/2025 19:15,6867.66
09/10/2025 19:20,6810.14
09/10/2025 19:25,6858.3
09/10/2025 19:30,6911.64
09/10/2025 19:35,6831.24
09/10/2025 19:40,6943.88
09/10/2025 19:45,6905.88
09/10/2025 19:50,6797.5
09/10/2025 19:55,6880.13
09/10/2025 20:00,6793.02
09/10/2025 20:05,6811.08
09/10/2025 20:10,6775.96
09/10/2025 20:15,6696.29
09/10/2025 20:20,6719.0
09/10/2025 20:25,6637.75
09/10/2025 20:30,6901.91
09/10/2025 20:35,6658.24
09/10/2025 20:40,6855.71
09/10/2025 20:45,6674.45
09/10/2025 20:50,6574.8
09/10/2025 20:55,6473.37
09/10/2025 21:00,6318.76
09/10/2025 21:05,6134.96
09/10/2025 21:10,6230.75
09/10/2025 21:15,6054.23
09/10/2025 21:20,6091.64
09/10/2025 21:25,5970.53
09/10/2025 21:30,6113.75
09/10/2025 21:35,5942.49
09/10/2025 21:40,5878.73
09/10/2025 21:45,5819.27
09/10/2025 21:50,5809.16
09/10/2025 21:55,5746.68
09/10/2025 22:00,5621.66
09/10/2025 22:05,5582.89
09/10/2025 22:10,5566.57
09/10/2025 22:15,5478.95
09/10/2025 22:20,5424.87
09/10/2025 22:25,5370.33
09/10/2025 22:30,5515.22
09/10/2025 22:35,5517.82
09/10/2025 22:40,5262.02
09/10/2025 22:45,5343.52
09/10/2025 22:50,5281.54
09/10/2025 22:55,5227.48
09/10/2025 23:00,5122.76
09/10/2025 23:05,5271.73
09/10/2025 23:10,5089.61
09/10/2025 23:15,5199.64
09/10/2025 23:20,5053.69
09/10/2025 23:25,4992.75
09/10/2025 23:30,4941.6
09/10/2025 23:35,4909.56
09/10/2025 23:40,4904.21
09/10/2025 23:45,4860.4
09/10/2025 23:50,4867.17
09/10/2025 23:55,4791.04
10/10/2025 00:00,4667.71
10/10/2025 00:05,4592.66
10/10/2025 00:10,4612.2
10/10/2025 00:15,4629.37
10/10/2025 00:20,4449.03
10/10/2025 00:25,4476.87
10/10/2025 00:30,4661.52
10/10/2025 00:35,4540.27
10/10/2025 00:40,4371.09
10/10/2025 00:45,4481.41
10/10/2025 00:50,4353.96
10/10/2025 00:55,4505.64
10/10/2025 01:00,4427.98
10/10/2025 01:05,4260.71
10/10/2025 01:10,4411.05
10/10/2025 01:15,4398.32
10/10/2025 01:20,4335.16
10/10/2025 01:25,4214.56
10/10/2025 01:30,4430.15
10/10/2025 01:35,4331.25
10/10/2025 01:40,4167.16
10/10/2025 01:45,4346.96
10/10/2025 01:50,4394.84
10/10/2025 01:55,4298.94
10/10/2025 02:00,3779.97
10/10/2025 02:05,3872.57
10/10/2025 02:10,3673.55
10/10/2025 02:15,3797.93
10/10/2025 02:20,3723.41
10/10/2025 02:25,3845.03
10/10/2025 02:30,3820.55
10/10/2025 02:35,3940.37
10/10/2025 02:40,3857.41
10/10/2025 02:45,3939.12
10/10/2025 02:50,3666.59
10/10/2025 02:55,3872.86
10/10/2025 03:00,3906.29
10/10/2025 03:05,3829.71
10/10/2025 03:10,3775.65
10/10/2025 03:15,3969.6
10/10/2025 03:20,3920.71
10/10/2025 03:25,3755.77
10/10/2025 03:30,3782.42
10/10/2025 03:35,3817.86
10/10/2025 03:40,3765.0
10/10/2025 03:45,3814.2
10/10/2025 03:50,3659.71
10/10/2025 03:55,3658.15
10/10/2025 04:00,3904.61
10/10/2025 04:05,3823.43
10/10/2025 04:10,3837.13
10/10/2025 04:15,3654.44
10/10/2025 04:20,3807.56
10/10/2025 04:25,3556.23
10/10/2025 04:30,3916.59
10/10/2025 04:35,3740.74
10/10/2025 04:40,3765.67
10/10/2025 04:45,3848.8
10/10/2025 04:50,3620.62
10/10/2025 04:55,3717.1
10/10/2025 05:00,3999.08
10/10/2025 05:05,4132.86
10/10/2025 05:10,4163.08
10/10/2025 05:15,4128.09
10/10/2025 05:20,4078.65
10/10/2025 05:25,4264.81
10/10/2025 05:30,4191.48
10/10/2025 05:35,4245.37
10/10/2025 05:40,4391.9
10/10/2025 05:45,4226.38
10/10/2025 05:50,4436.79
10/10/2025 05:55,4354.01
10/10/2025 06:00,4433.15
10/10/2025 06:05,4422.74
10/10/2025 06:10,4434.4
10/10/2025 06:15,4472.71
10/10/2025 06:20,4532.45
10/10/2025 06:25,4685.13
10/10/2025 06:30,4648.17
10/10/2025 06:35,4501.65
10/10/2025 06:40,4560.02
10/10/2025 06:45,4725.89
10/10/2025 06:50,4790.85
10/10/2025 06:55,4691.27
10/10/2025 07:00,4892.31
10/10/2025 07:05,4966.1
10/10/2025 07:10,4912.48
10/10/2025 07:15,5042.68
10/10/2025 07:20,5039.69
10/10/2025 07:25,5154.87
10/10/2025 07:30,5009.34
10/10/2025 07:35,5064.98
10/10/2025 07:40,5080.33
10/10/2025 07:45,5204.75
10/10/2025 07:50,5267.88
10/10/2025 07:55,5331.65
10/10/2025 08:00,5392.8
10/10/2025 08:05,5317.26
10/10/2025 08:10,5538.45
10/10/2025 08:15,5504.0
10/10/2025 08:20,5654.05
10/10/2025 08:25,5590.73
10/10/2025 08:30,5774.22
10/10/2025 08:35,5601.57
10/10/2025 08:40,5811.21
10/10/2025 08:45,5761.3
10/10/2025 08:50,5741.61
10/10/2025 08:55,5897.68
10/10/2025 09:00,5673.52
10/10/2025 09:05,5551.33
10/10/2025 09:10,5754.56
10/10/2025 09:15,5832.96
10/10/2025 09:20,5814.43
10/10/2025 09:25,5771.94
10/10/2025 09:30,5815.5
10/10/2025 09:35,5916.47
10/10/2025 09:40,5849.28
10/10/2025 09:45,5895.48
10/10/2025 09:50,5953.07
10/10/2025 09:55,5836.89
10/10/2025 10:00,5901.98
10/10/2025 10:05,5902.23
10/10/2025 10:10,5858.68
10/10/2025 10:15,5986.59
10/10/2025 10:20,5792.39
10/10/2025 10:25,5988.09
10/10/2025 10:30,5895.11
10/10/2025 10:35,5801.05
10/10/2025 10:40,6041.72
10/10/2025 10:45,6012.95
10/10/2025 10:50,5976.2
10/10/2025 10:55,6053.21
10/10/2025 11:00,5839.74
10/10/2025 11:05,5888.63
10/10/2025 11:10,5919.82
10/10/2025 11:15,5951.93
10/10/2025 11:20,5751.74
10/10/2025 11:25,5705.18
10/10/2025 11:30,5870.81
10/10/2025 11:35,5790.69
10/10/2025 11:40,5732.82
10/10/2025 11:45,5842.66
10/10/2025 11:50,5641.04
10/10/2025 11:55,5572.97
10/10/2025 12:00,5597.92
10/10/2025 12:05,5621.19
10/10/2025 12:10,5442.88
10/10/2025 12:15,5558.18
10/10/2025 12:20,5632.5
10/10/2025 12:25,5605.29
10/10/2025 12:30,5640.09
10/10/2025 12:35,5685.31
10/10/2025 12:40,5640.86
10/10/2025 12:45,5540.0
10/10/2025 12:50,5499.7
10/10/2025 12:55,5439.29
10/10/2025 13:00,5616.4
10/10/2025 13:05,5465.02
10/10/2025 13:10,5654.33
10/10/2025 13:15,5629.29
10/10/2025 13:20,5479.39
10/10/2025 13:25,5568.5
10/10/2025 13:30,5582.74
10/10/2025 13:35,5632.91
10/10/2025 13:40,5534.65
10/10/2025 13:45,5533.64
10/10/2025 13:50,5663.21
10/10/2025 13:55,5471.85
10/10/2025 14:00,5419.36
10/10/2025 14:05,5481.95
10/10/2025 14:10,5380.7
10/10/2025 14:15,5599.29
10/10/2025 14:20,5591.32
10/10/2025 14:25,5612.87
10/10/2025 14:30,5522.56
10/10/2025 14:35,5560.76
10/10/2025 14:40,5452.9
10/10/2025 14:45,5623.38
10/10/2025 14:50,5593.61
10/10/2025 14:55,5488.38
10/10/2025 15:00,5528.37
10/10/2025 15:05,5461.39
10/10/2025 15:10,5493.25
10/10/2025 15:15,5560.7
10/10/2025 15:20,5509.42
10/10/2025 15:25,5549.98
10/10/2025 15:30,5463.24
10/10/2025 15:35,5715.12
10/10/2025 15:40,5635.53
10/10/2025 15:45,5683.64
10/10/2025 15:50,5538.51
10/10/2025 15:55,5718.48
10/10/2025 16:00,5681.73
10/10/2025 16:05,5696.83
10/10/2025 16:10,5664.36
10/10/2025 16:15,5753.4
10/10/2025 16:20,5605.43
10/10/2025 16:25,5745.36
10/10/2025 16:30,5815.54
10/10/2025 16:35,5852.68
10/10/2025 16:40,5709.3
10/10/2025 16:45,6027.06
10/10/2025 16:50,5939.19
10/10/2025 16:55,5942.94
10/10/2025 17:00,5912.3
10/10/2025 17:05,5843.47
10/10/2025 17:10,5918.17
10/10/2025 17:15,5885.86
10/10/2025 17:20,5934.97
10/10/2025 17:25,5896.21
10/10/2025 17:30,5937.24
10/10/2025 17:35,5879.27
10/10/2025 17:40,6032.85
10/10/2025 17:45,5990.01
10/10/2025 17:50,5792.35
10/10/2025 17:55,6001.52
10/10/2025 18:00,6596.45
10/10/2025 18:05,6479.87
10/10/2025 18:10,6564.78
10/10/2025 18:15,6570.58
10/10/2025 18:20,6682.82
10/10/2025 18:25,6640.83
10/10/2025 18:30,6714.96
10/10/2025 18:35,6644.43
10/10/2025 18:40,6856.64
10/10/2025 18:45,6735.49
10/10/2025 18:50,6743.75
10/10/2025 18:55,6826.07
10/10/2025 19:00,6864.36
10/10/2025 19:05,6808.83
10/10/2025 19:10,6833.49
10/10/2025 19:15,6806.94
10/10/2025 19:20,6937.98
10/10/2025 19:25,6872.95
10/10/2025 19:30,6707.44
10/10/2025 19:35,6812.42
10/10/2025 19:40,6891.06
10/10/2025 19:45,6812.22
10/10/2025 19:50,6782.7
10/10/2025 19:55,6901.71
10/10/2025 20:00,6845.14
10/10/2025 20:05,6996.09
10/10/2025 20:10,6649.16
10/10/2025 20:15,6709.73
10/10/2025 20:20,6707.51
10/10/2025 20:25,6714.1
10/10/2025 20:30,6773.67
10/10/2025 20:35,6699.02
10/10/2025 20:40,6566.17
10/10/2025 20:45,6531.72
10/10/2025 20:50,6616.85
10/10/2025 20:55,6467.59
10/10/2025 21:00,6222.56
10/10/2025 21:05,6099.42
10/10/2025 21:10,5975.81
10/10/2025 21:15,6077.16
10/10/2025 21:20,6049.06
10/10/2025 21:25,5896.45
10/10/2025 21:30,5914.72
10/10/2025 21:35,5806.38
10/10/2025 21:40,5821.35
10/10/2025 21:45,5769.51
10/10/2025 21:50,5790.46
10/10/2025 21:55,5745.74
10/10/2025 22:00,5729.61
10/10/2025 22:05,5695.08
10/10/2025 22:10,5553.5
10/10/2025 22:15,5541.04
10/10/2025 22:20,5597.18
10/10/2025 22:25,5534.28
10/10/2025 22:30,5480.39
10/10/2025 22:35,5379.98
10/10/2025 22:40,5259.27
10/10/2025 22:45,5236.29
10/10/2025 22:50,5238.05
10/10/2025 22:55,5178.69
10/10/2025 23:00,5253.49
10/10/2025 23:05,5207.99
10/10/2025 23:10,5193.72
10/10/2025 23:15,5125.56
10/10/2025 23:20,5058.66
10/10/2025 23:25,4935.07
10/10/2025 23:30,4816.29
10/10/2025 23:35,4831.9
10/10/2025 23:40,4885.05
10/10/2025 23:45,4729.81
10/10/2025 23:50,4738.95
10/10/2025 23:55,4751.03
11/10/2025 00:00,4355.38
11/10/2025 00:05,4443.9
11/10/2025 00:10,4513.27
11/10/2025 00:15,4468.55
11/10/2025 00:20,4169.36
11/10/2025 00:25,4288.08
11/10/2025 00:30,4288.84
11/10/2025 00:35,4317.66
11/10/2025 00:40,4158.42
11/10/2025 00:45,4204.03
11/10/2025 00:50,4137.71
11/10/2025 00:55,4194.29
11/10/2025 01:00,4124.11
11/10/2025 01:05,4264.15
11/10/2025 01:10,4198.9
11/10/2025 01:15,4027.11
11/10/2025 01:20,3895.7
11/10/2025 01:25,4077.0
11/10/2025 01:30,4067.92
11/10/2025 01:35,4077.16
11/10/2025 01:40,4083.26
11/10/2025 01:45,4017.69
11/10/2025 01:50,4054.41
11/10/2025 01:55,4059.83
11/10/2025 02:00,3470.69
11/10/2025 02:05,3561.7
11/10/2025 02:10,3584.02
11/10/2025 02:15,3481.56
11/10/2025 02:20,3417.97
11/10/2025 02:25,3394.16
11/10/2025 02:30,3479.12
11/10/2025 02:35,3646.07
11/10/2025 02:40,3560.92
11/10/2025 02:45,3434.33
11/10/2025 02:50,3555.1
11/10/2025 02:55,3547.17
11/10/2025 03:00,3567.38
11/10/2025 03:05,3440.99
11/10/2025 03:10,3642.41
11/10/2025 03:15,3526.82
11/10/2025 03:20,3442.65
11/10/2025 03:25,3609.75
11/10/2025 03:30,3617.79
11/10/2025 03:35,3476.44
11/10/2025 03:40,3660.73
11/10/2025 03:45,3381.06
11/10/2025 03:50,3447.19
11/10/2025 03:55,3487.34
11/10/2025 04:00,3649.5
11/10/2025 04:05,3714.1
11/10/2025 04:10,3534.95
11/10/2025 04:15,3399.72
11/10/2025 04:20,3752.37
11/10/2025 04:25,3564.37
11/10/2025 04:30,3546.94
11/10/2025 04:35,3632.25
11/10/2025 04:40,3573.95
11/10/2025 04:45,3518.76
11/10/2025 04:50,3655.72
11/10/2025 04:55,3553.75
11/10/2025 05:00,3720.08
11/10/2025 05:05,3943.22
11/10/2025 05:10,3821.89
11/10/2025 05:15,3748.9
11/10/2025 05:20,3933.94
11/10/2025 05:25,3967.43
11/10/2025 05:30,3964.24
11/10/2025 05:35,4030.81
11/10/2025 05:40,4080.25
11/10/2025 05:45,3967.36
11/10/2025 05:50,4226.01
11/10/2025 05:55,4202.48
11/10/2025 06:00,4228.76
11/10/2025 06:05,4231.23
11/10/2025 06:10,4236.47
11/10/2025 06:15,4272.34
11/10/2025 06:20,4136.16
11/10/2025 06:25,4359.68
11/10/2025 06:30,4382.9
11/10/2025 06:35,4520.27
11/10/2025 06:40,4424.02
11/10/2025 06:45,4479.65
11/10/2025 06:50,4487.29
11/10/2025 06:55,4642.98
11/10/2025 07:00,4515.97
11/10/2025 07:05,4618.18
11/10/2025 07:10,4660.33
11/10/2025 07:15,4756.31
11/10/2025 07:20,4812.72
11/10/2025 07:25,4899.42
11/10/2025 07:30,4864.63
11/10/2025 07:35,4911.55
11/10/2025 07:40,4996.31
11/10/2025 07:45,5037.4
11/10/2025 07:50,5040.08
11/10/2025 07:55,4989.27
11/10/2025 08:00,5098.21
11/10/2025 08:05,5180.81
11/10/2025 08:10,5257.14
11/10/2025 08:15,5353.5
11/10/2025 08:20,5270.74
11/10/2025 08:25,5453.75
11/10/2025 08:30,5242.13
11/10/2025 08:35,5416.29
11/10/2025 08:40,5423.54
11/10/2025 08:45,5564.71
11/10/2025 08:50,5634.26
11/10/2025 08:55,5605.14
11/10/2025 09:00,5515.73
11/10/2025 09:05,5570.62
11/10/2025 09:10,5481.81
11/10/2025 09:15,5567.59
11/10/2025 09:20,5538.66
11/10/2025 09:25,5522.29
11/10/2025 09:30,5632.34
11/10/2025 09:35,5557.1
11/10/2025 09:40,5553.47
11/10/2025 09:45,5640.59
11/10/2025 09:50,5513.72
11/10/2025 09:55,5673.91
11/10/2025 10:00,5649.07
11/10/2025 10:05,5605.98
11/10/2025 10:10,5675.29
11/10/2025 10:15,5632.42
11/10/2025 10:20,5746.77
11/10/2025 10:25,5616.1
11/10/2025 10:30,5721.22
11/10/2025 10:35,5549.51
11/10/2025 10:40,5533.45
11/10/2025 10:45,5762.82
11/10/2025 10:50,5748.32
11/10/2025 10:55,5824.68
11/10/2025 11:00,5599.14
11/10/2025 11:05,5644.88
11/10/2025 11:10,5740.17
11/10/2025 11:15,5623.98
11/10/2025 11:20,5603.9
11/10/2025 11:25,5589.54
11/10/2025 11:30,5602.85
11/10/2025 11:35,5513.06
11/10/2025 11:40,5615.7
11/10/2025 11:45,5563.95
11/10/2025 11:50,5534.42
11/10/2025 11:55,5529.21
11/10/2025 12:00,5410.3
11/10/2025 12:05,5457.75
11/10/2025 12:10,5462.43
11/10/2025 12:15,5364.07
11/10/2025 12:20,5244.75
11/10/2025 12:25,5325.5
11/10/2025 12:30,5461.52
11/10/2025 12:35,5290.72
11/10/2025 12:40,5304.61
11/10/2025 12:45,5285.47
11/10/2025 12:50,5425.49
11/10/2025 12:55,5256.15
11/10/2025 13:00,5262.66
11/10/2025 13:05,5403.49
11/10/2025 13:10,5506.32
11/10/2025 13:15,5249.49
11/10/2025 13:20,5497.89
11/10/2025 13:25,5204.08
11/10/2025 13:30,5213.34
11/10/2025 13:35,5318.67
11/10/2025 13:40,5287.8
11/10/2025 13:45,5341.31
11/10/2025 13:50,5318.61
11/10/2025 13:55,5342.72
11/10/2025 14:00,5157.03
11/10/2025 14:05,5254.07
11/10/2025 14:10,5347.24
11/10/2025 14:15,5268.45
11/10/2025 14:20,5252.39
11/10/2025 14:25,5188.82
11/10/2025 14:30,5267.69
11/10/2025 14:35,5406.59
11/10/2025 14:40,5152.61
11/10/2025 14:45,5216.95
11/10/2025 14:50,5043.52
11/10/2025 14:55,5187.55
11/10/2025 15:00,5405.8
11/10/2025 15:05,5456.16
11/10/2025 15:10,5309.03
11/10/2025 15:15,5188.93
11/10/2025 15:20,5171.59
11/10/2025 15:25,5336.59
11/10/2025 15:30,5375.92
11/10/2025 15:35,5396.65
11/10/2025 15:40,5263.92
11/10/2025 15:45,5417.62
11/10/2025 15:50,5350.35
11/10/2025 15:55,5408.76
11/10/2025 16:00,5528.67
11/10/2025 16:05,5469.27
11/10/2025 16:10,5405.06
11/10/2025 16:15,5556.21
11/10/2025 16:20,5464.8
11/10/2025 16:25,5559.95
11/10/2025 16:30,5495.76
11/10/2025 16:35,5555.76
11/10/2025 16:40,5685.22
11/10/2025 16:45,5698.92
11/10/2025 16:50,5703.02
11/10/2025 16:55,5560.21
11/10/2025 17:00,5534.95
11/10/2025 17:05,5542.74
11/10/2025 17:10,5727.81
11/10/2025 17:15,5698.78
11/10/2025 17:20,5746.27
11/10/2025 17:25,5755.69
11/10/2025 17:30,5616.82
11/10/2025 17:35,5703.17
11/10/2025 17:40,5697.63
11/10/2025 17:45,5713.96
11/10/2025 17:50,5760.96
11/10/2025 17:55,5785.24
11/10/2025 18:00,6219.81
11/10/2025 18:05,6330.76
11/10/2025 18:10,6255.48
11/10/2025 18:15,6330.91
11/10/2025 18:20,6397.03
11/10/2025 18:25,6358.33
11/10/2025 18:30,6298.01
11/10/2025 18:35,6339.71
11/10/2025 18:40,6537.12
11/10/2025 18:45,6468.52
11/10/2025 18:50,6434.6
11/10/2025 18:55,6526.16
11/10/2025 19:00,6545.02
11/10/2025 19:05,6454.77
11/10/2025 19:10,6604.19
11/10/2025 19:15,6592.9
11/10/2025 19:20,6532.14
11/10/2025 19:25,6515.37
11/10/2025 19:30,6411.13
11/10/2025 19:35,6664.21
11/10/2025 19:40,6598.89
11/10/2025 19:45,6617.45
11/10/2025 19:50,6552.84
11/10/2025 19:55,6551.58
11/10/2025 20:00,6559.59
11/10/2025 20:05,6532.21
11/10/2025 20:10,6520.01
11/10/2025 20:15,6579.07
11/10/2025 20:20,6606.97
11/10/2025 20:25,6424.8
11/10/2025 20:30,6360.35
11/10/2025 20:35,6254.35
11/10/2025 20:40,6348.86
11/10/2025 20:45,6218.18
11/10/2025 20:50,6199.47
11/10/2025 20:55,6086.36
11/10/2025 21:00,5999.19
11/10/2025 21:05,5889.82
11/10/2025 21:10,5958.21
11/10/2025 21:15,5827.59
11/10/2025 21:20,5711.9
11/10/2025 21:25,5924.54
11/10/2025 21:30,5734.53
11/10/2025 21:35,5728.85
11/10/2025 21:40,5657.34
11/10/2025 21:45,5618.84
11/10/2025 21:50,5677.14
11/10/2025 21:55,5480.59
11/10/2025 22:00,5336.79
11/10/2025 22:05,5509.57
11/10/2025 22:10,5349.66
11/10/2025 22:15,5410.53
11/10/2025 22:20,5280.67
11/10/2025 22:25,5211.54
11/10/2025 22:30,5227.52
11/10/2025 22:35,5118.82
11/10/2025 22:40,5084.99
11/10/2025 22:45,5124.7
11/10/2025 22:50,5186.02
11/10/2025 22:55,5034.0
11/10/2025 23:00,5020.55
11/10/2025 23:05,4849.59
11/10/2025 23:10,4715.15
11/10/2025 23:15,4930.72
11/10/2025 23:20,4855.26
11/10/2025 23:25,4818.84
11/10/2025 23:30,4695.1
11/10/2025 23:35,4637.98
11/10/2025 23:40,4623.92
11/10/2025 23:45,4631.99
11/10/2025 23:50,4571.39
11/10/2025 23:55,4427.72
12/10/2025 00:00,4406.44
12/10/2025 00:05,4532.35
12/10/2025 00:10,4290.05
12/10/2025 00:15,4164.81
12/10/2025 00:20,4419.25
12/10/2025 00:25,4374.25
12/10/2025 00:30,4301.97
12/10/2025 00:35,4176.11
12/10/2025 00:40,4254.36
12/10/2025 00:45,4247.57
12/10/2025 00:50,4102.42
12/10/2025 00:55,4126.46
12/10/2025 01:00,4301.92
12/10/2025 01:05,4262.32
12/10/2025 01:10,4260.95
12/10/2025 01:15,3965.98
12/10/2025 01:20,4041.21
12/10/2025 01:25,4092.6
12/10/2025 01:30,4007.86
12/10/2025 01:35,3896.85
12/10/2025 01:40,4053.49
12/10/2025 01:45,3880.15
12/10/2025 01:50,4137.93
12/10/2025 01:55,3948.15
12/10/2025 02:00,3598.11
12/10/2025 02:05,3597.02
12/10/2025 02:10,3418.51
12/10/2025 02:15,3576.27
12/10/2025 02:20,3423.88
12/10/2025 02:25,3555.72
12/10/2025 02:30,3419.02
12/10/2025 02:35,3608.52
12/10/2025 02:40,3732.28
12/10/2025 02:45,3707.6
12/10/2025 02:50,3574.45
12/10/2025 02:55,3432.83
12/10/2025 03:00,3576.0
12/10/2025 03:05,3489.15
12/10/2025 03:10,3705.55
12/10/2025 03:15,3203.44
12/10/2025 03:20,3605.39
12/10/2025 03:25,3409.37
12/10/2025 03:30,3413.76
12/10/2025 03:35,3604.88
12/10/2025 03:40,3425.79
12/10/2025 03:45,3463.51
12/10/2025 03:50,3535.69
12/10/2025 03:55,3545.22
12/10/2025 04:00,3541.3
12/10/2025 04:05,3685.43
12/10/2025 04:10,3591.12
12/10/2025 04:15,3666.62
12/10/2025 04:20,3425.43
12/10/2025 04:25,3525.45
12/10/2025 04:30,3402.24
12/10/2025 04:35,3672.93
12/10/2025 04:40,3513.9
12/10/2025 04:45,3526.51
12/10/2025 04:50,3633.29
12/10/2025 04:55,3411.25
12/10/2025 05:00,3785.25
12/10/2025 05:05,3704.16
12/10/2025 05:10,3903.86
12/10/2025 05:15,3889.22
12/10/2025 05:20,4032.48
12/10/2025 05:25,3928.01
12/10/2025 05:30,4042.49
12/10/2025 05:35,4074.28
12/10/2025 05:40,4050.12
12/10/2025 05:45,4084.5
12/10/2025 05:50,4155.7
12/10/2025 05:55,4201.75
12/10/2025 06:00,4190.49
12/10/2025 06:05,4177.72
12/10/2025 06:10,4203.2
12/10/2025 06:15,4278.88
12/10/2025 06:20,4270.87
12/10/2025 06:25,4286.55
12/10/2025 06:30,4450.25
12/10/2025 06:35,4414.5
12/10/2025 06:40,4505.87
12/10/2025 06:45,4420.72
12/10/2025 06:50,4336.81
12/10/2025 06:55,4522.89
12/10/2025 07:00,4655.08
12/10/2025 07:05,4669.26
12/10/2025 07:10,4564.14
12/10/2025 07:15,4680.34
12/10/2025 07:20,4828.13
12/10/2025 07:25,4922.62
12/10/2025 07:30,5088.86
12/10/2025 07:35,4882.18
12/10/2025 07:40,4967.53
12/10/2025 07:45,4812.08
12/10/2025 07:50,5129.51
12/10/2025 07:55,5076.7
12/10/2025 08:00,5266.45
12/10/2025 08:05,5230.96
12/10/2025 08:10,5150.49
12/10/2025 08:15,5248.78
12/10/2025 08:20,5368.45
12/10/2025 08:25,5539.05
12/10/2025 08:30,5277.16
12/10/2025 08:35,5390.8
12/10/2025 08:40,5439.71
12/10/2025 08:45,5560.84
12/10/2025 08:50,5549.08
12/10/2025 08:55,5617.01
12/10/2025 09:00,5501.31
12/10/2025 09:05,5503.86
12/10/2025 09:10,5443.02
12/10/2025 09:15,5583.6
12/10/2025 09:20,5495.43
12/10/2025 09:25,5596.74
12/10/2025 09:30,5632.94
12/10/2025 09:35,5722.61
12/10/2025 09:40,5646.16
12/10/2025 09:45,5516.36
12/10/2025 09:50,5756.14
12/10/2025 09:55,5747.28
12/10/2025 10:00,5642.23
12/10/2025 10:05,5671.17
12/10/2025 10:10,5878.92
12/10/2025 10:15,5670.65
12/10/2025 10:20,5616.24
12/10/2025 10:25,5713.3
12/10/2025 10:30,5632.53
12/10/2025 10:35,5578.79
12/10/2025 10:40,5735.44
12/10/2025 10:45,5524.87
12/10/2025 10:50,5648.21
12/10/2025 10:55,5734.63
12/10/2025 11:00,5690.78
12/10/2025 11:05,5620.53
12/10/2025 11:10,5706.66
12/10/2025 11:15,5607.64
12/10/2025 11:20,5605.9
12/10/2025 11:25,5594.03
12/10/2025 11:30,5500.75
12/10/2025 11:35,5453.91
12/10/2025 11:40,5541.38
12/10/2025 11:45,5607.25
12/10/2025 11:50,5450.38
12/10/2025 11:55,5400.83
12/10/2025 12:00,5402.31
12/10/2025 12:05,5436.61
12/10/2025 12:10,5298.05
12/10/2025 12:15,5427.99
12/10/2025 12:20,5389.36
12/10/2025 12:25,5233.61
12/10/2025 12:30,5300.65
12/10/2025 12:35,5250.78
12/10/2025 12:40,5463.44
12/10/2025 12:45,5436.47
12/10/2025 12:50,5444.07
12/10/2025 12:55,5368.09
12/10/2025 13:00,5419.98
12/10/2025 13:05,5356.47
12/10/2025 13:10,5266.06
12/10/2025 13:15,5376.36
12/10/2025 13:20,5248.31
12/10/2025 13:25,5247.09
12/10/2025 13:30,5427.81
12/10/2025 13:35,5373.29
12/10/2025 13:40,5231.45
12/10/2025 13:45,5243.68
12/10/2025 13:50,5331.84
12/10/2025 13:55,5352.6
12/10/2025 14:00,5313.32
12/10/2025 14:05,5154.91
12/10/2025 14:10,5311.09
12/10/2025 14:15,5303.51
12/10/2025 14:20,5190.14
12/10/2025 14:25,5178.77
12/10/2025 14:30,5310.78
12/10/2025 14:35,5279.36
12/10/2025 14:40,5182.53
12/10/2025 14:45,5236.05
12/10/2025 14:50,5228.79
12/10/2025 14:55,5235.59
12/10/2025 15:00,5226.64
12/10/2025 15:05,5369.28
12/10/2025 15:10,5305.56
12/10/2025 15:15,5340.34
12/10/2025 15:20,5184.65
12/10/2025 15:25,5364.05
12/10/2025 15:30,5240.35
12/10/2025 15:35,5254.05
12/10/2025 15:40,5354.33
12/10/2025 15:45,5428.45
12/10/2025 15:50,5522.81
12/10/2025 15:55,5456.96
12/10/2025 16:00,5441.27
12/10/2025 16:05,5410.11
12/10/2025 16:10,5373.15
12/10/2025 16:15,5551.16
12/10/2025 16:20,5382.31
12/10/2025 16:25,5450.43
12/10/2025 16:30,5638.63
12/10/2025 16:35,5477.73
12/10/2025 16:40,5533.09
12/10/2025 16:45,5529.6
12/10/2025 16:50,5576.72
12/10/2025 16:55,5552.92
12/10/2025 17:00,5650.75
12/10/2025 17:05,5643.47
12/10/2025 17:10,5770.65
12/10/2025 17:15,5597.49
12/10/2025 17:20,5571.79
12/10/2025 17:25,5729.39
12/10/2025 17:30,5810.92
12/10/2025 17:35,5748.85
12/10/2025 17:40,5718.91
12/10/2025 17:45,5708.48
12/10/2025 17:50,5775.52
12/10/2025 17:55,5930.46
12/10/2025 18:00,6184.08
12/10/2025 18:05,6226.08
12/10/2025 18:10,6199.99
12/10/2025 18:15,6400.82
12/10/2025 18:20,6476.65
12/10/2025 18:25,6359.68
12/10/2025 18:30,6491.78
12/10/2025 18:35,6442.44
12/10/2025 18:40,6459.54
12/10/2025 18:45,6502.02
12/10/2025 18:50,6442.46
12/10/2025 18:55,6521.64
12/10/2025 19:00,6550.16
12/10/2025 19:05,6399.41
12/10/2025 19:10,6528.67
12/10/2025 19:15,6672.08
12/10/2025 19:20,6547.85
12/10/2025 19:25,6539.17
12/10/2025 19:30,6541.5
12/10/2025 19:35,6507.28
12/10/2025 19:40,6614.75
12/10/2025 19:45,6468.35
12/10/2025 19:50,6607.24
12/10/2025 19:55,6551.97
12/10/2025 20:00,6657.98
12/10/2025 20:05,6548.03
12/10/2025 20:10,6447.03
12/10/2025 20:15,6499.75
12/10/2025 20:20,6511.61
12/10/2025 20:25,6375.03
12/10/2025 20:30,6439.67
12/10/2025 20:35,6511.36
12/10/2025 20:40,6356.13
12/10/2025 20:45,6199.63
12/10/2025 20:50,6264.14
12/10/2025 20:55,6253.44
12/10/2025 21:00,5817.6
12/10/2025 21:05,5939.34
12/10/2025 21:10,6060.93
12/10/2025 21:15,5816.63
12/10/2025 21:20,5755.83
12/10/2025 21:25,5711.83
12/10/2025 21:30,5724.42
12/10/2025 21:35,5849.36
12/10/2025 21:40,5551.6
12/10/2025 21:45,5526.89
12/10/2025 21:50,5564.52
12/10/2025 21:55,5463.39
12/10/2025 22:00,5521.35
12/10/2025 22:05,5294.38
12/10/2025 22:10,5261.46
12/10/2025 22:15,5258.93
12/10/2025 22:20,5273.71
12/10/2025 22:25,5247.49
12/10/2025 22:30,5124.22
12/10/2025 22:35,5116.49
12/10/2025 22:40,5128.22
12/10/2025 22:45,5123.44
12/10/2025 22:50,5120.73
12/10/2025 22:55,4895.47
12/10/2025 23:00,5040.22
12/10/2025 23:05,5027.29
12/10/2025 23:10,4975.81
12/10/2025 23:15,4917.88
12/10/2025 23:20,4767.08
12/10/2025 23:25,4740.88
12/10/2025 23:30,4612.81
12/10/2025 23:35,4453.61
12/10/2025 23:40,4564.28
12/10/2025 23:45,4561.51
12/10/2025 23:50,4676.09
12/10/2025 23:55,4525.38
13/10/2025 00:00,4797.8
13/10/2025 00:05,4677.25
13/10/2025 00:10,4554.82
13/10/2025 00:15,4607.24
13/10/2025 00:20,4428.83
13/10/2025 00:25,4569.1
13/10/2025 00:30,4548.28
13/10/2025 00:35,4470.0
13/10/2025 00:40,4509.51
13/10/2025 00:45,4475.5
13/10/2025 00:50,4366.81
13/10/2025 00:55,4543.0
13/10/2025 01:00,4479.35
13/10/2025 01:05,4349.29
13/10/2025 01:10,4208.61
13/10/2025 01:15,4539.48
13/10/2025 01:20,4341.1
13/10/2025 01:25,4511.3
13/10/2025 01:30,4267.14
13/10/2025 01:35,4222.58
13/10/2025 01:40,4238.21
13/10/2025 01:45,4221.02
13/10/2025 01:50,4307.56
13/10/2025 01:55,4261.08
13/10/2025 02:00,4141.06
13/10/2025 02:05,3733.21
13/10/2025 02:10,3826.69
13/10/2025 02:15,3741.38
13/10/2025 02:20,3679.12
13/10/2025 02:25,3949.7
13/10/2025 02:30,3841.55
13/10/2025 02:35,3834.96
13/10/2025 02:40,3771.32
13/10/2025 02:45,3835.47
13/10/2025 02:50,3939.61
13/10/2025 02:55,3662.88
13/10/2025 03:00,3692.02
13/10/2025 03:05,3789.31
13/10/2025 03:10,3882.5
13/10/2025 03:15,3754.52
13/10/2025 03:20,3967.42
13/10/2025 03:25,3876.89
13/10/2025 03:30,3792.2
13/10/2025 03:35,3655.02
13/10/2025 03:40,3981.24
13/10/2025 03:45,3736.35
13/10/2025 03:50,3891.58
13/10/2025 03:55,3799.2
13/10/2025 04:00,3865.95
13/10/2025 04:05,3835.32
13/10/2025 04:10,3873.54
13/10/2025 04:15,3861.11
13/10/2025 04:20,3813.85
13/10/2025 04:25,3698.39
13/10/2025 04:30,3898.41
13/10/2025 04:35,3637.25
13/10/2025 04:40,3830.79
13/10/2025 04:45,3917.32
13/10/2025 04:50,3970.5
13/10/2025 04:55,3716.15
13/10/2025 05:00,4094.57
13/10/2025 05:05,3989.78
13/10/2025 05:10,4148.36
13/10/2025 05:15,4074.7
13/10/2025 05:20,4138.6
13/10/2025 05:25,4375.14
13/10/2025 05:30,4146.88
13/10/2025 05:35,4172.32
13/10/2025 05:40,4346.43
13/10/2025 05:45,4344.68
13/10/2025 05:50,4356.64
13/10/2025 05:55,4357.46
13/10/2025 06:00,4387.09
13/10/2025 06:05,4356.0
13/10/2025 06:10,4422.84
13/10/2025 06:15,4600.13
13/10/2025 06:20,4517.66
13/10/2025 06:25,4669.8
13/10/2025 06:30,4597.14
13/10/2025 06:35,4658.36
13/10/2025 06:40,4709.63
13/10/2025 06:45,4653.44
13/10/2025 06:50,4736.07
13/10/2025 06:55,4831.45
13/10/2025 07:00,4994.45
13/10/2025 07:05,4892.94
13/10/2025 07:10,5027.32
13/10/2025 07:15,4928.66
13/10/2025 07:20,4943.14
13/10/2025 07:25,5025.92
13/10/2025 07:30,5013.53
13/10/2025 07:35,5092.7
13/10/2025 07:40,5237.4
13/10/2025 07:45,5238.96
13/10/2025 07:50,5383.7
13/10/2025 07:55,5353.5
13/10/2025 08:00,5365.48
13/10/2025 08:05,5257.42
13/10/2025 08:10,5339.08
13/10/2025 08:15,5525.01
13/10/2025 08:20,5519.4
13/10/2025 08:25,5460.08
13/10/2025 08:30,5492.77
13/10/2025 08:35,5681.28
13/10/2025 08:40,5578.22
13/10/2025 08:45,5756.59
13/10/2025 08:50,5806.84
13/10/2025 08:55,5916.18
13/10/2025 09:00,5620.79
13/10/2025 09:05,5598.93
13/10/2025 09:10,5798.38
13/10/2025 09:15,5830.57
13/10/2025 09:20,5785.55
13/10/2025 09:25,5708.75
13/10/2025 09:30,5882.68
13/10/2025 09:35,5855.73
13/10/2025 09:40,5694.77
13/10/2025 09:45,5902.61
13/10/2025 09:50,5837.61
13/10/2025 09:55,5780.49
13/10/2025 10:00,5954.81
13/10/2025 10:05,5858.85
13/10/2025 10:10,5861.07
13/10/2025 10:15,6067.08
13/10/2025 10:20,5952.89
13/10/2025 10:25,5978.67
13/10/2025 10:30,6029.07
13/10/2025 10:35,5947.23
13/10/2025 10:40,5857.51
13/10/2025 10:45,5995.7
13/10/2025 10:50,6004.28
13/10/2025 10:55,5975.14
13/10/2025 11:00,5908.61
13/10/2025 11:05,5969.41
13/10/2025 11:10,6003.25
13/10/2025 11:15,5847.75
13/10/2025 11:20,5981.71
13/10/2025 11:25,5634.46
13/10/2025 11:30,5823.65
13/10/2025 11:35,5827.42
13/10/2025 11:40,5841.75
13/10/2025 11:45,5891.33
13/10/2025 11:50,5709.44
13/10/2025 11:55,5764.4
13/10/2025 12:00,5737.16
13/10/2025 12:05,5696.89
13/10/2025 12:10,5801.76
13/10/2025 12:15,5719.16
13/10/2025 12:20,5736.94
13/10/2025 12:25,5647.46
13/10/2025 12:30,5532.46
13/10/2025 12:35,5786.85
13/10/2025 12:40,5587.85
13/10/2025 12:45,5659.31
13/10/2025 12:50,5578.56
13/10/2025 12:55,5543.99
13/10/2025 13:00,5588.86
13/10/2025 13:05,5579.05
13/10/2025 13:10,5633.76
13/10/2025 13:15,5519.89
13/10/2025 13:20,5604.57
13/10/2025 13:25,5705.21
13/10/2025 13:30,5675.99
13/10/2025 13:35,5581.74
13/10/2025 13:40,5316.18
13/10/2025 13:45,5619.57
13/10/2025 13:50,5595.88
13/10/2025 13:55,5563.02
13/10/2025 14:00,5544.7
13/10/2025 14:05,5449.49
13/10/2025 14:10,5565.28
13/10/2025 14:15,5545.59
13/10/2025 14:20,5518.31
13/10/2025 14:25,5518.43
13/10/2025 14:30,5638.42
13/10/2025 14:35,5389.14
13/10/2025 14:40,5438.38
13/10/2025 14:45,5530.93
13/10/2025 14:50,5492.92
13/10/2025 14:55,5519.8
13/10/2025 15:00,5429.8
13/10/2025 15:05,5542.71
13/10/2025 15:10,5482.05
13/10/2025 15:15,5674.19
13/10/2025 15:20,5595.08
13/10/2025 15:25,5565.3
13/10/2025 15:30,5586.61
13/10/2025 15:35,5562.72
13/10/2025 15:40,5747.78
13/10/2025 15:45,5772.07
13/10/2025 15:50,5666.77
13/10/2025 15:55,5723.4
13/10/2025 16:00,5746.09
13/10/2025 16:05,5617.04
13/10/2025 16:10,5795.61
13/10/2025 16:15,5798.51
13/10/2025 16:20,5658.29
13/10/2025 16:25,5705.01
13/10/2025 16:30,5813.29
13/10/2025 16:35,5798.18
13/10/2025 16:40,5832.39
13/10/2025 16:45,5772.2
13/10/2025 16:50,5906.32
13/10/2025 16:55,5750.23
13/10/2025 17:00,5761.19
13/10/2025 17:05,5907.73
13/10/2025 17:10,5972.65
13/10/2025 17:15,5879.63
13/10/2025 17:20,5720.04
13/10/2025 17:25,5965.67
13/10/2025 17:30,5946.2
13/10/2025 17:35,6029.31
13/10/2025 17:40,6075.93
13/10/2025 17:45,5816.37
13/10/2025 17:50,5921.13
13/10/2025 17:55,6027.77
13/10/2025 18:00,6544.02
13/10/2025 18:05,6550.22
13/10/2025 18:10,6575.87
13/10/2025 18:15,6588.39
13/10/2025 18:20,6558.6
13/10/2025 18:25,6597.52
13/10/2025 18:30,6638.95
13/10/2025 18:35,6775.44
13/10/2025 18:40,6552.63
13/10/2025 18:45,6772.42
13/10/2025 18:50,6777.48
13/10/2025 18:55,6894.72
13/10/2025 19:00,6750.13
13/10/2025 19:05,6846.71
13/10/2025 19:10,6721.97
13/10/2025 19:15,6877.47
13/10/2025 19:20,6864.47
13/10/2025 19:25,6882.84
13/10/2025 19:30,6791.22
13/10/2025 19:35,6941.86
13/10/2025 19:40,6834.03
13/10/2025 19:45,6931.17
13/10/2025 19:50,6844.79
13/10/2025 19:55,6876.95
13/10/2025 20:00,6693.37
13/10/2025 20:05,6820.56
13/10/2025 20:10,6813.59
13/10/2025 20:15,6746.98
13/10/2025 20:20,6736.52
13/10/2025 20:25,6695.74
13/10/2025 20:30,6714.32
13/10/2025 20:35,6681.52
13/10/2025 20:40,6711.96
13/10/2025 20:45,6510.31
13/10/2025 20:50,6620.16
13/10/2025 20:55,6471.41
13/10/2025 21:00,6188.53
13/10/2025 21:05,6272.64
13/10/2025 21:10,6129.6
13/10/2025 21:15,6054.95
13/10/2025 21:20,5915.74
13/10/2025 21:25,6056.69
13/10/2025 21:30,6000.98
13/10/2025 21:35,5895.46
13/10/2025 21:40,5917.34
13/10/2025 21:45,5771.84
13/10/2025 21:50,5901.09
13/10/2025 21:55,5793.33
13/10/2025 22:00,5746.74
13/10/2025 22:05,5631.28
13/10/2025 22:10,5669.91
13/10/2025 22:15,5463.92
13/10/2025 22:20,5535.83
13/10/2025 22:25,5545.8
13/10/2025 22:30,5469.93
13/10/2025 22:35,5471.02
13/10/2025 22:40,5271.67
13/10/2025 22:45,5402.83
13/10/2025 22:50,5287.98
13/10/2025 22:55,5250.91
13/10/2025 23:00,5161.25
13/10/2025 23:05,5054.38
13/10/2025 23:10,5121.69
13/10/2025 23:15,5044.97
13/10/2025 23:20,5033.15
13/10/2025 23:25,5169.44
13/10/2025 23:30,4851.91
13/10/2025 23:35,4817.06
13/10/2025 23:40,4834.64
13/10/2025 23:45,4876.62
13/10/2025 23:50,4793.54
13/10/2025 23:55,4906.0
14/10/2025 00:00,4641.99
14/10/2025 00:05,4678.79
14/10/2025 00:10,4546.29
14/10/2025 00:15,4609.51
14/10/2025 00:20,4638.14
14/10/2025 00:25,4613.09
14/10/2025 00:30,4555.44
14/10/2025 00:35,4516.62
14/10/2025 00:40,4468.7
14/10/2025 00:45,4566.17
14/10/2025 00:50,4496.71
14/10/2025 00:55,4425.61
14/10/2025 01:00,4345.98
14/10/2025 01:05,4436.1
14/10/2025 01:10,4229.43
14/10/2025 01:15,4392.56
14/10/2025 01:20,4249.69
14/10/2025 01:25,4543.41
14/10/2025 01:30,4386.63
14/10/2025 01:35,4300.15
14/10/2025 01:40,4206.58
14/10/2025 01:45,4184.03
14/10/2025 01:50,4369.8
14/10/2025 01:55,4262.2
14/10/2025 02:00,3760.55
14/10/2025 02:05,3905.55
14/10/2025 02:10,3695.73
14/10/2025 02:15,3766.36
14/10/2025 02:20,3632.07
14/10/2025 02:25,3847.22
14/10/2025 02:30,3655.79
14/10/2025 02:35,3904.48
14/10/2025 02:40,3890.0
14/10/2025 02:45,3761.96
14/10/2025 02:50,3759.53
14/10/2025 02:55,3777.08
14/10/2025 03:00,3672.22
14/10/2025 03:05,3776.35
14/10/2025 03:10,3849.09
14/10/2025 03:15,3801.99
14/10/2025 03:20,3796.47
14/10/2025 03:25,3744.56
14/10/2025 03:30,3714.1
14/10/2025 03:35,3827.53
14/10/2025 03:40,3849.28
14/10/2025 03:45,3763.03
14/10/2025 03:50,3971.68
14/10/2025 03:55,3805.66
14/10/2025 04:00,3666.7
14/10/2025 04:05,3888.03
14/10/2025 04:10,3809.26
14/10/2025 04:15,3812.88
14/10/2025 04:20,3741.37
14/10/2025 04:25,3886.75
14/10/2025 04:30,3910.53
14/10/2025 04:35,3709.04
14/10/2025 04:40,3697.36
14/10/2025 04:45,3925.19
14/10/2025 04:50,3922.0
14/10/2025 04:55,3825.88
14/10/2025 05:00,4169.28
14/10/2025 05:05,4067.9
14/10/2025 05:10,4128.05
14/10/2025 05:15,4233.73
14/10/2025 05:20,4126.43
14/10/2025 05:25,4064.14
14/10/2025 05:30,4314.92
14/10/2025 05:35,4428.01
14/10/2025 05:40,4349.39
14/10/2025 05:45,4120.4
14/10/2025 05:50,4510.4
14/10/2025 05:55,4363.46
14/10/2025 06:00,4399.1
14/10/2025 06:05,4537.61
14/10/2025 06:10,4441.97
14/10/2025 06:15,4552.92
14/10/2025 06:20,4634.31
14/10/2025 06:25,4506.75
14/10/2025 06:30,4527.29
14/10/2025 06:35,4536.72
14/10/2025 06:40,4895.97
14/10/2025 06:45,4702.12
14/10/2025 06:50,4712.9
14/10/2025 06:55,4784.82
14/10/2025 07:00,4989.59
14/10/2025 07:05,4915.41
14/10/2025 07:10,4915.86
14/10/2025 07:15,4978.98
14/10/2025 07:20,4992.12
14/10/2025 07:25,4995.6
14/10/2025 07:30,5089.86
14/10/2025 07:35,5188.68
14/10/2025 07:40,5096.07
14/10/2025 07:45,5210.27
14/10/2025 07:50,5361.06
14/10/2025 07:55,5381.32
14/10/2025 08:00,5278.97
14/10/2025 08:05,5434.82
14/10/2025 08:10,5450.53
14/10/2025 08:15,5508.97
14/10/2025 08:20,5601.41
14/10/2025 08:25,5585.56
14/10/2025 08:30,5686.99
14/10/2025 08:35,5693.47
14/10/2025 08:40,5685.04
14/10/2025 08:45,5825.64
14/10/2025 08:50,5719.13
14/10/2025 08:55,5850.28
14/10/2025 09:00,5709.2
14/10/2025 09:05,5721.92
14/10/2025 09:10,5860.29
14/10/2025 09:15,5724.15
14/10/2025 09:20,5731.53
14/10/2025 09:25,5729.68
14/10/2025 09:30,5929.04
14/10/2025 09:35,5788.33
14/10/2025 09:40,5917.34
14/10/2025 09:45,5965.36
14/10/2025 09:50,5963.36
14/10/2025 09:55,5938.12
14/10/2025 10:00,5929.75
14/10/2025 10:05,5878.9
14/10/2025 10:10,5882.04
14/10/2025 10:15,5904.75
14/10/2025 10:20,5851.52
14/10/2025 10:25,5801.53
14/10/2025 10:30,5879.9
14/10/2025 10:35,6009.02
14/10/2025 10:40,5990.27
14/10/2025 10:45,5961.83
14/10/2025 10:50,5961.73
14/10/2025 10:55,6011.98
14/10/2025 11:00,6080.5
14/10/2025 11:05,5912.52
14/10/2025 11:10,6022.21
14/10/2025 11:15,5752.32
14/10/2025 11:20,5905.55
14/10/2025 11:25,5940.22
14/10/2025 11:30,5665.02
14/10/2025 11:35,5857.37
14/10/2025 11:40,5749.25
14/10/2025 11:45,5643.87
14/10/2025 11:50,5823.03
14/10/2025 11:55,5739.19
14/10/2025 12:00,5690.3
14/10/2025 12:05,5566.61
14/10/2025 12:10,5732.57
14/10/2025 12:15,5517.06
14/10/2025 12:20,5537.28
14/10/2025 12:25,5657.28
14/10/2025 12:30,5660.59
14/10/2025 12:35,5596.32
14/10/2025 12:40,5630.9
14/10/2025 12:45,5673.74
14/10/2025 12:50,5666.53
14/10/2025 12:55,5566.55
14/10/2025 13:00,5529.68
14/10/2025 13:05,5645.56
14/10/2025 13:10,5475.77
14/10/2025 13:15,5529.67
14/10/2025 13:20,5449.93
14/10/2025 13:25,5595.81
14/10/2025 13:30,5655.83
14/10/2025 13:35,5500.79
14/10/2025 13:40,5474.99
14/10/2025 13:45,5643.93
14/10/2025 13:50,5641.41
14/10/2025 13:55,5428.96
14/10/2025 14:00,5522.06
14/10/2025 14:05,5505.7
14/10/2025 14:10,5428.4
14/10/2025 14:15,5469.97
14/10/2025 14:20,5571.44
14/10/2025 14:25,5573.74
14/10/2025 14:30,5450.95
14/10/2025 14:35,5571.47
14/10/2025 14:40,5528.98
14/10/2025 14:45,5395.43
14/10/2025 14:50,5442.83
14/10/2025 14:55,5449.38
14/10/2025 15:00,5420.01
14/10/2025 15:05,5585.84
14/10/2025 15:10,5573.84
14/10/2025 15:15,5622.2
14/10/2025 15:20,5560.73
14/10/2025 15:25,5555.91
14/10/2025 15:30,5639.87
14/10/2025 15:35,5547.44
14/10/2025 15:40,5663.17
14/10/2025 15:45,5567.89
14/10/2025 15:50,5677.66
14/10/2025 15:55,5547.71
14/10/2025 16:00,5666.03
14/10/2025 16:05,5611.82
14/10/2025 16:10,5583.0
14/10/2025 16:15,5687.66
14/10/2025 16:20,5505.91
14/10/2025 16:25,5782.46
14/10/2025 16:30,5823.78
14/10/2025 16:35,5774.95
14/10/2025 16:40,5757.59
14/10/2025 16:45,5848.71
14/10/2025 16:50,5914.63
14/10/2025 16:55,5877.62
14/10/2025 17:00,5916.66
14/10/2025 17:05,5876.5
14/10/2025 17:10,6001.94
14/10/2025 17:15,5924.64
14/10/2025 17:20,6153.39
14/10/2025 17:25,5913.53
14/10/2025 17:30,5970.62
14/10/2025 17:35,6031.61
14/10/2025 17:40,5958.42
14/10/2025 17:45,6013.35
14/10/2025 17:50,5849.44
14/10/2025 17:55,6031.32
14/10/2025 18:00,6647.71
14/10/2025 18:05,6581.95
14/10/2025 18:10,6573.03
14/10/2025 18:15,6499.63
14/10/2025 18:20,6519.24
14/10/2025 18:25,6601.6
14/10/2025 18:30,6655.37
14/10/2025 18:35,6602.13
14/10/2025 18:40,6744.18
14/10/2025 18:45,6721.02
14/10/2025 18:50,6662.3
14/10/2025 18:55,6773.96
14/10/2025 19:00,6864.19
14/10/2025 19:05,6718.28
14/10/2025 19:10,6797.2
14/10/2025 19:15,6883.39
14/10/2025 19:20,6840.88
14/10/2025 19:25,6824.42
14/10/2025 19:30,6724.26
14/10/2025 19:35,6748.14
14/10/2025 19:40,6868.84
14/10/2025 19:45,6693.31
14/10/2025 19:50,6861.61
14/10/2025 19:55,6923.67
14/10/2025 20:00,6791.98
14/10/2025 20:05,6724.49
14/10/2025 20:10,6679.88
14/10/2025 20:15,6576.08
14/10/2025 20:20,6653.98
14/10/2025 20:25,6738.04
14/10/2025 20:30,6746.82
14/10/2025 20:35,6653.35
14/10/2025 20:40,6657.83
14/10/2025 20:45,6496.69
14/10/2025 20:50,6638.16
14/10/2025 20:55,6427.9
14/10/2025 21:00,6195.24
14/10/2025 21:05,6224.46
14/10/2025 21:10,6124.59
14/10/2025 21:15,6008.52
14/10/2025 21:20,6093.68
14/10/2025 21:25,6056.79
14/10/2025 21:30,5979.91
14/10/2025 21:35,6143.9
14/10/2025 21:40,5948.42
14/10/2025 21:45,5810.38
14/10/2025 21:50,5956.34
14/10/2025 21:55,5602.16
14/10/2025 22:00,5702.71
14/10/2025 22:05,5845.87
14/10/2025 22:10,5696.94
14/10/2025 22:15,5619.75
14/10/2025 22:20,5726.24
14/10/2025 22:25,5556.39
14/10/2025 22:30,5514.29
14/10/2025 22:35,5302.0
14/10/2025 22:40,5389.77
14/10/2025 22:45,5197.23
14/10/2025 22:50,5249.7
14/10/2025 22:55,5183.25
14/10/2025 23:00,5267.74
14/10/2025 23:05,5160.41
14/10/2025 23:10,5131.66
14/10/2025 23:15,5054.68
14/10/2025 23:20,5118.89
14/10/2025 23:25,5037.31
14/10/2025 23:30,4936.24
14/10/2025 23:35,4823.03
14/10/2025 23:40,4957.71
14/10/2025 23:45,4986.25
14/10/2025 23:50,4822.49
14/10/2025 23:55,4762.82
15/10/2025 00:00,4670.99
15/10/2025 00:05,4675.12
15/10/2025 00:10,4430.08
15/10/2025 00:15,4613.4
15/10/2025 00:20,4617.9
15/10/2025 00:25,4488.4
15/10/2025 00:30,4562.35
15/10/2025 00:35,4559.07
15/10/2025 00:40,4424.69
15/10/2025 00:45,4374.01
15/10/2025 00:50,4551.06
15/10/2025 00:55,4367.51
15/10/2025 01:00,4588.41
15/10/2025 01:05,4449.18
15/10/2025 01:10,4398.73
15/10/2025 01:15,4391.68
15/10/2025 01:20,4269.36
15/10/2025 01:25,4502.06
15/10/2025 01:30,4399.33
15/10/2025 01:35,4431.01
15/10/2025 01:40,4322.46
15/10/2025 01:45,4136.84
15/10/2025 01:50,4200.95
15/10/2025 01:55,4240.36
15/10/2025 02:00,3868.18
15/10/2025 02:05,3845.06
15/10/2025 02:10,3725.56
15/10/2025 02:15,3577.42
15/10/2025 02:20,3688.41
15/10/2025 02:25,3980.07
15/10/2025 02:30,3687.11
15/10/2025 02:35,3904.96
15/10/2025 02:40,3887.15
15/10/2025 02:45,3848.53
15/10/2025 02:50,3698.95
15/10/2025 02:55,3810.39
15/10/2025 03:00,3837.6
15/10/2025 03:05,3783.55
15/10/2025 03:10,3932.28
15/10/2025 03:15,3749.13
15/10/2025 03:20,3690.08
15/10/2025 03:25,3766.57
15/10/2025 03:30,3843.7
15/10/2025 03:35,3867.99
15/10/2025 03:40,3895.08
15/10/2025 03:45,3885.48
15/10/2025 03:50,3922.95
15/10/2025 03:55,3794.88
15/10/2025 04:00,3765.55
15/10/2025 04:05,3843.16
15/10/2025 04:10,3805.49
15/10/2025 04:15,3919.96
15/10/2025 04:20,3642.81
15/10/2025 04:25,3850.68
15/10/2025 04:30,3752.6
15/10/2025 04:35,3601.86
15/10/2025 04:40,3836.35
15/10/2025 04:45,3650.58
15/10/2025 04:50,3766.65
15/10/2025 04:55,3766.75
15/10/2025 05:00,4025.17
15/10/2025 05:05,4050.61
15/10/2025 05:10,4087.0
15/10/2025 05:15,4098.07
15/10/2025 05:20,4017.55
15/10/2025 05:25,4195.21
15/10/2025 05:30,4365.69
15/10/2025 05:35,4199.2
15/10/2025 05:40,4414.91
15/10/2025 05:45,4404.69
15/10/2025 05:50,4376.18
15/10/2025 05:55,4387.66
15/10/2025 06:00,4320.33
15/10/2025 06:05,4484.64
15/10/2025 06:10,4496.13
15/10/2025 06:15,4468.16
15/10/2025 06:20,4594.88
15/10/2025 06:25,4638.35
15/10/2025 06:30,4681.08
15/10/2025 06:35,4578.24
15/10/2025 06:40,4871.84
15/10/2025 06:45,4771.86
15/10/2025 06:50,4726.44
15/10/2025 06:55,4760.09
15/10/2025 07:00,4823.86
15/10/2025 07:05,4849.58
15/10/2025 07:10,5006.22
15/10/2025 07:15,5020.97
15/10/2025 07:20,5119.95
15/10/2025 07:25,5020.45
15/10/2025 07:30,5190.74
15/10/2025 07:35,5185.89
15/10/2025 07:40,5263.8
15/10/2025 07:45,5302.39
15/10/2025 07:50,5259.14
15/10/2025 07:55,5378.88
15/10/2025 08:00,5405.47
15/10/2025 08:05,5286.48
15/10/2025 08:10,5437.6
15/10/2025 08:15,5586.49
15/10/2025 08:20,5635.2
15/10/2025 08:25,5598.18
15/10/2025 08:30,5500.48
15/10/2025 08:35,5754.19
15/10/2025 08:40,5600.87
15/10/2025 08:45,5733.85
15/10/2025 08:50,5670.55
15/10/2025 08:55,5752.66
15/10/2025 09:00,5864.64
15/10/2025 09:05,5868.86
15/10/2025 09:10,5744.99
15/10/2025 09:15,5689.32
15/10/2025 09:20,5765.98
15/10/2025 09:25,5903.47
15/10/2025 09:30,5863.15
15/10/2025 09:35,5830.09
15/10/2025 09:40,5802.68
15/10/2025 09:45,5909.15
15/10/2025 09:50,5827.56
15/10/2025 09:55,5933.83
15/10/2025 10:00,5894.78
15/10/2025 10:05,5918.1
15/10/2025 10:10,5813.97
15/10/2025 10:15,5912.44
15/10/2025 10:20,5912.07
15/10/2025 10:25,6014.64
15/10/2025 10:30,5813.13
15/10/2025 10:35,5822.85
15/10/2025 10:40,5919.59
15/10/2025 10:45,5905.78
15/10/2025 10:50,5879.94
15/10/2025 10:55,5776.03
15/10/2025 11:00,5920.71
15/10/2025 11:05,5929.3
15/10/2025 11:10,5841.96
15/10/2025 11:15,5951.96
15/10/2025 11:20,5830.86
15/10/2025 11:25,5993.37
15/10/2025 11:30,5930.08
15/10/2025 11:35,5764.73
15/10/2025 11:40,5714.53
15/10/2025 11:45,5881.79
15/10/2025 11:50,5729.07
15/10/2025 11:55,5835.88
15/10/2025 12:00,5609.59
15/10/2025 12:05,5572.76
15/10/2025 12:10,5812.06
15/10/2025 12:15,5674.04
15/10/2025 12:20,5614.9
15/10/2025 12:25,5715.33
15/10/2025 12:30,5602.45
15/10/2025 12:35,5600.36
15/10/2025 12:40,5596.59
15/10/2025 12:45,5633.11
15/10/2025 12:50,5674.29
15/10/2025 12:55,5698.43
15/10/2025 13:00,5642.92
15/10/2025 13:05,5556.79
15/10/2025 13:10,5507.78
15/10/2025 13:15,5524.03
15/10/2025 13:20,5587.69
15/10/2025 13:25,5613.31
15/10/2025 13:30,5438.67
15/10/2025 13:35,5655.64
15/10/2025 13:40,5616.19
15/10/2025 13:45,5653.01
15/10/2025 13:50,5464.37
15/10/2025 13:55,5489.53
15/10/2025 14:00,5405.74
15/10/2025 14:05,5679.94
15/10/2025 14:10,5619.48
15/10/2025 14:15,5560.79
15/10/2025 14:20,5465.04
15/10/2025 14:25,5450.61
15/10/2025 14:30,5432.55
15/10/2025 14:35,5455.93
15/10/2025 14:40,5360.54
15/10/2025 14:45,5399.99
15/10/2025 14:50,5482.86
15/10/2025 14:55,5489.67
15/10/2025 15:00,5587.28
15/10/2025 15:05,5556.86
15/10/2025 15:10,5633.46
15/10/2025 15:15,5524.31
15/10/2025 15:20,5551.92
15/10/2025 15:25,5538.82
15/10/2025 15:30,5601.56
15/10/2025 15:35,5624.04
15/10/2025 15:40,5689.97
15/10/2025 15:45,5635.55
15/10/2025 15:50,5604.27
15/10/2025 15:55,5694.31
15/10/2025 16:00,5566.05
15/10/2025 16:05,5677.08
15/10/2025 16:10,5675.07
15/10/2025 16:15,5547.42
15/10/2025 16:20,5787.94
15/10/2025 16:25,5716.6
15/10/2025 16:30,5674.41
15/10/2025 16:35,5653.34
15/10/2025 16:40,5846.38
15/10/2025 16:45,5710.78
15/10/2025 16:50,5776.9
15/10/2025 16:55,5800.77
15/10/2025 17:00,5947.1
15/10/2025 17:05,5840.51
15/10/2025 17:10,5913.22
15/10/2025 17:15,5915.72
15/10/2025 17:20,5868.03
15/10/2025 17:25,5786.87
15/10/2025 17:30,5963.9
15/10/2025 17:35,6028.99
15/10/2025 17:40,6022.81
15/10/2025 17:45,5913.27
15/10/2025 17:50,6051.82
15/10/2025 17:55,5989.39
15/10/2025 18:00,6469.93
15/10/2025 18:05,6692.8
15/10/2025 18:10,6650.61
15/10/2025 18:15,6437.09
15/10/2025 18:20,6673.46
15/10/2025 18:25,6653.9
15/10/2025 18:30,6754.35
15/10/2025 18:35,6695.37
15/10/2025 18:40,6633.28
15/10/2025 18:45,6683.38
15/10/2025 18:50,6665.26
15/10/2025 18:55,6839.9
15/10/2025 19:00,6801.27
15/10/2025 19:05,6702.24
15/10/2025 19:10,6826.64
15/10/2025 19:15,6732.36
15/10/2025 19:20,6906.07
15/10/2025 19:25,6820.65
15/10/2025 19:30,6867.04
15/10/2025 19:35,6893.28
15/10/2025 19:40,6776.64
15/10/2025 19:45,6765.88
15/10/2025 19:50,6941.53
15/10/2025 19:55,6916.68
15/10/2025 20:00,6683.05
15/10/2025 20:05,6735.43
15/10/2025 20:10,6707.85
15/10/2025 20:15,6814.57
15/10/2025 20:20,6701.81
15/10/2025 20:25,6622.05
15/10/2025 20:30,6622.5
15/10/2025 20:35,6591.94
15/10/2025 20:40,6714.37
15/10/2025 20:45,6691.82
15/10/2025 20:50,6514.13
15/10/2025 20:55,6371.64
15/10/2025 21:00,6129.9
15/10/2025 21:05,6224.39
15/10/2025 21:10,6139.92
15/10/2025 21:15,6063.27
15/10/2025 21:20,5987.61
15/10/2025 21:25,6063.72
15/10/2025 21:30,5873.28
15/10/2025 21:35,5880.92
15/10/2025 21:40,5902.42
15/10/2025 21:45,5877.32
15/10/2025 21:50,5725.98
15/10/2025 21:55,5747.5
15/10/2025 22:00,5727.87
15/10/2025 22:05,5632.68
15/10/2025 22:10,5628.17
15/10/2025 22:15,5636.88
15/10/2025 22:20,5407.01
15/10/2025 22:25,5676.94
15/10/2025 22:30,5527.68
15/10/2025 22:35,5492.34
15/10/2025 22:40,5233.24
15/10/2025 22:45,5378.99
15/10/2025 22:50,5382.42
15/10/2025 22:55,5289.0
15/10/2025 23:00,5267.86
15/10/2025 23:05,5264.85
15/10/2025 23:10,5057.94
15/10/2025 23:15,5030.74
15/10/2025 23:20,5099.59
15/10/2025 23:25,5041.12
15/10/2025 23:30,5094.27
15/10/2025 23:35,4972.36
15/10/2025 23:40,4921.12
15/10/2025 23:45,4849.56
15/10/2025 23:50,4730.11
15/10/2025 23:55,4809.19
16/10/2025 00:00,4797.88
16/10/2025 00:05,4623.35
16/10/2025 00:10,4668.32
16/10/2025 00:15,4693.89
16/10/2025 00:20,4577.26
16/10/2025 00:25,4522.96
16/10/2025 00:30,4496.93
16/10/2025 00:35,4659.01
16/10/2025 00:40,4512.29
16/10/2025 00:45,4433.56
16/10/2025 00:50,4407.36
16/10/2025 00:55,4410.98
16/10/2025 01:00,4343.86
16/10/2025 01:05,4217.33
16/10/2025 01:10,4292.6
16/10/2025 01:15,4322.61
16/10/2025 01:20,4373.09
16/10/2025 01:25,4365.77
16/10/2025 01:30,4404.34
16/10/2025 01:35,4199.12
16/10/2025 01:40,4378.32
16/10/2025 01:45,4297.13
16/10/2025 01:50,4160.98
16/10/2025 01:55,4302.07
16/10/2025 02:00,3657.81
16/10/2025 02:05,3737.4
16/10/2025 02:10,3708.64
16/10/2025 02:15,3911.78
16/10/2025 02:20,3867.44
16/10/2025 02:25,3718.84
16/10/2025 02:30,3715.86
16/10/2025 02:35,3606.29
16/10/2025 02:40,3701.18
16/10/2025 02:45,3958.87
16/10/2025 02:50,3828.14
16/10/2025 02:55,3714.98
16/10/2025 03:00,3641.29
16/10/2025 03:05,3822.43
16/10/2025 03:10,3805.66
16/10/2025 03:15,3817.08
16/10/2025 03:20,3756.99
16/10/2025 03:25,3814.23
16/10/2025 03:30,3785.0
16/10/2025 03:35,3622.34
16/10/2025 03:40,3994.14
16/10/2025 03:45,3704.04
16/10/2025 03:50,3771.91
16/10/2025 03:55,3925.11
16/10/2025 04:00,3792.69
16/10/2025 04:05,3762.76
16/10/2025 04:10,3852.31
16/10/2025 04:15,3844.27
16/10/2025 04:20,3678.08
16/10/2025 04:25,3697.61
16/10/2025 04:30,3849.11
16/10/2025 04:35,3760.79
16/10/2025 04:40,3832.91
16/10/2025 04:45,3960.98
16/10/2025 04:50,3780.36
16/10/2025 04:55,3789.9
16/10/2025 05:00,3938.04
16/10/2025 05:05,4173.39
16/10/2025 05:10,4079.44
16/10/2025 05:15,4139.66
16/10/2025 05:20,4157.5
16/10/2025 05:25,4172.72
16/10/2025 05:30,4263.04
16/10/2025 05:35,4188.04
16/10/2025 05:40,4347.92
16/10/2025 05:45,4367.67
16/10/2025 05:50,4341.9
16/10/2025 05:55,4438.04
16/10/2025 06:00,4276.78
16/10/2025 06:05,4313.03
16/10/2025 06:10,4535.16
16/10/2025 06:15,4709.86
16/10/2025 06:20,4605.54
16/10/2025 06:25,4644.53
16/10/2025 06:30,4542.34
16/10/2025 06:35,4632.8
16/10/2025 06:40,4707.82
16/10/2025 06:45,4752.21
16/10/2025 06:50,4763.98
16/10/2025 06:55,4829.08
16/10/2025 07:00,4900.88
16/10/2025 07:05,4790.94
16/10/2025 07:10,4990.38
16/10/2025 07:15,4851.23
16/10/2025 07:20,5055.47
16/10/2025 07:25,5147.61
16/10/2025 07:30,5178.66
16/10/2025 07:35,5045.34
16/10/2025 07:40,5182.22
16/10/2025 07:45,5217.94
16/10/2025 07:50,5244.28
16/10/2025 07:55,5312.88
16/10/2025 08:00,5230.82
16/10/2025 08:05,5393.11
16/10/2025 08:10,5338.98
16/10/2025 08:15,5406.75
16/10/2025 08:20,5575.51
16/10/2025 08:25,5683.79
16/10/2025 08:30,5729.9
16/10/2025 08:35,5602.53
16/10/2025 08:40,5678.26
16/10/2025 08:45,5924.0
16/10/2025 08:50,5866.69
16/10/2025 08:55,5900.04
16/10/2025 09:00,5643.96
16/10/2025 09:05,5586.63
16/10/2025 09:10,5685.18
16/10/2025 09:15,5682.71
16/10/2025 09:20,5739.18
16/10/2025 09:25,5828.62
16/10/2025 09:30,5818.72
16/10/2025 09:35,5776.91
16/10/2025 09:40,5834.48
16/10/2025 09:45,5769.82
16/10/2025 09:50,5892.34
16/10/2025 09:55,5757.65
16/10/2025 10:00,6009.09
16/10/2025 10:05,5930.63
16/10/2025 10:10,5968.63
16/10/2025 10:15,5968.75
16/10/2025 10:20,6001.94
16/10/2025 10:25,6039.46
16/10/2025 10:30,5795.09
16/10/2025 10:35,6044.2
16/10/2025 10:40,5741.11
16/10/2025 10:45,5936.03
16/10/2025 10:50,6088.96
16/10/2025 10:55,6001.33
16/10/2025 11:00,5815.02
16/10/2025 11:05,5937.99
16/10/2025 11:10,6107.3
16/10/2025 11:15,5976.89
16/10/2025 11:20,5736.51
16/10/2025 11:25,5852.67
16/10/2025 11:30,5676.07
16/10/2025 11:35,5983.61
16/10/2025 11:40,5776.24
16/10/2025 11:45,5824.82
16/10/2025 11:50,5835.3
16/10/2025 11:55,5759.11
16/10/2025 12:00,5740.82
16/10/2025 12:05,5709.68
16/10/2025 12:10,5537.22
16/10/2025 12:15,5427.15
16/10/2025 12:20,5644.61
16/10/2025 12:25,5562.38
16/10/2025 12:30,5729.76
16/10/2025 12:35,5587.09
16/10/2025 12:40,5441.45
16/10/2025 12:45,5572.72
16/10/2025 12:50,5688.39
16/10/2025 12:55,5686.08
16/10/2025 13:00,5690.53
16/10/2025 13:05,5648.28
16/10/2025 13:10,5576.87
16/10/2025 13:15,5634.26
16/10/2025 13:20,5563.64
16/10/2025 13:25,5544.87
16/10/2025 13:30,5615.31
16/10/2025 13:35,5521.22
16/10/2025 13:40,5433.9
16/10/2025 13:45,5535.89
16/10/2025 13:50,5567.95
16/10/2025 13:55,5588.5
16/10/2025 14:00,5619.5
16/10/2025 14:05,5559.58
16/10/2025 14:10,5598.32
16/10/2025 14:15,5354.57
16/10/2025 14:20,5573.5
16/10/2025 14:25,5402.6
16/10/2025 14:30,5460.63
16/10/2025 14:35,5426.1
16/10/2025 14:40,5509.16
16/10/2025 14:45,5464.96
16/10/2025 14:50,5388.6
16/10/2025 14:55,5524.23
16/10/2025 15:00,5498.81
16/10/2025 15:05,5539.41
16/10/2025 15:10,5644.61
16/10/2025 15:15,5552.85
16/10/2025 15:20,5600.9
16/10/2025 15:25,5567.11
16/10/2025 15:30,5501.66
16/10/2025 15:35,5720.14
16/10/2025 15:40,5639.9
16/10/2025 15:45,5732.54
16/10/2025 15:50,5669.72
16/10/2025 15:55,5666.43
16/10/2025 16:00,5557.1
16/10/2025 16:05,5705.63
16/10/2025 16:10,5848.2
16/10/2025 16:15,5734.03
16/10/2025 16:20,5868.53
16/10/2025 16:25,5800.54
16/10/2025 16:30,5934.44
16/10/2025 16:35,5876.53
16/10/2025 16:40,5798.26
16/10/2025 16:45,5852.17
16/10/2025 16:50,5748.23
16/10/2025 16:55,5770.95
16/10/2025 17:00,5877.17
16/10/2025 17:05,5856.59
16/10/2025 17:10,5739.37
16/10/2025 17:15,5956.21
16/10/2025 17:20,5859.85
16/10/2025 17:25,6003.83
16/10/2025 17:30,6082.21
16/10/2025 17:35,6088.26
16/10/2025 17:40,5939.2
16/10/2025 17:45,6104.18
16/10/2025 17:50,6040.81
16/10/2025 17:55,6298.13
16/10/2025 18:00,6590.35
16/10/2025 18:05,6633.5
16/10/2025 18:10,6669.65
16/10/2025 18:15,6613.01
16/10/2025 18:20,6698.78
16/10/2025 18:25,6472.92
16/10/2025 18:30,6585.98
16/10/2025 18:35,6683.02
16/10/2025 18:40,6635.21
16/10/2025 18:45,6893.52
16/10/2025 18:50,6737.14
16/10/2025 18:55,6794.71
16/10/2025 19:00,6776.92
16/10/2025 19:05,6890.13
16/10/2025 19:10,6964.63
16/10/2025 19:15,6889.91
16/10/2025 19:20,6806.77
16/10/2025 19:25,6856.98
16/10/2025 19:30,6941.48
16/10/2025 19:35,6877.71
16/10/2025 19:40,6776.66
16/10/2025 19:45,6793.38
16/10/2025 19:50,6841.93
16/10/2025 19:55,6832.55
16/10/2025 20:00,6787.53
16/10/2025 20:05,6695.22
16/10/2025 20:10,6693.13
16/10/2025 20:15,6844.49
16/10/2025 20:20,6810.4
16/10/2025 20:25,6545.01
16/10/2025 20:30,6737.54
16/10/2025 20:35,6699.74
16/10/2025 20:40,6551.3
16/10/2025 20:45,6707.57
16/10/2025 20:50,6583.21
16/10/2025 20:55,6592.37
16/10/2025 21:00,6274.41
16/10/2025 21:05,6258.55
16/10/2025 21:10,6006.99
16/10/2025 21:15,6178.81
16/10/2025 21:20,5959.72
16/10/2025 21:25,6013.92
16/10/2025 21:30,5932.04
16/10/2025 21:35,5811.92
16/10/2025 21:40,5825.35
16/10/2025 21:45,5759.44
16/10/2025 21:50,5937.16
16/10/2025 21:55,5851.6
16/10/2025 22:00,5681.63
16/10/2025 22:05,5594.74
16/10/2025 22:10,5703.88
16/10/2025 22:15,5582.77
16/10/2025 22:20,5596.81
16/10/2025 22:25,5619.5
16/10/2025 22:30,5483.38
16/10/2025 22:35,5433.26
16/10/2025 22:40,5374.59
16/10/2025 22:45,5340.81
16/10/2025 22:50,5228.47
16/10/2025 22:55,5276.5
16/10/2025 23:00,5223.94
16/10/2025 23:05,5104.45
16/10/2025 23:10,5113.45
16/10/2025 23:15,5120.24
16/10/2025 23:20,5005.69
16/10/2025 23:25,5067.62
16/10/2025 23:30,5004.45
16/10/2025 23:35,4784.3
16/10/2025 23:40,4892.71
16/10/2025 23:45,4713.62
16/10/2025 23:50,4778.81
16/10/2025 23:55,4695.17
17/10/2025 00:00,4530.8
17/10/2025 00:05,4720.21
17/10/2025 00:10,4562.95
17/10/2025 00:15,4610.18
17/10/2025 00:20,4657.33
17/10/2025 00:25,4520.6
17/10/2025 00:30,4446.0
17/10/2025 00:35,4535.9
17/10/2025 00:40,4520.53
17/10/2025 00:45,4359.46
17/10/2025 00:50,4490.39
17/10/2025 00:55,4458.56
17/10/2025 01:00,4647.96
17/10/2025 01:05,4319.41
17/10/2025 01:10,4318.31
17/10/2025 01:15,4306.03
17/10/2025 01:20,4395.33
17/10/2025 01:25,4278.93
17/10/2025 01:30,4142.13
17/10/2025 01:35,4363.51
17/10/2025 01:40,4338.04
17/10/2025 01:45,4198.95
17/10/2025 01:50,4179.05
17/10/2025 01:55,4309.61
17/10/2025 02:00,3774.8
17/10/2025 02:05,3642.56
17/10/2025 02:10,3824.83
17/10/2025 02:15,3836.89
17/10/2025 02:20,3712.69
17/10/2025 02:25,3831.21
17/10/2025 02:30,3912.3
17/10/2025 02:35,3852.64
17/10/2025 02:40,3751.82
17/10/2025 02:45,3721.07
17/10/2025 02:50,3847.67
17/10/2025 02:55,3616.78
17/10/2025 03:00,3766.92
17/10/2025 03:05,3893.55
17/10/2025 03:10,3813.21
17/10/2025 03:15,3635.51
17/10/2025 03:20,3712.12
17/10/2025 03:25,3694.75
17/10/2025 03:30,3946.55
17/10/2025 03:35,3668.45
17/10/2025 03:40,3769.55
17/10/2025 03:45,3921.88
17/10/2025 03:50,3714.04
17/10/2025 03:55,3862.05
17/10/2025 04:00,3819.06
17/10/2025 04:05,3736.4
17/10/2025 04:10,3782.74
17/10/2025 04:15,3582.54
17/10/2025 04:20,3767.45
17/10/2025 04:25,3876.35
17/10/2025 04:30,3758.85
17/10/2025 04:35,3847.97
17/10/2025 04:40,3796.58
17/10/2025 04:45,3930.01
17/10/2025 04:50,3731.22
17/10/2025 04:55,3807.56
17/10/2025 05:00,3937.56
17/10/2025 05:05,4145.37
17/10/2025 05:10,4190.42
17/10/2025 05:15,4091.71
17/10/2025 05:20,4176.07
17/10/2025 05:25,4215.33
17/10/2025 05:30,4270.46
17/10/2025 05:35,4284.01
17/10/2025 05:40,4245.16
17/10/2025 05:45,4381.01
17/10/2025 05:50,4239.39
17/10/2025 05:55,4422.92
17/10/2025 06:00,4370.01
17/10/2025 06:05,4397.37
17/10/2025 06:10,4462.32
17/10/2025 06:15,4443.66
17/10/2025 06:20,4691.82
17/10/2025 06:25,4653.98
17/10/2025 06:30,4619.3
17/10/2025 06:35,4548.16
17/10/2025 06:40,4670.21
17/10/2025 06:45,4708.1
17/10/2025 06:50,4668.23
17/10/2025 06:55,4787.48
17/10/2025 07:00,4819.13
17/10/2025 07:05,5019.1
17/10/2025 07:10,5082.93
17/10/2025 07:15,5041.5
17/10/2025 07:20,5099.55
17/10/2025 07:25,5027.9
17/10/2025 07:30,5198.63
17/10/2025 07:35,5117.8
17/10/2025 07:40,5298.42
17/10/2025 07:45,5243.07
17/10/2025 07:50,5229.92
17/10/2025 07:55,5290.5
17/10/2025 08:00,5306.95
17/10/2025 08:05,5286.08
17/10/2025 08:10,5609.25
17/10/2025 08:15,5380.16
17/10/2025 08:20,5669.5
17/10/2025 08:25,5685.61
17/10/2025 08:30,5608.2
17/10/2025 08:35,5701.34
17/10/2025 08:40,5682.96
17/10/2025 08:45,5903.36
17/10/2025 08:50,5693.78
17/10/2025 08:55,5790.22
17/10/2025 09:00,5782.94
17/10/2025 09:05,5756.59
17/10/2025 09:10,5656.7
17/10/2025 09:15,5758.46
17/10/2025 09:20,5773.87
17/10/2025 09:25,5773.69
17/10/2025 09:30,5733.7
17/10/2025 09:35,5894.62
17/10/2025 09:40,6047.53
17/10/2025 09:45,5660.57
17/10/2025 09:50,5895.93
17/10/2025 09:55,5806.41
17/10/2025 10:00,5785.39
17/10/2025 10:05,5873.33
17/10/2025 10:10,5928.77
17/10/2025 10:15,5870.4
17/10/2025 10:20,5931.7
17/10/2025 10:25,5884.43
17/10/2025 10:30,5970.56
17/10/2025 10:35,5785.41
17/10/2025 10:40,5964.16
17/10/2025 10:45,5888.83
17/10/2025 10:50,5866.33
17/10/2025 10:55,5964.99
17/10/2025 11:00,5822.11
17/10/2025 11:05,5979.71
17/10/2025 11:10,5906.15
17/10/2025 11:15,5967.62
17/10/2025 11:20,6010.34
17/10/2025 11:25,5753.46
17/10/2025 11:30,5890.84
17/10/2025 11:35,5849.51
17/10/2025 11:40,5873.48
17/10/2025 11:45,5633.61
17/10/2025 11:50,5848.9
17/10/2025 11:55,5823.3
17/10/2025 12:00,5706.61
17/10/2025 12:05,5623.24
17/10/2025 12:10,5505.52
17/10/2025 12:15,5694.92
17/10/2025 12:20,5482.83
17/10/2025 12:25,5714.09
17/10/2025 12:30,5484.37
17/10/2025 12:35,5644.46
17/10/2025 12:40,5522.61
17/10/2025 12:45,5531.26
17/10/2025 12:50,5683.22
17/10/2025 12:55,5671.63
17/10/2025 13:00,5627.33
17/10/2025 13:05,5578.64
17/10/2025 13:10,5650.93
17/10/2025 13:15,5538.63
17/10/2025 13:20,5629.13
17/10/2025 13:25,5600.21
17/10/2025 13:30,5653.66
17/10/2025 13:35,5653.28
17/10/2025 13:40,5602.21
17/10/2025 13:45,5602.62
17/10/2025 13:50,5596.49
17/10/2025 13:55,5512.85
17/10/2025 14:00,5425.87
17/10/2025 14:05,5512.86
17/10/2025 14:10,5481.71
17/10/2025 14:15,5601.82
17/10/2025 14:20,5397.68
17/10/2025 14:25,5458.65
17/10/2025 14:30,5611.44
17/10/2025 14:35,5386.9
17/10/2025 14:40,5407.38
17/10/2025 14:45,5379.06
17/10/2025 14:50,5503.58
17/10/2025 14:55,5479.55
17/10/2025 15:00,5430.0
17/10/2025 15:05,5528.24
17/10/2025 15:10,5633.42
17/10/2025 15:15,5602.56
17/10/2025 15:20,5602.88
17/10/2025 15:25,5535.17
17/10/2025 15:30,5451.62
17/10/2025 15:35,5555.27
17/10/2025 15:40,5558.04
17/10/2025 15:45,5604.19
17/10/2025 15:50,5791.84
17/10/2025 15:55,5661.44
17/10/2025 16:00,5674.56
17/10/2025 16:05,5775.42
17/10/2025 16:10,5660.2
17/10/2025 16:15,5794.1
17/10/2025 16:20,5736.96
17/10/2025 16:25,5850.87
17/10/2025 16:30,5653.35
17/10/2025 16:35,5874.27
17/10/2025 16:40,5634.54
17/10/2025 16:45,5840.76
17/10/2025 16:50,5860.44
17/10/2025 16:55,5824.45
17/10/2025 17:00,5897.34
17/10/2025 17:05,5758.44
17/10/2025 17:10,5998.11
17/10/2025 17:15,6000.92
17/10/2025 17:20,5749.85
17/10/2025 17:25,5860.79
17/10/2025 17:30,5991.8
17/10/2025 17:35,5897.65
17/10/2025 17:40,5987.33
17/10/2025 17:45,5943.81
17/10/2025 17:50,6002.76
17/10/2025 17:55,6012.94
17/10/2025 18:00,6586.01
17/10/2025 18:05,6482.67
17/10/2025 18:10,6493.96
17/10/2025 18:15,6670.21
17/10/2025 18:20,6649.39
17/10/2025 18:25,6553.79
17/10/2025 18:30,6595.9
17/10/2025 18:35,6793.12
17/10/2025 18:40,6623.25
17/10/2025 18:45,6602.01
17/10/2025 18:50,6892.27
17/10/2025 18:55,6842.78
17/10/2025 19:00,6732.37
17/10/2025 19:05,6962.67
17/10/2025 19:10,6840.77
17/10/2025 19:15,6799.7
17/10/2025 19:20,6801.91
17/10/2025 19:25,6793.96
17/10/2025 19:30,6895.32
17/10/2025 19:35,6732.6
17/10/2025 19:40,6948.49
17/10/2025 19:45,6881.7
17/10/2025 19:50,6916.5
17/10/2025 19:55,6919.33
17/10/2025 20:00,6755.22
17/10/2025 20:05,6877.78
17/10/2025 20:10,6853.99
17/10/2025 20:15,6853.75
17/10/2025 20:20,6728.13
17/10/2025 20:25,6613.58
17/10/2025 20:30,6740.93
17/10/2025 20:35,6556.74
17/10/2025 20:40,6521.62
17/10/2025 20:45,6430.81
17/10/2025 20:50,6467.63
17/10/2025 20:55,6674.73
17/10/2025 21:00,6106.94
17/10/2025 21:05,6253.88
17/10/2025 21:10,6107.47
17/10/2025 21:15,6110.0
17/10/2025 21:20,5996.13
17/10/2025 21:25,5885.09
17/10/2025 21:30,5789.23
17/10/2025 21:35,5899.96
17/10/2025 21:40,5778.81
17/10/2025 21:45,5819.28
17/10/2025 21:50,5845.03
17/10/2025 21:55,5632.54
17/10/2025 22:00,5722.78
17/10/2025 22:05,5654.47
17/10/2025 22:10,5594.47
17/10/2025 22:15,5543.85
17/10/2025 22:20,5522.93
17/10/2025 22:25,5551.42
17/10/2025 22:30,5424.14
17/10/2025 22:35,5305.35
17/10/2025 22:40,5321.4
17/10/2025 22:45,5370.76
17/10/2025 22:50,5263.9
17/10/2025 22:55,5221.47
17/10/2025 23:00,5163.99
17/10/2025 23:05,5244.68
17/10/2025 23:10,5205.18
17/10/2025 23:15,4989.02
17/10/2025 23:20,5004.49
17/10/2025 23:25,5040.53
17/10/2025 23:30,4896.85
17/10/2025 23:35,4824.59
17/10/2025 23:40,4769.03
17/10/2025 23:45,4817.05
17/10/2025 23:50,4826.24
17/10/2025 23:55,4769.55
18/10/2025 00:00,4374.96
18/10/2025 00:05,4279.98
18/10/2025 00:10,4324.49
18/10/2025 00:15,4486.7
18/10/2025 00:20,4278.36
18/10/2025 00:25,4358.22
18/10/2025 00:30,4415.27
18/10/2025 00:35,4253.71
18/10/2025 00:40,4341.11
18/10/2025 00:45,4202.37
18/10/2025 00:50,4176.39
18/10/2025 00:55,4178.23
18/10/2025 01:00,4261.52
18/10/2025 01:05,4210.4
18/10/2025 01:10,4102.2
18/10/2025 01:15,4095.16
18/10/2025 01:20,4056.46
18/10/2025 01:25,4092.67
18/10/2025 01:30,4043.16
18/10/2025 01:35,4025.71
18/10/2025 01:40,4172.08
18/10/2025 01:45,4071.87
18/10/2025 01:50,3958.33
18/10/2025 01:55,3879.02
18/10/2025 02:00,3497.88
18/10/2025 02:05,3660.7
18/10/2025 02:10,3619.55
18/10/2025 02:15,3540.08
18/10/2025 02:20,3568.15
18/10/2025 02:25,3476.03
18/10/2025 02:30,3536.83
18/10/2025 02:35,3691.19
18/10/2025 02:40,3369.0
18/10/2025 02:45,3576.3
18/10/2025 02:50,3338.85
18/10/2025 02:55,3474.98
18/10/2025 03:00,3641.45
18/10/2025 03:05,3461.34
18/10/2025 03:10,3538.3
18/10/2025 03:15,3408.44
18/10/2025 03:20,3694.42
18/10/2025 03:25,3578.12
18/10/2025 03:30,3424.58
18/10/2025 03:35,3564.26
18/10/2025 03:40,3710.75
18/10/2025 03:45,3539.8
18/10/2025 03:50,3521.54
18/10/2025 03:55,3603.13
18/10/2025 04:00,3653.76
18/10/2025 04:05,3679.26
18/10/2025 04:10,3626.39
18/10/2025 04:15,3511.64
18/10/2025 04:20,3514.11
18/10/2025 04:25,3477.13
18/10/2025 04:30,3568.5
18/10/2025 04:35,3550.85
18/10/2025 04:40,3530.7
18/10/2025 04:45,3572.49
18/10/2025 04:50,3628.45
18/10/2025 04:55,3547.53
18/10/2025 05:00,3871.08
18/10/2025 05:05,3761.78
18/10/2025 05:10,3937.84
18/10/2025 05:15,3895.04
18/10/2025 05:20,3960.44
18/10/2025 05:25,3861.1
18/10/2025 05:30,3985.2
18/10/2025 05:35,4175.96
18/10/2025 05:40,4007.5
18/10/2025 05:45,4111.61
18/10/2025 05:50,4049.54
18/10/2025 05:55,4213.12
18/10/2025 06:00,4009.09
18/10/2025 06:05,4128.78
18/10/2025 06:10,4325.52
18/10/2025 06:15,4277.03
18/10/2025 06:20,4232.42
18/10/2025 06:25,4341.86
18/10/2025 06:30,4415.58
18/10/2025 06:35,4382.51
18/10/2025 06:40,4446.91
18/10/2025 06:45,4430.79
18/10/2025 06:50,4530.58
18/10/2025 06:55,4371.48
18/10/2025 07:00,4500.61
18/10/2025 07:05,4528.25
18/10/2025 07:10,4666.87
18/10/2025 07:15,4579.4
18/10/2025 07:20,4691.97
18/10/2025 07:25,4788.66
18/10/2025 07:30,4845.44
18/10/2025 07:35,4876.74
18/10/2025 07:40,5005.55
18/10/2025 07:45,5110.92
18/10/2025 07:50,5081.93
18/10/2025 07:55,5169.35
18/10/2025 08:00,5177.58
18/10/2025 08:05,5218.03
18/10/2025 08:10,5151.44
18/10/2025 08:15,5099.82
18/10/2025 08:20,5221.04
18/10/2025 08:25,5264.13
18/10/2025 08:30,5360.7
18/10/2025 08:35,5462.16
18/10/2025 08:40,5545.7
18/10/2025 08:45,5678.49
18/10/2025 08:50,5614.37
18/10/2025 08:55,5571.37
18/10/2025 09:00,5402.76
18/10/2025 09:05,5446.68
18/10/2025 09:10,5457.33
18/10/2025 09:15,5432.14
18/10/2025 09:20,5489.11
18/10/2025 09:25,5637.44
18/10/2025 09:30,5592.04
18/10/2025 09:35,5545.01
18/10/2025 09:40,5428.07
18/10/2025 09:45,5635.8
18/10/2025 09:50,5682.45
18/10/2025 09:55,5741.63
18/10/2025 10:00,5533.52
18/10/2025 10:05,5715.56
18/10/2025 10:10,5534.74
18/10/2025 10:15,5706.29
18/10/2025 10:20,5719.37
18/10/2025 10:25,5638.13
18/10/2025 10:30,5745.28
18/10/2025 10:35,5738.35
18/10/2025 10:40,5627.42
18/10/2025 10:45,5711.6
18/10/2025 10:50,5783.19
18/10/2025 10:55,5709.71
18/10/2025 11:00,5654.51
18/10/2025 11:05,5763.9
18/10/2025 11:10,5549.37
18/10/2025 11:15,5626.21
18/10/2025 11:20,5536.69
18/10/2025 11:25,5551.69
18/10/2025 11:30,5564.71
18/10/2025 11:35,5550.42
18/10/2025 11:40,5565.15
18/10/2025 11:45,5501.33
18/10/2025 11:50,5525.91
18/10/2025 11:55,5474.74
18/10/2025 12:00,5445.45
18/10/2025 12:05,5305.08
18/10/2025 12:10,5442.75
18/10/2025 12:15,5422.34
18/10/2025 12:20,5191.69
18/10/2025 12:25,5521.08
18/10/2025 12:30,5498.05
18/10/2025 12:35,5350.75
18/10/2025 12:40,5368.08
18/10/2025 12:45,5256.15
18/10/2025 12:50,5245.73
18/10/2025 12:55,5334.83
18/10/2025 13:00,5237.87
18/10/2025 13:05,5302.38
18/10/2025 13:10,5441.72
18/10/2025 13:15,5289.21
18/10/2025 13:20,5402.96
18/10/2025 13:25,5273.54
18/10/2025 13:30,5154.02
18/10/2025 13:35,5300.67
18/10/2025 13:40,5376.04
18/10/2025 13:45,5330.37
18/10/2025 13:50,5254.71
18/10/2025 13:55,5309.73
18/10/2025 14:00,5217.74
18/10/2025 14:05,5412.72
18/10/2025 14:10,5262.34
18/10/2025 14:15,5334.9
18/10/2025 14:20,5366.55
18/10/2025 14:25,5072.26
18/10/2025 14:30,5170.75
18/10/2025 14:35,5286.02
18/10/2025 14:40,5259.73
18/10/2025 14:45,5226.36
18/10/2025 14:50,5245.76
18/10/2025 14:55,5201.69
18/10/2025 15:00,5301.21
18/10/2025 15:05,5249.97
18/10/2025 15:10,5216.51
18/10/2025 15:15,5375.57
18/10/2025 15:20,5313.21
18/10/2025 15:25,5266.26
18/10/2025 15:30,5426.11
18/10/2025 15:35,5350.45
18/10/2025 15:40,5400.61
18/10/2025 15:45,5479.1
18/10/2025 15:50,5487.19
18/10/2025 15:55,5428.14
18/10/2025 16:00,5420.73
18/10/2025 16:05,5351.19
18/10/2025 16:10,5535.08
18/10/2025 16:15,5480.8
18/10/2025 16:20,5365.79
18/10/2025 16:25,5468.89
18/10/2025 16:30,5380.63
18/10/2025 16:35,5540.31
18/10/2025 16:40,5452.5
18/10/2025 16:45,5544.15
18/10/2025 16:50,5557.26
18/10/2025 16:55,5678.13
18/10/2025 17:00,5623.15
18/10/2025 17:05,5711.07
18/10/2025 17:10,5627.07
18/10/2025 17:15,5555.35
18/10/2025 17:20,5742.37
18/10/2025 17:25,5678.07
18/10/2025 17:30,5646.97
18/10/2025 17:35,5977.16
18/10/2025 17:40,5721.08
18/10/2025 17:45,5699.51
18/10/2025 17:50,5634.96
18/10/2025 17:55,5773.09
18/10/2025 18:00,6186.27
18/10/2025 18:05,6227.41
18/10/2025 18:10,6308.16
18/10/2025 18:15,6322.18
18/10/2025 18:20,6381.5
18/10/2025 18:25,6387.64
18/10/2025 18:30,6352.25
18/10/2025 18:35,6342.52
18/10/2025 18:40,6576.08
18/10/2025 18:45,6509.24
18/10/2025 18:50,6500.21
18/10/2025 18:55,6713.93
18/10/2025 19:00,6547.29
18/10/2025 19:05,6664.01
18/10/2025 19:10,6548.53
18/10/2025 19:15,6411.3
18/10/2025 19:20,6691.46
18/10/2025 19:25,6562.9
18/10/2025 19:30,6651.94
18/10/2025 19:35,6547.09
18/10/2025 19:40,6688.35
18/10/2025 19:45,6408.99
18/10/2025 19:50,6428.51
18/10/2025 19:55,6611.51
18/10/2025 20:00,6495.49
18/10/2025 20:05,6624.9
18/10/2025 20:10,6561.15
18/10/2025 20:15,6566.75
18/10/2025 20:20,6421.61
18/10/2025 20:25,6383.83
18/10/2025 20:30,6524.57
18/10/2025 20:35,6368.06
18/10/2025 20:40,6315.53
18/10/2025 20:45,6336.64
18/10/2025 20:50,6392.39
18/10/2025 20:55,6289.23
18/10/2025 21:00,5960.59
18/10/2025 21:05,5892.81
18/10/2025 21:10,5901.09
18/10/2025 21:15,5847.31
18/10/2025 21:20,5867.85
18/10/2025 21:25,5745.12
18/10/2025 21:30,5731.96
18/10/2025 21:35,5705.44
18/10/2025 21:40,5675.85
18/10/2025 21:45,5774.58
18/10/2025 21:50,5538.38
18/10/2025 21:55,5390.33
18/10/2025 22:00,5386.65
18/10/2025 22:05,5412.02
18/10/2025 22:10,5373.45
18/10/2025 22:15,5299.3
18/10/2025 22:20,5290.09
18/10/2025 22:25,5268.22
18/10/2025 22:30,5313.77
18/10/2025 22:35,5256.23
18/10/2025 22:40,5112.03
18/10/2025 22:45,4964.33
18/10/2025 22:50,4980.89
18/10/2025 22:55,5009.97
18/10/2025 23:00,4905.41
18/10/2025 23:05,4838.51
18/10/2025 23:10,4849.7
18/10/2025 23:15,4870.31
18/10/2025 23:20,4629.23
18/10/2025 23:25,4713.12
18/10/2025 23:30,4648.98
18/10/2025 23:35,4633.55
18/10/2025 23:40,4574.15
18/10/2025 23:45,4488.1
18/10/2025 23:50,4580.95
18/10/2025 23:55,4377.71
19/10/2025 00:00,4467.03
19/10/2025 00:05,4413.59
19/10/2025 00:10,4411.74
19/10/2025 00:15,4389.31
19/10/2025 00:20,4190.83
19/10/2025 00:25,4325.91
19/10/2025 00:30,4159.83
19/10/2025 00:35,4287.82
19/10/2025 00:40,4089.87
19/10/2025 00:45,4221.4
19/10/2025 00:50,4241.84
19/10/2025 00:55,4113.03
19/10/2025 01:00,4166.03
19/10/2025 01:05,4287.13
19/10/2025 01:10,3947.37
19/10/2025 01:15,4132.75
19/10/2025 01:20,4086.88
19/10/2025 01:25,4142.37
19/10/2025 01:30,3973.68
19/10/2025 01:35,4181.23
19/10/2025 01:40,4002.79
19/10/2025 01:45,4052.34
19/10/2025 01:50,4068.09
19/10/2025 01:55,4051.02
19/10/2025 02:00,3540.65
19/10/2025 02:05,3439.97
19/10/2025 02:10,3711.13
19/10/2025 02:15,3543.7
19/10/2025 02:20,3594.79
19/10/2025 02:25,3677.88
19/10/2025 02:30,3603.97
19/10/2025 02:35,3651.63
19/10/2025 02:40,3409.67
19/10/2025 02:45,3437.49
19/10/2025 02:50,3517.63
19/10/2025 02:55,3564.93
19/10/2025 03:00,3382.07
19/10/2025 03:05,3540.58
19/10/2025 03:10,3516.28
19/10/2025 03:15,3411.67
19/10/2025 03:20,3492.6
19/10/2025 03:25,3839.45
19/10/2025 03:30,3519.11
19/10/2025 03:35,3435.34
19/10/2025 03:40,3580.6
19/10/2025 03:45,3558.66
19/10/2025 03:50,3680.55
19/10/2025 03:55,3375.31
19/10/2025 04:00,3578.81
19/10/2025 04:05,3527.09
19/10/2025 04:10,3582.25
19/10/2025 04:15,3614.98
19/10/2025 04:20,3476.03
19/10/2025 04:25,3534.19
19/10/2025 04:30,3410.57
19/10/2025 04:35,3559.23
19/10/2025 04:40,3590.81
19/10/2025 04:45,3632.27
19/10/2025 04:50,3593.94
19/10/2025 04:55,3574.23
19/10/2025 05:00,3702.8
19/10/2025 05:05,3804.1
19/10/2025 05:10,3910.89
19/10/2025 05:15,3927.54
19/10/2025 05:20,3896.61
19/10/2025 05:25,3990.56
19/10/2025 05:30,3977.73
19/10/2025 05:35,3945.68
19/10/2025 05:40,4060.26
19/10/2025 05:45,3949.32
19/10/2025 05:50,4093.19
19/10/2025 05:55,4032.04
19/10/2025 06:00,4332.75
19/10/2025 06:05,4253.71
19/10/2025 06:10,4226.14
19/10/2025 06:15,4264.88
19/10/2025 06:20,4234.96
19/10/2025 06:25,4390.07
19/10/2025 06:30,4313.15
19/10/2025 06:35,4359.64
19/10/2025 06:40,4471.78
19/10/2025 06:45,4349.76
19/10/2025 06:50,4594.54
19/10/2025 06:55,4494.73
19/10/2025 07:00,4552.9
19/10/2025 07:05,4639.99
19/10/2025 07:10,4742.25
19/10/2025 07:15,4722.16
19/10/2025 07:20,4824.92
19/10/2025 07:25,4807.18
19/10/2025 07:30,4840.12
19/10/2025 07:35,4866.97
19/10/2025 07:40,5015.59
19/10/2025 07:45,5028.37
19/10/2025 07:50,4962.97
19/10/2025 07:55,5060.96
19/10/2025 08:00,4898.57
19/10/2025 08:05,5169.62
19/10/2025 08:10,5130.3
19/10/2025 08:15,5215.63
19/10/2025 08:20,5343.76
19/10/2025 08:25,5345.11
19/10/2025 08:30,5307.7
19/10/2025 08:35,5225.63
19/10/2025 08:40,5512.35
19/10/2025 08:45,5544.18
19/10/2025 08:50,5565.17
19/10/2025 08:55,5670.26
19/10/2025 09:00,5585.01
19/10/2025 09:05,5440.76
19/10/2025 09:10,5475.14
19/10/2025 09:15,5430.91
19/10/2025 09:20,5427.57
19/10/2025 09:25,5666.78
19/10/2025 09:30,5641.86
19/10/2025 09:35,5483.61
19/10/2025 09:40,5715.41
19/10/2025 09:45,5624.0
19/10/2025 09:50,5576.68
19/10/2025 09:55,5702.77
19/10/2025 10:00,5654.88
19/10/2025 10:05,5634.23
19/10/2025 10:10,5633.06
19/10/2025 10:15,5570.57
19/10/2025 10:20,5697.88
19/10/2025 10:25,5724.2
19/10/2025 10:30,5596.44
19/10/2025 10:35,5531.56
19/10/2025 10:40,5596.88
19/10/2025 10:45,5679.31
19/10/2025 10:50,5658.27
19/10/2025 10:55,5837.8
19/10/2025 11:00,5669.7
19/10/2025 11:05,5642.19
19/10/2025 11:10,5552.61
19/10/2025 11:15,5619.8
19/10/2025 11:20,5604.5
19/10/2025 11:25,5589.73
19/10/2025 11:30,5564.49
19/10/2025 11:35,5362.69
19/10/2025 11:40,5379.28
19/10/2025 11:45,5346.98
19/10/2025 11:50,5579.52
19/10/2025 11:55,5499.62
19/10/2025 12:00,5557.21
19/10/2025 12:05,5416.29
19/10/2025 12:10,5405.64
19/10/2025 12:15,5391.74
19/10/2025 12:20,5301.97
19/10/2025 12:25,5240.79
19/10/2025 12:30,5376.63
19/10/2025 12:35,5469.34
19/10/2025 12:40,5273.3
19/10/2025 12:45,5335.14
19/10/2025 12:50,5347.48
19/10/2025 12:55,5340.81
19/10/2025 13:00,5174.14
19/10/2025 13:05,5242.11
19/10/2025 13:10,5292.04
19/10/2025 13:15,5362.3
19/10/2025 13:20,5366.37
19/10/2025 13:25,5344.74
19/10/2025 13:30,5308.75
19/10/2025 13:35,5403.83
19/10/2025 13:40,5249.25
19/10/2025 13:45,5214.82
19/10/2025 13:50,5201.56
19/10/2025 13:55,5347.49
19/10/2025 14:00,5346.29
19/10/2025 14:05,5229.35
19/10/2025 14:10,5289.23
19/10/2025 14:15,5234.24
19/10/2025 14:20,5327.69
19/10/2025 14:25,5310.06
19/10/2025 14:30,5245.1
19/10/2025 14:35,5242.35
19/10/2025 14:40,5251.57
19/10/2025 14:45,5196.28
19/10/2025 14:50,5282.43
19/10/2025 14:55,5210.89
19/10/2025 15:00,5298.05
19/10/2025 15:05,5191.95
19/10/2025 15:10,5269.96
19/10/2025 15:15,5360.33
19/10/2025 15:20,5365.99
19/10/2025 15:25,5389.81
19/10/2025 15:30,5433.02
19/10/2025 15:35,5405.6
19/10/2025 15:40,5360.14
19/10/2025 15:45,5468.33
19/10/2025 15:50,5514.62
19/10/2025 15:55,5362.07
19/10/2025 16:00,5435.07
19/10/2025 16:05,5412.86
19/10/2025 16:10,5468.49
19/10/2025 16:15,5617.01
19/10/2025 16:20,5381.02
19/10/2025 16:25,5531.8
19/10/2025 16:30,5413.16
19/10/2025 16:35,5624.41
19/10/2025 16:40,5637.08
19/10/2025 16:45,5645.01
19/10/2025 16:50,5533.11
19/10/2025 16:55,5534.11
19/10/2025 17:00,5620.55
19/10/2025 17:05,5709.16
19/10/2025 17:10,5695.35
19/10/2025 17:15,5770.89
19/10/2025 17:20,5825.69
19/10/2025 17:25,5616.96
19/10/2025 17:30,5698.19
19/10/2025 17:35,5746.61
19/10/2025 17:40,5755.13
19/10/2025 17:45,5723.87
19/10/2025 17:50,5805.77
19/10/2025 17:55,5706.05
19/10/2025 18:00,6197.01
19/10/2025 18:05,6367.31
19/10/2025 18:10,6449.99
19/10/2025 18:15,6464.51
19/10/2025 18:20,6339.39
19/10/2025 18:25,6344.98
19/10/2025 18:30,6453.26
19/10/2025 18:35,6343.97
19/10/2025 18:40,6275.36
19/10/2025 18:45,6533.04
19/10/2025 18:50,6582.13
19/10/2025 18:55,6575.64
19/10/2025 19:00,6554.68
19/10/2025 19:05,6689.61
19/10/2025 19:10,6520.11
19/10/2025 19:15,6629.83
19/10/2025 19:20,6533.37
19/10/2025 19:25,6644.84
19/10/2025 19:30,6599.58
19/10/2025 19:35,6569.84
19/10/2025 19:40,6562.28
19/10/2025 19:45,6615.29
19/10/2025 19:50,6485.72
19/10/2025 19:55,6667.32
19/10/2025 20:00,6643.56
19/10/2025 20:05,6506.37
19/10/2025 20:10,6494.59
19/10/2025 20:15,6614.75
19/10/2025 20:20,6456.08
19/10/2025 20:25,6342.22
19/10/2025 20:30,6542.12
19/10/2025 20:35,6225.01
19/10/2025 20:40,6342.27
19/10/2025 20:45,6347.77
19/10/2025 20:50,6443.57
19/10/2025 20:55,6383.72
19/10/2025 21:00,6061.9
19/10/2025 21:05,5972.14
19/10/2025 21:10,5845.89
19/10/2025 21:15,5768.97
19/10/2025 21:20,5938.71
19/10/2025 21:25,5725.88
19/10/2025 21:30,5769.94
19/10/2025 21:35,5642.09
19/10/2025 21:40,5689.89
19/10/2025 21:45,5557.81
19/10/2025 21:50,5528.82
19/10/2025 21:55,5455.26
19/10/2025 22:00,5435.81
19/10/2025 22:05,5456.47
19/10/2025 22:10,5274.38
19/10/2025 22:15,5173.27
19/10/2025 22:20,5305.02
19/10/2025 22:25,5287.46
19/10/2025 22:30,5114.45
19/10/2025 22:35,5145.75
19/10/2025 22:40,5187.2
19/10/2025 22:45,5081.46
19/10/2025 22:50,4938.17
19/10/2025 22:55,5105.82
19/10/2025 23:00,4930.3
19/10/2025 23:05,4896.62
19/10/2025 23:10,4795.04
19/10/2025 23:15,4800.69
19/10/2025 23:20,4656.94
19/10/2025 23:25,4821.72
19/10/2025 23:30,4645.78
19/10/2025 23:35,4709.73
19/10/2025 23:40,4524.98
19/10/2025 23:45,4600.83
19/10/2025 23:50,4579.35
19/10/2025 23:55,4530.87
20/10/2025 00:00,4657.74
20/10/2025 00:05,4661.21
20/10/2025 00:10,4580.11
20/10/2025 00:15,4592.77
20/10/2025 00:20,4445.94
20/10/2025 00:25,4583.87
20/10/2025 00:30,4634.28
20/10/2025 00:35,4529.77
20/10/2025 00:40,4557.41
20/10/2025 00:45,4525.86
20/10/2025 00:50,4447.73
20/10/2025 00:55,4472.65
20/10/2025 01:00,4589.91
20/10/2025 01:05,4434.57
20/10/2025 01:10,4375.31
20/10/2025 01:15,4255.11
20/10/2025 01:20,4311.27
20/10/2025 01:25,4461.66
20/10/2025 01:30,4267.91
20/10/2025 01:35,4295.24
20/10/2025 01:40,4483.88
20/10/2025 01:45,4232.63
20/10/2025 01:50,4150.72
20/10/2025 01:55,4210.6
20/10/2025 02:00,3978.0
20/10/2025 02:05,3704.04
20/10/2025 02:10,3731.97
20/10/2025 02:15,3693.92
20/10/2025 02:20,3965.92
20/10/2025 02:25,3739.02
20/10/2025 02:30,3830.7
20/10/2025 02:35,3817.48
20/10/2025 02:40,3903.0
20/10/2025 02:45,3895.79
20/10/2025 02:50,3943.74
20/10/2025 02:55,3842.32
20/10/2025 03:00,3838.52
20/10/2025 03:05,3803.54
20/10/2025 03:10,3907.42
20/10/2025 03:15,3983.37
20/10/2025 03:20,3732.63
20/10/2025 03:25,3834.57
20/10/2025 03:30,3692.57
20/10/2025 03:35,3671.68
20/10/2025 03:40,3861.99
20/10/2025 03:45,3753.31
20/10/2025 03:50,3842.6
20/10/2025 03:55,3713.66
20/10/2025 04:00,3813.75
20/10/2025 04:05,3678.84
20/10/2025 04:10,3760.52
20/10/2025 04:15,3760.32
20/10/2025 04:20,3689.08
20/10/2025 04:25,3819.99
20/10/2025 04:30,3674.56
20/10/2025 04:35,3749.85
20/10/2025 04:40,3914.24
20/10/2025 04:45,3765.25
20/10/2025 04:50,3820.43
20/10/2025 04:55,3855.4
20/10/2025 05:00,4086.24
20/10/2025 05:05,4014.3
20/10/2025 05:10,4061.95
20/10/2025 05:15,4182.98
20/10/2025 05:20,4057.96
20/10/2025 05:25,4117.18
20/10/2025 05:30,4168.24
20/10/2025 05:35,4425.71
20/10/2025 05:40,4270.42
20/10/2025 05:45,4193.49
20/10/2025 05:50,4502.32
20/10/2025 05:55,4354.75
20/10/2025 06:00,4426.03
20/10/2025 06:05,4315.87
20/10/2025 06:10,4467.13
20/10/2025 06:15,4704.82
20/10/2025 06:20,4570.67
20/10/2025 06:25,4656.2
20/10/2025 06:30,4618.44
20/10/2025 06:35,4663.27
20/10/2025 06:40,4751.61
20/10/2025 06:45,4671.48
20/10/2025 06:50,4752.23
20/10/2025 06:55,4874.88
20/10/2025 07:00,4863.45
20/10/2025 07:05,4888.47
20/10/2025 07:10,4865.02
20/10/2025 07:15,5057.19
20/10/2025 07:20,5135.82
20/10/2025 07:25,5016.88
20/10/2025 07:30,5200.62
20/10/2025 07:35,5283.56
20/10/2025 07:40,5249.39
20/10/2025 07:45,5228.54
20/10/2025 07:50,5297.43
20/10/2025 07:55,5348.61
20/10/2025 08:00,5290.68
20/10/2025 08:05,5419.17
20/10/2025 08:10,5368.17
20/10/2025 08:15,5506.26
20/10/2025 08:20,5580.82
20/10/2025 08:25,5705.51
20/10/2025 08:30,5708.75
20/10/2025 08:35,5725.82
20/10/2025 08:40,5780.0
20/10/2025 08:45,5844.85
20/10/2025 08:50,5533.4
20/10/2025 08:55,5886.11
20/10/2025 09:00,5587.36
20/10/2025 09:05,5654.85
20/10/2025 09:10,5834.41
20/10/2025 09:15,5889.41
20/10/2025 09:20,5776.0
20/10/2025 09:25,5805.8
20/10/2025 09:30,5726.86
20/10/2025 09:35,5835.01
20/10/2025 09:40,5829.99
20/10/2025 09:45,5839.44
20/10/2025 09:50,5966.26
20/10/2025 09:55,5879.68
20/10/2025 10:00,5958.89
20/10/2025 10:05,5897.21
20/10/2025 10:10,5983.0
20/10/2025 10:15,5982.96
20/10/2025 10:20,5655.73
20/10/2025 10:25,5928.84
20/10/2025 10:30,5971.52
20/10/2025 10:35,6042.99
20/10/2025 10:40,5903.68
20/10/2025 10:45,5945.72
20/10/2025 10:50,5918.18
20/10/2025 10:55,6023.61
20/10/2025 11:00,5913.57
20/10/2025 11:05,6015.85
20/10/2025 11:10,5877.95
20/10/2025 11:15,5816.32
20/10/2025 11:20,5767.83
20/10/2025 11:25,5847.2
20/10/2025 11:30,5725.39
20/10/2025 11:35,5756.51
20/10/2025 11:40,5784.31
20/10/2025 11:45,5746.69
20/10/2025 11:50,5724.14
20/10/2025 11:55,5718.43
20/10/2025 12:00,5686.6
20/10/2025 12:05,5683.25
20/10/2025 12:10,5598.44
20/10/2025 12:15,5607.55
20/10/2025 12:20,5653.12
20/10/2025 12:25,5549.24
20/10/2025 12:30,5641.62
20/10/2025 12:35,5645.07
20/10/2025 12:40,5670.28
20/10/2025 12:45,5551.63
20/10/2025 12:50,5587.36
20/10/2025 12:55,5586.07
20/10/2025 13:00,5565.95
20/10/2025 13:05,5570.12
20/10/2025 13:10,5596.13
20/10/2025 13:15,5632.79
20/10/2025 13:20,5495.0
20/10/2025 13:25,5547.05
20/10/2025 13:30,5380.22
20/10/2025 13:35,5463.11
20/10/2025 13:40,5591.16
20/10/2025 13:45,5542.26
20/10/2025 13:50,5379.06
20/10/2025 13:55,5366.2
20/10/2025 14:00,5454.92
20/10/2025 14:05,5344.3
20/10/2025 14:10,5491.94
20/10/2025 14:15,5479.72
20/10/2025 14:20,5352.6
20/10/2025 14:25,5555.36
20/10/2025 14:30,5509.53
20/10/2025 14:35,5424.74
20/10/2025 14:40,5384.89
20/10/2025 14:45,5321.79
20/10/2025 14:50,5554.33
20/10/2025 14:55,5341.31
20/10/2025 15:00,5518.15
20/10/2025 15:05,5582.02
20/10/2025 15:10,5557.46
20/10/2025 15:15,5477.82
20/10/2025 15:20,5487.39
20/10/2025 15:25,5585.67
20/10/2025 15:30,5712.19
20/10/2025 15:35,5550.56
20/10/2025 15:40,5578.05
20/10/2025 15:45,5716.9
20/10/2025 15:50,5619.3
20/10/2025 15:55,5776.73
20/10/2025 16:00,5718.41
20/10/2025 16:05,5735.9
20/10/2025 16:10,5753.06
20/10/2025 16:15,5680.53
20/10/2025 16:20,5754.79
20/10/2025 16:25,5781.48
20/10/2025 16:30,5839.1
20/10/2025 16:35,5760.23
20/10/2025 16:40,5808.59
20/10/2025 16:45,5814.53
20/10/2025 16:50,5659.46
20/10/2025 16:55,5878.51
20/10/2025 17:00,5893.72
20/10/2025 17:05,5785.58
20/10/2025 17:10,5948.16
20/10/2025 17:15,5924.14
20/10/2025 17:20,5896.03
20/10/2025 17:25,5831.94
20/10/2025 17:30,5936.96
20/10/2025 17:35,6077.12
20/10/2025 17:40,5910.67
20/10/2025 17:45,5991.65
20/10/2025 17:50,6071.22
20/10/2025 17:55,6051.22
20/10/2025 18:00,6468.5
20/10/2025 18:05,6487.35
20/10/2025 18:10,6525.74
20/10/2025 18:15,6581.43
20/10/2025 18:20,6574.61
20/10/2025 18:25,6715.68
20/10/2025 18:30,6606.08
20/10/2025 18:35,6629.35
20/10/2025 18:40,6991.96
20/10/2025 18:45,6690.16
20/10/2025 18:50,6737.16
20/10/2025 18:55,6752.81
20/10/2025 19:00,6938.16
20/10/2025 19:05,6841.46
20/10/2025 19:10,6868.87
20/10/2025 19:15,6798.06
20/10/2025 19:20,6944.99
20/10/2025 19:25,6804.99
20/10/2025 19:30,6794.86
20/10/2025 19:35,6783.33
20/10/2025 19:40,6665.09
20/10/2025 19:45,6727.04
20/10/2025 19:50,6834.78
20/10/2025 19:55,6759.12
20/10/2025 20:00,6779.4
20/10/2025 20:05,6847.1
20/10/2025 20:10,6866.32
20/10/2025 20:15,6740.93
20/10/2025 20:20,6768.42
20/10/2025 20:25,6767.49
20/10/2025 20:30,6814.02
20/10/2025 20:35,6708.98
20/10/2025 20:40,6549.43
20/10/2025 20:45,6647.18
20/10/2025 20:50,6307.42
20/10/2025 20:55,6436.14
20/10/2025 21:00,6238.84
20/10/2025 21:05,6204.5
20/10/2025 21:10,5983.46
20/10/2025 21:15,6152.94
20/10/2025 21:20,6041.34
20/10/2025 21:25,6054.91
20/10/2025 21:30,6025.04
20/10/2025 21:35,5896.21
20/10/2025 21:40,5756.36
20/10/2025 21:45,5714.76
20/10/2025 21:50,5758.69
20/10/2025 21:55,5627.96
20/10/2025 22:00,5748.89
20/10/2025 22:05,5712.49
20/10/2025 22:10,5627.57
20/10/2025 22:15,5455.61
20/10/2025 22:20,5467.24
20/10/2025 22:25,5547.42
20/10/2025 22:30,5439.63
20/10/2025 22:35,5367.26
20/10/2025 22:40,5358.82
20/10/2025 22:45,5247.71
20/10/2025 22:50,5161.41
20/10/2025 22:55,5174.41
20/10/2025 23:00,5349.52
20/10/2025 23:05,5117.6
20/10/2025 23:10,5124.19
20/10/2025 23:15,5101.37
20/10/2025 23:20,5090.86
20/10/2025 23:25,5014.01
20/10/2025 23:30,4843.74
20/10/2025 23:35,4897.84
20/10/2025 23:40,4828.14
20/10/2025 23:45,4693.9
20/10/2025 23:50,4740.25
20/10/2025 23:55,4806.29
21/10/2025 00:00,4407.57
21/10/2025 00:05,4534.61
21/10/2025 00:10,4541.32
21/10/2025 00:15,4509.0
21/10/2025 00:20,4629.43
21/10/2025 00:25,4651.46
21/10/2025 00:30,4600.07
21/10/2025 00:35,4511.33
21/10/2025 00:40,4465.36
21/10/2025 00:45,4499.78
21/10/2025 00:50,4367.43
21/10/2025 00:55,4571.97
21/10/2025 01:00,4505.56
21/10/2025 01:05,4444.52
21/10/2025 01:10,4452.05
21/10/2025 01:15,4340.98
21/10/2025 01:20,4265.53
21/10/2025 01:25,4303.89
21/10/2025 01:30,4468.04
21/10/2025 01:35,4217.69
21/10/2025 01:40,4288.85
21/10/2025 01:45,4343.99
21/10/2025 01:50,4228.01
21/10/2025 01:55,4256.14
21/10/2025 02:00,3874.49
21/10/2025 02:05,3746.46
21/10/2025 02:10,3684.53
21/10/2025 02:15,3903.47
21/10/2025 02:20,3962.7
21/10/2025 02:25,3967.16
21/10/2025 02:30,3830.4
21/10/2025 02:35,3881.07
21/10/2025 02:40,3875.32
21/10/2025 02:45,3762.38
21/10/2025 02:50,3848.76
21/10/2025 02:55,3810.06
21/10/2025 03:00,3879.08
21/10/2025 03:05,3832.48
21/10/2025 03:10,3876.5
21/10/2025 03:15,3964.03
21/10/2025 03:20,3795.27
21/10/2025 03:25,3902.67
21/10/2025 03:30,3901.99
21/10/2025 03:35,3777.49
21/10/2025 03:40,3826.94
21/10/2025 03:45,3690.41
21/10/2025 03:50,3867.32
21/10/2025 03:55,3742.44
21/10/2025 04:00,3797.42
21/10/2025 04:05,3784.77
21/10/2025 04:10,3719.51
21/10/2025 04:15,3817.98
21/10/2025 04:20,3792.08
21/10/2025 04:25,3811.65
21/10/2025 04:30,3713.48
21/10/2025 04:35,3809.83
21/10/2025 04:40,3811.13
21/10/2025 04:45,3846.11
21/10/2025 04:50,3804.85
21/10/2025 04:55,3821.06
21/10/2025 05:00,3934.83
21/10/2025 05:05,4197.69
21/10/2025 05:10,4142.73
21/10/2025 05:15,4098.25
21/10/2025 05:20,4095.29
21/10/2025 05:25,4224.7
21/10/2025 05:30,4175.18
21/10/2025 05:35,4278.06
21/10/2025 05:40,4296.25
21/10/2025 05:45,4233.9
21/10/2025 05:50,4385.77
21/10/2025 05:55,4431.14
21/10/2025 06:00,4438.09
21/10/2025 06:05,4492.73
21/10/2025 06:10,4405.72
21/10/2025 06:15,4462.39
21/10/2025 06:20,4573.05
21/10/2025 06:25,4582.21
21/10/2025 06:30,4501.6
21/10/2025 06:35,4579.66
21/10/2025 06:40,4608.22
21/10/2025 06:45,4932.65
21/10/2025 06:50,4728.31
21/10/2025 06:55,4678.25
21/10/2025 07:00,4820.98
21/10/2025 07:05,4916.58
21/10/2025 07:10,4877.06
21/10/2025 07:15,5073.41
21/10/2025 07:20,4987.25
21/10/2025 07:25,5166.26
21/10/2025 07:30,5144.92
21/10/2025 07:35,5035.1
21/10/2025 07:40,5136.31
21/10/2025 07:45,5204.99
21/10/2025 07:50,5289.86
21/10/2025 07:55,5417.49
21/10/2025 08:00,5452.25
21/10/2025 08:05,5313.08
21/10/2025 08:10,5400.55
21/10/2025 08:15,5536.39
21/10/2025 08:20,5568.74
21/10/2025 08:25,5448.58
21/10/2025 08:30,5771.32
21/10/2025 08:35,5672.91
21/10/2025 08:40,5717.65
21/10/2025 08:45,5703.74
21/10/2025 08:50,5742.42
21/10/2025 08:55,5920.51
21/10/2025 09:00,5710.76
21/10/2025 09:05,5536.09
21/10/2025 09:10,5664.91
21/10/2025 09:15,5815.31
21/10/2025 09:20,5823.33
21/10/2025 09:25,5824.5
21/10/2025 09:30,5893.86
21/10/2025 09:35,5893.48
21/10/2025 09:40,5805.79
21/10/2025 09:45,5984.01
21/10/2025 09:50,5909.03
21/10/2025 09:55,5942.91
21/10/2025 10:00,5992.92
21/10/2025 10:05,6042.18
21/10/2025 10:10,6069.0
21/10/2025 10:15,5981.27
21/10/2025 10:20,5911.61
21/10/2025 10:25,5794.43
21/10/2025 10:30,6039.68
21/10/2025 10:35,5817.19
21/10/2025 10:40,5924.99
21/10/2025 10:45,5903.35
21/10/2025 10:50,5846.45
21/10/2025 10:55,5985.88
21/10/2025 11:00,5903.52
21/10/2025 11:05,6015.13
21/10/2025 11:10,5991.05
21/10/2025 11:15,5919.33
21/10/2025 11:20,5944.28
21/10/2025 11:25,5753.18
21/10/2025 11:30,5821.56
21/10/2025 11:35,5752.31
21/10/2025 11:40,5828.73
21/10/2025 11:45,5676.94
21/10/2025 11:50,5840.29
21/10/2025 11:55,5764.13
21/10/2025 12:00,5490.7
21/10/2025 12:05,5473.98
21/10/2025 12:10,5580.25
21/10/2025 12:15,5656.63
21/10/2025 12:20,5618.4
21/10/2025 12:25,5669.78
21/10/2025 12:30,5598.32
21/10/2025 12:35,5706.07
21/10/2025 12:40,5646.97
21/10/2025 12:45,5540.39
21/10/2025 12:50,5646.62
21/10/2025 12:55,5471.35
21/10/2025 13:00,5709.0
21/10/2025 13:05,5614.3
21/10/2025 13:10,5615.73
21/10/2025 13:15,5636.36
21/10/2025 13:20,5502.09
21/10/2025 13:25,5605.14
21/10/2025 13:30,5514.9
21/10/2025 13:35,5517.39
21/10/2025 13:40,5474.76
21/10/2025 13:45,5625.4
21/10/2025 13:50,5700.77
21/10/2025 13:55,5472.69
21/10/2025 14:00,5581.19
21/10/2025 14:05,5575.32
21/10/2025 14:10,5571.13
21/10/2025 14:15,5466.79
21/10/2025 14:20,5504.91
21/10/2025 14:25,5398.1
21/10/2025 14:30,5448.6
21/10/2025 14:35,5448.49
21/10/2025 14:40,5525.91
21/10/2025 14:45,5495.84
21/10/2025 14:50,5424.86
21/10/2025 14:55,5367.56
21/10/2025 15:00,5462.26
21/10/2025 15:05,5527.24
21/10/2025 15:10,5540.24
21/10/2025 15:15,5482.94
21/10/2025 15:20,5548.07
21/10/2025 15:25,5635.27
21/10/2025 15:30,5807.39
21/10/2025 15:35,5589.03
21/10/2025 15:40,5583.59
21/10/2025 15:45,5654.81
21/10/2025 15:50,5563.94
21/10/2025 15:55,5685.92
21/10/2025 16:00,5762.91
21/10/2025 16:05,5623.59
21/10/2025 16:10,5742.12
21/10/2025 16:15,5758.31
21/10/2025 16:20,5713.66
21/10/2025 16:25,5606.77
21/10/2025 16:30,5734.14
21/10/2025 16:35,5653.18
21/10/2025 16:40,5949.8
21/10/2025 16:45,5743.85
21/10/2025 16:50,5869.78
21/10/2025 16:55,5817.71
21/10/2025 17:00,5926.34
21/10/2025 17:05,5923.13
21/10/2025 17:10,5873.9
21/10/2025 17:15,5950.51
21/10/2025 17:20,5907.0
21/10/2025 17:25,5951.0
21/10/2025 17:30,5917.23
21/10/2025 17:35,6025.01
21/10/2025 17:40,5844.23
21/10/2025 17:45,5936.99
21/10/2025 17:50,5949.18
21/10/2025 17:55,6099.22
21/10/2025 18:00,6559.65
21/10/2025 18:05,6407.12
21/10/2025 18:10,6594.57
21/10/2025 18:15,6661.84
21/10/2025 18:20,6619.81
21/10/2025 18:25,6624.56
21/10/2025 18:30,6669.91
21/10/2025 18:35,6798.01
21/10/2025 18:40,6661.52
21/10/2025 18:45,6719.83
21/10/2025 18:50,6675.66
21/10/2025 18:55,6823.29
21/10/2025 19:00,7000.63
21/10/2025 19:05,6988.97
21/10/2025 19:10,6723.7
21/10/2025 19:15,6941.72
21/10/2025 19:20,6729.64
21/10/2025 19:25,6874.22
21/10/2025 19:30,7047.49
21/10/2025 19:35,6823.22
21/10/2025 19:40,6901.75
21/10/2025 19:45,6820.51
21/10/2025 19:50,6905.53
21/10/2025 19:55,6759.74
21/10/2025 20:00,6768.82
21/10/2025 20:05,6788.46
21/10/2025 20:10,6803.1
21/10/2025 20:15,6595.31
21/10/2025 20:20,6829.46
21/10/2025 20:25,6692.09
21/10/2025 20:30,6569.42
21/10/2025 20:35,6759.41
21/10/2025 20:40,6840.3
21/10/2025 20:45,6617.53
21/10/2025 20:50,6537.9
21/10/2025 20:55,6562.24
21/10/2025 21:00,6299.42
21/10/2025 21:05,5995.7
21/10/2025 21:10,6241.64
21/10/2025 21:15,6082.01
21/10/2025 21:20,5849.46
21/10/2025 21:25,6151.13
21/10/2025 21:30,5777.91
21/10/2025 21:35,5930.51
21/10/2025 21:40,5877.48
21/10/2025 21:45,5797.79
21/10/2025 21:50,5869.13
21/10/2025 21:55,5749.66
21/10/2025 22:00,5760.65
21/10/2025 22:05,5711.2
21/10/2025 22:10,5760.79
21/10/2025 22:15,5547.22
21/10/2025 22:20,5529.32
21/10/2025 22:25,5413.57
21/10/2025 22:30,5284.48
21/10/2025 22:35,5274.81
21/10/2025 22:40,5412.84
21/10/2025 22:45,5507.39
21/10/2025 22:50,5197.86
21/10/2025 22:55,5228.11
21/10/2025 23:00,5142.11
21/10/2025 23:05,5039.4
21/10/2025 23:10,5194.16
21/10/2025 23:15,5039.38
21/10/2025 23:20,4990.13
21/10/2025 23:25,4998.8
21/10/2025 23:30,4874.4
21/10/2025 23:35,4825.4
21/10/2025 23:40,4866.84
21/10/2025 23:45,4862.58
21/10/2025 23:50,4787.55
21/10/2025 23:55,4687.15
22/10/2025 00:00,4546.29
22/10/2025 00:05,4650.51
22/10/2025 00:10,4598.31
22/10/2025 00:15,4766.58
22/10/2025 00:20,4553.21
22/10/2025 00:25,4626.59
22/10/2025 00:30,4649.31
22/10/2025 00:35,4452.43
22/10/2025 00:40,4464.42
22/10/2025 00:45,4559.07
22/10/2025 00:50,4411.97
22/10/2025 00:55,4472.98
22/10/2025 01:00,4386.16
22/10/2025 01:05,4366.14
22/10/2025 01:10,4505.87
22/10/2025 01:15,4412.12
22/10/2025 01:20,4419.71
22/10/2025 01:25,4282.7
22/10/2025 01:30,4265.18
22/10/2025 01:35,4234.79
22/10/2025 01:40,4309.78
22/10/2025 01:45,4190.07
22/10/2025 01:50,4224.93
22/10/2025 01:55,4273.92
22/10/2025 02:00,3735.7
22/10/2025 02:05,3777.8
22/10/2025 02:10,3932.2
22/10/2025 02:15,3778.35
22/10/2025 02:20,3676.19
22/10/2025 02:25,3888.83
22/10/2025 02:30,3766.41
22/10/2025 02:35,3746.21
22/10/2025 02:40,3717.28
22/10/2025 02:45,3889.99
22/10/2025 02:50,3815.43
22/10/2025 02:55,3905.46
22/10/2025 03:00,3717.94
22/10/2025 03:05,3673.83
22/10/2025 03:10,3630.74
22/10/2025 03:15,3755.26
22/10/2025 03:20,3936.85
22/10/2025 03:25,3666.24
22/10/2025 03:30,3875.25
22/10/2025 03:35,3929.56
22/10/2025 03:40,3814.04
22/10/2025 03:45,3766.32
22/10/2025 03:50,3755.9
22/10/2025 03:55,3874.4
22/10/2025 04:00,3730.1
22/10/2025 04:05,3964.21
22/10/2025 04:10,3961.67
22/10/2025 04:15,3878.62
22/10/2025 04:20,3743.81
22/10/2025 04:25,3699.77
22/10/2025 04:30,3781.75
22/10/2025 04:35,3864.0
22/10/2025 04:40,3869.12
22/10/2025 04:45,3657.08
22/10/2025 04:50,3439.12
22/10/2025 04:55,3881.32
22/10/2025 05:00,4019.84
22/10/2025 05:05,4045.0
22/10/2025 05:10,4090.26
22/10/2025 05:15,4206.05
22/10/2025 05:20,4261.32
22/10/2025 05:25,4236.68
22/10/2025 05:30,4255.27
22/10/2025 05:35,4195.5
22/10/2025 05:40,4396.61
22/10/2025 05:45,4331.44
22/10/2025 05:50,4450.67
22/10/2025 05:55,4484.65
22/10/2025 06:00,4429.24
22/10/2025 06:05,4416.89
22/10/2025 06:10,4497.09
22/10/2025 06:15,4538.61
22/10/2025 06:20,4693.04
22/10/2025 06:25,4597.14
22/10/2025 06:30,4523.75
22/10/2025 06:35,4814.82
22/10/2025 06:40,4738.5
22/10/2025 06:45,4642.01
22/10/2025 06:50,4810.6
22/10/2025 06:55,4715.37
22/10/2025 07:00,4969.19
22/10/2025 07:05,4892.22
22/10/2025 07:10,4948.5
22/10/2025 07:15,4950.77
22/10/2025 07:20,4952.27
22/10/2025 07:25,5139.83
22/10/2025 07:30,5091.62
22/10/2025 07:35,5201.38
22/10/2025 07:40,5141.97
22/10/2025 07:45,5291.64
22/10/2025 07:50,5269.25
22/10/2025 07:55,5336.1
22/10/2025 08:00,5273.17
22/10/2025 08:05,5446.9
22/10/2025 08:10,5605.41
22/10/2025 08:15,5663.78
22/10/2025 08:20,5569.1
22/10/2025 08:25,5534.62
22/10/2025 08:30,5731.09
22/10/2025 08:35,5598.91
22/10/2025 08:40,5736.52
22/10/2025 08:45,5593.27
22/10/2025 08:50,5853.22
22/10/2025 08:55,5822.03
22/10/2025 09:00,5810.02
22/10/2025 09:05,5698.25
22/10/2025 09:10,5722.34
22/10/2025 09:15,5683.15
22/10/2025 09:20,5807.79
22/10/2025 09:25,5978.05
22/10/2025 09:30,5884.13
22/10/2025 09:35,5756.29
22/10/2025 09:40,5742.77
22/10/2025 09:45,5787.83
22/10/2025 09:50,5862.82
22/10/2025 09:55,5788.22
22/10/2025 10:00,5932.1
22/10/2025 10:05,5816.24
22/10/2025 10:10,6142.2
22/10/2025 10:15,5895.82
22/10/2025 10:20,5986.24
22/10/2025 10:25,5874.42
22/10/2025 10:30,5989.4
22/10/2025 10:35,5963.52
22/10/2025 10:40,5960.29
22/10/2025 10:45,5995.3
22/10/2025 10:50,5898.93
22/10/2025 10:55,5802.51
22/10/2025 11:00,5898.02
22/10/2025 11:05,5934.53
22/10/2025 11:10,5924.88
22/10/2025 11:15,5945.4
22/10/2025 11:20,5775.73
22/10/2025 11:25,5750.02
22/10/2025 11:30,5764.99
22/10/2025 11:35,5810.11
22/10/2025 11:40,5800.07
22/10/2025 11:45,5704.75
22/10/2025 11:50,5711.07
22/10/2025 11:55,5696.12
22/10/2025 12:00,5486.46
22/10/2025 12:05,5692.86
22/10/2025 12:10,5557.98
22/10/2025 12:15,5739.48
22/10/2025 12:20,5604.63
22/10/2025 12:25,5600.69
22/10/2025 12:30,5594.7
22/10/2025 12:35,5669.12
22/10/2025 12:40,5481.31
22/10/2025 12:45,5501.78
22/10/2025 12:50,5541.86
22/10/2025 12:55,5677.39
22/10/2025 13:00,5562.78
22/10/2025 13:05,5665.61
22/10/2025 13:10,5776.36
22/10/2025 13:15,5655.25
22/10/2025 13:20,5574.29
22/10/2025 13:25,5536.62
22/10/2025 13:30,5632.31
22/10/2025 13:35,5583.08
22/10/2025 13:40,5609.39
22/10/2025 13:45,5595.67
22/10/2025 13:50,5597.14
22/10/2025 13:55,5486.39
22/10/2025 14:00,5548.1
22/10/2025 14:05,5562.98
22/10/2025 14:10,5372.0
22/10/2025 14:15,5499.33
22/10/2025 14:20,5615.73
22/10/2025 14:25,5574.65
22/10/2025 14:30,5390.08
22/10/2025 14:35,5311.97
22/10/2025 14:40,5441.52
22/10/2025 14:45,5501.57
22/10/2025 14:50,5488.78
22/10/2025 14:55,5575.45
22/10/2025 15:00,5407.59
22/10/2025 15:05,5423.66
22/10/2025 15:10,5569.1
22/10/2025 15:15,5561.52
22/10/2025 15:20,5539.42
22/10/2025 15:25,5535.69
22/10/2025 15:30,5658.06
22/10/2025 15:35,5485.51
22/10/2025 15:40,5631.81
22/10/2025 15:45,5554.73
22/10/2025 15:50,5586.56
22/10/2025 15:55,5733.75
22/10/2025 16:00,5697.22
22/10/2025 16:05,5732.66
22/10/2025 16:10,5727.17
22/10/2025 16:15,5788.78
22/10/2025 16:20,5645.29
22/10/2025 16:25,5835.64
22/10/2025 16:30,5694.25
22/10/2025 16:35,5765.34
22/10/2025 16:40,5823.67
22/10/2025 16:45,5758.25
22/10/2025 16:50,5720.11
22/10/2025 16:55,5788.96
22/10/2025 17:00,5850.97
22/10/2025 17:05,5703.04
22/10/2025 17:10,5944.95
22/10/2025 17:15,5923.89
22/10/2025 17:20,5883.57
22/10/2025 17:25,5918.55
22/10/2025 17:30,5991.48
22/10/2025 17:35,5961.67
22/10/2025 17:40,5861.59
22/10/2025 17:45,5941.31
22/10/2025 17:50,5935.12
22/10/2025 17:55,5949.02
22/10/2025 18:00,6441.21
22/10/2025 18:05,6485.21
22/10/2025 18:10,6583.85
22/10/2025 18:15,6623.78
22/10/2025 18:20,6546.53
22/10/2025 18:25,6686.39
22/10/2025 18:30,6759.94
22/10/2025 18:35,6613.31
22/10/2025 18:40,6786.03
22/10/2025 18:45,6789.43
22/10/2025 18:50,6848.6
22/10/2025 18:55,6907.27
22/10/2025 19:00,6742.44
22/10/2025 19:05,6699.18
22/10/2025 19:10,6658.15
22/10/2025 19:15,6910.58
22/10/2025 19:20,6874.52
22/10/2025 19:25,6942.5
22/10/2025 19:30,6761.85
22/10/2025 19:35,6925.03
22/10/2025 19:40,6776.17
22/10/2025 19:45,6869.26
22/10/2025 19:50,6841.19
22/10/2025 19:55,6825.66
22/10/2025 20:00,6801.69
22/10/2025 20:05,6876.58
22/10/2025 20:10,6784.03
22/10/2025 20:15,6640.77
22/10/2025 20:20,6730.25
22/10/2025 20:25,6582.27
22/10/2025 20:30,6596.86
22/10/2025 20:35,6630.41
22/10/2025 20:40,6612.46
22/10/2025 20:45,6588.34
22/10/2025 20:50,6621.25
22/10/2025 20:55,6540.99
22/10/2025 21:00,6133.71
22/10/2025 21:05,6192.88
22/10/2025 21:10,6244.42
22/10/2025 21:15,6045.7
22/10/2025 21:20,5966.76
22/10/2025 21:25,6068.25
22/10/2025 21:30,6041.0
22/10/2025 21:35,5966.04
22/10/2025 21:40,5822.58
22/10/2025 21:45,5780.5
22/10/2025 21:50,5775.14
22/10/2025 21:55,5687.73
22/10/2025 22:00,5793.52
22/10/2025 22:05,5705.53
22/10/2025 22:10,5666.42
22/10/2025 22:15,5557.92
22/10/2025 22:20,5539.66
22/10/2025 22:25,5569.01
22/10/2025 22:30,5470.33
22/10/2025 22:35,5406.14
22/10/2025 22:40,5340.43
22/10/2025 22:45,5256.61
22/10/2025 22:50,5390.18
22/10/2025 22:55,5246.75
22/10/2025 23:00,5238.07
22/10/2025 23:05,5156.37
22/10/2025 23:10,5202.36
22/10/2025 23:15,5151.65
22/10/2025 23:20,4850.51
22/10/2025 23:25,4916.08
22/10/2025 23:30,4958.04
22/10/2025 23:35,4809.95
22/10/2025 23:40,4831.31
22/10/2025 23:45,4902.1
22/10/2025 23:50,4690.8
22/10/2025 23:55,4864.01
23/10/2025 00:00,4456.57
23/10/2025 00:05,4542.38
23/10/2025 00:10,4436.34
23/10/2025 00:15,4591.09
23/10/2025 00:20,4424.37
23/10/2025 00:25,4496.97
23/10/2025 00:30,4606.41
23/10/2025 00:35,4523.21
23/10/2025 00:40,4545.57
23/10/2025 00:45,4536.42
23/10/2025 00:50,4486.05
23/10/2025 00:55,4344.26
23/10/2025 01:00,4300.72
23/10/2025 01:05,4322.64
23/10/2025 01:10,4323.56
23/10/2025 01:15,4384.76
23/10/2025 01:20,4382.46
23/10/2025 01:25,4417.02
23/10/2025 01:30,4221.77
23/10/2025 01:35,4342.61
23/10/2025 01:40,4329.38
23/10/2025 01:45,4249.97
23/10/2025 01:50,4280.17
23/10/2025 01:55,4117.23
23/10/2025 02:00,3798.81
23/10/2025 02:05,3773.64
23/10/2025 02:10,3826.04
23/10/2025 02:15,3800.87
23/10/2025 02:20,3749.89
23/10/2025 02:25,3789.17
23/10/2025 02:30,3931.35
23/10/2025 02:35,4014.64
23/10/2025 02:40,3783.11
23/10/2025 02:45,3700.47
23/10/2025 02:50,3791.36
23/10/2025 02:55,3791.4
23/10/2025 03:00,3811.87
23/10/2025 03:05,3762.41
23/10/2025 03:10,3811.26
23/10/2025 03:15,3887.19
23/10/2025 03:20,3634.66
23/10/2025 03:25,3737.53
23/10/2025 03:30,3686.66
23/10/2025 03:35,3705.64
23/10/2025 03:40,3752.86
23/10/2025 03:45,3885.07
23/10/2025 03:50,3924.57
23/10/2025 03:55,3830.19
23/10/2025 04:00,3733.79
23/10/2025 04:05,3655.76
23/10/2025 04:10,3666.8
23/10/2025 04:15,3751.53
23/10/2025 04:20,3759.81
23/10/2025 04:25,3767.95
23/10/2025 04:30,3913.31
23/10/2025 04:35,3676.22
23/10/2025 04:40,3780.81
23/10/2025 04:45,3817.56
23/10/2025 04:50,3625.67
23/10/2025 04:55,3842.07
23/10/2025 05:00,4039.13
23/10/2025 05:05,4191.66
23/10/2025 05:10,4157.64
23/10/2025 05:15,4166.98
23/10/2025 05:20,4330.97
23/10/2025 05:25,4198.1
23/10/2025 05:30,4358.6
23/10/2025 05:35,4196.35
23/10/2025 05:40,4338.67
23/10/2025 05:45,4267.93
23/10/2025 05:50,4323.86
23/10/2025 05:55,4412.12
23/10/2025 06:00,4484.44
23/10/2025 06:05,4415.07
23/10/2025 06:10,4518.4
23/10/2025 06:15,4498.82
23/10/2025 06:20,4574.02
23/10/2025 06:25,4765.93
23/10/2025 06:30,4579.65
23/10/2025 06:35,4694.08
23/10/2025 06:40,4861.92
23/10/2025 06:45,4713.75
23/10/2025 06:50,4925.35
23/10/2025 06:55,4793.83
23/10/2025 07:00,4866.42
23/10/2025 07:05,4803.08
23/10/2025 07:10,5002.14
23/10/2025 07:15,4869.04
23/10/2025 07:20,4902.07
23/10/2025 07:25,5095.64
23/10/2025 07:30,5112.53
23/10/2025 07:35,5278.38
23/10/2025 07:40,5142.19
23/10/2025 07:45,5204.16
23/10/2025 07:50,5397.65
23/10/2025 07:55,5353.15
23/10/2025 08:00,5458.95
23/10/2025 08:05,5405.57
23/10/2025 08:10,5518.71
23/10/2025 08:15,5557.13
23/10/2025 08:20,5454.12
23/10/2025 08:25,5565.25
23/10/2025 08:30,5697.5
23/10/2025 08:35,5693.35
23/10/2025 08:40,5742.6
23/10/2025 08:45,5811.62
23/10/2025 08:50,5739.08
23/10/2025 08:55,5739.92
23/10/2025 09:00,5797.82
23/10/2025 09:05,5769.74
23/10/2025 09:10,5634.0
23/10/2025 09:15,5816.69
23/10/2025 09:20,5774.2
23/10/2025 09:25,5799.61
23/10/2025 09:30,5841.62
23/10/2025 09:35,5759.48
23/10/2025 09:40,5861.16
23/10/2025 09:45,5894.45
23/10/2025 09:50,6010.11
23/10/2025 09:55,5861.84
23/10/2025 10:00,5904.48
23/10/2025 10:05,5849.4
23/10/2025 10:10,6071.74
23/10/2025 10:15,6022.36
23/10/2025 10:20,5967.22
23/10/2025 10:25,5978.73
23/10/2025 10:30,6093.89
23/10/2025 10:35,6053.77
23/10/2025 10:40,5967.02
23/10/2025 10:45,5879.29
23/10/2025 10:50,5983.11
23/10/2025 10:55,5968.61
23/10/2025 11:00,5791.21
23/10/2025 11:05,5988.0
23/10/2025 11:10,5850.32
23/10/2025 11:15,5861.31
23/10/2025 11:20,5943.01
23/10/2025 11:25,5957.68
23/10/2025 11:30,5700.38
23/10/2025 11:35,5764.7
23/10/2025 11:40,5848.07
23/10/2025 11:45,5805.53
23/10/2025 11:50,5726.93
23/10/2025 11:55,5687.03
23/10/2025 12:00,5629.29
23/10/2025 12:05,5671.24
23/10/2025 12:10,5580.52
23/10/2025 12:15,5676.38
23/10/2025 12:20,5659.92
23/10/2025 12:25,5708.53
23/10/2025 12:30,5613.4
23/10/2025 12:35,5556.42
23/10/2025 12:40,5556.09
23/10/2025 12:45,5708.46
23/10/2025 12:50,5447.71
23/10/2025 12:55,5530.03
23/10/2025 13:00,5704.06
23/10/2025 13:05,5473.16
23/10/2025 13:10,5752.19
23/10/2025 13:15,5566.06
23/10/2025 13:20,5634.21
23/10/2025 13:25,5647.73
23/10/2025 13:30,5568.55
23/10/2025 13:35,5595.77
23/10/2025 13:40,5594.37
23/10/2025 13:45,5501.52
23/10/2025 13:50,5674.57
23/10/2025 13:55,5488.02
23/10/2025 14:00,5455.84
23/10/2025 14:05,5445.67
23/10/2025 14:10,5640.5
23/10/2025 14:15,5538.91
23/10/2025 14:20,5425.07
23/10/2025 14:25,5609.9
23/10/2025 14:30,5518.91
23/10/2025 14:35,5495.11
23/10/2025 14:40,5414.99
23/10/2025 14:45,5519.27
23/10/2025 14:50,5517.34
23/10/2025 14:55,5556.84
23/10/2025 15:00,5416.39
23/10/2025 15:05,5574.33
23/10/2025 15:10,5645.64
23/10/2025 15:15,5604.96
23/10/2025 15:20,5600.27
23/10/2025 15:25,5488.69
23/10/2025 15:30,5456.6
23/10/2025 15:35,5651.6
23/10/2025 15:40,5681.7
23/10/2025 15:45,5756.85
23/10/2025 15:50,5752.39
23/10/2025 15:55,5591.62
23/10/2025 16:00,5670.0
23/10/2025 16:05,5701.45
23/10/2025 16:10,5680.74
23/10/2025 16:15,5615.71
23/10/2025 16:20,5715.18
23/10/2025 16:25,5781.83
23/10/2025 16:30,5916.7
23/10/2025 16:35,5834.46
23/10/2025 16:40,5760.2
23/10/2025 16:45,6032.49
23/10/2025 16:50,5898.68
23/10/2025 16:55,5662.5
23/10/2025 17:00,5750.33
23/10/2025 17:05,5845.31
23/10/2025 17:10,5852.21
23/10/2025 17:15,5851.71
23/10/2025 17:20,5848.45
23/10/2025 17:25,5842.37
23/10/2025 17:30,5940.36
23/10/2025 17:35,6029.39
23/10/2025 17:40,6118.84
23/10/2025 17:45,5952.09
23/10/2025 17:50,5988.92
23/10/2025 17:55,5978.92
23/10/2025 18:00,6605.98
23/10/2025 18:05,6570.99
23/10/2025 18:10,6551.38
23/10/2025 18:15,6694.4
23/10/2025 18:20,6620.04
23/10/2025 18:25,6698.0
23/10/2025 18:30,6679.36
23/10/2025 18:35,6717.51
23/10/2025 18:40,6831.43
23/10/2025 18:45,6623.33
23/10/2025 18:50,6852.97
23/10/2025 18:55,6938.49
23/10/2025 19:00,6830.68
23/10/2025 19:05,6962.34
23/10/2025 19:10,6886.16
23/10/2025 19:15,6903.86
23/10/2025 19:20,6624.57
23/10/2025 19:25,6953.8
23/10/2025 19:30,6677.98
23/10/2025 19:35,6923.67
23/10/2025 19:40,6895.24
23/10/2025 19:45,6947.82
23/10/2025 19:50,6840.21
23/10/2025 19:55,6683.02
23/10/2025 20:00,6857.22
23/10/2025 20:05,6657.38
23/10/2025 20:10,6674.25
23/10/2025 20:15,6721.51
23/10/2025 20:20,6594.68
23/10/2025 20:25,6569.44
23/10/2025 20:30,6605.13
23/10/2025 20:35,6750.71
23/10/2025 20:40,6574.67
23/10/2025 20:45,6460.01
23/10/2025 20:50,6544.67
23/10/2025 20:55,6457.81
23/10/2025 21:00,6259.29
23/10/2025 21:05,6176.46
23/10/2025 21:10,6199.61
23/10/2025 21:15,6030.9
23/10/2025 21:20,6032.18
23/10/2025 21:25,5955.97
23/10/2025 21:30,5890.79
23/10/2025 21:35,5850.16
23/10/2025 21:40,5834.03
23/10/2025 21:45,5968.51
23/10/2025 21:50,5767.76
23/10/2025 21:55,5710.6
23/10/2025 22:00,5694.12
23/10/2025 22:05,5753.35
23/10/2025 22:10,5515.65
23/10/2025 22:15,5642.98
23/10/2025 22:20,5661.98
23/10/2025 22:25,5473.7
23/10/2025 22:30,5449.32
23/10/2025 22:35,5469.26
23/10/2025 22:40,5416.4
23/10/2025 22:45,5237.04
23/10/2025 22:50,5199.2
23/10/2025 22:55,5257.23
23/10/2025 23:00,5124.54
23/10/2025 23:05,5223.98
23/10/2025 23:10,5002.53
23/10/2025 23:15,5098.36
23/10/2025 23:20,4984.47
23/10/2025 23:25,4998.01
23/10/2025 23:30,4802.47
23/10/2025 23:35,4789.11
23/10/2025 23:40,4865.68
23/10/2025 23:45,4882.83
23/10/2025 23:50,4697.08
23/10/2025 23:55,4735.54
24/10/2025 00:00,4741.01
24/10/2025 00:05,4558.24
24/10/2025 00:10,4710.58
24/10/2025 00:15,4605.02
24/10/2025 00:20,4535.67
24/10/2025 00:25,4557.36
24/10/2025 00:30,4506.72
24/10/2025 00:35,4543.96
24/10/2025 00:40,4527.47
24/10/2025 00:45,4525.68
24/10/2025 00:50,4406.8
24/10/2025 00:55,4406.55
24/10/2025 01:00,4373.75
24/10/2025 01:05,4531.26
24/10/2025 01:10,4292.1
24/10/2025 01:15,4332.55
24/10/2025 01:20,4350.15
24/10/2025 01:25,4369.84
24/10/2025 01:30,4335.16
24/10/2025 01:35,4307.0
24/10/2025 01:40,4332.46
24/10/2025 01:45,4315.17
24/10/2025 01:50,4134.62
24/10/2025 01:55,4187.35
24/10/2025 02:00,3711.28
24/10/2025 02:05,3819.94
24/10/2025 02:10,3757.58
24/10/2025 02:15,3880.85
24/10/2025 02:20,3821.6
24/10/2025 02:25,3660.15
24/10/2025 02:30,3765.09
24/10/2025 02:35,3851.29
24/10/2025 02:40,3836.68
24/10/2025 02:45,3960.12
24/10/2025 02:50,3846.28
24/10/2025 02:55,3823.63
24/10/2025 03:00,3701.74
24/10/2025 03:05,3611.59
24/10/2025 03:10,3878.94
24/10/2025 03:15,3742.62
24/10/2025 03:20,3890.86
24/10/2025 03:25,3719.33
24/10/2025 03:30,3804.29
24/10/2025 03:35,3762.69
24/10/2025 03:40,3668.42
24/10/2025 03:45,3716.32
24/10/2025 03:50,3832.96
24/10/2025 03:55,3743.74
24/10/2025 04:00,3804.56
24/10/2025 04:05,3825.78
24/10/2025 04:10,3531.29
24/10/2025 04:15,3822.37
24/10/2025 04:20,3814.24
24/10/2025 04:25,3825.8
24/10/2025 04:30,3638.74
24/10/2025 04:35,3815.45
24/10/2025 04:40,3792.89
24/10/2025 04:45,3850.92
24/10/2025 04:50,3951.85
24/10/2025 04:55,4048.48
24/10/2025 05:00,3957.9
24/10/2025 05:05,4075.31
24/10/2025 05:10,3968.18
24/10/2025 05:15,4112.36
24/10/2025 05:20,4058.43
24/10/2025 05:25,4272.36
24/10/2025 05:30,4288.66
24/10/2025 05:35,4283.66
24/10/2025 05:40,4332.19
24/10/2025 05:45,4279.24
24/10/2025 05:50,4248.47
24/10/2025 05:55,4477.36
24/10/2025 06:00,4382.34
24/10/2025 06:05,4450.26
24/10/2025 06:10,4414.71
24/10/2025 06:15,4545.06
24/10/2025 06:20,4633.85
24/10/2025 06:25,4465.71
24/10/2025 06:30,4456.92
24/10/2025 06:35,4660.51
24/10/2025 06:40,4641.52
24/10/2025 06:45,4673.31
24/10/2025 06:50,4567.92
24/10/2025 06:55,4817.03
24/10/2025 07:00,4877.99
24/10/2025 07:05,4932.81
24/10/2025 07:10,4951.23
24/10/2025 07:15,5087.37
24/10/2025 07:20,5042.24
24/10/2025 07:25,5029.34
24/10/2025 07:30,5082.47
24/10/2025 07:35,5115.56
24/10/2025 07:40,5077.98
24/10/2025 07:45,5228.72
24/10/2025 07:50,5289.62
24/10/2025 07:55,5390.31
24/10/2025 08:00,5278.7
24/10/2025 08:05,5404.65
24/10/2025 08:10,5328.79
24/10/2025 08:15,5452.36
24/10/2025 08:20,5458.58
24/10/2025 08:25,5597.78
24/10/2025 08:30,5578.73
24/10/2025 08:35,5689.81
24/10/2025 08:40,5645.58
24/10/2025 08:45,5700.25
24/10/2025 08:50,5735.79
24/10/2025 08:55,5878.36
24/10/2025 09:00,5754.68
24/10/2025 09:05,5766.78
24/10/2025 09:10,5765.25
24/10/2025 09:15,5753.28
24/10/2025 09:20,5876.03
24/10/2025 09:25,5783.94
24/10/2025 09:30,5850.06
24/10/2025 09:35,5895.64
24/10/2025 09:40,5758.12
24/10/2025 09:45,5954.56
24/10/2025 09:50,5890.35
24/10/2025 09:55,5827.24
24/10/2025 10:00,5914.1
24/10/2025 10:05,5900.32
24/10/2025 10:10,5870.75
24/10/2025 10:15,5827.55
24/10/2025 10:20,6107.17
24/10/2025 10:25,5918.39
24/10/2025 10:30,5986.81
24/10/2025 10:35,5893.48
24/10/2025 10:40,5935.96
24/10/2025 10:45,5999.56
24/10/2025 10:50,5950.81
24/10/2025 10:55,5979.22
24/10/2025 11:00,5973.52
24/10/2025 11:05,5907.31
24/10/2025 11:10,5928.76
24/10/2025 11:15,5793.96
24/10/2025 11:20,5772.84
24/10/2025 11:25,5836.99
24/10/2025 11:30,6018.36
24/10/2025 11:35,5826.63
24/10/2025 11:40,5757.23
24/10/2025 11:45,5633.93
24/10/2025 11:50,5700.59
24/10/2025 11:55,5723.59
24/10/2025 12:00,5671.52
24/10/2025 12:05,5733.59
24/10/2025 12:10,5619.61
24/10/2025 12:15,5696.36
24/10/2025 12:20,5553.15
24/10/2025 12:25,5616.32
24/10/2025 12:30,5639.21
24/10/2025 12:35,5601.93
24/10/2025 12:40,5696.22
24/10/2025 12:45,5644.46
24/10/2025 12:50,5531.07
24/10/2025 12:55,5586.26
24/10/2025 13:00,5583.61
24/10/2025 13:05,5691.59
24/10/2025 13:10,5504.32
24/10/2025 13:15,5457.12
24/10/2025 13:20,5524.93
24/10/2025 13:25,5552.91
24/10/2025 13:30,5593.91
24/10/2025 13:35,5444.06
24/10/2025 13:40,5627.35
24/10/2025 13:45,5426.53
24/10/2025 13:50,5533.42
24/10/2025 13:55,5654.68
24/10/2025 14:00,5456.36
24/10/2025 14:05,5668.38
24/10/2025 14:10,5468.65
24/10/2025 14:15,5547.16
24/10/2025 14:20,5531.52
24/10/2025 14:25,5475.45
24/10/2025 14:30,5482.94
24/10/2025 14:35,5575.18
24/10/2025 14:40,5424.64
24/10/2025 14:45,5486.59
24/10/2025 14:50,5487.82
24/10/2025 14:55,5557.82
24/10/2025 15:00,5462.34
24/10/2025 15:05,5513.75
24/10/2025 15:10,5524.88
24/10/2025 15:15,5624.44
24/10/2025 15:20,5591.6
24/10/2025 15:25,5608.46
24/10/2025 15:30,5662.32
24/10/2025 15:35,5508.55
24/10/2025 15:40,5573.31
24/10/2025 15:45,5716.13
24/10/2025 15:50,5756.52
24/10/2025 15:55,5675.88
24/10/2025 16:00,5788.4
24/10/2025 16:05,5655.67
24/10/2025 16:10,5710.52
24/10/2025 16:15,5736.58
24/10/2025 16:20,5697.89
24/10/2025 16:25,5797.84
24/10/2025 16:30,5834.02
24/10/2025 16:35,5816.04
24/10/2025 16:40,5787.16
24/10/2025 16:45,5822.31
24/10/2025 16:50,5852.81
24/10/2025 16:55,5751.84
24/10/2025 17:00,5890.92
24/10/2025 17:05,5928.36
24/10/2025 17:10,5920.76
24/10/2025 17:15,5837.46
24/10/2025 17:20,5919.58
24/10/2025 17:25,5970.81
24/10/2025 17:30,5977.66
24/10/2025 17:35,6052.05
24/10/2025 17:40,6047.55
24/10/2025 17:45,6157.46
24/10/2025 17:50,5989.37
24/10/2025 17:55,6075.65
24/10/2025 18:00,6536.57
24/10/2025 18:05,6443.12
24/10/2025 18:10,6662.19
24/10/2025 18:15,6580.53
24/10/2025 18:20,6484.05
24/10/2025 18:25,6544.26
24/10/2025 18:30,6648.13
24/10/2025 18:35,6680.07
24/10/2025 18:40,6837.28
24/10/2025 18:45,6833.14
24/10/2025 18:50,6698.16
24/10/2025 18:55,6789.52
24/10/2025 19:00,6620.88
24/10/2025 19:05,6871.36
24/10/2025 19:10,6897.71
24/10/2025 19:15,6887.11
24/10/2025 19:20,6856.47
24/10/2025 19:25,6814.87
24/10/2025 19:30,6888.83
24/10/2025 19:35,6774.57
24/10/2025 19:40,6803.88
24/10/2025 19:45,6792.92
24/10/2025 19:50,6891.23
24/10/2025 19:55,6788.3
24/10/2025 20:00,6796.78
24/10/2025 20:05,6889.9
24/10/2025 20:10,6742.09
24/10/2025 20:15,6749.58
24/10/2025 20:20,6814.71
24/10/2025 20:25,6634.04
24/10/2025 20:30,6767.58
24/10/2025 20:35,6364.43
24/10/2025 20:40,6621.68
24/10/2025 20:45,6494.89
24/10/2025 20:50,6484.31
24/10/2025 20:55,6406.23
24/10/2025 21:00,6167.7
24/10/2025 21:05,6016.81
24/10/2025 21:10,6163.35
24/10/2025 21:15,6117.03
24/10/2025 21:20,6066.98
24/10/2025 21:25,6052.88
24/10/2025 21:30,5990.89
24/10/2025 21:35,5861.15
24/10/2025 21:40,5933.56
24/10/2025 21:45,5731.71
24/10/2025 21:50,5774.71
24/10/2025 21:55,5783.87
24/10/2025 22:00,5815.22
24/10/2025 22:05,5716.79
24/10/2025 22:10,5491.0
24/10/2025 22:15,5520.32
24/10/2025 22:20,5689.93
24/10/2025 22:25,5385.84
24/10/2025 22:30,5227.51
24/10/2025 22:35,5368.52
24/10/2025 22:40,5434.26
24/10/2025 22:45,5327.65
24/10/2025 22:50,5040.08
24/10/2025 22:55,5267.4
24/10/2025 23:00,5144.52
24/10/2025 23:05,5034.54
24/10/2025 23:10,5036.56
24/10/2025 23:15,4923.75
24/10/2025 23:20,4885.46
24/10/2025 23:25,5005.72
24/10/2025 23:30,4901.7
24/10/2025 23:35,5003.91
24/10/2025 23:40,5046.07
24/10/2025 23:45,4936.19
24/10/2025 23:50,4802.91
24/10/2025 23:55,4692.67
25/10/2025 00:00,4369.34
25/10/2025 00:05,4183.28
25/10/2025 00:10,4341.82
25/10/2025 00:15,4314.83
25/10/2025 00:20,4270.37
25/10/2025 00:25,4264.23
25/10/2025 00:30,4392.93
25/10/2025 00:35,4164.04
25/10/2025 00:40,4378.92
25/10/2025 00:45,4342.94
25/10/2025 00:50,4299.26
25/10/2025 00:55,4222.78
25/10/2025 01:00,4212.68
25/10/2025 01:05,4031.08
25/10/2025 01:10,4182.86
25/10/2025 01:15,4164.36
25/10/2025 01:20,4174.66
25/10/2025 01:25,4059.07
25/10/2025 01:30,4052.31
25/10/2025 01:35,3949.27
25/10/2025 01:40,4078.78
25/10/2025 01:45,3835.2
25/10/2025 01:50,4066.45
25/10/2025 01:55,4053.74
25/10/2025 02:00,3588.97
25/10/2025 02:05,3604.33
25/10/2025 02:10,3529.06
25/10/2025 02:15,3490.37
25/10/2025 02:20,3504.25
25/10/2025 02:25,3575.74
25/10/2025 02:30,3386.43
25/10/2025 02:35,3396.25
25/10/2025 02:40,3638.76
25/10/2025 02:45,3704.23
25/10/2025 02:50,3513.94
25/10/2025 02:55,3765.38
25/10/2025 03:00,3445.48
25/10/2025 03:05,3600.53
25/10/2025 03:10,3470.21
25/10/2025 03:15,3682.02
25/10/2025 03:20,3570.9
25/10/2025 03:25,3383.62
25/10/2025 03:30,3636.71
25/10/2025 03:35,3480.47
25/10/2025 03:40,3461.49
25/10/2025 03:45,3603.49
25/10/2025 03:50,3572.22
25/10/2025 03:55,3597.57
25/10/2025 04:00,3591.14
25/10/2025 04:05,3593.85
25/10/2025 04:10,3534.6
25/10/2025 04:15,3526.14
25/10/2025 04:20,3417.41
25/10/2025 04:25,3499.78
25/10/2025 04:30,3421.71
25/10/2025 04:35,3468.09
25/10/2025 04:40,3486.26
25/10/2025 04:45,3649.33
25/10/2025 04:50,3441.12
25/10/2025 04:55,3398.19
25/10/2025 05:00,3758.2
25/10/2025 05:05,3889.91
25/10/2025 05:10,3813.94
25/10/2025 05:15,3844.39
25/10/2025 05:20,3910.77
25/10/2025 05:25,3931.87
25/10/2025 05:30,4078.87
25/10/2025 05:35,3939.74
25/10/2025 05:40,4177.15
25/10/2025 05:45,4191.75
25/10/2025 05:50,4014.03
25/10/2025 05:55,4225.57
25/10/2025 06:00,4255.63
25/10/2025 06:05,4139.9
25/10/2025 06:10,4240.67
25/10/2025 06:15,4169.27
25/10/2025 06:20,4235.08
25/10/2025 06:25,4287.9
25/10/2025 06:30,4384.21
25/10/2025 06:35,4483.9
25/10/2025 06:40,4334.16
25/10/2025 06:45,4470.31
25/10/2025 06:50,4504.48
25/10/2025 06:55,4414.18
25/10/2025 07:00,4621.0
25/10/2025 07:05,4633.73
25/10/2025 07:10,4643.0
25/10/2025 07:15,4829.13
25/10/2025 07:20,4737.41
25/10/2025 07:25,4803.15
25/10/2025 07:30,4900.25
25/10/2025 07:35,4864.47
25/10/2025 07:40,4860.83
25/10/2025 07:45,5160.78
25/10/2025 07:50,4995.33
25/10/2025 07:55,4965.69
25/10/2025 08:00,5167.55
25/10/2025 08:05,5102.97
25/10/2025 08:10,5272.53
25/10/2025 08:15,5271.45
25/10/2025 08:20,5281.94
25/10/2025 08:25,5312.53
25/10/2025 08:30,5380.15
25/10/2025 08:35,5402.25
25/10/2025 08:40,5506.54
25/10/2025 08:45,5507.52
25/10/2025 08:50,5488.02
25/10/2025 08:55,5509.11
25/10/2025 09:00,5481.12
25/10/2025 09:05,5506.92
25/10/2025 09:10,5367.7
25/10/2025 09:15,5465.41
25/10/2025 09:20,5584.84
25/10/2025 09:25,5510.93
25/10/2025 09:30,5574.94
25/10/2025 09:35,5714.74
25/10/2025 09:40,5594.65
25/10/2025 09:45,5671.44
25/10/2025 09:50,5655.68
25/10/2025 09:55,5550.65
25/10/2025 10:00,5779.3
25/10/2025 10:05,5645.09
25/10/2025 10:10,5680.53
25/10/2025 10:15,5649.27
25/10/2025 10:20,5676.44
25/10/2025 10:25,5706.74
25/10/2025 10:30,5628.14
25/10/2025 10:35,5741.36
25/10/2025 10:40,5666.83
25/10/2025 10:45,5562.56
25/10/2025 10:50,5704.9
25/10/2025 10:55,5719.6
25/10/2025 11:00,5782.77
25/10/2025 11:05,5696.45
25/10/2025 11:10,5727.75
25/10/2025 11:15,5577.16
25/10/2025 11:20,5519.68
25/10/2025 11:25,5586.42
25/10/2025 11:30,5512.48
25/10/2025 11:35,5460.53
25/10/2025 11:40,5500.17
25/10/2025 11:45,5568.12
25/10/2025 11:50,5465.34
25/10/2025 11:55,5349.97
25/10/2025 12:00,5377.84
25/10/2025 12:05,5436.85
25/10/2025 12:10,5335.15
25/10/2025 12:15,5472.64
25/10/2025 12:20,5360.36
25/10/2025 12:25,5437.42
25/10/2025 12:30,5420.26
25/10/2025 12:35,5325.67
25/10/2025 12:40,5364.54
25/10/2025 12:45,5397.6
25/10/2025 12:50,5257.66
25/10/2025 12:55,5424.68
25/10/2025 13:00,5438.66
25/10/2025 13:05,5320.15
25/10/2025 13:10,5431.76
25/10/2025 13:15,5282.81
25/10/2025 13:20,5377.83
25/10/2025 13:25,5432.49
25/10/2025 13:30,5315.59
25/10/2025 13:35,5240.61
25/10/2025 13:40,5364.88
25/10/2025 13:45,5243.86
25/10/2025 13:50,5228.04
25/10/2025 13:55,5202.68
25/10/2025 14:00,5274.3
25/10/2025 14:05,5191.12
25/10/2025 14:10,5266.23
25/10/2025 14:15,5305.99
25/10/2025 14:20,5217.02
25/10/2025 14:25,5250.14
25/10/2025 14:30,5255.83
25/10/2025 14:35,5176.03
25/10/2025 14:40,5486.53
25/10/2025 14:45,5244.82
25/10/2025 14:50,5267.86
25/10/2025 14:55,5228.62
25/10/2025 15:00,5227.56
25/10/2025 15:05,5378.71
25/10/2025 15:10,5389.17
25/10/2025 15:15,5327.95
25/10/2025 15:20,5464.64
25/10/2025 15:25,5377.79
25/10/2025 15:30,5283.59
25/10/2025 15:35,5386.25
25/10/2025 15:40,5396.97
25/10/2025 15:45,5253.24
25/10/2025 15:50,5409.26
25/10/2025 15:55,5603.82
25/10/2025 16:00,5547.05
25/10/2025 16:05,5262.38
25/10/2025 16:10,5450.8
25/10/2025 16:15,5471.14
25/10/2025 16:20,5371.81
25/10/2025 16:25,5583.56
25/10/2025 16:30,5405.46
25/10/2025 16:35,5507.14
25/10/2025 16:40,5479.44
25/10/2025 16:45,5603.28
25/10/2025 16:50,5519.69
25/10/2025 16:55,5680.36
25/10/2025 17:00,5759.16
25/10/2025 17:05,5582.38
25/10/2025 17:10,5691.81
25/10/2025 17:15,5714.92
25/10/2025 17:20,5696.32
25/10/2025 17:25,5724.66
25/10/2025 17:30,5628.74
25/10/2025 17:35,5714.62
25/10/2025 17:40,5810.49
25/10/2025 17:45,5766.23
25/10/2025 17:50,5834.41
25/10/2025 17:55,5793.12
25/10/2025 18:00,6265.91
25/10/2025 18:05,6310.41
25/10/2025 18:10,6331.98
25/10/2025 18:15,6394.12
25/10/2025 18:20,6417.84
25/10/2025 18:25,6493.0
25/10/2025 18:30,6348.07
25/10/2025 18:35,6440.97
25/10/2025 18:40,6573.95
25/10/2025 18:45,6627.22
25/10/2025 18:50,6617.76
25/10/2025 18:55,6650.43
25/10/2025 19:00,6525.35
25/10/2025 19:05,6622.92
25/10/2025 19:10,6578.89
25/10/2025 19:15,6558.68
25/10/2025 19:20,6646.08
25/10/2025 19:25,6708.28
25/10/2025 19:30,6747.63
25/10/2025 19:35,6509.53
25/10/2025 19:40,6660.03
25/10/2025 19:45,6520.37
25/10/2025 19:50,6596.7
25/10/2025 19:55,6570.92
25/10/2025 20:00,6660.93
25/10/2025 20:05,6537.88
25/10/2025 20:10,6495.01
25/10/2025 20:15,6504.35
25/10/2025 20:20,6392.58
25/10/2025 20:25,6599.65
25/10/2025 20:30,6275.67
25/10/2025 20:35,6398.2
25/10/2025 20:40,6308.31
25/10/2025 20:45,6313.75
25/10/2025 20:50,6383.68
25/10/2025 20:55,6342.36
25/10/2025 21:00,6042.47
25/10/2025 21:05,5936.89
25/10/2025 21:10,5836.06
25/10/2025 21:15,5780.68
25/10/2025 21:20,5753.87
25/10/2025 21:25,5650.0
25/10/2025 21:30,5823.33
25/10/2025 21:35,5609.11
25/10/2025 21:40,5664.77
25/10/2025 21:45,5615.6
25/10/2025 21:50,5633.35
25/10/2025 21:55,5531.91
25/10/2025 22:00,5497.79
25/10/2025 22:05,5501.03
25/10/2025 22:10,5329.2
25/10/2025 22:15,5339.63
25/10/2025 22:20,5438.09
25/10/2025 22:25,5310.32
25/10/2025 22:30,5256.39
25/10/2025 22:35,5210.57
25/10/2025 22:40,5106.28
25/10/2025 22:45,4986.26
25/10/2025 22:50,5034.3
25/10/2025 22:55,4927.55
25/10/2025 23:00,4887.36
25/10/2025 23:05,5022.5
25/10/2025 23:10,4842.84
25/10/2025 23:15,4935.5
25/10/2025 23:20,4798.52
25/10/2025 23:25,4766.08
25/10/2025 23:30,4602.28
25/10/2025 23:35,4670.71
25/10/2025 23:40,4570.24
25/10/2025 23:45,4533.06
25/10/2025 23:50,4404.47
25/10/2025 23:55,4467.54
26/10/2025 00:00,4463.45
26/10/2025 00:05,4373.12
26/10/2025 00:10,4145.89
26/10/2025 00:15,4465.83
26/10/2025 00:20,4387.16
26/10/2025 00:25,4405.57
26/10/2025 00:30,4233.86
26/10/2025 00:35,4275.59
26/10/2025 00:40,4152.88
26/10/2025 00:45,4255.36
26/10/2025 00:50,4125.74
26/10/2025 00:55,4230.67
26/10/2025 01:00,4119.59
26/10/2025 01:05,4074.6
26/10/2025 01:10,4168.01
26/10/2025 01:15,4137.04
26/10/2025 01:20,4118.4
26/10/2025 01:25,4121.23
26/10/2025 01:30,4134.33
26/10/2025 01:35,4067.35
26/10/2025 01:40,3846.62
26/10/2025 01:45,4015.93
26/10/2025 01:50,4119.03
26/10/2025 01:55,3807.23
26/10/2025 02:00,3323.79
26/10/2025 02:05,3583.67
26/10/2025 02:10,3396.53
26/10/2025 02:15,3560.37
26/10/2025 02:20,3622.22
26/10/2025 02:25,3541.23
26/10/2025 02:30,3665.81
26/10/2025 02:35,3611.36
26/10/2025 02:40,3540.13
26/10/2025 02:45,3430.75
26/10/2025 02:50,3581.44
26/10/2025 02:55,3585.66
26/10/2025 03:00,3587.37
26/10/2025 03:05,3481.27
26/10/2025 03:10,3551.84
26/10/2025 03:15,3666.3
26/10/2025 03:20,3625.62
26/10/2025 03:25,3698.1
26/10/2025 03:30,3371.91
26/10/2025 03:35,3614.74
26/10/2025 03:40,3652.7
26/10/2025 03:45,3601.97
26/10/2025 03:50,3464.85
26/10/2025 03:55,3394.59
26/10/2025 04:00,3733.6
26/10/2025 04:05,3683.2
26/10/2025 04:10,3750.38
26/10/2025 04:15,3619.66
26/10/2025 04:20,3610.29
26/10/2025 04:25,3676.63
26/10/2025 04:30,3645.69
26/10/2025 04:35,3621.66
26/10/2025 04:40,3473.19
26/10/2025 04:45,3541.1
26/10/2025 04:50,3383.64
26/10/2025 04:55,3550.5
26/10/2025 05:00,3869.32
26/10/2025 05:05,3866.64
26/10/2025 05:10,3812.62
26/10/2025 05:15,3762.73
26/10/2025 05:20,3870.07
26/10/2025 05:25,3811.35
26/10/2025 05:30,3975.96
26/10/2025 05:35,4135.65
26/10/2025 05:40,4056.27
26/10/2025 05:45,4129.73
26/10/2025 05:50,4171.89
26/10/2025 05:55,4102.29
26/10/2025 06:00,4074.54
26/10/2025 06:05,4282.28
26/10/2025 06:10,4169.52
26/10/2025 06:15,4294.41
26/10/2025 06:20,4145.36
26/10/2025 06:25,4400.77
26/10/2025 06:30,4403.96
26/10/2025 06:35,4465.6
26/10/2025 06:40,4344.65
26/10/2025 06:45,4328.71
26/10/2025 06:50,4327.76
26/10/2025 06:55,4561.1
26/10/2025 07:00,4531.14
26/10/2025 07:05,4715.21
26/10/2025 07:10,4872.56
26/10/2025 07:15,4756.84
26/10/2025 07:20,4761.35
26/10/2025 07:25,4814.8
26/10/2025 07:30,4839.88
26/10/2025 07:35,4882.58
26/10/2025 07:40,4965.55
26/10/2025 07:45,5060.16
26/10/2025 07:50,5039.91
26/10/2025 07:55,4903.73
26/10/2025 08:00,5144.63
26/10/2025 08:05,5068.15
26/10/2025 08:10,5136.15
26/10/2025 08:15,5303.54
26/10/2025 08:20,5278.14
26/10/2025 08:25,5435.44
26/10/2025 08:30,5451.63
26/10/2025 08:35,5342.99
26/10/2025 08:40,5482.33
26/10/2025 08:45,5584.07
26/10/2025 08:50,5489.24
26/10/2025 08:55,5676.08
26/10/2025 09:00,5452.53
26/10/2025 09:05,5534.74
26/10/2025 09:10,5567.83
26/10/2025 09:15,5471.72
26/10/2025 09:20,5565.84
26/10/2025 09:25,5434.33
26/10/2025 09:30,5535.32
26/10/2025 09:35,5496.75
26/10/2025 09:40,5643.33
26/10/2025 09:45,5552.65
26/10/2025 09:50,5581.66
26/10/2025 09:55,5684.81
26/10/2025 10:00,5678.2
26/10/2025 10:05,5635.58
26/10/2025 10:10,5704.0
26/10/2025 10:15,5663.35
26/10/2025 10:20,5803.29
26/10/2025 10:25,5681.44
26/10/2025 10:30,5747.43
26/10/2025 10:35,5731.67
26/10/2025 10:40,5660.75
26/10/2025 10:45,5743.94
26/10/2025 10:50,5613.09
26/10/2025 10:55,5630.8
26/10/2025 11:00,5645.29
26/10/2025 11:05,5679.67
26/10/2025 11:10,5830.57
26/10/2025 11:15,5639.08
26/10/2025 11:20,5637.4
26/10/2025 11:25,5610.43
26/10/2025 11:30,5539.27
26/10/2025 11:35,5639.87
26/10/2025 11:40,5488.85
26/10/2025 11:45,5359.95
26/10/2025 11:50,5678.77
26/10/2025 11:55,5496.39
26/10/2025 12:00,5315.98
26/10/2025 12:05,5362.3
26/10/2025 12:10,5390.56
26/10/2025 12:15,5453.7
26/10/2025 12:20,5256.16
26/10/2025 12:25,5299.04
26/10/2025 12:30,5532.19
26/10/2025 12:35,5411.13
26/10/2025 12:40,5300.15
26/10/2025 12:45,5486.38
26/10/2025 12:50,5451.57
26/10/2025 12:55,5298.52
26/10/2025 13:00,5343.03
26/10/2025 13:05,5345.29
26/10/2025 13:10,5314.85
26/10/2025 13:15,5324.15
26/10/2025 13:20,5300.46
26/10/2025 13:25,5446.87
26/10/2025 13:30,5213.56
26/10/2025 13:35,5334.78
26/10/2025 13:40,5323.39
26/10/2025 13:45,5264.84
26/10/2025 13:50,5306.92
26/10/2025 13:55,5367.5
26/10/2025 14:00,5126.47
26/10/2025 14:05,5291.57
26/10/2025 14:10,5299.45
26/10/2025 14:15,5235.63
26/10/2025 14:20,5332.22
26/10/2025 14:25,5256.49
26/10/2025 14:30,5128.23
26/10/2025 14:35,5320.43
26/10/2025 14:40,5291.29
26/10/2025 14:45,5349.79
26/10/2025 14:50,5207.25
26/10/2025 14:55,5158.51
26/10/2025 15:00,5347.58
26/10/2025 15:05,5311.52
26/10/2025 15:10,5338.13
26/10/2025 15:15,5184.75
26/10/2025 15:20,5277.1
26/10/2025 15:25,5491.31
26/10/2025 15:30,5299.36
26/10/2025 15:35,5372.79
26/10/2025 15:40,5481.97
26/10/2025 15:45,5516.44
26/10/2025 15:50,5504.54
26/10/2025 15:55,5429.48
26/10/2025 16:00,5518.51
26/10/2025 16:05,5492.25
26/10/2025 16:10,5563.26
26/10/2025 16:15,5368.76
26/10/2025 16:20,5431.62
26/10/2025 16:25,5467.9
26/10/2025 16:30,5458.83
26/10/2025 16:35,5585.31
26/10/2025 16:40,5592.7
26/10/2025 16:45,5567.89
26/10/2025 16:50,5418.23
26/10/2025 16:55,5501.27
26/10/2025 17:00,5656.97
26/10/2025 17:05,5538.38
26/10/2025 17:10,5726.58
26/10/2025 17:15,5546.2
26/10/2025 17:20,5591.89
26/10/2025 17:25,5821.48
26/10/2025 17:30,5673.38
26/10/2025 17:35,5621.86
26/10/2025 17:40,5732.28
26/10/2025 17:45,5709.57
26/10/2025 17:50,5689.55
26/10/2025 17:55,5696.65
26/10/2025 18:00,6186.3
26/10/2025 18:05,6405.7
26/10/2025 18:10,6425.73
26/10/2025 18:15,6220.71
26/10/2025 18:20,6344.34
26/10/2025 18:25,6499.95
26/10/2025 18:30,6495.21
26/10/2025 18:35,6410.89
26/10/2025 18:40,6521.84
26/10/2025 18:45,6486.61
26/10/2025 18:50,6551.18
26/10/2025 18:55,6696.16
26/10/2025 19:00,6654.21
26/10/2025 19:05,6495.49
26/10/2025 19:10,6579.02
26/10/2025 19:15,6673.64
26/10/2025 19:20,6632.74
26/10/2025 19:25,6578.5
26/10/2025 19:30,6595.07
26/10/2025 19:35,6583.2
26/10/2025 19:40,6562.22
26/10/2025 19:45,6579.96
26/10/2025 19:50,6577.61
26/10/2025 19:55,6634.66
26/10/2025 20:00,6505.85
26/10/2025 20:05,6571.99
26/10/2025 20:10,6424.12
26/10/2025 20:15,6407.99
26/10/2025 20:20,6518.81
26/10/2025 20:25,6512.27
26/10/2025 20:30,6336.18
26/10/2025 20:35,6332.65
26/10/2025 20:40,6418.92
26/10/2025 20:45,6338.64
26/10/2025 20:50,6271.23
26/10/2025 20:55,6381.75
26/10/2025 21:00,5861.78
26/10/2025 21:05,5925.49
26/10/2025 21:10,5804.09
26/10/2025 21:15,5781.92
26/10/2025 21:20,5866.53
26/10/2025 21:25,5724.51
26/10/2025 21:30,5532.79
26/10/2025 21:35,5695.22
26/10/2025 21:40,5546.63
26/10/2025 21:45,5564.35
26/10/2025 21:50,5441.55
26/10/2025 21:55,5377.28
26/10/2025 22:00,5437.68
26/10/2025 22:05,5436.41
26/10/2025 22:10,5343.35
26/10/2025 22:15,5357.48
26/10/2025 22:20,5332.01
26/10/2025 22:25,5263.67
26/10/2025 22:30,5074.97
26/10/2025 22:35,5230.44
26/10/2025 22:40,5268.92
26/10/2025 22:45,4940.38
26/10/2025 22:50,5009.45
26/10/2025 22:55,4985.21
26/10/2025 23:00,4831.23
26/10/2025 23:05,4817.33
26/10/2025 23:10,5027.39
26/10/2025 23:15,4779.8
26/10/2025 23:20,4848.98
26/10/2025 23:25,4742.84
26/10/2025 23:30,4675.37
26/10/2025 23:35,4808.12
26/10/2025 23:40,4469.5
26/10/2025 23:45,4594.49
26/10/2025 23:50,4451.5
26/10/2025 23:55,4537.14
27/10/2025 00:00,4436.22
27/10/2025 00:05,4493.27
27/10/2025 00:10,4555.89
27/10/2025 00:15,4557.05
27/10/2025 00:20,4552.71
27/10/2025 00:25,4475.5
27/10/2025 00:30,4497.97
27/10/2025 00:35,4564.84
27/10/2025 00:40,4559.18
27/10/2025 00:45,4500.36
27/10/2025 00:50,4356.59
27/10/2025 00:55,4528.1
27/10/2025 01:00,4370.77
27/10/2025 01:05,4374.89
27/10/2025 01:10,4342.59
27/10/2025 01:15,4319.52
27/10/2025 01:20,4396.88
27/10/2025 01:25,4460.98
27/10/2025 01:30,4395.64
27/10/2025 01:35,4343.71
27/10/2025 01:40,4231.23
27/10/2025 01:45,4357.41
27/10/2025 01:50,4288.7
27/10/2025 01:55,4250.2
27/10/2025 02:00,3749.17
27/10/2025 02:05,3775.63
27/10/2025 02:10,3771.85
27/10/2025 02:15,3858.16
27/10/2025 02:20,3803.77
27/10/2025 02:25,3855.6
27/10/2025 02:30,3934.44
27/10/2025 02:35,3788.78
27/10/2025 02:40,3785.09
27/10/2025 02:45,4076.97
27/10/2025 02:50,3742.93
27/10/2025 02:55,3996.66
27/10/2025 03:00,3769.2
27/10/2025 03:05,3973.59
27/10/2025 03:10,3786.03
27/10/2025 03:15,3849.73
27/10/2025 03:20,3867.69
27/10/2025 03:25,3605.3
27/10/2025 03:30,3880.05
27/10/2025 03:35,3830.17
27/10/2025 03:40,3564.05
27/10/2025 03:45,3846.71
27/10/2025 03:50,3590.06
27/10/2025 03:55,3853.34
27/10/2025 04:00,3807.46
27/10/2025 04:05,3742.21
27/10/2025 04:10,3817.24
27/10/2025 04:15,3735.34
27/10/2025 04:20,3880.63
27/10/2025 04:25,3698.22
27/10/2025 04:30,3775.01
27/10/2025 04:35,3709.96
27/10/2025 04:40,3822.11
27/10/2025 04:45,3757.67
27/10/2025 04:50,3641.49
27/10/2025 04:55,3969.07
27/10/2025 05:00,4078.29
27/10/2025 05:05,3898.32
27/10/2025 05:10,3998.34
27/10/2025 05:15,4084.9
27/10/2025 05:20,4267.57
27/10/2025 05:25,4191.4
27/10/2025 05:30,4293.94
27/10/2025 05:35,4204.49
27/10/2025 05:40,4195.92
27/10/2025 05:45,4536.72
27/10/2025 05:50,4400.23
27/10/2025 05:55,4403.84
27/10/2025 06:00,4351.24
27/10/2025 06:05,4515.17
27/10/2025 06:10,4547.04
27/10/2025 06:15,4589.88
27/10/2025 06:20,4539.66
27/10/2025 06:25,4689.05
27/10/2025 06:30,4558.73
27/10/2025 06:35,4581.38
27/10/2025 06:40,4807.63
27/10/2025 06:45,4504.66
27/10/2025 06:50,4785.26
27/10/2025 06:55,4797.58
27/10/2025 07:00,4792.14
27/10/2025 07:05,4875.76
27/10/2025 07:10,4981.81
27/10/2025 07:15,4956.77
27/10/2025 07:20,5040.82
27/10/2025 07:25,4974.39
27/10/2025 07:30,5069.43
27/10/2025 07:35,5081.08
27/10/2025 07:40,5224.76
27/10/2025 07:45,5347.59
27/10/2025 07:50,5206.81
27/10/2025 07:55,5207.42
27/10/2025 08:00,5373.52
27/10/2025 08:05,5466.27
27/10/2025 08:10,5466.88
27/10/2025 08:15,5586.0
27/10/2025 08:20,5538.45
27/10/2025 08:25,5642.94
27/10/2025 08:30,5683.68
27/10/2025 08:35,5743.31
27/10/2025 08:40,5663.36
27/10/2025 08:45,5775.9
27/10/2025 08:50,5852.65
27/10/2025 08:55,5792.35
27/10/2025 09:00,5716.04
27/10/2025 09:05,5686.25
27/10/2025 09:10,5767.55
27/10/2025 09:15,5776.4
27/10/2025 09:20,5741.82
27/10/2025 09:25,5740.11
27/10/2025 09:30,5871.33
27/10/2025 09:35,5942.36
27/10/2025 09:40,5891.41
27/10/2025 09:45,5833.43
27/10/2025 09:50,5906.61
27/10/2025 09:55,5884.4
27/10/2025 10:00,5923.68
27/10/2025 10:05,6032.9
27/10/2025 10:10,5912.19
27/10/2025 10:15,5795.97
27/10/2025 10:20,5867.46
27/10/2025 10:25,6002.51
27/10/2025 10:30,5941.49
27/10/2025 10:35,6113.48
27/10/2025 10:40,5876.04
27/10/2025 10:45,5938.78
27/10/2025 10:50,5932.26
27/10/2025 10:55,5964.94
27/10/2025 11:00,5923.13
27/10/2025 11:05,5798.06
27/10/2025 11:10,5835.09
27/10/2025 11:15,5872.11
27/10/2025 11:20,5825.81
27/10/2025 11:25,5916.58
27/10/2025 11:30,5804.76
27/10/2025 11:35,5777.16
27/10/2025 11:40,5637.16
27/10/2025 11:45,5712.8
27/10/2025 11:50,5556.19
27/10/2025 11:55,5765.69
27/10/2025 12:00,5706.32
27/10/2025 12:05,5627.79
27/10/2025 12:10,5634.87
27/10/2025 12:15,5705.1
27/10/2025 12:20,5745.72
27/10/2025 12:25,5676.49
27/10/2025 12:30,5692.68
27/10/2025 12:35,5633.78
27/10/2025 12:40,5617.83
27/10/2025 12:45,5480.97
27/10/2025 12:50,5642.79
27/10/2025 12:55,5581.18
27/10/2025 13:00,5586.92
27/10/2025 13:05,5599.66
27/10/2025 13:10,5751.8
27/10/2025 13:15,5673.3
27/10/2025 13:20,5499.94
27/10/2025 13:25,5627.07
27/10/2025 13:30,5592.66
27/10/2025 13:35,5637.83
27/10/2025 13:40,5544.42
27/10/2025 13:45,5459.11
27/10/2025 13:50,5515.25
27/10/2025 13:55,5643.74
27/10/2025 14:00,5594.73
27/10/2025 14:05,5478.64
27/10/2025 14:10,5412.89
27/10/2025 14:15,5454.28
27/10/2025 14:20,5515.22
27/10/2025 14:25,5522.27
27/10/2025 14:30,5412.88
27/10/2025 14:35,5521.82
27/10/2025 14:40,5513.97
27/10/2025 14:45,5600.06
27/10/2025 14:50,5476.9
27/10/2025 14:55,5427.93
27/10/2025 15:00,5508.44
27/10/2025 15:05,5588.8
27/10/2025 15:10,5425.12
27/10/2025 15:15,5680.26
27/10/2025 15:20,5550.98
27/10/2025 15:25,5752.81
27/10/2025 15:30,5515.55
27/10/2025 15:35,5824.08
27/10/2025 15:40,5629.7
27/10/2025 15:45,5561.74
27/10/2025 15:50,5655.45
27/10/2025 15:55,5701.67
27/10/2025 16:00,5689.38
27/10/2025 16:05,5720.79
27/10/2025 16:10,5683.57
27/10/2025 16:15,5740.48
27/10/2025 16:20,5712.39
27/10/2025 16:25,5680.42
27/10/2025 16:30,5720.91
27/10/2025 16:35,5693.84
27/10/2025 16:40,5885.46
27/10/2025 16:45,5793.18
27/10/2025 16:50,5905.7
27/10/2025 16:55,5873.81
27/10/2025 17:00,5884.9
27/10/2025 17:05,5951.98
27/10/2025 17:10,5725.89
27/10/2025 17:15,5899.41
27/10/2025 17:20,5784.34
27/10/2025 17:25,6014.14
27/10/2025 17:30,6009.38
27/10/2025 17:35,5911.49
27/10/2025 17:40,5915.95
27/10/2025 17:45,6047.67
27/10/2025 17:50,5977.41
27/10/2025 17:55,6025.84
27/10/2025 18:00,6457.52
27/10/2025 18:05,6581.16
27/10/2025 18:10,6562.64
27/10/2025 18:15,6585.52
27/10/2025 18:20,6555.36
27/10/2025 18:25,6709.19
27/10/2025 18:30,6805.35
27/10/2025 18:35,6716.18
27/10/2025 18:40,6687.18
27/10/2025 18:45,6776.83
27/10/2025 18:50,6857.27
27/10/2025 18:55,6790.04
27/10/2025 19:00,6890.59
27/10/2025 19:05,6825.41
27/10/2025 19:10,6737.65
27/10/2025 19:15,6740.23
27/10/2025 19:20,6801.81
27/10/2025 19:25,6961.98
27/10/2025 19:30,6817.24
27/10/2025 19:35,6746.51
27/10/2025 19:40,6871.35
27/10/2025 19:45,6763.66
27/10/2025 19:50,6842.76
27/10/2025 19:55,6837.63
27/10/2025 20:00,6864.25
27/10/2025 20:05,6871.39
27/10/2025 20:10,6877.05
27/10/2025 20:15,6654.45
27/10/2025 20:20,6744.35
27/10/2025 20:25,6625.11
27/10/2025 20:30,6512.87
27/10/2025 20:35,6645.37
27/10/2025 20:40,6676.91
27/10/2025 20:45,6654.63
27/10/2025 20:50,6568.35
27/10/2025 20:55,6577.55
27/10/2025 21:00,6085.91
27/10/2025 21:05,6111.66
27/10/2025 21:10,6109.28
27/10/2025 21:15,6018.45
27/10/2025 21:20,5994.9
27/10/2025 21:25,6010.8
27/10/2025 21:30,5900.98
27/10/2025 21:35,5974.52
27/10/2025 21:40,5862.87
27/10/2025 21:45,5736.83
27/10/2025 21:50,5771.96
27/10/2025 21:55,5764.38
27/10/2025 22:00,5764.79
27/10/2025 22:05,5685.13
27/10/2025 22:10,5611.12
27/10/2025 22:15,5634.9
27/10/2025 22:20,5512.61
27/10/2025 22:25,5411.53
27/10/2025 22:30,5416.47
27/10/2025 22:35,5322.97
27/10/2025 22:40,5288.09
27/10/2025 22:45,5378.62
27/10/2025 22:50,5429.47
27/10/2025 22:55,5259.94
27/10/2025 23:00,5109.98
27/10/2025 23:05,5292.67
27/10/2025 23:10,5104.6
27/10/2025 23:15,5029.43
27/10/2025 23:20,5007.54
27/10/2025 23:25,4938.01
27/10/2025 23:30,4944.02
27/10/2025 23:35,4791.07
27/10/2025 23:40,4898.29
27/10/2025 23:45,4837.53
27/10/2025 23:50,4898.61
27/10/2025 23:55,4641.34
28/10/2025 00:00,4650.13
28/10/2025 00:05,4555.37
28/10/2025 00:10,4645.26
28/10/2025 00:15,4707.41
28/10/2025 00:20,4557.03
28/10/2025 00:25,4504.03
28/10/2025 00:30,4555.46
28/10/2025 00:35,4438.76
28/10/2025 00:40,4563.1
28/10/2025 00:45,4600.64
28/10/2025 00:50,4429.19
28/10/2025 00:55,4505.9
28/10/2025 01:00,4317.38
28/10/2025 01:05,4398.2
28/10/2025 01:10,4393.56
28/10/2025 01:15,4254.26
28/10/2025 01:20,4466.46
28/10/2025 01:25,4301.41
28/10/2025 01:30,4343.89
28/10/2025 01:35,4249.77
28/10/2025 01:40,4267.82
28/10/2025 01:45,4274.89
28/10/2025 01:50,4217.52
28/10/2025 01:55,4294.19
28/10/2025 02:00,3728.44
28/10/2025 02:05,3858.15
28/10/2025 02:10,3939.85
28/10/2025 02:15,3940.82
28/10/2025 02:20,3688.72
28/10/2025 02:25,3708.8
28/10/2025 02:30,3907.9
28/10/2025 02:35,3802.94
28/10/2025 02:40,3860.96
28/10/2025 02:45,3753.86
28/10/2025 02:50,3856.93
28/10/2025 02:55,3883.57
28/10/2025 03:00,3758.32
28/10/2025 03:05,3800.11
28/10/2025 03:10,3802.03
28/10/2025 03:15,3727.55
28/10/2025 03:20,3754.69
28/10/2025 03:25,3939.56
28/10/2025 03:30,3852.87
28/10/2025 03:35,3847.26
28/10/2025 03:40,3756.08
28/10/2025 03:45,3792.58
28/10/2025 03:50,3603.95
28/10/2025 03:55,3802.61
28/10/2025 04:00,3889.21
28/10/2025 04:05,3847.73
28/10/2025 04:10,3768.75
28/10/2025 04:15,3727.93
28/10/2025 04:20,3800.7
28/10/2025 04:25,3912.03
28/10/2025 04:30,3736.83
28/10/2025 04:35,3870.54
28/10/2025 04:40,3822.35
28/10/2025 04:45,3809.65
28/10/2025 04:50,3810.77
28/10/2025 04:55,3794.21
28/10/2025 05:00,4131.58
28/10/2025 05:05,4196.81
28/10/2025 05:10,4071.87
28/10/2025 05:15,4169.99
28/10/2025 05:20,4243.08
28/10/2025 05:25,4299.41
28/10/2025 05:30,4292.99
28/10/2025 05:35,4251.31
28/10/2025 05:40,4190.91
28/10/2025 05:45,4355.64
28/10/2025 05:50,4310.89
28/10/2025 05:55,4422.88
28/10/2025 06:00,4339.26
28/10/2025 06:05,4462.12
28/10/2025 06:10,4431.55
28/10/2025 06:15,4654.09
28/10/2025 06:20,4576.03
28/10/2025 06:25,4528.2
28/10/2025 06:30,4476.44
28/10/2025 06:35,4556.49
28/10/2025 06:40,4731.71
28/10/2025 06:45,4736.26
28/10/2025 06:50,4723.33
28/10/2025 06:55,4729.3
28/10/2025 07:00,4861.35
28/10/2025 07:05,4766.27
28/10/2025 07:10,5088.61
28/10/2025 07:15,5086.32
28/10/2025 07:20,5029.87
28/10/2025 07:25,4978.05
28/10/2025 07:30,5091.39
28/10/2025 07:35,5114.99
28/10/2025 07:40,5278.41
28/10/2025 07:45,5276.67
28/10/2025 07:50,5286.12
28/10/2025 07:55,5254.16
28/10/2025 08:00,5334.06
28/10/2025 08:05,5560.06
28/10/2025 08:10,5378.29
28/10/2025 08:15,5398.53
28/10/2025 08:20,5495.14
28/10/2025 08:25,5588.04
28/10/2025 08:30,5629.45
28/10/2025 08:35,5824.64
28/10/2025 08:40,5644.06
28/10/2025 08:45,5662.11
28/10/2025 08:50,5880.36
28/10/2025 08:55,5859.76
28/10/2025 09:00,5597.86
28/10/2025 09:05,5666.87
28/10/2025 09:10,5737.23
28/10/2025 09:15,5722.7
28/10/2025 09:20,5797.95
28/10/2025 09:25,5777.45
28/10/2025 09:30,5834.63
28/10/2025 09:35,5802.42
28/10/2025 09:40,5800.76
28/10/2025 09:45,5800.24
28/10/2025 09:50,5906.26
28/10/2025 09:55,6039.43
28/10/2025 10:00,5805.38
28/10/2025 10:05,5983.01
28/10/2025 10:10,5895.31
28/10/2025 10:15,5995.91
28/10/2025 10:20,6028.92
28/10/2025 10:25,6029.16
28/10/2025 10:30,5954.74
28/10/2025 10:35,5981.77
28/10/2025 10:40,5790.14
28/10/2025 10:45,5967.56
28/10/2025 10:50,5914.53
28/10/2025 10:55,6090.52
28/10/2025 11:00,5968.94
28/10/2025 11:05,5985.33
28/10/2025 11:10,5845.48
28/10/2025 11:15,5831.49
28/10/2025 11:20,6023.0
28/10/2025 11:25,5986.75
28/10/2025 11:30,5724.01
28/10/2025 11:35,5839.76
28/10/2025 11:40,5757.34
28/10/2025 11:45,5814.3
28/10/2025 11:50,5898.26
28/10/2025 11:55,5672.22
28/10/2025 12:00,5818.43
28/10/2025 12:05,5640.17
28/10/2025 12:10,5647.76
28/10/2025 12:15,5434.98
28/10/2025 12:20,5832.48
28/10/2025 12:25,5593.8
28/10/2025 12:30,5635.82
28/10/2025 12:35,5623.38
28/10/2025 12:40,5678.27
28/10/2025 12:45,5620.76
28/10/2025 12:50,5512.48
28/10/2025 12:55,5652.19
28/10/2025 13:00,5569.42
28/10/2025 13:05,5566.34
28/10/2025 13:10,5634.51
28/10/2025 13:15,5531.44
28/10/2025 13:20,5485.86
28/10/2025 13:25,5578.59
28/10/2025 13:30,5459.44
28/10/2025 13:35,5409.92
28/10/2025 13:40,5394.93
28/10/2025 13:45,5593.8
28/10/2025 13:50,5579.62
28/10/2025 13:55,5573.88
28/10/2025 14:00,5507.77
28/10/2025 14:05,5431.46
28/10/2025 14:10,5551.45
28/10/2025 14:15,5480.77
28/10/2025 14:20,5419.61
28/10/2025 14:25,5496.0
28/10/2025 14:30,5600.95
28/10/2025 14:35,5520.08
28/10/2025 14:40,5411.27
28/10/2025 14:45,5612.75
28/10/2025 14:50,5493.37
28/10/2025 14:55,5485.28
28/10/2025 15:00,5588.61
28/10/2025 15:05,5603.6
28/10/2025 15:10,5651.84
28/10/2025 15:15,5421.07
28/10/2025 15:20,5685.42
28/10/2025 15:25,5575.45
28/10/2025 15:30,5587.28
28/10/2025 15:35,5568.02
28/10/2025 15:40,5527.76
28/10/2025 15:45,5668.04
28/10/2025 15:50,5600.95
28/10/2025 15:55,5668.98
28/10/2025 16:00,5591.66
28/10/2025 16:05,5671.21
28/10/2025 16:10,5649.0
28/10/2025 16:15,5756.76
28/10/2025 16:20,5826.69
28/10/2025 16:25,5697.47
28/10/2025 16:30,5878.84
28/10/2025 16:35,5764.78
28/10/2025 16:40,5841.65
28/10/2025 16:45,5661.26
28/10/2025 16:50,5815.01
28/10/2025 16:55,5803.72
28/10/2025 17:00,5854.87
28/10/2025 17:05,5783.15
28/10/2025 17:10,5773.7
28/10/2025 17:15,5924.94
28/10/2025 17:20,5846.91
28/10/2025 17:25,5742.5
28/10/2025 17:30,6023.9
28/10/2025 17:35,5911.06
28/10/2025 17:40,6092.38
28/10/2025 17:45,5808.82
28/10/2025 17:50,6001.15
28/10/2025 17:55,5964.53
28/10/2025 18:00,6486.09
28/10/2025 18:05,6520.3
28/10/2025 18:10,6354.36
28/10/2025 18:15,6693.82
28/10/2025 18:20,6672.96
28/10/2025 18:25,6742.64
28/10/2025 18:30,6877.96
28/10/2025 18:35,6706.43
28/10/2025 18:40,6687.2
28/10/2025 18:45,6763.29
28/10/2025 18:50,6808.31
28/10/2025 18:55,6792.38
28/10/2025 19:00,6813.29
28/10/2025 19:05,6850.28
28/10/2025 19:10,6916.78
28/10/2025 19:15,6896.4
28/10/2025 19:20,6879.14
28/10/2025 19:25,6964.99
28/10/2025 19:30,6940.75
28/10/2025 19:35,6839.01
28/10/2025 19:40,6993.38
28/10/2025 19:45,6829.11
28/10/2025 19:50,6861.63
28/10/2025 19:55,6982.11
28/10/2025 20:00,6753.09
28/10/2025 20:05,6894.07
28/10/2025 20:10,6596.16
28/10/2025 20:15,6699.87
28/10/2025 20:20,6656.32
28/10/2025 20:25,6727.6
28/10/2025 20:30,6744.77
28/10/2025 20:35,6717.25
28/10/2025 20:40,6617.42
28/10/2025 20:45,6518.82
28/10/2025 20:50,6851.04
28/10/2025 20:55,6551.33
28/10/2025 21:00,6261.72
28/10/2025 21:05,6202.66
28/10/2025 21:10,6064.62
28/10/2025 21:15,5987.2
28/10/2025 21:20,6061.77
28/10/2025 21:25,6007.95
28/10/2025 21:30,6072.9
28/10/2025 21:35,5945.51
28/10/2025 21:40,5876.95
28/10/2025 21:45,5819.75
28/10/2025 21:50,5774.94
28/10/2025 21:55,5794.37
28/10/2025 22:00,5751.24
28/10/2025 22:05,5587.47
28/10/2025 22:10,5598.32
28/10/2025 22:15,5664.72
28/10/2025 22:20,5534.46
28/10/2025 22:25,5541.65
28/10/2025 22:30,5556.58
28/10/2025 22:35,5342.74
28/10/2025 22:40,5328.31
28/10/2025 22:45,5327.92
28/10/2025 22:50,5144.23
28/10/2025 22:55,5265.68
28/10/2025 23:00,5230.22
28/10/2025 23:05,4891.93
28/10/2025 23:10,5121.3
28/10/2025 23:15,5095.62
28/10/2025 23:20,5183.33
28/10/2025 23:25,4939.1
28/10/2025 23:30,4828.75
28/10/2025 23:35,5017.07
28/10/2025 23:40,4779.02
28/10/2025 23:45,4863.77
28/10/2025 23:50,4920.81
28/10/2025 23:55,4638.8
29/10/2025 00:00,4653.62
29/10/2025 00:05,4606.31
29/10/2025 00:10,4521.53
29/10/2025 00:15,4581.38
29/10/2025 00:20,4586.66
29/10/2025 00:25,4583.15
29/10/2025 00:30,4590.57
29/10/2025 00:35,4532.46
29/10/2025 00:40,4495.06
29/10/2025 00:45,4488.64
29/10/2025 00:50,4494.57
29/10/2025 00:55,4239.43
29/10/2025 01:00,4533.92
29/10/2025 01:05,4315.93
29/10/2025 01:10,4389.76
29/10/2025 01:15,4386.96
29/10/2025 01:20,4460.49
29/10/2025 01:25,4291.19
29/10/2025 01:30,4292.96
29/10/2025 01:35,4167.26
29/10/2025 01:40,4347.42
29/10/2025 01:45,4273.48
29/10/2025 01:50,4265.66
29/10/2025 01:55,4111.53
29/10/2025 02:00,3870.75
29/10/2025 02:05,3668.46
29/10/2025 02:10,3774.25
29/10/2025 02:15,3677.7
29/10/2025 02:20,3897.96
29/10/2025 02:25,3804.99
29/10/2025 02:30,3712.23
29/10/2025 02:35,3874.56
29/10/2025 02:40,3787.94
29/10/2025 02:45,3716.49
29/10/2025 02:50,3687.76
29/10/2025 02:55,3680.39
29/10/2025 03:00,3996.12
29/10/2025 03:05,3825.45
29/10/2025 03:10,3733.96
29/10/2025 03:15,3768.9
29/10/2025 03:20,3858.49
29/10/2025 03:25,3872.74
29/10/2025 03:30,3733.47
29/10/2025 03:35,3766.3
29/10/2025 03:40,3644.91
29/10/2025 03:45,3669.14
29/10/2025 03:50,3683.97
29/10/2025 03:55,3578.13
29/10/2025 04:00,3652.08
29/10/2025 04:05,3850.44
29/10/2025 04:10,3980.27
29/10/2025 04:15,3685.48
29/10/2025 04:20,3854.17
29/10/2025 04:25,3565.81
29/10/2025 04:30,3717.23
29/10/2025 04:35,3837.19
29/10/2025 04:40,3653.17
29/10/2025 04:45,3813.27
29/10/2025 04:50,3911.47
29/10/2025 04:55,3717.37
29/10/2025 05:00,4101.87
29/10/2025 05:05,4091.73
29/10/2025 05:10,4111.48
29/10/2025 05:15,4068.78
29/10/2025 05:20,4341.64
29/10/2025 05:25,4243.15
29/10/2025 05:30,4218.32
29/10/2025 05:35,4276.22
29/10/2025 05:40,4363.19
29/10/2025 05:45,4259.17
29/10/2025 05:50,4413.24
29/10/2025 05:55,4435.67
29/10/2025 06:00,4400.91
29/10/2025 06:05,4460.47
29/10/2025 06:10,4479.25
29/10/2025 06:15,4517.42
29/10/2025 06:20,4644.53
29/10/2025 06:25,4607.26
29/10/2025 06:30,4596.08
29/10/2025 06:35,4816.08
29/10/2025 06:40,4494.12
29/10/2025 06:45,4849.38
29/10/2025 06:50,4769.66
29/10/2025 06:55,5019.0
29/10/2025 07:00,4900.26
29/10/2025 07:05,4885.6
29/10/2025 07:10,4862.7
29/10/2025 07:15,4963.54
29/10/2025 07:20,5020.43
29/10/2025 07:25,4951.19
29/10/2025 07:30,5130.65
29/10/2025 07:35,5113.24
29/10/2025 07:40,5243.16
29/10/2025 07:45,5214.61
29/10/2025 07:50,5364.15
29/10/2025 07:55,5303.25
29/10/2025 08:00,5407.01
29/10/2025 08:05,5337.6
29/10/2025 08:10,5327.26
29/10/2025 08:15,5566.87
29/10/2025 08:20,5543.84
29/10/2025 08:25,5585.14
29/10/2025 08:30,5598.13
29/10/2025 08:35,5650.79
29/10/2025 08:40,5665.07
29/10/2025 08:45,5893.29
29/10/2025 08:50,5898.91
29/10/2025 08:55,5887.98
29/10/2025 09:00,5674.78
29/10/2025 09:05,5813.38
29/10/2025 09:10,5666.26
29/10/2025 09:15,5777.06
29/10/2025 09:20,5828.13
29/10/2025 09:25,5730.61
29/10/2025 09:30,5854.52
29/10/2025 09:35,5824.74
29/10/2025 09:40,5916.68
29/10/2025 09:45,5818.0
29/10/2025 09:50,5964.92
29/10/2025 09:55,5983.67
29/10/2025 10:00,6004.52
29/10/2025 10:05,5931.72
29/10/2025 10:10,6001.68
29/10/2025 10:15,6049.62
29/10/2025 10:20,5892.85
29/10/2025 10:25,5880.76
29/10/2025 10:30,6025.32
29/10/2025 10:35,5922.99
29/10/2025 10:40,5949.76
29/10/2025 10:45,5907.95
29/10/2025 10:50,5838.66
29/10/2025 10:55,5779.81
29/10/2025 11:00,5957.28
29/10/2025 11:05,5825.64
29/10/2025 11:10,5881.83
29/10/2025 11:15,5903.03
29/10/2025 11:20,5860.03
29/10/2025 11:25,5921.77
29/10/2025 11:30,5851.67
29/10/2025 11:35,5853.23
29/10/2025 11:40,5762.97
29/10/2025 11:45,5832.39
29/10/2025 11:50,5829.47
29/10/2025 11:55,5741.85
29/10/2025 12:00,5724.65
29/10/2025 12:05,5689.03
29/10/2025 12:10,5611.05
29/10/2025 12:15,5787.03
29/10/2025 12:20,5588.85
29/10/2025 12:25,5501.98
29/10/2025 12:30,5613.13
29/10/2025 12:35,5573.81
29/10/2025 12:40,5560.08
29/10/2025 12:45,5666.2
29/10/2025 12:50,5658.88
29/10/2025 12:55,5611.92
29/10/2025 13:00,5779.11
29/10/2025 13:05,5505.39
29/10/2025 13:10,5698.24
29/10/2025 13:15,5566.19
29/10/2025 13:20,5550.21
29/10/2025 13:25,5598.78
29/10/2025 13:30,5420.18
29/10/2025 13:35,5598.06
29/10/2025 13:40,5532.62
29/10/2025 13:45,5605.27
29/10/2025 13:50,5550.83
29/10/2025 13:55,5557.88
29/10/2025 14:00,5478.18
29/10/2025 14:05,5537.11
29/10/2025 14:10,5491.25
29/10/2025 14:15,5285.82
29/10/2025 14:20,5452.87
29/10/2025 14:25,5504.9
29/10/2025 14:30,5588.09
29/10/2025 14:35,5330.59
29/10/2025 14:40,5483.59
29/10/2025 14:45,5570.56
29/10/2025 14:50,5545.63
29/10/2025 14:55,5485.99
29/10/2025 15:00,5476.35
29/10/2025 15:05,5560.22
29/10/2025 15:10,5515.6
29/10/2025 15:15,5624.02
29/10/2025 15:20,5653.2
29/10/2025 15:25,5624.18
29/10/2025 15:30,5656.23
29/10/2025 15:35,5554.7
29/10/2025 15:40,5676.04
29/10/2025 15:45,5546.27
29/10/2025 15:50,5686.4
29/10/2025 15:55,5760.06
29/10/2025 16:00,5744.97
29/10/2025 16:05,5672.23
29/10/2025 16:10,5636.57
29/10/2025 16:15,5725.24
29/10/2025 16:20,5707.8
29/10/2025 16:25,5792.59
29/10/2025 16:30,5673.06
29/10/2025 16:35,5730.29
29/10/2025 16:40,5658.4
29/10/2025 16:45,5801.88
29/10/2025 16:50,5847.46
29/10/2025 16:55,5865.81
29/10/2025 17:00,5795.5
29/10/2025 17:05,5839.82
29/10/2025 17:10,5798.68
29/10/2025 17:15,5844.06
29/10/2025 17:20,5929.52
29/10/2025 17:25,5846.96
29/10/2025 17:30,6033.9
29/10/2025 17:35,5933.66
29/10/2025 17:40,5984.57
29/10/2025 17:45,5956.68
29/10/2025 17:50,5934.54
29/10/2025 17:55,6032.67
29/10/2025 18:00,6583.6
29/10/2025 18:05,6438.51
29/10/2025 18:10,6483.35
29/10/2025 18:15,6678.85
29/10/2025 18:20,6634.07
29/10/2025 18:25,6562.81
29/10/2025 18:30,6651.97
29/10/2025 18:35,6645.26
29/10/2025 18:40,6776.84
29/10/2025 18:45,6815.89
29/10/2025 18:50,6802.57
29/10/2025 18:55,6766.29
29/10/2025 19:00,6843.88
29/10/2025 19:05,6785.26
29/10/2025 19:10,6881.65
29/10/2025 19:15,6857.18
29/10/2025 19:20,7115.29
29/10/2025 19:25,6899.6
29/10/2025 19:30,6793.69
29/10/2025 19:35,6914.7
29/10/2025 19:40,6961.87
29/10/2025 19:45,6831.75
29/10/2025 19:50,6812.12
29/10/2025 19:55,6778.1
29/10/2025 20:00,6717.74
29/10/2025 20:05,6781.59
29/10/2025 20:10,6623.42
29/10/2025 20:15,6766.53
29/10/2025 20:20,6678.99
29/10/2025 20:25,6631.87
29/10/2025 20:30,6722.6
29/10/2025 20:35,6522.79
29/10/2025 20:40,6666.76
29/10/2025 20:45,6524.45
29/10/2025 20:50,6520.6
29/10/2025 20:55,6441.93
29/10/2025 21:00,6153.23
29/10/2025 21:05,6123.11
29/10/2025 21:10,6114.74
29/10/2025 21:15,6047.94
29/10/2025 21:20,6034.45
29/10/2025 21:25,5937.77
29/10/2025 21:30,5945.58
29/10/2025 21:35,6055.05
29/10/2025 21:40,5906.23
29/10/2025 21:45,5845.94
29/10/2025 21:50,5865.71
29/10/2025 21:55,5684.4
29/10/2025 22:00,5660.76
29/10/2025 22:05,5639.03
29/10/2025 22:10,5591.49
29/10/2025 22:15,5541.09
29/10/2025 22:20,5451.63
29/10/2025 22:25,5643.51
29/10/2025 22:30,5473.68
29/10/2025 22:35,5456.67
29/10/2025 22:40,5428.45
29/10/2025 22:45,5344.08
29/10/2025 22:50,5238.84
29/10/2025 22:55,5202.05
29/10/2025 23:00,5392.56
29/10/2025 23:05,5120.87
29/10/2025 23:10,5259.67
29/10/2025 23:15,5184.3
29/10/2025 23:20,4900.5
29/10/2025 23:25,5097.55
29/10/2025 23:30,4954.65
29/10/2025 23:35,4892.76
29/10/2025 23:40,4890.35
29/10/2025 23:45,4900.34
29/10/2025 23:50,4930.59
29/10/2025 23:55,4772.61
30/10/2025 00:00,4764.25
30/10/2025 00:05,4540.97
30/10/2025 00:10,4623.91
30/10/2025 00:15,4469.11
30/10/2025 00:20,4406.45
30/10/2025 00:25,4528.49
30/10/2025 00:30,4544.25
30/10/2025 00:35,4654.27
30/10/2025 00:40,4401.4
30/10/2025 00:45,4525.36
30/10/2025 00:50,4502.79
30/10/2025 00:55,4391.46
30/10/2025 01:00,4425.34
30/10/2025 01:05,4295.8
30/10/2025 01:10,4429.57
30/10/2025 01:15,4468.9
30/10/2025 01:20,4339.36
30/10/2025 01:25,4393.98
30/10/2025 01:30,4311.46
30/10/2025 01:35,4318.35
30/10/2025 01:40,4334.65
30/10/2025 01:45,4264.15
30/10/2025 01:50,4152.18
30/10/2025 01:55,4262.19
30/10/2025 02:00,3754.86
30/10/2025 02:05,3833.32
30/10/2025 02:10,3908.43
30/10/2025 02:15,3875.36
30/10/2025 02:20,3825.98
30/10/2025 02:25,3829.84
30/10/2025 02:30,3699.88
30/10/2025 02:35,3761.11
30/10/2025 02:40,3772.7
30/10/2025 02:45,3848.96
30/10/2025 02:50,3853.39
30/10/2025 02:55,3772.19
30/10/2025 03:00,3964.54
30/10/2025 03:05,3896.53
30/10/2025 03:10,3525.81
30/10/2025 03:15,3888.24
30/10/2025 03:20,3904.39
30/10/2025 03:25,3724.02
30/10/2025 03:30,3724.0
30/10/2025 03:35,3804.13
30/10/2025 03:40,3617.21
30/10/2025 03:45,4050.62
30/10/2025 03:50,3775.32
30/10/2025 03:55,3817.71
30/10/2025 04:00,3744.42
30/10/2025 04:05,3891.43
30/10/2025 04:10,3688.65
30/10/2025 04:15,3873.09
30/10/2025 04:20,3919.98
30/10/2025 04:25,3867.69
30/10/2025 04:30,3860.33
30/10/2025 04:35,3707.49
30/10/2025 04:40,3685.96
30/10/2025 04:45,3847.58
30/10/2025 04:50,3607.4
30/10/2025 04:55,3928.29
30/10/2025 05:00,4139.57
30/10/2025 05:05,3915.42
30/10/2025 05:10,4149.72
30/10/2025 05:15,4175.02
30/10/2025 05:20,4141.55
30/10/2025 05:25,4050.75
30/10/2025 05:30,4243.96
30/10/2025 05:35,4346.18
30/10/2025 05:40,4434.8
30/10/2025 05:45,4414.65
30/10/2025 05:50,4420.16
30/10/2025 05:55,4441.71
30/10/2025 06:00,4567.5
30/10/2025 06:05,4461.04
30/10/2025 06:10,4588.49
30/10/2025 06:15,4560.77
30/10/2025 06:20,4493.75
30/10/2025 06:25,4512.35
30/10/2025 06:30,4604.88
30/10/2025 06:35,4641.08
30/10/2025 06:40,4785.29
30/10/2025 06:45,4683.36
30/10/2025 06:50,4664.54
30/10/2025 06:55,4828.09
30/10/2025 07:00,4806.97
30/10/2025 07:05,4941.95
30/10/2025 07:10,4940.97
30/10/2025 07:15,5093.68
30/10/2025 07:20,5019.51
30/10/2025 07:25,5120.93
30/10/2025 07:30,5224.82
30/10/2025 07:35,5296.02
30/10/2025 07:40,5205.84
30/10/2025 07:45,5255.71
30/10/2025 07:50,5268.32
30/10/2025 07:55,5178.79
30/10/2025 08:00,5370.86
30/10/2025 08:05,5528.57
30/10/2025 08:10,5409.23
30/10/2025 08:15,5570.26
30/10/2025 08:20,5686.15
30/10/2025 08:25,5410.25
30/10/2025 08:30,5529.8
30/10/2025 08:35,5586.18
30/10/2025 08:40,5647.55
30/10/2025 08:45,5861.02
30/10/2025 08:50,5809.91
30/10/2025 08:55,5754.68
30/10/2025 09:00,5594.2
30/10/2025 09:05,5792.4
30/10/2025 09:10,5774.4
30/10/2025 09:15,5742.78
30/10/2025 09:20,5716.12
30/10/2025 09:25,5832.69
30/10/2025 09:30,5881.25
30/10/2025 09:35,5692.9
30/10/2025 09:40,5599.26
30/10/2025 09:45,5835.28
30/10/2025 09:50,5772.32
30/10/2025 09:55,5825.52
30/10/2025 10:00,5919.16
30/10/2025 10:05,6109.74
30/10/2025 10:10,5894.82
30/10/2025 10:15,5729.65
30/10/2025 10:20,5979.59
30/10/2025 10:25,5963.89
30/10/2025 10:30,5981.75
30/10/2025 10:35,5861.09
30/10/2025 10:40,5941.68
30/10/2025 10:45,6002.99
30/10/2025 10:50,5947.25
30/10/2025 10:55,5840.74
30/10/2025 11:00,5862.81
30/10/2025 11:05,5924.07
30/10/2025 11:10,5976.49
30/10/2025 11:15,5909.19
30/10/2025 11:20,5758.9
30/10/2025 11:25,5814.83
30/10/2025 11:30,5805.71
30/10/2025 11:35,5863.05
30/10/2025 11:40,5686.89
30/10/2025 11:45,5786.4
30/10/2025 11:50,5686.2
30/10/2025 11:55,5671.28
30/10/2025 12:00,5740.36
30/10/2025 12:05,5674.17
30/10/2025 12:10,5743.85
30/10/2025 12:15,5626.72
30/10/2025 12:20,5646.79
30/10/2025 12:25,5760.29
30/10/2025 12:30,5663.43
30/10/2025 12:35,5632.67
30/10/2025 12:40,5602.34
30/10/2025 12:45,5654.46
30/10/2025 12:50,5603.71
30/10/2025 12:55,5635.72
30/10/2025 13:00,5605.15
30/10/2025 13:05,5582.12
30/10/2025 13:10,5628.74
30/10/2025 13:15,5463.7
30/10/2025 13:20,5511.72
30/10/2025 13:25,5516.84
30/10/2025 13:30,5668.98
30/10/2025 13:35,5488.77
30/10/2025 13:40,5474.19
30/10/2025 13:45,5540.23
30/10/2025 13:50,5496.33
30/10/2025 13:55,5506.5
30/10/2025 14:00,5610.52
30/10/2025 14:05,5555.66
30/10/2025 14:10,5556.42
30/10/2025 14:15,5368.05
30/10/2025 14:20,5549.65
30/10/2025 14:25,5461.02
30/10/2025 14:30,5500.8
30/10/2025 14:35,5405.03
30/10/2025 14:40,5501.81
30/10/2025 14:45,5404.19
30/10/2025 14:50,5476.38
30/10/2025 14:55,5539.21
30/10/2025 15:00,5469.55
30/10/2025 15:05,5457.32
30/10/2025 15:10,5570.67
30/10/2025 15:15,5626.26
30/10/2025 15:20,5545.38
30/10/2025 15:25,5613.84
30/10/2025 15:30,5741.18
30/10/2025 15:35,5638.04
30/10/2025 15:40,5766.58
30/10/2025 15:45,5757.79
30/10/2025 15:50,5704.91
30/10/2025 15:55,5648.07
30/10/2025 16:00,5664.32
30/10/2025 16:05,5737.05
30/10/2025 16:10,5623.41
30/10/2025 16:15,5728.86
30/10/2025 16:20,5831.51
30/10/2025 16:25,5558.41
30/10/2025 16:30,5851.5
30/10/2025 16:35,5751.06
30/10/2025 16:40,5658.58
30/10/2025 16:45,5821.21
30/10/2025 16:50,5913.88
30/10/2025 16:55,5805.61
30/10/2025 17:00,6067.22
30/10/2025 17:05,5785.35
30/10/2025 17:10,5894.92
30/10/2025 17:15,5889.05
30/10/2025 17:20,5966.78
30/10/2025 17:25,6015.98
30/10/2025 17:30,5855.78
30/10/2025 17:35,5963.41
30/10/2025 17:40,5967.89
30/10/2025 17:45,6020.77
30/10/2025 17:50,5911.41
30/10/2025 17:55,5962.14
30/10/2025 18:00,6523.09
30/10/2025 18:05,6426.93
30/10/2025 18:10,6441.43
30/10/2025 18:15,6589.5
30/10/2025 18:20,6702.99
30/10/2025 18:25,6631.95
30/10/2025 18:30,6667.77
30/10/2025 18:35,6704.55
30/10/2025 18:40,6812.54
30/10/2025 18:45,6880.12
30/10/2025 18:50,6814.47
30/10/2025 18:55,6776.21
30/10/2025 19:00,6836.88
30/10/2025 19:05,6698.79
30/10/2025 19:10,6905.77
30/10/2025 19:15,6828.63
30/10/2025 19:20,6831.79
30/10/2025 19:25,6806.07
30/10/2025 19:30,6843.27
30/10/2025 19:35,6868.26
30/10/2025 19:40,6641.46
30/10/2025 19:45,6885.27
30/10/2025 19:50,6815.7
30/10/2025 19:55,6862.24
30/10/2025 20:00,6788.34
30/10/2025 20:05,6916.29
30/10/2025 20:10,6723.26
30/10/2025 20:15,6779.0
30/10/2025 20:20,6684.39
30/10/2025 20:25,6708.96
30/10/2025 20:30,6828.01
30/10/2025 20:35,6798.1
30/10/2025 20:40,6602.29
30/10/2025 20:45,6575.42
30/10/2025 20:50,6507.04
30/10/2025 20:55,6542.02
30/10/2025 21:00,6221.13
30/10/2025 21:05,6158.82
30/10/2025 21:10,6055.22
30/10/2025 21:15,5961.43
30/10/2025 21:20,5975.52
30/10/2025 21:25,6058.3
30/10/2025 21:30,5968.04
30/10/2025 21:35,5987.89
30/10/2025 21:40,5922.54
30/10/2025 21:45,5905.48
30/10/2025 21:50,5766.31
30/10/2025 21:55,5643.88
30/10/2025 22:00,5703.88
30/10/2025 22:05,5560.92
30/10/2025 22:10,5557.66
30/10/2025 22:15,5612.86
30/10/2025 22:20,5432.31
30/10/2025 22:25,5339.41
30/10/2025 22:30,5551.83
30/10/2025 22:35,5382.27
30/10/2025 22:40,5497.69
30/10/2025 22:45,5374.33
30/10/2025 22:50,5311.91
30/10/2025 22:55,5176.92
30/10/2025 23:00,5118.4
30/10/2025 23:05,5202.18
30/10/2025 23:10,4995.9
30/10/2025 23:15,4958.07
30/10/2025 23:20,5090.26
30/10/2025 23:25,4985.81
30/10/2025 23:30,5020.6
30/10/2025 23:35,4906.3
30/10/2025 23:40,4875.11
30/10/2025 23:45,4845.73
30/10/2025 23:50,4562.01
30/10/2025 23:55,4578.2
31/10/2025 00:00,4653.22
31/10/2025 00:05,4665.07
31/10/2025 00:10,4487.98
31/10/2025 00:15,4688.36
31/10/2025 00:20,4582.65
31/10/2025 00:25,4465.09
31/10/2025 00:30,4484.24
31/10/2025 00:35,4474.56
31/10/2025 00:40,4543.67
31/10/2025 00:45,4451.37
31/10/2025 00:50,4565.94
31/10/2025 00:55,4583.19
31/10/2025 01:00,4395.72
31/10/2025 01:05,4339.21
31/10/2025 01:10,4575.63
31/10/2025 01:15,4369.1
31/10/2025 01:20,4369.69
31/10/2025 01:25,4506.94
31/10/2025 01:30,4363.0
31/10/2025 01:35,4374.54
31/10/2025 01:40,4312.46
31/10/2025 01:45,4484.19
31/10/2025 01:50,4104.29
31/10/2025 01:55,4259.74
31/10/2025 02:00,3831.06
31/10/2025 02:05,3608.66
31/10/2025 02:10,3696.79
31/10/2025 02:15,3781.53
31/10/2025 02:20,3874.18
31/10/2025 02:25,3789.04
31/10/2025 02:30,3707.34
31/10/2025 02:35,3709.65
31/10/2025 02:40,3933.67
31/10/2025 02:45,3837.23
31/10/2025 02:50,3846.9
31/10/2025 02:55,3813.59
31/10/2025 03:00,3804.5
31/10/2025 03:05,3829.1
31/10/2025 03:10,3741.02
31/10/2025 03:15,3873.79
31/10/2025 03:20,3936.45
31/10/2025 03:25,3668.56
31/10/2025 03:30,3823.24
31/10/2025 03:35,3870.07
31/10/2025 03:40,3962.2
31/10/2025 03:45,3784.87
31/10/2025 03:50,3821.56
31/10/2025 03:55,3680.73
31/10/2025 04:00,3880.45
31/10/2025 04:05,3665.49
31/10/2025 04:10,3883.08
31/10/2025 04:15,3904.98
31/10/2025 04:20,3900.18
31/10/2025 04:25,4026.7
31/10/2025 04:30,3741.75
31/10/2025 04:35,3695.86
31/10/2025 04:40,3865.34
31/10/2025 04:45,3740.98
31/10/2025 04:50,3824.92
31/10/2025 04:55,3780.46
31/10/2025 05:00,4056.85
31/10/2025 05:05,4037.11
31/10/2025 05:10,4103.68
31/10/2025 05:15,4200.41
31/10/2025 05:20,4291.21
31/10/2025 05:25,4115.91
31/10/2025 05:30,4193.73
31/10/2025 05:35,4182.67
31/10/2025 05:40,4302.18
31/10/2025 05:45,4361.69
31/10/2025 05:50,4264.15
31/10/2025 05:55,4371.42
31/10/2025 06:00,4485.59
31/10/2025 06:05,4508.35
31/10/2025 06:10,4571.62
31/10/2025 06:15,4508.08
31/10/2025 06:20,4772.58
31/10/2025 06:25,4660.11
31/10/2025 06:30,4661.41
31/10/2025 06:35,4565.32
31/10/2025 06:40,4644.94
31/10/2025 06:45,4775.64
31/10/2025 06:50,4568.11
31/10/2025 06:55,4749.39
31/10/2025 07:00,4848.24
31/10/2025 07:05,4987.99
31/10/2025 07:10,4939.21
31/10/2025 07:15,4966.12
31/10/2025 07:20,5005.46
31/10/2025 07:25,5130.18
31/10/2025 07:30,5095.81
31/10/2025 07:35,5177.84
31/10/2025 07:40,5235.37
31/10/2025 07:45,5275.9
31/10/2025 07:50,5359.13
31/10/2025 07:55,5355.01
31/10/2025 08:00,5272.12
31/10/2025 08:05,5328.31
31/10/2025 08:10,5368.94
31/10/2025 08:15,5516.63
31/10/2025 08:20,5521.23
31/10/2025 08:25,5476.94
31/10/2025 08:30,5626.07
31/10/2025 08:35,5715.41
31/10/2025 08:40,5727.48
31/10/2025 08:45,5599.2
31/10/2025 08:50,5735.56
31/10/2025 08:55,5865.59
31/10/2025 09:00,5647.59
31/10/2025 09:05,5805.02
31/10/2025 09:10,5665.17
31/10/2025 09:15,5817.44
31/10/2025 09:20,5857.73
31/10/2025 09:25,5730.48
31/10/2025 09:30,5756.82
31/10/2025 09:35,5915.01
31/10/2025 09:40,5823.64
31/10/2025 09:45,5942.96
31/10/2025 09:50,6004.14
31/10/2025 09:55,5953.96
31/10/2025 10:00,5869.66
31/10/2025 10:05,5983.87
31/10/2025 10:10,5930.45
31/10/2025 10:15,5863.29
31/10/2025 10:20,5993.45
31/10/2025 10:25,5921.0
31/10/2025 10:30,5901.75
31/10/2025 10:35,5852.57
31/10/2025 10:40,5888.6
31/10/2025 10:45,5827.0
31/10/2025 10:50,5989.29
31/10/2025 10:55,5713.18
31/10/2025 11:00,5998.57
31/10/2025 11:05,6003.64
31/10/2025 11:10,6089.67
31/10/2025 11:15,5897.59
31/10/2025 11:20,5957.97
31/10/2025 11:25,5914.58
31/10/2025 11:30,5792.58
31/10/2025 11:35,5845.77
31/10/2025 11:40,5811.0
31/10/2025 11:45,5668.82
31/10/2025 11:50,5735.45
31/10/2025 11:55,5745.89
31/10/2025 12:00,5645.0
31/10/2025 12:05,5626.32
31/10/2025 12:10,5708.11
31/10/2025 12:15,5508.32
31/10/2025 12:20,5725.03
31/10/2025 12:25,5560.6
31/10/2025 12:30,5538.97
31/10/2025 12:35,5654.63
31/10/2025 12:40,5618.52
31/10/2025 12:45,5641.43
31/10/2025 12:50,5495.09
31/10/2025 12:55,5525.53
31/10/2025 13:00,5646.78
31/10/2025 13:05,5529.65
31/10/2025 13:10,5605.1
31/10/2025 13:15,5616.72
31/10/2025 13:20,5570.26
31/10/2025 13:25,5373.62
31/10/2025 13:30,5555.52
31/10/2025 13:35,5543.55
31/10/2025 13:40,5337.75
31/10/2025 13:45,5564.87
31/10/2025 13:50,5458.22
31/10/2025 13:55,5767.54
31/10/2025 14:00,5437.03
31/10/2025 14:05,5513.51
31/10/2025 14:10,5472.03
31/10/2025 14:15,5479.04
31/10/2025 14:20,5585.39
31/10/2025 14:25,5460.15
31/10/2025 14:30,5686.48
31/10/2025 14:35,5446.19
31/10/2025 14:40,5551.66
31/10/2025 14:45,5581.36
31/10/2025 14:50,5653.73
31/10/2025 14:55,5490.86
31/10/2025 15:00,5469.56
31/10/2025 15:05,5684.05
31/10/2025 15:10,5515.14
31/10/2025 15:15,5630.21
31/10/2025 15:20,5605.9
31/10/2025 15:25,5495.49
31/10/2025 15:30,5551.53
31/10/2025 15:35,5717.34
31/10/2025 15:40,5750.19
31/10/2025 15:45,5680.69
31/10/2025 15:50,5711.66
31/10/2025 15:55,5694.74
31/10/2025 16:00,5798.76
31/10/2025 16:05,5634.26
31/10/2025 16:10,5844.41
31/10/2025 16:15,5783.56
31/10/2025 16:20,5883.17
31/10/2025 16:25,5688.14
31/10/2025 16:30,5783.83
31/10/2025 16:35,5726.05
31/10/2025 16:40,5835.62
31/10/2025 16:45,5833.35
31/10/2025 16:50,5822.3
31/10/2025 16:55,5802.75
31/10/2025 17:00,5852.91
31/10/2025 17:05,5789.01
31/10/2025 17:10,5997.95
31/10/2025 17:15,5854.08
31/10/2025 17:20,5993.66
31/10/2025 17:25,5863.93
31/10/2025 17:30,5979.03
31/10/2025 17:35,5864.49
31/10/2025 17:40,5974.83
31/10/2025 17:45,5974.05
31/10/2025 17:50,5966.14
31/10/2025 17:55,5942.08
31/10/2025 18:00,6420.86
31/10/2025 18:05,6545.89
31/10/2025 18:10,6664.88
31/10/2025 18:15,6506.36
31/10/2025 18:20,6573.7
31/10/2025 18:25,6684.83
31/10/2025 18:30,6805.0
31/10/2025 18:35,6867.79
31/10/2025 18:40,6556.26
31/10/2025 18:45,6640.89
31/10/2025 18:50,6729.08
31/10/2025 18:55,6645.84
31/10/2025 19:00,6775.15
31/10/2025 19:05,6769.46
31/10/2025 19:10,6832.82
31/10/2025 19:15,6962.25
31/10/2025 19:20,6896.19
31/10/2025 19:25,6786.43
31/10/2025 19:30,6822.13
31/10/2025 19:35,6866.48
31/10/2025 19:40,6846.29
31/10/2025 19:45,6707.12
31/10/2025 19:50,6748.25
31/10/2025 19:55,6824.32
31/10/2025 20:00,6663.84
31/10/2025 20:05,6646.49
31/10/2025 20:10,6866.32
31/10/2025 20:15,6729.7
31/10/2025 20:20,6637.78
31/10/2025 20:25,6674.26
31/10/2025 20:30,6736.34
31/10/2025 20:35,6548.23
31/10/2025 20:40,6552.6
31/10/2025 20:45,6486.34
31/10/2025 20:50,6499.56
31/10/2025 20:55,6567.27
31/10/2025 21:00,6199.65
31/10/2025 21:05,6303.68
31/10/2025 21:10,6139.12
31/10/2025 21:15,6127.01
31/10/2025 21:20,6106.19
31/10/2025 21:25,6043.89
31/10/2025 21:30,5956.76
31/10/2025 21:35,5894.79
31/10/2025 21:40,5784.18
31/10/2025 21:45,5833.41
31/10/2025 21:50,5789.15
31/10/2025 21:55,5675.02
31/10/2025 22:00,5703.2
31/10/2025 22:05,5667.68
31/10/2025 22:10,5555.35
31/10/2025 22:15,5618.15
31/10/2025 22:20,5585.25
31/10/2025 22:25,5593.92
31/10/2025 22:30,5327.81
31/10/2025 22:35,5683.96
31/10/2025 22:40,5336.0
31/10/2025 22:45,5405.3
31/10/2025 22:50,5249.96
31/10/2025 22:55,5205.24
31/10/2025 23:00,5058.99
31/10/2025 23:05,5154.37
31/10/2025 23:10,5178.55
31/10/2025 23:15,5015.94
31/10/2025 23:20,4949.03
31/10/2025 23:25,4948.51
31/10/2025 23:30,4820.62
31/10/2025 23:35,4776.17
31/10/2025 23:40,4824.5
31/10/2025 23:45,4911.14
31/10/2025 23:50,4615.4
31/10/2025 23:55,4687.77
01/11/2025 00:00,4463.25
01/11/2025 00:05,4316.8
01/11/2025 00:10,4362.35
01/11/2025 00:15,4278.49
01/11/2025 00:20,4408.87
01/11/2025 00:25,4287.95
01/11/2025 00:30,4261.07
01/11/2025 00:35,4402.12
01/11/2025 00:40,4370.44
01/11/2025 00:45,4245.27
01/11/2025 00:50,4152.07
01/11/2025 00:55,4200.58
01/11/2025 01:00,4218.1
01/11/2025 01:05,4163.96
01/11/2025 01:10,4188.01
01/11/2025 01:15,3916.98
01/11/2025 01:20,4200.93
01/11/2025 01:25,4038.04
01/11/2025 01:30,3992.97
01/11/2025 01:35,4099.24
01/11/2025 01:40,4059.14
01/11/2025 01:45,4030.78
01/11/2025 01:50,4016.9
01/11/2025 01:55,4054.07
01/11/2025 02:00,3503.08
01/11/2025 02:05,3683.04
01/11/2025 02:10,3591.13
01/11/2025 02:15,3596.82
01/11/2025 02:20,3573.08
01/11/2025 02:25,3512.51
01/11/2025 02:30,3626.8
01/11/2025 02:35,3377.53
01/11/2025 02:40,3546.37
01/11/2025 02:45,3373.07
01/11/2025 02:50,3686.04
01/11/2025 02:55,3549.64
01/11/2025 03:00,3587.15
01/11/2025 03:05,3502.33
01/11/2025 03:10,3422.63
01/11/2025 03:15,3580.46
01/11/2025 03:20,3420.76
01/11/2025 03:25,3434.48
01/11/2025 03:30,3582.13
01/11/2025 03:35,3581.21
01/11/2025 03:40,3587.38
01/11/2025 03:45,3614.86
01/11/2025 03:50,3535.41
01/11/2025 03:55,3563.98
01/11/2025 04:00,3503.26
01/11/2025 04:05,3541.43
01/11/2025 04:10,3716.22
01/11/2025 04:15,3559.06
01/11/2025 04:20,3454.49
01/11/2025 04:25,3672.55
01/11/2025 04:30,3543.81
01/11/2025 04:35,3642.94
01/11/2025 04:40,3353.97
01/11/2025 04:45,3631.73
01/11/2025 04:50,3505.39
01/11/2025 04:55,3633.61
01/11/2025 05:00,3866.76
01/11/2025 05:05,3715.06
01/11/2025 05:10,3802.44
01/11/2025 05:15,3855.5
01/11/2025 05:20,4044.23
01/11/2025 05:25,3921.1
01/11/2025 05:30,3838.54
01/11/2025 05:35,4073.72
01/11/2025 05:40,4047.24
01/11/2025 05:45,4063.11
01/11/2025 05:50,4060.29
01/11/2025 05:55,4250.3
01/11/2025 06:00,4285.3
01/11/2025 06:05,4314.55
01/11/2025 06:10,4326.55
01/11/2025 06:15,4274.59
01/11/2025 06:20,4282.08
01/11/2025 06:25,4428.58
01/11/2025 06:30,4288.84
01/11/2025 06:35,4485.18
01/11/2025 06:40,4430.04
01/11/2025 06:45,4415.2
01/11/2025 06:50,4362.61
01/11/2025 06:55,4684.81
01/11/2025 07:00,4654.23
01/11/2025 07:05,4638.56
01/11/2025 07:10,4765.58
01/11/2025 07:15,4774.43
01/11/2025 07:20,4800.36
01/11/2025 07:25,4667.21
01/11/2025 07:30,4911.42
01/11/2025 07:35,4903.6
01/11/2025 07:40,4980.51
01/11/2025 07:45,4930.26
01/11/2025 07:50,4943.01
01/11/2025 07:55,4980.25
01/11/2025 08:00,5087.05
01/11/2025 08:05,5128.16
01/11/2025 08:10,5138.33
01/11/2025 08:15,5290.57
01/11/2025 08:20,5307.45
01/11/2025 08:25,5438.34
01/11/2025 08:30,5397.53
01/11/2025 08:35,5500.72
01/11/2025 08:40,5382.37
01/11/2025 08:45,5458.99
01/11/2025 08:50,5509.43
01/11/2025 08:55,5648.79
01/11/2025 09:00,5469.39
01/11/2025 09:05,5474.09
01/11/2025 09:10,5502.17
01/11/2025 09:15,5510.84
01/11/2025 09:20,5297.29
01/11/2025 09:25,5605.67
01/11/2025 09:30,5569.1
01/11/2025 09:35,5631.5
01/11/2025 09:40,5567.28
01/11/2025 09:45,5590.67
01/11/2025 09:50,5555.5
01/11/2025 09:55,5512.39
01/11/2025 10:00,5683.17
01/11/2025 10:05,5663.37
01/11/2025 10:10,5691.68
01/11/2025 10:15,5782.06
01/11/2025 10:20,5675.73
01/11/2025 10:25,5656.5
01/11/2025 10:30,5726.81
01/11/2025 10:35,5693.86
01/11/2025 10:40,5666.33
01/11/2025 10:45,5561.26
01/11/2025 10:50,5718.46
01/11/2025 10:55,5563.61
01/11/2025 11:00,5824.25
01/11/2025 11:05,5730.61
01/11/2025 11:10,5726.23
01/11/2025 11:15,5501.3
01/11/2025 11:20,5525.85
01/11/2025 11:25,5686.44
01/11/2025 11:30,5749.12
01/11/2025 11:35,5549.6
01/11/2025 11:40,5747.23
01/11/2025 11:45,5456.31
01/11/2025 11:50,5557.98
01/11/2025 11:55,5431.29
01/11/2025 12:00,5220.61
01/11/2025 12:05,5293.09
01/11/2025 12:10,5456.1
01/11/2025 12:15,5325.8
01/11/2025 12:20,5417.2
01/11/2025 12:25,5341.12
01/11/2025 12:30,5287.57
01/11/2025 12:35,5444.03
01/11/2025 12:40,5372.7
01/11/2025 12:45,5296.19
01/11/2025 12:50,5265.07
01/11/2025 12:55,5387.68
01/11/2025 13:00,5309.45
01/11/2025 13:05,5455.67
01/11/2025 13:10,5464.45
01/11/2025 13:15,5358.29
01/11/2025 13:20,5429.36
01/11/2025 13:25,5435.95
01/11/2025 13:30,5267.32
01/11/2025 13:35,5355.06
01/11/2025 13:40,5426.95
01/11/2025 13:45,5242.09
01/11/2025 13:50,5128.38
01/11/2025 13:55,5383.17
01/11/2025 14:00,5306.66
01/11/2025 14:05,5339.16
01/11/2025 14:10,5329.75
01/11/2025 14:15,5317.7
01/11/2025 14:20,5342.74
01/11/2025 14:25,5168.78
01/11/2025 14:30,5298.58
01/11/2025 14:35,5368.86
01/11/2025 14:40,5339.26
01/11/2025 14:45,5327.08
01/11/2025 14:50,5285.58
01/11/2025 14:55,5211.85
01/11/2025 15:00,5234.06
01/11/2025 15:05,5228.5
01/11/2025 15:10,5238.86
01/11/2025 15:15,5424.3
01/11/2025 15:20,5338.37
01/11/2025 15:25,5320.3
01/11/2025 15:30,5447.14
01/11/2025 15:35,5362.8
01/11/2025 15:40,5484.91
01/11/2025 15:45,5280.66
01/11/2025 15:50,5463.13
01/11/2025 15:55,5489.57
01/11/2025 16:00,5508.63
01/11/2025 16:05,5501.45
01/11/2025 16:10,5479.49
01/11/2025 16:15,5408.58
01/11/2025 16:20,5464.34
01/11/2025 16:25,5489.19
01/11/2025 16:30,5450.23
01/11/2025 16:35,5504.97
01/11/2025 16:40,5514.25
01/11/2025 16:45,5587.79
01/11/2025 16:50,5639.76
01/11/2025 16:55,5486.96
01/11/2025 17:00,5684.62
01/11/2025 17:05,5665.9
01/11/2025 17:10,5686.87
01/11/2025 17:15,5735.07
01/11/2025 17:20,5660.11
01/11/2025 17:25,5627.63
01/11/2025 17:30,5568.31
01/11/2025 17:35,5662.85
01/11/2025 17:40,5837.64
01/11/2025 17:45,5689.62
01/11/2025 17:50,5581.0
01/11/2025 17:55,5745.1
01/11/2025 18:00,6277.19
01/11/2025 18:05,6203.57
01/11/2025 18:10,6320.94
01/11/2025 18:15,6370.56
01/11/2025 18:20,6363.43
01/11/2025 18:25,6377.63
01/11/2025 18:30,6574.44
01/11/2025 18:35,6449.52
01/11/2025 18:40,6369.24
01/11/2025 18:45,6489.39
01/11/2025 18:50,6526.07
01/11/2025 18:55,6496.93
01/11/2025 19:00,6658.06
01/11/2025 19:05,6625.32
01/11/2025 19:10,6599.03
01/11/2025 19:15,6651.48
01/11/2025 19:20,6786.56
01/11/2025 19:25,6573.19
01/11/2025 19:30,6534.33
01/11/2025 19:35,6536.33
01/11/2025 19:40,6568.29
01/11/2025 19:45,6599.75
01/11/2025 19:50,6795.71
01/11/2025 19:55,6509.63
01/11/2025 20:00,6588.03
01/11/2025 20:05,6480.48
01/11/2025 20:10,6600.78
01/11/2025 20:15,6467.21
01/11/2025 20:20,6448.4
01/11/2025 20:25,6481.18
01/11/2025 20:30,6449.24
01/11/2025 20:35,6476.83
01/11/2025 20:40,6428.8
01/11/2025 20:45,6367.66
01/11/2025 20:50,6355.2
01/11/2025 20:55,6355.29
01/11/2025 21:00,5826.55
01/11/2025 21:05,5842.82
01/11/2025 21:10,5929.93
01/11/2025 21:15,5783.66
01/11/2025 21:20,5857.92
01/11/2025 21:25,5782.99
01/11/2025 21:30,5644.37
01/11/2025 21:35,5514.01
01/11/2025 21:40,5599.06
01/11/2025 21:45,5637.12
01/11/2025 21:50,5414.51
01/11/2025 21:55,5557.43
01/11/2025 22:00,5402.79
01/11/2025 22:05,5423.64
01/11/2025 22:10,5202.44
01/11/2025 22:15,5470.77
01/11/2025 22:20,5227.25
01/11/2025 22:25,5189.57
01/11/2025 22:30,5223.47
01/11/2025 22:35,5030.04
01/11/2025 22:40,5098.59
01/11/2025 22:45,5080.68
01/11/2025 22:50,4961.91
01/11/2025 22:55,5254.84
01/11/2025 23:00,4984.04
01/11/2025 23:05,4850.59
01/11/2025 23:10,4859.04
01/11/2025 23:15,4890.28
01/11/2025 23:20,4821.83
01/11/2025 23:25,4817.42
01/11/2025 23:30,4716.64
01/11/2025 23:35,4727.59
01/11/2025 23:40,4761.84
01/11/2025 23:45,4274.9
01/11/2025 23:50,4493.11
01/11/2025 23:55,4413.3
02/11/2025 00:00,4301.95
02/11/2025 00:05,4436.32
02/11/2025 00:10,4258.28
02/11/2025 00:15,4445.67
02/11/2025 00:20,4261.29
02/11/2025 00:25,4296.02
02/11/2025 00:30,4293.75
02/11/2025 00:35,4353.24
02/11/2025 00:40,4302.95
02/11/2025 00:45,4154.18
02/11/2025 00:50,4241.08
02/11/2025 00:55,4137.07
02/11/2025 01:00,4198.98
02/11/2025 01:05,4164.5
02/11/2025 01:10,4249.96
02/11/2025 01:15,4176.26
02/11/2025 01:20,4142.12
02/11/2025 01:25,4112.75
02/11/2025 01:30,4114.85
02/11/2025 01:35,4006.38
02/11/2025 01:40,4000.96
02/11/2025 01:45,3986.49
02/11/2025 01:50,3996.74
02/11/2025 01:55,3938.84
02/11/2025 02:00,3642.63
02/11/2025 02:05,3554.9
02/11/2025 02:10,3448.52
02/11/2025 02:15,3443.28
02/11/2025 02:20,3558.26
02/11/2025 02:25,3494.12
02/11/2025 02:30,3554.94
02/11/2025 02:35,3597.05
02/11/2025 02:40,3507.67
02/11/2025 02:45,3545.96
02/11/2025 02:50,3689.93
02/11/2025 02:55,3400.0
02/11/2025 03:00,3546.01
02/11/2025 03:05,3566.75
02/11/2025 03:10,3647.03
02/11/2025 03:15,3355.9
02/11/2025 03:20,3638.67
02/11/2025 03:25,3497.62
02/11/2025 03:30,3608.04
02/11/2025 03:35,3612.29
02/11/2025 03:40,3472.6
02/11/2025 03:45,3551.69
02/11/2025 03:50,3592.65
02/11/2025 03:55,3627.01
02/11/2025 04:00,3688.43
02/11/2025 04:05,3604.58
02/11/2025 04:10,3472.13
02/11/2025 04:15,3414.99
02/11/2025 04:20,3401.61
02/11/2025 04:25,3589.21
02/11/2025 04:30,3546.13
02/11/2025 04:35,3643.19
02/11/2025 04:40,3580.72
02/11/2025 04:45,3493.43
02/11/2025 04:50,3496.04
02/11/2025 04:55,3459.05
02/11/2025 05:00,3775.67
02/11/2025 05:05,3853.52
02/11/2025 05:10,3909.96
02/11/2025 05:15,3773.74
02/11/2025 05:20,3884.1
02/11/2025 05:25,4038.61
02/11/2025 05:30,4004.57
02/11/2025 05:35,3919.84
02/11/2025 05:40,4253.27
02/11/2025 05:45,4100.47
02/11/2025 05:50,4091.04
02/11/2025 05:55,4093.21
02/11/2025 06:00,4242.65
02/11/2025 06:05,3977.23
02/11/2025 06:10,4195.94
02/11/2025 06:15,4236.7
02/11/2025 06:20,4333.2
02/11/2025 06:25,4202.48
02/11/2025 06:30,4552.5
02/11/2025 06:35,4483.99
02/11/2025 06:40,4320.76
02/11/2025 06:45,4412.8
02/11/2025 06:50,4456.66
02/11/2025 06:55,4405.64
02/11/2025 07:00,4589.08
02/11/2025 07:05,4653.03
02/11/2025 07:10,4703.74
02/11/2025 07:15,4588.44
02/11/2025 07:20,4726.56
02/11/2025 07:25,4872.23
02/11/2025 07:30,4896.35
02/11/2025 07:35,5122.93
02/11/2025 07:40,4930.56
02/11/2025 07:45,5054.16
02/11/2025 07:50,5020.8
02/11/2025 07:55,5056.88
02/11/2025 08:00,5139.08
02/11/2025 08:05,5139.35
02/11/2025 08:10,5172.58
02/11/2025 08:15,5223.2
02/11/2025 08:20,5228.72
02/11/2025 08:25,5425.79
02/11/2025 08:30,5495.62
02/11/2025 08:35,5378.52
02/11/2025 08:40,5514.95
02/11/2025 08:45,5475.89
02/11/2025 08:50,5572.22
02/11/2025 08:55,5639.0
02/11/2025 09:00,5550.52
02/11/2025 09:05,5514.79
02/11/2025 09:10,5616.56
02/11/2025 09:15,5616.74
02/11/2025 09:20,5543.29
02/11/2025 09:25,5533.57
02/11/2025 09:30,5458.69
02/11/2025 09:35,5553.47
02/11/2025 09:40,5667.94
02/11/2025 09:45,5697.61
02/11/2025 09:50,5699.43
02/11/2025 09:55,5607.25
02/11/2025 10:00,5706.7
02/11/2025 10:05,5570.38
02/11/2025 10:10,5498.37
02/11/2025 10:15,5722.48
02/11/2025 10:20,5795.12
02/11/2025 10:25,5643.17
02/11/2025 10:30,5778.51
02/11/2025 10:35,5626.62
02/11/2025 10:40,5665.15
02/11/2025 10:45,5754.84
02/11/2025 10:50,5773.36
02/11/2025 10:55,5783.92
02/11/2025 11:00,5692.11
02/11/2025 11:05,5708.7
02/11/2025 11:10,5697.29
02/11/2025 11:15,5658.91
02/11/2025 11:20,5680.54
02/11/2025 11:25,5624.91
02/11/2025 11:30,5476.0
02/11/2025 11:35,5575.0
02/11/2025 11:40,5582.68
02/11/2025 11:45,5404.99
02/11/2025 11:50,5632.57
02/11/2025 11:55,5433.38
02/11/2025 12:00,5413.92
02/11/2025 12:05,5461.77
02/11/2025 12:10,5298.07
02/11/2025 12:15,5461.97
02/11/2025 12:20,5369.06
02/11/2025 12:25,5444.94
02/11/2025 12:30,5279.39
02/11/2025 12:35,5286.47
02/11/2025 12:40,5417.06
02/11/2025 12:45,5325.04
02/11/2025 12:50,5345.18
02/11/2025 12:55,5322.52
02/11/2025 13:00,5264.26
02/11/2025 13:05,5330.15
02/11/2025 13:10,5219.1
02/11/2025 13:15,5271.89
02/11/2025 13:20,5365.36
02/11/2025 13:25,5259.9
02/11/2025 13:30,5191.24
02/11/2025 13:35,5296.72
02/11/2025 13:40,5246.26
02/11/2025 13:45,5289.21
02/11/2025 13:50,5188.19
02/11/2025 13:55,5297.73
02/11/2025 14:00,5259.38
02/11/2025 14:05,5330.11
02/11/2025 14:10,5462.15
02/11/2025 14:15,5191.49
02/11/2025 14:20,5306.46
02/11/2025 14:25,5228.92
02/11/2025 14:30,5255.69
02/11/2025 14:35,5239.66
02/11/2025 14:40,5259.22
02/11/2025 14:45,5214.58
02/11/2025 14:50,5241.84
02/11/2025 14:55,5180.01
02/11/2025 15:00,5267.78
02/11/2025 15:05,5273.1
02/11/2025 15:10,5442.57
02/11/2025 15:15,5230.73
02/11/2025 15:20,5379.01
02/11/2025 15:25,5326.67
02/11/2025 15:30,5285.82
02/11/2025 15:35,5448.47
02/11/2025 15:40,5401.4
02/11/2025 15:45,5422.68
02/11/2025 15:50,5367.82
02/11/2025 15:55,5416.33
02/11/2025 16:00,5404.83
02/11/2025 16:05,5567.54
02/11/2025 16:10,5434.98
02/11/2025 16:15,5482.39
02/11/2025 16:20,5353.35
02/11/2025 16:25,5588.19
02/11/2025 16:30,5465.57
02/11/2025 16:35,5451.68
02/11/2025 16:40,5604.79
02/11/2025 16:45,5660.51
02/11/2025 16:50,5508.76
02/11/2025 16:55,5586.93
02/11/2025 17:00,5613.56
02/11/2025 17:05,5638.17
02/11/2025 17:10,5691.3
02/11/2025 17:15,5583.94
02/11/2025 17:20,5732.05
02/11/2025 17:25,5630.36
02/11/2025 17:30,5737.01
02/11/2025 17:35,5639.16
02/11/2025 17:40,5919.54
02/11/2025 17:45,5608.31
02/11/2025 17:50,5802.09
02/11/2025 17:55,5758.69
02/11/2025 18:00,6174.91
02/11/2025 18:05,6315.53
02/11/2025 18:10,6207.45
02/11/2025 18:15,6200.41
02/11/2025 18:20,6294.04
02/11/2025 18:25,6431.34
02/11/2025 18:30,6483.48
02/11/2025 18:35,6277.98
02/11/2025 18:40,6500.98
02/11/2025 18:45,6569.87
02/11/2025 18:50,6444.17
02/11/2025 18:55,6595.11
02/11/2025 19:00,6642.21
02/11/2025 19:05,6625.71
02/11/2025 19:10,6483.5
02/11/2025 19:15,6570.84
02/11/2025 19:20,6573.16
02/11/2025 19:25,6519.81
02/11/2025 19:30,6793.46
02/11/2025 19:35,6655.54
02/11/2025 19:40,6605.48
02/11/2025 19:45,6590.8
02/11/2025 19:50,6392.52
02/11/2025 19:55,6727.65
02/11/2025 20:00,6538.16
02/11/2025 20:05,6602.83
02/11/2025 20:10,6563.97
02/11/2025 20:15,6565.08
02/11/2025 20:20,6344.51
02/11/2025 20:25,6527.41
02/11/2025 20:30,6404.81
02/11/2025 20:35,6528.86
02/11/2025 20:40,6307.76
02/11/2025 20:45,6333.18
02/11/2025 20:50,6272.39
02/11/2025 20:55,6215.2
02/11/2025 21:00,6076.42
02/11/2025 21:05,5786.59
02/11/2025 21:10,5811.02
02/11/2025 21:15,5881.45
02/11/2025 21:20,5665.05
02/11/2025 21:25,5693.46
02/11/2025 21:30,5599.0
02/11/2025 21:35,5627.23
02/11/2025 21:40,5595.06
02/11/2025 21:45,5708.94
02/11/2025 21:50,5583.75
02/11/2025 21:55,5435.95
02/11/2025 22:00,5503.09
02/11/2025 22:05,5497.69
02/11/2025 22:10,5276.37
02/11/2025 22:15,5401.54
02/11/2025 22:20,5372.7
02/11/2025 22:25,5128.03
02/11/2025 22:30,5322.48
02/11/2025 22:35,5257.04
02/11/2025 22:40,5076.01
02/11/2025 22:45,5002.23
02/11/2025 22:50,5069.06
02/11/2025 22:55,4944.94
02/11/2025 23:00,4976.44
02/11/2025 23:05,5006.41
02/11/2025 23:10,4708.44
02/11/2025 23:15,4924.9
02/11/2025 23:20,4704.99
02/11/2025 23:25,4782.15
02/11/2025 23:30,4703.78
02/11/2025 23:35,4817.71
02/11/2025 23:40,4577.05
02/11/2025 23:45,4715.83
02/11/2025 23:50,4503.16
02/11/2025 23:55,4444.4
03/11/2025 00:00,4745.21
03/11/2025 00:05,4767.44
03/11/2025 00:10,4635.51
03/11/2025 00:15,4498.25
03/11/2025 00:20,4492.02
03/11/2025 00:25,4463.63
03/11/2025 00:30,4606.3
03/11/2025 00:35,4431.07
03/11/2025 00:40,4465.31
03/11/2025 00:45,4564.87
03/11/2025 00:50,4394.06
03/11/2025 00:55,4554.11
03/11/2025 01:00,4414.74
03/11/2025 01:05,4520.26
03/11/2025 01:10,4296.48
03/11/2025 01:15,4306.87
03/11/2025 01:20,4348.89
03/11/2025 01:25,4389.59
03/11/2025 01:30,4244.38
03/11/2025 01:35,4197.69
03/11/2025 01:40,4487.91
03/11/2025 01:45,4262.78
03/11/2025 01:50,4201.64
03/11/2025 01:55,4203.9
03/11/2025 02:00,3833.04
03/11/2025 02:05,3870.98
03/11/2025 02:10,3778.61
03/11/2025 02:15,3847.33
03/11/2025 02:20,3746.9
03/11/2025 02:25,3781.54
03/11/2025 02:30,3639.31
03/11/2025 02:35,3720.65
03/11/2025 02:40,3788.65
03/11/2025 02:45,3909.9
03/11/2025 02:50,3796.62
03/11/2025 02:55,3736.38
03/11/2025 03:00,3783.71
03/11/2025 03:05,3749.16
03/11/2025 03:10,3759.42
03/11/2025 03:15,4006.31
03/11/2025 03:20,3763.57
03/11/2025 03:25,3786.0
03/11/2025 03:30,3681.1
03/11/2025 03:35,3649.51
03/11/2025 03:40,3748.84
03/11/2025 03:45,3902.79
03/11/2025 03:50,3815.57
03/11/2025 03:55,3719.97
03/11/2025 04:00,3794.62
03/11/2025 04:05,3622.73
03/11/2025 04:10,3621.91
03/11/2025 04:15,3820.3
03/11/2025 04:20,3852.49
03/11/2025 04:25,3823.52
03/11/2025 04:30,3793.88
03/11/2025 04:35,3887.87
03/11/2025 04:40,3822.94
03/11/2025 04:45,3845.07
03/11/2025 04:50,3748.33
03/11/2025 04:55,3887.24
03/11/2025 05:00,3991.94
03/11/2025 05:05,3948.79
03/11/2025 05:10,4252.34
03/11/2025 05:15,4016.41
03/11/2025 05:20,4228.56
03/11/2025 05:25,4058.8
03/11/2025 05:30,4327.78
03/11/2025 05:35,4213.19
03/11/2025 05:40,4391.58
03/11/2025 05:45,4473.17
03/11/2025 05:50,4304.31
03/11/2025 05:55,4550.31
03/11/2025 06:00,4407.97
03/11/2025 06:05,4489.81
03/11/2025 06:10,4571.87
03/11/2025 06:15,4364.25
03/11/2025 06:20,4607.07
03/11/2025 06:25,4596.37
03/11/2025 06:30,4662.51
03/11/2025 06:35,4567.17
03/11/2025 06:40,4551.56
03/11/2025 06:45,4605.58
03/11/2025 06:50,4804.32
03/11/2025 06:55,4733.64
03/11/2025 07:00,4923.64
03/11/2025 07:05,4918.46
03/11/2025 07:10,4953.35
03/11/2025 07:15,4913.05
03/11/2025 07:20,5024.38
03/11/2025 07:25,4964.24
03/11/2025 07:30,5198.98
03/11/2025 07:35,5073.37
03/11/2025 07:40,5089.04
03/11/2025 07:45,4987.78
03/11/2025 07:50,5231.04
03/11/2025 07:55,5277.26
03/11/2025 08:00,5355.14
03/11/2025 08:05,5375.91
03/11/2025 08:10,5424.26
03/11/2025 08:15,5590.26
03/11/2025 08:20,5596.28
03/11/2025 08:25,5558.8
03/11/2025 08:30,5623.9
03/11/2025 08:35,5675.96
03/11/2025 08:40,5626.26
03/11/2025 08:45,5816.98
03/11/2025 08:50,5711.3
03/11/2025 08:55,5921.31
03/11/2025 09:00,5635.2
03/11/2025 09:05,5791.72
03/11/2025 09:10,5789.51
03/11/2025 09:15,5786.43
03/11/2025 09:20,5843.59
03/11/2025 09:25,5812.52
03/11/2025 09:30,5803.99
03/11/2025 09:35,5811.45
03/11/2025 09:40,5907.51
03/11/2025 09:45,5806.18
03/11/2025 09:50,6025.33
03/11/2025 09:55,5975.8
03/11/2025 10:00,5961.3
03/11/2025 10:05,5993.73
03/11/2025 10:10,5897.08
03/11/2025 10:15,6015.96
03/11/2025 10:20,5858.32
03/11/2025 10:25,5979.74
03/11/2025 10:30,5820.02
03/11/2025 10:35,5957.39
03/11/2025 10:40,6032.5
03/11/2025 10:45,6016.81
03/11/2025 10:50,5856.88
03/11/2025 10:55,5856.08
03/11/2025 11:00,5936.14
03/11/2025 11:05,5910.37
03/11/2025 11:10,5873.63
03/11/2025 11:15,5959.3
03/11/2025 11:20,5896.38
03/11/2025 11:25,6046.54
03/11/2025 11:30,5872.18
03/11/2025 11:35,5788.0
03/11/2025 11:40,5749.25
03/11/2025 11:45,5874.78
03/11/2025 11:50,5758.71
03/11/2025 11:55,5792.54
03/11/2025 12:00,5739.34
03/11/2025 12:05,5611.61
03/11/2025 12:10,5574.87
03/11/2025 12:15,5578.3
03/11/2025 12:20,5455.05
03/11/2025 12:25,5616.02
03/11/2025 12:30,5672.43
03/11/2025 12:35,5667.25
03/11/2025 12:40,5445.84
03/11/2025 12:45,5570.22
03/11/2025 12:50,5564.36
03/11/2025 12:55,5495.8
03/11/2025 13:00,5543.93
03/11/2025 13:05,5580.03
03/11/2025 13:10,5526.14
03/11/2025 13:15,5454.04
03/11/2025 13:20,5464.77
03/11/2025 13:25,5766.44
03/11/2025 13:30,5607.43
03/11/2025 13:35,5537.04
03/11/2025 13:40,5405.75
03/11/2025 13:45,5483.16
03/11/2025 13:50,5532.91
03/11/2025 13:55,5478.89
03/11/2025 14:00,5487.09
03/11/2025 14:05,5452.7
03/11/2025 14:10,5626.12
03/11/2025 14:15,5606.66
03/11/2025 14:20,5581.04
03/11/2025 14:25,5430.7
03/11/2025 14:30,5641.18
03/11/2025 14:35,5457.79
03/11/2025 14:40,5500.82
03/11/2025 14:45,5455.49
03/11/2025 14:50,5466.15
03/11/2025 14:55,5406.67
03/11/2025 15:00,5565.13
03/11/2025 15:05,5504.19
03/11/2025 15:10,5544.98
03/11/2025 15:15,5564.96
03/11/2025 15:20,5600.1
03/11/2025 15:25,5544.94
03/11/2025 15:30,5546.48
03/11/2025 15:35,5617.93
03/11/2025 15:40,5723.84
03/11/2025 15:45,5784.58
03/11/2025 15:50,5593.2
03/11/2025 15:55,5791.96
03/11/2025 16:00,5793.76
03/11/2025 16:05,5702.34
03/11/2025 16:10,5821.07
03/11/2025 16:15,5714.85
03/11/2025 16:20,5798.46
03/11/2025 16:25,5696.28
03/11/2025 16:30,5752.04
03/11/2025 16:35,5758.71
03/11/2025 16:40,5781.99
03/11/2025 16:45,5877.47
03/11/2025 16:50,5996.51
03/11/2025 16:55,5766.79
03/11/2025 17:00,5854.2
03/11/2025 17:05,5965.19
03/11/2025 17:10,5823.25
03/11/2025 17:15,5890.37
03/11/2025 17:20,5902.59
03/11/2025 17:25,5823.43
03/11/2025 17:30,5925.33
03/11/2025 17:35,5905.69
03/11/2025 17:40,6021.81
03/11/2025 17:45,5958.04
03/11/2025 17:50,5920.05
03/11/2025 17:55,5892.62
03/11/2025 18:00,6535.43
03/11/2025 18:05,6525.17
03/11/2025 18:10,6504.96
03/11/2025 18:15,6544.53
03/11/2025 18:20,6629.83
03/11/2025 18:25,6703.75
03/11/2025 18:30,6817.9
03/11/2025 18:35,6780.6
03/11/2025 18:40,6847.89
03/11/2025 18:45,6773.82
03/11/2025 18:50,6735.31
03/11/2025 18:55,6795.95
03/11/2025 19:00,6792.33
03/11/2025 19:05,6854.08
03/11/2025 19:10,6690.14
03/11/2025 19:15,6865.57
03/11/2025 19:20,6771.18
03/11/2025 19:25,6865.84
03/11/2025 19:30,6802.11
03/11/2025 19:35,6770.97
03/11/2025 19:40,6965.92
03/11/2025 19:45,6801.19
03/11/2025 19:50,6962.52
03/11/2025 19:55,6826.4
03/11/2025 20:00,6914.27
03/11/2025 20:05,6668.01
03/11/2025 20:10,6862.24
03/11/2025 20:15,6729.16
03/11/2025 20:20,6839.62
03/11/2025 20:25,6658.68
03/11/2025 20:30,6736.13
03/11/2025 20:35,6713.2
03/11/2025 20:40,6688.86
03/11/2025 20:45,6594.2
03/11/2025 20:50,6459.08
03/11/2025 20:55,6341.32
03/11/2025 21:00,6270.78
03/11/2025 21:05,5976.34
03/11/2025 21:10,6084.03
03/11/2025 21:15,6042.96
03/11/2025 21:20,6084.03
03/11/2025 21:25,6016.72
03/11/2025 21:30,5861.92
03/11/2025 21:35,5884.12
03/11/2025 21:40,5951.1
03/11/2025 21:45,5867.78
03/11/2025 21:50,5671.71
03/11/2025 21:55,5688.91
03/11/2025 22:00,5715.54
03/11/2025 22:05,5550.88
03/11/2025 22:10,5563.79
03/11/2025 22:15,5576.05
03/11/2025 22:20,5588.53
03/11/2025 22:25,5343.08
03/11/2025 22:30,5342.22
03/11/2025 22:35,5404.3
03/11/2025 22:40,5325.33
03/11/2025 22:45,5326.09
03/11/2025 22:50,5412.39
03/11/2025 22:55,5397.28
03/11/2025 23:00,5280.2
03/11/2025 23:05,5340.92
03/11/2025 23:10,5248.12
03/11/2025 23:15,4985.14
03/11/2025 23:20,4999.35
03/11/2025 23:25,5040.92
03/11/2025 23:30,4891.29
03/11/2025 23:35,4965.69
03/11/2025 23:40,4920.1
03/11/2025 23:45,4694.59
03/11/2025 23:50,4791.88
03/11/2025 23:55,4749.65
04/11/2025 00:00,4878.82
04/11/2025 00:05,4667.78
04/11/2025 00:10,4665.61
04/11/2025 00:15,4605.66
04/11/2025 00:20,4549.67
04/11/2025 00:25,4461.07
04/11/2025 00:30,4499.92
04/11/2025 00:35,4404.52
04/11/2025 00:40,4637.32
04/11/2025 00:45,4431.11
04/11/2025 00:50,4508.94
04/11/2025 00:55,4522.31
04/11/2025 01:00,4510.52
04/11/2025 01:05,4519.25
04/11/2025 01:10,4518.81
04/11/2025 01:15,4403.54
04/11/2025 01:20,4256.57
04/11/2025 01:25,4377.86
04/11/2025 01:30,4278.94
04/11/2025 01:35,4349.04
04/11/2025 01:40,4312.43
04/11/2025 01:45,4264.29
04/11/2025 01:50,4133.66
04/11/2025 01:55,4144.5
04/11/2025 02:00,3743.88
04/11/2025 02:05,3739.58
04/11/2025 02:10,3637.8
04/11/2025 02:15,3960.27
04/11/2025 02:20,3951.52
04/11/2025 02:25,4018.09
04/11/2025 02:30,3801.64
04/11/2025 02:35,3845.83
04/11/2025 02:40,3724.37
04/11/2025 02:45,3921.94
04/11/2025 02:50,3783.16
04/11/2025 02:55,3828.58
04/11/2025 03:00,3983.51
04/11/2025 03:05,3792.0
04/11/2025 03:10,3711.3
04/11/2025 03:15,3604.95
04/11/2025 03:20,3876.61
04/11/2025 03:25,3747.54
04/11/2025 03:30,3726.38
04/11/2025 03:35,3884.87
04/11/2025 03:40,3817.74
04/11/2025 03:45,3677.85
04/11/2025 03:50,3694.88
04/11/2025 03:55,3833.6
04/11/2025 04:00,3891.69
04/11/2025 04:05,3784.32
04/11/2025 04:10,3771.44
04/11/2025 04:15,3787.84
04/11/2025 04:20,3779.85
04/11/2025 04:25,3825.06
04/11/2025 04:30,3647.83
04/11/2025 04:35,3847.54
04/11/2025 04:40,3727.15
04/11/2025 04:45,3710.93
04/11/2025 04:50,3794.51
04/11/2025 04:55,3715.09
04/11/2025 05:00,4017.89
04/11/2025 05:05,4116.78
04/11/2025 05:10,4054.6
04/11/2025 05:15,4058.55
04/11/2025 05:20,4192.52
04/11/2025 05:25,4392.18
04/11/2025 05:30,4248.12
04/11/2025 05:35,4347.33
04/11/2025 05:40,4419.33
04/11/2025 05:45,4357.92
04/11/2025 05:50,4247.86
04/11/2025 05:55,4453.72
04/11/2025 06:00,4450.15
04/11/2025 06:05,4366.3
04/11/2025 06:10,4593.43
04/11/2025 06:15,4547.21
04/11/2025 06:20,4520.8
04/11/2025 06:25,4628.05
04/11/2025 06:30,4651.56
04/11/2025 06:35,4736.8
04/11/2025 06:40,4725.49
04/11/2025 06:45,4766.76
04/11/2025 06:50,4772.87
04/11/2025 06:55,4724.08
04/11/2025 07:00,4820.75
04/11/2025 07:05,4882.42
04/11/2025 07:10,4982.55
04/11/2025 07:15,4925.49
04/11/2025 07:20,4883.51
04/11/2025 07:25,4997.71
04/11/2025 07:30,5227.83
04/11/2025 07:35,5228.98
04/11/2025 07:40,5318.71
04/11/2025 07:45,5198.76
04/11/2025 07:50,5239.28
04/11/2025 07:55,5379.02
04/11/2025 08:00,5398.84
04/11/2025 08:05,5469.36
04/11/2025 08:10,5376.52
04/11/2025 08:15,5491.14
04/11/2025 08:20,5493.4
04/11/2025 08:25,5607.81
04/11/2025 08:30,5616.21
04/11/2025 08:35,5627.15
04/11/2025 08:40,5694.34
04/11/2025 08:45,5662.51
04/11/2025 08:50,5671.8
04/11/2025 08:55,5689.76
04/11/2025 09:00,5794.46
04/11/2025 09:05,5757.03
04/11/2025 09:10,5856.18
04/11/2025 09:15,5839.01
04/11/2025 09:20,5832.35
04/11/2025 09:25,5888.59
04/11/2025 09:30,5684.38
04/11/2025 09:35,5795.15
04/11/2025 09:40,5919.93
04/11/2025 09:45,6028.88
04/11/2025 09:50,5858.18
04/11/2025 09:55,5858.46
04/11/2025 10:00,5925.39
04/11/2025 10:05,5975.53
04/11/2025 10:10,6034.48
04/11/2025 10:15,5810.08
04/11/2025 10:20,5851.6
04/11/2025 10:25,6080.26
04/11/2025 10:30,5888.15
04/11/2025 10:35,5840.55
04/11/2025 10:40,5992.68
04/11/2025 10:45,5826.03
04/11/2025 10:50,5964.47
04/11/2025 10:55,6079.2
04/11/2025 11:00,5883.89
04/11/2025 11:05,5942.48
04/11/2025 11:10,5987.71
04/11/2025 11:15,5874.03
04/11/2025 11:20,5850.33
04/11/2025 11:25,5916.74
04/11/2025 11:30,5780.35
04/11/2025 11:35,5845.83
04/11/2025 11:40,5899.03
04/11/2025 11:45,5863.72
04/11/2025 11:50,5646.68
04/11/2025 11:55,5618.96
04/11/2025 12:00,5664.77
04/11/2025 12:05,5646.51
04/11/2025 12:10,5592.25
04/11/2025 12:15,5740.14
04/11/2025 12:20,5616.38
04/11/2025 12:25,5715.54
04/11/2025 12:30,5562.04
04/11/2025 12:35,5586.46
04/11/2025 12:40,5749.09
04/11/2025 12:45,5641.71
04/11/2025 12:50,5605.41
04/11/2025 12:55,5657.23
04/11/2025 13:00,5579.79
04/11/2025 13:05,5527.76
04/11/2025 13:10,5680.04
04/11/2025 13:15,5704.51
04/11/2025 13:20,5619.81
04/11/2025 13:25,5616.13
04/11/2025 13:30,5609.05
04/11/2025 13:35,5545.27
04/11/2025 13:40,5632.67
04/11/2025 13:45,5587.68
04/11/2025 13:50,5717.5
04/11/2025 13:55,5485.26
04/11/2025 14:00,5609.56
04/11/2025 14:05,5546.13
04/11/2025 14:10,5462.35
04/11/2025 14:15,5391.06
04/11/2025 14:20,5545.14
04/11/2025 14:25,5552.59
04/11/2025 14:30,5643.24
04/11/2025 14:35,5524.85
04/11/2025 14:40,5590.39
04/11/2025 14:45,5458.94
04/11/2025 14:50,5474.35
04/11/2025 14:55,5464.62
04/11/2025 15:00,5552.63
04/11/2025 15:05,5726.31
04/11/2025 15:10,5277.54
04/11/2025 15:15,5744.08
04/11/2025 15:20,5605.45
04/11/2025 15:25,5551.53
04/11/2025 15:30,5728.85
04/11/2025 15:35,5637.73
04/11/2025 15:40,5476.32
04/11/2025 15:45,5656.75
04/11/2025 15:50,5498.79
04/11/2025 15:55,5605.08
04/11/2025 16:00,5679.1
04/11/2025 16:05,5574.96
04/11/2025 16:10,5731.06
04/11/2025 16:15,5745.8
04/11/2025 16:20,5875.15
04/11/2025 16:25,5853.2
04/11/2025 16:30,5754.19
04/11/2025 16:35,5780.03
04/11/2025 16:40,5691.76
04/11/2025 16:45,5902.94
04/11/2025 16:50,5831.72
04/11/2025 16:55,5899.87
04/11/2025 17:00,5937.51
04/11/2025 17:05,5982.4
04/11/2025 17:10,5795.23
04/11/2025 17:15,5892.25
04/11/2025 17:20,5951.12
04/11/2025 17:25,5930.27
04/11/2025 17:30,6128.27
04/11/2025 17:35,5912.3
04/11/2025 17:40,6121.6
04/11/2025 17:45,6041.6
04/11/2025 17:50,5931.31
04/11/2025 17:55,5953.29
04/11/2025 18:00,6463.19
04/11/2025 18:05,6586.38
04/11/2025 18:10,6605.56
04/11/2025 18:15,6588.86
04/11/2025 18:20,6468.4
04/11/2025 18:25,6638.82
04/11/2025 18:30,6846.96
04/11/2025 18:35,6810.05
04/11/2025 18:40,6775.2
04/11/2025 18:45,6794.11
04/11/2025 18:50,6783.67
04/11/2025 18:55,6759.76
04/11/2025 19:00,6784.94
04/11/2025 19:05,6831.44
04/11/2025 19:10,6793.56
04/11/2025 19:15,6875.51
04/11/2025 19:20,6838.8
04/11/2025 19:25,6834.08
04/11/2025 19:30,6833.83
04/11/2025 19:35,6770.69
04/11/2025 19:40,6839.52
04/11/2025 19:45,6860.01
04/11/2025 19:50,6760.76
04/11/2025 19:55,6728.98
04/11/2025 20:00,6914.99
04/11/2025 20:05,6916.45
04/11/2025 20:10,7015.02
04/11/2025 20:15,6699.84
04/11/2025 20:20,6695.27
04/11/2025 20:25,6624.64
04/11/2025 20:30,6715.89
04/11/2025 20:35,6744.53
04/11/2025 20:40,6610.48
04/11/2025 20:45,6401.64
04/11/2025 20:50,6454.88
04/11/2025 20:55,6540.62
04/11/2025 21:00,6199.62
04/11/2025 21:05,6218.03
04/11/2025 21:10,6068.5
04/11/2025 21:15,5965.38
04/11/2025 21:20,6089.17
04/11/2025 21:25,6041.04
04/11/2025 21:30,5997.13
04/11/2025 21:35,5959.82
04/11/2025 21:40,5864.56
04/11/2025 21:45,5770.83
04/11/2025 21:50,5764.31
04/11/2025 21:55,5801.1
04/11/2025 22:00,5606.82
04/11/2025 22:05,5775.37
04/11/2025 22:10,5780.44
04/11/2025 22:15,5685.36
04/11/2025 22:20,5365.81
04/11/2025 22:25,5496.0
04/11/2025 22:30,5482.03
04/11/2025 22:35,5394.71
04/11/2025 22:40,5221.0
04/11/2025 22:45,5354.12
04/11/2025 22:50,5296.19
04/11/2025 22:55,5141.16
04/11/2025 23:00,5039.12
04/11/2025 23:05,5066.09
04/11/2025 23:10,5284.52
04/11/2025 23:15,4961.69
04/11/2025 23:20,5098.8
04/11/2025 23:25,4901.45
04/11/2025 23:30,4956.25
04/11/2025 23:35,4788.1
04/11/2025 23:40,4809.61
04/11/2025 23:45,4928.0
04/11/2025 23:50,5043.11
04/11/2025 23:55,4879.86
05/11/2025 00:00,4656.05
05/11/2025 00:05,4516.07
05/11/2025 00:10,4686.51
05/11/2025 00:15,4714.86
05/11/2025 00:20,4449.54
05/11/2025 00:25,4514.88
05/11/2025 00:30,4565.99
05/11/2025 00:35,4602.69
05/11/2025 00:40,4657.09
05/11/2025 00:45,4554.19
05/11/2025 00:50,4473.78
05/11/2025 00:55,4501.85
05/11/2025 01:00,4502.98
05/11/2025 01:05,4433.29
05/11/2025 01:10,4471.43
05/11/2025 01:15,4453.49
05/11/2025 01:20,4260.53
05/11/2025 01:25,4251.97
05/11/2025 01:30,4268.88
05/11/2025 01:35,4313.4
05/11/2025 01:40,4195.26
05/11/2025 01:45,4348.98
05/11/2025 01:50,4288.52
05/11/2025 01:55,4253.84
05/11/2025 02:00,3802.05
05/11/2025 02:05,3816.11
05/11/2025 02:10,3729.47
05/11/2025 02:15,3873.12
05/11/2025 02:20,3633.18
05/11/2025 02:25,3902.18
05/11/2025 02:30,3937.44
05/11/2025 02:35,3789.01
05/11/2025 02:40,3951.64
05/11/2025 02:45,3672.94
05/11/2025 02:50,3737.91
05/11/2025 02:55,3987.81
05/11/2025 03:00,3720.43
05/11/2025 03:05,3893.87
05/11/2025 03:10,3686.29
05/11/2025 03:15,3912.66
05/11/2025 03:20,3767.56
05/11/2025 03:25,3872.27
05/11/2025 03:30,3728.25
05/11/2025 03:35,3967.9
05/11/2025 03:40,3889.59
05/11/2025 03:45,3864.61
05/11/2025 03:50,3763.72
05/11/2025 03:55,3830.79
05/11/2025 04:00,3846.69
05/11/2025 04:05,3900.07
05/11/2025 04:10,3728.22
05/11/2025 04:15,3687.14
05/11/2025 04:20,3790.47
05/11/2025 04:25,3930.36
05/11/2025 04:30,3804.74
05/11/2025 04:35,3726.29
05/11/2025 04:40,3690.03
05/11/2025 04:45,3799.43
05/11/2025 04:50,3749.19
05/11/2025 04:55,3766.52
05/11/2025 05:00,4076.35
05/11/2025 05:05,4209.93
05/11/2025 05:10,4151.49
05/11/2025 05:15,4236.69
05/11/2025 05:20,4282.55
05/11/2025 05:25,3989.99
05/11/2025 05:30,4240.27
05/11/2025 05:35,4241.48
05/11/2025 05:40,4243.61
05/11/2025 05:45,4295.19
05/11/2025 05:50,4270.08
05/11/2025 05:55,4250.14
05/11/2025 06:00,4508.67
05/11/2025 06:05,4433.44
05/11/2025 06:10,4479.78
05/11/2025 06:15,4435.99
05/11/2025 06:20,4421.37
05/11/2025 06:25,4566.78
05/11/2025 06:30,4629.99
05/11/2025 06:35,4599.98
05/11/2025 06:40,4729.74
05/11/2025 06:45,4846.3
05/11/2025 06:50,4720.53
05/11/2025 06:55,4738.37
05/11/2025 07:00,4937.16
05/11/2025 07:05,4816.09
05/11/2025 07:10,4981.47
05/11/2025 07:15,5045.4
05/11/2025 07:20,4834.97
05/11/2025 07:25,5066.63
05/11/2025 07:30,5159.33
05/11/2025 07:35,5096.87
05/11/2025 07:40,5235.09
05/11/2025 07:45,5217.97
05/11/2025 07:50,5240.07
05/11/2025 07:55,5490.38
05/11/2025 08:00,5379.78
05/11/2025 08:05,5274.9
05/11/2025 08:10,5400.41
05/11/2025 08:15,5395.67
05/11/2025 08:20,5491.89
05/11/2025 08:25,5592.73
05/11/2025 08:30,5713.91
05/11/2025 08:35,5693.69
05/11/2025 08:40,5730.14
05/11/2025 08:45,5720.36
05/11/2025 08:50,5666.73
05/11/2025 08:55,5881.5
05/11/2025 09:00,5592.59
05/11/2025 09:05,5768.16
05/11/2025 09:10,5851.44
05/11/2025 09:15,5619.03
05/11/2025 09:20,5668.49
05/11/2025 09:25,5779.56
05/11/2025 09:30,5839.42
05/11/2025 09:35,5962.75
05/11/2025 09:40,5940.8
05/11/2025 09:45,5707.45
05/11/2025 09:50,5847.47
05/11/2025 09:55,5928.24
05/11/2025 10:00,5949.3
05/11/2025 10:05,5784.15
05/11/2025 10:10,6114.05
05/11/2025 10:15,5935.44
05/11/2025 10:20,5941.77
05/11/2025 10:25,6020.92
05/11/2025 10:30,5840.13
05/11/2025 10:35,6017.36
05/11/2025 10:40,6108.33
05/11/2025 10:45,5882.18
05/11/2025 10:50,5901.97
05/11/2025 10:55,5934.98
05/11/2025 11:00,5879.19
05/11/2025 11:05,5965.41
05/11/2025 11:10,5835.95
05/11/2025 11:15,5820.78
05/11/2025 11:20,5920.04
05/11/2025 11:25,5821.54
05/11/2025 11:30,5740.79
05/11/2025 11:35,5765.87
05/11/2025 11:40,5727.8
05/11/2025 11:45,5804.05
05/11/2025 11:50,5676.0
05/11/2025 11:55,5551.18
05/11/2025 12:00,5598.31
05/11/2025 12:05,5445.24
05/11/2025 12:10,5652.3
05/11/2025 12:15,5489.62
05/11/2025 12:20,5582.34
05/11/2025 12:25,5620.47
05/11/2025 12:30,5634.46
05/11/2025 12:35,5721.77
05/11/2025 12:40,5592.53
05/11/2025 12:45,5482.63
05/11/2025 12:50,5594.62
05/11/2025 12:55,5648.54
05/11/2025 13:00,5503.69
05/11/2025 13:05,5615.51
05/11/2025 13:10,5538.69
05/11/2025 13:15,5567.38
05/11/2025 13:20,5406.26
05/11/2025 13:25,5558.93
05/11/2025 13:30,5518.13
05/11/2025 13:35,5480.59
05/11/2025 13:40,5639.01
05/11/2025 13:45,5624.8
05/11/2025 13:50,5462.85
05/11/2025 13:55,5468.69
05/11/2025 14:00,5430.17
05/11/2025 14:05,5525.97
05/11/2025 14:10,5450.37
05/11/2025 14:15,5401.11
05/11/2025 14:20,5655.37
05/11/2025 14:25,5635.28
05/11/2025 14:30,5462.56
05/11/2025 14:35,5519.1
05/11/2025 14:40,5485.83
05/11/2025 14:45,5422.23
05/11/2025 14:50,5552.34
05/11/2025 14:55,5423.2
05/11/2025 15:00,5481.39
05/11/2025 15:05,5464.95
05/11/2025 15:10,5516.42
05/11/2025 15:15,5666.37
05/11/2025 15:20,5622.66
05/11/2025 15:25,5607.16
05/11/2025 15:30,5663.41
05/11/2025 15:35,5588.09
05/11/2025 15:40,5710.61
05/11/2025 15:45,5658.13
05/11/2025 15:50,5799.21
05/11/2025 15:55,5799.93
05/11/2025 16:00,5727.26
05/11/2025 16:05,5849.69
05/11/2025 16:10,5758.4
05/11/2025 16:15,5814.88
05/11/2025 16:20,5770.26
05/11/2025 16:25,5939.59
05/11/2025 16:30,5714.26
05/11/2025 16:35,5788.05
05/11/2025 16:40,5798.82
05/11/2025 16:45,5897.59
05/11/2025 16:50,5926.87
05/11/2025 16:55,5807.22
05/11/2025 17:00,5772.79
05/11/2025 17:05,5979.94
05/11/2025 17:10,5909.5
05/11/2025 17:15,5894.09
05/11/2025 17:20,5965.12
05/11/2025 17:25,5939.77
05/11/2025 17:30,6055.06
05/11/2025 17:35,5887.73
05/11/2025 17:40,6014.34
05/11/2025 17:45,6093.03
05/11/2025 17:50,5891.19
05/11/2025 17:55,5918.35
05/11/2025 18:00,6417.76
05/11/2025 18:05,6542.89
05/11/2025 18:10,6423.9
05/11/2025 18:15,6518.83
05/11/2025 18:20,6551.03
05/11/2025 18:25,6583.13
05/11/2025 18:30,6682.76
05/11/2025 18:35,6821.19
05/11/2025 18:40,6750.32
05/11/2025 18:45,6726.41
05/11/2025 18:50,6814.83
05/11/2025 18:55,6770.89
05/11/2025 19:00,6903.35
05/11/2025 19:05,6978.71
05/11/2025 19:10,6939.6
05/11/2025 19:15,6788.0
05/11/2025 19:20,6737.78
05/11/2025 19:25,6773.79
05/11/2025 19:30,6895.3
05/11/2025 19:35,6880.33
05/11/2025 19:40,6894.1
05/11/2025 19:45,6906.94
05/11/2025 19:50,6890.63
05/11/2025 19:55,6661.73
05/11/2025 20:00,6719.49
05/11/2025 20:05,6869.78
05/11/2025 20:10,6729.42
05/11/2025 20:15,6794.27
05/11/2025 20:20,6754.28
05/11/2025 20:25,6638.8
05/11/2025 20:30,6646.37
05/11/2025 20:35,6519.18
05/11/2025 20:40,6792.13
05/11/2025 20:45,6506.78
05/11/2025 20:50,6595.18
05/11/2025 20:55,6515.31
05/11/2025 21:00,6367.3
05/11/2025 21:05,6200.85
05/11/2025 21:10,5989.76
05/11/2025 21:15,6121.0
05/11/2025 21:20,6105.12
05/11/2025 21:25,5967.77
05/11/2025 21:30,5940.89
05/11/2025 21:35,5751.01
05/11/2025 21:40,5920.8
05/11/2025 21:45,5901.1
05/11/2025 21:50,5760.63
05/11/2025 21:55,5870.56
05/11/2025 22:00,5602.37
05/11/2025 22:05,5707.05
05/11/2025 22:10,5567.54
05/11/2025 22:15,5504.48
05/11/2025 22:20,5469.7
05/11/2025 22:25,5540.89
05/11/2025 22:30,5286.37
05/11/2025 22:35,5438.85
05/11/2025 22:40,5284.45
05/11/2025 22:45,5233.94
05/11/2025 22:50,5329.68
05/11/2025 22:55,5275.3
05/11/2025 23:00,5277.81
05/11/2025 23:05,5204.32
05/11/2025 23:10,5117.06
05/11/2025 23:15,5060.26
05/11/2025 23:20,4966.18
05/11/2025 23:25,5006.19
05/11/2025 23:30,4892.82
05/11/2025 23:35,4908.13
05/11/2025 23:40,4865.03
05/11/2025 23:45,4645.68
05/11/2025 23:50,4697.04
05/11/2025 23:55,4713.22
06/11/2025 00:00,4741.47
06/11/2025 00:05,4608.44
06/11/2025 00:10,4498.01
06/11/2025 00:15,4616.69
06/11/2025 00:20,4744.65
06/11/2025 00:25,4555.07
06/11/2025 00:30,4404.32
06/11/2025 00:35,4432.13
06/11/2025 00:40,4447.48
06/11/2025 00:45,4439.43
06/11/2025 00:50,4460.24
06/11/2025 00:55,4491.15
06/11/2025 01:00,4403.75
06/11/2025 01:05,4416.85
06/11/2025 01:10,4395.3
06/11/2025 01:15,4314.52
06/11/2025 01:20,4283.63
06/11/2025 01:25,4205.41
06/11/2025 01:30,4434.83
06/11/2025 01:35,4244.49
06/11/2025 01:40,4248.58
06/11/2025 01:45,4321.52
06/11/2025 01:50,4268.17
06/11/2025 01:55,4218.57
06/11/2025 02:00,3762.0
06/11/2025 02:05,3794.46
06/11/2025 02:10,3801.1
06/11/2025 02:15,3709.44
06/11/2025 02:20,3859.83
06/11/2025 02:25,3727.18
06/11/2025 02:30,3759.72
06/11/2025 02:35,3778.71
06/11/2025 02:40,3793.75
06/11/2025 02:45,3627.02
06/11/2025 02:50,3840.7
06/11/2025 02:55,3756.27
06/11/2025 03:00,3782.14
06/11/2025 03:05,3686.33
06/11/2025 03:10,3801.49
06/11/2025 03:15,3664.94
06/11/2025 03:20,3621.66
06/11/2025 03:25,3826.8
06/11/2025 03:30,3754.91
06/11/2025 03:35,3845.54
06/11/2025 03:40,3887.9
06/11/2025 03:45,3776.63
06/11/2025 03:50,4014.64
06/11/2025 03:55,3880.32
06/11/2025 04:00,3821.19
06/11/2025 04:05,3729.56
06/11/2025 04:10,3750.04
06/11/2025 04:15,3805.84
06/11/2025 04:20,3752.39
06/11/2025 04:25,3715.22
06/11/2025 04:30,3688.56
06/11/2025 04:35,3738.3
06/11/2025 04:40,3782.7
06/11/2025 04:45,3790.13
06/11/2025 04:50,3914.97
06/11/2025 04:55,3654.58
06/11/2025 05:00,4051.07
06/11/2025 05:05,3993.43
06/11/2025 05:10,4160.22
06/11/2025 05:15,4210.81
06/11/2025 05:20,4277.03
06/11/2025 05:25,4285.71
06/11/2025 05:30,4251.38
06/11/2025 05:35,4195.42
06/11/2025 05:40,4239.92
06/11/2025 05:45,4422.57
06/11/2025 05:50,4510.52
06/11/2025 05:55,4475.58
06/11/2025 06:00,4333.88
06/11/2025 06:05,4405.78
06/11/2025 06:10,4469.87
06/11/2025 06:15,4607.21
06/11/2025 06:20,4486.77
06/11/2025 06:25,4543.34
06/11/2025 06:30,4615.08
06/11/2025 06:35,4522.59
06/11/2025 06:40,4628.56
06/11/2025 06:45,4728.25
06/11/2025 06:50,4777.27
06/11/2025 06:55,4704.82
06/11/2025 07:00,4918.18
06/11/2025 07:05,4837.36
06/11/2025 07:10,4815.11
06/11/2025 07:15,5051.27
06/11/2025 07:20,5158.05
06/11/2025 07:25,4964.62
06/11/2025 07:30,5085.91
06/11/2025 07:35,5158.54
06/11/2025 07:40,5227.66
06/11/2025 07:45,5258.02
06/11/2025 07:50,5336.86
06/11/2025 07:55,5220.93
06/11/2025 08:00,5279.18
06/11/2025 08:05,5294.47
06/11/2025 08:10,5489.63
06/11/2025 08:15,5441.96
06/11/2025 08:20,5522.52
06/11/2025 08:25,5633.76
06/11/2025 08:30,5725.35
06/11/2025 08:35,5692.83
06/11/2025 08:40,5621.56
06/11/2025 08:45,5739.07
06/11/2025 08:50,5862.63
06/11/2025 08:55,5762.66
06/11/2025 09:00,5720.93
06/11/2025 09:05,5845.55
06/11/2025 09:10,5820.61
06/11/2025 09:15,5834.04
06/11/2025 09:20,5743.61
06/11/2025 09:25,5673.49
06/11/2025 09:30,5735.78
06/11/2025 09:35,5915.55
06/11/2025 09:40,5695.18
06/11/2025 09:45,5879.9
06/11/2025 09:50,5755.04
06/11/2025 09:55,5718.71
06/11/2025 10:00,6001.1
06/11/2025 10:05,5949.33
06/11/2025 10:10,6024.53
06/11/2025 10:15,6073.37
06/11/2025 10:20,5963.01
06/11/2025 10:25,5995.93
06/11/2025 10:30,5797.83
06/11/2025 10:35,6081.44
06/11/2025 10:40,6052.85
06/11/2025 10:45,5936.39
06/11/2025 10:50,5921.64
06/11/2025 10:55,5793.41
06/11/2025 11:00,5801.14
06/11/2025 11:05,5950.19
06/11/2025 11:10,5865.28
06/11/2025 11:15,5932.52
06/11/2025 11:20,5935.0
06/11/2025 11:25,5825.89
06/11/2025 11:30,5842.23
06/11/2025 11:35,5721.9
06/11/2025 11:40,5691.9
06/11/2025 11:45,5719.06
06/11/2025 11:50,5865.24
06/11/2025 11:55,5749.77
06/11/2025 12:00,5637.29
06/11/2025 12:05,5609.29
06/11/2025 12:10,5702.24
06/11/2025 12:15,5601.07
06/11/2025 12:20,5555.62
06/11/2025 12:25,5542.47
06/11/2025 12:30,5656.3
06/11/2025 12:35,5652.77
06/11/2025 12:40,5664.38
06/11/2025 12:45,5570.84
06/11/2025 12:50,5626.61
06/11/2025 12:55,5549.33
06/11/2025 13:00,5565.96
06/11/2025 13:05,5601.72
06/11/2025 13:10,5558.08
06/11/2025 13:15,5555.06
06/11/2025 13:20,5509.94
06/11/2025 13:25,5508.33
06/11/2025 13:30,5504.85
06/11/2025 13:35,5515.96
06/11/2025 13:40,5482.84
06/11/2025 13:45,5517.82
06/11/2025 13:50,5596.25
06/11/2025 13:55,5453.78
06/11/2025 14:00,5406.82
06/11/2025 14:05,5578.4
06/11/2025 14:10,5508.25
06/11/2025 14:15,5550.63
06/11/2025 14:20,5453.55
06/11/2025 14:25,5593.22
06/11/2025 14:30,5574.83
06/11/2025 14:35,5465.63
06/11/2025 14:40,5479.72
06/11/2025 14:45,5549.9
06/11/2025 14:50,5563.97
06/11/2025 14:55,5408.15
06/11/2025 15:00,5540.22
06/11/2025 15:05,5649.08
06/11/2025 15:10,5537.22
06/11/2025 15:15,5425.73
06/11/2025 15:20,5566.5
06/11/2025 15:25,5639.75
06/11/2025 15:30,5683.0
06/11/2025 15:35,5689.11
06/11/2025 15:40,5534.55
06/11/2025 15:45,5652.81
06/11/2025 15:50,5746.52
06/11/2025 15:55,5718.57
06/11/2025 16:00,5566.38
06/11/2025 16:05,5731.41
06/11/2025 16:10,5669.07
06/11/2025 16:15,5929.04
06/11/2025 16:20,5764.6
06/11/2025 16:25,5751.05
06/11/2025 16:30,5658.11
06/11/2025 16:35,5809.31
06/11/2025 16:40,5946.06
06/11/2025 16:45,5782.28
06/11/2025 16:50,5811.53
06/11/2025 16:55,5868.62
06/11/2025 17:00,5828.13
06/11/2025 17:05,5976.68
06/11/2025 17:10,5975.12
06/11/2025 17:15,5841.44
06/11/2025 17:20,5865.31
06/11/2025 17:25,5940.93
06/11/2025 17:30,5934.63
06/11/2025 17:35,5893.33
06/11/2025 17:40,6011.41
06/11/2025 17:45,5927.37
06/11/2025 17:50,5895.12
06/11/2025 17:55,6015.27
06/11/2025 18:00,6530.8
06/11/2025 18:05,6524.87
06/11/2025 18:10,6680.58
06/11/2025 18:15,6655.66
06/11/2025 18:20,6678.08
06/11/2025 18:25,6675.58
06/11/2025 18:30,6667.29
06/11/2025 18:35,6777.93
06/11/2025 18:40,6705.69
06/11/2025 18:45,6715.28
06/11/2025 18:50,6725.74
06/11/2025 18:55,6834.8
06/11/2025 19:00,6627.55
06/11/2025 19:05,6812.49
06/11/2025 19:10,6723.84
06/11/2025 19:15,7016.38
06/11/2025 19:20,6721.24
06/11/2025 19:25,6881.94
06/11/2025 19:30,6809.14
06/11/2025 19:35,6907.94
06/11/2025 19:40,6943.26
06/11/2025 19:45,6887.64
06/11/2025 19:50,6902.36
06/11/2025 19:55,6812.92
06/11/2025 20:00,6755.02
06/11/2025 20:05,6740.12
06/11/2025 20:10,6714.67
06/11/2025 20:15,6752.44
06/11/2025 20:20,6788.1
06/11/2025 20:25,6579.18
06/11/2025 20:30,6688.22
06/11/2025 20:35,6652.76
06/11/2025 20:40,6554.84
06/11/2025 20:45,6500.76
06/11/2025 20:50,6513.17
06/11/2025 20:55,6412.02
06/11/2025 21:00,6284.81
06/11/2025 21:05,6379.36
06/11/2025 21:10,6191.11
06/11/2025 21:15,6104.27
06/11/2025 21:20,5964.82
06/11/2025 21:25,5896.52
06/11/2025 21:30,5906.11
06/11/2025 21:35,5805.34
06/11/2025 21:40,5887.24
06/11/2025 21:45,5863.15
06/11/2025 21:50,5863.12
06/11/2025 21:55,5752.12
06/11/2025 22:00,5706.53
06/11/2025 22:05,5848.11
06/11/2025 22:10,5731.36
06/11/2025 22:15,5555.17
06/11/2025 22:20,5648.43
06/11/2025 22:25,5522.67
06/11/2025 22:30,5421.6
06/11/2025 22:35,5320.23
06/11/2025 22:40,5386.71
06/11/2025 22:45,5290.2
06/11/2025 22:50,5158.09
06/11/2025 22:55,5242.42
06/11/2025 23:00,5143.18
06/11/2025 23:05,5207.12
06/11/2025 23:10,5089.16
06/11/2025 23:15,4939.72
06/11/2025 23:20,4903.35
06/11/2025 23:25,4914.34
06/11/2025 23:30,5049.98
06/11/2025 23:35,4800.72
06/11/2025 23:40,4979.02
06/11/2025 23:45,4868.52
06/11/2025 23:50,4772.99
06/11/2025 23:55,4714.2
07/11/2025 00:00,4611.73
07/11/2025 00:05,4733.89
07/11/2025 00:10,4458.08
07/11/2025 00:15,4564.17
07/11/2025 00:20,4666.97
07/11/2025 00:25,4639.0
07/11/2025 00:30,4556.58
07/11/2025 00:35,4579.18
07/11/2025 00:40,4429.03
07/11/2025 00:45,4432.49
07/11/2025 00:50,4421.88
07/11/2025 00:55,4452.43
07/11/2025 01:00,4554.84
07/11/2025 01:05,4410.14
07/11/2025 01:10,4378.9
07/11/2025 01:15,4405.33
07/11/2025 01:20,4414.66
07/11/2025 01:25,4286.34
07/11/2025 01:30,4325.98
07/11/2025 01:35,4345.37
07/11/2025 01:40,4328.24
07/11/2025 01:45,4166.29
07/11/2025 01:50,4294.74
07/11/2025 01:55,4294.24
07/11/2025 02:00,3949.26
07/11/2025 02:05,3675.54
07/11/2025 02:10,3850.98
07/11/2025 02:15,3699.72
07/11/2025 02:20,3850.9
07/11/2025 02:25,3664.5
07/11/2025 02:30,3787.55
07/11/2025 02:35,3833.57
07/11/2025 02:40,3781.89
07/11/2025 02:45,3864.63
07/11/2025 02:50,3802.59
07/11/2025 02:55,3830.28
07/11/2025 03:00,3759.55
07/11/2025 03:05,3740.3
07/11/2025 03:10,3873.76
07/11/2025 03:15,3808.11
07/11/2025 03:20,3905.03
07/11/2025 03:25,3756.4
07/11/2025 03:30,3721.44
07/11/2025 03:35,3900.97
07/11/2025 03:40,3831.79
07/11/2025 03:45,3853.9
07/11/2025 03:50,3714.57
07/11/2025 03:55,3791.65
07/11/2025 04:00,3782.12
07/11/2025 04:05,3723.86
07/11/2025 04:10,3961.99
07/11/2025 04:15,3878.95
07/11/2025 04:20,3855.24
07/11/2025 04:25,3825.96
07/11/2025 04:30,3953.34
07/11/2025 04:35,3929.65
07/11/2025 04:40,3830.5
07/11/2025 04:45,3564.3
07/11/2025 04:50,3777.44
07/11/2025 04:55,3753.72
07/11/2025 05:00,4201.53
07/11/2025 05:05,4233.66
07/11/2025 05:10,4103.07
07/11/2025 05:15,4168.16
07/11/2025 05:20,4173.58
07/11/2025 05:25,3993.79
07/11/2025 05:30,4202.79
07/11/2025 05:35,4214.84
07/11/2025 05:40,4366.64
07/11/2025 05:45,4271.51
07/11/2025 05:50,4452.18
07/11/2025 05:55,4390.92
07/11/2025 06:00,4405.09
07/11/2025 06:05,4447.03
07/11/2025 06:10,4513.42
07/11/2025 06:15,4639.5
07/11/2025 06:20,4565.71
07/11/2025 06:25,4563.05
07/11/2025 06:30,4471.37
07/11/2025 06:35,4573.16
07/11/2025 06:40,4725.38
07/11/2025 06:45,4705.65
07/11/2025 06:50,4713.8
07/11/2025 06:55,4747.54
07/11/2025 07:00,4708.26
07/11/2025 07:05,4951.67
07/11/2025 07:10,4954.16
07/11/2025 07:15,4830.49
07/11/2025 07:20,5063.37
07/11/2025 07:25,5121.75
07/11/2025 07:30,5057.28
07/11/2025 07:35,5154.64
07/11/2025 07:40,5170.93
07/11/2025 07:45,5173.15
07/11/2025 07:50,5291.6
07/11/2025 07:55,5310.48
07/11/2025 08:00,5265.05
07/11/2025 08:05,5455.95
07/11/2025 08:10,5523.37
07/11/2025 08:15,5573.33
07/11/2025 08:20,5571.88
07/11/2025 08:25,5531.62
07/11/2025 08:30,5670.24
07/11/2025 08:35,5626.65
07/11/2025 08:40,5718.66
07/11/2025 08:45,5707.37
07/11/2025 08:50,5931.93
07/11/2025 08:55,5935.55
07/11/2025 09:00,5770.26
07/11/2025 09:05,5761.17
07/11/2025 09:10,5687.95
07/11/2025 09:15,5775.96
07/11/2025 09:20,5771.15
07/11/2025 09:25,5844.86
07/11/2025 09:30,5667.51
07/11/2025 09:35,5834.92
07/11/2025 09:40,5939.29
07/11/2025 09:45,5894.78
07/11/2025 09:50,5881.62
07/11/2025 09:55,6001.12
07/11/2025 10:00,6018.77
07/11/2025 10:05,5867.43
07/11/2025 10:10,6097.29
07/11/2025 10:15,5700.43
07/11/2025 10:20,6018.58
07/11/2025 10:25,5964.69
07/11/2025 10:30,6004.38
07/11/2025 10:35,6002.72
07/11/2025 10:40,5929.7
07/11/2025 10:45,5836.27
07/11/2025 10:50,6049.19
07/11/2025 10:55,5944.72
07/11/2025 11:00,5843.59
07/11/2025 11:05,5903.38
07/11/2025 11:10,5955.44
07/11/2025 11:15,5952.63
07/11/2025 11:20,5849.75
07/11/2025 11:25,5679.04
07/11/2025 11:30,5848.27
07/11/2025 11:35,5761.34
07/11/2025 11:40,5717.03
07/11/2025 11:45,5676.1
07/11/2025 11:50,5883.24
07/11/2025 11:55,5718.13
07/11/2025 12:00,5790.67
07/11/2025 12:05,5695.76
07/11/2025 12:10,5590.94
07/11/2025 12:15,5683.04
07/11/2025 12:20,5668.82
07/11/2025 12:25,5677.12
07/11/2025 12:30,5582.93
07/11/2025 12:35,5539.0
07/11/2025 12:40,5531.42
07/11/2025 12:45,5601.76
07/11/2025 12:50,5652.02
07/11/2025 12:55,5593.94
07/11/2025 13:00,5670.76
07/11/2025 13:05,5529.46
07/11/2025 13:10,5609.27
07/11/2025 13:15,5542.39
07/11/2025 13:20,5612.78
07/11/2025 13:25,5598.6
07/11/2025 13:30,5701.54
07/11/2025 13:35,5467.07
07/11/2025 13:40,5468.53
07/11/2025 13:45,5564.79
07/11/2025 13:50,5592.9
07/11/2025 13:55,5454.02
07/11/2025 14:00,5600.07
07/11/2025 14:05,5602.33
07/11/2025 14:10,5562.45
07/11/2025 14:15,5550.19
07/11/2025 14:20,5509.64
07/11/2025 14:25,5456.44
07/11/2025 14:30,5570.81
07/11/2025 14:35,5500.08
07/11/2025 14:40,5525.53
07/11/2025 14:45,5421.18
07/11/2025 14:50,5339.0
07/11/2025 14:55,5579.19
07/11/2025 15:00,5411.91
07/11/2025 15:05,5540.65
07/11/2025 15:10,5579.55
07/11/2025 15:15,5542.76
07/11/2025 15:20,5539.26
07/11/2025 15:25,5580.36
07/11/2025 15:30,5730.47
07/11/2025 15:35,5688.42
07/11/2025 15:40,5661.74
07/11/2025 15:45,5684.52
07/11/2025 15:50,5731.7
07/11/2025 15:55,5710.22
07/11/2025 16:00,5665.5
07/11/2025 16:05,5656.52
07/11/2025 16:10,5716.87
07/11/2025 16:15,5641.2
07/11/2025 16:20,5741.87
07/11/2025 16:25,5766.51
07/11/2025 16:30,5720.07
07/11/2025 16:35,5687.89
07/11/2025 16:40,5801.36
07/11/2025 16:45,5651.05
07/11/2025 16:50,5835.87
07/11/2025 16:55,5976.56
07/11/2025 17:00,5812.65
07/11/2025 17:05,5838.07
07/11/2025 17:10,5918.72
07/11/2025 17:15,5940.94
07/11/2025 17:20,5925.62
07/11/2025 17:25,5932.18
07/11/2025 17:30,6061.32
07/11/2025 17:35,5895.64
07/11/2025 17:40,6229.69
07/11/2025 17:45,6140.42
07/11/2025 17:50,6015.17
07/11/2025 17:55,6068.65
07/11/2025 18:00,6504.08
07/11/2025 18:05,6441.02
07/11/2025 18:10,6664.83
07/11/2025 18:15,6521.3
07/11/2025 18:20,6655.14
07/11/2025 18:25,6474.16
07/11/2025 18:30,6671.25
07/11/2025 18:35,6810.33
07/11/2025 18:40,6710.92
07/11/2025 18:45,6672.14
07/11/2025 18:50,6784.96
07/11/2025 18:55,6866.46
07/11/2025 19:00,6862.7
07/11/2025 19:05,6877.44
07/11/2025 19:10,6828.44
07/11/2025 19:15,7055.09
07/11/2025 19:20,6940.55
07/11/2025 19:25,6773.35
07/11/2025 19:30,6926.1
07/11/2025 19:35,6747.63
07/11/2025 19:40,6903.43
07/11/2025 19:45,6797.67
07/11/2025 19:50,6785.31
07/11/2025 19:55,6799.7
07/11/2025 20:00,6924.74
07/11/2025 20:05,6746.39
07/11/2025 20:10,6892.24
07/11/2025 20:15,6740.95
07/11/2025 20:20,6619.03
07/11/2025 20:25,6691.53
07/11/2025 20:30,6595.65
07/11/2025 20:35,6742.82
07/11/2025 20:40,6610.28
07/11/2025 20:45,6493.29
07/11/2025 20:50,6484.68
07/11/2025 20:55,6663.2
07/11/2025 21:00,6211.31
07/11/2025 21:05,6174.15
07/11/2025 21:10,6179.76
07/11/2025 21:15,6089.87
07/11/2025 21:20,6052.53
07/11/2025 21:25,5990.92
07/11/2025 21:30,5863.0
07/11/2025 21:35,5833.93
07/11/2025 21:40,5995.32
07/11/2025 21:45,5803.67
07/11/2025 21:50,5754.1
07/11/2025 21:55,5702.59
07/11/2025 22:00,5787.6
07/11/2025 22:05,5907.39
07/11/2025 22:10,5576.98
07/11/2025 22:15,5653.08
07/11/2025 22:20,5558.24
07/11/2025 22:25,5525.47
07/11/2025 22:30,5294.56
07/11/2025 22:35,5535.1
07/11/2025 22:40,5489.72
07/11/2025 22:45,5307.01
07/11/2025 22:50,5480.17
07/11/2025 22:55,5264.8
07/11/2025 23:00,5295.13
07/11/2025 23:05,5235.42
07/11/2025 23:10,5014.89
07/11/2025 23:15,5034.11
07/11/2025 23:20,4995.0
07/11/2025 23:25,5090.22
07/11/2025 23:30,5049.83
07/11/2025 23:35,4928.11
07/11/2025 23:40,4743.58
07/11/2025 23:45,4748.72
07/11/2025 23:50,4914.58
07/11/2025 23:55,4616.94
08/11/2025 00:00,4369.06
08/11/2025 00:05,4477.36
08/11/2025 00:10,4368.41
08/11/2025 00:15,4408.01
08/11/2025 00:20,4276.19
08/11/2025 00:25,4161.77
08/11/2025 00:30,4228.47
08/11/2025 00:35,4298.15
08/11/2025 00:40,4205.88
08/11/2025 00:45,4472.62
08/11/2025 00:50,4274.42
08/11/2025 00:55,4150.04
08/11/2025 01:00,4220.94
08/11/2025 01:05,4147.62
08/11/2025 01:10,4214.09
08/11/2025 01:15,4261.77
08/11/2025 01:20,4185.55
08/11/2025 01:25,4222.93
08/11/2025 01:30,4030.41
08/11/2025 01:35,4044.23
08/11/2025 01:40,4016.22
08/11/2025 01:45,4005.43
08/11/2025 01:50,3964.99
08/11/2025 01:55,3992.19
08/11/2025 02:00,3615.76
08/11/2025 02:05,3395.47
08/11/2025 02:10,3796.2
08/11/2025 02:15,3387.28
08/11/2025 02:20,3531.41
08/11/2025 02:25,3685.5
08/11/2025 02:30,3465.86
08/11/2025 02:35,3430.97
08/11/2025 02:40,3439.31
08/11/2025 02:45,3461.89
08/11/2025 02:50,3503.7
08/11/2025 02:55,3514.69
08/11/2025 03:00,3636.33
08/11/2025 03:05,3676.32
08/11/2025 03:10,3431.11
08/11/2025 03:15,3538.55
08/11/2025 03:20,3454.89
08/11/2025 03:25,3530.94
08/11/2025 03:30,3764.98
08/11/2025 03:35,3630.04
08/11/2025 03:40,3585.7
08/11/2025 03:45,3539.59
08/11/2025 03:50,3558.76
08/11/2025 03:55,3499.9
08/11/2025 04:00,3570.83
08/11/2025 04:05,3612.81
08/11/2025 04:10,3690.32
08/11/2025 04:15,3599.53
08/11/2025 04:20,3570.31
08/11/2025 04:25,3570.59
08/11/2025 04:30,3392.65
08/11/2025 04:35,3660.75
08/11/2025 04:40,3463.12
08/11/2025 04:45,3521.78
08/11/2025 04:50,3572.57
08/11/2025 04:55,3500.2
08/11/2025 05:00,3871.12
08/11/2025 05:05,3721.18
08/11/2025 05:10,3846.45
08/11/2025 05:15,3909.9
08/11/2025 05:20,3866.31
08/11/2025 05:25,3931.13
08/11/2025 05:30,3969.73
08/11/2025 05:35,4001.26
08/11/2025 05:40,4109.97
08/11/2025 05:45,4118.79
08/11/2025 05:50,4104.48
08/11/2025 05:55,4126.99
08/11/2025 06:00,4170.73
08/11/2025 06:05,4270.67
08/11/2025 06:10,4384.2
08/11/2025 06:15,4210.13
08/11/2025 06:20,4265.31
08/11/2025 06:25,4337.08
08/11/2025 06:30,4306.6
08/11/2025 06:35,4293.39
08/11/2025 06:40,4288.77
08/11/2025 06:45,4393.75
08/11/2025 06:50,4403.89
08/11/2025 06:55,4513.24
08/11/2025 07:00,4733.68
08/11/2025 07:05,4472.52
08/11/2025 07:10,4764.49
08/11/2025 07:15,4642.81
08/11/2025 07:20,4777.54
08/11/2025 07:25,4802.69
08/11/2025 07:30,4971.78
08/11/2025 07:35,4894.87
08/11/2025 07:40,5011.85
08/11/2025 07:45,4875.64
08/11/2025 07:50,4936.03
08/11/2025 07:55,5087.28
08/11/2025 08:00,5123.34
08/11/2025 08:05,5052.21
08/11/2025 08:10,5196.73
08/11/2025 08:15,5184.75
08/11/2025 08:20,5371.63
08/11/2025 08:25,5379.36
08/11/2025 08:30,5421.22
08/11/2025 08:35,5461.96
08/11/2025 08:40,5396.41
08/11/2025 08:45,5603.76
08/11/2025 08:50,5589.52
08/11/2025 08:55,5547.4
08/11/2025 09:00,5314.02
08/11/2025 09:05,5417.7
08/11/2025 09:10,5549.02
08/11/2025 09:15,5583.29
08/11/2025 09:20,5713.65
08/11/2025 09:25,5599.73
08/11/2025 09:30,5498.22
08/11/2025 09:35,5616.66
08/11/2025 09:40,5735.85
08/11/2025 09:45,5501.93
08/11/2025 09:50,5808.37
08/11/2025 09:55,5578.98
08/11/2025 10:00,5763.65
08/11/2025 10:05,5692.89
08/11/2025 10:10,5724.08
08/11/2025 10:15,5573.2
08/11/2025 10:20,5570.22
08/11/2025 10:25,5748.62
08/11/2025 10:30,5691.91
08/11/2025 10:35,5903.22
08/11/2025 10:40,5714.7
08/11/2025 10:45,5704.49
08/11/2025 10:50,5655.93
08/11/2025 10:55,5585.36
08/11/2025 11:00,5751.68
08/11/2025 11:05,5668.01
08/11/2025 11:10,5704.6
08/11/2025 11:15,5658.71
08/11/2025 11:20,5567.15
08/11/2025 11:25,5741.12
08/11/2025 11:30,5534.76
08/11/2025 11:35,5503.77
08/11/2025 11:40,5545.85
08/11/2025 11:45,5472.07
08/11/2025 11:50,5543.9
08/11/2025 11:55,5587.32
08/11/2025 12:00,5374.84
08/11/2025 12:05,5505.64
08/11/2025 12:10,5348.5
08/11/2025 12:15,5413.32
08/11/2025 12:20,5329.28
08/11/2025 12:25,5374.04
08/11/2025 12:30,5506.94
08/11/2025 12:35,5315.33
08/11/2025 12:40,5415.18
08/11/2025 12:45,5348.38
08/11/2025 12:50,5447.04
08/11/2025 12:55,5487.03
08/11/2025 13:00,5337.85
08/11/2025 13:05,5454.99
08/11/2025 13:10,5412.64
08/11/2025 13:15,5342.93
08/11/2025 13:20,5175.65
08/11/2025 13:25,5326.4
08/11/2025 13:30,5370.39
08/11/2025 13:35,5284.69
08/11/2025 13:40,5180.39
08/11/2025 13:45,5296.36
08/11/2025 13:50,5367.96
08/11/2025 13:55,5246.7
08/11/2025 14:00,5272.51
08/11/2025 14:05,5355.19
08/11/2025 14:10,5302.26
08/11/2025 14:15,5287.51
08/11/2025 14:20,5192.12
08/11/2025 14:25,5140.63
08/11/2025 14:30,5228.75
08/11/2025 14:35,5353.06
08/11/2025 14:40,5274.72
08/11/2025 14:45,5345.4
08/11/2025 14:50,5143.95
08/11/2025 14:55,5113.91
08/11/2025 15:00,5162.53
08/11/2025 15:05,5244.94
08/11/2025 15:10,5292.7
08/11/2025 15:15,5208.22
08/11/2025 15:20,5312.73
08/11/2025 15:25,5346.2
08/11/2025 15:30,5451.1
08/11/2025 15:35,5268.45
08/11/2025 15:40,5354.3
08/11/2025 15:45,5315.89
08/11/2025 15:50,5420.85
08/11/2025 15:55,5465.94
08/11/2025 16:00,5612.77
08/11/2025 16:05,5376.98
08/11/2025 16:10,5497.21
08/11/2025 16:15,5562.11
08/11/2025 16:20,5596.13
08/11/2025 16:25,5681.4
08/11/2025 16:30,5540.24
08/11/2025 16:35,5494.0
08/11/2025 16:40,5511.91
08/11/2025 16:45,5599.81
08/11/2025 16:50,5490.86
08/11/2025 16:55,5631.45
08/11/2025 17:00,5589.32
08/11/2025 17:05,5705.6
08/11/2025 17:10,5635.94
08/11/2025 17:15,5715.4
08/11/2025 17:20,5576.76
08/11/2025 17:25,5716.63
08/11/2025 17:30,5641.13
08/11/2025 17:35,5685.36
08/11/2025 17:40,5870.36
08/11/2025 17:45,5702.81
08/11/2025 17:50,5680.43
08/11/2025 17:55,5717.7
08/11/2025 18:00,6275.98
08/11/2025 18:05,6318.02
08/11/2025 18:10,6442.97
08/11/2025 18:15,6247.49
08/11/2025 18:20,6320.68
08/11/2025 18:25,6521.62
08/11/2025 18:30,6386.85
08/11/2025 18:35,6396.9
08/11/2025 18:40,6487.78
08/11/2025 18:45,6566.76
08/11/2025 18:50,6433.08
08/11/2025 18:55,6727.67
08/11/2025 19:00,6458.65
08/11/2025 19:05,6568.67
08/11/2025 19:10,6590.01
08/11/2025 19:15,6600.89
08/11/2025 19:20,6577.49
08/11/2025 19:25,6515.88
08/11/2025 19:30,6458.88
08/11/2025 19:35,6569.5
08/11/2025 19:40,6519.55
08/11/2025 19:45,6579.29
08/11/2025 19:50,6579.92
08/11/2025 19:55,6590.62
08/11/2025 20:00,6709.03
08/11/2025 20:05,6524.68
08/11/2025 20:10,6445.3
08/11/2025 20:15,6518.65
08/11/2025 20:20,6371.35
08/11/2025 20:25,6501.91
08/11/2025 20:30,6606.68
08/11/2025 20:35,6323.19
08/11/2025 20:40,6256.55
08/11/2025 20:45,6520.41
08/11/2025 20:50,6167.57
08/11/2025 20:55,6200.37
08/11/2025 21:00,5982.58
08/11/2025 21:05,5953.79
08/11/2025 21:10,5977.57
08/11/2025 21:15,5848.43
08/11/2025 21:20,5841.66
08/11/2025 21:25,5545.23
08/11/2025 21:30,5659.11
08/11/2025 21:35,5660.34
08/11/2025 21:40,5612.28
08/11/2025 21:45,5669.75
08/11/2025 21:50,5547.62
08/11/2025 21:55,5529.69
08/11/2025 22:00,5427.05
08/11/2025 22:05,5438.59
08/11/2025 22:10,5570.33
08/11/2025 22:15,5390.85
08/11/2025 22:20,5351.02
08/11/2025 22:25,5186.26
08/11/2025 22:30,5132.75
08/11/2025 22:35,5147.09
08/11/2025 22:40,5129.36
08/11/2025 22:45,5023.59
08/11/2025 22:50,4985.61
08/11/2025 22:55,5095.1
08/11/2025 23:00,5022.22
08/11/2025 23:05,4912.66
08/11/2025 23:10,5055.18
08/11/2025 23:15,4834.53
08/11/2025 23:20,4728.97
08/11/2025 23:25,4703.14
08/11/2025 23:30,4664.43
08/11/2025 23:35,4714.78
08/11/2025 23:40,4671.24
08/11/2025 23:45,4568.45
08/11/2025 23:50,4511.48
08/11/2025 23:55,4649.28
09/11/2025 00:00,4431.06
09/11/2025 00:05,4413.0
09/11/2025 00:10,4396.6
09/11/2025 00:15,4395.3
09/11/2025 00:20,4279.61
09/11/2025 00:25,4372.6
09/11/2025 00:30,4249.21
09/11/2025 00:35,4199.35
09/11/2025 00:40,4160.33
09/11/2025 00:45,4340.65
09/11/2025 00:50,4152.2
09/11/2025 00:55,4217.38
09/11/2025 01:00,4228.75
09/11/2025 01:05,4092.4
09/11/2025 01:10,4111.65
09/11/2025 01:15,4183.96
09/11/2025 01:20,4120.07
09/11/2025 01:25,3982.21
09/11/2025 01:30,4129.26
09/11/2025 01:35,4180.41
09/11/2025 01:40,4051.89
09/11/2025 01:45,4003.69
09/11/2025 01:50,3816.19
09/11/2025 01:55,3983.15
09/11/2025 02:00,3521.19
09/11/2025 02:05,3625.05
09/11/2025 02:10,3541.35
09/11/2025 02:15,3654.41
09/11/2025 02:20,3705.13
09/11/2025 02:25,3557.28
09/11/2025 02:30,3485.42
09/11/2025 02:35,3530.19
09/11/2025 02:40,3497.6
09/11/2025 02:45,3485.8
09/11/2025 02:50,3452.0
09/11/2025 02:55,3371.84
09/11/2025 03:00,3458.97
09/11/2025 03:05,3654.1
09/11/2025 03:10,3792.85
09/11/2025 03:15,3438.84
09/11/2025 03:20,3601.29
09/11/2025 03:25,3400.36
09/11/2025 03:30,3529.16
09/11/2025 03:35,3687.78
09/11/2025 03:40,3361.53
09/11/2025 03:45,3466.23
09/11/2025 03:50,3537.01
09/11/2025 03:55,3605.76
09/11/2025 04:00,3579.87
09/11/2025 04:05,3652.81
09/11/2025 04:10,3419.17
09/11/2025 04:15,3564.22
09/11/2025 04:20,3414.06
09/11/2025 04:25,3552.09
09/11/2025 04:30,3488.09
09/11/2025 04:35,3495.36
09/11/2025 04:40,3661.26
09/11/2025 04:45,3519.02
09/11/2025 04:50,3596.06
09/11/2025 04:55,3508.92
09/11/2025 05:00,3861.34
09/11/2025 05:05,3882.76
09/11/2025 05:10,3840.98
09/11/2025 05:15,3923.98
09/11/2025 05:20,3890.95
09/11/2025 05:25,3850.6
09/11/2025 05:30,4056.22
09/11/2025 05:35,3888.94
09/11/2025 05:40,4083.55
09/11/2025 05:45,4067.97
09/11/2025 05:50,4084.24
09/11/2025 05:55,4156.63
09/11/2025 06:00,4025.13
09/11/2025 06:05,4206.72
09/11/2025 06:10,4231.91
09/11/2025 06:15,4302.74
09/11/2025 06:20,4374.63
09/11/2025 06:25,4345.28
09/11/2025 06:30,4470.76
09/11/2025 06:35,4364.72
09/11/2025 06:40,4437.3
09/11/2025 06:45,4407.32
09/11/2025 06:50,4583.13
09/11/2025 06:55,4548.32
09/11/2025 07:00,4593.42
09/11/2025 07:05,4508.95
09/11/2025 07:10,4770.35
09/11/2025 07:15,4648.35
09/11/2025 07:20,4822.11
09/11/2025 07:25,4842.14
09/11/2025 07:30,4756.84
09/11/2025 07:35,4995.07
09/11/2025 07:40,4945.73
09/11/2025 07:45,4902.96
09/11/2025 07:50,5104.59
09/11/2025 07:55,5059.13
09/11/2025 08:00,5074.57
09/11/2025 08:05,5226.83
09/11/2025 08:10,5186.03
09/11/2025 08:15,5215.55
09/11/2025 08:20,5194.44
09/11/2025 08:25,5222.86
09/11/2025 08:30,5461.26
09/11/2025 08:35,5486.88
09/11/2025 08:40,5664.92
09/11/2025 08:45,5601.25
09/11/2025 08:50,5557.16
09/11/2025 08:55,5609.5
09/11/2025 09:00,5450.89
09/11/2025 09:05,5475.59
09/11/2025 09:10,5472.22
09/11/2025 09:15,5472.72
09/11/2025 09:20,5681.7
09/11/2025 09:25,5641.85
09/11/2025 09:30,5671.99
09/11/2025 09:35,5743.41
09/11/2025 09:40,5759.35
09/11/2025 09:45,5753.08
09/11/2025 09:50,5433.66
09/11/2025 09:55,5672.07
09/11/2025 10:00,5626.6
09/11/2025 10:05,5644.97
09/11/2025 10:10,5890.43
09/11/2025 10:15,5729.74
09/11/2025 10:20,5828.48
09/11/2025 10:25,5769.02
09/11/2025 10:30,5779.91
09/11/2025 10:35,5721.47
09/11/2025 10:40,5732.94
09/11/2025 10:45,5759.19
09/11/2025 10:50,5839.45
09/11/2025 10:55,5767.49
09/11/2025 11:00,5480.15
09/11/2025 11:05,5765.05
09/11/2025 11:10,5639.69
09/11/2025 11:15,5448.48
09/11/2025 11:20,5598.26
09/11/2025 11:25,5531.54
09/11/2025 11:30,5609.99
09/11/2025 11:35,5572.84
09/11/2025 11:40,5498.86
09/11/2025 11:45,5465.62
09/11/2025 11:50,5627.92
09/11/2025 11:55,5554.78
09/11/2025 12:00,5272.66
09/11/2025 12:05,5338.92
09/11/2025 12:10,5463.37
09/11/2025 12:15,5376.29
09/11/2025 12:20,5271.82
09/11/2025 12:25,5410.12
09/11/2025 12:30,5602.92
09/11/2025 12:35,5217.55
09/11/2025 12:40,5494.79
09/11/2025 12:45,5325.08
09/11/2025 12:50,5248.5
09/11/2025 12:55,5466.88
09/11/2025 13:00,5295.97
09/11/2025 13:05,5344.36
09/11/2025 13:10,5253.86
09/11/2025 13:15,5357.94
09/11/2025 13:20,5374.62
09/11/2025 13:25,5464.86
09/11/2025 13:30,5244.14
09/11/2025 13:35,5358.32
09/11/2025 13:40,5324.34
09/11/2025 13:45,5215.27
09/11/2025 13:50,5269.74
09/11/2025 13:55,5354.13
09/11/2025 14:00,5177.29
09/11/2025 14:05,5137.99
09/11/2025 14:10,5319.95
09/11/2025 14:15,5222.05
09/11/2025 14:20,5210.6
09/11/2025 14:25,5408.36
09/11/2025 14:30,5074.62
09/11/2025 14:35,5394.88
09/11/2025 14:40,5201.02
09/11/2025 14:45,5176.31
09/11/2025 14:50,5213.52
09/11/2025 14:55,5186.18
09/11/2025 15:00,5236.34
09/11/2025 15:05,5306.28
09/11/2025 15:10,5173.52
09/11/2025 15:15,5352.0
09/11/2025 15:20,5286.2
09/11/2025 15:25,5298.93
09/11/2025 15:30,5444.06
09/11/2025 15:35,5452.55
09/11/2025 15:40,5348.45
09/11/2025 15:45,5363.46
09/11/2025 15:50,5276.69
09/11/2025 15:55,5329.51
09/11/2025 16:00,5452.21
09/11/2025 16:05,5499.61
09/11/2025 16:10,5417.28
09/11/2025 16:15,5480.58
09/11/2025 16:20,5481.52
09/11/2025 16:25,5389.7
09/11/2025 16:30,5629.06
09/11/2025 16:35,5582.64
09/11/2025 16:40,5522.71
09/11/2025 16:45,5552.87
09/11/2025 16:50,5599.49
09/11/2025 16:55,5438.33
09/11/2025 17:00,5597.84
09/11/2025 17:05,5711.94
09/11/2025 17:10,5573.28
09/11/2025 17:15,5636.8
09/11/2025 17:20,5691.02
09/11/2025 17:25,5622.1
09/11/2025 17:30,5620.68
09/11/2025 17:35,5721.51
09/11/2025 17:40,5849.33
09/11/2025 17:45,5705.7
09/11/2025 17:50,5717.03
09/11/2025 17:55,5774.55
09/11/2025 18:00,6234.04
09/11/2025 18:05,6069.59
09/11/2025 18:10,6280.6
09/11/2025 18:15,6237.34
09/11/2025 18:20,6371.75
09/11/2025 18:25,6269.57
09/11/2025 18:30,6385.97
09/11/2025 18:35,6264.5
09/11/2025 18:40,6612.82
09/11/2025 18:45,6430.45
09/11/2025 18:50,6525.62
09/11/2025 18:55,6516.65
09/11/2025 19:00,6618.73
09/11/2025 19:05,6651.02
09/11/2025 19:10,6518.99
09/11/2025 19:15,6590.74
09/11/2025 19:20,6714.57
09/11/2025 19:25,6553.42
09/11/2025 19:30,6565.89
09/11/2025 19:35,6635.15
09/11/2025 19:40,6497.46
09/11/2025 19:45,6793.52
09/11/2025 19:50,6442.51
09/11/2025 19:55,6660.43
09/11/2025 20:00,6684.25
09/11/2025 20:05,6504.09
09/11/2025 20:10,6647.74
09/11/2025 20:15,6452.65
09/11/2025 20:20,6524.65
09/11/2025 20:25,6378.6
09/11/2025 20:30,6589.0
09/11/2025 20:35,6472.74
09/11/2025 20:40,6441.42
09/11/2025 20:45,6366.53
09/11/2025 20:50,6220.9
09/11/2025 20:55,6326.15
09/11/2025 21:00,5884.08
09/11/2025 21:05,5865.57
09/11/2025 21:10,5822.59
09/11/2025 21:15,5853.06
09/11/2025 21:20,5973.82
09/11/2025 21:25,5669.75
09/11/2025 21:30,5682.92
09/11/2025 21:35,5849.59
09/11/2025 21:40,5692.7
09/11/2025 21:45,5507.78
09/11/2025 21:50,5595.87
09/11/2025 21:55,5627.34
09/11/2025 22:00,5505.61
09/11/2025 22:05,5301.71
09/11/2025 22:10,5252.0
09/11/2025 22:15,5323.8
09/11/2025 22:20,5279.35
09/11/2025 22:25,5375.73
09/11/2025 22:30,5229.6
09/11/2025 22:35,4934.01
09/11/2025 22:40,5228.9
09/11/2025 22:45,5138.18
09/11/2025 22:50,5048.53
09/11/2025 22:55,5135.47
09/11/2025 23:00,4921.07
09/11/2025 23:05,4993.98
09/11/2025 23:10,4886.36
09/11/2025 23:15,4907.33
09/11/2025 23:20,4767.41
09/11/2025 23:25,4645.32
09/11/2025 23:30,4609.99
09/11/2025 23:35,4472.93
09/11/2025 23:40,4686.47
09/11/2025 23:45,4727.2
09/11/2025 23:50,4425.9
09/11/2025 23:55,4535.55
10/11/2025 00:00,4710.35
10/11/2025 00:05,4623.58
10/11/2025 00:10,4642.93
10/11/2025 00:15,4788.37
10/11/2025 00:20,4563.8
10/11/2025 00:25,4497.75
10/11/2025 00:30,4478.51
10/11/2025 00:35,4419.29
10/11/2025 00:40,4648.61
10/11/2025 00:45,4586.6
10/11/2025 00:50,4402.04
10/11/2025 00:55,4569.13
10/11/2025 01:00,4381.7
10/11/2025 01:05,4300.27
10/11/2025 01:10,4500.26
10/11/2025 01:15,4384.39
10/11/2025 01:20,4270.68
10/11/2025 01:25,4218.87
10/11/2025 01:30,4292.83
10/11/2025 01:35,4236.9
10/11/2025 01:40,4205.51
10/11/2025 01:45,4095.63
10/11/2025 01:50,4201.82
10/11/2025 01:55,4029.64
10/11/2025 02:00,3706.9
10/11/2025 02:05,4047.86
10/11/2025 02:10,3834.33
10/11/2025 02:15,3913.23
10/11/2025 02:20,3817.01
10/11/2025 02:25,3911.88
10/11/2025 02:30,3762.03
10/11/2025 02:35,3757.73
10/11/2025 02:40,3748.92
10/11/2025 02:45,3900.53
10/11/2025 02:50,3765.12
10/11/2025 02:55,3659.32
10/11/2025 03:00,3657.08
10/11/2025 03:05,3566.71
10/11/2025 03:10,3624.82
10/11/2025 03:15,3871.2
10/11/2025 03:20,3837.43
10/11/2025 03:25,3883.83
10/11/2025 03:30,3690.24
10/11/2025 03:35,3711.64
10/11/2025 03:40,3907.97
10/11/2025 03:45,3836.76
10/11/2025 03:50,3856.81
10/11/2025 03:55,3882.7
10/11/2025 04:00,3738.7
10/11/2025 04:05,3830.75
10/11/2025 04:10,3824.1
10/11/2025 04:15,3658.7
10/11/2025 04:20,3833.66
10/11/2025 04:25,3840.48
10/11/2025 04:30,3651.61
10/11/2025 04:35,3815.45
10/11/2025 04:40,3767.04
10/11/2025 04:45,3863.85
10/11/2025 04:50,3852.54
10/11/2025 04:55,3637.84
10/11/2025 05:00,3829.44
10/11/2025 05:05,4132.98
10/11/2025 05:10,4105.74
10/11/2025 05:15,4207.38
10/11/2025 05:20,4165.59
10/11/2025 05:25,4317.19
10/11/2025 05:30,4417.63
10/11/2025 05:35,4244.99
10/11/2025 05:40,4348.97
10/11/2025 05:45,4266.3
10/11/2025 05:50,4320.58
10/11/2025 05:55,4260.32
10/11/2025 06:00,4339.35
10/11/2025 06:05,4289.47
10/11/2025 06:10,4526.93
10/11/2025 06:15,4484.54
10/11/2025 06:20,4571.93
10/11/2025 06:25,4623.38
10/11/2025 06:30,4843.43
10/11/2025 06:35,4648.72
10/11/2025 06:40,4722.99
10/11/2025 06:45,4780.83
10/11/2025 06:50,4824.77
10/11/2025 06:55,4689.18
10/11/2025 07:00,4816.04
10/11/2025 07:05,4966.72
10/11/2025 07:10,4965.8
10/11/2025 07:15,4949.7
10/11/2025 07:20,5021.94
10/11/2025 07:25,4992.82
10/11/2025 07:30,5187.91
10/11/2025 07:35,5081.47
10/11/2025 07:40,5196.24
10/11/2025 07:45,5258.09
10/11/2025 07:50,5121.26
10/11/2025 07:55,5202.84
10/11/2025 08:00,5234.86
10/11/2025 08:05,5544.69
10/11/2025 08:10,5487.82
10/11/2025 08:15,5492.22
10/11/2025 08:20,5598.61
10/11/2025 08:25,5593.95
10/11/2025 08:30,5619.52
10/11/2025 08:35,5495.91
10/11/2025 08:40,5806.5
10/11/2025 08:45,5778.34
10/11/2025 08:50,5756.23
10/11/2025 08:55,5691.68
10/11/2025 09:00,5589.55
10/11/2025 09:05,5803.8
10/11/2025 09:10,5775.61
10/11/2025 09:15,5789.2
10/11/2025 09:20,5829.04
10/11/2025 09:25,5786.82
10/11/2025 09:30,5727.15
10/11/2025 09:35,5685.97
10/11/2025 09:40,5940.61
10/11/2025 09:45,5772.68
10/11/2025 09:50,5781.19
10/11/2025 09:55,6030.06
10/11/2025 10:00,6031.69
10/11/2025 10:05,5928.31
10/11/2025 10:10,5967.33
10/11/2025 10:15,6013.21
10/11/2025 10:20,5935.16
10/11/2025 10:25,6009.07
10/11/2025 10:30,5835.17
10/11/2025 10:35,5832.57
10/11/2025 10:40,5938.45
10/11/2025 10:45,5936.84
10/11/2025 10:50,5874.19
10/11/2025 10:55,5891.76
10/11/2025 11:00,5850.4
10/11/2025 11:05,5891.35
10/11/2025 11:10,5882.99
10/11/2025 11:15,5775.05
10/11/2025 11:20,5794.69
10/11/2025 11:25,5890.38
10/11/2025 11:30,5805.51
10/11/2025 11:35,5799.03
10/11/2025 11:40,5636.98
10/11/2025 11:45,5832.49
10/11/2025 11:50,5663.79
10/11/2025 11:55,5913.53
10/11/2025 12:00,5493.96
10/11/2025 12:05,5672.95
10/11/2025 12:10,5656.14
10/11/2025 12:15,5574.45
10/11/2025 12:20,5781.0
10/11/2025 12:25,5758.95
10/11/2025 12:30,5707.46
10/11/2025 12:35,5507.25
10/11/2025 12:40,5498.37
10/11/2025 12:45,5487.23
10/11/2025 12:50,5592.51
10/11/2025 12:55,5550.66
10/11/2025 13:00,5763.61
10/11/2025 13:05,5691.3
10/11/2025 13:10,5590.94
10/11/2025 13:15,5633.24
10/11/2025 13:20,5608.3
10/11/2025 13:25,5611.66
10/11/2025 13:30,5569.92
10/11/2025 13:35,5586.67
10/11/2025 13:40,5539.46
10/11/2025 13:45,5491.77
10/11/2025 13:50,5699.89
10/11/2025 13:55,5625.06
10/11/2025 14:00,5334.83
10/11/2025 14:05,5595.47
10/11/2025 14:10,5540.09
10/11/2025 14:15,5560.85
10/11/2025 14:20,5492.85
10/11/2025 14:25,5352.81
10/11/2025 14:30,5511.78
10/11/2025 14:35,5403.65
10/11/2025 14:40,5499.82
10/11/2025 14:45,5498.75
10/11/2025 14:50,5560.26
10/11/2025 14:55,5533.39
10/11/2025 15:00,5500.14
10/11/2025 15:05,5763.87
10/11/2025 15:10,5526.02
10/11/2025 15:15,5654.49
10/11/2025 15:20,5586.19
10/11/2025 15:25,5630.49
10/11/2025 15:30,5666.78
10/11/2025 15:35,5602.97
10/11/2025 15:40,5618.86
10/11/2025 15:45,5757.0
10/11/2025 15:50,5820.11
10/11/2025 15:55,5620.27
10/11/2025 16:00,5632.67
10/11/2025 16:05,5738.84
10/11/2025 16:10,5708.66
10/11/2025 16:15,5638.78
10/11/2025 16:20,5553.01
10/11/2025 16:25,5613.7
10/11/2025 16:30,5699.23
10/11/2025 16:35,5689.4
10/11/2025 16:40,5947.55
10/11/2025 16:45,5900.65
10/11/2025 16:50,5761.19
10/11/2025 16:55,5854.94
10/11/2025 17:00,5829.83
10/11/2025 17:05,5887.42
10/11/2025 17:10,5828.3
10/11/2025 17:15,5977.67
10/11/2025 17:20,6059.03
10/11/2025 17:25,5943.71
10/11/2025 17:30,5854.3
10/11/2025 17:35,5884.4
10/11/2025 17:40,5980.4
10/11/2025 17:45,5895.58
10/11/2025 17:50,6041.8
10/11/2025 17:55,5974.75
10/11/2025 18:00,6499.98
10/11/2025 18:05,6454.6
10/11/2025 18:10,6522.5
10/11/2025 18:15,6648.51
10/11/2025 18:20,6535.2
10/11/2025 18:25,6615.91
10/11/2025 18:30,6589.12
10/11/2025 18:35,6758.69
10/11/2025 18:40,6812.35
10/11/2025 18:45,6853.27
10/11/2025 18:50,6931.79
10/11/2025 18:55,6763.86
10/11/2025 19:00,6780.64
10/11/2025 19:05,6894.35
10/11/2025 19:10,6730.01
10/11/2025 19:15,6844.63
10/11/2025 19:20,6780.56
10/11/2025 19:25,6884.43
10/11/2025 19:30,6903.98
10/11/2025 19:35,6906.96
10/11/2025 19:40,6804.54
10/11/2025 19:45,6829.13
10/11/2025 19:50,6839.71
10/11/2025 19:55,6782.56
10/11/2025 20:00,6744.05
10/11/2025 20:05,6784.14
10/11/2025 20:10,6786.5
10/11/2025 20:15,6843.26
10/11/2025 20:20,6748.53
10/11/2025 20:25,6608.83
10/11/2025 20:30,6784.66
10/11/2025 20:35,6621.15
10/11/2025 20:40,6547.77
10/11/2025 20:45,6525.04
10/11/2025 20:50,6604.6
10/11/2025 20:55,6512.34
10/11/2025 21:00,6128.23
10/11/2025 21:05,6178.95
10/11/2025 21:10,6187.37
10/11/2025 21:15,6059.71
10/11/2025 21:20,6044.66
10/11/2025 21:25,5862.08
10/11/2025 21:30,5914.97
10/11/2025 21:35,5962.06
10/11/2025 21:40,5832.22
10/11/2025 21:45,5911.4
10/11/2025 21:50,5695.44
10/11/2025 21:55,5842.42
10/11/2025 22:00,5754.73
10/11/2025 22:05,5698.87
10/11/2025 22:10,5580.07
10/11/2025 22:15,5600.59
10/11/2025 22:20,5708.61
10/11/2025 22:25,5471.77
10/11/2025 22:30,5469.47
10/11/2025 22:35,5339.38
10/11/2025 22:40,5404.29
10/11/2025 22:45,5291.37
10/11/2025 22:50,5166.08
10/11/2025 22:55,5257.97
10/11/2025 23:00,5277.4
10/11/2025 23:05,5231.77
10/11/2025 23:10,5090.98
10/11/2025 23:15,5016.93
10/11/2025 23:20,5007.98
10/11/2025 23:25,5018.85
10/11/2025 23:30,4956.34
10/11/2025 23:35,5000.59
10/11/2025 23:40,4927.89
10/11/2025 23:45,4779.85
10/11/2025 23:50,4704.44
10/11/2025 23:55,4814.39
11/11/2025 00:00,4668.74
11/11/2025 00:05,4687.15
11/11/2025 00:10,4514.63
11/11/2025 00:15,4529.71
11/11/2025 00:20,4604.35
11/11/2025 00:25,4536.96
11/11/2025 00:30,4516.2
11/11/2025 00:35,4499.49
11/11/2025 00:40,4431.94
11/11/2025 00:45,4487.14
11/11/2025 00:50,4542.07
11/11/2025 00:55,4637.31
11/11/2025 01:00,4318.05
11/11/2025 01:05,4416.45
11/11/2025 01:10,4414.38
11/11/2025 01:15,4381.93
11/11/2025 01:20,4338.76
11/11/2025 01:25,4245.3
11/11/2025 01:30,4180.06
11/11/2025 01:35,4203.79
11/11/2025 01:40,4045.34
11/11/2025 01:45,4254.16
11/11/2025 01:50,4166.13
11/11/2025 01:55,4152.56
11/11/2025 02:00,3744.08
11/11/2025 02:05,3793.86
11/11/2025 02:10,3781.87
11/11/2025 02:15,3804.71
11/11/2025 02:20,3767.36
11/11/2025 02:25,3703.58
11/11/2025 02:30,3744.8
11/11/2025 02:35,3906.21
11/11/2025 02:40,3874.72
11/11/2025 02:45,3651.35
11/11/2025 02:50,3689.11
11/11/2025 02:55,3723.31
11/11/2025 03:00,3858.87
11/11/2025 03:05,3790.81
11/11/2025 03:10,3773.25
11/11/2025 03:15,3660.08
11/11/2025 03:20,3841.45
11/11/2025 03:25,3953.26
11/11/2025 03:30,4015.6
11/11/2025 03:35,3727.9
11/11/2025 03:40,3921.66
11/11/2025 03:45,3777.66
11/11/2025 03:50,3818.59
11/11/2025 03:55,3926.74
11/11/2025 04:00,3860.0
11/11/2025 04:05,3746.12
11/11/2025 04:10,3939.76
11/11/2025 04:15,3785.32
11/11/2025 04:20,3705.69
11/11/2025 04:25,3965.15
11/11/2025 04:30,3804.17
11/11/2025 04:35,3830.93
11/11/2025 04:40,3814.87
11/11/2025 04:45,3760.3
11/11/2025 04:50,3701.68
11/11/2025 04:55,3801.0
11/11/2025 05:00,4128.57
11/11/2025 05:05,4100.99
11/11/2025 05:10,3996.46
11/11/2025 05:15,4161.48
11/11/2025 05:20,4290.16
11/11/2025 05:25,4285.53
11/11/2025 05:30,4042.31
11/11/2025 05:35,4306.6
11/11/2025 05:40,4205.67
11/11/2025 05:45,4271.4
11/11/2025 05:50,4356.23
11/11/2025 05:55,4381.8
11/11/2025 06:00,4457.57
11/11/2025 06:05,4519.22
11/11/2025 06:10,4533.03
11/11/2025 06:15,4535.96
11/11/2025 06:20,4740.23
11/11/2025 06:25,4611.35
11/11/2025 06:30,4574.21
11/11/2025 06:35,4698.81
11/11/2025 06:40,4626.62
11/11/2025 06:45,4711.88
11/11/2025 06:50,4702.98
11/11/2025 06:55,4819.56
11/11/2025 07:00,4856.41
11/11/2025 07:05,4883.45
11/11/2025 07:10,4897.16
11/11/2025 07:15,4952.6
11/11/2025 07:20,4922.33
11/11/2025 07:25,5014.24
11/11/2025 07:30,5166.77
11/11/2025 07:35,5269.63
11/11/2025 07:40,5221.28
11/11/2025 07:45,5222.45
11/11/2025 07:50,5239.99
11/11/2025 07:55,5286.86
11/11/2025 08:00,5444.72
11/11/2025 08:05,5433.53
11/11/2025 08:10,5555.77
11/11/2025 08:15,5407.47
11/11/2025 08:20,5566.55
11/11/2025 08:25,5788.41
11/11/2025 08:30,5566.25
11/11/2025 08:35,5824.52
11/11/2025 08:40,5641.79
11/11/2025 08:45,5706.84
11/11/2025 08:50,5894.85
11/11/2025 08:55,5858.0
11/11/2025 09:00,5781.79
11/11/2025 09:05,5866.63
11/11/2025 09:10,5865.26
11/11/2025 09:15,5803.57
11/11/2025 09:20,5799.61
11/11/2025 09:25,5878.6
11/11/2025 09:30,5924.91
11/11/2025 09:35,5758.18
11/11/2025 09:40,5969.94
11/11/2025 09:45,5845.89
11/11/2025 09:50,5908.2
11/11/2025 09:55,6053.09
11/11/2025 10:00,5905.48
11/11/2025 10:05,6005.9
11/11/2025 10:10,5995.9
11/11/2025 10:15,5917.11
11/11/2025 10:20,6102.51
11/11/2025 10:25,6017.14
11/11/2025 10:30,6084.13
11/11/2025 10:35,5901.54
11/11/2025 10:40,6058.76
11/11/2025 10:45,5914.08
11/11/2025 10:50,6096.51
11/11/2025 10:55,5902.78
11/11/2025 11:00,5944.79
11/11/2025 11:05,5995.56
11/11/2025 11:10,5943.61
11/11/2025 11:15,5808.28
11/11/2025 11:20,5889.51
11/11/2025 11:25,5750.42
11/11/2025 11:30,5749.39
11/11/2025 11:35,5853.1
11/11/2025 11:40,5811.23
11/11/2025 11:45,5909.52
11/11/2025 11:50,5634.23
11/11/2025 11:55,5788.55
11/11/2025 12:00,5479.16
11/11/2025 12:05,5477.56
11/11/2025 12:10,5728.78
11/11/2025 12:15,5730.45
11/11/2025 12:20,5585.47
11/11/2025 12:25,5681.36
11/11/2025 12:30,5740.99
11/11/2025 12:35,5594.5
11/11/2025 12:40,5595.8
11/11/2025 12:45,5602.59
11/11/2025 12:50,5584.74
11/11/2025 12:55,5656.82
11/11/2025 13:00,5549.17
11/11/2025 13:05,5633.74
11/11/2025 13:10,5691.59
11/11/2025 13:15,5638.56
11/11/2025 13:20,5494.52
11/11/2025 13:25,5748.32
11/11/2025 13:30,5629.53
11/11/2025 13:35,5665.33
11/11/2025 13:40,5701.62
11/11/2025 13:45,5620.85
11/11/2025 13:50,5569.29
11/11/2025 13:55,5486.97
11/11/2025 14:00,5593.17
11/11/2025 14:05,5416.59
11/11/2025 14:10,5611.03
11/11/2025 14:15,5375.06
11/11/2025 14:20,5497.09
11/11/2025 14:25,5611.59
11/11/2025 14:30,5415.64
11/11/2025 14:35,5467.95
11/11/2025 14:40,5592.47
11/11/2025 14:45,5442.3
11/11/2025 14:50,5424.94
11/11/2025 14:55,5378.16
11/11/2025 15:00,5667.41
11/11/2025 15:05,5433.52
11/11/2025 15:10,5437.29
11/11/2025 15:15,5638.35
11/11/2025 15:20,5622.67
11/11/2025 15:25,5565.91
11/11/2025 15:30,5580.95
11/11/2025 15:35,5505.98
11/11/2025 15:40,5635.88
11/11/2025 15:45,5714.14
11/11/2025 15:50,5642.42
11/11/2025 15:55,5690.1
11/11/2025 16:00,5593.28
11/11/2025 16:05,5629.34
11/11/2025 16:10,5802.44
11/11/2025 16:15,5786.85
11/11/2025 16:20,5607.89
11/11/2025 16:25,5781.85
11/11/2025 16:30,5729.42
11/11/2025 16:35,5759.62
11/11/2025 16:40,5836.88
11/11/2025 16:45,5754.39
11/11/2025 16:50,5745.89
11/11/2025 16:55,5806.51
11/11/2025 17:00,5886.34
11/11/2025 17:05,5876.06
11/11/2025 17:10,6027.76
11/11/2025 17:15,6006.72
11/11/2025 17:20,6043.1
11/11/2025 17:25,6041.71
11/11/2025 17:30,5787.77
11/11/2025 17:35,5973.35
11/11/2025 17:40,6066.44
11/11/2025 17:45,5955.55
11/11/2025 17:50,6011.13
11/11/2025 17:55,5894.12
11/11/2025 18:00,6421.51
11/11/2025 18:05,6447.58
11/11/2025 18:10,6630.41
11/11/2025 18:15,6528.39
11/11/2025 18:20,6519.2
11/11/2025 18:25,6704.25
11/11/2025 18:30,6712.47
11/11/2025 18:35,6601.25
11/11/2025 18:40,6741.08
11/11/2025 18:45,6730.93
11/11/2025 18:50,6836.04
11/11/2025 18:55,6778.15
11/11/2025 19:00,6721.11
11/11/2025 19:05,6814.67
11/11/2025 19:10,6842.27
11/11/2025 19:15,6876.38
11/11/2025 19:20,6867.73
11/11/2025 19:25,6816.86
11/11/2025 19:30,6806.14
11/11/2025 19:35,6977.3
11/11/2025 19:40,6836.08
11/11/2025 19:45,6841.41
11/11/2025 19:50,6986.58
11/11/2025 19:55,6734.8
11/11/2025 20:00,6770.51
11/11/2025 20:05,6911.8
11/11/2025 20:10,6683.96
11/11/2025 20:15,6654.13
11/11/2025 20:20,6882.59
11/11/2025 20:25,6633.63
11/11/2025 20:30,6621.43
11/11/2025 20:35,6521.33
11/11/2025 20:40,6609.15
11/11/2025 20:45,6674.7
11/11/2025 20:50,6559.77
11/11/2025 20:55,6463.67
11/11/2025 21:00,6318.42
11/11/2025 21:05,6111.3
11/11/2025 21:10,6097.17
11/11/2025 21:15,5936.98
11/11/2025 21:20,5874.16
11/11/2025 21:25,5895.37
11/11/2025 21:30,6104.21
11/11/2025 21:35,5842.77
11/11/2025 21:40,5823.74
11/11/2025 21:45,5919.38
11/11/2025 21:50,5842.17
11/11/2025 21:55,5696.03
11/11/2025 22:00,5574.14
11/11/2025 22:05,5699.53
11/11/2025 22:10,5593.07
11/11/2025 22:15,5558.43
11/11/2025 22:20,5487.84
11/11/2025 22:25,5487.95
11/11/2025 22:30,5402.26
11/11/2025 22:35,5338.73
11/11/2025 22:40,5375.74
11/11/2025 22:45,5316.73
11/11/2025 22:50,5109.64
11/11/2025 22:55,5466.27
11/11/2025 23:00,5174.35
11/11/2025 23:05,5102.34
11/11/2025 23:10,5177.28
11/11/2025 23:15,5093.51
11/11/2025 23:20,5052.97
11/11/2025 23:25,4916.09
11/11/2025 23:30,4916.93
11/11/2025 23:35,4941.41
11/11/2025 23:40,4909.35
11/11/2025 23:45,4933.87
11/11/2025 23:50,4838.55
11/11/2025 23:55,4534.59
12/11/2025 00:00,4606.26
12/11/2025 00:05,4528.97
12/11/2025 00:10,4703.89
12/11/2025 00:15,4595.09
12/11/2025 00:20,4644.93
12/11/2025 00:25,4549.54
12/11/2025 00:30,4700.61
12/11/2025 00:35,4425.08
12/11/2025 00:40,4429.63
12/11/2025 00:45,4441.86
12/11/2025 00:50,4417.59
12/11/2025 00:55,4508.44
12/11/2025 01:00,4355.42
12/11/2025 01:05,4511.98
12/11/2025 01:10,4461.91
12/11/2025 01:15,4411.94
12/11/2025 01:20,4313.53
12/11/2025 01:25,4464.23
12/11/2025 01:30,4296.62
12/11/2025 01:35,4364.26
12/11/2025 01:40,4197.71
12/11/2025 01:45,4166.3
12/11/2025 01:50,4293.42
12/11/2025 01:55,4161.37
12/11/2025 02:00,3944.57
12/11/2025 02:05,3743.7
12/11/2025 02:10,3817.61
12/11/2025 02:15,3755.36
12/11/2025 02:20,3870.01
12/11/2025 02:25,3908.03
12/11/2025 02:30,3753.79
12/11/2025 02:35,4028.97
12/11/2025 02:40,3852.98
12/11/2025 02:45,3642.06
12/11/2025 02:50,3772.17
12/11/2025 02:55,3821.43
12/11/2025 03:00,3696.48
12/11/2025 03:05,3535.72
12/11/2025 03:10,3765.45
12/11/2025 03:15,3772.74
12/11/2025 03:20,3879.41
12/11/2025 03:25,3707.26
12/11/2025 03:30,3747.99
12/11/2025 03:35,3758.7
12/11/2025 03:40,3760.98
12/11/2025 03:45,3712.67
12/11/2025 03:50,3639.34
12/11/2025 03:55,3840.76
12/11/2025 04:00,3897.61
12/11/2025 04:05,3843.45
12/11/2025 04:10,3753.19
12/11/2025 04:15,3810.52
12/11/2025 04:20,3920.8
12/11/2025 04:25,3754.36
12/11/2025 04:30,3731.3
12/11/2025 04:35,3797.85
12/11/2025 04:40,3846.75
12/11/2025 04:45,3781.82
12/11/2025 04:50,3940.39
12/11/2025 04:55,3839.84
12/11/2025 05:00,4265.54
12/11/2025 05:05,4263.04
12/11/2025 05:10,4042.31
12/11/2025 05:15,4252.59
12/11/2025 05:20,4182.01
12/11/2025 05:25,4207.75
12/11/2025 05:30,4297.01
12/11/2025 05:35,4259.55
12/11/2025 05:40,4217.27
12/11/2025 05:45,4295.18
12/11/2025 05:50,4435.93
12/11/2025 05:55,4498.2
12/11/2025 06:00,4526.02
12/11/2025 06:05,4312.15
12/11/2025 06:10,4627.45
12/11/2025 06:15,4475.23
12/11/2025 06:20,4747.82
12/11/2025 06:25,4588.68
12/11/2025 06:30,4754.46
12/11/2025 06:35,4575.66
12/11/2025 06:40,4668.67
12/11/2025 06:45,4708.14
12/11/2025 06:50,4593.59
12/11/2025 06:55,4723.8
12/11/2025 07:00,4857.22
12/11/2025 07:05,4928.39
12/11/2025 07:10,4955.63
12/11/2025 07:15,5010.2
12/11/2025 07:20,5111.74
12/11/2025 07:25,5018.76
12/11/2025 07:30,5100.19
12/11/2025 07:35,5189.73
12/11/2025 07:40,5201.38
12/11/2025 07:45,5300.06
12/11/2025 07:50,5381.82
12/11/2025 07:55,5376.76
12/11/2025 08:00,5435.76
12/11/2025 08:05,5520.78
12/11/2025 08:10,5436.23
12/11/2025 08:15,5379.53
12/11/2025 08:20,5617.07
12/11/2025 08:25,5467.11
12/11/2025 08:30,5587.78
12/11/2025 08:35,5600.55
12/11/2025 08:40,5582.69
12/11/2025 08:45,5696.71
12/11/2025 08:50,5745.48
12/11/2025 08:55,5885.2
12/11/2025 09:00,5729.91
12/11/2025 09:05,5628.76
12/11/2025 09:10,5814.91
12/11/2025 09:15,5845.18
12/11/2025 09:20,5700.62
12/11/2025 09:25,5860.22
12/11/2025 09:30,5883.58
12/11/2025 09:35,5901.92
12/11/2025 09:40,5791.62
12/11/2025 09:45,5862.83
12/11/2025 09:50,5914.7
12/11/2025 09:55,5923.12
12/11/2025 10:00,5869.85
12/11/2025 10:05,5946.24
12/11/2025 10:10,5882.17
12/11/2025 10:15,5882.85
12/11/2025 10:20,6017.89
12/11/2025 10:25,6019.5
12/11/2025 10:30,5967.95
12/11/2025 10:35,5921.07
12/11/2025 10:40,5903.01
12/11/2025 10:45,5965.36
12/11/2025 10:50,6029.87
12/11/2025 10:55,5895.7
12/11/2025 11:00,6116.29
12/11/2025 11:05,5864.62
12/11/2025 11:10,5976.13
12/11/2025 11:15,5933.15
12/11/2025 11:20,5881.43
12/11/2025 11:25,5910.8
12/11/2025 11:30,5745.57
12/11/2025 11:35,5896.39
12/11/2025 11:40,5777.41
12/11/2025 11:45,5894.32
12/11/2025 11:50,5793.3
12/11/2025 11:55,5620.35
12/11/2025 12:00,5571.67
12/11/2025 12:05,5697.83
12/11/2025 12:10,5583.17
12/11/2025 12:15,5817.4
12/11/2025 12:20,5709.93
12/11/2025 12:25,5651.56
12/11/2025 12:30,5618.9
12/11/2025 12:35,5639.5
12/11/2025 12:40,5604.01
12/11/2025 12:45,5777.17
12/11/2025 12:50,5621.94
12/11/2025 12:55,5584.64
12/11/2025 13:00,5410.03
12/11/2025 13:05,5549.79
12/11/2025 13:10,5665.81
12/11/2025 13:15,5481.19
12/11/2025 13:20,5471.62
12/11/2025 13:25,5618.36
12/11/2025 13:30,5505.46
12/11/2025 13:35,5576.84
12/11/2025 13:40,5508.94
12/11/2025 13:45,5571.24
12/11/2025 13:50,5520.52
12/11/2025 13:55,5481.15
12/11/2025 14:00,5506.5
12/11/2025 14:05,5431.04
12/11/2025 14:10,5349.36
12/11/2025 14:15,5537.89
12/11/2025 14:20,5567.9
12/11/2025 14:25,5546.32
12/11/2025 14:30,5591.11
12/11/2025 14:35,5435.53
12/11/2025 14:40,5423.21
12/11/2025 14:45,5527.17
12/11/2025 14:50,5529.44
12/11/2025 14:55,5514.74
12/11/2025 15:00,5526.4
12/11/2025 15:05,5538.81
12/11/2025 15:10,5521.88
12/11/2025 15:15,5435.59
12/11/2025 15:20,5545.03
12/11/2025 15:25,5588.42
12/11/2025 15:30,5716.7
12/11/2025 15:35,5546.94
12/11/2025 15:40,5536.3
12/11/2025 15:45,5766.58
12/11/2025 15:50,5723.39
12/11/2025 15:55,5701.16
12/11/2025 16:00,5708.0
12/11/2025 16:05,5698.03
12/11/2025 16:10,5733.25
12/11/2025 16:15,5744.68
12/11/2025 16:20,5786.29
12/11/2025 16:25,5701.53
12/11/2025 16:30,5953.2
12/11/2025 16:35,5790.92
12/11/2025 16:40,5768.37
12/11/2025 16:45,5827.31
12/11/2025 16:50,5771.98
12/11/2025 16:55,5819.6
12/11/2025 17:00,5740.23
12/11/2025 17:05,5842.35
12/11/2025 17:10,5995.96
12/11/2025 17:15,5856.95
12/11/2025 17:20,6018.47
12/11/2025 17:25,5777.82
12/11/2025 17:30,5894.46
12/11/2025 17:35,5905.89
12/11/2025 17:40,5832.37
12/11/2025 17:45,6084.77
12/11/2025 17:50,5991.19
12/11/2025 17:55,6057.16
12/11/2025 18:00,6479.44
12/11/2025 18:05,6589.89
12/11/2025 18:10,6471.08
12/11/2025 18:15,6537.36
12/11/2025 18:20,6661.53
12/11/2025 18:25,6773.57
12/11/2025 18:30,6635.63
12/11/2025 18:35,6725.29
12/11/2025 18:40,6716.46
12/11/2025 18:45,6852.85
12/11/2025 18:50,6734.52
12/11/2025 18:55,6796.07
12/11/2025 19:00,6769.29
12/11/2025 19:05,6970.02
12/11/2025 19:10,6939.25
12/11/2025 19:15,6736.63
12/11/2025 19:20,6937.72
12/11/2025 19:25,6829.55
12/11/2025 19:30,6926.92
12/11/2025 19:35,6764.46
12/11/2025 19:40,6882.42
12/11/2025 19:45,7064.26
12/11/2025 19:50,6729.95
12/11/2025 19:55,6852.97
12/11/2025 20:00,6848.64
12/11/2025 20:05,6793.43
12/11/2025 20:10,6797.31
12/11/2025 20:15,6698.46
12/11/2025 20:20,6831.25
12/11/2025 20:25,6839.49
12/11/2025 20:30,6590.06
12/11/2025 20:35,6601.4
12/11/2025 20:40,6673.25
12/11/2025 20:45,6720.94
12/11/2025 20:50,6459.53
12/11/2025 20:55,6361.41
12/11/2025 21:00,6214.26
12/11/2025 21:05,6223.46
12/11/2025 21:10,6221.96
12/11/2025 21:15,6097.69
12/11/2025 21:20,6036.17
12/11/2025 21:25,5952.0
12/11/2025 21:30,5974.29
12/11/2025 21:35,5927.03
12/11/2025 21:40,5917.2
12/11/2025 21:45,5822.0
12/11/2025 21:50,5783.08
12/11/2025 21:55,5802.71
12/11/2025 22:00,5669.52
12/11/2025 22:05,5748.59
12/11/2025 22:10,5712.11
12/11/2025 22:15,5561.06
12/11/2025 22:20,5506.37
12/11/2025 22:25,5419.94
12/11/2025 22:30,5553.02
12/11/2025 22:35,5435.05
12/11/2025 22:40,5426.82
12/11/2025 22:45,5488.13
12/11/2025 22:50,5311.92
12/11/2025 22:55,5283.11
12/11/2025 23:00,5151.21
12/11/2025 23:05,5158.69
12/11/2025 23:10,5140.14
12/11/2025 23:15,4981.24
12/11/2025 23:20,5050.6
12/11/2025 23:25,4886.18
12/11/2025 23:30,5070.87
12/11/2025 23:35,4897.48
12/11/2025 23:40,4743.32
12/11/2025 23:45,4806.41
12/11/2025 23:50,4831.57
12/11/2025 23:55,4756.88
13/11/2025 00:00,4624.42
13/11/2025 00:05,4714.4
13/11/2025 00:10,4595.22
13/11/2025 00:15,4540.99
13/11/2025 00:20,4577.42
13/11/2025 00:25,4488.33
13/11/2025 00:30,4561.03
13/11/2025 00:35,4599.77
13/11/2025 00:40,4593.67
13/11/2025 00:45,4426.52
13/11/2025 00:50,4366.65
13/11/2025 00:55,4406.64
13/11/2025 01:00,4472.4
13/11/2025 01:05,4462.0
13/11/2025 01:10,4404.41
13/11/2025 01:15,4367.43
13/11/2025 01:20,4374.02
13/11/2025 01:25,4329.88
13/11/2025 01:30,4288.27
13/11/2025 01:35,4251.75
13/11/2025 01:40,4266.59
13/11/2025 01:45,4178.52
13/11/2025 01:50,4340.99
13/11/2025 01:55,4182.52
13/11/2025 02:00,3796.34
13/11/2025 02:05,3915.33
13/11/2025 02:10,3811.41
13/11/2025 02:15,3832.1
13/11/2025 02:20,3713.37
13/11/2025 02:25,3754.33
13/11/2025 02:30,3728.67
13/11/2025 02:35,3824.11
13/11/2025 02:40,3854.82
13/11/2025 02:45,3726.55
13/11/2025 02:50,3787.59
13/11/2025 02:55,3940.85
13/11/2025 03:00,3860.32
13/11/2025 03:05,3776.84
13/11/2025 03:10,3813.16
13/11/2025 03:15,3736.57
13/11/2025 03:20,3707.85
13/11/2025 03:25,3752.61
13/11/2025 03:30,3848.42
13/11/2025 03:35,3776.53
13/11/2025 03:40,3946.89
13/11/2025 03:45,3678.64
13/11/2025 03:50,3754.94
13/11/2025 03:55,3825.87
13/11/2025 04:00,3692.17
13/11/2025 04:05,3795.71
13/11/2025 04:10,3767.92
13/11/2025 04:15,3875.57
13/11/2025 04:20,3900.51
13/11/2025 04:25,3756.36
13/11/2025 04:30,3797.63
13/11/2025 04:35,3820.16
13/11/2025 04:40,3735.02
13/11/2025 04:45,3955.31
13/11/2025 04:50,3778.31
13/11/2025 04:55,3708.88
13/11/2025 05:00,4112.55
13/11/2025 05:05,4106.73
13/11/2025 05:10,4101.21
13/11/2025 05:15,4250.8
13/11/2025 05:20,4156.22
13/11/2025 05:25,4320.41
13/11/2025 05:30,4200.18
13/11/2025 05:35,4180.64
13/11/2025 05:40,4195.32
13/11/2025 05:45,4275.46
13/11/2025 05:50,4319.75
13/11/2025 05:55,4304.98
13/11/2025 06:00,4422.19
13/11/2025 06:05,4407.25
13/11/2025 06:10,4543.12
13/11/2025 06:15,4443.29
13/11/2025 06:20,4561.8
13/11/2025 06:25,4613.73
13/11/2025 06:30,4648.85
13/11/2025 06:35,4609.6
13/11/2025 06:40,4631.95
13/11/2025 06:45,4662.61
13/11/2025 06:50,4745.15
13/11/2025 06:55,4831.96
13/11/2025 07:00,4834.52
13/11/2025 07:05,4806.26
13/11/2025 07:10,4952.88
13/11/2025 07:15,5003.13
13/11/2025 07:20,4984.71
13/11/2025 07:25,5064.03
13/11/2025 07:30,5140.66
13/11/2025 07:35,5239.51
13/11/2025 07:40,5170.96
13/11/2025 07:45,5134.79
13/11/2025 07:50,5196.86
13/11/2025 07:55,5414.38
13/11/2025 08:00,5248.42
13/11/2025 08:05,5424.82
13/11/2025 08:10,5324.06
13/11/2025 08:15,5532.6
13/11/2025 08:20,5551.38
13/11/2025 08:25,5574.87
13/11/2025 08:30,5783.37
13/11/2025 08:35,5526.46
13/11/2025 08:40,5732.67
13/11/2025 08:45,5840.02
13/11/2025 08:50,5894.85
13/11/2025 08:55,5827.49
13/11/2025 09:00,5654.73
13/11/2025 09:05,5805.41
13/11/2025 09:10,5717.98
13/11/2025 09:15,5839.21
13/11/2025 09:20,5972.66
13/11/2025 09:25,5603.8
13/11/2025 09:30,5822.85
13/11/2025 09:35,5764.42
13/11/2025 09:40,5847.82
13/11/2025 09:45,5953.45
13/11/2025 09:50,5942.66
13/11/2025 09:55,5883.29
13/11/2025 10:00,6058.96
13/11/2025 10:05,5941.79
13/11/2025 10:10,5789.16
13/11/2025 10:15,5910.83
13/11/2025 10:20,5889.07
13/11/2025 10:25,5985.79
13/11/2025 10:30,5947.17
13/11/2025 10:35,5955.31
13/11/2025 10:40,5892.29
13/11/2025 10:45,5939.93
13/11/2025 10:50,6052.84
13/11/2025 10:55,5883.0
13/11/2025 11:00,5959.22
13/11/2025 11:05,5892.57
13/11/2025 11:10,5913.12
13/11/2025 11:15,5887.76
13/11/2025 11:20,5908.76
13/11/2025 11:25,5751.57
13/11/2025 11:30,5894.51
13/11/2025 11:35,5703.68
13/11/2025 11:40,5809.24
13/11/2025 11:45,5877.45
13/11/2025 11:50,5776.05
13/11/2025 11:55,5624.77
13/11/2025 12:00,5646.97
13/11/2025 12:05,5797.28
13/11/2025 12:10,5630.05
13/11/2025 12:15,5617.74
13/11/2025 12:20,5615.96
13/11/2025 12:25,5552.73
13/11/2025 12:30,5752.94
13/11/2025 12:35,5640.08
13/11/2025 12:40,5633.47
13/11/2025 12:45,5630.58
13/11/2025 12:50,5606.91
13/11/2025 12:55,5491.41
13/11/2025 13:00,5594.5
13/11/2025 13:05,5665.18
13/11/2025 13:10,5593.26
13/11/2025 13:15,5465.66
13/11/2025 13:20,5631.89
13/11/2025 13:25,5535.64
13/11/2025 13:30,5534.02
13/11/2025 13:35,5540.79
13/11/2025 13:40,5449.06
13/11/2025 13:45,5567.96
13/11/2025 13:50,5439.8
13/11/2025 13:55,5555.03
13/11/2025 14:00,5476.54
13/11/2025 14:05,5473.68
13/11/2025 14:10,5442.7
13/11/2025 14:15,5636.29
13/11/2025 14:20,5501.75
13/11/2025 14:25,5544.47
13/11/2025 14:30,5340.04
13/11/2025 14:35,5524.09
13/11/2025 14:40,5535.36
13/11/2025 14:45,5656.17
13/11/2025 14:50,5495.39
13/11/2025 14:55,5492.66
13/11/2025 15:00,5487.93
13/11/2025 15:05,5504.73
13/11/2025 15:10,5596.24
13/11/2025 15:15,5366.6
13/11/2025 15:20,5631.09
13/11/2025 15:25,5727.58
13/11/2025 15:30,5632.7
13/11/2025 15:35,5660.65
13/11/2025 15:40,5653.31
13/11/2025 15:45,5549.29
13/11/2025 15:50,5629.77
13/11/2025 15:55,5685.97
13/11/2025 16:00,5650.54
13/11/2025 16:05,5683.94
13/11/2025 16:10,5702.85
13/11/2025 16:15,5590.65
13/11/2025 16:20,5625.16
13/11/2025 16:25,5841.01
13/11/2025 16:30,5865.57
13/11/2025 16:35,5736.54
13/11/2025 16:40,5819.89
13/11/2025 16:45,5565.94
13/11/2025 16:50,5896.03
13/11/2025 16:55,5821.67
13/11/2025 17:00,5759.99
13/11/2025 17:05,5698.2
13/11/2025 17:10,6012.11
13/11/2025 17:15,5930.34
13/11/2025 17:20,5949.38
13/11/2025 17:25,6025.41
13/11/2025 17:30,6017.28
13/11/2025 17:35,6003.36
13/11/2025 17:40,5997.74
13/11/2025 17:45,6072.53
13/11/2025 17:50,5853.22
13/11/2025 17:55,6064.02
13/11/2025 18:00,6553.63
13/11/2025 18:05,6485.62
13/11/2025 18:10,6608.61
13/11/2025 18:15,6471.46
13/11/2025 18:20,6603.02
13/11/2025 18:25,6564.26
13/11/2025 18:30,6513.08
13/11/2025 18:35,6562.21
13/11/2025 18:40,6774.2
13/11/2025 18:45,6825.81
13/11/2025 18:50,6786.42
13/11/2025 18:55,6777.37
13/11/2025 19:00,6727.52
13/11/2025 19:05,6835.03
13/11/2025 19:10,6902.82
13/11/2025 19:15,6801.95
13/11/2025 19:20,6853.83
13/11/2025 19:25,6715.29
13/11/2025 19:30,6991.97
13/11/2025 19:35,6847.45
13/11/2025 19:40,6801.78
13/11/2025 19:45,6775.62
13/11/2025 19:50,6879.93
13/11/2025 19:55,6981.51
13/11/2025 20:00,6729.75
13/11/2025 20:05,6844.68
13/11/2025 20:10,6686.89
13/11/2025 20:15,6735.51
13/11/2025 20:20,6779.9
13/11/2025 20:25,6667.25
13/11/2025 20:30,6765.72
13/11/2025 20:35,6670.0
13/11/2025 20:40,6749.54
13/11/2025 20:45,6533.45
13/11/2025 20:50,6518.39
13/11/2025 20:55,6579.29
13/11/2025 21:00,6184.36
13/11/2025 21:05,6132.83
13/11/2025 21:10,6045.24
13/11/2025 21:15,5890.95
13/11/2025 21:20,6034.76
13/11/2025 21:25,5946.01
13/11/2025 21:30,5958.51
13/11/2025 21:35,5894.8
13/11/2025 21:40,5781.54
13/11/2025 21:45,5762.84
13/11/2025 21:50,5820.03
13/11/2025 21:55,5679.84
13/11/2025 22:00,5707.6
13/11/2025 22:05,5776.23
13/11/2025 22:10,5584.76
13/11/2025 22:15,5523.78
13/11/2025 22:20,5484.89
13/11/2025 22:25,5501.09
13/11/2025 22:30,5440.53
13/11/2025 22:35,5490.26
13/11/2025 22:40,5445.13
13/11/2025 22:45,5402.39
13/11/2025 22:50,5244.82
13/11/2025 22:55,5158.25
13/11/2025 23:00,5159.49
13/11/2025 23:05,5204.43
13/11/2025 23:10,5190.08
13/11/2025 23:15,5087.51
13/11/2025 23:20,5016.92
13/11/2025 23:25,5094.38
13/11/2025 23:30,5039.82
13/11/2025 23:35,4783.39
13/11/2025 23:40,4808.07
13/11/2025 23:45,4929.13
13/11/2025 23:50,4788.99
13/11/2025 23:55,4695.76
14/11/2025 00:00,4641.2
14/11/2025 00:05,4602.56
14/11/2025 00:10,4589.47
14/11/2025 00:15,4625.25
14/11/2025 00:20,4472.72
14/11/2025 00:25,4506.42
14/11/2025 00:30,4658.06
14/11/2025 00:35,4594.62
14/11/2025 00:40,4500.86
14/11/2025 00:45,4496.48
14/11/2025 00:50,4368.1
14/11/2025 00:55,4425.34
14/11/2025 01:00,4454.46
14/11/2025 01:05,4414.09
14/11/2025 01:10,4388.79
14/11/2025 01:15,4377.37
14/11/2025 01:20,4288.43
14/11/2025 01:25,4191.07
14/11/2025 01:30,4355.98
14/11/2025 01:35,4209.11
14/11/2025 01:40,4238.23
14/11/2025 01:45,4261.58
14/11/2025 01:50,4128.17
14/11/2025 01:55,4156.22
14/11/2025 02:00,3865.73
14/11/2025 02:05,3878.11
14/11/2025 02:10,3911.91
14/11/2025 02:15,3721.48
14/11/2025 02:20,3675.02
14/11/2025 02:25,3819.98
14/11/2025 02:30,3878.92
14/11/2025 02:35,3756.97
14/11/2025 02:40,3791.21
14/11/2025 02:45,3780.07
14/11/2025 02:50,3715.0
14/11/2025 02:55,3727.42
14/11/2025 03:00,3875.72
14/11/2025 03:05,3678.28
14/11/2025 03:10,3850.17
14/11/2025 03:15,3898.51
14/11/2025 03:20,3768.03
14/11/2025 03:25,3739.81
14/11/2025 03:30,3914.09
14/11/2025 03:35,3770.06
14/11/2025 03:40,3827.93
14/11/2025 03:45,3788.91
14/11/2025 03:50,3833.68
14/11/2025 03:55,3980.31
14/11/2025 04:00,3987.29
14/11/2025 04:05,3806.49
14/11/2025 04:10,3770.22
14/11/2025 04:15,3877.94
14/11/2025 04:20,3942.78
14/11/2025 04:25,3832.02
14/11/2025 04:30,3841.02
14/11/2025 04:35,3757.42
14/11/2025 04:40,3766.77
14/11/2025 04:45,3873.98
14/11/2025 04:50,3908.97
14/11/2025 04:55,3691.49
14/11/2025 05:00,4109.36
14/11/2025 05:05,3954.55
14/11/2025 05:10,4234.97
14/11/2025 05:15,4231.86
14/11/2025 05:20,4143.74
14/11/2025 05:25,4235.46
14/11/2025 05:30,4237.43
14/11/2025 05:35,4065.58
14/11/2025 05:40,4309.5
14/11/2025 05:45,4230.34
14/11/2025 05:50,4408.43
14/11/2025 05:55,4290.61
14/11/2025 06:00,4353.25
14/11/2025 06:05,4315.18
14/11/2025 06:10,4538.79
14/11/2025 06:15,4572.73
14/11/2025 06:20,4529.33
14/11/2025 06:25,4618.82
14/11/2025 06:30,4573.53
14/11/2025 06:35,4674.53
14/11/2025 06:40,4598.5
14/11/2025 06:45,4772.68
14/11/2025 06:50,4853.68
14/11/2025 06:55,4844.94
14/11/2025 07:00,4950.97
14/11/2025 07:05,4825.49
14/11/2025 07:10,4884.73
14/11/2025 07:15,4865.66
14/11/2025 07:20,4904.44
14/11/2025 07:25,5114.17
14/11/2025 07:30,5043.21
14/11/2025 07:35,5200.43
14/11/2025 07:40,5131.47
14/11/2025 07:45,5165.84
14/11/2025 07:50,5431.8
14/11/2025 07:55,5336.16
14/11/2025 08:00,5352.99
14/11/2025 08:05,5414.82
14/11/2025 08:10,5356.46
14/11/2025 08:15,5458.95
14/11/2025 08:20,5388.49
14/11/2025 08:25,5641.57
14/11/2025 08:30,5679.49
14/11/2025 08:35,5651.07
14/11/2025 08:40,5699.57
14/11/2025 08:45,5871.1
14/11/2025 08:50,5753.59
14/11/2025 08:55,5940.39
14/11/2025 09:00,5809.85
14/11/2025 09:05,5790.92
14/11/2025 09:10,5763.13
14/11/2025 09:15,5715.74
14/11/2025 09:20,5840.14
14/11/2025 09:25,5781.01
14/11/2025 09:30,5919.59
14/11/2025 09:35,5886.98
14/11/2025 09:40,5753.0
14/11/2025 09:45,5903.26
14/11/2025 09:50,5896.85
14/11/2025 09:55,5930.59
14/11/2025 10:00,5826.2
14/11/2025 10:05,5976.64
14/11/2025 10:10,5854.83
14/11/2025 10:15,6001.79
14/11/2025 10:20,5950.19
14/11/2025 10:25,5856.16
14/11/2025 10:30,6028.77
14/11/2025 10:35,5904.91
14/11/2025 10:40,5991.74
14/11/2025 10:45,6062.02
14/11/2025 10:50,5975.74
14/11/2025 10:55,5939.45
14/11/2025 11:00,5841.29
14/11/2025 11:05,5807.58
14/11/2025 11:10,5749.07
14/11/2025 11:15,5902.93
14/11/2025 11:20,5917.81
14/11/2025 11:25,5820.92
14/11/2025 11:30,5799.99
14/11/2025 11:35,5721.66
14/11/2025 11:40,5969.58
14/11/2025 11:45,5798.64
14/11/2025 11:50,5854.77
14/11/2025 11:55,5642.99
14/11/2025 12:00,5728.12
14/11/2025 12:05,5639.78
14/11/2025 12:10,5657.88
14/11/2025 12:15,5674.35
14/11/2025 12:20,5530.25
14/11/2025 12:25,5626.65
14/11/2025 12:30,5536.49
14/11/2025 12:35,5605.92
14/11/2025 12:40,5684.4
14/11/2025 12:45,5547.85
14/11/2025 12:50,5612.62
14/11/2025 12:55,5690.4
14/11/2025 13:00,5489.53
14/11/2025 13:05,5502.55
14/11/2025 13:10,5629.97
14/11/2025 13:15,5572.69
14/11/2025 13:20,5574.09
14/11/2025 13:25,5617.16
14/11/2025 13:30,5602.04
14/11/2025 13:35,5434.95
14/11/2025 13:40,5502.1
14/11/2025 13:45,5552.52
14/11/2025 13:50,5610.47
14/11/2025 13:55,5610.41
14/11/2025 14:00,5565.32
14/11/2025 14:05,5571.48
14/11/2025 14:10,5515.74
14/11/2025 14:15,5418.83
14/11/2025 14:20,5418.03
14/11/2025 14:25,5566.84
14/11/2025 14:30,5342.97
14/11/2025 14:35,5491.57
14/11/2025 14:40,5530.6
14/11/2025 14:45,5438.49
14/11/2025 14:50,5626.59
14/11/2025 14:55,5503.56
14/11/2025 15:00,5417.71
14/11/2025 15:05,5435.72
14/11/2025 15:10,5447.46
14/11/2025 15:15,5499.39
14/11/2025 15:20,5456.83
14/11/2025 15:25,5743.73
14/11/2025 15:30,5567.33
14/11/2025 15:35,5537.62
14/11/2025 15:40,5703.23
14/11/2025 15:45,5700.45
14/11/2025 15:50,5639.85
14/11/2025 15:55,5692.02
14/11/2025 16:00,5588.41
14/11/2025 16:05,5722.7
14/11/2025 16:10,5829.47
14/11/2025 16:15,5671.32
14/11/2025 16:20,5719.41
14/11/2025 16:25,5658.39
14/11/2025 16:30,5808.6
14/11/2025 16:35,5788.01
14/11/2025 16:40,5764.1
14/11/2025 16:45,5799.31
14/11/2025 16:50,5963.64
14/11/2025 16:55,5842.85
14/11/2025 17:00,5953.7
14/11/2025 17:05,5911.96
14/11/2025 17:10,5926.41
14/11/2025 17:15,5955.35
14/11/2025 17:20,5877.83
14/11/2025 17:25,6100.99
14/11/2025 17:30,5841.21
14/11/2025 17:35,5955.62
14/11/2025 17:40,6027.18
14/11/2025 17:45,5977.38
14/11/2025 17:50,6040.91
14/11/2025 17:55,6040.67
14/11/2025 18:00,6589.69
14/11/2025 18:05,6583.51
14/11/2025 18:10,6579.58
14/11/2025 18:15,6679.38
14/11/2025 18:20,6635.68
14/11/2025 18:25,6735.78
14/11/2025 18:30,6709.07
14/11/2025 18:35,6692.54
14/11/2025 18:40,6796.69
14/11/2025 18:45,6797.19
14/11/2025 18:50,6633.1
14/11/2025 18:55,6751.75
14/11/2025 19:00,6785.98
14/11/2025 19:05,6855.57
14/11/2025 19:10,6934.78
14/11/2025 19:15,6857.22
14/11/2025 19:20,6781.74
14/11/2025 19:25,6799.3
14/11/2025 19:30,6839.4
14/11/2025 19:35,6950.77
14/11/2025 19:40,6979.58
14/11/2025 19:45,6934.44
14/11/2025 19:50,6678.06
14/11/2025 19:55,6815.3
14/11/2025 20:00,6839.05
14/11/2025 20:05,6740.67
14/11/2025 20:10,6768.05
14/11/2025 20:15,6898.32
14/11/2025 20:20,6579.0
14/11/2025 20:25,6685.51
14/11/2025 20:30,6751.33
14/11/2025 20:35,6687.46
14/11/2025 20:40,6706.93
14/11/2025 20:45,6727.98
14/11/2025 20:50,6525.51
14/11/2025 20:55,6560.27
14/11/2025 21:00,6223.84
14/11/2025 21:05,6234.76
14/11/2025 21:10,6184.85
14/11/2025 21:15,6077.95
14/11/2025 21:20,6014.64
14/11/2025 21:25,5905.98
14/11/2025 21:30,5946.18
14/11/2025 21:35,5822.88
14/11/2025 21:40,5829.79
14/11/2025 21:45,5861.24
14/11/2025 21:50,5763.61
14/11/2025 21:55,5747.2
14/11/2025 22:00,5785.98
14/11/2025 22:05,5861.87
14/11/2025 22:10,5664.49
14/11/2025 22:15,5610.01
14/11/2025 22:20,5525.63
14/11/2025 22:25,5460.74
14/11/2025 22:30,5521.43
14/11/2025 22:35,5277.22
14/11/2025 22:40,5304.01
14/11/2025 22:45,5270.05
14/11/2025 22:50,5418.58
14/11/2025 22:55,5277.49
14/11/2025 23:00,5237.67
14/11/2025 23:05,5128.92
14/11/2025 23:10,5157.15
14/11/2025 23:15,5078.62
14/11/2025 23:20,5000.06
14/11/2025 23:25,5030.23
14/11/2025 23:30,4943.22
14/11/2025 23:35,4969.17
14/11/2025 23:40,4912.9
14/11/2025 23:45,4737.42
14/11/2025 23:50,4743.24
14/11/2025 23:55,4882.54
15/11/2025 00:00,4409.17
15/11/2025 00:05,4382.42
15/11/2025 00:10,4350.07
15/11/2025 00:15,4174.05
15/11/2025 00:20,4404.52
15/11/2025 00:25,4334.28
15/11/2025 00:30,4253.89
15/11/2025 00:35,4296.56
15/11/2025 00:40,4197.61
15/11/2025 00:45,4203.17
15/11/2025 00:50,4318.61
15/11/2025 00:55,4203.12
15/11/2025 01:00,4030.76
15/11/2025 01:05,4211.29
15/11/2025 01:10,4022.79
15/11/2025 01:15,4131.93
15/11/2025 01:20,4091.84
15/11/2025 01:25,4106.38
15/11/2025 01:30,4195.05
15/11/2025 01:35,4115.28
15/11/2025 01:40,3892.09
15/11/2025 01:45,4003.26
15/11/2025 01:50,3975.32
15/11/2025 01:55,3924.56
15/11/2025 02:00,3551.13
15/11/2025 02:05,3624.48
15/11/2025 02:10,3570.85
15/11/2025 02:15,3365.0
15/11/2025 02:20,3554.88
15/11/2025 02:25,3467.61
15/11/2025 02:30,3511.19
15/11/2025 02:35,3501.58
15/11/2025 02:40,3476.89
15/11/2025 02:45,3516.98
15/11/2025 02:50,3482.16
15/11/2025 02:55,3366.33
15/11/2025 03:00,3598.55
15/11/2025 03:05,3515.97
15/11/2025 03:10,3462.76
15/11/2025 03:15,3631.9
15/11/2025 03:20,3449.11
15/11/2025 03:25,3622.59
15/11/2025 03:30,3595.43
15/11/2025 03:35,3467.95
15/11/2025 03:40,3459.22
15/11/2025 03:45,3696.71
15/11/2025 03:50,3543.76
15/11/2025 03:55,3465.43
15/11/2025 04:00,3613.74
15/11/2025 04:05,3670.59
15/11/2025 04:10,3480.15
15/11/2025 04:15,3477.25
15/11/2025 04:20,3568.03
15/11/2025 04:25,3627.39
15/11/2025 04:30,3542.17
15/11/2025 04:35,3506.43
15/11/2025 04:40,3626.43
15/11/2025 04:45,3545.22
15/11/2025 04:50,3595.18
15/11/2025 04:55,3523.26
15/11/2025 05:00,3688.27
15/11/2025 05:05,3838.87
15/11/2025 05:10,3793.94
15/11/2025 05:15,3896.48
15/11/2025 05:20,3917.03
15/11/2025 05:25,4103.2
15/11/2025 05:30,4008.61
15/11/2025 05:35,3943.77
15/11/2025 05:40,4000.05
15/11/2025 05:45,4092.14
15/11/2025 05:50,4064.45
15/11/2025 05:55,4160.22
15/11/2025 06:00,4240.43
15/11/2025 06:05,4084.93
15/11/2025 06:10,4275.35
15/11/2025 06:15,4173.47
15/11/2025 06:20,4159.7
15/11/2025 06:25,4370.09
15/11/2025 06:30,4322.63
15/11/2025 06:35,4415.72
15/11/2025 06:40,4295.46
15/11/2025 06:45,4455.9
15/11/2025 06:50,4589.02
15/11/2025 06:55,4517.89
15/11/2025 07:00,4686.79
15/11/2025 07:05,4650.99
15/11/2025 07:10,4700.88
15/11/2025 07:15,4736.3
15/11/2025 07:20,4619.32
15/11/2025 07:25,4799.08
15/11/2025 07:30,4753.23
15/11/2025 07:35,4950.91
15/11/2025 07:40,4816.99
15/11/2025 07:45,4980.24
15/11/2025 07:50,4846.97
15/11/2025 07:55,5123.73
15/11/2025 08:00,5221.0
15/11/2025 08:05,5237.18
15/11/2025 08:10,5312.45
15/11/2025 08:15,5150.52
15/11/2025 08:20,5268.89
15/11/2025 08:25,5229.9
15/11/2025 08:30,5339.3
15/11/2025 08:35,5486.14
15/11/2025 08:40,5522.47
15/11/2025 08:45,5501.74
15/11/2025 08:50,5418.6
15/11/2025 08:55,5661.77
15/11/2025 09:00,5435.75
15/11/2025 09:05,5466.89
15/11/2025 09:10,5477.55
15/11/2025 09:15,5543.34
15/11/2025 09:20,5650.5
15/11/2025 09:25,5424.13
15/11/2025 09:30,5529.75
15/11/2025 09:35,5634.68
15/11/2025 09:40,5592.66
15/11/2025 09:45,5712.5
15/11/2025 09:50,5615.56
15/11/2025 09:55,5506.72
15/11/2025 10:00,5714.71
15/11/2025 10:05,5786.58
15/11/2025 10:10,5611.12
15/11/2025 10:15,5653.22
15/11/2025 10:20,5715.71
15/11/2025 10:25,5641.95
15/11/2025 10:30,5695.93
15/11/2025 10:35,5725.95
15/11/2025 10:40,5751.77
15/11/2025 10:45,5650.31
15/11/2025 10:50,5616.17
15/11/2025 10:55,5651.42
15/11/2025 11:00,5655.83
15/11/2025 11:05,5658.3
15/11/2025 11:10,5679.72
15/11/2025 11:15,5649.84
15/11/2025 11:20,5556.98
15/11/2025 11:25,5722.47
15/11/2025 11:30,5713.84
15/11/2025 11:35,5605.02
15/11/2025 11:40,5566.42
15/11/2025 11:45,5568.95
15/11/2025 11:50,5389.81
15/11/2025 11:55,5322.23
15/11/2025 12:00,5204.09
15/11/2025 12:05,5250.23
15/11/2025 12:10,5292.12
15/11/2025 12:15,5497.67
15/11/2025 12:20,5440.92
15/11/2025 12:25,5355.54
15/11/2025 12:30,5295.17
15/11/2025 12:35,5399.27
15/11/2025 12:40,5408.97
15/11/2025 12:45,5451.65
15/11/2025 12:50,5517.49
15/11/2025 12:55,5370.66
15/11/2025 13:00,5149.13
15/11/2025 13:05,5186.41
15/11/2025 13:10,5366.34
15/11/2025 13:15,5284.67
15/11/2025 13:20,5360.94
15/11/2025 13:25,5461.62
15/11/2025 13:30,5217.63
15/11/2025 13:35,5282.44
15/11/2025 13:40,5262.14
15/11/2025 13:45,5386.76
15/11/2025 13:50,5252.51
15/11/2025 13:55,5098.3
15/11/2025 14:00,5407.46
15/11/2025 14:05,5356.64
15/11/2025 14:10,5245.63
15/11/2025 14:15,5225.24
15/11/2025 14:20,5203.44
15/11/2025 14:25,5336.58
15/11/2025 14:30,5308.39
15/11/2025 14:35,5274.16
15/11/2025 14:40,5292.05
15/11/2025 14:45,5305.02
15/11/2025 14:50,5384.62
15/11/2025 14:55,5159.67
15/11/2025 15:00,5116.64
15/11/2025 15:05,5200.89
15/11/2025 15:10,5494.86
15/11/2025 15:15,5220.85
15/11/2025 15:20,5330.54
15/11/2025 15:25,5158.42
15/11/2025 15:30,5185.12
15/11/2025 15:35,5299.8
15/11/2025 15:40,5352.56
15/11/2025 15:45,5470.81
15/11/2025 15:50,5297.51
15/11/2025 15:55,5291.85
15/11/2025 16:00,5467.24
15/11/2025 16:05,5414.52
15/11/2025 16:10,5500.34
15/11/2025 16:15,5486.7
15/11/2025 16:20,5488.62
15/11/2025 16:25,5489.79
15/11/2025 16:30,5679.14
15/11/2025 16:35,5440.92
15/11/2025 16:40,5544.39
15/11/2025 16:45,5574.06
15/11/2025 16:50,5496.91
15/11/2025 16:55,5590.32
15/11/2025 17:00,5617.61
15/11/2025 17:05,5564.38
15/11/2025 17:10,5696.66
15/11/2025 17:15,5666.77
15/11/2025 17:20,5615.82
15/11/2025 17:25,5678.05
15/11/2025 17:30,5707.59
15/11/2025 17:35,5728.35
15/11/2025 17:40,5628.39
15/11/2025 17:45,5702.31
15/11/2025 17:50,5719.34
15/11/2025 17:55,5851.17
15/11/2025 18:00,6274.35
15/11/2025 18:05,6256.97
15/11/2025 18:10,6382.83
15/11/2025 18:15,6382.31
15/11/2025 18:20,6372.97
15/11/2025 18:25,6319.05
15/11/2025 18:30,6465.83
15/11/2025 18:35,6526.29
15/11/2025 18:40,6469.48
15/11/2025 18:45,6497.07
15/11/2025 18:50,6538.83
15/11/2025 18:55,6473.18
15/11/2025 19:00,6684.78
15/11/2025 19:05,6530.04
15/11/2025 19:10,6571.53
15/11/2025 19:15,6656.71
15/11/2025 19:20,6652.57
15/11/2025 19:25,6669.89
15/11/2025 19:30,6624.53
15/11/2025 19:35,6690.32
15/11/2025 19:40,6507.17
15/11/2025 19:45,6556.77
15/11/2025 19:50,6558.82
15/11/2025 19:55,6553.62
15/11/2025 20:00,6708.52
15/11/2025 20:05,6445.69
15/11/2025 20:10,6522.8
15/11/2025 20:15,6442.37
15/11/2025 20:20,6643.22
15/11/2025 20:25,6402.7
15/11/2025 20:30,6531.99
15/11/2025 20:35,6448.65
15/11/2025 20:40,6343.82
15/11/2025 20:45,6463.56
15/11/2025 20:50,6293.31
15/11/2025 20:55,6191.89
15/11/2025 21:00,5964.55
15/11/2025 21:05,5887.74
15/11/2025 21:10,5954.82
15/11/2025 21:15,5956.94
15/11/2025 21:20,5945.7
15/11/2025 21:25,5777.83
15/11/2025 21:30,5714.24
15/11/2025 21:35,5744.87
15/11/2025 21:40,5659.23
15/11/2025 21:45,5529.99
15/11/2025 21:50,5516.52
15/11/2025 21:55,5542.19
15/11/2025 22:00,5535.8
15/11/2025 22:05,5370.18
15/11/2025 22:10,5326.73
15/11/2025 22:15,5230.55
15/11/2025 22:20,5324.58
15/11/2025 22:25,5044.31
15/11/2025 22:30,5158.62
15/11/2025 22:35,5044.98
15/11/2025 22:40,5061.29
15/11/2025 22:45,4867.34
15/11/2025 22:50,5158.3
15/11/2025 22:55,4981.2
15/11/2025 23:00,4839.85
15/11/2025 23:05,4813.39
15/11/2025 23:10,4865.35
15/11/2025 23:15,4864.08
15/11/2025 23:20,4745.71
15/11/2025 23:25,4717.12
15/11/2025 23:30,4647.43
15/11/2025 23:35,4623.53
15/11/2025 23:40,4659.97
15/11/2025 23:45,4594.24
15/11/2025 23:50,4500.63
15/11/2025 23:55,4549.57
16/11/2025 00:00,4389.99
16/11/2025 00:05,4343.41
16/11/2025 00:10,4308.82
16/11/2025 00:15,4423.21
16/11/2025 00:20,4430.99
16/11/2025 00:25,4359.95
16/11/2025 00:30,4229.16
16/11/2025 00:35,4212.95
16/11/2025 00:40,4191.06
16/11/2025 00:45,4362.49
16/11/2025 00:50,4218.08
16/11/2025 00:55,4138.77
16/11/2025 01:00,4154.31
16/11/2025 01:05,4224.98
16/11/2025 01:10,4151.01
16/11/2025 01:15,4055.62
16/11/2025 01:20,4078.96
16/11/2025 01:25,4176.4
16/11/2025 01:30,4111.53
16/11/2025 01:35,4119.65
16/11/2025 01:40,4041.38
16/11/2025 01:45,4169.45
16/11/2025 01:50,3783.75
16/11/2025 01:55,4056.18
16/11/2025 02:00,3580.09
16/11/2025 02:05,3501.13
16/11/2025 02:10,3582.88
16/11/2025 02:15,3529.36
16/11/2025 02:20,3563.55
16/11/2025 02:25,3447.53
16/11/2025 02:30,3553.78
16/11/2025 02:35,3608.67
16/11/2025 02:40,3542.83
16/11/2025 02:45,3633.22
16/11/2025 02:50,3635.12
16/11/2025 02:55,3376.53
16/11/2025 03:00,3787.12
16/11/2025 03:05,3706.6
16/11/2025 03:10,3588.11
16/11/2025 03:15,3527.7
16/11/2025 03:20,3462.31
16/11/2025 03:25,3623.82
16/11/2025 03:30,3548.24
16/11/2025 03:35,3605.27
16/11/2025 03:40,3618.36
16/11/2025 03:45,3453.76
16/11/2025 03:50,3591.98
16/11/2025 03:55,3513.54
16/11/2025 04:00,3602.74
16/11/2025 04:05,3833.03
16/11/2025 04:10,3510.55
16/11/2025 04:15,3552.32
16/11/2025 04:20,3620.57
16/11/2025 04:25,3555.51
16/11/2025 04:30,3377.49
16/11/2025 04:35,3585.02
16/11/2025 04:40,3522.8
16/11/2025 04:45,3538.79
16/11/2025 04:50,3611.45
16/11/2025 04:55,3604.84
16/11/2025 05:00,3768.17
16/11/2025 05:05,3863.39
16/11/2025 05:10,3901.66
16/11/2025 05:15,4082.0
16/11/2025 05:20,3855.94
16/11/2025 05:25,3944.69
16/11/2025 05:30,4001.76
16/11/2025 05:35,3903.02
16/11/2025 05:40,4057.15
16/11/2025 05:45,4146.13
16/11/2025 05:50,4179.41
16/11/2025 05:55,4009.52
16/11/2025 06:00,4224.73
16/11/2025 06:05,4112.85
16/11/2025 06:10,4224.8
16/11/2025 06:15,4168.83
16/11/2025 06:20,4346.44
16/11/2025 06:25,4370.08
16/11/2025 06:30,4453.61
16/11/2025 06:35,4480.99
16/11/2025 06:40,4264.57
16/11/2025 06:45,4508.09
16/11/2025 06:50,4646.5
16/11/2025 06:55,4412.63
16/11/2025 07:00,4558.59
16/11/2025 07:05,4641.77
16/11/2025 07:10,4749.55
16/11/2025 07:15,4743.71
16/11/2025 07:20,4852.9
16/11/2025 07:25,4885.02
16/11/2025 07:30,4689.23
16/11/2025 07:35,4967.72
16/11/2025 07:40,4765.7
16/11/2025 07:45,5028.48
16/11/2025 07:50,5219.87
16/11/2025 07:55,5110.06
16/11/2025 08:00,5213.54
16/11/2025 08:05,5108.2
16/11/2025 08:10,5255.45
16/11/2025 08:15,5161.31
16/11/2025 08:20,5241.56
16/11/2025 08:25,5363.72
16/11/2025 08:30,5258.92
16/11/2025 08:35,5281.59
16/11/2025 08:40,5433.56
16/11/2025 08:45,5517.11
16/11/2025 08:50,5458.92
16/11/2025 08:55,5478.42
16/11/2025 09:00,5422.77
16/11/2025 09:05,5404.24
16/11/2025 09:10,5551.66
16/11/2025 09:15,5509.05
16/11/2025 09:20,5636.46
16/11/2025 09:25,5548.93
16/11/2025 09:30,5470.8
16/11/2025 09:35,5624.63
16/11/2025 09:40,5598.17
16/11/2025 09:45,5527.73
16/11/2025 09:50,5534.9
16/11/2025 09:55,5555.09
16/11/2025 10:00,5539.12
16/11/2025 10:05,5702.99
16/11/2025 10:10,5594.04
16/11/2025 10:15,5756.31
16/11/2025 10:20,5611.88
16/11/2025 10:25,5711.95
16/11/2025 10:30,5623.05
16/11/2025 10:35,5858.43
16/11/2025 10:40,5605.85
16/11/2025 10:45,5542.76
16/11/2025 10:50,5839.07
16/11/2025 10:55,5643.97
16/11/2025 11:00,5607.81
16/11/2025 11:05,5600.64
16/11/2025 11:10,5655.55
16/11/2025 11:15,5540.24
16/11/2025 11:20,5526.85
16/11/2025 11:25,5645.73
16/11/2025 11:30,5569.07
16/11/2025 11:35,5486.9
16/11/2025 11:40,5405.8
16/11/2025 11:45,5620.9
16/11/2025 11:50,5429.62
16/11/2025 11:55,5469.9
16/11/2025 12:00,5518.86
16/11/2025 12:05,5519.63
16/11/2025 12:10,5311.55
16/11/2025 12:15,5381.77
16/11/2025 12:20,5422.89
16/11/2025 12:25,5385.79
16/11/2025 12:30,5380.22
16/11/2025 12:35,5318.4
16/11/2025 12:40,5369.21
16/11/2025 12:45,5339.07
16/11/2025 12:50,5373.09
16/11/2025 12:55,5371.93
16/11/2025 13:00,5295.15
16/11/2025 13:05,5283.26
16/11/2025 13:10,5319.41
16/11/2025 13:15,5217.73
16/11/2025 13:20,5303.87
16/11/2025 13:25,5333.21
16/11/2025 13:30,5327.51
16/11/2025 13:35,5396.97
16/11/2025 13:40,5122.98
16/11/2025 13:45,5376.07
16/11/2025 13:50,5229.89
16/11/2025 13:55,5363.99
16/11/2025 14:00,5288.29
16/11/2025 14:05,5216.19
16/11/2025 14:10,5325.4
16/11/2025 14:15,5290.02
16/11/2025 14:20,5283.21
16/11/2025 14:25,5292.74
16/11/2025 14:30,5196.06
16/11/2025 14:35,4983.22
16/11/2025 14:40,5352.37
16/11/2025 14:45,5249.75
16/11/2025 14:50,5162.55
16/11/2025 14:55,5288.31
16/11/2025 15:00,5222.86
16/11/2025 15:05,5256.82
16/11/2025 15:10,5256.9
16/11/2025 15:15,5279.14
16/11/2025 15:20,5370.47
16/11/2025 15:25,5363.93
16/11/2025 15:30,5324.07
16/11/2025 15:35,5276.0
16/11/2025 15:40,5254.55
16/11/2025 15:45,5327.55
16/11/2025 15:50,5429.73
16/11/2025 15:55,5438.48
16/11/2025 16:00,5467.01
16/11/2025 16:05,5347.08
16/11/2025 16:10,5441.71
16/11/2025 16:15,5519.92
16/11/2025 16:20,5361.13
16/11/2025 16:25,5581.96
16/11/2025 16:30,5595.75
16/11/2025 16:35,5489.15
16/11/2025 16:40,5489.42
16/11/2025 16:45,5583.82
16/11/2025 16:50,5534.48
16/11/2025 16:55,5720.61
16/11/2025 17:00,5632.17
16/11/2025 17:05,5556.54
16/11/2025 17:10,5656.36
16/11/2025 17:15,5753.47
16/11/2025 17:20,5788.39
16/11/2025 17:25,5574.59
16/11/2025 17:30,5568.49
16/11/2025 17:35,5455.04
16/11/2025 17:40,5716.1
16/11/2025 17:45,5751.11
16/11/2025 17:50,5805.83
16/11/2025 17:55,5838.27
16/11/2025 18:00,6247.71
16/11/2025 18:05,6078.85
16/11/2025 18:10,6157.39
16/11/2025 18:15,6331.88
16/11/2025 18:20,6378.0
16/11/2025 18:25,6329.57
16/11/2025 18:30,6476.8
16/11/2025 18:35,6436.69
16/11/2025 18:40,6618.68
16/11/2025 18:45,6603.82
16/11/2025 18:50,6546.39
16/11/2025 18:55,6536.78
16/11/2025 19:00,6626.65
16/11/2025 19:05,6420.81
16/11/2025 19:10,6590.36
16/11/2025 19:15,6640.61
16/11/2025 19:20,6696.96
16/11/2025 19:25,6562.67
16/11/2025 19:30,6581.38
16/11/2025 19:35,6711.49
16/11/2025 19:40,6517.59
16/11/2025 19:45,6637.2
16/11/2025 19:50,6428.25
16/11/2025 19:55,6644.32
16/11/2025 20:00,6689.05
16/11/2025 20:05,6639.95
16/11/2025 20:10,6512.05
16/11/2025 20:15,6468.86
16/11/2025 20:20,6524.45
16/11/2025 20:25,6622.82
16/11/2025 20:30,6483.55
16/11/2025 20:35,6454.52
16/11/2025 20:40,6467.98
16/11/2025 20:45,6263.11
16/11/2025 20:50,6350.98
16/11/2025 20:55,6356.78
16/11/2025 21:00,5952.18
16/11/2025 21:05,5956.04
16/11/2025 21:10,5826.35
16/11/2025 21:15,5850.66
16/11/2025 21:20,5715.81
16/11/2025 21:25,5727.32
16/11/2025 21:30,5595.89
16/11/2025 21:35,5590.07
16/11/2025 21:40,5508.88
16/11/2025 21:45,5696.59
16/11/2025 21:50,5642.46
16/11/2025 21:55,5531.03
16/11/2025 22:00,5465.16
16/11/2025 22:05,5345.21
16/11/2025 22:10,5411.22
16/11/2025 22:15,5331.67
16/11/2025 22:20,5347.15
16/11/2025 22:25,5267.07
16/11/2025 22:30,5336.0
16/11/2025 22:35,5124.16
16/11/2025 22:40,5146.96
16/11/2025 22:45,5078.7
16/11/2025 22:50,5164.51
16/11/2025 22:55,5053.45
16/11/2025 23:00,4966.39
16/11/2025 23:05,4930.34
16/11/2025 23:10,4884.02
16/11/2025 23:15,4773.86
16/11/2025 23:20,4848.21
16/11/2025 23:25,4792.68
16/11/2025 23:30,4865.84
16/11/2025 23:35,4723.23
16/11/2025 23:40,4649.54
16/11/2025 23:45,4640.54
16/11/2025 23:50,4572.42
16/11/2025 23:55,4579.08
17/11/2025 00:00,4746.99
17/11/2025 00:05,4617.5
17/11/2025 00:10,4530.02
17/11/2025 00:15,4639.61
17/11/2025 00:20,4637.2
17/11/2025 00:25,4509.83
17/11/2025 00:30,4582.68
17/11/2025 00:35,4532.34
17/11/2025 00:40,4484.0
17/11/2025 00:45,4489.81
17/11/2025 00:50,4451.09
17/11/2025 00:55,4535.74
17/11/2025 01:00,4501.96
17/11/2025 01:05,4328.66
17/11/2025 01:10,4433.41
17/11/2025 01:15,4519.09
17/11/2025 01:20,4383.91
17/11/2025 01:25,4314.02
17/11/2025 01:30,4273.22
17/11/2025 01:35,4464.2
17/11/2025 01:40,4346.24
17/11/2025 01:45,4269.06
17/11/2025 01:50,4263.39
17/11/2025 01:55,4188.58
17/11/2025 02:00,3802.52
17/11/2025 02:05,3829.6
17/11/2025 02:10,3660.41
17/11/2025 02:15,3925.13
17/11/2025 02:20,3734.38
17/11/2025 02:25,3842.13
17/11/2025 02:30,3634.24
17/11/2025 02:35,3736.31
17/11/2025 02:40,3648.21
17/11/2025 02:45,3753.29
17/11/2025 02:50,3929.93
17/11/2025 02:55,3758.18
17/11/2025 03:00,3669.74
17/11/2025 03:05,3798.69
17/11/2025 03:10,3698.84
17/11/2025 03:15,3848.92
17/11/2025 03:20,3916.94
17/11/2025 03:25,3661.59
17/11/2025 03:30,3752.0
17/11/2025 03:35,3695.36
17/11/2025 03:40,3834.18
17/11/2025 03:45,3746.6
17/11/2025 03:50,3817.55
17/11/2025 03:55,3918.11
17/11/2025 04:00,3770.05
17/11/2025 04:05,3791.69
17/11/2025 04:10,3951.09
17/11/2025 04:15,3810.03
17/11/2025 04:20,3743.9
17/11/2025 04:25,3856.32
17/11/2025 04:30,3810.09
17/11/2025 04:35,4031.12
17/11/2025 04:40,3867.52
17/11/2025 04:45,3688.72
17/11/2025 04:50,3666.16
17/11/2025 04:55,3775.32
17/11/2025 05:00,3973.76
17/11/2025 05:05,3992.26
17/11/2025 05:10,4175.92
17/11/2025 05:15,4179.11
17/11/2025 05:20,4292.85
17/11/2025 05:25,4317.24
17/11/2025 05:30,4316.86
17/11/2025 05:35,4403.86
17/11/2025 05:40,4333.65
17/11/2025 05:45,4363.52
17/11/2025 05:50,4263.26
17/11/2025 05:55,4369.97
17/11/2025 06:00,4618.95
17/11/2025 06:05,4445.7
17/11/2025 06:10,4535.93
17/11/2025 06:15,4561.36
17/11/2025 06:20,4610.2
17/11/2025 06:25,4571.29
17/11/2025 06:30,4585.93
17/11/2025 06:35,4751.52
17/11/2025 06:40,4727.0
17/11/2025 06:45,4753.35
17/11/2025 06:50,4651.64
17/11/2025 06:55,4605.27
17/11/2025 07:00,4691.53
17/11/2025 07:05,4831.26
17/11/2025 07:10,5101.1
17/11/2025 07:15,5015.28
17/11/2025 07:20,5193.32
17/11/2025 07:25,5264.46
17/11/2025 07:30,4985.02
17/11/2025 07:35,5194.49
17/11/2025 07:40,5194.58
17/11/2025 07:45,5328.44
17/11/2025 07:50,5202.39
17/11/2025 07:55,5421.5
17/11/2025 08:00,5400.21
17/11/2025 08:05,5422.31
17/11/2025 08:10,5399.09
17/11/2025 08:15,5424.06
17/11/2025 08:20,5385.57
17/11/2025 08:25,5615.25
17/11/2025 08:30,5607.14
17/11/2025 08:35,5740.11
17/11/2025 08:40,5686.76
17/11/2025 08:45,5818.72
17/11/2025 08:50,5756.16
17/11/2025 08:55,5804.33
17/11/2025 09:00,5618.85
17/11/2025 09:05,5690.79
17/11/2025 09:10,5611.61
17/11/2025 09:15,5777.9
17/11/2025 09:20,5870.46
17/11/2025 09:25,5764.33
17/11/2025 09:30,5700.05
17/11/2025 09:35,5688.63
17/11/2025 09:40,5780.36
17/11/2025 09:45,5870.49
17/11/2025 09:50,5956.42
17/11/2025 09:55,6005.96
17/11/2025 10:00,5877.98
17/11/2025 10:05,5948.45
17/11/2025 10:10,5901.27
17/11/2025 10:15,5951.87
17/11/2025 10:20,6006.24
17/11/2025 10:25,6012.91
17/11/2025 10:30,5870.07
17/11/2025 10:35,5974.4
17/11/2025 10:40,5875.32
17/11/2025 10:45,6052.37
17/11/2025 10:50,5954.19
17/11/2025 10:55,5770.36
17/11/2025 11:00,5848.48
17/11/2025 11:05,5963.82
17/11/2025 11:10,5900.35
17/11/2025 11:15,5889.69
17/11/2025 11:20,5817.23
17/11/2025 11:25,5767.01
17/11/2025 11:30,5924.01
17/11/2025 11:35,5832.75
17/11/2025 11:40,5813.41
17/11/2025 11:45,5756.23
17/11/2025 11:50,5735.39
17/11/2025 11:55,5646.85
17/11/2025 12:00,5587.55
17/11/2025 12:05,5606.85
17/11/2025 12:10,5800.39
17/11/2025 12:15,5597.47
17/11/2025 12:20,5633.14
17/11/2025 12:25,5771.39
17/11/2025 12:30,5613.13
17/11/2025 12:35,5596.9
17/11/2025 12:40,5550.44
17/11/2025 12:45,5489.33
17/11/2025 12:50,5564.45
17/11/2025 12:55,5712.12
17/11/2025 13:00,5647.87
17/11/2025 13:05,5550.4
17/11/2025 13:10,5634.39
17/11/2025 13:15,5621.44
17/11/2025 13:20,5500.23
17/11/2025 13:25,5562.15
17/11/2025 13:30,5619.15
17/11/2025 13:35,5679.65
17/11/2025 13:40,5460.74
17/11/2025 13:45,5428.68
17/11/2025 13:50,5332.82
17/11/2025 13:55,5490.61
17/11/2025 14:00,5570.0
17/11/2025 14:05,5487.89
17/11/2025 14:10,5647.86
17/11/2025 14:15,5560.62
17/11/2025 14:20,5543.8
17/11/2025 14:25,5520.1
17/11/2025 14:30,5531.23
17/11/2025 14:35,5561.35
17/11/2025 14:40,5365.09
17/11/2025 14:45,5537.36
17/11/2025 14:50,5456.96
17/11/2025 14:55,5560.48
17/11/2025 15:00,5455.23
17/11/2025 15:05,5369.95
17/11/2025 15:10,5573.9
17/11/2025 15:15,5610.67
17/11/2025 15:20,5724.28
17/11/2025 15:25,5547.0
17/11/2025 15:30,5505.67
17/11/2025 15:35,5660.41
17/11/2025 15:40,5598.5
17/11/2025 15:45,5737.66
17/11/2025 15:50,5626.97
17/11/2025 15:55,5770.88
17/11/2025 16:00,5702.83
17/11/2025 16:05,5729.66
17/11/2025 16:10,5841.37
17/11/2025 16:15,5681.57
17/11/2025 16:20,5791.83
17/11/2025 16:25,5883.61
17/11/2025 16:30,5874.11
17/11/2025 16:35,5759.25
17/11/2025 16:40,5769.62
17/11/2025 16:45,5948.95
17/11/2025 16:50,5768.9
17/11/2025 16:55,5904.15
17/11/2025 17:00,5857.48
17/11/2025 17:05,5885.38
17/11/2025 17:10,5885.39
17/11/2025 17:15,5813.06
17/11/2025 17:20,5943.25
17/11/2025 17:25,5933.75
17/11/2025 17:30,5969.92
17/11/2025 17:35,5951.4
17/11/2025 17:40,6013.75
17/11/2025 17:45,6063.65
17/11/2025 17:50,6023.2
17/11/2025 17:55,5969.54
17/11/2025 18:00,6632.51
17/11/2025 18:05,6639.1
17/11/2025 18:10,6657.4
17/11/2025 18:15,6577.94
17/11/2025 18:20,6747.98
17/11/2025 18:25,6743.91
17/11/2025 18:30,6828.15
17/11/2025 18:35,6804.49
17/11/2025 18:40,6647.31
17/11/2025 18:45,6678.94
17/11/2025 18:50,6793.71
17/11/2025 18:55,6902.49
17/11/2025 19:00,6854.61
17/11/2025 19:05,6974.31
17/11/2025 19:10,6870.14
17/11/2025 19:15,6873.39
17/11/2025 19:20,6939.6
17/11/2025 19:25,6770.03
17/11/2025 19:30,6901.47
17/11/2025 19:35,6908.84
17/11/2025 19:40,6872.17
17/11/2025 19:45,6832.57
17/11/2025 19:50,6661.85
17/11/2025 19:55,6785.14
17/11/2025 20:00,6664.91
17/11/2025 20:05,6872.93
17/11/2025 20:10,6822.23
17/11/2025 20:15,6686.79
17/11/2025 20:20,6722.82
17/11/2025 20:25,6513.89
17/11/2025 20:30,6517.81
17/11/2025 20:35,6655.35
17/11/2025 20:40,6648.39
17/11/2025 20:45,6606.57
17/11/2025 20:50,6632.46
17/11/2025 20:55,6328.77
17/11/2025 21:00,6132.85
17/11/2025 21:05,6167.96
17/11/2025 21:10,6194.6
17/11/2025 21:15,6058.57
17/11/2025 21:20,6117.84
17/11/2025 21:25,5999.61
17/11/2025 21:30,5897.91
17/11/2025 21:35,5815.35
17/11/2025 21:40,5895.64
17/11/2025 21:45,5782.67
17/11/2025 21:50,5910.13
17/11/2025 21:55,5780.51
17/11/2025 22:00,5708.17
17/11/2025 22:05,5750.49
17/11/2025 22:10,5644.17
17/11/2025 22:15,5602.42
17/11/2025 22:20,5455.2
17/11/2025 22:25,5423.14
17/11/2025 22:30,5399.06
17/11/2025 22:35,5410.87
17/11/2025 22:40,5357.11
17/11/2025 22:45,5297.08
17/11/2025 22:50,5333.77
17/11/2025 22:55,5277.7
17/11/2025 23:00,5360.09
17/11/2025 23:05,5182.91
17/11/2025 23:10,5143.0
17/11/2025 23:15,5145.51
17/11/2025 23:20,5147.12
17/11/2025 23:25,4955.64
17/11/2025 23:30,4923.51
17/11/2025 23:35,4880.32
17/11/2025 23:40,4980.59
17/11/2025 23:45,4847.81
17/11/2025 23:50,4823.42
17/11/2025 23:55,4605.03
18/11/2025 00:00,4615.74
18/11/2025 00:05,4662.34
18/11/2025 00:10,4621.68
18/11/2025 00:15,4533.91
18/11/2025 00:20,4607.46
18/11/2025 00:25,4514.55
18/11/2025 00:30,4531.93
18/11/2025 00:35,4511.53
18/11/2025 00:40,4506.64
18/11/2025 00:45,4581.75
18/11/2025 00:50,4456.74
18/11/2025 00:55,4433.49
18/11/2025 01:00,4387.6
18/11/2025 01:05,4366.71
18/11/2025 01:10,4286.55
18/11/2025 01:15,4403.85
18/11/2025 01:20,4527.9
18/11/2025 01:25,4318.82
18/11/2025 01:30,4338.24
18/11/2025 01:35,4331.61
18/11/2025 01:40,4308.64
18/11/2025 01:45,4355.2
18/11/2025 01:50,4265.77
18/11/2025 01:55,4295.25
18/11/2025 02:00,3864.21
18/11/2025 02:05,3719.51
18/11/2025 02:10,3845.9
18/11/2025 02:15,3909.05
18/11/2025 02:20,3883.67
18/11/2025 02:25,3827.56
18/11/2025 02:30,3749.56
18/11/2025 02:35,4023.6
18/11/2025 02:40,3757.55
18/11/2025 02:45,3892.65
18/11/2025 02:50,3900.04
18/11/2025 02:55,3704.33
18/11/2025 03:00,3801.3
18/11/2025 03:05,4063.71
18/11/2025 03:10,3931.55
18/11/2025 03:15,3523.26
18/11/2025 03:20,3773.94
18/11/2025 03:25,3829.21
18/11/2025 03:30,3796.46
18/11/2025 03:35,3920.49
18/11/2025 03:40,3873.23
18/11/2025 03:45,3867.92
18/11/2025 03:50,3803.43
18/11/2025 03:55,4002.24
18/11/2025 04:00,3761.02
18/11/2025 04:05,3801.58
18/11/2025 04:10,3772.43
18/11/2025 04:15,3902.61
18/11/2025 04:20,3942.72
18/11/2025 04:25,3853.55
18/11/2025 04:30,3815.03
18/11/2025 04:35,3649.26
18/11/2025 04:40,3680.61
18/11/2025 04:45,3743.16
18/11/2025 04:50,3694.25
18/11/2025 04:55,3807.24
18/11/2025 05:00,4129.44
18/11/2025 05:05,4042.55
18/11/2025 05:10,4095.84
18/11/2025 05:15,4141.27
18/11/2025 05:20,4204.7
18/11/2025 05:25,4219.86
18/11/2025 05:30,4157.38
18/11/2025 05:35,4352.98
18/11/2025 05:40,4369.75
18/11/2025 05:45,4326.95
18/11/2025 05:50,4458.8
18/11/2025 05:55,4355.09
18/11/2025 06:00,4357.94
18/11/2025 06:05,4480.95
18/11/2025 06:10,4446.43
18/11/2025 06:15,4392.04
18/11/2025 06:20,4631.7
18/11/2025 06:25,4606.01
18/11/2025 06:30,4670.59
18/11/2025 06:35,4626.57
18/11/2025 06:40,4787.59
18/11/2025 06:45,4697.36
18/11/2025 06:50,4739.53
18/11/2025 06:55,4759.48
18/11/2025 07:00,4783.86
18/11/2025 07:05,4871.93
18/11/2025 07:10,4930.71
18/11/2025 07:15,4976.18
18/11/2025 07:20,4948.95
18/11/2025 07:25,4999.75
18/11/2025 07:30,5069.57
18/11/2025 07:35,5140.59
18/11/2025 07:40,5164.04
18/11/2025 07:45,5174.1
18/11/2025 07:50,5370.64
18/11/2025 07:55,5312.9
18/11/2025 08:00,5269.73
18/11/2025 08:05,5499.58
18/11/2025 08:10,5314.59
18/11/2025 08:15,5517.56
18/11/2025 08:20,5616.3
18/11/2025 08:25,5533.72
18/11/2025 08:30,5501.09
18/11/2025 08:35,5630.38
18/11/2025 08:40,5658.46
18/11/2025 08:45,5677.41
18/11/2025 08:50,5827.83
18/11/2025 08:55,5864.23
18/11/2025 09:00,5747.69
18/11/2025 09:05,5772.24
18/11/2025 09:10,5754.73
18/11/2025 09:15,5748.94
18/11/2025 09:20,5815.28
18/11/2025 09:25,5752.97
18/11/2025 09:30,5889.73
18/11/2025 09:35,5870.38
18/11/2025 09:40,6036.83
18/11/2025 09:45,5858.87
18/11/2025 09:50,5795.39
18/11/2025 09:55,5901.16
18/11/2025 10:00,5941.9
18/11/2025 10:05,5955.33
18/11/2025 10:10,5886.69
18/11/2025 10:15,5935.37
18/11/2025 10:20,5975.81
18/11/2025 10:25,5851.18
18/11/2025 10:30,6062.54
18/11/2025 10:35,5908.96
18/11/2025 10:40,5997.26
18/11/2025 10:45,5965.09
18/11/2025 10:50,5965.21
18/11/2025 10:55,5967.38
18/11/2025 11:00,5952.33
18/11/2025 11:05,5934.67
18/11/2025 11:10,5874.27
18/11/2025 11:15,6058.31
18/11/2025 11:20,5894.89
18/11/2025 11:25,6032.61
18/11/2025 11:30,5830.78
18/11/2025 11:35,5764.18
18/11/2025 11:40,5658.68
18/11/2025 11:45,5730.82
18/11/2025 11:50,5691.63
18/11/2025 11:55,5818.62
18/11/2025 12:00,5696.83
18/11/2025 12:05,5665.78
18/11/2025 12:10,5776.07
18/11/2025 12:15,5670.47
18/11/2025 12:20,5570.1
18/11/2025 12:25,5711.06
18/11/2025 12:30,5615.78
18/11/2025 12:35,5687.12
18/11/2025 12:40,5617.91
18/11/2025 12:45,5642.2
18/11/2025 12:50,5586.53
18/11/2025 12:55,5586.68
18/11/2025 13:00,5583.92
18/11/2025 13:05,5505.41
18/11/2025 13:10,5581.98
18/11/2025 13:15,5519.39
18/11/2025 13:20,5542.25
18/11/2025 13:25,5530.35
18/11/2025 13:30,5387.92
18/11/2025 13:35,5489.27
18/11/2025 13:40,5406.68
18/11/2025 13:45,5631.84
18/11/2025 13:50,5716.44
18/11/2025 13:55,5465.39
18/11/2025 14:00,5567.93
18/11/2025 14:05,5457.76
18/11/2025 14:10,5418.63
18/11/2025 14:15,5491.52
18/11/2025 14:20,5695.67
18/11/2025 14:25,5303.44
18/11/2025 14:30,5485.11
18/11/2025 14:35,5352.72
18/11/2025 14:40,5699.59
18/11/2025 14:45,5597.88
18/11/2025 14:50,5471.38
18/11/2025 14:55,5431.91
18/11/2025 15:00,5681.64
18/11/2025 15:05,5513.17
18/11/2025 15:10,5608.08
18/11/2025 15:15,5582.91
18/11/2025 15:20,5605.02
18/11/2025 15:25,5592.18
18/11/2025 15:30,5735.82
18/11/2025 15:35,5699.04
18/11/2025 15:40,5638.09
18/11/2025 15:45,5707.8
18/11/2025 15:50,5731.26
18/11/2025 15:55,5670.8
18/11/2025 16:00,5746.14
18/11/2025 16:05,5695.28
18/11/2025 16:10,5612.43
18/11/2025 16:15,5747.68
18/11/2025 16:20,5702.55
18/11/2025 16:25,5870.29
18/11/2025 16:30,5916.58
18/11/2025 16:35,5768.36
18/11/2025 16:40,5757.17
18/11/2025 16:45,5801.34
18/11/2025 16:50,5836.75
18/11/2025 16:55,5865.46
18/11/2025 17:00,5811.24
18/11/2025 17:05,5888.37
18/11/2025 17:10,5916.35
18/11/2025 17:15,5922.47
18/11/2025 17:20,5955.73
18/11/2025 17:25,5869.86
18/11/2025 17:30,6000.38
18/11/2025 17:35,6105.07
18/11/2025 17:40,5939.54
18/11/2025 17:45,6025.04
18/11/2025 17:50,6057.33
18/11/2025 17:55,5963.79
18/11/2025 18:00,6458.95
18/11/2025 18:05,6339.97
18/11/2025 18:10,6705.29
18/11/2025 18:15,6502.98
18/11/2025 18:20,6521.41
18/11/2025 18:25,6712.53
18/11/2025 18:30,6694.96
18/11/2025 18:35,6836.26
18/11/2025 18:40,6821.29
18/11/2025 18:45,6734.65
18/11/2025 18:50,6756.83
18/11/2025 18:55,6806.69
18/11/2025 19:00,6750.29
18/11/2025 19:05,6910.7
18/11/2025 19:10,6883.89
18/11/2025 19:15,6828.43
18/11/2025 19:20,6823.32
18/11/2025 19:25,6945.76
18/11/2025 19:30,6953.08
18/11/2025 19:35,6826.57
18/11/2025 19:40,6882.43
18/11/2025 19:45,6868.21
18/11/2025 19:50,6758.04
18/11/2025 19:55,6817.4
18/11/2025 20:00,6659.37
18/11/2025 20:05,6777.91
18/11/2025 20:10,6615.74
18/11/2025 20:15,6703.1
18/11/2025 20:20,6713.7
18/11/2025 20:25,6792.58
18/11/2025 20:30,6593.81
18/11/2025 20:35,6576.08
18/11/2025 20:40,6758.75
18/11/2025 20:45,6722.05
18/11/2025 20:50,6423.26
18/11/2025 20:55,6492.87
18/11/2025 21:00,6151.74
18/11/2025 21:05,6187.07
18/11/2025 21:10,6056.42
18/11/2025 21:15,5935.21
18/11/2025 21:20,5960.43
18/11/2025 21:25,5945.77
18/11/2025 21:30,5832.74
18/11/2025 21:35,5964.38
18/11/2025 21:40,5842.99
18/11/2025 21:45,5758.55
18/11/2025 21:50,5720.52
18/11/2025 21:55,5848.08
18/11/2025 22:00,5801.18
18/11/2025 22:05,5686.07
18/11/2025 22:10,5648.63
18/11/2025 22:15,5520.41
18/11/2025 22:20,5574.23
18/11/2025 22:25,5590.33
18/11/2025 22:30,5491.03
18/11/2025 22:35,5472.68
18/11/2025 22:40,5435.34
18/11/2025 22:45,5420.74
18/11/2025 22:50,5224.97
18/11/2025 22:55,5113.75
18/11/2025 23:00,5240.92
18/11/2025 23:05,5117.03
18/11/2025 23:10,5149.23
18/11/2025 23:15,5033.22
18/11/2025 23:20,5061.04
18/11/2025 23:25,4926.27
18/11/2025 23:30,4884.07
18/11/2025 23:35,5007.53
18/11/2025 23:40,4897.63
18/11/2025 23:45,4705.72
18/11/2025 23:50,4761.76
18/11/2025 23:55,4590.79
19/11/2025 00:00,4634.05
19/11/2025 00:05,4637.95
19/11/2025 00:10,4606.26
19/11/2025 00:15,4531.45
19/11/2025 00:20,4420.09
19/11/2025 00:25,4602.23
19/11/2025 00:30,4543.47
19/11/2025 00:35,4634.77
19/11/2025 00:40,4510.1
19/11/2025 00:45,4479.24
19/11/2025 00:50,4455.52
19/11/2025 00:55,4434.63
19/11/2025 01:00,4347.33
19/11/2025 01:05,4405.12
19/11/2025 01:10,4326.76
19/11/2025 01:15,4296.39
19/11/2025 01:20,4283.67
19/11/2025 01:25,4291.23
19/11/2025 01:30,4357.01
19/11/2025 01:35,4311.88
19/11/2025 01:40,4241.62
19/11/2025 01:45,4316.17
19/11/2025 01:50,4272.2
19/11/2025 01:55,4132.54
19/11/2025 02:00,3766.41
19/11/2025 02:05,3633.78
19/11/2025 02:10,3744.64
19/11/2025 02:15,3909.67
19/11/2025 02:20,3794.49
19/11/2025 02:25,3790.12
19/11/2025 02:30,3799.89
19/11/2025 02:35,3830.74
19/11/2025 02:40,3737.61
19/11/2025 02:45,3889.83
19/11/2025 02:50,3744.95
19/11/2025 02:55,3591.64
19/11/2025 03:00,3680.66
19/11/2025 03:05,3647.6
19/11/2025 03:10,3769.04
19/11/2025 03:15,3811.36
19/11/2025 03:20,3747.74
19/11/2025 03:25,3683.43
19/11/2025 03:30,3865.9
19/11/2025 03:35,3555.8
19/11/2025 03:40,3930.84
19/11/2025 03:45,3955.93
19/11/2025 03:50,3745.95
19/11/2025 03:55,3930.59
19/11/2025 04:00,3733.58
19/11/2025 04:05,3789.92
19/11/2025 04:10,3765.27
19/11/2025 04:15,3686.79
19/11/2025 04:20,3804.72
19/11/2025 04:25,3813.22
19/11/2025 04:30,3850.28
19/11/2025 04:35,3710.07
19/11/2025 04:40,3693.57
19/11/2025 04:45,3981.95
19/11/2025 04:50,3739.67
19/11/2025 04:55,3791.1
19/11/2025 05:00,3989.17
19/11/2025 05:05,4099.33
19/11/2025 05:10,4178.14
19/11/2025 05:15,4097.14
19/11/2025 05:20,4132.21
19/11/2025 05:25,4259.09
19/11/2025 05:30,4230.64
19/11/2025 05:35,4287.71
19/11/2025 05:40,4470.78
19/11/2025 05:45,4420.46
19/11/2025 05:50,4353.4
19/11/2025 05:55,4411.56
19/11/2025 06:00,4520.03
19/11/2025 06:05,4494.6
19/11/2025 06:10,4640.97
19/11/2025 06:15,4559.95
19/11/2025 06:20,4607.03
19/11/2025 06:25,4626.02
19/11/2025 06:30,4721.99
19/11/2025 06:35,4623.95
19/11/2025 06:40,4822.06
19/11/2025 06:45,4650.71
19/11/2025 06:50,4760.01
19/11/2025 06:55,4842.6
19/11/2025 07:00,4952.48
19/11/2025 07:05,4882.49
19/11/2025 07:10,4986.98
19/11/2025 07:15,4904.03
19/11/2025 07:20,5021.42
19/11/2025 07:25,5143.27
19/11/2025 07:30,5180.69
19/11/2025 07:35,5234.27
19/11/2025 07:40,5167.84
19/11/2025 07:45,5221.59
19/11/2025 07:50,5284.33
19/11/2025 07:55,5175.48
19/11/2025 08:00,5278.13
19/11/2025 08:05,5411.8
19/11/2025 08:10,5341.04
19/11/2025 08:15,5602.23
19/11/2025 08:20,5698.2
19/11/2025 08:25,5662.43
19/11/2025 08:30,5638.22
19/11/2025 08:35,5642.22
19/11/2025 08:40,5771.98
19/11/2025 08:45,5790.04
19/11/2025 08:50,5744.51
19/11/2025 08:55,5944.62
19/11/2025 09:00,5696.73
19/11/2025 09:05,5749.72
19/11/2025 09:10,5686.16
19/11/2025 09:15,5673.96
19/11/2025 09:20,5848.65
19/11/2025 09:25,5803.04
19/11/2025 09:30,5822.96
19/11/2025 09:35,5920.26
19/11/2025 09:40,5754.21
19/11/2025 09:45,5952.04
19/11/2025 09:50,5927.55
19/11/2025 09:55,5873.59
19/11/2025 10:00,5873.01
19/11/2025 10:05,5944.74
19/11/2025 10:10,5825.07
19/11/2025 10:15,5966.75
19/11/2025 10:20,5944.67
19/11/2025 10:25,6032.47
19/11/2025 10:30,6026.58
19/11/2025 10:35,5939.76
19/11/2025 10:40,5839.76
19/11/2025 10:45,5979.92
19/11/2025 10:50,5892.05
19/11/2025 10:55,5924.87
19/11/2025 11:00,5850.81
19/11/2025 11:05,5728.61
19/11/2025 11:10,5871.58
19/11/2025 11:15,5796.52
19/11/2025 11:20,5925.69
19/11/2025 11:25,5891.77
19/11/2025 11:30,5926.88
19/11/2025 11:35,5757.86
19/11/2025 11:40,5788.56
19/11/2025 11:45,5793.79
19/11/2025 11:50,5899.61
19/11/2025 11:55,5658.17
19/11/2025 12:00,5733.71
19/11/2025 12:05,5594.11
19/11/2025 12:10,5729.0
19/11/2025 12:15,5742.45
19/11/2025 12:20,5629.35
19/11/2025 12:25,5513.21
19/11/2025 12:30,5584.98
19/11/2025 12:35,5586.98
19/11/2025 12:40,5640.23
19/11/2025 12:45,5427.4
19/11/2025 12:50,5759.31
19/11/2025 12:55,5522.14
19/11/2025 13:00,5542.12
19/11/2025 13:05,5574.02
19/11/2025 13:10,5637.45
19/11/2025 13:15,5597.87
19/11/2025 13:20,5692.28
19/11/2025 13:25,5618.88
19/11/2025 13:30,5603.97
19/11/2025 13:35,5531.67
19/11/2025 13:40,5635.73
19/11/2025 13:45,5433.62
19/11/2025 13:50,5675.67
19/11/2025 13:55,5607.71
19/11/2025 14:00,5453.53
19/11/2025 14:05,5514.47
19/11/2025 14:10,5324.35
19/11/2025 14:15,5466.44
19/11/2025 14:20,5603.22
19/11/2025 14:25,5489.92
19/11/2025 14:30,5407.64
19/11/2025 14:35,5572.78
19/11/2025 14:40,5558.54
19/11/2025 14:45,5637.02
19/11/2025 14:50,5416.25
19/11/2025 14:55,5591.59
19/11/2025 15:00,5599.03
19/11/2025 15:05,5510.58
19/11/2025 15:10,5682.44
19/11/2025 15:15,5608.67
19/11/2025 15:20,5453.75
19/11/2025 15:25,5445.95
19/11/2025 15:30,5645.64
19/11/2025 15:35,5671.85
19/11/2025 15:40,5691.19
19/11/2025 15:45,5608.9
19/11/2025 15:50,5677.04
19/11/2025 15:55,5603.54
19/11/2025 16:00,5687.33
19/11/2025 16:05,5648.27
19/11/2025 16:10,5804.75
19/11/2025 16:15,5709.12
19/11/2025 16:20,5720.65
19/11/2025 16:25,5813.75
19/11/2025 16:30,5616.76
19/11/2025 16:35,5831.94
19/11/2025 16:40,5903.8
19/11/2025 16:45,5736.07
19/11/2025 16:50,5867.51
19/11/2025 16:55,5860.0
19/11/2025 17:00,6055.82
19/11/2025 17:05,5882.49
19/11/2025 17:10,5801.99
19/11/2025 17:15,5959.5
19/11/2025 17:20,5954.99
19/11/2025 17:25,5927.26
19/11/2025 17:30,5833.04
19/11/2025 17:35,6106.65
19/11/2025 17:40,6150.91
19/11/2025 17:45,6062.12
19/11/2025 17:50,5918.95
19/11/2025 17:55,5968.02
19/11/2025 18:00,6540.21
19/11/2025 18:05,6480.2
19/11/2025 18:10,6753.91
19/11/2025 18:15,6600.44
19/11/2025 18:20,6710.92
19/11/2025 18:25,6536.25
19/11/2025 18:30,6672.73
19/11/2025 18:35,6714.34
19/11/2025 18:40,6823.72
19/11/2025 18:45,6692.68
19/11/2025 18:50,6794.03
19/11/2025 18:55,6949.1
19/11/2025 19:00,6801.95
19/11/2025 19:05,6744.51
19/11/2025 19:10,6797.78
19/11/2025 19:15,6772.77
19/11/2025 19:20,6839.33
19/11/2025 19:25,6945.25
19/11/2025 19:30,6860.19
19/11/2025 19:35,6945.38
19/11/2025 19:40,6867.83
19/11/2025 19:45,6742.12
19/11/2025 19:50,6922.22
19/11/2025 19:55,6790.48
19/11/2025 20:00,6820.42
19/11/2025 20:05,6811.24
19/11/2025 20:10,6810.22
19/11/2025 20:15,6759.52
19/11/2025 20:20,6722.42
19/11/2025 20:25,6759.74
19/11/2025 20:30,6665.11
19/11/2025 20:35,6586.55
19/11/2025 20:40,6676.09
19/11/2025 20:45,6588.53
19/11/2025 20:50,6384.05
19/11/2025 20:55,6475.67
19/11/2025 21:00,6277.28
19/11/2025 21:05,6098.79
19/11/2025 21:10,6159.24
19/11/2025 21:15,6028.78
19/11/2025 21:20,6005.3
19/11/2025 21:25,6014.89
19/11/2025 21:30,5925.32
19/11/2025 21:35,6011.74
19/11/2025 21:40,5933.83
19/11/2025 21:45,5905.94
19/11/2025 21:50,5829.46
19/11/2025 21:55,5740.09
19/11/2025 22:00,5586.98
19/11/2025 22:05,5634.07
19/11/2025 22:10,5602.7
19/11/2025 22:15,5452.29
19/11/2025 22:20,5566.92
19/11/2025 22:25,5419.03
19/11/2025 22:30,5311.81
19/11/2025 22:35,5290.81
19/11/2025 22:40,5338.03
19/11/2025 22:45,5364.16
19/11/2025 22:50,5338.54
19/11/2025 22:55,5170.67
19/11/2025 23:00,5197.84
19/11/2025 23:05,5150.28
19/11/2025 23:10,5081.42
19/11/2025 23:15,5086.8
19/11/2025 23:20,5067.46
19/11/2025 23:25,4915.1
19/11/2025 23:30,4837.96
19/11/2025 23:35,4890.71
19/11/2025 23:40,4878.19
19/11/2025 23:45,4987.42
19/11/2025 23:50,4750.12
19/11/2025 23:55,4716.2
20/11/2025 00:00,4674.04
20/11/2025 00:05,4464.84
20/11/2025 00:10,4443.38
20/11/2025 00:15,4689.31
20/11/2025 00:20,4549.88
20/11/2025 00:25,4535.91
20/11/2025 00:30,4422.23
20/11/2025 00:35,4533.82
20/11/2025 00:40,4474.6
20/11/2025 00:45,4633.35
20/11/2025 00:50,4409.39
20/11/2025 00:55,4414.68
20/11/2025 01:00,4619.03
20/11/2025 01:05,4459.01
20/11/2025 01:10,4423.86
20/11/2025 01:15,4547.34
20/11/2025 01:20,4321.18
20/11/2025 01:25,4409.66
20/11/2025 01:30,4326.47
20/11/2025 01:35,4330.08
20/11/2025 01:40,4238.39
20/11/2025 01:45,4209.54
20/11/2025 01:50,4298.76
20/11/2025 01:55,4278.42
20/11/2025 02:00,3945.97
20/11/2025 02:05,3610.61
20/11/2025 02:10,3977.89
20/11/2025 02:15,3656.17
20/11/2025 02:20,3740.02
20/11/2025 02:25,3841.98
20/11/2025 02:30,3843.8
20/11/2025 02:35,3918.59
20/11/2025 02:40,3602.67
20/11/2025 02:45,3814.98
20/11/2025 02:50,3889.54
20/11/2025 02:55,3782.88
20/11/2025 03:00,4028.93
20/11/2025 03:05,3772.92
20/11/2025 03:10,3916.09
20/11/2025 03:15,3855.2
20/11/2025 03:20,3554.42
20/11/2025 03:25,3891.89
20/11/2025 03:30,3814.86
20/11/2025 03:35,3819.07
20/11/2025 03:40,3908.87
20/11/2025 03:45,3798.71
20/11/2025 03:50,3690.5
20/11/2025 03:55,3819.43
20/11/2025 04:00,4004.85
20/11/2025 04:05,3887.9
20/11/2025 04:10,3826.56
20/11/2025 04:15,3794.63
20/11/2025 04:20,3930.37
20/11/2025 04:25,3753.44
20/11/2025 04:30,3831.93
20/11/2025 04:35,3779.34
20/11/2025 04:40,3874.44
20/11/2025 04:45,3887.61
20/11/2025 04:50,3692.82
20/11/2025 04:55,3779.34
20/11/2025 05:00,4151.98
20/11/2025 05:05,4076.45
20/11/2025 05:10,4192.85
20/11/2025 05:15,4236.07
20/11/2025 05:20,4168.76
20/11/2025 05:25,4133.27
20/11/2025 05:30,4082.27
20/11/2025 05:35,4235.17
20/11/2025 05:40,4263.59
20/11/2025 05:45,4318.69
20/11/2025 05:50,4291.88
20/11/2025 05:55,4509.75
20/11/2025 06:00,4440.43
20/11/2025 06:05,4414.54
20/11/2025 06:10,4626.97
20/11/2025 06:15,4530.13
20/11/2025 06:20,4467.49
20/11/2025 06:25,4599.37
20/11/2025 06:30,4650.49
20/11/2025 06:35,4587.94
20/11/2025 06:40,4639.81
20/11/2025 06:45,4568.24
20/11/2025 06:50,4826.08
20/11/2025 06:55,4861.78
20/11/2025 07:00,4857.17
20/11/2025 07:05,4783.83
20/11/2025 07:10,5138.2
20/11/2025 07:15,5145.87
20/11/2025 07:20,4957.42
20/11/2025 07:25,5072.56
20/11/2025 07:30,5018.18
20/11/2025 07:35,5171.1
20/11/2025 07:40,5217.89
20/11/2025 07:45,5228.07
20/11/2025 07:50,5238.07
20/11/2025 07:55,5268.0
20/11/2025 08:00,5456.16
20/11/2025 08:05,5515.91
20/11/2025 08:10,5499.71
20/11/2025 08:15,5525.83
20/11/2025 08:20,5571.77
20/11/2025 08:25,5605.57
20/11/2025 08:30,5553.3
20/11/2025 08:35,5767.19
20/11/2025 08:40,5675.06
20/11/2025 08:45,5907.2
20/11/2025 08:50,5725.36
20/11/2025 08:55,5890.89
20/11/2025 09:00,5742.42
20/11/2025 09:05,5737.47
20/11/2025 09:10,5826.62
20/11/2025 09:15,5843.42
20/11/2025 09:20,5661.23
20/11/2025 09:25,5773.64
20/11/2025 09:30,5844.86
20/11/2025 09:35,5882.05
20/11/2025 09:40,5840.27
20/11/2025 09:45,5737.18
20/11/2025 09:50,5979.08
20/11/2025 09:55,6000.8
20/11/2025 10:00,5939.33
20/11/2025 10:05,5929.66
20/11/2025 10:10,5989.36
20/11/2025 10:15,5787.0
20/11/2025 10:20,5964.46
20/11/2025 10:25,5941.7
20/11/2025 10:30,5964.17
20/11/2025 10:35,5911.5
20/11/2025 10:40,5861.65
20/11/2025 10:45,5996.18
20/11/2025 10:50,6071.07
20/11/2025 10:55,5951.5
20/11/2025 11:00,5924.73
20/11/2025 11:05,6015.19
20/11/2025 11:10,5943.29
20/11/2025 11:15,5861.19
20/11/2025 11:20,5909.51
20/11/2025 11:25,5919.19
20/11/2025 11:30,5810.58
20/11/2025 11:35,5846.97
20/11/2025 11:40,5879.89
20/11/2025 11:45,5824.52
20/11/2025 11:50,5671.91
20/11/2025 11:55,5759.82
20/11/2025 12:00,5610.14
20/11/2025 12:05,5641.18
20/11/2025 12:10,5559.61
20/11/2025 12:15,5621.51
20/11/2025 12:20,5630.27
20/11/2025 12:25,5686.67
20/11/2025 12:30,5511.63
20/11/2025 12:35,5727.74
20/11/2025 12:40,5670.13
20/11/2025 12:45,5471.6
20/11/2025 12:50,5569.22
20/11/2025 12:55,5575.16
20/11/2025 13:00,5646.26
20/11/2025 13:05,5528.75
20/11/2025 13:10,5615.55
20/11/2025 13:15,5548.65
20/11/2025 13:20,5515.22
20/11/2025 13:25,5568.15
20/11/2025 13:30,5732.49
20/11/2025 13:35,5547.02
20/11/2025 13:40,5536.37
20/11/2025 13:45,5675.42
20/11/2025 13:50,5507.99
20/11/2025 13:55,5485.87
20/11/2025 14:00,5620.46
20/11/2025 14:05,5651.41
20/11/2025 14:10,5459.82
20/11/2025 14:15,5408.59
20/11/2025 14:20,5521.3
20/11/2025 14:25,5440.7
20/11/2025 14:30,5451.38
20/11/2025 14:35,5676.08
20/11/2025 14:40,5488.22
20/11/2025 14:45,5440.54
20/11/2025 14:50,5527.21
20/11/2025 14:55,5498.78
20/11/2025 15:00,5445.34
20/11/2025 15:05,5574.46
20/11/2025 15:10,5527.17
20/11/2025 15:15,5443.92
20/11/2025 15:20,5688.08
20/11/2025 15:25,5646.16
20/11/2025 15:30,5601.51
20/11/2025 15:35,5518.3
20/11/2025 15:40,5653.33
20/11/2025 15:45,5549.56
20/11/2025 15:50,5632.06
20/11/2025 15:55,5606.14
20/11/2025 16:00,5714.79
20/11/2025 16:05,5706.63
20/11/2025 16:10,5852.04
20/11/2025 16:15,5664.81
20/11/2025 16:20,5589.11
20/11/2025 16:25,5738.81
20/11/2025 16:30,5802.78
20/11/2025 16:35,5722.3
20/11/2025 16:40,5795.69
20/11/2025 16:45,5751.89
20/11/2025 16:50,5867.54
20/11/2025 16:55,5869.88
20/11/2025 17:00,5719.6
20/11/2025 17:05,5858.68
20/11/2025 17:10,5866.89
20/11/2025 17:15,5873.18
20/11/2025 17:20,5815.11
20/11/2025 17:25,5886.74
20/11/2025 17:30,6063.87
20/11/2025 17:35,5861.24
20/11/2025 17:40,6070.4
20/11/2025 17:45,6111.39
20/11/2025 17:50,5816.75
20/11/2025 17:55,6140.06
20/11/2025 18:00,6454.92
20/11/2025 18:05,6452.62
20/11/2025 18:10,6493.52
20/11/2025 18:15,6543.67
20/11/2025 18:20,6711.66
20/11/2025 18:25,6586.94
20/11/2025 18:30,6660.55
20/11/2025 18:35,6703.79
20/11/2025 18:40,6799.89
20/11/2025 18:45,6858.64
20/11/2025 18:50,6783.27
20/11/2025 18:55,6787.33
20/11/2025 19:00,6803.82
20/11/2025 19:05,6853.03
20/11/2025 19:10,6804.34
20/11/2025 19:15,6897.63
20/11/2025 19:20,6865.28
20/11/2025 19:25,6861.21
20/11/2025 19:30,6941.43
20/11/2025 19:35,6931.0
20/11/2025 19:40,6843.79
20/11/2025 19:45,6786.99
20/11/2025 19:50,6841.32
20/11/2025 19:55,6966.48
20/11/2025 20:00,6881.95
20/11/2025 20:05,6842.81
20/11/2025 20:10,6716.96
20/11/2025 20:15,6853.07
20/11/2025 20:20,6669.73
20/11/2025 20:25,6738.98
20/11/2025 20:30,6669.2
20/11/2025 20:35,6495.02
20/11/2025 20:40,6673.29
20/11/2025 20:45,6535.15
20/11/2025 20:50,6559.27
20/11/2025 20:55,6628.05
20/11/2025 21:00,6236.79
20/11/2025 21:05,6055.4
20/11/2025 21:10,6143.05
20/11/2025 21:15,5997.24
20/11/2025 21:20,6069.24
20/11/2025 21:25,6071.44
20/11/2025 21:30,5871.43
20/11/2025 21:35,5887.15
20/11/2025 21:40,5925.13
20/11/2025 21:45,5828.46
20/11/2025 21:50,5734.89
20/11/2025 21:55,5684.86
20/11/2025 22:00,5589.07
20/11/2025 22:05,5600.92
20/11/2025 22:10,5710.52
20/11/2025 22:15,5567.39
20/11/2025 22:20,5719.0
20/11/2025 22:25,5407.08
20/11/2025 22:30,5487.96
20/11/2025 22:35,5396.13
20/11/2025 22:40,5352.89
20/11/2025 22:45,5222.29
20/11/2025 22:50,5404.35
20/11/2025 22:55,5340.12
20/11/2025 23:00,5143.64
20/11/2025 23:05,5246.02
20/11/2025 23:10,5076.42
20/11/2025 23:15,5081.31
20/11/2025 23:20,5045.64
20/11/2025 23:25,4971.95
20/11/2025 23:30,4893.75
20/11/2025 23:35,4853.6
20/11/2025 23:40,4857.07
20/11/2025 23:45,4845.65
20/11/2025 23:50,4775.9
20/11/2025 23:55,4752.94
21/11/2025 00:00,4676.67
21/11/2025 00:05,4658.99
21/11/2025 00:10,4708.04
21/11/2025 00:15,4531.93
21/11/2025 00:20,4671.59
21/11/2025 00:25,4426.85
21/11/2025 00:30,4369.76
21/11/2025 00:35,4630.38
21/11/2025 00:40,4387.59
21/11/2025 00:45,4484.57
21/11/2025 00:50,4495.66
21/11/2025 00:55,4314.6
21/11/2025 01:00,4297.8
21/11/2025 01:05,4398.14
21/11/2025 01:10,4450.61
21/11/2025 01:15,4223.02
21/11/2025 01:20,4386.88
21/11/2025 01:25,4398.99
21/11/2025 01:30,4338.98
21/11/2025 01:35,4411.63
21/11/2025 01:40,4305.07
21/11/2025 01:45,4316.56
21/11/2025 01:50,4201.27
21/11/2025 01:55,4258.19
21/11/2025 02:00,3710.43
21/11/2025 02:05,3794.4
21/11/2025 02:10,3826.53
21/11/2025 02:15,3855.67
21/11/2025 02:20,3769.14
21/11/2025 02:25,3954.12
21/11/2025 02:30,3916.54
21/11/2025 02:35,3738.01
21/11/2025 02:40,3729.92
21/11/2025 02:45,3822.51
21/11/2025 02:50,3831.27
21/11/2025 02:55,3851.78
21/11/2025 03:00,3790.15
21/11/2025 03:05,3818.28
21/11/2025 03:10,3760.68
21/11/2025 03:15,3779.22
21/11/2025 03:20,3921.08
21/11/2025 03:25,3881.66
21/11/2025 03:30,3745.64
21/11/2025 03:35,3787.74
21/11/2025 03:40,3759.16
21/11/2025 03:45,3723.41
21/11/2025 03:50,3832.54
21/11/2025 03:55,3876.2
21/11/2025 04:00,3635.5
21/11/2025 04:05,3882.93
21/11/2025 04:10,3671.29
21/11/2025 04:15,3867.03
21/11/2025 04:20,3916.19
21/11/2025 04:25,3789.07
21/11/2025 04:30,3727.52
21/11/2025 04:35,3872.62
21/11/2025 04:40,3888.0
21/11/2025 04:45,3966.37
21/11/2025 04:50,3850.54
21/11/2025 04:55,3736.78
21/11/2025 05:00,4075.02
21/11/2025 05:05,4019.51
21/11/2025 05:10,4039.64
21/11/2025 05:15,4091.62
21/11/2025 05:20,4251.16
21/11/2025 05:25,4133.05
21/11/2025 05:30,4196.91
21/11/2025 05:35,4349.44
21/11/2025 05:40,4256.63
21/11/2025 05:45,4232.8
21/11/2025 05:50,4373.99
21/11/2025 05:55,4369.45
21/11/2025 06:00,4402.57
21/11/2025 06:05,4493.79
21/11/2025 06:10,4523.55
21/11/2025 06:15,4601.3
21/11/2025 06:20,4571.69
21/11/2025 06:25,4617.35
21/11/2025 06:30,4656.36
21/11/2025 06:35,4696.76
21/11/2025 06:40,4670.09
21/11/2025 06:45,4606.37
21/11/2025 06:50,4715.07
21/11/2025 06:55,4773.45
21/11/2025 07:00,4936.11
21/11/2025 07:05,4848.78
21/11/2025 07:10,4876.51
21/11/2025 07:15,4960.59
21/11/2025 07:20,5047.72
21/11/2025 07:25,5025.98
21/11/2025 07:30,5079.02
21/11/2025 07:35,5186.66
21/11/2025 07:40,5134.19
21/11/2025 07:45,5164.07
21/11/2025 07:50,5291.19
21/11/2025 07:55,5440.66
21/11/2025 08:00,5382.63
21/11/2025 08:05,5347.56
21/11/2025 08:10,5484.53
21/11/2025 08:15,5399.9
21/11/2025 08:20,5612.24
21/11/2025 08:25,5529.44
21/11/2025 08:30,5712.1
21/11/2025 08:35,5717.74
21/11/2025 08:40,5873.64
21/11/2025 08:45,5707.61
21/11/2025 08:50,5709.12
21/11/2025 08:55,5985.82
21/11/2025 09:00,5697.65
21/11/2025 09:05,5716.55
21/11/2025 09:10,5845.88
21/11/2025 09:15,5797.07
21/11/2025 09:20,5738.68
21/11/2025 09:25,5792.65
21/11/2025 09:30,5900.16
21/11/2025 09:35,5900.79
21/11/2025 09:40,5800.49
21/11/2025 09:45,5856.48
21/11/2025 09:50,5956.67
21/11/2025 09:55,5782.66
21/11/2025 10:00,6048.94
21/11/2025 10:05,5918.13
21/11/2025 10:10,6020.96
21/11/2025 10:15,5979.32
21/11/2025 10:20,6033.04
21/11/2025 10:25,6061.29
21/11/2025 10:30,6086.52
21/11/2025 10:35,6149.92
21/11/2025 10:40,5835.0
21/11/2025 10:45,5837.34
21/11/2025 10:50,5902.13
21/11/2025 10:55,6036.04
21/11/2025 11:00,5870.26
21/11/2025 11:05,5870.41
21/11/2025 11:10,5906.75
21/11/2025 11:15,5962.2
21/11/2025 11:20,6011.89
21/11/2025 11:25,6024.11
21/11/2025 11:30,5849.84
21/11/2025 11:35,5727.87
21/11/2025 11:40,5747.39
21/11/2025 11:45,5647.68
21/11/2025 11:50,5832.79
21/11/2025 11:55,5706.82
21/11/2025 12:00,5614.92
21/11/2025 12:05,5670.34
21/11/2025 12:10,5665.09
21/11/2025 12:15,5663.09
21/11/2025 12:20,5593.9
21/11/2025 12:25,5737.48
21/11/2025 12:30,5695.03
21/11/2025 12:35,5645.33
21/11/2025 12:40,5646.7
21/11/2025 12:45,5548.58
21/11/2025 12:50,5525.63
21/11/2025 12:55,5651.83
21/11/2025 13:00,5647.53
21/11/2025 13:05,5748.24
21/11/2025 13:10,5598.46
21/11/2025 13:15,5536.01
21/11/2025 13:20,5502.03
21/11/2025 13:25,5715.35
21/11/2025 13:30,5422.86
21/11/2025 13:35,5560.56
21/11/2025 13:40,5645.3
21/11/2025 13:45,5455.81
21/11/2025 13:50,5475.13
21/11/2025 13:55,5616.18
21/11/2025 14:00,5591.83
21/11/2025 14:05,5493.33
21/11/2025 14:10,5695.64
21/11/2025 14:15,5409.36
21/11/2025 14:20,5514.25
21/11/2025 14:25,5519.48
21/11/2025 14:30,5612.9
21/11/2025 14:35,5356.63
21/11/2025 14:40,5579.76
21/11/2025 14:45,5538.35
21/11/2025 14:50,5378.48
21/11/2025 14:55,5433.6
21/11/2025 15:00,5449.76
21/11/2025 15:05,5554.46
21/11/2025 15:10,5515.57
21/11/2025 15:15,5484.97
21/11/2025 15:20,5580.83
21/11/2025 15:25,5525.59
21/11/2025 15:30,5498.73
21/11/2025 15:35,5580.23
21/11/2025 15:40,5664.74
21/11/2025 15:45,5730.94
21/11/2025 15:50,5675.38
21/11/2025 15:55,5572.84
21/11/2025 16:00,5727.26
21/11/2025 16:05,5558.57
21/11/2025 16:10,5821.08
21/11/2025 16:15,5648.64
21/11/2025 16:20,5765.55
21/11/2025 16:25,5724.3
21/11/2025 16:30,5861.75
21/11/2025 16:35,5851.68
21/11/2025 16:40,5703.26
21/11/2025 16:45,5894.34
21/11/2025 16:50,5740.75
21/11/2025 16:55,5906.59
21/11/2025 17:00,5923.48
21/11/2025 17:05,5887.6
21/11/2025 17:10,5758.84
21/11/2025 17:15,5794.93
21/11/2025 17:20,5923.04
21/11/2025 17:25,5794.05
21/11/2025 17:30,5935.31
21/11/2025 17:35,6014.56
21/11/2025 17:40,6041.65
21/11/2025 17:45,5952.51
21/11/2025 17:50,6092.71
21/11/2025 17:55,5977.51
21/11/2025 18:00,6501.43
21/11/2025 18:05,6535.46
21/11/2025 18:10,6695.17
21/11/2025 18:15,6718.23
21/11/2025 18:20,6512.79
21/11/2025 18:25,6544.71
21/11/2025 18:30,6692.15
21/11/2025 18:35,6528.36
21/11/2025 18:40,6936.3
21/11/2025 18:45,6843.21
21/11/2025 18:50,6848.33
21/11/2025 18:55,6906.94
21/11/2025 19:00,6804.6
21/11/2025 19:05,6852.26
21/11/2025 19:10,6833.94
21/11/2025 19:15,6880.74
21/11/2025 19:20,6931.75
21/11/2025 19:25,6877.24
21/11/2025 19:30,6793.74
21/11/2025 19:35,6833.83
21/11/2025 19:40,6887.8
21/11/2025 19:45,6896.3
21/11/2025 19:50,6877.38
21/11/2025 19:55,6827.7
21/11/2025 20:00,6924.97
21/11/2025 20:05,6712.97
21/11/2025 20:10,6777.62
21/11/2025 20:15,6707.69
21/11/2025 20:20,6797.52
21/11/2025 20:25,6665.56
21/11/2025 20:30,6650.11
21/11/2025 20:35,6708.91
21/11/2025 20:40,6607.08
21/11/2025 20:45,6598.59
21/11/2025 20:50,6476.39
21/11/2025 20:55,6571.66
21/11/2025 21:00,6173.05
21/11/2025 21:05,6136.87
21/11/2025 21:10,6028.31
21/11/2025 21:15,6002.48
21/11/2025 21:20,6007.09
21/11/2025 21:25,6053.88
21/11/2025 21:30,6062.53
21/11/2025 21:35,5861.06
21/11/2025 21:40,5838.69
21/11/2025 21:45,5815.82
21/11/2025 21:50,5759.0
21/11/2025 21:55,5864.81
21/11/2025 22:00,5607.85
21/11/2025 22:05,5631.85
21/11/2025 22:10,5561.35
21/11/2025 22:15,5649.44
21/11/2025 22:20,5508.09
21/11/2025 22:25,5445.61
21/11/2025 22:30,5530.94
21/11/2025 22:35,5350.24
21/11/2025 22:40,5260.67
21/11/2025 22:45,5188.03
21/11/2025 22:50,5299.69
21/11/2025 22:55,5159.48
21/11/2025 23:00,5275.89
21/11/2025 23:05,5199.29
21/11/2025 23:10,5047.21
21/11/2025 23:15,5086.66
21/11/2025 23:20,5079.18
21/11/2025 23:25,5027.48
21/11/2025 23:30,4893.11
21/11/2025 23:35,4938.12
21/11/2025 23:40,4855.29
21/11/2025 23:45,4869.07
21/11/2025 23:50,4882.19
21/11/2025 23:55,4842.02
22/11/2025 00:00,4339.29
22/11/2025 00:05,4479.88
22/11/2025 00:10,4391.27
22/11/2025 00:15,4263.71
22/11/2025 00:20,4371.06
22/11/2025 00:25,4373.32
22/11/2025 00:30,4438.36
22/11/2025 00:35,4281.59
22/11/2025 00:40,4196.02
22/11/2025 00:45,4238.37
22/11/2025 00:50,4070.39
22/11/2025 00:55,4172.98
22/11/2025 01:00,4195.95
22/11/2025 01:05,4095.28
22/11/2025 01:10,4159.81
22/11/2025 01:15,4006.1
22/11/2025 01:20,3976.61
22/11/2025 01:25,4078.83
22/11/2025 01:30,4087.0
22/11/2025 01:35,3928.69
22/11/2025 01:40,3999.35
22/11/2025 01:45,3848.97
22/11/2025 01:50,4141.38
22/11/2025 01:55,4071.64
22/11/2025 02:00,3583.69
22/11/2025 02:05,3532.76
22/11/2025 02:10,3619.31
22/11/2025 02:15,3555.49
22/11/2025 02:20,3539.37
22/11/2025 02:25,3442.47
22/11/2025 02:30,3628.58
22/11/2025 02:35,3568.21
22/11/2025 02:40,3722.04
22/11/2025 02:45,3673.33
22/11/2025 02:50,3430.06
22/11/2025 02:55,3284.44
22/11/2025 03:00,3521.68
22/11/2025 03:05,3489.23
22/11/2025 03:10,3566.41
22/11/2025 03:15,3692.62
22/11/2025 03:20,3690.28
22/11/2025 03:25,3472.07
22/11/2025 03:30,3488.83
22/11/2025 03:35,3666.43
22/11/2025 03:40,3647.92
22/11/2025 03:45,3633.68
22/11/2025 03:50,3597.49
22/11/2025 03:55,3579.72
22/11/2025 04:00,3678.44
22/11/2025 04:05,3601.45
22/11/2025 04:10,3622.39
22/11/2025 04:15,3506.52
22/11/2025 04:20,3555.09
22/11/2025 04:25,3448.08
22/11/2025 04:30,3611.61
22/11/2025 04:35,3516.26
22/11/2025 04:40,3530.61
22/11/2025 04:45,3369.19
22/11/2025 04:50,3546.56
22/11/2025 04:55,3767.89
22/11/2025 05:00,3924.86
22/11/2025 05:05,3932.66
22/11/2025 05:10,3740.48
22/11/2025 05:15,3976.01
22/11/2025 05:20,4121.89
22/11/2025 05:25,3999.43
22/11/2025 05:30,3951.26
22/11/2025 05:35,4162.47
22/11/2025 05:40,4043.8
22/11/2025 05:45,4078.82
22/11/2025 05:50,4259.96
22/11/2025 05:55,4275.74
22/11/2025 06:00,4175.94
22/11/2025 06:05,4164.15
22/11/2025 06:10,4161.74
22/11/2025 06:15,4414.71
22/11/2025 06:20,4414.82
22/11/2025 06:25,4262.34
22/11/2025 06:30,4298.58
22/11/2025 06:35,4373.28
22/11/2025 06:40,4408.97
22/11/2025 06:45,4418.13
22/11/2025 06:50,4438.11
22/11/2025 06:55,4547.95
22/11/2025 07:00,4612.42
22/11/2025 07:05,4638.55
22/11/2025 07:10,4732.66
22/11/2025 07:15,4739.24
22/11/2025 07:20,4767.33
22/11/2025 07:25,4800.15
22/11/2025 07:30,4781.0
22/11/2025 07:35,4826.13
22/11/2025 07:40,4981.17
22/11/2025 07:45,4935.72
22/11/2025 07:50,4962.37
22/11/2025 07:55,5105.18
22/11/2025 08:00,5148.87
22/11/2025 08:05,5247.59
22/11/2025 08:10,5178.92
22/11/2025 08:15,5103.35
22/11/2025 08:20,5302.35
22/11/2025 08:25,5286.41
22/11/2025 08:30,5454.17
22/11/2025 08:35,5257.63
22/11/2025 08:40,5430.87
22/11/2025 08:45,5700.66
22/11/2025 08:50,5492.63
22/11/2025 08:55,5607.71
22/11/2025 09:00,5422.75
22/11/2025 09:05,5442.81
22/11/2025 09:10,5475.52
22/11/2025 09:15,5456.94
22/11/2025 09:20,5715.86
22/11/2025 09:25,5642.07
22/11/2025 09:30,5579.39
22/11/2025 09:35,5553.72
22/11/2025 09:40,5552.53
22/11/2025 09:45,5642.67
22/11/2025 09:50,5694.24
22/11/2025 09:55,5596.56
22/11/2025 10:00,5729.06
22/11/2025 10:05,5732.92
22/11/2025 10:10,5742.34
22/11/2025 10:15,5642.29
22/11/2025 10:20,5784.96
22/11/2025 10:25,5713.88
22/11/2025 10:30,5701.8
22/11/2025 10:35,5659.68
22/11/2025 10:40,5670.73
22/11/2025 10:45,5858.08
22/11/2025 10:50,5602.5
22/11/2025 10:55,5537.58
22/11/2025 11:00,5683.87
22/11/2025 11:05,5570.04
22/11/2025 11:10,5687.49
22/11/2025 11:15,5703.2
22/11/2025 11:20,5568.28
22/11/2025 11:25,5472.05
22/11/2025 11:30,5581.31
22/11/2025 11:35,5727.03
22/11/2025 11:40,5540.43
22/11/2025 11:45,5402.99
22/11/2025 11:50,5543.82
22/11/2025 11:55,5561.09
22/11/2025 12:00,5218.22
22/11/2025 12:05,5361.89
22/11/2025 12:10,5422.45
22/11/2025 12:15,5274.14
22/11/2025 12:20,5196.56
22/11/2025 12:25,5339.95
22/11/2025 12:30,5343.35
22/11/2025 12:35,5328.52
22/11/2025 12:40,5333.61
22/11/2025 12:45,5242.61
22/11/2025 12:50,5436.37
22/11/2025 12:55,5285.81
22/11/2025 13:00,5231.84
22/11/2025 13:05,5350.47
22/11/2025 13:10,5233.23
22/11/2025 13:15,5245.63
22/11/2025 13:20,5336.74
22/11/2025 13:25,5353.91
22/11/2025 13:30,5366.71
22/11/2025 13:35,5322.53
22/11/2025 13:40,5268.42
22/11/2025 13:45,5197.71
22/11/2025 13:50,5396.71
22/11/2025 13:55,5330.86
22/11/2025 14:00,5224.81
22/11/2025 14:05,5385.9
22/11/2025 14:10,5286.56
22/11/2025 14:15,5255.55
22/11/2025 14:20,5393.19
22/11/2025 14:25,5279.58
22/11/2025 14:30,5330.91
22/11/2025 14:35,5236.86
22/11/2025 14:40,5284.48
22/11/2025 14:45,5146.12
22/11/2025 14:50,5245.98
22/11/2025 14:55,5105.47
22/11/2025 15:00,5249.54
22/11/2025 15:05,5307.73
22/11/2025 15:10,5355.22
22/11/2025 15:15,5269.52
22/11/2025 15:20,5352.61
22/11/2025 15:25,5352.64
22/11/2025 15:30,5354.14
22/11/2025 15:35,5364.33
22/11/2025 15:40,5498.89
22/11/2025 15:45,5549.94
22/11/2025 15:50,5481.85
22/11/2025 15:55,5435.72
22/11/2025 16:00,5431.3
22/11/2025 16:05,5387.11
22/11/2025 16:10,5584.13
22/11/2025 16:15,5558.03
22/11/2025 16:20,5514.62
22/11/2025 16:25,5593.55
22/11/2025 16:30,5458.63
22/11/2025 16:35,5627.51
22/11/2025 16:40,5585.85
22/11/2025 16:45,5625.91
22/11/2025 16:50,5595.61
22/11/2025 16:55,5562.45
22/11/2025 17:00,5672.93
22/11/2025 17:05,5511.15
22/11/2025 17:10,5640.33
22/11/2025 17:15,5509.09
22/11/2025 17:20,5635.29
22/11/2025 17:25,5738.39
22/11/2025 17:30,5723.87
22/11/2025 17:35,5747.26
22/11/2025 17:40,5793.42
22/11/2025 17:45,5715.55
22/11/2025 17:50,5800.78
22/11/2025 17:55,5822.32
22/11/2025 18:00,6149.03
22/11/2025 18:05,6340.88
22/11/2025 18:10,6333.97
22/11/2025 18:15,6279.83
22/11/2025 18:20,6514.63
22/11/2025 18:25,6371.96
22/11/2025 18:30,6476.83
22/11/2025 18:35,6341.2
22/11/2025 18:40,6506.74
22/11/2025 18:45,6573.79
22/11/2025 18:50,6619.3
22/11/2025 18:55,6592.18
22/11/2025 19:00,6575.51
22/11/2025 19:05,6517.34
22/11/2025 19:10,6512.72
22/11/2025 19:15,6694.21
22/11/2025 19:20,6741.32
22/11/2025 19:25,6724.61
22/11/2025 19:30,6542.18
22/11/2025 19:35,6554.09
22/11/2025 19:40,6691.66
22/11/2025 19:45,6688.23
22/11/2025 19:50,6607.9
22/11/2025 19:55,6420.59
22/11/2025 20:00,6504.98
22/11/2025 20:05,6645.15
22/11/2025 20:10,6591.35
22/11/2025 20:15,6423.17
22/11/2025 20:20,6430.97
22/11/2025 20:25,6374.85
22/11/2025 20:30,6378.94
22/11/2025 20:35,6318.9
22/11/2025 20:40,6196.57
22/11/2025 20:45,6287.17
22/11/2025 20:50,6259.49
22/11/2025 20:55,6309.07
22/11/2025 21:00,5835.26
22/11/2025 21:05,5850.02
22/11/2025 21:10,6006.64
22/11/2025 21:15,5967.89
22/11/2025 21:20,5872.58
22/11/2025 21:25,5906.37
22/11/2025 21:30,5764.9
22/11/2025 21:35,5832.46
22/11/2025 21:40,5615.79
22/11/2025 21:45,5433.05
22/11/2025 21:50,5595.98
22/11/2025 21:55,5600.72
22/11/2025 22:00,5329.32
22/11/2025 22:05,5333.04
22/11/2025 22:10,5449.92
22/11/2025 22:15,5236.58
22/11/2025 22:20,5281.05
22/11/2025 22:25,5235.94
22/11/2025 22:30,5261.55
22/11/2025 22:35,5109.83
22/11/2025 22:40,5073.82
22/11/2025 22:45,5025.24
22/11/2025 22:50,5051.01
22/11/2025 22:55,4996.16
22/11/2025 23:00,4871.53
22/11/2025 23:05,4866.28
22/11/2025 23:10,4728.88
22/11/2025 23:15,4814.17
22/11/2025 23:20,4794.83
22/11/2025 23:25,4669.15
22/11/2025 23:30,4736.51
22/11/2025 23:35,4658.98
22/11/2025 23:40,4556.06
22/11/2025 23:45,4555.48
22/11/2025 23:50,4560.15
22/11/2025 23:55,4543.06
23/11/2025 00:00,4335.06
23/11/2025 00:05,4358.95
23/11/2025 00:10,4320.94
23/11/2025 00:15,4361.16
23/11/2025 00:20,4373.95
23/11/2025 00:25,4201.43
23/11/2025 00:30,4261.63
23/11/2025 00:35,4185.96
23/11/2025 00:40,4251.03
23/11/2025 00:45,4229.81
23/11/2025 00:50,4273.29
23/11/2025 00:55,4286.1
23/11/2025 01:00,4098.42
23/11/2025 01:05,4288.6
23/11/2025 01:10,4041.68
23/11/2025 01:15,4083.01
23/11/2025 01:20,4116.1
23/11/2025 01:25,4037.67
23/11/2025 01:30,4131.81
23/11/2025 01:35,3991.15
23/11/2025 01:40,3946.94
23/11/2025 01:45,3940.05
23/11/2025 01:50,3928.97
23/11/2025 01:55,3986.43
23/11/2025 02:00,3610.13
23/11/2025 02:05,3564.65
23/11/2025 02:10,3406.12
23/11/2025 02:15,3518.99
23/11/2025 02:20,3726.03
23/11/2025 02:25,3434.76
23/11/2025 02:30,3557.12
23/11/2025 02:35,3455.84
23/11/2025 02:40,3371.87
23/11/2025 02:45,3453.47
23/11/2025 02:50,3592.01
23/11/2025 02:55,3535.89
23/11/2025 03:00,3798.95
23/11/2025 03:05,3597.5
23/11/2025 03:10,3479.29
23/11/2025 03:15,3471.67
23/11/2025 03:20,3659.65
23/11/2025 03:25,3663.96
23/11/2025 03:30,3434.37
23/11/2025 03:35,3496.78
23/11/2025 03:40,3537.39
23/11/2025 03:45,3533.23
23/11/2025 03:50,3563.17
23/11/2025 03:55,3611.51
23/11/2025 04:00,3537.63
23/11/2025 04:05,3553.35
23/11/2025 04:10,3578.35
23/11/2025 04:15,3718.13
23/11/2025 04:20,3489.9
23/11/2025 04:25,3597.79
23/11/2025 04:30,3511.05
23/11/2025 04:35,3508.86
23/11/2025 04:40,3388.61
23/11/2025 04:45,3573.43
23/11/2025 04:50,3575.37
23/11/2025 04:55,3562.57
23/11/2025 05:00,3998.13
23/11/2025 05:05,3890.52
23/11/2025 05:10,3791.65
23/11/2025 05:15,3918.23
23/11/2025 05:20,3984.51
23/11/2025 05:25,3993.95
23/11/2025 05:30,3936.91
23/11/2025 05:35,3998.69
23/11/2025 05:40,4177.08
23/11/2025 05:45,4135.73
23/11/2025 05:50,4267.05
23/11/2025 05:55,4184.95
23/11/2025 06:00,4062.08
23/11/2025 06:05,4193.63
23/11/2025 06:10,4301.9
23/11/2025 06:15,4198.98
23/11/2025 06:20,4154.69
23/11/2025 06:25,4318.04
23/11/2025 06:30,4364.39
23/11/2025 06:35,4363.76
23/11/2025 06:40,4572.69
23/11/2025 06:45,4633.01
23/11/2025 06:50,4452.7
23/11/2025 06:55,4516.48
23/11/2025 07:00,4684.17
23/11/2025 07:05,4774.61
23/11/2025 07:10,4918.55
23/11/2025 07:15,4822.05
23/11/2025 07:20,4736.78
23/11/2025 07:25,4941.3
23/11/2025 07:30,4945.69
23/11/2025 07:35,5032.44
23/11/2025 07:40,4938.53
23/11/2025 07:45,4972.14
23/11/2025 07:50,5030.84
23/11/2025 07:55,5055.51
23/11/2025 08:00,5143.09
23/11/2025 08:05,5109.49
23/11/2025 08:10,5174.21
23/11/2025 08:15,5211.56
23/11/2025 08:20,5364.9
23/11/2025 08:25,5271.67
23/11/2025 08:30,5328.86
23/11/2025 08:35,5505.23
23/11/2025 08:40,5424.97
23/11/2025 08:45,5562.5
23/11/2025 08:50,5487.08
23/11/2025 08:55,5596.81
23/11/2025 09:00,5589.6
23/11/2025 09:05,5490.17
23/11/2025 09:10,5567.5
23/11/2025 09:15,5486.24
23/11/2025 09:20,5565.55
23/11/2025 09:25,5609.6
23/11/2025 09:30,5496.8
23/11/2025 09:35,5646.89
23/11/2025 09:40,5453.18
23/11/2025 09:45,5568.0
23/11/2025 09:50,5714.39
23/11/2025 09:55,5557.35
23/11/2025 10:00,5825.77
23/11/2025 10:05,5751.86
23/11/2025 10:10,5733.5
23/11/2025 10:15,5649.94
23/11/2025 10:20,5827.18
23/11/2025 10:25,5645.63
23/11/2025 10:30,5778.46
23/11/2025 10:35,5651.19
23/11/2025 10:40,5604.86
23/11/2025 10:45,5658.59
23/11/2025 10:50,5785.98
23/11/2025 10:55,5782.86
23/11/2025 11:00,5643.42
23/11/2025 11:05,5394.83
23/11/2025 11:10,5562.48
23/11/2025 11:15,5644.89
23/11/2025 11:20,5696.06
23/11/2025 11:25,5556.43
23/11/2025 11:30,5517.89
23/11/2025 11:35,5455.94
23/11/2025 11:40,5537.93
23/11/2025 11:45,5634.99
23/11/2025 11:50,5522.17
23/11/2025 11:55,5482.41
23/11/2025 12:00,5483.11
23/11/2025 12:05,5382.04
23/11/2025 12:10,5559.19
23/11/2025 12:15,5356.56
23/11/2025 12:20,5381.11
23/11/2025 12:25,5461.86
23/11/2025 12:30,5436.64
23/11/2025 12:35,5419.57
23/11/2025 12:40,5375.15
23/11/2025 12:45,5251.04
23/11/2025 12:50,5277.23
23/11/2025 12:55,5498.89
23/11/2025 13:00,5332.55
23/11/2025 13:05,5248.94
23/11/2025 13:10,5410.42
23/11/2025 13:15,5419.95
23/11/2025 13:20,5295.88
23/11/2025 13:25,5318.58
23/11/2025 13:30,5267.13
23/11/2025 13:35,5353.49
23/11/2025 13:40,5293.8
23/11/2025 13:45,5399.82
23/11/2025 13:50,5283.49
23/11/2025 13:55,5333.66
23/11/2025 14:00,5306.58
23/11/2025 14:05,5178.56
23/11/2025 14:10,5312.66
23/11/2025 14:15,5437.53
23/11/2025 14:20,5230.48
23/11/2025 14:25,5181.97
23/11/2025 14:30,5219.39
23/11/2025 14:35,5248.42
23/11/2025 14:40,5187.45
23/11/2025 14:45,5106.4
23/11/2025 14:50,5262.06
23/11/2025 14:55,5185.06
23/11/2025 15:00,5307.65
23/11/2025 15:05,5282.11
23/11/2025 15:10,5267.58
23/11/2025 15:15,5243.17
23/11/2025 15:20,5174.45
23/11/2025 15:25,5381.81
23/11/2025 15:30,5326.6
23/11/2025 15:35,5421.36
23/11/2025 15:40,5351.45
23/11/2025 15:45,5349.58
23/11/2025 15:50,5408.62
23/11/2025 15:55,5397.7
23/11/2025 16:00,5365.93
23/11/2025 16:05,5518.2
23/11/2025 16:10,5453.06
23/11/2025 16:15,5615.9
23/11/2025 16:20,5601.75
23/11/2025 16:25,5616.9
23/11/2025 16:30,5543.72
23/11/2025 16:35,5526.27
23/11/2025 16:40,5478.71
23/11/2025 16:45,5549.6
23/11/2025 16:50,5561.18
23/11/2025 16:55,5537.34
23/11/2025 17:00,5703.21
23/11/2025 17:05,5602.66
23/11/2025 17:10,5637.73
23/11/2025 17:15,5602.88
23/11/2025 17:20,5622.95
23/11/2025 17:25,5726.57
23/11/2025 17:30,5806.86
23/11/2025 17:35,5792.0
23/11/2025 17:40,5724.69
23/11/2025 17:45,5818.12
23/11/2025 17:50,5772.23
23/11/2025 17:55,5836.76
23/11/2025 18:00,6223.52
23/11/2025 18:05,6384.67
23/11/2025 18:10,6364.1
23/11/2025 18:15,6388.52
23/11/2025 18:20,6484.02
23/11/2025 18:25,6481.26
23/11/2025 18:30,6477.18
23/11/2025 18:35,6563.4
23/11/2025 18:40,6455.53
23/11/2025 18:45,6439.76
23/11/2025 18:50,6423.35
23/11/2025 18:55,6620.52
23/11/2025 19:00,6522.45
23/11/2025 19:05,6555.39
23/11/2025 19:10,6465.51
23/11/2025 19:15,6727.04
23/11/2025 19:20,6506.55
23/11/2025 19:25,6694.16
23/11/2025 19:30,6466.68
23/11/2025 19:35,6422.33
23/11/2025 19:40,6629.39
23/11/2025 19:45,6661.51
23/11/2025 19:50,6603.25
23/11/2025 19:55,6471.22
23/11/2025 20:00,6520.57
23/11/2025 20:05,6393.46
23/11/2025 20:10,6515.84
23/11/2025 20:15,6439.73
23/11/2025 20:20,6453.81
23/11/2025 20:25,6471.1
23/11/2025 20:30,6480.47
23/11/2025 20:35,6534.61
23/11/2025 20:40,6272.19
23/11/2025 20:45,6443.91
23/11/2025 20:50,6315.58
23/11/2025 20:55,6230.6
23/11/2025 21:00,5919.98
23/11/2025 21:05,5809.22
23/11/2025 21:10,5869.53
23/11/2025 21:15,5691.32
23/11/2025 21:20,5953.07
23/11/2025 21:25,5700.58
23/11/2025 21:30,5756.87
23/11/2025 21:35,5505.68
23/11/2025 21:40,5638.1
23/11/2025 21:45,5604.88
23/11/2025 21:50,5492.6
23/11/2025 21:55,5439.13
23/11/2025 22:00,5433.61
23/11/2025 22:05,5392.35
23/11/2025 22:10,5385.47
23/11/2025 22:15,5228.12
23/11/2025 22:20,5321.45
23/11/2025 22:25,5285.22
23/11/2025 22:30,5255.47
23/11/2025 22:35,5105.44
23/11/2025 22:40,5200.15
23/11/2025 22:45,5188.31
23/11/2025 22:50,5019.8
23/11/2025 22:55,5029.77
23/11/2025 23:00,5116.61
23/11/2025 23:05,4921.77
23/11/2025 23:10,4797.38
23/11/2025 23:15,4823.23
23/11/2025 23:20,4928.02
23/11/2025 23:25,4719.88
23/11/2025 23:30,4623.24
23/11/2025 23:35,4768.97
23/11/2025 23:40,4471.72
23/11/2025 23:45,4666.56
23/11/2025 23:50,4475.55
23/11/2025 23:55,4400.9
24/11/2025 00:00,4626.08
24/11/2025 00:05,4561.17
24/11/2025 00:10,4666.7
24/11/2025 00:15,4528.9
24/11/2025 00:20,4610.77
24/11/2025 00:25,4515.84
24/11/2025 00:30,4587.1
24/11/2025 00:35,4548.52
24/11/2025 00:40,4550.5
24/11/2025 00:45,4497.65
24/11/2025 00:50,4491.06
24/11/2025 00:55,4488.79
24/11/2025 01:00,4410.65
24/11/2025 01:05,4383.82
24/11/2025 01:10,4382.92
24/11/2025 01:15,4407.12
24/11/2025 01:20,4374.65
24/11/2025 01:25,4289.04
24/11/2025 01:30,4310.95
24/11/2025 01:35,4311.52
24/11/2025 01:40,4233.9
24/11/2025 01:45,4210.27
24/11/2025 01:50,4384.93
24/11/2025 01:55,4358.91
24/11/2025 02:00,3745.01
24/11/2025 02:05,3880.65
24/11/2025 02:10,3830.97
24/11/2025 02:15,3951.08
24/11/2025 02:20,3713.98
24/11/2025 02:25,3829.07
24/11/2025 02:30,3997.49
24/11/2025 02:35,3824.15
24/11/2025 02:40,3872.55
24/11/2025 02:45,3755.15
24/11/2025 02:50,3837.02
24/11/2025 02:55,3746.26
24/11/2025 03:00,3776.43
24/11/2025 03:05,3666.51
24/11/2025 03:10,3903.38
24/11/2025 03:15,3793.07
24/11/2025 03:20,3863.03
24/11/2025 03:25,3796.2
24/11/2025 03:30,3775.51
24/11/2025 03:35,3855.79
24/11/2025 03:40,3720.36
24/11/2025 03:45,3813.91
24/11/2025 03:50,4000.67
24/11/2025 03:55,3935.7
24/11/2025 04:00,3752.17
24/11/2025 04:05,3842.67
24/11/2025 04:10,3909.13
24/11/2025 04:15,3853.33
24/11/2025 04:20,3801.76
24/11/2025 04:25,3851.81
24/11/2025 04:30,3944.35
24/11/2025 04:35,3877.74
24/11/2025 04:40,3922.6
24/11/2025 04:45,3856.78
24/11/2025 04:50,3822.29
24/11/2025 04:55,3878.21
24/11/2025 05:00,3972.05
24/11/2025 05:05,4050.25
24/11/2025 05:10,3986.53
24/11/2025 05:15,4085.6
24/11/2025 05:20,4219.4
24/11/2025 05:25,4116.76
24/11/2025 05:30,4104.19
24/11/2025 05:35,4155.61
24/11/2025 05:40,4258.29
24/11/2025 05:45,4339.52
24/11/2025 05:50,4375.66
24/11/2025 05:55,4469.56
24/11/2025 06:00,4386.89
24/11/2025 06:05,4445.27
24/11/2025 06:10,4439.14
24/11/2025 06:15,4437.22
24/11/2025 06:20,4537.26
24/11/2025 06:25,4508.0
24/11/2025 06:30,4683.14
24/11/2025 06:35,4723.29
24/11/2025 06:40,4651.51
24/11/2025 06:45,4637.08
24/11/2025 06:50,4794.05
24/11/2025 06:55,4815.12
24/11/2025 07:00,4937.15
24/11/2025 07:05,5009.87
24/11/2025 07:10,4948.83
24/11/2025 07:15,4884.13
24/11/2025 07:20,4981.44
24/11/2025 07:25,5036.44
24/11/2025 07:30,5106.73
24/11/2025 07:35,5087.75
24/11/2025 07:40,5290.87
24/11/2025 07:45,5193.1
24/11/2025 07:50,5316.01
24/11/2025 07:55,5470.98
24/11/2025 08:00,5385.7
24/11/2025 08:05,5379.78
24/11/2025 08:10,5559.24
24/11/2025 08:15,5410.85
24/11/2025 08:20,5681.46
24/11/2025 08:25,5534.62
24/11/2025 08:30,5625.8
24/11/2025 08:35,5492.28
24/11/2025 08:40,5727.71
24/11/2025 08:45,5667.81
24/11/2025 08:50,5821.79
24/11/2025 08:55,5737.9
24/11/2025 09:00,5777.74
24/11/2025 09:05,5735.91
24/11/2025 09:10,5723.71
24/11/2025 09:15,5857.34
24/11/2025 09:20,5778.98
24/11/2025 09:25,5846.71
24/11/2025 09:30,5855.75
24/11/2025 09:35,5936.14
24/11/2025 09:40,6011.66
24/11/2025 09:45,6122.11
24/11/2025 09:50,5846.19
24/11/2025 09:55,5977.58
24/11/2025 10:00,6040.3
24/11/2025 10:05,5931.46
24/11/2025 10:10,5959.9
24/11/2025 10:15,5892.31
24/11/2025 10:20,5792.81
24/11/2025 10:25,5999.11
24/11/2025 10:30,5833.08
24/11/2025 10:35,5892.04
24/11/2025 10:40,5883.88
24/11/2025 10:45,5890.63
24/11/2025 10:50,5871.14
24/11/2025 10:55,5933.31
24/11/2025 11:00,6040.91
24/11/2025 11:05,6002.67
24/11/2025 11:10,5841.54
24/11/2025 11:15,5869.57
24/11/2025 11:20,5941.2
24/11/2025 11:25,5791.33
24/11/2025 11:30,5826.66
24/11/2025 11:35,5674.95
24/11/2025 11:40,5816.43
24/11/2025 11:45,5702.45
24/11/2025 11:50,5641.52
24/11/2025 11:55,5843.96
24/11/2025 12:00,5558.12
24/11/2025 12:05,5636.15
24/11/2025 12:10,5659.24
24/11/2025 12:15,5651.05
24/11/2025 12:20,5699.01
24/11/2025 12:25,5590.77
24/11/2025 12:30,5529.41
24/11/2025 12:35,5648.37
24/11/2025 12:40,5545.04
24/11/2025 12:45,5673.28
24/11/2025 12:50,5578.61
24/11/2025 12:55,5591.33
24/11/2025 13:00,5489.14
24/11/2025 13:05,5566.5
24/11/2025 13:10,5636.18
24/11/2025 13:15,5471.38
24/11/2025 13:20,5526.82
24/11/2025 13:25,5605.39
24/11/2025 13:30,5424.72
24/11/2025 13:35,5614.91
24/11/2025 13:40,5630.52
24/11/2025 13:45,5473.78
24/11/2025 13:50,5401.09
24/11/2025 13:55,5468.45
24/11/2025 14:00,5593.8
24/11/2025 14:05,5535.52
24/11/2025 14:10,5434.19
24/11/2025 14:15,5679.24
24/11/2025 14:20,5591.03
24/11/2025 14:25,5664.2
24/11/2025 14:30,5567.53
24/11/2025 14:35,5470.79
24/11/2025 14:40,5360.03
24/11/2025 14:45,5567.75
24/11/2025 14:50,5455.21
24/11/2025 14:55,5554.81
24/11/2025 15:00,5541.82
24/11/2025 15:05,5586.36
24/11/2025 15:10,5555.21
24/11/2025 15:15,5535.6
24/11/2025 15:20,5694.22
24/11/2025 15:25,5560.6
24/11/2025 15:30,5607.13
24/11/2025 15:35,5512.79
24/11/2025 15:40,5531.82
24/11/2025 15:45,5664.88
24/11/2025 15:50,5660.94
24/11/2025 15:55,5627.45
24/11/2025 16:00,5722.02
24/11/2025 16:05,5638.96
24/11/2025 16:10,5603.63
24/11/2025 16:15,5645.01
24/11/2025 16:20,5804.78
24/11/2025 16:25,5695.24
24/11/2025 16:30,5865.62
24/11/2025 16:35,5817.69
24/11/2025 16:40,5825.95
24/11/2025 16:45,5760.36
24/11/2025 16:50,5878.08
24/11/2025 16:55,5830.61
24/11/2025 17:00,5893.23
24/11/2025 17:05,5916.46
24/11/2025 17:10,5864.86
24/11/2025 17:15,5927.53
24/11/2025 17:20,5827.34
24/11/2025 17:25,5916.01
24/11/2025 17:30,5914.43
24/11/2025 17:35,5905.45
24/11/2025 17:40,6028.87
24/11/2025 17:45,6119.74
24/11/2025 17:50,6116.03
24/11/2025 17:55,6056.37
24/11/2025 18:00,6390.43
24/11/2025 18:05,6563.36
24/11/2025 18:10,6609.29
24/11/2025 18:15,6547.38
24/11/2025 18:20,6677.51
24/11/2025 18:25,6655.75
24/11/2025 18:30,6562.87
24/11/2025 18:35,6692.85
24/11/2025 18:40,6684.45
24/11/2025 18:45,6849.61
24/11/2025 18:50,6727.22
24/11/2025 18:55,6770.97
24/11/2025 19:00,6770.19
24/11/2025 19:05,6827.55
24/11/2025 19:10,6728.8
24/11/2025 19:15,6839.58
24/11/2025 19:20,6843.24
24/11/2025 19:25,6748.18
24/11/2025 19:30,6923.78
24/11/2025 19:35,6975.95
24/11/2025 19:40,6871.27
24/11/2025 19:45,6982.84
24/11/2025 19:50,6951.29
24/11/2025 19:55,6704.14
24/11/2025 20:00,6791.52
24/11/2025 20:05,6781.91
24/11/2025 20:10,6675.23
24/11/2025 20:15,6741.34
24/11/2025 20:20,6700.67
24/11/2025 20:25,6743.46
24/11/2025 20:30,6720.26
24/11/2025 20:35,6660.43
24/11/2025 20:40,6642.68
24/11/2025 20:45,6550.91
24/11/2025 20:50,6603.16
24/11/2025 20:55,6500.47
24/11/2025 21:00,6068.91
24/11/2025 21:05,5989.55
24/11/2025 21:10,6119.68
24/11/2025 21:15,6090.86
24/11/2025 21:20,6189.87
24/11/2025 21:25,5934.27
24/11/2025 21:30,5910.6
24/11/2025 21:35,5959.84
24/11/2025 21:40,5836.0
24/11/2025 21:45,5792.91
24/11/2025 21:50,5807.84
24/11/2025 21:55,5665.86
24/11/2025 22:00,5635.8
24/11/2025 22:05,5637.88
24/11/2025 22:10,5640.15
24/11/2025 22:15,5646.34
24/11/2025 22:20,5516.24
24/11/2025 22:25,5541.21
24/11/2025 22:30,5458.9
24/11/2025 22:35,5314.65
24/11/2025 22:40,5312.44
24/11/2025 22:45,5320.55
24/11/2025 22:50,5271.77
24/11/2025 22:55,5129.19
24/11/2025 23:00,5130.41
24/11/2025 23:05,5136.02
24/11/2025 23:10,4989.09
24/11/2025 23:15,5034.57
24/11/2025 23:20,4999.26
24/11/2025 23:25,5015.79
24/11/2025 23:30,4875.65
24/11/2025 23:35,4926.62
24/11/2025 23:40,4891.9
24/11/2025 23:45,4808.92
24/11/2025 23:50,4813.13
24/11/2025 23:55,4764.71
25/11/2025 00:00,4575.27
25/11/2025 00:05,4656.74
25/11/2025 00:10,4733.05
25/11/2025 00:15,4599.82
25/11/2025 00:20,4530.74
25/11/2025 00:25,4513.46
25/11/2025 00:30,4507.35
25/11/2025 00:35,4500.64
25/11/2025 00:40,4453.72
25/11/2025 00:45,4515.17
25/11/2025 00:50,4365.76
25/11/2025 00:55,4385.29
25/11/2025 01:00,4229.5
25/11/2025 01:05,4418.27
25/11/2025 01:10,4429.5
25/11/2025 01:15,4298.97
25/11/2025 01:20,4406.84
25/11/2025 01:25,4410.16
25/11/2025 01:30,4287.02
25/11/2025 01:35,4337.01
25/11/2025 01:40,4213.56
25/11/2025 01:45,4403.7
25/11/2025 01:50,4174.24
25/11/2025 01:55,4239.23
25/11/2025 02:00,3862.05
25/11/2025 02:05,3707.42
25/11/2025 02:10,3854.24
25/11/2025 02:15,3714.57
25/11/2025 02:20,3872.24
25/11/2025 02:25,3742.83
25/11/2025 02:30,3789.54
25/11/2025 02:35,3887.42
25/11/2025 02:40,3823.12
25/11/2025 02:45,3979.76
25/11/2025 02:50,3968.33
25/11/2025 02:55,3870.03
25/11/2025 03:00,3678.97
25/11/2025 03:05,3617.54
25/11/2025 03:10,3740.92
25/11/2025 03:15,3894.09
25/11/2025 03:20,3767.9
25/11/2025 03:25,3941.62
25/11/2025 03:30,3797.66
25/11/2025 03:35,3805.53
25/11/2025 03:40,3807.87
25/11/2025 03:45,3675.89
25/11/2025 03:50,3836.31
25/11/2025 03:55,3976.84
25/11/2025 04:00,3794.29
25/11/2025 04:05,3692.77
25/11/2025 04:10,3776.18
25/11/2025 04:15,3701.75
25/11/2025 04:20,3751.82
25/11/2025 04:25,3967.2
25/11/2025 04:30,3876.26
25/11/2025 04:35,3876.18
25/11/2025 04:40,3898.48
25/11/2025 04:45,3861.51
25/11/2025 04:50,3985.19
25/11/2025 04:55,3793.22
25/11/2025 05:00,4127.28
25/11/2025 05:05,4023.79
25/11/2025 05:10,4207.01
25/11/2025 05:15,4142.15
25/11/2025 05:20,4344.81
25/11/2025 05:25,4121.22
25/11/2025 05:30,4137.69
25/11/2025 05:35,4084.5
25/11/2025 05:40,4236.12
25/11/2025 05:45,4134.37
25/11/2025 05:50,4449.85
25/11/2025 05:55,4391.58
25/11/2025 06:00,4558.53
25/11/2025 06:05,4644.95
25/11/2025 06:10,4557.73
25/11/2025 06:15,4437.42
25/11/2025 06:20,4567.81
25/11/2025 06:25,4530.1
25/11/2025 06:30,4674.11
25/11/2025 06:35,4668.79
25/11/2025 06:40,4745.88
25/11/2025 06:45,4735.97
25/11/2025 06:50,4835.46
25/11/2025 06:55,5002.77
25/11/2025 07:00,4835.07
25/11/2025 07:05,4859.92
25/11/2025 07:10,4960.03
25/11/2025 07:15,4989.15
25/11/2025 07:20,5039.17
25/11/2025 07:25,5110.06
25/11/2025 07:30,5066.91
25/11/2025 07:35,4980.55
25/11/2025 07:40,5229.49
25/11/2025 07:45,5205.76
25/11/2025 07:50,5196.76
25/11/2025 07:55,5326.94
25/11/2025 08:00,5327.2
25/11/2025 08:05,5324.05
25/11/2025 08:10,5418.08
25/11/2025 08:15,5556.03
25/11/2025 08:20,5570.58
25/11/2025 08:25,5668.19
25/11/2025 08:30,5706.25
25/11/2025 08:35,5555.43
25/11/2025 08:40,5648.57
25/11/2025 08:45,5713.56
25/11/2025 08:50,5814.12
25/11/2025 08:55,5786.63
25/11/2025 09:00,5747.74
25/11/2025 09:05,5720.92
25/11/2025 09:10,5656.64
25/11/2025 09:15,5700.86
25/11/2025 09:20,5832.6
25/11/2025 09:25,5635.87
25/11/2025 09:30,5932.1
25/11/2025 09:35,5623.57
25/11/2025 09:40,5891.85
25/11/2025 09:45,5878.74
25/11/2025 09:50,5882.95
25/11/2025 09:55,5948.24
25/11/2025 10:00,5873.46
25/11/2025 10:05,5876.4
25/11/2025 10:10,5948.93
25/11/2025 10:15,5973.82
25/11/2025 10:20,5954.43
25/11/2025 10:25,6017.75
25/11/2025 10:30,5775.31
25/11/2025 10:35,5962.95
25/11/2025 10:40,5903.65
25/11/2025 10:45,5779.94
25/11/2025 10:50,5942.34
25/11/2025 10:55,5864.81
25/11/2025 11:00,6069.27
25/11/2025 11:05,5870.81
25/11/2025 11:10,5906.99
25/11/2025 11:15,5901.19
25/11/2025 11:20,5782.99
25/11/2025 11:25,5820.32
25/11/2025 11:30,5892.38
25/11/2025 11:35,5764.12
25/11/2025 11:40,5725.28
25/11/2025 11:45,5788.61
25/11/2025 11:50,5811.96
25/11/2025 11:55,5829.19
25/11/2025 12:00,5667.17
25/11/2025 12:05,5656.54
25/11/2025 12:10,5722.85
25/11/2025 12:15,5653.06
25/11/2025 12:20,5638.36
25/11/2025 12:25,5553.73
25/11/2025 12:30,5529.08
25/11/2025 12:35,5654.87
25/11/2025 12:40,5650.21
25/11/2025 12:45,5556.12
25/11/2025 12:50,5624.81
25/11/2025 12:55,5511.3
25/11/2025 13:00,5605.97
25/11/2025 13:05,5524.22
25/11/2025 13:10,5588.74
25/11/2025 13:15,5646.94
25/11/2025 13:20,5548.68
25/11/2025 13:25,5672.94
25/11/2025 13:30,5664.91
25/11/2025 13:35,5444.52
25/11/2025 13:40,5590.85
25/11/2025 13:45,5601.25
25/11/2025 13:50,5423.6
25/11/2025 13:55,5763.94
25/11/2025 14:00,5527.11
25/11/2025 14:05,5529.37
25/11/2025 14:10,5433.04
25/11/2025 14:15,5337.17
25/11/2025 14:20,5593.11
25/11/2025 14:25,5415.2
25/11/2025 14:30,5465.61
25/11/2025 14:35,5535.74
25/11/2025 14:40,5548.64
25/11/2025 14:45,5419.46
25/11/2025 14:50,5453.43
25/11/2025 14:55,5388.77
25/11/2025 15:00,5562.87
25/11/2025 15:05,5625.27
25/11/2025 15:10,5576.67
25/11/2025 15:15,5481.52
25/11/2025 15:20,5591.38
25/11/2025 15:25,5666.11
25/11/2025 15:30,5601.4
25/11/2025 15:35,5599.04
25/11/2025 15:40,5683.48
25/11/2025 15:45,5586.35
25/11/2025 15:50,5652.92
25/11/2025 15:55,5789.52
25/11/2025 16:00,5639.1
25/11/2025 16:05,5692.58
25/11/2025 16:10,5686.33
25/11/2025 16:15,5876.82
25/11/2025 16:20,5802.44
25/11/2025 16:25,5810.7
25/11/2025 16:30,5738.24
25/11/2025 16:35,5780.93
25/11/2025 16:40,5720.87
25/11/2025 16:45,5803.19
25/11/2025 16:50,5849.32
25/11/2025 16:55,5999.52
25/11/2025 17:00,5927.82
25/11/2025 17:05,5807.16
25/11/2025 17:10,5882.83
25/11/2025 17:15,5981.31
25/11/2025 17:20,5821.71
25/11/2025 17:25,5869.87
25/11/2025 17:30,5928.47
25/11/2025 17:35,5893.58
25/11/2025 17:40,5940.76
25/11/2025 17:45,5992.73
25/11/2025 17:50,6030.84
25/11/2025 17:55,6033.23
25/11/2025 18:00,6445.53
25/11/2025 18:05,6555.61
25/11/2025 18:10,6509.04
25/11/2025 18:15,6722.61
25/11/2025 18:20,6657.67
25/11/2025 18:25,6687.23
25/11/2025 18:30,6804.63
25/11/2025 18:35,6734.8
25/11/2025 18:40,6850.14
25/11/2025 18:45,6771.16
25/11/2025 18:50,6927.06
25/11/2025 18:55,6792.53
25/11/2025 19:00,6818.18
25/11/2025 19:05,6759.6
25/11/2025 19:10,6890.86
25/11/2025 19:15,6594.6
25/11/2025 19:20,6949.77
25/11/2025 19:25,6965.49
25/11/2025 19:30,6820.27
25/11/2025 19:35,6845.26
25/11/2025 19:40,6806.59
25/11/2025 19:45,6875.46
25/11/2025 19:50,6848.1
25/11/2025 19:55,7003.37
25/11/2025 20:00,7037.75
25/11/2025 20:05,6785.23
25/11/2025 20:10,6692.57
25/11/2025 20:15,6678.33
25/11/2025 20:20,6630.47
25/11/2025 20:25,6706.49
25/11/2025 20:30,6723.92
25/11/2025 20:35,6590.57
25/11/2025 20:40,6578.96
25/11/2025 20:45,6731.8
25/11/2025 20:50,6494.42
25/11/2025 20:55,6549.72
25/11/2025 21:00,6330.25
25/11/2025 21:05,6255.76
25/11/2025 21:10,6078.97
25/11/2025 21:15,6052.73
25/11/2025 21:20,5926.36
25/11/2025 21:25,5989.78
25/11/2025 21:30,5990.5
25/11/2025 21:35,5987.98
25/11/2025 21:40,5902.27
25/11/2025 21:45,5916.76
25/11/2025 21:50,5696.17
25/11/2025 21:55,5717.53
25/11/2025 22:00,5643.09
25/11/2025 22:05,5547.14
25/11/2025 22:10,5659.07
25/11/2025 22:15,5562.36
25/11/2025 22:20,5675.18
25/11/2025 22:25,5605.54
25/11/2025 22:30,5534.81
25/11/2025 22:35,5418.14
25/11/2025 22:40,5392.46
25/11/2025 22:45,5271.48
25/11/2025 22:50,5121.02
25/11/2025 22:55,5143.04
25/11/2025 23:00,5281.28
25/11/2025 23:05,5129.81
25/11/2025 23:10,5055.5
25/11/2025 23:15,5049.61
25/11/2025 23:20,5007.37
25/11/2025 23:25,4995.75
25/11/2025 23:30,4850.38
25/11/2025 23:35,4946.5
25/11/2025 23:40,4742.86
25/11/2025 23:45,4739.61
25/11/2025 23:50,4776.17
25/11/2025 23:55,4703.12
26/11/2025 00:00,4592.99
26/11/2025 00:05,4675.87
26/11/2025 00:10,4476.76
26/11/2025 00:15,4583.62
26/11/2025 00:20,4584.91
26/11/2025 00:25,4539.17
26/11/2025 00:30,4461.43
26/11/2025 00:35,4474.74
26/11/2025 00:40,4502.57
26/11/2025 00:45,4440.5
26/11/2025 00:50,4478.48
26/11/2025 00:55,4473.0
26/11/2025 01:00,4366.1
26/11/2025 01:05,4491.31
26/11/2025 01:10,4550.43
26/11/2025 01:15,4311.18
26/11/2025 01:20,4337.58
26/11/2025 01:25,4338.39
26/11/2025 01:30,4178.09
26/11/2025 01:35,4225.09
26/11/2025 01:40,4398.13
26/11/2025 01:45,4196.71
26/11/2025 01:50,4150.86
26/11/2025 01:55,4162.77
26/11/2025 02:00,3799.47
26/11/2025 02:05,3989.11
26/11/2025 02:10,3778.1
26/11/2025 02:15,3770.57
26/11/2025 02:20,3764.12
26/11/2025 02:25,3665.55
26/11/2025 02:30,3803.33
26/11/2025 02:35,3814.01
26/11/2025 02:40,3824.57
26/11/2025 02:45,3858.88
26/11/2025 02:50,3457.99
26/11/2025 02:55,3835.81
26/11/2025 03:00,3781.85
26/11/2025 03:05,3782.09
26/11/2025 03:10,3812.57
26/11/2025 03:15,3697.51
26/11/2025 03:20,3705.38
26/11/2025 03:25,4024.58
26/11/2025 03:30,3863.09
26/11/2025 03:35,3679.42
26/11/2025 03:40,3756.02
26/11/2025 03:45,3791.28
26/11/2025 03:50,3748.96
26/11/2025 03:55,3715.54
26/11/2025 04:00,3858.12
26/11/2025 04:05,3904.89
26/11/2025 04:10,3803.04
26/11/2025 04:15,3823.25
26/11/2025 04:20,3784.17
26/11/2025 04:25,3620.09
26/11/2025 04:30,3925.7
26/11/2025 04:35,3823.45
26/11/2025 04:40,3778.04
26/11/2025 04:45,3994.89
26/11/2025 04:50,3753.42
26/11/2025 04:55,3867.99
26/11/2025 05:00,4117.78
26/11/2025 05:05,4003.16
26/11/2025 05:10,4132.78
26/11/2025 05:15,4117.13
26/11/2025 05:20,4265.85
26/11/2025 05:25,4277.28
26/11/2025 05:30,4293.39
26/11/2025 05:35,4347.08
26/11/2025 05:40,4249.57
26/11/2025 05:45,4240.12
26/11/2025 05:50,4248.27
26/11/2025 05:55,4405.54
26/11/2025 06:00,4527.61
26/11/2025 06:05,4355.98
26/11/2025 06:10,4539.14
26/11/2025 06:15,4473.86
26/11/2025 06:20,4586.62
26/11/2025 06:25,4639.1
26/11/2025 06:30,4545.27
26/11/2025 06:35,4665.27
26/11/2025 06:40,4761.65
26/11/2025 06:45,4626.0
26/11/2025 06:50,4693.46
26/11/2025 06:55,4776.65
26/11/2025 07:00,4809.06
26/11/2025 07:05,4923.18
26/11/2025 07:10,4831.76
26/11/2025 07:15,5156.57
26/11/2025 07:20,4940.08
26/11/2025 07:25,5117.41
26/11/2025 07:30,5179.2
26/11/2025 07:35,5134.81
26/11/2025 07:40,5030.16
26/11/2025 07:45,5195.53
26/11/2025 07:50,5279.99
26/11/2025 07:55,5292.37
26/11/2025 08:00,5413.0
26/11/2025 08:05,5342.12
26/11/2025 08:10,5468.19
26/11/2025 08:15,5462.57
26/11/2025 08:20,5494.41
26/11/2025 08:25,5628.53
26/11/2025 08:30,5631.16
26/11/2025 08:35,5635.28
26/11/2025 08:40,5795.61
26/11/2025 08:45,5793.41
26/11/2025 08:50,5867.3
26/11/2025 08:55,5739.99
26/11/2025 09:00,5613.11
26/11/2025 09:05,5693.55
26/11/2025 09:10,5742.57
26/11/2025 09:15,5700.89
26/11/2025 09:20,5582.21
26/11/2025 09:25,5826.25
26/11/2025 09:30,5837.06
26/11/2025 09:35,5908.91
26/11/2025 09:40,5886.45
26/11/2025 09:45,5855.83
26/11/2025 09:50,5876.9
26/11/2025 09:55,5859.44
26/11/2025 10:00,5968.15
26/11/2025 10:05,5710.15
26/11/2025 10:10,5778.21
26/11/2025 10:15,5836.14
26/11/2025 10:20,5908.6
26/11/2025 10:25,5928.32
26/11/2025 10:30,5901.7
26/11/2025 10:35,5922.62
26/11/2025 10:40,5851.21
26/11/2025 10:45,6006.32
26/11/2025 10:50,5982.33
26/11/2025 10:55,5850.24
26/11/2025 11:00,5864.67
26/11/2025 11:05,5896.6
26/11/2025 11:10,5923.61
26/11/2025 11:15,5879.23
26/11/2025 11:20,5763.74
26/11/2025 11:25,5789.65
26/11/2025 11:30,5939.98
26/11/2025 11:35,5862.12
26/11/2025 11:40,5783.25
26/11/2025 11:45,5733.59
26/11/2025 11:50,5775.72
26/11/2025 11:55,5768.92
26/11/2025 12:00,5563.05
26/11/2025 12:05,5730.41
26/11/2025 12:10,5671.6
26/11/2025 12:15,5532.96
26/11/2025 12:20,5633.32
26/11/2025 12:25,5711.41
26/11/2025 12:30,5454.85
26/11/2025 12:35,5677.99
26/11/2025 12:40,5609.48
26/11/2025 12:45,5547.07
26/11/2025 12:50,5494.04
26/11/2025 12:55,5736.68
26/11/2025 13:00,5581.04
26/11/2025 13:05,5818.12
26/11/2025 13:10,5614.26
26/11/2025 13:15,5558.91
26/11/2025 13:20,5563.46
26/11/2025 13:25,5686.79
26/11/2025 13:30,5680.41
26/11/2025 13:35,5653.03
26/11/2025 13:40,5600.91
26/11/2025 13:45,5516.57
26/11/2025 13:50,5527.85
26/11/2025 13:55,5626.64
26/11/2025 14:00,5557.86
26/11/2025 14:05,5615.25
26/11/2025 14:10,5516.54
26/11/2025 14:15,5557.76
26/11/2025 14:20,5394.6
26/11/2025 14:25,5452.24
26/11/2025 14:30,5530.31
26/11/2025 14:35,5384.33
26/11/2025 14:40,5512.69
26/11/2025 14:45,5452.08
26/11/2025 14:50,5512.75
26/11/2025 14:55,5522.79
26/11/2025 15:00,5544.11
26/11/2025 15:05,5471.4
26/11/2025 15:10,5658.03
26/11/2025 15:15,5432.26
26/11/2025 15:20,5736.38
26/11/2025 15:25,5601.14
26/11/2025 15:30,5520.94
26/11/2025 15:35,5612.11
26/11/2025 15:40,5695.74
26/11/2025 15:45,5459.12
26/11/2025 15:50,5736.06
26/11/2025 15:55,5719.01
26/11/2025 16:00,5577.11
26/11/2025 16:05,5746.0
26/11/2025 16:10,5687.42
26/11/2025 16:15,5715.0
26/11/2025 16:20,5785.32
26/11/2025 16:25,5779.63
26/11/2025 16:30,5647.18
26/11/2025 16:35,5823.39
26/11/2025 16:40,5768.28
26/11/2025 16:45,5764.33
26/11/2025 16:50,5676.5
26/11/2025 16:55,5748.54
26/11/2025 17:00,6043.86
26/11/2025 17:05,5928.46
26/11/2025 17:10,5845.04
26/11/2025 17:15,5913.83
26/11/2025 17:20,5943.05
26/11/2025 17:25,5968.42
26/11/2025 17:30,6002.4
26/11/2025 17:35,5948.55
26/11/2025 17:40,6134.44
26/11/2025 17:45,5956.8
26/11/2025 17:50,5927.7
26/11/2025 17:55,5904.68
26/11/2025 18:00,6539.67
26/11/2025 18:05,6613.4
26/11/2025 18:10,6653.17
26/11/2025 18:15,6568.06
26/11/2025 18:20,6847.75
26/11/2025 18:25,6627.45
26/11/2025 18:30,6697.79
26/11/2025 18:35,6625.1
26/11/2025 18:40,6874.74
26/11/2025 18:45,6894.93
26/11/2025 18:50,6649.97
26/11/2025 18:55,6845.02
26/11/2025 19:00,6766.11
26/11/2025 19:05,6848.33
26/11/2025 19:10,6842.06
26/11/2025 19:15,6962.92
26/11/2025 19:20,6844.22
26/11/2025 19:25,6946.3
26/11/2025 19:30,6805.54
26/11/2025 19:35,6731.58
26/11/2025 19:40,6734.83
26/11/2025 19:45,6913.28
26/11/2025 19:50,6969.97
26/11/2025 19:55,6870.59
26/11/2025 20:00,6644.96
26/11/2025 20:05,6961.7
26/11/2025 20:10,6709.36
26/11/2025 20:15,6675.03
26/11/2025 20:20,6670.35
26/11/2025 20:25,6584.75
26/11/2025 20:30,6781.87
26/11/2025 20:35,6664.05
26/11/2025 20:40,6682.21
26/11/2025 20:45,6597.97
26/11/2025 20:50,6531.95
26/11/2025 20:55,6629.85
26/11/2025 21:00,6258.19
26/11/2025 21:05,6144.97
26/11/2025 21:10,6214.48
26/11/2025 21:15,6227.5
26/11/2025 21:20,6049.15
26/11/2025 21:25,6035.64
26/11/2025 21:30,5970.6
26/11/2025 21:35,5804.55
26/11/2025 21:40,5915.56
26/11/2025 21:45,5729.45
26/11/2025 21:50,5812.34
26/11/2025 21:55,5896.89
26/11/2025 22:00,5744.17
26/11/2025 22:05,5644.97
26/11/2025 22:10,5649.2
26/11/2025 22:15,5711.21
26/11/2025 22:20,5608.15
26/11/2025 22:25,5462.95
26/11/2025 22:30,5450.83
26/11/2025 22:35,5483.3
26/11/2025 22:40,5513.19
26/11/2025 22:45,5471.38
26/11/2025 22:50,5108.98
26/11/2025 22:55,5315.54
26/11/2025 23:00,5212.6
26/11/2025 23:05,5229.64
26/11/2025 23:10,5092.49
26/11/2025 23:15,5126.61
26/11/2025 23:20,4955.7
26/11/2025 23:25,4933.21
26/11/2025 23:30,4848.68
26/11/2025 23:35,5020.78
26/11/2025 23:40,4885.71
26/11/2025 23:45,4802.31
26/11/2025 23:50,4790.0
26/11/2025 23:55,4698.81
27/11/2025 00:00,4593.74
27/11/2025 00:05,4609.46
27/11/2025 00:10,4574.55
27/11/2025 00:15,4659.71
27/11/2025 00:20,4550.62
27/11/2025 00:25,4457.11
27/11/2025 00:30,4726.32
27/11/2025 00:35,4444.61
27/11/2025 00:40,4535.28
27/11/2025 00:45,4411.57
27/11/2025 00:50,4494.32
27/11/2025 00:55,4532.13
27/11/2025 01:00,4393.84
27/11/2025 01:05,4207.95
27/11/2025 01:10,4398.98
27/11/2025 01:15,4235.95
27/11/2025 01:20,4170.06
27/11/2025 01:25,4212.21
27/11/2025 01:30,4302.65
27/11/2025 01:35,4303.14
27/11/2025 01:40,4196.62
27/11/2025 01:45,4218.29
27/11/2025 01:50,4237.82
27/11/2025 01:55,4164.88
27/11/2025 02:00,3722.6
27/11/2025 02:05,3711.61
27/11/2025 02:10,3792.88
27/11/2025 02:15,3738.44
27/11/2025 02:20,3809.01
27/11/2025 02:25,3807.41
27/11/2025 02:30,3748.45
27/11/2025 02:35,3812.53
27/11/2025 02:40,3880.71
27/11/2025 02:45,3621.46
27/11/2025 02:50,3668.12
27/11/2025 02:55,3612.7
27/11/2025 03:00,3790.47
27/11/2025 03:05,3593.29
27/11/2025 03:10,3813.01
27/11/2025 03:15,3634.37
27/11/2025 03:20,3886.71
27/11/2025 03:25,3841.16
27/11/2025 03:30,3789.94
27/11/2025 03:35,3831.61
27/11/2025 03:40,3852.63
27/11/2025 03:45,3826.19
27/11/2025 03:50,3552.72
27/11/2025 03:55,3826.83
27/11/2025 04:00,3859.08
27/11/2025 04:05,3746.14
27/11/2025 04:10,3665.04
27/11/2025 04:15,3783.55
27/11/2025 04:20,3796.62
27/11/2025 04:25,3764.44
27/11/2025 04:30,3767.56
27/11/2025 04:35,3840.02
27/11/2025 04:40,3787.52
27/11/2025 04:45,3843.67
27/11/2025 04:50,3933.94
27/11/2025 04:55,3736.71
27/11/2025 05:00,4123.61
27/11/2025 05:05,3937.13
27/11/2025 05:10,4168.52
27/11/2025 05:15,4219.77
27/11/2025 05:20,4194.34
27/11/2025 05:25,4126.44
27/11/2025 05:30,4215.81
27/11/2025 05:35,4212.59
27/11/2025 05:40,4275.41
27/11/2025 05:45,4464.76
27/11/2025 05:50,4387.09
27/11/2025 05:55,4211.69
27/11/2025 06:00,4443.74
27/11/2025 06:05,4503.37
27/11/2025 06:10,4309.81
27/11/2025 06:15,4515.73
27/11/2025 06:20,4507.4
27/11/2025 06:25,4586.68
27/11/2025 06:30,4574.1
27/11/2025 06:35,4574.39
27/11/2025 06:40,4558.8
27/11/2025 06:45,4638.69
27/11/2025 06:50,4726.27
27/11/2025 06:55,4692.13
27/11/2025 07:00,4791.31
27/11/2025 07:05,4775.0
27/11/2025 07:10,4956.9
27/11/2025 07:15,5179.25
27/11/2025 07:20,4780.26
27/11/2025 07:25,5187.88
27/11/2025 07:30,5207.33
27/11/2025 07:35,5090.06
27/11/2025 07:40,5055.97
27/11/2025 07:45,5255.68
27/11/2025 07:50,5278.02
27/11/2025 07:55,5458.67
27/11/2025 08:00,5476.4
27/11/2025 08:05,5408.2
27/11/2025 08:10,5535.66
27/11/2025 08:15,5507.5
27/11/2025 08:20,5544.64
27/11/2025 08:25,5437.97
27/11/2025 08:30,5522.11
27/11/2025 08:35,5542.76
27/11/2025 08:40,5716.48
27/11/2025 08:45,5802.95
27/11/2025 08:50,5759.02
27/11/2025 08:55,5861.62
27/11/2025 09:00,5691.33
27/11/2025 09:05,5581.45
27/11/2025 09:10,5621.4
27/11/2025 09:15,5752.33
27/11/2025 09:20,5695.23
27/11/2025 09:25,5841.93
27/11/2025 09:30,5935.68
27/11/2025 09:35,5852.02
27/11/2025 09:40,5854.59
27/11/2025 09:45,6028.23
27/11/2025 09:50,5883.6
27/11/2025 09:55,5969.12
27/11/2025 10:00,6011.12
27/11/2025 10:05,5890.22
27/11/2025 10:10,5839.01
27/11/2025 10:15,5965.72
27/11/2025 10:20,6002.47
27/11/2025 10:25,5945.53
27/11/2025 10:30,5942.31
27/11/2025 10:35,5877.43
27/11/2025 10:40,5981.51
27/11/2025 10:45,5911.08
27/11/2025 10:50,5823.69
27/11/2025 10:55,5883.05
27/11/2025 11:00,5938.48
27/11/2025 11:05,5960.71
27/11/2025 11:10,5932.14
27/11/2025 11:15,5939.94
27/11/2025 11:20,5919.34
27/11/2025 11:25,5935.79
27/11/2025 11:30,5737.74
27/11/2025 11:35,5896.25
27/11/2025 11:40,5867.21
27/11/2025 11:45,5758.41
27/11/2025 11:50,5786.84
27/11/2025 11:55,5819.32
27/11/2025 12:00,5604.79
27/11/2025 12:05,5571.52
27/11/2025 12:10,5605.07
27/11/2025 12:15,5546.55
27/11/2025 12:20,5676.45
27/11/2025 12:25,5752.18
27/11/2025 12:30,5467.68
27/11/2025 12:35,5575.32
27/11/2025 12:40,5733.35
27/11/2025 12:45,5553.96
27/11/2025 12:50,5554.18
27/11/2025 12:55,5390.95
27/11/2025 13:00,5580.17
27/11/2025 13:05,5551.1
27/11/2025 13:10,5651.12
27/11/2025 13:15,5551.01
27/11/2025 13:20,5585.98
27/11/2025 13:25,5534.14
27/11/2025 13:30,5559.62
27/11/2025 13:35,5647.03
27/11/2025 13:40,5468.19
27/11/2025 13:45,5552.64
27/11/2025 13:50,5475.2
27/11/2025 13:55,5354.09
27/11/2025 14:00,5440.9
27/11/2025 14:05,5566.51
27/11/2025 14:10,5527.28
27/11/2025 14:15,5521.37
27/11/2025 14:20,5348.9
27/11/2025 14:25,5635.65
27/11/2025 14:30,5676.94
27/11/2025 14:35,5522.47
27/11/2025 14:40,5400.59
27/11/2025 14:45,5529.8
27/11/2025 14:50,5509.26
27/11/2025 14:55,5635.82
27/11/2025 15:00,5571.11
27/11/2025 15:05,5522.28
27/11/2025 15:10,5467.99
27/11/2025 15:15,5522.86
27/11/2025 15:20,5543.51
27/11/2025 15:25,5574.83
27/11/2025 15:30,5565.29
27/11/2025 15:35,5592.17
27/11/2025 15:40,5590.68
27/11/2025 15:45,5635.59
27/11/2025 15:50,5715.35
27/11/2025 15:55,5692.72
27/11/2025 16:00,5779.45
27/11/2025 16:05,5630.87
27/11/2025 16:10,5731.96
27/11/2025 16:15,5726.15
27/11/2025 16:20,5686.97
27/11/2025 16:25,5853.75
27/11/2025 16:30,5684.54
27/11/2025 16:35,5895.73
27/11/2025 16:40,5659.58
27/11/2025 16:45,5934.98
27/11/2025 16:50,5704.3
27/11/2025 16:55,5836.75
27/11/2025 17:00,5791.17
27/11/2025 17:05,5883.25
27/11/2025 17:10,5894.19
27/11/2025 17:15,5843.88
27/11/2025 17:20,6032.2
27/11/2025 17:25,5945.6
27/11/2025 17:30,5931.35
27/11/2025 17:35,5996.83
27/11/2025 17:40,6007.91
27/11/2025 17:45,5929.58
27/11/2025 17:50,5964.95
27/11/2025 17:55,6116.15
27/11/2025 18:00,6556.03
27/11/2025 18:05,6618.27
27/11/2025 18:10,6517.14
27/11/2025 18:15,6539.05
27/11/2025 18:20,6609.29
27/11/2025 18:25,6657.39
27/11/2025 18:30,6622.5
27/11/2025 18:35,6695.2
27/11/2025 18:40,6710.02
27/11/2025 18:45,6726.23
27/11/2025 18:50,6812.83
27/11/2025 18:55,6793.02
27/11/2025 19:00,6841.26
27/11/2025 19:05,6944.52
27/11/2025 19:10,6997.94
27/11/2025 19:15,6866.66
27/11/2025 19:20,6757.18
27/11/2025 19:25,6948.74
27/11/2025 19:30,6844.52
27/11/2025 19:35,6791.48
27/11/2025 19:40,6904.79
27/11/2025 19:45,6841.95
27/11/2025 19:50,6797.12
27/11/2025 19:55,6765.16
27/11/2025 20:00,6882.96
27/11/2025 20:05,6848.43
27/11/2025 20:10,6791.98
27/11/2025 20:15,6712.34
27/11/2025 20:20,6822.03
27/11/2025 20:25,6752.28
27/11/2025 20:30,6603.57
27/11/2025 20:35,6599.94
27/11/2025 20:40,6669.01
27/11/2025 20:45,6536.43
27/11/2025 20:50,6391.78
27/11/2025 20:55,6559.46
27/11/2025 21:00,6234.92
27/11/2025 21:05,6201.07
27/11/2025 21:10,6060.52
27/11/2025 21:15,5865.42
27/11/2025 21:20,6077.03
27/11/2025 21:25,5965.73
27/11/2025 21:30,5944.48
27/11/2025 21:35,5912.03
27/11/2025 21:40,5861.05
27/11/2025 21:45,5756.11
27/11/2025 21:50,5700.38
27/11/2025 21:55,5755.54
27/11/2025 22:00,5610.28
27/11/2025 22:05,5514.99
27/11/2025 22:10,5744.37
27/11/2025 22:15,5643.73
27/11/2025 22:20,5432.22
27/11/2025 22:25,5429.71
27/11/2025 22:30,5487.61
27/11/2025 22:35,5306.64
27/11/2025 22:40,5369.39
27/11/2025 22:45,5381.16
27/11/2025 22:50,5248.95
27/11/2025 22:55,5212.68
27/11/2025 23:00,5149.83
27/11/2025 23:05,5207.94
27/11/2025 23:10,5009.3
27/11/2025 23:15,5037.07
27/11/2025 23:20,5119.83
27/11/2025 23:25,5157.29
27/11/2025 23:30,4925.19
27/11/2025 23:35,4921.16
27/11/2025 23:40,5013.34
27/11/2025 23:45,4850.87
27/11/2025 23:50,4817.3
27/11/2025 23:55,4700.88
28/11/2025 00:00,4525.0
28/11/2025 00:05,4648.96
28/11/2025 00:10,4531.87
28/11/2025 00:15,4690.26
28/11/2025 00:20,4619.49
28/11/2025 00:25,4412.1
28/11/2025 00:30,4556.45
28/11/2025 00:35,4570.33
28/11/2025 00:40,4582.33
28/11/2025 00:45,4429.31
28/11/2025 00:50,4510.21
28/11/2025 00:55,4414.21
28/11/2025 01:00,4472.97
28/11/2025 01:05,4456.24
28/11/2025 01:10,4259.24
28/11/2025 01:15,4435.36
28/11/2025 01:20,4390.3
28/11/2025 01:25,4309.75
28/11/2025 01:30,4213.6
28/11/2025 01:35,4294.07
28/11/2025 01:40,4319.05
28/11/2025 01:45,4257.31
28/11/2025 01:50,4337.06
28/11/2025 01:55,4042.19
28/11/2025 02:00,3759.39
28/11/2025 02:05,3716.5
28/11/2025 02:10,3769.95
28/11/2025 02:15,3733.9
28/11/2025 02:20,3724.66
28/11/2025 02:25,3811.25
28/11/2025 02:30,3844.83
28/11/2025 02:35,3948.31
28/11/2025 02:40,3876.78
28/11/2025 02:45,3725.8
28/11/2025 02:50,3912.1
28/11/2025 02:55,3920.4
28/11/2025 03:00,3772.22
28/11/2025 03:05,3853.17
28/11/2025 03:10,3803.55
28/11/2025 03:15,4016.32
28/11/2025 03:20,3795.6
28/11/2025 03:25,3829.49
28/11/2025 03:30,3882.31
28/11/2025 03:35,3720.93
28/11/2025 03:40,3645.5
28/11/2025 03:45,3709.04
28/11/2025 03:50,3818.4
28/11/2025 03:55,3588.21
28/11/2025 04:00,3882.37
28/11/2025 04:05,3768.79
28/11/2025 04:10,3945.73
28/11/2025 04:15,3713.34
28/11/2025 04:20,3783.59
28/11/2025 04:25,3738.05
28/11/2025 04:30,3717.17
28/11/2025 04:35,3927.1
28/11/2025 04:40,3782.56
28/11/2025 04:45,3864.92
28/11/2025 04:50,3848.77
28/11/2025 04:55,3850.08
28/11/2025 05:00,4036.24
28/11/2025 05:05,4133.03
28/11/2025 05:10,4043.17
28/11/2025 05:15,4175.06
28/11/2025 05:20,4164.86
28/11/2025 05:25,4238.31
28/11/2025 05:30,4154.76
28/11/2025 05:35,4369.29
28/11/2025 05:40,4179.99
28/11/2025 05:45,4352.78
28/11/2025 05:50,4369.47
28/11/2025 05:55,4465.56
28/11/2025 06:00,4417.57
28/11/2025 06:05,4550.62
28/11/2025 06:10,4433.01
28/11/2025 06:15,4605.3
28/11/2025 06:20,4464.36
28/11/2025 06:25,4592.29
28/11/2025 06:30,4760.09
28/11/2025 06:35,4675.85
28/11/2025 06:40,4618.16
28/11/2025 06:45,4606.26
28/11/2025 06:50,4926.6
28/11/2025 06:55,4834.82
28/11/2025 07:00,4952.61
28/11/2025 07:05,4716.62
28/11/2025 07:10,4874.8
28/11/2025 07:15,5170.79
28/11/2025 07:20,5047.87
28/11/2025 07:25,5145.73
28/11/2025 07:30,5081.86
28/11/2025 07:35,5238.62
28/11/2025 07:40,5195.8
28/11/2025 07:45,5234.66
28/11/2025 07:50,5473.25
28/11/2025 07:55,5277.36
28/11/2025 08:00,5357.73
28/11/2025 08:05,5508.41
28/11/2025 08:10,5448.77
28/11/2025 08:15,5506.81
28/11/2025 08:20,5606.62
28/11/2025 08:25,5696.02
28/11/2025 08:30,5710.12
28/11/2025 08:35,5643.51
28/11/2025 08:40,5805.19
28/11/2025 08:45,5600.88
28/11/2025 08:50,5898.53
28/11/2025 08:55,5780.77
28/11/2025 09:00,5701.78
28/11/2025 09:05,5741.37
28/11/2025 09:10,5669.33
28/11/2025 09:15,5682.55
28/11/2025 09:20,5918.21
28/11/2025 09:25,5761.47
28/11/2025 09:30,5810.65
28/11/2025 09:35,5814.49
28/11/2025 09:40,5986.59
28/11/2025 09:45,5854.74
28/11/2025 09:50,5684.2
28/11/2025 09:55,6050.72
28/11/2025 10:00,5906.69
28/11/2025 10:05,6046.12
28/11/2025 10:10,6048.12
28/11/2025 10:15,5993.26
28/11/2025 10:20,6021.66
28/11/2025 10:25,6073.66
28/11/2025 10:30,5998.59
28/11/2025 10:35,5921.16
28/11/2025 10:40,5886.7
28/11/2025 10:45,6058.05
28/11/2025 10:50,5857.04
28/11/2025 10:55,5674.97
28/11/2025 11:00,5963.31
28/11/2025 11:05,6098.06
28/11/2025 11:10,5925.67
28/11/2025 11:15,5833.2
28/11/2025 11:20,5924.84
28/11/2025 11:25,5812.97
28/11/2025 11:30,5960.08
28/11/2025 11:35,5843.83
28/11/2025 11:40,5719.51
28/11/2025 11:45,5684.98
28/11/2025 11:50,5639.72
28/11/2025 11:55,5817.63
28/11/2025 12:00,5546.0
28/11/2025 12:05,5767.02
28/11/2025 12:10,5487.9
28/11/2025 12:15,5675.18
28/11/2025 12:20,5627.92
28/11/2025 12:25,5599.35
28/11/2025 12:30,5569.51
28/11/2025 12:35,5623.47
28/11/2025 12:40,5563.49
28/11/2025 12:45,5521.32
28/11/2025 12:50,5606.63
28/11/2025 12:55,5571.27
28/11/2025 13:00,5644.91
28/11/2025 13:05,5508.51
28/11/2025 13:10,5378.23
28/11/2025 13:15,5657.38
28/11/2025 13:20,5486.74
28/11/2025 13:25,5503.68
28/11/2025 13:30,5589.54
28/11/2025 13:35,5437.72
28/11/2025 13:40,5443.25
28/11/2025 13:45,5527.27
28/11/2025 13:50,5568.29
28/11/2025 13:55,5596.38
28/11/2025 14:00,5535.68
28/11/2025 14:05,5579.41
28/11/2025 14:10,5460.27
28/11/2025 14:15,5710.87
28/11/2025 14:20,5377.91
28/11/2025 14:25,5579.81
28/11/2025 14:30,5509.98
28/11/2025 14:35,5442.61
28/11/2025 14:40,5492.76
28/11/2025 14:45,5453.64
28/11/2025 14:50,5575.33
28/11/2025 14:55,5550.11
28/11/2025 15:00,5486.69
28/11/2025 15:05,5611.73
28/11/2025 15:10,5410.97
28/11/2025 15:15,5544.46
28/11/2025 15:20,5509.13
28/11/2025 15:25,5507.27
28/11/2025 15:30,5537.28
28/11/2025 15:35,5465.26
28/11/2025 15:40,5767.45
28/11/2025 15:45,5655.43
28/11/2025 15:50,5676.23
28/11/2025 15:55,5766.18
28/11/2025 16:00,5749.19
28/11/2025 16:05,5555.53
28/11/2025 16:10,5646.47
28/11/2025 16:15,5720.39
28/11/2025 16:20,5800.12
28/11/2025 16:25,5719.01
28/11/2025 16:30,5736.1
28/11/2025 16:35,5814.2
28/11/2025 16:40,5841.19
28/11/2025 16:45,5716.86
28/11/2025 16:50,5865.33
28/11/2025 16:55,5691.04
28/11/2025 17:00,5743.34
28/11/2025 17:05,5936.28
28/11/2025 17:10,5934.18
28/11/2025 17:15,5820.92
28/11/2025 17:20,6048.43
28/11/2025 17:25,5875.55
28/11/2025 17:30,5932.96
28/11/2025 17:35,5999.96
28/11/2025 17:40,5908.3
28/11/2025 17:45,5963.56
28/11/2025 17:50,5949.22
28/11/2025 17:55,5951.56
28/11/2025 18:00,6575.8
28/11/2025 18:05,6550.92
28/11/2025 18:10,6603.95
28/11/2025 18:15,6564.93
28/11/2025 18:20,6640.96
28/11/2025 18:25,6610.25
28/11/2025 18:30,6595.49
28/11/2025 18:35,6574.75
28/11/2025 18:40,6766.05
28/11/2025 18:45,6779.28
28/11/2025 18:50,6776.48
28/11/2025 18:55,6913.99
28/11/2025 19:00,6817.48
28/11/2025 19:05,6764.65
28/11/2025 19:10,6877.88
28/11/2025 19:15,6816.32
28/11/2025 19:20,6972.71
28/11/2025 19:25,6825.46
28/11/2025 19:30,6751.71
28/11/2025 19:35,6785.25
28/11/2025 19:40,6860.04
28/11/2025 19:45,6749.01
28/11/2025 19:50,6889.09
28/11/2025 19:55,6774.75
28/11/2025 20:00,6953.68
28/11/2025 20:05,6827.51
28/11/2025 20:10,6657.04
28/11/2025 20:15,6783.05
28/11/2025 20:20,6667.34
28/11/2025 20:25,6736.97
28/11/2025 20:30,6739.4
28/11/2025 20:35,6583.0
28/11/2025 20:40,6780.77
28/11/2025 20:45,6638.61
28/11/2025 20:50,6628.14
28/11/2025 20:55,6659.81
28/11/2025 21:00,6191.29
28/11/2025 21:05,6200.0
28/11/2025 21:10,6009.98
28/11/2025 21:15,5777.33
28/11/2025 21:20,6083.4
28/11/2025 21:25,5991.75
28/11/2025 21:30,5908.04
28/11/2025 21:35,5873.35
28/11/2025 21:40,5897.95
28/11/2025 21:45,5824.85
28/11/2025 21:50,5675.22
28/11/2025 21:55,5784.6
28/11/2025 22:00,5664.69
28/11/2025 22:05,5807.78
28/11/2025 22:10,5495.37
28/11/2025 22:15,5588.97
28/11/2025 22:20,5567.41
28/11/2025 22:25,5376.16
28/11/2025 22:30,5392.01
28/11/2025 22:35,5351.61
28/11/2025 22:40,5439.67
28/11/2025 22:45,5315.33
28/11/2025 22:50,5309.54
28/11/2025 22:55,5112.22
28/11/2025 23:00,5141.03
28/11/2025 23:05,5093.69
28/11/2025 23:10,5187.04
28/11/2025 23:15,5072.66
28/11/2025 23:20,4993.97
28/11/2025 23:25,4902.96
28/11/2025 23:30,4932.65
28/11/2025 23:35,5018.21
28/11/2025 23:40,4808.14
28/11/2025 23:45,4795.91
28/11/2025 23:50,4809.23
28/11/2025 23:55,4733.9
29/11/2025 00:00,4390.12
29/11/2025 00:05,4368.42
29/11/2025 00:10,4298.86
29/11/2025 00:15,4422.96
29/11/2025 00:20,4277.6
29/11/2025 00:25,4216.15
29/11/2025 00:30,4323.41
29/11/2025 00:35,4347.88
29/11/2025 00:40,4236.25
29/11/2025 00:45,4219.53
29/11/2025 00:50,4185.73
29/11/2025 00:55,4172.93
29/11/2025 01:00,4067.41
29/11/2025 01:05,4158.01
29/11/2025 01:10,4087.14
29/11/2025 01:15,4069.36
29/11/2025 01:20,4121.89
29/11/2025 01:25,3973.99
29/11/2025 01:30,3955.94
29/11/2025 01:35,4102.01
29/11/2025 01:40,4092.53
29/11/2025 01:45,4068.43
29/11/2025 01:50,3905.37
29/11/2025 01:55,4054.29
29/11/2025 02:00,3615.92
29/11/2025 02:05,3459.24
29/11/2025 02:10,3766.94
29/11/2025 02:15,3513.54
29/11/2025 02:20,3635.7
29/11/2025 02:25,3647.37
29/11/2025 02:30,3452.44
29/11/2025 02:35,3462.5
29/11/2025 02:40,3579.57
29/11/2025 02:45,3586.6
29/11/2025 02:50,3454.93
29/11/2025 02:55,3619.65
29/11/2025 03:00,3514.94
29/11/2025 03:05,3419.11
29/11/2025 03:10,3537.82
29/11/2025 03:15,3583.65
29/11/2025 03:20,3342.34
29/11/2025 03:25,3414.75
29/11/2025 03:30,3527.2
29/11/2025 03:35,3599.23
29/11/2025 03:40,3550.37
29/11/2025 03:45,3547.66
29/11/2025 03:50,3495.55
29/11/2025 03:55,3594.13
29/11/2025 04:00,3621.24
29/11/2025 04:05,3500.28
29/11/2025 04:10,3415.32
29/11/2025 04:15,3581.97
29/11/2025 04:20,3523.55
29/11/2025 04:25,3576.33
29/11/2025 04:30,3582.48
29/11/2025 04:35,3640.65
29/11/2025 04:40,3485.23
29/11/2025 04:45,3538.42
29/11/2025 04:50,3708.63
29/11/2025 04:55,3506.64
29/11/2025 05:00,3842.34
29/11/2025 05:05,3855.0
29/11/2025 05:10,3771.91
29/11/2025 05:15,3899.83
29/11/2025 05:20,3877.9
29/11/2025 05:25,3803.66
29/11/2025 05:30,3879.35
29/11/2025 05:35,4028.61
29/11/2025 05:40,3983.96
29/11/2025 05:45,4010.84
29/11/2025 05:50,4069.76
29/11/2025 05:55,4192.56
29/11/2025 06:00,4150.61
29/11/2025 06:05,4173.56
29/11/2025 06:10,4446.27
29/11/2025 06:15,4183.95
29/11/2025 06:20,4351.42
29/11/2025 06:25,4371.91
29/11/2025 06:30,4279.34
29/11/2025 06:35,4335.16
29/11/2025 06:40,4624.29
29/11/2025 06:45,4496.79
29/11/2025 06:50,4496.83
29/11/2025 06:55,4491.81
29/11/2025 07:00,4495.51
29/11/2025 07:05,4590.38
29/11/2025 07:10,4794.87
29/11/2025 07:15,4840.43
29/11/2025 07:20,4752.94
29/11/2025 07:25,4831.36
29/11/2025 07:30,4787.56
29/11/2025 07:35,5093.72
29/11/2025 07:40,4909.27
29/11/2025 07:45,4935.5
29/11/2025 07:50,5080.12
29/11/2025 07:55,4999.64
29/11/2025 08:00,5204.67
29/11/2025 08:05,5234.49
29/11/2025 08:10,5157.0
29/11/2025 08:15,5349.69
29/11/2025 08:20,5339.18
29/11/2025 08:25,5460.82
29/11/2025 08:30,5486.75
29/11/2025 08:35,5407.15
29/11/2025 08:40,5395.38
29/11/2025 08:45,5633.39
29/11/2025 08:50,5618.31
29/11/2025 08:55,5671.92
29/11/2025 09:00,5373.01
29/11/2025 09:05,5432.55
29/11/2025 09:10,5491.64
29/11/2025 09:15,5415.05
29/11/2025 09:20,5594.85
29/11/2025 09:25,5616.1
29/11/2025 09:30,5621.17
29/11/2025 09:35,5681.48
29/11/2025 09:40,5416.29
29/11/2025 09:45,5773.3
29/11/2025 09:50,5792.64
29/11/2025 09:55,5709.25
29/11/2025 10:00,5761.24
29/11/2025 10:05,5665.03
29/11/2025 10:10,5609.65
29/11/2025 10:15,5905.55
29/11/2025 10:20,5747.58
29/11/2025 10:25,5664.88
29/11/2025 10:30,5572.77
29/11/2025 10:35,5669.66
29/11/2025 10:40,5684.82
29/11/2025 10:45,5668.07
29/11/2025 10:50,5648.89
29/11/2025 10:55,5627.43
29/11/2025 11:00,5810.36
29/11/2025 11:05,5601.37
29/11/2025 11:10,5808.59
29/11/2025 11:15,5621.12
29/11/2025 11:20,5514.95
29/11/2025 11:25,5479.44
29/11/2025 11:30,5640.4
29/11/2025 11:35,5418.41
29/11/2025 11:40,5463.16
29/11/2025 11:45,5547.78
29/11/2025 11:50,5404.18
29/11/2025 11:55,5604.45
29/11/2025 12:00,5438.9
29/11/2025 12:05,5284.75
29/11/2025 12:10,5288.02
29/11/2025 12:15,5330.97
29/11/2025 12:20,5449.8
29/11/2025 12:25,5389.97
29/11/2025 12:30,5261.52
29/11/2025 12:35,5399.51
29/11/2025 12:40,5331.45
29/11/2025 12:45,5357.17
29/11/2025 12:50,5369.22
29/11/2025 12:55,5346.35
29/11/2025 13:00,5299.19
29/11/2025 13:05,5232.64
29/11/2025 13:10,5333.77
29/11/2025 13:15,5251.59
29/11/2025 13:20,5208.29
29/11/2025 13:25,5276.44
29/11/2025 13:30,5268.07
29/11/2025 13:35,5357.63
29/11/2025 13:40,5208.73
29/11/2025 13:45,5247.39
29/11/2025 13:50,5287.33
29/11/2025 13:55,5353.87
29/11/2025 14:00,5266.85
29/11/2025 14:05,5236.5
29/11/2025 14:10,5230.5
29/11/2025 14:15,5146.31
29/11/2025 14:20,5213.62
29/11/2025 14:25,5288.88
29/11/2025 14:30,5315.32
29/11/2025 14:35,5333.63
29/11/2025 14:40,5184.84
29/11/2025 14:45,5284.53
29/11/2025 14:50,5306.51
29/11/2025 14:55,5394.23
29/11/2025 15:00,5250.41
29/11/2025 15:05,5226.37
29/11/2025 15:10,5411.62
29/11/2025 15:15,5427.64
29/11/2025 15:20,5357.75
29/11/2025 15:25,5401.26
29/11/2025 15:30,5245.9
29/11/2025 15:35,5235.22
29/11/2025 15:40,5396.28
29/11/2025 15:45,5366.37
29/11/2025 15:50,5383.9
29/11/2025 15:55,5286.16
29/11/2025 16:00,5478.56
29/11/2025 16:05,5460.89
29/11/2025 16:10,5437.36
29/11/2025 16:15,5340.47
29/11/2025 16:20,5605.86
29/11/2025 16:25,5432.18
29/11/2025 16:30,5433.79
29/11/2025 16:35,5715.26
29/11/2025 16:40,5420.17
29/11/2025 16:45,5552.01
29/11/2025 16:50,5492.92
29/11/2025 16:55,5571.62
29/11/2025 17:00,5485.62
29/11/2025 17:05,5651.1
29/11/2025 17:10,5537.02
29/11/2025 17:15,5644.87
29/11/2025 17:20,5728.5
29/11/2025 17:25,5748.49
29/11/2025 17:30,5845.63
29/11/2025 17:35,5650.64
29/11/2025 17:40,5745.94
29/11/2025 17:45,5732.8
29/11/2025 17:50,5638.97
29/11/2025 17:55,5717.55
29/11/2025 18:00,6133.93
29/11/2025 18:05,6244.31
29/11/2025 18:10,6294.73
29/11/2025 18:15,6361.05
29/11/2025 18:20,6246.82
29/11/2025 18:25,6466.68
29/11/2025 18:30,6387.31
29/11/2025 18:35,6546.43
29/11/2025 18:40,6503.13
29/11/2025 18:45,6465.3
29/11/2025 18:50,6478.38
29/11/2025 18:55,6702.71
29/11/2025 19:00,6625.26
29/11/2025 19:05,6751.08
29/11/2025 19:10,6623.25
29/11/2025 19:15,6517.29
29/11/2025 19:20,6585.49
29/11/2025 19:25,6710.64
29/11/2025 19:30,6742.85
29/11/2025 19:35,6539.59
29/11/2025 19:40,6560.3
29/11/2025 19:45,6719.1
29/11/2025 19:50,6591.9
29/11/2025 19:55,6613.91
29/11/2025 20:00,6696.2
29/11/2025 20:05,6705.3
29/11/2025 20:10,6382.67
29/11/2025 20:15,6462.27
29/11/2025 20:20,6428.72
29/11/2025 20:25,6318.71
29/11/2025 20:30,6462.46
29/11/2025 20:35,6431.05
29/11/2025 20:40,6353.52
29/11/2025 20:45,6348.82
29/11/2025 20:50,6334.68
29/11/2025 20:55,6196.63
29/11/2025 21:00,5987.46
29/11/2025 21:05,6098.93
29/11/2025 21:10,5935.75
29/11/2025 21:15,5894.27
29/11/2025 21:20,5778.87
29/11/2025 21:25,5810.75
29/11/2025 21:30,5740.92
29/11/2025 21:35,5685.19
29/11/2025 21:40,5506.76
29/11/2025 21:45,5620.48
29/11/2025 21:50,5506.81
29/11/2025 21:55,5623.27
29/11/2025 22:00,5467.05
29/11/2025 22:05,5672.06
29/11/2025 22:10,5174.86
29/11/2025 22:15,5355.17
29/11/2025 22:20,5302.76
29/11/2025 22:25,5398.73
29/11/2025 22:30,5193.08
29/11/2025 22:35,5162.04
29/11/2025 22:40,5186.58
29/11/2025 22:45,5205.87
29/11/2025 22:50,5068.29
29/11/2025 22:55,4979.68
29/11/2025 23:00,5037.55
29/11/2025 23:05,4784.5
29/11/2025 23:10,4945.44
29/11/2025 23:15,4781.18
29/11/2025 23:20,4752.48
29/11/2025 23:25,4812.01
29/11/2025 23:30,4804.28
29/11/2025 23:35,4610.46
29/11/2025 23:40,4579.02
29/11/2025 23:45,4590.2
29/11/2025 23:50,4575.97
29/11/2025 23:55,4424.61
30/11/2025 00:00,4507.96
30/11/2025 00:05,4319.17
30/11/2025 00:10,4367.61
30/11/2025 00:15,4365.25
30/11/2025 00:20,4255.43
30/11/2025 00:25,4353.33
30/11/2025 00:30,4185.01
30/11/2025 00:35,4338.61
30/11/2025 00:40,4315.43
30/11/2025 00:45,4243.5
30/11/2025 00:50,4370.25
30/11/2025 00:55,4116.6
30/11/2025 01:00,4281.22
30/11/2025 01:05,3986.72
30/11/2025 01:10,4041.95
30/11/2025 01:15,4038.5
30/11/2025 01:20,4150.99
30/11/2025 01:25,4071.04
30/11/2025 01:30,4069.56
30/11/2025 01:35,4124.54
30/11/2025 01:40,4061.81
30/11/2025 01:45,3985.76
30/11/2025 01:50,3843.57
30/11/2025 01:55,3956.21
30/11/2025 02:00,3628.56
30/11/2025 02:05,3473.72
30/11/2025 02:10,3350.54
30/11/2025 02:15,3601.23
30/11/2025 02:20,3465.75
30/11/2025 02:25,3436.65
30/11/2025 02:30,3352.7
30/11/2025 02:35,3555.53
30/11/2025 02:40,3506.82
30/11/2025 02:45,3733.84
30/11/2025 02:50,3474.71
30/11/2025 02:55,3571.23
30/11/2025 03:00,3470.07
30/11/2025 03:05,3440.19
30/11/2025 03:10,3512.73
30/11/2025 03:15,3485.42
30/11/2025 03:20,3447.99
30/11/2025 03:25,3561.63
30/11/2025 03:30,3473.8
30/11/2025 03:35,3524.56
30/11/2025 03:40,3549.03
30/11/2025 03:45,3784.85
30/11/2025 03:50,3405.01
30/11/2025 03:55,3612.22
30/11/2025 04:00,3536.73
30/11/2025 04:05,3517.53
30/11/2025 04:10,3544.67
30/11/2025 04:15,3525.28
30/11/2025 04:20,3576.16
30/11/2025 04:25,3513.07
30/11/2025 04:30,3509.82
30/11/2025 04:35,3677.66
30/11/2025 04:40,3594.7
30/11/2025 04:45,3480.92
30/11/2025 04:50,3515.42
30/11/2025 04:55,3565.26
30/11/2025 05:00,3884.46
30/11/2025 05:05,3838.31
30/11/2025 05:10,3981.47
30/11/2025 05:15,4108.18
30/11/2025 05:20,3853.06
30/11/2025 05:25,3875.4
30/11/2025 05:30,3902.73
30/11/2025 05:35,3976.59
30/11/2025 05:40,4021.0
30/11/2025 05:45,4158.87
30/11/2025 05:50,3951.88
30/11/2025 05:55,4142.9
30/11/2025 06:00,4249.67
30/11/2025 06:05,4273.31
30/11/2025 06:10,4313.46
30/11/2025 06:15,4272.44
30/11/2025 06:20,4303.12
30/11/2025 06:25,4131.94
30/11/2025 06:30,4371.24
30/11/2025 06:35,4269.64
30/11/2025 06:40,4398.97
30/11/2025 06:45,4412.23
30/11/2025 06:50,4459.6
30/11/2025 06:55,4531.4
30/11/2025 07:00,4716.61
30/11/2025 07:05,4654.7
30/11/2025 07:10,4686.22
30/11/2025 07:15,4678.7
30/11/2025 07:20,4771.93
30/11/2025 07:25,4794.4
30/11/2025 07:30,4779.37
30/11/2025 07:35,4912.86
30/11/2025 07:40,4914.73
30/11/2025 07:45,4978.37
30/11/2025 07:50,5030.08
30/11/2025 07:55,5112.64
30/11/2025 08:00,5103.32
30/11/2025 08:05,5237.66
30/11/2025 08:10,5258.62
30/11/2025 08:15,5173.29
30/11/2025 08:20,5396.11
30/11/2025 08:25,5194.84
30/11/2025 08:30,5378.83
30/11/2025 08:35,5337.43
30/11/2025 08:40,5455.34
30/11/2025 08:45,5446.26
30/11/2025 08:50,5561.44
30/11/2025 08:55,5569.31
30/11/2025 09:00,5534.1
30/11/2025 09:05,5375.2
30/11/2025 09:10,5552.93
30/11/2025 09:15,5478.08
30/11/2025 09:20,5603.61
30/11/2025 09:25,5512.9
30/11/2025 09:30,5580.2
30/11/2025 09:35,5747.95
30/11/2025 09:40,5514.46
30/11/2025 09:45,5700.28
30/11/2025 09:50,5616.38
30/11/2025 09:55,5709.22
30/11/2025 10:00,5653.36
30/11/2025 10:05,5734.73
30/11/2025 10:10,5768.64
30/11/2025 10:15,5685.06
30/11/2025 10:20,5675.56
30/11/2025 10:25,5605.62
30/11/2025 10:30,5589.84
30/11/2025 10:35,5670.35
30/11/2025 10:40,5704.1
30/11/2025 10:45,5739.49
30/11/2025 10:50,5729.9
30/11/2025 10:55,5684.74
30/11/2025 11:00,5710.75
30/11/2025 11:05,5704.21
30/11/2025 11:10,5700.67
30/11/2025 11:15,5597.33
30/11/2025 11:20,5652.47
30/11/2025 11:25,5768.41
30/11/2025 11:30,5626.7
30/11/2025 11:35,5610.98
30/11/2025 11:40,5515.58
30/11/2025 11:45,5484.92
30/11/2025 11:50,5495.55
30/11/2025 11:55,5438.88
30/11/2025 12:00,5426.68
30/11/2025 12:05,5526.38
30/11/2025 12:10,5336.35
30/11/2025 12:15,5359.16
30/11/2025 12:20,5361.47
30/11/2025 12:25,5328.55
30/11/2025 12:30,5350.72
30/11/2025 12:35,5342.32
30/11/2025 12:40,5390.05
30/11/2025 12:45,5432.26
30/11/2025 12:50,5384.64
30/11/2025 12:55,5213.06
30/11/2025 13:00,5285.81
30/11/2025 13:05,5218.63
30/11/2025 13:10,5275.79
30/11/2025 13:15,5344.23
30/11/2025 13:20,5365.01
30/11/2025 13:25,5197.5
30/11/2025 13:30,5312.1
30/11/2025 13:35,5182.81
30/11/2025 13:40,5242.05
30/11/2025 13:45,5250.72
30/11/2025 13:50,5257.74
30/11/2025 13:55,5185.19
30/11/2025 14:00,5277.52
30/11/2025 14:05,5287.58
30/11/2025 14:10,5374.47
30/11/2025 14:15,5272.52
30/11/2025 14:20,5181.51
30/11/2025 14:25,5199.98
30/11/2025 14:30,5372.89
30/11/2025 14:35,5210.55
30/11/2025 14:40,5322.47
30/11/2025 14:45,5251.03
30/11/2025 14:50,5176.2
30/11/2025 14:55,5226.54
30/11/2025 15:00,5224.09
30/11/2025 15:05,5246.85
30/11/2025 15:10,5369.73
30/11/2025 15:15,5139.53
30/11/2025 15:20,5403.94
30/11/2025 15:25,5327.55
30/11/2025 15:30,5328.02
30/11/2025 15:35,5287.44
30/11/2025 15:40,5411.92
30/11/2025 15:45,5252.78
30/11/2025 15:50,5296.14
30/11/2025 15:55,5362.9
30/11/2025 16:00,5423.18
30/11/2025 16:05,5456.62
30/11/2025 16:10,5583.11
30/11/2025 16:15,5529.96
30/11/2025 16:20,5484.14
30/11/2025 16:25,5491.26
30/11/2025 16:30,5548.98
30/11/2025 16:35,5623.73
30/11/2025 16:40,5624.34
30/11/2025 16:45,5548.44
30/11/2025 16:50,5522.66
30/11/2025 16:55,5562.96
30/11/2025 17:00,5717.4
30/11/2025 17:05,5669.47
30/11/2025 17:10,5746.72
30/11/2025 17:15,5762.34
30/11/2025 17:20,5608.51
30/11/2025 17:25,5641.06
30/11/2025 17:30,5699.5
30/11/2025 17:35,5620.8
30/11/2025 17:40,5791.27
30/11/2025 17:45,5839.82
30/11/2025 17:50,5841.9
30/11/2025 17:55,5740.28
30/11/2025 18:00,6048.7
30/11/2025 18:05,6230.54
30/11/2025 18:10,6230.66
30/11/2025 18:15,6450.41
30/11/2025 18:20,6416.83
30/11/2025 18:25,6400.93
30/11/2025 18:30,6455.64
30/11/2025 18:35,6453.89
30/11/2025 18:40,6499.1
30/11/2025 18:45,6416.42
30/11/2025 18:50,6523.35
30/11/2025 18:55,6418.68
30/11/2025 19:00,6477.36
30/11/2025 19:05,6513.81
30/11/2025 19:10,6526.04
30/11/2025 19:15,6579.27
30/11/2025 19:20,6655.65
30/11/2025 19:25,6668.96
30/11/2025 19:30,6583.7
30/11/2025 19:35,6622.81
30/11/2025 19:40,6667.99
30/11/2025 19:45,6670.09
30/11/2025 19:50,6594.56
30/11/2025 19:55,6602.91
30/11/2025 20:00,6552.17
30/11/2025 20:05,6582.49
30/11/2025 20:10,6428.23
30/11/2025 20:15,6409.24
30/11/2025 20:20,6583.73
30/11/2025 20:25,6444.0
30/11/2025 20:30,6499.81
30/11/2025 20:35,6492.1
30/11/2025 20:40,6330.41
30/11/2025 20:45,6333.37
30/11/2025 20:50,6488.05
30/11/2025 20:55,6092.2
30/11/2025 21:00,6027.04
30/11/2025 21:05,5921.67
30/11/2025 21:10,5811.2
30/11/2025 21:15,5748.07
30/11/2025 21:20,5685.3
30/11/2025 21:25,5822.77
30/11/2025 21:30,5720.18
30/11/2025 21:35,5568.45
30/11/2025 21:40,5394.01
30/11/2025 21:45,5521.55
30/11/2025 21:50,5578.76
30/11/2025 21:55,5361.39
30/11/2025 22:00,5421.95
30/11/2025 22:05,5326.08
30/11/2025 22:10,5339.33
30/11/2025 22:15,5371.72
30/11/2025 22:20,5215.76
30/11/2025 22:25,5311.16
30/11/2025 22:30,5162.51
30/11/2025 22:35,5244.7
30/11/2025 22:40,5191.72
30/11/2025 22:45,5158.22
30/11/2025 22:50,5078.02
30/11/2025 22:55,5026.56
30/11/2025 23:00,5124.62
30/11/2025 23:05,5103.9
30/11/2025 23:10,4916.24
30/11/2025 23:15,4840.67
30/11/2025 23:20,4773.17
30/11/2025 23:25,4824.23
30/11/2025 23:30,4626.3
30/11/2025 23:35,4591.98
30/11/2025 23:40,4547.33
30/11/2025 23:45,4434.34
30/11/2025 23:50,4391.35
30/11/2025 23:55,4544.92
01/12/2025 00:00,3661.34
01/12/2025 00:05,3718.71
01/12/2025 00:10,3784.59
01/12/2025 00:15,3757.51
01/12/2025 00:20,3884.84
01/12/2025 00:25,3621.07
01/12/2025 00:30,3730.81
01/12/2025 00:35,3687.89
01/12/2025 00:40,3604.01
01/12/2025 00:45,3757.04
01/12/2025 00:50,3668.92
01/12/2025 00:55,3689.69
01/12/2025 01:00,3616.41
01/12/2025 01:05,3549.27
01/12/2025 01:10,3454.55
01/12/2025 01:15,3479.59
01/12/2025 01:20,3517.21
01/12/2025 01:25,3581.91
01/12/2025 01:30,3431.32
01/12/2025 01:35,3465.98
01/12/2025 01:40,3358.97
01/12/2025 01:45,3452.49
01/12/2025 01:50,3402.7
01/12/2025 01:55,3491.49
01/12/2025 02:00,2881.74
01/12/2025 02:05,2868.97
01/12/2025 02:10,2919.52
01/12/2025 02:15,3164.9
01/12/2025 02:20,2921.07
01/12/2025 02:25,3070.92
01/12/2025 02:30,2806.45
01/12/2025 02:35,3088.2
01/12/2025 02:40,2890.0
01/12/2025 02:45,2911.79
01/12/2025 02:50,2937.69
01/12/2025 02:55,2793.59
01/12/2025 03:00,2967.63
01/12/2025 03:05,2829.83
01/12/2025 03:10,2993.58
01/12/2025 03:15,2907.9
01/12/2025 03:20,2981.0
01/12/2025 03:25,2881.08
01/12/2025 03:30,3012.72
01/12/2025 03:35,3170.49
01/12/2025 03:40,2829.65
01/12/2025 03:45,2647.42
01/12/2025 03:50,2901.91
01/12/2025 03:55,2929.95
01/12/2025 04:00,2970.73
01/12/2025 04:05,2879.87
01/12/2025 04:10,2915.6
01/12/2025 04:15,2979.74
01/12/2025 04:20,2859.04
01/12/2025 04:25,2869.32
01/12/2025 04:30,2900.58
01/12/2025 04:35,3016.04
01/12/2025 04:40,2931.04
01/12/2025 04:45,2856.04
01/12/2025 04:50,3014.66
01/12/2025 04:55,2853.52
01/12/2025 05:00,3152.85
01/12/2025 05:05,3246.1
01/12/2025 05:10,3211.0
01/12/2025 05:15,3395.08
01/12/2025 05:20,3349.88
01/12/2025 05:25,3375.53
01/12/2025 05:30,3333.38
01/12/2025 05:35,3303.62
01/12/2025 05:40,3461.44
01/12/2025 05:45,3478.14
01/12/2025 05:50,3574.66
01/12/2025 05:55,3469.35
01/12/2025 06:00,3565.88
01/12/2025 06:05,3661.33
01/12/2025 06:10,3753.87
01/12/2025 06:15,3612.4
01/12/2025 06:20,3703.42
01/12/2025 06:25,3763.0
01/12/2025 06:30,3751.93
01/12/2025 06:35,3862.6
01/12/2025 06:40,3888.63
01/12/2025 06:45,3788.84
01/12/2025 06:50,3940.58
01/12/2025 06:55,3917.69
01/12/2025 07:00,3968.19
01/12/2025 07:05,3940.55
01/12/2025 07:10,4043.72
01/12/2025 07:15,4097.03
01/12/2025 07:20,4202.22
01/12/2025 07:25,4276.4
01/12/2025 07:30,4269.26
01/12/2025 07:35,4389.66
01/12/2025 07:40,4315.6
01/12/2025 07:45,4400.3
01/12/2025 07:50,4354.94
01/12/2025 07:55,4522.63
01/12/2025 08:00,4608.9
01/12/2025 08:05,4652.44
01/12/2025 08:10,4623.43
01/12/2025 08:15,4691.29
01/12/2025 08:20,4651.31
01/12/2025 08:25,4631.73
01/12/2025 08:30,4788.24
01/12/2025 08:35,4828.07
01/12/2025 08:40,4763.39
01/12/2025 08:45,4935.6
01/12/2025 08:50,4883.56
01/12/2025 08:55,4966.43
01/12/2025 09:00,4865.32
01/12/2025 09:05,4847.68
01/12/2025 09:10,4900.91
01/12/2025 09:15,4979.32
01/12/2025 09:20,4892.34
01/12/2025 09:25,4825.5
01/12/2025 09:30,4868.98
01/12/2025 09:35,4986.24
01/12/2025 09:40,5015.73
01/12/2025 09:45,5086.35
01/12/2025 09:50,5040.78
01/12/2025 09:55,4986.9
01/12/2025 10:00,5201.47
01/12/2025 10:05,4971.78
01/12/2025 10:10,5105.83
01/12/2025 10:15,5170.44
01/12/2025 10:20,5178.4
01/12/2025 10:25,5112.89
01/12/2025 10:30,5076.47
01/12/2025 10:35,5029.06
01/12/2025 10:40,5061.55
01/12/2025 10:45,5113.52
01/12/2025 10:50,5294.88
01/12/2025 10:55,5179.11
01/12/2025 11:00,5079.11
01/12/2025 11:05,5061.5
01/12/2025 11:10,5158.47
01/12/2025 11:15,4961.15
01/12/2025 11:20,5012.85
01/12/2025 11:25,4901.68
01/12/2025 11:30,4947.28
01/12/2025 11:35,4908.16
01/12/2025 11:40,4826.99
01/12/2025 11:45,4773.21
01/12/2025 11:50,4997.44
01/12/2025 11:55,4982.99
01/12/2025 12:00,4782.77
01/12/2025 12:05,4735.3
01/12/2025 12:10,4851.66
01/12/2025 12:15,4736.36
01/12/2025 12:20,4690.7
01/12/2025 12:25,4761.73
01/12/2025 12:30,4851.27
01/12/2025 12:35,4711.75
01/12/2025 12:40,4817.69
01/12/2025 12:45,4796.9
01/12/2025 12:50,4718.19
01/12/2025 12:55,4690.91
01/12/2025 13:00,4589.5
01/12/2025 13:05,4601.58
01/12/2025 13:10,4785.62
01/12/2025 13:15,4654.68
01/12/2025 13:20,4835.48
01/12/2025 13:25,4717.79
01/12/2025 13:30,4618.21
01/12/2025 13:35,4666.68
01/12/2025 13:40,4440.87
01/12/2025 13:45,4789.46
01/12/2025 13:50,4636.78
01/12/2025 13:55,4684.03
01/12/2025 14:00,4705.91
01/12/2025 14:05,4654.63
01/12/2025 14:10,4667.77
01/12/2025 14:15,4676.7
01/12/2025 14:20,4553.38
01/12/2025 14:25,4526.01
01/12/2025 14:30,4562.8
01/12/2025 14:35,4617.51
01/12/2025 14:40,4620.52
01/12/2025 14:45,4527.28
01/12/2025 14:50,4680.26
01/12/2025 14:55,4576.65
01/12/2025 15:00,4715.81
01/12/2025 15:05,4745.92
01/12/2025 15:10,4670.41
01/12/2025 15:15,4765.31
01/12/2025 15:20,4667.94
01/12/2025 15:25,4844.57
01/12/2025 15:30,4754.3
01/12/2025 15:35,4688.24
01/12/2025 15:40,4780.84
01/12/2025 15:45,4899.89
01/12/2025 15:50,4883.65
01/12/2025 15:55,4884.53
01/12/2025 16:00,4781.62
01/12/2025 16:05,4882.57
01/12/2025 16:10,4755.18
01/12/2025 16:15,4716.9
01/12/2025 16:20,4859.0
01/12/2025 16:25,4847.52
01/12/2025 16:30,5058.69
01/12/2025 16:35,5119.77
01/12/2025 16:40,4836.95
01/12/2025 16:45,4860.59
01/12/2025 16:50,4951.62
01/12/2025 16:55,4867.87
01/12/2025 17:00,5086.12
01/12/2025 17:05,5174.09
01/12/2025 17:10,5049.14
01/12/2025 17:15,5133.18
01/12/2025 17:20,5028.66
01/12/2025 17:25,5034.75
01/12/2025 17:30,5083.21
01/12/2025 17:35,5055.12
01/12/2025 17:40,5104.9
01/12/2025 17:45,5154.72
01/12/2025 17:50,5214.54
01/12/2025 17:55,5132.2
01/12/2025 18:00,5639.06
01/12/2025 18:05,5627.29
01/12/2025 18:10,5673.95
01/12/2025 18:15,5690.11
01/12/2025 18:20,5752.23
01/12/2025 18:25,5708.16
01/12/2025 18:30,6055.93
01/12/2025 18:35,5819.38
01/12/2025 18:40,5958.09
01/12/2025 18:45,5924.44
01/12/2025 18:50,6047.51
01/12/2025 18:55,6022.35
01/12/2025 19:00,5861.47
01/12/2025 19:05,6061.79
01/12/2025 19:10,5867.24
01/12/2025 19:15,5872.91
01/12/2025 19:20,5933.75
01/12/2025 19:25,5974.53
01/12/2025 19:30,6039.4
01/12/2025 19:35,6020.13
01/12/2025 19:40,6037.04
01/12/2025 19:45,6066.0
01/12/2025 19:50,5986.55
01/12/2025 19:55,6009.07
01/12/2025 20:00,5975.16
01/12/2025 20:05,5801.5
01/12/2025 20:10,5961.03
01/12/2025 20:15,5935.69
01/12/2025 20:20,6048.95
01/12/2025 20:25,5869.62
01/12/2025 20:30,5770.84
01/12/2025 20:35,5713.8
01/12/2025 20:40,5709.11
01/12/2025 20:45,5896.05
01/12/2025 20:50,5735.37
01/12/2025 20:55,5745.69
01/12/2025 21:00,5445.79
01/12/2025 21:05,5238.43
01/12/2025 21:10,5346.99
01/12/2025 21:15,5222.5
01/12/2025 21:20,5039.42
01/12/2025 21:25,5198.48
01/12/2025 21:30,4948.03
01/12/2025 21:35,5130.17
01/12/2025 21:40,4830.51
01/12/2025 21:45,4934.78
01/12/2025 21:50,4850.5
01/12/2025 21:55,4821.27
01/12/2025 22:00,4893.64
01/12/2025 22:05,4663.99
01/12/2025 22:10,4779.01
01/12/2025 22:15,4778.33
01/12/2025 22:20,4867.9
01/12/2025 22:25,4649.93
01/12/2025 22:30,4606.73
01/12/2025 22:35,4484.21
01/12/2025 22:40,4338.01
01/12/2025 22:45,4294.19
01/12/2025 22:50,4493.77
01/12/2025 22:55,4320.99
01/12/2025 23:00,4505.2
01/12/2025 23:05,4310.25
01/12/2025 23:10,4235.39
01/12/2025 23:15,4247.76
01/12/2025 23:20,4239.46
01/12/2025 23:25,4011.83
01/12/2025 23:30,3911.5
01/12/2025 23:35,4199.63
01/12/2025 23:40,4048.68
01/12/2025 23:45,3913.37
01/12/2025 23:50,3920.48
01/12/2025 23:55,3940.62
02/12/2025 00:00,3769.39
02/12/2025 00:05,3813.95
02/12/2025 00:10,3633.93
02/12/2025 00:15,3609.02
02/12/2025 00:20,3778.38
02/12/2025 00:25,3704.64
02/12/2025 00:30,3635.66
02/12/2025 00:35,3722.73
02/12/2025 00:40,3769.27
02/12/2025 00:45,3664.65
02/12/2025 00:50,3605.63
02/12/2025 00:55,3599.44
02/12/2025 01:00,3514.93
02/12/2025 01:05,3526.15
02/12/2025 01:10,3488.07
02/12/2025 01:15,3673.88
02/12/2025 01:20,3466.25
02/12/2025 01:25,3565.36
02/12/2025 01:30,3504.07
02/12/2025 01:35,3465.67
02/12/2025 01:40,3431.22
02/12/2025 01:45,3504.18
02/12/2025 01:50,3307.89
02/12/2025 01:55,3312.7
02/12/2025 02:00,2937.39
02/12/2025 02:05,2933.76
02/12/2025 02:10,2916.55
02/12/2025 02:15,2928.03
02/12/2025 02:20,2871.07
02/12/2025 02:25,2943.73
02/12/2025 02:30,2889.71
02/12/2025 02:35,2787.55
02/12/2025 02:40,2845.72
02/12/2025 02:45,2794.97
02/12/2025 02:50,2945.7
02/12/2025 02:55,2888.4
02/12/2025 03:00,3033.32
02/12/2025 03:05,2792.26
02/12/2025 03:10,3082.45
02/12/2025 03:15,2897.57
02/12/2025 03:20,2997.53
02/12/2025 03:25,2950.63
02/12/2025 03:30,3059.55
02/12/2025 03:35,2907.92
02/12/2025 03:40,2856.17
02/12/2025 03:45,2888.97
02/12/2025 03:50,3067.7
02/12/2025 03:55,3067.22
02/12/2025 04:00,2841.21
02/12/2025 04:05,2976.19
02/12/2025 04:10,2846.01
02/12/2025 04:15,2974.01
02/12/2025 04:20,2842.77
02/12/2025 04:25,3010.89
02/12/2025 04:30,3026.65
02/12/2025 04:35,2907.97
02/12/2025 04:40,3075.92
02/12/2025 04:45,3023.5
02/12/2025 04:50,2856.16
02/12/2025 04:55,2919.53
02/12/2025 05:00,3151.57
02/12/2025 05:05,3299.51
02/12/2025 05:10,3460.43
02/12/2025 05:15,3419.66
02/12/2025 05:20,3241.54
02/12/2025 05:25,3249.19
02/12/2025 05:30,3253.8
02/12/2025 05:35,3561.45
02/12/2025 05:40,3326.66
02/12/2025 05:45,3568.56
02/12/2025 05:50,3483.03
02/12/2025 05:55,3517.47
02/12/2025 06:00,3580.83
02/12/2025 06:05,3590.0
02/12/2025 06:10,3492.28
02/12/2025 06:15,3668.0
02/12/2025 06:20,3681.77
02/12/2025 06:25,3859.14
02/12/2025 06:30,3784.12
02/12/2025 06:35,3848.06
02/12/2025 06:40,3832.81
02/12/2025 06:45,3973.8
02/12/2025 06:50,3852.92
02/12/2025 06:55,3879.08
02/12/2025 07:00,4066.88
02/12/2025 07:05,4132.83
02/12/2025 07:10,4018.28
02/12/2025 07:15,4026.79
02/12/2025 07:20,4091.64
02/12/2025 07:25,4093.69
02/12/2025 07:30,4304.01
02/12/2025 07:35,4363.1
02/12/2025 07:40,4352.84
02/12/2025 07:45,4548.11
02/12/2025 07:50,4416.73
02/12/2025 07:55,4475.0
02/12/2025 08:00,4492.86
02/12/2025 08:05,4581.47
02/12/2025 08:10,4636.19
02/12/2025 08:15,4476.48
02/12/2025 08:20,4644.31
02/12/2025 08:25,4639.67
02/12/2025 08:30,4917.4
02/12/2025 08:35,4915.77
02/12/2025 08:40,4691.82
02/12/2025 08:45,4819.55
02/12/2025 08:50,4889.6
02/12/2025 08:55,5052.85
02/12/2025 09:00,4815.69
02/12/2025 09:05,4808.95
02/12/2025 09:10,4807.31
02/12/2025 09:15,4883.28
02/12/2025 09:20,4774.43
02/12/2025 09:25,4995.32
02/12/2025 09:30,5090.67
02/12/2025 09:35,4928.29
02/12/2025 09:40,5157.04
02/12/2025 09:45,5185.07
02/12/2025 09:50,5005.54
02/12/2025 09:55,5166.39
02/12/2025 10:00,5063.61
02/12/2025 10:05,5035.33
02/12/2025 10:10,5157.17
02/12/2025 10:15,5242.83
02/12/2025 10:20,5094.75
02/12/2025 10:25,5219.01
02/12/2025 10:30,5106.73
02/12/2025 10:35,5145.38
02/12/2025 10:40,5005.61
02/12/2025 10:45,5043.2
02/12/2025 10:50,4988.95
02/12/2025 10:55,5263.49
02/12/2025 11:00,5155.28
02/12/2025 11:05,5071.48
02/12/2025 11:10,4943.62
02/12/2025 11:15,5116.15
02/12/2025 11:20,5044.57
02/12/2025 11:25,5067.98
02/12/2025 11:30,5078.78
02/12/2025 11:35,5006.68
02/12/2025 11:40,4923.73
02/12/2025 11:45,4959.56
02/12/2025 11:50,4744.04
02/12/2025 11:55,4678.76
02/12/2025 12:00,4851.9
02/12/2025 12:05,4713.58
02/12/2025 12:10,4771.87
02/12/2025 12:15,4865.09
02/12/2025 12:20,4717.09
02/12/2025 12:25,4713.42
02/12/2025 12:30,4858.34
02/12/2025 12:35,4791.07
02/12/2025 12:40,4730.09
02/12/2025 12:45,4675.59
02/12/2025 12:50,4688.53
02/12/2025 12:55,4853.67
02/12/2025 13:00,4741.66
02/12/2025 13:05,4786.71
02/12/2025 13:10,4642.58
02/12/2025 13:15,4646.2
02/12/2025 13:20,4792.63
02/12/2025 13:25,4795.38
02/12/2025 13:30,4715.16
02/12/2025 13:35,4707.63
02/12/2025 13:40,4799.72
02/12/2025 13:45,4581.58
02/12/2025 13:50,4741.49
02/12/2025 13:55,4608.46
02/12/2025 14:00,4666.54
02/12/2025 14:05,4676.92
02/12/2025 14:10,4624.9
02/12/2025 14:15,4652.62
02/12/2025 14:20,4521.03
02/12/2025 14:25,4562.17
02/12/2025 14:30,4601.86
02/12/2025 14:35,4584.43
02/12/2025 14:40,4637.28
02/12/2025 14:45,4665.22
02/12/2025 14:50,4757.36
02/12/2025 14:55,4658.47
02/12/2025 15:00,4770.58
02/12/2025 15:05,4767.55
02/12/2025 15:10,4699.44
02/12/2025 15:15,4623.38
02/12/2025 15:20,4665.56
02/12/2025 15:25,4664.54
02/12/2025 15:30,4870.5
02/12/2025 15:35,4809.85
02/12/2025 15:40,4649.63
02/12/2025 15:45,4983.67
02/12/2025 15:50,4797.27
02/12/2025 15:55,4805.85
02/12/2025 16:00,4875.76
02/12/2025 16:05,4820.87
02/12/2025 16:10,4762.32
02/12/2025 16:15,4956.24
02/12/2025 16:20,4871.85
02/12/2025 16:25,4966.78
02/12/2025 16:30,4847.03
02/12/2025 16:35,4890.48
02/12/2025 16:40,4881.21
02/12/2025 16:45,4756.9
02/12/2025 16:50,4989.54
02/12/2025 16:55,4984.93
02/12/2025 17:00,4947.56
02/12/2025 17:05,4852.5
02/12/2025 17:10,5103.27
02/12/2025 17:15,4954.68
02/12/2025 17:20,5132.13
02/12/2025 17:25,4988.19
02/12/2025 17:30,5242.99
02/12/2025 17:35,5101.5
02/12/2025 17:40,5226.44
02/12/2025 17:45,5071.4
02/12/2025 17:50,5246.76
02/12/2025 17:55,5246.24
02/12/2025 18:00,5832.18
02/12/2025 18:05,5791.63
02/12/2025 18:10,5619.43
02/12/2025 18:15,5562.09
02/12/2025 18:20,5953.58
02/12/2025 18:25,5689.36
02/12/2025 18:30,5927.98
02/12/2025 18:35,5968.58
02/12/2025 18:40,5855.12
02/12/2025 18:45,5885.37
02/12/2025 18:50,5930.95
02/12/2025 18:55,5892.49
02/12/2025 19:00,5988.58
02/12/2025 19:05,6019.62
02/12/2025 19:10,6045.59
02/12/2025 19:15,6036.78
02/12/2025 19:20,6024.6
02/12/2025 19:25,5937.05
02/12/2025 19:30,5992.86
02/12/2025 19:35,5942.79
02/12/2025 19:40,5986.22
02/12/2025 19:45,5915.12
02/12/2025 19:50,5949.73
02/12/2025 19:55,5847.55
02/12/2025 20:00,5975.3
02/12/2025 20:05,6007.55
02/12/2025 20:10,5805.55
02/12/2025 20:15,5850.95
02/12/2025 20:20,5812.67
02/12/2025 20:25,5933.07
02/12/2025 20:30,5833.78
02/12/2025 20:35,5762.99
02/12/2025 20:40,5766.22
02/12/2025 20:45,5615.23
02/12/2025 20:50,5757.71
02/12/2025 20:55,5707.48
02/12/2025 21:00,5415.49
02/12/2025 21:05,5217.34
02/12/2025 21:10,5414.18
02/12/2025 21:15,5236.3
02/12/2025 21:20,5172.82
02/12/2025 21:25,5183.36
02/12/2025 21:30,5106.93
02/12/2025 21:35,5098.44
02/12/2025 21:40,4967.06
02/12/2025 21:45,5049.06
02/12/2025 21:50,4932.21
02/12/2025 21:55,4883.27
02/12/2025 22:00,4785.27
02/12/2025 22:05,4874.93
02/12/2025 22:10,4939.49
02/12/2025 22:15,4818.39
02/12/2025 22:20,4755.66
02/12/2025 22:25,4543.6
02/12/2025 22:30,4575.01
02/12/2025 22:35,4472.0
02/12/2025 22:40,4608.58
02/12/2025 22:45,4517.2
02/12/2025 22:50,4353.14
02/12/2025 22:55,4434.28
02/12/2025 23:00,4472.13
02/12/2025 23:05,4562.47
02/12/2025 23:10,4317.68
02/12/2025 23:15,4256.14
02/12/2025 23:20,4212.75
02/12/2025 23:25,4168.61
02/12/2025 23:30,4125.15
02/12/2025 23:35,4204.73
02/12/2025 23:40,4056.89
02/12/2025 23:45,4061.91
02/12/2025 23:50,4118.09
02/12/2025 23:55,3969.84
03/12/2025 00:00,3751.16
03/12/2025 00:05,3730.33
03/12/2025 00:10,3726.32
03/12/2025 00:15,3703.97
03/12/2025 00:20,3858.76
03/12/2025 00:25,3659.38
03/12/2025 00:30,3618.59
03/12/2025 00:35,3713.92
03/12/2025 00:40,3731.96
03/12/2025 00:45,3567.75
03/12/2025 00:50,3713.68
03/12/2025 00:55,3523.92
03/12/2025 01:00,3518.66
03/12/2025 01:05,3584.57
03/12/2025 01:10,3481.95
03/12/2025 01:15,3485.91
03/12/2025 01:20,3503.73
03/12/2025 01:25,3448.52
03/12/2025 01:30,3493.02
03/12/2025 01:35,3408.02
03/12/2025 01:40,3271.08
03/12/2025 01:45,3487.02
03/12/2025 01:50,3464.61
03/12/2025 01:55,3476.0
03/12/2025 02:00,2884.49
03/12/2025 02:05,2948.56
03/12/2025 02:10,2981.45
03/12/2025 02:15,2935.26
03/12/2025 02:20,3004.04
03/12/2025 02:25,2921.09
03/12/2025 02:30,2950.69
03/12/2025 02:35,2772.82
03/12/2025 02:40,3060.76
03/12/2025 02:45,2958.27
03/12/2025 02:50,3005.46
03/12/2025 02:55,2917.24
03/12/2025 03:00,3041.05
03/12/2025 03:05,2954.24
03/12/2025 03:10,3006.81
03/12/2025 03:15,3099.92
03/12/2025 03:20,3056.47
03/12/2025 03:25,2882.38
03/12/2025 03:30,2855.02
03/12/2025 03:35,3068.54
03/12/2025 03:40,2755.07
03/12/2025 03:45,3065.8
03/12/2025 03:50,3047.77
03/12/2025 03:55,2890.18
03/12/2025 04:00,3011.8
03/12/2025 04:05,2796.92
03/12/2025 04:10,2945.59
03/12/2025 04:15,2880.03
03/12/2025 04:20,2915.57
03/12/2025 04:25,2964.74
03/12/2025 04:30,3082.72
03/12/2025 04:35,2947.79
03/12/2025 04:40,3097.66
03/12/2025 04:45,3038.73
03/12/2025 04:50,2795.27
03/12/2025 04:55,2996.67
03/12/2025 05:00,3177.31
03/12/2025 05:05,3230.29
03/12/2025 05:10,3244.82
03/12/2025 05:15,3287.46
03/12/2025 05:20,3414.3
03/12/2025 05:25,3349.13
03/12/2025 05:30,3323.59
03/12/2025 05:35,3387.16
03/12/2025 05:40,3502.99
03/12/2025 05:45,3448.02
03/12/2025 05:50,3482.28
03/12/2025 05:55,3473.04
03/12/2025 06:00,3555.36
03/12/2025 06:05,3572.73
03/12/2025 06:10,3575.45
03/12/2025 06:15,3811.31
03/12/2025 06:20,3681.74
03/12/2025 06:25,3732.58
03/12/2025 06:30,3833.77
03/12/2025 06:35,3799.62
03/12/2025 06:40,3821.05
03/12/2025 06:45,3942.11
03/12/2025 06:50,3917.03
03/12/2025 06:55,3879.98
03/12/2025 07:00,3999.62
03/12/2025 07:05,3955.04
03/12/2025 07:10,4036.92
03/12/2025 07:15,4124.32
03/12/2025 07:20,4215.04
03/12/2025 07:25,4096.03
03/12/2025 07:30,4165.94
03/12/2025 07:35,4251.79
03/12/2025 07:40,4449.17
03/12/2025 07:45,4368.71
03/12/2025 07:50,4349.2
03/12/2025 07:55,4454.76
03/12/2025 08:00,4432.71
03/12/2025 08:05,4611.23
03/12/2025 08:10,4599.52
03/12/2025 08:15,4701.77
03/12/2025 08:20,4637.59
03/12/2025 08:25,4774.8
03/12/2025 08:30,4755.86
03/12/2025 08:35,4849.71
03/12/2025 08:40,4883.62
03/12/2025 08:45,4928.44
03/12/2025 08:50,4912.1
03/12/2025 08:55,5132.8
03/12/2025 09:00,4853.64
03/12/2025 09:05,4903.65
03/12/2025 09:10,4845.27
03/12/2025 09:15,4812.56
03/12/2025 09:20,4791.61
03/12/2025 09:25,4925.17
03/12/2025 09:30,4849.54
03/12/2025 09:35,4898.58
03/12/2025 09:40,5101.55
03/12/2025 09:45,5069.71
03/12/2025 09:50,4970.09
03/12/2025 09:55,5055.14
03/12/2025 10:00,5249.13
03/12/2025 10:05,5088.6
03/12/2025 10:10,5089.56
03/12/2025 10:15,5098.88
03/12/2025 10:20,5054.62
03/12/2025 10:25,5025.9
03/12/2025 10:30,5016.5
03/12/2025 10:35,5075.08
03/12/2025 10:40,5119.96
03/12/2025 10:45,5115.21
03/12/2025 10:50,5067.43
03/12/2025 10:55,5189.15
03/12/2025 11:00,4955.15
03/12/2025 11:05,4964.09
03/12/2025 11:10,5116.87
03/12/2025 11:15,4906.95
03/12/2025 11:20,4936.42
03/12/2025 11:25,5097.01
03/12/2025 11:30,4957.6
03/12/2025 11:35,4933.74
03/12/2025 11:40,4872.2
03/12/2025 11:45,4886.99
03/12/2025 11:50,4858.44
03/12/2025 11:55,4935.72
03/12/2025 12:00,4667.62
03/12/2025 12:05,4750.11
03/12/2025 12:10,4866.47
03/12/2025 12:15,4713.02
03/12/2025 12:20,4662.41
03/12/2025 12:25,4776.84
03/12/2025 12:30,4804.51
03/12/2025 12:35,4704.71
03/12/2025 12:40,4838.28
03/12/2025 12:45,4793.99
03/12/2025 12:50,4791.55
03/12/2025 12:55,4643.47
03/12/2025 13:00,4784.94
03/12/2025 13:05,4787.28
03/12/2025 13:10,4715.79
03/12/2025 13:15,4704.62
03/12/2025 13:20,4717.12
03/12/2025 13:25,4721.31
03/12/2025 13:30,4770.85
03/12/2025 13:35,4920.09
03/12/2025 13:40,4719.56
03/12/2025 13:45,4764.9
03/12/2025 13:50,4672.3
03/12/2025 13:55,4684.89
03/12/2025 14:00,4799.35
03/12/2025 14:05,4530.13
03/12/2025 14:10,4733.26
03/12/2025 14:15,4796.11
03/12/2025 14:20,4757.71
03/12/2025 14:25,4647.36
03/12/2025 14:30,4633.47
03/12/2025 14:35,4580.92
03/12/2025 14:40,4548.26
03/12/2025 14:45,4644.01
03/12/2025 14:50,4609.17
03/12/2025 14:55,4568.79
03/12/2025 15:00,4754.49
03/12/2025 15:05,4743.95
03/12/2025 15:10,4871.9
03/12/2025 15:15,4710.49
03/12/2025 15:20,4697.06
03/12/2025 15:25,4895.69
03/12/2025 15:30,4715.59
03/12/2025 15:35,4770.6
03/12/2025 15:40,4708.94
03/12/2025 15:45,4750.97
03/12/2025 15:50,4747.11
03/12/2025 15:55,4762.15
03/12/2025 16:00,4834.67
03/12/2025 16:05,4724.16
03/12/2025 16:10,4938.99
03/12/2025 16:15,4810.87
03/12/2025 16:20,4953.11
03/12/2025 16:25,4893.17
03/12/2025 16:30,5077.91
03/12/2025 16:35,5049.09
03/12/2025 16:40,5042.0
03/12/2025 16:45,4835.58
03/12/2025 16:50,4882.21
03/12/2025 16:55,4988.02
03/12/2025 17:00,5071.78
03/12/2025 17:05,5132.33
03/12/2025 17:10,4970.12
03/12/2025 17:15,4960.66
03/12/2025 17:20,5020.77
03/12/2025 17:25,5166.1
03/12/2025 17:30,5007.03
03/12/2025 17:35,5093.8
03/12/2025 17:40,5118.41
03/12/2025 17:45,5145.73
03/12/2025 17:50,5066.98
03/12/2025 17:55,5135.99
03/12/2025 18:00,5675.01
03/12/2025 18:05,5750.54
03/12/2025 18:10,5841.16
03/12/2025 18:15,5740.82
03/12/2025 18:20,5738.42
03/12/2025 18:25,5777.18
03/12/2025 18:30,5776.69
03/12/2025 18:35,5837.88
03/12/2025 18:40,5941.54
03/12/2025 18:45,5930.05
03/12/2025 18:50,5998.8
03/12/2025 18:55,5866.75
03/12/2025 19:00,5896.75
03/12/2025 19:05,5982.17
03/12/2025 19:10,5974.69
03/12/2025 19:15,6046.44
03/12/2025 19:20,6006.56
03/12/2025 19:25,5969.06
03/12/2025 19:30,6141.0
03/12/2025 19:35,5956.61
03/12/2025 19:40,5815.02
03/12/2025 19:45,5997.1
03/12/2025 19:50,6186.96
03/12/2025 19:55,5937.56
03/12/2025 20:00,5833.13
03/12/2025 20:05,5894.73
03/12/2025 20:10,5971.93
03/12/2025 20:15,5863.58
03/12/2025 20:20,5992.71
03/12/2025 20:25,5827.44
03/12/2025 20:30,5762.55
03/12/2025 20:35,5781.75
03/12/2025 20:40,5732.92
03/12/2025 20:45,5667.39
03/12/2025 20:50,5725.07
03/12/2025 20:55,5671.26
03/12/2025 21:00,5186.49
03/12/2025 21:05,5330.32
03/12/2025 21:10,5309.43
03/12/2025 21:15,5203.17
03/12/2025 21:20,5284.1
03/12/2025 21:25,5059.05
03/12/2025 21:30,5159.25
03/12/2025 21:35,4949.03
03/12/2025 21:40,5065.91
03/12/2025 21:45,5027.93
03/12/2025 21:50,4809.84
03/12/2025 21:55,4798.71
03/12/2025 22:00,4707.49
03/12/2025 22:05,4710.48
03/12/2025 22:10,4838.53
03/12/2025 22:15,4612.85
03/12/2025 22:20,4751.5
03/12/2025 22:25,4740.85
03/12/2025 22:30,4653.54
03/12/2025 22:35,4637.16
03/12/2025 22:40,4596.37
03/12/2025 22:45,4374.71
03/12/2025 22:50,4409.76
03/12/2025 22:55,4468.04
03/12/2025 23:00,4364.68
03/12/2025 23:05,4340.01
03/12/2025 23:10,4293.69
03/12/2025 23:15,4247.63
03/12/2025 23:20,4184.98
03/12/2025 23:25,4082.0
03/12/2025 23:30,4017.87
03/12/2025 23:35,4066.4
03/12/2025 23:40,3937.83
03/12/2025 23:45,4104.07
03/12/2025 23:50,3966.11
03/12/2025 23:55,3912.65
04/12/2025 00:00,3811.98
04/12/2025 00:05,3869.01
04/12/2025 00:10,3694.05
04/12/2025 00:15,3675.32
04/12/2025 00:20,3679.7
04/12/2025 00:25,3725.13
04/12/2025 00:30,3761.11
04/12/2025 00:35,3661.52
04/12/2025 00:40,3567.21
04/12/2025 00:45,3755.01
04/12/2025 00:50,3643.78
04/12/2025 00:55,3594.98
04/12/2025 01:00,3485.95
04/12/2025 01:05,3620.33
04/12/2025 01:10,3491.42
04/12/2025 01:15,3646.56
04/12/2025 01:20,3543.04
04/12/2025 01:25,3538.51
04/12/2025 01:30,3476.93
04/12/2025 01:35,3421.23
04/12/2025 01:40,3324.63
04/12/2025 01:45,3456.36
04/12/2025 01:50,3377.4
04/12/2025 01:55,3332.2
04/12/2025 02:00,2945.62
04/12/2025 02:05,2918.87
04/12/2025 02:10,3021.95
04/12/2025 02:15,3176.08
04/12/2025 02:20,2829.71
04/12/2025 02:25,2868.17
04/12/2025 02:30,3053.11
04/12/2025 02:35,2828.95
04/12/2025 02:40,2979.29
04/12/2025 02:45,2975.1
04/12/2025 02:50,2903.49
04/12/2025 02:55,3063.27
04/12/2025 03:00,2884.2
04/12/2025 03:05,3034.08
04/12/2025 03:10,2940.01
04/12/2025 03:15,2840.77
04/12/2025 03:20,2870.48
04/12/2025 03:25,3058.67
04/12/2025 03:30,2928.75
04/12/2025 03:35,2960.7
04/12/2025 03:40,2873.96
04/12/2025 03:45,2995.0
04/12/2025 03:50,3035.91
04/12/2025 03:55,2967.13
04/12/2025 04:00,2855.1
04/12/2025 04:05,3046.15
04/12/2025 04:10,2856.86
04/12/2025 04:15,2937.11
04/12/2025 04:20,2922.92
04/12/2025 04:25,2885.59
04/12/2025 04:30,3086.6
04/12/2025 04:35,3031.14
04/12/2025 04:40,2989.37
04/12/2025 04:45,2923.58
04/12/2025 04:50,3005.75
04/12/2025 04:55,3070.89
04/12/2025 05:00,3131.54
04/12/2025 05:05,3343.45
04/12/2025 05:10,3253.98
04/12/2025 05:15,3315.83
04/12/2025 05:20,3411.67
04/12/2025 05:25,3373.71
04/12/2025 05:30,3483.77
04/12/2025 05:35,3379.54
04/12/2025 05:40,3404.94
04/12/2025 05:45,3483.31
04/12/2025 05:50,3698.62
04/12/2025 05:55,3734.85
04/12/2025 06:00,3565.99
04/12/2025 06:05,3474.18
04/12/2025 06:10,3639.32
04/12/2025 06:15,3667.03
04/12/2025 06:20,3558.51
04/12/2025 06:25,3618.99
04/12/2025 06:30,3811.9
04/12/2025 06:35,3739.99
04/12/2025 06:40,3925.98
04/12/2025 06:45,3945.51
04/12/2025 06:50,3896.23
04/12/2025 06:55,3792.16
04/12/2025 07:00,3983.39
04/12/2025 07:05,3906.47
04/12/2025 07:10,3975.16
04/12/2025 07:15,4148.34
04/12/2025 07:20,4304.61
04/12/2025 07:25,4102.06
04/12/2025 07:30,4307.81
04/12/2025 07:35,4320.75
04/12/2025 07:40,4285.05
04/12/2025 07:45,4441.93
04/12/2025 07:50,4387.82
04/12/2025 07:55,4437.84
04/12/2025 08:00,4537.78
04/12/2025 08:05,4648.68
04/12/2025 08:10,4640.51
04/12/2025 08:15,4605.15
04/12/2025 08:20,4678.14
04/12/2025 08:25,4722.19
04/12/2025 08:30,4819.71
04/12/2025 08:35,4849.04
04/12/2025 08:40,4743.01
04/12/2025 08:45,4950.78
04/12/2025 08:50,4927.49
04/12/2025 08:55,4903.59
04/12/2025 09:00,4886.47
04/12/2025 09:05,4700.93
04/12/2025 09:10,4900.48
04/12/2025 09:15,5133.32
04/12/2025 09:20,4920.74
04/12/2025 09:25,5126.01
04/12/2025 09:30,4971.8
04/12/2025 09:35,4978.49
04/12/2025 09:40,5037.95
04/12/2025 09:45,5061.1
04/12/2025 09:50,5093.94
04/12/2025 09:55,4960.1
04/12/2025 10:00,4988.87
04/12/2025 10:05,5158.64
04/12/2025 10:10,5065.99
04/12/2025 10:15,5237.92
04/12/2025 10:20,5160.47
04/12/2025 10:25,5107.49
04/12/2025 10:30,5107.5
04/12/2025 10:35,5312.82
04/12/2025 10:40,4999.53
04/12/2025 10:45,5038.34
04/12/2025 10:50,4909.39
04/12/2025 10:55,5159.44
04/12/2025 11:00,5040.8
04/12/2025 11:05,5001.65
04/12/2025 11:10,5070.84
04/12/2025 11:15,4983.01
04/12/2025 11:20,5021.8
04/12/2025 11:25,4937.13
04/12/2025 11:30,5094.55
04/12/2025 11:35,4969.43
04/12/2025 11:40,4947.88
04/12/2025 11:45,4794.04
04/12/2025 11:50,4945.27
04/12/2025 11:55,4909.7
04/12/2025 12:00,4689.31
04/12/2025 12:05,4800.83
04/12/2025 12:10,4910.57
04/12/2025 12:15,4571.64
04/12/2025 12:20,4801.11
04/12/2025 12:25,4740.42
04/12/2025 12:30,4803.02
04/12/2025 12:35,4734.84
04/12/2025 12:40,4613.49
04/12/2025 12:45,4806.89
04/12/2025 12:50,4771.94
04/12/2025 12:55,4670.32
04/12/2025 13:00,4690.48
04/12/2025 13:05,4733.06
04/12/2025 13:10,4774.17
04/12/2025 13:15,4698.26
04/12/2025 13:20,4673.83
04/12/2025 13:25,4917.09
04/12/2025 13:30,4630.55
04/12/2025 13:35,4794.13
04/12/2025 13:40,4686.48
04/12/2025 13:45,4767.77
04/12/2025 13:50,4698.52
04/12/2025 13:55,4682.98
04/12/2025 14:00,4801.4
04/12/2025 14:05,4659.98
04/12/2025 14:10,4683.62
04/12/2025 14:15,4774.09
04/12/2025 14:20,4478.82
04/12/2025 14:25,4656.58
04/12/2025 14:30,4692.55
04/12/2025 14:35,4633.41
04/12/2025 14:40,4689.52
04/12/2025 14:45,4610.25
04/12/2025 14:50,4598.59
04/12/2025 14:55,4705.13
04/12/2025 15:00,4610.58
04/12/2025 15:05,4709.72
04/12/2025 15:10,4692.06
04/12/2025 15:15,4614.03
04/12/2025 15:20,4647.91
04/12/2025 15:25,4836.06
04/12/2025 15:30,4787.18
04/12/2025 15:35,4800.37
04/12/2025 15:40,4693.43
04/12/2025 15:45,4662.43
04/12/2025 15:50,4868.8
04/12/2025 15:55,4807.93
04/12/2025 16:00,4696.15
04/12/2025 16:05,5035.58
04/12/2025 16:10,4881.9
04/12/2025 16:15,4981.65
04/12/2025 16:20,4900.36
04/12/2025 16:25,4897.92
04/12/2025 16:30,4974.96
04/12/2025 16:35,5006.92
04/12/2025 16:40,4882.39
04/12/2025 16:45,5002.65
04/12/2025 16:50,5001.97
04/12/2025 16:55,5042.11
04/12/2025 17:00,5074.5
04/12/2025 17:05,5105.02
04/12/2025 17:10,4994.8
04/12/2025 17:15,5096.79
04/12/2025 17:20,5086.79
04/12/2025 17:25,5087.22
04/12/2025 17:30,5128.17
04/12/2025 17:35,5241.35
04/12/2025 17:40,5108.8
04/12/2025 17:45,5157.95
04/12/2025 17:50,5179.64
04/12/2025 17:55,5187.57
04/12/2025 18:00,5690.44
04/12/2025 18:05,5704.13
04/12/2025 18:10,5807.43
04/12/2025 18:15,5775.16
04/12/2025 18:20,5648.95
04/12/2025 18:25,5794.41
04/12/2025 18:30,5709.0
04/12/2025 18:35,5964.73
04/12/2025 18:40,5990.33
04/12/2025 18:45,5987.82
04/12/2025 18:50,5986.61
04/12/2025 18:55,5944.83
04/12/2025 19:00,5887.59
04/12/2025 19:05,6036.01
04/12/2025 19:10,6039.36
04/12/2025 19:15,6115.49
04/12/2025 19:20,5928.6
04/12/2025 19:25,6014.98
04/12/2025 19:30,5987.56
04/12/2025 19:35,5983.78
04/12/2025 19:40,6132.02
04/12/2025 19:45,6067.77
04/12/2025 19:50,6082.47
04/12/2025 19:55,5926.7
04/12/2025 20:00,6076.23
04/12/2025 20:05,6013.57
04/12/2025 20:10,5858.61
04/12/2025 20:15,5894.56
04/12/2025 20:20,5870.06
04/12/2025 20:25,5874.52
04/12/2025 20:30,5624.21
04/12/2025 20:35,5673.7
04/12/2025 20:40,5676.23
04/12/2025 20:45,5577.74
04/12/2025 20:50,5812.02
04/12/2025 20:55,5876.51
04/12/2025 21:00,5291.45
04/12/2025 21:05,5280.71
04/12/2025 21:10,5329.54
04/12/2025 21:15,5220.66
04/12/2025 21:20,5116.39
04/12/2025 21:25,5242.4
04/12/2025 21:30,5101.35
04/12/2025 21:35,4948.31
04/12/2025 21:40,5041.53
04/12/2025 21:45,5016.01
04/12/2025 21:50,4984.14
04/12/2025 21:55,4995.77
04/12/2025 22:00,4859.87
04/12/2025 22:05,4804.01
04/12/2025 22:10,4632.46
04/12/2025 22:15,4653.36
04/12/2025 22:20,4715.81
04/12/2025 22:25,4702.88
04/12/2025 22:30,4551.6
04/12/2025 22:35,4582.24
04/12/2025 22:40,4520.25
04/12/2025 22:45,4484.58
04/12/2025 22:50,4417.7
04/12/2025 22:55,4606.3
04/12/2025 23:00,4296.6
04/12/2025 23:05,4211.53
04/12/2025 23:10,4266.98
04/12/2025 23:15,4280.45
04/12/2025 23:20,4259.08
04/12/2025 23:25,4126.34
04/12/2025 23:30,4070.7
04/12/2025 23:35,4044.44
04/12/2025 23:40,4131.82
04/12/2025 23:45,3896.63
04/12/2025 23:50,4066.41
04/12/2025 23:55,3900.19
05/12/2025 00:00,3878.27
05/12/2025 00:05,3753.03
05/12/2025 00:10,3827.11
05/12/2025 00:15,3881.92
05/12/2025 00:20,3696.56
05/12/2025 00:25,3779.06
05/12/2025 00:30,3609.86
05/12/2025 00:35,3645.68
05/12/2025 00:40,3659.59
05/12/2025 00:45,3526.07
05/12/2025 00:50,3593.36
05/12/2025 00:55,3481.79
05/12/2025 01:00,3613.69
05/12/2025 01:05,3447.27
05/12/2025 01:10,3592.3
05/12/2025 01:15,3551.99
05/12/2025 01:20,3517.56
05/12/2025 01:25,3592.98
05/12/2025 01:30,3361.62
05/12/2025 01:35,3532.91
05/12/2025 01:40,3356.87
05/12/2025 01:45,3330.56
05/12/2025 01:50,3362.91
05/12/2025 01:55,3511.14
05/12/2025 02:00,3021.2
05/12/2025 02:05,3050.52
05/12/2025 02:10,2952.25
05/12/2025 02:15,2951.52
05/12/2025 02:20,2929.51
05/12/2025 02:25,3026.07
05/12/2025 02:30,3048.22
05/12/2025 02:35,2947.57
05/12/2025 02:40,2932.94
05/12/2025 02:45,2903.48
05/12/2025 02:50,2899.0
05/12/2025 02:55,2905.94
05/12/2025 03:00,2742.26
05/12/2025 03:05,2940.69
05/12/2025 03:10,3118.85
05/12/2025 03:15,2958.57
05/12/2025 03:20,3048.57
05/12/2025 03:25,2987.2
05/12/2025 03:30,3033.85
05/12/2025 03:35,3000.26
05/12/2025 03:40,2942.68
05/12/2025 03:45,2802.27
05/12/2025 03:50,2962.65
05/12/2025 03:55,3029.24
05/12/2025 04:00,2880.65
05/12/2025 04:05,2924.93
05/12/2025 04:10,2900.65
05/12/2025 04:15,2884.81
05/12/2025 04:20,2863.63
05/12/2025 04:25,2752.47
05/12/2025 04:30,2905.75
05/12/2025 04:35,2844.81
05/12/2025 04:40,2992.06
05/12/2025 04:45,3058.2
05/12/2025 04:50,2847.3
05/12/2025 04:55,3046.47
05/12/2025 05:00,3170.49
05/12/2025 05:05,3260.46
05/12/2025 05:10,3180.41
05/12/2025 05:15,3299.49
05/12/2025 05:20,3280.18
05/12/2025 05:25,3345.91
05/12/2025 05:30,3397.78
05/12/2025 05:35,3512.49
05/12/2025 05:40,3473.43
05/12/2025 05:45,3560.0
05/12/2025 05:50,3533.21
05/12/2025 05:55,3608.48
05/12/2025 06:00,3638.63
05/12/2025 06:05,3499.23
05/12/2025 06:10,3701.74
05/12/2025 06:15,3781.7
05/12/2025 06:20,3711.8
05/12/2025 06:25,3683.87
05/12/2025 06:30,3883.06
05/12/2025 06:35,3797.56
05/12/2025 06:40,3788.42
05/12/2025 06:45,3977.3
05/12/2025 06:50,4010.41
05/12/2025 06:55,3943.39
05/12/2025 07:00,4001.3
05/12/2025 07:05,3958.72
05/12/2025 07:10,4113.01
05/12/2025 07:15,4095.94
05/12/2025 07:20,4071.55
05/12/2025 07:25,4267.98
05/12/2025 07:30,4304.65
05/12/2025 07:35,4200.1
05/12/2025 07:40,4406.1
05/12/2025 07:45,4362.51
05/12/2025 07:50,4413.45
05/12/2025 07:55,4485.24
05/12/2025 08:00,4538.43
05/12/2025 08:05,4499.35
05/12/2025 08:10,4612.51
05/12/2025 08:15,4713.31
05/12/2025 08:20,4653.78
05/12/2025 08:25,4815.72
05/12/2025 08:30,4860.26
05/12/2025 08:35,4823.28
05/12/2025 08:40,4745.86
05/12/2025 08:45,4953.43
05/12/2025 08:50,4965.72
05/12/2025 08:55,5046.85
05/12/2025 09:00,4902.81
05/12/2025 09:05,5061.14
05/12/2025 09:10,4840.45
05/12/2025 09:15,5016.9
05/12/2025 09:20,4964.99
05/12/2025 09:25,4878.83
05/12/2025 09:30,5001.38
05/12/2025 09:35,4837.44
05/12/2025 09:40,5015.03
05/12/2025 09:45,5136.82
05/12/2025 09:50,5034.84
05/12/2025 09:55,5017.37
05/12/2025 10:00,5096.19
05/12/2025 10:05,4971.4
05/12/2025 10:10,5093.0
05/12/2025 10:15,5169.24
05/12/2025 10:20,5188.54
05/12/2025 10:25,5019.97
05/12/2025 10:30,5223.79
05/12/2025 10:35,5130.56
05/12/2025 10:40,5046.96
05/12/2025 10:45,5117.61
05/12/2025 10:50,5029.51
05/12/2025 10:55,4889.83
05/12/2025 11:00,4950.87
05/12/2025 11:05,5027.83
05/12/2025 11:10,5015.71
05/12/2025 11:15,4992.29
05/12/2025 11:20,5016.91
05/12/2025 11:25,4850.52
05/12/2025 11:30,5009.64
05/12/2025 11:35,4946.3
05/12/2025 11:40,4951.3
05/12/2025 11:45,4908.25
05/12/2025 11:50,4844.45
05/12/2025 11:55,4836.22
05/12/2025 12:00,4784.16
05/12/2025 12:05,4779.59
05/12/2025 12:10,4853.6
05/12/2025 12:15,4776.57
05/12/2025 12:20,4743.16
05/12/2025 12:25,4844.6
05/12/2025 12:30,4798.96
05/12/2025 12:35,4834.81
05/12/2025 12:40,4781.25
05/12/2025 12:45,4787.37
05/12/2025 12:50,4624.32
05/12/2025 12:55,4735.81
05/12/2025 13:00,4815.8
05/12/2025 13:05,4763.11
05/12/2025 13:10,4586.4
05/12/2025 13:15,4772.1
05/12/2025 13:20,4729.22
05/12/2025 13:25,4808.47
05/12/2025 13:30,4745.71
05/12/2025 13:35,4589.51
05/12/2025 13:40,4744.02
05/12/2025 13:45,4724.32
05/12/2025 13:50,4547.99
05/12/2025 13:55,4691.85
05/12/2025 14:00,4686.5
05/12/2025 14:05,4658.45
05/12/2025 14:10,4625.59
05/12/2025 14:15,4664.44
05/12/2025 14:20,4617.88
05/12/2025 14:25,4661.41
05/12/2025 14:30,4679.07
05/12/2025 14:35,4533.56
05/12/2025 14:40,4670.84
05/12/2025 14:45,4599.17
05/12/2025 14:50,4740.99
05/12/2025 14:55,4691.81
05/12/2025 15:00,4704.58
05/12/2025 15:05,4860.81
05/12/2025 15:10,4752.61
05/12/2025 15:15,4618.21
05/12/2025 15:20,4625.18
05/12/2025 15:25,4632.58
05/12/2025 15:30,4712.34
05/12/2025 15:35,4684.04
05/12/2025 15:40,4758.08
05/12/2025 15:45,4989.03
05/12/2025 15:50,4957.06
05/12/2025 15:55,4827.87
05/12/2025 16:00,4887.68
05/12/2025 16:05,4899.4
05/12/2025 16:10,4813.18
05/12/2025 16:15,4734.3
05/12/2025 16:20,4914.13
05/12/2025 16:25,4989.87
05/12/2025 16:30,4863.36
05/12/2025 16:35,4863.73
05/12/2025 16:40,4891.67
05/12/2025 16:45,5148.71
05/12/2025 16:50,4952.17
05/12/2025 16:55,4997.43
05/12/2025 17:00,4992.85
05/12/2025 17:05,5079.88
05/12/2025 17:10,5009.19
05/12/2025 17:15,4990.81
05/12/2025 17:20,5019.68
05/12/2025 17:25,5034.54
05/12/2025 17:30,4969.99
05/12/2025 17:35,4946.98
05/12/2025 17:40,5122.0
05/12/2025 17:45,5126.88
05/12/2025 17:50,5157.47
05/12/2025 17:55,5133.66
05/12/2025 18:00,5523.24
05/12/2025 18:05,5734.92
05/12/2025 18:10,5704.5
05/12/2025 18:15,5811.23
05/12/2025 18:20,5781.26
05/12/2025 18:25,5719.49
05/12/2025 18:30,5767.41
05/12/2025 18:35,5807.49
05/12/2025 18:40,5965.73
05/12/2025 18:45,5893.62
05/12/2025 18:50,6090.09
05/12/2025 18:55,6008.33
05/12/2025 19:00,6045.89
05/12/2025 19:05,5917.22
05/12/2025 19:10,6076.57
05/12/2025 19:15,5908.44
05/12/2025 19:20,6006.87
05/12/2025 19:25,6206.84
05/12/2025 19:30,6072.66
05/12/2025 19:35,5996.02
05/12/2025 19:40,5974.16
05/12/2025 19:45,6045.88
05/12/2025 19:50,5961.97
05/12/2025 19:55,5885.63
05/12/2025 20:00,6013.83
05/12/2025 20:05,5887.81
05/12/2025 20:10,5866.68
05/12/2025 20:15,5994.72
05/12/2025 20:20,6005.83
05/12/2025 20:25,5836.63
05/12/2025 20:30,5668.64
05/12/2025 20:35,5861.39
05/12/2025 20:40,5968.96
05/12/2025 20:45,5682.61
05/12/2025 20:50,5800.53
05/12/2025 20:55,5686.84
05/12/2025 21:00,5296.1
05/12/2025 21:05,5250.04
05/12/2025 21:10,5350.02
05/12/2025 21:15,5146.38
05/12/2025 21:20,5153.61
05/12/2025 21:25,5150.67
05/12/2025 21:30,5216.36
05/12/2025 21:35,5068.47
05/12/2025 21:40,5089.84
05/12/2025 21:45,4779.9
05/12/2025 21:50,5004.13
05/12/2025 21:55,4862.97
05/12/2025 22:00,4845.51
05/12/2025 22:05,4676.61
05/12/2025 22:10,4956.72
05/12/2025 22:15,4662.24
05/12/2025 22:20,4748.89
05/12/2025 22:25,4666.98
05/12/2025 22:30,4617.84
05/12/2025 22:35,4517.14
05/12/2025 22:40,4622.65
05/12/2025 22:45,4529.72
05/12/2025 22:50,4415.6
05/12/2025 22:55,4290.75
05/12/2025 23:00,4300.78
05/12/2025 23:05,4329.82
05/12/2025 23:10,4134.31
05/12/2025 23:15,4302.74
05/12/2025 23:20,4206.68
05/12/2025 23:25,4073.16
05/12/2025 23:30,4078.78
05/12/2025 23:35,4088.54
05/12/2025 23:40,4033.27
05/12/2025 23:45,3994.2
05/12/2025 23:50,3965.96
05/12/2025 23:55,3859.28
06/12/2025 00:00,3453.02
06/12/2025 00:05,3476.81
06/12/2025 00:10,3503.28
06/12/2025 00:15,3467.61
06/12/2025 00:20,3508.43
06/12/2025 00:25,3514.62
06/12/2025 00:30,3494.73
06/12/2025 00:35,3462.1
06/12/2025 00:40,3359.21
06/12/2025 00:45,3462.61
06/12/2025 00:50,3401.09
06/12/2025 00:55,3474.23
06/12/2025 01:00,3352.15
06/12/2025 01:05,3330.67
06/12/2025 01:10,3316.36
06/12/2025 01:15,3154.91
06/12/2025 01:20,3221.01
06/12/2025 01:25,3188.7
06/12/2025 01:30,3341.26
06/12/2025 01:35,3259.97
06/12/2025 01:40,3300.9
06/12/2025 01:45,3123.46
06/12/2025 01:50,3053.51
06/12/2025 01:55,3214.72
06/12/2025 02:00,2753.35
06/12/2025 02:05,2708.64
06/12/2025 02:10,2552.89
06/12/2025 02:15,2671.59
06/12/2025 02:20,2670.02
06/12/2025 02:25,2721.84
06/12/2025 02:30,2575.56
06/12/2025 02:35,2765.72
06/12/2025 02:40,2738.49
06/12/2025 02:45,2699.01
06/12/2025 02:50,2733.81
06/12/2025 02:55,2599.53
06/12/2025 03:00,2882.3
06/12/2025 03:05,2634.32
06/12/2025 03:10,2767.48
06/12/2025 03:15,2768.05
06/12/2025 03:20,2695.01
06/12/2025 03:25,2750.04
06/12/2025 03:30,2859.73
06/12/2025 03:35,2674.96
06/12/2025 03:40,2602.16
06/12/2025 03:45,2734.56
06/12/2025 03:50,2638.76
06/12/2025 03:55,2744.96
06/12/2025 04:00,2923.95
06/12/2025 04:05,2711.93
06/12/2025 04:10,2568.96
06/12/2025 04:15,2690.0
06/12/2025 04:20,2653.42
06/12/2025 04:25,2717.87
06/12/2025 04:30,2701.65
06/12/2025 04:35,2890.13
06/12/2025 04:40,2783.26
06/12/2025 04:45,2661.83
06/12/2025 04:50,2673.33
06/12/2025 04:55,2802.77
06/12/2025 05:00,3048.03
06/12/2025 05:05,2860.8
06/12/2025 05:10,3089.67
06/12/2025 05:15,3161.61
06/12/2025 05:20,3150.95
06/12/2025 05:25,3102.95
06/12/2025 05:30,3216.59
06/12/2025 05:35,3260.73
06/12/2025 05:40,3232.64
06/12/2025 05:45,3288.17
06/12/2025 05:50,3302.7
06/12/2025 05:55,3224.53
06/12/2025 06:00,3351.13
06/12/2025 06:05,3433.77
06/12/2025 06:10,3445.11
06/12/2025 06:15,3454.7
06/12/2025 06:20,3430.19
06/12/2025 06:25,3508.47
06/12/2025 06:30,3575.28
06/12/2025 06:35,3508.8
06/12/2025 06:40,3622.75
06/12/2025 06:45,3590.53
06/12/2025 06:50,3598.6
06/12/2025 06:55,3657.14
06/12/2025 07:00,3717.1
06/12/2025 07:05,3938.53
06/12/2025 07:10,3810.07
06/12/2025 07:15,3856.46
06/12/2025 07:20,3927.15
06/12/2025 07:25,4030.59
06/12/2025 07:30,3999.23
06/12/2025 07:35,4159.7
06/12/2025 07:40,4266.2
06/12/2025 07:45,4127.84
06/12/2025 07:50,4117.17
06/12/2025 07:55,4394.13
06/12/2025 08:00,4313.13
06/12/2025 08:05,4402.53
06/12/2025 08:10,4330.7
06/12/2025 08:15,4443.5
06/12/2025 08:20,4449.75
06/12/2025 08:25,4297.38
06/12/2025 08:30,4567.4
06/12/2025 08:35,4601.69
06/12/2025 08:40,4563.14
06/12/2025 08:45,4750.04
06/12/2025 08:50,4833.81
06/12/2025 08:55,4767.25
06/12/2025 09:00,4511.26
06/12/2025 09:05,4619.0
06/12/2025 09:10,4508.08
06/12/2025 09:15,4779.65
06/12/2025 09:20,4765.76
06/12/2025 09:25,4652.23
06/12/2025 09:30,4686.17
06/12/2025 09:35,4682.65
06/12/2025 09:40,4794.97
06/12/2025 09:45,4675.7
06/12/2025 09:50,4724.12
06/12/2025 09:55,4829.75
06/12/2025 10:00,4744.7
06/12/2025 10:05,4829.0
06/12/2025 10:10,4923.73
06/12/2025 10:15,4870.77
06/12/2025 10:20,4756.54
06/12/2025 10:25,4905.52
06/12/2025 10:30,4813.23
06/12/2025 10:35,4964.75
06/12/2025 10:40,4868.22
06/12/2025 10:45,4816.7
06/12/2025 10:50,4913.98
06/12/2025 10:55,4736.42
06/12/2025 11:00,4873.56
06/12/2025 11:05,4762.91
06/12/2025 11:10,4929.23
06/12/2025 11:15,4744.22
06/12/2025 11:20,4812.65
06/12/2025 11:25,4796.68
06/12/2025 11:30,4639.2
06/12/2025 11:35,4802.51
06/12/2025 11:40,4776.88
06/12/2025 11:45,4803.81
06/12/2025 11:50,4724.13
06/12/2025 11:55,4651.88
06/12/2025 12:00,4580.2
06/12/2025 12:05,4480.97
06/12/2025 12:10,4436.77
06/12/2025 12:15,4456.1
06/12/2025 12:20,4644.43
06/12/2025 12:25,4550.44
06/12/2025 12:30,4450.58
06/12/2025 12:35,4533.06
06/12/2025 12:40,4621.05
06/12/2025 12:45,4376.9
06/12/2025 12:50,4497.53
06/12/2025 12:55,4499.09
06/12/2025 13:00,4494.4
06/12/2025 13:05,4453.47
06/12/2025 13:10,4425.91
06/12/2025 13:15,4451.36
06/12/2025 13:20,4389.78
06/12/2025 13:25,4498.44
06/12/2025 13:30,4453.75
06/12/2025 13:35,4380.93
06/12/2025 13:40,4380.44
06/12/2025 13:45,4443.04
06/12/2025 13:50,4230.22
06/12/2025 13:55,4405.48
06/12/2025 14:00,4447.0
06/12/2025 14:05,4338.82
06/12/2025 14:10,4374.31
06/12/2025 14:15,4400.49
06/12/2025 14:20,4420.28
06/12/2025 14:25,4476.35
06/12/2025 14:30,4457.29
06/12/2025 14:35,4368.53
06/12/2025 14:40,4380.77
06/12/2025 14:45,4279.71
06/12/2025 14:50,4180.87
06/12/2025 14:55,4422.15
06/12/2025 15:00,4508.0
06/12/2025 15:05,4509.04
06/12/2025 15:10,4432.0
06/12/2025 15:15,4426.25
06/12/2025 15:20,4554.5
06/12/2025 15:25,4481.69
06/12/2025 15:30,4376.93
06/12/2025 15:35,4436.45
06/12/2025 15:40,4754.51
06/12/2025 15:45,4521.65
06/12/2025 15:50,4567.54
06/12/2025 15:55,4609.59
06/12/2025 16:00,4580.01
06/12/2025 16:05,4656.66
06/12/2025 16:10,4502.33
06/12/2025 16:15,4621.18
06/12/2025 16:20,4521.55
06/12/2025 16:25,4630.68
06/12/2025 16:30,4723.06
06/12/2025 16:35,4544.12
06/12/2025 16:40,4658.08
06/12/2025 16:45,4705.09
06/12/2025 16:50,4718.45
06/12/2025 16:55,4675.46
06/12/2025 17:00,4823.59
06/12/2025 17:05,4632.66
06/12/2025 17:10,4675.17
06/12/2025 17:15,4826.02
06/12/2025 17:20,4933.82
06/12/2025 17:25,4875.39
06/12/2025 17:30,4892.74
06/12/2025 17:35,4983.19
06/12/2025 17:40,4893.17
06/12/2025 17:45,4756.34
06/12/2025 17:50,4819.13
06/12/2025 17:55,4911.44
06/12/2025 18:00,5464.74
06/12/2025 18:05,5374.87
06/12/2025 18:10,5479.28
06/12/2025 18:15,5534.88
06/12/2025 18:20,5577.51
06/12/2025 18:25,5710.75
06/12/2025 18:30,5716.2
06/12/2025 18:35,5795.07
06/12/2025 18:40,5717.32
06/12/2025 18:45,5595.12
06/12/2025 18:50,5580.56
06/12/2025 18:55,5661.51
06/12/2025 19:00,5706.24
06/12/2025 19:05,5755.4
06/12/2025 19:10,5816.56
06/12/2025 19:15,5630.23
06/12/2025 19:20,5701.33
06/12/2025 19:25,5639.56
06/12/2025 19:30,5816.28
06/12/2025 19:35,5704.35
06/12/2025 19:40,5817.54
06/12/2025 19:45,5735.6
06/12/2025 19:50,5712.09
06/12/2025 19:55,5618.3
06/12/2025 20:00,5646.51
06/12/2025 20:05,5706.84
06/12/2025 20:10,5650.84
06/12/2025 20:15,5645.84
06/12/2025 20:20,5623.56
06/12/2025 20:25,5678.21
06/12/2025 20:30,5476.69
06/12/2025 20:35,5411.75
06/12/2025 20:40,5429.51
06/12/2025 20:45,5480.03
06/12/2025 20:50,5446.32
06/12/2025 20:55,5532.72
06/12/2025 21:00,5206.65
06/12/2025 21:05,5050.44
06/12/2025 21:10,5162.1
06/12/2025 21:15,4834.32
06/12/2025 21:20,4911.67
06/12/2025 21:25,4863.45
06/12/2025 21:30,4911.68
06/12/2025 21:35,4724.03
06/12/2025 21:40,4781.23
06/12/2025 21:45,4739.14
06/12/2025 21:50,4621.5
06/12/2025 21:55,4734.58
06/12/2025 22:00,4544.96
06/12/2025 22:05,4500.72
06/12/2025 22:10,4510.13
06/12/2025 22:15,4458.81
06/12/2025 22:20,4382.52
06/12/2025 22:25,4401.06
06/12/2025 22:30,4410.12
06/12/2025 22:35,4416.48
06/12/2025 22:40,4208.45
06/12/2025 22:45,4157.26
06/12/2025 22:50,4229.92
06/12/2025 22:55,4084.57
06/12/2025 23:00,4008.23
06/12/2025 23:05,4054.21
06/12/2025 23:10,4046.79
06/12/2025 23:15,3950.37
06/12/2025 23:20,3814.79
06/12/2025 23:25,3831.99
06/12/2025 23:30,3780.05
06/12/2025 23:35,3814.0
06/12/2025 23:40,3755.25
06/12/2025 23:45,3728.29
06/12/2025 23:50,3622.47
06/12/2025 23:55,3665.81
07/12/2025 00:00,3541.99
07/12/2025 00:05,3528.62
07/12/2025 00:10,3474.99
07/12/2025 00:15,3491.2
07/12/2025 00:20,3591.48
07/12/2025 00:25,3534.65
07/12/2025 00:30,3468.09
07/12/2025 00:35,3429.44
07/12/2025 00:40,3466.18
07/12/2025 00:45,3416.71
07/12/2025 00:50,3458.56
07/12/2025 00:55,3335.07
07/12/2025 01:00,3297.54
07/12/2025 01:05,3343.99
07/12/2025 01:10,3353.57
07/12/2025 01:15,3133.69
07/12/2025 01:20,3245.19
07/12/2025 01:25,3213.5
07/12/2025 01:30,3310.32
07/12/2025 01:35,3146.94
07/12/2025 01:40,3235.77
07/12/2025 01:45,3179.33
07/12/2025 01:50,3133.52
07/12/2025 01:55,3378.25
07/12/2025 02:00,2671.47
07/12/2025 02:05,2723.08
07/12/2025 02:10,2726.78
07/12/2025 02:15,2818.92
07/12/2025 02:20,2716.73
07/12/2025 02:25,2684.77
07/12/2025 02:30,2725.11
07/12/2025 02:35,2735.82
07/12/2025 02:40,2628.33
07/12/2025 02:45,2723.62
07/12/2025 02:50,2754.71
07/12/2025 02:55,2846.02
07/12/2025 03:00,2680.47
07/12/2025 03:05,2831.21
07/12/2025 03:10,2655.58
07/12/2025 03:15,2726.21
07/12/2025 03:20,2678.96
07/12/2025 03:25,2621.77
07/12/2025 03:30,2880.25
07/12/2025 03:35,2571.07
07/12/2025 03:40,2737.93
07/12/2025 03:45,2625.7
07/12/2025 03:50,2742.52
07/12/2025 03:55,2625.23
07/12/2025 04:00,2631.15
07/12/2025 04:05,2791.3
07/12/2025 04:10,2587.65
07/12/2025 04:15,2868.24
07/12/2025 04:20,2758.01
07/12/2025 04:25,2728.96
07/12/2025 04:30,2711.04
07/12/2025 04:35,2781.01
07/12/2025 04:40,2603.36
07/12/2025 04:45,2674.46
07/12/2025 04:50,2729.1
07/12/2025 04:55,2620.08
07/12/2025 05:00,2814.57
07/12/2025 05:05,2942.75
07/12/2025 05:10,3083.37
07/12/2025 05:15,3094.58
07/12/2025 05:20,3021.56
07/12/2025 05:25,3206.4
07/12/2025 05:30,3088.16
07/12/2025 05:35,2999.47
07/12/2025 05:40,3205.38
07/12/2025 05:45,3155.89
07/12/2025 05:50,3287.62
07/12/2025 05:55,3358.13
07/12/2025 06:00,3390.69
07/12/2025 06:05,3305.72
07/12/2025 06:10,3245.32
07/12/2025 06:15,3559.99
07/12/2025 06:20,3343.01
07/12/2025 06:25,3383.09
07/12/2025 06:30,3489.6
07/12/2025 06:35,3579.2
07/12/2025 06:40,3559.29
07/12/2025 06:45,3699.33
07/12/2025 06:50,3733.07
07/12/2025 06:55,3791.6
07/12/2025 07:00,3823.52
07/12/2025 07:05,4006.17
07/12/2025 07:10,3770.15
07/12/2025 07:15,3902.63
07/12/2025 07:20,3959.0
07/12/2025 07:25,4104.9
07/12/2025 07:30,3984.26
07/12/2025 07:35,4240.56
07/12/2025 07:40,4124.71
07/12/2025 07:45,4125.59
07/12/2025 07:50,4186.27
07/12/2025 07:55,4323.59
07/12/2025 08:00,4228.04
07/12/2025 08:05,4221.47
07/12/2025 08:10,4332.95
07/12/2025 08:15,4447.48
07/12/2025 08:20,4379.91
07/12/2025 08:25,4525.35
07/12/2025 08:30,4533.06
07/12/2025 08:35,4583.04
07/12/2025 08:40,4525.57
07/12/2025 08:45,4633.29
07/12/2025 08:50,4765.27
07/12/2025 08:55,4586.98
07/12/2025 09:00,4707.85
07/12/2025 09:05,4575.37
07/12/2025 09:10,4728.72
07/12/2025 09:15,4559.79
07/12/2025 09:20,4696.86
07/12/2025 09:25,4807.74
07/12/2025 09:30,4617.31
07/12/2025 09:35,4633.79
07/12/2025 09:40,4866.32
07/12/2025 09:45,4837.04
07/12/2025 09:50,4746.13
07/12/2025 09:55,4790.3
07/12/2025 10:00,4851.67
07/12/2025 10:05,4795.16
07/12/2025 10:10,4867.59
07/12/2025 10:15,4912.58
07/12/2025 10:20,4752.56
07/12/2025 10:25,4976.16
07/12/2025 10:30,4790.31
07/12/2025 10:35,4926.98
07/12/2025 10:40,4787.28
07/12/2025 10:45,4887.61
07/12/2025 10:50,4777.6
07/12/2025 10:55,4904.65
07/12/2025 11:00,4739.9
07/12/2025 11:05,4960.99
07/12/2025 11:10,4828.93
07/12/2025 11:15,4675.93
07/12/2025 11:20,4775.72
07/12/2025 11:25,4711.61
07/12/2025 11:30,4752.44
07/12/2025 11:35,4692.2
07/12/2025 11:40,4638.42
07/12/2025 11:45,4605.54
07/12/2025 11:50,4713.72
07/12/2025 11:55,4563.56
07/12/2025 12:00,4488.31
07/12/2025 12:05,4522.38
07/12/2025 12:10,4500.03
07/12/2025 12:15,4618.99
07/12/2025 12:20,4653.42
07/12/2025 12:25,4634.13
07/12/2025 12:30,4448.57
07/12/2025 12:35,4556.34
07/12/2025 12:40,4502.77
07/12/2025 12:45,4477.83
07/12/2025 12:50,4509.7
07/12/2025 12:55,4453.37
07/12/2025 13:00,4468.81
07/12/2025 13:05,4556.34
07/12/2025 13:10,4527.5
07/12/2025 13:15,4466.48
07/12/2025 13:20,4473.34
07/12/2025 13:25,4399.57
07/12/2025 13:30,4463.99
07/12/2025 13:35,4344.79
07/12/2025 13:40,4436.99
07/12/2025 13:45,4466.64
07/12/2025 13:50,4348.94
07/12/2025 13:55,4435.09
07/12/2025 14:00,4508.61
07/12/2025 14:05,4379.59
07/12/2025 14:10,4441.07
07/12/2025 14:15,4331.18
07/12/2025 14:20,4415.7
07/12/2025 14:25,4447.87
07/12/2025 14:30,4385.93
07/12/2025 14:35,4324.34
07/12/2025 14:40,4293.82
07/12/2025 14:45,4325.14
07/12/2025 14:50,4386.5
07/12/2025 14:55,4368.49
07/12/2025 15:00,4538.25
07/12/2025 15:05,4407.95
07/12/2025 15:10,4409.21
07/12/2025 15:15,4431.85
07/12/2025 15:20,4464.59
07/12/2025 15:25,4560.86
07/12/2025 15:30,4524.23
07/12/2025 15:35,4477.67
07/12/2025 15:40,4528.91
07/12/2025 15:45,4500.87
07/12/2025 15:50,4456.51
07/12/2025 15:55,4366.63
07/12/2025 16:00,4594.65
07/12/2025 16:05,4523.78
07/12/2025 16:10,4660.8
07/12/2025 16:15,4544.24
07/12/2025 16:20,4603.91
07/12/2025 16:25,4616.32
07/12/2025 16:30,4779.83
07/12/2025 16:35,4760.41
07/12/2025 16:40,4719.59
07/12/2025 16:45,4692.6
07/12/2025 16:50,4709.8
07/12/2025 16:55,4735.16
07/12/2025 17:00,4752.31
07/12/2025 17:05,4686.45
07/12/2025 17:10,4787.52
07/12/2025 17:15,4713.45
07/12/2025 17:20,4868.65
07/12/2025 17:25,4704.03
07/12/2025 17:30,4871.68
07/12/2025 17:35,4930.35
07/12/2025 17:40,4897.41
07/12/2025 17:45,4787.78
07/12/2025 17:50,4888.31
07/12/2025 17:55,4951.43
07/12/2025 18:00,5488.78
07/12/2025 18:05,5552.25
07/12/2025 18:10,5547.29
07/12/2025 18:15,5493.98
07/12/2025 18:20,5550.79
07/12/2025 18:25,5429.69
07/12/2025 18:30,5562.72
07/12/2025 18:35,5471.8
07/12/2025 18:40,5652.63
07/12/2025 18:45,5726.73
07/12/2025 18:50,5549.26
07/12/2025 18:55,5650.15
07/12/2025 19:00,5720.38
07/12/2025 19:05,5592.54
07/12/2025 19:10,5748.39
07/12/2025 19:15,5913.74
07/12/2025 19:20,5804.24
07/12/2025 19:25,5706.95
07/12/2025 19:30,5704.46
07/12/2025 19:35,5831.17
07/12/2025 19:40,5815.76
07/12/2025 19:45,5796.21
07/12/2025 19:50,5724.84
07/12/2025 19:55,5749.4
07/12/2025 20:00,5756.94
07/12/2025 20:05,5701.01
07/12/2025 20:10,5718.14
07/12/2025 20:15,5677.6
07/12/2025 20:20,5640.08
07/12/2025 20:25,5508.35
07/12/2025 20:30,5622.41
07/12/2025 20:35,5643.99
07/12/2025 20:40,5444.9
07/12/2025 20:45,5388.22
07/12/2025 20:50,5473.08
07/12/2025 20:55,5357.8
07/12/2025 21:00,5146.24
07/12/2025 21:05,5109.11
07/12/2025 21:10,5088.58
07/12/2025 21:15,4978.02
07/12/2025 21:20,4946.26
07/12/2025 21:25,4894.8
07/12/2025 21:30,4947.67
07/12/2025 21:35,4814.53
07/12/2025 21:40,4853.45
07/12/2025 21:45,4521.44
07/12/2025 21:50,4777.13
07/12/2025 21:55,4656.19
07/12/2025 22:00,4543.44
07/12/2025 22:05,4556.17
07/12/2025 22:10,4555.23
07/12/2025 22:15,4403.81
07/12/2025 22:20,4454.68
07/12/2025 22:25,4412.14
07/12/2025 22:30,4306.33
07/12/2025 22:35,4330.62
07/12/2025 22:40,4286.88
07/12/2025 22:45,4261.44
07/12/2025 22:50,4273.06
07/12/2025 22:55,4205.97
07/12/2025 23:00,4033.82
07/12/2025 23:05,3935.32
07/12/2025 23:10,4002.41
07/12/2025 23:15,3911.3
07/12/2025 23:20,3931.9
07/12/2025 23:25,3957.43
07/12/2025 23:30,3880.58
07/12/2025 23:35,3792.42
07/12/2025 23:40,3786.54
07/12/2025 23:45,3850.04
07/12/2025 23:50,3729.54
07/12/2025 23:55,3572.03
08/12/2025 00:00,3770.14
08/12/2025 00:05,3853.82
08/12/2025 00:10,3928.31
08/12/2025 00:15,3704.2
08/12/2025 00:20,3611.28
08/12/2025 00:25,3902.54
08/12/2025 00:30,3707.1
08/12/2025 00:35,3631.65
08/12/2025 00:40,3640.82
08/12/2025 00:45,3565.9
08/12/2025 00:50,3693.56
08/12/2025 00:55,3664.21
08/12/2025 01:00,3430.71
08/12/2025 01:05,3454.85
08/12/2025 01:10,3654.45
08/12/2025 01:15,3434.32
08/12/2025 01:20,3590.05
08/12/2025 01:25,3578.85
08/12/2025 01:30,3326.93
08/12/2025 01:35,3374.02
08/12/2025 01:40,3481.74
08/12/2025 01:45,3467.85
08/12/2025 01:50,3458.57
08/12/2025 01:55,3347.15
08/12/2025 02:00,2824.68
08/12/2025 02:05,3027.18
08/12/2025 02:10,3071.74
08/12/2025 02:15,2978.88
08/12/2025 02:20,2873.43
08/12/2025 02:25,3011.68
08/12/2025 02:30,2924.14
08/12/2025 02:35,3197.85
08/12/2025 02:40,2923.05
08/12/2025 02:45,2884.01
08/12/2025 02:50,2808.57
08/12/2025 02:55,3030.06
08/12/2025 03:00,2893.98
08/12/2025 03:05,2800.17
08/12/2025 03:10,2932.26
08/12/2025 03:15,2856.19
08/12/2025 03:20,2832.71
08/12/2025 03:25,3012.15
08/12/2025 03:30,2777.79
08/12/2025 03:35,3014.8
08/12/2025 03:40,2894.33
08/12/2025 03:45,3137.79
08/12/2025 03:50,2943.47
08/12/2025 03:55,3049.44
08/12/2025 04:00,2947.48
08/12/2025 04:05,2948.61
08/12/2025 04:10,2848.58
08/12/2025 04:15,2834.66
08/12/2025 04:20,2984.98
08/12/2025 04:25,2882.29
08/12/2025 04:30,2813.23
08/12/2025 04:35,3029.23
08/12/2025 04:40,3030.26
08/12/2025 04:45,2911.44
08/12/2025 04:50,2998.31
08/12/2025 04:55,3044.88
08/12/2025 05:00,3156.32
08/12/2025 05:05,3285.76
08/12/2025 05:10,3356.32
08/12/2025 05:15,3212.94
08/12/2025 05:20,3394.23
08/12/2025 05:25,3399.02
08/12/2025 05:30,3297.13
08/12/2025 05:35,3404.24
08/12/2025 05:40,3354.88
08/12/2025 05:45,3450.23
08/12/2025 05:50,3590.18
08/12/2025 05:55,3531.85
08/12/2025 06:00,3575.8
08/12/2025 06:05,3597.32
08/12/2025 06:10,3501.04
08/12/2025 06:15,3728.38
08/12/2025 06:20,3835.8
08/12/2025 06:25,3880.98
08/12/2025 06:30,3743.69
08/12/2025 06:35,3792.75
08/12/2025 06:40,3806.57
08/12/2025 06:45,3842.63
08/12/2025 06:50,3893.16
08/12/2025 06:55,3832.04
08/12/2025 07:00,4158.4
08/12/2025 07:05,4072.62
08/12/2025 07:10,4098.02
08/12/2025 07:15,4126.71
08/12/2025 07:20,4184.96
08/12/2025 07:25,4132.28
08/12/2025 07:30,4162.1
08/12/2025 07:35,4291.07
08/12/2025 07:40,4361.22
08/12/2025 07:45,4333.34
08/12/2025 07:50,4444.41
08/12/2025 07:55,4444.19
08/12/2025 08:00,4512.15
08/12/2025 08:05,4536.71
08/12/2025 08:10,4436.7
08/12/2025 08:15,4798.66
08/12/2025 08:20,4641.83
08/12/2025 08:25,4794.4
08/12/2025 08:30,4704.27
08/12/2025 08:35,4882.02
08/12/2025 08:40,4897.89
08/12/2025 08:45,4698.8
08/12/2025 08:50,4982.36
08/12/2025 08:55,4949.88
08/12/2025 09:00,4854.57
08/12/2025 09:05,4937.74
08/12/2025 09:10,4841.14
08/12/2025 09:15,4873.01
08/12/2025 09:20,4791.98
08/12/2025 09:25,5013.03
08/12/2025 09:30,4899.5
08/12/2025 09:35,5048.55
08/12/2025 09:40,4917.29
08/12/2025 09:45,4995.2
08/12/2025 09:50,5057.64
08/12/2025 09:55,5028.54
08/12/2025 10:00,4984.96
08/12/2025 10:05,5093.07
08/12/2025 10:10,5078.43
08/12/2025 10:15,5048.41
08/12/2025 10:20,5079.29
08/12/2025 10:25,5007.82
08/12/2025 10:30,5021.08
08/12/2025 10:35,5101.69
08/12/2025 10:40,5045.83
08/12/2025 10:45,4945.05
08/12/2025 10:50,5015.95
08/12/2025 10:55,5064.55
08/12/2025 11:00,4994.9
08/12/2025 11:05,5061.24
08/12/2025 11:10,5269.2
08/12/2025 11:15,5034.9
08/12/2025 11:20,5076.49
08/12/2025 11:25,4866.8
08/12/2025 11:30,5004.23
08/12/2025 11:35,4799.64
08/12/2025 11:40,5100.76
08/12/2025 11:45,4871.46
08/12/2025 11:50,4959.44
08/12/2025 11:55,4869.76
08/12/2025 12:00,4774.69
08/12/2025 12:05,4748.81
08/12/2025 12:10,4715.59
08/12/2025 12:15,4750.59
08/12/2025 12:20,4802.44
08/12/2025 12:25,4720.67
08/12/2025 12:30,4826.24
08/12/2025 12:35,4790.62
08/12/2025 12:40,4669.38
08/12/2025 12:45,4777.28
08/12/2025 12:50,4771.95
08/12/2025 12:55,4675.09
08/12/2025 13:00,4757.74
08/12/2025 13:05,4728.95
08/12/2025 13:10,4710.45
08/12/2025 13:15,4779.81
08/12/2025 13:20,4666.04
08/12/2025 13:25,4803.13
08/12/2025 13:30,4602.1
08/12/2025 13:35,4832.49
08/12/2025 13:40,4764.36
08/12/2025 13:45,4799.51
08/12/2025 13:50,4703.89
08/12/2025 13:55,4641.42
08/12/2025 14:00,4651.75
08/12/2025 14:05,4664.95
08/12/2025 14:10,4788.81
08/12/2025 14:15,4703.35
08/12/2025 14:20,4650.32
08/12/2025 14:25,4598.79
08/12/2025 14:30,4705.77
08/12/2025 14:35,4671.77
08/12/2025 14:40,4710.54
08/12/2025 14:45,4602.34
08/12/2025 14:50,4549.09
08/12/2025 14:55,4635.36
08/12/2025 15:00,4630.77
08/12/2025 15:05,4673.25
08/12/2025 15:10,4755.61
08/12/2025 15:15,4654.95
08/12/2025 15:20,4834.58
08/12/2025 15:25,4622.73
08/12/2025 15:30,4842.84
08/12/2025 15:35,4802.74
08/12/2025 15:40,4785.91
08/12/2025 15:45,4779.99
08/12/2025 15:50,4842.86
08/12/2025 15:55,4802.32
08/12/2025 16:00,4835.73
08/12/2025 16:05,4934.07
08/12/2025 16:10,4792.41
08/12/2025 16:15,4766.24
08/12/2025 16:20,4784.99
08/12/2025 16:25,4910.38
08/12/2025 16:30,4891.48
08/12/2025 16:35,4958.15
08/12/2025 16:40,5005.19
08/12/2025 16:45,4998.65
08/12/2025 16:50,5033.94
08/12/2025 16:55,4859.87
08/12/2025 17:00,5008.59
08/12/2025 17:05,4952.5
08/12/2025 17:10,5007.65
08/12/2025 17:15,5096.02
08/12/2025 17:20,5214.72
08/12/2025 17:25,5099.3
08/12/2025 17:30,5118.96
08/12/2025 17:35,5112.82
08/12/2025 17:40,5213.42
08/12/2025 17:45,5232.7
08/12/2025 17:50,5200.57
08/12/2025 17:55,5254.79
08/12/2025 18:00,5648.14
08/12/2025 18:05,5792.17
08/12/2025 18:10,5825.07
08/12/2025 18:15,5704.84
08/12/2025 18:20,5729.84
08/12/2025 18:25,5714.94
08/12/2025 18:30,5836.73
08/12/2025 18:35,5817.62
08/12/2025 18:40,5993.38
08/12/2025 18:45,5992.54
08/12/2025 18:50,6030.08
08/12/2025 18:55,5988.4
08/12/2025 19:00,6061.92
08/12/2025 19:05,5954.25
08/12/2025 19:10,5840.1
08/12/2025 19:15,5984.14
08/12/2025 19:20,6119.81
08/12/2025 19:25,5994.52
08/12/2025 19:30,5908.39
08/12/2025 19:35,6125.78
08/12/2025 19:40,5893.3
08/12/2025 19:45,6098.95
08/12/2025 19:50,5971.84
08/12/2025 19:55,5888.82
08/12/2025 20:00,5976.1
08/12/2025 20:05,5943.89
08/12/2025 20:10,5849.25
08/12/2025 20:15,5945.28
08/12/2025 20:20,5975.25
08/12/2025 20:25,5731.34
08/12/2025 20:30,5996.23
08/12/2025 20:35,5798.31
08/12/2025 20:40,5642.61
08/12/2025 20:45,5644.18
08/12/2025 20:50,5526.03
08/12/2025 20:55,5825.92
08/12/2025 21:00,5207.27
08/12/2025 21:05,5387.73
08/12/2025 21:10,5242.91
08/12/2025 21:15,5206.47
08/12/2025 21:20,5225.37
08/12/2025 21:25,5194.57
08/12/2025 21:30,5032.71
08/12/2025 21:35,5134.74
08/12/2025 21:40,5074.61
08/12/2025 21:45,5123.6
08/12/2025 21:50,4896.91
08/12/2025 21:55,5096.74
08/12/2025 22:00,4731.27
08/12/2025 22:05,4792.47
08/12/2025 22:10,4732.58
08/12/2025 22:15,4743.8
08/12/2025 22:20,4729.03
08/12/2025 22:25,4774.58
08/12/2025 22:30,4705.88
08/12/2025 22:35,4494.69
08/12/2025 22:40,4485.43
08/12/2025 22:45,4405.47
08/12/2025 22:50,4459.51
08/12/2025 22:55,4388.08
08/12/2025 23:00,4355.89
08/12/2025 23:05,4309.84
08/12/2025 23:10,4201.27
08/12/2025 23:15,4110.32
08/12/2025 23:20,4183.98
08/12/2025 23:25,4208.17
08/12/2025 23:30,4090.42
08/12/2025 23:35,4190.63
08/12/2025 23:40,3923.88
08/12/2025 23:45,3975.04
08/12/2025 23:50,3943.61
08/12/2025 23:55,3990.04
09/12/2025 00:00,3732.04
09/12/2025 00:05,3934.21
09/12/2025 00:10,3625.94
09/12/2025 00:15,3794.99
09/12/2025 00:20,3828.85
09/12/2025 00:25,3804.99
09/12/2025 00:30,3669.56
09/12/2025 00:35,3795.7
09/12/2025 00:40,3777.06
09/12/2025 00:45,3704.39
09/12/2025 00:50,3601.21
09/12/2025 00:55,3597.48
09/12/2025 01:00,3501.7
09/12/2025 01:05,3596.38
09/12/2025 01:10,3555.61
09/12/2025 01:15,3646.64
09/12/2025 01:20,3376.24
09/12/2025 01:25,3636.24
09/12/2025 01:30,3503.71
09/12/2025 01:35,3530.13
09/12/2025 01:40,3558.27
09/12/2025 01:45,3443.94
09/12/2025 01:50,3500.57
09/12/2025 01:55,3381.55
09/12/2025 02:00,2938.55
09/12/2025 02:05,2870.63
09/12/2025 02:10,2955.23
09/12/2025 02:15,2801.9
09/12/2025 02:20,2909.55
09/12/2025 02:25,2927.53
09/12/2025 02:30,2985.54
09/12/2025 02:35,2974.82
09/12/2025 02:40,3068.93
09/12/2025 02:45,2918.42
09/12/2025 02:50,2929.69
09/12/2025 02:55,3170.27
09/12/2025 03:00,2757.67
09/12/2025 03:05,2945.28
09/12/2025 03:10,2978.37
09/12/2025 03:15,3051.85
09/12/2025 03:20,3052.67
09/12/2025 03:25,2877.41
09/12/2025 03:30,2989.65
09/12/2025 03:35,2896.0
09/12/2025 03:40,2924.33
09/12/2025 03:45,2839.32
09/12/2025 03:50,3027.44
09/12/2025 03:55,2963.67
09/12/2025 04:00,2917.53
09/12/2025 04:05,2871.56
09/12/2025 04:10,2881.48
09/12/2025 04:15,2934.9
09/12/2025 04:20,2928.67
09/12/2025 04:25,2832.81
09/12/2025 04:30,2938.15
09/12/2025 04:35,3053.91
09/12/2025 04:40,2881.82
09/12/2025 04:45,2855.45
09/12/2025 04:50,2957.27
09/12/2025 04:55,2981.16
09/12/2025 05:00,3161.85
09/12/2025 05:05,3211.57
09/12/2025 05:10,3258.63
09/12/2025 05:15,3218.58
09/12/2025 05:20,3270.53
09/12/2025 05:25,3372.71
09/12/2025 05:30,3283.87
09/12/2025 05:35,3440.38
09/12/2025 05:40,3484.1
09/12/2025 05:45,3497.69
09/12/2025 05:50,3371.0
09/12/2025 05:55,3554.53
09/12/2025 06:00,3609.23
09/12/2025 06:05,3536.42
09/12/2025 06:10,3649.31
09/12/2025 06:15,3760.22
09/12/2025 06:20,3749.29
09/12/2025 06:25,3795.61
09/12/2025 06:30,3770.61
09/12/2025 06:35,3950.13
09/12/2025 06:40,3908.17
09/12/2025 06:45,3816.55
09/12/2025 06:50,3916.22
09/12/2025 06:55,3919.27
09/12/2025 07:00,3967.73
09/12/2025 07:05,4025.05
09/12/2025 07:10,3907.05
09/12/2025 07:15,4131.1
09/12/2025 07:20,4421.09
09/12/2025 07:25,4234.45
09/12/2025 07:30,4460.61
09/12/2025 07:35,4351.95
09/12/2025 07:40,4367.36
09/12/2025 07:45,4397.34
09/12/2025 07:50,4471.53
09/12/2025 07:55,4400.6
09/12/2025 08:00,4333.03
09/12/2025 08:05,4565.4
09/12/2025 08:10,4719.15
09/12/2025 08:15,4732.37
09/12/2025 08:20,4682.2
09/12/2025 08:25,4619.39
09/12/2025 08:30,4657.16
09/12/2025 08:35,4910.26
09/12/2025 08:40,4913.75
09/12/2025 08:45,4758.47
09/12/2025 08:50,5002.88
09/12/2025 08:55,4902.9
09/12/2025 09:00,4768.64
09/12/2025 09:05,4890.77
09/12/2025 09:10,4889.15
09/12/2025 09:15,4971.98
09/12/2025 09:20,4787.57
09/12/2025 09:25,5030.78
09/12/2025 09:30,5056.23
09/12/2025 09:35,4955.77
09/12/2025 09:40,4969.5
09/12/2025 09:45,4902.96
09/12/2025 09:50,5025.75
09/12/2025 09:55,5196.54
09/12/2025 10:00,5070.06
09/12/2025 10:05,4975.69
09/12/2025 10:10,5088.68
09/12/2025 10:15,5007.25
09/12/2025 10:20,5104.99
09/12/2025 10:25,5099.13
09/12/2025 10:30,5131.14
09/12/2025 10:35,5101.99
09/12/2025 10:40,4979.03
09/12/2025 10:45,4840.02
09/12/2025 10:50,5050.27
09/12/2025 10:55,5081.76
09/12/2025 11:00,4910.2
09/12/2025 11:05,5145.61
09/12/2025 11:10,5106.88
09/12/2025 11:15,5215.87
09/12/2025 11:20,5113.76
09/12/2025 11:25,5031.56
09/12/2025 11:30,4881.87
09/12/2025 11:35,5056.65
09/12/2025 11:40,4843.33
09/12/2025 11:45,5051.76
09/12/2025 11:50,4915.84
09/12/2025 11:55,4687.89
09/12/2025 12:00,4931.29
09/12/2025 12:05,4752.04
09/12/2025 12:10,4981.77
09/12/2025 12:15,4801.41
09/12/2025 12:20,4746.65
09/12/2025 12:25,4605.02
09/12/2025 12:30,4782.03
09/12/2025 12:35,4890.55
09/12/2025 12:40,4670.81
09/12/2025 12:45,4816.06
09/12/2025 12:50,4574.14
09/12/2025 12:55,4742.55
09/12/2025 13:00,4635.72
09/12/2025 13:05,4774.06
09/12/2025 13:10,4718.64
09/12/2025 13:15,4752.33
09/12/2025 13:20,4698.1
09/12/2025 13:25,4797.0
09/12/2025 13:30,4789.44
09/12/2025 13:35,4583.32
09/12/2025 13:40,4716.52
09/12/2025 13:45,4839.32
09/12/2025 13:50,4655.4
09/12/2025 13:55,4653.67
09/12/2025 14:00,4587.55
09/12/2025 14:05,4596.87
09/12/2025 14:10,4746.39
09/12/2025 14:15,4589.33
09/12/2025 14:20,4691.61
09/12/2025 14:25,4899.0
09/12/2025 14:30,4768.93
09/12/2025 14:35,4691.89
09/12/2025 14:40,4588.24
09/12/2025 14:45,4687.22
09/12/2025 14:50,4600.41
09/12/2025 14:55,4746.29
09/12/2025 15:00,4676.93
09/12/2025 15:05,4695.93
09/12/2025 15:10,4750.03
09/12/2025 15:15,4644.28
09/12/2025 15:20,4729.22
09/12/2025 15:25,4677.57
09/12/2025 15:30,4713.22
09/12/2025 15:35,4807.53
09/12/2025 15:40,4679.72
09/12/2025 15:45,4833.86
09/12/2025 15:50,4721.67
09/12/2025 15:55,4888.03
09/12/2025 16:00,4939.24
09/12/2025 16:05,4862.55
09/12/2025 16:10,4956.72
09/12/2025 16:15,4911.86
09/12/2025 16:20,4910.81
09/12/2025 16:25,5008.68
09/12/2025 16:30,4988.97
09/12/2025 16:35,5000.57
09/12/2025 16:40,5129.26
09/12/2025 16:45,5030.4
09/12/2025 16:50,5050.97
09/12/2025 16:55,4950.65
09/12/2025 17:00,5002.71
09/12/2025 17:05,5086.67
09/12/2025 17:10,4978.9
09/12/2025 17:15,5055.51
09/12/2025 17:20,5055.0
09/12/2025 17:25,4966.02
09/12/2025 17:30,5137.5
09/12/2025 17:35,5147.94
09/12/2025 17:40,5178.26
09/12/2025 17:45,5224.66
09/12/2025 17:50,5241.52
09/12/2025 17:55,5170.95
09/12/2025 18:00,5603.42
09/12/2025 18:05,5768.05
09/12/2025 18:10,5760.75
09/12/2025 18:15,5733.93
09/12/2025 18:20,5621.73
09/12/2025 18:25,5968.95
09/12/2025 18:30,5826.58
09/12/2025 18:35,5701.28
09/12/2025 18:40,5905.62
09/12/2025 18:45,5940.14
09/12/2025 18:50,5832.28
09/12/2025 18:55,5977.02
09/12/2025 19:00,5973.26
09/12/2025 19:05,5965.21
09/12/2025 19:10,6000.56
09/12/2025 19:15,6042.73
09/12/2025 19:20,5939.01
09/12/2025 19:25,5992.45
09/12/2025 19:30,6021.23
09/12/2025 19:35,6179.63
09/12/2025 19:40,6033.51
09/12/2025 19:45,5884.21
09/12/2025 19:50,5905.0
09/12/2025 19:55,5925.58
09/12/2025 20:00,5947.48
09/12/2025 20:05,5856.47
09/12/2025 20:10,6040.08
09/12/2025 20:15,5853.22
09/12/2025 20:20,5936.04
09/12/2025 20:25,5755.83
09/12/2025 20:30,5883.43
09/12/2025 20:35,5863.97
09/12/2025 20:40,5766.86
09/12/2025 20:45,5789.36
09/12/2025 20:50,5609.03
09/12/2025 20:55,5642.13
09/12/2025 21:00,5297.89
09/12/2025 21:05,5216.49
09/12/2025 21:10,5333.52
09/12/2025 21:15,5165.17
09/12/2025 21:20,5142.42
09/12/2025 21:25,5161.1
09/12/2025 21:30,5106.89
09/12/2025 21:35,5036.36
09/12/2025 21:40,4983.18
09/12/2025 21:45,4982.05
09/12/2025 21:50,4890.08
09/12/2025 21:55,4952.73
09/12/2025 22:00,4867.02
09/12/2025 22:05,4688.35
09/12/2025 22:10,4689.71
09/12/2025 22:15,4631.6
09/12/2025 22:20,4728.62
09/12/2025 22:25,4615.16
09/12/2025 22:30,4567.15
09/12/2025 22:35,4479.09
09/12/2025 22:40,4583.79
09/12/2025 22:45,4476.34
09/12/2025 22:50,4259.27
09/12/2025 22:55,4425.12
09/12/2025 23:00,4376.93
09/12/2025 23:05,4291.84
09/12/2025 23:10,4361.48
09/12/2025 23:15,4325.96
09/12/2025 23:20,4286.13
09/12/2025 23:25,4289.67
09/12/2025 23:30,3995.29
09/12/2025 23:35,4103.31
09/12/2025 23:40,4127.54
09/12/2025 23:45,4036.38
09/12/2025 23:50,3968.86
09/12/2025 23:55,3974.22
10/12/2025 00:00,3922.94
10/12/2025 00:05,3824.0
10/12/2025 00:10,3864.77
10/12/2025 00:15,3813.69
10/12/2025 00:20,3794.29
10/12/2025 00:25,3695.67
10/12/2025 00:30,3733.07
10/12/2025 00:35,3686.39
10/12/2025 00:40,3603.49
10/12/2025 00:45,3590.4
10/12/2025 00:50,3695.37
10/12/2025 00:55,3643.13
10/12/2025 01:00,3635.08
10/12/2025 01:05,3614.21
10/12/2025 01:10,3496.83
10/12/2025 01:15,3587.13
10/12/2025 01:20,3445.96
10/12/2025 01:25,3453.11
10/12/2025 01:30,3500.42
10/12/2025 01:35,3433.0
10/12/2025 01:40,3387.95
10/12/2025 01:45,3368.42
10/12/2025 01:50,3264.49
10/12/2025 01:55,3372.57
10/12/2025 02:00,3149.21
10/12/2025 02:05,2898.1
10/12/2025 02:10,2998.43
10/12/2025 02:15,2952.03
10/12/2025 02:20,3019.13
10/12/2025 02:25,2668.65
10/12/2025 02:30,3099.78
10/12/2025 02:35,2976.58
10/12/2025 02:40,3020.61
10/12/2025 02:45,2894.08
10/12/2025 02:50,2897.02
10/12/2025 02:55,2956.42
10/12/2025 03:00,3015.5
10/12/2025 03:05,2896.27
10/12/2025 03:10,2846.93
10/12/2025 03:15,2805.17
10/12/2025 03:20,2912.25
10/12/2025 03:25,2958.41
10/12/2025 03:30,2883.13
10/12/2025 03:35,3099.32
10/12/2025 03:40,3036.87
10/12/2025 03:45,2941.57
10/12/2025 03:50,2869.44
10/12/2025 03:55,2994.82
10/12/2025 04:00,2897.67
10/12/2025 04:05,2832.31
10/12/2025 04:10,2866.29
10/12/2025 04:15,3023.54
10/12/2025 04:20,2934.97
10/12/2025 04:25,2912.94
10/12/2025 04:30,2976.43
10/12/2025 04:35,2964.58
10/12/2025 04:40,2958.68
10/12/2025 04:45,2945.87
10/12/2025 04:50,2997.66
10/12/2025 04:55,3062.94
10/12/2025 05:00,3152.5
10/12/2025 05:05,3083.18
10/12/2025 05:10,3201.19
10/12/2025 05:15,3148.54
10/12/2025 05:20,3332.03
10/12/2025 05:25,3370.91
10/12/2025 05:30,3339.88
10/12/2025 05:35,3401.91
10/12/2025 05:40,3535.32
10/12/2025 05:45,3452.07
10/12/2025 05:50,3525.07
10/12/2025 05:55,3490.75
10/12/2025 06:00,3568.05
10/12/2025 06:05,3626.52
10/12/2025 06:10,3844.87
10/12/2025 06:15,3766.05
10/12/2025 06:20,3780.93
10/12/2025 06:25,3748.79
10/12/2025 06:30,3816.98
10/12/2025 06:35,3656.64
10/12/2025 06:40,3738.42
10/12/2025 06:45,3820.48
10/12/2025 06:50,3923.49
10/12/2025 06:55,3817.91
10/12/2025 07:00,4018.59
10/12/2025 07:05,4130.91
10/12/2025 07:10,4108.69
10/12/2025 07:15,4216.43
10/12/2025 07:20,4104.26
10/12/2025 07:25,4174.21
10/12/2025 07:30,4337.14
10/12/2025 07:35,4285.36
10/12/2025 07:40,4287.17
10/12/2025 07:45,4498.59
10/12/2025 07:50,4427.4
10/12/2025 07:55,4528.61
10/12/2025 08:00,4493.2
10/12/2025 08:05,4680.25
10/12/2025 08:10,4641.32
10/12/2025 08:15,4629.07
10/12/2025 08:20,4689.36
10/12/2025 08:25,4767.74
10/12/2025 08:30,4779.56
10/12/2025 08:35,4946.45
10/12/2025 08:40,4867.68
10/12/2025 08:45,4983.14
10/12/2025 08:50,4915.26
10/12/2025 08:55,5025.87
10/12/2025 09:00,4882.47
10/12/2025 09:05,5023.17
10/12/2025 09:10,5058.73
10/12/2025 09:15,4934.36
10/12/2025 09:20,5104.75
10/12/2025 09:25,4964.58
10/12/2025 09:30,4972.47
10/12/2025 09:35,5098.55
10/12/2025 09:40,5063.56
10/12/2025 09:45,5027.19
10/12/2025 09:50,4996.13
10/12/2025 09:55,4933.26
10/12/2025 10:00,5038.57
10/12/2025 10:05,5016.33
10/12/2025 10:10,5177.9
10/12/2025 10:15,5107.86
10/12/2025 10:20,5115.38
10/12/2025 10:25,5090.38
10/12/2025 10:30,5024.11
10/12/2025 10:35,5208.02
10/12/2025 10:40,5062.71
10/12/2025 10:45,5100.14
10/12/2025 10:50,4989.6
10/12/2025 10:55,4986.58
10/12/2025 11:00,4922.46
10/12/2025 11:05,5064.89
10/12/2025 11:10,4988.69
10/12/2025 11:15,5086.2
10/12/2025 11:20,5051.8
10/12/2025 11:25,5050.78
10/12/2025 11:30,4944.29
10/12/2025 11:35,4988.32
10/12/2025 11:40,4883.97
10/12/2025 11:45,4806.18
10/12/2025 11:50,4901.29
10/12/2025 11:55,4836.39
10/12/2025 12:00,4715.72
10/12/2025 12:05,4909.46
10/12/2025 12:10,4835.65
10/12/2025 12:15,4830.45
10/12/2025 12:20,4903.13
10/12/2025 12:25,4789.23
10/12/2025 12:30,4901.83
10/12/2025 12:35,4638.15
10/12/2025 12:40,4696.47
10/12/2025 12:45,4801.39
10/12/2025 12:50,4760.12
10/12/2025 12:55,4799.91
10/12/2025 13:00,4691.33
10/12/2025 13:05,4661.64
10/12/2025 13:10,4569.2
10/12/2025 13:15,4696.45
10/12/2025 13:20,4734.03
10/12/2025 13:25,4648.35
10/12/2025 13:30,4649.84
10/12/2025 13:35,4532.31
10/12/2025 13:40,4561.41
10/12/2025 13:45,4710.85
10/12/2025 13:50,4684.97
10/12/2025 13:55,4719.08
10/12/2025 14:00,4579.94
10/12/2025 14:05,4590.08
10/12/2025 14:10,4789.29
10/12/2025 14:15,4756.31
10/12/2025 14:20,4673.79
10/12/2025 14:25,4643.31
10/12/2025 14:30,4744.11
10/12/2025 14:35,4555.54
10/12/2025 14:40,4696.36
10/12/2025 14:45,4747.61
10/12/2025 14:50,4533.79
10/12/2025 14:55,4589.19
10/12/2025 15:00,4681.0
10/12/2025 15:05,4778.49
10/12/2025 15:10,4803.38
10/12/2025 15:15,4706.03
10/12/2025 15:20,4666.89
10/12/2025 15:25,4680.56
10/12/2025 15:30,4596.3
10/12/2025 15:35,4704.47
10/12/2025 15:40,4723.68
10/12/2025 15:45,4818.85
10/12/2025 15:50,4769.83
10/12/2025 15:55,4752.25
10/12/2025 16:00,4914.78
10/12/2025 16:05,4813.5
10/12/2025 16:10,4938.25
10/12/2025 16:15,4996.91
10/12/2025 16:20,4912.37
10/12/2025 16:25,5026.65
10/12/2025 16:30,4978.35
10/12/2025 16:35,4825.25
10/12/2025 16:40,4951.13
10/12/2025 16:45,4982.38
10/12/2025 16:50,4805.76
10/12/2025 16:55,5101.07
10/12/2025 17:00,4940.98
10/12/2025 17:05,5008.94
10/12/2025 17:10,4944.06
10/12/2025 17:15,4983.71
10/12/2025 17:20,5041.61
10/12/2025 17:25,5142.2
10/12/2025 17:30,5002.69
10/12/2025 17:35,5117.31
10/12/2025 17:40,5044.24
10/12/2025 17:45,5110.36
10/12/2025 17:50,5182.5
10/12/2025 17:55,5264.65
10/12/2025 18:00,5797.04
10/12/2025 18:05,5679.23
10/12/2025 18:10,5788.74
10/12/2025 18:15,5702.92
10/12/2025 18:20,5822.66
10/12/2025 18:25,5874.14
10/12/2025 18:30,5831.23
10/12/2025 18:35,5914.39
10/12/2025 18:40,5862.61
10/12/2025 18:45,5800.12
10/12/2025 18:50,5826.22
10/12/2025 18:55,5883.56
10/12/2025 19:00,5938.71
10/12/2025 19:05,6141.55
10/12/2025 19:10,6051.17
10/12/2025 19:15,5959.53
10/12/2025 19:20,5990.64
10/12/2025 19:25,5905.88
10/12/2025 19:30,6020.31
10/12/2025 19:35,6039.4
10/12/2025 19:40,5905.56
10/12/2025 19:45,6092.9
10/12/2025 19:50,6060.12
10/12/2025 19:55,5912.13
10/12/2025 20:00,5989.44
10/12/2025 20:05,5987.87
10/12/2025 20:10,5779.84
10/12/2025 20:15,5839.23
10/12/2025 20:20,5868.9
10/12/2025 20:25,5858.13
10/12/2025 20:30,5851.91
10/12/2025 20:35,5835.43
10/12/2025 20:40,5856.33
10/12/2025 20:45,5766.24
10/12/2025 20:50,5766.78
10/12/2025 20:55,5734.4
10/12/2025 21:00,5313.28
10/12/2025 21:05,5162.17
10/12/2025 21:10,5159.25
10/12/2025 21:15,5170.86
10/12/2025 21:20,5223.73
10/12/2025 21:25,5178.33
10/12/2025 21:30,5158.62
10/12/2025 21:35,5031.01
10/12/2025 21:40,4905.6
10/12/2025 21:45,4929.22
10/12/2025 21:50,4963.3
10/12/2025 21:55,4861.25
10/12/2025 22:00,4980.17
10/12/2025 22:05,4848.36
10/12/2025 22:10,4612.99
10/12/2025 22:15,4761.31
10/12/2025 22:20,4733.32
10/12/2025 22:25,4614.09
10/12/2025 22:30,4613.21
10/12/2025 22:35,4481.55
10/12/2025 22:40,4437.91
10/12/2025 22:45,4476.52
10/12/2025 22:50,4351.47
10/12/2025 22:55,4360.21
10/12/2025 23:00,4313.03
10/12/2025 23:05,4470.84
10/12/2025 23:10,4313.52
10/12/2025 23:15,4218.16
10/12/2025 23:20,4195.21
10/12/2025 23:25,4139.08
10/12/2025 23:30,3973.78
10/12/2025 23:35,4129.58
10/12/2025 23:40,4017.75
10/12/2025 23:45,4012.2
10/12/2025 23:50,3940.5
10/12/2025 23:55,3868.88
11/12/2025 00:00,3755.46
11/12/2025 00:05,3693.29
11/12/2025 00:10,4007.29
11/12/2025 00:15,3650.2
11/12/2025 00:20,3783.53
11/12/2025 00:25,3703.49
11/12/2025 00:30,3838.43
11/12/2025 00:35,3856.77
11/12/2025 00:40,3776.88
11/12/2025 00:45,3596.91
11/12/2025 00:50,3785.12
11/12/2025 00:55,3637.28
11/12/2025 01:00,3633.23
11/12/2025 01:05,3608.67
11/12/2025 01:10,3623.58
11/12/2025 01:15,3364.8
11/12/2025 01:20,3501.03
11/12/2025 01:25,3367.46
11/12/2025 01:30,3443.04
11/12/2025 01:35,3377.41
11/12/2025 01:40,3524.02
11/12/2025 01:45,3442.35
11/12/2025 01:50,3415.68
11/12/2025 01:55,3545.28
11/12/2025 02:00,3020.68
11/12/2025 02:05,3011.29
11/12/2025 02:10,3046.59
11/12/2025 02:15,2846.73
11/12/2025 02:20,3053.94
11/12/2025 02:25,2707.52
11/12/2025 02:30,2813.38
11/12/2025 02:35,2893.55
11/12/2025 02:40,2915.8
11/12/2025 02:45,3034.9
11/12/2025 02:50,2928.77
11/12/2025 02:55,2955.2
11/12/2025 03:00,2757.23
11/12/2025 03:05,2966.98
11/12/2025 03:10,3043.07
11/12/2025 03:15,2976.59
11/12/2025 03:20,2997.85
11/12/2025 03:25,2996.78
11/12/2025 03:30,2995.79
11/12/2025 03:35,2951.7
11/12/2025 03:40,2878.84
11/12/2025 03:45,2815.27
11/12/2025 03:50,3163.07
11/12/2025 03:55,3129.05
11/12/2025 04:00,2979.43
11/12/2025 04:05,2822.91
11/12/2025 04:10,3099.68
11/12/2025 04:15,3017.49
11/12/2025 04:20,3046.38
11/12/2025 04:25,3019.32
11/12/2025 04:30,2993.52
11/12/2025 04:35,3003.08
11/12/2025 04:40,2807.92
11/12/2025 04:45,2907.78
11/12/2025 04:50,2855.7
11/12/2025 04:55,2902.72
11/12/2025 05:00,3140.13
11/12/2025 05:05,3157.7
11/12/2025 05:10,3245.58
11/12/2025 05:15,3302.77
11/12/2025 05:20,3411.19
11/12/2025 05:25,3437.25
11/12/2025 05:30,3448.36
11/12/2025 05:35,3320.46
11/12/2025 05:40,3557.73
11/12/2025 05:45,3335.96
11/12/2025 05:50,3449.85
11/12/2025 05:55,3590.47
11/12/2025 06:00,3458.14
11/12/2025 06:05,3712.24
11/12/2025 06:10,3573.06
11/12/2025 06:15,3816.66
11/12/2025 06:20,3683.77
11/12/2025 06:25,3717.46
11/12/2025 06:30,3728.06
11/12/2025 06:35,3823.8
11/12/2025 06:40,3829.24
11/12/2025 06:45,3805.8
11/12/2025 06:50,3927.81
11/12/2025 06:55,3834.72
11/12/2025 07:00,3978.97
11/12/2025 07:05,4141.31
11/12/2025 07:10,3970.6
11/12/2025 07:15,4159.05
11/12/2025 07:20,4311.96
11/12/2025 07:25,4202.08
11/12/2025 07:30,4233.13
11/12/2025 07:35,4303.96
11/12/2025 07:40,4240.96
11/12/2025 07:45,4352.54
11/12/2025 07:50,4523.43
11/12/2025 07:55,4486.05
11/12/2025 08:00,4631.81
11/12/2025 08:05,4588.06
11/12/2025 08:10,4528.75
11/12/2025 08:15,4736.41
11/12/2025 08:20,4700.32
11/12/2025 08:25,4720.64
11/12/2025 08:30,4780.02
11/12/2025 08:35,4801.28
11/12/2025 08:40,5075.03
11/12/2025 08:45,4815.84
11/12/2025 08:50,4977.3
11/12/2025 08:55,4934.08
11/12/2025 09:00,4864.26
11/12/2025 09:05,4947.74
11/12/2025 09:10,4859.35
11/12/2025 09:15,4921.43
11/12/2025 09:20,4952.12
11/12/2025 09:25,4892.95
11/12/2025 09:30,4920.83
11/12/2025 09:35,4985.75
11/12/2025 09:40,5031.71
11/12/2025 09:45,5231.29
11/12/2025 09:50,4952.65
11/12/2025 09:55,5088.8
11/12/2025 10:00,4999.16
11/12/2025 10:05,5072.83
11/12/2025 10:10,5087.3
11/12/2025 10:15,5024.45
11/12/2025 10:20,5021.79
11/12/2025 10:25,4961.36
11/12/2025 10:30,5163.09
11/12/2025 10:35,5099.86
11/12/2025 10:40,5164.19
11/12/2025 10:45,5017.09
11/12/2025 10:50,5119.82
11/12/2025 10:55,4999.54
11/12/2025 11:00,5206.22
11/12/2025 11:05,5063.2
11/12/2025 11:10,4993.38
11/12/2025 11:15,4978.0
11/12/2025 11:20,4982.47
11/12/2025 11:25,4974.67
11/12/2025 11:30,5216.71
11/12/2025 11:35,5058.21
11/12/2025 11:40,4940.9
11/12/2025 11:45,4946.44
11/12/2025 11:50,4903.84
11/12/2025 11:55,4891.5
11/12/2025 12:00,4630.75
11/12/2025 12:05,4712.16
11/12/2025 12:10,4916.68
11/12/2025 12:15,4843.43
11/12/2025 12:20,4761.05
11/12/2025 12:25,4816.84
11/12/2025 12:30,4774.08
11/12/2025 12:35,4777.87
11/12/2025 12:40,4766.36
11/12/2025 12:45,4578.75
11/12/2025 12:50,4856.4
11/12/2025 12:55,4702.52
11/12/2025 13:00,4746.75
11/12/2025 13:05,4698.34
11/12/2025 13:10,4777.72
11/12/2025 13:15,4654.27
11/12/2025 13:20,4822.97
11/12/2025 13:25,4712.13
11/12/2025 13:30,4870.17
11/12/2025 13:35,4687.29
11/12/2025 13:40,4607.91
11/12/2025 13:45,4734.89
11/12/2025 13:50,4548.16
11/12/2025 13:55,4623.41
11/12/2025 14:00,4682.24
11/12/2025 14:05,4814.05
11/12/2025 14:10,4737.75
11/12/2025 14:15,4771.79
11/12/2025 14:20,4648.37
11/12/2025 14:25,4716.18
11/12/2025 14:30,4765.96
11/12/2025 14:35,4498.04
11/12/2025 14:40,4666.29
11/12/2025 14:45,4603.1
11/12/2025 14:50,4596.82
11/12/2025 14:55,4624.64
11/12/2025 15:00,4442.61
11/12/2025 15:05,4522.38
11/12/2025 15:10,4583.1
11/12/2025 15:15,4541.47
11/12/2025 15:20,4760.56
11/12/2025 15:25,4804.27
11/12/2025 15:30,4763.7
11/12/2025 15:35,4639.39
11/12/2025 15:40,4806.26
11/12/2025 15:45,4892.3
11/12/2025 15:50,4902.49
11/12/2025 15:55,4877.4
11/12/2025 16:00,4862.54
11/12/2025 16:05,4866.83
11/12/2025 16:10,4864.44
11/12/2025 16:15,4758.3
11/12/2025 16:20,4890.12
11/12/2025 16:25,4852.11
11/12/2025 16:30,4864.34
11/12/2025 16:35,4985.97
11/12/2025 16:40,4917.73
11/12/2025 16:45,4817.38
11/12/2025 16:50,4930.76
11/12/2025 16:55,4921.39
11/12/2025 17:00,5063.87
11/12/2025 17:05,5084.61
11/12/2025 17:10,5072.38
11/12/2025 17:15,5070.33
11/12/2025 17:20,5220.06
11/12/2025 17:25,5123.81
11/12/2025 17:30,5063.58
11/12/2025 17:35,5057.43
11/12/2025 17:40,4997.68
11/12/2025 17:45,5104.16
11/12/2025 17:50,5213.7
11/12/2025 17:55,5191.03
11/12/2025 18:00,5583.4
11/12/2025 18:05,5679.66
11/12/2025 18:10,5773.21
11/12/2025 18:15,5910.04
11/12/2025 18:20,5753.76
11/12/2025 18:25,5817.48
11/12/2025 18:30,5850.82
11/12/2025 18:35,5862.15
11/12/2025 18:40,5885.11
11/12/2025 18:45,6008.86
11/12/2025 18:50,6042.03
11/12/2025 18:55,5974.76
11/12/2025 19:00,5938.22
11/12/2025 19:05,5844.33
11/12/2025 19:10,5885.83
11/12/2025 19:15,6083.49
11/12/2025 19:20,5924.35
11/12/2025 19:25,6114.82
11/12/2025 19:30,5938.24
11/12/2025 19:35,6135.34
11/12/2025 19:40,6047.06
11/12/2025 19:45,6013.33
11/12/2025 19:50,5871.01
11/12/2025 19:55,5937.46
11/12/2025 20:00,5957.82
11/12/2025 20:05,5972.93
11/12/2025 20:10,5907.57
11/12/2025 20:15,6008.95
11/12/2025 20:20,5938.7
11/12/2025 20:25,5813.42
11/12/2025 20:30,5862.39
11/12/2025 20:35,5740.6
11/12/2025 20:40,5853.94
11/12/2025 20:45,5639.03
11/12/2025 20:50,5744.58
11/12/2025 20:55,5732.59
11/12/2025 21:00,5274.05
11/12/2025 21:05,5440.84
11/12/2025 21:10,5137.28
11/12/2025 21:15,5184.96
11/12/2025 21:20,5285.75
11/12/2025 21:25,5266.42
11/12/2025 21:30,5109.83
11/12/2025 21:35,5038.8
11/12/2025 21:40,4911.35
11/12/2025 21:45,5017.55
11/12/2025 21:50,4885.08
11/12/2025 21:55,4871.79
11/12/2025 22:00,4835.77
11/12/2025 22:05,4700.31
11/12/2025 22:10,4804.18
11/12/2025 22:15,4804.8
11/12/2025 22:20,4762.17
11/12/2025 22:25,4605.17
11/12/2025 22:30,4532.81
11/12/2025 22:35,4552.91
11/12/2025 22:40,4586.68
11/12/2025 22:45,4596.05
11/12/2025 22:50,4530.74
11/12/2025 22:55,4611.33
11/12/2025 23:00,4291.1
11/12/2025 23:05,4307.76
11/12/2025 23:10,4329.14
11/12/2025 23:15,4209.05
11/12/2025 23:20,4073.3
11/12/2025 23:25,4197.46
11/12/2025 23:30,4101.16
11/12/2025 23:35,4070.18
11/12/2025 23:40,4100.17
11/12/2025 23:45,3842.11
11/12/2025 23:50,4048.19
11/12/2025 23:55,3864.92
12/12/2025 00:00,3724.75
12/12/2025 00:05,3732.09
12/12/2025 00:10,3798.33
12/12/2025 00:15,3782.92
12/12/2025 00:20,3813.05
12/12/2025 00:25,3702.65
12/12/2025 00:30,3845.32
12/12/2025 00:35,3670.3
12/12/2025 00:40,3626.59
12/12/2025 00:45,3481.92
12/12/2025 00:50,3653.53
12/12/2025 00:55,3630.07
12/12/2025 01:00,3579.81
12/12/2025 01:05,3602.05
12/12/2025 01:10,3549.68
12/12/2025 01:15,3469.43
12/12/2025 01:20,3488.97
12/12/2025 01:25,3487.51
12/12/2025 01:30,3375.55
12/12/2025 01:35,3303.39
12/12/2025 01:40,3692.37
12/12/2025 01:45,3358.5
12/12/2025 01:50,3350.82
12/12/2025 01:55,3439.19
12/12/2025 02:00,2884.14
12/12/2025 02:05,2978.07
12/12/2025 02:10,2888.25
12/12/2025 02:15,2916.06
12/12/2025 02:20,3269.2
12/12/2025 02:25,2819.84
12/12/2025 02:30,2945.55
12/12/2025 02:35,3033.55
12/12/2025 02:40,2870.14
12/12/2025 02:45,2947.99
12/12/2025 02:50,3054.76
12/12/2025 02:55,2800.63
12/12/2025 03:00,2953.08
12/12/2025 03:05,2959.04
12/12/2025 03:10,2886.61
12/12/2025 03:15,3010.7
12/12/2025 03:20,3028.59
12/12/2025 03:25,2862.7
12/12/2025 03:30,2985.24
12/12/2025 03:35,3009.68
12/12/2025 03:40,2807.87
12/12/2025 03:45,2992.98
12/12/2025 03:50,3032.97
12/12/2025 03:55,2871.15
12/12/2025 04:00,3028.13
12/12/2025 04:05,2881.56
12/12/2025 04:10,2907.72
12/12/2025 04:15,3017.6
12/12/2025 04:20,3021.96
12/12/2025 04:25,3045.35
12/12/2025 04:30,2912.78
12/12/2025 04:35,2972.11
12/12/2025 04:40,2994.57
12/12/2025 04:45,3073.34
12/12/2025 04:50,2927.56
12/12/2025 04:55,2930.99
12/12/2025 05:00,3230.42
12/12/2025 05:05,3219.86
12/12/2025 05:10,3191.19
12/12/2025 05:15,3152.19
12/12/2025 05:20,3229.07
12/12/2025 05:25,3323.88
12/12/2025 05:30,3428.85
12/12/2025 05:35,3644.11
12/12/2025 05:40,3535.33
12/12/2025 05:45,3453.45
12/12/2025 05:50,3616.88
12/12/2025 05:55,3521.32
12/12/2025 06:00,3546.53
12/12/2025 06:05,3697.87
12/12/2025 06:10,3599.07
12/12/2025 06:15,3684.45
12/12/2025 06:20,3754.46
12/12/2025 06:25,3585.03
12/12/2025 06:30,3617.21
12/12/2025 06:35,3676.25
12/12/2025 06:40,3932.03
12/12/2025 06:45,3968.16
12/12/2025 06:50,3821.78
12/12/2025 06:55,3904.31
12/12/2025 07:00,3958.87
12/12/2025 07:05,4082.42
12/12/2025 07:10,4137.19
12/12/2025 07:15,3935.28
12/12/2025 07:20,4072.21
12/12/2025 07:25,4375.52
12/12/2025 07:30,4336.9
12/12/2025 07:35,4391.27
12/12/2025 07:40,4263.86
12/12/2025 07:45,4450.35
12/12/2025 07:50,4414.72
12/12/2025 07:55,4307.45
12/12/2025 08:00,4523.75
12/12/2025 08:05,4397.5
12/12/2025 08:10,4558.03
12/12/2025 08:15,4660.24
12/12/2025 08:20,4627.54
12/12/2025 08:25,4859.82
12/12/2025 08:30,4677.65
12/12/2025 08:35,4840.69
12/12/2025 08:40,4815.35
12/12/2025 08:45,4847.68
12/12/2025 08:50,4948.83
12/12/2025 08:55,5019.98
12/12/2025 09:00,4827.66
12/12/2025 09:05,4914.84
12/12/2025 09:10,4785.35
12/12/2025 09:15,5121.28
12/12/2025 09:20,4963.15
12/12/2025 09:25,4784.02
12/12/2025 09:30,4953.63
12/12/2025 09:35,4988.81
12/12/2025 09:40,5101.09
12/12/2025 09:45,5102.55
12/12/2025 09:50,5146.47
12/12/2025 09:55,4915.42
12/12/2025 10:00,5089.55
12/12/2025 10:05,5055.13
12/12/2025 10:10,4979.27
12/12/2025 10:15,4926.86
12/12/2025 10:20,5082.79
12/12/2025 10:25,5053.53
12/12/2025 10:30,5216.19
12/12/2025 10:35,5237.67
12/12/2025 10:40,5108.0
12/12/2025 10:45,5106.86
12/12/2025 10:50,5008.33
12/12/2025 10:55,4975.44
12/12/2025 11:00,5104.38
12/12/2025 11:05,5056.19
12/12/2025 11:10,5083.1
12/12/2025 11:15,5041.52
12/12/2025 11:20,5126.58
12/12/2025 11:25,4969.04
12/12/2025 11:30,5052.83
12/12/2025 11:35,4812.26
12/12/2025 11:40,4866.1
12/12/2025 11:45,4989.93
12/12/2025 11:50,5012.83
12/12/2025 11:55,4917.16
12/12/2025 12:00,4851.44
12/12/2025 12:05,4768.08
12/12/2025 12:10,4847.78
12/12/2025 12:15,4754.25
12/12/2025 12:20,4695.39
12/12/2025 12:25,4687.24
12/12/2025 12:30,4763.48
12/12/2025 12:35,4607.3
12/12/2025 12:40,4679.71
12/12/2025 12:45,4880.57
12/12/2025 12:50,4754.07
12/12/2025 12:55,4739.91
12/12/2025 13:00,4799.18
12/12/2025 13:05,4773.14
12/12/2025 13:10,4721.56
12/12/2025 13:15,4705.03
12/12/2025 13:20,4705.82
12/12/2025 13:25,4897.85
12/12/2025 13:30,4725.89
12/12/2025 13:35,4598.99
12/12/2025 13:40,4698.28
12/12/2025 13:45,4649.78
12/12/2025 13:50,4679.96
12/12/2025 13:55,4887.47
12/12/2025 14:00,4643.82
12/12/2025 14:05,4817.71
12/12/2025 14:10,4577.22
12/12/2025 14:15,4706.17
12/12/2025 14:20,4686.32
12/12/2025 14:25,4812.59
12/12/2025 14:30,4838.43
12/12/2025 14:35,4573.77
12/12/2025 14:40,4690.75
12/12/2025 14:45,4706.01
12/12/2025 14:50,4449.07
12/12/2025 14:55,4739.95
12/12/2025 15:00,4648.43
12/12/2025 15:05,4785.22
12/12/2025 15:10,4575.43
12/12/2025 15:15,4775.77
12/12/2025 15:20,4602.25
12/12/2025 15:25,4841.02
12/12/2025 15:30,4707.26
12/12/2025 15:35,4679.82
12/12/2025 15:40,4793.87
12/12/2025 15:45,4666.34
12/12/2025 15:50,4703.38
12/12/2025 15:55,4870.41
12/12/2025 16:00,4778.32
12/12/2025 16:05,4820.62
12/12/2025 16:10,4878.15
12/12/2025 16:15,4873.14
12/12/2025 16:20,4972.15
12/12/2025 16:25,4941.28
12/12/2025 16:30,5002.55
12/12/2025 16:35,4781.68
12/12/2025 16:40,4978.68
12/12/2025 16:45,4976.18
12/12/2025 16:50,5106.67
12/12/2025 16:55,5099.08
12/12/2025 17:00,5042.06
12/12/2025 17:05,5019.15
12/12/2025 17:10,5004.52
12/12/2025 17:15,5083.01
12/12/2025 17:20,5113.92
12/12/2025 17:25,5057.41
12/12/2025 17:30,5064.88
12/12/2025 17:35,5089.0
12/12/2025 17:40,5071.71
12/12/2025 17:45,5058.73
12/12/2025 17:50,5130.7
12/12/2025 17:55,5091.78
12/12/2025 18:00,5514.85
12/12/2025 18:05,5642.92
12/12/2025 18:10,5820.35
12/12/2025 18:15,5690.04
12/12/2025 18:20,5752.8
12/12/2025 18:25,5738.39
12/12/2025 18:30,5765.48
12/12/2025 18:35,5988.67
12/12/2025 18:40,5786.09
12/12/2025 18:45,5900.23
12/12/2025 18:50,5961.43
12/12/2025 18:55,5885.7
12/12/2025 19:00,6014.94
12/12/2025 19:05,5931.7
12/12/2025 19:10,6120.78
12/12/2025 19:15,6076.85
12/12/2025 19:20,6009.62
12/12/2025 19:25,5996.04
12/12/2025 19:30,5889.82
12/12/2025 19:35,6104.02
12/12/2025 19:40,6113.89
12/12/2025 19:45,6063.56
12/12/2025 19:50,6030.46
12/12/2025 19:55,5899.26
12/12/2025 20:00,5985.24
12/12/2025 20:05,5850.64
12/12/2025 20:10,5827.39
12/12/2025 20:15,5764.76
12/12/2025 20:20,5889.29
12/12/2025 20:25,5848.29
12/12/2025 20:30,5887.02
12/12/2025 20:35,5777.34
12/12/2025 20:40,5915.5
12/12/2025 20:45,5660.18
12/12/2025 20:50,5654.23
12/12/2025 20:55,5579.52
12/12/2025 21:00,5402.08
12/12/2025 21:05,5340.46
12/12/2025 21:10,5337.73
12/12/2025 21:15,5220.19
12/12/2025 21:20,5208.89
12/12/2025 21:25,5136.04
12/12/2025 21:30,5087.47
12/12/2025 21:35,4916.7
12/12/2025 21:40,4875.22
12/12/2025 21:45,5111.1
12/12/2025 21:50,4960.42
12/12/2025 21:55,4937.73
12/12/2025 22:00,4830.63
12/12/2025 22:05,4825.65
12/12/2025 22:10,4944.25
12/12/2025 22:15,4902.27
12/12/2025 22:20,4589.4
12/12/2025 22:25,4506.25
12/12/2025 22:30,4779.41
12/12/2025 22:35,4572.48
12/12/2025 22:40,4443.95
12/12/2025 22:45,4495.99
12/12/2025 22:50,4268.43
12/12/2025 22:55,4503.83
12/12/2025 23:00,4302.43
12/12/2025 23:05,4329.38
12/12/2025 23:10,4317.71
12/12/2025 23:15,4217.42
12/12/2025 23:20,4247.44
12/12/2025 23:25,4061.88
12/12/2025 23:30,4093.42
12/12/2025 23:35,4034.42
12/12/2025 23:40,3975.72
12/12/2025 23:45,3930.07
12/12/2025 23:50,3852.23
12/12/2025 23:55,3952.82
13/12/2025 00:00,3605.87
13/12/2025 00:05,3482.64
13/12/2025 00:10,3509.33
13/12/2025 00:15,3486.24
13/12/2025 00:20,3559.85
13/12/2025 00:25,3459.5
13/12/2025 00:30,3521.98
13/12/2025 00:35,3420.21
13/12/2025 00:40,3362.79
13/12/2025 00:45,3379.27
13/12/2025 00:50,3456.38
13/12/2025 00:55,3387.29
13/12/2025 01:00,3334.4
13/12/2025 01:05,3298.97
13/12/2025 01:10,3274.87
13/12/2025 01:15,3265.81
13/12/2025 01:20,3213.71
13/12/2025 01:25,3319.76
13/12/2025 01:30,3237.75
13/12/2025 01:35,3193.61
13/12/2025 01:40,3267.55
13/12/2025 01:45,3318.08
13/12/2025 01:50,3110.23
13/12/2025 01:55,2961.13
13/12/2025 02:00,2790.07
13/12/2025 02:05,2699.33
13/12/2025 02:10,2742.56
13/12/2025 02:15,2680.9
13/12/2025 02:20,2756.46
13/12/2025 02:25,2671.28
13/12/2025 02:30,2539.17
13/12/2025 02:35,2538.73
13/12/2025 02:40,2942.78
13/12/2025 02:45,2824.43
13/12/2025 02:50,2602.33
13/12/2025 02:55,2865.82
13/12/2025 03:00,2970.73
13/12/2025 03:05,2620.38
13/12/2025 03:10,2541.98
13/12/2025 03:15,2762.71
13/12/2025 03:20,2756.36
13/12/2025 03:25,2766.94
13/12/2025 03:30,2623.7
13/12/2025 03:35,2747.39
13/12/2025 03:40,2657.19
13/12/2025 03:45,2617.74
13/12/2025 03:50,2699.97
13/12/2025 03:55,2689.53
13/12/2025 04:00,2627.93
13/12/2025 04:05,2646.02
13/12/2025 04:10,2713.31
13/12/2025 04:15,2739.28
13/12/2025 04:20,2790.12
13/12/2025 04:25,2747.98
13/12/2025 04:30,2746.27
13/12/2025 04:35,2644.38
13/12/2025 04:40,2655.65
13/12/2025 04:45,2808.55
13/12/2025 04:50,2690.69
13/12/2025 04:55,2707.26
13/12/2025 05:00,2838.3
13/12/2025 05:05,2828.72
13/12/2025 05:10,2894.56
13/12/2025 05:15,3132.75
13/12/2025 05:20,3015.45
13/12/2025 05:25,3100.74
13/12/2025 05:30,3038.96
13/12/2025 05:35,3126.09
13/12/2025 05:40,3193.44
13/12/2025 05:45,3215.91
13/12/2025 05:50,3240.45
13/12/2025 05:55,3454.32
13/12/2025 06:00,3250.42
13/12/2025 06:05,3418.8
13/12/2025 06:10,3289.82
13/12/2025 06:15,3437.59
13/12/2025 06:20,3468.47
13/12/2025 06:25,3264.57
13/12/2025 06:30,3584.58
13/12/2025 06:35,3573.5
13/12/2025 06:40,3453.0
13/12/2025 06:45,3654.83
13/12/2025 06:50,3614.92
13/12/2025 06:55,3813.91
13/12/2025 07:00,3688.15
13/12/2025 07:05,3726.53
13/12/2025 07:10,3832.12
13/12/2025 07:15,3761.61
13/12/2025 07:20,3980.34
13/12/2025 07:25,3940.91
13/12/2025 07:30,4126.12
13/12/2025 07:35,3886.36
13/12/2025 07:40,3976.16
13/12/2025 07:45,4090.15
13/12/2025 07:50,4172.08
13/12/2025 07:55,4215.97
13/12/2025 08:00,4342.45
13/12/2025 08:05,4350.32
13/12/2025 08:10,4408.69
13/12/2025 08:15,4491.0
13/12/2025 08:20,4580.19
13/12/2025 08:25,4569.05
13/12/2025 08:30,4436.0
13/12/2025 08:35,4475.81
13/12/2025 08:40,4580.22
13/12/2025 08:45,4775.61
13/12/2025 08:50,4652.01
13/12/2025 08:55,4771.1
13/12/2025 09:00,4605.36
13/12/2025 09:05,4682.69
13/12/2025 09:10,4430.28
13/12/2025 09:15,4781.2
13/12/2025 09:20,4749.43
13/12/2025 09:25,4725.31
13/12/2025 09:30,4766.7
13/12/2025 09:35,4718.31
13/12/2025 09:40,4643.54
13/12/2025 09:45,4953.26
13/12/2025 09:50,4821.73
13/12/2025 09:55,4826.5
13/12/2025 10:00,4775.1
13/12/2025 10:05,4923.47
13/12/2025 10:10,4813.25
13/12/2025 10:15,4754.89
13/12/2025 10:20,4783.56
13/12/2025 10:25,4801.79
13/12/2025 10:30,4865.2
13/12/2025 10:35,4871.52
13/12/2025 10:40,4864.68
13/12/2025 10:45,4888.66
13/12/2025 10:50,4968.5
13/12/2025 10:55,4706.69
13/12/2025 11:00,4701.42
13/12/2025 11:05,4814.74
13/12/2025 11:10,4856.16
13/12/2025 11:15,4679.67
13/12/2025 11:20,4740.29
13/12/2025 11:25,4754.65
13/12/2025 11:30,4630.46
13/12/2025 11:35,4726.79
13/12/2025 11:40,4747.23
13/12/2025 11:45,4543.17
13/12/2025 11:50,4724.78
13/12/2025 11:55,4676.0
13/12/2025 12:00,4538.75
13/12/2025 12:05,4443.1
13/12/2025 12:10,4593.87
13/12/2025 12:15,4561.74
13/12/2025 12:20,4594.49
13/12/2025 12:25,4594.51
13/12/2025 12:30,4541.39
13/12/2025 12:35,4645.44
13/12/2025 12:40,4513.13
13/12/2025 12:45,4519.35
13/12/2025 12:50,4584.32
13/12/2025 12:55,4461.34
13/12/2025 13:00,4395.69
13/12/2025 13:05,4421.14
13/12/2025 13:10,4495.7
13/12/2025 13:15,4469.28
13/12/2025 13:20,4449.27
13/12/2025 13:25,4444.33
13/12/2025 13:30,4509.39
13/12/2025 13:35,4326.69
13/12/2025 13:40,4468.52
13/12/2025 13:45,4569.51
13/12/2025 13:50,4522.76
13/12/2025 13:55,4438.29
13/12/2025 14:00,4532.47
13/12/2025 14:05,4345.14
13/12/2025 14:10,4414.25
13/12/2025 14:15,4480.44
13/12/2025 14:20,4319.97
13/12/2025 14:25,4402.08
13/12/2025 14:30,4350.79
13/12/2025 14:35,4457.37
13/12/2025 14:40,4339.66
13/12/2025 14:45,4428.47
13/12/2025 14:50,4356.29
13/12/2025 14:55,4382.47
13/12/2025 15:00,4422.84
13/12/2025 15:05,4541.08
13/12/2025 15:10,4333.29
13/12/2025 15:15,4322.03
13/12/2025 15:20,4413.24
13/12/2025 15:25,4597.62
13/12/2025 15:30,4419.1
13/12/2025 15:35,4629.63
13/12/2025 15:40,4463.8
13/12/2025 15:45,4597.77
13/12/2025 15:50,4511.37
13/12/2025 15:55,4503.63
13/12/2025 16:00,4678.67
13/12/2025 16:05,4733.29
13/12/2025 16:10,4683.42
13/12/2025 16:15,4504.71
13/12/2025 16:20,4764.99
13/12/2025 16:25,4678.43
13/12/2025 16:30,4744.03
13/12/2025 16:35,4639.55
13/12/2025 16:40,4747.44
13/12/2025 16:45,4756.67
13/12/2025 16:50,4745.8
13/12/2025 16:55,4689.01
13/12/2025 17:00,4703.48
13/12/2025 17:05,4792.54
13/12/2025 17:10,4862.65
13/12/2025 17:15,4810.9
13/12/2025 17:20,4761.51
13/12/2025 17:25,4956.65
13/12/2025 17:30,4835.49
13/12/2025 17:35,4946.15
13/12/2025 17:40,5024.96
13/12/2025 17:45,4947.6
13/12/2025 17:50,4909.57
13/12/2025 17:55,5057.72
13/12/2025 18:00,5369.74
13/12/2025 18:05,5354.83
13/12/2025 18:10,5538.68
13/12/2025 18:15,5311.36
13/12/2025 18:20,5645.21
13/12/2025 18:25,5644.39
13/12/2025 18:30,5555.48
13/12/2025 18:35,5565.52
13/12/2025 18:40,5580.59
13/12/2025 18:45,5698.02
13/12/2025 18:50,5692.09
13/12/2025 18:55,5795.21
13/12/2025 19:00,5797.68
13/12/2025 19:05,5669.68
13/12/2025 19:10,5787.65
13/12/2025 19:15,5838.2
13/12/2025 19:20,5697.94
13/12/2025 19:25,5731.0
13/12/2025 19:30,5874.75
13/12/2025 19:35,5615.74
13/12/2025 19:40,5848.06
13/12/2025 19:45,5715.85
13/12/2025 19:50,5621.0
13/12/2025 19:55,5895.9
13/12/2025 20:00,5546.01
13/12/2025 20:05,5799.28
13/12/2025 20:10,5717.49
13/12/2025 20:15,5609.54
13/12/2025 20:20,5559.19
13/12/2025 20:25,5711.28
13/12/2025 20:30,5627.55
13/12/2025 20:35,5507.15
13/12/2025 20:40,5485.58
13/12/2025 20:45,5396.79
13/12/2025 20:50,5543.63
13/12/2025 20:55,5499.86
13/12/2025 21:00,5086.9
13/12/2025 21:05,5109.95
13/12/2025 21:10,5072.31
13/12/2025 21:15,4996.12
13/12/2025 21:20,4819.69
13/12/2025 21:25,4930.01
13/12/2025 21:30,4798.6
13/12/2025 21:35,4748.38
13/12/2025 21:40,4823.04
13/12/2025 21:45,4768.28
13/12/2025 21:50,4744.05
13/12/2025 21:55,4668.5
13/12/2025 22:00,4632.63
13/12/2025 22:05,4503.57
13/12/2025 22:10,4638.31
13/12/2025 22:15,4407.54
13/12/2025 22:20,4612.89
13/12/2025 22:25,4380.35
13/12/2025 22:30,4395.49
13/12/2025 22:35,4333.02
13/12/2025 22:40,4240.27
13/12/2025 22:45,4234.63
13/12/2025 22:50,4231.69
13/12/2025 22:55,4173.91
13/12/2025 23:00,4142.61
13/12/2025 23:05,4014.86
13/12/2025 23:10,4021.71
13/12/2025 23:15,4027.68
13/12/2025 23:20,3953.58
13/12/2025 23:25,3913.56
13/12/2025 23:30,3883.92
13/12/2025 23:35,3810.74
13/12/2025 23:40,3848.12
13/12/2025 23:45,3676.26
13/12/2025 23:50,3550.7
13/12/2025 23:55,3700.57
14/12/2025 00:00,3476.27
14/12/2025 00:05,3502.66
14/12/2025 00:10,3377.21
14/12/2025 00:15,3580.17
14/12/2025 00:20,3535.52
14/12/2025 00:25,3461.38
14/12/2025 00:30,3426.69
14/12/2025 00:35,3535.77
14/12/2025 00:40,3293.64
14/12/2025 00:45,3469.34
14/12/2025 00:50,3444.03
14/12/2025 00:55,3266.31
14/12/2025 01:00,3381.24
14/12/2025 01:05,3269.67
14/12/2025 01:10,3328.43
14/12/2025 01:15,3311.2
14/12/2025 01:20,3361.16
14/12/2025 01:25,3235.54
14/12/2025 01:30,3195.45
14/12/2025 01:35,3302.78
14/12/2025 01:40,3169.8
14/12/2025 01:45,3281.31
14/12/2025 01:50,3086.89
14/12/2025 01:55,3228.26
14/12/2025 02:00,2811.28
14/12/2025 02:05,2552.01
14/12/2025 02:10,2804.75
14/12/2025 02:15,2794.34
14/12/2025 02:20,2751.97
14/12/2025 02:25,2831.63
14/12/2025 02:30,2519.46
14/12/2025 02:35,2656.21
14/12/2025 02:40,2731.82
14/12/2025 02:45,2805.6
14/12/2025 02:50,2595.96
14/12/2025 02:55,2581.55
14/12/2025 03:00,2770.65
14/12/2025 03:05,2759.69
14/12/2025 03:10,2774.22
14/12/2025 03:15,2781.59
14/12/2025 03:20,2716.97
14/12/2025 03:25,2701.04
14/12/2025 03:30,2692.42
14/12/2025 03:35,2678.03
14/12/2025 03:40,2729.83
14/12/2025 03:45,2641.64
14/12/2025 03:50,2749.78
14/12/2025 03:55,2742.88
14/12/2025 04:00,2519.47
14/12/2025 04:05,2483.41
14/12/2025 04:10,2679.56
14/12/2025 04:15,2663.59
14/12/2025 04:20,2729.42
14/12/2025 04:25,2873.96
14/12/2025 04:30,2805.72
14/12/2025 04:35,2501.47
14/12/2025 04:40,2684.93
14/12/2025 04:45,2787.24
14/12/2025 04:50,2608.88
14/12/2025 04:55,2611.71
14/12/2025 05:00,3001.69
14/12/2025 05:05,3115.55
14/12/2025 05:10,2878.09
14/12/2025 05:15,2985.6
14/12/2025 05:20,3137.44
14/12/2025 05:25,3050.85
14/12/2025 05:30,3122.71
14/12/2025 05:35,3123.74
14/12/2025 05:40,3271.21
14/12/2025 05:45,3283.93
14/12/2025 05:50,3225.02
14/12/2025 05:55,3310.44
14/12/2025 06:00,3438.12
14/12/2025 06:05,3423.1
14/12/2025 06:10,3295.24
14/12/2025 06:15,3442.98
14/12/2025 06:20,3321.66
14/12/2025 06:25,3535.55
14/12/2025 06:30,3535.12
14/12/2025 06:35,3483.8
14/12/2025 06:40,3654.45
14/12/2025 06:45,3570.83
14/12/2025 06:50,3599.84
14/12/2025 06:55,3692.77
14/12/2025 07:00,3838.42
14/12/2025 07:05,3646.42
14/12/2025 07:10,3979.74
14/12/2025 07:15,3786.53
14/12/2025 07:20,3971.8
14/12/2025 07:25,3949.67
14/12/2025 07:30,4000.13
14/12/2025 07:35,4031.47
14/12/2025 07:40,4020.91
14/12/2025 07:45,4124.77
14/12/2025 07:50,4138.34
14/12/2025 07:55,4153.55
14/12/2025 08:00,4357.13
14/12/2025 08:05,4208.67
14/12/2025 08:10,4418.45
14/12/2025 08:15,4383.54
14/12/2025 08:20,4452.53
14/12/2025 08:25,4526.13
14/12/2025 08:30,4519.84
14/12/2025 08:35,4730.91
14/12/2025 08:40,4579.92
14/12/2025 08:45,4697.87
14/12/2025 08:50,4583.71
14/12/2025 08:55,4779.18
14/12/2025 09:00,4604.81
14/12/2025 09:05,4530.18
14/12/2025 09:10,4622.51
14/12/2025 09:15,4658.51
14/12/2025 09:20,4554.24
14/12/2025 09:25,4686.66
14/12/2025 09:30,4700.53
14/12/2025 09:35,4767.32
14/12/2025 09:40,4648.12
14/12/2025 09:45,4707.86
14/12/2025 09:50,4646.7
14/12/2025 09:55,4610.08
14/12/2025 10:00,4844.64
14/12/2025 10:05,4698.41
14/12/2025 10:10,4884.14
14/12/2025 10:15,4837.61
14/12/2025 10:20,4719.69
14/12/2025 10:25,4911.04
14/12/2025 10:30,4833.63
14/12/2025 10:35,4850.8
14/12/2025 10:40,4765.25
14/12/2025 10:45,4792.63
14/12/2025 10:50,4840.11
14/12/2025 10:55,4884.76
14/12/2025 11:00,4691.55
14/12/2025 11:05,4911.23
14/12/2025 11:10,4901.59
14/12/2025 11:15,4602.21
14/12/2025 11:20,4686.23
14/12/2025 11:25,4612.6
14/12/2025 11:30,4649.51
14/12/2025 11:35,4511.29
14/12/2025 11:40,4689.51
14/12/2025 11:45,4751.12
14/12/2025 11:50,4676.03
14/12/2025 11:55,4605.41
14/12/2025 12:00,4508.56
14/12/2025 12:05,4520.3
14/12/2025 12:10,4568.23
14/12/2025 12:15,4536.75
14/12/2025 12:20,4635.06
14/12/2025 12:25,4710.8
14/12/2025 12:30,4584.15
14/12/2025 12:35,4514.82
14/12/2025 12:40,4512.43
14/12/2025 12:45,4388.67
14/12/2025 12:50,4468.27
14/12/2025 12:55,4429.62
14/12/2025 13:00,4427.48
14/12/2025 13:05,4407.25
14/12/2025 13:10,4288.22
14/12/2025 13:15,4432.37
14/12/2025 13:20,4507.66
14/12/2025 13:25,4407.8
14/12/2025 13:30,4433.5
14/12/2025 13:35,4536.52
14/12/2025 13:40,4344.12
14/12/2025 13:45,4329.83
14/12/2025 13:50,4515.8
14/12/2025 13:55,4518.07
14/12/2025 14:00,4398.51
14/12/2025 14:05,4381.43
14/12/2025 14:10,4341.17
14/12/2025 14:15,4392.59
14/12/2025 14:20,4458.22
14/12/2025 14:25,4375.32
14/12/2025 14:30,4319.84
14/12/2025 14:35,4355.46
14/12/2025 14:40,4387.61
14/12/2025 14:45,4326.39
14/12/2025 14:50,4398.87
14/12/2025 14:55,4312.34
14/12/2025 15:00,4494.47
14/12/2025 15:05,4337.35
14/12/2025 15:10,4557.5
14/12/2025 15:15,4359.99
14/12/2025 15:20,4425.54
14/12/2025 15:25,4588.08
14/12/2025 15:30,4504.74
14/12/2025 15:35,4637.27
14/12/2025 15:40,4569.21
14/12/2025 15:45,4646.26
14/12/2025 15:50,4508.6
14/12/2025 15:55,4510.88
14/12/2025 16:00,4571.9
14/12/2025 16:05,4693.3
14/12/2025 16:10,4703.22
14/12/2025 16:15,4567.37
14/12/2025 16:20,4518.9
14/12/2025 16:25,4580.21
14/12/2025 16:30,4655.05
14/12/2025 16:35,4652.38
14/12/2025 16:40,4782.2
14/12/2025 16:45,4746.28
14/12/2025 16:50,4686.95
14/12/2025 16:55,4855.37
14/12/2025 17:00,4705.45
14/12/2025 17:05,4747.06
14/12/2025 17:10,4676.28
14/12/2025 17:15,4762.04
14/12/2025 17:20,4917.38
14/12/2025 17:25,4887.74
14/12/2025 17:30,4829.14
14/12/2025 17:35,4759.31
14/12/2025 17:40,4899.99
14/12/2025 17:45,4859.97
14/12/2025 17:50,4771.06
14/12/2025 17:55,4887.52
14/12/2025 18:00,5354.92
14/12/2025 18:05,5507.91
14/12/2025 18:10,5436.68
14/12/2025 18:15,5451.53
14/12/2025 18:20,5514.73
14/12/2025 18:25,5584.96
14/12/2025 18:30,5536.81
14/12/2025 18:35,5612.08
14/12/2025 18:40,5713.57
14/12/2025 18:45,5677.22
14/12/2025 18:50,5668.89
14/12/2025 18:55,5837.64
14/12/2025 19:00,5670.88
14/12/2025 19:05,5718.5
14/12/2025 19:10,5850.96
14/12/2025 19:15,5695.24
14/12/2025 19:20,5737.03
14/12/2025 19:25,5832.07
14/12/2025 19:30,5751.34
14/12/2025 19:35,5937.95
14/12/2025 19:40,5774.91
14/12/2025 19:45,5621.66
14/12/2025 19:50,5862.75
14/12/2025 19:55,5925.18
14/12/2025 20:00,5698.17
14/12/2025 20:05,5708.74
14/12/2025 20:10,5697.37
14/12/2025 20:15,5622.12
14/12/2025 20:20,5607.88
14/12/2025 20:25,5568.88
14/12/2025 20:30,5572.57
14/12/2025 20:35,5503.29
14/12/2025 20:40,5469.68
14/12/2025 20:45,5474.85
14/12/2025 20:50,5480.28
14/12/2025 20:55,5475.35
14/12/2025 21:00,5078.82
14/12/2025 21:05,5257.16
14/12/2025 21:10,4926.49
14/12/2025 21:15,5013.58
14/12/2025 21:20,4877.0
14/12/2025 21:25,4922.83
14/12/2025 21:30,4885.81
14/12/2025 21:35,4945.91
14/12/2025 21:40,4734.13
14/12/2025 21:45,4715.03
14/12/2025 21:50,4613.65
14/12/2025 21:55,4708.17
14/12/2025 22:00,4479.76
14/12/2025 22:05,4520.6
14/12/2025 22:10,4507.53
14/12/2025 22:15,4509.35
14/12/2025 22:20,4443.61
14/12/2025 22:25,4336.81
14/12/2025 22:30,4425.61
14/12/2025 22:35,4456.62
14/12/2025 22:40,4321.1
14/12/2025 22:45,4185.49
14/12/2025 22:50,4142.04
14/12/2025 22:55,4143.41
14/12/2025 23:00,4093.09
14/12/2025 23:05,4076.88
14/12/2025 23:10,3994.61
14/12/2025 23:15,4068.39
14/12/2025 23:20,4066.39
14/12/2025 23:25,3849.87
14/12/2025 23:30,3888.76
14/12/2025 23:35,3776.26
14/12/2025 23:40,3773.11
14/12/2025 23:45,3659.2
14/12/2025 23:50,3619.42
14/12/2025 23:55,3533.41
15/12/2025 00:00,3817.77
15/12/2025 00:05,3733.03
15/12/2025 00:10,3977.55
15/12/2025 00:15,3743.97
15/12/2025 00:20,3886.92
15/12/2025 00:25,3657.93
15/12/2025 00:30,3699.12
15/12/2025 00:35,3638.77
15/12/2025 00:40,3590.13
15/12/2025 00:45,3538.83
15/12/2025 00:50,3567.52
15/12/2025 00:55,3593.71
15/12/2025 01:00,3728.61
15/12/2025 01:05,3461.8
15/12/2025 01:10,3465.37
15/12/2025 01:15,3513.62
15/12/2025 01:20,3541.41
15/12/2025 01:25,3568.92
15/12/2025 01:30,3538.25
15/12/2025 01:35,3399.91
15/12/2025 01:40,3522.38
15/12/2025 01:45,3383.49
15/12/2025 01:50,3486.02
15/12/2025 01:55,3331.63
15/12/2025 02:00,3019.97
15/12/2025 02:05,2923.69
15/12/2025 02:10,3119.4
15/12/2025 02:15,2950.06
15/12/2025 02:20,2953.33
15/12/2025 02:25,3087.18
15/12/2025 02:30,2979.45
15/12/2025 02:35,3119.94
15/12/2025 02:40,3066.62
15/12/2025 02:45,2920.72
15/12/2025 02:50,2971.41
15/12/2025 02:55,3051.19
15/12/2025 03:00,2764.15
15/12/2025 03:05,3006.03
15/12/2025 03:10,2988.44
15/12/2025 03:15,2926.1
15/12/2025 03:20,2996.73
15/12/2025 03:25,2955.98
15/12/2025 03:30,2809.69
15/12/2025 03:35,2886.56
15/12/2025 03:40,3043.47
15/12/2025 03:45,3051.86
15/12/2025 03:50,2941.36
15/12/2025 03:55,3024.44
15/12/2025 04:00,2954.01
15/12/2025 04:05,2803.83
15/12/2025 04:10,2957.82
15/12/2025 04:15,2956.93
15/12/2025 04:20,2755.33
15/12/2025 04:25,2740.72
15/12/2025 04:30,3014.96
15/12/2025 04:35,2964.56
15/12/2025 04:40,3068.34
15/12/2025 04:45,3019.93
15/12/2025 04:50,2804.89
15/12/2025 04:55,2915.24
15/12/2025 05:00,3205.06
15/12/2025 05:05,3162.99
15/12/2025 05:10,3367.62
15/12/2025 05:15,3264.98
15/12/2025 05:20,3204.09
15/12/2025 05:25,3379.03
15/12/2025 05:30,3561.12
15/12/2025 05:35,3448.15
15/12/2025 05:40,3397.61
15/12/2025 05:45,3502.27
15/12/2025 05:50,3598.08
15/12/2025 05:55,3572.64
15/12/2025 06:00,3630.91
15/12/2025 06:05,3600.21
15/12/2025 06:10,3666.28
15/12/2025 06:15,3714.78
15/12/2025 06:20,3667.95
15/12/2025 06:25,3638.89
15/12/2025 06:30,3630.93
15/12/2025 06:35,3651.72
15/12/2025 06:40,3774.1
15/12/2025 06:45,3949.19
15/12/2025 06:50,3922.95
15/12/2025 06:55,3970.77
15/12/2025 07:00,3953.16
15/12/2025 07:05,3999.66
15/12/2025 07:10,3892.4
15/12/2025 07:15,4101.46
15/12/2025 07:20,3970.15
15/12/2025 07:25,4176.25
15/12/2025 07:30,4317.28
15/12/2025 07:35,4316.51
15/12/2025 07:40,4289.69
15/12/2025 07:45,4290.12
15/12/2025 07:50,4488.85
15/12/2025 07:55,4499.43
15/12/2025 08:00,4544.42
15/12/2025 08:05,4510.42
15/12/2025 08:10,4483.86
15/12/2025 08:15,4556.48
15/12/2025 08:20,4683.1
15/12/2025 08:25,4907.58
15/12/2025 08:30,4789.58
15/12/2025 08:35,4801.47
15/12/2025 08:40,4961.63
15/12/2025 08:45,5020.19
15/12/2025 08:50,4876.55
15/12/2025 08:55,5040.5
15/12/2025 09:00,4919.75
15/12/2025 09:05,4915.14
15/12/2025 09:10,4855.74
15/12/2025 09:15,4864.99
15/12/2025 09:20,5016.7
15/12/2025 09:25,4878.79
15/12/2025 09:30,4909.46
15/12/2025 09:35,5037.49
15/12/2025 09:40,5035.73
15/12/2025 09:45,5029.82
15/12/2025 09:50,5007.98
15/12/2025 09:55,5048.3
15/12/2025 10:00,5065.62
15/12/2025 10:05,5073.01
15/12/2025 10:10,5208.03
15/12/2025 10:15,5127.94
15/12/2025 10:20,5072.97
15/12/2025 10:25,5165.47
15/12/2025 10:30,5133.84
15/12/2025 10:35,5128.17
15/12/2025 10:40,4963.92
15/12/2025 10:45,5096.36
15/12/2025 10:50,4978.26
15/12/2025 10:55,4941.03
15/12/2025 11:00,4978.23
15/12/2025 11:05,5159.58
15/12/2025 11:10,4945.37
15/12/2025 11:15,5025.92
15/12/2025 11:20,4874.0
15/12/2025 11:25,4957.2
15/12/2025 11:30,4838.4
15/12/2025 11:35,4915.29
15/12/2025 11:40,4898.24
15/12/2025 11:45,4929.76
15/12/2025 11:50,5007.4
15/12/2025 11:55,4721.78
15/12/2025 12:00,4788.89
15/12/2025 12:05,4912.17
15/12/2025 12:10,4738.43
15/12/2025 12:15,4967.2
15/12/2025 12:20,4782.4
15/12/2025 12:25,4718.14
15/12/2025 12:30,4750.16
15/12/2025 12:35,4761.53
15/12/2025 12:40,4895.91
15/12/2025 12:45,4722.01
15/12/2025 12:50,4759.18
15/12/2025 12:55,4854.02
15/12/2025 13:00,4744.93
15/12/2025 13:05,4771.56
15/12/2025 13:10,4876.9
15/12/2025 13:15,4818.55
15/12/2025 13:20,4693.92
15/12/2025 13:25,4801.84
15/12/2025 13:30,4739.29
15/12/2025 13:35,4689.37
15/12/2025 13:40,4823.33
15/12/2025 13:45,4680.2
15/12/2025 13:50,4634.6
15/12/2025 13:55,4642.05
15/12/2025 14:00,4698.98
15/12/2025 14:05,4633.98
15/12/2025 14:10,4708.27
15/12/2025 14:15,4667.56
15/12/2025 14:20,4721.53
15/12/2025 14:25,4590.79
15/12/2025 14:30,4673.69
15/12/2025 14:35,4815.68
15/12/2025 14:40,4565.3
15/12/2025 14:45,4667.32
15/12/2025 14:50,4617.57
15/12/2025 14:55,4642.34
15/12/2025 15:00,4660.39
15/12/2025 15:05,4816.72
15/12/2025 15:10,4647.01
15/12/2025 15:15,4676.43
15/12/2025 15:20,4697.01
15/12/2025 15:25,4763.86
15/12/2025 15:30,4726.89
15/12/2025 15:35,4819.14
15/12/2025 15:40,4745.76
15/12/2025 15:45,4784.4
15/12/2025 15:50,4802.17
15/12/2025 15:55,4887.02
15/12/2025 16:00,4879.48
15/12/2025 16:05,4844.6
15/12/2025 16:10,4928.87
15/12/2025 16:15,4872.6
15/12/2025 16:20,5062.27
15/12/2025 16:25,4984.97
15/12/2025 16:30,4726.73
15/12/2025 16:35,4958.21
15/12/2025 16:40,5003.44
15/12/2025 16:45,4922.53
15/12/2025 16:50,5010.07
15/12/2025 16:55,5108.99
15/12/2025 17:00,5028.66
15/12/2025 17:05,5082.54
15/12/2025 17:10,5027.38
15/12/2025 17:15,5006.17
15/12/2025 17:20,5070.15
15/12/2025 17:25,4982.74
15/12/2025 17:30,4927.27
15/12/2025 17:35,5229.45
15/12/2025 17:40,5046.41
15/12/2025 17:45,5047.31
15/12/2025 17:50,5136.04
15/12/2025 17:55,5102.62
15/12/2025 18:00,5609.42
15/12/2025 18:05,5700.42
15/12/2025 18:10,5866.79
15/12/2025 18:15,5750.46
15/12/2025 18:20,5812.87
15/12/2025 18:25,5858.22
15/12/2025 18:30,5797.56
15/12/2025 18:35,5781.26
15/12/2025 18:40,6110.29
15/12/2025 18:45,5918.07
15/12/2025 18:50,5928.63
15/12/2025 18:55,5989.0
15/12/2025 19:00,5896.78
15/12/2025 19:05,6071.89
15/12/2025 19:10,5959.51
15/12/2025 19:15,5973.32
15/12/2025 19:20,6080.86
15/12/2025 19:25,5931.84
15/12/2025 19:30,6106.08
15/12/2025 19:35,6004.43
15/12/2025 19:40,6030.75
15/12/2025 19:45,6043.6
15/12/2025 19:50,5950.41
15/12/2025 19:55,5918.05
15/12/2025 20:00,6056.48
15/12/2025 20:05,5981.3
15/12/2025 20:10,5909.37
15/12/2025 20:15,5870.68
15/12/2025 20:20,5818.03
15/12/2025 20:25,5816.94
15/12/2025 20:30,5738.5
15/12/2025 20:35,5865.47
15/12/2025 20:40,5775.0
15/12/2025 20:45,5721.2
15/12/2025 20:50,5703.96
15/12/2025 20:55,5658.65
15/12/2025 21:00,5347.08
15/12/2025 21:05,5297.49
15/12/2025 21:10,5200.99
15/12/2025 21:15,5274.11
15/12/2025 21:20,5185.5
15/12/2025 21:25,5187.39
15/12/2025 21:30,4975.94
15/12/2025 21:35,5139.0
15/12/2025 21:40,4987.32
15/12/2025 21:45,5135.48
15/12/2025 21:50,4847.46
15/12/2025 21:55,4892.48
15/12/2025 22:00,4709.53
15/12/2025 22:05,4952.5
15/12/2025 22:10,4681.39
15/12/2025 22:15,4751.69
15/12/2025 22:20,4772.61
15/12/2025 22:25,4755.84
15/12/2025 22:30,4635.26
15/12/2025 22:35,4531.98
15/12/2025 22:40,4477.83
15/12/2025 22:45,4488.32
15/12/2025 22:50,4390.49
15/12/2025 22:55,4330.53
15/12/2025 23:00,4243.57
15/12/2025 23:05,4142.66
15/12/2025 23:10,4367.07
15/12/2025 23:15,4197.78
15/12/2025 23:20,4238.75
15/12/2025 23:25,4010.08
15/12/2025 23:30,4094.02
15/12/2025 23:35,4078.84
15/12/2025 23:40,3810.65
15/12/2025 23:45,3952.18
15/12/2025 23:50,3789.2
15/12/2025 23:55,3995.96
16/12/2025 00:00,3851.54
16/12/2025 00:05,3726.73
16/12/2025 00:10,3796.76
16/12/2025 00:15,3742.56
16/12/2025 00:20,3719.44
16/12/2025 00:25,3729.57
16/12/2025 00:30,3579.34
16/12/2025 00:35,3691.75
16/12/2025 00:40,3677.4
16/12/2025 00:45,3768.05
16/12/2025 00:50,3656.03
16/12/2025 00:55,3677.93
16/12/2025 01:00,3473.38
16/12/2025 01:05,3516.37
16/12/2025 01:10,3452.06
16/12/2025 01:15,3608.23
16/12/2025 01:20,3500.76
16/12/2025 01:25,3673.3
16/12/2025 01:30,3417.89
16/12/2025 01:35,3445.71
16/12/2025 01:40,3349.96
16/12/2025 01:45,3376.76
16/12/2025 01:50,3429.31
16/12/2025 01:55,3449.66
16/12/2025 02:00,2977.41
16/12/2025 02:05,2852.99
16/12/2025 02:10,2976.35
16/12/2025 02:15,2974.57
16/12/2025 02:20,2907.08
16/12/2025 02:25,2795.6
16/12/2025 02:30,3079.18
16/12/2025 02:35,3118.69
16/12/2025 02:40,3000.05
16/12/2025 02:45,2965.82
16/12/2025 02:50,3053.44
16/12/2025 02:55,3003.62
16/12/2025 03:00,2956.08
16/12/2025 03:05,2825.2
16/12/2025 03:10,3085.31
16/12/2025 03:15,3029.46
16/12/2025 03:20,3067.39
16/12/2025 03:25,2813.33
16/12/2025 03:30,2999.9
16/12/2025 03:35,3008.14
16/12/2025 03:40,2942.85
16/12/2025 03:45,2915.92
16/12/2025 03:50,2994.39
16/12/2025 03:55,2831.35
16/12/2025 04:00,3007.98
16/12/2025 04:05,3130.26
16/12/2025 04:10,2970.81
16/12/2025 04:15,2874.34
16/12/2025 04:20,2946.17
16/12/2025 04:25,3107.23
16/12/2025 04:30,2919.5
16/12/2025 04:35,2994.11
16/12/2025 04:40,2955.57
16/12/2025 04:45,2816.52
16/12/2025 04:50,2985.37
16/12/2025 04:55,2814.45
16/12/2025 05:00,3275.22
16/12/2025 05:05,3154.19
16/12/2025 05:10,3185.59
16/12/2025 05:15,3248.53
16/12/2025 05:20,3300.49
16/12/2025 05:25,3414.81
16/12/2025 05:30,3371.4
16/12/2025 05:35,3485.52
16/12/2025 05:40,3343.41
16/12/2025 05:45,3371.18
16/12/2025 05:50,3484.54
16/12/2025 05:55,3667.09
16/12/2025 06:00,3572.84
16/12/2025 06:05,3608.33
16/12/2025 06:10,3591.28
16/12/2025 06:15,3673.13
16/12/2025 06:20,3708.74
16/12/2025 06:25,3673.34
16/12/2025 06:30,3738.22
16/12/2025 06:35,3928.11
16/12/2025 06:40,3722.9
16/12/2025 06:45,3723.08
16/12/2025 06:50,3761.38
16/12/2025 06:55,3891.51
16/12/2025 07:00,4011.8
16/12/2025 07:05,4123.66
16/12/2025 07:10,4165.6
16/12/2025 07:15,4142.87
16/12/2025 07:20,4145.31
16/12/2025 07:25,4187.07
16/12/2025 07:30,4079.47
16/12/2025 07:35,4353.32
16/12/2025 07:40,4236.68
16/12/2025 07:45,4342.85
16/12/2025 07:50,4443.86
16/12/2025 07:55,4491.31
16/12/2025 08:00,4565.38
16/12/2025 08:05,4604.29
16/12/2025 08:10,4584.97
16/12/2025 08:15,4728.52
16/12/2025 08:20,4670.05
16/12/2025 08:25,4823.36
16/12/2025 08:30,4671.56
16/12/2025 08:35,4902.5
16/12/2025 08:40,4771.42
16/12/2025 08:45,4923.69
16/12/2025 08:50,4856.9
16/12/2025 08:55,5062.79
16/12/2025 09:00,4884.35
16/12/2025 09:05,4666.52
16/12/2025 09:10,4893.55
16/12/2025 09:15,5013.26
16/12/2025 09:20,4898.99
16/12/2025 09:25,4973.97
16/12/2025 09:30,4861.26
16/12/2025 09:35,4947.61
16/12/2025 09:40,4996.13
16/12/2025 09:45,5047.3
16/12/2025 09:50,5023.91
16/12/2025 09:55,5160.06
16/12/2025 10:00,4983.13
16/12/2025 10:05,5115.39
16/12/2025 10:10,5096.47
16/12/2025 10:15,5119.46
16/12/2025 10:20,5232.23
16/12/2025 10:25,5120.79
16/12/2025 10:30,5058.94
16/12/2025 10:35,5070.23
16/12/2025 10:40,5202.29
16/12/2025 10:45,5123.15
16/12/2025 10:50,5073.94
16/12/2025 10:55,5027.42
16/12/2025 11:00,5017.24
16/12/2025 11:05,5124.16
16/12/2025 11:10,5159.76
16/12/2025 11:15,5035.17
16/12/2025 11:20,4923.56
16/12/2025 11:25,4976.8
16/12/2025 11:30,4864.29
16/12/2025 11:35,4972.61
16/12/2025 11:40,5005.29
16/12/2025 11:45,4910.07
16/12/2025 11:50,4911.95
16/12/2025 11:55,4972.89
16/12/2025 12:00,4943.84
16/12/2025 12:05,4878.98
16/12/2025 12:10,4844.85
16/12/2025 12:15,4759.84
16/12/2025 12:20,4805.98
16/12/2025 12:25,4766.8
16/12/2025 12:30,4924.41
16/12/2025 12:35,4698.32
16/12/2025 12:40,4783.98
16/12/2025 12:45,4745.32
16/12/2025 12:50,4698.17
16/12/2025 12:55,4735.95
16/12/2025 13:00,4778.11
16/12/2025 13:05,4740.39
16/12/2025 13:10,4703.5
16/12/2025 13:15,4655.53
16/12/2025 13:20,4665.09
16/12/2025 13:25,4659.94
16/12/2025 13:30,4689.01
16/12/2025 13:35,4766.15
16/12/2025 13:40,4610.51
16/12/2025 13:45,4835.82
16/12/2025 13:50,4746.85
16/12/2025 13:55,4588.77
16/12/2025 14:00,4720.76
16/12/2025 14:05,4629.62
16/12/2025 14:10,4813.85
16/12/2025 14:15,4622.59
16/12/2025 14:20,4577.8
16/12/2025 14:25,4570.28
16/12/2025 14:30,4651.65
16/12/2025 14:35,4507.17
16/12/2025 14:40,4748.51
16/12/2025 14:45,4485.8
16/12/2025 14:50,4698.73
16/12/2025 14:55,4573.28
16/12/2025 15:00,4611.4
16/12/2025 15:05,4593.5
16/12/2025 15:10,4555.62
16/12/2025 15:15,4647.4
16/12/2025 15:20,4837.43
16/12/2025 15:25,4774.7
16/12/2025 15:30,4712.24
16/12/2025 15:35,4745.38
16/12/2025 15:40,4815.6
16/12/2025 15:45,4740.6
16/12/2025 15:50,4725.36
16/12/2025 15:55,4874.81
16/12/2025 16:00,4968.29
16/12/2025 16:05,4779.26
16/12/2025 16:10,4739.51
16/12/2025 16:15,4872.92
16/12/2025 16:20,4687.83
16/12/2025 16:25,5015.79
16/12/2025 16:30,4858.85
16/12/2025 16:35,4919.44
16/12/2025 16:40,5146.49
16/12/2025 16:45,5069.15
16/12/2025 16:50,4858.85
16/12/2025 16:55,5047.77
16/12/2025 17:00,4957.54
16/12/2025 17:05,4935.52
16/12/2025 17:10,5020.28
16/12/2025 17:15,4901.14
16/12/2025 17:20,5110.83
16/12/2025 17:25,5100.02
16/12/2025 17:30,5022.46
16/12/2025 17:35,5063.4
16/12/2025 17:40,5040.09
16/12/2025 17:45,5146.27
16/12/2025 17:50,5245.01
16/12/2025 17:55,5090.45
16/12/2025 18:00,5629.59
16/12/2025 18:05,5672.65
16/12/2025 18:10,5752.55
16/12/2025 18:15,5708.76
16/12/2025 18:20,5752.44
16/12/2025 18:25,5781.55
16/12/2025 18:30,5863.43
16/12/2025 18:35,5779.75
16/12/2025 18:40,5976.68
16/12/2025 18:45,5954.95
16/12/2025 18:50,5918.02
16/12/2025 18:55,5868.76
16/12/2025 19:00,6056.06
16/12/2025 19:05,6035.57
16/12/2025 19:10,6011.52
16/12/2025 19:15,5999.9
16/12/2025 19:20,5984.11
16/12/2025 19:25,6050.33
16/12/2025 19:30,5967.65
16/12/2025 19:35,5875.39
16/12/2025 19:40,6053.37
16/12/2025 19:45,5984.73
16/12/2025 19:50,5953.52
16/12/2025 19:55,6118.57
16/12/2025 20:00,5800.68
16/12/2025 20:05,5823.52
16/12/2025 20:10,5899.61
16/12/2025 20:15,5945.11
16/12/2025 20:20,5886.56
16/12/2025 20:25,5672.89
16/12/2025 20:30,5841.1
16/12/2025 20:35,5631.77
16/12/2025 20:40,5836.68
16/12/2025 20:45,5789.5
16/12/2025 20:50,5614.73
16/12/2025 20:55,5640.63
16/12/2025 21:00,5329.33
16/12/2025 21:05,5221.9
16/12/2025 21:10,5254.3
16/12/2025 21:15,5312.41
16/12/2025 21:20,5119.33
16/12/2025 21:25,5210.2
16/12/2025 21:30,5093.49
16/12/2025 21:35,4988.76
16/12/2025 21:40,5017.38
16/12/2025 21:45,4884.26
16/12/2025 21:50,4940.3
16/12/2025 21:55,4954.77
16/12/2025 22:00,4824.69
16/12/2025 22:05,4748.65
16/12/2025 22:10,4876.47
16/12/2025 22:15,4762.19
16/12/2025 22:20,4572.84
16/12/2025 22:25,4627.14
16/12/2025 22:30,4680.91
16/12/2025 22:35,4442.06
16/12/2025 22:40,4465.86
16/12/2025 22:45,4578.73
16/12/2025 22:50,4360.18
16/12/2025 22:55,4290.76
16/12/2025 23:00,4232.18
16/12/2025 23:05,4211.25
16/12/2025 23:10,4074.84
16/12/2025 23:15,4223.4
16/12/2025 23:20,4228.01
16/12/2025 23:25,4077.64
16/12/2025 23:30,3980.68
16/12/2025 23:35,4143.58
16/12/2025 23:40,3980.08
16/12/2025 23:45,3915.56
16/12/2025 23:50,3889.77
16/12/2025 23:55,3836.56
17/12/2025 00:00,3783.04
17/12/2025 00:05,3903.15
17/12/2025 00:10,3873.02
17/12/2025 00:15,3884.83
17/12/2025 00:20,3842.67
17/12/2025 00:25,3713.81
17/12/2025 00:30,3748.8
17/12/2025 00:35,3654.36
17/12/2025 00:40,3740.21
17/12/2025 00:45,3565.73
17/12/2025 00:50,3686.65
17/12/2025 00:55,3606.89
17/12/2025 01:00,3613.9
17/12/2025 01:05,3631.52
17/12/2025 01:10,3607.67
17/12/2025 01:15,3569.29
17/12/2025 01:20,3448.89
17/12/2025 01:25,3585.48
17/12/2025 01:30,3310.87
17/12/2025 01:35,3468.66
17/12/2025 01:40,3561.61
17/12/2025 01:45,3440.41
17/12/2025 01:50,3471.08
17/12/2025 01:55,3356.86
17/12/2025 02:00,2965.77
17/12/2025 02:05,2868.13
17/12/2025 02:10,2987.6
17/12/2025 02:15,2961.8
17/12/2025 02:20,2894.36
17/12/2025 02:25,2890.18
17/12/2025 02:30,2790.72
17/12/2025 02:35,2882.5
17/12/2025 02:40,3027.34
17/12/2025 02:45,3060.85
17/12/2025 02:50,3002.01
17/12/2025 02:55,3059.92
17/12/2025 03:00,2974.26
17/12/2025 03:05,2756.51
17/12/2025 03:10,3032.74
17/12/2025 03:15,2992.78
17/12/2025 03:20,2873.11
17/12/2025 03:25,2893.99
17/12/2025 03:30,2922.96
17/12/2025 03:35,2856.45
17/12/2025 03:40,3001.39
17/12/2025 03:45,2890.88
17/12/2025 03:50,3072.76
17/12/2025 03:55,2892.11
17/12/2025 04:00,3036.41
17/12/2025 04:05,2841.12
17/12/2025 04:10,2970.69
17/12/2025 04:15,2877.68
17/12/2025 04:20,2914.6
17/12/2025 04:25,2933.49
17/12/2025 04:30,2981.87
17/12/2025 04:35,2960.58
17/12/2025 04:40,2838.84
17/12/2025 04:45,2982.68
17/12/2025 04:50,3084.19
17/12/2025 04:55,2948.12
17/12/2025 05:00,3092.72
17/12/2025 05:05,3189.73
17/12/2025 05:10,3167.85
17/12/2025 05:15,3411.53
17/12/2025 05:20,3319.62
17/12/2025 05:25,3170.68
17/12/2025 05:30,3503.31
17/12/2025 05:35,3415.07
17/12/2025 05:40,3446.02
17/12/2025 05:45,3540.01
17/12/2025 05:50,3758.13
17/12/2025 05:55,3497.2
17/12/2025 06:00,3648.38
17/12/2025 06:05,3344.41
17/12/2025 06:10,3683.58
17/12/2025 06:15,3691.25
17/12/2025 06:20,3840.85
17/12/2025 06:25,3828.79
17/12/2025 06:30,3728.72
17/12/2025 06:35,3822.86
17/12/2025 06:40,3934.85
17/12/2025 06:45,3858.76
17/12/2025 06:50,3882.02
17/12/2025 06:55,3881.63
17/12/2025 07:00,3971.42
17/12/2025 07:05,4062.45
17/12/2025 07:10,4022.8
17/12/2025 07:15,4263.75
17/12/2025 07:20,4175.28
17/12/2025 07:25,4247.62
17/12/2025 07:30,4123.81
17/12/2025 07:35,4257.48
17/12/2025 07:40,4352.9
17/12/2025 07:45,4622.4
17/12/2025 07:50,4334.7
17/12/2025 07:55,4425.84
17/12/2025 08:00,4509.49
17/12/2025 08:05,4641.32
17/12/2025 08:10,4568.45
17/12/2025 08:15,4697.0
17/12/2025 08:20,4624.1
17/12/2025 08:25,4793.9
17/12/2025 08:30,4649.59
17/12/2025 08:35,4805.54
17/12/2025 08:40,4923.15
17/12/2025 08:45,4869.09
17/12/2025 08:50,4958.8
17/12/2025 08:55,5050.09
17/12/2025 09:00,4904.93
17/12/2025 09:05,4875.9
17/12/2025 09:10,4865.3
17/12/2025 09:15,4927.27
17/12/2025 09:20,4816.46
17/12/2025 09:25,4883.04
17/12/2025 09:30,4873.42
17/12/2025 09:35,4943.04
17/12/2025 09:40,4961.41
17/12/2025 09:45,5076.28
17/12/2025 09:50,5042.03
17/12/2025 09:55,4965.34
17/12/2025 10:00,5051.35
17/12/2025 10:05,4969.4
17/12/2025 10:10,5095.04
17/12/2025 10:15,5227.51
17/12/2025 10:20,5130.37
17/12/2025 10:25,5171.47
17/12/2025 10:30,5070.38
17/12/2025 10:35,5178.41
17/12/2025 10:40,5130.83
17/12/2025 10:45,5062.87
17/12/2025 10:50,5166.03
17/12/2025 10:55,5195.67
17/12/2025 11:00,4960.45
17/12/2025 11:05,5096.77
17/12/2025 11:10,5018.09
17/12/2025 11:15,5065.21
17/12/2025 11:20,5059.51
17/12/2025 11:25,5096.41
17/12/2025 11:30,4965.72
17/12/2025 11:35,4969.0
17/12/2025 11:40,4936.09
17/12/2025 11:45,4950.48
17/12/2025 11:50,4893.08
17/12/2025 11:55,4892.93
17/12/2025 12:00,4800.35
17/12/2025 12:05,4845.67
17/12/2025 12:10,4789.51
17/12/2025 12:15,4662.54
17/12/2025 12:20,4898.56
17/12/2025 12:25,4662.48
17/12/2025 12:30,4730.16
17/12/2025 12:35,4639.43
17/12/2025 12:40,4766.52
17/12/2025 12:45,4686.13
17/12/2025 12:50,4750.58
17/12/2025 12:55,4617.32
17/12/2025 13:00,4722.74
17/12/2025 13:05,4785.68
17/12/2025 13:10,4641.31
17/12/2025 13:15,4572.73
17/12/2025 13:20,4618.31
17/12/2025 13:25,4685.86
17/12/2025 13:30,4729.51
17/12/2025 13:35,4852.06
17/12/2025 13:40,4622.31
17/12/2025 13:45,4777.02
17/12/2025 13:50,4707.0
17/12/2025 13:55,4618.44
17/12/2025 14:00,4721.41
17/12/2025 14:05,4724.08
17/12/2025 14:10,4697.56
17/12/2025 14:15,4703.46
17/12/2025 14:20,4695.21
17/12/2025 14:25,4503.84
17/12/2025 14:30,4521.42
17/12/2025 14:35,4818.84
17/12/2025 14:40,4585.69
17/12/2025 14:45,4653.09
17/12/2025 14:50,4503.26
17/12/2025 14:55,4562.03
17/12/2025 15:00,4818.42
17/12/2025 15:05,4705.72
17/12/2025 15:10,4825.06
17/12/2025 15:15,4716.8
17/12/2025 15:20,4778.47
17/12/2025 15:25,4779.8
17/12/2025 15:30,4933.95
17/12/2025 15:35,4766.72
17/12/2025 15:40,4728.47
17/12/2025 15:45,4815.79
17/12/2025 15:50,4823.13
17/12/2025 15:55,4845.5
17/12/2025 16:00,4880.37
17/12/2025 16:05,4853.95
17/12/2025 16:10,4952.04
17/12/2025 16:15,4788.96
17/12/2025 16:20,4974.12
17/12/2025 16:25,4862.34
17/12/2025 16:30,5000.36
17/12/2025 16:35,4896.1
17/12/2025 16:40,4877.77
17/12/2025 16:45,5079.96
17/12/2025 16:50,4865.71
17/12/2025 16:55,5096.23
17/12/2025 17:00,4929.62
17/12/2025 17:05,5133.18
17/12/2025 17:10,5040.46
17/12/2025 17:15,5075.48
17/12/2025 17:20,5089.21
17/12/2025 17:25,5054.32
17/12/2025 17:30,5141.59
17/12/2025 17:35,5077.65
17/12/2025 17:40,5031.54
17/12/2025 17:45,5186.78
17/12/2025 17:50,5275.08
17/12/2025 17:55,5114.8
17/12/2025 18:00,5705.69
17/12/2025 18:05,5798.76
17/12/2025 18:10,5714.73
17/12/2025 18:15,5851.76
17/12/2025 18:20,5621.87
17/12/2025 18:25,5914.47
17/12/2025 18:30,5773.4
17/12/2025 18:35,5836.22
17/12/2025 18:40,5829.37
17/12/2025 18:45,6000.05
17/12/2025 18:50,5988.15
17/12/2025 18:55,5848.63
17/12/2025 19:00,5990.06
17/12/2025 19:05,6051.85
17/12/2025 19:10,6088.01
17/12/2025 19:15,6085.84
17/12/2025 19:20,6007.94
17/12/2025 19:25,5943.63
17/12/2025 19:30,5967.83
17/12/2025 19:35,6153.95
17/12/2025 19:40,6079.41
17/12/2025 19:45,6041.86
17/12/2025 19:50,6014.59
17/12/2025 19:55,5942.26
17/12/2025 20:00,5878.62
17/12/2025 20:05,5974.02
17/12/2025 20:10,5975.89
17/12/2025 20:15,5912.48
17/12/2025 20:20,5924.0
17/12/2025 20:25,5772.1
17/12/2025 20:30,5716.22
17/12/2025 20:35,5650.3
17/12/2025 20:40,5832.43
17/12/2025 20:45,5598.96
17/12/2025 20:50,5790.7
17/12/2025 20:55,5722.25
17/12/2025 21:00,5288.78
17/12/2025 21:05,5386.27
17/12/2025 21:10,5328.08
17/12/2025 21:15,5261.85
17/12/2025 21:20,5128.41
17/12/2025 21:25,5124.21
17/12/2025 21:30,5128.61
17/12/2025 21:35,5161.82
17/12/2025 21:40,4970.61
17/12/2025 21:45,5012.33
17/12/2025 21:50,4871.0
17/12/2025 21:55,4926.91
17/12/2025 22:00,4813.03
17/12/2025 22:05,4740.71
17/12/2025 22:10,4877.52
17/12/2025 22:15,4801.25
17/12/2025 22:20,4679.0
17/12/2025 22:25,4773.47
17/12/2025 22:30,4643.68
17/12/2025 22:35,4593.16
17/12/2025 22:40,4369.51
17/12/2025 22:45,4315.83
17/12/2025 22:50,4449.18
17/12/2025 22:55,4279.27
17/12/2025 23:00,4370.63
17/12/2025 23:05,4350.03
17/12/2025 23:10,4155.36
17/12/2025 23:15,4074.03
17/12/2025 23:20,4186.46
17/12/2025 23:25,4223.11
17/12/2025 23:30,4072.32
17/12/2025 23:35,4202.22
17/12/2025 23:40,4028.18
17/12/2025 23:45,4039.56
17/12/2025 23:50,3908.34
17/12/2025 23:55,3878.19
18/12/2025 00:00,3677.42
18/12/2025 00:05,3832.5
18/12/2025 00:10,3819.8
18/12/2025 00:15,3895.42
18/12/2025 00:20,3773.26
18/12/2025 00:25,3690.02
18/12/2025 00:30,3693.81
18/12/2025 00:35,3649.44
18/12/2025 00:40,3525.74
18/12/2025 00:45,3600.86
18/12/2025 00:50,3694.03
18/12/2025 00:55,3604.68
18/12/2025 01:00,3678.45
18/12/2025 01:05,3609.55
18/12/2025 01:10,3586.95
18/12/2025 01:15,3617.59
18/12/2025 01:20,3571.26
18/12/2025 01:25,3553.78
18/12/2025 01:30,3561.97
18/12/2025 01:35,3473.92
18/12/2025 01:40,3205.65
18/12/2025 01:45,3279.61
18/12/2025 01:50,3388.27
18/12/2025 01:55,3287.8
18/12/2025 02:00,2841.0
18/12/2025 02:05,2960.09
18/12/2025 02:10,2939.78
18/12/2025 02:15,2949.64
18/12/2025 02:20,2806.02
18/12/2025 02:25,3088.62
18/12/2025 02:30,2989.28
18/12/2025 02:35,2882.53
18/12/2025 02:40,2868.3
18/12/2025 02:45,3101.24
18/12/2025 02:50,3022.97
18/12/2025 02:55,3007.44
18/12/2025 03:00,2997.65
18/12/2025 03:05,2965.81
18/12/2025 03:10,2869.2
18/12/2025 03:15,2813.87
18/12/2025 03:20,2907.9
18/12/2025 03:25,2703.97
18/12/2025 03:30,3086.93
18/12/2025 03:35,2870.26
18/12/2025 03:40,2978.0
18/12/2025 03:45,2886.47
18/12/2025 03:50,3126.23
18/12/2025 03:55,2995.59
18/12/2025 04:00,3014.89
18/12/2025 04:05,2931.83
18/12/2025 04:10,2916.64
18/12/2025 04:15,2994.31
18/12/2025 04:20,3006.91
18/12/2025 04:25,2948.63
18/12/2025 04:30,2890.4
18/12/2025 04:35,3039.12
18/12/2025 04:40,2996.23
18/12/2025 04:45,2734.79
18/12/2025 04:50,2909.12
18/12/2025 04:55,2913.18
18/12/2025 05:00,3203.38
18/12/2025 05:05,3311.73
18/12/2025 05:10,3297.52
18/12/2025 05:15,3268.72
18/12/2025 05:20,3437.18
18/12/2025 05:25,3239.63
18/12/2025 05:30,3413.34
18/12/2025 05:35,3414.99
18/12/2025 05:40,3558.85
18/12/2025 05:45,3449.87
18/12/2025 05:50,3668.81
18/12/2025 05:55,3446.41
18/12/2025 06:00,3665.85
18/12/2025 06:05,3525.71
18/12/2025 06:10,3642.26
18/12/2025 06:15,3719.36
18/12/2025 06:20,3740.58
18/12/2025 06:25,3830.13
18/12/2025 06:30,3758.31
18/12/2025 06:35,3852.73
18/12/2025 06:40,3799.19
18/12/2025 06:45,3909.51
18/12/2025 06:50,3780.87
18/12/2025 06:55,3900.71
18/12/2025 07:00,3954.72
18/12/2025 07:05,4007.65
18/12/2025 07:10,4016.39
18/12/2025 07:15,4296.6
18/12/2025 07:20,4200.08
18/12/2025 07:25,4270.68
18/12/2025 07:30,4239.64
18/12/2025 07:35,4279.54
18/12/2025 07:40,4406.55
18/12/2025 07:45,4559.04
18/12/2025 07:50,4474.43
18/12/2025 07:55,4503.1
18/12/2025 08:00,4478.68
18/12/2025 08:05,4582.67
18/12/2025 08:10,4653.23
18/12/2025 08:15,4725.67
18/12/2025 08:20,4708.15
18/12/2025 08:25,4761.61
18/12/2025 08:30,4690.45
18/12/2025 08:35,4723.25
18/12/2025 08:40,4942.98
18/12/2025 08:45,4801.66
18/12/2025 08:50,4922.84
18/12/2025 08:55,5038.84
18/12/2025 09:00,4804.92
18/12/2025 09:05,4701.6
18/12/2025 09:10,4832.35
18/12/2025 09:15,4805.73
18/12/2025 09:20,4885.93
18/12/2025 09:25,4735.61
18/12/2025 09:30,4979.03
18/12/2025 09:35,5216.37
18/12/2025 09:40,4882.06
18/12/2025 09:45,4942.12
18/12/2025 09:50,5040.15
18/12/2025 09:55,5038.88
18/12/2025 10:00,5141.89
18/12/2025 10:05,5026.05
18/12/2025 10:10,5083.09
18/12/2025 10:15,5040.56
18/12/2025 10:20,5030.2
18/12/2025 10:25,5226.2
18/12/2025 10:30,5124.37
18/12/2025 10:35,5022.55
18/12/2025 10:40,5204.47
18/12/2025 10:45,5163.06
18/12/2025 10:50,5082.71
18/12/2025 10:55,5022.95
18/12/2025 11:00,4920.9
18/12/2025 11:05,5107.84
18/12/2025 11:10,5053.68
18/12/2025 11:15,5001.67
18/12/2025 11:20,5120.24
18/12/2025 11:25,4951.46
18/12/2025 11:30,4992.77
18/12/2025 11:35,4925.78
18/12/2025 11:40,4833.91
18/12/2025 11:45,4970.51
18/12/2025 11:50,4897.95
18/12/2025 11:55,5015.2
18/12/2025 12:00,4772.37
18/12/2025 12:05,4784.2
18/12/2025 12:10,4691.7
18/12/2025 12:15,4758.28
18/12/2025 12:20,4745.9
18/12/2025 12:25,4669.77
18/12/2025 12:30,4760.62
18/12/2025 12:35,4774.37
18/12/2025 12:40,4803.48
18/12/2025 12:45,4659.52
18/12/2025 12:50,4685.09
18/12/2025 12:55,4718.98
18/12/2025 13:00,4684.46
18/12/2025 13:05,4695.3
18/12/2025 13:10,4648.96
18/12/2025 13:15,4808.88
18/12/2025 13:20,4713.78
18/12/2025 13:25,4739.77
18/12/2025 13:30,4739.37
18/12/2025 13:35,4665.95
18/12/2025 13:40,4775.86
18/12/2025 13:45,4507.19
18/12/2025 13:50,4684.91
18/12/2025 13:55,4736.05
18/12/2025 14:00,4675.29
18/12/2025 14:05,4761.39
18/12/2025 14:10,4705.1
18/12/2025 14:15,4671.26
18/12/2025 14:20,4687.71
18/12/2025 14:25,4647.46
18/12/2025 14:30,4603.41
18/12/2025 14:35,4641.18
18/12/2025 14:40,4654.39
18/12/2025 14:45,4716.36
18/12/2025 14:50,4608.93
18/12/2025 14:55,4504.97
18/12/2025 15:00,4619.78
18/12/2025 15:05,4797.18
18/12/2025 15:10,4629.52
18/12/2025 15:15,4614.93
18/12/2025 15:20,4799.24
18/12/2025 15:25,4821.62
18/12/2025 15:30,4755.17
18/12/2025 15:35,4757.4
18/12/2025 15:40,4755.7
18/12/2025 15:45,4757.29
18/12/2025 15:50,4889.96
18/12/2025 15:55,4781.5
18/12/2025 16:00,4864.27
18/12/2025 16:05,4716.94
18/12/2025 16:10,4789.52
18/12/2025 16:15,4753.13
18/12/2025 16:20,4892.22
18/12/2025 16:25,4818.03
18/12/2025 16:30,4903.5
18/12/2025 16:35,4911.11
18/12/2025 16:40,4904.69
18/12/2025 16:45,5078.03
18/12/2025 16:50,4967.57
18/12/2025 16:55,4968.04
18/12/2025 17:00,5060.39
18/12/2025 17:05,4904.28
18/12/2025 17:10,5026.74
18/12/2025 17:15,5105.91
18/12/2025 17:20,5173.12
18/12/2025 17:25,5182.93
18/12/2025 17:30,5097.07
18/12/2025 17:35,5164.22
18/12/2025 17:40,5197.32
18/12/2025 17:45,5150.69
18/12/2025 17:50,5046.27
18/12/2025 17:55,5201.97
18/12/2025 18:00,5727.94
18/12/2025 18:05,5631.0
18/12/2025 18:10,5760.73
18/12/2025 18:15,5765.89
18/12/2025 18:20,5752.18
18/12/2025 18:25,5924.38
18/12/2025 18:30,5822.1
18/12/2025 18:35,5956.24
18/12/2025 18:40,5830.25
18/12/2025 18:45,5816.68
18/12/2025 18:50,5978.9
18/12/2025 18:55,6002.97
18/12/2025 19:00,5973.48
18/12/2025 19:05,5988.27
18/12/2025 19:10,5994.13
18/12/2025 19:15,6016.09
18/12/2025 19:20,6163.17
18/12/2025 19:25,5844.46
18/12/2025 19:30,5969.23
18/12/2025 19:35,6059.92
18/12/2025 19:40,6028.94
18/12/2025 19:45,6157.86
18/12/2025 19:50,5982.4
18/12/2025 19:55,5924.46
18/12/2025 20:00,5982.79
18/12/2025 20:05,6117.44
18/12/2025 20:10,5974.74
18/12/2025 20:15,5935.94
18/12/2025 20:20,5916.65
18/12/2025 20:25,5755.14
18/12/2025 20:30,5839.85
18/12/2025 20:35,5908.65
18/12/2025 20:40,5677.75
18/12/2025 20:45,5716.4
18/12/2025 20:50,5766.27
18/12/2025 20:55,5721.72
18/12/2025 21:00,5368.38
18/12/2025 21:05,5285.07
18/12/2025 21:10,5261.14
18/12/2025 21:15,5317.98
18/12/2025 21:20,5241.46
18/12/2025 21:25,4950.27
18/12/2025 21:30,5260.74
18/12/2025 21:35,5008.28
18/12/2025 21:40,4907.44
18/12/2025 21:45,5002.03
18/12/2025 21:50,4898.28
18/12/2025 21:55,5070.24
18/12/2025 22:00,4908.38
18/12/2025 22:05,4763.11
18/12/2025 22:10,4820.95
18/12/2025 22:15,4695.95
18/12/2025 22:20,4619.03
18/12/2025 22:25,4629.02
18/12/2025 22:30,4445.17
18/12/2025 22:35,4615.17
18/12/2025 22:40,4477.45
18/12/2025 22:45,4336.2
18/12/2025 22:50,4469.69
18/12/2025 22:55,4516.7
18/12/2025 23:00,4400.88
18/12/2025 23:05,4377.02
18/12/2025 23:10,4275.88
18/12/2025 23:15,4224.28
18/12/2025 23:20,4136.61
18/12/2025 23:25,4087.57
18/12/2025 23:30,4112.2
18/12/2025 23:35,3984.35
18/12/2025 23:40,4086.84
18/12/2025 23:45,4005.5
18/12/2025 23:50,3897.69
18/12/2025 23:55,3925.2
19/12/2025 00:00,3875.51
19/12/2025 00:05,3911.79
19/12/2025 00:10,3765.84
19/12/2025 00:15,3875.47
19/12/2025 00:20,3771.54
19/12/2025 00:25,3780.77
19/12/2025 00:30,3697.98
19/12/2025 00:35,3774.39
19/12/2025 00:40,3726.57
19/12/2025 00:45,3641.14
19/12/2025 00:50,3489.68
19/12/2025 00:55,3509.77
19/12/2025 01:00,3485.66
19/12/2025 01:05,3416.91
19/12/2025 01:10,3441.31
19/12/2025 01:15,3394.03
19/12/2025 01:20,3531.01
19/12/2025 01:25,3520.45
19/12/2025 01:30,3320.76
19/12/2025 01:35,3392.81
19/12/2025 01:40,3394.66
19/12/2025 01:45,3394.22
19/12/2025 01:50,3476.92
19/12/2025 01:55,3357.31
19/12/2025 02:00,2899.03
19/12/2025 02:05,3053.04
19/12/2025 02:10,2832.59
19/12/2025 02:15,3141.02
19/12/2025 02:20,2950.23
19/12/2025 02:25,2858.29
19/12/2025 02:30,2949.99
19/12/2025 02:35,2881.28
19/12/2025 02:40,3060.17
19/12/2025 02:45,2899.11
19/12/2025 02:50,2922.73
19/12/2025 02:55,2784.51
19/12/2025 03:00,3036.85
19/12/2025 03:05,2951.93
19/12/2025 03:10,2868.55
19/12/2025 03:15,2888.01
19/12/2025 03:20,3055.86
19/12/2025 03:25,3045.53
19/12/2025 03:30,3006.4
19/12/2025 03:35,2765.09
19/12/2025 03:40,3126.12
19/12/2025 03:45,2966.67
19/12/2025 03:50,3170.97
19/12/2025 03:55,2635.52
19/12/2025 04:00,3102.64
19/12/2025 04:05,2861.75
19/12/2025 04:10,2900.73
19/12/2025 04:15,3003.42
19/12/2025 04:20,2971.91
19/12/2025 04:25,2873.46
19/12/2025 04:30,2894.84
19/12/2025 04:35,3031.28
19/12/2025 04:40,3002.32
19/12/2025 04:45,2977.9
19/12/2025 04:50,3043.49
19/12/2025 04:55,3048.94
19/12/2025 05:00,3344.73
19/12/2025 05:05,3205.0
19/12/2025 05:10,3334.43
19/12/2025 05:15,3397.1
19/12/2025 05:20,3367.58
19/12/2025 05:25,3426.3
19/12/2025 05:30,3413.93
19/12/2025 05:35,3350.75
19/12/2025 05:40,3475.41
19/12/2025 05:45,3411.35
19/12/2025 05:50,3433.24
19/12/2025 05:55,3535.83
19/12/2025 06:00,3552.71
19/12/2025 06:05,3598.56
19/12/2025 06:10,3686.26
19/12/2025 06:15,3651.45
19/12/2025 06:20,3581.5
19/12/2025 06:25,3716.94
19/12/2025 06:30,3744.3
19/12/2025 06:35,3679.54
19/12/2025 06:40,3900.06
19/12/2025 06:45,3913.87
19/12/2025 06:50,3805.31
19/12/2025 06:55,3976.35
19/12/2025 07:00,3907.78
19/12/2025 07:05,4102.67
19/12/2025 07:10,4162.68
19/12/2025 07:15,4146.12
19/12/2025 07:20,4172.23
19/12/2025 07:25,4247.22
19/12/2025 07:30,4339.95
19/12/2025 07:35,4319.31
19/12/2025 07:40,4196.48
19/12/2025 07:45,4420.98
19/12/2025 07:50,4250.3
19/12/2025 07:55,4593.67
19/12/2025 08:00,4503.72
19/12/2025 08:05,4420.99
19/12/2025 08:10,4701.99
19/12/2025 08:15,4612.74
19/12/2025 08:20,4675.62
19/12/2025 08:25,4772.25
19/12/2025 08:30,4858.5
19/12/2025 08:35,4825.06
19/12/2025 08:40,4794.08
19/12/2025 08:45,4835.65
19/12/2025 08:50,4972.45
19/12/2025 08:55,5073.72
19/12/2025 09:00,4781.24
19/12/2025 09:05,4858.43
19/12/2025 09:10,4754.58
19/12/2025 09:15,4953.25
19/12/2025 09:20,4887.59
19/12/2025 09:25,4809.4
19/12/2025 09:30,5037.16
19/12/2025 09:35,5078.57
19/12/2025 09:40,4861.18
19/12/2025 09:45,4994.33
19/12/2025 09:50,4912.09
19/12/2025 09:55,4990.4
19/12/2025 10:00,5158.83
19/12/2025 10:05,4956.22
19/12/2025 10:10,4962.47
19/12/2025 10:15,5134.45
19/12/2025 10:20,5056.65
19/12/2025 10:25,5017.68
19/12/2025 10:30,5226.36
19/12/2025 10:35,4988.59
19/12/2025 10:40,5069.36
19/12/2025 10:45,5032.92
19/12/2025 10:50,4941.47
19/12/2025 10:55,5048.97
19/12/2025 11:00,5196.76
19/12/2025 11:05,5126.05
19/12/2025 11:10,4998.97
19/12/2025 11:15,5098.05
19/12/2025 11:20,4915.74
19/12/2025 11:25,4966.6
19/12/2025 11:30,4921.33
19/12/2025 11:35,4812.26
19/12/2025 11:40,4990.09
19/12/2025 11:45,4897.45
19/12/2025 11:50,4901.42
19/12/2025 11:55,4955.81
19/12/2025 12:00,4866.54
19/12/2025 12:05,4883.44
19/12/2025 12:10,4776.31
19/12/2025 12:15,4743.69
19/12/2025 12:20,4611.35
19/12/2025 12:25,4605.68
19/12/2025 12:30,4846.44
19/12/2025 12:35,4659.12
19/12/2025 12:40,4733.23
19/12/2025 12:45,4620.32
19/12/2025 12:50,4813.19
19/12/2025 12:55,4858.58
19/12/2025 13:00,4644.95
19/12/2025 13:05,4691.15
19/12/2025 13:10,4667.31
19/12/2025 13:15,4825.02
19/12/2025 13:20,4797.83
19/12/2025 13:25,4788.79
19/12/2025 13:30,4693.73
19/12/2025 13:35,4797.8
19/12/2025 13:40,4713.28
19/12/2025 13:45,4805.39
19/12/2025 13:50,4790.11
19/12/2025 13:55,4833.8
19/12/2025 14:00,4675.29
19/12/2025 14:05,4579.03
19/12/2025 14:10,4657.17
19/12/2025 14:15,4777.52
19/12/2025 14:20,4722.44
19/12/2025 14:25,4642.15
19/12/2025 14:30,4639.78
19/12/2025 14:35,4618.54
19/12/2025 14:40,4645.55
19/12/2025 14:45,4418.9
19/12/2025 14:50,4717.27
19/12/2025 14:55,4630.63
19/12/2025 15:00,4695.83
19/12/2025 15:05,4763.06
19/12/2025 15:10,4759.04
19/12/2025 15:15,4769.58
19/12/2025 15:20,4768.19
19/12/2025 15:25,4731.26
19/12/2025 15:30,4721.2
19/12/2025 15:35,4853.81
19/12/2025 15:40,4822.47
19/12/2025 15:45,4780.53
19/12/2025 15:50,5010.15
19/12/2025 15:55,4763.66
19/12/2025 16:00,4971.92
19/12/2025 16:05,4875.15
19/12/2025 16:10,4871.22
19/12/2025 16:15,4807.48
19/12/2025 16:20,4769.28
19/12/2025 16:25,4853.18
19/12/2025 16:30,5069.79
19/12/2025 16:35,4895.87
19/12/2025 16:40,4961.36
19/12/2025 16:45,4983.5
19/12/2025 16:50,4959.11
19/12/2025 16:55,4977.24
19/12/2025 17:00,4938.59
19/12/2025 17:05,5207.89
19/12/2025 17:10,5154.05
19/12/2025 17:15,5045.01
19/12/2025 17:20,5045.0
19/12/2025 17:25,5038.62
19/12/2025 17:30,4897.7
19/12/2025 17:35,4999.14
19/12/2025 17:40,5099.01
19/12/2025 17:45,5096.95
19/12/2025 17:50,5199.82
19/12/2025 17:55,5231.55
19/12/2025 18:00,5751.94
19/12/2025 18:05,5614.33
19/12/2025 18:10,5686.79
19/12/2025 18:15,5750.6
19/12/2025 18:20,5853.98
19/12/2025 18:25,5838.97
19/12/2025 18:30,5893.72
19/12/2025 18:35,5974.59
19/12/2025 18:40,5915.17
19/12/2025 18:45,5799.56
19/12/2025 18:50,5933.95
19/12/2025 18:55,6085.61
19/12/2025 19:00,5941.31
19/12/2025 19:05,5996.92
19/12/2025 19:10,5983.85
19/12/2025 19:15,5841.96
19/12/2025 19:20,5929.55
19/12/2025 19:25,5988.81
19/12/2025 19:30,6027.24
19/12/2025 19:35,5922.01
19/12/2025 19:40,5923.91
19/12/2025 19:45,5993.28
19/12/2025 19:50,5989.01
19/12/2025 19:55,6011.03
19/12/2025 20:00,6004.9
19/12/2025 20:05,6024.56
19/12/2025 20:10,5899.77
19/12/2025 20:15,5784.71
19/12/2025 20:20,5758.67
19/12/2025 20:25,5818.14
19/12/2025 20:30,5859.89
19/12/2025 20:35,5845.91
19/12/2025 20:40,5885.22
19/12/2025 20:45,5752.44
19/12/2025 20:50,5773.32
19/12/2025 20:55,5637.5
19/12/2025 21:00,5473.51
19/12/2025 21:05,5394.51
19/12/2025 21:10,5349.88
19/12/2025 21:15,5276.7
19/12/2025 21:20,5151.55
19/12/2025 21:25,5247.51
19/12/2025 21:30,5278.92
19/12/2025 21:35,4903.29
19/12/2025 21:40,4971.4
19/12/2025 21:45,5050.78
19/12/2025 21:50,4834.82
19/12/2025 21:55,5008.25
19/12/2025 22:00,4910.53
19/12/2025 22:05,4630.48
19/12/2025 22:10,4833.4
19/12/2025 22:15,4618.94
19/12/2025 22:20,4708.56
19/12/2025 22:25,4629.83
19/12/2025 22:30,4600.51
19/12/2025 22:35,4436.53
19/12/2025 22:40,4509.19
19/12/2025 22:45,4478.68
19/12/2025 22:50,4301.02
19/12/2025 22:55,4457.91
19/12/2025 23:00,4438.54
19/12/2025 23:05,4385.44
19/12/2025 23:10,4246.47
19/12/2025 23:15,4207.38
19/12/2025 23:20,4017.27
19/12/2025 23:25,3977.8
19/12/2025 23:30,3947.12
19/12/2025 23:35,4193.34
19/12/2025 23:40,4113.34
19/12/2025 23:45,3913.12
19/12/2025 23:50,4070.95
19/12/2025 23:55,3985.54
20/12/2025 00:00,3518.22
20/12/2025 00:05,3514.73
20/12/2025 00:10,3406.54
20/12/2025 00:15,3351.39
20/12/2025 00:20,3488.37
20/12/2025 00:25,3495.09
20/12/2025 00:30,3398.92
20/12/2025 00:35,3432.38
20/12/2025 00:40,3366.34
20/12/2025 00:45,3446.2
20/12/2025 00:50,3362.53
20/12/2025 00:55,3437.03
20/12/2025 01:00,3348.45
20/12/2025 01:05,3314.5
20/12/2025 01:10,3301.2
20/12/2025 01:15,3315.08
20/12/2025 01:20,3342.75
20/12/2025 01:25,3183.79
20/12/2025 01:30,3165.56
20/12/2025 01:35,3190.04
20/12/2025 01:40,3206.38
20/12/2025 01:45,3126.67
20/12/2025 01:50,3120.46
20/12/2025 01:55,3093.67
20/12/2025 02:00,2621.18
20/12/2025 02:05,2613.27
20/12/2025 02:10,2692.6
20/12/2025 02:15,2686.96
20/12/2025 02:20,2843.06
20/12/2025 02:25,2782.4
20/12/2025 02:30,2833.82
20/12/2025 02:35,2454.93
20/12/2025 02:40,2724.72
20/12/2025 02:45,2590.68
20/12/2025 02:50,2602.64
20/12/2025 02:55,2734.17
20/12/2025 03:00,2627.22
20/12/2025 03:05,2694.38
20/12/2025 03:10,2721.12
20/12/2025 03:15,2796.25
20/12/2025 03:20,2655.39
20/12/2025 03:25,2781.59
20/12/2025 03:30,2693.38
20/12/2025 03:35,2810.1
20/12/2025 03:40,2768.06
20/12/2025 03:45,2765.13
20/12/2025 03:50,2644.18
20/12/2025 03:55,2574.16
20/12/2025 04:00,2676.73
20/12/2025 04:05,2686.81
20/12/2025 04:10,2531.67
20/12/2025 04:15,2588.97
20/12/2025 04:20,2708.15
20/12/2025 04:25,2711.47
20/12/2025 04:30,2624.11
20/12/2025 04:35,2771.56
20/12/2025 04:40,2628.61
20/12/2025 04:45,2532.73
20/12/2025 04:50,2567.19
20/12/2025 04:55,2796.88
20/12/2025 05:00,2898.97
20/12/2025 05:05,3096.02
20/12/2025 05:10,3046.93
20/12/2025 05:15,2882.6
20/12/2025 05:20,3032.93
20/12/2025 05:25,3194.08
20/12/2025 05:30,3083.24
20/12/2025 05:35,3260.52
20/12/2025 05:40,3035.03
20/12/2025 05:45,3134.67
20/12/2025 05:50,3143.36
20/12/2025 05:55,3304.45
20/12/2025 06:00,3232.75
20/12/2025 06:05,3425.97
20/12/2025 06:10,3371.24
20/12/2025 06:15,3480.15
20/12/2025 06:20,3537.37
20/12/2025 06:25,3522.34
20/12/2025 06:30,3550.66
20/12/2025 06:35,3499.78
20/12/2025 06:40,3514.27
20/12/2025 06:45,3691.39
20/12/2025 06:50,3657.46
20/12/2025 06:55,3665.95
20/12/2025 07:00,3756.72
20/12/2025 07:05,3828.53
20/12/2025 07:10,3711.45
20/12/2025 07:15,3818.54
20/12/2025 07:20,3884.49
20/12/2025 07:25,3991.97
20/12/2025 07:30,4072.66
20/12/2025 07:35,4125.97
20/12/2025 07:40,3975.19
20/12/2025 07:45,4174.34
20/12/2025 07:50,4180.51
20/12/2025 07:55,4288.52
20/12/2025 08:00,4301.37
20/12/2025 08:05,4466.01
20/12/2025 08:10,4545.63
20/12/2025 08:15,4537.55
20/12/2025 08:20,4412.5
20/12/2025 08:25,4504.29
20/12/2025 08:30,4571.98
20/12/2025 08:35,4620.26
20/12/2025 08:40,4685.06
20/12/2025 08:45,4546.11
20/12/2025 08:50,4758.45
20/12/2025 08:55,4588.27
20/12/2025 09:00,4624.77
20/12/2025 09:05,4627.43
20/12/2025 09:10,4679.91
20/12/2025 09:15,4694.36
20/12/2025 09:20,4636.66
20/12/2025 09:25,4753.47
20/12/2025 09:30,4769.35
20/12/2025 09:35,4616.27
20/12/2025 09:40,4868.32
20/12/2025 09:45,4810.64
20/12/2025 09:50,4632.54
20/12/2025 09:55,4876.6
20/12/2025 10:00,4745.49
20/12/2025 10:05,4845.37
20/12/2025 10:10,4834.63
20/12/2025 10:15,4794.12
20/12/2025 10:20,4804.05
20/12/2025 10:25,5001.77
20/12/2025 10:30,4934.82
20/12/2025 10:35,4828.4
20/12/2025 10:40,4932.33
20/12/2025 10:45,4825.88
20/12/2025 10:50,4814.1
20/12/2025 10:55,4736.58
20/12/2025 11:00,4868.12
20/12/2025 11:05,4824.45
20/12/2025 11:10,4759.39
20/12/2025 11:15,4901.13
20/12/2025 11:20,4688.53
20/12/2025 11:25,4640.06
20/12/2025 11:30,4866.96
20/12/2025 11:35,4613.39
20/12/2025 11:40,4696.95
20/12/2025 11:45,4717.63
20/12/2025 11:50,4651.95
20/12/2025 11:55,4641.57
20/12/2025 12:00,4609.75
20/12/2025 12:05,4391.35
20/12/2025 12:10,4585.83
20/12/2025 12:15,4465.9
20/12/2025 12:20,4465.73
20/12/2025 12:25,4561.97
20/12/2025 12:30,4667.06
20/12/2025 12:35,4605.67
20/12/2025 12:40,4447.01
20/12/2025 12:45,4496.79
20/12/2025 12:50,4601.58
20/12/2025 12:55,4527.84
20/12/2025 13:00,4359.43
20/12/2025 13:05,4378.93
20/12/2025 13:10,4560.79
20/12/2025 13:15,4568.55
20/12/2025 13:20,4412.3
20/12/2025 13:25,4477.43
20/12/2025 13:30,4391.41
20/12/2025 13:35,4388.36
20/12/2025 13:40,4320.43
20/12/2025 13:45,4402.1
20/12/2025 13:50,4502.53
20/12/2025 13:55,4352.86
20/12/2025 14:00,4419.19
20/12/2025 14:05,4522.89
20/12/2025 14:10,4344.55
20/12/2025 14:15,4399.5
20/12/2025 14:20,4424.71
20/12/2025 14:25,4345.03
20/12/2025 14:30,4356.16
20/12/2025 14:35,4291.7
20/12/2025 14:40,4315.53
20/12/2025 14:45,4414.49
20/12/2025 14:50,4333.48
20/12/2025 14:55,4420.99
20/12/2025 15:00,4470.48
20/12/2025 15:05,4488.79
20/12/2025 15:10,4343.5
20/12/2025 15:15,4372.03
20/12/2025 15:20,4561.5
20/12/2025 15:25,4463.35
20/12/2025 15:30,4626.82
20/12/2025 15:35,4529.14
20/12/2025 15:40,4616.6
20/12/2025 15:45,4550.88
20/12/2025 15:50,4577.98
20/12/2025 15:55,4595.76
20/12/2025 16:00,4568.27
20/12/2025 16:05,4751.44
20/12/2025 16:10,4655.46
20/12/2025 16:15,4601.14
20/12/2025 16:20,4730.97
20/12/2025 16:25,4802.4
20/12/2025 16:30,4757.3
20/12/2025 16:35,4597.86
20/12/2025 16:40,4668.13
20/12/2025 16:45,4784.21
20/12/2025 16:50,4512.1
20/12/2025 16:55,4760.06
20/12/2025 17:00,4806.23
20/12/2025 17:05,4638.03
20/12/2025 17:10,4659.44
20/12/2025 17:15,4790.49
20/12/2025 17:20,4879.08
20/12/2025 17:25,4954.06
20/12/2025 17:30,4876.04
20/12/2025 17:35,4943.6
20/12/2025 17:40,4854.01
20/12/2025 17:45,4799.16
20/12/2025 17:50,4896.45
20/12/2025 17:55,5122.84
20/12/2025 18:00,5303.97
20/12/2025 18:05,5586.36
20/12/2025 18:10,5381.78
20/12/2025 18:15,5552.14
20/12/2025 18:20,5390.92
20/12/2025 18:25,5498.68
20/12/2025 18:30,5618.71
20/12/2025 18:35,5611.1
20/12/2025 18:40,5677.48
20/12/2025 18:45,5642.1
20/12/2025 18:50,5627.31
20/12/2025 18:55,5814.86
20/12/2025 19:00,5655.5
20/12/2025 19:05,5610.76
20/12/2025 19:10,5812.92
20/12/2025 19:15,5710.25
20/12/2025 19:20,5659.38
20/12/2025 19:25,5799.48
20/12/2025 19:30,5723.47
20/12/2025 19:35,5711.31
20/12/2025 19:40,5786.54
20/12/2025 19:45,5823.7
20/12/2025 19:50,5526.4
20/12/2025 19:55,5751.36
20/12/2025 20:00,5721.32
20/12/2025 20:05,5711.26
20/12/2025 20:10,5687.15
20/12/2025 20:15,5690.92
20/12/2025 20:20,5645.17
20/12/2025 20:25,5595.66
20/12/2025 20:30,5540.65
20/12/2025 20:35,5599.19
20/12/2025 20:40,5461.64
20/12/2025 20:45,5539.27
20/12/2025 20:50,5609.74
20/12/2025 20:55,5371.74
20/12/2025 21:00,5037.63
20/12/2025 21:05,5039.12
20/12/2025 21:10,5107.46
20/12/2025 21:15,4882.77
20/12/2025 21:20,4865.42
20/12/2025 21:25,4864.85
20/12/2025 21:30,4793.55
20/12/2025 21:35,4824.69
20/12/2025 21:40,4719.54
20/12/2025 21:45,4643.04
20/12/2025 21:50,4589.1
20/12/2025 21:55,4629.78
20/12/2025 22:00,4654.01
20/12/2025 22:05,4463.21
20/12/2025 22:10,4538.11
20/12/2025 22:15,4454.67
20/12/2025 22:20,4447.18
20/12/2025 22:25,4317.7
20/12/2025 22:30,4289.46
20/12/2025 22:35,4223.48
20/12/2025 22:40,4270.12
20/12/2025 22:45,4258.63
20/12/2025 22:50,4142.89
20/12/2025 22:55,4229.38
20/12/2025 23:00,4073.87
20/12/2025 23:05,4028.27
20/12/2025 23:10,4113.46
20/12/2025 23:15,3945.02
20/12/2025 23:20,3991.56
20/12/2025 23:25,3764.35
20/12/2025 23:30,3920.3
20/12/2025 23:35,3713.16
20/12/2025 23:40,3702.77
20/12/2025 23:45,3693.48
20/12/2025 23:50,3624.61
20/12/2025 23:55,3662.14
21/12/2025 00:00,3545.84
21/12/2025 00:05,3551.44
21/12/2025 00:10,3563.97
21/12/2025 00:15,3455.24
21/12/2025 00:20,3422.19
21/12/2025 00:25,3536.81
21/12/2025 00:30,3494.44
21/12/2025 00:35,3432.85
21/12/2025 00:40,3385.68
21/12/2025 00:45,3406.54
21/12/2025 00:50,3338.07
21/12/2025 00:55,3474.73
21/12/2025 01:00,3206.29
21/12/2025 01:05,3175.91
21/12/2025 01:10,3350.34
21/12/2025 01:15,3360.84
21/12/2025 01:20,3258.14
21/12/2025 01:25,3206.98
21/12/2025 01:30,3225.16
21/12/2025 01:35,3147.25
21/12/2025 01:40,3112.68
21/12/2025 01:45,3173.61
21/12/2025 01:50,3151.03
21/12/2025 01:55,3104.49
21/12/2025 02:00,2722.66
21/12/2025 02:05,2808.78
21/12/2025 02:10,2573.17
21/12/2025 02:15,2613.96
21/12/2025 02:20,2780.67
21/12/2025 02:25,2825.97
21/12/2025 02:30,2613.93
21/12/2025 02:35,2647.83
21/12/2025 02:40,2711.37
21/12/2025 02:45,2793.03
21/12/2025 02:50,2482.31
21/12/2025 02:55,2677.05
21/12/2025 03:00,2653.47
21/12/2025 03:05,2400.0
21/12/2025 03:10,2729.07
21/12/2025 03:15,2687.87
21/12/2025 03:20,2720.25
21/12/2025 03:25,2676.97
21/12/2025 03:30,2819.01
21/12/2025 03:35,2785.46
21/12/2025 03:40,2688.02
21/12/2025 03:45,2865.47
21/12/2025 03:50,2841.43
21/12/2025 03:55,2674.82
21/12/2025 04:00,2791.37
21/12/2025 04:05,2762.35
21/12/2025 04:10,2581.14
21/12/2025 04:15,2842.73
21/12/2025 04:20,2759.46
21/12/2025 04:25,2795.49
21/12/2025 04:30,2541.66
21/12/2025 04:35,2735.63
21/12/2025 04:40,2652.75
21/12/2025 04:45,2729.96
21/12/2025 04:50,2760.7
21/12/2025 04:55,2863.58
21/12/2025 05:00,2942.01
21/12/2025 05:05,2940.09
21/12/2025 05:10,3074.94
21/12/2025 05:15,2891.91
21/12/2025 05:20,2935.26
21/12/2025 05:25,3039.51
21/12/2025 05:30,3070.97
21/12/2025 05:35,3088.5
21/12/2025 05:40,3158.66
21/12/2025 05:45,3178.71
21/12/2025 05:50,3284.97
21/12/2025 05:55,3357.98
21/12/2025 06:00,3267.79
21/12/2025 06:05,3441.13
21/12/2025 06:10,3346.36
21/12/2025 06:15,3261.14
21/12/2025 06:20,3513.89
21/12/2025 06:25,3401.26
21/12/2025 06:30,3536.32
21/12/2025 06:35,3642.85
21/12/2025 06:40,3583.09
21/12/2025 06:45,3654.84
21/12/2025 06:50,3626.72
21/12/2025 06:55,3614.68
21/12/2025 07:00,3578.51
21/12/2025 07:05,3730.55
21/12/2025 07:10,3847.97
21/12/2025 07:15,3960.17
21/12/2025 07:20,3993.59
21/12/2025 07:25,4005.01
21/12/2025 07:30,3989.99
21/12/2025 07:35,4045.07
21/12/2025 07:40,4056.36
21/12/2025 07:45,4017.03
21/12/2025 07:50,4355.19
21/12/2025 07:55,4243.31
21/12/2025 08:00,4192.88
21/12/2025 08:05,4306.7
21/12/2025 08:10,4477.0
21/12/2025 08:15,4274.17
21/12/2025 08:20,4456.11
21/12/2025 08:25,4536.88
21/12/2025 08:30,4581.91
21/12/2025 08:35,4629.95
21/12/2025 08:40,4678.24
21/12/2025 08:45,4611.81
21/12/2025 08:50,4588.72
21/12/2025 08:55,4749.95
21/12/2025 09:00,4433.15
21/12/2025 09:05,4717.31
21/12/2025 09:10,4649.86
21/12/2025 09:15,4639.0
21/12/2025 09:20,4641.85
21/12/2025 09:25,4699.17
21/12/2025 09:30,4812.9
21/12/2025 09:35,4689.12
21/12/2025 09:40,4701.88
21/12/2025 09:45,4870.3
21/12/2025 09:50,4811.94
21/12/2025 09:55,4778.45
21/12/2025 10:00,4875.12
21/12/2025 10:05,4791.01
21/12/2025 10:10,4835.18
21/12/2025 10:15,5000.04
21/12/2025 10:20,4877.18
21/12/2025 10:25,4964.07
21/12/2025 10:30,4822.91
21/12/2025 10:35,4795.68
21/12/2025 10:40,4764.08
21/12/2025 10:45,4866.29
21/12/2025 10:50,4897.47
21/12/2025 10:55,4672.25
21/12/2025 11:00,4916.95
21/12/2025 11:05,4773.97
21/12/2025 11:10,4762.24
21/12/2025 11:15,4765.89
21/12/2025 11:20,4740.56
21/12/2025 11:25,4605.47
21/12/2025 11:30,4739.61
21/12/2025 11:35,4535.73
21/12/2025 11:40,4652.84
21/12/2025 11:45,4639.65
21/12/2025 11:50,4451.71
21/12/2025 11:55,4629.49
21/12/2025 12:00,4549.57
21/12/2025 12:05,4527.54
21/12/2025 12:10,4577.17
21/12/2025 12:15,4541.12
21/12/2025 12:20,4472.07
21/12/2025 12:25,4433.22
21/12/2025 12:30,4558.36
21/12/2025 12:35,4433.81
21/12/2025 12:40,4558.01
21/12/2025 12:45,4544.65
21/12/2025 12:50,4479.16
21/12/2025 12:55,4546.87
21/12/2025 13:00,4537.82
21/12/2025 13:05,4435.15
21/12/2025 13:10,4474.13
21/12/2025 13:15,4439.34
21/12/2025 13:20,4353.0
21/12/2025 13:25,4484.81
21/12/2025 13:30,4455.12
21/12/2025 13:35,4238.94
21/12/2025 13:40,4278.37
21/12/2025 13:45,4485.74
21/12/2025 13:50,4420.42
21/12/2025 13:55,4518.59
21/12/2025 14:00,4469.66
21/12/2025 14:05,4497.18
21/12/2025 14:10,4297.01
21/12/2025 14:15,4336.04
21/12/2025 14:20,4401.94
21/12/2025 14:25,4455.23
21/12/2025 14:30,4343.16
21/12/2025 14:35,4373.95
21/12/2025 14:40,4302.94
21/12/2025 14:45,4468.59
21/12/2025 14:50,4317.83
21/12/2025 14:55,4454.74
21/12/2025 15:00,4333.87
21/12/2025 15:05,4416.83
21/12/2025 15:10,4477.84
21/12/2025 15:15,4461.89
21/12/2025 15:20,4598.85
21/12/2025 15:25,4408.09
21/12/2025 15:30,4568.72
21/12/2025 15:35,4450.07
21/12/2025 15:40,4424.05
21/12/2025 15:45,4490.52
21/12/2025 15:50,4579.15
21/12/2025 15:55,4663.98
21/12/2025 16:00,4606.47
21/12/2025 16:05,4466.92
21/12/2025 16:10,4547.45
21/12/2025 16:15,4550.8
21/12/2025 16:20,4765.9
21/12/2025 16:25,4661.39
21/12/2025 16:30,4705.88
21/12/2025 16:35,4687.85
21/12/2025 16:40,4726.01
21/12/2025 16:45,4657.65
21/12/2025 16:50,4761.91
21/12/2025 16:55,4717.56
21/12/2025 17:00,4803.18
21/12/2025 17:05,4859.12
21/12/2025 17:10,4761.49
21/12/2025 17:15,4817.1
21/12/2025 17:20,4993.1
21/12/2025 17:25,4871.33
21/12/2025 17:30,4825.65
21/12/2025 17:35,4907.98
21/12/2025 17:40,4907.03
21/12/2025 17:45,4962.92
21/12/2025 17:50,4696.15
21/12/2025 17:55,4911.05
21/12/2025 18:00,5545.33
21/12/2025 18:05,5428.29
21/12/2025 18:10,5365.2
21/12/2025 18:15,5494.2
21/12/2025 18:20,5615.11
21/12/2025 18:25,5550.06
21/12/2025 18:30,5496.33
21/12/2025 18:35,5667.78
21/12/2025 18:40,5596.66
21/12/2025 18:45,5654.36
21/12/2025 18:50,5712.75
21/12/2025 18:55,5637.51
21/12/2025 19:00,5695.13
21/12/2025 19:05,5686.72
21/12/2025 19:10,5813.54
21/12/2025 19:15,5893.46
21/12/2025 19:20,5689.69
21/12/2025 19:25,5736.96
21/12/2025 19:30,5684.32
21/12/2025 19:35,5789.96
21/12/2025 19:40,5631.36
21/12/2025 19:45,5777.31
21/12/2025 19:50,5749.46
21/12/2025 19:55,5710.2
21/12/2025 20:00,5673.28
21/12/2025 20:05,5682.47
21/12/2025 20:10,5727.56
21/12/2025 20:15,5550.56
21/12/2025 20:20,5757.41
21/12/2025 20:25,5648.72
21/12/2025 20:30,5572.21
21/12/2025 20:35,5627.42
21/12/2025 20:40,5678.09
21/12/2025 20:45,5283.68
21/12/2025 20:50,5408.3
21/12/2025 20:55,5231.32
21/12/2025 21:00,5028.56
21/12/2025 21:05,5126.82
21/12/2025 21:10,4970.63
21/12/2025 21:15,4930.1
21/12/2025 21:20,5029.18
21/12/2025 21:25,4793.88
21/12/2025 21:30,4805.86
21/12/2025 21:35,4751.9
21/12/2025 21:40,4840.67
21/12/2025 21:45,4757.18
21/12/2025 21:50,4711.39
21/12/2025 21:55,4665.73
21/12/2025 22:00,4550.95
21/12/2025 22:05,4448.82
21/12/2025 22:10,4468.51
21/12/2025 22:15,4517.75
21/12/2025 22:20,4369.12
21/12/2025 22:25,4369.14
21/12/2025 22:30,4383.68
21/12/2025 22:35,4151.08
21/12/2025 22:40,4224.09
21/12/2025 22:45,4223.2
21/12/2025 22:50,4110.36
21/12/2025 22:55,4184.72
21/12/2025 23:00,4082.97
21/12/2025 23:05,4034.44
21/12/2025 23:10,3962.31
21/12/2025 23:15,3857.73
21/12/2025 23:20,3927.62
21/12/2025 23:25,3999.38
21/12/2025 23:30,3744.89
21/12/2025 23:35,3729.4
21/12/2025 23:40,3647.0
21/12/2025 23:45,3783.79
21/12/2025 23:50,3791.26
21/12/2025 23:55,3687.49
22/12/2025 00:00,3929.59
22/12/2025 00:05,4006.48
22/12/2025 00:10,3760.65
22/12/2025 00:15,3680.37
22/12/2025 00:20,3818.96
22/12/2025 00:25,3756.54
22/12/2025 00:30,3536.46
22/12/2025 00:35,3703.33
22/12/2025 00:40,3623.29
22/12/2025 00:45,3795.03
22/12/2025 00:50,3617.46
22/12/2025 00:55,3540.58
22/12/2025 01:00,3622.64
22/12/2025 01:05,3484.27
22/12/2025 01:10,3342.14
22/12/2025 01:15,3492.85
22/12/2025 01:20,3522.21
22/12/2025 01:25,3525.08
22/12/2025 01:30,3567.67
22/12/2025 01:35,3529.46
22/12/2025 01:40,3342.02
22/12/2025 01:45,3310.14
22/12/2025 01:50,3401.64
22/12/2025 01:55,3502.64
22/12/2025 02:00,2931.09
22/12/2025 02:05,2996.18
22/12/2025 02:10,2841.73
22/12/2025 02:15,2892.57
22/12/2025 02:20,2946.89
22/12/2025 02:25,2943.71
22/12/2025 02:30,2918.72
22/12/2025 02:35,2834.56
22/12/2025 02:40,2891.4
22/12/2025 02:45,2990.03
22/12/2025 02:50,2880.79
22/12/2025 02:55,2994.49
22/12/2025 03:00,3086.32
22/12/2025 03:05,3043.89
22/12/2025 03:10,3109.62
22/12/2025 03:15,2931.51
22/12/2025 03:20,2877.59
22/12/2025 03:25,3077.87
22/12/2025 03:30,2913.63
22/12/2025 03:35,3007.97
22/12/2025 03:40,2987.07
22/12/2025 03:45,2932.91
22/12/2025 03:50,3215.54
22/12/2025 03:55,3014.71
22/12/2025 04:00,2849.6
22/12/2025 04:05,3048.84
22/12/2025 04:10,3010.94
22/12/2025 04:15,2826.94
22/12/2025 04:20,2828.54
22/12/2025 04:25,3064.34
22/12/2025 04:30,2882.04
22/12/2025 04:35,2865.94
22/12/2025 04:40,2958.0
22/12/2025 04:45,3028.47
22/12/2025 04:50,2780.32
22/12/2025 04:55,2975.47
22/12/2025 05:00,3148.65
22/12/2025 05:05,3170.69
22/12/2025 05:10,3331.52
22/12/2025 05:15,3394.17
22/12/2025 05:20,3268.5
22/12/2025 05:25,3469.85
22/12/2025 05:30,3335.24
22/12/2025 05:35,3533.14
22/12/2025 05:40,3472.38
22/12/2025 05:45,3514.2
22/12/2025 05:50,3516.51
22/12/2025 05:55,3605.28
22/12/2025 06:00,3494.56
22/12/2025 06:05,3556.31
22/12/2025 06:10,3497.14
22/12/2025 06:15,3694.29
22/12/2025 06:20,3736.14
22/12/2025 06:25,3572.8
22/12/2025 06:30,3833.4
22/12/2025 06:35,3803.35
22/12/2025 06:40,3794.9
22/12/2025 06:45,3989.03
22/12/2025 06:50,3804.7
22/12/2025 06:55,3975.78
22/12/2025 07:00,3936.84
22/12/2025 07:05,4121.81
22/12/2025 07:10,4150.51
22/12/2025 07:15,4118.4
22/12/2025 07:20,3972.56
22/12/2025 07:25,4279.79
22/12/2025 07:30,4402.04
22/12/2025 07:35,4159.4
22/12/2025 07:40,4375.38
22/12/2025 07:45,4545.92
22/12/2025 07:50,4467.12
22/12/2025 07:55,4518.84
22/12/2025 08:00,4433.18
22/12/2025 08:05,4445.65
22/12/2025 08:10,4701.35
22/12/2025 08:15,4658.67
22/12/2025 08:20,4711.88
22/12/2025 08:25,4705.22
22/12/2025 08:30,4743.81
22/12/2025 08:35,4875.35
22/12/2025 08:40,4711.15
22/12/2025 08:45,5000.29
22/12/2025 08:50,4819.1
22/12/2025 08:55,4823.84
22/12/2025 09:00,4931.78
22/12/2025 09:05,4860.19
22/12/2025 09:10,4833.56
22/12/2025 09:15,4954.42
22/12/2025 09:20,4734.49
22/12/2025 09:25,4946.89
22/12/2025 09:30,5039.67
22/12/2025 09:35,4954.89
22/12/2025 09:40,5026.72
22/12/2025 09:45,5090.06
22/12/2025 09:50,4993.72
22/12/2025 09:55,5228.5
22/12/2025 10:00,5106.68
22/12/2025 10:05,5115.94
22/12/2025 10:10,5115.02
22/12/2025 10:15,5174.84
22/12/2025 10:20,5097.91
22/12/2025 10:25,5135.69
22/12/2025 10:30,5108.07
22/12/2025 10:35,5154.34
22/12/2025 10:40,5109.53
22/12/2025 10:45,5110.1
22/12/2025 10:50,5029.25
22/12/2025 10:55,5041.12
22/12/2025 11:00,5129.5
22/12/2025 11:05,5065.18
22/12/2025 11:10,5112.69
22/12/2025 11:15,4995.49
22/12/2025 11:20,5031.06
22/12/2025 11:25,5068.29
22/12/2025 11:30,4983.83
22/12/2025 11:35,4908.29
22/12/2025 11:40,4991.96
22/12/2025 11:45,4897.54
22/12/2025 11:50,4878.72
22/12/2025 11:55,4883.29
22/12/2025 12:00,4767.17
22/12/2025 12:05,4761.04
22/12/2025 12:10,4883.49
22/12/2025 12:15,4875.52
22/12/2025 12:20,4706.72
22/12/2025 12:25,4705.41
22/12/2025 12:30,4681.59
22/12/2025 12:35,4720.46
22/12/2025 12:40,4889.21
22/12/2025 12:45,4627.24
22/12/2025 12:50,4706.35
22/12/2025 12:55,4916.47
22/12/2025 13:00,4672.97
22/12/2025 13:05,4750.69
22/12/2025 13:10,4791.22
22/12/2025 13:15,4492.54
22/12/2025 13:20,4750.26
22/12/2025 13:25,4778.33
22/12/2025 13:30,4603.03
22/12/2025 13:35,4742.77
22/12/2025 13:40,4702.95
22/12/2025 13:45,4623.88
22/12/2025 13:50,4664.99
22/12/2025 13:55,4703.84
22/12/2025 14:00,4561.46
22/12/2025 14:05,4656.28
22/12/2025 14:10,4607.47
22/12/2025 14:15,4726.81
22/12/2025 14:20,4626.45
22/12/2025 14:25,4484.41
22/12/2025 14:30,4749.54
22/12/2025 14:35,4625.82
22/12/2025 14:40,4741.15
22/12/2025 14:45,4616.43
22/12/2025 14:50,4693.38
22/12/2025 14:55,4485.1
22/12/2025 15:00,4671.72
22/12/2025 15:05,4624.34
22/12/2025 15:10,4740.16
22/12/2025 15:15,4523.65
22/12/2025 15:20,4696.26
22/12/2025 15:25,4830.0
22/12/2025 15:30,4696.8
22/12/2025 15:35,4855.22
22/12/2025 15:40,4754.93
22/12/2025 15:45,4624.67
22/12/2025 15:50,4856.51
22/12/2025 15:55,4862.44
22/12/2025 16:00,4834.38
22/12/2025 16:05,4698.17
22/12/2025 16:10,4940.23
22/12/2025 16:15,4889.13
22/12/2025 16:20,4880.38
22/12/2025 16:25,4996.75
22/12/2025 16:30,4756.09
22/12/2025 16:35,4867.57
22/12/2025 16:40,4979.38
22/12/2025 16:45,4918.62
22/12/2025 16:50,5029.18
22/12/2025 16:55,4934.31
22/12/2025 17:00,5130.87
22/12/2025 17:05,5027.21
22/12/2025 17:10,5160.93
22/12/2025 17:15,5160.94
22/12/2025 17:20,5119.11
22/12/2025 17:25,5054.21
22/12/2025 17:30,5067.61
22/12/2025 17:35,5107.74
22/12/2025 17:40,5002.36
22/12/2025 17:45,4922.72
22/12/2025 17:50,5192.04
22/12/2025 17:55,5075.38
22/12/2025 18:00,5605.88
22/12/2025 18:05,5648.01
22/12/2025 18:10,5726.79
22/12/2025 18:15,5679.92
22/12/2025 18:20,5765.25
22/12/2025 18:25,5793.67
22/12/2025 18:30,5849.31
22/12/2025 18:35,5831.81
22/12/2025 18:40,5827.76
22/12/2025 18:45,6025.12
22/12/2025 18:50,5971.99
22/12/2025 18:55,6029.11
22/12/2025 19:00,6062.39
22/12/2025 19:05,6082.5
22/12/2025 19:10,5865.07
22/12/2025 19:15,5993.88
22/12/2025 19:20,6061.09
22/12/2025 19:25,5866.87
22/12/2025 19:30,6061.25
22/12/2025 19:35,5996.55
22/12/2025 19:40,6062.18
22/12/2025 19:45,5856.2
22/12/2025 19:50,5953.31
22/12/2025 19:55,6040.52
22/12/2025 20:00,6067.24
22/12/2025 20:05,5962.7
22/12/2025 20:10,5891.36
22/12/2025 20:15,5970.14
22/12/2025 20:20,5834.93
22/12/2025 20:25,5817.63
22/12/2025 20:30,5866.87
22/12/2025 20:35,5821.91
22/12/2025 20:40,5862.87
22/12/2025 20:45,5696.53
22/12/2025 20:50,5607.11
22/12/2025 20:55,5793.55
22/12/2025 21:00,5333.98
22/12/2025 21:05,5440.17
22/12/2025 21:10,5330.39
22/12/2025 21:15,5287.47
22/12/2025 21:20,5182.41
22/12/2025 21:25,5219.19
22/12/2025 21:30,5136.12
22/12/2025 21:35,5035.25
22/12/2025 21:40,4905.33
22/12/2025 21:45,5042.19
22/12/2025 21:50,4979.07
22/12/2025 21:55,4808.8
22/12/2025 22:00,4911.63
22/12/2025 22:05,4704.4
22/12/2025 22:10,4746.56
22/12/2025 22:15,4772.51
22/12/2025 22:20,4742.5
22/12/2025 22:25,4639.62
22/12/2025 22:30,4665.9
22/12/2025 22:35,4516.31
22/12/2025 22:40,4535.27
22/12/2025 22:45,4573.92
22/12/2025 22:50,4472.55
22/12/2025 22:55,4479.34
22/12/2025 23:00,4349.09
22/12/2025 23:05,4299.85
22/12/2025 23:10,4234.03
22/12/2025 23:15,4303.26
22/12/2025 23:20,4115.19
22/12/2025 23:25,4065.68
22/12/2025 23:30,4034.14
22/12/2025 23:35,4136.07
22/12/2025 23:40,4208.78
22/12/2025 23:45,3921.31
22/12/2025 23:50,3911.02
22/12/2025 23:55,3810.16
23/12/2025 00:00,3742.12
23/12/2025 00:05,3784.5
23/12/2025 00:10,3700.3
23/12/2025 00:15,3654.64
23/12/2025 00:20,3667.96
23/12/2025 00:25,3741.6
23/12/2025 00:30,3777.44
23/12/2025 00:35,3645.29
23/12/2025 00:40,3671.4
23/12/2025 00:45,3650.34
23/12/2025 00:50,3626.44
23/12/2025 00:55,3598.12
23/12/2025 01:00,3532.72
23/12/2025 01:05,3527.67
23/12/2025 01:10,3523.86
23/12/2025 01:15,3530.8
23/12/2025 01:20,3619.13
23/12/2025 01:25,3609.52
23/12/2025 01:30,3589.67
23/12/2025 01:35,3470.28
23/12/2025 01:40,3373.38
23/12/2025 01:45,3323.57
23/12/2025 01:50,3385.58
23/12/2025 01:55,3410.79
23/12/2025 02:00,2953.61
23/12/2025 02:05,3077.31
23/12/2025 02:10,2890.66
23/12/2025 02:15,2986.42
23/12/2025 02:20,2851.43
23/12/2025 02:25,3090.93
23/12/2025 02:30,2854.37
23/12/2025 02:35,2821.5
23/12/2025 02:40,3105.24
23/12/2025 02:45,2732.02
23/12/2025 02:50,3073.67
23/12/2025 02:55,2835.68
23/12/2025 03:00,2851.29
23/12/2025 03:05,2941.05
23/12/2025 03:10,2873.2
23/12/2025 03:15,2877.54
23/12/2025 03:20,2822.76
23/12/2025 03:25,2937.18
23/12/2025 03:30,3039.17
23/12/2025 03:35,2972.3
23/12/2025 03:40,2793.64
23/12/2025 03:45,3019.08
23/12/2025 03:50,2872.22
23/12/2025 03:55,2804.7
23/12/2025 04:00,2745.58
23/12/2025 04:05,2769.05
23/12/2025 04:10,2939.69
23/12/2025 04:15,2908.24
23/12/2025 04:20,2950.79
23/12/2025 04:25,2987.67
23/12/2025 04:30,3008.39
23/12/2025 04:35,3023.19
23/12/2025 04:40,2945.88
23/12/2025 04:45,2843.17
23/12/2025 04:50,2838.87
23/12/2025 04:55,3023.04
23/12/2025 05:00,3076.38
23/12/2025 05:05,3182.05
23/12/2025 05:10,3326.81
23/12/2025 05:15,3466.15
23/12/2025 05:20,3346.93
23/12/2025 05:25,3349.77
23/12/2025 05:30,3446.18
23/12/2025 05:35,3441.6
23/12/2025 05:40,3498.41
23/12/2025 05:45,3579.66
23/12/2025 05:50,3503.93
23/12/2025 05:55,3597.79
23/12/2025 06:00,3478.23
23/12/2025 06:05,3718.57
23/12/2025 06:10,3620.14
23/12/2025 06:15,3591.22
23/12/2025 06:20,3776.73
23/12/2025 06:25,3716.22
23/12/2025 06:30,3673.26
23/12/2025 06:35,3751.28
23/12/2025 06:40,3928.07
23/12/2025 06:45,3886.19
23/12/2025 06:50,3877.68
23/12/2025 06:55,3866.25
23/12/2025 07:00,4108.7
23/12/2025 07:05,3854.75
23/12/2025 07:10,4168.46
23/12/2025 07:15,4105.35
23/12/2025 07:20,4144.75
23/12/2025 07:25,4234.38
23/12/2025 07:30,4304.82
23/12/2025 07:35,4364.36
23/12/2025 07:40,4317.21
23/12/2025 07:45,4426.39
23/12/2025 07:50,4374.79
23/12/2025 07:55,4659.58
23/12/2025 08:00,4460.48
23/12/2025 08:05,4507.75
23/12/2025 08:10,4540.95
23/12/2025 08:15,4673.51
23/12/2025 08:20,4600.28
23/12/2025 08:25,4802.37
23/12/2025 08:30,4824.92
23/12/2025 08:35,4795.18
23/12/2025 08:40,5002.47
23/12/2025 08:45,4915.64
23/12/2025 08:50,5002.1
23/12/2025 08:55,5058.56
23/12/2025 09:00,4978.33
23/12/2025 09:05,4929.29
23/12/2025 09:10,4802.97
23/12/2025 09:15,4773.59
23/12/2025 09:20,5006.63
23/12/2025 09:25,4916.77
23/12/2025 09:30,4834.37
23/12/2025 09:35,5083.28
23/12/2025 09:40,4997.48
23/12/2025 09:45,4872.07
23/12/2025 09:50,5224.03
23/12/2025 09:55,5083.29
23/12/2025 10:00,4990.93
23/12/2025 10:05,5035.37
23/12/2025 10:10,5095.51
23/12/2025 10:15,5108.34
23/12/2025 10:20,5157.32
23/12/2025 10:25,5173.34
23/12/2025 10:30,5127.37
23/12/2025 10:35,5157.13
23/12/2025 10:40,4975.12
23/12/2025 10:45,5129.39
23/12/2025 10:50,5100.52
23/12/2025 10:55,5070.8
23/12/2025 11:00,5069.52
23/12/2025 11:05,5049.92
23/12/2025 11:10,4924.22
23/12/2025 11:15,5129.97
23/12/2025 11:20,5007.38
23/12/2025 11:25,4935.87
23/12/2025 11:30,4934.49
23/12/2025 11:35,5028.07
23/12/2025 11:40,4952.33
23/12/2025 11:45,4902.23
23/12/2025 11:50,4952.42
23/12/2025 11:55,4852.48
23/12/2025 12:00,4752.99
23/12/2025 12:05,4745.89
23/12/2025 12:10,4807.19
23/12/2025 12:15,4746.01
23/12/2025 12:20,4756.12
23/12/2025 12:25,4631.22
23/12/2025 12:30,4850.36
23/12/2025 12:35,4848.51
23/12/2025 12:40,4752.42
23/12/2025 12:45,4723.84
23/12/2025 12:50,4860.66
23/12/2025 12:55,4738.36
23/12/2025 13:00,4730.29
23/12/2025 13:05,4728.53
23/12/2025 13:10,4779.85
23/12/2025 13:15,4645.61
23/12/2025 13:20,4791.64
23/12/2025 13:25,4759.2
23/12/2025 13:30,4677.92
23/12/2025 13:35,4708.88
23/12/2025 13:40,4807.28
23/12/2025 13:45,4692.14
23/12/2025 13:50,4728.82
23/12/2025 13:55,4755.67
23/12/2025 14:00,4801.76
23/12/2025 14:05,4734.96
23/12/2025 14:10,4664.45
23/12/2025 14:15,4728.08
23/12/2025 14:20,4630.96
23/12/2025 14:25,4615.4
23/12/2025 14:30,4696.01
23/12/2025 14:35,4563.83
23/12/2025 14:40,4647.8
23/12/2025 14:45,4662.19
23/12/2025 14:50,4541.94
23/12/2025 14:55,4588.68
23/12/2025 15:00,4766.76
23/12/2025 15:05,4529.29
23/12/2025 15:10,4728.48
23/12/2025 15:15,4637.39
23/12/2025 15:20,4846.68
23/12/2025 15:25,4797.05
23/12/2025 15:30,4643.87
23/12/2025 15:35,4628.05
23/12/2025 15:40,4817.25
23/12/2025 15:45,4951.26
23/12/2025 15:50,4782.94
23/12/2025 15:55,4913.04
23/12/2025 16:00,4759.81
23/12/2025 16:05,4861.01
23/12/2025 16:10,4902.61
23/12/2025 16:15,4886.33
23/12/2025 16:20,4878.85
23/12/2025 16:25,4969.05
23/12/2025 16:30,5018.46
23/12/2025 16:35,4909.45
23/12/2025 16:40,4831.28
23/12/2025 16:45,4935.64
23/12/2025 16:50,4962.25
23/12/2025 16:55,5109.09
23/12/2025 17:00,5059.1
23/12/2025 17:05,4940.71
23/12/2025 17:10,5114.15
23/12/2025 17:15,5074.32
23/12/2025 17:20,5051.29
23/12/2025 17:25,5158.19
23/12/2025 17:30,4861.23
23/12/2025 17:35,5099.89
23/12/2025 17:40,5101.44
23/12/2025 17:45,5033.78
23/12/2025 17:50,5112.33
23/12/2025 17:55,5154.97
23/12/2025 18:00,5575.39
23/12/2025 18:05,5653.79
23/12/2025 18:10,5846.4
23/12/2025 18:15,5756.97
23/12/2025 18:20,5717.13
23/12/2025 18:25,5713.0
23/12/2025 18:30,5879.46
23/12/2025 18:35,5850.49
23/12/2025 18:40,5840.63
23/12/2025 18:45,5798.78
23/12/2025 18:50,5895.6
23/12/2025 18:55,6060.38
23/12/2025 19:00,6041.3
23/12/2025 19:05,5884.37
23/12/2025 19:10,6040.32
23/12/2025 19:15,5916.96
23/12/2025 19:20,6017.33
23/12/2025 19:25,6072.29
23/12/2025 19:30,5966.47
23/12/2025 19:35,5959.56
23/12/2025 19:40,6214.49
23/12/2025 19:45,5957.12
23/12/2025 19:50,6014.04
23/12/2025 19:55,5907.45
23/12/2025 20:00,5835.73
23/12/2025 20:05,5998.96
23/12/2025 20:10,5962.53
23/12/2025 20:15,5761.55
23/12/2025 20:20,5878.7
23/12/2025 20:25,5885.52
23/12/2025 20:30,6076.42
23/12/2025 20:35,5863.02
23/12/2025 20:40,5725.1
23/12/2025 20:45,5753.84
23/12/2025 20:50,5826.58
23/12/2025 20:55,5843.88
23/12/2025 21:00,5212.04
23/12/2025 21:05,5277.23
23/12/2025 21:10,5374.6
23/12/2025 21:15,5367.46
23/12/2025 21:20,5098.79
23/12/2025 21:25,4832.1
23/12/2025 21:30,5152.05
23/12/2025 21:35,5002.57
23/12/2025 21:40,4949.79
23/12/2025 21:45,5027.0
23/12/2025 21:50,4888.91
23/12/2025 21:55,5002.41
23/12/2025 22:00,4707.52
23/12/2025 22:05,4757.66
23/12/2025 22:10,4847.93
23/12/2025 22:15,4535.38
23/12/2025 22:20,4660.46
23/12/2025 22:25,4648.37
23/12/2025 22:30,4572.48
23/12/2025 22:35,4408.48
23/12/2025 22:40,4479.07
23/12/2025 22:45,4580.54
23/12/2025 22:50,4419.44
23/12/2025 22:55,4404.42
23/12/2025 23:00,4432.78
23/12/2025 23:05,4282.27
23/12/2025 23:10,4224.56
23/12/2025 23:15,4233.29
23/12/2025 23:20,4180.82
23/12/2025 23:25,4278.1
23/12/2025 23:30,4137.21
23/12/2025 23:35,4037.58
23/12/2025 23:40,3890.51
23/12/2025 23:45,4015.56
23/12/2025 23:50,3923.18
23/12/2025 23:55,3948.61
24/12/2025 00:00,3870.72
24/12/2025 00:05,3770.47
24/12/2025 00:10,3753.01
24/12/2025 00:15,3760.77
24/12/2025 00:20,3754.01
24/12/2025 00:25,3719.36
24/12/2025 00:30,3672.31
24/12/2025 00:35,3784.81
24/12/2025 00:40,3536.39
24/12/2025 00:45,3491.73
24/12/2025 00:50,3628.23
24/12/2025 00:55,3676.99
24/12/2025 01:00,3636.66
24/12/2025 01:05,3580.5
24/12/2025 01:10,3568.54
24/12/2025 01:15,3465.53
24/12/2025 01:20,3430.29
24/12/2025 01:25,3520.35
24/12/2025 01:30,3419.6
24/12/2025 01:35,3471.0
24/12/2025 01:40,3417.46
24/12/2025 01:45,3519.12
24/12/2025 01:50,3222.28
24/12/2025 01:55,3489.81
24/12/2025 02:00,2935.51
24/12/2025 02:05,3060.28
24/12/2025 02:10,2931.23
24/12/2025 02:15,2873.56
24/12/2025 02:20,2759.28
24/12/2025 02:25,2889.42
24/12/2025 02:30,2906.79
24/12/2025 02:35,2870.39
24/12/2025 02:40,2856.52
24/12/2025 02:45,3012.23
24/12/2025 02:50,2929.62
24/12/2025 02:55,2959.39
24/12/2025 03:00,3001.89
24/12/2025 03:05,2815.51
24/12/2025 03:10,2984.27
24/12/2025 03:15,2994.33
24/12/2025 03:20,2999.14
24/12/2025 03:25,3016.71
24/12/2025 03:30,2921.0
24/12/2025 03:35,2731.57
24/12/2025 03:40,2849.84
24/12/2025 03:45,2866.89
24/12/2025 03:50,2816.73
24/12/2025 03:55,2829.79
24/12/2025 04:00,2935.29
24/12/2025 04:05,2819.99
24/12/2025 04:10,2807.36
24/12/2025 04:15,2854.44
24/12/2025 04:20,2784.87
24/12/2025 04:25,3112.77
24/12/2025 04:30,2751.96
24/12/2025 04:35,2955.41
24/12/2025 04:40,3006.64
24/12/2025 04:45,2900.22
24/12/2025 04:50,3001.48
24/12/2025 04:55,2921.77
24/12/2025 05:00,3117.02
24/12/2025 05:05,3252.02
24/12/2025 05:10,3097.08
24/12/2025 05:15,3243.91
24/12/2025 05:20,3354.39
24/12/2025 05:25,3185.16
24/12/2025 05:30,3325.99
24/12/2025 05:35,3444.36
24/12/2025 05:40,3525.78
24/12/2025 05:45,3478.6
24/12/2025 05:50,3742.73
24/12/2025 05:55,3428.72
24/12/2025 06:00,3685.18
24/12/2025 06:05,3461.06
24/12/2025 06:10,3691.18
24/12/2025 06:15,3546.16
24/12/2025 06:20,3787.88
24/12/2025 06:25,3579.0
24/12/2025 06:30,3790.97
24/12/2025 06:35,3761.38
24/12/2025 06:40,3796.72
24/12/2025 06:45,3910.95
24/12/2025 06:50,3923.67
24/12/2025 06:55,3893.54
24/12/2025 07:00,4077.37
24/12/2025 07:05,4146.56
24/12/2025 07:10,4060.47
24/12/2025 07:15,4042.76
24/12/2025 07:20,3980.14
24/12/2025 07:25,4137.97
24/12/2025 07:30,4106.08
24/12/2025 07:35,4360.68
24/12/2025 07:40,4492.01
24/12/2025 07:45,4432.01
24/12/2025 07:50,4426.84
24/12/2025 07:55,4464.26
24/12/2025 08:00,4512.58
24/12/2025 08:05,4576.08
24/12/2025 08:10,4575.26
24/12/2025 08:15,4700.99
24/12/2025 08:20,4813.46
24/12/2025 08:25,4761.9
24/12/2025 08:30,4665.43
24/12/2025 08:35,4931.2
24/12/2025 08:40,4798.89
24/12/2025 08:45,4927.79
24/12/2025 08:50,4934.58
24/12/2025 08:55,5070.66
24/12/2025 09:00,4924.35
24/12/2025 09:05,4916.51
24/12/2025 09:10,4964.97
24/12/2025 09:15,4879.05
24/12/2025 09:20,4949.43
24/12/2025 09:25,4955.71
24/12/2025 09:30,4954.22
24/12/2025 09:35,5058.86
24/12/2025 09:40,4995.67
24/12/2025 09:45,5062.41
24/12/2025 09:50,4952.31
24/12/2025 09:55,5144.7
24/12/2025 10:00,4955.6
24/12/2025 10:05,5101.41
24/12/2025 10:10,5091.36
24/12/2025 10:15,5024.08
24/12/2025 10:20,5090.91
24/12/2025 10:25,5064.8
24/12/2025 10:30,4840.44
24/12/2025 10:35,5096.66
24/12/2025 10:40,5055.86
24/12/2025 10:45,5075.81
24/12/2025 10:50,5199.22
24/12/2025 10:55,5034.62
24/12/2025 11:00,5061.38
24/12/2025 11:05,5141.48
24/12/2025 11:10,4963.68
24/12/2025 11:15,4935.72
24/12/2025 11:20,5123.72
24/12/2025 11:25,4931.73
24/12/2025 11:30,5017.3
24/12/2025 11:35,4862.22
24/12/2025 11:40,4950.15
24/12/2025 11:45,5011.01
24/12/2025 11:50,4867.12
24/12/2025 11:55,4869.65
24/12/2025 12:00,4699.36
24/12/2025 12:05,4769.14
24/12/2025 12:10,4858.3
24/12/2025 12:15,4777.66
24/12/2025 12:20,4882.6
24/12/2025 12:25,4721.33
24/12/2025 12:30,4885.87
24/12/2025 12:35,4880.58
24/12/2025 12:40,4960.25
24/12/2025 12:45,4710.36
24/12/2025 12:50,4871.73
24/12/2025 12:55,4832.46
24/12/2025 13:00,4817.61
24/12/2025 13:05,4676.79
24/12/2025 13:10,4665.08
24/12/2025 13:15,4920.82
24/12/2025 13:20,4832.74
24/12/2025 13:25,4701.22
24/12/2025 13:30,4587.07
24/12/2025 13:35,4710.15
24/12/2025 13:40,4719.33
24/12/2025 13:45,4791.34
24/12/2025 13:50,4618.1
24/12/2025 13:55,4560.71
24/12/2025 14:00,4715.11
24/12/2025 14:05,4615.41
24/12/2025 14:10,4813.35
24/12/2025 14:15,4542.43
24/12/2025 14:20,4687.75
24/12/2025 14:25,4624.76
24/12/2025 14:30,4623.27
24/12/2025 14:35,4649.25
24/12/2025 14:40,4561.0
24/12/2025 14:45,4589.58
24/12/2025 14:50,4728.55
24/12/2025 14:55,4653.64
24/12/2025 15:00,4626.89
24/12/2025 15:05,4697.24
24/12/2025 15:10,4800.63
24/12/2025 15:15,4744.7
24/12/2025 15:20,4679.02
24/12/2025 15:25,4818.19
24/12/2025 15:30,4748.49
24/12/2025 15:35,4594.59
24/12/2025 15:40,4702.18
24/12/2025 15:45,4826.05
24/12/2025 15:50,4847.33
24/12/2025 15:55,4897.47
24/12/2025 16:00,4820.43
24/12/2025 16:05,4751.58
24/12/2025 16:10,4824.41
24/12/2025 16:15,4759.58
24/12/2025 16:20,5025.25
24/12/2025 16:25,5000.48
24/12/2025 16:30,4783.82
24/12/2025 16:35,4789.82
24/12/2025 16:40,4906.99
24/12/2025 16:45,4760.78
24/12/2025 16:50,4992.43
24/12/2025 16:55,4913.35
24/12/2025 17:00,5127.3
24/12/2025 17:05,4865.41
24/12/2025 17:10,5146.84
24/12/2025 17:15,4935.96
24/12/2025 17:20,5069.32
24/12/2025 17:25,5100.92
24/12/2025 17:30,5052.59
24/12/2025 17:35,5173.6
24/12/2025 17:40,4985.99
24/12/2025 17:45,5120.11
24/12/2025 17:50,5137.94
24/12/2025 17:55,5103.04
24/12/2025 18:00,5595.69
24/12/2025 18:05,5735.77
24/12/2025 18:10,5843.73
24/12/2025 18:15,5691.55
24/12/2025 18:20,5783.78
24/12/2025 18:25,5895.94
24/12/2025 18:30,5749.73
24/12/2025 18:35,5858.48
24/12/2025 18:40,5816.93
24/12/2025 18:45,5889.82
24/12/2025 18:50,5873.65
24/12/2025 18:55,5991.02
24/12/2025 19:00,5931.62
24/12/2025 19:05,6026.82
24/12/2025 19:10,6019.34
24/12/2025 19:15,6092.42
24/12/2025 19:20,6095.77
24/12/2025 19:25,5971.24
24/12/2025 19:30,5971.72
24/12/2025 19:35,6045.96
24/12/2025 19:40,5997.36
24/12/2025 19:45,5979.72
24/12/2025 19:50,5960.2
24/12/2025 19:55,5848.69
24/12/2025 20:00,5913.86
24/12/2025 20:05,5981.08
24/12/2025 20:10,5944.86
24/12/2025 20:15,6104.85
24/12/2025 20:20,6055.31
24/12/2025 20:25,5826.81
24/12/2025 20:30,5883.08
24/12/2025 20:35,5723.47
24/12/2025 20:40,5774.48
24/12/2025 20:45,5764.45
24/12/2025 20:50,5612.45
24/12/2025 20:55,5646.38
24/12/2025 21:00,5411.13
24/12/2025 21:05,5338.86
24/12/2025 21:10,5274.03
24/12/2025 21:15,5208.67
24/12/2025 21:20,5191.45
24/12/2025 21:25,5098.1
24/12/2025 21:30,4983.52
24/12/2025 21:35,5015.86
24/12/2025 21:40,4987.37
24/12/2025 21:45,5017.96
24/12/2025 21:50,4825.9
24/12/2025 21:55,4892.54
24/12/2025 22:00,4849.64
24/12/2025 22:05,4805.07
24/12/2025 22:10,4810.83
24/12/2025 22:15,4748.4
24/12/2025 22:20,4617.11
24/12/2025 22:25,4611.69
24/12/2025 22:30,4612.24
24/12/2025 22:35,4566.09
24/12/2025 22:40,4432.09
24/12/2025 22:45,4450.46
24/12/2025 22:50,4419.03
24/12/2025 22:55,4385.92
24/12/2025 23:00,4415.01
24/12/2025 23:05,4260.47
24/12/2025 23:10,4270.42
24/12/2025 23:15,4362.13
24/12/2025 23:20,4121.71
24/12/2025 23:25,4110.45
24/12/2025 23:30,4077.78
24/12/2025 23:35,3834.77
24/12/2025 23:40,4035.43
24/12/2025 23:45,4054.05
24/12/2025 23:50,3846.91
24/12/2025 23:55,3754.59
25/12/2025 00:00,3706.6
25/12/2025 00:05,3898.14
25/12/2025 00:10,3626.83
25/12/2025 00:15,3652.65
25/12/2025 00:20,3625.21
25/12/2025 00:25,3661.56
25/12/2025 00:30,3725.18
25/12/2025 00:35,3736.96
25/12/2025 00:40,3594.23
25/12/2025 00:45,3660.57
25/12/2025 00:50,3611.59
25/12/2025 00:55,3659.87
25/12/2025 01:00,3547.49
25/12/2025 01:05,3620.26
25/12/2025 01:10,3426.07
25/12/2025 01:15,3483.05
25/12/2025 01:20,3568.25
25/12/2025 01:25,3497.53
25/12/2025 01:30,3400.96
25/12/2025 01:35,3557.38
25/12/2025 01:40,3414.84
25/12/2025 01:45,3532.77
25/12/2025 01:50,3358.6
25/12/2025 01:55,3294.31
25/12/2025 02:00,3060.23
25/12/2025 02:05,2773.59
25/12/2025 02:10,3036.3
25/12/2025 02:15,2851.92
25/12/2025 02:20,3047.55
25/12/2025 02:25,2978.78
25/12/2025 02:30,2978.88
25/12/2025 02:35,3129.26
25/12/2025 02:40,2930.3
25/12/2025 02:45,2917.54
25/12/2025 02:50,3006.65
25/12/2025 02:55,2939.91
25/12/2025 03:00,2962.41
25/12/2025 03:05,2850.4
25/12/2025 03:10,3017.53
25/12/2025 03:15,2905.53
25/12/2025 03:20,2982.55
25/12/2025 03:25,2838.06
25/12/2025 03:30,3025.67
25/12/2025 03:35,2970.33
25/12/2025 03:40,2926.38
25/12/2025 03:45,2946.99
25/12/2025 03:50,3043.42
25/12/2025 03:55,2977.47
25/12/2025 04:00,2983.39
25/12/2025 04:05,3048.82
25/12/2025 04:10,2846.67
25/12/2025 04:15,2946.88
25/12/2025 04:20,3066.99
25/12/2025 04:25,3040.51
25/12/2025 04:30,2963.46
25/12/2025 04:35,2996.53
25/12/2025 04:40,2914.87
25/12/2025 04:45,2950.57
25/12/2025 04:50,3082.72
25/12/2025 04:55,2966.68
25/12/2025 05:00,3157.43
25/12/2025 05:05,3176.65
25/12/2025 05:10,3304.85
25/12/2025 05:15,3452.41
25/12/2025 05:20,3306.69
25/12/2025 05:25,3198.38
25/12/2025 05:30,3521.78
25/12/2025 05:35,3398.67
25/12/2025 05:40,3456.01
25/12/2025 05:45,3398.49
25/12/2025 05:50,3557.3
25/12/2025 05:55,3536.74
25/12/2025 06:00,3532.54
25/12/2025 06:05,3597.4
25/12/2025 06:10,3601.09
25/12/2025 06:15,3539.92
25/12/2025 06:20,3643.53
25/12/2025 06:25,3763.3
25/12/2025 06:30,3752.95
25/12/2025 06:35,3735.83
25/12/2025 06:40,3822.46
25/12/2025 06:45,3893.73
25/12/2025 06:50,3809.63
25/12/2025 06:55,4055.71
25/12/2025 07:00,3841.28
25/12/2025 07:05,3855.89
25/12/2025 07:10,4177.76
25/12/2025 07:15,4128.12
25/12/2025 07:20,4086.62
25/12/2025 07:25,4257.27
25/12/2025 07:30,4282.73
25/12/2025 07:35,4243.53
25/12/2025 07:40,4257.96
25/12/2025 07:45,4487.65
25/12/2025 07:50,4433.06
25/12/2025 07:55,4419.26
25/12/2025 08:00,4584.01
25/12/2025 08:05,4489.88
25/12/2025 08:10,4550.23
25/12/2025 08:15,4703.08
25/12/2025 08:20,4621.66
25/12/2025 08:25,4678.01
25/12/2025 08:30,4754.27
25/12/2025 08:35,4833.03
25/12/2025 08:40,4798.49
25/12/2025 08:45,4920.29
25/12/2025 08:50,4895.4
25/12/2025 08:55,5108.19
25/12/2025 09:00,4818.79
25/12/2025 09:05,4973.02
25/12/2025 09:10,4823.9
25/12/2025 09:15,4830.3
25/12/2025 09:20,4975.72
25/12/2025 09:25,4954.7
25/12/2025 09:30,4967.58
25/12/2025 09:35,4922.79
25/12/2025 09:40,5091.64
25/12/2025 09:45,4948.64
25/12/2025 09:50,5161.98
25/12/2025 09:55,5061.82
25/12/2025 10:00,5194.04
25/12/2025 10:05,4949.77
25/12/2025 10:10,5099.59
25/12/2025 10:15,5115.6
25/12/2025 10:20,5159.66
25/12/2025 10:25,5112.55
25/12/2025 10:30,5030.92
25/12/2025 10:35,5146.83
25/12/2025 10:40,5116.31
25/12/2025 10:45,5115.88
25/12/2025 10:50,5090.1
25/12/2025 10:55,5054.32
25/12/2025 11:00,4921.75
25/12/2025 11:05,5032.51
25/12/2025 11:10,5106.13
25/12/2025 11:15,5129.39
25/12/2025 11:20,5061.15
25/12/2025 11:25,4895.56
25/12/2025 11:30,5067.65
25/12/2025 11:35,5003.57
25/12/2025 11:40,4826.54
25/12/2025 11:45,4786.43
25/12/2025 11:50,4893.68
25/12/2025 11:55,4879.82
25/12/2025 12:00,4866.5
25/12/2025 12:05,4793.65
25/12/2025 12:10,4803.23
25/12/2025 12:15,4772.67
25/12/2025 12:20,4770.98
25/12/2025 12:25,4761.72
25/12/2025 12:30,4705.99
25/12/2025 12:35,4739.62
25/12/2025 12:40,4810.12
25/12/2025 12:45,4728.31
25/12/2025 12:50,4838.87
25/12/2025 12:55,4808.21
25/12/2025 13:00,4707.54
25/12/2025 13:05,4617.39
25/12/2025 13:10,4660.29
25/12/2025 13:15,4617.27
25/12/2025 13:20,4684.34
25/12/2025 13:25,4653.63
25/12/2025 13:30,4628.72
25/12/2025 13:35,4790.07
25/12/2025 13:40,4622.05
25/12/2025 13:45,4644.53
25/12/2025 13:50,4681.22
25/12/2025 13:55,4573.69
25/12/2025 14:00,4675.77
25/12/2025 14:05,4655.27
25/12/2025 14:10,4668.02
25/12/2025 14:15,4629.73
25/12/2025 14:20,4641.5
25/12/2025 14:25,4672.01
25/12/2025 14:30,4524.07
25/12/2025 14:35,4574.13
25/12/2025 14:40,4496.4
25/12/2025 14:45,4638.85
25/12/2025 14:50,4717.47
25/12/2025 14:55,4525.77
25/12/2025 15:00,4643.47
25/12/2025 15:05,4599.04
25/12/2025 15:10,4674.62
25/12/2025 15:15,4667.59
25/12/2025 15:20,4704.89
25/12/2025 15:25,4817.51
25/12/2025 15:30,4845.18
25/12/2025 15:35,4731.17
25/12/2025 15:40,4810.44
25/12/2025 15:45,4842.74
25/12/2025 15:50,4749.2
25/12/2025 15:55,4781.02
25/12/2025 16:00,4826.79
25/12/2025 16:05,4869.1
25/12/2025 16:10,4855.89
25/12/2025 16:15,4888.12
25/12/2025 16:20,4910.37
25/12/2025 16:25,4992.91
25/12/2025 16:30,4960.64
25/12/2025 16:35,4838.24
25/12/2025 16:40,4996.78
25/12/2025 16:45,4987.01
25/12/2025 16:50,4967.03
25/12/2025 16:55,5017.35
25/12/2025 17:00,4934.37
25/12/2025 17:05,5128.63
25/12/2025 17:10,5012.17
25/12/2025 17:15,5123.32
25/12/2025 17:20,5153.22
25/12/2025 17:25,5005.24
25/12/2025 17:30,5055.57
25/12/2025 17:35,5114.57
25/12/2025 17:40,5202.29
25/12/2025 17:45,5131.17
25/12/2025 17:50,5173.31
25/12/2025 17:55,5188.5
25/12/2025 18:00,5553.77
25/12/2025 18:05,5659.05
25/12/2025 18:10,5704.26
25/12/2025 18:15,5677.92
25/12/2025 18:20,5857.39
25/12/2025 18:25,5723.89
25/12/2025 18:30,5784.22
25/12/2025 18:35,5754.3
25/12/2025 18:40,6132.33
25/12/2025 18:45,5893.55
25/12/2025 18:50,5898.0
25/12/2025 18:55,6022.11
25/12/2025 19:00,6009.24
25/12/2025 19:05,6008.52
25/12/2025 19:10,5883.53
25/12/2025 19:15,5845.04
25/12/2025 19:20,5985.74
25/12/2025 19:25,5985.73
25/12/2025 19:30,5948.7
25/12/2025 19:35,6202.93
25/12/2025 19:40,6094.46
25/12/2025 19:45,6002.92
25/12/2025 19:50,5921.13
25/12/2025 19:55,5883.79
25/12/2025 20:00,5980.43
25/12/2025 20:05,5846.69
25/12/2025 20:10,5982.68
25/12/2025 20:15,5902.27
25/12/2025 20:20,6004.37
25/12/2025 20:25,5875.29
25/12/2025 20:30,5805.79
25/12/2025 20:35,5662.87
25/12/2025 20:40,5780.96
25/12/2025 20:45,5843.73
25/12/2025 20:50,5652.54
25/12/2025 20:55,5638.77
25/12/2025 21:00,5366.12
25/12/2025 21:05,5363.1
25/12/2025 21:10,5173.54
25/12/2025 21:15,5222.68
25/12/2025 21:20,5139.15
25/12/2025 21:25,5110.94
25/12/2025 21:30,5120.97
25/12/2025 21:35,5179.62
25/12/2025 21:40,4881.16
25/12/2025 21:45,4958.22
25/12/2025 21:50,5023.05
25/12/2025 21:55,5086.75
25/12/2025 22:00,4767.0
25/12/2025 22:05,4852.45
25/12/2025 22:10,4875.18
25/12/2025 22:15,4771.57
25/12/2025 22:20,4607.66
25/12/2025 22:25,4605.14
25/12/2025 22:30,4631.36
25/12/2025 22:35,4538.5
25/12/2025 22:40,4445.07
25/12/2025 22:45,4351.63
25/12/2025 22:50,4388.36
25/12/2025 22:55,4451.14
25/12/2025 23:00,4310.01
25/12/2025 23:05,4475.79
25/12/2025 23:10,4358.0
25/12/2025 23:15,4256.6
25/12/2025 23:20,4183.85
25/12/2025 23:25,4138.98
25/12/2025 23:30,4154.06
25/12/2025 23:35,4181.43
25/12/2025 23:40,4084.58
25/12/2025 23:45,3917.97
25/12/2025 23:50,3946.5
25/12/2025 23:55,3842.12
26/12/2025 00:00,3873.99
26/12/2025 00:05,3634.78
26/12/2025 00:10,3833.53
26/12/2025 00:15,3809.37
26/12/2025 00:20,3719.7
26/12/2025 00:25,3635.32
26/12/2025 00:30,3592.24
26/12/2025 00:35,3563.26
26/12/2025 00:40,3684.6
26/12/2025 00:45,3627.07
26/12/2025 00:50,3533.63
26/12/2025 00:55,3572.6
26/12/2025 01:00,3481.26
26/12/2025 01:05,3553.41
26/12/2025 01:10,3710.23
26/12/2025 01:15,3563.82
26/12/2025 01:20,3602.67
26/12/2025 01:25,3366.4
26/12/2025 01:30,3392.49
26/12/2025 01:35,3467.53
26/12/2025 01:40,3433.15
26/12/2025 01:45,3387.99
26/12/2025 01:50,3322.22
26/12/2025 01:55,3322.74
26/12/2025 02:00,2873.02
26/12/2025 02:05,2984.39
26/12/2025 02:10,3069.45
26/12/2025 02:15,2976.26
26/12/2025 02:20,2913.11
26/12/2025 02:25,2817.43
26/12/2025 02:30,2949.4
26/12/2025 02:35,3108.59
26/12/2025 02:40,2941.39
26/12/2025 02:45,2820.57
26/12/2025 02:50,2798.51
26/12/2025 02:55,3017.01
26/12/2025 03:00,3063.12
26/12/2025 03:05,3009.97
26/12/2025 03:10,2909.44
26/12/2025 03:15,2992.41
26/12/2025 03:20,2979.01
26/12/2025 03:25,2963.83
26/12/2025 03:30,2909.63
26/12/2025 03:35,2896.05
26/12/2025 03:40,3106.11
26/12/2025 03:45,2873.21
26/12/2025 03:50,2833.42
26/12/2025 03:55,3040.49
26/12/2025 04:00,2919.03
26/12/2025 04:05,3172.69
26/12/2025 04:10,2925.73
26/12/2025 04:15,2864.33
26/12/2025 04:20,2906.53
26/12/2025 04:25,2789.49
26/12/2025 04:30,3011.92
26/12/2025 04:35,2976.14
26/12/2025 04:40,3011.59
26/12/2025 04:45,2984.25
26/12/2025 04:50,2938.22
26/12/2025 04:55,2859.48
26/12/2025 05:00,3054.21
26/12/2025 05:05,3159.81
26/12/2025 05:10,3248.65
26/12/2025 05:15,3286.57
26/12/2025 05:20,3321.21
26/12/2025 05:25,3263.76
26/12/2025 05:30,3345.64
26/12/2025 05:35,3438.06
26/12/2025 05:40,3531.42
26/12/2025 05:45,3516.37
26/12/2025 05:50,3717.7
26/12/2025 05:55,3460.28
26/12/2025 06:00,3666.74
26/12/2025 06:05,3630.66
26/12/2025 06:10,3700.42
26/12/2025 06:15,3705.6
26/12/2025 06:20,3744.03
26/12/2025 06:25,3714.99
26/12/2025 06:30,3933.21
26/12/2025 06:35,3924.78
26/12/2025 06:40,3636.06
26/12/2025 06:45,3990.1
26/12/2025 06:50,3934.69
26/12/2025 06:55,3848.93
26/12/2025 07:00,4102.15
26/12/2025 07:05,4092.15
26/12/2025 07:10,4062.77
26/12/2025 07:15,4215.93
26/12/2025 07:20,4185.54
26/12/2025 07:25,4302.78
26/12/2025 07:30,4234.45
26/12/2025 07:35,4282.18
26/12/2025 07:40,4419.48
26/12/2025 07:45,4392.84
26/12/2025 07:50,4507.07
26/12/2025 07:55,4508.4
26/12/2025 08:00,4424.4
26/12/2025 08:05,4508.8
26/12/2025 08:10,4700.57
26/12/2025 08:15,4631.55
26/12/2025 08:20,4692.89
26/12/2025 08:25,4773.8
26/12/2025 08:30,4699.42
26/12/2025 08:35,4906.8
26/12/2025 08:40,4816.06
26/12/2025 08:45,4977.43
26/12/2025 08:50,5009.63
26/12/2025 08:55,4949.52
26/12/2025 09:00,4833.83
26/12/2025 09:05,5080.98
26/12/2025 09:10,4851.57
26/12/2025 09:15,4958.09
26/12/2025 09:20,4923.68
26/12/2025 09:25,5010.39
26/12/2025 09:30,4994.36
26/12/2025 09:35,5012.64
26/12/2025 09:40,4979.84
26/12/2025 09:45,4870.93
26/12/2025 09:50,5056.2
26/12/2025 09:55,4881.26
26/12/2025 10:00,5147.88
26/12/2025 10:05,5161.07
26/12/2025 10:10,5148.48
26/12/2025 10:15,5034.32
26/12/2025 10:20,5082.44
26/12/2025 10:25,5026.88
26/12/2025 10:30,4983.67
26/12/2025 10:35,5137.74
26/12/2025 10:40,5103.57
26/12/2025 10:45,5168.8
26/12/2025 10:50,5033.58
26/12/2025 10:55,5021.24
26/12/2025 11:00,5127.22
26/12/2025 11:05,5115.05
26/12/2025 11:10,4813.8
26/12/2025 11:15,4934.85
26/12/2025 11:20,4980.21
26/12/2025 11:25,4866.17
26/12/2025 11:30,4968.06
26/12/2025 11:35,5031.12
26/12/2025 11:40,4814.19
26/12/2025 11:45,4984.41
26/12/2025 11:50,4785.7
26/12/2025 11:55,4849.01
26/12/2025 12:00,4731.86
26/12/2025 12:05,4839.39
26/12/2025 12:10,4839.13
26/12/2025 12:15,4707.14
26/12/2025 12:20,4814.92
26/12/2025 12:25,4683.61
26/12/2025 12:30,4679.68
26/12/2025 12:35,4766.51
26/12/2025 12:40,4721.34
26/12/2025 12:45,4760.19
26/12/2025 12:50,4691.98
26/12/2025 12:55,4835.9
26/12/2025 13:00,4693.59
26/12/2025 13:05,4697.79
26/12/2025 13:10,4606.25
26/12/2025 13:15,4681.0
26/12/2025 13:20,4717.97
26/12/2025 13:25,4695.53
26/12/2025 13:30,4725.63
26/12/2025 13:35,4522.01
26/12/2025 13:40,4736.29
26/12/2025 13:45,4700.7
26/12/2025 13:50,4700.8
26/12/2025 13:55,4558.3
26/12/2025 14:00,4588.66
26/12/2025 14:05,4698.4
26/12/2025 14:10,4678.21
26/12/2025 14:15,4577.59
26/12/2025 14:20,4474.6
26/12/2025 14:25,4602.36
26/12/2025 14:30,4618.54
26/12/2025 14:35,4618.2
26/12/2025 14:40,4643.31
26/12/2025 14:45,4507.51
26/12/2025 14:50,4706.69
26/12/2025 14:55,4719.95
26/12/2025 15:00,4466.32
26/12/2025 15:05,4811.88
26/12/2025 15:10,4565.67
26/12/2025 15:15,4629.13
26/12/2025 15:20,4664.38
26/12/2025 15:25,4720.37
26/12/2025 15:30,4671.67
26/12/2025 15:35,4661.97
26/12/2025 15:40,4888.95
26/12/2025 15:45,4707.91
26/12/2025 15:50,4903.78
26/12/2025 15:55,4802.43
26/12/2025 16:00,4922.71
26/12/2025 16:05,4797.75
26/12/2025 16:10,4907.7
26/12/2025 16:15,4845.39
26/12/2025 16:20,4879.14
26/12/2025 16:25,5011.02
26/12/2025 16:30,4972.78
26/12/2025 16:35,4971.3
26/12/2025 16:40,4892.65
26/12/2025 16:45,4969.02
26/12/2025 16:50,5070.4
26/12/2025 16:55,5047.75
26/12/2025 17:00,4951.36
26/12/2025 17:05,5126.58
26/12/2025 17:10,5179.3
26/12/2025 17:15,4991.06
26/12/2025 17:20,5011.49
26/12/2025 17:25,5059.38
26/12/2025 17:30,4973.12
26/12/2025 17:35,5236.92
26/12/2025 17:40,5066.18
26/12/2025 17:45,5176.27
26/12/2025 17:50,5127.68
26/12/2025 17:55,5176.95
26/12/2025 18:00,5640.6
26/12/2025 18:05,5746.71
26/12/2025 18:10,5828.56
26/12/2025 18:15,5759.42
26/12/2025 18:20,5936.05
26/12/2025 18:25,5942.31
26/12/2025 18:30,5777.59
26/12/2025 18:35,5807.36
26/12/2025 18:40,5924.14
26/12/2025 18:45,5937.45
26/12/2025 18:50,5997.73
26/12/2025 18:55,5895.97
26/12/2025 19:00,5860.26
26/12/2025 19:05,5969.79
26/12/2025 19:10,6047.41
26/12/2025 19:15,5990.0
26/12/2025 19:20,6202.46
26/12/2025 19:25,6063.87
26/12/2025 19:30,5957.7
26/12/2025 19:35,6112.75
26/12/2025 19:40,5899.44
26/12/2025 19:45,5986.55
26/12/2025 19:50,5926.11
26/12/2025 19:55,5809.47
26/12/2025 20:00,5925.07
26/12/2025 20:05,5839.7
26/12/2025 20:10,6035.5
26/12/2025 20:15,5888.61
26/12/2025 20:20,6001.99
26/12/2025 20:25,5832.24
26/12/2025 20:30,5878.43
26/12/2025 20:35,5821.27
26/12/2025 20:40,5887.15
26/12/2025 20:45,5756.87
26/12/2025 20:50,5857.44
26/12/2025 20:55,5668.5
26/12/2025 21:00,5338.56
26/12/2025 21:05,5409.14
26/12/2025 21:10,5223.16
26/12/2025 21:15,5225.12
26/12/2025 21:20,5189.37
26/12/2025 21:25,5280.09
26/12/2025 21:30,5115.87
26/12/2025 21:35,5155.68
26/12/2025 21:40,5103.04
26/12/2025 21:45,5045.06
26/12/2025 21:50,4994.07
26/12/2025 21:55,4816.12
26/12/2025 22:00,4852.21
26/12/2025 22:05,4750.19
26/12/2025 22:10,4663.22
26/12/2025 22:15,4795.79
26/12/2025 22:20,4684.4
26/12/2025 22:25,4565.22
26/12/2025 22:30,4597.6
26/12/2025 22:35,4640.14
26/12/2025 22:40,4388.41
26/12/2025 22:45,4504.46
26/12/2025 22:50,4378.63
26/12/2025 22:55,4391.08
26/12/2025 23:00,4294.42
26/12/2025 23:05,4234.91
26/12/2025 23:10,4330.68
26/12/2025 23:15,4261.64
26/12/2025 23:20,4162.02
26/12/2025 23:25,4159.44
26/12/2025 23:30,4176.72
26/12/2025 23:35,4034.34
26/12/2025 23:40,4035.55
26/12/2025 23:45,3951.04
26/12/2025 23:50,3852.04
26/12/2025 23:55,3879.76
27/12/2025 00:00,3599.82
27/12/2025 00:05,3672.23
27/12/2025 00:10,3654.39
27/12/2025 00:15,3397.57
27/12/2025 00:20,3412.12
27/12/2025 00:25,3352.03
27/12/2025 00:30,3353.84
27/12/2025 00:35,3454.19
27/12/2025 00:40,3407.33
27/12/2025 00:45,3466.28
27/12/2025 00:50,3372.17
27/12/2025 00:55,3493.28
27/12/2025 01:00,3489.02
27/12/2025 01:05,3282.88
27/12/2025 01:10,3427.23
27/12/2025 01:15,3224.78
27/12/2025 01:20,3256.52
27/12/2025 01:25,3249.07
27/12/2025 01:30,3208.79
27/12/2025 01:35,3049.68
27/12/2025 01:40,3103.85
27/12/2025 01:45,3264.81
27/12/2025 01:50,3246.13
27/12/2025 01:55,3172.44
27/12/2025 02:00,2632.56
27/12/2025 02:05,2734.29
27/12/2025 02:10,2849.3
27/12/2025 02:15,2698.37
27/12/2025 02:20,2704.06
27/12/2025 02:25,2656.7
27/12/2025 02:30,2803.86
27/12/2025 02:35,2695.31
27/12/2025 02:40,2536.43
27/12/2025 02:45,2753.23
27/12/2025 02:50,2616.69
27/12/2025 02:55,2679.81
27/12/2025 03:00,2784.14
27/12/2025 03:05,2409.24
27/12/2025 03:10,2656.87
27/12/2025 03:15,2777.1
27/12/2025 03:20,2635.8
27/12/2025 03:25,2711.33
27/12/2025 03:30,2635.71
27/12/2025 03:35,2719.67
27/12/2025 03:40,2708.41
27/12/2025 03:45,2695.47
27/12/2025 03:50,2635.42
27/12/2025 03:55,2746.89
27/12/2025 04:00,2742.63
27/12/2025 04:05,2671.9
27/12/2025 04:10,2844.67
27/12/2025 04:15,2662.32
27/12/2025 04:20,2680.37
27/12/2025 04:25,2747.82
27/12/2025 04:30,2654.29
27/12/2025 04:35,2760.88
27/12/2025 04:40,2740.3
27/12/2025 04:45,2686.16
27/12/2025 04:50,2728.38
27/12/2025 04:55,2710.19
27/12/2025 05:00,2900.41
27/12/2025 05:05,2911.07
27/12/2025 05:10,3029.59
27/12/2025 05:15,3126.56
27/12/2025 05:20,3067.62
27/12/2025 05:25,3060.39
27/12/2025 05:30,3229.86
27/12/2025 05:35,3109.35
27/12/2025 05:40,3252.76
27/12/2025 05:45,3279.43
27/12/2025 05:50,3324.49
27/12/2025 05:55,3417.45
27/12/2025 06:00,3390.34
27/12/2025 06:05,3452.63
27/12/2025 06:10,3428.81
27/12/2025 06:15,3409.89
27/12/2025 06:20,3492.55
27/12/2025 06:25,3502.45
27/12/2025 06:30,3456.52
27/12/2025 06:35,3562.48
27/12/2025 06:40,3577.3
27/12/2025 06:45,3631.09
27/12/2025 06:50,3691.53
27/12/2025 06:55,3679.2
27/12/2025 07:00,3649.77
27/12/2025 07:05,3884.47
27/12/2025 07:10,3865.92
27/12/2025 07:15,3844.78
27/12/2025 07:20,3992.8
27/12/2025 07:25,3967.49
27/12/2025 07:30,4117.76
27/12/2025 07:35,4137.15
27/12/2025 07:40,4086.18
27/12/2025 07:45,4122.24
27/12/2025 07:50,4093.43
27/12/2025 07:55,4088.12
27/12/2025 08:00,4273.72
27/12/2025 08:05,4196.73
27/12/2025 08:10,4173.1
27/12/2025 08:15,4374.04
27/12/2025 08:20,4498.8
27/12/2025 08:25,4426.67
27/12/2025 08:30,4426.71
27/12/2025 08:35,4580.54
27/12/2025 08:40,4624.26
27/12/2025 08:45,4748.13
27/12/2025 08:50,4701.38
27/12/2025 08:55,4766.45
27/12/2025 09:00,4644.55
27/12/2025 09:05,4697.75
27/12/2025 09:10,4734.13
27/12/2025 09:15,4605.11
27/12/2025 09:20,4624.64
27/12/2025 09:25,4689.0
27/12/2025 09:30,4787.57
27/12/2025 09:35,4711.98
27/12/2025 09:40,4666.53
27/12/2025 09:45,4705.67
27/12/2025 09:50,4880.9
27/12/2025 09:55,4800.22
27/12/2025 10:00,4967.27
27/12/2025 10:05,4855.79
27/12/2025 10:10,4740.34
27/12/2025 10:15,4983.26
27/12/2025 10:20,4874.8
27/12/2025 10:25,4837.36
27/12/2025 10:30,4839.06
27/12/2025 10:35,4908.95
27/12/2025 10:40,4857.29
27/12/2025 10:45,4816.44
27/12/2025 10:50,4874.09
27/12/2025 10:55,4709.08
27/12/2025 11:00,4843.34
27/12/2025 11:05,4789.34
27/12/2025 11:10,4788.22
27/12/2025 11:15,4781.58
27/12/2025 11:20,4576.04
27/12/2025 11:25,4781.9
27/12/2025 11:30,4732.5
27/12/2025 11:35,4697.42
27/12/2025 11:40,4614.18
27/12/2025 11:45,4608.93
27/12/2025 11:50,4662.09
27/12/2025 11:55,4749.88
27/12/2025 12:00,4636.83
27/12/2025 12:05,4587.37
27/12/2025 12:10,4602.0
27/12/2025 12:15,4537.84
27/12/2025 12:20,4533.09
27/12/2025 12:25,4522.81
27/12/2025 12:30,4600.37
27/12/2025 12:35,4465.51
27/12/2025 12:40,4385.62
27/12/2025 12:45,4406.83
27/12/2025 12:50,4576.05
27/12/2025 12:55,4435.58
27/12/2025 13:00,4691.09
27/12/2025 13:05,4505.62
27/12/2025 13:10,4585.08
27/12/2025 13:15,4486.44
27/12/2025 13:20,4342.26
27/12/2025 13:25,4462.67
27/12/2025 13:30,4475.5
27/12/2025 13:35,4337.17
27/12/2025 13:40,4483.26
27/12/2025 13:45,4324.6
27/12/2025 13:50,4462.61
27/12/2025 13:55,4449.69
27/12/2025 14:00,4514.48
27/12/2025 14:05,4428.66
27/12/2025 14:10,4350.35
27/12/2025 14:15,4421.49
27/12/2025 14:20,4499.51
27/12/2025 14:25,4362.06
27/12/2025 14:30,4349.38
27/12/2025 14:35,4315.21
27/12/2025 14:40,4450.81
27/12/2025 14:45,4525.48
27/12/2025 14:50,4569.84
27/12/2025 14:55,4344.12
27/12/2025 15:00,4515.59
27/12/2025 15:05,4441.93
27/12/2025 15:10,4467.15
27/12/2025 15:15,4370.24
27/12/2025 15:20,4402.86
27/12/2025 15:25,4468.35
27/12/2025 15:30,4396.81
27/12/2025 15:35,4473.27
27/12/2025 15:40,4514.04
27/12/2025 15:45,4508.9
27/12/2025 15:50,4464.49
27/12/2025 15:55,4614.1
27/12/2025 16:00,4559.06
27/12/2025 16:05,4580.1
27/12/2025 16:10,4522.74
27/12/2025 16:15,4523.65
27/12/2025 16:20,4679.06
27/12/2025 16:25,4583.25
27/12/2025 16:30,4716.81
27/12/2025 16:35,4787.1
27/12/2025 16:40,4581.24
27/12/2025 16:45,4695.3
27/12/2025 16:50,4731.23
27/12/2025 16:55,4901.5
27/12/2025 17:00,4793.18
27/12/2025 17:05,4873.55
27/12/2025 17:10,4874.0
27/12/2025 17:15,4793.93
27/12/2025 17:20,4800.75
27/12/2025 17:25,4823.22
27/12/2025 17:30,4800.95
27/12/2025 17:35,4779.03
27/12/2025 17:40,4933.58
27/12/2025 17:45,4892.03
27/12/2025 17:50,4897.67
27/12/2025 17:55,4940.38
27/12/2025 18:00,5345.58
27/12/2025 18:05,5377.68
27/12/2025 18:10,5457.99
27/12/2025 18:15,5594.33
27/12/2025 18:20,5497.54
27/12/2025 18:25,5599.26
27/12/2025 18:30,5696.25
27/12/2025 18:35,5545.18
27/12/2025 18:40,5671.62
27/12/2025 18:45,5659.69
27/12/2025 18:50,5857.33
27/12/2025 18:55,5614.36
27/12/2025 19:00,5858.48
27/12/2025 19:05,5660.9
27/12/2025 19:10,5696.22
27/12/2025 19:15,5796.52
27/12/2025 19:20,5832.04
27/12/2025 19:25,5878.85
27/12/2025 19:30,5833.71
27/12/2025 19:35,5724.78
27/12/2025 19:40,5782.58
27/12/2025 19:45,5687.6
27/12/2025 19:50,5942.14
27/12/2025 19:55,5614.19
27/12/2025 20:00,5729.53
27/12/2025 20:05,5820.06
27/12/2025 20:10,5661.98
27/12/2025 20:15,5718.83
27/12/2025 20:20,5595.97
27/12/2025 20:25,5593.0
27/12/2025 20:30,5642.04
27/12/2025 20:35,5490.55
27/12/2025 20:40,5420.59
27/12/2025 20:45,5382.43
27/12/2025 20:50,5502.97
27/12/2025 20:55,5301.91
27/12/2025 21:00,5018.32
27/12/2025 21:05,5093.15
27/12/2025 21:10,5140.74
27/12/2025 21:15,4895.03
27/12/2025 21:20,4976.76
27/12/2025 21:25,4961.97
27/12/2025 21:30,4839.06
27/12/2025 21:35,4811.04
27/12/2025 21:40,4757.88
27/12/2025 21:45,4683.19
27/12/2025 21:50,4771.71
27/12/2025 21:55,4604.96
27/12/2025 22:00,4613.67
27/12/2025 22:05,4567.64
27/12/2025 22:10,4516.55
27/12/2025 22:15,4507.06
27/12/2025 22:20,4401.97
27/12/2025 22:25,4451.89
27/12/2025 22:30,4343.76
27/12/2025 22:35,4394.44
27/12/2025 22:40,4245.1
27/12/2025 22:45,4208.86
27/12/2025 22:50,4181.46
27/12/2025 22:55,4139.19
27/12/2025 23:00,4092.87
27/12/2025 23:05,4096.95
27/12/2025 23:10,4063.23
27/12/2025 23:15,4039.64
27/12/2025 23:20,4107.31
27/12/2025 23:25,3735.62
27/12/2025 23:30,3941.75
27/12/2025 23:35,3887.8
27/12/2025 23:40,3803.0
27/12/2025 23:45,3756.12
27/12/2025 23:50,3614.78
27/12/2025 23:55,3592.6
28/12/2025 00:00,3669.12
28/12/2025 00:05,3610.0
28/12/2025 00:10,3496.7
28/12/2025 00:15,3531.02
28/12/2025 00:20,3453.79
28/12/2025 00:25,3322.4
28/12/2025 00:30,3431.96
28/12/2025 00:35,3615.16
28/12/2025 00:40,3317.37
28/12/2025 00:45,3299.78
28/12/2025 00:50,3351.2
28/12/2025 00:55,3432.82
28/12/2025 01:00,3314.91
28/12/2025 01:05,3190.39
28/12/2025 01:10,3329.6
28/12/2025 01:15,3139.91
28/12/2025 01:20,3104.67
28/12/2025 01:25,3172.65
28/12/2025 01:30,3280.28
28/12/2025 01:35,3388.17
28/12/2025 01:40,3023.88
28/12/2025 01:45,3060.49
28/12/2025 01:50,3162.95
28/12/2025 01:55,3048.65
28/12/2025 02:00,2558.39
28/12/2025 02:05,2573.31
28/12/2025 02:10,2812.17
28/12/2025 02:15,2630.21
28/12/2025 02:20,2735.35
28/12/2025 02:25,2652.93
28/12/2025 02:30,2624.96
28/12/2025 02:35,2664.56
28/12/2025 02:40,2555.46
28/12/2025 02:45,2805.45
28/12/2025 02:50,2635.85
28/12/2025 02:55,2797.37
28/12/2025 03:00,2793.65
28/12/2025 03:05,2550.34
28/12/2025 03:10,2531.74
28/12/2025 03:15,2677.3
28/12/2025 03:20,2868.86
28/12/2025 03:25,2569.22
28/12/2025 03:30,2634.71
28/12/2025 03:35,2706.25
28/12/2025 03:40,2698.32
28/12/2025 03:45,2799.89
28/12/2025 03:50,2763.12
28/12/2025 03:55,2764.51
28/12/2025 04:00,2691.19
28/12/2025 04:05,2647.11
28/12/2025 04:10,2757.49
28/12/2025 04:15,2909.99
28/12/2025 04:20,2694.37
28/12/2025 04:25,2768.82
28/12/2025 04:30,2646.53
28/12/2025 04:35,2910.02
28/12/2025 04:40,2859.63
28/12/2025 04:45,2643.85
28/12/2025 04:50,2662.7
28/12/2025 04:55,2701.39
28/12/2025 05:00,3052.68
28/12/2025 05:05,3020.51
28/12/2025 05:10,2911.77
28/12/2025 05:15,3084.45
28/12/2025 05:20,3150.87
28/12/2025 05:25,2982.72
28/12/2025 05:30,3406.56
28/12/2025 05:35,3203.33
28/12/2025 05:40,3187.76
28/12/2025 05:45,3251.01
28/12/2025 05:50,3248.69
28/12/2025 05:55,3346.87
28/12/2025 06:00,3266.47
28/12/2025 06:05,3327.86
28/12/2025 06:10,3343.04
28/12/2025 06:15,3335.73
28/12/2025 06:20,3536.98
28/12/2025 06:25,3391.96
28/12/2025 06:30,3508.52
28/12/2025 06:35,3675.22
28/12/2025 06:40,3641.36
28/12/2025 06:45,3715.1
28/12/2025 06:50,3727.49
28/12/2025 06:55,3605.16
28/12/2025 07:00,3827.04
28/12/2025 07:05,3661.24
28/12/2025 07:10,3806.59
28/12/2025 07:15,3787.12
28/12/2025 07:20,4026.73
28/12/2025 07:25,3977.51
28/12/2025 07:30,4063.32
28/12/2025 07:35,3969.53
28/12/2025 07:40,4221.79
28/12/2025 07:45,4177.26
28/12/2025 07:50,4189.25
28/12/2025 07:55,4273.46
28/12/2025 08:00,4190.41
28/12/2025 08:05,4368.84
28/12/2025 08:10,4502.85
28/12/2025 08:15,4359.88
28/12/2025 08:20,4420.24
28/12/2025 08:25,4449.05
28/12/2025 08:30,4602.99
28/12/2025 08:35,4563.51
28/12/2025 08:40,4603.78
28/12/2025 08:45,4810.63
28/12/2025 08:50,4678.47
28/12/2025 08:55,4691.77
28/12/2025 09:00,4797.95
28/12/2025 09:05,4688.87
28/12/2025 09:10,4639.6
28/12/2025 09:15,4640.02
28/12/2025 09:20,4758.93
28/12/2025 09:25,4847.95
28/12/2025 09:30,4723.26
28/12/2025 09:35,4772.06
28/12/2025 09:40,4710.22
28/12/2025 09:45,4576.76
28/12/2025 09:50,4649.43
28/12/2025 09:55,4863.56
28/12/2025 10:00,4804.96
28/12/2025 10:05,4670.08
28/12/2025 10:10,4697.23
28/12/2025 10:15,4957.21
28/12/2025 10:20,4864.95
28/12/2025 10:25,4801.16
28/12/2025 10:30,4780.14
28/12/2025 10:35,4823.67
28/12/2025 10:40,4930.22
28/12/2025 10:45,4917.84
28/12/2025 10:50,4899.85
28/12/2025 10:55,4828.76
28/12/2025 11:00,4793.54
28/12/2025 11:05,4874.31
28/12/2025 11:10,4773.68
28/12/2025 11:15,4810.53
28/12/2025 11:20,4734.9
28/12/2025 11:25,4653.24
28/12/2025 11:30,4669.97
28/12/2025 11:35,4776.21
28/12/2025 11:40,4729.54
28/12/2025 11:45,4621.81
28/12/2025 11:50,4506.16
28/12/2025 11:55,4619.32
28/12/2025 12:00,4615.82
28/12/2025 12:05,4510.32
28/12/2025 12:10,4667.3
28/12/2025 12:15,4535.05
28/12/2025 12:20,4582.79
28/12/2025 12:25,4454.25
28/12/2025 12:30,4412.97
28/12/2025 12:35,4650.0
28/12/2025 12:40,4585.18
28/12/2025 12:45,4581.04
28/12/2025 12:50,4417.07
28/12/2025 12:55,4453.82
28/12/2025 13:00,4552.84
28/12/2025 13:05,4596.0
28/12/2025 13:10,4446.66
28/12/2025 13:15,4523.45
28/12/2025 13:20,4585.62
28/12/2025 13:25,4542.76
28/12/2025 13:30,4364.88
28/12/2025 13:35,4522.29
28/12/2025 13:40,4561.15
28/12/2025 13:45,4439.19
28/12/2025 13:50,4435.13
28/12/2025 13:55,4434.2
28/12/2025 14:00,4549.14
28/12/2025 14:05,4341.29
28/12/2025 14:10,4394.33
28/12/2025 14:15,4465.3
28/12/2025 14:20,4447.46
28/12/2025 14:25,4242.22
28/12/2025 14:30,4395.85
28/12/2025 14:35,4323.34
28/12/2025 14:40,4487.45
28/12/2025 14:45,4397.49
28/12/2025 14:50,4260.39
28/12/2025 14:55,4322.81
28/12/2025 15:00,4532.6
28/12/2025 15:05,4438.53
28/12/2025 15:10,4440.77
28/12/2025 15:15,4376.11
28/12/2025 15:20,4523.39
28/12/2025 15:25,4407.83
28/12/2025 15:30,4599.05
28/12/2025 15:35,4583.94
28/12/2025 15:40,4336.7
28/12/2025 15:45,4643.13
28/12/2025 15:50,4464.24
28/12/2025 15:55,4624.34
28/12/2025 16:00,4629.97
28/12/2025 16:05,4699.19
28/12/2025 16:10,4632.92
28/12/2025 16:15,4542.89
28/12/2025 16:20,4556.64
28/12/2025 16:25,4663.99
28/12/2025 16:30,4735.81
28/12/2025 16:35,4679.75
28/12/2025 16:40,4693.14
28/12/2025 16:45,4803.65
28/12/2025 16:50,4664.16
28/12/2025 16:55,4731.93
28/12/2025 17:00,4544.94
28/12/2025 17:05,4877.5
28/12/2025 17:10,4969.84
28/12/2025 17:15,4720.86
28/12/2025 17:20,4785.43
28/12/2025 17:25,4852.7
28/12/2025 17:30,4881.3
28/12/2025 17:35,4771.44
28/12/2025 17:40,4932.56
28/12/2025 17:45,4829.08
28/12/2025 17:50,5054.77
28/12/2025 17:55,4908.83
28/12/2025 18:00,5597.21
28/12/2025 18:05,5400.71
28/12/2025 18:10,5431.02
28/12/2025 18:15,5582.61
28/12/2025 18:20,5507.58
28/12/2025 18:25,5575.79
28/12/2025 18:30,5593.35
28/12/2025 18:35,5616.1
28/12/2025 18:40,5801.04
28/12/2025 18:45,5737.47
28/12/2025 18:50,5555.87
28/12/2025 18:55,5592.5
28/12/2025 19:00,5738.21
28/12/2025 19:05,5639.52
28/12/2025 19:10,5916.12
28/12/2025 19:15,5725.58
28/12/2025 19:20,5784.98
28/12/2025 19:25,5627.88
28/12/2025 19:30,5687.58
28/12/2025 19:35,5860.11
28/12/2025 19:40,5702.69
28/12/2025 19:45,5762.73
28/12/2025 19:50,5746.37
28/12/2025 19:55,5693.99
28/12/2025 20:00,5755.05
28/12/2025 20:05,5695.67
28/12/2025 20:10,5578.44
28/12/2025 20:15,5639.95
28/12/2025 20:20,5630.33
28/12/2025 20:25,5669.02
28/12/2025 20:30,5607.53
28/12/2025 20:35,5691.29
28/12/2025 20:40,5585.1
28/12/2025 20:45,5530.3
28/12/2025 20:50,5425.42
28/12/2025 20:55,5432.08
28/12/2025 21:00,5113.13
28/12/2025 21:05,4922.57
28/12/2025 21:10,4975.93
28/12/2025 21:15,5144.6
28/12/2025 21:20,5050.33
28/12/2025 21:25,4771.3
28/12/2025 21:30,4834.45
28/12/2025 21:35,4845.82
28/12/2025 21:40,4645.22
28/12/2025 21:45,4789.04
28/12/2025 21:50,4783.04
28/12/2025 21:55,4700.01
28/12/2025 22:00,4714.67
28/12/2025 22:05,4614.2
28/12/2025 22:10,4587.62
28/12/2025 22:15,4543.27
28/12/2025 22:20,4306.43
28/12/2025 22:25,4272.31
28/12/2025 22:30,4329.12
28/12/2025 22:35,4410.7
28/12/2025 22:40,4135.88
28/12/2025 22:45,4087.79
28/12/2025 22:50,4173.14
28/12/2025 22:55,4252.59
28/12/2025 23:00,4063.09
28/12/2025 23:05,3955.4
28/12/2025 23:10,3980.07
28/12/2025 23:15,4073.14
28/12/2025 23:20,3856.89
28/12/2025 23:25,4001.82
28/12/2025 23:30,3994.32
28/12/2025 23:35,3796.51
28/12/2025 23:40,3650.25
28/12/2025 23:45,3794.75
28/12/2025 23:50,3774.05
28/12/2025 23:55,3641.25
29/12/2025 00:00,3852.79
29/12/2025 00:05,3899.48
29/12/2025 00:10,3819.8
29/12/2025 00:15,3783.6
29/12/2025 00:20,3685.26
29/12/2025 00:25,3602.43
29/12/2025 00:30,3732.96
29/12/2025 00:35,3746.77
29/12/2025 00:40,3564.46
29/12/2025 00:45,3627.06
29/12/2025 00:50,3624.09
29/12/2025 00:55,3659.79
29/12/2025 01:00,3637.0
29/12/2025 01:05,3698.53
29/12/2025 01:10,3520.46
29/12/2025 01:15,3588.68
29/12/2025 01:20,3393.8
29/12/2025 01:25,3460.06
29/12/2025 01:30,3487.72
29/12/2025 01:35,3454.79
29/12/2025 01:40,3406.31
29/12/2025 01:45,3341.86
29/12/2025 01:50,3517.11
29/12/2025 01:55,3432.77
29/12/2025 02:00,2837.38
29/12/2025 02:05,2941.29
29/12/2025 02:10,2911.63
29/12/2025 02:15,3041.12
29/12/2025 02:20,2955.82
29/12/2025 02:25,2872.09
29/12/2025 02:30,2997.47
29/12/2025 02:35,3001.39
29/12/2025 02:40,3023.65
29/12/2025 02:45,3094.77
29/12/2025 02:50,2734.81
29/12/2025 02:55,3022.18
29/12/2025 03:00,2789.47
29/12/2025 03:05,2816.37
29/12/2025 03:10,2820.75
29/12/2025 03:15,2840.17
29/12/2025 03:20,3062.26
29/12/2025 03:25,3003.57
29/12/2025 03:30,2989.5
29/12/2025 03:35,2836.74
29/12/2025 03:40,2950.46
29/12/2025 03:45,2788.58
29/12/2025 03:50,2931.16
29/12/2025 03:55,3014.64
29/12/2025 04:00,2982.65
29/12/2025 04:05,2957.29
29/12/2025 04:10,3008.57
29/12/2025 04:15,2958.18
29/12/2025 04:20,2903.89
29/12/2025 04:25,2806.44
29/12/2025 04:30,2977.03
29/12/2025 04:35,3028.33
29/12/2025 04:40,2856.18
29/12/2025 04:45,2806.38
29/12/2025 04:50,2919.98
29/12/2025 04:55,3044.49
29/12/2025 05:00,3219.12
29/12/2025 05:05,3225.41
29/12/2025 05:10,3329.77
29/12/2025 05:15,3295.2
29/12/2025 05:20,3362.33
29/12/2025 05:25,3429.44
29/12/2025 05:30,3433.27
29/12/2025 05:35,3456.5
29/12/2025 05:40,3403.64
29/12/2025 05:45,3466.42
29/12/2025 05:50,3410.0
29/12/2025 05:55,3572.23
29/12/2025 06:00,3439.95
29/12/2025 06:05,3587.27
29/12/2025 06:10,3646.55
29/12/2025 06:15,3708.3
29/12/2025 06:20,3512.53
29/12/2025 06:25,3690.81
29/12/2025 06:30,3797.34
29/12/2025 06:35,3803.61
29/12/2025 06:40,3776.06
29/12/2025 06:45,3949.54
29/12/2025 06:50,3828.69
29/12/2025 06:55,3853.14
29/12/2025 07:00,3932.61
29/12/2025 07:05,3954.7
29/12/2025 07:10,4053.95
29/12/2025 07:15,4064.82
29/12/2025 07:20,4156.12
29/12/2025 07:25,4213.73
29/12/2025 07:30,4319.22
29/12/2025 07:35,4300.99
29/12/2025 07:40,4204.77
29/12/2025 07:45,4245.46
29/12/2025 07:50,4590.56
29/12/2025 07:55,4506.04
29/12/2025 08:00,4422.85
29/12/2025 08:05,4581.35
29/12/2025 08:10,4519.2
29/12/2025 08:15,4633.1
29/12/2025 08:20,4597.05
29/12/2025 08:25,4715.86
29/12/2025 08:30,4796.36
29/12/2025 08:35,4772.78
29/12/2025 08:40,4813.1
29/12/2025 08:45,4913.3
29/12/2025 08:50,4958.46
29/12/2025 08:55,4945.99
29/12/2025 09:00,4863.46
29/12/2025 09:05,4955.18
29/12/2025 09:10,4819.87
29/12/2025 09:15,4909.44
29/12/2025 09:20,4985.01
29/12/2025 09:25,4848.77
29/12/2025 09:30,4993.51
29/12/2025 09:35,4980.88
29/12/2025 09:40,4939.53
29/12/2025 09:45,5064.23
29/12/2025 09:50,5105.71
29/12/2025 09:55,5071.45
29/12/2025 10:00,4853.66
29/12/2025 10:05,5033.77
29/12/2025 10:10,5034.8
29/12/2025 10:15,5008.29
29/12/2025 10:20,5108.97
29/12/2025 10:25,5097.27
29/12/2025 10:30,5094.71
29/12/2025 10:35,5151.95
29/12/2025 10:40,5060.6
29/12/2025 10:45,5133.43
29/12/2025 10:50,5061.25
29/12/2025 10:55,5070.65
29/12/2025 11:00,5088.28
29/12/2025 11:05,5022.4
29/12/2025 11:10,4912.59
29/12/2025 11:15,4899.81
29/12/2025 11:20,4928.4
29/12/2025 11:25,5105.54
29/12/2025 11:30,5001.61
29/12/2025 11:35,4984.88
29/12/2025 11:40,5023.55
29/12/2025 11:45,4930.05
29/12/2025 11:50,4886.84
29/12/2025 11:55,4836.12
29/12/2025 12:00,4863.88
29/12/2025 12:05,4793.31
29/12/2025 12:10,4702.94
29/12/2025 12:15,4795.04
29/12/2025 12:20,4804.18
29/12/2025 12:25,4933.89
29/12/2025 12:30,4809.39
29/12/2025 12:35,4802.53
29/12/2025 12:40,4629.53
29/12/2025 12:45,4766.75
29/12/2025 12:50,4766.39
29/12/2025 12:55,4701.1
29/12/2025 13:00,4737.01
29/12/2025 13:05,4724.27
29/12/2025 13:10,4798.46
29/12/2025 13:15,4708.38
29/12/2025 13:20,4585.99
29/12/2025 13:25,4764.74
29/12/2025 13:30,4570.04
29/12/2025 13:35,4659.99
29/12/2025 13:40,4629.1
29/12/2025 13:45,4681.18
29/12/2025 13:50,4810.5
29/12/2025 13:55,4701.44
29/12/2025 14:00,4514.77
29/12/2025 14:05,4752.04
29/12/2025 14:10,4881.16
29/12/2025 14:15,4548.34
29/12/2025 14:20,4618.71
29/12/2025 14:25,4753.89
29/12/2025 14:30,4560.1
29/12/2025 14:35,4727.85
29/12/2025 14:40,4529.73
29/12/2025 14:45,4703.82
29/12/2025 14:50,4770.12
29/12/2025 14:55,4502.86
29/12/2025 15:00,4563.62
29/12/2025 15:05,4702.87
29/12/2025 15:10,4735.63
29/12/2025 15:15,4743.72
29/12/2025 15:20,4616.02
29/12/2025 15:25,4680.09
29/12/2025 15:30,4636.04
29/12/2025 15:35,4799.47
29/12/2025 15:40,4742.93
29/12/2025 15:45,4923.41
29/12/2025 15:50,4805.93
29/12/2025 15:55,4810.5
29/12/2025 16:00,4721.49
29/12/2025 16:05,4911.89
29/12/2025 16:10,4946.16
29/12/2025 16:15,4911.98
29/12/2025 16:20,4805.33
29/12/2025 16:25,4886.64
29/12/2025 16:30,5005.89
29/12/2025 16:35,4968.5
29/12/2025 16:40,4887.79
29/12/2025 16:45,5032.91
29/12/2025 16:50,5059.21
29/12/2025 16:55,4892.94
29/12/2025 17:00,4968.83
29/12/2025 17:05,5062.82
29/12/2025 17:10,5040.28
29/12/2025 17:15,5149.86
29/12/2025 17:20,5217.04
29/12/2025 17:25,5117.92
29/12/2025 17:30,5084.9
29/12/2025 17:35,5055.31
29/12/2025 17:40,5210.09
29/12/2025 17:45,4995.43
29/12/2025 17:50,5068.56
29/12/2025 17:55,5261.4
29/12/2025 18:00,5648.11
29/12/2025 18:05,5821.78
29/12/2025 18:10,5815.21
29/12/2025 18:15,5847.07
29/12/2025 18:20,5752.83
29/12/2025 18:25,5858.27
29/12/2025 18:30,5895.62
29/12/2025 18:35,5986.95
29/12/2025 18:40,6033.61
29/12/2025 18:45,5753.35
29/12/2025 18:50,5823.85
29/12/2025 18:55,5960.61
29/12/2025 19:00,5831.29
29/12/2025 19:05,5960.69
29/12/2025 19:10,5998.01
29/12/2025 19:15,6063.06
29/12/2025 19:20,6170.3
29/12/2025 19:25,5973.34
29/12/2025 19:30,5920.21
29/12/2025 19:35,5963.12
29/12/2025 19:40,6042.34
29/12/2025 19:45,6068.81
29/12/2025 19:50,5965.63
29/12/2025 19:55,6007.21
29/12/2025 20:00,5921.62
29/12/2025 20:05,5923.06
29/12/2025 20:10,5998.46
29/12/2025 20:15,5907.43
29/12/2025 20:20,5694.18
29/12/2025 20:25,5925.89
29/12/2025 20:30,5743.3
29/12/2025 20:35,5825.53
29/12/2025 20:40,5801.56
29/12/2025 20:45,5861.1
29/12/2025 20:50,5579.54
29/12/2025 20:55,5707.27
29/12/2025 21:00,5285.28
29/12/2025 21:05,5188.64
29/12/2025 21:10,5178.63
29/12/2025 21:15,5146.76
29/12/2025 21:20,5154.16
29/12/2025 21:25,5086.93
29/12/2025 21:30,4990.05
29/12/2025 21:35,4917.27
29/12/2025 21:40,4925.66
29/12/2025 21:45,5043.71
29/12/2025 21:50,4853.69
29/12/2025 21:55,4847.22
29/12/2025 22:00,4806.56
29/12/2025 22:05,4761.66
29/12/2025 22:10,4762.39
29/12/2025 22:15,4655.01
29/12/2025 22:20,4686.41
29/12/2025 22:25,4781.12
29/12/2025 22:30,4785.95
29/12/2025 22:35,4657.78
29/12/2025 22:40,4507.03
29/12/2025 22:45,4548.7
29/12/2025 22:50,4366.25
29/12/2025 22:55,4438.22
29/12/2025 23:00,4199.87
29/12/2025 23:05,4350.72
29/12/2025 23:10,4280.31
29/12/2025 23:15,4275.89
29/12/2025 23:20,4152.71
29/12/2025 23:25,4141.5
29/12/2025 23:30,4074.02
29/12/2025 23:35,4117.32
29/12/2025 23:40,4017.09
29/12/2025 23:45,3998.38
29/12/2025 23:50,3877.28
29/12/2025 23:55,3794.12
