01/10/2025 00:00,5198.75
01/10/2025 00:05,5366.82
01/10/2025 00:10,4954.43
01/10/2025 00:15,5061.93
01/10/2025 00:20,5237.77
01/10/2025 00:25,5034.65
01/10/2025 00:30,5024.78
01/10/2025 00:35,4978.08
01/10/2025 00:40,5209.89
01/10/2025 00:45,4707.38
01/10/2025 00:50,5065.8
01/10/2025 00:55,5284.4
01/10/2025 01:00,5222.31
01/10/2025 01:05,5071.23
01/10/2025 01:10,5216.76
01/10/2025 01:15,5191.18
01/10/2025 01:20,5034.83
01/10/2025 01:25,5126.8
01/10/2025 01:30,5222.44
01/10/2025 01:35,4865.76
01/10/2025 01:40,4954.54
01/10/2025 01:45,5158.81
01/10/2025 01:50,5080.24
01/10/2025 01:55,4848.91
01/10/2025 02:00,3714.55
01/10/2025 02:05,3747.36
01/10/2025 02:10,3508.22
01/10/2025 02:15,3717.71
01/10/2025 02:20,3787.18
01/10/2025 02:25,3809.86
01/10/2025 02:30,3803.76
01/10/2025 02:35,3669.2
01/10/2025 02:40,3463.07
01/10/2025 02:45,3912.2
01/10/2025 02:50,3809.3
01/10/2025 02:55,3456.38
01/10/2025 03:00,3456.96
01/10/2025 03:05,3851.72
01/10/2025 03:10,3842.83
01/10/2025 03:15,3676.84
01/10/2025 03:20,3532.23
01/10/2025 03:25,3752.1
01/10/2025 03:30,3760.22
01/10/2025 03:35,3490.22
01/10/2025 03:40,3733.55
01/10/2025 03:45,3846.32
01/10/2025 03:50,3502.77
01/10/2025 03:55,3739.16
01/10/2025 04:00,3587.72
01/10/2025 04:05,3771.85
01/10/2025 04:10,3609.92
01/10/2025 04:15,3699.21
01/10/2025 04:20,3772.9
01/10/2025 04:25,3718.3
01/10/2025 04:30,3367.64
01/10/2025 04:35,3549.47
01/10/2025 04:40,3834.69
01/10/2025 04:45,3800.06
01/10/2025 04:50,3631.07
01/10/2025 04:55,3617.52
01/10/2025 05:00,3962.36
01/10/2025 05:05,4500.21
01/10/2025 05:10,4351.63
01/10/2025 05:15,4277.43
01/10/2025 05:20,4309.32
01/10/2025 05:25,4246.48
01/10/2025 05:30,4629.05
01/10/2025 05:35,4522.66
01/10/2025 05:40,4317.27
01/10/2025 05:45,4455.36
01/10/2025 05:50,4321.39
01/10/2025 05:55,4391.83
01/10/2025 06:00,4360.52
01/10/2025 06:05,4390.95
01/10/2025 06:10,4296.88
01/10/2025 06:15,4329.3
01/10/2025 06:20,4684.11
01/10/2025 06:25,4239.5
01/10/2025 06:30,4420.36
01/10/2025 06:35,4420.54
01/10/2025 06:40,4564.14
01/10/2025 06:45,4555.32
01/10/2025 06:50,4706.24
01/10/2025 06:55,4550.34
01/10/2025 07:00,4376.37
01/10/2025 07:05,4859.87
01/10/2025 07:10,4403.2
01/10/2025 07:15,4604.59
01/10/2025 07:20,4748.71
01/10/2025 07:25,4395.24
01/10/2025 07:30,4907.97
01/10/2025 07:35,4700.28
01/10/2025 07:40,4747.18
01/10/2025 07:45,4917.44
01/10/2025 07:50,4757.44
01/10/2025 07:55,5042.4
01/10/2025 08:00,4799.21
01/10/2025 08:05,4952.69
01/10/2025 08:10,4940.75
01/10/2025 08:15,4628.23
01/10/2025 08:20,4903.65
01/10/2025 08:25,4729.57
01/10/2025 08:30,4683.33
01/10/2025 08:35,5109.69
01/10/2025 08:40,5186.92
01/10/2025 08:45,5128.82
01/10/2025 08:50,4713.02
01/10/2025 08:55,5018.79
01/10/2025 09:00,5587.48
01/10/2025 09:05,5620.68
01/10/2025 09:10,5410.53
01/10/2025 09:15,5306.69
01/10/2025 09:20,5539.65
01/10/2025 09:25,5506.39
01/10/2025 09:30,5679.35
01/10/2025 09:35,5549.51
01/10/2025 09:40,6096.86
01/10/2025 09:45,5746.46
01/10/2025 09:50,5673.41
01/10/2025 09:55,5793.06
01/10/2025 10:00,5612.26
01/10/2025 10:05,5449.06
01/10/2025 10:10,5788.22
01/10/2025 10:15,5687.81
01/10/2025 10:20,5435.5
01/10/2025 10:25,5837.6
01/10/2025 10:30,5886.67
01/10/2025 10:35,6002.87
01/10/2025 10:40,6036.36
01/10/2025 10:45,5398.68
01/10/2025 10:50,5641.7
01/10/2025 10:55,5646.28
01/10/2025 11:00,5556.19
01/10/2025 11:05,5456.23
01/10/2025 11:10,5603.41
01/10/2025 11:15,5395.17
01/10/2025 11:20,5722.27
01/10/2025 11:25,5586.88
01/10/2025 11:30,5690.21
01/10/2025 11:35,5498.1
01/10/2025 11:40,5572.5
01/10/2025 11:45,5440.55
01/10/2025 11:50,5431.33
01/10/2025 11:55,5404.57
01/10/2025 12:00,5328.33
01/10/2025 12:05,5098.5
01/10/2025 12:10,5210.72
01/10/2025 12:15,5190.11
01/10/2025 12:20,5408.8
01/10/2025 12:25,5062.59
01/10/2025 12:30,5457.83
01/10/2025 12:35,5151.17
01/10/2025 12:40,5117.06
01/10/2025 12:45,5409.71
01/10/2025 12:50,5136.6
01/10/2025 12:55,5227.1
01/10/2025 13:00,5048.66
01/10/2025 13:05,5134.67
01/10/2025 13:10,5167.56
01/10/2025 13:15,5050.18
01/10/2025 13:20,5070.34
01/10/2025 13:25,5099.78
01/10/2025 13:30,5164.89
01/10/2025 13:35,4941.99
01/10/2025 13:40,5015.93
01/10/2025 13:45,4973.87
01/10/2025 13:50,5042.9
01/10/2025 13:55,5258.26
01/10/2025 14:00,5177.16
01/10/2025 14:05,5119.99
01/10/2025 14:10,4973.19
01/10/2025 14:15,4839.03
01/10/2025 14:20,5131.04
01/10/2025 14:25,4890.62
01/10/2025 14:30,4932.27
01/10/2025 14:35,5004.86
01/10/2025 14:40,4744.38
01/10/2025 14:45,4524.85
01/10/2025 14:50,4821.95
01/10/2025 14:55,4817.28
01/10/2025 15:00,4809.18
01/10/2025 15:05,4682.91
01/10/2025 15:10,4927.87
01/10/2025 15:15,4880.22
01/10/2025 15:20,5086.33
01/10/2025 15:25,5123.76
01/10/2025 15:30,4992.31
01/10/2025 15:35,5183.49
01/10/2025 15:40,5077.84
01/10/2025 15:45,5068.28
01/10/2025 15:50,5137.97
01/10/2025 15:55,5207.25
01/10/2025 16:00,5128.33
01/10/2025 16:05,5119.68
01/10/2025 16:10,5082.56
01/10/2025 16:15,5357.42
01/10/2025 16:20,5378.98
01/10/2025 16:25,5442.91
01/10/2025 16:30,5301.27
01/10/2025 16:35,5337.61
01/10/2025 16:40,5790.65
01/10/2025 16:45,5482.11
01/10/2025 16:50,5919.81
01/10/2025 16:55,5601.76
01/10/2025 17:00,5432.55
01/10/2025 17:05,5720.84
01/10/2025 17:10,5812.79
01/10/2025 17:15,5742.82
01/10/2025 17:20,5586.02
01/10/2025 17:25,5591.31
01/10/2025 17:30,5860.88
01/10/2025 17:35,5670.74
01/10/2025 17:40,5749.85
01/10/2025 17:45,5632.51
01/10/2025 17:50,5866.01
01/10/2025 17:55,5921.71
01/10/2025 18:00,5646.93
01/10/2025 18:05,6004.86
01/10/2025 18:10,5767.95
01/10/2025 18:15,5766.47
01/10/2025 18:20,6032.86
01/10/2025 18:25,5944.15
01/10/2025 18:30,6053.6
01/10/2025 18:35,5951.75
01/10/2025 18:40,6261.96
01/10/2025 18:45,5983.59
01/10/2025 18:50,6100.95
01/10/2025 18:55,6063.89
01/10/2025 19:00,6392.68
01/10/2025 19:05,6128.46
01/10/2025 19:10,6209.26
01/10/2025 19:15,6140.3
01/10/2025 19:20,6162.73
01/10/2025 19:25,6112.61
01/10/2025 19:30,6208.69
01/10/2025 19:35,6248.6
01/10/2025 19:40,6062.61
01/10/2025 19:45,6265.13
01/10/2025 19:50,6134.72
01/10/2025 19:55,6282.65
01/10/2025 20:00,6268.17
01/10/2025 20:05,6083.75
01/10/2025 20:10,6035.09
01/10/2025 20:15,6132.87
01/10/2025 20:20,5974.39
01/10/2025 20:25,6177.09
01/10/2025 20:30,6187.33
01/10/2025 20:35,6014.14
01/10/2025 20:40,6056.76
01/10/2025 20:45,6122.41
01/10/2025 20:50,6012.9
01/10/2025 20:55,6189.56
01/10/2025 21:00,6117.4
01/10/2025 21:05,5979.03
01/10/2025 21:10,6148.82
01/10/2025 21:15,5852.91
01/10/2025 21:20,5880.33
01/10/2025 21:25,5889.51
01/10/2025 21:30,6074.01
01/10/2025 21:35,5912.78
01/10/2025 21:40,6071.75
01/10/2025 21:45,5856.92
01/10/2025 21:50,5803.23
01/10/2025 21:55,5804.16
01/10/2025 22:00,5371.67
01/10/2025 22:05,5390.59
01/10/2025 22:10,5504.43
01/10/2025 22:15,5727.17
01/10/2025 22:20,5443.71
01/10/2025 22:25,5139.18
01/10/2025 22:30,5302.12
01/10/2025 22:35,5371.21
01/10/2025 22:40,5070.97
01/10/2025 22:45,5181.15
01/10/2025 22:50,5187.79
01/10/2025 22:55,5031.5
01/10/2025 23:00,5178.16
01/10/2025 23:05,5164.14
01/10/2025 23:10,5096.66
01/10/2025 23:15,4908.04
01/10/2025 23:20,4909.84
01/10/2025 23:25,5080.04
01/10/2025 23:30,5090.74
01/10/2025 23:35,4948.94
01/10/2025 23:40,4785.77
01/10/2025 23:45,4799.11
01/10/2025 23:50,4796.12
01/10/2025 23:55,4777.93
02/10/2025 00:00,4950.78
02/10/2025 00:05,5156.44
02/10/2025 00:10,5202.0
02/10/2025 00:15,5285.18
02/10/2025 00:20,5141.41
02/10/2025 00:25,4959.62
02/10/2025 00:30,5005.56
02/10/2025 00:35,4969.5
02/10/2025 00:40,5024.27
02/10/2025 00:45,5218.67
02/10/2025 00:50,5153.79
02/10/2025 00:55,4913.64
02/10/2025 01:00,5021.69
02/10/2025 01:05,5303.7
02/10/2025 01:10,5287.8
02/10/2025 01:15,5100.16
02/10/2025 01:20,5128.74
02/10/2025 01:25,4967.3
02/10/2025 01:30,5201.89
02/10/2025 01:35,5175.77
02/10/2025 01:40,5148.34
02/10/2025 01:45,5299.76
02/10/2025 01:50,5017.25
02/10/2025 01:55,5288.18
02/10/2025 02:00,3597.39
02/10/2025 02:05,3600.37
02/10/2025 02:10,3770.0
02/10/2025 02:15,3262.77
02/10/2025 02:20,3789.69
02/10/2025 02:25,3902.22
02/10/2025 02:30,3814.44
02/10/2025 02:35,3863.52
02/10/2025 02:40,3966.89
02/10/2025 02:45,3732.58
02/10/2025 02:50,4025.87
02/10/2025 02:55,3508.22
02/10/2025 03:00,3993.68
02/10/2025 03:05,3667.38
02/10/2025 03:10,3986.92
02/10/2025 03:15,3625.46
02/10/2025 03:20,3553.2
02/10/2025 03:25,3921.25
02/10/2025 03:30,3640.49
02/10/2025 03:35,3782.84
02/10/2025 03:40,3150.78
02/10/2025 03:45,3550.1
02/10/2025 03:50,3822.83
02/10/2025 03:55,3781.77
02/10/2025 04:00,3781.93
02/10/2025 04:05,3713.53
02/10/2025 04:10,3836.92
02/10/2025 04:15,3534.05
02/10/2025 04:20,3748.72
02/10/2025 04:25,3699.25
02/10/2025 04:30,3839.75
02/10/2025 04:35,3897.27
02/10/2025 04:40,3587.54
02/10/2025 04:45,3585.09
02/10/2025 04:50,3789.96
02/10/2025 04:55,3772.03
02/10/2025 05:00,4057.12
02/10/2025 05:05,4129.04
02/10/2025 05:10,4218.02
02/10/2025 05:15,3979.12
02/10/2025 05:20,4427.81
02/10/2025 05:25,4347.29
02/10/2025 05:30,4455.22
02/10/2025 05:35,4407.47
02/10/2025 05:40,4013.61
02/10/2025 05:45,4196.28
02/10/2025 05:50,4130.93
02/10/2025 05:55,4360.85
02/10/2025 06:00,4689.44
02/10/2025 06:05,4501.17
02/10/2025 06:10,4668.03
02/10/2025 06:15,4594.32
02/10/2025 06:20,4503.44
02/10/2025 06:25,4365.9
02/10/2025 06:30,4400.78
02/10/2025 06:35,4430.42
02/10/2025 06:40,4706.45
02/10/2025 06:45,4514.34
02/10/2025 06:50,4504.59
02/10/2025 06:55,4693.85
02/10/2025 07:00,4596.03
02/10/2025 07:05,4683.48
02/10/2025 07:10,4764.64
02/10/2025 07:15,4402.4
02/10/2025 07:20,4893.1
02/10/2025 07:25,4833.29
02/10/2025 07:30,4547.7
02/10/2025 07:35,4725.16
02/10/2025 07:40,4758.89
02/10/2025 07:45,4863.99
02/10/2025 07:50,4626.67
02/10/2025 07:55,4919.61
02/10/2025 08:00,4823.96
02/10/2025 08:05,5106.62
02/10/2025 08:10,4853.51
02/10/2025 08:15,5007.61
02/10/2025 08:20,4796.66
02/10/2025 08:25,4958.28
02/10/2025 08:30,4862.93
02/10/2025 08:35,5087.88
02/10/2025 08:40,4844.11
02/10/2025 08:45,5028.22
02/10/2025 08:50,4864.86
02/10/2025 08:55,4806.34
02/10/2025 09:00,5360.04
02/10/2025 09:05,5389.77
02/10/2025 09:10,5641.31
02/10/2025 09:15,5605.35
02/10/2025 09:20,5574.73
02/10/2025 09:25,5687.52
02/10/2025 09:30,5617.49
02/10/2025 09:35,5684.95
02/10/2025 09:40,5559.33
02/10/2025 09:45,5614.66
02/10/2025 09:50,5692.4
02/10/2025 09:55,5809.13
02/10/2025 10:00,5504.69
02/10/2025 10:05,5631.51
02/10/2025 10:10,5840.67
02/10/2025 10:15,5835.1
02/10/2025 10:20,5932.49
02/10/2025 10:25,5569.4
02/10/2025 10:30,5619.7
02/10/2025 10:35,5720.68
02/10/2025 10:40,5579.74
02/10/2025 10:45,5616.19
02/10/2025 10:50,5655.52
02/10/2025 10:55,5773.91
02/10/2025 11:00,5808.25
02/10/2025 11:05,5635.37
02/10/2025 11:10,5476.48
02/10/2025 11:15,5276.32
02/10/2025 11:20,5788.18
02/10/2025 11:25,5785.92
02/10/2025 11:30,5745.55
02/10/2025 11:35,5655.2
02/10/2025 11:40,5498.51
02/10/2025 11:45,5365.58
02/10/2025 11:50,5511.87
02/10/2025 11:55,5562.17
02/10/2025 12:00,4999.25
02/10/2025 12:05,5511.14
02/10/2025 12:10,5192.71
02/10/2025 12:15,5254.67
02/10/2025 12:20,4911.69
02/10/2025 12:25,5258.8
02/10/2025 12:30,5316.94
02/10/2025 12:35,5000.06
02/10/2025 12:40,5280.59
02/10/2025 12:45,5327.56
02/10/2025 12:50,5227.2
02/10/2025 12:55,5004.74
02/10/2025 13:00,5100.65
02/10/2025 13:05,5280.63
02/10/2025 13:10,5052.13
02/10/2025 13:15,4889.45
02/10/2025 13:20,4928.96
02/10/2025 13:25,5136.78
02/10/2025 13:30,5066.73
02/10/2025 13:35,5106.87
02/10/2025 13:40,4785.02
02/10/2025 13:45,5077.32
02/10/2025 13:50,4743.59
02/10/2025 13:55,4908.78
02/10/2025 14:00,5053.33
02/10/2025 14:05,4915.8
02/10/2025 14:10,4786.77
02/10/2025 14:15,4838.24
02/10/2025 14:20,4693.42
02/10/2025 14:25,4930.01
02/10/2025 14:30,4818.35
02/10/2025 14:35,4745.98
02/10/2025 14:40,4827.19
02/10/2025 14:45,5225.22
02/10/2025 14:50,4980.48
02/10/2025 14:55,4858.06
02/10/2025 15:00,4897.31
02/10/2025 15:05,4953.15
02/10/2025 15:10,5047.5
02/10/2025 15:15,5236.12
02/10/2025 15:20,4837.64
02/10/2025 15:25,5033.07
02/10/2025 15:30,4905.23
02/10/2025 15:35,5145.72
02/10/2025 15:40,5053.56
02/10/2025 15:45,5254.06
02/10/2025 15:50,5158.69
02/10/2025 15:55,5183.78
02/10/2025 16:00,5078.5
02/10/2025 16:05,5442.16
02/10/2025 16:10,5449.97
02/10/2025 16:15,5415.71
02/10/2025 16:20,5122.7
02/10/2025 16:25,5332.62
02/10/2025 16:30,5358.52
02/10/2025 16:35,5281.87
02/10/2025 16:40,5217.77
02/10/2025 16:45,5520.83
02/10/2025 16:50,5409.22
02/10/2025 16:55,5306.28
02/10/2025 17:00,5441.57
02/10/2025 17:05,5725.29
02/10/2025 17:10,5422.05
02/10/2025 17:15,5748.06
02/10/2025 17:20,5604.27
02/10/2025 17:25,5796.77
02/10/2025 17:30,5777.43
02/10/2025 17:35,5564.99
02/10/2025 17:40,5655.24
02/10/2025 17:45,5666.76
02/10/2025 17:50,5677.64
02/10/2025 17:55,5648.71
02/10/2025 18:00,5852.76
02/10/2025 18:05,5929.93
02/10/2025 18:10,6160.68
02/10/2025 18:15,5958.52
02/10/2025 18:20,6019.95
02/10/2025 18:25,5889.84
02/10/2025 18:30,6466.64
02/10/2025 18:35,6078.94
02/10/2025 18:40,6052.16
02/10/2025 18:45,6208.65
02/10/2025 18:50,5823.68
02/10/2025 18:55,5769.21
02/10/2025 19:00,6158.22
02/10/2025 19:05,6351.94
02/10/2025 19:10,6112.28
02/10/2025 19:15,6180.07
02/10/2025 19:20,6123.75
02/10/2025 19:25,6026.86
02/10/2025 19:30,6239.01
02/10/2025 19:35,6111.09
02/10/2025 19:40,6245.47
02/10/2025 19:45,5975.34
02/10/2025 19:50,6087.73
02/10/2025 19:55,5968.86
02/10/2025 20:00,6147.29
02/10/2025 20:05,6163.08
02/10/2025 20:10,6101.94
02/10/2025 20:15,6034.38
02/10/2025 20:20,6206.17
02/10/2025 20:25,6227.87
02/10/2025 20:30,6214.42
02/10/2025 20:35,6155.76
02/10/2025 20:40,6256.87
02/10/2025 20:45,6187.27
02/10/2025 20:50,6065.51
02/10/2025 20:55,6269.09
02/10/2025 21:00,6066.63
02/10/2025 21:05,6014.29
02/10/2025 21:10,6128.86
02/10/2025 21:15,6056.78
02/10/2025 21:20,5791.31
02/10/2025 21:25,6089.67
02/10/2025 21:30,5824.92
02/10/2025 21:35,5863.48
02/10/2025 21:40,5916.61
02/10/2025 21:45,6157.09
02/10/2025 21:50,6090.81
02/10/2025 21:55,5894.39
02/10/2025 22:00,5677.38
02/10/2025 22:05,5255.0
02/10/2025 22:10,5394.14
02/10/2025 22:15,5263.43
02/10/2025 22:20,5260.61
02/10/2025 22:25,5426.61
02/10/2025 22:30,5277.19
02/10/2025 22:35,5271.94
02/10/2025 22:40,5252.86
02/10/2025 22:45,5191.26
02/10/2025 22:50,5411.74
02/10/2025 22:55,4970.53
02/10/2025 23:00,5089.15
02/10/2025 23:05,4984.83
02/10/2025 23:10,5105.5
02/10/2025 23:15,5092.89
02/10/2025 23:20,5255.58
02/10/2025 23:25,5174.53
02/10/2025 23:30,4784.84
02/10/2025 23:35,5043.57
02/10/2025 23:40,4614.53
02/10/2025 23:45,4760.65
02/10/2025 23:50,4701.3
02/10/2025 23:55,4756.69
03/10/2025 00:00,5028.66
03/10/2025 00:05,5370.95
03/10/2025 00:10,5006.79
03/10/2025 00:15,5286.78
03/10/2025 00:20,4875.54
03/10/2025 00:25,4889.75
03/10/2025 00:30,4888.76
03/10/2025 00:35,5010.25
03/10/2025 00:40,4881.16
03/10/2025 00:45,5146.14
03/10/2025 00:50,5136.36
03/10/2025 00:55,5199.93
03/10/2025 01:00,5115.65
03/10/2025 01:05,5353.6
03/10/2025 01:10,5049.38
03/10/2025 01:15,4955.16
03/10/2025 01:20,5029.73
03/10/2025 01:25,4870.08
03/10/2025 01:30,5189.17
03/10/2025 01:35,5074.79
03/10/2025 01:40,5202.96
03/10/2025 01:45,5140.96
03/10/2025 01:50,4871.55
03/10/2025 01:55,5148.37
03/10/2025 02:00,3557.83
03/10/2025 02:05,3654.39
03/10/2025 02:10,3650.64
03/10/2025 02:15,3620.0
03/10/2025 02:20,3855.35
03/10/2025 02:25,3437.72
03/10/2025 02:30,3713.18
03/10/2025 02:35,3560.59
03/10/2025 02:40,3733.77
03/10/2025 02:45,3758.45
03/10/2025 02:50,3797.56
03/10/2025 02:55,3929.99
03/10/2025 03:00,3697.51
03/10/2025 03:05,3834.66
03/10/2025 03:10,3814.83
03/10/2025 03:15,3488.03
03/10/2025 03:20,3738.74
03/10/2025 03:25,3477.41
03/10/2025 03:30,3663.9
03/10/2025 03:35,3763.15
03/10/2025 03:40,3871.67
03/10/2025 03:45,3999.71
03/10/2025 03:50,3915.56
03/10/2025 03:55,3797.19
03/10/2025 04:00,3532.28
03/10/2025 04:05,3887.29
03/10/2025 04:10,3822.11
03/10/2025 04:15,3614.95
03/10/2025 04:20,3701.6
03/10/2025 04:25,3638.18
03/10/2025 04:30,3718.88
03/10/2025 04:35,3646.84
03/10/2025 04:40,3733.16
03/10/2025 04:45,3587.26
03/10/2025 04:50,3514.85
03/10/2025 04:55,3581.55
03/10/2025 05:00,4393.65
03/10/2025 05:05,4238.02
03/10/2025 05:10,4395.1
03/10/2025 05:15,4266.47
03/10/2025 05:20,4131.22
03/10/2025 05:25,4398.06
03/10/2025 05:30,4256.89
03/10/2025 05:35,4766.19
03/10/2025 05:40,4037.04
03/10/2025 05:45,4451.58
03/10/2025 05:50,4059.01
03/10/2025 05:55,4339.21
03/10/2025 06:00,4360.15
03/10/2025 06:05,4371.59
03/10/2025 06:10,4327.23
03/10/2025 06:15,4525.49
03/10/2025 06:20,4478.52
03/10/2025 06:25,4347.09
03/10/2025 06:30,4226.85
03/10/2025 06:35,4521.04
03/10/2025 06:40,4427.67
03/10/2025 06:45,4670.27
03/10/2025 06:50,4176.01
03/10/2025 06:55,4489.96
03/10/2025 07:00,4568.11
03/10/2025 07:05,4688.4
03/10/2025 07:10,4622.52
03/10/2025 07:15,4471.59
03/10/2025 07:20,4503.28
03/10/2025 07:25,4579.68
03/10/2025 07:30,4979.25
03/10/2025 07:35,5060.24
03/10/2025 07:40,4875.07
03/10/2025 07:45,4696.16
03/10/2025 07:50,5016.95
03/10/2025 07:55,4519.21
03/10/2025 08:00,4797.31
03/10/2025 08:05,5165.73
03/10/2025 08:10,4776.41
03/10/2025 08:15,5138.89
03/10/2025 08:20,4952.78
03/10/2025 08:25,4785.61
03/10/2025 08:30,4780.53
03/10/2025 08:35,5038.79
03/10/2025 08:40,4761.97
03/10/2025 08:45,4705.95
03/10/2025 08:50,5173.32
03/10/2025 08:55,4834.23
03/10/2025 09:00,5414.7
03/10/2025 09:05,5602.69
03/10/2025 09:10,5659.4
03/10/2025 09:15,5498.56
03/10/2025 09:20,5370.04
03/10/2025 09:25,5664.53
03/10/2025 09:30,5627.7
03/10/2025 09:35,5545.69
03/10/2025 09:40,5883.07
03/10/2025 09:45,5516.93
03/10/2025 09:50,5720.98
03/10/2025 09:55,5650.2
03/10/2025 10:00,5477.85
03/10/2025 10:05,5420.61
03/10/2025 10:10,5587.13
03/10/2025 10:15,5525.26
03/10/2025 10:20,5537.89
03/10/2025 10:25,5679.9
03/10/2025 10:30,5659.3
03/10/2025 10:35,5765.05
03/10/2025 10:40,5409.12
03/10/2025 10:45,5838.4
03/10/2025 10:50,5729.66
03/10/2025 10:55,5850.77
03/10/2025 11:00,5733.32
03/10/2025 11:05,5778.91
03/10/2025 11:10,5533.61
03/10/2025 11:15,5619.01
03/10/2025 11:20,5593.01
03/10/2025 11:25,5596.14
03/10/2025 11:30,5439.9
03/10/2025 11:35,5586.75
03/10/2025 11:40,5508.5
03/10/2025 11:45,5667.85
03/10/2025 11:50,5414.08
03/10/2025 11:55,5254.83
03/10/2025 12:00,5354.26
03/10/2025 12:05,4900.4
03/10/2025 12:10,5197.15
03/10/2025 12:15,5173.16
03/10/2025 12:20,5227.29
03/10/2025 12:25,5385.95
03/10/2025 12:30,5140.45
03/10/2025 12:35,5354.86
03/10/2025 12:40,5086.59
03/10/2025 12:45,5303.53
03/10/2025 12:50,4801.93
03/10/2025 12:55,5067.08
03/10/2025 13:00,5007.82
03/10/2025 13:05,4901.36
03/10/2025 13:10,5290.0
03/10/2025 13:15,4946.4
03/10/2025 13:20,4794.18
03/10/2025 13:25,4914.12
03/10/2025 13:30,5096.77
03/10/2025 13:35,4765.16
03/10/2025 13:40,4933.32
03/10/2025 13:45,4826.82
03/10/2025 13:50,4853.52
03/10/2025 13:55,5072.68
03/10/2025 14:00,4733.33
03/10/2025 14:05,5055.13
03/10/2025 14:10,5229.68
03/10/2025 14:15,4956.4
03/10/2025 14:20,4860.82
03/10/2025 14:25,5053.91
03/10/2025 14:30,4905.3
03/10/2025 14:35,5118.48
03/10/2025 14:40,5034.2
03/10/2025 14:45,4918.1
03/10/2025 14:50,4803.23
03/10/2025 14:55,4732.48
03/10/2025 15:00,4805.69
03/10/2025 15:05,4681.31
03/10/2025 15:10,4914.6
03/10/2025 15:15,5007.58
03/10/2025 15:20,5169.39
03/10/2025 15:25,5469.66
03/10/2025 15:30,5175.62
03/10/2025 15:35,5174.5
03/10/2025 15:40,5032.2
03/10/2025 15:45,5009.34
03/10/2025 15:50,5213.37
03/10/2025 15:55,5177.53
03/10/2025 16:00,5148.55
03/10/2025 16:05,5204.93
03/10/2025 16:10,5367.12
03/10/2025 16:15,5298.86
03/10/2025 16:20,4947.84
03/10/2025 16:25,5387.61
03/10/2025 16:30,5156.61
03/10/2025 16:35,5441.12
03/10/2025 16:40,5328.51
03/10/2025 16:45,5447.43
03/10/2025 16:50,5053.74
03/10/2025 16:55,5621.1
03/10/2025 17:00,5434.69
03/10/2025 17:05,5697.36
03/10/2025 17:10,5457.11
03/10/2025 17:15,5386.49
03/10/2025 17:20,5655.49
03/10/2025 17:25,5749.79
03/10/2025 17:30,5606.63
03/10/2025 17:35,5519.48
03/10/2025 17:40,5868.19
03/10/2025 17:45,5646.5
03/10/2025 17:50,5744.04
03/10/2025 17:55,5755.46
03/10/2025 18:00,5780.61
03/10/2025 18:05,6023.65
03/10/2025 18:10,6062.82
03/10/2025 18:15,5690.14
03/10/2025 18:20,5757.28
03/10/2025 18:25,6023.54
03/10/2025 18:30,5943.82
03/10/2025 18:35,5965.44
03/10/2025 18:40,5935.11
03/10/2025 18:45,5800.49
03/10/2025 18:50,5699.72
03/10/2025 18:55,5990.75
03/10/2025 19:00,6142.41
03/10/2025 19:05,6096.94
03/10/2025 19:10,6287.98
03/10/2025 19:15,6201.91
03/10/2025 19:20,6146.32
03/10/2025 19:25,6090.27
03/10/2025 19:30,6031.25
03/10/2025 19:35,6342.58
03/10/2025 19:40,6019.25
03/10/2025 19:45,6364.87
03/10/2025 19:50,6220.21
03/10/2025 19:55,6108.45
03/10/2025 20:00,6396.54
03/10/2025 20:05,6432.38
03/10/2025 20:10,6182.38
03/10/2025 20:15,6274.36
03/10/2025 20:20,6119.77
03/10/2025 20:25,6511.61
03/10/2025 20:30,6482.04
03/10/2025 20:35,6493.54
03/10/2025 20:40,6304.96
03/10/2025 20:45,6032.7
03/10/2025 20:50,6208.58
03/10/2025 20:55,6103.81
03/10/2025 21:00,5988.33
03/10/2025 21:05,6087.76
03/10/2025 21:10,6039.97
03/10/2025 21:15,6127.12
03/10/2025 21:20,6225.67
03/10/2025 21:25,6336.45
03/10/2025 21:30,5887.56
03/10/2025 21:35,6015.32
03/10/2025 21:40,6041.98
03/10/2025 21:45,6109.84
03/10/2025 21:50,6132.38
03/10/2025 21:55,5835.05
03/10/2025 22:00,5406.98
03/10/2025 22:05,5572.75
03/10/2025 22:10,5204.16
03/10/2025 22:15,5466.3
03/10/2025 22:20,5270.84
03/10/2025 22:25,5387.82
03/10/2025 22:30,5315.36
03/10/2025 22:35,5160.26
03/10/2025 22:40,4984.09
03/10/2025 22:45,5291.48
03/10/2025 22:50,4919.33
03/10/2025 22:55,5239.07
03/10/2025 23:00,4974.45
03/10/2025 23:05,5208.58
03/10/2025 23:10,4879.78
03/10/2025 23:15,4799.77
03/10/2025 23:20,4883.08
03/10/2025 23:25,4815.22
03/10/2025 23:30,4661.34
03/10/2025 23:35,4615.69
03/10/2025 23:40,4878.87
03/10/2025 23:45,4700.67
03/10/2025 23:50,4846.97
03/10/2025 23:55,4824.83
04/10/2025 00:00,4576.3
04/10/2025 00:05,4615.34
04/10/2025 00:10,4475.95
04/10/2025 00:15,4796.6
04/10/2025 00:20,4939.94
04/10/2025 00:25,4537.24
04/10/2025 00:30,4626.13
04/10/2025 00:35,4596.02
04/10/2025 00:40,4759.32
04/10/2025 00:45,4561.67
04/10/2025 00:50,4904.43
04/10/2025 00:55,4790.78
04/10/2025 01:00,4518.66
04/10/2025 01:05,4465.49
04/10/2025 01:10,4784.42
04/10/2025 01:15,4677.13
04/10/2025 01:20,4592.23
04/10/2025 01:25,4725.53
04/10/2025 01:30,4644.66
04/10/2025 01:35,4637.93
04/10/2025 01:40,4585.37
04/10/2025 01:45,4710.35
04/10/2025 01:50,4919.37
04/10/2025 01:55,4783.41
04/10/2025 02:00,3300.25
04/10/2025 02:05,3277.94
04/10/2025 02:10,3181.73
04/10/2025 02:15,3216.14
04/10/2025 02:20,3172.83
04/10/2025 02:25,3447.97
04/10/2025 02:30,3325.02
04/10/2025 02:35,3298.48
04/10/2025 02:40,3307.24
04/10/2025 02:45,3070.84
04/10/2025 02:50,3333.03
04/10/2025 02:55,3340.05
04/10/2025 03:00,3470.61
04/10/2025 03:05,3093.42
04/10/2025 03:10,3307.59
04/10/2025 03:15,3565.91
04/10/2025 03:20,3126.79
04/10/2025 03:25,3487.5
04/10/2025 03:30,3328.46
04/10/2025 03:35,3306.31
04/10/2025 03:40,2999.06
04/10/2025 03:45,3379.76
04/10/2025 03:50,3391.97
04/10/2025 03:55,3188.93
04/10/2025 04:00,3444.73
04/10/2025 04:05,3133.66
04/10/2025 04:10,3414.26
04/10/2025 04:15,3447.94
04/10/2025 04:20,3298.31
04/10/2025 04:25,3185.27
04/10/2025 04:30,3262.43
04/10/2025 04:35,3274.39
04/10/2025 04:40,3323.43
04/10/2025 04:45,3482.1
04/10/2025 04:50,3480.1
04/10/2025 04:55,3341.68
04/10/2025 05:00,3651.46
04/10/2025 05:05,4067.84
04/10/2025 05:10,3628.95
04/10/2025 05:15,3876.82
04/10/2025 05:20,4061.6
04/10/2025 05:25,3949.43
04/10/2025 05:30,3762.63
04/10/2025 05:35,3996.8
04/10/2025 05:40,3935.69
04/10/2025 05:45,4088.05
04/10/2025 05:50,3932.79
04/10/2025 05:55,3933.6
04/10/2025 06:00,3990.56
04/10/2025 06:05,4291.22
04/10/2025 06:10,4049.28
04/10/2025 06:15,3999.11
04/10/2025 06:20,4258.3
04/10/2025 06:25,4250.6
04/10/2025 06:30,4163.09
04/10/2025 06:35,4193.54
04/10/2025 06:40,3944.63
04/10/2025 06:45,4342.6
04/10/2025 06:50,3982.45
04/10/2025 06:55,4248.49
04/10/2025 07:00,4180.48
04/10/2025 07:05,4183.11
04/10/2025 07:10,4145.07
04/10/2025 07:15,4208.1
04/10/2025 07:20,4291.5
04/10/2025 07:25,4275.36
04/10/2025 07:30,4637.49
04/10/2025 07:35,4337.22
04/10/2025 07:40,4421.47
04/10/2025 07:45,4414.62
04/10/2025 07:50,4376.81
04/10/2025 07:55,4750.14
04/10/2025 08:00,4364.21
04/10/2025 08:05,4366.03
04/10/2025 08:10,4388.87
04/10/2025 08:15,4549.5
04/10/2025 08:20,4068.23
04/10/2025 08:25,4312.9
04/10/2025 08:30,4392.95
04/10/2025 08:35,4414.7
04/10/2025 08:40,4625.5
04/10/2025 08:45,4627.07
04/10/2025 08:50,4852.6
04/10/2025 08:55,4709.4
04/10/2025 09:00,5016.85
04/10/2025 09:05,5096.59
04/10/2025 09:10,5330.48
04/10/2025 09:15,5179.78
04/10/2025 09:20,5233.44
04/10/2025 09:25,5119.89
04/10/2025 09:30,5101.85
04/10/2025 09:35,5303.35
04/10/2025 09:40,5174.0
04/10/2025 09:45,5343.12
04/10/2025 09:50,5260.86
04/10/2025 09:55,5368.34
04/10/2025 10:00,5459.72
04/10/2025 10:05,5013.01
04/10/2025 10:10,5247.32
04/10/2025 10:15,5401.79
04/10/2025 10:20,5275.5
04/10/2025 10:25,5085.59
04/10/2025 10:30,5605.72
04/10/2025 10:35,5258.95
04/10/2025 10:40,5221.46
04/10/2025 10:45,5208.29
04/10/2025 10:50,5244.84
04/10/2025 10:55,5148.09
04/10/2025 11:00,5233.43
04/10/2025 11:05,5153.54
04/10/2025 11:10,5046.52
04/10/2025 11:15,5351.95
04/10/2025 11:20,5218.53
04/10/2025 11:25,5279.01
04/10/2025 11:30,5425.41
04/10/2025 11:35,5115.75
04/10/2025 11:40,5080.84
04/10/2025 11:45,5348.98
04/10/2025 11:50,5069.47
04/10/2025 11:55,5299.46
04/10/2025 12:00,4653.97
04/10/2025 12:05,4847.3
04/10/2025 12:10,4649.87
04/10/2025 12:15,4598.7
04/10/2025 12:20,4796.11
04/10/2025 12:25,4589.39
04/10/2025 12:30,4624.15
04/10/2025 12:35,4848.51
04/10/2025 12:40,4956.13
04/10/2025 12:45,4907.95
04/10/2025 12:50,4463.3
04/10/2025 12:55,4729.96
04/10/2025 13:00,4324.23
04/10/2025 13:05,4754.49
04/10/2025 13:10,4416.82
04/10/2025 13:15,4639.49
04/10/2025 13:20,4818.33
04/10/2025 13:25,4564.53
04/10/2025 13:30,4856.99
04/10/2025 13:35,4610.04
04/10/2025 13:40,4891.53
04/10/2025 13:45,4836.31
04/10/2025 13:50,4868.59
04/10/2025 13:55,4564.11
04/10/2025 14:00,4442.31
04/10/2025 14:05,4557.77
04/10/2025 14:10,4836.17
04/10/2025 14:15,4432.11
04/10/2025 14:20,4617.23
04/10/2025 14:25,4771.12
04/10/2025 14:30,4533.51
04/10/2025 14:35,4585.59
04/10/2025 14:40,4767.32
04/10/2025 14:45,4479.69
04/10/2025 14:50,4605.25
04/10/2025 14:55,4330.82
04/10/2025 15:00,4134.74
04/10/2025 15:05,4590.88
04/10/2025 15:10,4729.49
04/10/2025 15:15,4554.18
04/10/2025 15:20,4757.46
04/10/2025 15:25,4792.34
04/10/2025 15:30,4772.85
04/10/2025 15:35,4651.49
04/10/2025 15:40,4679.72
04/10/2025 15:45,4504.46
04/10/2025 15:50,4463.95
04/10/2025 15:55,4541.37
04/10/2025 16:00,4775.78
04/10/2025 16:05,4838.65
04/10/2025 16:10,4522.05
04/10/2025 16:15,4740.25
04/10/2025 16:20,4895.89
04/10/2025 16:25,4935.56
04/10/2025 16:30,5160.58
04/10/2025 16:35,5150.79
04/10/2025 16:40,4983.56
04/10/2025 16:45,4946.3
04/10/2025 16:50,4913.51
04/10/2025 16:55,5306.94
04/10/2025 17:00,5021.64
04/10/2025 17:05,5123.85
04/10/2025 17:10,5031.96
04/10/2025 17:15,5156.37
04/10/2025 17:20,5261.55
04/10/2025 17:25,5136.28
04/10/2025 17:30,5213.71
04/10/2025 17:35,5159.99
04/10/2025 17:40,5550.68
04/10/2025 17:45,5413.76
04/10/2025 17:50,5360.35
04/10/2025 17:55,5345.29
04/10/2025 18:00,5267.58
04/10/2025 18:05,5532.98
04/10/2025 18:10,5582.61
04/10/2025 18:15,5416.88
04/10/2025 18:20,5590.97
04/10/2025 18:25,5840.1
04/10/2025 18:30,5788.57
04/10/2025 18:35,5750.48
04/10/2025 18:40,5443.9
04/10/2025 18:45,5697.53
04/10/2025 18:50,5725.7
04/10/2025 18:55,5468.01
04/10/2025 19:00,5506.39
04/10/2025 19:05,5634.78
04/10/2025 19:10,5632.85
04/10/2025 19:15,5971.99
04/10/2025 19:20,5832.23
04/10/2025 19:25,5928.04
04/10/2025 19:30,5618.68
04/10/2025 19:35,5649.07
04/10/2025 19:40,6009.42
04/10/2025 19:45,5730.28
04/10/2025 19:50,5748.77
04/10/2025 19:55,5728.37
04/10/2025 20:00,5766.31
04/10/2025 20:05,5740.1
04/10/2025 20:10,5715.77
04/10/2025 20:15,5655.73
04/10/2025 20:20,5789.49
04/10/2025 20:25,5834.59
04/10/2025 20:30,5984.71
04/10/2025 20:35,5855.46
04/10/2025 20:40,5887.67
04/10/2025 20:45,5852.51
04/10/2025 20:50,5845.79
04/10/2025 20:55,5570.32
04/10/2025 21:00,5795.32
04/10/2025 21:05,5593.98
04/10/2025 21:10,5569.25
04/10/2025 21:15,5719.52
04/10/2025 21:20,5750.92
04/10/2025 21:25,5527.41
04/10/2025 21:30,5345.08
04/10/2025 21:35,5452.88
04/10/2025 21:40,5429.19
04/10/2025 21:45,5400.97
04/10/2025 21:50,5185.61
04/10/2025 21:55,5281.06
04/10/2025 22:00,4981.54
04/10/2025 22:05,5059.96
04/10/2025 22:10,5179.34
04/10/2025 22:15,5189.89
04/10/2025 22:20,5130.98
04/10/2025 22:25,4947.19
04/10/2025 22:30,4671.69
04/10/2025 22:35,5034.82
04/10/2025 22:40,4887.29
04/10/2025 22:45,4850.16
04/10/2025 22:50,4808.42
04/10/2025 22:55,4768.17
04/10/2025 23:00,4779.42
04/10/2025 23:05,4827.26
04/10/2025 23:10,4407.23
04/10/2025 23:15,4823.97
04/10/2025 23:20,4360.81
04/10/2025 23:25,4563.43
04/10/2025 23:30,4154.73
04/10/2025 23:35,4379.95
04/10/2025 23:40,4261.24
04/10/2025 23:45,4328.43
04/10/2025 23:50,4490.45
04/10/2025 23:55,4431.11
05/10/2025 00:00,4629.28
05/10/2025 00:05,4836.83
05/10/2025 00:10,4622.08
05/10/2025 00:15,4751.11
05/10/2025 00:20,4467.96
05/10/2025 00:25,4413.05
05/10/2025 00:30,4760.57
05/10/2025 00:35,4528.63
05/10/2025 00:40,4497.04
05/10/2025 00:45,4783.64
05/10/2025 00:50,4794.95
05/10/2025 00:55,4721.82
05/10/2025 01:00,4562.88
05/10/2025 01:05,4749.76
05/10/2025 01:10,4597.67
05/10/2025 01:15,4759.07
05/10/2025 01:20,5004.96
05/10/2025 01:25,4499.92
05/10/2025 01:30,4523.2
05/10/2025 01:35,4800.41
05/10/2025 01:40,4749.9
05/10/2025 01:45,4878.39
05/10/2025 01:50,5087.19
05/10/2025 01:55,5005.89
05/10/2025 02:00,3381.09
05/10/2025 02:05,3045.6
05/10/2025 02:10,3292.45
05/10/2025 02:15,3469.76
05/10/2025 02:20,3089.22
05/10/2025 02:25,3401.59
05/10/2025 02:30,3135.32
05/10/2025 02:35,3197.76
05/10/2025 02:40,3220.88
05/10/2025 02:45,3421.03
05/10/2025 02:50,3356.47
05/10/2025 02:55,3646.75
05/10/2025 03:00,3452.94
05/10/2025 03:05,3094.26
05/10/2025 03:10,3163.27
05/10/2025 03:15,3358.48
05/10/2025 03:20,3079.23
05/10/2025 03:25,3306.61
05/10/2025 03:30,3259.13
05/10/2025 03:35,3253.95
05/10/2025 03:40,3449.89
05/10/2025 03:45,3277.55
05/10/2025 03:50,3213.07
05/10/2025 03:55,3254.68
05/10/2025 04:00,3132.38
05/10/2025 04:05,3443.59
05/10/2025 04:10,3122.14
05/10/2025 04:15,3518.99
05/10/2025 04:20,3402.65
05/10/2025 04:25,3282.43
05/10/2025 04:30,3281.9
05/10/2025 04:35,3007.56
05/10/2025 04:40,3463.11
05/10/2025 04:45,3441.84
05/10/2025 04:50,3354.65
05/10/2025 04:55,3382.91
05/10/2025 05:00,3887.54
05/10/2025 05:05,3839.1
05/10/2025 05:10,3804.31
05/10/2025 05:15,3946.22
05/10/2025 05:20,4133.28
05/10/2025 05:25,3958.34
05/10/2025 05:30,3915.65
05/10/2025 05:35,3874.08
05/10/2025 05:40,4116.6
05/10/2025 05:45,4130.89
05/10/2025 05:50,3995.86
05/10/2025 05:55,4017.88
05/10/2025 06:00,4344.91
05/10/2025 06:05,3747.52
05/10/2025 06:10,4034.88
05/10/2025 06:15,4035.99
05/10/2025 06:20,3897.02
05/10/2025 06:25,3905.77
05/10/2025 06:30,4414.09
05/10/2025 06:35,4100.55
05/10/2025 06:40,4026.98
05/10/2025 06:45,4183.39
05/10/2025 06:50,4054.35
05/10/2025 06:55,4211.61
05/10/2025 07:00,4317.53
05/10/2025 07:05,4155.78
05/10/2025 07:10,4258.74
05/10/2025 07:15,4269.71
05/10/2025 07:20,3969.22
05/10/2025 07:25,4143.02
05/10/2025 07:30,4405.07
05/10/2025 07:35,4235.42
05/10/2025 07:40,4240.5
05/10/2025 07:45,4280.63
05/10/2025 07:50,4221.37
05/10/2025 07:55,4045.35
05/10/2025 08:00,4328.05
05/10/2025 08:05,4493.84
05/10/2025 08:10,4568.73
05/10/2025 08:15,4593.29
05/10/2025 08:20,4530.49
05/10/2025 08:25,4315.3
05/10/2025 08:30,4381.03
05/10/2025 08:35,4607.86
05/10/2025 08:40,4446.68
05/10/2025 08:45,4678.26
05/10/2025 08:50,4442.84
05/10/2025 08:55,4639.41
05/10/2025 09:00,5206.66
05/10/2025 09:05,5214.1
05/10/2025 09:10,5005.59
05/10/2025 09:15,5313.96
05/10/2025 09:20,5053.32
05/10/2025 09:25,5200.08
05/10/2025 09:30,5072.39
05/10/2025 09:35,5228.98
05/10/2025 09:40,5106.51
05/10/2025 09:45,5158.43
05/10/2025 09:50,5380.15
05/10/2025 09:55,5324.28
05/10/2025 10:00,5253.69
05/10/2025 10:05,5367.51
05/10/2025 10:10,5407.54
05/10/2025 10:15,5228.67
05/10/2025 10:20,5585.87
05/10/2025 10:25,5633.7
05/10/2025 10:30,5402.5
05/10/2025 10:35,5645.27
05/10/2025 10:40,5305.41
05/10/2025 10:45,5171.94
05/10/2025 10:50,5220.23
05/10/2025 10:55,5245.72
05/10/2025 11:00,5175.16
05/10/2025 11:05,5153.44
05/10/2025 11:10,5551.83
05/10/2025 11:15,5550.5
05/10/2025 11:20,5195.05
05/10/2025 11:25,5107.73
05/10/2025 11:30,5216.75
05/10/2025 11:35,5426.18
05/10/2025 11:40,5400.71
05/10/2025 11:45,5187.65
05/10/2025 11:50,4998.36
05/10/2025 11:55,5110.04
05/10/2025 12:00,4949.78
05/10/2025 12:05,4609.99
05/10/2025 12:10,4840.72
05/10/2025 12:15,4863.62
05/10/2025 12:20,4782.06
05/10/2025 12:25,4897.18
05/10/2025 12:30,4629.86
05/10/2025 12:35,4742.79
05/10/2025 12:40,4840.64
05/10/2025 12:45,4723.35
05/10/2025 12:50,4393.98
05/10/2025 12:55,4990.92
05/10/2025 13:00,4480.41
05/10/2025 13:05,4806.34
05/10/2025 13:10,4560.2
05/10/2025 13:15,4864.88
05/10/2025 13:20,4643.7
05/10/2025 13:25,4655.23
05/10/2025 13:30,4828.94
05/10/2025 13:35,4618.83
05/10/2025 13:40,4579.24
05/10/2025 13:45,4681.01
05/10/2025 13:50,4364.9
05/10/2025 13:55,4496.57
05/10/2025 14:00,4787.93
05/10/2025 14:05,4665.48
05/10/2025 14:10,4686.79
05/10/2025 14:15,4654.68
05/10/2025 14:20,4597.95
05/10/2025 14:25,4743.03
05/10/2025 14:30,4565.67
05/10/2025 14:35,4361.22
05/10/2025 14:40,4501.55
05/10/2025 14:45,4285.49
05/10/2025 14:50,4536.82
05/10/2025 14:55,4650.3
05/10/2025 15:00,4351.66
05/10/2025 15:05,4282.8
05/10/2025 15:10,4317.21
05/10/2025 15:15,4420.22
05/10/2025 15:20,4612.93
05/10/2025 15:25,4670.88
05/10/2025 15:30,4849.13
05/10/2025 15:35,4550.84
05/10/2025 15:40,4335.94
05/10/2025 15:45,4781.94
05/10/2025 15:50,4460.04
05/10/2025 15:55,4806.37
05/10/2025 16:00,4821.05
05/10/2025 16:05,4728.97
05/10/2025 16:10,4923.66
05/10/2025 16:15,4846.18
05/10/2025 16:20,4779.45
05/10/2025 16:25,4853.37
05/10/2025 16:30,4697.12
05/10/2025 16:35,4877.49
05/10/2025 16:40,5232.57
05/10/2025 16:45,4947.36
05/10/2025 16:50,5207.58
05/10/2025 16:55,5160.7
05/10/2025 17:00,5011.53
05/10/2025 17:05,5021.53
05/10/2025 17:10,4957.85
05/10/2025 17:15,4911.13
05/10/2025 17:20,4981.87
05/10/2025 17:25,5457.05
05/10/2025 17:30,5420.37
05/10/2025 17:35,5170.85
05/10/2025 17:40,5299.29
05/10/2025 17:45,5349.08
05/10/2025 17:50,5413.83
05/10/2025 17:55,5102.24
05/10/2025 18:00,5754.54
05/10/2025 18:05,5424.97
05/10/2025 18:10,5405.75
05/10/2025 18:15,5564.92
05/10/2025 18:20,5671.28
05/10/2025 18:25,5499.34
05/10/2025 18:30,5670.75
05/10/2025 18:35,5786.26
05/10/2025 18:40,5605.34
05/10/2025 18:45,5691.25
05/10/2025 18:50,5806.9
05/10/2025 18:55,5728.31
05/10/2025 19:00,6036.35
05/10/2025 19:05,5671.55
05/10/2025 19:10,5850.63
05/10/2025 19:15,5870.18
05/10/2025 19:20,5735.84
05/10/2025 19:25,5719.38
05/10/2025 19:30,5664.46
05/10/2025 19:35,5910.83
05/10/2025 19:40,5914.12
05/10/2025 19:45,5858.01
05/10/2025 19:50,5787.06
05/10/2025 19:55,5793.39
05/10/2025 20:00,5840.96
05/10/2025 20:05,5792.04
05/10/2025 20:10,5693.32
05/10/2025 20:15,5713.22
05/10/2025 20:20,5573.39
05/10/2025 20:25,5796.84
05/10/2025 20:30,5708.21
05/10/2025 20:35,5629.65
05/10/2025 20:40,5703.35
05/10/2025 20:45,5728.88
05/10/2025 20:50,5666.58
05/10/2025 20:55,5553.17
05/10/2025 21:00,5720.8
05/10/2025 21:05,5797.66
05/10/2025 21:10,5653.3
05/10/2025 21:15,5592.52
05/10/2025 21:20,5407.05
05/10/2025 21:25,5698.94
05/10/2025 21:30,5460.5
05/10/2025 21:35,5574.26
05/10/2025 21:40,5785.27
05/10/2025 21:45,5390.96
05/10/2025 21:50,5696.69
05/10/2025 21:55,5471.57
05/10/2025 22:00,5145.22
05/10/2025 22:05,5181.98
05/10/2025 22:10,4918.01
05/10/2025 22:15,5080.25
05/10/2025 22:20,5093.71
05/10/2025 22:25,4950.89
05/10/2025 22:30,4861.69
05/10/2025 22:35,4841.18
05/10/2025 22:40,4970.02
05/10/2025 22:45,5040.56
05/10/2025 22:50,4798.02
05/10/2025 22:55,4670.0
05/10/2025 23:00,4535.78
05/10/2025 23:05,4730.86
05/10/2025 23:10,4497.8
05/10/2025 23:15,4592.86
05/10/2025 23:20,4515.97
05/10/2025 23:25,4499.11
05/10/2025 23:30,4274.2
05/10/2025 23:35,4546.96
05/10/2025 23:40,4255.42
05/10/2025 23:45,4421.42
05/10/2025 23:50,4502.12
05/10/2025 23:55,4140.4
06/10/2025 00:00,5096.24
06/10/2025 00:05,4984.44
06/10/2025 00:10,4998.67
06/10/2025 00:15,5053.17
06/10/2025 00:20,4921.51
06/10/2025 00:25,5209.34
06/10/2025 00:30,4967.24
06/10/2025 00:35,5097.11
06/10/2025 00:40,4934.03
06/10/2025 00:45,5191.8
06/10/2025 00:50,4934.32
06/10/2025 00:55,5035.01
06/10/2025 01:00,4962.64
06/10/2025 01:05,4961.46
06/10/2025 01:10,5167.44
06/10/2025 01:15,5103.05
06/10/2025 01:20,5432.99
06/10/2025 01:25,4807.27
06/10/2025 01:30,5053.15
06/10/2025 01:35,5354.65
06/10/2025 01:40,4903.07
06/10/2025 01:45,5202.92
06/10/2025 01:50,4895.35
06/10/2025 01:55,5206.84
06/10/2025 02:00,3829.56
06/10/2025 02:05,3888.61
06/10/2025 02:10,3682.18
06/10/2025 02:15,3513.04
06/10/2025 02:20,3870.36
06/10/2025 02:25,3355.4
06/10/2025 02:30,3828.17
06/10/2025 02:35,3337.62
06/10/2025 02:40,3469.44
06/10/2025 02:45,3695.46
06/10/2025 02:50,3517.71
06/10/2025 02:55,3731.53
06/10/2025 03:00,3757.39
06/10/2025 03:05,3836.92
06/10/2025 03:10,3615.5
06/10/2025 03:15,3530.08
06/10/2025 03:20,3892.78
06/10/2025 03:25,3536.65
06/10/2025 03:30,3493.2
06/10/2025 03:35,3598.82
06/10/2025 03:40,3780.93
06/10/2025 03:45,3805.12
06/10/2025 03:50,4005.77
06/10/2025 03:55,3754.45
06/10/2025 04:00,3791.61
06/10/2025 04:05,3978.16
06/10/2025 04:10,3850.06
06/10/2025 04:15,3869.09
06/10/2025 04:20,3556.2
06/10/2025 04:25,3748.02
06/10/2025 04:30,3650.12
06/10/2025 04:35,3762.4
06/10/2025 04:40,3771.88
06/10/2025 04:45,3647.37
06/10/2025 04:50,3830.96
06/10/2025 04:55,3721.5
06/10/2025 05:00,4100.99
06/10/2025 05:05,4200.41
06/10/2025 05:10,4425.97
06/10/2025 05:15,4242.38
06/10/2025 05:20,4117.49
06/10/2025 05:25,4226.41
06/10/2025 05:30,4347.14
06/10/2025 05:35,4403.48
06/10/2025 05:40,4563.08
06/10/2025 05:45,4283.13
06/10/2025 05:50,4235.29
06/10/2025 05:55,4173.2
06/10/2025 06:00,4307.37
06/10/2025 06:05,4540.18
06/10/2025 06:10,4255.3
06/10/2025 06:15,4718.42
06/10/2025 06:20,4261.2
06/10/2025 06:25,4726.91
06/10/2025 06:30,4550.43
06/10/2025 06:35,4270.04
06/10/2025 06:40,4809.85
06/10/2025 06:45,4408.16
06/10/2025 06:50,4511.48
06/10/2025 06:55,4490.43
06/10/2025 07:00,4579.85
06/10/2025 07:05,4452.74
06/10/2025 07:10,4591.01
06/10/2025 07:15,4579.34
06/10/2025 07:20,4656.46
06/10/2025 07:25,4748.46
06/10/2025 07:30,4728.46
06/10/2025 07:35,4817.82
06/10/2025 07:40,4830.38
06/10/2025 07:45,4775.26
06/10/2025 07:50,4725.96
06/10/2025 07:55,4927.98
06/10/2025 08:00,4798.95
06/10/2025 08:05,4849.87
06/10/2025 08:10,4830.0
06/10/2025 08:15,4616.72
06/10/2025 08:20,4764.56
06/10/2025 08:25,4763.47
06/10/2025 08:30,4896.93
06/10/2025 08:35,4904.61
06/10/2025 08:40,4842.0
06/10/2025 08:45,4827.36
06/10/2025 08:50,5267.43
06/10/2025 08:55,5261.45
06/10/2025 09:00,5606.79
06/10/2025 09:05,5617.64
06/10/2025 09:10,5865.33
06/10/2025 09:15,5657.71
06/10/2025 09:20,5391.88
06/10/2025 09:25,5845.79
06/10/2025 09:30,5705.76
06/10/2025 09:35,5518.43
06/10/2025 09:40,5219.87
06/10/2025 09:45,5552.25
06/10/2025 09:50,5509.03
06/10/2025 09:55,5816.82
06/10/2025 10:00,5496.44
06/10/2025 10:05,5861.43
06/10/2025 10:10,5478.08
06/10/2025 10:15,6045.63
06/10/2025 10:20,5727.28
06/10/2025 10:25,5707.99
06/10/2025 10:30,5730.41
06/10/2025 10:35,5580.11
06/10/2025 10:40,6069.55
06/10/2025 10:45,5583.02
06/10/2025 10:50,5999.02
06/10/2025 10:55,5465.67
06/10/2025 11:00,5791.34
06/10/2025 11:05,5602.93
06/10/2025 11:10,5613.69
06/10/2025 11:15,5434.58
06/10/2025 11:20,5940.3
06/10/2025 11:25,5663.46
06/10/2025 11:30,5691.28
06/10/2025 11:35,5276.78
06/10/2025 11:40,5504.83
06/10/2025 11:45,5597.1
06/10/2025 11:50,5461.8
06/10/2025 11:55,5423.92
06/10/2025 12:00,5360.91
06/10/2025 12:05,5122.3
06/10/2025 12:10,5385.73
06/10/2025 12:15,5059.92
06/10/2025 12:20,5162.88
06/10/2025 12:25,5362.47
06/10/2025 12:30,5151.42
06/10/2025 12:35,4956.16
06/10/2025 12:40,5143.08
06/10/2025 12:45,5137.6
06/10/2025 12:50,5066.03
06/10/2025 12:55,4993.96
06/10/2025 13:00,5046.0
06/10/2025 13:05,5376.52
06/10/2025 13:10,4980.08
06/10/2025 13:15,5312.09
06/10/2025 13:20,4972.56
06/10/2025 13:25,4949.12
06/10/2025 13:30,5066.76
06/10/2025 13:35,5119.93
06/10/2025 13:40,5211.73
06/10/2025 13:45,4910.95
06/10/2025 13:50,5228.97
06/10/2025 13:55,5195.71
06/10/2025 14:00,5057.96
06/10/2025 14:05,4928.68
06/10/2025 14:10,5106.17
06/10/2025 14:15,5099.54
06/10/2025 14:20,5011.78
06/10/2025 14:25,5122.74
06/10/2025 14:30,4984.67
06/10/2025 14:35,4823.24
06/10/2025 14:40,4854.38
06/10/2025 14:45,4801.18
06/10/2025 14:50,4878.88
06/10/2025 14:55,4885.78
06/10/2025 15:00,4934.59
06/10/2025 15:05,4837.8
06/10/2025 15:10,5171.97
06/10/2025 15:15,4812.9
06/10/2025 15:20,4938.16
06/10/2025 15:25,4888.6
06/10/2025 15:30,4876.69
06/10/2025 15:35,4839.63
06/10/2025 15:40,4948.18
06/10/2025 15:45,5009.8
06/10/2025 15:50,4772.11
06/10/2025 15:55,5228.98
06/10/2025 16:00,5132.0
06/10/2025 16:05,5605.33
06/10/2025 16:10,5084.56
06/10/2025 16:15,5386.18
06/10/2025 16:20,5378.29
06/10/2025 16:25,5309.1
06/10/2025 16:30,5391.68
06/10/2025 16:35,5269.54
06/10/2025 16:40,5397.88
06/10/2025 16:45,5407.68
06/10/2025 16:50,5242.78
06/10/2025 16:55,5232.64
06/10/2025 17:00,5340.96
06/10/2025 17:05,5631.11
06/10/2025 17:10,5782.72
06/10/2025 17:15,5447.56
06/10/2025 17:20,5875.87
06/10/2025 17:25,5605.25
06/10/2025 17:30,5658.69
06/10/2025 17:35,5658.29
06/10/2025 17:40,5656.48
06/10/2025 17:45,5772.8
06/10/2025 17:50,5706.79
06/10/2025 17:55,5787.53
06/10/2025 18:00,5956.69
06/10/2025 18:05,6151.33
06/10/2025 18:10,5805.85
06/10/2025 18:15,6262.53
06/10/2025 18:20,6109.02
06/10/2025 18:25,6179.1
06/10/2025 18:30,6240.57
06/10/2025 18:35,5991.52
06/10/2025 18:40,6074.34
06/10/2025 18:45,6305.86
06/10/2025 18:50,6394.01
06/10/2025 18:55,6241.42
06/10/2025 19:00,5982.05
06/10/2025 19:05,6037.15
06/10/2025 19:10,6206.49
06/10/2025 19:15,6254.21
06/10/2025 19:20,5901.43
06/10/2025 19:25,6201.84
06/10/2025 19:30,6175.55
06/10/2025 19:35,5890.65
06/10/2025 19:40,6219.07
06/10/2025 19:45,6032.57
06/10/2025 19:50,5985.48
06/10/2025 19:55,6322.43
06/10/2025 20:00,6372.2
06/10/2025 20:05,6411.96
06/10/2025 20:10,6073.62
06/10/2025 20:15,6157.76
06/10/2025 20:20,6229.88
06/10/2025 20:25,6337.38
06/10/2025 20:30,6021.01
06/10/2025 20:35,6381.62
06/10/2025 20:40,5988.2
06/10/2025 20:45,6335.35
06/10/2025 20:50,6121.75
06/10/2025 20:55,5891.42
06/10/2025 21:00,6244.34
06/10/2025 21:05,5907.77
06/10/2025 21:10,6239.28
06/10/2025 21:15,6183.52
06/10/2025 21:20,6083.65
06/10/2025 21:25,5852.48
06/10/2025 21:30,6113.51
06/10/2025 21:35,6060.39
06/10/2025 21:40,5942.1
06/10/2025 21:45,5793.81
06/10/2025 21:50,5870.71
06/10/2025 21:55,6157.93
06/10/2025 22:00,5428.98
06/10/2025 22:05,5493.2
06/10/2025 22:10,5341.52
06/10/2025 22:15,5357.94
06/10/2025 22:20,5476.96
06/10/2025 22:25,5427.3
06/10/2025 22:30,5353.07
06/10/2025 22:35,5242.0
06/10/2025 22:40,5389.63
06/10/2025 22:45,4951.43
06/10/2025 22:50,5151.79
06/10/2025 22:55,4851.05
06/10/2025 23:00,5332.74
06/10/2025 23:05,5094.98
06/10/2025 23:10,4993.34
06/10/2025 23:15,4972.69
06/10/2025 23:20,4715.83
06/10/2025 23:25,4871.17
06/10/2025 23:30,4726.06
06/10/2025 23:35,4848.56
06/10/2025 23:40,5019.38
06/10/2025 23:45,4704.49
06/10/2025 23:50,4511.99
06/10/2025 23:55,4722.6
07/10/2025 00:00,5040.26
07/10/2025 00:05,5025.5
07/10/2025 00:10,5233.99
07/10/2025 00:15,4962.47
07/10/2025 00:20,5195.01
07/10/2025 00:25,5228.33
07/10/2025 00:30,5305.43
07/10/2025 00:35,5315.56
07/10/2025 00:40,5016.05
07/10/2025 00:45,5164.28
07/10/2025 00:50,4673.35
07/10/2025 00:55,5155.18
07/10/2025 01:00,5003.25
07/10/2025 01:05,5167.18
07/10/2025 01:10,5057.38
07/10/2025 01:15,5306.9
07/10/2025 01:20,5146.29
07/10/2025 01:25,5117.04
07/10/2025 01:30,5134.54
07/10/2025 01:35,5109.88
07/10/2025 01:40,5079.12
07/10/2025 01:45,4966.56
07/10/2025 01:50,5006.92
07/10/2025 01:55,4894.8
07/10/2025 02:00,3623.51
07/10/2025 02:05,3687.22
07/10/2025 02:10,3621.66
07/10/2025 02:15,3706.84
07/10/2025 02:20,3622.65
07/10/2025 02:25,3799.59
07/10/2025 02:30,3723.47
07/10/2025 02:35,3719.07
07/10/2025 02:40,3630.6
07/10/2025 02:45,3832.22
07/10/2025 02:50,3694.26
07/10/2025 02:55,3748.76
07/10/2025 03:00,3763.96
07/10/2025 03:05,3716.5
07/10/2025 03:10,3496.51
07/10/2025 03:15,3824.85
07/10/2025 03:20,3702.19
07/10/2025 03:25,3619.26
07/10/2025 03:30,3777.61
07/10/2025 03:35,3480.92
07/10/2025 03:40,3564.72
07/10/2025 03:45,3738.27
07/10/2025 03:50,3995.39
07/10/2025 03:55,3755.48
07/10/2025 04:00,3852.55
07/10/2025 04:05,3653.63
07/10/2025 04:10,3569.24
07/10/2025 04:15,3693.96
07/10/2025 04:20,3900.22
07/10/2025 04:25,3947.47
07/10/2025 04:30,3717.71
07/10/2025 04:35,3810.6
07/10/2025 04:40,3894.53
07/10/2025 04:45,3537.3
07/10/2025 04:50,4003.97
07/10/2025 04:55,3531.7
07/10/2025 05:00,4030.6
07/10/2025 05:05,4277.87
07/10/2025 05:10,4137.74
07/10/2025 05:15,4059.85
07/10/2025 05:20,3973.97
07/10/2025 05:25,4200.14
07/10/2025 05:30,4454.31
07/10/2025 05:35,4126.58
07/10/2025 05:40,4389.24
07/10/2025 05:45,4303.41
07/10/2025 05:50,4488.26
07/10/2025 05:55,4185.05
07/10/2025 06:00,4035.48
07/10/2025 06:05,4227.87
07/10/2025 06:10,4070.91
07/10/2025 06:15,4672.47
07/10/2025 06:20,4173.13
07/10/2025 06:25,4547.56
07/10/2025 06:30,4693.28
07/10/2025 06:35,4482.56
07/10/2025 06:40,4562.26
07/10/2025 06:45,4502.98
07/10/2025 06:50,4553.73
07/10/2025 06:55,4608.11
07/10/2025 07:00,4858.72
07/10/2025 07:05,4718.41
07/10/2025 07:10,4523.4
07/10/2025 07:15,4752.3
07/10/2025 07:20,4615.93
07/10/2025 07:25,4620.04
07/10/2025 07:30,4745.93
07/10/2025 07:35,4675.02
07/10/2025 07:40,4658.19
07/10/2025 07:45,4510.89
07/10/2025 07:50,4687.19
07/10/2025 07:55,4703.0
07/10/2025 08:00,4830.37
07/10/2025 08:05,4877.75
07/10/2025 08:10,4910.42
07/10/2025 08:15,4843.76
07/10/2025 08:20,4922.12
07/10/2025 08:25,4852.57
07/10/2025 08:30,5015.9
07/10/2025 08:35,4490.06
07/10/2025 08:40,5048.51
07/10/2025 08:45,4927.35
07/10/2025 08:50,4955.04
07/10/2025 08:55,4950.93
07/10/2025 09:00,5588.09
07/10/2025 09:05,5334.27
07/10/2025 09:10,5666.18
07/10/2025 09:15,5621.99
07/10/2025 09:20,5573.11
07/10/2025 09:25,5560.89
07/10/2025 09:30,5684.11
07/10/2025 09:35,5594.36
07/10/2025 09:40,5887.35
07/10/2025 09:45,5806.73
07/10/2025 09:50,5612.13
07/10/2025 09:55,5797.45
07/10/2025 10:00,5701.24
07/10/2025 10:05,5551.46
07/10/2025 10:10,5567.24
07/10/2025 10:15,5777.41
07/10/2025 10:20,5883.37
07/10/2025 10:25,5646.82
07/10/2025 10:30,5658.95
07/10/2025 10:35,5509.19
07/10/2025 10:40,5358.77
07/10/2025 10:45,5767.38
07/10/2025 10:50,5968.05
07/10/2025 10:55,5861.16
07/10/2025 11:00,5360.86
07/10/2025 11:05,5620.25
07/10/2025 11:10,5426.87
07/10/2025 11:15,5704.26
07/10/2025 11:20,5733.09
07/10/2025 11:25,5771.29
07/10/2025 11:30,5680.15
07/10/2025 11:35,5519.54
07/10/2025 11:40,5568.45
07/10/2025 11:45,5708.11
07/10/2025 11:50,5492.97
07/10/2025 11:55,5631.02
07/10/2025 12:00,5276.85
07/10/2025 12:05,5046.49
07/10/2025 12:10,5245.53
07/10/2025 12:15,5223.69
07/10/2025 12:20,5223.59
07/10/2025 12:25,5155.77
07/10/2025 12:30,5513.67
07/10/2025 12:35,5274.11
07/10/2025 12:40,5340.67
07/10/2025 12:45,4904.84
07/10/2025 12:50,5249.22
07/10/2025 12:55,5159.75
07/10/2025 13:00,5065.28
07/10/2025 13:05,5025.11
07/10/2025 13:10,4779.83
07/10/2025 13:15,5086.38
07/10/2025 13:20,5208.42
07/10/2025 13:25,4986.24
07/10/2025 13:30,5113.2
07/10/2025 13:35,5155.96
07/10/2025 13:40,4968.07
07/10/2025 13:45,5208.46
07/10/2025 13:50,4981.14
07/10/2025 13:55,4838.28
07/10/2025 14:00,4795.86
07/10/2025 14:05,4807.7
07/10/2025 14:10,5042.36
07/10/2025 14:15,4772.78
07/10/2025 14:20,4932.89
07/10/2025 14:25,4701.66
07/10/2025 14:30,5000.72
07/10/2025 14:35,4878.86
07/10/2025 14:40,5011.57
07/10/2025 14:45,4869.96
07/10/2025 14:50,4928.19
07/10/2025 14:55,5041.26
07/10/2025 15:00,4940.96
07/10/2025 15:05,5042.43
07/10/2025 15:10,4677.18
07/10/2025 15:15,4895.5
07/10/2025 15:20,5060.97
07/10/2025 15:25,4947.6
07/10/2025 15:30,5055.41
07/10/2025 15:35,4971.55
07/10/2025 15:40,4968.25
07/10/2025 15:45,5106.82
07/10/2025 15:50,5158.93
07/10/2025 15:55,5398.15
07/10/2025 16:00,5306.83
07/10/2025 16:05,5152.37
07/10/2025 16:10,5050.34
07/10/2025 16:15,5385.86
07/10/2025 16:20,5479.96
07/10/2025 16:25,5185.42
07/10/2025 16:30,5290.28
07/10/2025 16:35,5440.19
07/10/2025 16:40,5603.64
07/10/2025 16:45,5429.14
07/10/2025 16:50,5421.7
07/10/2025 16:55,5390.4
07/10/2025 17:00,5426.43
07/10/2025 17:05,5648.41
07/10/2025 17:10,5688.59
07/10/2025 17:15,5402.9
07/10/2025 17:20,5689.43
07/10/2025 17:25,5383.93
07/10/2025 17:30,5898.0
07/10/2025 17:35,5537.92
07/10/2025 17:40,5712.02
07/10/2025 17:45,5651.76
07/10/2025 17:50,5811.68
07/10/2025 17:55,5656.16
07/10/2025 18:00,5870.36
07/10/2025 18:05,6021.38
07/10/2025 18:10,5958.27
07/10/2025 18:15,5897.9
07/10/2025 18:20,5968.7
07/10/2025 18:25,6003.93
07/10/2025 18:30,6232.1
07/10/2025 18:35,6255.55
07/10/2025 18:40,6292.59
07/10/2025 18:45,5717.4
07/10/2025 18:50,6185.57
07/10/2025 18:55,6064.81
07/10/2025 19:00,6016.54
07/10/2025 19:05,6199.52
07/10/2025 19:10,6155.51
07/10/2025 19:15,6108.42
07/10/2025 19:20,6011.84
07/10/2025 19:25,5938.56
07/10/2025 19:30,6085.25
07/10/2025 19:35,6066.51
07/10/2025 19:40,6277.3
07/10/2025 19:45,6047.62
07/10/2025 19:50,6203.53
07/10/2025 19:55,6395.62
07/10/2025 20:00,6392.86
07/10/2025 20:05,6115.47
07/10/2025 20:10,6168.73
07/10/2025 20:15,6125.22
07/10/2025 20:20,5966.54
07/10/2025 20:25,6290.49
07/10/2025 20:30,6040.92
07/10/2025 20:35,6200.44
07/10/2025 20:40,6139.58
07/10/2025 20:45,6090.34
07/10/2025 20:50,6222.06
07/10/2025 20:55,6260.73
07/10/2025 21:00,6155.14
07/10/2025 21:05,5922.38
07/10/2025 21:10,6206.61
07/10/2025 21:15,5872.04
07/10/2025 21:20,6128.0
07/10/2025 21:25,5763.03
07/10/2025 21:30,5955.91
07/10/2025 21:35,5805.86
07/10/2025 21:40,5734.87
07/10/2025 21:45,5672.66
07/10/2025 21:50,6050.38
07/10/2025 21:55,6066.96
07/10/2025 22:00,5170.22
07/10/2025 22:05,5528.53
07/10/2025 22:10,5268.06
07/10/2025 22:15,5496.89
07/10/2025 22:20,5395.76
07/10/2025 22:25,5248.25
07/10/2025 22:30,5440.05
07/10/2025 22:35,5188.81
07/10/2025 22:40,5222.44
07/10/2025 22:45,5214.51
07/10/2025 22:50,5180.0
07/10/2025 22:55,5188.86
07/10/2025 23:00,5101.22
07/10/2025 23:05,5388.9
07/10/2025 23:10,5145.07
07/10/2025 23:15,5016.92
07/10/2025 23:20,4888.18
07/10/2025 23:25,4904.17
07/10/2025 23:30,5079.9
07/10/2025 23:35,4616.79
07/10/2025 23:40,4994.68
07/10/2025 23:45,4753.53
07/10/2025 23:50,4591.73
07/10/2025 23:55,4724.33
08/10/2025 00:00,5051.22
08/10/2025 00:05,4997.89
08/10/2025 00:10,5065.62
08/10/2025 00:15,5149.18
08/10/2025 00:20,4961.63
08/10/2025 00:25,5140.5
08/10/2025 00:30,5090.89
08/10/2025 00:35,5345.96
08/10/2025 00:40,5063.1
08/10/2025 00:45,4936.69
08/10/2025 00:50,5256.2
08/10/2025 00:55,5306.28
08/10/2025 01:00,4995.08
08/10/2025 01:05,5133.95
08/10/2025 01:10,5116.65
08/10/2025 01:15,5219.31
08/10/2025 01:20,5184.05
08/10/2025 01:25,4864.92
08/10/2025 01:30,5015.42
08/10/2025 01:35,5162.64
08/10/2025 01:40,4980.61
08/10/2025 01:45,5336.39
08/10/2025 01:50,5226.53
08/10/2025 01:55,5313.01
08/10/2025 02:00,3742.29
08/10/2025 02:05,3879.44
08/10/2025 02:10,3587.65
08/10/2025 02:15,3710.7
08/10/2025 02:20,3731.5
08/10/2025 02:25,3733.82
08/10/2025 02:30,3694.0
08/10/2025 02:35,3473.53
08/10/2025 02:40,3684.42
08/10/2025 02:45,3895.07
08/10/2025 02:50,3709.03
08/10/2025 02:55,3679.72
08/10/2025 03:00,3761.84
08/10/2025 03:05,3748.27
08/10/2025 03:10,3888.0
08/10/2025 03:15,3794.09
08/10/2025 03:20,3905.48
08/10/2025 03:25,3997.06
08/10/2025 03:30,3515.07
08/10/2025 03:35,3898.54
08/10/2025 03:40,3885.83
08/10/2025 03:45,3822.95
08/10/2025 03:50,3857.53
08/10/2025 03:55,3765.42
08/10/2025 04:00,3914.4
08/10/2025 04:05,3630.66
08/10/2025 04:10,3752.63
08/10/2025 04:15,3824.85
08/10/2025 04:20,3745.46
08/10/2025 04:25,3740.8
08/10/2025 04:30,3585.63
08/10/2025 04:35,3846.34
08/10/2025 04:40,3914.54
08/10/2025 04:45,3630.85
08/10/2025 04:50,3758.09
08/10/2025 04:55,3921.58
08/10/2025 05:00,4369.19
08/10/2025 05:05,4239.55
08/10/2025 05:10,4334.86
08/10/2025 05:15,4267.44
08/10/2025 05:20,4255.19
08/10/2025 05:25,4584.42
08/10/2025 05:30,4078.28
08/10/2025 05:35,4502.7
08/10/2025 05:40,4398.53
08/10/2025 05:45,4566.57
08/10/2025 05:50,4527.56
08/10/2025 05:55,4202.51
08/10/2025 06:00,4497.25
08/10/2025 06:05,4540.85
08/10/2025 06:10,4055.55
08/10/2025 06:15,4485.3
08/10/2025 06:20,4363.91
08/10/2025 06:25,4401.03
08/10/2025 06:30,4488.68
08/10/2025 06:35,4805.64
08/10/2025 06:40,4356.57
08/10/2025 06:45,4465.15
08/10/2025 06:50,4664.36
08/10/2025 06:55,4532.69
08/10/2025 07:00,4468.45
08/10/2025 07:05,4651.95
08/10/2025 07:10,4726.41
08/10/2025 07:15,4633.9
08/10/2025 07:20,4622.61
08/10/2025 07:25,4947.82
08/10/2025 07:30,4591.99
08/10/2025 07:35,4739.56
08/10/2025 07:40,4495.19
08/10/2025 07:45,4677.09
08/10/2025 07:50,4626.0
08/10/2025 07:55,4838.59
08/10/2025 08:00,5060.09
08/10/2025 08:05,5183.32
08/10/2025 08:10,4756.75
08/10/2025 08:15,5036.32
08/10/2025 08:20,4812.25
08/10/2025 08:25,4869.1
08/10/2025 08:30,4842.54
08/10/2025 08:35,4957.87
08/10/2025 08:40,4987.16
08/10/2025 08:45,5015.96
08/10/2025 08:50,4600.13
08/10/2025 08:55,5001.61
08/10/2025 09:00,5398.27
08/10/2025 09:05,5554.7
08/10/2025 09:10,5452.18
08/10/2025 09:15,5511.62
08/10/2025 09:20,5570.32
08/10/2025 09:25,5582.31
08/10/2025 09:30,5580.73
08/10/2025 09:35,5756.23
08/10/2025 09:40,5444.5
08/10/2025 09:45,5618.29
08/10/2025 09:50,5428.47
08/10/2025 09:55,5580.04
08/10/2025 10:00,5890.17
08/10/2025 10:05,5616.25
08/10/2025 10:10,5665.81
08/10/2025 10:15,5805.51
08/10/2025 10:20,5565.43
08/10/2025 10:25,5608.69
08/10/2025 10:30,5844.87
08/10/2025 10:35,5758.22
08/10/2025 10:40,5686.67
08/10/2025 10:45,5814.33
08/10/2025 10:50,5652.99
08/10/2025 10:55,5487.52
08/10/2025 11:00,5859.59
08/10/2025 11:05,5601.61
08/10/2025 11:10,5741.43
08/10/2025 11:15,5583.86
08/10/2025 11:20,5927.26
08/10/2025 11:25,5576.46
08/10/2025 11:30,5897.35
08/10/2025 11:35,5521.05
08/10/2025 11:40,5509.09
08/10/2025 11:45,5706.25
08/10/2025 11:50,5338.38
08/10/2025 11:55,5261.7
08/10/2025 12:00,5478.78
08/10/2025 12:05,5276.62
08/10/2025 12:10,5010.48
08/10/2025 12:15,5071.14
08/10/2025 12:20,5158.33
08/10/2025 12:25,4926.77
08/10/2025 12:30,5361.87
08/10/2025 12:35,4817.98
08/10/2025 12:40,5208.44
08/10/2025 12:45,5203.82
08/10/2025 12:50,5273.7
08/10/2025 12:55,4938.11
08/10/2025 13:00,5086.61
08/10/2025 13:05,4763.71
08/10/2025 13:10,4875.45
08/10/2025 13:15,5107.62
08/10/2025 13:20,5271.0
08/10/2025 13:25,4970.99
08/10/2025 13:30,4946.92
08/10/2025 13:35,4956.22
08/10/2025 13:40,5058.54
08/10/2025 13:45,4969.2
08/10/2025 13:50,5083.36
08/10/2025 13:55,4959.76
08/10/2025 14:00,4956.19
08/10/2025 14:05,5008.52
08/10/2025 14:10,4875.59
08/10/2025 14:15,5029.7
08/10/2025 14:20,4920.68
08/10/2025 14:25,4989.65
08/10/2025 14:30,4771.55
08/10/2025 14:35,4998.43
08/10/2025 14:40,4754.01
08/10/2025 14:45,4817.14
08/10/2025 14:50,4868.78
08/10/2025 14:55,4974.91
08/10/2025 15:00,4945.36
08/10/2025 15:05,4965.23
08/10/2025 15:10,5025.93
08/10/2025 15:15,4881.97
08/10/2025 15:20,5174.51
08/10/2025 15:25,5156.64
08/10/2025 15:30,5112.35
08/10/2025 15:35,4913.43
08/10/2025 15:40,5232.04
08/10/2025 15:45,5118.48
08/10/2025 15:50,5195.23
08/10/2025 15:55,5120.5
08/10/2025 16:00,5513.19
08/10/2025 16:05,5073.28
08/10/2025 16:10,5276.9
08/10/2025 16:15,5192.57
08/10/2025 16:20,5450.09
08/10/2025 16:25,5280.55
08/10/2025 16:30,5322.8
08/10/2025 16:35,5413.09
08/10/2025 16:40,5562.7
08/10/2025 16:45,5198.21
08/10/2025 16:50,5295.99
08/10/2025 16:55,5465.4
08/10/2025 17:00,5367.15
08/10/2025 17:05,5369.4
08/10/2025 17:10,5407.02
08/10/2025 17:15,5745.11
08/10/2025 17:20,5727.63
08/10/2025 17:25,5580.24
08/10/2025 17:30,5609.23
08/10/2025 17:35,5564.81
08/10/2025 17:40,5337.7
08/10/2025 17:45,5857.94
08/10/2025 17:50,5477.07
08/10/2025 17:55,5649.37
08/10/2025 18:00,5785.16
08/10/2025 18:05,5644.76
08/10/2025 18:10,6079.42
08/10/2025 18:15,6145.26
08/10/2025 18:20,6159.71
08/10/2025 18:25,6182.14
08/10/2025 18:30,6002.49
08/10/2025 18:35,5820.67
08/10/2025 18:40,6146.74
08/10/2025 18:45,6151.51
08/10/2025 18:50,6297.54
08/10/2025 18:55,6025.58
08/10/2025 19:00,6260.42
08/10/2025 19:05,6068.44
08/10/2025 19:10,6255.54
08/10/2025 19:15,6076.76
08/10/2025 19:20,6387.66
08/10/2025 19:25,6372.97
08/10/2025 19:30,6263.2
08/10/2025 19:35,6138.67
08/10/2025 19:40,6122.37
08/10/2025 19:45,5998.44
08/10/2025 19:50,6305.2
08/10/2025 19:55,6225.4
08/10/2025 20:00,6108.34
08/10/2025 20:05,6394.11
08/10/2025 20:10,6297.87
08/10/2025 20:15,6289.06
08/10/2025 20:20,6166.47
08/10/2025 20:25,6128.27
08/10/2025 20:30,6398.94
08/10/2025 20:35,6255.54
08/10/2025 20:40,6199.75
08/10/2025 20:45,5975.91
08/10/2025 20:50,6199.94
08/10/2025 20:55,6206.26
08/10/2025 21:00,5966.91
08/10/2025 21:05,6307.08
08/10/2025 21:10,6042.39
08/10/2025 21:15,6144.24
08/10/2025 21:20,6557.11
08/10/2025 21:25,6152.56
08/10/2025 21:30,5990.94
08/10/2025 21:35,5908.34
08/10/2025 21:40,5960.56
08/10/2025 21:45,6032.04
08/10/2025 21:50,5817.46
08/10/2025 21:55,6015.26
08/10/2025 22:00,5719.96
08/10/2025 22:05,5191.96
08/10/2025 22:10,5681.52
08/10/2025 22:15,5285.87
08/10/2025 22:20,5500.37
08/10/2025 22:25,5281.43
08/10/2025 22:30,5352.72
08/10/2025 22:35,5515.41
08/10/2025 22:40,5412.27
08/10/2025 22:45,5573.47
08/10/2025 22:50,4970.07
08/10/2025 22:55,5264.73
08/10/2025 23:00,4901.47
08/10/2025 23:05,4903.23
08/10/2025 23:10,4959.39
08/10/2025 23:15,4916.95
08/10/2025 23:20,5220.21
08/10/2025 23:25,5078.64
08/10/2025 23:30,4784.2
08/10/2025 23:35,4667.46
08/10/2025 23:40,4741.56
08/10/2025 23:45,4866.52
08/10/2025 23:50,4775.51
08/10/2025 23:55,5001.91
09/10/2025 00:00,5123.27
09/10/2025 00:05,5259.09
09/10/2025 00:10,5210.68
09/10/2025 00:15,5156.35
09/10/2025 00:20,5214.05
09/10/2025 00:25,5061.48
09/10/2025 00:30,5084.84
09/10/2025 00:35,5213.68
09/10/2025 00:40,4938.99
09/10/2025 00:45,4926.93
09/10/2025 00:50,4716.0
09/10/2025 00:55,5102.73
09/10/2025 01:00,5021.07
09/10/2025 01:05,5179.61
09/10/2025 01:10,5208.79
09/10/2025 01:15,5195.32
09/10/2025 01:20,5266.5
09/10/2025 01:25,4958.2
09/10/2025 01:30,5162.6
09/10/2025 01:35,5200.94
09/10/2025 01:40,5198.68
09/10/2025 01:45,5394.28
09/10/2025 01:50,5203.53
09/10/2025 01:55,5193.54
09/10/2025 02:00,3648.03
09/10/2025 02:05,3767.95
09/10/2025 02:10,3639.53
09/10/2025 02:15,3808.26
09/10/2025 02:20,3740.63
09/10/2025 02:25,3829.05
09/10/2025 02:30,3807.16
09/10/2025 02:35,3585.37
09/10/2025 02:40,3685.53
09/10/2025 02:45,3397.76
09/10/2025 02:50,3893.06
09/10/2025 02:55,3619.15
09/10/2025 03:00,3607.4
09/10/2025 03:05,3685.94
09/10/2025 03:10,3780.2
09/10/2025 03:15,3660.27
09/10/2025 03:20,3476.63
09/10/2025 03:25,3585.0
09/10/2025 03:30,3471.74
09/10/2025 03:35,3686.62
09/10/2025 03:40,3599.07
09/10/2025 03:45,3510.05
09/10/2025 03:50,3720.46
09/10/2025 03:55,4077.98
09/10/2025 04:00,3730.78
09/10/2025 04:05,3606.22
09/10/2025 04:10,3767.84
09/10/2025 04:15,3538.12
09/10/2025 04:20,3690.15
09/10/2025 04:25,3711.56
09/10/2025 04:30,3465.95
09/10/2025 04:35,3872.21
09/10/2025 04:40,3656.68
09/10/2025 04:45,3469.2
09/10/2025 04:50,3671.84
09/10/2025 04:55,3709.67
09/10/2025 05:00,4231.66
09/10/2025 05:05,4437.66
09/10/2025 05:10,4275.45
09/10/2025 05:15,4269.92
09/10/2025 05:20,4408.6
09/10/2025 05:25,4538.33
09/10/2025 05:30,4056.18
09/10/2025 05:35,4056.48
09/10/2025 05:40,4370.3
09/10/2025 05:45,4397.05
09/10/2025 05:50,4161.29
09/10/2025 05:55,4007.84
09/10/2025 06:00,4378.21
09/10/2025 06:05,4437.92
09/10/2025 06:10,4606.94
09/10/2025 06:15,4447.36
09/10/2025 06:20,4292.17
09/10/2025 06:25,4365.53
09/10/2025 06:30,4510.15
09/10/2025 06:35,4484.96
09/10/2025 06:40,4492.15
09/10/2025 06:45,4675.99
09/10/2025 06:50,4749.62
09/10/2025 06:55,4584.53
09/10/2025 07:00,4824.23
09/10/2025 07:05,4605.85
09/10/2025 07:10,4520.21
09/10/2025 07:15,4519.35
09/10/2025 07:20,4526.97
09/10/2025 07:25,4702.13
09/10/2025 07:30,4575.28
09/10/2025 07:35,4689.47
09/10/2025 07:40,4729.22
09/10/2025 07:45,4991.85
09/10/2025 07:50,4691.12
09/10/2025 07:55,5090.46
09/10/2025 08:00,4898.85
09/10/2025 08:05,4729.52
09/10/2025 08:10,4843.03
09/10/2025 08:15,4632.0
09/10/2025 08:20,4690.0
09/10/2025 08:25,4782.79
09/10/2025 08:30,5265.54
09/10/2025 08:35,5381.17
09/10/2025 08:40,5170.9
09/10/2025 08:45,5029.06
09/10/2025 08:50,5004.16
09/10/2025 08:55,4900.86
09/10/2025 09:00,5527.1
09/10/2025 09:05,5503.81
09/10/2025 09:10,5541.85
09/10/2025 09:15,5484.12
09/10/2025 09:20,5484.74
09/10/2025 09:25,5767.63
09/10/2025 09:30,5702.5
09/10/2025 09:35,5755.81
09/10/2025 09:40,5537.92
09/10/2025 09:45,5620.48
09/10/2025 09:50,5677.34
09/10/2025 09:55,5765.97
09/10/2025 10:00,5474.75
09/10/2025 10:05,6059.32
09/10/2025 10:10,5545.34
09/10/2025 10:15,5680.72
09/10/2025 10:20,5694.24
09/10/2025 10:25,5774.78
09/10/2025 10:30,5612.91
09/10/2025 10:35,5518.89
09/10/2025 10:40,5612.82
09/10/2025 10:45,5708.25
09/10/2025 10:50,5643.5
09/10/2025 10:55,5880.28
09/10/2025 11:00,5808.82
09/10/2025 11:05,5429.86
09/10/2025 11:10,5845.99
09/10/2025 11:15,5398.53
09/10/2025 11:20,5655.72
09/10/2025 11:25,5569.11
09/10/2025 11:30,5618.37
09/10/2025 11:35,5601.97
09/10/2025 11:40,5408.05
09/10/2025 11:45,5399.31
09/10/2025 11:50,5572.47
09/10/2025 11:55,5682.69
09/10/2025 12:00,5298.08
09/10/2025 12:05,5239.65
09/10/2025 12:10,5366.73
09/10/2025 12:15,5122.97
09/10/2025 12:20,5359.8
09/10/2025 12:25,5016.89
09/10/2025 12:30,5233.13
09/10/2025 12:35,5161.44
09/10/2025 12:40,4927.75
09/10/2025 12:45,5000.19
09/10/2025 12:50,5116.73
09/10/2025 12:55,5086.91
09/10/2025 13:00,5061.32
09/10/2025 13:05,5229.41
09/10/2025 13:10,4898.01
09/10/2025 13:15,5280.67
09/10/2025 13:20,4917.66
09/10/2025 13:25,4957.35
09/10/2025 13:30,5192.81
09/10/2025 13:35,5011.34
09/10/2025 13:40,5093.42
09/10/2025 13:45,5059.46
09/10/2025 13:50,4781.01
09/10/2025 13:55,4813.45
09/10/2025 14:00,5223.36
09/10/2025 14:05,5169.07
09/10/2025 14:10,4783.22
09/10/2025 14:15,4993.3
09/10/2025 14:20,4813.71
09/10/2025 14:25,5006.82
09/10/2025 14:30,4997.0
09/10/2025 14:35,4934.78
09/10/2025 14:40,4847.95
09/10/2025 14:45,4947.98
09/10/2025 14:50,4985.18
09/10/2025 14:55,4782.02
09/10/2025 15:00,5000.97
09/10/2025 15:05,5012.38
09/10/2025 15:10,4982.08
09/10/2025 15:15,4895.43
09/10/2025 15:20,5021.29
09/10/2025 15:25,4979.02
09/10/2025 15:30,5266.15
09/10/2025 15:35,5090.51
09/10/2025 15:40,4991.08
09/10/2025 15:45,5208.63
09/10/2025 15:50,5215.55
09/10/2025 15:55,5366.77
09/10/2025 16:00,5218.42
09/10/2025 16:05,5364.26
09/10/2025 16:10,5379.01
09/10/2025 16:15,5275.05
09/10/2025 16:20,5133.66
09/10/2025 16:25,5129.05
09/10/2025 16:30,5259.89
09/10/2025 16:35,5399.33
09/10/2025 16:40,5477.99
09/10/2025 16:45,5362.38
09/10/2025 16:50,5487.73
09/10/2025 16:55,5743.24
09/10/2025 17:00,5407.32
09/10/2025 17:05,5566.73
09/10/2025 17:10,5586.75
09/10/2025 17:15,5684.67
09/10/2025 17:20,5546.45
09/10/2025 17:25,5753.87
09/10/2025 17:30,5680.77
09/10/2025 17:35,5722.82
09/10/2025 17:40,5848.17
09/10/2025 17:45,5583.33
09/10/2025 17:50,5571.86
09/10/2025 17:55,5852.62
09/10/2025 18:00,6231.69
09/10/2025 18:05,5828.52
09/10/2025 18:10,6137.39
09/10/2025 18:15,6112.23
09/10/2025 18:20,6039.32
09/10/2025 18:25,6002.88
09/10/2025 18:30,6045.77
09/10/2025 18:35,5919.35
09/10/2025 18:40,6113.35
09/10/2025 18:45,6079.07
09/10/2025 18:50,6081.54
09/10/2025 18:55,6046.93
09/10/2025 19:00,6139.17
09/10/2025 19:05,6061.26
09/10/2025 19:10,5777.59
09/10/2025 19:15,6193.55
09/10/2025 19:20,6143.77
09/10/2025 19:25,6293.69
09/10/2025 19:30,6133.47
09/10/2025 19:35,6503.72
09/10/2025 19:40,6346.86
09/10/2025 19:45,6336.14
09/10/2025 19:50,5807.7
09/10/2025 19:55,6541.53
09/10/2025 20:00,6091.3
09/10/2025 20:05,6115.89
09/10/2025 20:10,6219.79
09/10/2025 20:15,6404.42
09/10/2025 20:20,6109.02
09/10/2025 20:25,6015.47
09/10/2025 20:30,6067.51
09/10/2025 20:35,6026.96
09/10/2025 20:40,6080.53
09/10/2025 20:45,6008.57
09/10/2025 20:50,6032.21
09/10/2025 20:55,6110.08
09/10/2025 21:00,6382.83
09/10/2025 21:05,6158.92
09/10/2025 21:10,6106.28
09/10/2025 21:15,6031.4
09/10/2025 21:20,5977.76
09/10/2025 21:25,6084.33
09/10/2025 21:30,5890.49
09/10/2025 21:35,5847.74
09/10/2025 21:40,5873.13
09/10/2025 21:45,5950.95
09/10/2025 21:50,5948.09
09/10/2025 21:55,5991.57
09/10/2025 22:00,5262.57
09/10/2025 22:05,5343.4
09/10/2025 22:10,5255.64
09/10/2025 22:15,5566.04
09/10/2025 22:20,5479.06
09/10/2025 22:25,5462.48
09/10/2025 22:30,5116.85
09/10/2025 22:35,5281.63
09/10/2025 22:40,4996.81
09/10/2025 22:45,5318.26
09/10/2025 22:50,5251.86
09/10/2025 22:55,5325.29
09/10/2025 23:00,5148.24
09/10/2025 23:05,5050.21
09/10/2025 23:10,5144.3
09/10/2025 23:15,4999.48
09/10/2025 23:20,5071.22
09/10/2025 23:25,4999.19
09/10/2025 23:30,4643.1
09/10/2025 23:35,5096.44
09/10/2025 23:40,4733.73
09/10/2025 23:45,4694.88
09/10/2025 23:50,4920.98
09/10/2025 23:55,4722.51
10/10/2025 00:00,4856.98
10/10/2025 00:05,5302.83
10/10/2025 00:10,4966.58
10/10/2025 00:15,5126.75
10/10/2025 00:20,5040.09
10/10/2025 00:25,5128.58
10/10/2025 00:30,5238.82
10/10/2025 00:35,5064.6
10/10/2025 00:40,5193.43
10/10/2025 00:45,5136.56
10/10/2025 00:50,5158.33
10/10/2025 00:55,4919.09
10/10/2025 01:00,5090.52
10/10/2025 01:05,5162.55
10/10/2025 01:10,5310.5
10/10/2025 01:15,5275.9
10/10/2025 01:20,4965.28
10/10/2025 01:25,4992.83
10/10/2025 01:30,5195.6
10/10/2025 01:35,5070.83
10/10/2025 01:40,4919.25
10/10/2025 01:45,5247.86
10/10/2025 01:50,5133.15
10/10/2025 01:55,5024.84
10/10/2025 02:00,3803.53
10/10/2025 02:05,3601.48
10/10/2025 02:10,3879.36
10/10/2025 02:15,3772.35
10/10/2025 02:20,3676.92
10/10/2025 02:25,3752.76
10/10/2025 02:30,3894.39
10/10/2025 02:35,3894.57
10/10/2025 02:40,3772.16
10/10/2025 02:45,3700.91
10/10/2025 02:50,3758.64
10/10/2025 02:55,3748.41
10/10/2025 03:00,3727.16
10/10/2025 03:05,3476.4
10/10/2025 03:10,3667.58
10/10/2025 03:15,3665.66
10/10/2025 03:20,3825.38
10/10/2025 03:25,3741.51
10/10/2025 03:30,4002.04
10/10/2025 03:35,3809.8
10/10/2025 03:40,3855.34
10/10/2025 03:45,3518.51
10/10/2025 03:50,3572.77
10/10/2025 03:55,3755.76
10/10/2025 04:00,3524.28
10/10/2025 04:05,3569.84
10/10/2025 04:10,3691.02
10/10/2025 04:15,3556.4
10/10/2025 04:20,3765.27
10/10/2025 04:25,3722.66
10/10/2025 04:30,3461.16
10/10/2025 04:35,3666.36
10/10/2025 04:40,3801.28
10/10/2025 04:45,3839.89
10/10/2025 04:50,3822.48
10/10/2025 04:55,3728.99
10/10/2025 05:00,4152.16
10/10/2025 05:05,4175.21
10/10/2025 05:10,4052.96
10/10/2025 05:15,4226.75
10/10/2025 05:20,4315.48
10/10/2025 05:25,4043.05
10/10/2025 05:30,4063.46
10/10/2025 05:35,4392.93
10/10/2025 05:40,4161.59
10/10/2025 05:45,4394.77
10/10/2025 05:50,4513.73
10/10/2025 05:55,4328.33
10/10/2025 06:00,4553.85
10/10/2025 06:05,4534.29
10/10/2025 06:10,4380.25
10/10/2025 06:15,4631.99
10/10/2025 06:20,4361.57
10/10/2025 06:25,4598.57
10/10/2025 06:30,4608.04
10/10/2025 06:35,4610.58
10/10/2025 06:40,4544.14
10/10/2025 06:45,4395.52
10/10/2025 06:50,4861.54
10/10/2025 06:55,4722.73
10/10/2025 07:00,4586.82
10/10/2025 07:05,4726.82
10/10/2025 07:10,4747.92
10/10/2025 07:15,4513.37
10/10/2025 07:20,4636.9
10/10/2025 07:25,4632.77
10/10/2025 07:30,4556.62
10/10/2025 07:35,4874.52
10/10/2025 07:40,4532.24
10/10/2025 07:45,4628.47
10/10/2025 07:50,4710.08
10/10/2025 07:55,4861.05
10/10/2025 08:00,4695.68
10/10/2025 08:05,4652.34
10/10/2025 08:10,4611.19
10/10/2025 08:15,4895.13
10/10/2025 08:20,4790.68
10/10/2025 08:25,5058.01
10/10/2025 08:30,4916.04
10/10/2025 08:35,4980.28
10/10/2025 08:40,4767.27
10/10/2025 08:45,4977.2
10/10/2025 08:50,5005.64
10/10/2025 08:55,4744.08
10/10/2025 09:00,5436.89
10/10/2025 09:05,5509.85
10/10/2025 09:10,5315.38
10/10/2025 09:15,5627.14
10/10/2025 09:20,5551.09
10/10/2025 09:25,5590.35
10/10/2025 09:30,5721.76
10/10/2025 09:35,5723.34
10/10/2025 09:40,5564.41
10/10/2025 09:45,5804.75
10/10/2025 09:50,5443.67
10/10/2025 09:55,5726.11
10/10/2025 10:00,5603.32
10/10/2025 10:05,5871.14
10/10/2025 10:10,5701.18
10/10/2025 10:15,5741.95
10/10/2025 10:20,5757.05
10/10/2025 10:25,5694.26
10/10/2025 10:30,5884.31
10/10/2025 10:35,5859.53
10/10/2025 10:40,5649.14
10/10/2025 10:45,5743.15
10/10/2025 10:50,5808.51
10/10/2025 10:55,5577.33
10/10/2025 11:00,5591.19
10/10/2025 11:05,5718.31
10/10/2025 11:10,5656.87
10/10/2025 11:15,5859.83
10/10/2025 11:20,5638.27
10/10/2025 11:25,5790.23
10/10/2025 11:30,5478.77
10/10/2025 11:35,5482.84
10/10/2025 11:40,5717.27
10/10/2025 11:45,5588.86
10/10/2025 11:50,5336.96
10/10/2025 11:55,5541.68
10/10/2025 12:00,5079.41
10/10/2025 12:05,5293.89
10/10/2025 12:10,5149.67
10/10/2025 12:15,5056.3
10/10/2025 12:20,4945.47
10/10/2025 12:25,5417.77
10/10/2025 12:30,5168.69
10/10/2025 12:35,5153.98
10/10/2025 12:40,5275.41
10/10/2025 12:45,5106.88
10/10/2025 12:50,5063.06
10/10/2025 12:55,5295.61
10/10/2025 13:00,5442.89
10/10/2025 13:05,5026.48
10/10/2025 13:10,5120.29
10/10/2025 13:15,5198.4
10/10/2025 13:20,5179.39
10/10/2025 13:25,5082.79
10/10/2025 13:30,5163.95
10/10/2025 13:35,5333.13
10/10/2025 13:40,5304.96
10/10/2025 13:45,4903.79
10/10/2025 13:50,5332.27
10/10/2025 13:55,5292.51
10/10/2025 14:00,5015.26
10/10/2025 14:05,5160.13
10/10/2025 14:10,4978.41
10/10/2025 14:15,5037.74
10/10/2025 14:20,4907.06
10/10/2025 14:25,4980.82
10/10/2025 14:30,5022.51
10/10/2025 14:35,4935.02
10/10/2025 14:40,5019.63
10/10/2025 14:45,4865.13
10/10/2025 14:50,5058.26
10/10/2025 14:55,4977.3
10/10/2025 15:00,5058.06
10/10/2025 15:05,4923.27
10/10/2025 15:10,4781.55
10/10/2025 15:15,4916.16
10/10/2025 15:20,4799.92
10/10/2025 15:25,5057.46
10/10/2025 15:30,4996.31
10/10/2025 15:35,5196.19
10/10/2025 15:40,5165.44
10/10/2025 15:45,5259.44
10/10/2025 15:50,5403.8
10/10/2025 15:55,5140.13
10/10/2025 16:00,5124.65
10/10/2025 16:05,5003.84
10/10/2025 16:10,5317.09
10/10/2025 16:15,5058.1
10/10/2025 16:20,5186.56
10/10/2025 16:25,5324.68
10/10/2025 16:30,5457.72
10/10/2025 16:35,5338.31
10/10/2025 16:40,5250.26
10/10/2025 16:45,5135.75
10/10/2025 16:50,5521.88
10/10/2025 16:55,5415.72
10/10/2025 17:00,5357.07
10/10/2025 17:05,5432.85
10/10/2025 17:10,5649.59
10/10/2025 17:15,5600.49
10/10/2025 17:20,5612.69
10/10/2025 17:25,5434.9
10/10/2025 17:30,5341.03
10/10/2025 17:35,5544.16
10/10/2025 17:40,5839.57
10/10/2025 17:45,5672.49
10/10/2025 17:50,5837.75
10/10/2025 17:55,5794.22
10/10/2025 18:00,5918.21
10/10/2025 18:05,5854.39
10/10/2025 18:10,5763.68
10/10/2025 18:15,5850.66
10/10/2025 18:20,5967.53
10/10/2025 18:25,5830.49
10/10/2025 18:30,6151.79
10/10/2025 18:35,6091.16
10/10/2025 18:40,5926.2
10/10/2025 18:45,5829.37
10/10/2025 18:50,5919.3
10/10/2025 18:55,6202.93
10/10/2025 19:00,6157.89
10/10/2025 19:05,6353.75
10/10/2025 19:10,6250.75
10/10/2025 19:15,6257.45
10/10/2025 19:20,6056.12
10/10/2025 19:25,6096.48
10/10/2025 19:30,6039.83
10/10/2025 19:35,6138.95
10/10/2025 19:40,6321.32
10/10/2025 19:45,6268.34
10/10/2025 19:50,6116.96
10/10/2025 19:55,5971.11
10/10/2025 20:00,6275.6
10/10/2025 20:05,5939.73
10/10/2025 20:10,6127.93
10/10/2025 20:15,5890.03
10/10/2025 20:20,6346.9
10/10/2025 20:25,6193.16
10/10/2025 20:30,6189.01
10/10/2025 20:35,6145.71
10/10/2025 20:40,5916.97
10/10/2025 20:45,6165.85
10/10/2025 20:50,6041.15
10/10/2025 20:55,6310.97
10/10/2025 21:00,5943.46
10/10/2025 21:05,5650.76
10/10/2025 21:10,6068.84
10/10/2025 21:15,6208.92
10/10/2025 21:20,6043.18
10/10/2025 21:25,6032.44
10/10/2025 21:30,5962.99
10/10/2025 21:35,6139.6
10/10/2025 21:40,5945.31
10/10/2025 21:45,5854.62
10/10/2025 21:50,6252.72
10/10/2025 21:55,5880.83
10/10/2025 22:00,5563.4
10/10/2025 22:05,5241.19
10/10/2025 22:10,5659.31
10/10/2025 22:15,5620.59
10/10/2025 22:20,5446.91
10/10/2025 22:25,5256.45
10/10/2025 22:30,5254.25
10/10/2025 22:35,5061.16
10/10/2025 22:40,5079.11
10/10/2025 22:45,5145.06
10/10/2025 22:50,5170.36
10/10/2025 22:55,5530.94
10/10/2025 23:00,5096.51
10/10/2025 23:05,5036.99
10/10/2025 23:10,4964.93
10/10/2025 23:15,5024.65
10/10/2025 23:20,4884.69
10/10/2025 23:25,5039.31
10/10/2025 23:30,4747.44
10/10/2025 23:35,4884.51
10/10/2025 23:40,4835.16
10/10/2025 23:45,4812.29
10/10/2025 23:50,4558.5
10/10/2025 23:55,4810.32
11/10/2025 00:00,4906.68
11/10/2025 00:05,4609.97
11/10/2025 00:10,4871.77
11/10/2025 00:15,4604.19
11/10/2025 00:20,4695.27
11/10/2025 00:25,4474.09
11/10/2025 00:30,4805.45
11/10/2025 00:35,4879.8
11/10/2025 00:40,4641.38
11/10/2025 00:45,4611.56
11/10/2025 00:50,4929.24
11/10/2025 00:55,4702.49
11/10/2025 01:00,4682.86
11/10/2025 01:05,4767.66
11/10/2025 01:10,4528.72
11/10/2025 01:15,4583.14
11/10/2025 01:20,4347.66
11/10/2025 01:25,4524.26
11/10/2025 01:30,4576.5
11/10/2025 01:35,4948.76
11/10/2025 01:40,4420.76
11/10/2025 01:45,4662.26
11/10/2025 01:50,4718.77
11/10/2025 01:55,4536.13
11/10/2025 02:00,3201.13
11/10/2025 02:05,3452.04
11/10/2025 02:10,3195.89
11/10/2025 02:15,3206.38
11/10/2025 02:20,3070.09
11/10/2025 02:25,3339.61
11/10/2025 02:30,3056.86
11/10/2025 02:35,3369.79
11/10/2025 02:40,3128.99
11/10/2025 02:45,3239.19
11/10/2025 02:50,3236.51
11/10/2025 02:55,2937.17
11/10/2025 03:00,3525.3
11/10/2025 03:05,3429.26
11/10/2025 03:10,3213.66
11/10/2025 03:15,3283.17
11/10/2025 03:20,3222.25
11/10/2025 03:25,3525.47
11/10/2025 03:30,3297.8
11/10/2025 03:35,3309.22
11/10/2025 03:40,3408.77
11/10/2025 03:45,3339.45
11/10/2025 03:50,3353.32
11/10/2025 03:55,3280.94
11/10/2025 04:00,3240.64
11/10/2025 04:05,3334.33
11/10/2025 04:10,3280.12
11/10/2025 04:15,3285.7
11/10/2025 04:20,3122.08
11/10/2025 04:25,3530.2
11/10/2025 04:30,3525.82
11/10/2025 04:35,3313.1
11/10/2025 04:40,3337.85
11/10/2025 04:45,3126.75
11/10/2025 04:50,3263.17
11/10/2025 04:55,3187.92
11/10/2025 05:00,3542.04
11/10/2025 05:05,3946.08
11/10/2025 05:10,3802.21
11/10/2025 05:15,3872.5
11/10/2025 05:20,3796.92
11/10/2025 05:25,3752.17
11/10/2025 05:30,4091.27
11/10/2025 05:35,3872.02
11/10/2025 05:40,4026.62
11/10/2025 05:45,3883.84
11/10/2025 05:50,3918.07
11/10/2025 05:55,4493.19
11/10/2025 06:00,4109.69
11/10/2025 06:05,3767.43
11/10/2025 06:10,4229.06
11/10/2025 06:15,4057.4
11/10/2025 06:20,3886.76
11/10/2025 06:25,4060.64
11/10/2025 06:30,4061.89
11/10/2025 06:35,4022.09
11/10/2025 06:40,4227.72
11/10/2025 06:45,4298.63
11/10/2025 06:50,4144.12
11/10/2025 06:55,4157.56
11/10/2025 07:00,3789.81
11/10/2025 07:05,4367.7
11/10/2025 07:10,4122.25
11/10/2025 07:15,4157.42
11/10/2025 07:20,4408.07
11/10/2025 07:25,4439.01
11/10/2025 07:30,4143.79
11/10/2025 07:35,4348.19
11/10/2025 07:40,4349.1
11/10/2025 07:45,4358.81
11/10/2025 07:50,4487.0
11/10/2025 07:55,4275.85
11/10/2025 08:00,4333.32
11/10/2025 08:05,4558.84
11/10/2025 08:10,4530.21
11/10/2025 08:15,4579.83
11/10/2025 08:20,4389.58
11/10/2025 08:25,4409.66
11/10/2025 08:30,4708.0
11/10/2025 08:35,4503.76
11/10/2025 08:40,4404.94
11/10/2025 08:45,4514.7
11/10/2025 08:50,4697.98
11/10/2025 08:55,4611.58
11/10/2025 09:00,5245.29
11/10/2025 09:05,4904.27
11/10/2025 09:10,5179.81
11/10/2025 09:15,5052.71
11/10/2025 09:20,5401.09
11/10/2025 09:25,4911.31
11/10/2025 09:30,5367.26
11/10/2025 09:35,5079.79
11/10/2025 09:40,5210.92
11/10/2025 09:45,5186.96
11/10/2025 09:50,5520.04
11/10/2025 09:55,5136.62
11/10/2025 10:00,5088.6
11/10/2025 10:05,5306.22
11/10/2025 10:10,5087.27
11/10/2025 10:15,5289.85
11/10/2025 10:20,5316.77
11/10/2025 10:25,5047.02
11/10/2025 10:30,5357.03
11/10/2025 10:35,5441.17
11/10/2025 10:40,5397.78
11/10/2025 10:45,5167.4
11/10/2025 10:50,5192.34
11/10/2025 10:55,5412.65
11/10/2025 11:00,5359.78
11/10/2025 11:05,5129.96
11/10/2025 11:10,5443.5
11/10/2025 11:15,5066.64
11/10/2025 11:20,5338.91
11/10/2025 11:25,5389.01
11/10/2025 11:30,5113.92
11/10/2025 11:35,5004.69
11/10/2025 11:40,5110.2
11/10/2025 11:45,5019.95
11/10/2025 11:50,5206.42
11/10/2025 11:55,4893.83
11/10/2025 12:00,4769.5
11/10/2025 12:05,4892.27
11/10/2025 12:10,4392.4
11/10/2025 12:15,4852.28
11/10/2025 12:20,4883.7
11/10/2025 12:25,4781.32
11/10/2025 12:30,4771.36
11/10/2025 12:35,4597.01
11/10/2025 12:40,4616.39
11/10/2025 12:45,4781.11
11/10/2025 12:50,4937.11
11/10/2025 12:55,4669.48
11/10/2025 13:00,4781.13
11/10/2025 13:05,4491.39
11/10/2025 13:10,4802.05
11/10/2025 13:15,4454.04
11/10/2025 13:20,4679.16
11/10/2025 13:25,4316.53
11/10/2025 13:30,4672.24
11/10/2025 13:35,4764.47
11/10/2025 13:40,4504.38
11/10/2025 13:45,4528.39
11/10/2025 13:50,4429.38
11/10/2025 13:55,4769.8
11/10/2025 14:00,4700.2
11/10/2025 14:05,4501.95
11/10/2025 14:10,4665.52
11/10/2025 14:15,4629.36
11/10/2025 14:20,4564.48
11/10/2025 14:25,4468.64
11/10/2025 14:30,4491.33
11/10/2025 14:35,4705.33
11/10/2025 14:40,4475.33
11/10/2025 14:45,4659.69
11/10/2025 14:50,4517.59
11/10/2025 14:55,4618.38
11/10/2025 15:00,4390.82
11/10/2025 15:05,4488.53
11/10/2025 15:10,4565.63
11/10/2025 15:15,4435.74
11/10/2025 15:20,4591.78
11/10/2025 15:25,4453.29
11/10/2025 15:30,4744.51
11/10/2025 15:35,4210.2
11/10/2025 15:40,4567.39
11/10/2025 15:45,4635.14
11/10/2025 15:50,4768.51
11/10/2025 15:55,4888.34
11/10/2025 16:00,5067.81
11/10/2025 16:05,4706.29
11/10/2025 16:10,4980.66
11/10/2025 16:15,4906.09
11/10/2025 16:20,5074.83
11/10/2025 16:25,4788.19
11/10/2025 16:30,5018.75
11/10/2025 16:35,5029.75
11/10/2025 16:40,4864.5
11/10/2025 16:45,4987.44
11/10/2025 16:50,4856.75
11/10/2025 16:55,5126.57
11/10/2025 17:00,5231.48
11/10/2025 17:05,5091.77
11/10/2025 17:10,5033.41
11/10/2025 17:15,5427.97
11/10/2025 17:20,5291.25
11/10/2025 17:25,4981.13
11/10/2025 17:30,5146.98
11/10/2025 17:35,5321.95
11/10/2025 17:40,5271.61
11/10/2025 17:45,5352.23
11/10/2025 17:50,5051.92
11/10/2025 17:55,5358.56
11/10/2025 18:00,5636.9
11/10/2025 18:05,5599.92
11/10/2025 18:10,5491.54
11/10/2025 18:15,5836.23
11/10/2025 18:20,5750.15
11/10/2025 18:25,5610.94
11/10/2025 18:30,5484.9
11/10/2025 18:35,5671.49
11/10/2025 18:40,5814.36
11/10/2025 18:45,5651.83
11/10/2025 18:50,5562.94
11/10/2025 18:55,5843.32
11/10/2025 19:00,5761.9
11/10/2025 19:05,5923.37
11/10/2025 19:10,5665.9
11/10/2025 19:15,5584.21
11/10/2025 19:20,5849.19
11/10/2025 19:25,5733.68
11/10/2025 19:30,5399.78
11/10/2025 19:35,5604.47
11/10/2025 19:40,5744.18
11/10/2025 19:45,5847.26
11/10/2025 19:50,5443.56
11/10/2025 19:55,5680.42
11/10/2025 20:00,5943.81
11/10/2025 20:05,6018.42
11/10/2025 20:10,5758.57
11/10/2025 20:15,5885.59
11/10/2025 20:20,5954.35
11/10/2025 20:25,5404.0
11/10/2025 20:30,5892.03
11/10/2025 20:35,5697.21
11/10/2025 20:40,5470.42
11/10/2025 20:45,5976.82
11/10/2025 20:50,5872.59
11/10/2025 20:55,5710.7
11/10/2025 21:00,5951.89
11/10/2025 21:05,5667.66
11/10/2025 21:10,5691.72
11/10/2025 21:15,5520.79
11/10/2025 21:20,5569.13
11/10/2025 21:25,5526.12
11/10/2025 21:30,5768.68
11/10/2025 21:35,5820.37
11/10/2025 21:40,5530.89
11/10/2025 21:45,5431.98
11/10/2025 21:50,5566.65
11/10/2025 21:55,5612.09
11/10/2025 22:00,4890.1
11/10/2025 22:05,5071.71
11/10/2025 22:10,4993.72
11/10/2025 22:15,4911.7
11/10/2025 22:20,5427.03
11/10/2025 22:25,5258.14
11/10/2025 22:30,5077.86
11/10/2025 22:35,4730.08
11/10/2025 22:40,5121.39
11/10/2025 22:45,4985.6
11/10/2025 22:50,4647.88
11/10/2025 22:55,4712.75
11/10/2025 23:00,4720.92
11/10/2025 23:05,4753.35
11/10/2025 23:10,4849.13
11/10/2025 23:15,4530.29
11/10/2025 23:20,4642.22
11/10/2025 23:25,4782.37
11/10/2025 23:30,4653.78
11/10/2025 23:35,4220.85
11/10/2025 23:40,4740.76
11/10/2025 23:45,4414.9
11/10/2025 23:50,4156.57
11/10/2025 23:55,4551.45
12/10/2025 00:00,4680.56
12/10/2025 00:05,4726.72
12/10/2025 00:10,4597.09
12/10/2025 00:15,4526.05
12/10/2025 00:20,4566.52
12/10/2025 00:25,4452.41
12/10/2025 00:30,4788.47
12/10/2025 00:35,4847.36
12/10/2025 00:40,4714.41
12/10/2025 00:45,4543.6
12/10/2025 00:50,4664.92
12/10/2025 00:55,4608.65
12/10/2025 01:00,4600.9
12/10/2025 01:05,4757.65
12/10/2025 01:10,4856.38
12/10/2025 01:15,4648.35
12/10/2025 01:20,4645.7
12/10/2025 01:25,4850.45
12/10/2025 01:30,4605.71
12/10/2025 01:35,4901.18
12/10/2025 01:40,4708.75
12/10/2025 01:45,4707.67
12/10/2025 01:50,4713.81
12/10/2025 01:55,4502.21
12/10/2025 02:00,3320.0
12/10/2025 02:05,3293.32
12/10/2025 02:10,3134.99
12/10/2025 02:15,3111.16
12/10/2025 02:20,3425.74
12/10/2025 02:25,3365.06
12/10/2025 02:30,3435.54
12/10/2025 02:35,3346.64
12/10/2025 02:40,3258.33
12/10/2025 02:45,3327.9
12/10/2025 02:50,3612.59
12/10/2025 02:55,3042.99
12/10/2025 03:00,3400.38
12/10/2025 03:05,3414.82
12/10/2025 03:10,3282.39
12/10/2025 03:15,3125.11
12/10/2025 03:20,3451.97
12/10/2025 03:25,3296.21
12/10/2025 03:30,3360.76
12/10/2025 03:35,3322.67
12/10/2025 03:40,3314.27
12/10/2025 03:45,3261.88
12/10/2025 03:50,2865.57
12/10/2025 03:55,3479.43
12/10/2025 04:00,3163.66
12/10/2025 04:05,3172.05
12/10/2025 04:10,3478.53
12/10/2025 04:15,3248.94
12/10/2025 04:20,3409.08
12/10/2025 04:25,3227.77
12/10/2025 04:30,3244.43
12/10/2025 04:35,3239.09
12/10/2025 04:40,3413.97
12/10/2025 04:45,3370.48
12/10/2025 04:50,3186.85
12/10/2025 04:55,3369.83
12/10/2025 05:00,3672.38
12/10/2025 05:05,3768.07
12/10/2025 05:10,3879.97
12/10/2025 05:15,3891.5
12/10/2025 05:20,3867.57
12/10/2025 05:25,3676.89
12/10/2025 05:30,3832.51
12/10/2025 05:35,3587.73
12/10/2025 05:40,3896.99
12/10/2025 05:45,3802.21
12/10/2025 05:50,4223.62
12/10/2025 05:55,4133.34
12/10/2025 06:00,4000.11
12/10/2025 06:05,4049.24
12/10/2025 06:10,4078.69
12/10/2025 06:15,3964.69
12/10/2025 06:20,4169.56
12/10/2025 06:25,3950.92
12/10/2025 06:30,3973.84
12/10/2025 06:35,4325.62
12/10/2025 06:40,3958.55
12/10/2025 06:45,4097.38
12/10/2025 06:50,4043.66
12/10/2025 06:55,4233.83
12/10/2025 07:00,4258.58
12/10/2025 07:05,4150.76
12/10/2025 07:10,4173.18
12/10/2025 07:15,4270.62
12/10/2025 07:20,4496.11
12/10/2025 07:25,4157.95
12/10/2025 07:30,4231.19
12/10/2025 07:35,4299.89
12/10/2025 07:40,4436.59
12/10/2025 07:45,4178.94
12/10/2025 07:50,4428.96
12/10/2025 07:55,4083.21
12/10/2025 08:00,4451.15
12/10/2025 08:05,4554.03
12/10/2025 08:10,4235.15
12/10/2025 08:15,4505.14
12/10/2025 08:20,4311.52
12/10/2025 08:25,4376.88
12/10/2025 08:30,4390.73
12/10/2025 08:35,4489.03
12/10/2025 08:40,4617.95
12/10/2025 08:45,4350.35
12/10/2025 08:50,4790.28
12/10/2025 08:55,4582.44
12/10/2025 09:00,4971.88
12/10/2025 09:05,4973.48
12/10/2025 09:10,5172.48
12/10/2025 09:15,4965.89
12/10/2025 09:20,5222.96
12/10/2025 09:25,4982.93
12/10/2025 09:30,5131.7
12/10/2025 09:35,5101.37
12/10/2025 09:40,5538.92
12/10/2025 09:45,5265.28
12/10/2025 09:50,5250.79
12/10/2025 09:55,5229.13
12/10/2025 10:00,5441.12
12/10/2025 10:05,5480.47
12/10/2025 10:10,5070.1
12/10/2025 10:15,5271.32
12/10/2025 10:20,5046.32
12/10/2025 10:25,5153.77
12/10/2025 10:30,5337.9
12/10/2025 10:35,5251.5
12/10/2025 10:40,5169.67
12/10/2025 10:45,5338.58
12/10/2025 10:50,5211.41
12/10/2025 10:55,5399.49
12/10/2025 11:00,5345.03
12/10/2025 11:05,5194.78
12/10/2025 11:10,5080.1
12/10/2025 11:15,4906.19
12/10/2025 11:20,4796.27
12/10/2025 11:25,5015.26
12/10/2025 11:30,5349.07
12/10/2025 11:35,5132.55
12/10/2025 11:40,5375.66
12/10/2025 11:45,5076.7
12/10/2025 11:50,5387.0
12/10/2025 11:55,4839.66
12/10/2025 12:00,4703.55
12/10/2025 12:05,4676.65
12/10/2025 12:10,4700.84
12/10/2025 12:15,4950.8
12/10/2025 12:20,4896.11
12/10/2025 12:25,4509.31
12/10/2025 12:30,4639.89
12/10/2025 12:35,4570.86
12/10/2025 12:40,4462.2
12/10/2025 12:45,4971.29
12/10/2025 12:50,4926.46
12/10/2025 12:55,4884.42
12/10/2025 13:00,4653.7
12/10/2025 13:05,4856.82
12/10/2025 13:10,4755.2
12/10/2025 13:15,4545.25
12/10/2025 13:20,4441.98
12/10/2025 13:25,4669.67
12/10/2025 13:30,4800.16
12/10/2025 13:35,4433.96
12/10/2025 13:40,4656.63
12/10/2025 13:45,4411.98
12/10/2025 13:50,4489.6
12/10/2025 13:55,4504.24
12/10/2025 14:00,4508.12
12/10/2025 14:05,4659.07
12/10/2025 14:10,4879.17
12/10/2025 14:15,4449.77
12/10/2025 14:20,4513.72
12/10/2025 14:25,4452.8
12/10/2025 14:30,4379.71
12/10/2025 14:35,4558.6
12/10/2025 14:40,4634.27
12/10/2025 14:45,4402.34
12/10/2025 14:50,4616.46
12/10/2025 14:55,4303.16
12/10/2025 15:00,4253.86
12/10/2025 15:05,4822.96
12/10/2025 15:10,4542.9
12/10/2025 15:15,4750.65
12/10/2025 15:20,4772.57
12/10/2025 15:25,4652.88
12/10/2025 15:30,4684.71
12/10/2025 15:35,4527.81
12/10/2025 15:40,4713.33
12/10/2025 15:45,4765.17
12/10/2025 15:50,4800.35
12/10/2025 15:55,4727.77
12/10/2025 16:00,5037.02
12/10/2025 16:05,4935.07
12/10/2025 16:10,4830.49
12/10/2025 16:15,4834.14
12/10/2025 16:20,4845.38
12/10/2025 16:25,4833.07
12/10/2025 16:30,4964.86
12/10/2025 16:35,4992.92
12/10/2025 16:40,5137.65
12/10/2025 16:45,4986.16
12/10/2025 16:50,4987.69
12/10/2025 16:55,4965.28
12/10/2025 17:00,5212.57
12/10/2025 17:05,5057.18
12/10/2025 17:10,5157.76
12/10/2025 17:15,4873.74
12/10/2025 17:20,5085.08
12/10/2025 17:25,5029.34
12/10/2025 17:30,5539.48
12/10/2025 17:35,5241.24
12/10/2025 17:40,5303.59
12/10/2025 17:45,5250.6
12/10/2025 17:50,5048.64
12/10/2025 17:55,5501.36
12/10/2025 18:00,5597.37
12/10/2025 18:05,5288.87
12/10/2025 18:10,5367.49
12/10/2025 18:15,5281.73
12/10/2025 18:20,5520.21
12/10/2025 18:25,5647.73
12/10/2025 18:30,5580.53
12/10/2025 18:35,5821.6
12/10/2025 18:40,5801.03
12/10/2025 18:45,5764.34
12/10/2025 18:50,5534.07
12/10/2025 18:55,5846.52
12/10/2025 19:00,5849.07
12/10/2025 19:05,5754.66
12/10/2025 19:10,5820.41
12/10/2025 19:15,5947.22
12/10/2025 19:20,5845.88
12/10/2025 19:25,6006.59
12/10/2025 19:30,5788.46
12/10/2025 19:35,5642.26
12/10/2025 19:40,5909.66
12/10/2025 19:45,5689.32
12/10/2025 19:50,5631.45
12/10/2025 19:55,5942.26
12/10/2025 20:00,5651.59
12/10/2025 20:05,5636.34
12/10/2025 20:10,5944.07
12/10/2025 20:15,5898.18
12/10/2025 20:20,5681.15
12/10/2025 20:25,5743.69
12/10/2025 20:30,5714.09
12/10/2025 20:35,5518.45
12/10/2025 20:40,5533.84
12/10/2025 20:45,5698.12
12/10/2025 20:50,5744.96
12/10/2025 20:55,5758.69
12/10/2025 21:00,5649.04
12/10/2025 21:05,5554.04
12/10/2025 21:10,5960.81
12/10/2025 21:15,5734.88
12/10/2025 21:20,5723.42
12/10/2025 21:25,5726.09
12/10/2025 21:30,5650.25
12/10/2025 21:35,5352.16
12/10/2025 21:40,5492.64
12/10/2025 21:45,5372.8
12/10/2025 21:50,5352.29
12/10/2025 21:55,5336.51
12/10/2025 22:00,5276.17
12/10/2025 22:05,5223.04
12/10/2025 22:10,5018.76
12/10/2025 22:15,4941.23
12/10/2025 22:20,4881.79
12/10/2025 22:25,4814.69
12/10/2025 22:30,5082.28
12/10/2025 22:35,5126.86
12/10/2025 22:40,4654.91
12/10/2025 22:45,4576.81
12/10/2025 22:50,4507.37
12/10/2025 22:55,4693.07
12/10/2025 23:00,4547.59
12/10/2025 23:05,4450.29
12/10/2025 23:10,4526.87
12/10/2025 23:15,4763.41
12/10/2025 23:20,4687.73
12/10/2025 23:25,4412.12
12/10/2025 23:30,4420.7
12/10/2025 23:35,4538.35
12/10/2025 23:40,4327.95
12/10/2025 23:45,4425.94
12/10/2025 23:50,4288.87
12/10/2025 23:55,4602.12
13/10/2025 00:00,5052.99
13/10/2025 00:05,5270.81
13/10/2025 00:10,5128.56
13/10/2025 00:15,4903.7
13/10/2025 00:20,5136.1
13/10/2025 00:25,5184.49
13/10/2025 00:30,5076.69
13/10/2025 00:35,5078.08
13/10/2025 00:40,5308.3
13/10/2025 00:45,5259.64
13/10/2025 00:50,5135.58
13/10/2025 00:55,5216.47
13/10/2025 01:00,5293.86
13/10/2025 01:05,5273.57
13/10/2025 01:10,4999.79
13/10/2025 01:15,5266.16
13/10/2025 01:20,5086.91
13/10/2025 01:25,5319.06
13/10/2025 01:30,4965.03
13/10/2025 01:35,5135.13
13/10/2025 01:40,5149.8
13/10/2025 01:45,4912.82
13/10/2025 01:50,5212.94
13/10/2025 01:55,5040.4
13/10/2025 02:00,3602.8
13/10/2025 02:05,3718.87
13/10/2025 02:10,3696.61
13/10/2025 02:15,3850.97
13/10/2025 02:20,3744.37
13/10/2025 02:25,3422.68
13/10/2025 02:30,3632.8
13/10/2025 02:35,3893.61
13/10/2025 02:40,3860.06
13/10/2025 02:45,3586.54
13/10/2025 02:50,3732.34
13/10/2025 02:55,3719.16
13/10/2025 03:00,3773.67
13/10/2025 03:05,3835.06
13/10/2025 03:10,3730.24
13/10/2025 03:15,3251.75
13/10/2025 03:20,3759.13
13/10/2025 03:25,3891.16
13/10/2025 03:30,3561.14
13/10/2025 03:35,3722.96
13/10/2025 03:40,3754.15
13/10/2025 03:45,3560.67
13/10/2025 03:50,3843.25
13/10/2025 03:55,3995.73
13/10/2025 04:00,3607.92
13/10/2025 04:05,3666.38
13/10/2025 04:10,3571.47
13/10/2025 04:15,3733.59
13/10/2025 04:20,3427.55
13/10/2025 04:25,3727.75
13/10/2025 04:30,3507.73
13/10/2025 04:35,3766.37
13/10/2025 04:40,3701.82
13/10/2025 04:45,4168.55
13/10/2025 04:50,3577.53
13/10/2025 04:55,3838.53
13/10/2025 05:00,4124.76
13/10/2025 05:05,4121.29
13/10/2025 05:10,4142.33
13/10/2025 05:15,4318.95
13/10/2025 05:20,4391.18
13/10/2025 05:25,4305.34
13/10/2025 05:30,4353.46
13/10/2025 05:35,4233.38
13/10/2025 05:40,4252.46
13/10/2025 05:45,4400.48
13/10/2025 05:50,4283.79
13/10/2025 05:55,4245.53
13/10/2025 06:00,4215.12
13/10/2025 06:05,4474.73
13/10/2025 06:10,4277.44
13/10/2025 06:15,4762.61
13/10/2025 06:20,4692.23
13/10/2025 06:25,4522.19
13/10/2025 06:30,4612.45
13/10/2025 06:35,4575.69
13/10/2025 06:40,4595.44
13/10/2025 06:45,4420.97
13/10/2025 06:50,4556.64
13/10/2025 06:55,4588.8
13/10/2025 07:00,4591.57
13/10/2025 07:05,4463.17
13/10/2025 07:10,4422.29
13/10/2025 07:15,4673.65
13/10/2025 07:20,4937.88
13/10/2025 07:25,4540.13
13/10/2025 07:30,4922.24
13/10/2025 07:35,4808.5
13/10/2025 07:40,4659.38
13/10/2025 07:45,4730.2
13/10/2025 07:50,4733.01
13/10/2025 07:55,4650.34
13/10/2025 08:00,4727.71
13/10/2025 08:05,4819.05
13/10/2025 08:10,4777.09
13/10/2025 08:15,4762.58
13/10/2025 08:20,4782.04
13/10/2025 08:25,4813.17
13/10/2025 08:30,4918.02
13/10/2025 08:35,4793.25
13/10/2025 08:40,4970.49
13/10/2025 08:45,4877.16
13/10/2025 08:50,4689.21
13/10/2025 08:55,4828.33
13/10/2025 09:00,5491.82
13/10/2025 09:05,5433.99
13/10/2025 09:10,5750.06
13/10/2025 09:15,5330.63
13/10/2025 09:20,5439.01
13/10/2025 09:25,5851.84
13/10/2025 09:30,5493.17
13/10/2025 09:35,5812.13
13/10/2025 09:40,5346.33
13/10/2025 09:45,5833.83
13/10/2025 09:50,5587.75
13/10/2025 09:55,5771.15
13/10/2025 10:00,5717.6
13/10/2025 10:05,5873.55
13/10/2025 10:10,5698.59
13/10/2025 10:15,5647.82
13/10/2025 10:20,5726.24
13/10/2025 10:25,5608.05
13/10/2025 10:30,5624.65
13/10/2025 10:35,5763.2
13/10/2025 10:40,5590.62
13/10/2025 10:45,5544.56
13/10/2025 10:50,5538.48
13/10/2025 10:55,5814.84
13/10/2025 11:00,5562.51
13/10/2025 11:05,5595.93
13/10/2025 11:10,5553.3
13/10/2025 11:15,5651.25
13/10/2025 11:20,5688.73
13/10/2025 11:25,5697.76
13/10/2025 11:30,5447.81
13/10/2025 11:35,5443.55
13/10/2025 11:40,5885.12
13/10/2025 11:45,5589.5
13/10/2025 11:50,5652.79
13/10/2025 11:55,5731.14
13/10/2025 12:00,5190.6
13/10/2025 12:05,5171.52
13/10/2025 12:10,4955.77
13/10/2025 12:15,5263.4
13/10/2025 12:20,4848.88
13/10/2025 12:25,5299.05
13/10/2025 12:30,5250.32
13/10/2025 12:35,5171.5
13/10/2025 12:40,5237.83
13/10/2025 12:45,5003.62
13/10/2025 12:50,5044.67
13/10/2025 12:55,4993.62
13/10/2025 13:00,5091.63
13/10/2025 13:05,4897.37
13/10/2025 13:10,4893.51
13/10/2025 13:15,4924.56
13/10/2025 13:20,5137.02
13/10/2025 13:25,5296.26
13/10/2025 13:30,5001.85
13/10/2025 13:35,4963.43
13/10/2025 13:40,4983.37
13/10/2025 13:45,5233.3
13/10/2025 13:50,5060.07
13/10/2025 13:55,4843.36
13/10/2025 14:00,4891.09
13/10/2025 14:05,5158.07
13/10/2025 14:10,4821.48
13/10/2025 14:15,4892.09
13/10/2025 14:20,5067.26
13/10/2025 14:25,4787.51
13/10/2025 14:30,4795.6
13/10/2025 14:35,4960.1
13/10/2025 14:40,4973.45
13/10/2025 14:45,4940.0
13/10/2025 14:50,5120.1
13/10/2025 14:55,4896.08
13/10/2025 15:00,5048.69
13/10/2025 15:05,4968.16
13/10/2025 15:10,5094.49
13/10/2025 15:15,4829.63
13/10/2025 15:20,5143.7
13/10/2025 15:25,5150.23
13/10/2025 15:30,5035.63
13/10/2025 15:35,4856.69
13/10/2025 15:40,5093.15
13/10/2025 15:45,5235.02
13/10/2025 15:50,5176.22
13/10/2025 15:55,5072.59
13/10/2025 16:00,5394.18
13/10/2025 16:05,5383.86
13/10/2025 16:10,5263.81
13/10/2025 16:15,5151.3
13/10/2025 16:20,5237.66
13/10/2025 16:25,5245.37
13/10/2025 16:30,5282.46
13/10/2025 16:35,5520.19
13/10/2025 16:40,5541.16
13/10/2025 16:45,5468.72
13/10/2025 16:50,5442.98
13/10/2025 16:55,5570.49
13/10/2025 17:00,5542.74
13/10/2025 17:05,5601.81
13/10/2025 17:10,5443.6
13/10/2025 17:15,5616.22
13/10/2025 17:20,5438.72
13/10/2025 17:25,5679.96
13/10/2025 17:30,5730.5
13/10/2025 17:35,5476.3
13/10/2025 17:40,5905.15
13/10/2025 17:45,5859.49
13/10/2025 17:50,5526.79
13/10/2025 17:55,6024.36
13/10/2025 18:00,5922.31
13/10/2025 18:05,5911.38
13/10/2025 18:10,5621.76
13/10/2025 18:15,5861.94
13/10/2025 18:20,6103.96
13/10/2025 18:25,5818.51
13/10/2025 18:30,6049.02
13/10/2025 18:35,5837.42
13/10/2025 18:40,6111.5
13/10/2025 18:45,6156.85
13/10/2025 18:50,6043.45
13/10/2025 18:55,5937.57
13/10/2025 19:00,6187.02
13/10/2025 19:05,6134.2
13/10/2025 19:10,6188.71
13/10/2025 19:15,6099.16
13/10/2025 19:20,6244.82
13/10/2025 19:25,6256.19
13/10/2025 19:30,6079.41
13/10/2025 19:35,6455.27
13/10/2025 19:40,5962.35
13/10/2025 19:45,6100.46
13/10/2025 19:50,6436.79
13/10/2025 19:55,6038.56
13/10/2025 20:00,6161.93
13/10/2025 20:05,6333.88
13/10/2025 20:10,6179.38
13/10/2025 20:15,6286.87
13/10/2025 20:20,6609.85
13/10/2025 20:25,6101.21
13/10/2025 20:30,6438.96
13/10/2025 20:35,6282.12
13/10/2025 20:40,6019.94
13/10/2025 20:45,6186.85
13/10/2025 20:50,6389.87
13/10/2025 20:55,5980.99
13/10/2025 21:00,6105.01
13/10/2025 21:05,6161.31
13/10/2025 21:10,6065.08
13/10/2025 21:15,6133.54
13/10/2025 21:20,5975.95
13/10/2025 21:25,6347.02
13/10/2025 21:30,6020.02
13/10/2025 21:35,5905.04
13/10/2025 21:40,5994.81
13/10/2025 21:45,5906.24
13/10/2025 21:50,5846.24
13/10/2025 21:55,5801.98
13/10/2025 22:00,5366.15
13/10/2025 22:05,5510.32
13/10/2025 22:10,5755.36
13/10/2025 22:15,5225.38
13/10/2025 22:20,5411.73
13/10/2025 22:25,5332.42
13/10/2025 22:30,5244.29
13/10/2025 22:35,5408.75
13/10/2025 22:40,5313.54
13/10/2025 22:45,5114.13
13/10/2025 22:50,5381.77
13/10/2025 22:55,5220.48
13/10/2025 23:00,5149.66
13/10/2025 23:05,5203.25
13/10/2025 23:10,4831.06
13/10/2025 23:15,5250.1
13/10/2025 23:20,4843.77
13/10/2025 23:25,5024.51
13/10/2025 23:30,4670.65
13/10/2025 23:35,4799.48
13/10/2025 23:40,4957.8
13/10/2025 23:45,4775.62
13/10/2025 23:50,4856.82
13/10/2025 23:55,4532.9
14/10/2025 00:00,5033.98
14/10/2025 00:05,4984.15
14/10/2025 00:10,5317.72
14/10/2025 00:15,5002.97
14/10/2025 00:20,5243.42
14/10/2025 00:25,5487.55
14/10/2025 00:30,4876.08
14/10/2025 00:35,5344.53
14/10/2025 00:40,5026.3
14/10/2025 00:45,5118.15
14/10/2025 00:50,5250.03
14/10/2025 00:55,5189.45
14/10/2025 01:00,5110.12
14/10/2025 01:05,5099.97
14/10/2025 01:10,5476.77
14/10/2025 01:15,4940.15
14/10/2025 01:20,5000.85
14/10/2025 01:25,5107.3
14/10/2025 01:30,5145.59
14/10/2025 01:35,5163.54
14/10/2025 01:40,5152.74
14/10/2025 01:45,4844.87
14/10/2025 01:50,4845.86
14/10/2025 01:55,5016.8
14/10/2025 02:00,3686.03
14/10/2025 02:05,3550.18
14/10/2025 02:10,3803.59
14/10/2025 02:15,3638.15
14/10/2025 02:20,3481.68
14/10/2025 02:25,3503.57
14/10/2025 02:30,3750.07
14/10/2025 02:35,3794.13
14/10/2025 02:40,3907.34
14/10/2025 02:45,3606.08
14/10/2025 02:50,3676.06
14/10/2025 02:55,3589.72
14/10/2025 03:00,3541.08
14/10/2025 03:05,3692.25
14/10/2025 03:10,3881.73
14/10/2025 03:15,3788.88
14/10/2025 03:20,3441.4
14/10/2025 03:25,3739.48
14/10/2025 03:30,3681.2
14/10/2025 03:35,3875.2
14/10/2025 03:40,3627.28
14/10/2025 03:45,3764.79
14/10/2025 03:50,3719.88
14/10/2025 03:55,3491.79
14/10/2025 04:00,3860.18
14/10/2025 04:05,3734.59
14/10/2025 04:10,3781.4
14/10/2025 04:15,3993.01
14/10/2025 04:20,3731.19
14/10/2025 04:25,3750.57
14/10/2025 04:30,3574.36
14/10/2025 04:35,3620.91
14/10/2025 04:40,3997.74
14/10/2025 04:45,3821.09
14/10/2025 04:50,3500.03
14/10/2025 04:55,3662.24
14/10/2025 05:00,4011.99
14/10/2025 05:05,4222.78
14/10/2025 05:10,4115.98
14/10/2025 05:15,4426.39
14/10/2025 05:20,4327.62
14/10/2025 05:25,4360.67
14/10/2025 05:30,4248.52
14/10/2025 05:35,4409.78
14/10/2025 05:40,4278.15
14/10/2025 05:45,4443.6
14/10/2025 05:50,4397.57
14/10/2025 05:55,4408.91
14/10/2025 06:00,4384.4
14/10/2025 06:05,4393.35
14/10/2025 06:10,4226.15
14/10/2025 06:15,4486.92
14/10/2025 06:20,4332.86
14/10/2025 06:25,4600.15
14/10/2025 06:30,4354.03
14/10/2025 06:35,4488.7
14/10/2025 06:40,4545.25
14/10/2025 06:45,4488.53
14/10/2025 06:50,4605.62
14/10/2025 06:55,4405.38
14/10/2025 07:00,4482.19
14/10/2025 07:05,4512.56
14/10/2025 07:10,4595.04
14/10/2025 07:15,4642.92
14/10/2025 07:20,4382.88
14/10/2025 07:25,4679.12
14/10/2025 07:30,4579.19
14/10/2025 07:35,4901.13
14/10/2025 07:40,4778.85
14/10/2025 07:45,4776.16
14/10/2025 07:50,5079.95
14/10/2025 07:55,4696.27
14/10/2025 08:00,4644.86
14/10/2025 08:05,4748.07
14/10/2025 08:10,5084.69
14/10/2025 08:15,4869.87
14/10/2025 08:20,4993.46
14/10/2025 08:25,4840.81
14/10/2025 08:30,4988.69
14/10/2025 08:35,4517.02
14/10/2025 08:40,4860.65
14/10/2025 08:45,5039.82
14/10/2025 08:50,4895.28
14/10/2025 08:55,5176.12
14/10/2025 09:00,5505.98
14/10/2025 09:05,5548.06
14/10/2025 09:10,5623.67
14/10/2025 09:15,5505.36
14/10/2025 09:20,5606.98
14/10/2025 09:25,5680.74
14/10/2025 09:30,5710.5
14/10/2025 09:35,5456.01
14/10/2025 09:40,5853.18
14/10/2025 09:45,5764.72
14/10/2025 09:50,5698.02
14/10/2025 09:55,5747.03
14/10/2025 10:00,5874.86
14/10/2025 10:05,5762.66
14/10/2025 10:10,5847.1
14/10/2025 10:15,5728.33
14/10/2025 10:20,5704.27
14/10/2025 10:25,5518.58
14/10/2025 10:30,5503.57
14/10/2025 10:35,5660.39
14/10/2025 10:40,5836.15
14/10/2025 10:45,5824.53
14/10/2025 10:50,5753.48
14/10/2025 10:55,5558.5
14/10/2025 11:00,5770.24
14/10/2025 11:05,5714.41
14/10/2025 11:10,5425.44
14/10/2025 11:15,5358.36
14/10/2025 11:20,5569.0
14/10/2025 11:25,5542.44
14/10/2025 11:30,5675.46
14/10/2025 11:35,5739.13
14/10/2025 11:40,5591.68
14/10/2025 11:45,5673.73
14/10/2025 11:50,5709.58
14/10/2025 11:55,5560.15
14/10/2025 12:00,5208.47
14/10/2025 12:05,5024.46
14/10/2025 12:10,5003.58
14/10/2025 12:15,5191.79
14/10/2025 12:20,5272.18
14/10/2025 12:25,5519.53
14/10/2025 12:30,5024.41
14/10/2025 12:35,5042.19
14/10/2025 12:40,5144.61
14/10/2025 12:45,5093.0
14/10/2025 12:50,5210.34
14/10/2025 12:55,5050.78
14/10/2025 13:00,5122.84
14/10/2025 13:05,5274.37
14/10/2025 13:10,4997.85
14/10/2025 13:15,4910.18
14/10/2025 13:20,5022.12
14/10/2025 13:25,4988.55
14/10/2025 13:30,5083.56
14/10/2025 13:35,5134.54
14/10/2025 13:40,5258.99
14/10/2025 13:45,4961.78
14/10/2025 13:50,5090.57
14/10/2025 13:55,4833.24
14/10/2025 14:00,5116.82
14/10/2025 14:05,5044.33
14/10/2025 14:10,4892.14
14/10/2025 14:15,4918.62
14/10/2025 14:20,5043.89
14/10/2025 14:25,4931.5
14/10/2025 14:30,4929.34
14/10/2025 14:35,4901.01
14/10/2025 14:40,4876.95
14/10/2025 14:45,5119.57
14/10/2025 14:50,4955.03
14/10/2025 14:55,4993.94
14/10/2025 15:00,4969.22
14/10/2025 15:05,4852.12
14/10/2025 15:10,4952.12
14/10/2025 15:15,4829.57
14/10/2025 15:20,5133.11
14/10/2025 15:25,4968.1
14/10/2025 15:30,4994.65
14/10/2025 15:35,5158.79
14/10/2025 15:40,5012.34
14/10/2025 15:45,4883.82
14/10/2025 15:50,4977.05
14/10/2025 15:55,5374.96
14/10/2025 16:00,5071.82
14/10/2025 16:05,4921.21
14/10/2025 16:10,4995.6
14/10/2025 16:15,5171.77
14/10/2025 16:20,5173.36
14/10/2025 16:25,5364.13
14/10/2025 16:30,5485.99
14/10/2025 16:35,5492.94
14/10/2025 16:40,5362.9
14/10/2025 16:45,5526.68
14/10/2025 16:50,5555.4
14/10/2025 16:55,5368.44
14/10/2025 17:00,5780.99
14/10/2025 17:05,5529.47
14/10/2025 17:10,5604.67
14/10/2025 17:15,5458.09
14/10/2025 17:20,5480.49
14/10/2025 17:25,5519.7
14/10/2025 17:30,5785.63
14/10/2025 17:35,5768.4
14/10/2025 17:40,5777.71
14/10/2025 17:45,5733.98
14/10/2025 17:50,5611.24
14/10/2025 17:55,5816.03
14/10/2025 18:00,5819.11
14/10/2025 18:05,5987.77
14/10/2025 18:10,5604.1
14/10/2025 18:15,6001.83
14/10/2025 18:20,5972.74
14/10/2025 18:25,5867.9
14/10/2025 18:30,6022.37
14/10/2025 18:35,6211.76
14/10/2025 18:40,5925.5
14/10/2025 18:45,6302.0
14/10/2025 18:50,6343.29
14/10/2025 18:55,6067.37
14/10/2025 19:00,6160.72
14/10/2025 19:05,6363.72
14/10/2025 19:10,5953.13
14/10/2025 19:15,6274.18
14/10/2025 19:20,6265.16
14/10/2025 19:25,6105.41
14/10/2025 19:30,5857.93
14/10/2025 19:35,6048.1
14/10/2025 19:40,6113.25
14/10/2025 19:45,6196.2
14/10/2025 19:50,6052.27
14/10/2025 19:55,6289.56
14/10/2025 20:00,5903.16
14/10/2025 20:05,6057.09
14/10/2025 20:10,6107.23
14/10/2025 20:15,6106.43
14/10/2025 20:20,6404.63
14/10/2025 20:25,6223.5
14/10/2025 20:30,6437.23
14/10/2025 20:35,6019.32
14/10/2025 20:40,5983.17
14/10/2025 20:45,6180.28
14/10/2025 20:50,5995.71
14/10/2025 20:55,6065.93
14/10/2025 21:00,6042.39
14/10/2025 21:05,5952.17
14/10/2025 21:10,6055.75
14/10/2025 21:15,5857.28
14/10/2025 21:20,6202.72
14/10/2025 21:25,6120.6
14/10/2025 21:30,5891.58
14/10/2025 21:35,5898.37
14/10/2025 21:40,5751.95
14/10/2025 21:45,6045.41
14/10/2025 21:50,5750.65
14/10/2025 21:55,5964.08
14/10/2025 22:00,5528.18
14/10/2025 22:05,5419.59
14/10/2025 22:10,5339.02
14/10/2025 22:15,5588.94
14/10/2025 22:20,5343.58
14/10/2025 22:25,5420.45
14/10/2025 22:30,5212.99
14/10/2025 22:35,5239.44
14/10/2025 22:40,5041.76
14/10/2025 22:45,5097.43
14/10/2025 22:50,5584.32
14/10/2025 22:55,5025.78
14/10/2025 23:00,5164.02
14/10/2025 23:05,4966.89
14/10/2025 23:10,4975.9
14/10/2025 23:15,4836.57
14/10/2025 23:20,4987.2
14/10/2025 23:25,5105.94
14/10/2025 23:30,4768.73
14/10/2025 23:35,5158.16
14/10/2025 23:40,4530.65
14/10/2025 23:45,4835.49
14/10/2025 23:50,4592.93
14/10/2025 23:55,4720.29
15/10/2025 00:00,5319.71
15/10/2025 00:05,5283.48
15/10/2025 00:10,4995.66
15/10/2025 00:15,4987.3
15/10/2025 00:20,5108.49
15/10/2025 00:25,5003.78
15/10/2025 00:30,5050.13
15/10/2025 00:35,4785.24
15/10/2025 00:40,5043.02
15/10/2025 00:45,5480.89
15/10/2025 00:50,4975.93
15/10/2025 00:55,5273.87
15/10/2025 01:00,4939.35
15/10/2025 01:05,5047.75
15/10/2025 01:10,5251.22
15/10/2025 01:15,5030.9
15/10/2025 01:20,5076.18
15/10/2025 01:25,5301.8
15/10/2025 01:30,5042.77
15/10/2025 01:35,5067.19
15/10/2025 01:40,5127.53
15/10/2025 01:45,5275.74
15/10/2025 01:50,5075.49
15/10/2025 01:55,5132.0
15/10/2025 02:00,3650.13
15/10/2025 02:05,3785.13
15/10/2025 02:10,3755.85
15/10/2025 02:15,3824.43
15/10/2025 02:20,3761.15
15/10/2025 02:25,4109.17
15/10/2025 02:30,3878.77
15/10/2025 02:35,3595.57
15/10/2025 02:40,3259.14
15/10/2025 02:45,3577.94
15/10/2025 02:50,3738.64
15/10/2025 02:55,3664.4
15/10/2025 03:00,3693.34
15/10/2025 03:05,3900.74
15/10/2025 03:10,3815.73
15/10/2025 03:15,3834.31
15/10/2025 03:20,3846.67
15/10/2025 03:25,3661.29
15/10/2025 03:30,3752.59
15/10/2025 03:35,3513.12
15/10/2025 03:40,3687.61
15/10/2025 03:45,3612.6
15/10/2025 03:50,3789.16
15/10/2025 03:55,3832.26
15/10/2025 04:00,3394.68
15/10/2025 04:05,3785.52
15/10/2025 04:10,3409.82
15/10/2025 04:15,3684.89
15/10/2025 04:20,3755.63
15/10/2025 04:25,3923.78
15/10/2025 04:30,3647.13
15/10/2025 04:35,3705.29
15/10/2025 04:40,3761.57
15/10/2025 04:45,3435.1
15/10/2025 04:50,3618.63
15/10/2025 04:55,3691.47
15/10/2025 05:00,4068.75
15/10/2025 05:05,4209.04
15/10/2025 05:10,4237.05
15/10/2025 05:15,4142.6
15/10/2025 05:20,3930.52
15/10/2025 05:25,4269.14
15/10/2025 05:30,4517.76
15/10/2025 05:35,4472.89
15/10/2025 05:40,4309.55
15/10/2025 05:45,4418.5
15/10/2025 05:50,4440.42
15/10/2025 05:55,4424.0
15/10/2025 06:00,4559.6
15/10/2025 06:05,4366.7
15/10/2025 06:10,4521.62
15/10/2025 06:15,4234.25
15/10/2025 06:20,4336.54
15/10/2025 06:25,4471.23
15/10/2025 06:30,4455.55
15/10/2025 06:35,4593.02
15/10/2025 06:40,4326.65
15/10/2025 06:45,4636.91
15/10/2025 06:50,4543.2
15/10/2025 06:55,4254.35
15/10/2025 07:00,4710.8
15/10/2025 07:05,4429.04
15/10/2025 07:10,4559.06
15/10/2025 07:15,4711.44
15/10/2025 07:20,4600.9
15/10/2025 07:25,4678.77
15/10/2025 07:30,4910.43
15/10/2025 07:35,4636.43
15/10/2025 07:40,4584.93
15/10/2025 07:45,4432.85
15/10/2025 07:50,4560.72
15/10/2025 07:55,4813.45
15/10/2025 08:00,5308.83
15/10/2025 08:05,5085.77
15/10/2025 08:10,4978.73
15/10/2025 08:15,4637.4
15/10/2025 08:20,5209.95
15/10/2025 08:25,4834.68
15/10/2025 08:30,4867.51
15/10/2025 08:35,4959.37
15/10/2025 08:40,4646.48
15/10/2025 08:45,4780.43
15/10/2025 08:50,5034.82
15/10/2025 08:55,5292.38
15/10/2025 09:00,5606.37
15/10/2025 09:05,5506.41
15/10/2025 09:10,5713.6
15/10/2025 09:15,5457.11
15/10/2025 09:20,5587.1
15/10/2025 09:25,5539.5
15/10/2025 09:30,5912.48
15/10/2025 09:35,5711.36
15/10/2025 09:40,5763.32
15/10/2025 09:45,5587.41
15/10/2025 09:50,5700.32
15/10/2025 09:55,5405.44
15/10/2025 10:00,5811.37
15/10/2025 10:05,5618.0
15/10/2025 10:10,5563.26
15/10/2025 10:15,5748.11
15/10/2025 10:20,5688.34
15/10/2025 10:25,5501.8
15/10/2025 10:30,5709.81
15/10/2025 10:35,5713.94
15/10/2025 10:40,5823.79
15/10/2025 10:45,5751.21
15/10/2025 10:50,5709.68
15/10/2025 10:55,5473.8
15/10/2025 11:00,5664.33
15/10/2025 11:05,5801.21
15/10/2025 11:10,5666.56
15/10/2025 11:15,5575.94
15/10/2025 11:20,5772.65
15/10/2025 11:25,5709.45
15/10/2025 11:30,5575.75
15/10/2025 11:35,5455.67
15/10/2025 11:40,5593.13
15/10/2025 11:45,5512.57
15/10/2025 11:50,5473.44
15/10/2025 11:55,5518.2
15/10/2025 12:00,5492.98
15/10/2025 12:05,5243.25
15/10/2025 12:10,5392.28
15/10/2025 12:15,4986.98
15/10/2025 12:20,5220.5
15/10/2025 12:25,5223.98
15/10/2025 12:30,4959.27
15/10/2025 12:35,5166.62
15/10/2025 12:40,4972.28
15/10/2025 12:45,5106.23
15/10/2025 12:50,5130.8
15/10/2025 12:55,5101.44
15/10/2025 13:00,5032.69
15/10/2025 13:05,4812.85
15/10/2025 13:10,4924.12
15/10/2025 13:15,5094.15
15/10/2025 13:20,5153.68
15/10/2025 13:25,5202.85
15/10/2025 13:30,4894.15
15/10/2025 13:35,4990.14
15/10/2025 13:40,4852.26
15/10/2025 13:45,4876.42
15/10/2025 13:50,4796.2
15/10/2025 13:55,5133.1
15/10/2025 14:00,5055.72
15/10/2025 14:05,5110.37
15/10/2025 14:10,5113.04
15/10/2025 14:15,5023.45
15/10/2025 14:20,5006.1
15/10/2025 14:25,4648.87
15/10/2025 14:30,5096.68
15/10/2025 14:35,5007.58
15/10/2025 14:40,4983.38
15/10/2025 14:45,4819.67
15/10/2025 14:50,4812.65
15/10/2025 14:55,4964.27
15/10/2025 15:00,4871.52
15/10/2025 15:05,5030.29
15/10/2025 15:10,4868.02
15/10/2025 15:15,5215.61
15/10/2025 15:20,5098.46
15/10/2025 15:25,5048.6
15/10/2025 15:30,5008.06
15/10/2025 15:35,4884.8
15/10/2025 15:40,5047.34
15/10/2025 15:45,4913.28
15/10/2025 15:50,5398.47
15/10/2025 15:55,5032.51
15/10/2025 16:00,5415.42
15/10/2025 16:05,5479.45
15/10/2025 16:10,5563.71
15/10/2025 16:15,5052.83
15/10/2025 16:20,5186.68
15/10/2025 16:25,5580.48
15/10/2025 16:30,5233.78
15/10/2025 16:35,5584.03
15/10/2025 16:40,5531.27
15/10/2025 16:45,5366.67
15/10/2025 16:50,5457.19
15/10/2025 16:55,5549.02
15/10/2025 17:00,5576.12
15/10/2025 17:05,5651.18
15/10/2025 17:10,5496.12
15/10/2025 17:15,5558.93
15/10/2025 17:20,5631.04
15/10/2025 17:25,5569.1
15/10/2025 17:30,5823.22
15/10/2025 17:35,5788.61
15/10/2025 17:40,5716.55
15/10/2025 17:45,5622.55
15/10/2025 17:50,5891.66
15/10/2025 17:55,5729.13
15/10/2025 18:00,5781.6
15/10/2025 18:05,6051.49
15/10/2025 18:10,5732.7
15/10/2025 18:15,5876.26
15/10/2025 18:20,5831.32
15/10/2025 18:25,5973.44
15/10/2025 18:30,5601.89
15/10/2025 18:35,5986.76
15/10/2025 18:40,5910.8
15/10/2025 18:45,5882.16
15/10/2025 18:50,6115.36
15/10/2025 18:55,6292.06
15/10/2025 19:00,6299.44
15/10/2025 19:05,5923.74
15/10/2025 19:10,6353.66
15/10/2025 19:15,6058.94
15/10/2025 19:20,6250.51
15/10/2025 19:25,6258.22
15/10/2025 19:30,6177.88
15/10/2025 19:35,6330.81
15/10/2025 19:40,6098.53
15/10/2025 19:45,6399.44
15/10/2025 19:50,6335.6
15/10/2025 19:55,6213.99
15/10/2025 20:00,6265.9
15/10/2025 20:05,5874.42
15/10/2025 20:10,6280.58
15/10/2025 20:15,6054.19
15/10/2025 20:20,5947.23
15/10/2025 20:25,6162.6
15/10/2025 20:30,6318.61
15/10/2025 20:35,6187.58
15/10/2025 20:40,6316.49
15/10/2025 20:45,5850.32
15/10/2025 20:50,6082.0
15/10/2025 20:55,5918.37
15/10/2025 21:00,5923.77
15/10/2025 21:05,6118.6
15/10/2025 21:10,6106.84
15/10/2025 21:15,6276.19
15/10/2025 21:20,5805.14
15/10/2025 21:25,6077.88
15/10/2025 21:30,6129.8
15/10/2025 21:35,6195.8
15/10/2025 21:40,6251.37
15/10/2025 21:45,5956.45
15/10/2025 21:50,5967.78
15/10/2025 21:55,6056.54
15/10/2025 22:00,5428.84
15/10/2025 22:05,5334.69
15/10/2025 22:10,5591.36
15/10/2025 22:15,5645.93
15/10/2025 22:20,5330.48
15/10/2025 22:25,5364.41
15/10/2025 22:30,5228.48
15/10/2025 22:35,5171.8
15/10/2025 22:40,5376.67
15/10/2025 22:45,5453.24
15/10/2025 22:50,5119.78
15/10/2025 22:55,4883.14
15/10/2025 23:00,4931.56
15/10/2025 23:05,5174.42
15/10/2025 23:10,5313.57
15/10/2025 23:15,5099.25
15/10/2025 23:20,5012.63
15/10/2025 23:25,5146.86
15/10/2025 23:30,4970.1
15/10/2025 23:35,4891.6
15/10/2025 23:40,4900.96
15/10/2025 23:45,4693.66
15/10/2025 23:50,5096.94
15/10/2025 23:55,4738.1
16/10/2025 00:00,4855.7
16/10/2025 00:05,5044.13
16/10/2025 00:10,5144.36
16/10/2025 00:15,4830.6
16/10/2025 00:20,4932.86
16/10/2025 00:25,5122.44
16/10/2025 00:30,5050.99
16/10/2025 00:35,5246.38
16/10/2025 00:40,5039.89
16/10/2025 00:45,4909.84
16/10/2025 00:50,5025.02
16/10/2025 00:55,4892.43
16/10/2025 01:00,5134.26
16/10/2025 01:05,4999.72
16/10/2025 01:10,5283.73
16/10/2025 01:15,5004.43
16/10/2025 01:20,5297.12
16/10/2025 01:25,5239.66
16/10/2025 01:30,5042.72
16/10/2025 01:35,5121.85
16/10/2025 01:40,5119.74
16/10/2025 01:45,5123.9
16/10/2025 01:50,5168.79
16/10/2025 01:55,5117.23
16/10/2025 02:00,3667.87
16/10/2025 02:05,3703.97
16/10/2025 02:10,3809.97
16/10/2025 02:15,3600.29
16/10/2025 02:20,3872.14
16/10/2025 02:25,3935.1
16/10/2025 02:30,3459.38
16/10/2025 02:35,3900.2
16/10/2025 02:40,3649.48
16/10/2025 02:45,3946.08
16/10/2025 02:50,4036.46
16/10/2025 02:55,3653.79
16/10/2025 03:00,3606.24
16/10/2025 03:05,3584.36
16/10/2025 03:10,3739.24
16/10/2025 03:15,3746.15
16/10/2025 03:20,3435.49
16/10/2025 03:25,3559.53
16/10/2025 03:30,3949.35
16/10/2025 03:35,3672.01
16/10/2025 03:40,3708.92
16/10/2025 03:45,3897.03
16/10/2025 03:50,3739.33
16/10/2025 03:55,3686.91
16/10/2025 04:00,3936.45
16/10/2025 04:05,3521.47
16/10/2025 04:10,3431.0
16/10/2025 04:15,3721.79
16/10/2025 04:20,3893.83
16/10/2025 04:25,3621.44
16/10/2025 04:30,3418.79
16/10/2025 04:35,3923.41
16/10/2025 04:40,3824.5
16/10/2025 04:45,3716.66
16/10/2025 04:50,3856.26
16/10/2025 04:55,3490.31
16/10/2025 05:00,4299.17
16/10/2025 05:05,4363.84
16/10/2025 05:10,4266.88
16/10/2025 05:15,4470.53
16/10/2025 05:20,4082.83
16/10/2025 05:25,4235.82
16/10/2025 05:30,4279.91
16/10/2025 05:35,4386.22
16/10/2025 05:40,4450.23
16/10/2025 05:45,4220.31
16/10/2025 05:50,4408.22
16/10/2025 05:55,4442.71
16/10/2025 06:00,4204.02
16/10/2025 06:05,4275.74
16/10/2025 06:10,4395.38
16/10/2025 06:15,4428.03
16/10/2025 06:20,4482.56
16/10/2025 06:25,4729.8
16/10/2025 06:30,4836.96
16/10/2025 06:35,4438.9
16/10/2025 06:40,4522.72
16/10/2025 06:45,4758.18
16/10/2025 06:50,4516.41
16/10/2025 06:55,4540.57
16/10/2025 07:00,4625.79
16/10/2025 07:05,4465.42
16/10/2025 07:10,4733.44
16/10/2025 07:15,4398.72
16/10/2025 07:20,4527.47
16/10/2025 07:25,4926.2
16/10/2025 07:30,4764.83
16/10/2025 07:35,4904.73
16/10/2025 07:40,4611.22
16/10/2025 07:45,4883.46
16/10/2025 07:50,5060.71
16/10/2025 07:55,4826.3
16/10/2025 08:00,4864.17
16/10/2025 08:05,4999.86
16/10/2025 08:10,4670.68
16/10/2025 08:15,4749.95
16/10/2025 08:20,4683.85
16/10/2025 08:25,4863.01
16/10/2025 08:30,4744.67
16/10/2025 08:35,4782.66
16/10/2025 08:40,5030.41
16/10/2025 08:45,5009.82
16/10/2025 08:50,4935.57
16/10/2025 08:55,5438.29
16/10/2025 09:00,5467.63
16/10/2025 09:05,5171.45
16/10/2025 09:10,5920.5
16/10/2025 09:15,5643.68
16/10/2025 09:20,5375.99
16/10/2025 09:25,5493.69
16/10/2025 09:30,5351.1
16/10/2025 09:35,5602.53
16/10/2025 09:40,5535.58
16/10/2025 09:45,5674.29
16/10/2025 09:50,5688.88
16/10/2025 09:55,5473.81
16/10/2025 10:00,5322.12
16/10/2025 10:05,5681.51
16/10/2025 10:10,5511.68
16/10/2025 10:15,5669.09
16/10/2025 10:20,5940.6
16/10/2025 10:25,5768.59
16/10/2025 10:30,5614.84
16/10/2025 10:35,5618.56
16/10/2025 10:40,5732.09
16/10/2025 10:45,5388.87
16/10/2025 10:50,5785.68
16/10/2025 10:55,5687.4
16/10/2025 11:00,5813.98
16/10/2025 11:05,5411.84
16/10/2025 11:10,5726.84
16/10/2025 11:15,5650.6
16/10/2025 11:20,5668.76
16/10/2025 11:25,5668.27
16/10/2025 11:30,5669.17
16/10/2025 11:35,5484.18
16/10/2025 11:40,5416.97
16/10/2025 11:45,5523.2
16/10/2025 11:50,5597.03
16/10/2025 11:55,5522.47
16/10/2025 12:00,5177.74
16/10/2025 12:05,5302.73
16/10/2025 12:10,5220.19
16/10/2025 12:15,5121.84
16/10/2025 12:20,5115.26
16/10/2025 12:25,5143.85
16/10/2025 12:30,5234.49
16/10/2025 12:35,5093.14
16/10/2025 12:40,5097.34
16/10/2025 12:45,5354.03
16/10/2025 12:50,5040.63
16/10/2025 12:55,5097.58
16/10/2025 13:00,5210.0
16/10/2025 13:05,5076.57
16/10/2025 13:10,4887.52
16/10/2025 13:15,5230.91
16/10/2025 13:20,4927.9
16/10/2025 13:25,4758.74
16/10/2025 13:30,5075.71
16/10/2025 13:35,5023.52
16/10/2025 13:40,5134.7
16/10/2025 13:45,4762.93
16/10/2025 13:50,5106.06
16/10/2025 13:55,5102.54
16/10/2025 14:00,5271.41
16/10/2025 14:05,5003.92
16/10/2025 14:10,5007.6
16/10/2025 14:15,5172.8
16/10/2025 14:20,5168.79
16/10/2025 14:25,5187.08
16/10/2025 14:30,5153.87
16/10/2025 14:35,5039.67
16/10/2025 14:40,4789.41
16/10/2025 14:45,4897.97
16/10/2025 14:50,4788.46
16/10/2025 14:55,4964.03
16/10/2025 15:00,4939.69
16/10/2025 15:05,4920.77
16/10/2025 15:10,4608.75
16/10/2025 15:15,5040.5
16/10/2025 15:20,4998.79
16/10/2025 15:25,5360.44
16/10/2025 15:30,5145.17
16/10/2025 15:35,5007.13
16/10/2025 15:40,5243.13
16/10/2025 15:45,4945.75
16/10/2025 15:50,5115.97
16/10/2025 15:55,4813.58
16/10/2025 16:00,5295.38
16/10/2025 16:05,5145.36
16/10/2025 16:10,5364.61
16/10/2025 16:15,4993.38
16/10/2025 16:20,5332.54
16/10/2025 16:25,5244.01
16/10/2025 16:30,5089.84
16/10/2025 16:35,5290.23
16/10/2025 16:40,5503.35
16/10/2025 16:45,5491.6
16/10/2025 16:50,5547.31
16/10/2025 16:55,5468.26
16/10/2025 17:00,5659.33
16/10/2025 17:05,5734.28
16/10/2025 17:10,5558.79
16/10/2025 17:15,5391.13
16/10/2025 17:20,5503.27
16/10/2025 17:25,5603.61
16/10/2025 17:30,5628.39
16/10/2025 17:35,5719.84
16/10/2025 17:40,5830.12
16/10/2025 17:45,5625.85
16/10/2025 17:50,5662.45
16/10/2025 17:55,5755.15
16/10/2025 18:00,6012.17
16/10/2025 18:05,5772.56
16/10/2025 18:10,5986.18
16/10/2025 18:15,5942.3
16/10/2025 18:20,6081.11
16/10/2025 18:25,6014.73
16/10/2025 18:30,6108.94
16/10/2025 18:35,6088.66
16/10/2025 18:40,6166.11
16/10/2025 18:45,6019.31
16/10/2025 18:50,6030.21
16/10/2025 18:55,6112.43
16/10/2025 19:00,6258.88
16/10/2025 19:05,6094.83
16/10/2025 19:10,6424.21
16/10/2025 19:15,6013.59
16/10/2025 19:20,5882.49
16/10/2025 19:25,6300.89
16/10/2025 19:30,6157.6
16/10/2025 19:35,6102.54
16/10/2025 19:40,6079.59
16/10/2025 19:45,6231.63
16/10/2025 19:50,6250.14
16/10/2025 19:55,6423.39
16/10/2025 20:00,6212.3
16/10/2025 20:05,6145.12
16/10/2025 20:10,6326.56
16/10/2025 20:15,5924.52
16/10/2025 20:20,6444.71
16/10/2025 20:25,6129.18
16/10/2025 20:30,6074.34
16/10/2025 20:35,5975.71
16/10/2025 20:40,5929.37
16/10/2025 20:45,6099.18
16/10/2025 20:50,6394.51
16/10/2025 20:55,6027.9
16/10/2025 21:00,6086.48
16/10/2025 21:05,6152.21
16/10/2025 21:10,6213.61
16/10/2025 21:15,6432.19
16/10/2025 21:20,6180.98
16/10/2025 21:25,5965.08
16/10/2025 21:30,6217.07
16/10/2025 21:35,6033.95
16/10/2025 21:40,5882.65
16/10/2025 21:45,6000.61
16/10/2025 21:50,5755.52
16/10/2025 21:55,5767.09
16/10/2025 22:00,5539.71
16/10/2025 22:05,5451.09
16/10/2025 22:10,5309.37
16/10/2025 22:15,5337.32
16/10/2025 22:20,5122.21
16/10/2025 22:25,5422.23
16/10/2025 22:30,5223.63
16/10/2025 22:35,5429.4
16/10/2025 22:40,5154.59
16/10/2025 22:45,5355.79
16/10/2025 22:50,5340.17
16/10/2025 22:55,5274.26
16/10/2025 23:00,4964.05
16/10/2025 23:05,5001.55
16/10/2025 23:10,4981.45
16/10/2025 23:15,5080.04
16/10/2025 23:20,4927.92
16/10/2025 23:25,4957.28
16/10/2025 23:30,4966.01
16/10/2025 23:35,4809.87
16/10/2025 23:40,4765.22
16/10/2025 23:45,5084.03
16/10/2025 23:50,4630.99
16/10/2025 23:55,4856.64
17/10/2025 00:00,4955.97
17/10/2025 00:05,5432.31
17/10/2025 00:10,5268.57
17/10/2025 00:15,5040.49
17/10/2025 00:20,4923.46
17/10/2025 00:25,4981.56
17/10/2025 00:30,5346.72
17/10/2025 00:35,5087.52
17/10/2025 00:40,4766.6
17/10/2025 00:45,5046.15
17/10/2025 00:50,5122.4
17/10/2025 00:55,4963.68
17/10/2025 01:00,4930.44
17/10/2025 01:05,5151.97
17/10/2025 01:10,5040.16
17/10/2025 01:15,5088.45
17/10/2025 01:20,5064.49
17/10/2025 01:25,5018.37
17/10/2025 01:30,5009.42
17/10/2025 01:35,5070.9
17/10/2025 01:40,5087.11
17/10/2025 01:45,5155.78
17/10/2025 01:50,5209.53
17/10/2025 01:55,5054.47
17/10/2025 02:00,3884.04
17/10/2025 02:05,3506.31
17/10/2025 02:10,3535.65
17/10/2025 02:15,3828.68
17/10/2025 02:20,3531.29
17/10/2025 02:25,3779.88
17/10/2025 02:30,3715.74
17/10/2025 02:35,3527.03
17/10/2025 02:40,3792.51
17/10/2025 02:45,3510.86
17/10/2025 02:50,3568.94
17/10/2025 02:55,3941.68
17/10/2025 03:00,3631.18
17/10/2025 03:05,4071.83
17/10/2025 03:10,3716.88
17/10/2025 03:15,3793.82
17/10/2025 03:20,3890.15
17/10/2025 03:25,3547.25
17/10/2025 03:30,3815.82
17/10/2025 03:35,3355.77
17/10/2025 03:40,3511.81
17/10/2025 03:45,3751.74
17/10/2025 03:50,3605.61
17/10/2025 03:55,3700.9
17/10/2025 04:00,3580.65
17/10/2025 04:05,3566.76
17/10/2025 04:10,3576.83
17/10/2025 04:15,3478.25
17/10/2025 04:20,3672.96
17/10/2025 04:25,3616.96
17/10/2025 04:30,3660.35
17/10/2025 04:35,3872.49
17/10/2025 04:40,3756.33
17/10/2025 04:45,3677.14
17/10/2025 04:50,3535.89
17/10/2025 04:55,3804.77
17/10/2025 05:00,4217.87
17/10/2025 05:05,4171.54
17/10/2025 05:10,4147.69
17/10/2025 05:15,4107.64
17/10/2025 05:20,4427.24
17/10/2025 05:25,4703.27
17/10/2025 05:30,4158.81
17/10/2025 05:35,4280.91
17/10/2025 05:40,4353.68
17/10/2025 05:45,4407.45
17/10/2025 05:50,4389.84
17/10/2025 05:55,4241.42
17/10/2025 06:00,4396.35
17/10/2025 06:05,4428.63
17/10/2025 06:10,4445.4
17/10/2025 06:15,4437.06
17/10/2025 06:20,4225.71
17/10/2025 06:25,4744.05
17/10/2025 06:30,4587.42
17/10/2025 06:35,4466.62
17/10/2025 06:40,4572.74
17/10/2025 06:45,4701.27
17/10/2025 06:50,4400.2
17/10/2025 06:55,4690.27
17/10/2025 07:00,4729.78
17/10/2025 07:05,4436.91
17/10/2025 07:10,4652.18
17/10/2025 07:15,4571.2
17/10/2025 07:20,4637.45
17/10/2025 07:25,4730.29
17/10/2025 07:30,4607.65
17/10/2025 07:35,4734.19
17/10/2025 07:40,4631.36
17/10/2025 07:45,4789.26
17/10/2025 07:50,4906.8
17/10/2025 07:55,4887.77
17/10/2025 08:00,4652.98
17/10/2025 08:05,5082.31
17/10/2025 08:10,4942.01
17/10/2025 08:15,5008.64
17/10/2025 08:20,4848.16
17/10/2025 08:25,4635.25
17/10/2025 08:30,4876.32
17/10/2025 08:35,4913.69
17/10/2025 08:40,5001.15
17/10/2025 08:45,4973.44
17/10/2025 08:50,4678.53
17/10/2025 08:55,4837.34
17/10/2025 09:00,5652.71
17/10/2025 09:05,5584.26
17/10/2025 09:10,5608.27
17/10/2025 09:15,5528.23
17/10/2025 09:20,5532.1
17/10/2025 09:25,5644.25
17/10/2025 09:30,5564.15
17/10/2025 09:35,5637.02
17/10/2025 09:40,5524.79
17/10/2025 09:45,5670.1
17/10/2025 09:50,5676.08
17/10/2025 09:55,5506.13
17/10/2025 10:00,5611.11
17/10/2025 10:05,5862.99
17/10/2025 10:10,5685.24
17/10/2025 10:15,5293.02
17/10/2025 10:20,5517.61
17/10/2025 10:25,5605.23
17/10/2025 10:30,5803.24
17/10/2025 10:35,6003.24
17/10/2025 10:40,5644.57
17/10/2025 10:45,5725.59
17/10/2025 10:50,5670.42
17/10/2025 10:55,5339.27
17/10/2025 11:00,5682.51
17/10/2025 11:05,5853.27
17/10/2025 11:10,5750.75
17/10/2025 11:15,5734.85
17/10/2025 11:20,5608.02
17/10/2025 11:25,5752.44
17/10/2025 11:30,5618.09
17/10/2025 11:35,5795.83
17/10/2025 11:40,5724.33
17/10/2025 11:45,5534.93
17/10/2025 11:50,5482.27
17/10/2025 11:55,5584.71
17/10/2025 12:00,5254.34
17/10/2025 12:05,5168.12
17/10/2025 12:10,5246.98
17/10/2025 12:15,5489.31
17/10/2025 12:20,5107.04
17/10/2025 12:25,5122.32
17/10/2025 12:30,5536.46
17/10/2025 12:35,4910.78
17/10/2025 12:40,4967.88
17/10/2025 12:45,5017.77
17/10/2025 12:50,5154.8
17/10/2025 12:55,5088.45
17/10/2025 13:00,5099.31
17/10/2025 13:05,5032.31
17/10/2025 13:10,5100.38
17/10/2025 13:15,5181.94
17/10/2025 13:20,5076.22
17/10/2025 13:25,4977.4
17/10/2025 13:30,4835.9
17/10/2025 13:35,4965.5
17/10/2025 13:40,4872.81
17/10/2025 13:45,4738.28
17/10/2025 13:50,5065.39
17/10/2025 13:55,5328.47
17/10/2025 14:00,4995.21
17/10/2025 14:05,4863.45
17/10/2025 14:10,4910.36
17/10/2025 14:15,5086.86
17/10/2025 14:20,4909.59
17/10/2025 14:25,5131.86
17/10/2025 14:30,4763.28
17/10/2025 14:35,5120.3
17/10/2025 14:40,4866.76
17/10/2025 14:45,5046.05
17/10/2025 14:50,5014.36
17/10/2025 14:55,5101.26
17/10/2025 15:00,5020.43
17/10/2025 15:05,4800.73
17/10/2025 15:10,4967.74
17/10/2025 15:15,5133.67
17/10/2025 15:20,5047.39
17/10/2025 15:25,4834.04
17/10/2025 15:30,5006.51
17/10/2025 15:35,5281.56
17/10/2025 15:40,4864.91
17/10/2025 15:45,5015.55
17/10/2025 15:50,5170.65
17/10/2025 15:55,5300.83
17/10/2025 16:00,5284.19
17/10/2025 16:05,5431.34
17/10/2025 16:10,5234.77
17/10/2025 16:15,5459.9
17/10/2025 16:20,5410.1
17/10/2025 16:25,5414.81
17/10/2025 16:30,5469.17
17/10/2025 16:35,5398.54
17/10/2025 16:40,5299.46
17/10/2025 16:45,5398.49
17/10/2025 16:50,5623.7
17/10/2025 16:55,5314.4
17/10/2025 17:00,5588.62
17/10/2025 17:05,5710.6
17/10/2025 17:10,5538.66
17/10/2025 17:15,5453.22
17/10/2025 17:20,5797.33
17/10/2025 17:25,5687.82
17/10/2025 17:30,5572.29
17/10/2025 17:35,5583.58
17/10/2025 17:40,5826.09
17/10/2025 17:45,6033.95
17/10/2025 17:50,5940.18
17/10/2025 17:55,5784.38
17/10/2025 18:00,5824.33
17/10/2025 18:05,6008.13
17/10/2025 18:10,6041.35
17/10/2025 18:15,6094.62
17/10/2025 18:20,6161.29
17/10/2025 18:25,5845.78
17/10/2025 18:30,5937.79
17/10/2025 18:35,5934.16
17/10/2025 18:40,5997.69
17/10/2025 18:45,5869.93
17/10/2025 18:50,5966.44
17/10/2025 18:55,5701.84
17/10/2025 19:00,6163.11
17/10/2025 19:05,5977.91
17/10/2025 19:10,6323.93
17/10/2025 19:15,5922.54
17/10/2025 19:20,6390.95
17/10/2025 19:25,6413.57
17/10/2025 19:30,6215.13
17/10/2025 19:35,6211.7
17/10/2025 19:40,6219.15
17/10/2025 19:45,6176.89
17/10/2025 19:50,6312.23
17/10/2025 19:55,6278.13
17/10/2025 20:00,6323.09
17/10/2025 20:05,6170.21
17/10/2025 20:10,6260.2
17/10/2025 20:15,6165.57
17/10/2025 20:20,5917.16
17/10/2025 20:25,6246.18
17/10/2025 20:30,5998.92
17/10/2025 20:35,5987.71
17/10/2025 20:40,6098.52
17/10/2025 20:45,6088.72
17/10/2025 20:50,6189.66
17/10/2025 20:55,6108.0
17/10/2025 21:00,6174.65
17/10/2025 21:05,6130.04
17/10/2025 21:10,6063.68
17/10/2025 21:15,6186.82
17/10/2025 21:20,5857.96
17/10/2025 21:25,5966.41
17/10/2025 21:30,6030.67
17/10/2025 21:35,5959.81
17/10/2025 21:40,6205.71
17/10/2025 21:45,5955.85
17/10/2025 21:50,5997.85
17/10/2025 21:55,5920.32
17/10/2025 22:00,5423.52
17/10/2025 22:05,5386.81
17/10/2025 22:10,5325.86
17/10/2025 22:15,5666.99
17/10/2025 22:20,5165.13
17/10/2025 22:25,5121.78
17/10/2025 22:30,4988.66
17/10/2025 22:35,4988.56
17/10/2025 22:40,5177.53
17/10/2025 22:45,5218.81
17/10/2025 22:50,5076.45
17/10/2025 22:55,5004.63
17/10/2025 23:00,5135.18
17/10/2025 23:05,5165.7
17/10/2025 23:10,5061.35
17/10/2025 23:15,5188.66
17/10/2025 23:20,4941.65
17/10/2025 23:25,5133.34
17/10/2025 23:30,4737.26
17/10/2025 23:35,5074.39
17/10/2025 23:40,4905.08
17/10/2025 23:45,4996.89
17/10/2025 23:50,4663.69
17/10/2025 23:55,4540.4
18/10/2025 00:00,4463.27
18/10/2025 00:05,4549.78
18/10/2025 00:10,4731.03
18/10/2025 00:15,4447.38
18/10/2025 00:20,4573.6
18/10/2025 00:25,4658.91
18/10/2025 00:30,4880.19
18/10/2025 00:35,4651.74
18/10/2025 00:40,4763.24
18/10/2025 00:45,4734.54
18/10/2025 00:50,4851.26
18/10/2025 00:55,4654.26
18/10/2025 01:00,4699.27
18/10/2025 01:05,4862.41
18/10/2025 01:10,4489.84
18/10/2025 01:15,4605.26
18/10/2025 01:20,4675.79
18/10/2025 01:25,4511.97
18/10/2025 01:30,4423.12
18/10/2025 01:35,4701.59
18/10/2025 01:40,4556.53
18/10/2025 01:45,4859.39
18/10/2025 01:50,4823.03
18/10/2025 01:55,4803.54
18/10/2025 02:00,3312.83
18/10/2025 02:05,3598.84
18/10/2025 02:10,3115.44
18/10/2025 02:15,3317.36
18/10/2025 02:20,3280.35
18/10/2025 02:25,3123.51
18/10/2025 02:30,3143.48
18/10/2025 02:35,3218.52
18/10/2025 02:40,3168.76
18/10/2025 02:45,3555.95
18/10/2025 02:50,3451.59
18/10/2025 02:55,3164.62
18/10/2025 03:00,3244.18
18/10/2025 03:05,3350.84
18/10/2025 03:10,3399.07
18/10/2025 03:15,3487.87
18/10/2025 03:20,3287.06
18/10/2025 03:25,3261.92
18/10/2025 03:30,3191.43
18/10/2025 03:35,3152.95
18/10/2025 03:40,3329.74
18/10/2025 03:45,3225.44
18/10/2025 03:50,3335.55
18/10/2025 03:55,3144.17
18/10/2025 04:00,3213.04
18/10/2025 04:05,3303.24
18/10/2025 04:10,3298.7
18/10/2025 04:15,3280.71
18/10/2025 04:20,3563.19
18/10/2025 04:25,3394.36
18/10/2025 04:30,3257.8
18/10/2025 04:35,3277.26
18/10/2025 04:40,3051.72
18/10/2025 04:45,3215.72
18/10/2025 04:50,3296.01
18/10/2025 04:55,3252.38
18/10/2025 05:00,4076.76
18/10/2025 05:05,4053.16
18/10/2025 05:10,3714.77
18/10/2025 05:15,3652.64
18/10/2025 05:20,3812.47
18/10/2025 05:25,3871.64
18/10/2025 05:30,3805.28
18/10/2025 05:35,4061.98
18/10/2025 05:40,3993.41
18/10/2025 05:45,3719.62
18/10/2025 05:50,3906.29
18/10/2025 05:55,4045.96
18/10/2025 06:00,3799.67
18/10/2025 06:05,3905.04
18/10/2025 06:10,3855.06
18/10/2025 06:15,3971.61
18/10/2025 06:20,4028.08
18/10/2025 06:25,4149.8
18/10/2025 06:30,4168.64
18/10/2025 06:35,4242.05
18/10/2025 06:40,3856.56
18/10/2025 06:45,4163.88
18/10/2025 06:50,4048.92
18/10/2025 06:55,3897.08
18/10/2025 07:00,4190.46
18/10/2025 07:05,4417.07
18/10/2025 07:10,4344.96
18/10/2025 07:15,4170.32
18/10/2025 07:20,4231.01
18/10/2025 07:25,4362.24
18/10/2025 07:30,4249.07
18/10/2025 07:35,4330.69
18/10/2025 07:40,4199.63
18/10/2025 07:45,4528.94
18/10/2025 07:50,4248.28
18/10/2025 07:55,4330.8
18/10/2025 08:00,4346.69
18/10/2025 08:05,4169.74
18/10/2025 08:10,4299.35
18/10/2025 08:15,4538.44
18/10/2025 08:20,4477.05
18/10/2025 08:25,4465.27
18/10/2025 08:30,4393.34
18/10/2025 08:35,4861.6
18/10/2025 08:40,4651.25
18/10/2025 08:45,4582.77
18/10/2025 08:50,4379.77
18/10/2025 08:55,4572.55
18/10/2025 09:00,5303.8
18/10/2025 09:05,5171.9
18/10/2025 09:10,5216.91
18/10/2025 09:15,4980.43
18/10/2025 09:20,5099.34
18/10/2025 09:25,5216.32
18/10/2025 09:30,5270.5
18/10/2025 09:35,5306.6
18/10/2025 09:40,5466.57
18/10/2025 09:45,5287.45
18/10/2025 09:50,5467.38
18/10/2025 09:55,5458.16
18/10/2025 10:00,5357.58
18/10/2025 10:05,5154.19
18/10/2025 10:10,5287.74
18/10/2025 10:15,5299.89
18/10/2025 10:20,5284.85
18/10/2025 10:25,4986.83
18/10/2025 10:30,5240.18
18/10/2025 10:35,5343.15
18/10/2025 10:40,5285.59
18/10/2025 10:45,5432.96
18/10/2025 10:50,5273.56
18/10/2025 10:55,5253.72
18/10/2025 11:00,5060.15
18/10/2025 11:05,5204.93
18/10/2025 11:10,5245.18
18/10/2025 11:15,5144.31
18/10/2025 11:20,5131.29
18/10/2025 11:25,5063.03
18/10/2025 11:30,5205.27
18/10/2025 11:35,5206.21
18/10/2025 11:40,5203.9
18/10/2025 11:45,5202.5
18/10/2025 11:50,5063.21
18/10/2025 11:55,5107.55
18/10/2025 12:00,4501.66
18/10/2025 12:05,4786.37
18/10/2025 12:10,4940.19
18/10/2025 12:15,4664.4
18/10/2025 12:20,4926.07
18/10/2025 12:25,4985.08
18/10/2025 12:30,4972.17
18/10/2025 12:35,4789.94
18/10/2025 12:40,4710.69
18/10/2025 12:45,4653.66
18/10/2025 12:50,4764.2
18/10/2025 12:55,4679.45
18/10/2025 13:00,4489.36
18/10/2025 13:05,4844.11
18/10/2025 13:10,4791.29
18/10/2025 13:15,4856.16
18/10/2025 13:20,4690.76
18/10/2025 13:25,4462.71
18/10/2025 13:30,4661.55
18/10/2025 13:35,4576.83
18/10/2025 13:40,4777.06
18/10/2025 13:45,4541.91
18/10/2025 13:50,4814.31
18/10/2025 13:55,4590.21
18/10/2025 14:00,4557.86
18/10/2025 14:05,4425.85
18/10/2025 14:10,4968.65
18/10/2025 14:15,4773.04
18/10/2025 14:20,4489.31
18/10/2025 14:25,4420.63
18/10/2025 14:30,4562.53
18/10/2025 14:35,4451.16
18/10/2025 14:40,4561.18
18/10/2025 14:45,4480.89
18/10/2025 14:50,4512.67
18/10/2025 14:55,4457.36
18/10/2025 15:00,4538.71
18/10/2025 15:05,4662.52
18/10/2025 15:10,4645.32
18/10/2025 15:15,4485.84
18/10/2025 15:20,4595.35
18/10/2025 15:25,4739.64
18/10/2025 15:30,4702.82
18/10/2025 15:35,4519.3
18/10/2025 15:40,4765.68
18/10/2025 15:45,4997.06
18/10/2025 15:50,4726.89
18/10/2025 15:55,4836.56
18/10/2025 16:00,4829.47
18/10/2025 16:05,4458.95
18/10/2025 16:10,4934.18
18/10/2025 16:15,4948.83
18/10/2025 16:20,4824.99
18/10/2025 16:25,4878.91
18/10/2025 16:30,4696.99
18/10/2025 16:35,5196.27
18/10/2025 16:40,5038.15
18/10/2025 16:45,5070.9
18/10/2025 16:50,5208.28
18/10/2025 16:55,5292.12
18/10/2025 17:00,5317.97
18/10/2025 17:05,5131.19
18/10/2025 17:10,5310.49
18/10/2025 17:15,4989.8
18/10/2025 17:20,4896.4
18/10/2025 17:25,5449.47
18/10/2025 17:30,5276.82
18/10/2025 17:35,5285.1
18/10/2025 17:40,5268.57
18/10/2025 17:45,5234.63
18/10/2025 17:50,5488.96
18/10/2025 17:55,5575.62
18/10/2025 18:00,5711.9
18/10/2025 18:05,5391.98
18/10/2025 18:10,5596.42
18/10/2025 18:15,5814.72
18/10/2025 18:20,5745.13
18/10/2025 18:25,5535.43
18/10/2025 18:30,5691.02
18/10/2025 18:35,5335.75
18/10/2025 18:40,5545.3
18/10/2025 18:45,6123.79
18/10/2025 18:50,5469.71
18/10/2025 18:55,5653.98
18/10/2025 19:00,5607.62
18/10/2025 19:05,5469.37
18/10/2025 19:10,5696.66
18/10/2025 19:15,5608.8
18/10/2025 19:20,5640.78
18/10/2025 19:25,5766.01
18/10/2025 19:30,5955.2
18/10/2025 19:35,6005.15
18/10/2025 19:40,6043.65
18/10/2025 19:45,5733.65
18/10/2025 19:50,5749.16
18/10/2025 19:55,5801.71
18/10/2025 20:00,5782.6
18/10/2025 20:05,6014.56
18/10/2025 20:10,5786.26
18/10/2025 20:15,5780.07
18/10/2025 20:20,5784.3
18/10/2025 20:25,5520.54
18/10/2025 20:30,5898.13
18/10/2025 20:35,5919.14
18/10/2025 20:40,5743.27
18/10/2025 20:45,5986.27
18/10/2025 20:50,5727.4
18/10/2025 20:55,5641.55
18/10/2025 21:00,5709.05
18/10/2025 21:05,5504.28
18/10/2025 21:10,5718.44
18/10/2025 21:15,5730.79
18/10/2025 21:20,5849.63
18/10/2025 21:25,5821.0
18/10/2025 21:30,5721.44
18/10/2025 21:35,5737.78
18/10/2025 21:40,5750.99
18/10/2025 21:45,5700.19
18/10/2025 21:50,5461.44
18/10/2025 21:55,5584.86
18/10/2025 22:00,5145.59
18/10/2025 22:05,5297.09
18/10/2025 22:10,4782.43
18/10/2025 22:15,4979.58
18/10/2025 22:20,4717.76
18/10/2025 22:25,5021.39
18/10/2025 22:30,4736.27
18/10/2025 22:35,4757.93
18/10/2025 22:40,4757.28
18/10/2025 22:45,4917.42
18/10/2025 22:50,4806.59
18/10/2025 22:55,4875.12
18/10/2025 23:00,4692.77
18/10/2025 23:05,4888.56
18/10/2025 23:10,4667.11
18/10/2025 23:15,4553.14
18/10/2025 23:20,4435.92
18/10/2025 23:25,4445.98
18/10/2025 23:30,4339.1
18/10/2025 23:35,4479.18
18/10/2025 23:40,4242.1
18/10/2025 23:45,4349.43
18/10/2025 23:50,4406.59
18/10/2025 23:55,4365.81
19/10/2025 00:00,4800.57
19/10/2025 00:05,4575.24
19/10/2025 00:10,4524.4
19/10/2025 00:15,4648.64
19/10/2025 00:20,4739.93
19/10/2025 00:25,4438.26
19/10/2025 00:30,4993.09
19/10/2025 00:35,4899.34
19/10/2025 00:40,4760.24
19/10/2025 00:45,4832.82
19/10/2025 00:50,4880.08
19/10/2025 00:55,4607.61
19/10/2025 01:00,4711.23
19/10/2025 01:05,4697.77
19/10/2025 01:10,4593.32
19/10/2025 01:15,4618.77
19/10/2025 01:20,4556.97
19/10/2025 01:25,4458.13
19/10/2025 01:30,4773.72
19/10/2025 01:35,4688.04
19/10/2025 01:40,4596.9
19/10/2025 01:45,4491.07
19/10/2025 01:50,4923.59
19/10/2025 01:55,4781.27
19/10/2025 02:00,3049.87
19/10/2025 02:05,3230.08
19/10/2025 02:10,3071.81
19/10/2025 02:15,3289.98
19/10/2025 02:20,3196.45
19/10/2025 02:25,3250.37
19/10/2025 02:30,3448.49
19/10/2025 02:35,3184.81
19/10/2025 02:40,3416.1
19/10/2025 02:45,3482.83
19/10/2025 02:50,3469.89
19/10/2025 02:55,3413.56
19/10/2025 03:00,3294.01
19/10/2025 03:05,3418.49
19/10/2025 03:10,3175.37
19/10/2025 03:15,3403.29
19/10/2025 03:20,3184.76
19/10/2025 03:25,3250.53
19/10/2025 03:30,3210.87
19/10/2025 03:35,3379.62
19/10/2025 03:40,3508.34
19/10/2025 03:45,3244.88
19/10/2025 03:50,3430.66
19/10/2025 03:55,3317.56
19/10/2025 04:00,3297.03
19/10/2025 04:05,3426.45
19/10/2025 04:10,3413.47
19/10/2025 04:15,3124.49
19/10/2025 04:20,3327.45
19/10/2025 04:25,3146.46
19/10/2025 04:30,3444.6
19/10/2025 04:35,3032.83
19/10/2025 04:40,3235.9
19/10/2025 04:45,3236.32
19/10/2025 04:50,3260.33
19/10/2025 04:55,2915.45
19/10/2025 05:00,3810.9
19/10/2025 05:05,3878.94
19/10/2025 05:10,3844.99
19/10/2025 05:15,3844.56
19/10/2025 05:20,3729.41
19/10/2025 05:25,3668.61
19/10/2025 05:30,4086.94
19/10/2025 05:35,3800.43
19/10/2025 05:40,3845.97
19/10/2025 05:45,3834.33
19/10/2025 05:50,4069.46
19/10/2025 05:55,3885.49
19/10/2025 06:00,3988.88
19/10/2025 06:05,4034.66
19/10/2025 06:10,3986.34
19/10/2025 06:15,3990.64
19/10/2025 06:20,3894.85
19/10/2025 06:25,4230.79
19/10/2025 06:30,4325.35
19/10/2025 06:35,4305.28
19/10/2025 06:40,4089.04
19/10/2025 06:45,4209.87
19/10/2025 06:50,4253.1
19/10/2025 06:55,4074.37
19/10/2025 07:00,4339.57
19/10/2025 07:05,4099.2
19/10/2025 07:10,4236.5
19/10/2025 07:15,4480.3
19/10/2025 07:20,4379.52
19/10/2025 07:25,4452.03
19/10/2025 07:30,4421.1
19/10/2025 07:35,4648.52
19/10/2025 07:40,4330.21
19/10/2025 07:45,4423.19
19/10/2025 07:50,4401.6
19/10/2025 07:55,4521.03
19/10/2025 08:00,4636.9
19/10/2025 08:05,4626.76
19/10/2025 08:10,4418.93
19/10/2025 08:15,4220.21
19/10/2025 08:20,4478.43
19/10/2025 08:25,4269.31
19/10/2025 08:30,4483.35
19/10/2025 08:35,4475.64
19/10/2025 08:40,4480.51
19/10/2025 08:45,4706.6
19/10/2025 08:50,4415.31
19/10/2025 08:55,4461.05
19/10/2025 09:00,5247.31
19/10/2025 09:05,5030.54
19/10/2025 09:10,5142.08
19/10/2025 09:15,5405.85
19/10/2025 09:20,5236.01
19/10/2025 09:25,5142.25
19/10/2025 09:30,5114.51
19/10/2025 09:35,5264.66
19/10/2025 09:40,5212.89
19/10/2025 09:45,5099.22
19/10/2025 09:50,5296.79
19/10/2025 09:55,5086.87
19/10/2025 10:00,5277.02
19/10/2025 10:05,5168.97
19/10/2025 10:10,5263.74
19/10/2025 10:15,5232.4
19/10/2025 10:20,5476.12
19/10/2025 10:25,5453.66
19/10/2025 10:30,5124.43
19/10/2025 10:35,5232.07
19/10/2025 10:40,5115.19
19/10/2025 10:45,5392.18
19/10/2025 10:50,5228.76
19/10/2025 10:55,5276.83
19/10/2025 11:00,5313.87
19/10/2025 11:05,5323.45
19/10/2025 11:10,5326.61
19/10/2025 11:15,5195.02
19/10/2025 11:20,5234.04
19/10/2025 11:25,5133.49
19/10/2025 11:30,5440.9
19/10/2025 11:35,4906.87
19/10/2025 11:40,4736.06
19/10/2025 11:45,5218.55
19/10/2025 11:50,5230.06
19/10/2025 11:55,5459.07
19/10/2025 12:00,4909.53
19/10/2025 12:05,4538.34
19/10/2025 12:10,4743.64
19/10/2025 12:15,4798.01
19/10/2025 12:20,4783.59
19/10/2025 12:25,4475.25
19/10/2025 12:30,4669.7
19/10/2025 12:35,4665.61
19/10/2025 12:40,4780.4
19/10/2025 12:45,4717.02
19/10/2025 12:50,4644.19
19/10/2025 12:55,4877.6
19/10/2025 13:00,4650.25
19/10/2025 13:05,4738.32
19/10/2025 13:10,4807.12
19/10/2025 13:15,4640.36
19/10/2025 13:20,4557.76
19/10/2025 13:25,4664.5
19/10/2025 13:30,4749.27
19/10/2025 13:35,4883.81
19/10/2025 13:40,4799.27
19/10/2025 13:45,4634.91
19/10/2025 13:50,4924.15
19/10/2025 13:55,4811.87
19/10/2025 14:00,4509.74
19/10/2025 14:05,4346.74
19/10/2025 14:10,4385.46
19/10/2025 14:15,4611.1
19/10/2025 14:20,4727.5
19/10/2025 14:25,4736.21
19/10/2025 14:30,4574.08
19/10/2025 14:35,4588.99
19/10/2025 14:40,4472.21
19/10/2025 14:45,4663.42
19/10/2025 14:50,4561.15
19/10/2025 14:55,4698.38
19/10/2025 15:00,4435.57
19/10/2025 15:05,4501.56
19/10/2025 15:10,4530.54
19/10/2025 15:15,4528.94
19/10/2025 15:20,4994.07
19/10/2025 15:25,4750.33
19/10/2025 15:30,4653.22
19/10/2025 15:35,4598.02
19/10/2025 15:40,4928.97
19/10/2025 15:45,4684.17
19/10/2025 15:50,4748.08
19/10/2025 15:55,4994.05
19/10/2025 16:00,4848.72
19/10/2025 16:05,4736.04
19/10/2025 16:10,4857.39
19/10/2025 16:15,4482.05
19/10/2025 16:20,5069.36
19/10/2025 16:25,4984.29
19/10/2025 16:30,5133.25
19/10/2025 16:35,5064.62
19/10/2025 16:40,4785.09
19/10/2025 16:45,5132.55
19/10/2025 16:50,5158.53
19/10/2025 16:55,5085.08
19/10/2025 17:00,4913.38
19/10/2025 17:05,5135.45
19/10/2025 17:10,5193.84
19/10/2025 17:15,5247.4
19/10/2025 17:20,5369.15
19/10/2025 17:25,5208.63
19/10/2025 17:30,5581.8
19/10/2025 17:35,5541.03
19/10/2025 17:40,5341.78
19/10/2025 17:45,5171.71
19/10/2025 17:50,5434.81
19/10/2025 17:55,5414.51
19/10/2025 18:00,5205.0
19/10/2025 18:05,5493.36
19/10/2025 18:10,5610.16
19/10/2025 18:15,5817.94
19/10/2025 18:20,5528.14
19/10/2025 18:25,5255.74
19/10/2025 18:30,5516.01
19/10/2025 18:35,5387.19
19/10/2025 18:40,5681.86
19/10/2025 18:45,5705.55
19/10/2025 18:50,5657.58
19/10/2025 18:55,5675.75
19/10/2025 19:00,5815.49
19/10/2025 19:05,5618.9
19/10/2025 19:10,5584.69
19/10/2025 19:15,5708.01
19/10/2025 19:20,5709.06
19/10/2025 19:25,5737.01
19/10/2025 19:30,5524.32
19/10/2025 19:35,5550.67
19/10/2025 19:40,5709.6
19/10/2025 19:45,5637.5
19/10/2025 19:50,5742.04
19/10/2025 19:55,5685.71
19/10/2025 20:00,6005.99
19/10/2025 20:05,5557.27
19/10/2025 20:10,5817.18
19/10/2025 20:15,5800.94
19/10/2025 20:20,5917.99
19/10/2025 20:25,5830.38
19/10/2025 20:30,5845.2
19/10/2025 20:35,5948.1
19/10/2025 20:40,5706.12
19/10/2025 20:45,5645.25
19/10/2025 20:50,5996.76
19/10/2025 20:55,5574.98
19/10/2025 21:00,5911.37
19/10/2025 21:05,5915.41
19/10/2025 21:10,5777.41
19/10/2025 21:15,5553.18
19/10/2025 21:20,5587.58
19/10/2025 21:25,5749.89
19/10/2025 21:30,5761.36
19/10/2025 21:35,5575.44
19/10/2025 21:40,5686.09
19/10/2025 21:45,5393.01
19/10/2025 21:50,5285.67
19/10/2025 21:55,5399.71
19/10/2025 22:00,4792.0
19/10/2025 22:05,5192.9
19/10/2025 22:10,5100.54
19/10/2025 22:15,5023.03
19/10/2025 22:20,4705.75
19/10/2025 22:25,5013.41
19/10/2025 22:30,4928.53
19/10/2025 22:35,4563.7
19/10/2025 22:40,4527.41
19/10/2025 22:45,5098.36
19/10/2025 22:50,4894.27
19/10/2025 22:55,4656.63
19/10/2025 23:00,4760.09
19/10/2025 23:05,4612.88
19/10/2025 23:10,4753.0
19/10/2025 23:15,4643.85
19/10/2025 23:20,4581.79
19/10/2025 23:25,4635.87
19/10/2025 23:30,4396.26
19/10/2025 23:35,4297.72
19/10/2025 23:40,4419.59
19/10/2025 23:45,4421.43
19/10/2025 23:50,4375.06
19/10/2025 23:55,4254.8
20/10/2025 00:00,5285.61
20/10/2025 00:05,5092.33
20/10/2025 00:10,5240.64
20/10/2025 00:15,5230.47
20/10/2025 00:20,4932.65
20/10/2025 00:25,4712.17
20/10/2025 00:30,5115.06
20/10/2025 00:35,5095.66
20/10/2025 00:40,4846.73
20/10/2025 00:45,5427.08
20/10/2025 00:50,5257.46
20/10/2025 00:55,5192.44
20/10/2025 01:00,5244.1
20/10/2025 01:05,5080.97
20/10/2025 01:10,4744.1
20/10/2025 01:15,4993.06
20/10/2025 01:20,5006.81
20/10/2025 01:25,5293.52
20/10/2025 01:30,5022.08
20/10/2025 01:35,5288.77
20/10/2025 01:40,5083.1
20/10/2025 01:45,5092.26
20/10/2025 01:50,5039.3
20/10/2025 01:55,4846.23
20/10/2025 02:00,3739.69
20/10/2025 02:05,3748.92
20/10/2025 02:10,3636.27
20/10/2025 02:15,3502.41
20/10/2025 02:20,3535.06
20/10/2025 02:25,3852.71
20/10/2025 02:30,3564.98
20/10/2025 02:35,3701.09
20/10/2025 02:40,3759.16
20/10/2025 02:45,3719.25
20/10/2025 02:50,3826.53
20/10/2025 02:55,3702.12
20/10/2025 03:00,3707.47
20/10/2025 03:05,3855.67
20/10/2025 03:10,3720.64
20/10/2025 03:15,3788.98
20/10/2025 03:20,3512.24
20/10/2025 03:25,3630.61
20/10/2025 03:30,3624.08
20/10/2025 03:35,3585.42
20/10/2025 03:40,3915.36
20/10/2025 03:45,3827.39
20/10/2025 03:50,3486.72
20/10/2025 03:55,3577.91
20/10/2025 04:00,3321.95
20/10/2025 04:05,3517.76
20/10/2025 04:10,3619.36
20/10/2025 04:15,3803.61
20/10/2025 04:20,3645.65
20/10/2025 04:25,3528.49
20/10/2025 04:30,3561.98
20/10/2025 04:35,3319.5
20/10/2025 04:40,3797.63
20/10/2025 04:45,3656.19
20/10/2025 04:50,3737.52
20/10/2025 04:55,3506.09
20/10/2025 05:00,4176.91
20/10/2025 05:05,4167.55
20/10/2025 05:10,4336.52
20/10/2025 05:15,4371.03
20/10/2025 05:20,4357.06
20/10/2025 05:25,4417.45
20/10/2025 05:30,4508.94
20/10/2025 05:35,4378.44
20/10/2025 05:40,4337.86
20/10/2025 05:45,4434.72
20/10/2025 05:50,4713.5
20/10/2025 05:55,4407.32
20/10/2025 06:00,4385.99
20/10/2025 06:05,4432.46
20/10/2025 06:10,4464.61
20/10/2025 06:15,4567.67
20/10/2025 06:20,4454.1
20/10/2025 06:25,4290.05
20/10/2025 06:30,4348.2
20/10/2025 06:35,4572.23
20/10/2025 06:40,4489.69
20/10/2025 06:45,4523.55
20/10/2025 06:50,4462.06
20/10/2025 06:55,4548.29
20/10/2025 07:00,4591.82
20/10/2025 07:05,4673.08
20/10/2025 07:10,4603.15
20/10/2025 07:15,4465.02
20/10/2025 07:20,4892.03
20/10/2025 07:25,4475.67
20/10/2025 07:30,4733.1
20/10/2025 07:35,4699.85
20/10/2025 07:40,4744.39
20/10/2025 07:45,4623.85
20/10/2025 07:50,4819.8
20/10/2025 07:55,4745.29
20/10/2025 08:00,4940.88
20/10/2025 08:05,4982.78
20/10/2025 08:10,4910.77
20/10/2025 08:15,4862.62
20/10/2025 08:20,4965.81
20/10/2025 08:25,5090.3
20/10/2025 08:30,4658.0
20/10/2025 08:35,4627.91
20/10/2025 08:40,5056.27
20/10/2025 08:45,5031.0
20/10/2025 08:50,5130.04
20/10/2025 08:55,5119.05
20/10/2025 09:00,5330.07
20/10/2025 09:05,5487.54
20/10/2025 09:10,5654.84
20/10/2025 09:15,5772.01
20/10/2025 09:20,5803.47
20/10/2025 09:25,5570.09
20/10/2025 09:30,5729.51
20/10/2025 09:35,5697.04
20/10/2025 09:40,5576.77
20/10/2025 09:45,5810.64
20/10/2025 09:50,5788.94
20/10/2025 09:55,5830.21
20/10/2025 10:00,5753.12
20/10/2025 10:05,5668.7
20/10/2025 10:10,5605.4
20/10/2025 10:15,5832.25
20/10/2025 10:20,5513.22
20/10/2025 10:25,5607.47
20/10/2025 10:30,6020.21
20/10/2025 10:35,5900.15
20/10/2025 10:40,5939.27
20/10/2025 10:45,5561.98
20/10/2025 10:50,5731.28
20/10/2025 10:55,6122.46
20/10/2025 11:00,5627.22
20/10/2025 11:05,5717.7
20/10/2025 11:10,5464.58
20/10/2025 11:15,5655.5
20/10/2025 11:20,5636.22
20/10/2025 11:25,5543.47
20/10/2025 11:30,5700.51
20/10/2025 11:35,5553.97
20/10/2025 11:40,5649.23
20/10/2025 11:45,5862.32
20/10/2025 11:50,5600.05
20/10/2025 11:55,5585.14
20/10/2025 12:00,5125.16
20/10/2025 12:05,5206.23
20/10/2025 12:10,5425.39
20/10/2025 12:15,5083.61
20/10/2025 12:20,5142.27
20/10/2025 12:25,4928.13
20/10/2025 12:30,5206.49
20/10/2025 12:35,5249.84
20/10/2025 12:40,4975.34
20/10/2025 12:45,5375.36
20/10/2025 12:50,5313.75
20/10/2025 12:55,5070.72
20/10/2025 13:00,5229.37
20/10/2025 13:05,5119.92
20/10/2025 13:10,5421.89
20/10/2025 13:15,5266.22
20/10/2025 13:20,5136.99
20/10/2025 13:25,5059.53
20/10/2025 13:30,4872.13
20/10/2025 13:35,4964.56
20/10/2025 13:40,5053.39
20/10/2025 13:45,5167.55
20/10/2025 13:50,5101.27
20/10/2025 13:55,4902.68
20/10/2025 14:00,4892.98
20/10/2025 14:05,5246.58
20/10/2025 14:10,4729.99
20/10/2025 14:15,5104.76
20/10/2025 14:20,5160.59
20/10/2025 14:25,4984.05
20/10/2025 14:30,4853.21
20/10/2025 14:35,4873.65
20/10/2025 14:40,5046.57
20/10/2025 14:45,4924.26
20/10/2025 14:50,4852.67
20/10/2025 14:55,5044.75
20/10/2025 15:00,4500.51
20/10/2025 15:05,4993.07
20/10/2025 15:10,4938.04
20/10/2025 15:15,4930.62
20/10/2025 15:20,4966.02
20/10/2025 15:25,4868.75
20/10/2025 15:30,5171.53
20/10/2025 15:35,5119.12
20/10/2025 15:40,4983.76
20/10/2025 15:45,5180.14
20/10/2025 15:50,5209.58
20/10/2025 15:55,5042.45
20/10/2025 16:00,5018.63
20/10/2025 16:05,5237.93
20/10/2025 16:10,5253.94
20/10/2025 16:15,5351.53
20/10/2025 16:20,5252.2
20/10/2025 16:25,5316.85
20/10/2025 16:30,5165.96
20/10/2025 16:35,5358.57
20/10/2025 16:40,5657.18
20/10/2025 16:45,5200.4
20/10/2025 16:50,5463.42
20/10/2025 16:55,5394.3
20/10/2025 17:00,5437.4
20/10/2025 17:05,5676.0
20/10/2025 17:10,5688.14
20/10/2025 17:15,5360.62
20/10/2025 17:20,5719.96
20/10/2025 17:25,5705.26
20/10/2025 17:30,5783.94
20/10/2025 17:35,5608.79
20/10/2025 17:40,5641.56
20/10/2025 17:45,5456.87
20/10/2025 17:50,5834.37
20/10/2025 17:55,5888.03
20/10/2025 18:00,6110.55
20/10/2025 18:05,5829.81
20/10/2025 18:10,5935.21
20/10/2025 18:15,6006.96
20/10/2025 18:20,5939.0
20/10/2025 18:25,6010.64
20/10/2025 18:30,5949.35
20/10/2025 18:35,6180.26
20/10/2025 18:40,5975.42
20/10/2025 18:45,6090.49
20/10/2025 18:50,6086.09
20/10/2025 18:55,6248.76
20/10/2025 19:00,5975.02
20/10/2025 19:05,6091.33
20/10/2025 19:10,6158.85
20/10/2025 19:15,5872.28
20/10/2025 19:20,6098.96
20/10/2025 19:25,6264.43
20/10/2025 19:30,6150.18
20/10/2025 19:35,6343.61
20/10/2025 19:40,5888.43
20/10/2025 19:45,6169.04
20/10/2025 19:50,6174.89
20/10/2025 19:55,6012.45
20/10/2025 20:00,6197.53
20/10/2025 20:05,5896.07
20/10/2025 20:10,6257.94
20/10/2025 20:15,6147.62
20/10/2025 20:20,6074.07
20/10/2025 20:25,6091.88
20/10/2025 20:30,6223.18
20/10/2025 20:35,6191.95
20/10/2025 20:40,6089.77
20/10/2025 20:45,6405.25
20/10/2025 20:50,5994.09
20/10/2025 20:55,6021.04
20/10/2025 21:00,6002.64
20/10/2025 21:05,6127.49
20/10/2025 21:10,6061.64
20/10/2025 21:15,6058.61
20/10/2025 21:20,6085.06
20/10/2025 21:25,6156.09
20/10/2025 21:30,5776.89
20/10/2025 21:35,6030.11
20/10/2025 21:40,6158.93
20/10/2025 21:45,5903.99
20/10/2025 21:50,6320.05
20/10/2025 21:55,5851.36
20/10/2025 22:00,5404.77
20/10/2025 22:05,5534.82
20/10/2025 22:10,5407.59
20/10/2025 22:15,5542.98
20/10/2025 22:20,5335.3
20/10/2025 22:25,5342.73
20/10/2025 22:30,5211.52
20/10/2025 22:35,5138.89
20/10/2025 22:40,5098.28
20/10/2025 22:45,5522.29
20/10/2025 22:50,4967.29
20/10/2025 22:55,5250.35
20/10/2025 23:00,4942.25
20/10/2025 23:05,5050.33
20/10/2025 23:10,4966.39
20/10/2025 23:15,5130.08
20/10/2025 23:20,4672.07
20/10/2025 23:25,4796.83
20/10/2025 23:30,4998.67
20/10/2025 23:35,5012.66
20/10/2025 23:40,4622.97
20/10/2025 23:45,5034.81
20/10/2025 23:50,4498.78
20/10/2025 23:55,4668.62
21/10/2025 00:00,5172.26
21/10/2025 00:05,4982.44
21/10/2025 00:10,5015.34
21/10/2025 00:15,4843.51
21/10/2025 00:20,5090.63
21/10/2025 00:25,5244.17
21/10/2025 00:30,5119.58
21/10/2025 00:35,5236.32
21/10/2025 00:40,5152.62
21/10/2025 00:45,4970.09
21/10/2025 00:50,5188.62
21/10/2025 00:55,4651.71
21/10/2025 01:00,5582.12
21/10/2025 01:05,5207.86
21/10/2025 01:10,4954.85
21/10/2025 01:15,4936.03
21/10/2025 01:20,4812.52
21/10/2025 01:25,5174.29
21/10/2025 01:30,5249.39
21/10/2025 01:35,4786.19
21/10/2025 01:40,5075.07
21/10/2025 01:45,5129.23
21/10/2025 01:50,4979.58
21/10/2025 01:55,5327.41
21/10/2025 02:00,4154.27
21/10/2025 02:05,3862.42
21/10/2025 02:10,3567.61
21/10/2025 02:15,3558.46
21/10/2025 02:20,3737.42
21/10/2025 02:25,3513.28
21/10/2025 02:30,3473.65
21/10/2025 02:35,3493.35
21/10/2025 02:40,3638.93
21/10/2025 02:45,3676.15
21/10/2025 02:50,3784.56
21/10/2025 02:55,3788.57
21/10/2025 03:00,3637.97
21/10/2025 03:05,3797.92
21/10/2025 03:10,3757.11
21/10/2025 03:15,3810.29
21/10/2025 03:20,3664.0
21/10/2025 03:25,3801.94
21/10/2025 03:30,3555.84
21/10/2025 03:35,3733.15
21/10/2025 03:40,3450.58
21/10/2025 03:45,3714.96
21/10/2025 03:50,3390.14
21/10/2025 03:55,3804.03
21/10/2025 04:00,3637.65
21/10/2025 04:05,3685.38
21/10/2025 04:10,3685.0
21/10/2025 04:15,3748.14
21/10/2025 04:20,3904.06
21/10/2025 04:25,3901.8
21/10/2025 04:30,3596.41
21/10/2025 04:35,3503.33
21/10/2025 04:40,3681.06
21/10/2025 04:45,3621.55
21/10/2025 04:50,3537.25
21/10/2025 04:55,3639.11
21/10/2025 05:00,4255.99
21/10/2025 05:05,4152.83
21/10/2025 05:10,4262.56
21/10/2025 05:15,4104.51
21/10/2025 05:20,3999.96
21/10/2025 05:25,4200.67
21/10/2025 05:30,4335.39
21/10/2025 05:35,4204.28
21/10/2025 05:40,4297.41
21/10/2025 05:45,4428.03
21/10/2025 05:50,4378.75
21/10/2025 05:55,4501.44
21/10/2025 06:00,4286.96
21/10/2025 06:05,4524.49
21/10/2025 06:10,4679.38
21/10/2025 06:15,4414.48
21/10/2025 06:20,4542.39
21/10/2025 06:25,4512.99
21/10/2025 06:30,4377.04
21/10/2025 06:35,4320.66
21/10/2025 06:40,4490.83
21/10/2025 06:45,4501.31
21/10/2025 06:50,4580.94
21/10/2025 06:55,4412.7
21/10/2025 07:00,4510.13
21/10/2025 07:05,4494.04
21/10/2025 07:10,4933.2
21/10/2025 07:15,4597.79
21/10/2025 07:20,4711.77
21/10/2025 07:25,4724.48
21/10/2025 07:30,4539.36
21/10/2025 07:35,4663.25
21/10/2025 07:40,4510.42
21/10/2025 07:45,4975.54
21/10/2025 07:50,4992.4
21/10/2025 07:55,4778.2
21/10/2025 08:00,4388.91
21/10/2025 08:05,4808.42
21/10/2025 08:10,5020.43
21/10/2025 08:15,5066.11
21/10/2025 08:20,4703.83
21/10/2025 08:25,4813.67
21/10/2025 08:30,4817.51
21/10/2025 08:35,5023.76
21/10/2025 08:40,4813.49
21/10/2025 08:45,4835.25
21/10/2025 08:50,4790.56
21/10/2025 08:55,4991.63
21/10/2025 09:00,5603.08
21/10/2025 09:05,5568.18
21/10/2025 09:10,5425.02
21/10/2025 09:15,5052.39
21/10/2025 09:20,5493.32
21/10/2025 09:25,5454.06
21/10/2025 09:30,5914.55
21/10/2025 09:35,5637.94
21/10/2025 09:40,5647.93
21/10/2025 09:45,5516.15
21/10/2025 09:50,5440.8
21/10/2025 09:55,5699.83
21/10/2025 10:00,5713.79
21/10/2025 10:05,5949.76
21/10/2025 10:10,5618.15
21/10/2025 10:15,5935.63
21/10/2025 10:20,5816.93
21/10/2025 10:25,5507.01
21/10/2025 10:30,5897.22
21/10/2025 10:35,5664.24
21/10/2025 10:40,5717.36
21/10/2025 10:45,5628.62
21/10/2025 10:50,5713.81
21/10/2025 10:55,5511.64
21/10/2025 11:00,5626.49
21/10/2025 11:05,5397.65
21/10/2025 11:10,5779.26
21/10/2025 11:15,5815.06
21/10/2025 11:20,5715.77
21/10/2025 11:25,5544.11
21/10/2025 11:30,5254.36
21/10/2025 11:35,5556.8
21/10/2025 11:40,5744.67
21/10/2025 11:45,5700.9
21/10/2025 11:50,5867.25
21/10/2025 11:55,5319.59
21/10/2025 12:00,5158.12
21/10/2025 12:05,5301.57
21/10/2025 12:10,5019.15
21/10/2025 12:15,5422.9
21/10/2025 12:20,5067.51
21/10/2025 12:25,5098.23
21/10/2025 12:30,5067.35
21/10/2025 12:35,5303.31
21/10/2025 12:40,5199.91
21/10/2025 12:45,5474.0
21/10/2025 12:50,5237.07
21/10/2025 12:55,4922.0
21/10/2025 13:00,5176.77
21/10/2025 13:05,4800.94
21/10/2025 13:10,4820.37
21/10/2025 13:15,5005.03
21/10/2025 13:20,5054.45
21/10/2025 13:25,5115.12
21/10/2025 13:30,5154.28
21/10/2025 13:35,4924.2
21/10/2025 13:40,5096.47
21/10/2025 13:45,5160.91
21/10/2025 13:50,4728.56
21/10/2025 13:55,5032.5
21/10/2025 14:00,4968.52
21/10/2025 14:05,4838.11
21/10/2025 14:10,5117.05
21/10/2025 14:15,4906.39
21/10/2025 14:20,5015.86
21/10/2025 14:25,5223.83
21/10/2025 14:30,4899.16
21/10/2025 14:35,4685.68
21/10/2025 14:40,5108.53
21/10/2025 14:45,4869.02
21/10/2025 14:50,5179.33
21/10/2025 14:55,4932.65
21/10/2025 15:00,4666.86
21/10/2025 15:05,5131.09
21/10/2025 15:10,4971.28
21/10/2025 15:15,5125.89
21/10/2025 15:20,4947.07
21/10/2025 15:25,5111.22
21/10/2025 15:30,5061.78
21/10/2025 15:35,5177.28
21/10/2025 15:40,5018.38
21/10/2025 15:45,5196.88
21/10/2025 15:50,5111.59
21/10/2025 15:55,5160.95
21/10/2025 16:00,4894.4
21/10/2025 16:05,5307.21
21/10/2025 16:10,5126.56
21/10/2025 16:15,5469.16
21/10/2025 16:20,5332.39
21/10/2025 16:25,5530.35
21/10/2025 16:30,5574.58
21/10/2025 16:35,5093.28
21/10/2025 16:40,5482.19
21/10/2025 16:45,5382.15
21/10/2025 16:50,5599.58
21/10/2025 16:55,5407.8
21/10/2025 17:00,5547.9
21/10/2025 17:05,5485.11
21/10/2025 17:10,5469.72
21/10/2025 17:15,5518.38
21/10/2025 17:20,5437.97
21/10/2025 17:25,5922.38
21/10/2025 17:30,5626.15
21/10/2025 17:35,5710.8
21/10/2025 17:40,5782.14
21/10/2025 17:45,5836.03
21/10/2025 17:50,5624.85
21/10/2025 17:55,5692.22
21/10/2025 18:00,6050.7
21/10/2025 18:05,6034.96
21/10/2025 18:10,5991.15
21/10/2025 18:15,5763.79
21/10/2025 18:20,6036.7
21/10/2025 18:25,6345.59
21/10/2025 18:30,6043.04
21/10/2025 18:35,6031.55
21/10/2025 18:40,6021.39
21/10/2025 18:45,6290.72
21/10/2025 18:50,6148.38
21/10/2025 18:55,6154.96
21/10/2025 19:00,5738.37
21/10/2025 19:05,6018.36
21/10/2025 19:10,6190.43
21/10/2025 19:15,6219.29
21/10/2025 19:20,6157.59
21/10/2025 19:25,6024.59
21/10/2025 19:30,6024.85
21/10/2025 19:35,6221.87
21/10/2025 19:40,6077.8
21/10/2025 19:45,6305.53
21/10/2025 19:50,6228.54
21/10/2025 19:55,6431.28
21/10/2025 20:00,6158.99
21/10/2025 20:05,6402.64
21/10/2025 20:10,6298.15
21/10/2025 20:15,6076.84
21/10/2025 20:20,5992.55
21/10/2025 20:25,6080.42
21/10/2025 20:30,6286.43
21/10/2025 20:35,6336.67
21/10/2025 20:40,6109.37
21/10/2025 20:45,6400.87
21/10/2025 20:50,6111.9
21/10/2025 20:55,6061.63
21/10/2025 21:00,6042.03
21/10/2025 21:05,6007.13
21/10/2025 21:10,6059.96
21/10/2025 21:15,6197.1
21/10/2025 21:20,6162.87
21/10/2025 21:25,5911.52
21/10/2025 21:30,5939.34
21/10/2025 21:35,5873.81
21/10/2025 21:40,6113.29
21/10/2025 21:45,5748.95
21/10/2025 21:50,5948.22
21/10/2025 21:55,6045.28
21/10/2025 22:00,5568.01
21/10/2025 22:05,5372.47
21/10/2025 22:10,5261.03
21/10/2025 22:15,5359.7
21/10/2025 22:20,5352.94
21/10/2025 22:25,5403.43
21/10/2025 22:30,5317.66
21/10/2025 22:35,5145.51
21/10/2025 22:40,5041.99
21/10/2025 22:45,4976.2
21/10/2025 22:50,5141.4
21/10/2025 22:55,5146.21
21/10/2025 23:00,5200.0
21/10/2025 23:05,5213.1
21/10/2025 23:10,5058.39
21/10/2025 23:15,5068.96
21/10/2025 23:20,4860.7
21/10/2025 23:25,4885.56
21/10/2025 23:30,4826.69
21/10/2025 23:35,4759.87
21/10/2025 23:40,4923.8
21/10/2025 23:45,4578.48
21/10/2025 23:50,4919.24
21/10/2025 23:55,4789.01
22/10/2025 00:00,4893.6
22/10/2025 00:05,5147.42
22/10/2025 00:10,5189.87
22/10/2025 00:15,5023.97
22/10/2025 00:20,4881.64
22/10/2025 00:25,5284.6
22/10/2025 00:30,5239.51
22/10/2025 00:35,4997.67
22/10/2025 00:40,5182.95
22/10/2025 00:45,5326.18
22/10/2025 00:50,5066.33
22/10/2025 00:55,4804.14
22/10/2025 01:00,5085.78
22/10/2025 01:05,5003.95
22/10/2025 01:10,5146.01
22/10/2025 01:15,4991.69
22/10/2025 01:20,5079.51
22/10/2025 01:25,5017.11
22/10/2025 01:30,5198.9
22/10/2025 01:35,5124.82
22/10/2025 01:40,4950.99
22/10/2025 01:45,5078.16
22/10/2025 01:50,5232.63
22/10/2025 01:55,4973.58
22/10/2025 02:00,3585.18
22/10/2025 02:05,3528.08
22/10/2025 02:10,3883.07
22/10/2025 02:15,3531.5
22/10/2025 02:20,3743.18
22/10/2025 02:25,3624.46
22/10/2025 02:30,3739.79
22/10/2025 02:35,3735.06
22/10/2025 02:40,3677.85
22/10/2025 02:45,3763.08
22/10/2025 02:50,3684.37
22/10/2025 02:55,3622.31
22/10/2025 03:00,3681.67
22/10/2025 03:05,3559.32
22/10/2025 03:10,3570.8
22/10/2025 03:15,3914.31
22/10/2025 03:20,3684.43
22/10/2025 03:25,3637.9
22/10/2025 03:30,3799.55
22/10/2025 03:35,3961.94
22/10/2025 03:40,3618.64
22/10/2025 03:45,3630.73
22/10/2025 03:50,3486.95
22/10/2025 03:55,3573.93
22/10/2025 04:00,3632.24
22/10/2025 04:05,3584.19
22/10/2025 04:10,3563.42
22/10/2025 04:15,3755.95
22/10/2025 04:20,4033.33
22/10/2025 04:25,3667.89
22/10/2025 04:30,3703.27
22/10/2025 04:35,3811.56
22/10/2025 04:40,3809.88
22/10/2025 04:45,3882.17
22/10/2025 04:50,3609.32
22/10/2025 04:55,3688.42
22/10/2025 05:00,3956.08
22/10/2025 05:05,4465.5
22/10/2025 05:10,4199.3
22/10/2025 05:15,4286.96
22/10/2025 05:20,4077.75
22/10/2025 05:25,4376.46
22/10/2025 05:30,4214.79
22/10/2025 05:35,4127.6
22/10/2025 05:40,4281.59
22/10/2025 05:45,4157.61
22/10/2025 05:50,4082.71
22/10/2025 05:55,4104.44
22/10/2025 06:00,4430.98
22/10/2025 06:05,4660.37
22/10/2025 06:10,4446.28
22/10/2025 06:15,4076.21
22/10/2025 06:20,4194.8
22/10/2025 06:25,4475.81
22/10/2025 06:30,4375.78
22/10/2025 06:35,4323.11
22/10/2025 06:40,4397.13
22/10/2025 06:45,4674.91
22/10/2025 06:50,4452.08
22/10/2025 06:55,4658.54
22/10/2025 07:00,4496.96
22/10/2025 07:05,4689.05
22/10/2025 07:10,4517.3
22/10/2025 07:15,4543.97
22/10/2025 07:20,5096.65
22/10/2025 07:25,4835.96
22/10/2025 07:30,4442.09
22/10/2025 07:35,4456.88
22/10/2025 07:40,4600.47
22/10/2025 07:45,4779.12
22/10/2025 07:50,4821.29
22/10/2025 07:55,4948.68
22/10/2025 08:00,4834.89
22/10/2025 08:05,4871.95
22/10/2025 08:10,5158.26
22/10/2025 08:15,4829.21
22/10/2025 08:20,4771.59
22/10/2025 08:25,4821.8
22/10/2025 08:30,5117.34
22/10/2025 08:35,4828.36
22/10/2025 08:40,4624.43
22/10/2025 08:45,5134.33
22/10/2025 08:50,4949.63
22/10/2025 08:55,4977.58
22/10/2025 09:00,5643.97
22/10/2025 09:05,5545.88
22/10/2025 09:10,5533.3
22/10/2025 09:15,5382.95
22/10/2025 09:20,5608.89
22/10/2025 09:25,5652.92
22/10/2025 09:30,5540.61
22/10/2025 09:35,5662.88
22/10/2025 09:40,5607.8
22/10/2025 09:45,5782.0
22/10/2025 09:50,5515.75
22/10/2025 09:55,5515.37
22/10/2025 10:00,5580.08
22/10/2025 10:05,5594.26
22/10/2025 10:10,5636.54
22/10/2025 10:15,5454.33
22/10/2025 10:20,5763.98
22/10/2025 10:25,5953.13
22/10/2025 10:30,5703.72
22/10/2025 10:35,5645.25
22/10/2025 10:40,5877.37
22/10/2025 10:45,5590.86
22/10/2025 10:50,5467.93
22/10/2025 10:55,5808.73
22/10/2025 11:00,5846.99
22/10/2025 11:05,5579.15
22/10/2025 11:10,5508.37
22/10/2025 11:15,5582.85
22/10/2025 11:20,5630.32
22/10/2025 11:25,5616.5
22/10/2025 11:30,5538.72
22/10/2025 11:35,5440.99
22/10/2025 11:40,5420.29
22/10/2025 11:45,5620.5
22/10/2025 11:50,5570.88
22/10/2025 11:55,5507.98
22/10/2025 12:00,5320.95
22/10/2025 12:05,5296.79
22/10/2025 12:10,5146.99
22/10/2025 12:15,4795.74
22/10/2025 12:20,5191.67
22/10/2025 12:25,5551.9
22/10/2025 12:30,5288.16
22/10/2025 12:35,5083.16
22/10/2025 12:40,4856.3
22/10/2025 12:45,5216.6
22/10/2025 12:50,5111.65
22/10/2025 12:55,5349.07
22/10/2025 13:00,4882.63
22/10/2025 13:05,4986.61
22/10/2025 13:10,5279.76
22/10/2025 13:15,4805.4
22/10/2025 13:20,5079.72
22/10/2025 13:25,5287.19
22/10/2025 13:30,5114.56
22/10/2025 13:35,5139.94
22/10/2025 13:40,5045.32
22/10/2025 13:45,4978.93
22/10/2025 13:50,4801.96
22/10/2025 13:55,4847.13
22/10/2025 14:00,5150.26
22/10/2025 14:05,5058.38
22/10/2025 14:10,5049.45
22/10/2025 14:15,4843.52
22/10/2025 14:20,5060.24
22/10/2025 14:25,5053.43
22/10/2025 14:30,4893.77
22/10/2025 14:35,5149.43
22/10/2025 14:40,4862.03
22/10/2025 14:45,5043.82
22/10/2025 14:50,4869.56
22/10/2025 14:55,5131.3
22/10/2025 15:00,4854.39
22/10/2025 15:05,4629.02
22/10/2025 15:10,4864.7
22/10/2025 15:15,4829.68
22/10/2025 15:20,4879.63
22/10/2025 15:25,5122.34
22/10/2025 15:30,4828.14
22/10/2025 15:35,5216.52
22/10/2025 15:40,4992.15
22/10/2025 15:45,5097.64
22/10/2025 15:50,5112.4
22/10/2025 15:55,5035.78
22/10/2025 16:00,5128.81
22/10/2025 16:05,5192.71
22/10/2025 16:10,5158.1
22/10/2025 16:15,5200.52
22/10/2025 16:20,5340.16
22/10/2025 16:25,5278.08
22/10/2025 16:30,5332.03
22/10/2025 16:35,5210.58
22/10/2025 16:40,5296.98
22/10/2025 16:45,5518.44
22/10/2025 16:50,5457.9
22/10/2025 16:55,5587.06
22/10/2025 17:00,5599.94
22/10/2025 17:05,5545.94
22/10/2025 17:10,5605.58
22/10/2025 17:15,5517.38
22/10/2025 17:20,5948.4
22/10/2025 17:25,5680.07
22/10/2025 17:30,5459.84
22/10/2025 17:35,5743.51
22/10/2025 17:40,5778.95
22/10/2025 17:45,5797.78
22/10/2025 17:50,5754.24
22/10/2025 17:55,5882.74
22/10/2025 18:00,5760.24
22/10/2025 18:05,6003.95
22/10/2025 18:10,6080.68
22/10/2025 18:15,5712.62
22/10/2025 18:20,5739.58
22/10/2025 18:25,6043.8
22/10/2025 18:30,5786.22
22/10/2025 18:35,6044.07
22/10/2025 18:40,5694.8
22/10/2025 18:45,5769.56
22/10/2025 18:50,6473.14
22/10/2025 18:55,5815.78
22/10/2025 19:00,5974.1
22/10/2025 19:05,6123.78
22/10/2025 19:10,6126.08
22/10/2025 19:15,6054.73
22/10/2025 19:20,6328.69
22/10/2025 19:25,6215.83
22/10/2025 19:30,5948.31
22/10/2025 19:35,6327.0
22/10/2025 19:40,6224.41
22/10/2025 19:45,6295.67
22/10/2025 19:50,6092.07
22/10/2025 19:55,6368.67
22/10/2025 20:00,6149.37
22/10/2025 20:05,6030.83
22/10/2025 20:10,6195.49
22/10/2025 20:15,6130.27
22/10/2025 20:20,6337.3
22/10/2025 20:25,6194.57
22/10/2025 20:30,6135.69
22/10/2025 20:35,6120.78
22/10/2025 20:40,6405.78
22/10/2025 20:45,6031.3
22/10/2025 20:50,6265.68
22/10/2025 20:55,6038.45
22/10/2025 21:00,6177.31
22/10/2025 21:05,6040.53
22/10/2025 21:10,6330.34
22/10/2025 21:15,5750.79
22/10/2025 21:20,6130.58
22/10/2025 21:25,5921.22
22/10/2025 21:30,5793.21
22/10/2025 21:35,6068.97
22/10/2025 21:40,5742.6
22/10/2025 21:45,5843.57
22/10/2025 21:50,5858.0
22/10/2025 21:55,5742.32
22/10/2025 22:00,5455.65
22/10/2025 22:05,5246.25
22/10/2025 22:10,5517.09
22/10/2025 22:15,5317.97
22/10/2025 22:20,5407.51
22/10/2025 22:25,5503.71
22/10/2025 22:30,5035.29
22/10/2025 22:35,5314.39
22/10/2025 22:40,5101.79
22/10/2025 22:45,5239.3
22/10/2025 22:50,5378.78
22/10/2025 22:55,4959.04
22/10/2025 23:00,5246.43
22/10/2025 23:05,5078.53
22/10/2025 23:10,5197.6
22/10/2025 23:15,4822.29
22/10/2025 23:20,4776.04
22/10/2025 23:25,4803.18
22/10/2025 23:30,4921.7
22/10/2025 23:35,4678.08
22/10/2025 23:40,4968.18
22/10/2025 23:45,4822.19
22/10/2025 23:50,4638.62
22/10/2025 23:55,4743.34
23/10/2025 00:00,5339.54
23/10/2025 00:05,5231.68
23/10/2025 00:10,4949.05
23/10/2025 00:15,5190.8
23/10/2025 00:20,5356.05
23/10/2025 00:25,5156.8
23/10/2025 00:30,5291.09
23/10/2025 00:35,5298.86
23/10/2025 00:40,5177.75
23/10/2025 00:45,4848.77
23/10/2025 00:50,4894.13
23/10/2025 00:55,5016.5
23/10/2025 01:00,5082.56
23/10/2025 01:05,5131.08
23/10/2025 01:10,5361.47
23/10/2025 01:15,4886.15
23/10/2025 01:20,5059.23
23/10/2025 01:25,5104.42
23/10/2025 01:30,4886.22
23/10/2025 01:35,5370.86
23/10/2025 01:40,4980.35
23/10/2025 01:45,5080.02
23/10/2025 01:50,4840.23
23/10/2025 01:55,4886.59
23/10/2025 02:00,3653.18
23/10/2025 02:05,3634.13
23/10/2025 02:10,3591.49
23/10/2025 02:15,4084.42
23/10/2025 02:20,3456.24
23/10/2025 02:25,3765.08
23/10/2025 02:30,3761.8
23/10/2025 02:35,3545.07
23/10/2025 02:40,3619.55
23/10/2025 02:45,3638.87
23/10/2025 02:50,3749.01
23/10/2025 02:55,3501.21
23/10/2025 03:00,3874.48
23/10/2025 03:05,3780.34
23/10/2025 03:10,3445.71
23/10/2025 03:15,3893.15
23/10/2025 03:20,3952.47
23/10/2025 03:25,3778.58
23/10/2025 03:30,3649.8
23/10/2025 03:35,3704.38
23/10/2025 03:40,3704.25
23/10/2025 03:45,3406.45
23/10/2025 03:50,3939.15
23/10/2025 03:55,3784.46
23/10/2025 04:00,3828.26
23/10/2025 04:05,3663.36
23/10/2025 04:10,3615.48
23/10/2025 04:15,3648.56
23/10/2025 04:20,3532.73
23/10/2025 04:25,3954.23
23/10/2025 04:30,3792.87
23/10/2025 04:35,3942.39
23/10/2025 04:40,3566.51
23/10/2025 04:45,3708.72
23/10/2025 04:50,3708.7
23/10/2025 04:55,3634.52
23/10/2025 05:00,4335.72
23/10/2025 05:05,4119.97
23/10/2025 05:10,4232.19
23/10/2025 05:15,4273.57
23/10/2025 05:20,4404.93
23/10/2025 05:25,4343.98
23/10/2025 05:30,4451.18
23/10/2025 05:35,4636.42
23/10/2025 05:40,4248.04
23/10/2025 05:45,4101.32
23/10/2025 05:50,4629.19
23/10/2025 05:55,4434.18
23/10/2025 06:00,4383.17
23/10/2025 06:05,4424.0
23/10/2025 06:10,4202.43
23/10/2025 06:15,4008.07
23/10/2025 06:20,4365.07
23/10/2025 06:25,4311.21
23/10/2025 06:30,4732.72
23/10/2025 06:35,4639.03
23/10/2025 06:40,4497.94
23/10/2025 06:45,4782.6
23/10/2025 06:50,4593.82
23/10/2025 06:55,4755.74
23/10/2025 07:00,4514.58
23/10/2025 07:05,4451.7
23/10/2025 07:10,4584.06
23/10/2025 07:15,4847.58
23/10/2025 07:20,4545.08
23/10/2025 07:25,4442.49
23/10/2025 07:30,4564.11
23/10/2025 07:35,4714.66
23/10/2025 07:40,4550.98
23/10/2025 07:45,4774.58
23/10/2025 07:50,4524.85
23/10/2025 07:55,4574.57
23/10/2025 08:00,5082.88
23/10/2025 08:05,4888.44
23/10/2025 08:10,4870.68
23/10/2025 08:15,4859.76
23/10/2025 08:20,4986.03
23/10/2025 08:25,4876.74
23/10/2025 08:30,4739.65
23/10/2025 08:35,4934.76
23/10/2025 08:40,4950.56
23/10/2025 08:45,5072.63
23/10/2025 08:50,4794.47
23/10/2025 08:55,5242.4
23/10/2025 09:00,5594.36
23/10/2025 09:05,5361.55
23/10/2025 09:10,5563.68
23/10/2025 09:15,5695.73
23/10/2025 09:20,5713.66
23/10/2025 09:25,5708.85
23/10/2025 09:30,5752.42
23/10/2025 09:35,5566.79
23/10/2025 09:40,5722.5
23/10/2025 09:45,5572.97
23/10/2025 09:50,5603.74
23/10/2025 09:55,5749.45
23/10/2025 10:00,5650.21
23/10/2025 10:05,5492.37
23/10/2025 10:10,5717.48
23/10/2025 10:15,5534.65
23/10/2025 10:20,5484.19
23/10/2025 10:25,5895.32
23/10/2025 10:30,5524.88
23/10/2025 10:35,5723.05
23/10/2025 10:40,5536.27
23/10/2025 10:45,5684.87
23/10/2025 10:50,5636.5
23/10/2025 10:55,5559.24
23/10/2025 11:00,5592.05
23/10/2025 11:05,5826.81
23/10/2025 11:10,5709.74
23/10/2025 11:15,5774.19
23/10/2025 11:20,5592.78
23/10/2025 11:25,5688.28
23/10/2025 11:30,5510.95
23/10/2025 11:35,5525.07
23/10/2025 11:40,5658.68
23/10/2025 11:45,5458.25
23/10/2025 11:50,5881.54
23/10/2025 11:55,5708.71
23/10/2025 12:00,5308.8
23/10/2025 12:05,5124.77
23/10/2025 12:10,5194.52
23/10/2025 12:15,5382.86
23/10/2025 12:20,5083.74
23/10/2025 12:25,5308.12
23/10/2025 12:30,5050.56
23/10/2025 12:35,5047.47
23/10/2025 12:40,5161.94
23/10/2025 12:45,4754.05
23/10/2025 12:50,5000.72
23/10/2025 12:55,5065.69
23/10/2025 13:00,5251.35
23/10/2025 13:05,4987.12
23/10/2025 13:10,5228.1
23/10/2025 13:15,5143.84
23/10/2025 13:20,4986.91
23/10/2025 13:25,4889.76
23/10/2025 13:30,5025.26
23/10/2025 13:35,5047.01
23/10/2025 13:40,4971.53
23/10/2025 13:45,5027.01
23/10/2025 13:50,5133.65
23/10/2025 13:55,5238.14
23/10/2025 14:00,4965.27
23/10/2025 14:05,5045.51
23/10/2025 14:10,5030.69
23/10/2025 14:15,5202.35
23/10/2025 14:20,5095.66
23/10/2025 14:25,5169.49
23/10/2025 14:30,5028.92
23/10/2025 14:35,4896.15
23/10/2025 14:40,4773.7
23/10/2025 14:45,4754.62
23/10/2025 14:50,4999.44
23/10/2025 14:55,4839.28
23/10/2025 15:00,4694.79
23/10/2025 15:05,4888.0
23/10/2025 15:10,4969.42
23/10/2025 15:15,5217.0
23/10/2025 15:20,4790.11
23/10/2025 15:25,5150.99
23/10/2025 15:30,5295.26
23/10/2025 15:35,5248.36
23/10/2025 15:40,5257.59
23/10/2025 15:45,5222.54
23/10/2025 15:50,5348.62
23/10/2025 15:55,5229.64
23/10/2025 16:00,5183.0
23/10/2025 16:05,5344.24
23/10/2025 16:10,4995.71
23/10/2025 16:15,5397.52
23/10/2025 16:20,5514.9
23/10/2025 16:25,5010.67
23/10/2025 16:30,5177.59
23/10/2025 16:35,5320.19
23/10/2025 16:40,5131.86
23/10/2025 16:45,5330.8
23/10/2025 16:50,5621.72
23/10/2025 16:55,5524.44
23/10/2025 17:00,5462.81
23/10/2025 17:05,5562.12
23/10/2025 17:10,5651.74
23/10/2025 17:15,5742.27
23/10/2025 17:20,5363.61
23/10/2025 17:25,5772.67
23/10/2025 17:30,5900.66
23/10/2025 17:35,5669.48
23/10/2025 17:40,5855.39
23/10/2025 17:45,5654.84
23/10/2025 17:50,5853.57
23/10/2025 17:55,5826.89
23/10/2025 18:00,5808.17
23/10/2025 18:05,5904.35
23/10/2025 18:10,5893.86
23/10/2025 18:15,5885.95
23/10/2025 18:20,6339.52
23/10/2025 18:25,5863.83
23/10/2025 18:30,6057.65
23/10/2025 18:35,5990.55
23/10/2025 18:40,5992.81
23/10/2025 18:45,6111.82
23/10/2025 18:50,5955.18
23/10/2025 18:55,6229.76
23/10/2025 19:00,6319.49
23/10/2025 19:05,6173.09
23/10/2025 19:10,5972.0
23/10/2025 19:15,6277.6
23/10/2025 19:20,6204.19
23/10/2025 19:25,6146.2
23/10/2025 19:30,6216.75
23/10/2025 19:35,6279.63
23/10/2025 19:40,6403.69
23/10/2025 19:45,6076.32
23/10/2025 19:50,6370.69
23/10/2025 19:55,6211.7
23/10/2025 20:00,6070.39
23/10/2025 20:05,6143.94
23/10/2025 20:10,6164.69
23/10/2025 20:15,6272.44
23/10/2025 20:20,6184.93
23/10/2025 20:25,6072.85
23/10/2025 20:30,6152.33
23/10/2025 20:35,6201.42
23/10/2025 20:40,6199.32
23/10/2025 20:45,6276.69
23/10/2025 20:50,6219.47
23/10/2025 20:55,5967.11
23/10/2025 21:00,6123.23
23/10/2025 21:05,6138.94
23/10/2025 21:10,6058.95
23/10/2025 21:15,6247.18
23/10/2025 21:20,6107.54
23/10/2025 21:25,6288.93
23/10/2025 21:30,5959.17
23/10/2025 21:35,5997.17
23/10/2025 21:40,6111.21
23/10/2025 21:45,5835.77
23/10/2025 21:50,6245.39
23/10/2025 21:55,6084.59
23/10/2025 22:00,5544.17
23/10/2025 22:05,5133.58
23/10/2025 22:10,5449.36
23/10/2025 22:15,5481.1
23/10/2025 22:20,5458.4
23/10/2025 22:25,5246.61
23/10/2025 22:30,5167.1
23/10/2025 22:35,5331.04
23/10/2025 22:40,5299.25
23/10/2025 22:45,5603.29
23/10/2025 22:50,5020.68
23/10/2025 22:55,5254.99
23/10/2025 23:00,5100.77
23/10/2025 23:05,5068.77
23/10/2025 23:10,4821.76
23/10/2025 23:15,4946.64
23/10/2025 23:20,4942.73
23/10/2025 23:25,4571.03
23/10/2025 23:30,4721.42
23/10/2025 23:35,4772.05
23/10/2025 23:40,4767.14
23/10/2025 23:45,4761.4
23/10/2025 23:50,4815.84
23/10/2025 23:55,4827.35
24/10/2025 00:00,5193.0
24/10/2025 00:05,5135.85
24/10/2025 00:10,4800.86
24/10/2025 00:15,4986.17
24/10/2025 00:20,5240.42
24/10/2025 00:25,5141.16
24/10/2025 00:30,4931.68
24/10/2025 00:35,5000.49
24/10/2025 00:40,5036.92
24/10/2025 00:45,5016.41
24/10/2025 00:50,4960.14
24/10/2025 00:55,5418.31
24/10/2025 01:00,5083.97
24/10/2025 01:05,4955.29
24/10/2025 01:10,4980.77
24/10/2025 01:15,5265.44
24/10/2025 01:20,5166.63
24/10/2025 01:25,5221.71
24/10/2025 01:30,4866.3
24/10/2025 01:35,5178.29
24/10/2025 01:40,5072.85
24/10/2025 01:45,4841.01
24/10/2025 01:50,5196.44
24/10/2025 01:55,5187.4
24/10/2025 02:00,3879.9
24/10/2025 02:05,3677.98
24/10/2025 02:10,3439.11
24/10/2025 02:15,3610.89
24/10/2025 02:20,3679.13
24/10/2025 02:25,3906.75
24/10/2025 02:30,3552.61
24/10/2025 02:35,3499.96
24/10/2025 02:40,3580.1
24/10/2025 02:45,3557.46
24/10/2025 02:50,3411.47
24/10/2025 02:55,3869.94
24/10/2025 03:00,3245.22
24/10/2025 03:05,3859.56
24/10/2025 03:10,3984.01
24/10/2025 03:15,3822.37
24/10/2025 03:20,3611.16
24/10/2025 03:25,3646.36
24/10/2025 03:30,3874.19
24/10/2025 03:35,3583.76
24/10/2025 03:40,3965.99
24/10/2025 03:45,3494.7
24/10/2025 03:50,3727.94
24/10/2025 03:55,3855.23
24/10/2025 04:00,3565.72
24/10/2025 04:05,3745.39
24/10/2025 04:10,3887.56
24/10/2025 04:15,3620.27
24/10/2025 04:20,3468.94
24/10/2025 04:25,3884.99
24/10/2025 04:30,3689.31
24/10/2025 04:35,3535.72
24/10/2025 04:40,3525.61
24/10/2025 04:45,3568.85
24/10/2025 04:50,3716.77
24/10/2025 04:55,3747.51
24/10/2025 05:00,4261.63
24/10/2025 05:05,4277.45
24/10/2025 05:10,4177.5
24/10/2025 05:15,4362.09
24/10/2025 05:20,4391.18
24/10/2025 05:25,4405.49
24/10/2025 05:30,4147.06
24/10/2025 05:35,4395.39
24/10/2025 05:40,4353.23
24/10/2025 05:45,4149.45
24/10/2025 05:50,4172.69
24/10/2025 05:55,4237.21
24/10/2025 06:00,4156.93
24/10/2025 06:05,4399.23
24/10/2025 06:10,4562.28
24/10/2025 06:15,4475.92
24/10/2025 06:20,4733.05
24/10/2025 06:25,4139.56
24/10/2025 06:30,4673.53
24/10/2025 06:35,4486.57
24/10/2025 06:40,4486.16
24/10/2025 06:45,4537.18
24/10/2025 06:50,4255.8
24/10/2025 06:55,4422.03
24/10/2025 07:00,4320.56
24/10/2025 07:05,4558.07
24/10/2025 07:10,4635.46
24/10/2025 07:15,4612.72
24/10/2025 07:20,4245.29
24/10/2025 07:25,4882.58
24/10/2025 07:30,4672.2
24/10/2025 07:35,4680.14
24/10/2025 07:40,4789.14
24/10/2025 07:45,4842.82
24/10/2025 07:50,4734.11
24/10/2025 07:55,4906.64
24/10/2025 08:00,4922.09
24/10/2025 08:05,4755.46
24/10/2025 08:10,4943.93
24/10/2025 08:15,4862.55
24/10/2025 08:20,4714.88
24/10/2025 08:25,4911.26
24/10/2025 08:30,4873.41
24/10/2025 08:35,4633.59
24/10/2025 08:40,4982.37
24/10/2025 08:45,4894.52
24/10/2025 08:50,4959.12
24/10/2025 08:55,5128.58
24/10/2025 09:00,5513.59
24/10/2025 09:05,5374.41
24/10/2025 09:10,5542.64
24/10/2025 09:15,5502.23
24/10/2025 09:20,5397.85
24/10/2025 09:25,5761.86
24/10/2025 09:30,5671.14
24/10/2025 09:35,5889.59
24/10/2025 09:40,5376.42
24/10/2025 09:45,5743.43
24/10/2025 09:50,5666.25
24/10/2025 09:55,5722.09
24/10/2025 10:00,5885.23
24/10/2025 10:05,5705.99
24/10/2025 10:10,5747.39
24/10/2025 10:15,5578.1
24/10/2025 10:20,5729.98
24/10/2025 10:25,5872.79
24/10/2025 10:30,5621.9
24/10/2025 10:35,5821.01
24/10/2025 10:40,5946.12
24/10/2025 10:45,5586.91
24/10/2025 10:50,5581.3
24/10/2025 10:55,5573.84
24/10/2025 11:00,5348.59
24/10/2025 11:05,5872.29
24/10/2025 11:10,5798.26
24/10/2025 11:15,5638.19
24/10/2025 11:20,5545.76
24/10/2025 11:25,5480.64
24/10/2025 11:30,5755.34
24/10/2025 11:35,5665.64
24/10/2025 11:40,5425.13
24/10/2025 11:45,5566.99
24/10/2025 11:50,5254.92
24/10/2025 11:55,5629.58
24/10/2025 12:00,5309.04
24/10/2025 12:05,5307.81
24/10/2025 12:10,5348.62
24/10/2025 12:15,5211.62
24/10/2025 12:20,5144.26
24/10/2025 12:25,5311.09
24/10/2025 12:30,5127.29
24/10/2025 12:35,4738.75
24/10/2025 12:40,5050.17
24/10/2025 12:45,5068.96
24/10/2025 12:50,5319.28
24/10/2025 12:55,5203.73
24/10/2025 13:00,5257.18
24/10/2025 13:05,4909.92
24/10/2025 13:10,4919.42
24/10/2025 13:15,4901.65
24/10/2025 13:20,5084.24
24/10/2025 13:25,5105.9
24/10/2025 13:30,4879.83
24/10/2025 13:35,5041.81
24/10/2025 13:40,5009.88
24/10/2025 13:45,4798.51
24/10/2025 13:50,4909.31
24/10/2025 13:55,4934.04
24/10/2025 14:00,4857.39
24/10/2025 14:05,5029.26
24/10/2025 14:10,5061.11
24/10/2025 14:15,4507.84
24/10/2025 14:20,5149.42
24/10/2025 14:25,4931.4
24/10/2025 14:30,5006.95
24/10/2025 14:35,4765.69
24/10/2025 14:40,4927.55
24/10/2025 14:45,5090.71
24/10/2025 14:50,4938.73
24/10/2025 14:55,4941.97
24/10/2025 15:00,4716.51
24/10/2025 15:05,4693.99
24/10/2025 15:10,4995.85
24/10/2025 15:15,4731.49
24/10/2025 15:20,4922.81
24/10/2025 15:25,5247.11
24/10/2025 15:30,5177.49
24/10/2025 15:35,4950.92
24/10/2025 15:40,4842.95
24/10/2025 15:45,5180.24
24/10/2025 15:50,5037.94
24/10/2025 15:55,5361.08
24/10/2025 16:00,4980.47
24/10/2025 16:05,5265.76
24/10/2025 16:10,5581.27
24/10/2025 16:15,5421.51
24/10/2025 16:20,5306.57
24/10/2025 16:25,5681.97
24/10/2025 16:30,5386.01
24/10/2025 16:35,5320.07
24/10/2025 16:40,5338.5
24/10/2025 16:45,5453.79
24/10/2025 16:50,5473.27
24/10/2025 16:55,5316.03
24/10/2025 17:00,5562.59
24/10/2025 17:05,5563.05
24/10/2025 17:10,5493.5
24/10/2025 17:15,5692.6
24/10/2025 17:20,5814.01
24/10/2025 17:25,5708.17
24/10/2025 17:30,5727.77
24/10/2025 17:35,5370.4
24/10/2025 17:40,5549.19
24/10/2025 17:45,5746.24
24/10/2025 17:50,5579.14
24/10/2025 17:55,5776.1
24/10/2025 18:00,5967.83
24/10/2025 18:05,5956.72
24/10/2025 18:10,5978.7
24/10/2025 18:15,6166.33
24/10/2025 18:20,5843.96
24/10/2025 18:25,6135.59
24/10/2025 18:30,5902.03
24/10/2025 18:35,5919.85
24/10/2025 18:40,6143.9
24/10/2025 18:45,6122.93
24/10/2025 18:50,6096.3
24/10/2025 18:55,6297.99
24/10/2025 19:00,6263.89
24/10/2025 19:05,6043.07
24/10/2025 19:10,6084.85
24/10/2025 19:15,6177.74
24/10/2025 19:20,6277.83
24/10/2025 19:25,6381.78
24/10/2025 19:30,6430.54
24/10/2025 19:35,6317.88
24/10/2025 19:40,6304.38
24/10/2025 19:45,6330.68
24/10/2025 19:50,6064.79
24/10/2025 19:55,6394.32
24/10/2025 20:00,6359.68
24/10/2025 20:05,6157.65
24/10/2025 20:10,6051.72
24/10/2025 20:15,6465.44
24/10/2025 20:20,5986.32
24/10/2025 20:25,6205.88
24/10/2025 20:30,6176.67
24/10/2025 20:35,6263.25
24/10/2025 20:40,5882.27
24/10/2025 20:45,6118.84
24/10/2025 20:50,6057.53
24/10/2025 20:55,6122.57
24/10/2025 21:00,6163.12
24/10/2025 21:05,6245.36
24/10/2025 21:10,6047.83
24/10/2025 21:15,6051.77
24/10/2025 21:20,5898.46
24/10/2025 21:25,5958.88
24/10/2025 21:30,6130.13
24/10/2025 21:35,5961.02
24/10/2025 21:40,5961.9
24/10/2025 21:45,5975.28
24/10/2025 21:50,6039.55
24/10/2025 21:55,5756.44
24/10/2025 22:00,5724.3
24/10/2025 22:05,5523.96
24/10/2025 22:10,5784.39
24/10/2025 22:15,5229.4
24/10/2025 22:20,5493.87
24/10/2025 22:25,5115.35
24/10/2025 22:30,5181.34
24/10/2025 22:35,5412.4
24/10/2025 22:40,5099.16
24/10/2025 22:45,5029.39
24/10/2025 22:50,4974.73
24/10/2025 22:55,4935.57
24/10/2025 23:00,5043.29
24/10/2025 23:05,5065.27
24/10/2025 23:10,5172.31
24/10/2025 23:15,4857.59
24/10/2025 23:20,4915.42
24/10/2025 23:25,5051.3
24/10/2025 23:30,4799.18
24/10/2025 23:35,4690.91
24/10/2025 23:40,4861.07
24/10/2025 23:45,4888.85
24/10/2025 23:50,4802.71
24/10/2025 23:55,4551.91
25/10/2025 00:00,4779.62
25/10/2025 00:05,4527.05
25/10/2025 00:10,4698.43
25/10/2025 00:15,4630.37
25/10/2025 00:20,4576.0
25/10/2025 00:25,4785.69
25/10/2025 00:30,4832.95
25/10/2025 00:35,4810.21
25/10/2025 00:40,4760.82
25/10/2025 00:45,4659.5
25/10/2025 00:50,4608.64
25/10/2025 00:55,4825.41
25/10/2025 01:00,4559.54
25/10/2025 01:05,4561.96
25/10/2025 01:10,4847.99
25/10/2025 01:15,4651.48
25/10/2025 01:20,4387.17
25/10/2025 01:25,4856.94
25/10/2025 01:30,4754.25
25/10/2025 01:35,4480.69
25/10/2025 01:40,4968.29
25/10/2025 01:45,4548.57
25/10/2025 01:50,4839.45
25/10/2025 01:55,4800.09
25/10/2025 02:00,3363.61
25/10/2025 02:05,3511.65
25/10/2025 02:10,3247.82
25/10/2025 02:15,3207.29
25/10/2025 02:20,3225.84
25/10/2025 02:25,3490.95
25/10/2025 02:30,3084.37
25/10/2025 02:35,3042.66
25/10/2025 02:40,3095.73
25/10/2025 02:45,3485.54
25/10/2025 02:50,3426.56
25/10/2025 02:55,3236.79
25/10/2025 03:00,3255.91
25/10/2025 03:05,3242.19
25/10/2025 03:10,3423.48
25/10/2025 03:15,3488.98
25/10/2025 03:20,3297.6
25/10/2025 03:25,3363.77
25/10/2025 03:30,3220.65
25/10/2025 03:35,3450.56
25/10/2025 03:40,3350.45
25/10/2025 03:45,3516.17
25/10/2025 03:50,3255.71
25/10/2025 03:55,3219.34
25/10/2025 04:00,3393.74
25/10/2025 04:05,3099.92
25/10/2025 04:10,3612.89
25/10/2025 04:15,3106.15
25/10/2025 04:20,3207.23
25/10/2025 04:25,3349.17
25/10/2025 04:30,3370.55
25/10/2025 04:35,3322.69
25/10/2025 04:40,3518.27
25/10/2025 04:45,3277.15
25/10/2025 04:50,3564.55
25/10/2025 04:55,3614.92
25/10/2025 05:00,4075.51
25/10/2025 05:05,4028.67
25/10/2025 05:10,3653.31
25/10/2025 05:15,3733.57
25/10/2025 05:20,3844.91
25/10/2025 05:25,3766.39
25/10/2025 05:30,3941.13
25/10/2025 05:35,3865.43
25/10/2025 05:40,4073.63
25/10/2025 05:45,3986.11
25/10/2025 05:50,3927.64
25/10/2025 05:55,3904.58
25/10/2025 06:00,4151.54
25/10/2025 06:05,4062.02
25/10/2025 06:10,3892.71
25/10/2025 06:15,3983.54
25/10/2025 06:20,3777.37
25/10/2025 06:25,4102.44
25/10/2025 06:30,4279.45
25/10/2025 06:35,4184.94
25/10/2025 06:40,4200.47
25/10/2025 06:45,3956.54
25/10/2025 06:50,4158.21
25/10/2025 06:55,3978.22
25/10/2025 07:00,4313.38
25/10/2025 07:05,4055.64
25/10/2025 07:10,4200.2
25/10/2025 07:15,4402.71
25/10/2025 07:20,4105.37
25/10/2025 07:25,4365.09
25/10/2025 07:30,4172.97
25/10/2025 07:35,4418.7
25/10/2025 07:40,4283.74
25/10/2025 07:45,3939.29
25/10/2025 07:50,4446.47
25/10/2025 07:55,4450.2
25/10/2025 08:00,4421.95
25/10/2025 08:05,4302.13
25/10/2025 08:10,4313.31
25/10/2025 08:15,4012.06
25/10/2025 08:20,4070.17
25/10/2025 08:25,4469.08
25/10/2025 08:30,4507.37
25/10/2025 08:35,4386.72
25/10/2025 08:40,4726.09
25/10/2025 08:45,4188.35
25/10/2025 08:50,4749.01
25/10/2025 08:55,4522.19
25/10/2025 09:00,5099.26
25/10/2025 09:05,4880.42
25/10/2025 09:10,5327.17
25/10/2025 09:15,5276.51
25/10/2025 09:20,5390.46
25/10/2025 09:25,5325.91
25/10/2025 09:30,5351.93
25/10/2025 09:35,5329.81
25/10/2025 09:40,4970.9
25/10/2025 09:45,5238.4
25/10/2025 09:50,5370.98
25/10/2025 09:55,5248.33
25/10/2025 10:00,5501.79
25/10/2025 10:05,5699.59
25/10/2025 10:10,5336.8
25/10/2025 10:15,5101.46
25/10/2025 10:20,5544.28
25/10/2025 10:25,5401.49
25/10/2025 10:30,5208.26
25/10/2025 10:35,5181.67
25/10/2025 10:40,5038.54
25/10/2025 10:45,5225.42
25/10/2025 10:50,5285.57
25/10/2025 10:55,5334.02
25/10/2025 11:00,5268.0
25/10/2025 11:05,5211.07
25/10/2025 11:10,5206.95
25/10/2025 11:15,5325.19
25/10/2025 11:20,5237.05
25/10/2025 11:25,5316.63
25/10/2025 11:30,5117.91
25/10/2025 11:35,5326.37
25/10/2025 11:40,5321.32
25/10/2025 11:45,5024.77
25/10/2025 11:50,5127.8
25/10/2025 11:55,4972.56
25/10/2025 12:00,4742.4
25/10/2025 12:05,4787.8
25/10/2025 12:10,4869.66
25/10/2025 12:15,4519.18
25/10/2025 12:20,4841.81
25/10/2025 12:25,5037.29
25/10/2025 12:30,4581.58
25/10/2025 12:35,4611.87
25/10/2025 12:40,4724.65
25/10/2025 12:45,4463.02
25/10/2025 12:50,4521.4
25/10/2025 12:55,4799.38
25/10/2025 13:00,4993.86
25/10/2025 13:05,4777.62
25/10/2025 13:10,4664.31
25/10/2025 13:15,4659.67
25/10/2025 13:20,4586.25
25/10/2025 13:25,4536.19
25/10/2025 13:30,4536.75
25/10/2025 13:35,4613.76
25/10/2025 13:40,4652.94
25/10/2025 13:45,4688.1
25/10/2025 13:50,4638.16
25/10/2025 13:55,4818.34
25/10/2025 14:00,4563.2
25/10/2025 14:05,4325.02
25/10/2025 14:10,4591.1
25/10/2025 14:15,4342.59
25/10/2025 14:20,4381.88
25/10/2025 14:25,4400.67
25/10/2025 14:30,4504.18
25/10/2025 14:35,4878.57
25/10/2025 14:40,4784.53
25/10/2025 14:45,4240.57
25/10/2025 14:50,4494.34
25/10/2025 14:55,4574.27
25/10/2025 15:00,4476.46
25/10/2025 15:05,4550.26
25/10/2025 15:10,4544.37
25/10/2025 15:15,4786.1
25/10/2025 15:20,4566.24
25/10/2025 15:25,4592.47
25/10/2025 15:30,4647.27
25/10/2025 15:35,4618.88
25/10/2025 15:40,4768.53
25/10/2025 15:45,4778.32
25/10/2025 15:50,4794.46
25/10/2025 15:55,4607.01
25/10/2025 16:00,4856.57
25/10/2025 16:05,5208.41
25/10/2025 16:10,4767.56
25/10/2025 16:15,4809.27
25/10/2025 16:20,4955.18
25/10/2025 16:25,4887.77
25/10/2025 16:30,4727.21
25/10/2025 16:35,4906.35
25/10/2025 16:40,5379.79
25/10/2025 16:45,5004.61
25/10/2025 16:50,5072.81
25/10/2025 16:55,5050.4
25/10/2025 17:00,5050.51
25/10/2025 17:05,5087.58
25/10/2025 17:10,5114.9
25/10/2025 17:15,5355.58
25/10/2025 17:20,5033.11
25/10/2025 17:25,5233.42
25/10/2025 17:30,5177.48
25/10/2025 17:35,5112.4
25/10/2025 17:40,5360.24
25/10/2025 17:45,5346.77
25/10/2025 17:50,5556.5
25/10/2025 17:55,5430.61
25/10/2025 18:00,5435.01
25/10/2025 18:05,5323.37
25/10/2025 18:10,5577.01
25/10/2025 18:15,5690.54
25/10/2025 18:20,5646.29
25/10/2025 18:25,5828.47
25/10/2025 18:30,5771.54
25/10/2025 18:35,5561.74
25/10/2025 18:40,5497.25
25/10/2025 18:45,5465.98
25/10/2025 18:50,5878.71
25/10/2025 18:55,5770.75
25/10/2025 19:00,5921.72
25/10/2025 19:05,5677.79
25/10/2025 19:10,5649.32
25/10/2025 19:15,5835.94
25/10/2025 19:20,5665.64
25/10/2025 19:25,5825.88
25/10/2025 19:30,5651.54
25/10/2025 19:35,5718.78
25/10/2025 19:40,5761.77
25/10/2025 19:45,5997.0
25/10/2025 19:50,5828.7
25/10/2025 19:55,5690.45
25/10/2025 20:00,6151.43
25/10/2025 20:05,5664.31
25/10/2025 20:10,5579.95
25/10/2025 20:15,5562.7
25/10/2025 20:20,5905.4
25/10/2025 20:25,5810.47
25/10/2025 20:30,5780.97
25/10/2025 20:35,5599.67
25/10/2025 20:40,6048.73
25/10/2025 20:45,5577.16
25/10/2025 20:50,5732.55
25/10/2025 20:55,5842.28
25/10/2025 21:00,5661.38
25/10/2025 21:05,5649.05
25/10/2025 21:10,5530.83
25/10/2025 21:15,5661.44
25/10/2025 21:20,5541.52
25/10/2025 21:25,5749.69
25/10/2025 21:30,5937.43
25/10/2025 21:35,5555.28
25/10/2025 21:40,5454.41
25/10/2025 21:45,5684.08
25/10/2025 21:50,5406.48
25/10/2025 21:55,5292.84
25/10/2025 22:00,5282.96
25/10/2025 22:05,4958.96
25/10/2025 22:10,4957.26
25/10/2025 22:15,5167.93
25/10/2025 22:20,4959.72
25/10/2025 22:25,5099.35
25/10/2025 22:30,4930.16
25/10/2025 22:35,4800.19
25/10/2025 22:40,4848.56
25/10/2025 22:45,4750.5
25/10/2025 22:50,4553.32
25/10/2025 22:55,4854.21
25/10/2025 23:00,4785.59
25/10/2025 23:05,4443.16
25/10/2025 23:10,4692.18
25/10/2025 23:15,4502.02
25/10/2025 23:20,4470.79
25/10/2025 23:25,4624.7
25/10/2025 23:30,4362.84
25/10/2025 23:35,4510.55
25/10/2025 23:40,4612.63
25/10/2025 23:45,4147.39
25/10/2025 23:50,4385.35
25/10/2025 23:55,4317.71
26/10/2025 00:00,4776.27
26/10/2025 00:05,4623.64
26/10/2025 00:10,4693.44
26/10/2025 00:15,4608.86
26/10/2025 00:20,4647.44
26/10/2025 00:25,4593.48
26/10/2025 00:30,4527.36
26/10/2025 00:35,4693.89
26/10/2025 00:40,4554.87
26/10/2025 00:45,4848.05
26/10/2025 00:50,4565.03
26/10/2025 00:55,4819.9
26/10/2025 01:00,4427.03
26/10/2025 01:05,4645.7
26/10/2025 01:10,4506.41
26/10/2025 01:15,4894.27
26/10/2025 01:20,4521.76
26/10/2025 01:25,4895.29
26/10/2025 01:30,4844.46
26/10/2025 01:35,4584.37
26/10/2025 01:40,4672.73
26/10/2025 01:45,4931.29
26/10/2025 01:50,4700.83
26/10/2025 01:55,4493.87
26/10/2025 02:00,3112.1
26/10/2025 02:05,3226.95
26/10/2025 02:10,3370.45
26/10/2025 02:15,3326.98
26/10/2025 02:20,3189.69
26/10/2025 02:25,3373.32
26/10/2025 02:30,3268.91
26/10/2025 02:35,3126.7
26/10/2025 02:40,3450.44
26/10/2025 02:45,3381.76
26/10/2025 02:50,3118.37
26/10/2025 02:55,3218.64
26/10/2025 03:00,3177.12
26/10/2025 03:05,3187.31
26/10/2025 03:10,3301.33
26/10/2025 03:15,3277.79
26/10/2025 03:20,3441.78
26/10/2025 03:25,3557.38
26/10/2025 03:30,3483.88
26/10/2025 03:35,3636.35
26/10/2025 03:40,3376.96
26/10/2025 03:45,3396.6
26/10/2025 03:50,3225.07
26/10/2025 03:55,3242.07
26/10/2025 04:00,3292.94
26/10/2025 04:05,3426.28
26/10/2025 04:10,3423.81
26/10/2025 04:15,3245.71
26/10/2025 04:20,3594.78
26/10/2025 04:25,3291.49
26/10/2025 04:30,3161.9
26/10/2025 04:35,3404.31
26/10/2025 04:40,3562.62
26/10/2025 04:45,3252.9
26/10/2025 04:50,3446.49
26/10/2025 04:55,3380.73
26/10/2025 05:00,3706.14
26/10/2025 05:05,4015.81
26/10/2025 05:10,3870.28
26/10/2025 05:15,3683.44
26/10/2025 05:20,3852.25
26/10/2025 05:25,3861.89
26/10/2025 05:30,3758.98
26/10/2025 05:35,3752.93
26/10/2025 05:40,3803.1
26/10/2025 05:45,4034.36
26/10/2025 05:50,3720.11
26/10/2025 05:55,3720.27
26/10/2025 06:00,4067.56
26/10/2025 06:05,3999.96
26/10/2025 06:10,3999.89
26/10/2025 06:15,4060.8
26/10/2025 06:20,4187.08
26/10/2025 06:25,3891.04
26/10/2025 06:30,3880.07
26/10/2025 06:35,4236.64
26/10/2025 06:40,3839.72
26/10/2025 06:45,4000.76
26/10/2025 06:50,4272.34
26/10/2025 06:55,4029.41
26/10/2025 07:00,4020.86
26/10/2025 07:05,4279.85
26/10/2025 07:10,4350.6
26/10/2025 07:15,4179.76
26/10/2025 07:20,4310.12
26/10/2025 07:25,4421.78
26/10/2025 07:30,4148.15
26/10/2025 07:35,4379.71
26/10/2025 07:40,4329.32
26/10/2025 07:45,4186.57
26/10/2025 07:50,4419.6
26/10/2025 07:55,4349.23
26/10/2025 08:00,4241.84
26/10/2025 08:05,4508.3
26/10/2025 08:10,4432.36
26/10/2025 08:15,4418.48
26/10/2025 08:20,4312.18
26/10/2025 08:25,4611.23
26/10/2025 08:30,4241.74
26/10/2025 08:35,4575.0
26/10/2025 08:40,4703.64
26/10/2025 08:45,4363.66
26/10/2025 08:50,4575.21
26/10/2025 08:55,4650.27
26/10/2025 09:00,5344.58
26/10/2025 09:05,5236.93
26/10/2025 09:10,4975.16
26/10/2025 09:15,5147.79
26/10/2025 09:20,5135.71
26/10/2025 09:25,5176.13
26/10/2025 09:30,5205.64
26/10/2025 09:35,5348.67
26/10/2025 09:40,5098.71
26/10/2025 09:45,5400.59
26/10/2025 09:50,5380.45
26/10/2025 09:55,5321.63
26/10/2025 10:00,5220.98
26/10/2025 10:05,5474.11
26/10/2025 10:10,4871.95
26/10/2025 10:15,5273.57
26/10/2025 10:20,5275.75
26/10/2025 10:25,5197.32
26/10/2025 10:30,5242.43
26/10/2025 10:35,5228.25
26/10/2025 10:40,5399.71
26/10/2025 10:45,5160.98
26/10/2025 10:50,5209.38
26/10/2025 10:55,5283.07
26/10/2025 11:00,5088.63
26/10/2025 11:05,5433.11
26/10/2025 11:10,5521.17
26/10/2025 11:15,5212.03
26/10/2025 11:20,5323.69
26/10/2025 11:25,4978.6
26/10/2025 11:30,5015.91
26/10/2025 11:35,5125.56
26/10/2025 11:40,5331.94
26/10/2025 11:45,5079.94
26/10/2025 11:50,5338.96
26/10/2025 11:55,5424.8
26/10/2025 12:00,4688.97
26/10/2025 12:05,4696.09
26/10/2025 12:10,4868.48
26/10/2025 12:15,4664.97
26/10/2025 12:20,4790.51
26/10/2025 12:25,4757.19
26/10/2025 12:30,4790.56
26/10/2025 12:35,4501.2
26/10/2025 12:40,4581.08
26/10/2025 12:45,4748.73
26/10/2025 12:50,4632.3
26/10/2025 12:55,4901.71
26/10/2025 13:00,4819.69
26/10/2025 13:05,4500.57
26/10/2025 13:10,4483.33
26/10/2025 13:15,4578.63
26/10/2025 13:20,4686.06
26/10/2025 13:25,4557.42
26/10/2025 13:30,4586.3
26/10/2025 13:35,4628.49
26/10/2025 13:40,4707.87
26/10/2025 13:45,4599.71
26/10/2025 13:50,4420.81
26/10/2025 13:55,4513.77
26/10/2025 14:00,4823.9
26/10/2025 14:05,4715.34
26/10/2025 14:10,4618.2
26/10/2025 14:15,4267.14
26/10/2025 14:20,4489.35
26/10/2025 14:25,4573.71
26/10/2025 14:30,4684.98
26/10/2025 14:35,4691.94
26/10/2025 14:40,4330.73
26/10/2025 14:45,4528.32
26/10/2025 14:50,4624.1
26/10/2025 14:55,4699.37
26/10/2025 15:00,4639.61
26/10/2025 15:05,4633.4
26/10/2025 15:10,4788.9
26/10/2025 15:15,4671.59
26/10/2025 15:20,4672.75
26/10/2025 15:25,4393.55
26/10/2025 15:30,4678.36
26/10/2025 15:35,4869.8
26/10/2025 15:40,4775.74
26/10/2025 15:45,4490.76
26/10/2025 15:50,4574.76
26/10/2025 15:55,4721.92
26/10/2025 16:00,5042.55
26/10/2025 16:05,4760.67
26/10/2025 16:10,5053.47
26/10/2025 16:15,4859.1
26/10/2025 16:20,5085.8
26/10/2025 16:25,5158.82
26/10/2025 16:30,4850.34
26/10/2025 16:35,5131.25
26/10/2025 16:40,5075.64
26/10/2025 16:45,5142.31
26/10/2025 16:50,5121.84
26/10/2025 16:55,5091.64
26/10/2025 17:00,5108.39
26/10/2025 17:05,5092.31
26/10/2025 17:10,5290.04
26/10/2025 17:15,5300.58
26/10/2025 17:20,5213.87
26/10/2025 17:25,5155.22
26/10/2025 17:30,5058.1
26/10/2025 17:35,5297.35
26/10/2025 17:40,5390.53
26/10/2025 17:45,5573.3
26/10/2025 17:50,5247.65
26/10/2025 17:55,5513.24
26/10/2025 18:00,5481.33
26/10/2025 18:05,5604.19
26/10/2025 18:10,5490.82
26/10/2025 18:15,5563.93
26/10/2025 18:20,5273.6
26/10/2025 18:25,5550.14
26/10/2025 18:30,5624.14
26/10/2025 18:35,5557.35
26/10/2025 18:40,5582.77
26/10/2025 18:45,5967.72
26/10/2025 18:50,5800.39
26/10/2025 18:55,5481.3
26/10/2025 19:00,5394.68
26/10/2025 19:05,5825.9
26/10/2025 19:10,5421.03
26/10/2025 19:15,5885.96
26/10/2025 19:20,5978.53
26/10/2025 19:25,5865.25
26/10/2025 19:30,5795.08
26/10/2025 19:35,5642.81
26/10/2025 19:40,5831.03
26/10/2025 19:45,5939.53
26/10/2025 19:50,5797.41
26/10/2025 19:55,5866.4
26/10/2025 20:00,5708.7
26/10/2025 20:05,5748.5
26/10/2025 20:10,5785.33
26/10/2025 20:15,5709.15
26/10/2025 20:20,5697.4
26/10/2025 20:25,5469.97
26/10/2025 20:30,5682.7
26/10/2025 20:35,5704.04
26/10/2025 20:40,5596.47
26/10/2025 20:45,5714.54
26/10/2025 20:50,5848.81
26/10/2025 20:55,5836.17
26/10/2025 21:00,5703.5
26/10/2025 21:05,6008.9
26/10/2025 21:10,5650.79
26/10/2025 21:15,5496.75
26/10/2025 21:20,5856.78
26/10/2025 21:25,5538.12
26/10/2025 21:30,5698.47
26/10/2025 21:35,5443.68
26/10/2025 21:40,5560.06
26/10/2025 21:45,5669.76
26/10/2025 21:50,5646.11
26/10/2025 21:55,5173.94
26/10/2025 22:00,5070.09
26/10/2025 22:05,5097.15
26/10/2025 22:10,4778.65
26/10/2025 22:15,4994.09
26/10/2025 22:20,4862.15
26/10/2025 22:25,4955.1
26/10/2025 22:30,4614.93
26/10/2025 22:35,4797.22
26/10/2025 22:40,4863.9
26/10/2025 22:45,4697.56
26/10/2025 22:50,4871.49
26/10/2025 22:55,4496.73
26/10/2025 23:00,4762.27
26/10/2025 23:05,4733.0
26/10/2025 23:10,4626.75
26/10/2025 23:15,4884.19
26/10/2025 23:20,4436.49
26/10/2025 23:25,4658.16
26/10/2025 23:30,4662.7
26/10/2025 23:35,4419.85
26/10/2025 23:40,4296.21
26/10/2025 23:45,4509.29
26/10/2025 23:50,4484.04
26/10/2025 23:55,4465.55
27/10/2025 00:00,5052.44
27/10/2025 00:05,5268.67
27/10/2025 00:10,4795.14
27/10/2025 00:15,5243.47
27/10/2025 00:20,5474.64
27/10/2025 00:25,5138.94
27/10/2025 00:30,5045.95
27/10/2025 00:35,5066.04
27/10/2025 00:40,5083.3
27/10/2025 00:45,5097.46
27/10/2025 00:50,5130.76
27/10/2025 00:55,4984.33
27/10/2025 01:00,4786.25
27/10/2025 01:05,5253.37
27/10/2025 01:10,5219.54
27/10/2025 01:15,5204.42
27/10/2025 01:20,5047.21
27/10/2025 01:25,5008.0
27/10/2025 01:30,5288.42
27/10/2025 01:35,5082.97
27/10/2025 01:40,4979.37
27/10/2025 01:45,5003.86
27/10/2025 01:50,5163.88
27/10/2025 01:55,5120.49
27/10/2025 02:00,3608.86
27/10/2025 02:05,3796.12
27/10/2025 02:10,3963.86
27/10/2025 02:15,3902.22
27/10/2025 02:20,3563.3
27/10/2025 02:25,3636.15
27/10/2025 02:30,3777.21
27/10/2025 02:35,3772.88
27/10/2025 02:40,3793.53
27/10/2025 02:45,3541.9
27/10/2025 02:50,3601.91
27/10/2025 02:55,3809.1
27/10/2025 03:00,3950.48
27/10/2025 03:05,3812.46
27/10/2025 03:10,3728.49
27/10/2025 03:15,3519.66
27/10/2025 03:20,3733.27
27/10/2025 03:25,3437.24
27/10/2025 03:30,3705.06
27/10/2025 03:35,3771.95
27/10/2025 03:40,3562.52
27/10/2025 03:45,3778.65
27/10/2025 03:50,3589.05
27/10/2025 03:55,3557.15
27/10/2025 04:00,3582.98
27/10/2025 04:05,3850.66
27/10/2025 04:10,3468.81
27/10/2025 04:15,3465.55
27/10/2025 04:20,3752.37
27/10/2025 04:25,3765.41
27/10/2025 04:30,3907.12
27/10/2025 04:35,3509.44
27/10/2025 04:40,3616.06
27/10/2025 04:45,3784.87
27/10/2025 04:50,3712.11
27/10/2025 04:55,4126.57
27/10/2025 05:00,4178.16
27/10/2025 05:05,3963.45
27/10/2025 05:10,4302.94
27/10/2025 05:15,4418.32
27/10/2025 05:20,4375.52
27/10/2025 05:25,4251.45
27/10/2025 05:30,4249.03
27/10/2025 05:35,4176.32
27/10/2025 05:40,4447.45
27/10/2025 05:45,4217.1
27/10/2025 05:50,4531.05
27/10/2025 05:55,4242.18
27/10/2025 06:00,4534.98
27/10/2025 06:05,4447.01
27/10/2025 06:10,4287.08
27/10/2025 06:15,4483.05
27/10/2025 06:20,4597.82
27/10/2025 06:25,4556.17
27/10/2025 06:30,4340.75
27/10/2025 06:35,4332.61
27/10/2025 06:40,4255.96
27/10/2025 06:45,4235.91
27/10/2025 06:50,4493.88
27/10/2025 06:55,4967.06
27/10/2025 07:00,4529.29
27/10/2025 07:05,4720.51
27/10/2025 07:10,4597.23
27/10/2025 07:15,4513.65
27/10/2025 07:20,4732.53
27/10/2025 07:25,4636.85
27/10/2025 07:30,4634.35
27/10/2025 07:35,4575.21
27/10/2025 07:40,4877.95
27/10/2025 07:45,4711.8
27/10/2025 07:50,4761.48
27/10/2025 07:55,4922.17
27/10/2025 08:00,4654.05
27/10/2025 08:05,4856.57
27/10/2025 08:10,4758.99
27/10/2025 08:15,4656.57
27/10/2025 08:20,4892.72
27/10/2025 08:25,4961.71
27/10/2025 08:30,4745.99
27/10/2025 08:35,4769.35
27/10/2025 08:40,4717.89
27/10/2025 08:45,4916.66
27/10/2025 08:50,5056.88
27/10/2025 08:55,4897.51
27/10/2025 09:00,5399.65
27/10/2025 09:05,5730.15
27/10/2025 09:10,5829.17
27/10/2025 09:15,5572.75
27/10/2025 09:20,5551.38
27/10/2025 09:25,5496.43
27/10/2025 09:30,5586.11
27/10/2025 09:35,5407.04
27/10/2025 09:40,5568.9
27/10/2025 09:45,5761.64
27/10/2025 09:50,5817.52
27/10/2025 09:55,5698.49
27/10/2025 10:00,5958.04
27/10/2025 10:05,5783.31
27/10/2025 10:10,5827.64
27/10/2025 10:15,5892.52
27/10/2025 10:20,5382.75
27/10/2025 10:25,5877.71
27/10/2025 10:30,5612.37
27/10/2025 10:35,5630.76
27/10/2025 10:40,5542.71
27/10/2025 10:45,5400.2
27/10/2025 10:50,5793.4
27/10/2025 10:55,5586.89
27/10/2025 11:00,5677.05
27/10/2025 11:05,5807.19
27/10/2025 11:10,5850.07
27/10/2025 11:15,5632.03
27/10/2025 11:20,5605.91
27/10/2025 11:25,5736.39
27/10/2025 11:30,5583.31
27/10/2025 11:35,5724.42
27/10/2025 11:40,5530.61
27/10/2025 11:45,5609.01
27/10/2025 11:50,5354.07
27/10/2025 11:55,5474.6
27/10/2025 12:00,5123.66
27/10/2025 12:05,4812.96
27/10/2025 12:10,5184.44
27/10/2025 12:15,5460.23
27/10/2025 12:20,5133.28
27/10/2025 12:25,5165.91
27/10/2025 12:30,5009.72
27/10/2025 12:35,5254.33
27/10/2025 12:40,5050.6
27/10/2025 12:45,5123.44
27/10/2025 12:50,5297.36
27/10/2025 12:55,4887.48
27/10/2025 13:00,5199.23
27/10/2025 13:05,5140.58
27/10/2025 13:10,5115.01
27/10/2025 13:15,4895.81
27/10/2025 13:20,5004.98
27/10/2025 13:25,4843.8
27/10/2025 13:30,5110.3
27/10/2025 13:35,4977.69
27/10/2025 13:40,5054.16
27/10/2025 13:45,5105.71
27/10/2025 13:50,5073.79
27/10/2025 13:55,4943.17
27/10/2025 14:00,5056.87
27/10/2025 14:05,5010.97
27/10/2025 14:10,4898.96
27/10/2025 14:15,4936.62
27/10/2025 14:20,4970.73
27/10/2025 14:25,4972.47
27/10/2025 14:30,4889.46
27/10/2025 14:35,4864.74
27/10/2025 14:40,4979.6
27/10/2025 14:45,4878.21
27/10/2025 14:50,4949.9
27/10/2025 14:55,4807.41
27/10/2025 15:00,4759.18
27/10/2025 15:05,4916.8
27/10/2025 15:10,4828.24
27/10/2025 15:15,5176.72
27/10/2025 15:20,4978.37
27/10/2025 15:25,4718.26
27/10/2025 15:30,5136.47
27/10/2025 15:35,4904.82
27/10/2025 15:40,4906.27
27/10/2025 15:45,5294.84
27/10/2025 15:50,5460.99
27/10/2025 15:55,4925.49
27/10/2025 16:00,5511.32
27/10/2025 16:05,5206.45
27/10/2025 16:10,4946.97
27/10/2025 16:15,5401.3
27/10/2025 16:20,5380.46
27/10/2025 16:25,5446.49
27/10/2025 16:30,5518.62
27/10/2025 16:35,5235.02
27/10/2025 16:40,5198.35
27/10/2025 16:45,5551.9
27/10/2025 16:50,5362.51
27/10/2025 16:55,5401.0
27/10/2025 17:00,5535.71
27/10/2025 17:05,5208.55
27/10/2025 17:10,5349.42
27/10/2025 17:15,5460.68
27/10/2025 17:20,5467.9
27/10/2025 17:25,5447.74
27/10/2025 17:30,5803.5
27/10/2025 17:35,5984.08
27/10/2025 17:40,5488.59
27/10/2025 17:45,5691.21
27/10/2025 17:50,5918.07
27/10/2025 17:55,5827.16
27/10/2025 18:00,5993.96
27/10/2025 18:05,5903.36
27/10/2025 18:10,6316.28
27/10/2025 18:15,5998.02
27/10/2025 18:20,5943.16
27/10/2025 18:25,5730.08
27/10/2025 18:30,5994.59
27/10/2025 18:35,5717.78
27/10/2025 18:40,5985.14
27/10/2025 18:45,6041.91
27/10/2025 18:50,6212.71
27/10/2025 18:55,6269.78
27/10/2025 19:00,6008.13
27/10/2025 19:05,5820.19
27/10/2025 19:10,5872.72
27/10/2025 19:15,5935.08
27/10/2025 19:20,6178.94
27/10/2025 19:25,6213.2
27/10/2025 19:30,6213.16
27/10/2025 19:35,6308.3
27/10/2025 19:40,6351.12
27/10/2025 19:45,6500.16
27/10/2025 19:50,6097.67
27/10/2025 19:55,6516.44
27/10/2025 20:00,6335.67
27/10/2025 20:05,6392.75
27/10/2025 20:10,6214.78
27/10/2025 20:15,5836.51
27/10/2025 20:20,6189.39
27/10/2025 20:25,6203.34
27/10/2025 20:30,6327.98
27/10/2025 20:35,6153.88
27/10/2025 20:40,6140.14
27/10/2025 20:45,5968.23
27/10/2025 20:50,6052.86
27/10/2025 20:55,6424.08
27/10/2025 21:00,6084.08
27/10/2025 21:05,6288.01
27/10/2025 21:10,6164.64
27/10/2025 21:15,5927.83
27/10/2025 21:20,6179.91
27/10/2025 21:25,6061.23
27/10/2025 21:30,6098.63
27/10/2025 21:35,5998.92
27/10/2025 21:40,5971.65
27/10/2025 21:45,6136.66
27/10/2025 21:50,5881.09
27/10/2025 21:55,5771.02
27/10/2025 22:00,5371.99
27/10/2025 22:05,5499.88
27/10/2025 22:10,5353.59
27/10/2025 22:15,5293.8
27/10/2025 22:20,5309.36
27/10/2025 22:25,5269.96
27/10/2025 22:30,5450.8
27/10/2025 22:35,5154.54
27/10/2025 22:40,5378.04
27/10/2025 22:45,5168.29
27/10/2025 22:50,5340.17
27/10/2025 22:55,5014.59
27/10/2025 23:00,5071.04
27/10/2025 23:05,5029.36
27/10/2025 23:10,4939.79
27/10/2025 23:15,5088.33
27/10/2025 23:20,4997.86
27/10/2025 23:25,5222.57
27/10/2025 23:30,4868.26
27/10/2025 23:35,4699.82
27/10/2025 23:40,4657.4
27/10/2025 23:45,4890.18
27/10/2025 23:50,4526.68
27/10/2025 23:55,4802.45
28/10/2025 00:00,5344.63
28/10/2025 00:05,5176.73
28/10/2025 00:10,4964.58
28/10/2025 00:15,5005.68
28/10/2025 00:20,4750.08
28/10/2025 00:25,4799.97
28/10/2025 00:30,5201.56
28/10/2025 00:35,4961.68
28/10/2025 00:40,4894.53
28/10/2025 00:45,4898.86
28/10/2025 00:50,5077.88
28/10/2025 00:55,5322.6
28/10/2025 01:00,4793.74
28/10/2025 01:05,5269.14
28/10/2025 01:10,4924.6
28/10/2025 01:15,5397.03
28/10/2025 01:20,5220.06
28/10/2025 01:25,5199.19
28/10/2025 01:30,5077.18
28/10/2025 01:35,4975.19
28/10/2025 01:40,4893.98
28/10/2025 01:45,5108.61
28/10/2025 01:50,4985.02
28/10/2025 01:55,5188.32
28/10/2025 02:00,3435.16
28/10/2025 02:05,4075.69
28/10/2025 02:10,3642.24
28/10/2025 02:15,3715.13
28/10/2025 02:20,3550.51
28/10/2025 02:25,3786.89
28/10/2025 02:30,3539.48
28/10/2025 02:35,3856.63
28/10/2025 02:40,3773.84
28/10/2025 02:45,3785.99
28/10/2025 02:50,3880.86
28/10/2025 02:55,3594.84
28/10/2025 03:00,3616.3
28/10/2025 03:05,3517.46
28/10/2025 03:10,3646.92
28/10/2025 03:15,3822.45
28/10/2025 03:20,3683.85
28/10/2025 03:25,3396.42
28/10/2025 03:30,3849.47
28/10/2025 03:35,3597.6
28/10/2025 03:40,3712.79
28/10/2025 03:45,3659.14
28/10/2025 03:50,3679.01
28/10/2025 03:55,3979.19
28/10/2025 04:00,3736.24
28/10/2025 04:05,3505.95
28/10/2025 04:10,3847.33
28/10/2025 04:15,3800.71
28/10/2025 04:20,3587.55
28/10/2025 04:25,3913.74
28/10/2025 04:30,3755.63
28/10/2025 04:35,4043.72
28/10/2025 04:40,3570.87
28/10/2025 04:45,3513.57
28/10/2025 04:50,3666.7
28/10/2025 04:55,3614.77
28/10/2025 05:00,4211.95
28/10/2025 05:05,4152.96
28/10/2025 05:10,4280.49
28/10/2025 05:15,4250.16
28/10/2025 05:20,4341.26
28/10/2025 05:25,4175.33
28/10/2025 05:30,4376.76
28/10/2025 05:35,4152.2
28/10/2025 05:40,4198.47
28/10/2025 05:45,4212.58
28/10/2025 05:50,4191.77
28/10/2025 05:55,4327.68
28/10/2025 06:00,4102.49
28/10/2025 06:05,4381.77
28/10/2025 06:10,4457.28
28/10/2025 06:15,4387.11
28/10/2025 06:20,4414.82
28/10/2025 06:25,4692.7
28/10/2025 06:30,4729.41
28/10/2025 06:35,4868.28
28/10/2025 06:40,4537.95
28/10/2025 06:45,4356.68
28/10/2025 06:50,4760.13
28/10/2025 06:55,4609.97
28/10/2025 07:00,4872.65
28/10/2025 07:05,4455.49
28/10/2025 07:10,4492.37
28/10/2025 07:15,4661.79
28/10/2025 07:20,4547.36
28/10/2025 07:25,4753.91
28/10/2025 07:30,4561.99
28/10/2025 07:35,4904.0
28/10/2025 07:40,4856.71
28/10/2025 07:45,4351.31
28/10/2025 07:50,4812.77
28/10/2025 07:55,4859.77
28/10/2025 08:00,4958.1
28/10/2025 08:05,4943.51
28/10/2025 08:10,4720.39
28/10/2025 08:15,4845.08
28/10/2025 08:20,4927.91
28/10/2025 08:25,4730.88
28/10/2025 08:30,4858.41
28/10/2025 08:35,4911.02
28/10/2025 08:40,4748.04
28/10/2025 08:45,5093.38
28/10/2025 08:50,4671.87
28/10/2025 08:55,4785.47
28/10/2025 09:00,5481.13
28/10/2025 09:05,5347.48
28/10/2025 09:10,5700.35
28/10/2025 09:15,5427.97
28/10/2025 09:20,5389.75
28/10/2025 09:25,5430.3
28/10/2025 09:30,5523.68
28/10/2025 09:35,5945.55
28/10/2025 09:40,5693.88
28/10/2025 09:45,5694.17
28/10/2025 09:50,5800.04
28/10/2025 09:55,5751.91
28/10/2025 10:00,5818.01
28/10/2025 10:05,5626.19
28/10/2025 10:10,5527.95
28/10/2025 10:15,5664.63
28/10/2025 10:20,5925.8
28/10/2025 10:25,5899.91
28/10/2025 10:30,5924.03
28/10/2025 10:35,5833.44
28/10/2025 10:40,5504.16
28/10/2025 10:45,5579.92
28/10/2025 10:50,5799.66
28/10/2025 10:55,5485.8
28/10/2025 11:00,5539.93
28/10/2025 11:05,5756.58
28/10/2025 11:10,5562.29
28/10/2025 11:15,5573.26
28/10/2025 11:20,5651.26
28/10/2025 11:25,5601.15
28/10/2025 11:30,5504.76
28/10/2025 11:35,5394.8
28/10/2025 11:40,5561.89
28/10/2025 11:45,5382.21
28/10/2025 11:50,5389.82
28/10/2025 11:55,5378.26
28/10/2025 12:00,5152.98
28/10/2025 12:05,5220.64
28/10/2025 12:10,5146.19
28/10/2025 12:15,5125.44
28/10/2025 12:20,5161.82
28/10/2025 12:25,5311.13
28/10/2025 12:30,5109.12
28/10/2025 12:35,4981.2
28/10/2025 12:40,5053.05
28/10/2025 12:45,5009.58
28/10/2025 12:50,5107.7
28/10/2025 12:55,4944.45
28/10/2025 13:00,5068.2
28/10/2025 13:05,5145.13
28/10/2025 13:10,5075.76
28/10/2025 13:15,5024.21
28/10/2025 13:20,5174.73
28/10/2025 13:25,5052.56
28/10/2025 13:30,4940.58
28/10/2025 13:35,5025.2
28/10/2025 13:40,4846.45
28/10/2025 13:45,4937.35
28/10/2025 13:50,5004.76
28/10/2025 13:55,4942.74
28/10/2025 14:00,4913.43
28/10/2025 14:05,4933.67
28/10/2025 14:10,4894.64
28/10/2025 14:15,4923.91
28/10/2025 14:20,4964.31
28/10/2025 14:25,4800.11
28/10/2025 14:30,4889.21
28/10/2025 14:35,4725.77
28/10/2025 14:40,5018.44
28/10/2025 14:45,4849.31
28/10/2025 14:50,5211.71
28/10/2025 14:55,4950.67
28/10/2025 15:00,4923.77
28/10/2025 15:05,4884.18
28/10/2025 15:10,4799.97
28/10/2025 15:15,4739.11
28/10/2025 15:20,4952.94
28/10/2025 15:25,4582.53
28/10/2025 15:30,5161.1
28/10/2025 15:35,5037.34
28/10/2025 15:40,5063.35
28/10/2025 15:45,4978.62
28/10/2025 15:50,4991.08
28/10/2025 15:55,5077.28
28/10/2025 16:00,5550.08
28/10/2025 16:05,5114.29
28/10/2025 16:10,5123.11
28/10/2025 16:15,5106.67
28/10/2025 16:20,5144.22
28/10/2025 16:25,5464.43
28/10/2025 16:30,5495.8
28/10/2025 16:35,5641.1
28/10/2025 16:40,5401.95
28/10/2025 16:45,5595.63
28/10/2025 16:50,5451.7
28/10/2025 16:55,5385.55
28/10/2025 17:00,5292.6
28/10/2025 17:05,5397.34
28/10/2025 17:10,5598.84
28/10/2025 17:15,5605.47
28/10/2025 17:20,5634.73
28/10/2025 17:25,5805.61
28/10/2025 17:30,5530.55
28/10/2025 17:35,5622.99
28/10/2025 17:40,5698.03
28/10/2025 17:45,5647.83
28/10/2025 17:50,5669.13
28/10/2025 17:55,5839.45
28/10/2025 18:00,5905.91
28/10/2025 18:05,6036.33
28/10/2025 18:10,5922.6
28/10/2025 18:15,5830.85
28/10/2025 18:20,5951.99
28/10/2025 18:25,6003.67
28/10/2025 18:30,6120.85
28/10/2025 18:35,5997.18
28/10/2025 18:40,5869.32
28/10/2025 18:45,5968.41
28/10/2025 18:50,6041.68
28/10/2025 18:55,6046.3
28/10/2025 19:00,6446.59
28/10/2025 19:05,6228.02
28/10/2025 19:10,6123.82
28/10/2025 19:15,6115.6
28/10/2025 19:20,6002.67
28/10/2025 19:25,6157.26
28/10/2025 19:30,6256.18
28/10/2025 19:35,6063.24
28/10/2025 19:40,6302.09
28/10/2025 19:45,6113.53
28/10/2025 19:50,6574.03
28/10/2025 19:55,6215.98
28/10/2025 20:00,6173.3
28/10/2025 20:05,6143.19
28/10/2025 20:10,6177.47
28/10/2025 20:15,6273.32
28/10/2025 20:20,6405.81
28/10/2025 20:25,6318.71
28/10/2025 20:30,5995.26
28/10/2025 20:35,5993.5
28/10/2025 20:40,6042.76
28/10/2025 20:45,6102.74
28/10/2025 20:50,5898.32
28/10/2025 20:55,5917.81
28/10/2025 21:00,5993.28
28/10/2025 21:05,6035.04
28/10/2025 21:10,6076.81
28/10/2025 21:15,6078.49
28/10/2025 21:20,5943.34
28/10/2025 21:25,5856.23
28/10/2025 21:30,5910.82
28/10/2025 21:35,6007.44
28/10/2025 21:40,5892.76
28/10/2025 21:45,5961.77
28/10/2025 21:50,5786.78
28/10/2025 21:55,5846.17
28/10/2025 22:00,5441.63
28/10/2025 22:05,5673.87
28/10/2025 22:10,5635.58
28/10/2025 22:15,5270.96
28/10/2025 22:20,5206.51
28/10/2025 22:25,5346.29
28/10/2025 22:30,5260.6
28/10/2025 22:35,5335.01
28/10/2025 22:40,5566.42
28/10/2025 22:45,5180.83
28/10/2025 22:50,5265.15
28/10/2025 22:55,5356.86
28/10/2025 23:00,5290.92
28/10/2025 23:05,4941.14
28/10/2025 23:10,4931.46
28/10/2025 23:15,5101.53
28/10/2025 23:20,5106.5
28/10/2025 23:25,5139.36
28/10/2025 23:30,5035.32
28/10/2025 23:35,4753.64
28/10/2025 23:40,4888.57
28/10/2025 23:45,4886.61
28/10/2025 23:50,4739.77
28/10/2025 23:55,4780.5
29/10/2025 00:00,5173.07
29/10/2025 00:05,5159.04
29/10/2025 00:10,5135.55
29/10/2025 00:15,4812.09
29/10/2025 00:20,5123.19
29/10/2025 00:25,5242.5
29/10/2025 00:30,4911.07
29/10/2025 00:35,5142.62
29/10/2025 00:40,5239.86
29/10/2025 00:45,5009.33
29/10/2025 00:50,4928.35
29/10/2025 00:55,5064.72
29/10/2025 01:00,5073.38
29/10/2025 01:05,4940.39
29/10/2025 01:10,5074.55
29/10/2025 01:15,5299.15
29/10/2025 01:20,5097.67
29/10/2025 01:25,4857.74
29/10/2025 01:30,5163.72
29/10/2025 01:35,5436.19
29/10/2025 01:40,5114.23
29/10/2025 01:45,5344.02
29/10/2025 01:50,5117.28
29/10/2025 01:55,5143.63
29/10/2025 02:00,3692.97
29/10/2025 02:05,3837.37
29/10/2025 02:10,3789.73
29/10/2025 02:15,3724.01
29/10/2025 02:20,3708.99
29/10/2025 02:25,3695.74
29/10/2025 02:30,3901.19
29/10/2025 02:35,3870.82
29/10/2025 02:40,3676.26
29/10/2025 02:45,3695.59
29/10/2025 02:50,3374.06
29/10/2025 02:55,3686.49
29/10/2025 03:00,3928.61
29/10/2025 03:05,3746.41
29/10/2025 03:10,4072.39
29/10/2025 03:15,3774.48
29/10/2025 03:20,3909.42
29/10/2025 03:25,3602.18
29/10/2025 03:30,3747.31
29/10/2025 03:35,3519.23
29/10/2025 03:40,3677.8
29/10/2025 03:45,3697.63
29/10/2025 03:50,3680.65
29/10/2025 03:55,3796.16
29/10/2025 04:00,3754.49
29/10/2025 04:05,3783.42
29/10/2025 04:10,3690.98
29/10/2025 04:15,3662.52
29/10/2025 04:20,3758.54
29/10/2025 04:25,3897.05
29/10/2025 04:30,3879.85
29/10/2025 04:35,3403.48
29/10/2025 04:40,3445.46
29/10/2025 04:45,3373.36
29/10/2025 04:50,3591.41
29/10/2025 04:55,3563.15
29/10/2025 05:00,4186.82
29/10/2025 05:05,4026.16
29/10/2025 05:10,4135.25
29/10/2025 05:15,4293.02
29/10/2025 05:20,3949.05
29/10/2025 05:25,4498.99
29/10/2025 05:30,4176.24
29/10/2025 05:35,4285.36
29/10/2025 05:40,4444.69
29/10/2025 05:45,4372.84
29/10/2025 05:50,4288.28
29/10/2025 05:55,4418.31
29/10/2025 06:00,4414.94
29/10/2025 06:05,4340.34
29/10/2025 06:10,4342.16
29/10/2025 06:15,4198.7
29/10/2025 06:20,4372.28
29/10/2025 06:25,4711.16
29/10/2025 06:30,4500.5
29/10/2025 06:35,4420.61
29/10/2025 06:40,4472.17
29/10/2025 06:45,4825.15
29/10/2025 06:50,4577.97
29/10/2025 06:55,4472.97
29/10/2025 07:00,4420.08
29/10/2025 07:05,4478.2
29/10/2025 07:10,4613.47
29/10/2025 07:15,4487.37
29/10/2025 07:20,4643.72
29/10/2025 07:25,4924.76
29/10/2025 07:30,4608.44
29/10/2025 07:35,4868.91
29/10/2025 07:40,4665.69
29/10/2025 07:45,4690.15
29/10/2025 07:50,4933.71
29/10/2025 07:55,4676.43
29/10/2025 08:00,4661.44
29/10/2025 08:05,4971.26
29/10/2025 08:10,4905.13
29/10/2025 08:15,5053.95
29/10/2025 08:20,4869.88
29/10/2025 08:25,4805.12
29/10/2025 08:30,4770.98
29/10/2025 08:35,4994.49
29/10/2025 08:40,4931.85
29/10/2025 08:45,5020.96
29/10/2025 08:50,5251.95
29/10/2025 08:55,4940.53
29/10/2025 09:00,5629.02
29/10/2025 09:05,5352.98
29/10/2025 09:10,5455.21
29/10/2025 09:15,5561.31
29/10/2025 09:20,5670.25
29/10/2025 09:25,5521.69
29/10/2025 09:30,5644.62
29/10/2025 09:35,5407.5
29/10/2025 09:40,5634.95
29/10/2025 09:45,5766.48
29/10/2025 09:50,5559.35
29/10/2025 09:55,5612.12
29/10/2025 10:00,5563.27
29/10/2025 10:05,5777.61
29/10/2025 10:10,5494.98
29/10/2025 10:15,5719.7
29/10/2025 10:20,5723.79
29/10/2025 10:25,5883.0
29/10/2025 10:30,5528.7
29/10/2025 10:35,5734.95
29/10/2025 10:40,5432.52
29/10/2025 10:45,5966.97
29/10/2025 10:50,5690.0
29/10/2025 10:55,5599.76
29/10/2025 11:00,5677.34
29/10/2025 11:05,5588.35
29/10/2025 11:10,5723.17
29/10/2025 11:15,5636.52
29/10/2025 11:20,5586.08
29/10/2025 11:25,5643.63
29/10/2025 11:30,5705.81
29/10/2025 11:35,5829.04
29/10/2025 11:40,5541.21
29/10/2025 11:45,5644.97
29/10/2025 11:50,5507.99
29/10/2025 11:55,5734.3
29/10/2025 12:00,5279.03
29/10/2025 12:05,5328.0
29/10/2025 12:10,5372.24
29/10/2025 12:15,5118.92
29/10/2025 12:20,5219.71
29/10/2025 12:25,5090.19
29/10/2025 12:30,5240.67
29/10/2025 12:35,5110.4
29/10/2025 12:40,5193.31
29/10/2025 12:45,4958.91
29/10/2025 12:50,5299.68
29/10/2025 12:55,5162.72
29/10/2025 13:00,4999.92
29/10/2025 13:05,5256.31
29/10/2025 13:10,5155.01
29/10/2025 13:15,5169.9
29/10/2025 13:20,4864.01
29/10/2025 13:25,5080.09
29/10/2025 13:30,5308.62
29/10/2025 13:35,5004.49
29/10/2025 13:40,4889.6
29/10/2025 13:45,4974.05
29/10/2025 13:50,4911.53
29/10/2025 13:55,5089.77
29/10/2025 14:00,4585.78
29/10/2025 14:05,4766.58
29/10/2025 14:10,4941.39
29/10/2025 14:15,5101.91
29/10/2025 14:20,4776.25
29/10/2025 14:25,4834.6
29/10/2025 14:30,4720.71
29/10/2025 14:35,5222.21
29/10/2025 14:40,4855.95
29/10/2025 14:45,4995.29
29/10/2025 14:50,4915.8
29/10/2025 14:55,4681.85
29/10/2025 15:00,4921.92
29/10/2025 15:05,4903.06
29/10/2025 15:10,4932.44
29/10/2025 15:15,4981.72
29/10/2025 15:20,5189.6
29/10/2025 15:25,5026.83
29/10/2025 15:30,4931.37
29/10/2025 15:35,5013.8
29/10/2025 15:40,5052.57
29/10/2025 15:45,5385.05
29/10/2025 15:50,5157.09
29/10/2025 15:55,5055.34
29/10/2025 16:00,5168.6
29/10/2025 16:05,5057.08
29/10/2025 16:10,5209.08
29/10/2025 16:15,5139.09
29/10/2025 16:20,5380.62
29/10/2025 16:25,5257.76
29/10/2025 16:30,5374.73
29/10/2025 16:35,5303.18
29/10/2025 16:40,5319.99
29/10/2025 16:45,5525.6
29/10/2025 16:50,5456.28
29/10/2025 16:55,5602.16
29/10/2025 17:00,5478.74
29/10/2025 17:05,5790.19
29/10/2025 17:10,5627.06
29/10/2025 17:15,5681.42
29/10/2025 17:20,5831.75
29/10/2025 17:25,5499.75
29/10/2025 17:30,5767.49
29/10/2025 17:35,5803.99
29/10/2025 17:40,5832.33
29/10/2025 17:45,5994.62
29/10/2025 17:50,5459.54
29/10/2025 17:55,5797.09
29/10/2025 18:00,5724.99
29/10/2025 18:05,5791.49
29/10/2025 18:10,5942.97
29/10/2025 18:15,5957.52
29/10/2025 18:20,5993.74
29/10/2025 18:25,6211.35
29/10/2025 18:30,6124.13
29/10/2025 18:35,6086.78
29/10/2025 18:40,5922.32
29/10/2025 18:45,6045.88
29/10/2025 18:50,6297.98
29/10/2025 18:55,6420.7
29/10/2025 19:00,6267.46
29/10/2025 19:05,6010.53
29/10/2025 19:10,6375.81
29/10/2025 19:15,6013.08
29/10/2025 19:20,5792.06
29/10/2025 19:25,6012.14
29/10/2025 19:30,6235.9
29/10/2025 19:35,5919.65
29/10/2025 19:40,6305.44
29/10/2025 19:45,6470.92
29/10/2025 19:50,6315.89
29/10/2025 19:55,6246.26
29/10/2025 20:00,6284.48
29/10/2025 20:05,6011.91
29/10/2025 20:10,6212.01
29/10/2025 20:15,6199.65
29/10/2025 20:20,6124.76
29/10/2025 20:25,6040.03
29/10/2025 20:30,6032.47
29/10/2025 20:35,6197.93
29/10/2025 20:40,6188.67
29/10/2025 20:45,6137.67
29/10/2025 20:50,6187.08
29/10/2025 20:55,6370.98
29/10/2025 21:00,5732.68
29/10/2025 21:05,6046.19
29/10/2025 21:10,6125.19
29/10/2025 21:15,6084.7
29/10/2025 21:20,5996.73
29/10/2025 21:25,6152.09
29/10/2025 21:30,6183.37
29/10/2025 21:35,6157.76
29/10/2025 21:40,5951.89
29/10/2025 21:45,6065.48
29/10/2025 21:50,6144.82
29/10/2025 21:55,6242.05
29/10/2025 22:00,5747.1
29/10/2025 22:05,5283.84
29/10/2025 22:10,5401.35
29/10/2025 22:15,5340.92
29/10/2025 22:20,5130.52
29/10/2025 22:25,5261.36
29/10/2025 22:30,5307.56
29/10/2025 22:35,5236.9
29/10/2025 22:40,5292.75
29/10/2025 22:45,5206.09
29/10/2025 22:50,4919.77
29/10/2025 22:55,5183.19
29/10/2025 23:00,5188.18
29/10/2025 23:05,4800.73
29/10/2025 23:10,5106.91
29/10/2025 23:15,4947.44
29/10/2025 23:20,4773.27
29/10/2025 23:25,5011.76
29/10/2025 23:30,4965.3
29/10/2025 23:35,4961.93
29/10/2025 23:40,4870.41
29/10/2025 23:45,4935.47
29/10/2025 23:50,4708.61
29/10/2025 23:55,4675.24
30/10/2025 00:00,4993.7
30/10/2025 00:05,5315.92
30/10/2025 00:10,5152.84
30/10/2025 00:15,4995.65
30/10/2025 00:20,5357.04
30/10/2025 00:25,5032.9
30/10/2025 00:30,5107.35
30/10/2025 00:35,5014.0
30/10/2025 00:40,5044.76
30/10/2025 00:45,5101.92
30/10/2025 00:50,5226.6
30/10/2025 00:55,5090.13
30/10/2025 01:00,5056.48
30/10/2025 01:05,5285.6
30/10/2025 01:10,5245.87
30/10/2025 01:15,4929.68
30/10/2025 01:20,4997.74
30/10/2025 01:25,5139.59
30/10/2025 01:30,5038.91
30/10/2025 01:35,4893.78
30/10/2025 01:40,4813.91
30/10/2025 01:45,5302.5
30/10/2025 01:50,5159.31
30/10/2025 01:55,5089.84
30/10/2025 02:00,3345.8
30/10/2025 02:05,3321.07
30/10/2025 02:10,3546.1
30/10/2025 02:15,3882.36
30/10/2025 02:20,3415.48
30/10/2025 02:25,3678.59
30/10/2025 02:30,3802.34
30/10/2025 02:35,3770.93
30/10/2025 02:40,3486.41
30/10/2025 02:45,3743.45
30/10/2025 02:50,3761.52
30/10/2025 02:55,3632.78
30/10/2025 03:00,3820.65
30/10/2025 03:05,3851.56
30/10/2025 03:10,3566.9
30/10/2025 03:15,3720.94
30/10/2025 03:20,3720.38
30/10/2025 03:25,3654.66
30/10/2025 03:30,3904.58
30/10/2025 03:35,3560.12
30/10/2025 03:40,3680.08
30/10/2025 03:45,3662.9
30/10/2025 03:50,3528.87
30/10/2025 03:55,3605.08
30/10/2025 04:00,3439.25
30/10/2025 04:05,3679.56
30/10/2025 04:10,3877.74
30/10/2025 04:15,3767.37
30/10/2025 04:20,3548.4
30/10/2025 04:25,3698.26
30/10/2025 04:30,3726.45
30/10/2025 04:35,3741.34
30/10/2025 04:40,3594.83
30/10/2025 04:45,3784.9
30/10/2025 04:50,3778.15
30/10/2025 04:55,3743.51
30/10/2025 05:00,4282.73
30/10/2025 05:05,4196.37
30/10/2025 05:10,3966.23
30/10/2025 05:15,4185.26
30/10/2025 05:20,4133.67
30/10/2025 05:25,4316.87
30/10/2025 05:30,4206.29
30/10/2025 05:35,4108.32
30/10/2025 05:40,4304.43
30/10/2025 05:45,4527.62
30/10/2025 05:50,4192.96
30/10/2025 05:55,4331.33
30/10/2025 06:00,4514.33
30/10/2025 06:05,4490.06
30/10/2025 06:10,4404.12
30/10/2025 06:15,4391.69
30/10/2025 06:20,4524.01
30/10/2025 06:25,4286.59
30/10/2025 06:30,4358.56
30/10/2025 06:35,4880.4
30/10/2025 06:40,4556.93
30/10/2025 06:45,4569.64
30/10/2025 06:50,4654.25
30/10/2025 06:55,4764.59
30/10/2025 07:00,4579.83
30/10/2025 07:05,4526.61
30/10/2025 07:10,4652.19
30/10/2025 07:15,4582.81
30/10/2025 07:20,4945.09
30/10/2025 07:25,4627.42
30/10/2025 07:30,4803.29
30/10/2025 07:35,4648.93
30/10/2025 07:40,4875.19
30/10/2025 07:45,4731.24
30/10/2025 07:50,4543.45
30/10/2025 07:55,4878.28
30/10/2025 08:00,4702.5
30/10/2025 08:05,4823.04
30/10/2025 08:10,4804.18
30/10/2025 08:15,4996.33
30/10/2025 08:20,4767.12
30/10/2025 08:25,4734.58
30/10/2025 08:30,4803.83
30/10/2025 08:35,4537.94
30/10/2025 08:40,5016.56
30/10/2025 08:45,4999.89
30/10/2025 08:50,4865.08
30/10/2025 08:55,5171.42
30/10/2025 09:00,5655.45
30/10/2025 09:05,5728.91
30/10/2025 09:10,5580.82
30/10/2025 09:15,5636.76
30/10/2025 09:20,5593.7
30/10/2025 09:25,5724.12
30/10/2025 09:30,5621.32
30/10/2025 09:35,5960.04
30/10/2025 09:40,5892.36
30/10/2025 09:45,5789.68
30/10/2025 09:50,5602.01
30/10/2025 09:55,5810.2
30/10/2025 10:00,5507.67
30/10/2025 10:05,5735.2
30/10/2025 10:10,5716.54
30/10/2025 10:15,5600.62
30/10/2025 10:20,5441.47
30/10/2025 10:25,5636.9
30/10/2025 10:30,5496.4
30/10/2025 10:35,5772.23
30/10/2025 10:40,5534.38
30/10/2025 10:45,5493.16
30/10/2025 10:50,5799.86
30/10/2025 10:55,5807.36
30/10/2025 11:00,5830.02
30/10/2025 11:05,5532.83
30/10/2025 11:10,5906.25
30/10/2025 11:15,5420.39
30/10/2025 11:20,5693.83
30/10/2025 11:25,5432.98
30/10/2025 11:30,5700.55
30/10/2025 11:35,5563.55
30/10/2025 11:40,5546.57
30/10/2025 11:45,5466.95
30/10/2025 11:50,5362.7
30/10/2025 11:55,5554.56
30/10/2025 12:00,5324.71
30/10/2025 12:05,5049.6
30/10/2025 12:10,5087.53
30/10/2025 12:15,5009.68
30/10/2025 12:20,5440.61
30/10/2025 12:25,5274.61
30/10/2025 12:30,5194.46
30/10/2025 12:35,5166.25
30/10/2025 12:40,5258.84
30/10/2025 12:45,4918.8
30/10/2025 12:50,5338.38
30/10/2025 12:55,5064.46
30/10/2025 13:00,5216.33
30/10/2025 13:05,5280.2
30/10/2025 13:10,5234.39
30/10/2025 13:15,5243.99
30/10/2025 13:20,4945.98
30/10/2025 13:25,4918.83
30/10/2025 13:30,4874.04
30/10/2025 13:35,4994.68
30/10/2025 13:40,5487.92
30/10/2025 13:45,4884.45
30/10/2025 13:50,5155.63
30/10/2025 13:55,5170.82
30/10/2025 14:00,5166.91
30/10/2025 14:05,4998.49
30/10/2025 14:10,5021.14
30/10/2025 14:15,5190.9
30/10/2025 14:20,5133.3
30/10/2025 14:25,5110.68
30/10/2025 14:30,5055.53
30/10/2025 14:35,4878.11
30/10/2025 14:40,4916.36
30/10/2025 14:45,5151.54
30/10/2025 14:50,4870.94
30/10/2025 14:55,5016.44
30/10/2025 15:00,4833.27
30/10/2025 15:05,4893.44
30/10/2025 15:10,4811.11
30/10/2025 15:15,5071.69
30/10/2025 15:20,5055.81
30/10/2025 15:25,4908.22
30/10/2025 15:30,5061.63
30/10/2025 15:35,5044.18
30/10/2025 15:40,5147.66
30/10/2025 15:45,5211.24
30/10/2025 15:50,5428.03
30/10/2025 15:55,5327.54
30/10/2025 16:00,5264.96
30/10/2025 16:05,5063.29
30/10/2025 16:10,5329.87
30/10/2025 16:15,5389.1
30/10/2025 16:20,5014.59
30/10/2025 16:25,5579.57
30/10/2025 16:30,5264.64
30/10/2025 16:35,5311.22
30/10/2025 16:40,5497.09
30/10/2025 16:45,5305.82
30/10/2025 16:50,5496.21
30/10/2025 16:55,5529.69
30/10/2025 17:00,5449.27
30/10/2025 17:05,5649.27
30/10/2025 17:10,5482.25
30/10/2025 17:15,5710.33
30/10/2025 17:20,5726.13
30/10/2025 17:25,5684.26
30/10/2025 17:30,5929.14
30/10/2025 17:35,5707.28
30/10/2025 17:40,5585.94
30/10/2025 17:45,5607.64
30/10/2025 17:50,5877.75
30/10/2025 17:55,5659.4
30/10/2025 18:00,5928.74
30/10/2025 18:05,5958.52
30/10/2025 18:10,5846.22
30/10/2025 18:15,5961.26
30/10/2025 18:20,5985.25
30/10/2025 18:25,6103.73
30/10/2025 18:30,5997.99
30/10/2025 18:35,5806.86
30/10/2025 18:40,5985.11
30/10/2025 18:45,6023.1
30/10/2025 18:50,6079.17
30/10/2025 18:55,5909.76
30/10/2025 19:00,6029.15
30/10/2025 19:05,6123.33
30/10/2025 19:10,5895.12
30/10/2025 19:15,6220.96
30/10/2025 19:20,5965.79
30/10/2025 19:25,6149.4
30/10/2025 19:30,6232.52
30/10/2025 19:35,6408.27
30/10/2025 19:40,6226.81
30/10/2025 19:45,6167.68
30/10/2025 19:50,5972.79
30/10/2025 19:55,6087.44
30/10/2025 20:00,6026.07
30/10/2025 20:05,6568.29
30/10/2025 20:10,6328.13
30/10/2025 20:15,6273.73
30/10/2025 20:20,6167.45
30/10/2025 20:25,5989.76
30/10/2025 20:30,6175.91
30/10/2025 20:35,6289.21
30/10/2025 20:40,6027.15
30/10/2025 20:45,6167.1
30/10/2025 20:50,5858.43
30/10/2025 20:55,6198.71
30/10/2025 21:00,6060.29
30/10/2025 21:05,6081.01
30/10/2025 21:10,6007.5
30/10/2025 21:15,6160.71
30/10/2025 21:20,6461.4
30/10/2025 21:25,6445.0
30/10/2025 21:30,6003.18
30/10/2025 21:35,5427.89
30/10/2025 21:40,6031.35
30/10/2025 21:45,6002.23
30/10/2025 21:50,6327.46
30/10/2025 21:55,5802.47
30/10/2025 22:00,5528.07
30/10/2025 22:05,5278.52
30/10/2025 22:10,5560.4
30/10/2025 22:15,5294.97
30/10/2025 22:20,5238.74
30/10/2025 22:25,5127.81
30/10/2025 22:30,5203.48
30/10/2025 22:35,5043.26
30/10/2025 22:40,5331.54
30/10/2025 22:45,5199.6
30/10/2025 22:50,5239.31
30/10/2025 22:55,5139.17
30/10/2025 23:00,4842.54
30/10/2025 23:05,5145.05
30/10/2025 23:10,5128.83
30/10/2025 23:15,4829.12
30/10/2025 23:20,5071.54
30/10/2025 23:25,4818.27
30/10/2025 23:30,5108.19
30/10/2025 23:35,4893.39
30/10/2025 23:40,4992.54
30/10/2025 23:45,4773.7
30/10/2025 23:50,4598.26
30/10/2025 23:55,4770.3
31/10/2025 00:00,5215.37
31/10/2025 00:05,5210.11
31/10/2025 00:10,5074.11
31/10/2025 00:15,5108.24
31/10/2025 00:20,5249.66
31/10/2025 00:25,4893.0
31/10/2025 00:30,5253.98
31/10/2025 00:35,5162.61
31/10/2025 00:40,5324.01
31/10/2025 00:45,5165.71
31/10/2025 00:50,5231.13
31/10/2025 00:55,5195.3
31/10/2025 01:00,4915.26
31/10/2025 01:05,5180.15
31/10/2025 01:10,5085.41
31/10/2025 01:15,5146.41
31/10/2025 01:20,5160.45
31/10/2025 01:25,4900.19
31/10/2025 01:30,5108.95
31/10/2025 01:35,5225.03
31/10/2025 01:40,4816.2
31/10/2025 01:45,4907.28
31/10/2025 01:50,5245.91
31/10/2025 01:55,5040.4
31/10/2025 02:00,3542.48
31/10/2025 02:05,3603.5
31/10/2025 02:10,3625.35
31/10/2025 02:15,3738.69
31/10/2025 02:20,3467.28
31/10/2025 02:25,3533.61
31/10/2025 02:30,3789.89
31/10/2025 02:35,3859.63
31/10/2025 02:40,3458.43
31/10/2025 02:45,3519.92
31/10/2025 02:50,3892.52
31/10/2025 02:55,3612.8
31/10/2025 03:00,3752.66
31/10/2025 03:05,3455.15
31/10/2025 03:10,3764.98
31/10/2025 03:15,3801.12
31/10/2025 03:20,3608.04
31/10/2025 03:25,3704.57
31/10/2025 03:30,3611.25
31/10/2025 03:35,3849.25
31/10/2025 03:40,3698.3
31/10/2025 03:45,3860.98
31/10/2025 03:50,3762.67
31/10/2025 03:55,3808.49
31/10/2025 04:00,3725.73
31/10/2025 04:05,4010.68
31/10/2025 04:10,3718.7
31/10/2025 04:15,3550.39
31/10/2025 04:20,3611.81
31/10/2025 04:25,3708.04
31/10/2025 04:30,3640.12
31/10/2025 04:35,3897.34
31/10/2025 04:40,3631.46
31/10/2025 04:45,4081.77
31/10/2025 04:50,3683.31
31/10/2025 04:55,3850.13
31/10/2025 05:00,4062.96
31/10/2025 05:05,4004.13
31/10/2025 05:10,4474.41
31/10/2025 05:15,4415.73
31/10/2025 05:20,4311.47
31/10/2025 05:25,4227.43
31/10/2025 05:30,4460.22
31/10/2025 05:35,4238.29
31/10/2025 05:40,4276.36
31/10/2025 05:45,4313.14
31/10/2025 05:50,4417.61
31/10/2025 05:55,4258.63
31/10/2025 06:00,4389.2
31/10/2025 06:05,4364.16
31/10/2025 06:10,4530.21
31/10/2025 06:15,4582.24
31/10/2025 06:20,4623.02
31/10/2025 06:25,4546.0
31/10/2025 06:30,4198.81
31/10/2025 06:35,4555.41
31/10/2025 06:40,4567.37
31/10/2025 06:45,4620.91
31/10/2025 06:50,4364.18
31/10/2025 06:55,4435.44
31/10/2025 07:00,4612.01
31/10/2025 07:05,4783.89
31/10/2025 07:10,4500.56
31/10/2025 07:15,4443.83
31/10/2025 07:20,4812.5
31/10/2025 07:25,4776.37
31/10/2025 07:30,4649.28
31/10/2025 07:35,4767.81
31/10/2025 07:40,4517.92
31/10/2025 07:45,4705.07
31/10/2025 07:50,4800.54
31/10/2025 07:55,4703.71
31/10/2025 08:00,4641.57
31/10/2025 08:05,4941.42
31/10/2025 08:10,4774.63
31/10/2025 08:15,5015.8
31/10/2025 08:20,4814.13
31/10/2025 08:25,4808.51
31/10/2025 08:30,4992.0
31/10/2025 08:35,4786.83
31/10/2025 08:40,5005.32
31/10/2025 08:45,5149.5
31/10/2025 08:50,4937.69
31/10/2025 08:55,5235.34
31/10/2025 09:00,5624.4
31/10/2025 09:05,5495.94
31/10/2025 09:10,5059.22
31/10/2025 09:15,5640.9
31/10/2025 09:20,5743.49
31/10/2025 09:25,5536.89
31/10/2025 09:30,5729.13
31/10/2025 09:35,5588.31
31/10/2025 09:40,5656.0
31/10/2025 09:45,5856.95
31/10/2025 09:50,5753.0
31/10/2025 09:55,5590.59
31/10/2025 10:00,5572.75
31/10/2025 10:05,5675.4
31/10/2025 10:10,5712.33
31/10/2025 10:15,5386.5
31/10/2025 10:20,5705.05
31/10/2025 10:25,5904.52
31/10/2025 10:30,5666.46
31/10/2025 10:35,5652.36
31/10/2025 10:40,5656.41
31/10/2025 10:45,5496.13
31/10/2025 10:50,5656.06
31/10/2025 10:55,5639.8
31/10/2025 11:00,5523.85
31/10/2025 11:05,5661.1
31/10/2025 11:10,5654.67
31/10/2025 11:15,5690.67
31/10/2025 11:20,5633.7
31/10/2025 11:25,5622.47
31/10/2025 11:30,5807.61
31/10/2025 11:35,5455.4
31/10/2025 11:40,5860.6
31/10/2025 11:45,5290.27
31/10/2025 11:50,5597.94
31/10/2025 11:55,5589.82
31/10/2025 12:00,4898.16
31/10/2025 12:05,5302.92
31/10/2025 12:10,5190.97
31/10/2025 12:15,5150.18
31/10/2025 12:20,5042.82
31/10/2025 12:25,5180.97
31/10/2025 12:30,5187.23
31/10/2025 12:35,5045.33
31/10/2025 12:40,5074.1
31/10/2025 12:45,5185.62
31/10/2025 12:50,5333.7
31/10/2025 12:55,4924.56
31/10/2025 13:00,4777.96
31/10/2025 13:05,5162.56
31/10/2025 13:10,5157.88
31/10/2025 13:15,4855.51
31/10/2025 13:20,5031.97
31/10/2025 13:25,4821.95
31/10/2025 13:30,4930.24
31/10/2025 13:35,5048.75
31/10/2025 13:40,4842.33
31/10/2025 13:45,4867.94
31/10/2025 13:50,5031.11
31/10/2025 13:55,5303.38
31/10/2025 14:00,4860.55
31/10/2025 14:05,4893.59
31/10/2025 14:10,4813.88
31/10/2025 14:15,4830.28
31/10/2025 14:20,5080.97
31/10/2025 14:25,4784.45
31/10/2025 14:30,5162.86
31/10/2025 14:35,4917.43
31/10/2025 14:40,4894.11
31/10/2025 14:45,5022.19
31/10/2025 14:50,4719.07
31/10/2025 14:55,5088.87
31/10/2025 15:00,4563.71
31/10/2025 15:05,4981.86
31/10/2025 15:10,5012.97
31/10/2025 15:15,5032.2
31/10/2025 15:20,5101.9
31/10/2025 15:25,4817.22
31/10/2025 15:30,5121.75
31/10/2025 15:35,5334.99
31/10/2025 15:40,5131.18
31/10/2025 15:45,5399.37
31/10/2025 15:50,5198.06
31/10/2025 15:55,5259.85
31/10/2025 16:00,5213.97
31/10/2025 16:05,5052.71
31/10/2025 16:10,5365.19
31/10/2025 16:15,5439.56
31/10/2025 16:20,5466.69
31/10/2025 16:25,5413.68
31/10/2025 16:30,5323.48
31/10/2025 16:35,5390.14
31/10/2025 16:40,5138.33
31/10/2025 16:45,5662.72
31/10/2025 16:50,5395.06
31/10/2025 16:55,5604.0
31/10/2025 17:00,5479.86
31/10/2025 17:05,5723.05
31/10/2025 17:10,5538.52
31/10/2025 17:15,5287.97
31/10/2025 17:20,5391.14
31/10/2025 17:25,5714.64
31/10/2025 17:30,5536.45
31/10/2025 17:35,5746.99
31/10/2025 17:40,5650.47
31/10/2025 17:45,5694.59
31/10/2025 17:50,5847.0
31/10/2025 17:55,5317.42
31/10/2025 18:00,5747.11
31/10/2025 18:05,6141.51
31/10/2025 18:10,6036.73
31/10/2025 18:15,6263.54
31/10/2025 18:20,6093.07
31/10/2025 18:25,6070.63
31/10/2025 18:30,6279.71
31/10/2025 18:35,6093.4
31/10/2025 18:40,6026.79
31/10/2025 18:45,5931.32
31/10/2025 18:50,6315.59
31/10/2025 18:55,6278.97
31/10/2025 19:00,6123.44
31/10/2025 19:05,6444.63
31/10/2025 19:10,6024.94
31/10/2025 19:15,6114.36
31/10/2025 19:20,5958.93
31/10/2025 19:25,6250.8
31/10/2025 19:30,6062.71
31/10/2025 19:35,6233.3
31/10/2025 19:40,6146.96
31/10/2025 19:45,6146.52
31/10/2025 19:50,6249.68
31/10/2025 19:55,6269.27
31/10/2025 20:00,6269.92
31/10/2025 20:05,6503.78
31/10/2025 20:10,6192.55
31/10/2025 20:15,6054.44
31/10/2025 20:20,6242.99
31/10/2025 20:25,6120.13
31/10/2025 20:30,5965.17
31/10/2025 20:35,6093.75
31/10/2025 20:40,6136.42
31/10/2025 20:45,6289.06
31/10/2025 20:50,6084.29
31/10/2025 20:55,6034.05
31/10/2025 21:00,6136.87
31/10/2025 21:05,5993.96
31/10/2025 21:10,6097.61
31/10/2025 21:15,6129.25
31/10/2025 21:20,6059.47
31/10/2025 21:25,6132.43
31/10/2025 21:30,5804.18
31/10/2025 21:35,6055.17
31/10/2025 21:40,5967.76
31/10/2025 21:45,6157.84
31/10/2025 21:50,6001.91
31/10/2025 21:55,6065.51
31/10/2025 22:00,5531.9
31/10/2025 22:05,5413.17
31/10/2025 22:10,5510.22
31/10/2025 22:15,5291.72
31/10/2025 22:20,5201.18
31/10/2025 22:25,5476.01
31/10/2025 22:30,5367.77
31/10/2025 22:35,5364.41
31/10/2025 22:40,5180.76
31/10/2025 22:45,5246.58
31/10/2025 22:50,5085.67
31/10/2025 22:55,5081.45
31/10/2025 23:00,4827.2
31/10/2025 23:05,5086.07
31/10/2025 23:10,4957.73
31/10/2025 23:15,5190.26
31/10/2025 23:20,4848.26
31/10/2025 23:25,5200.8
31/10/2025 23:30,4730.34
31/10/2025 23:35,4872.82
31/10/2025 23:40,4953.19
31/10/2025 23:45,4767.56
31/10/2025 23:50,4685.1
31/10/2025 23:55,4630.55
01/11/2025 00:00,5056.62
01/11/2025 00:05,4883.23
01/11/2025 00:10,4773.26
01/11/2025 00:15,4786.98
01/11/2025 00:20,4845.99
01/11/2025 00:25,4723.11
01/11/2025 00:30,4552.32
01/11/2025 00:35,4706.62
01/11/2025 00:40,4773.14
01/11/2025 00:45,4593.39
01/11/2025 00:50,4835.67
01/11/2025 00:55,4442.97
01/11/2025 01:00,4725.64
01/11/2025 01:05,4755.68
01/11/2025 01:10,4679.48
01/11/2025 01:15,4794.12
01/11/2025 01:20,4854.59
01/11/2025 01:25,4774.39
01/11/2025 01:30,4771.66
01/11/2025 01:35,4868.7
01/11/2025 01:40,4797.91
01/11/2025 01:45,4808.8
01/11/2025 01:50,4863.65
01/11/2025 01:55,4823.67
01/11/2025 02:00,3218.71
01/11/2025 02:05,3442.66
01/11/2025 02:10,3226.98
01/11/2025 02:15,3450.62
01/11/2025 02:20,3446.64
01/11/2025 02:25,3400.12
01/11/2025 02:30,3342.59
01/11/2025 02:35,3426.48
01/11/2025 02:40,3544.98
01/11/2025 02:45,3553.02
01/11/2025 02:50,3319.96
01/11/2025 02:55,3252.51
01/11/2025 03:00,3394.95
01/11/2025 03:05,3269.4
01/11/2025 03:10,3391.6
01/11/2025 03:15,3514.1
01/11/2025 03:20,3486.04
01/11/2025 03:25,3558.7
01/11/2025 03:30,3239.61
01/11/2025 03:35,3433.89
01/11/2025 03:40,3559.81
01/11/2025 03:45,3349.86
01/11/2025 03:50,3085.25
01/11/2025 03:55,2966.29
01/11/2025 04:00,3245.27
01/11/2025 04:05,3327.67
01/11/2025 04:10,3281.91
01/11/2025 04:15,3180.98
01/11/2025 04:20,3531.0
01/11/2025 04:25,3473.15
01/11/2025 04:30,3410.54
01/11/2025 04:35,3102.03
01/11/2025 04:40,3441.41
01/11/2025 04:45,3438.96
01/11/2025 04:50,3233.06
01/11/2025 04:55,3496.37
01/11/2025 05:00,3802.64
01/11/2025 05:05,3875.23
01/11/2025 05:10,3805.36
01/11/2025 05:15,3795.57
01/11/2025 05:20,4020.38
01/11/2025 05:25,3979.71
01/11/2025 05:30,4082.57
01/11/2025 05:35,4001.45
01/11/2025 05:40,4331.02
01/11/2025 05:45,4293.18
01/11/2025 05:50,4237.02
01/11/2025 05:55,4199.93
01/11/2025 06:00,4075.78
01/11/2025 06:05,4011.49
01/11/2025 06:10,3976.83
01/11/2025 06:15,4261.66
01/11/2025 06:20,4169.93
01/11/2025 06:25,4315.47
01/11/2025 06:30,4239.08
01/11/2025 06:35,4304.38
01/11/2025 06:40,4477.84
01/11/2025 06:45,4483.48
01/11/2025 06:50,4218.22
01/11/2025 06:55,4223.08
01/11/2025 07:00,4256.15
01/11/2025 07:05,4206.48
01/11/2025 07:10,4552.66
01/11/2025 07:15,4221.65
01/11/2025 07:20,4285.9
01/11/2025 07:25,4394.83
01/11/2025 07:30,4316.13
01/11/2025 07:35,4420.32
01/11/2025 07:40,4357.25
01/11/2025 07:45,4432.44
01/11/2025 07:50,4422.1
01/11/2025 07:55,4453.74
01/11/2025 08:00,4516.1
01/11/2025 08:05,4547.1
01/11/2025 08:10,4638.59
01/11/2025 08:15,4442.37
01/11/2025 08:20,4733.36
01/11/2025 08:25,4551.33
01/11/2025 08:30,4382.64
01/11/2025 08:35,4049.71
01/11/2025 08:40,4572.35
01/11/2025 08:45,4445.42
01/11/2025 08:50,4613.75
01/11/2025 08:55,5007.72
01/11/2025 09:00,5186.85
01/11/2025 09:05,5240.71
01/11/2025 09:10,4925.6
01/11/2025 09:15,5313.77
01/11/2025 09:20,5229.77
01/11/2025 09:25,4986.24
01/11/2025 09:30,5409.39
01/11/2025 09:35,5307.6
01/11/2025 09:40,5241.52
01/11/2025 09:45,5646.27
01/11/2025 09:50,5377.38
01/11/2025 09:55,5192.73
01/11/2025 10:00,5501.29
01/11/2025 10:05,5570.15
01/11/2025 10:10,5559.92
01/11/2025 10:15,5501.9
01/11/2025 10:20,5188.06
01/11/2025 10:25,5478.96
01/11/2025 10:30,5362.13
01/11/2025 10:35,5374.22
01/11/2025 10:40,5368.21
01/11/2025 10:45,5327.16
01/11/2025 10:50,5538.03
01/11/2025 10:55,5235.37
01/11/2025 11:00,5694.36
01/11/2025 11:05,5468.58
01/11/2025 11:10,5434.43
01/11/2025 11:15,5338.66
01/11/2025 11:20,5545.4
01/11/2025 11:25,5194.01
01/11/2025 11:30,5272.55
01/11/2025 11:35,5158.75
01/11/2025 11:40,5291.44
01/11/2025 11:45,5417.52
01/11/2025 11:50,5264.3
01/11/2025 11:55,5029.87
01/11/2025 12:00,4906.11
01/11/2025 12:05,4730.92
01/11/2025 12:10,5073.6
01/11/2025 12:15,4933.95
01/11/2025 12:20,4750.56
01/11/2025 12:25,4834.01
01/11/2025 12:30,5124.44
01/11/2025 12:35,4890.2
01/11/2025 12:40,4697.41
01/11/2025 12:45,4793.15
01/11/2025 12:50,4922.3
01/11/2025 12:55,4864.67
01/11/2025 13:00,4801.64
01/11/2025 13:05,4748.43
01/11/2025 13:10,4878.32
01/11/2025 13:15,4384.41
01/11/2025 13:20,4789.91
01/11/2025 13:25,4835.75
01/11/2025 13:30,4792.23
01/11/2025 13:35,5038.09
01/11/2025 13:40,4632.78
01/11/2025 13:45,4825.57
01/11/2025 13:50,4538.47
01/11/2025 13:55,4882.3
01/11/2025 14:00,4807.7
01/11/2025 14:05,4632.06
01/11/2025 14:10,4793.05
01/11/2025 14:15,4436.88
01/11/2025 14:20,4875.07
01/11/2025 14:25,4538.47
01/11/2025 14:30,4790.09
01/11/2025 14:35,4607.06
01/11/2025 14:40,4646.57
01/11/2025 14:45,4580.6
01/11/2025 14:50,4451.04
01/11/2025 14:55,4776.39
01/11/2025 15:00,4485.31
01/11/2025 15:05,4501.98
01/11/2025 15:10,4526.53
01/11/2025 15:15,4438.88
01/11/2025 15:20,4658.14
01/11/2025 15:25,4844.45
01/11/2025 15:30,4723.69
01/11/2025 15:35,4792.82
01/11/2025 15:40,4859.66
01/11/2025 15:45,4602.05
01/11/2025 15:50,4905.71
01/11/2025 15:55,4832.03
01/11/2025 16:00,4836.88
01/11/2025 16:05,5035.31
01/11/2025 16:10,5332.88
01/11/2025 16:15,5058.34
01/11/2025 16:20,4766.75
01/11/2025 16:25,5059.59
01/11/2025 16:30,4920.06
01/11/2025 16:35,4860.92
01/11/2025 16:40,5228.9
01/11/2025 16:45,5224.66
01/11/2025 16:50,5183.53
01/11/2025 16:55,5106.54
01/11/2025 17:00,5084.28
01/11/2025 17:05,5308.4
01/11/2025 17:10,5063.13
01/11/2025 17:15,5569.99
01/11/2025 17:20,5227.59
01/11/2025 17:25,5021.98
01/11/2025 17:30,5408.82
01/11/2025 17:35,5121.33
01/11/2025 17:40,5452.61
01/11/2025 17:45,5238.6
01/11/2025 17:50,5519.01
01/11/2025 17:55,5225.08
01/11/2025 18:00,5769.06
01/11/2025 18:05,5525.61
01/11/2025 18:10,5651.02
01/11/2025 18:15,5663.07
01/11/2025 18:20,5703.75
01/11/2025 18:25,5610.52
01/11/2025 18:30,5563.94
01/11/2025 18:35,5641.18
01/11/2025 18:40,5941.63
01/11/2025 18:45,5802.53
01/11/2025 18:50,5794.79
01/11/2025 18:55,5725.03
01/11/2025 19:00,5787.21
01/11/2025 19:05,5636.73
01/11/2025 19:10,5601.44
01/11/2025 19:15,5912.16
01/11/2025 19:20,5681.19
01/11/2025 19:25,5847.89
01/11/2025 19:30,5868.47
01/11/2025 19:35,5807.35
01/11/2025 19:40,6097.36
01/11/2025 19:45,5933.41
01/11/2025 19:50,5602.53
01/11/2025 19:55,5838.92
01/11/2025 20:00,5971.72
01/11/2025 20:05,6056.55
01/11/2025 20:10,5996.92
01/11/2025 20:15,5838.93
01/11/2025 20:20,5929.02
01/11/2025 20:25,5784.34
01/11/2025 20:30,5917.52
01/11/2025 20:35,6032.9
01/11/2025 20:40,5714.6
01/11/2025 20:45,5892.81
01/11/2025 20:50,5771.73
01/11/2025 20:55,5846.01
01/11/2025 21:00,5754.39
01/11/2025 21:05,5806.59
01/11/2025 21:10,5900.26
01/11/2025 21:15,5738.7
01/11/2025 21:20,5946.96
01/11/2025 21:25,5675.76
01/11/2025 21:30,5395.45
01/11/2025 21:35,5523.29
01/11/2025 21:40,5554.55
01/11/2025 21:45,5488.72
01/11/2025 21:50,5825.58
01/11/2025 21:55,5401.46
01/11/2025 22:00,5076.7
01/11/2025 22:05,5067.96
01/11/2025 22:10,5051.26
01/11/2025 22:15,4861.06
01/11/2025 22:20,5137.85
01/11/2025 22:25,4984.45
01/11/2025 22:30,4775.49
01/11/2025 22:35,4934.55
01/11/2025 22:40,5068.73
01/11/2025 22:45,4806.66
01/11/2025 22:50,4972.73
01/11/2025 22:55,4835.09
01/11/2025 23:00,4721.27
01/11/2025 23:05,4627.53
01/11/2025 23:10,4527.7
01/11/2025 23:15,4819.52
01/11/2025 23:20,4870.65
01/11/2025 23:25,4132.7
01/11/2025 23:30,4702.9
01/11/2025 23:35,4779.46
01/11/2025 23:40,4494.3
01/11/2025 23:45,4428.95
01/11/2025 23:50,4489.96
01/11/2025 23:55,4443.5
02/11/2025 00:00,4530.78
02/11/2025 00:05,5019.09
02/11/2025 00:10,4602.39
02/11/2025 00:15,4841.18
02/11/2025 00:20,4747.96
02/11/2025 00:25,4639.96
02/11/2025 00:30,4841.64
02/11/2025 00:35,4818.61
02/11/2025 00:40,4935.16
02/11/2025 00:45,4924.67
02/11/2025 00:50,4820.1
02/11/2025 00:55,4689.54
02/11/2025 01:00,5251.67
02/11/2025 01:05,4667.09
02/11/2025 01:10,4540.62
02/11/2025 01:15,4838.42
02/11/2025 01:20,4868.39
02/11/2025 01:25,4749.96
02/11/2025 01:30,4759.01
02/11/2025 01:35,4721.89
02/11/2025 01:40,4716.85
02/11/2025 01:45,4987.28
02/11/2025 01:50,4546.7
02/11/2025 01:55,4706.16
02/11/2025 02:00,3739.6
02/11/2025 02:05,3426.13
02/11/2025 02:10,3479.55
02/11/2025 02:15,3280.04
02/11/2025 02:20,3113.66
02/11/2025 02:25,3515.05
02/11/2025 02:30,3513.25
02/11/2025 02:35,3697.0
02/11/2025 02:40,3410.48
02/11/2025 02:45,3179.42
02/11/2025 02:50,3391.06
02/11/2025 02:55,3355.69
02/11/2025 03:00,3450.6
02/11/2025 03:05,3649.85
02/11/2025 03:10,3412.66
02/11/2025 03:15,3554.56
02/11/2025 03:20,3463.95
02/11/2025 03:25,3160.21
02/11/2025 03:30,3097.91
02/11/2025 03:35,3207.53
02/11/2025 03:40,3395.2
02/11/2025 03:45,3339.89
02/11/2025 03:50,3472.93
02/11/2025 03:55,3113.3
02/11/2025 04:00,3525.81
02/11/2025 04:05,3363.38
02/11/2025 04:10,3665.67
02/11/2025 04:15,3443.35
02/11/2025 04:20,3369.85
02/11/2025 04:25,3423.66
02/11/2025 04:30,3389.23
02/11/2025 04:35,3556.0
02/11/2025 04:40,3387.49
02/11/2025 04:45,3299.12
02/11/2025 04:50,3457.86
02/11/2025 04:55,3334.26
02/11/2025 05:00,3627.15
02/11/2025 05:05,3700.53
02/11/2025 05:10,3825.15
02/11/2025 05:15,4024.57
02/11/2025 05:20,3746.52
02/11/2025 05:25,4080.31
02/11/2025 05:30,3919.88
02/11/2025 05:35,4080.1
02/11/2025 05:40,3959.92
02/11/2025 05:45,3854.75
02/11/2025 05:50,4278.21
02/11/2025 05:55,4133.75
02/11/2025 06:00,4262.88
02/11/2025 06:05,4168.36
02/11/2025 06:10,4174.52
02/11/2025 06:15,3999.63
02/11/2025 06:20,4161.34
02/11/2025 06:25,4170.52
02/11/2025 06:30,3970.71
02/11/2025 06:35,4113.88
02/11/2025 06:40,4256.93
02/11/2025 06:45,4004.82
02/11/2025 06:50,4285.0
02/11/2025 06:55,4279.16
02/11/2025 07:00,4270.45
02/11/2025 07:05,4262.7
02/11/2025 07:10,4090.77
02/11/2025 07:15,4414.44
02/11/2025 07:20,4299.77
02/11/2025 07:25,4491.75
02/11/2025 07:30,4393.79
02/11/2025 07:35,4283.81
02/11/2025 07:40,4538.01
02/11/2025 07:45,4258.7
02/11/2025 07:50,4554.2
02/11/2025 07:55,4460.04
02/11/2025 08:00,4229.79
02/11/2025 08:05,4542.97
02/11/2025 08:10,4549.88
02/11/2025 08:15,4586.3
02/11/2025 08:20,4767.98
02/11/2025 08:25,4731.08
02/11/2025 08:30,4459.89
02/11/2025 08:35,4604.47
02/11/2025 08:40,4973.39
02/11/2025 08:45,4617.21
02/11/2025 08:50,4857.77
02/11/2025 08:55,4546.48
02/11/2025 09:00,5258.2
02/11/2025 09:05,5512.75
02/11/2025 09:10,5340.9
02/11/2025 09:15,4925.84
02/11/2025 09:20,5324.39
02/11/2025 09:25,5245.24
02/11/2025 09:30,5149.53
02/11/2025 09:35,5149.56
02/11/2025 09:40,5224.77
02/11/2025 09:45,5336.95
02/11/2025 09:50,5351.33
02/11/2025 09:55,5369.02
02/11/2025 10:00,5426.72
02/11/2025 10:05,5301.91
02/11/2025 10:10,5510.73
02/11/2025 10:15,5536.4
02/11/2025 10:20,5269.47
02/11/2025 10:25,5209.18
02/11/2025 10:30,5432.02
02/11/2025 10:35,5392.25
02/11/2025 10:40,5484.66
02/11/2025 10:45,5321.47
02/11/2025 10:50,5535.43
02/11/2025 10:55,5486.04
02/11/2025 11:00,5505.01
02/11/2025 11:05,5619.01
02/11/2025 11:10,5421.97
02/11/2025 11:15,5621.3
02/11/2025 11:20,5146.71
02/11/2025 11:25,5703.48
02/11/2025 11:30,5072.39
02/11/2025 11:35,5286.07
02/11/2025 11:40,5122.65
02/11/2025 11:45,5232.99
02/11/2025 11:50,5322.61
02/11/2025 11:55,5333.9
02/11/2025 12:00,4699.48
02/11/2025 12:05,5115.78
02/11/2025 12:10,5017.59
02/11/2025 12:15,4896.26
02/11/2025 12:20,4571.66
02/11/2025 12:25,4878.81
02/11/2025 12:30,4645.53
02/11/2025 12:35,4890.78
02/11/2025 12:40,5158.2
02/11/2025 12:45,4588.1
02/11/2025 12:50,4803.12
02/11/2025 12:55,4954.01
02/11/2025 13:00,4886.58
02/11/2025 13:05,4715.45
02/11/2025 13:10,4944.94
02/11/2025 13:15,4704.29
02/11/2025 13:20,4885.15
02/11/2025 13:25,5031.06
02/11/2025 13:30,4925.24
02/11/2025 13:35,4730.72
02/11/2025 13:40,4474.02
02/11/2025 13:45,4758.97
02/11/2025 13:50,4662.85
02/11/2025 13:55,4743.21
02/11/2025 14:00,4676.59
02/11/2025 14:05,4782.03
02/11/2025 14:10,4809.85
02/11/2025 14:15,4716.48
02/11/2025 14:20,4585.18
02/11/2025 14:25,4715.02
02/11/2025 14:30,4735.59
02/11/2025 14:35,4565.79
02/11/2025 14:40,4506.98
02/11/2025 14:45,4694.72
02/11/2025 14:50,4600.38
02/11/2025 14:55,4693.41
02/11/2025 15:00,4487.15
02/11/2025 15:05,4656.08
02/11/2025 15:10,4671.82
02/11/2025 15:15,4613.44
02/11/2025 15:20,4780.2
02/11/2025 15:25,4650.04
02/11/2025 15:30,4789.34
02/11/2025 15:35,4917.43
02/11/2025 15:40,4711.9
02/11/2025 15:45,4623.67
02/11/2025 15:50,4902.05
02/11/2025 15:55,4818.97
02/11/2025 16:00,4801.53
02/11/2025 16:05,4991.59
02/11/2025 16:10,5151.45
02/11/2025 16:15,4855.82
02/11/2025 16:20,4850.42
02/11/2025 16:25,5050.5
02/11/2025 16:30,4951.32
02/11/2025 16:35,4926.55
02/11/2025 16:40,5197.04
02/11/2025 16:45,5279.22
02/11/2025 16:50,5349.89
02/11/2025 16:55,5202.79
02/11/2025 17:00,5066.92
02/11/2025 17:05,5206.45
02/11/2025 17:10,5321.71
02/11/2025 17:15,5320.35
02/11/2025 17:20,5351.28
02/11/2025 17:25,5044.72
02/11/2025 17:30,5163.08
02/11/2025 17:35,5300.88
02/11/2025 17:40,5180.63
02/11/2025 17:45,5306.69
02/11/2025 17:50,5269.8
02/11/2025 17:55,5387.34
02/11/2025 18:00,5565.68
02/11/2025 18:05,5540.72
02/11/2025 18:10,5678.06
02/11/2025 18:15,5746.55
02/11/2025 18:20,5337.1
02/11/2025 18:25,5675.29
02/11/2025 18:30,5664.33
02/11/2025 18:35,5824.18
02/11/2025 18:40,5527.31
02/11/2025 18:45,5811.42
02/11/2025 18:50,5646.84
02/11/2025 18:55,5976.24
02/11/2025 19:00,5803.07
02/11/2025 19:05,5593.23
02/11/2025 19:10,6085.06
02/11/2025 19:15,5776.87
02/11/2025 19:20,5931.98
02/11/2025 19:25,5978.46
02/11/2025 19:30,5819.57
02/11/2025 19:35,5981.3
02/11/2025 19:40,5904.39
02/11/2025 19:45,5911.08
02/11/2025 19:50,6238.32
02/11/2025 19:55,5998.2
02/11/2025 20:00,6036.86
02/11/2025 20:05,5862.38
02/11/2025 20:10,6062.34
02/11/2025 20:15,5862.76
02/11/2025 20:20,5881.39
02/11/2025 20:25,6022.47
02/11/2025 20:30,5824.26
02/11/2025 20:35,5961.0
02/11/2025 20:40,5835.64
02/11/2025 20:45,5873.31
02/11/2025 20:50,5972.35
02/11/2025 20:55,5889.33
02/11/2025 21:00,5473.95
02/11/2025 21:05,5870.21
02/11/2025 21:10,5714.35
02/11/2025 21:15,5636.97
02/11/2025 21:20,5831.96
02/11/2025 21:25,6059.65
02/11/2025 21:30,5909.08
02/11/2025 21:35,5680.12
02/11/2025 21:40,5847.86
02/11/2025 21:45,5683.65
02/11/2025 21:50,5626.39
02/11/2025 21:55,5480.86
02/11/2025 22:00,5217.59
02/11/2025 22:05,5225.39
02/11/2025 22:10,5072.06
02/11/2025 22:15,5020.64
02/11/2025 22:20,5255.21
02/11/2025 22:25,5090.59
02/11/2025 22:30,5065.89
02/11/2025 22:35,4825.35
02/11/2025 22:40,4822.85
02/11/2025 22:45,4999.91
02/11/2025 22:50,4739.92
02/11/2025 22:55,4919.34
02/11/2025 23:00,4689.62
02/11/2025 23:05,4712.66
02/11/2025 23:10,4790.39
02/11/2025 23:15,4537.52
02/11/2025 23:20,4444.08
02/11/2025 23:25,4452.57
02/11/2025 23:30,4722.72
02/11/2025 23:35,4599.45
02/11/2025 23:40,4476.05
02/11/2025 23:45,4598.6
02/11/2025 23:50,4543.74
02/11/2025 23:55,4361.52
03/11/2025 00:00,5378.06
03/11/2025 00:05,5445.28
03/11/2025 00:10,5393.83
03/11/2025 00:15,5116.43
03/11/2025 00:20,5406.71
03/11/2025 00:25,5195.35
03/11/2025 00:30,5561.26
03/11/2025 00:35,5149.69
03/11/2025 00:40,4965.58
03/11/2025 00:45,5327.8
03/11/2025 00:50,5023.49
03/11/2025 00:55,5257.75
03/11/2025 01:00,5353.9
03/11/2025 01:05,5109.46
03/11/2025 01:10,5242.98
03/11/2025 01:15,5304.93
03/11/2025 01:20,5304.06
03/11/2025 01:25,5067.6
03/11/2025 01:30,4871.72
03/11/2025 01:35,5461.44
03/11/2025 01:40,4903.53
03/11/2025 01:45,5015.81
03/11/2025 01:50,4825.04
03/11/2025 01:55,5294.28
03/11/2025 02:00,3726.82
03/11/2025 02:05,3954.36
03/11/2025 02:10,3949.28
03/11/2025 02:15,3783.29
03/11/2025 02:20,4029.11
03/11/2025 02:25,3805.51
03/11/2025 02:30,3628.92
03/11/2025 02:35,3795.33
03/11/2025 02:40,3725.42
03/11/2025 02:45,3740.55
03/11/2025 02:50,3792.33
03/11/2025 02:55,3743.74
03/11/2025 03:00,3858.63
03/11/2025 03:05,3620.25
03/11/2025 03:10,3759.49
03/11/2025 03:15,3914.78
03/11/2025 03:20,3742.85
03/11/2025 03:25,3748.09
03/11/2025 03:30,3761.74
03/11/2025 03:35,3921.12
03/11/2025 03:40,3644.52
03/11/2025 03:45,3907.83
03/11/2025 03:50,3625.94
03/11/2025 03:55,3776.97
03/11/2025 04:00,4053.16
03/11/2025 04:05,3899.14
03/11/2025 04:10,3688.43
03/11/2025 04:15,3687.2
03/11/2025 04:20,3781.71
03/11/2025 04:25,3815.02
03/11/2025 04:30,3667.46
03/11/2025 04:35,3865.98
03/11/2025 04:40,3755.41
03/11/2025 04:45,3404.58
03/11/2025 04:50,4010.39
03/11/2025 04:55,3733.52
03/11/2025 05:00,4646.56
03/11/2025 05:05,4319.14
03/11/2025 05:10,4457.53
03/11/2025 05:15,4356.91
03/11/2025 05:20,4434.18
03/11/2025 05:25,4393.27
03/11/2025 05:30,4226.27
03/11/2025 05:35,4507.77
03/11/2025 05:40,4205.35
03/11/2025 05:45,4543.58
03/11/2025 05:50,4580.75
03/11/2025 05:55,4507.41
03/11/2025 06:00,4475.67
03/11/2025 06:05,4527.77
03/11/2025 06:10,4551.81
03/11/2025 06:15,4626.08
03/11/2025 06:20,4474.27
03/11/2025 06:25,4773.76
03/11/2025 06:30,4658.9
03/11/2025 06:35,4494.5
03/11/2025 06:40,4759.61
03/11/2025 06:45,4582.96
03/11/2025 06:50,4835.98
03/11/2025 06:55,4806.66
03/11/2025 07:00,4668.3
03/11/2025 07:05,4656.85
03/11/2025 07:10,4719.52
03/11/2025 07:15,4511.62
03/11/2025 07:20,4756.33
03/11/2025 07:25,4728.57
03/11/2025 07:30,4661.26
03/11/2025 07:35,5013.83
03/11/2025 07:40,4848.61
03/11/2025 07:45,4885.72
03/11/2025 07:50,4944.75
03/11/2025 07:55,4795.16
03/11/2025 08:00,4832.82
03/11/2025 08:05,4953.56
03/11/2025 08:10,5064.75
03/11/2025 08:15,4886.07
03/11/2025 08:20,5119.79
03/11/2025 08:25,4967.87
03/11/2025 08:30,5015.02
03/11/2025 08:35,5146.81
03/11/2025 08:40,5238.42
03/11/2025 08:45,4940.02
03/11/2025 08:50,5108.23
03/11/2025 08:55,4997.41
03/11/2025 09:00,5703.3
03/11/2025 09:05,5524.93
03/11/2025 09:10,5416.52
03/11/2025 09:15,5722.0
03/11/2025 09:20,5657.47
03/11/2025 09:25,5612.87
03/11/2025 09:30,5779.55
03/11/2025 09:35,5735.82
03/11/2025 09:40,5725.12
03/11/2025 09:45,5579.6
03/11/2025 09:50,5920.48
03/11/2025 09:55,5889.72
03/11/2025 10:00,6037.86
03/11/2025 10:05,5597.28
03/11/2025 10:10,5712.7
03/11/2025 10:15,5703.67
03/11/2025 10:20,5636.06
03/11/2025 10:25,5644.76
03/11/2025 10:30,5445.18
03/11/2025 10:35,6046.77
03/11/2025 10:40,5630.8
03/11/2025 10:45,5798.39
03/11/2025 10:50,5876.31
03/11/2025 10:55,5694.8
03/11/2025 11:00,5710.4
03/11/2025 11:05,5722.04
03/11/2025 11:10,5693.04
03/11/2025 11:15,5563.97
03/11/2025 11:20,5604.42
03/11/2025 11:25,5774.95
03/11/2025 11:30,5655.59
03/11/2025 11:35,5772.65
03/11/2025 11:40,5601.05
03/11/2025 11:45,5631.26
03/11/2025 11:50,5515.61
03/11/2025 11:55,5383.45
03/11/2025 12:00,5225.63
03/11/2025 12:05,5193.24
03/11/2025 12:10,5319.16
03/11/2025 12:15,5381.34
03/11/2025 12:20,5335.62
03/11/2025 12:25,5405.15
03/11/2025 12:30,5162.4
03/11/2025 12:35,5256.33
03/11/2025 12:40,5347.68
03/11/2025 12:45,5013.51
03/11/2025 12:50,5016.31
03/11/2025 12:55,4968.76
03/11/2025 13:00,5263.37
03/11/2025 13:05,5362.32
03/11/2025 13:10,5520.0
03/11/2025 13:15,5247.38
03/11/2025 13:20,5328.77
03/11/2025 13:25,5128.77
03/11/2025 13:30,4993.31
03/11/2025 13:35,5037.44
03/11/2025 13:40,5078.23
03/11/2025 13:45,5153.53
03/11/2025 13:50,5138.33
03/11/2025 13:55,4996.07
03/11/2025 14:00,4832.22
03/11/2025 14:05,5000.45
03/11/2025 14:10,5004.27
03/11/2025 14:15,5021.2
03/11/2025 14:20,5203.34
03/11/2025 14:25,5164.97
03/11/2025 14:30,4827.67
03/11/2025 14:35,4963.42
03/11/2025 14:40,5043.12
03/11/2025 14:45,5297.52
03/11/2025 14:50,5008.87
03/11/2025 14:55,4654.13
03/11/2025 15:00,5095.92
03/11/2025 15:05,5195.28
03/11/2025 15:10,4754.16
03/11/2025 15:15,5083.24
03/11/2025 15:20,5101.76
03/11/2025 15:25,5183.68
03/11/2025 15:30,5072.1
03/11/2025 15:35,5171.01
03/11/2025 15:40,5113.2
03/11/2025 15:45,5351.55
03/11/2025 15:50,5433.91
03/11/2025 15:55,5342.56
03/11/2025 16:00,5258.24
03/11/2025 16:05,5111.41
03/11/2025 16:10,5408.32
03/11/2025 16:15,5501.87
03/11/2025 16:20,5314.38
03/11/2025 16:25,5498.92
03/11/2025 16:30,5512.27
03/11/2025 16:35,5232.36
03/11/2025 16:40,5431.76
03/11/2025 16:45,5662.12
03/11/2025 16:50,5519.15
03/11/2025 16:55,5642.96
03/11/2025 17:00,5623.84
03/11/2025 17:05,5816.01
03/11/2025 17:10,5857.07
03/11/2025 17:15,5659.52
03/11/2025 17:20,5784.67
03/11/2025 17:25,5969.38
03/11/2025 17:30,5659.65
03/11/2025 17:35,5618.79
03/11/2025 17:40,5666.15
03/11/2025 17:45,5652.18
03/11/2025 17:50,6040.1
03/11/2025 17:55,5801.09
03/11/2025 18:00,5992.91
03/11/2025 18:05,5849.14
03/11/2025 18:10,6033.8
03/11/2025 18:15,6281.15
03/11/2025 18:20,5887.91
03/11/2025 18:25,6033.88
03/11/2025 18:30,5789.1
03/11/2025 18:35,6178.79
03/11/2025 18:40,6372.63
03/11/2025 18:45,6208.67
03/11/2025 18:50,6166.63
03/11/2025 18:55,6169.34
03/11/2025 19:00,5998.65
03/11/2025 19:05,6215.86
03/11/2025 19:10,6339.5
03/11/2025 19:15,6147.47
03/11/2025 19:20,6392.12
03/11/2025 19:25,6201.69
03/11/2025 19:30,6250.39
03/11/2025 19:35,6364.34
03/11/2025 19:40,6433.13
03/11/2025 19:45,6351.23
03/11/2025 19:50,6255.24
03/11/2025 19:55,6294.96
03/11/2025 20:00,6201.28
03/11/2025 20:05,6164.88
03/11/2025 20:10,6114.01
03/11/2025 20:15,6342.09
03/11/2025 20:20,5983.77
03/11/2025 20:25,6417.45
03/11/2025 20:30,6129.59
03/11/2025 20:35,6172.25
03/11/2025 20:40,6068.07
03/11/2025 20:45,6244.24
03/11/2025 20:50,6066.01
03/11/2025 20:55,6118.64
03/11/2025 21:00,6411.24
03/11/2025 21:05,5920.8
03/11/2025 21:10,6122.68
03/11/2025 21:15,6217.25
03/11/2025 21:20,6112.86
03/11/2025 21:25,6499.66
03/11/2025 21:30,6059.73
03/11/2025 21:35,6203.52
03/11/2025 21:40,6057.82
03/11/2025 21:45,6311.28
03/11/2025 21:50,6022.6
03/11/2025 21:55,6141.91
03/11/2025 22:00,5205.7
03/11/2025 22:05,5512.75
03/11/2025 22:10,5717.0
03/11/2025 22:15,5791.52
03/11/2025 22:20,5101.74
03/11/2025 22:25,5469.82
03/11/2025 22:30,5349.52
03/11/2025 22:35,5207.62
03/11/2025 22:40,5091.03
03/11/2025 22:45,5605.61
03/11/2025 22:50,5264.61
03/11/2025 22:55,5302.98
03/11/2025 23:00,5245.12
03/11/2025 23:05,5003.66
03/11/2025 23:10,5184.39
03/11/2025 23:15,4840.84
03/11/2025 23:20,5264.55
03/11/2025 23:25,4942.56
03/11/2025 23:30,5055.7
03/11/2025 23:35,4830.39
03/11/2025 23:40,4705.04
03/11/2025 23:45,4922.51
03/11/2025 23:50,4808.4
03/11/2025 23:55,4621.62
04/11/2025 00:00,5087.21
04/11/2025 00:05,5358.97
04/11/2025 00:10,4944.35
04/11/2025 00:15,5206.27
04/11/2025 00:20,5081.84
04/11/2025 00:25,5524.73
04/11/2025 00:30,5120.6
04/11/2025 00:35,5051.03
04/11/2025 00:40,5006.21
04/11/2025 00:45,5185.11
04/11/2025 00:50,5267.38
04/11/2025 00:55,5171.77
04/11/2025 01:00,5206.27
04/11/2025 01:05,5152.52
04/11/2025 01:10,5246.13
04/11/2025 01:15,4826.72
04/11/2025 01:20,5120.64
04/11/2025 01:25,5230.51
04/11/2025 01:30,5310.59
04/11/2025 01:35,5399.2
04/11/2025 01:40,5182.34
04/11/2025 01:45,5243.5
04/11/2025 01:50,5505.19
04/11/2025 01:55,5560.18
04/11/2025 02:00,3829.77
04/11/2025 02:05,3709.77
04/11/2025 02:10,3666.77
04/11/2025 02:15,3903.72
04/11/2025 02:20,3903.2
04/11/2025 02:25,3634.79
04/11/2025 02:30,3690.49
04/11/2025 02:35,4055.86
04/11/2025 02:40,3709.74
04/11/2025 02:45,3863.98
04/11/2025 02:50,3700.43
04/11/2025 02:55,3790.9
04/11/2025 03:00,3869.48
04/11/2025 03:05,3613.74
04/11/2025 03:10,3814.63
04/11/2025 03:15,3989.64
04/11/2025 03:20,3697.95
04/11/2025 03:25,3963.0
04/11/2025 03:30,3948.37
04/11/2025 03:35,3840.37
04/11/2025 03:40,3895.3
04/11/2025 03:45,3678.65
04/11/2025 03:50,3805.83
04/11/2025 03:55,3708.98
04/11/2025 04:00,3789.68
04/11/2025 04:05,3817.76
04/11/2025 04:10,3801.18
04/11/2025 04:15,3739.84
04/11/2025 04:20,3609.93
04/11/2025 04:25,3808.6
04/11/2025 04:30,3998.05
04/11/2025 04:35,3848.88
04/11/2025 04:40,3973.96
04/11/2025 04:45,3731.92
04/11/2025 04:50,3687.48
04/11/2025 04:55,3626.19
04/11/2025 05:00,4377.56
04/11/2025 05:05,4396.74
04/11/2025 05:10,4287.22
04/11/2025 05:15,4125.6
04/11/2025 05:20,4231.13
04/11/2025 05:25,4346.52
04/11/2025 05:30,4495.06
04/11/2025 05:35,4276.9
04/11/2025 05:40,4155.76
04/11/2025 05:45,4516.43
04/11/2025 05:50,4290.8
04/11/2025 05:55,4247.94
04/11/2025 06:00,4601.82
04/11/2025 06:05,4535.31
04/11/2025 06:10,4386.42
04/11/2025 06:15,4200.93
04/11/2025 06:20,4843.91
04/11/2025 06:25,4628.85
04/11/2025 06:30,4630.57
04/11/2025 06:35,4569.91
04/11/2025 06:40,4607.97
04/11/2025 06:45,4648.29
04/11/2025 06:50,4754.76
04/11/2025 06:55,4618.63
04/11/2025 07:00,4913.4
04/11/2025 07:05,4852.48
04/11/2025 07:10,4951.86
04/11/2025 07:15,4634.01
04/11/2025 07:20,4740.12
04/11/2025 07:25,5162.89
04/11/2025 07:30,4596.79
04/11/2025 07:35,4743.08
04/11/2025 07:40,4660.89
04/11/2025 07:45,4675.0
04/11/2025 07:50,4823.07
04/11/2025 07:55,4829.87
04/11/2025 08:00,4822.13
04/11/2025 08:05,5178.18
04/11/2025 08:10,4740.76
04/11/2025 08:15,5043.96
04/11/2025 08:20,4955.03
04/11/2025 08:25,4845.73
04/11/2025 08:30,5283.8
04/11/2025 08:35,4970.01
04/11/2025 08:40,5507.27
04/11/2025 08:45,5200.96
04/11/2025 08:50,5239.88
04/11/2025 08:55,4890.12
04/11/2025 09:00,5481.86
04/11/2025 09:05,5581.27
04/11/2025 09:10,5867.95
04/11/2025 09:15,5674.26
04/11/2025 09:20,5622.92
04/11/2025 09:25,5718.11
04/11/2025 09:30,5889.75
04/11/2025 09:35,5724.89
04/11/2025 09:40,5857.39
04/11/2025 09:45,5518.77
04/11/2025 09:50,5647.98
04/11/2025 09:55,5738.37
04/11/2025 10:00,5736.8
04/11/2025 10:05,5646.11
04/11/2025 10:10,5822.78
04/11/2025 10:15,5904.69
04/11/2025 10:20,6005.95
04/11/2025 10:25,5713.71
04/11/2025 10:30,5849.82
04/11/2025 10:35,5620.61
04/11/2025 10:40,5844.5
04/11/2025 10:45,5955.58
04/11/2025 10:50,5693.71
04/11/2025 10:55,5797.84
04/11/2025 11:00,5918.68
04/11/2025 11:05,5966.17
04/11/2025 11:10,5682.36
04/11/2025 11:15,5985.79
04/11/2025 11:20,5737.7
04/11/2025 11:25,5786.08
04/11/2025 11:30,5495.56
04/11/2025 11:35,5614.38
04/11/2025 11:40,5747.22
04/11/2025 11:45,5397.57
04/11/2025 11:50,5658.79
04/11/2025 11:55,5723.05
04/11/2025 12:00,5247.24
04/11/2025 12:05,5551.07
04/11/2025 12:10,5133.55
04/11/2025 12:15,5293.67
04/11/2025 12:20,5116.15
04/11/2025 12:25,5302.62
04/11/2025 12:30,5199.0
04/11/2025 12:35,5340.81
04/11/2025 12:40,5154.53
04/11/2025 12:45,5192.99
04/11/2025 12:50,5176.37
04/11/2025 12:55,5056.4
04/11/2025 13:00,5253.24
04/11/2025 13:05,5086.32
04/11/2025 13:10,5134.1
04/11/2025 13:15,5156.55
04/11/2025 13:20,5134.88
04/11/2025 13:25,4973.31
04/11/2025 13:30,4948.8
04/11/2025 13:35,5050.38
04/11/2025 13:40,4986.5
04/11/2025 13:45,4893.89
04/11/2025 13:50,5190.47
04/11/2025 13:55,5455.21
04/11/2025 14:00,4882.96
04/11/2025 14:05,5140.57
04/11/2025 14:10,5290.04
04/11/2025 14:15,5117.89
04/11/2025 14:20,4885.75
04/11/2025 14:25,5068.93
04/11/2025 14:30,4951.8
04/11/2025 14:35,5029.05
04/11/2025 14:40,5361.64
04/11/2025 14:45,5089.85
04/11/2025 14:50,5072.66
04/11/2025 14:55,4981.64
04/11/2025 15:00,5144.33
04/11/2025 15:05,5048.46
04/11/2025 15:10,5134.65
04/11/2025 15:15,5230.79
04/11/2025 15:20,5269.4
04/11/2025 15:25,4971.0
04/11/2025 15:30,5363.86
04/11/2025 15:35,5183.97
04/11/2025 15:40,5243.99
04/11/2025 15:45,5413.18
04/11/2025 15:50,5140.21
04/11/2025 15:55,5212.43
04/11/2025 16:00,5233.73
04/11/2025 16:05,5194.62
04/11/2025 16:10,5499.34
04/11/2025 16:15,5186.18
04/11/2025 16:20,5308.31
04/11/2025 16:25,5267.0
04/11/2025 16:30,5667.39
04/11/2025 16:35,5404.61
04/11/2025 16:40,5463.31
04/11/2025 16:45,5408.36
04/11/2025 16:50,5458.67
04/11/2025 16:55,5513.41
04/11/2025 17:00,5469.73
04/11/2025 17:05,5542.39
04/11/2025 17:10,5754.25
04/11/2025 17:15,5325.62
04/11/2025 17:20,5416.69
04/11/2025 17:25,5827.48
04/11/2025 17:30,5824.67
04/11/2025 17:35,5697.8
04/11/2025 17:40,6144.78
04/11/2025 17:45,5911.87
04/11/2025 17:50,5623.85
04/11/2025 17:55,5675.18
04/11/2025 18:00,5987.72
04/11/2025 18:05,5950.61
04/11/2025 18:10,6083.39
04/11/2025 18:15,5964.06
04/11/2025 18:20,6077.56
04/11/2025 18:25,6301.56
04/11/2025 18:30,6278.24
04/11/2025 18:35,5855.48
04/11/2025 18:40,6081.11
04/11/2025 18:45,5962.64
04/11/2025 18:50,6001.68
04/11/2025 18:55,6187.78
04/11/2025 19:00,5912.98
04/11/2025 19:05,6360.35
04/11/2025 19:10,6365.42
04/11/2025 19:15,6238.16
04/11/2025 19:20,6378.96
04/11/2025 19:25,6412.04
04/11/2025 19:30,6307.07
04/11/2025 19:35,6338.21
04/11/2025 19:40,6546.69
04/11/2025 19:45,6356.46
04/11/2025 19:50,6486.78
04/11/2025 19:55,6131.32
04/11/2025 20:00,6294.44
04/11/2025 20:05,6183.7
04/11/2025 20:10,6279.87
04/11/2025 20:15,6183.44
04/11/2025 20:20,6437.34
04/11/2025 20:25,6396.49
04/11/2025 20:30,6332.41
04/11/2025 20:35,6074.97
04/11/2025 20:40,6224.71
04/11/2025 20:45,6069.22
04/11/2025 20:50,6306.76
04/11/2025 20:55,6279.94
04/11/2025 21:00,6442.98
04/11/2025 21:05,6296.92
04/11/2025 21:10,6239.2
04/11/2025 21:15,6300.64
04/11/2025 21:20,6264.66
04/11/2025 21:25,5918.95
04/11/2025 21:30,6284.25
04/11/2025 21:35,5917.16
04/11/2025 21:40,6016.35
04/11/2025 21:45,6154.96
04/11/2025 21:50,5983.57
04/11/2025 21:55,6100.24
04/11/2025 22:00,5711.13
04/11/2025 22:05,5683.51
04/11/2025 22:10,5429.07
04/11/2025 22:15,5507.48
04/11/2025 22:20,5520.22
04/11/2025 22:25,5251.66
04/11/2025 22:30,5281.29
04/11/2025 22:35,5368.53
04/11/2025 22:40,5206.49
04/11/2025 22:45,5395.32
04/11/2025 22:50,5326.99
04/11/2025 22:55,5428.86
04/11/2025 23:00,5350.12
04/11/2025 23:05,5194.6
04/11/2025 23:10,5231.66
04/11/2025 23:15,5196.61
04/11/2025 23:20,5283.55
04/11/2025 23:25,5058.47
04/11/2025 23:30,5041.4
04/11/2025 23:35,4968.57
04/11/2025 23:40,4798.02
04/11/2025 23:45,4976.38
04/11/2025 23:50,4738.1
04/11/2025 23:55,5082.32
05/11/2025 00:00,5100.24
05/11/2025 00:05,5166.47
05/11/2025 00:10,5298.19
05/11/2025 00:15,5237.06
05/11/2025 00:20,5365.93
05/11/2025 00:25,5552.97
05/11/2025 00:30,5415.75
05/11/2025 00:35,5304.54
05/11/2025 00:40,5308.29
05/11/2025 00:45,5080.4
05/11/2025 00:50,5100.81
05/11/2025 00:55,5348.9
05/11/2025 01:00,5151.75
05/11/2025 01:05,5598.17
05/11/2025 01:10,5204.89
05/11/2025 01:15,5174.51
05/11/2025 01:20,4654.67
05/11/2025 01:25,5204.58
05/11/2025 01:30,5283.97
05/11/2025 01:35,5410.84
05/11/2025 01:40,5453.09
05/11/2025 01:45,5208.72
05/11/2025 01:50,5207.92
05/11/2025 01:55,5342.55
05/11/2025 02:00,3799.45
05/11/2025 02:05,3718.69
05/11/2025 02:10,3833.42
05/11/2025 02:15,3929.8
05/11/2025 02:20,3788.02
05/11/2025 02:25,3732.24
05/11/2025 02:30,3507.66
05/11/2025 02:35,3856.3
05/11/2025 02:40,3811.74
05/11/2025 02:45,3795.98
05/11/2025 02:50,3718.36
05/11/2025 02:55,3848.84
05/11/2025 03:00,3615.86
05/11/2025 03:05,3842.31
05/11/2025 03:10,3794.95
05/11/2025 03:15,3822.24
05/11/2025 03:20,3834.55
05/11/2025 03:25,3848.98
05/11/2025 03:30,3824.98
05/11/2025 03:35,3886.75
05/11/2025 03:40,3818.44
05/11/2025 03:45,3797.69
05/11/2025 03:50,3713.02
05/11/2025 03:55,3672.72
05/11/2025 04:00,3727.26
05/11/2025 04:05,3731.26
05/11/2025 04:10,3890.77
05/11/2025 04:15,3620.1
05/11/2025 04:20,3632.09
05/11/2025 04:25,3590.24
05/11/2025 04:30,3801.67
05/11/2025 04:35,3747.3
05/11/2025 04:40,3455.74
05/11/2025 04:45,3947.39
05/11/2025 04:50,3848.28
05/11/2025 04:55,3895.35
05/11/2025 05:00,4185.92
05/11/2025 05:05,4502.58
05/11/2025 05:10,4340.56
05/11/2025 05:15,4235.88
05/11/2025 05:20,4253.33
05/11/2025 05:25,4509.36
05/11/2025 05:30,4807.95
05/11/2025 05:35,4448.02
05/11/2025 05:40,4133.6
05/11/2025 05:45,4194.55
05/11/2025 05:50,4817.18
05/11/2025 05:55,4591.1
05/11/2025 06:00,4776.28
05/11/2025 06:05,4777.09
05/11/2025 06:10,4368.36
05/11/2025 06:15,4583.83
05/11/2025 06:20,4346.92
05/11/2025 06:25,4873.01
05/11/2025 06:30,4858.65
05/11/2025 06:35,4099.77
05/11/2025 06:40,4497.24
05/11/2025 06:45,4733.93
05/11/2025 06:50,4615.71
05/11/2025 06:55,4830.93
05/11/2025 07:00,4935.43
05/11/2025 07:05,4662.56
05/11/2025 07:10,4737.8
05/11/2025 07:15,4498.51
05/11/2025 07:20,4720.18
05/11/2025 07:25,4568.28
05/11/2025 07:30,4386.93
05/11/2025 07:35,4876.49
05/11/2025 07:40,4641.67
05/11/2025 07:45,5045.0
05/11/2025 07:50,4757.33
05/11/2025 07:55,4892.67
05/11/2025 08:00,4809.9
05/11/2025 08:05,5135.58
05/11/2025 08:10,5135.28
05/11/2025 08:15,5067.0
05/11/2025 08:20,4968.59
05/11/2025 08:25,4918.84
05/11/2025 08:30,5068.81
05/11/2025 08:35,5071.71
05/11/2025 08:40,4787.73
05/11/2025 08:45,5057.23
05/11/2025 08:50,4935.84
05/11/2025 08:55,5192.82
05/11/2025 09:00,5423.48
05/11/2025 09:05,5650.23
05/11/2025 09:10,5340.78
05/11/2025 09:15,5440.01
05/11/2025 09:20,5651.53
05/11/2025 09:25,5495.5
05/11/2025 09:30,5816.96
05/11/2025 09:35,5707.41
05/11/2025 09:40,5597.13
05/11/2025 09:45,5729.47
05/11/2025 09:50,5995.43
05/11/2025 09:55,5904.12
05/11/2025 10:00,5765.69
05/11/2025 10:05,5831.84
05/11/2025 10:10,5726.64
05/11/2025 10:15,5986.5
05/11/2025 10:20,5727.0
05/11/2025 10:25,5730.23
05/11/2025 10:30,5865.34
05/11/2025 10:35,5814.57
05/11/2025 10:40,5758.55
05/11/2025 10:45,5917.26
05/11/2025 10:50,5607.84
05/11/2025 10:55,5707.58
05/11/2025 11:00,5905.25
05/11/2025 11:05,5933.37
05/11/2025 11:10,5606.83
05/11/2025 11:15,5599.98
05/11/2025 11:20,5895.04
05/11/2025 11:25,5736.6
05/11/2025 11:30,5467.15
05/11/2025 11:35,5419.13
05/11/2025 11:40,5529.41
05/11/2025 11:45,5617.72
05/11/2025 11:50,5599.27
05/11/2025 11:55,5656.62
05/11/2025 12:00,5389.16
05/11/2025 12:05,5160.4
05/11/2025 12:10,5392.17
05/11/2025 12:15,5426.52
05/11/2025 12:20,5246.61
05/11/2025 12:25,5276.26
05/11/2025 12:30,5129.34
05/11/2025 12:35,5428.56
05/11/2025 12:40,5403.38
05/11/2025 12:45,5298.33
05/11/2025 12:50,5077.41
05/11/2025 12:55,5374.52
05/11/2025 13:00,4914.16
05/11/2025 13:05,5291.36
05/11/2025 13:10,5354.77
05/11/2025 13:15,5308.28
05/11/2025 13:20,5037.27
05/11/2025 13:25,5255.36
05/11/2025 13:30,5042.11
05/11/2025 13:35,4970.23
05/11/2025 13:40,5163.41
05/11/2025 13:45,5111.1
05/11/2025 13:50,5318.67
05/11/2025 13:55,5222.46
05/11/2025 14:00,5121.07
05/11/2025 14:05,5129.24
05/11/2025 14:10,4977.72
05/11/2025 14:15,5275.1
05/11/2025 14:20,5099.18
05/11/2025 14:25,5050.37
05/11/2025 14:30,5113.87
05/11/2025 14:35,5424.46
05/11/2025 14:40,5012.8
05/11/2025 14:45,5379.01
05/11/2025 14:50,4866.55
05/11/2025 14:55,5169.51
05/11/2025 15:00,4843.46
05/11/2025 15:05,5107.49
05/11/2025 15:10,5096.42
05/11/2025 15:15,4855.19
05/11/2025 15:20,5189.95
05/11/2025 15:25,5214.67
05/11/2025 15:30,4931.68
05/11/2025 15:35,4950.62
05/11/2025 15:40,5327.64
05/11/2025 15:45,4919.8
05/11/2025 15:50,5425.44
05/11/2025 15:55,5265.24
05/11/2025 16:00,5396.17
05/11/2025 16:05,5510.29
05/11/2025 16:10,5515.22
05/11/2025 16:15,5433.58
05/11/2025 16:20,5571.11
05/11/2025 16:25,5428.0
05/11/2025 16:30,5473.33
05/11/2025 16:35,5385.26
05/11/2025 16:40,5686.82
05/11/2025 16:45,5492.61
05/11/2025 16:50,5760.06
05/11/2025 16:55,5568.36
05/11/2025 17:00,5501.52
05/11/2025 17:05,5553.32
05/11/2025 17:10,5595.93
05/11/2025 17:15,5475.31
05/11/2025 17:20,6027.28
05/11/2025 17:25,5788.75
05/11/2025 17:30,5453.46
05/11/2025 17:35,5620.21
05/11/2025 17:40,5417.68
05/11/2025 17:45,5602.55
05/11/2025 17:50,5881.55
05/11/2025 17:55,6088.55
05/11/2025 18:00,6062.82
05/11/2025 18:05,5829.03
05/11/2025 18:10,5848.82
05/11/2025 18:15,6010.72
05/11/2025 18:20,6223.24
05/11/2025 18:25,5845.62
05/11/2025 18:30,6062.84
05/11/2025 18:35,5938.61
05/11/2025 18:40,6083.71
05/11/2025 18:45,6247.73
05/11/2025 18:50,6125.28
05/11/2025 18:55,6015.48
05/11/2025 19:00,6219.22
05/11/2025 19:05,5971.3
05/11/2025 19:10,6243.08
05/11/2025 19:15,6295.13
05/11/2025 19:20,6262.71
05/11/2025 19:25,6158.68
05/11/2025 19:30,6209.07
05/11/2025 19:35,6146.2
05/11/2025 19:40,6359.54
05/11/2025 19:45,6227.31
05/11/2025 19:50,6656.0
05/11/2025 19:55,6414.08
05/11/2025 20:00,6467.31
05/11/2025 20:05,6337.76
05/11/2025 20:10,6227.25
05/11/2025 20:15,6264.06
05/11/2025 20:20,6498.17
05/11/2025 20:25,6281.23
05/11/2025 20:30,6202.77
05/11/2025 20:35,6264.04
05/11/2025 20:40,6142.57
05/11/2025 20:45,6255.77
05/11/2025 20:50,6203.12
05/11/2025 20:55,6241.01
05/11/2025 21:00,6187.61
05/11/2025 21:05,6414.25
05/11/2025 21:10,5893.72
05/11/2025 21:15,6315.1
05/11/2025 21:20,6345.56
05/11/2025 21:25,6109.39
05/11/2025 21:30,6258.51
05/11/2025 21:35,5845.35
05/11/2025 21:40,6208.94
05/11/2025 21:45,6010.17
05/11/2025 21:50,6114.61
05/11/2025 21:55,5951.56
05/11/2025 22:00,5712.7
05/11/2025 22:05,5523.31
05/11/2025 22:10,5182.08
05/11/2025 22:15,5433.89
05/11/2025 22:20,5397.9
05/11/2025 22:25,5628.53
05/11/2025 22:30,5302.41
05/11/2025 22:35,5340.5
05/11/2025 22:40,5342.86
05/11/2025 22:45,5210.04
05/11/2025 22:50,5429.22
05/11/2025 22:55,5255.72
05/11/2025 23:00,5507.21
05/11/2025 23:05,5259.2
05/11/2025 23:10,5235.88
05/11/2025 23:15,5045.51
05/11/2025 23:20,5274.13
05/11/2025 23:25,4900.72
05/11/2025 23:30,4974.14
05/11/2025 23:35,4975.82
05/11/2025 23:40,5204.53
05/11/2025 23:45,4900.08
05/11/2025 23:50,4637.96
05/11/2025 23:55,4908.68
06/11/2025 00:00,5187.75
06/11/2025 00:05,5322.73
06/11/2025 00:10,5424.47
06/11/2025 00:15,5162.62
06/11/2025 00:20,5288.56
06/11/2025 00:25,5391.62
06/11/2025 00:30,5093.37
06/11/2025 00:35,5302.01
06/11/2025 00:40,5186.04
06/11/2025 00:45,5322.16
06/11/2025 00:50,5036.3
06/11/2025 00:55,5231.51
06/11/2025 01:00,5047.38
06/11/2025 01:05,5114.66
06/11/2025 01:10,5191.06
06/11/2025 01:15,4822.57
06/11/2025 01:20,5145.3
06/11/2025 01:25,5124.17
06/11/2025 01:30,5039.14
06/11/2025 01:35,5004.06
06/11/2025 01:40,5256.88
06/11/2025 01:45,5117.41
06/11/2025 01:50,5122.29
06/11/2025 01:55,5266.53
06/11/2025 02:00,3745.0
06/11/2025 02:05,3689.86
06/11/2025 02:10,3706.24
06/11/2025 02:15,3644.51
06/11/2025 02:20,3703.98
06/11/2025 02:25,3462.51
06/11/2025 02:30,3718.94
06/11/2025 02:35,3441.34
06/11/2025 02:40,3838.15
06/11/2025 02:45,3724.3
06/11/2025 02:50,3880.81
06/11/2025 02:55,3662.1
06/11/2025 03:00,3791.29
06/11/2025 03:05,3941.24
06/11/2025 03:10,3931.15
06/11/2025 03:15,3961.21
06/11/2025 03:20,3652.73
06/11/2025 03:25,3751.71
06/11/2025 03:30,4007.71
06/11/2025 03:35,3730.52
06/11/2025 03:40,3781.12
06/11/2025 03:45,3732.54
06/11/2025 03:50,3804.53
06/11/2025 03:55,3931.37
06/11/2025 04:00,3499.96
06/11/2025 04:05,3601.35
06/11/2025 04:10,3689.5
06/11/2025 04:15,3767.86
06/11/2025 04:20,3499.96
06/11/2025 04:25,3812.46
06/11/2025 04:30,3611.31
06/11/2025 04:35,3775.54
06/11/2025 04:40,3782.32
06/11/2025 04:45,3644.56
06/11/2025 04:50,3760.86
06/11/2025 04:55,3532.71
06/11/2025 05:00,3971.55
06/11/2025 05:05,4327.4
06/11/2025 05:10,4104.56
06/11/2025 05:15,4316.76
06/11/2025 05:20,4419.91
06/11/2025 05:25,4266.44
06/11/2025 05:30,4314.99
06/11/2025 05:35,4407.23
06/11/2025 05:40,4355.74
06/11/2025 05:45,4328.35
06/11/2025 05:50,4427.44
06/11/2025 05:55,4657.93
06/11/2025 06:00,4676.46
06/11/2025 06:05,4657.3
06/11/2025 06:10,4739.53
06/11/2025 06:15,4796.28
06/11/2025 06:20,4675.92
06/11/2025 06:25,4787.2
06/11/2025 06:30,4690.38
06/11/2025 06:35,4912.31
06/11/2025 06:40,4487.98
06/11/2025 06:45,4849.59
06/11/2025 06:50,4951.41
06/11/2025 06:55,4795.27
06/11/2025 07:00,4736.82
06/11/2025 07:05,4414.34
06/11/2025 07:10,4668.77
06/11/2025 07:15,4604.34
06/11/2025 07:20,4740.69
06/11/2025 07:25,4541.56
06/11/2025 07:30,4920.31
06/11/2025 07:35,4844.42
06/11/2025 07:40,4869.22
06/11/2025 07:45,4584.65
06/11/2025 07:50,4653.0
06/11/2025 07:55,4992.9
06/11/2025 08:00,4978.67
06/11/2025 08:05,4921.39
06/11/2025 08:10,5342.77
06/11/2025 08:15,5004.87
06/11/2025 08:20,4695.04
06/11/2025 08:25,4783.09
06/11/2025 08:30,5387.1
06/11/2025 08:35,5001.21
06/11/2025 08:40,4852.85
06/11/2025 08:45,5009.98
06/11/2025 08:50,5158.14
06/11/2025 08:55,5214.3
06/11/2025 09:00,5481.96
06/11/2025 09:05,5674.81
06/11/2025 09:10,5657.81
06/11/2025 09:15,5501.18
06/11/2025 09:20,5782.96
06/11/2025 09:25,5566.85
06/11/2025 09:30,5723.78
06/11/2025 09:35,5604.5
06/11/2025 09:40,5580.68
06/11/2025 09:45,5856.96
06/11/2025 09:50,5575.48
06/11/2025 09:55,5717.6
06/11/2025 10:00,5551.64
06/11/2025 10:05,5904.3
06/11/2025 10:10,6160.39
06/11/2025 10:15,5785.93
06/11/2025 10:20,5764.42
06/11/2025 10:25,5640.21
06/11/2025 10:30,5871.09
06/11/2025 10:35,5965.4
06/11/2025 10:40,5716.79
06/11/2025 10:45,5567.74
06/11/2025 10:50,5847.07
06/11/2025 10:55,5575.95
06/11/2025 11:00,5939.53
06/11/2025 11:05,5759.67
06/11/2025 11:10,5539.26
06/11/2025 11:15,5930.56
06/11/2025 11:20,5798.2
06/11/2025 11:25,5657.33
06/11/2025 11:30,5535.71
06/11/2025 11:35,5471.38
06/11/2025 11:40,5718.48
06/11/2025 11:45,5870.31
06/11/2025 11:50,5654.27
06/11/2025 11:55,5505.43
06/11/2025 12:00,5240.93
06/11/2025 12:05,5364.01
06/11/2025 12:10,5110.71
06/11/2025 12:15,5225.75
06/11/2025 12:20,5216.76
06/11/2025 12:25,5097.27
06/11/2025 12:30,5197.58
06/11/2025 12:35,5158.77
06/11/2025 12:40,5381.76
06/11/2025 12:45,5141.4
06/11/2025 12:50,5316.2
06/11/2025 12:55,5342.63
06/11/2025 13:00,5101.26
06/11/2025 13:05,5036.2
06/11/2025 13:10,5092.68
06/11/2025 13:15,5420.46
06/11/2025 13:20,5283.86
06/11/2025 13:25,5258.45
06/11/2025 13:30,5096.29
06/11/2025 13:35,5320.7
06/11/2025 13:40,5123.16
06/11/2025 13:45,4994.65
06/11/2025 13:50,4992.77
06/11/2025 13:55,5196.27
06/11/2025 14:00,5231.32
06/11/2025 14:05,5172.31
06/11/2025 14:10,4759.25
06/11/2025 14:15,5316.86
06/11/2025 14:20,5208.71
06/11/2025 14:25,5243.44
06/11/2025 14:30,5059.43
06/11/2025 14:35,4876.23
06/11/2025 14:40,5156.03
06/11/2025 14:45,4831.07
06/11/2025 14:50,4980.99
06/11/2025 14:55,5043.31
06/11/2025 15:00,5099.82
06/11/2025 15:05,5011.3
06/11/2025 15:10,4913.38
06/11/2025 15:15,5199.61
06/11/2025 15:20,4958.59
06/11/2025 15:25,5117.93
06/11/2025 15:30,4849.01
06/11/2025 15:35,5107.95
06/11/2025 15:40,5388.88
06/11/2025 15:45,5133.73
06/11/2025 15:50,5419.84
06/11/2025 15:55,5248.16
06/11/2025 16:00,5329.86
06/11/2025 16:05,5253.26
06/11/2025 16:10,5500.94
06/11/2025 16:15,5391.38
06/11/2025 16:20,5552.04
06/11/2025 16:25,5514.01
06/11/2025 16:30,5474.02
06/11/2025 16:35,5401.13
06/11/2025 16:40,5503.84
06/11/2025 16:45,5596.1
06/11/2025 16:50,5596.48
06/11/2025 16:55,5531.69
06/11/2025 17:00,5764.73
06/11/2025 17:05,5472.66
06/11/2025 17:10,5789.75
06/11/2025 17:15,5570.29
06/11/2025 17:20,5524.11
06/11/2025 17:25,5706.1
06/11/2025 17:30,5538.25
06/11/2025 17:35,6005.23
06/11/2025 17:40,5940.06
06/11/2025 17:45,5926.79
06/11/2025 17:50,5907.68
06/11/2025 17:55,6167.58
06/11/2025 18:00,5890.99
06/11/2025 18:05,6004.7
06/11/2025 18:10,6307.57
06/11/2025 18:15,6096.16
06/11/2025 18:20,5865.88
06/11/2025 18:25,6023.19
06/11/2025 18:30,5826.26
06/11/2025 18:35,6198.41
06/11/2025 18:40,6109.61
06/11/2025 18:45,6230.79
06/11/2025 18:50,6292.29
06/11/2025 18:55,6112.32
06/11/2025 19:00,6146.37
06/11/2025 19:05,6331.76
06/11/2025 19:10,5927.76
06/11/2025 19:15,6245.5
06/11/2025 19:20,6366.71
06/11/2025 19:25,6258.67
06/11/2025 19:30,6447.59
06/11/2025 19:35,6212.43
06/11/2025 19:40,6520.7
06/11/2025 19:45,6367.46
06/11/2025 19:50,6565.84
06/11/2025 19:55,6447.05
06/11/2025 20:00,6166.4
06/11/2025 20:05,6272.47
06/11/2025 20:10,6062.04
06/11/2025 20:15,6346.34
06/11/2025 20:20,6208.36
06/11/2025 20:25,6384.88
06/11/2025 20:30,6493.73
06/11/2025 20:35,6168.61
06/11/2025 20:40,6269.31
06/11/2025 20:45,6515.28
06/11/2025 20:50,6263.79
06/11/2025 20:55,6061.72
06/11/2025 21:00,6295.83
06/11/2025 21:05,6110.92
06/11/2025 21:10,6488.33
06/11/2025 21:15,6144.26
06/11/2025 21:20,6337.97
06/11/2025 21:25,5937.05
06/11/2025 21:30,6264.86
06/11/2025 21:35,5757.99
06/11/2025 21:40,5883.05
06/11/2025 21:45,6049.37
06/11/2025 21:50,6186.45
06/11/2025 21:55,6066.9
06/11/2025 22:00,5754.99
06/11/2025 22:05,5540.47
06/11/2025 22:10,5640.67
06/11/2025 22:15,5479.7
06/11/2025 22:20,5479.35
06/11/2025 22:25,5475.69
06/11/2025 22:30,5152.84
06/11/2025 22:35,5253.36
06/11/2025 22:40,5135.34
06/11/2025 22:45,5051.79
06/11/2025 22:50,5273.16
06/11/2025 22:55,5421.2
06/11/2025 23:00,5311.46
06/11/2025 23:05,5099.09
06/11/2025 23:10,5143.01
06/11/2025 23:15,5037.49
06/11/2025 23:20,4969.04
06/11/2025 23:25,4695.59
06/11/2025 23:30,5292.34
06/11/2025 23:35,4887.51
06/11/2025 23:40,5124.07
06/11/2025 23:45,4710.75
06/11/2025 23:50,4898.64
06/11/2025 23:55,4995.05
07/11/2025 00:00,5046.31
07/11/2025 00:05,5413.22
07/11/2025 00:10,5344.82
07/11/2025 00:15,5305.09
07/11/2025 00:20,5295.87
07/11/2025 00:25,5328.68
07/11/2025 00:30,5330.89
07/11/2025 00:35,5298.77
07/11/2025 00:40,5190.83
07/11/2025 00:45,5189.95
07/11/2025 00:50,4928.75
07/11/2025 00:55,5191.68
07/11/2025 01:00,5125.16
07/11/2025 01:05,4932.73
07/11/2025 01:10,5154.9
07/11/2025 01:15,5422.52
07/11/2025 01:20,5192.58
07/11/2025 01:25,5169.34
07/11/2025 01:30,5378.02
07/11/2025 01:35,5385.2
07/11/2025 01:40,5239.34
07/11/2025 01:45,5315.5
07/11/2025 01:50,5242.19
07/11/2025 01:55,5084.26
07/11/2025 02:00,3965.21
07/11/2025 02:05,3616.6
07/11/2025 02:10,4220.72
07/11/2025 02:15,3577.06
07/11/2025 02:20,3718.83
07/11/2025 02:25,3799.86
07/11/2025 02:30,3792.24
07/11/2025 02:35,3571.41
07/11/2025 02:40,3877.02
07/11/2025 02:45,3862.48
07/11/2025 02:50,3649.25
07/11/2025 02:55,3765.3
07/11/2025 03:00,3618.3
07/11/2025 03:05,4002.12
07/11/2025 03:10,3873.58
07/11/2025 03:15,3756.39
07/11/2025 03:20,4034.7
07/11/2025 03:25,3959.36
07/11/2025 03:30,3639.39
07/11/2025 03:35,3872.85
07/11/2025 03:40,4008.26
07/11/2025 03:45,3725.67
07/11/2025 03:50,3888.72
07/11/2025 03:55,4097.44
07/11/2025 04:00,3739.05
07/11/2025 04:05,3700.55
07/11/2025 04:10,3845.06
07/11/2025 04:15,4190.55
07/11/2025 04:20,4052.5
07/11/2025 04:25,3624.67
07/11/2025 04:30,3954.26
07/11/2025 04:35,3607.95
07/11/2025 04:40,3676.94
07/11/2025 04:45,3717.9
07/11/2025 04:50,3959.78
07/11/2025 04:55,3739.28
07/11/2025 05:00,4327.57
07/11/2025 05:05,4174.17
07/11/2025 05:10,4553.82
07/11/2025 05:15,4215.9
07/11/2025 05:20,4601.02
07/11/2025 05:25,4422.25
07/11/2025 05:30,4531.55
07/11/2025 05:35,4586.54
07/11/2025 05:40,4358.8
07/11/2025 05:45,4713.47
07/11/2025 05:50,4293.72
07/11/2025 05:55,4316.2
07/11/2025 06:00,4394.01
07/11/2025 06:05,4277.34
07/11/2025 06:10,4665.66
07/11/2025 06:15,4665.01
07/11/2025 06:20,4757.91
07/11/2025 06:25,4686.84
07/11/2025 06:30,4764.36
07/11/2025 06:35,4775.61
07/11/2025 06:40,4479.34
07/11/2025 06:45,4581.79
07/11/2025 06:50,4590.65
07/11/2025 06:55,4715.38
07/11/2025 07:00,4488.32
07/11/2025 07:05,4691.64
07/11/2025 07:10,4742.44
07/11/2025 07:15,4724.31
07/11/2025 07:20,4593.39
07/11/2025 07:25,4954.03
07/11/2025 07:30,4699.26
07/11/2025 07:35,4519.37
07/11/2025 07:40,4625.81
07/11/2025 07:45,4768.76
07/11/2025 07:50,5023.69
07/11/2025 07:55,4945.53
07/11/2025 08:00,4983.15
07/11/2025 08:05,4900.68
07/11/2025 08:10,5018.14
07/11/2025 08:15,4834.54
07/11/2025 08:20,5092.69
07/11/2025 08:25,4999.56
07/11/2025 08:30,4969.24
07/11/2025 08:35,5023.23
07/11/2025 08:40,4962.06
07/11/2025 08:45,5095.52
07/11/2025 08:50,4939.45
07/11/2025 08:55,5372.99
07/11/2025 09:00,5946.19
07/11/2025 09:05,5694.68
07/11/2025 09:10,5561.86
07/11/2025 09:15,5662.73
07/11/2025 09:20,5734.59
07/11/2025 09:25,5587.39
07/11/2025 09:30,5749.9
07/11/2025 09:35,5585.01
07/11/2025 09:40,6009.48
07/11/2025 09:45,5543.93
07/11/2025 09:50,5647.31
07/11/2025 09:55,5831.56
07/11/2025 10:00,5890.24
07/11/2025 10:05,5644.49
07/11/2025 10:10,5481.72
07/11/2025 10:15,5787.54
07/11/2025 10:20,6157.42
07/11/2025 10:25,5867.57
07/11/2025 10:30,5736.93
07/11/2025 10:35,5758.06
07/11/2025 10:40,5755.06
07/11/2025 10:45,5713.58
07/11/2025 10:50,5767.47
07/11/2025 10:55,5552.52
07/11/2025 11:00,5722.15
07/11/2025 11:05,5810.28
07/11/2025 11:10,5611.32
07/11/2025 11:15,5796.12
07/11/2025 11:20,5843.24
07/11/2025 11:25,5727.3
07/11/2025 11:30,5792.98
07/11/2025 11:35,5607.8
07/11/2025 11:40,5703.17
07/11/2025 11:45,5672.27
07/11/2025 11:50,5425.69
07/11/2025 11:55,5679.11
07/11/2025 12:00,5258.77
07/11/2025 12:05,5179.57
07/11/2025 12:10,5147.56
07/11/2025 12:15,5301.01
07/11/2025 12:20,5130.93
07/11/2025 12:25,5470.33
07/11/2025 12:30,5179.17
07/11/2025 12:35,5348.1
07/11/2025 12:40,5262.44
07/11/2025 12:45,5135.12
07/11/2025 12:50,5175.18
07/11/2025 12:55,5068.07
07/11/2025 13:00,5095.17
07/11/2025 13:05,5213.7
07/11/2025 13:10,5242.3
07/11/2025 13:15,5168.34
07/11/2025 13:20,5109.4
07/11/2025 13:25,5095.08
07/11/2025 13:30,5364.7
07/11/2025 13:35,5159.05
07/11/2025 13:40,5068.77
07/11/2025 13:45,5061.03
07/11/2025 13:50,5234.31
07/11/2025 13:55,5235.33
07/11/2025 14:00,5044.96
07/11/2025 14:05,5616.46
07/11/2025 14:10,4983.55
07/11/2025 14:15,5183.02
07/11/2025 14:20,4839.59
07/11/2025 14:25,4932.03
07/11/2025 14:30,5234.01
07/11/2025 14:35,5128.48
07/11/2025 14:40,4966.48
07/11/2025 14:45,4903.2
07/11/2025 14:50,4870.41
07/11/2025 14:55,5033.79
07/11/2025 15:00,5095.9
07/11/2025 15:05,4969.28
07/11/2025 15:10,5281.07
07/11/2025 15:15,5155.88
07/11/2025 15:20,5141.41
07/11/2025 15:25,5018.69
07/11/2025 15:30,5042.13
07/11/2025 15:35,5121.6
07/11/2025 15:40,5094.73
07/11/2025 15:45,4990.28
07/11/2025 15:50,5127.98
07/11/2025 15:55,5242.47
07/11/2025 16:00,5083.28
07/11/2025 16:05,5421.15
07/11/2025 16:10,4932.17
07/11/2025 16:15,5431.69
07/11/2025 16:20,5548.46
07/11/2025 16:25,5390.44
07/11/2025 16:30,5259.27
07/11/2025 16:35,5576.47
07/11/2025 16:40,5467.3
07/11/2025 16:45,5436.46
07/11/2025 16:50,5364.68
07/11/2025 16:55,5708.74
07/11/2025 17:00,5283.16
07/11/2025 17:05,5933.38
07/11/2025 17:10,5696.58
07/11/2025 17:15,5659.23
07/11/2025 17:20,5810.47
07/11/2025 17:25,5873.58
07/11/2025 17:30,5766.65
07/11/2025 17:35,5721.33
07/11/2025 17:40,5797.01
07/11/2025 17:45,5917.79
07/11/2025 17:50,5967.3
07/11/2025 17:55,6172.93
07/11/2025 18:00,6237.91
07/11/2025 18:05,6186.07
07/11/2025 18:10,5902.68
07/11/2025 18:15,5829.45
07/11/2025 18:20,5876.22
07/11/2025 18:25,6169.33
07/11/2025 18:30,6043.35
07/11/2025 18:35,6250.95
07/11/2025 18:40,6253.4
07/11/2025 18:45,6096.89
07/11/2025 18:50,5785.13
07/11/2025 18:55,6291.7
07/11/2025 19:00,5918.23
07/11/2025 19:05,5904.95
07/11/2025 19:10,6287.61
07/11/2025 19:15,6177.97
07/11/2025 19:20,6184.92
07/11/2025 19:25,6225.14
07/11/2025 19:30,6401.97
07/11/2025 19:35,6380.36
07/11/2025 19:40,6267.52
07/11/2025 19:45,6332.97
07/11/2025 19:50,6044.21
07/11/2025 19:55,6553.67
07/11/2025 20:00,6310.52
07/11/2025 20:05,6279.96
07/11/2025 20:10,6172.62
07/11/2025 20:15,6089.71
07/11/2025 20:20,6419.79
07/11/2025 20:25,6198.1
07/11/2025 20:30,6443.15
07/11/2025 20:35,6447.16
07/11/2025 20:40,6372.34
07/11/2025 20:45,6058.94
07/11/2025 20:50,6383.58
07/11/2025 20:55,6174.25
07/11/2025 21:00,6212.19
07/11/2025 21:05,6209.12
07/11/2025 21:10,6421.05
07/11/2025 21:15,6354.5
07/11/2025 21:20,6334.35
07/11/2025 21:25,6185.68
07/11/2025 21:30,6222.17
07/11/2025 21:35,6008.92
07/11/2025 21:40,6085.77
07/11/2025 21:45,6302.86
07/11/2025 21:50,6143.13
07/11/2025 21:55,6179.11
07/11/2025 22:00,5551.24
07/11/2025 22:05,5831.27
07/11/2025 22:10,5666.66
07/11/2025 22:15,5554.95
07/11/2025 22:20,5310.05
07/11/2025 22:25,5254.06
07/11/2025 22:30,5344.71
07/11/2025 22:35,5685.97
07/11/2025 22:40,5209.16
07/11/2025 22:45,5177.19
07/11/2025 22:50,5185.48
07/11/2025 22:55,5264.89
07/11/2025 23:00,4987.33
07/11/2025 23:05,5105.61
07/11/2025 23:10,5275.44
07/11/2025 23:15,4996.38
07/11/2025 23:20,5001.59
07/11/2025 23:25,4883.65
07/11/2025 23:30,5321.74
07/11/2025 23:35,4813.99
07/11/2025 23:40,4915.02
07/11/2025 23:45,4944.03
07/11/2025 23:50,4748.72
07/11/2025 23:55,4546.11
08/11/2025 00:00,5070.91
08/11/2025 00:05,4737.98
08/11/2025 00:10,4998.67
08/11/2025 00:15,4851.13
08/11/2025 00:20,5027.84
08/11/2025 00:25,4790.97
08/11/2025 00:30,4830.53
08/11/2025 00:35,4698.33
08/11/2025 00:40,4522.93
08/11/2025 00:45,4744.25
08/11/2025 00:50,4823.72
08/11/2025 00:55,4971.02
08/11/2025 01:00,4819.64
08/11/2025 01:05,4878.48
08/11/2025 01:10,4844.78
08/11/2025 01:15,4749.04
08/11/2025 01:20,4501.55
08/11/2025 01:25,4897.22
08/11/2025 01:30,5051.65
08/11/2025 01:35,4759.65
08/11/2025 01:40,4967.3
08/11/2025 01:45,4750.76
08/11/2025 01:50,4754.81
08/11/2025 01:55,4696.24
08/11/2025 02:00,3302.13
08/11/2025 02:05,3167.33
08/11/2025 02:10,3406.29
08/11/2025 02:15,3440.17
08/11/2025 02:20,3653.28
08/11/2025 02:25,3354.19
08/11/2025 02:30,3416.61
08/11/2025 02:35,3406.26
08/11/2025 02:40,3448.31
08/11/2025 02:45,3242.18
08/11/2025 02:50,3240.23
08/11/2025 02:55,3385.56
08/11/2025 03:00,3695.66
08/11/2025 03:05,3515.61
08/11/2025 03:10,3577.29
08/11/2025 03:15,3296.46
08/11/2025 03:20,3430.06
08/11/2025 03:25,3465.5
08/11/2025 03:30,3410.69
08/11/2025 03:35,3437.19
08/11/2025 03:40,3512.75
08/11/2025 03:45,3334.66
08/11/2025 03:50,3322.45
08/11/2025 03:55,3729.02
08/11/2025 04:00,3476.52
08/11/2025 04:05,3584.96
08/11/2025 04:10,3070.08
08/11/2025 04:15,3451.98
08/11/2025 04:20,3386.88
08/11/2025 04:25,3308.67
08/11/2025 04:30,3335.89
08/11/2025 04:35,3452.57
08/11/2025 04:40,3332.58
08/11/2025 04:45,3358.74
08/11/2025 04:50,3361.05
08/11/2025 04:55,3647.57
08/11/2025 05:00,3738.46
08/11/2025 05:05,3722.87
08/11/2025 05:10,4208.26
08/11/2025 05:15,4000.07
08/11/2025 05:20,4024.16
08/11/2025 05:25,4053.02
08/11/2025 05:30,3901.29
08/11/2025 05:35,4150.12
08/11/2025 05:40,4170.53
08/11/2025 05:45,4233.23
08/11/2025 05:50,4181.26
08/11/2025 05:55,4067.04
08/11/2025 06:00,4245.89
08/11/2025 06:05,3883.24
08/11/2025 06:10,4301.97
08/11/2025 06:15,3872.12
08/11/2025 06:20,4060.07
08/11/2025 06:25,4060.3
08/11/2025 06:30,4018.2
08/11/2025 06:35,4524.44
08/11/2025 06:40,4114.77
08/11/2025 06:45,4239.67
08/11/2025 06:50,4402.35
08/11/2025 06:55,4002.86
08/11/2025 07:00,4248.37
08/11/2025 07:05,4007.18
08/11/2025 07:10,4332.36
08/11/2025 07:15,4393.75
08/11/2025 07:20,4398.23
08/11/2025 07:25,4414.86
08/11/2025 07:30,4667.93
08/11/2025 07:35,4426.52
08/11/2025 07:40,4446.4
08/11/2025 07:45,4329.54
08/11/2025 07:50,4550.24
08/11/2025 07:55,4551.66
08/11/2025 08:00,4463.69
08/11/2025 08:05,4445.04
08/11/2025 08:10,4442.56
08/11/2025 08:15,4573.88
08/11/2025 08:20,4769.91
08/11/2025 08:25,4674.26
08/11/2025 08:30,4767.5
08/11/2025 08:35,4762.35
08/11/2025 08:40,4502.35
08/11/2025 08:45,4705.33
08/11/2025 08:50,4865.21
08/11/2025 08:55,4391.04
08/11/2025 09:00,5308.68
08/11/2025 09:05,5151.9
08/11/2025 09:10,5012.89
08/11/2025 09:15,5234.8
08/11/2025 09:20,5325.07
08/11/2025 09:25,5461.86
08/11/2025 09:30,5188.72
08/11/2025 09:35,5471.4
08/11/2025 09:40,5509.51
08/11/2025 09:45,5171.93
08/11/2025 09:50,5430.32
08/11/2025 09:55,5579.72
08/11/2025 10:00,5548.34
08/11/2025 10:05,5347.27
08/11/2025 10:10,5493.61
08/11/2025 10:15,5521.85
08/11/2025 10:20,5270.5
08/11/2025 10:25,5385.91
08/11/2025 10:30,5699.9
08/11/2025 10:35,5148.54
08/11/2025 10:40,5783.91
08/11/2025 10:45,5049.26
08/11/2025 10:50,5615.31
08/11/2025 10:55,5386.22
08/11/2025 11:00,5456.57
08/11/2025 11:05,5360.67
08/11/2025 11:10,5198.95
08/11/2025 11:15,5253.26
08/11/2025 11:20,5368.7
08/11/2025 11:25,5571.59
08/11/2025 11:30,5593.38
08/11/2025 11:35,5228.41
08/11/2025 11:40,5099.08
08/11/2025 11:45,5075.95
08/11/2025 11:50,5295.61
08/11/2025 11:55,5038.49
08/11/2025 12:00,4839.16
08/11/2025 12:05,4970.41
08/11/2025 12:10,4854.85
08/11/2025 12:15,4928.73
08/11/2025 12:20,4752.24
08/11/2025 12:25,4901.74
08/11/2025 12:30,5117.37
08/11/2025 12:35,4668.08
08/11/2025 12:40,4670.73
08/11/2025 12:45,4840.64
08/11/2025 12:50,4625.48
08/11/2025 12:55,4872.76
08/11/2025 13:00,4665.79
08/11/2025 13:05,5021.96
08/11/2025 13:10,4880.61
08/11/2025 13:15,4801.13
08/11/2025 13:20,4394.73
08/11/2025 13:25,4714.49
08/11/2025 13:30,4847.3
08/11/2025 13:35,4708.75
08/11/2025 13:40,4879.05
08/11/2025 13:45,4610.73
08/11/2025 13:50,4557.01
08/11/2025 13:55,4479.02
08/11/2025 14:00,4804.81
08/11/2025 14:05,4745.73
08/11/2025 14:10,4887.66
08/11/2025 14:15,4522.36
08/11/2025 14:20,4740.17
08/11/2025 14:25,4801.98
08/11/2025 14:30,5042.73
08/11/2025 14:35,4599.16
08/11/2025 14:40,4686.91
08/11/2025 14:45,4438.44
08/11/2025 14:50,4872.26
08/11/2025 14:55,4583.0
08/11/2025 15:00,4727.62
08/11/2025 15:05,4448.78
08/11/2025 15:10,4495.13
08/11/2025 15:15,4440.07
08/11/2025 15:20,4762.22
08/11/2025 15:25,4784.54
08/11/2025 15:30,4846.8
08/11/2025 15:35,4692.1
08/11/2025 15:40,4899.96
08/11/2025 15:45,4570.93
08/11/2025 15:50,5067.78
08/11/2025 15:55,4993.01
08/11/2025 16:00,4914.7
08/11/2025 16:05,4990.36
08/11/2025 16:10,4978.34
08/11/2025 16:15,4943.1
08/11/2025 16:20,4992.77
08/11/2025 16:25,5059.37
08/11/2025 16:30,5104.08
08/11/2025 16:35,5346.23
08/11/2025 16:40,5103.92
08/11/2025 16:45,5076.98
08/11/2025 16:50,5084.75
08/11/2025 16:55,5244.75
08/11/2025 17:00,5026.21
08/11/2025 17:05,5347.4
08/11/2025 17:10,5166.04
08/11/2025 17:15,5344.81
08/11/2025 17:20,5002.59
08/11/2025 17:25,5412.83
08/11/2025 17:30,5494.72
08/11/2025 17:35,5230.0
08/11/2025 17:40,5643.88
08/11/2025 17:45,5140.77
08/11/2025 17:50,5305.5
08/11/2025 17:55,5426.38
08/11/2025 18:00,5811.79
08/11/2025 18:05,5522.91
08/11/2025 18:10,5592.02
08/11/2025 18:15,5731.27
08/11/2025 18:20,5496.71
08/11/2025 18:25,5802.68
08/11/2025 18:30,5897.92
08/11/2025 18:35,5832.35
08/11/2025 18:40,5740.27
08/11/2025 18:45,5796.24
08/11/2025 18:50,5867.69
08/11/2025 18:55,5770.49
08/11/2025 19:00,5837.11
08/11/2025 19:05,5750.0
08/11/2025 19:10,5875.72
08/11/2025 19:15,5594.31
08/11/2025 19:20,6093.51
08/11/2025 19:25,5834.37
08/11/2025 19:30,6064.65
08/11/2025 19:35,5745.07
08/11/2025 19:40,5827.01
08/11/2025 19:45,5677.27
08/11/2025 19:50,5900.39
08/11/2025 19:55,5885.29
08/11/2025 20:00,6089.32
08/11/2025 20:05,5960.25
08/11/2025 20:10,6061.03
08/11/2025 20:15,5858.01
08/11/2025 20:20,5888.21
08/11/2025 20:25,5841.86
08/11/2025 20:30,5672.96
08/11/2025 20:35,5875.25
08/11/2025 20:40,5784.93
08/11/2025 20:45,5769.91
08/11/2025 20:50,5648.3
08/11/2025 20:55,5670.42
08/11/2025 21:00,5810.0
08/11/2025 21:05,5743.14
08/11/2025 21:10,5672.29
08/11/2025 21:15,5512.86
08/11/2025 21:20,5766.97
08/11/2025 21:25,5740.53
08/11/2025 21:30,5534.82
08/11/2025 21:35,5630.63
08/11/2025 21:40,5706.41
08/11/2025 21:45,5808.82
08/11/2025 21:50,5547.38
08/11/2025 21:55,5642.03
08/11/2025 22:00,4999.52
08/11/2025 22:05,4993.49
08/11/2025 22:10,5123.25
08/11/2025 22:15,5101.8
08/11/2025 22:20,4974.25
08/11/2025 22:25,4825.83
08/11/2025 22:30,5200.79
08/11/2025 22:35,5069.04
08/11/2025 22:40,4742.98
08/11/2025 22:45,4698.19
08/11/2025 22:50,4854.44
08/11/2025 22:55,4751.78
08/11/2025 23:00,5047.88
08/11/2025 23:05,4869.8
08/11/2025 23:10,4372.12
08/11/2025 23:15,4867.04
08/11/2025 23:20,4880.35
08/11/2025 23:25,4616.32
08/11/2025 23:30,4431.16
08/11/2025 23:35,4593.74
08/11/2025 23:40,4506.4
08/11/2025 23:45,4553.82
08/11/2025 23:50,4545.05
08/11/2025 23:55,4209.69
09/11/2025 00:00,4761.26
09/11/2025 00:05,4709.15
09/11/2025 00:10,5062.38
09/11/2025 00:15,4798.14
09/11/2025 00:20,4758.64
09/11/2025 00:25,4649.5
09/11/2025 00:30,4644.63
09/11/2025 00:35,4705.58
09/11/2025 00:40,4688.4
09/11/2025 00:45,4856.03
09/11/2025 00:50,4913.36
09/11/2025 00:55,4481.48
09/11/2025 01:00,4685.69
09/11/2025 01:05,4857.34
09/11/2025 01:10,4864.8
09/11/2025 01:15,4772.46
09/11/2025 01:20,4927.9
09/11/2025 01:25,4898.83
09/11/2025 01:30,4587.97
09/11/2025 01:35,4697.66
09/11/2025 01:40,4716.22
09/11/2025 01:45,4822.64
09/11/2025 01:50,4865.35
09/11/2025 01:55,4661.49
09/11/2025 02:00,3427.96
09/11/2025 02:05,3489.03
09/11/2025 02:10,3521.15
09/11/2025 02:15,3639.6
09/11/2025 02:20,3557.73
09/11/2025 02:25,3218.72
09/11/2025 02:30,3351.05
09/11/2025 02:35,3098.68
09/11/2025 02:40,3369.23
09/11/2025 02:45,3395.81
09/11/2025 02:50,3085.37
09/11/2025 02:55,3237.34
09/11/2025 03:00,3278.27
09/11/2025 03:05,3497.75
09/11/2025 03:10,3573.66
09/11/2025 03:15,3371.68
09/11/2025 03:20,3324.81
09/11/2025 03:25,3419.62
09/11/2025 03:30,3359.6
09/11/2025 03:35,3405.65
09/11/2025 03:40,3292.47
09/11/2025 03:45,3399.82
09/11/2025 03:50,3388.63
09/11/2025 03:55,3456.05
09/11/2025 04:00,3323.16
09/11/2025 04:05,3240.07
09/11/2025 04:10,3480.67
09/11/2025 04:15,3708.43
09/11/2025 04:20,3501.28
09/11/2025 04:25,3484.54
09/11/2025 04:30,3370.82
09/11/2025 04:35,3209.98
09/11/2025 04:40,3506.67
09/11/2025 04:45,3522.47
09/11/2025 04:50,3684.12
09/11/2025 04:55,3125.49
09/11/2025 05:00,3953.08
09/11/2025 05:05,4162.19
09/11/2025 05:10,3899.29
09/11/2025 05:15,3885.76
09/11/2025 05:20,3930.82
09/11/2025 05:25,3946.09
09/11/2025 05:30,3959.67
09/11/2025 05:35,3982.86
09/11/2025 05:40,4122.52
09/11/2025 05:45,4022.99
09/11/2025 05:50,4261.81
09/11/2025 05:55,4103.96
09/11/2025 06:00,4016.94
09/11/2025 06:05,4533.17
09/11/2025 06:10,4314.72
09/11/2025 06:15,4149.14
09/11/2025 06:20,3914.9
09/11/2025 06:25,4030.38
09/11/2025 06:30,4013.41
09/11/2025 06:35,4092.85
09/11/2025 06:40,4090.43
09/11/2025 06:45,4430.34
09/11/2025 06:50,3986.79
09/11/2025 06:55,4605.33
09/11/2025 07:00,4024.09
09/11/2025 07:05,4167.3
09/11/2025 07:10,4352.62
09/11/2025 07:15,4430.31
09/11/2025 07:20,4374.5
09/11/2025 07:25,4740.7
09/11/2025 07:30,4186.88
09/11/2025 07:35,4432.06
09/11/2025 07:40,4458.01
09/11/2025 07:45,4433.15
09/11/2025 07:50,4356.05
09/11/2025 07:55,4581.37
09/11/2025 08:00,4439.7
09/11/2025 08:05,4537.79
09/11/2025 08:10,4805.29
09/11/2025 08:15,4481.27
09/11/2025 08:20,4586.28
09/11/2025 08:25,4578.48
09/11/2025 08:30,4660.3
09/11/2025 08:35,4714.97
09/11/2025 08:40,4767.06
09/11/2025 08:45,4713.07
09/11/2025 08:50,4817.46
09/11/2025 08:55,4770.7
09/11/2025 09:00,5127.89
09/11/2025 09:05,5137.72
09/11/2025 09:10,5177.19
09/11/2025 09:15,5173.17
09/11/2025 09:20,5380.24
09/11/2025 09:25,5374.74
09/11/2025 09:30,5207.14
09/11/2025 09:35,5319.8
09/11/2025 09:40,5293.09
09/11/2025 09:45,5241.32
09/11/2025 09:50,5185.87
09/11/2025 09:55,5337.62
09/11/2025 10:00,5580.22
09/11/2025 10:05,5639.94
09/11/2025 10:10,5563.61
09/11/2025 10:15,5466.91
09/11/2025 10:20,5489.51
09/11/2025 10:25,5212.04
09/11/2025 10:30,5395.67
09/11/2025 10:35,5222.3
09/11/2025 10:40,5600.34
09/11/2025 10:45,5436.93
09/11/2025 10:50,5343.04
09/11/2025 10:55,5460.8
09/11/2025 11:00,5291.98
09/11/2025 11:05,5045.3
09/11/2025 11:10,5593.19
09/11/2025 11:15,5354.53
09/11/2025 11:20,5194.06
09/11/2025 11:25,5177.71
09/11/2025 11:30,5440.95
09/11/2025 11:35,5172.59
09/11/2025 11:40,5278.84
09/11/2025 11:45,5181.17
09/11/2025 11:50,5312.53
09/11/2025 11:55,5015.19
09/11/2025 12:00,4791.06
09/11/2025 12:05,5121.4
09/11/2025 12:10,5075.51
09/11/2025 12:15,4857.2
09/11/2025 12:20,4805.84
09/11/2025 12:25,4831.56
09/11/2025 12:30,4949.01
09/11/2025 12:35,4791.08
09/11/2025 12:40,4705.41
09/11/2025 12:45,4766.84
09/11/2025 12:50,4508.79
09/11/2025 12:55,4856.49
09/11/2025 13:00,4887.85
09/11/2025 13:05,4696.86
09/11/2025 13:10,4830.05
09/11/2025 13:15,4975.82
09/11/2025 13:20,4968.35
09/11/2025 13:25,4822.39
09/11/2025 13:30,4966.86
09/11/2025 13:35,4785.87
09/11/2025 13:40,5012.36
09/11/2025 13:45,4753.7
09/11/2025 13:50,4704.58
09/11/2025 13:55,4909.22
09/11/2025 14:00,4514.64
09/11/2025 14:05,4785.41
09/11/2025 14:10,4714.47
09/11/2025 14:15,4572.07
09/11/2025 14:20,4553.35
09/11/2025 14:25,4420.2
09/11/2025 14:30,4819.79
09/11/2025 14:35,4533.6
09/11/2025 14:40,4696.27
09/11/2025 14:45,4404.33
09/11/2025 14:50,4870.9
09/11/2025 14:55,4688.42
09/11/2025 15:00,4483.06
09/11/2025 15:05,4665.72
09/11/2025 15:10,4996.86
09/11/2025 15:15,4522.9
09/11/2025 15:20,4377.5
09/11/2025 15:25,4829.43
09/11/2025 15:30,4657.19
09/11/2025 15:35,4863.16
09/11/2025 15:40,4970.19
09/11/2025 15:45,4824.52
09/11/2025 15:50,4952.34
09/11/2025 15:55,4967.2
09/11/2025 16:00,4945.46
09/11/2025 16:05,4922.54
09/11/2025 16:10,4788.49
09/11/2025 16:15,4965.57
09/11/2025 16:20,5111.59
09/11/2025 16:25,5068.2
09/11/2025 16:30,5260.48
09/11/2025 16:35,4999.94
09/11/2025 16:40,5180.15
09/11/2025 16:45,5088.04
09/11/2025 16:50,5289.58
09/11/2025 16:55,5155.22
09/11/2025 17:00,5046.91
09/11/2025 17:05,5485.99
09/11/2025 17:10,5189.69
09/11/2025 17:15,5263.38
09/11/2025 17:20,5304.48
09/11/2025 17:25,5338.19
09/11/2025 17:30,5454.04
09/11/2025 17:35,5613.62
09/11/2025 17:40,5529.6
09/11/2025 17:45,5480.55
09/11/2025 17:50,5305.75
09/11/2025 17:55,5409.73
09/11/2025 18:00,5732.05
09/11/2025 18:05,5685.08
09/11/2025 18:10,5585.35
09/11/2025 18:15,5736.54
09/11/2025 18:20,5720.15
09/11/2025 18:25,5510.7
09/11/2025 18:30,5450.63
09/11/2025 18:35,5313.1
09/11/2025 18:40,5704.42
09/11/2025 18:45,5767.69
09/11/2025 18:50,5900.61
09/11/2025 18:55,5821.77
09/11/2025 19:00,5941.04
09/11/2025 19:05,5790.52
09/11/2025 19:10,5761.48
09/11/2025 19:15,5660.3
09/11/2025 19:20,5874.13
09/11/2025 19:25,5928.33
09/11/2025 19:30,5850.16
09/11/2025 19:35,6002.98
09/11/2025 19:40,5799.24
09/11/2025 19:45,6028.95
09/11/2025 19:50,5992.66
09/11/2025 19:55,5905.06
09/11/2025 20:00,5696.34
09/11/2025 20:05,6058.97
09/11/2025 20:10,5752.38
09/11/2025 20:15,5990.34
09/11/2025 20:20,5804.39
09/11/2025 20:25,6057.75
09/11/2025 20:30,6023.43
09/11/2025 20:35,5719.75
09/11/2025 20:40,5747.71
09/11/2025 20:45,5462.81
09/11/2025 20:50,5890.0
09/11/2025 20:55,5852.51
09/11/2025 21:00,5955.7
09/11/2025 21:05,5661.53
09/11/2025 21:10,5764.84
09/11/2025 21:15,5752.13
09/11/2025 21:20,5613.76
09/11/2025 21:25,5733.26
09/11/2025 21:30,5747.09
09/11/2025 21:35,5865.22
09/11/2025 21:40,5748.7
09/11/2025 21:45,5552.96
09/11/2025 21:50,5516.9
09/11/2025 21:55,5723.99
09/11/2025 22:00,5025.67
09/11/2025 22:05,4906.45
09/11/2025 22:10,5162.4
09/11/2025 22:15,5013.41
09/11/2025 22:20,5097.6
09/11/2025 22:25,5160.52
09/11/2025 22:30,4730.36
09/11/2025 22:35,5235.55
09/11/2025 22:40,4735.07
09/11/2025 22:45,5071.08
09/11/2025 22:50,4641.48
09/11/2025 22:55,4860.35
09/11/2025 23:00,4868.96
09/11/2025 23:05,4552.17
09/11/2025 23:10,4586.79
09/11/2025 23:15,4559.59
09/11/2025 23:20,4677.82
09/11/2025 23:25,4744.57
09/11/2025 23:30,4702.15
09/11/2025 23:35,4286.87
09/11/2025 23:40,4440.42
09/11/2025 23:45,4523.91
09/11/2025 23:50,4391.0
09/11/2025 23:55,4483.07
10/11/2025 00:00,5227.16
10/11/2025 00:05,5606.63
10/11/2025 00:10,5287.52
10/11/2025 00:15,5550.6
10/11/2025 00:20,5528.25
10/11/2025 00:25,5223.7
10/11/2025 00:30,5610.94
10/11/2025 00:35,5610.43
10/11/2025 00:40,5262.7
10/11/2025 00:45,5395.37
10/11/2025 00:50,5065.06
10/11/2025 00:55,5267.47
10/11/2025 01:00,5394.9
10/11/2025 01:05,5269.87
10/11/2025 01:10,5005.74
10/11/2025 01:15,5322.12
10/11/2025 01:20,5130.59
10/11/2025 01:25,5145.4
10/11/2025 01:30,4982.23
10/11/2025 01:35,5272.12
10/11/2025 01:40,5415.61
10/11/2025 01:45,5215.5
10/11/2025 01:50,5144.04
10/11/2025 01:55,5373.61
10/11/2025 02:00,3845.45
10/11/2025 02:05,3864.97
10/11/2025 02:10,3790.95
10/11/2025 02:15,3821.14
10/11/2025 02:20,3876.69
10/11/2025 02:25,3666.3
10/11/2025 02:30,3664.62
10/11/2025 02:35,3649.29
10/11/2025 02:40,3677.89
10/11/2025 02:45,4066.12
10/11/2025 02:50,3886.44
10/11/2025 02:55,3998.01
10/11/2025 03:00,4078.53
10/11/2025 03:05,3498.56
10/11/2025 03:10,3773.1
10/11/2025 03:15,3515.53
10/11/2025 03:20,3941.9
10/11/2025 03:25,4082.04
10/11/2025 03:30,3797.29
10/11/2025 03:35,3690.44
10/11/2025 03:40,3838.29
10/11/2025 03:45,3600.82
10/11/2025 03:50,3966.38
10/11/2025 03:55,3782.32
10/11/2025 04:00,3913.07
10/11/2025 04:05,3473.57
10/11/2025 04:10,3842.29
10/11/2025 04:15,3758.07
10/11/2025 04:20,3853.12
10/11/2025 04:25,3763.66
10/11/2025 04:30,3520.63
10/11/2025 04:35,3780.44
10/11/2025 04:40,3767.34
10/11/2025 04:45,3821.97
10/11/2025 04:50,3884.59
10/11/2025 04:55,3862.17
10/11/2025 05:00,4164.79
10/11/2025 05:05,4326.45
10/11/2025 05:10,4030.13
10/11/2025 05:15,4140.83
10/11/2025 05:20,4571.17
10/11/2025 05:25,4395.62
10/11/2025 05:30,4420.42
10/11/2025 05:35,4489.72
10/11/2025 05:40,4497.8
10/11/2025 05:45,4367.23
10/11/2025 05:50,4391.28
10/11/2025 05:55,4531.54
10/11/2025 06:00,4480.03
10/11/2025 06:05,4721.18
10/11/2025 06:10,4646.47
10/11/2025 06:15,4502.81
10/11/2025 06:20,4445.92
10/11/2025 06:25,4674.02
10/11/2025 06:30,4646.06
10/11/2025 06:35,4571.41
10/11/2025 06:40,4521.91
10/11/2025 06:45,4680.08
10/11/2025 06:50,4679.98
10/11/2025 06:55,4629.07
10/11/2025 07:00,4799.48
10/11/2025 07:05,4920.77
10/11/2025 07:10,4508.4
10/11/2025 07:15,4341.59
10/11/2025 07:20,4605.77
10/11/2025 07:25,4789.75
10/11/2025 07:30,4782.19
10/11/2025 07:35,4782.59
10/11/2025 07:40,4703.72
10/11/2025 07:45,4845.16
10/11/2025 07:50,4628.66
10/11/2025 07:55,5183.92
10/11/2025 08:00,4650.23
10/11/2025 08:05,4595.12
10/11/2025 08:10,5039.45
10/11/2025 08:15,4869.35
10/11/2025 08:20,5069.83
10/11/2025 08:25,5048.17
10/11/2025 08:30,5414.92
10/11/2025 08:35,4934.18
10/11/2025 08:40,5099.67
10/11/2025 08:45,4587.15
10/11/2025 08:50,5015.88
10/11/2025 08:55,5010.83
10/11/2025 09:00,5434.3
10/11/2025 09:05,5720.52
10/11/2025 09:10,5822.87
10/11/2025 09:15,5742.11
10/11/2025 09:20,5510.31
10/11/2025 09:25,5592.53
10/11/2025 09:30,5611.33
10/11/2025 09:35,5840.06
10/11/2025 09:40,5926.69
10/11/2025 09:45,5687.8
10/11/2025 09:50,5722.2
10/11/2025 09:55,5960.7
10/11/2025 10:00,5874.86
10/11/2025 10:05,5576.78
10/11/2025 10:10,5802.54
10/11/2025 10:15,5673.23
10/11/2025 10:20,5788.34
10/11/2025 10:25,5546.82
10/11/2025 10:30,5957.39
10/11/2025 10:35,5798.45
10/11/2025 10:40,5800.55
10/11/2025 10:45,5617.14
10/11/2025 10:50,5822.67
10/11/2025 10:55,6004.31
10/11/2025 11:00,5911.85
10/11/2025 11:05,5967.71
10/11/2025 11:10,5594.95
10/11/2025 11:15,5698.86
10/11/2025 11:20,5743.38
10/11/2025 11:25,5728.35
10/11/2025 11:30,5932.43
10/11/2025 11:35,5818.51
10/11/2025 11:40,5559.26
10/11/2025 11:45,5839.22
10/11/2025 11:50,5648.32
10/11/2025 11:55,5698.22
10/11/2025 12:00,5168.61
10/11/2025 12:05,5423.45
10/11/2025 12:10,5026.52
10/11/2025 12:15,5451.29
10/11/2025 12:20,5126.52
10/11/2025 12:25,5346.99
10/11/2025 12:30,5237.84
10/11/2025 12:35,4940.06
10/11/2025 12:40,5129.71
10/11/2025 12:45,5138.88
10/11/2025 12:50,5218.29
10/11/2025 12:55,5296.58
10/11/2025 13:00,5039.97
10/11/2025 13:05,4826.88
10/11/2025 13:10,5256.57
10/11/2025 13:15,5179.04
10/11/2025 13:20,5299.05
10/11/2025 13:25,5133.97
10/11/2025 13:30,5160.53
10/11/2025 13:35,5050.84
10/11/2025 13:40,5275.47
10/11/2025 13:45,5150.71
10/11/2025 13:50,5101.06
10/11/2025 13:55,5181.9
10/11/2025 14:00,5397.88
10/11/2025 14:05,5125.88
10/11/2025 14:10,4957.93
10/11/2025 14:15,5053.3
10/11/2025 14:20,5031.54
10/11/2025 14:25,5023.21
10/11/2025 14:30,4887.44
10/11/2025 14:35,4886.34
10/11/2025 14:40,5100.56
10/11/2025 14:45,4594.18
10/11/2025 14:50,4616.12
10/11/2025 14:55,5111.77
10/11/2025 15:00,5147.16
10/11/2025 15:05,5044.7
10/11/2025 15:10,5167.35
10/11/2025 15:15,5303.73
10/11/2025 15:20,4904.24
10/11/2025 15:25,5266.77
10/11/2025 15:30,4727.52
10/11/2025 15:35,5184.13
10/11/2025 15:40,5033.56
10/11/2025 15:45,5135.61
10/11/2025 15:50,5265.21
10/11/2025 15:55,5475.56
10/11/2025 16:00,5094.84
10/11/2025 16:05,5121.74
10/11/2025 16:10,5426.47
10/11/2025 16:15,5376.69
10/11/2025 16:20,5377.38
10/11/2025 16:25,5317.66
10/11/2025 16:30,5159.82
10/11/2025 16:35,5165.38
10/11/2025 16:40,5455.9
10/11/2025 16:45,5659.83
10/11/2025 16:50,5333.78
10/11/2025 16:55,5510.79
10/11/2025 17:00,5619.78
10/11/2025 17:05,5636.75
10/11/2025 17:10,5544.6
10/11/2025 17:15,5697.38
10/11/2025 17:20,6076.78
10/11/2025 17:25,5708.83
10/11/2025 17:30,5786.45
10/11/2025 17:35,5909.12
10/11/2025 17:40,6025.73
10/11/2025 17:45,5953.02
10/11/2025 17:50,5907.55
10/11/2025 17:55,5912.45
10/11/2025 18:00,5761.6
10/11/2025 18:05,5953.18
10/11/2025 18:10,6015.56
10/11/2025 18:15,6019.37
10/11/2025 18:20,5969.97
10/11/2025 18:25,5855.1
10/11/2025 18:30,6277.45
10/11/2025 18:35,5898.41
10/11/2025 18:40,5985.9
10/11/2025 18:45,6177.59
10/11/2025 18:50,6106.07
10/11/2025 18:55,6149.48
10/11/2025 19:00,6239.3
10/11/2025 19:05,6369.72
10/11/2025 19:10,6256.6
10/11/2025 19:15,6297.26
10/11/2025 19:20,6476.27
10/11/2025 19:25,5878.45
10/11/2025 19:30,6263.29
10/11/2025 19:35,6398.46
10/11/2025 19:40,6491.47
10/11/2025 19:45,6345.0
10/11/2025 19:50,6014.14
10/11/2025 19:55,6482.42
10/11/2025 20:00,6267.54
10/11/2025 20:05,6407.8
10/11/2025 20:10,6270.05
10/11/2025 20:15,6408.65
10/11/2025 20:20,6418.58
10/11/2025 20:25,6306.77
10/11/2025 20:30,6294.05
10/11/2025 20:35,6193.54
10/11/2025 20:40,6176.99
10/11/2025 20:45,6179.93
10/11/2025 20:50,6123.39
10/11/2025 20:55,6416.14
10/11/2025 21:00,6264.39
10/11/2025 21:05,6209.92
10/11/2025 21:10,6469.84
10/11/2025 21:15,6334.16
10/11/2025 21:20,6060.95
10/11/2025 21:25,6004.91
10/11/2025 21:30,6065.18
10/11/2025 21:35,5963.68
10/11/2025 21:40,6010.35
10/11/2025 21:45,6129.43
10/11/2025 21:50,6049.39
10/11/2025 21:55,6101.16
10/11/2025 22:00,5738.32
10/11/2025 22:05,5370.26
10/11/2025 22:10,5501.33
10/11/2025 22:15,5590.3
10/11/2025 22:20,5698.42
10/11/2025 22:25,5651.12
10/11/2025 22:30,5581.8
10/11/2025 22:35,5654.88
10/11/2025 22:40,5442.69
10/11/2025 22:45,5372.72
10/11/2025 22:50,5421.5
10/11/2025 22:55,4783.34
10/11/2025 23:00,5072.17
10/11/2025 23:05,5065.36
10/11/2025 23:10,4826.5
10/11/2025 23:15,5353.59
10/11/2025 23:20,5096.78
10/11/2025 23:25,5155.3
10/11/2025 23:30,5360.6
10/11/2025 23:35,4801.6
10/11/2025 23:40,4618.86
10/11/2025 23:45,4849.42
10/11/2025 23:50,4759.4
10/11/2025 23:55,4970.49
11/11/2025 00:00,5085.56
11/11/2025 00:05,5219.52
11/11/2025 00:10,5259.37
11/11/2025 00:15,5035.1
11/11/2025 00:20,5088.89
11/11/2025 00:25,5245.48
11/11/2025 00:30,5148.46
11/11/2025 00:35,5232.1
11/11/2025 00:40,5128.51
11/11/2025 00:45,5151.05
11/11/2025 00:50,4936.94
11/11/2025 00:55,5343.6
11/11/2025 01:00,5132.99
11/11/2025 01:05,5158.12
11/11/2025 01:10,5053.1
11/11/2025 01:15,5307.86
11/11/2025 01:20,5228.33
11/11/2025 01:25,5490.64
11/11/2025 01:30,5045.28
11/11/2025 01:35,5430.59
11/11/2025 01:40,5156.55
11/11/2025 01:45,5253.71
11/11/2025 01:50,5182.19
11/11/2025 01:55,5225.37
11/11/2025 02:00,3852.61
11/11/2025 02:05,3912.73
11/11/2025 02:10,3767.39
11/11/2025 02:15,3800.63
11/11/2025 02:20,3972.27
11/11/2025 02:25,3797.77
11/11/2025 02:30,3768.5
11/11/2025 02:35,3826.53
11/11/2025 02:40,3755.58
11/11/2025 02:45,3705.34
11/11/2025 02:50,3748.02
11/11/2025 02:55,3907.47
11/11/2025 03:00,3641.77
11/11/2025 03:05,3877.81
11/11/2025 03:10,3957.24
11/11/2025 03:15,4061.17
11/11/2025 03:20,3686.4
11/11/2025 03:25,3754.7
11/11/2025 03:30,3844.59
11/11/2025 03:35,3897.0
11/11/2025 03:40,3718.25
11/11/2025 03:45,3900.98
11/11/2025 03:50,3895.88
11/11/2025 03:55,3790.05
11/11/2025 04:00,3800.22
11/11/2025 04:05,3637.12
11/11/2025 04:10,3847.6
11/11/2025 04:15,3599.54
11/11/2025 04:20,3823.41
11/11/2025 04:25,3529.52
11/11/2025 04:30,3827.96
11/11/2025 04:35,3792.45
11/11/2025 04:40,4058.91
11/11/2025 04:45,3846.93
11/11/2025 04:50,3940.58
11/11/2025 04:55,3729.81
11/11/2025 05:00,4220.09
11/11/2025 05:05,4332.85
11/11/2025 05:10,4280.15
11/11/2025 05:15,4365.47
11/11/2025 05:20,4097.32
11/11/2025 05:25,4537.22
11/11/2025 05:30,4629.21
11/11/2025 05:35,4585.99
11/11/2025 05:40,4592.23
11/11/2025 05:45,4323.4
11/11/2025 05:50,4468.0
11/11/2025 05:55,4627.88
11/11/2025 06:00,4541.17
11/11/2025 06:05,4526.42
11/11/2025 06:10,4661.08
11/11/2025 06:15,4497.09
11/11/2025 06:20,4529.69
11/11/2025 06:25,4549.6
11/11/2025 06:30,4727.57
11/11/2025 06:35,4493.78
11/11/2025 06:40,4617.09
11/11/2025 06:45,4839.99
11/11/2025 06:50,4681.3
11/11/2025 06:55,4838.46
11/11/2025 07:00,4394.42
11/11/2025 07:05,4844.44
11/11/2025 07:10,4829.62
11/11/2025 07:15,4769.77
11/11/2025 07:20,4895.9
11/11/2025 07:25,4910.13
11/11/2025 07:30,4813.29
11/11/2025 07:35,4885.31
11/11/2025 07:40,4497.97
11/11/2025 07:45,4973.8
11/11/2025 07:50,4945.01
11/11/2025 07:55,4778.74
11/11/2025 08:00,4923.39
11/11/2025 08:05,5238.6
11/11/2025 08:10,4816.06
11/11/2025 08:15,5202.96
11/11/2025 08:20,4891.37
11/11/2025 08:25,5184.21
11/11/2025 08:30,4960.34
11/11/2025 08:35,4727.48
11/11/2025 08:40,5115.3
11/11/2025 08:45,5097.62
11/11/2025 08:50,5051.62
11/11/2025 08:55,5158.39
11/11/2025 09:00,5782.58
11/11/2025 09:05,5614.02
11/11/2025 09:10,5546.86
11/11/2025 09:15,5845.49
11/11/2025 09:20,6012.84
11/11/2025 09:25,5452.17
11/11/2025 09:30,5860.64
11/11/2025 09:35,5716.63
11/11/2025 09:40,5289.72
11/11/2025 09:45,5768.91
11/11/2025 09:50,5630.72
11/11/2025 09:55,5770.14
11/11/2025 10:00,5637.01
11/11/2025 10:05,5806.88
11/11/2025 10:10,5964.02
11/11/2025 10:15,5622.06
11/11/2025 10:20,5706.63
11/11/2025 10:25,5878.05
11/11/2025 10:30,5798.04
11/11/2025 10:35,5564.95
11/11/2025 10:40,5607.63
11/11/2025 10:45,5728.4
11/11/2025 10:50,5802.0
11/11/2025 10:55,5736.05
11/11/2025 11:00,5858.5
11/11/2025 11:05,5687.93
11/11/2025 11:10,5720.77
11/11/2025 11:15,5688.46
11/11/2025 11:20,5898.68
11/11/2025 11:25,5925.05
11/11/2025 11:30,5609.0
11/11/2025 11:35,5696.28
11/11/2025 11:40,5645.13
11/11/2025 11:45,5586.94
11/11/2025 11:50,5396.62
11/11/2025 11:55,5604.03
11/11/2025 12:00,5291.34
11/11/2025 12:05,5330.89
11/11/2025 12:10,5336.23
11/11/2025 12:15,5474.91
11/11/2025 12:20,5507.23
11/11/2025 12:25,4971.43
11/11/2025 12:30,5185.63
11/11/2025 12:35,5279.96
11/11/2025 12:40,5189.64
11/11/2025 12:45,5292.12
11/11/2025 12:50,5129.38
11/11/2025 12:55,5056.6
11/11/2025 13:00,5034.4
11/11/2025 13:05,4907.78
11/11/2025 13:10,4796.4
11/11/2025 13:15,5137.8
11/11/2025 13:20,5228.24
11/11/2025 13:25,5150.38
11/11/2025 13:30,5077.01
11/11/2025 13:35,5409.88
11/11/2025 13:40,5150.73
11/11/2025 13:45,5156.59
11/11/2025 13:50,5027.18
11/11/2025 13:55,4915.73
11/11/2025 14:00,5166.37
11/11/2025 14:05,5063.24
11/11/2025 14:10,4997.41
11/11/2025 14:15,4914.32
11/11/2025 14:20,5236.55
11/11/2025 14:25,5266.48
11/11/2025 14:30,5061.82
11/11/2025 14:35,5180.98
11/11/2025 14:40,5021.89
11/11/2025 14:45,5107.55
11/11/2025 14:50,4982.8
11/11/2025 14:55,4976.84
11/11/2025 15:00,4936.4
11/11/2025 15:05,5126.97
11/11/2025 15:10,5116.76
11/11/2025 15:15,5053.22
11/11/2025 15:20,5120.01
11/11/2025 15:25,5341.67
11/11/2025 15:30,5258.85
11/11/2025 15:35,5361.24
11/11/2025 15:40,5035.78
11/11/2025 15:45,5066.52
11/11/2025 15:50,5463.28
11/11/2025 15:55,5092.73
11/11/2025 16:00,5572.99
11/11/2025 16:05,5038.75
11/11/2025 16:10,5170.16
11/11/2025 16:15,5565.82
11/11/2025 16:20,5287.36
11/11/2025 16:25,5251.09
11/11/2025 16:30,5514.62
11/11/2025 16:35,5440.47
11/11/2025 16:40,5472.76
11/11/2025 16:45,5571.91
11/11/2025 16:50,5673.55
11/11/2025 16:55,5337.93
11/11/2025 17:00,5697.88
11/11/2025 17:05,5839.67
11/11/2025 17:10,5671.7
11/11/2025 17:15,5606.93
11/11/2025 17:20,5767.16
11/11/2025 17:25,5894.42
11/11/2025 17:30,5903.25
11/11/2025 17:35,5515.1
11/11/2025 17:40,5836.86
11/11/2025 17:45,6003.56
11/11/2025 17:50,5876.27
11/11/2025 17:55,5804.6
11/11/2025 18:00,6119.63
11/11/2025 18:05,6154.65
11/11/2025 18:10,5507.56
11/11/2025 18:15,5992.96
11/11/2025 18:20,6067.61
11/11/2025 18:25,6212.16
11/11/2025 18:30,6039.31
11/11/2025 18:35,6220.89
11/11/2025 18:40,6032.04
11/11/2025 18:45,6102.54
11/11/2025 18:50,6101.77
11/11/2025 18:55,5950.84
11/11/2025 19:00,6419.75
11/11/2025 19:05,6162.69
11/11/2025 19:10,6033.26
11/11/2025 19:15,6472.26
11/11/2025 19:20,6479.84
11/11/2025 19:25,6487.57
11/11/2025 19:30,6333.5
11/11/2025 19:35,6290.61
11/11/2025 19:40,6211.92
11/11/2025 19:45,6303.34
11/11/2025 19:50,6042.98
11/11/2025 19:55,6323.58
11/11/2025 20:00,6324.5
11/11/2025 20:05,6311.18
11/11/2025 20:10,6323.51
11/11/2025 20:15,6107.02
11/11/2025 20:20,6221.62
11/11/2025 20:25,6360.25
11/11/2025 20:30,6289.61
11/11/2025 20:35,6280.96
11/11/2025 20:40,6504.04
11/11/2025 20:45,6242.46
11/11/2025 20:50,5976.19
11/11/2025 20:55,6118.24
11/11/2025 21:00,6119.44
11/11/2025 21:05,6241.0
11/11/2025 21:10,6238.78
11/11/2025 21:15,6284.47
11/11/2025 21:20,6389.14
11/11/2025 21:25,6059.89
11/11/2025 21:30,6139.56
11/11/2025 21:35,6040.93
11/11/2025 21:40,6042.86
11/11/2025 21:45,6028.51
11/11/2025 21:50,6134.35
11/11/2025 21:55,6022.15
11/11/2025 22:00,5329.49
11/11/2025 22:05,5705.56
11/11/2025 22:10,5419.7
11/11/2025 22:15,5666.47
11/11/2025 22:20,5478.74
11/11/2025 22:25,5250.78
11/11/2025 22:30,5162.76
11/11/2025 22:35,5305.82
11/11/2025 22:40,5205.62
11/11/2025 22:45,5281.84
11/11/2025 22:50,5382.93
11/11/2025 22:55,5254.68
11/11/2025 23:00,5202.16
11/11/2025 23:05,4989.9
11/11/2025 23:10,5341.69
11/11/2025 23:15,5117.31
11/11/2025 23:20,5133.66
11/11/2025 23:25,5138.14
11/11/2025 23:30,4915.66
11/11/2025 23:35,4967.29
11/11/2025 23:40,5125.8
11/11/2025 23:45,5022.14
11/11/2025 23:50,5017.25
11/11/2025 23:55,4872.25
12/11/2025 00:00,5328.58
12/11/2025 00:05,5267.59
12/11/2025 00:10,4846.13
12/11/2025 00:15,5323.35
12/11/2025 00:20,5291.02
12/11/2025 00:25,5206.03
12/11/2025 00:30,5418.43
12/11/2025 00:35,5307.4
12/11/2025 00:40,5268.88
12/11/2025 00:45,5321.69
12/11/2025 00:50,5311.67
12/11/2025 00:55,5175.17
12/11/2025 01:00,5197.1
12/11/2025 01:05,4948.4
12/11/2025 01:10,5128.4
12/11/2025 01:15,5040.92
12/11/2025 01:20,5230.96
12/11/2025 01:25,5226.55
12/11/2025 01:30,5314.52
12/11/2025 01:35,5116.55
12/11/2025 01:40,5214.7
12/11/2025 01:45,5241.58
12/11/2025 01:50,5263.93
12/11/2025 01:55,5150.24
12/11/2025 02:00,3873.13
12/11/2025 02:05,3869.67
12/11/2025 02:10,3860.49
12/11/2025 02:15,3817.38
12/11/2025 02:20,3673.0
12/11/2025 02:25,3636.49
12/11/2025 02:30,3890.53
12/11/2025 02:35,4051.26
12/11/2025 02:40,3666.92
12/11/2025 02:45,3777.94
12/11/2025 02:50,3636.29
12/11/2025 02:55,3969.75
12/11/2025 03:00,3621.23
12/11/2025 03:05,3789.8
12/11/2025 03:10,3656.02
12/11/2025 03:15,3599.5
12/11/2025 03:20,4025.55
12/11/2025 03:25,3597.53
12/11/2025 03:30,3908.9
12/11/2025 03:35,3474.42
12/11/2025 03:40,3924.23
12/11/2025 03:45,3616.58
12/11/2025 03:50,3980.89
12/11/2025 03:55,3671.51
12/11/2025 04:00,3700.39
12/11/2025 04:05,3734.9
12/11/2025 04:10,3813.03
12/11/2025 04:15,4249.05
12/11/2025 04:20,3601.11
12/11/2025 04:25,3770.53
12/11/2025 04:30,3741.29
12/11/2025 04:35,4079.92
12/11/2025 04:40,3743.27
12/11/2025 04:45,3762.83
12/11/2025 04:50,3513.93
12/11/2025 04:55,3940.63
12/11/2025 05:00,4426.34
12/11/2025 05:05,4401.98
12/11/2025 05:10,4475.41
12/11/2025 05:15,4508.87
12/11/2025 05:20,4453.37
12/11/2025 05:25,4363.57
12/11/2025 05:30,4552.57
12/11/2025 05:35,4359.84
12/11/2025 05:40,4568.3
12/11/2025 05:45,4326.66
12/11/2025 05:50,4606.2
12/11/2025 05:55,4108.51
12/11/2025 06:00,4511.64
12/11/2025 06:05,4268.36
12/11/2025 06:10,4453.37
12/11/2025 06:15,4805.61
12/11/2025 06:20,4516.28
12/11/2025 06:25,4682.68
12/11/2025 06:30,4441.94
12/11/2025 06:35,4602.46
12/11/2025 06:40,4561.75
12/11/2025 06:45,4800.4
12/11/2025 06:50,4639.56
12/11/2025 06:55,4715.62
12/11/2025 07:00,4626.78
12/11/2025 07:05,4809.09
12/11/2025 07:10,4610.84
12/11/2025 07:15,4498.57
12/11/2025 07:20,4870.3
12/11/2025 07:25,4881.51
12/11/2025 07:30,4865.43
12/11/2025 07:35,4776.81
12/11/2025 07:40,4773.85
12/11/2025 07:45,4854.82
12/11/2025 07:50,4896.74
12/11/2025 07:55,4919.57
12/11/2025 08:00,4869.74
12/11/2025 08:05,4906.25
12/11/2025 08:10,4804.04
12/11/2025 08:15,5001.46
12/11/2025 08:20,4933.75
12/11/2025 08:25,4726.96
12/11/2025 08:30,4686.32
12/11/2025 08:35,4904.11
12/11/2025 08:40,4997.55
12/11/2025 08:45,5227.68
12/11/2025 08:50,5071.94
12/11/2025 08:55,5216.03
12/11/2025 09:00,5527.95
12/11/2025 09:05,5698.01
12/11/2025 09:10,5752.1
12/11/2025 09:15,5310.15
12/11/2025 09:20,5608.54
12/11/2025 09:25,5682.12
12/11/2025 09:30,5810.33
12/11/2025 09:35,5621.55
12/11/2025 09:40,5686.29
12/11/2025 09:45,5784.25
12/11/2025 09:50,5726.05
12/11/2025 09:55,5764.94
12/11/2025 10:00,5744.86
12/11/2025 10:05,5817.58
12/11/2025 10:10,5678.79
12/11/2025 10:15,6014.04
12/11/2025 10:20,5872.77
12/11/2025 10:25,5772.85
12/11/2025 10:30,5825.71
12/11/2025 10:35,5654.62
12/11/2025 10:40,5765.84
12/11/2025 10:45,5735.31
12/11/2025 10:50,5820.01
12/11/2025 10:55,5987.7
12/11/2025 11:00,5770.45
12/11/2025 11:05,6151.5
12/11/2025 11:10,5684.0
12/11/2025 11:15,5988.3
12/11/2025 11:20,5601.98
12/11/2025 11:25,5636.78
12/11/2025 11:30,5547.49
12/11/2025 11:35,5460.44
12/11/2025 11:40,5587.07
12/11/2025 11:45,5852.39
12/11/2025 11:50,5589.96
12/11/2025 11:55,5660.98
12/11/2025 12:00,5053.11
12/11/2025 12:05,5411.77
12/11/2025 12:10,5042.82
12/11/2025 12:15,5774.65
12/11/2025 12:20,5392.18
12/11/2025 12:25,5284.07
12/11/2025 12:30,5026.38
12/11/2025 12:35,5211.43
12/11/2025 12:40,5369.7
12/11/2025 12:45,5177.85
12/11/2025 12:50,5300.48
12/11/2025 12:55,5233.22
12/11/2025 13:00,5371.51
12/11/2025 13:05,4911.13
12/11/2025 13:10,5247.32
12/11/2025 13:15,5052.55
12/11/2025 13:20,5238.82
12/11/2025 13:25,5346.16
12/11/2025 13:30,5028.32
12/11/2025 13:35,5006.73
12/11/2025 13:40,4906.95
12/11/2025 13:45,5183.99
12/11/2025 13:50,4991.92
12/11/2025 13:55,5120.58
12/11/2025 14:00,5037.54
12/11/2025 14:05,4950.7
12/11/2025 14:10,5274.98
12/11/2025 14:15,4764.74
12/11/2025 14:20,5026.36
12/11/2025 14:25,5137.48
12/11/2025 14:30,4950.08
12/11/2025 14:35,5016.47
12/11/2025 14:40,4973.39
12/11/2025 14:45,4922.72
12/11/2025 14:50,5160.63
12/11/2025 14:55,4880.45
12/11/2025 15:00,4651.69
12/11/2025 15:05,4854.0
12/11/2025 15:10,4825.9
12/11/2025 15:15,5277.48
12/11/2025 15:20,5192.6
12/11/2025 15:25,4609.77
12/11/2025 15:30,5473.66
12/11/2025 15:35,5121.04
12/11/2025 15:40,5207.55
12/11/2025 15:45,5473.28
12/11/2025 15:50,5161.37
12/11/2025 15:55,5339.07
12/11/2025 16:00,5522.68
12/11/2025 16:05,5424.88
12/11/2025 16:10,5293.04
12/11/2025 16:15,5308.63
12/11/2025 16:20,5179.07
12/11/2025 16:25,5540.69
12/11/2025 16:30,5628.0
12/11/2025 16:35,5422.36
12/11/2025 16:40,5132.27
12/11/2025 16:45,5253.58
12/11/2025 16:50,5486.85
12/11/2025 16:55,5764.87
12/11/2025 17:00,5759.07
12/11/2025 17:05,5658.09
12/11/2025 17:10,5584.1
12/11/2025 17:15,5743.8
12/11/2025 17:20,5803.21
12/11/2025 17:25,5665.94
12/11/2025 17:30,5868.26
12/11/2025 17:35,5557.27
12/11/2025 17:40,5741.53
12/11/2025 17:45,5537.08
12/11/2025 17:50,5837.27
12/11/2025 17:55,5806.67
12/11/2025 18:00,5942.29
12/11/2025 18:05,6107.34
12/11/2025 18:10,6007.86
12/11/2025 18:15,6061.11
12/11/2025 18:20,6166.53
12/11/2025 18:25,6246.17
12/11/2025 18:30,6013.44
12/11/2025 18:35,6113.17
12/11/2025 18:40,6240.32
12/11/2025 18:45,6217.36
12/11/2025 18:50,5989.09
12/11/2025 18:55,6455.09
12/11/2025 19:00,6324.27
12/11/2025 19:05,6518.63
12/11/2025 19:10,6242.45
12/11/2025 19:15,6136.51
12/11/2025 19:20,6027.04
12/11/2025 19:25,6289.7
12/11/2025 19:30,6316.04
12/11/2025 19:35,6446.42
12/11/2025 19:40,6204.68
12/11/2025 19:45,6161.72
12/11/2025 19:50,6292.74
12/11/2025 19:55,6385.0
12/11/2025 20:00,6262.81
12/11/2025 20:05,6457.08
12/11/2025 20:10,6285.91
12/11/2025 20:15,6452.67
12/11/2025 20:20,6250.79
12/11/2025 20:25,6631.41
12/11/2025 20:30,6354.22
12/11/2025 20:35,6256.19
12/11/2025 20:40,6422.38
12/11/2025 20:45,6303.28
12/11/2025 20:50,6104.39
12/11/2025 20:55,6090.17
12/11/2025 21:00,6372.38
12/11/2025 21:05,6074.07
12/11/2025 21:10,6153.22
12/11/2025 21:15,6177.02
12/11/2025 21:20,6359.17
12/11/2025 21:25,6000.46
12/11/2025 21:30,6264.9
12/11/2025 21:35,6505.14
12/11/2025 21:40,6229.74
12/11/2025 21:45,6018.19
12/11/2025 21:50,6117.48
12/11/2025 21:55,6008.01
12/11/2025 22:00,5506.56
12/11/2025 22:05,5418.87
12/11/2025 22:10,5740.76
12/11/2025 22:15,5447.63
12/11/2025 22:20,5492.79
12/11/2025 22:25,5677.63
12/11/2025 22:30,5433.52
12/11/2025 22:35,5260.1
12/11/2025 22:40,5419.92
12/11/2025 22:45,5392.8
12/11/2025 22:50,5322.49
12/11/2025 22:55,5161.49
12/11/2025 23:00,5185.77
12/11/2025 23:05,5296.86
12/11/2025 23:10,5015.22
12/11/2025 23:15,5138.87
12/11/2025 23:20,4919.45
12/11/2025 23:25,4935.25
12/11/2025 23:30,5203.51
12/11/2025 23:35,4975.46
12/11/2025 23:40,4890.46
12/11/2025 23:45,4981.84
12/11/2025 23:50,4552.69
12/11/2025 23:55,4965.26
13/11/2025 00:00,5230.4
13/11/2025 00:05,5360.8
13/11/2025 00:10,5214.77
13/11/2025 00:15,5237.71
13/11/2025 00:20,5077.02
13/11/2025 00:25,5209.97
13/11/2025 00:30,5217.7
13/11/2025 00:35,5166.78
13/11/2025 00:40,5110.49
13/11/2025 00:45,5181.77
13/11/2025 00:50,5388.91
13/11/2025 00:55,5203.01
13/11/2025 01:00,5192.83
13/11/2025 01:05,5132.66
13/11/2025 01:10,4922.26
13/11/2025 01:15,5249.47
13/11/2025 01:20,5296.64
13/11/2025 01:25,5090.84
13/11/2025 01:30,5177.95
13/11/2025 01:35,5305.3
13/11/2025 01:40,5187.78
13/11/2025 01:45,5196.27
13/11/2025 01:50,5237.51
13/11/2025 01:55,5290.88
13/11/2025 02:00,4065.33
13/11/2025 02:05,3922.59
13/11/2025 02:10,3661.4
13/11/2025 02:15,3777.71
13/11/2025 02:20,3871.09
13/11/2025 02:25,3734.37
13/11/2025 02:30,3832.5
13/11/2025 02:35,3816.86
13/11/2025 02:40,3977.14
13/11/2025 02:45,3758.48
13/11/2025 02:50,3829.82
13/11/2025 02:55,3633.25
13/11/2025 03:00,3850.02
13/11/2025 03:05,3785.87
13/11/2025 03:10,3780.44
13/11/2025 03:15,3618.49
13/11/2025 03:20,3705.82
13/11/2025 03:25,4132.55
13/11/2025 03:30,3491.72
13/11/2025 03:35,3806.31
13/11/2025 03:40,3408.82
13/11/2025 03:45,3933.58
13/11/2025 03:50,4025.73
13/11/2025 03:55,3832.94
13/11/2025 04:00,3900.39
13/11/2025 04:05,3629.52
13/11/2025 04:10,3557.7
13/11/2025 04:15,3673.61
13/11/2025 04:20,3947.52
13/11/2025 04:25,4020.5
13/11/2025 04:30,3865.17
13/11/2025 04:35,3611.58
13/11/2025 04:40,4007.94
13/11/2025 04:45,4066.97
13/11/2025 04:50,3687.53
13/11/2025 04:55,3797.01
13/11/2025 05:00,4279.5
13/11/2025 05:05,4379.82
13/11/2025 05:10,4356.01
13/11/2025 05:15,4602.78
13/11/2025 05:20,4439.53
13/11/2025 05:25,4569.72
13/11/2025 05:30,4526.67
13/11/2025 05:35,4660.6
13/11/2025 05:40,4499.89
13/11/2025 05:45,4578.43
13/11/2025 05:50,4410.98
13/11/2025 05:55,4503.73
13/11/2025 06:00,4411.89
13/11/2025 06:05,4509.23
13/11/2025 06:10,4526.32
13/11/2025 06:15,4633.88
13/11/2025 06:20,4796.96
13/11/2025 06:25,4741.55
13/11/2025 06:30,4597.97
13/11/2025 06:35,4545.89
13/11/2025 06:40,4663.32
13/11/2025 06:45,4632.82
13/11/2025 06:50,4628.98
13/11/2025 06:55,4766.75
13/11/2025 07:00,4664.46
13/11/2025 07:05,4671.28
13/11/2025 07:10,4843.93
13/11/2025 07:15,4817.9
13/11/2025 07:20,4766.38
13/11/2025 07:25,4897.11
13/11/2025 07:30,4921.67
13/11/2025 07:35,4965.07
13/11/2025 07:40,4927.0
13/11/2025 07:45,4838.09
13/11/2025 07:50,4810.38
13/11/2025 07:55,4909.36
13/11/2025 08:00,4649.52
13/11/2025 08:05,4808.19
13/11/2025 08:10,4922.81
13/11/2025 08:15,5106.02
13/11/2025 08:20,4805.15
13/11/2025 08:25,5030.64
13/11/2025 08:30,4876.96
13/11/2025 08:35,4971.42
13/11/2025 08:40,5189.7
13/11/2025 08:45,5068.43
13/11/2025 08:50,5034.42
13/11/2025 08:55,5000.93
13/11/2025 09:00,5789.75
13/11/2025 09:05,5832.69
13/11/2025 09:10,5831.05
13/11/2025 09:15,5781.02
13/11/2025 09:20,5560.89
13/11/2025 09:25,5795.62
13/11/2025 09:30,5625.85
13/11/2025 09:35,5658.71
13/11/2025 09:40,5989.49
13/11/2025 09:45,5894.27
13/11/2025 09:50,5660.86
13/11/2025 09:55,5830.69
13/11/2025 10:00,5987.24
13/11/2025 10:05,5646.64
13/11/2025 10:10,5862.32
13/11/2025 10:15,5760.12
13/11/2025 10:20,5991.97
13/11/2025 10:25,5797.45
13/11/2025 10:30,5789.17
13/11/2025 10:35,5614.81
13/11/2025 10:40,5909.84
13/11/2025 10:45,6006.86
13/11/2025 10:50,5916.81
13/11/2025 10:55,5850.95
13/11/2025 11:00,5813.53
13/11/2025 11:05,5374.46
13/11/2025 11:10,5755.62
13/11/2025 11:15,5802.22
13/11/2025 11:20,5777.85
13/11/2025 11:25,5848.63
13/11/2025 11:30,5554.2
13/11/2025 11:35,5763.34
13/11/2025 11:40,5863.39
13/11/2025 11:45,5810.52
13/11/2025 11:50,5843.81
13/11/2025 11:55,5854.7
13/11/2025 12:00,5299.5
13/11/2025 12:05,5260.32
13/11/2025 12:10,5212.36
13/11/2025 12:15,5038.7
13/11/2025 12:20,5430.19
13/11/2025 12:25,5247.2
13/11/2025 12:30,5371.61
13/11/2025 12:35,5261.82
13/11/2025 12:40,5233.18
13/11/2025 12:45,5298.09
13/11/2025 12:50,5428.26
13/11/2025 12:55,5254.81
13/11/2025 13:00,5139.07
13/11/2025 13:05,5347.78
13/11/2025 13:10,5097.81
13/11/2025 13:15,5049.29
13/11/2025 13:20,5210.17
13/11/2025 13:25,4994.63
13/11/2025 13:30,5180.01
13/11/2025 13:35,5370.11
13/11/2025 13:40,4861.32
13/11/2025 13:45,5276.25
13/11/2025 13:50,4881.31
13/11/2025 13:55,5280.95
13/11/2025 14:00,5158.97
13/11/2025 14:05,5110.91
13/11/2025 14:10,4791.39
13/11/2025 14:15,4901.16
13/11/2025 14:20,5297.72
13/11/2025 14:25,5120.82
13/11/2025 14:30,5107.31
13/11/2025 14:35,4793.99
13/11/2025 14:40,4990.36
13/11/2025 14:45,5001.46
13/11/2025 14:50,4916.81
13/11/2025 14:55,5166.73
13/11/2025 15:00,4827.66
13/11/2025 15:05,5006.6
13/11/2025 15:10,5226.3
13/11/2025 15:15,5267.59
13/11/2025 15:20,5110.7
13/11/2025 15:25,5218.95
13/11/2025 15:30,5412.13
13/11/2025 15:35,5136.64
13/11/2025 15:40,5319.39
13/11/2025 15:45,5374.66
13/11/2025 15:50,5407.85
13/11/2025 15:55,5359.13
13/11/2025 16:00,5176.94
13/11/2025 16:05,5101.04
13/11/2025 16:10,5215.95
13/11/2025 16:15,5259.26
13/11/2025 16:20,5466.53
13/11/2025 16:25,5399.05
13/11/2025 16:30,5501.48
13/11/2025 16:35,5488.55
13/11/2025 16:40,5335.37
13/11/2025 16:45,5553.27
13/11/2025 16:50,5416.63
13/11/2025 16:55,5349.58
13/11/2025 17:00,5523.34
13/11/2025 17:05,5645.99
13/11/2025 17:10,5526.46
13/11/2025 17:15,5253.15
13/11/2025 17:20,5753.2
13/11/2025 17:25,5592.34
13/11/2025 17:30,5484.48
13/11/2025 17:35,5507.17
13/11/2025 17:40,5842.72
13/11/2025 17:45,5783.38
13/11/2025 17:50,6004.04
13/11/2025 17:55,5592.15
13/11/2025 18:00,5963.49
13/11/2025 18:05,6308.63
13/11/2025 18:10,6019.66
13/11/2025 18:15,5946.62
13/11/2025 18:20,6014.0
13/11/2025 18:25,6091.86
13/11/2025 18:30,6056.47
13/11/2025 18:35,6112.97
13/11/2025 18:40,6189.68
13/11/2025 18:45,6342.94
13/11/2025 18:50,6146.36
13/11/2025 18:55,6013.26
13/11/2025 19:00,6121.46
13/11/2025 19:05,5767.08
13/11/2025 19:10,6264.33
13/11/2025 19:15,6234.62
13/11/2025 19:20,6276.09
13/11/2025 19:25,5709.93
13/11/2025 19:30,6051.4
13/11/2025 19:35,6525.84
13/11/2025 19:40,6077.12
13/11/2025 19:45,6375.45
13/11/2025 19:50,6416.3
13/11/2025 19:55,6340.13
13/11/2025 20:00,6062.51
13/11/2025 20:05,6606.01
13/11/2025 20:10,6078.67
13/11/2025 20:15,6194.21
13/11/2025 20:20,6570.08
13/11/2025 20:25,6159.51
13/11/2025 20:30,6323.77
13/11/2025 20:35,6460.76
13/11/2025 20:40,6235.11
13/11/2025 20:45,6144.66
13/11/2025 20:50,6363.25
13/11/2025 20:55,6001.82
13/11/2025 21:00,6017.84
13/11/2025 21:05,6462.24
13/11/2025 21:10,6292.03
13/11/2025 21:15,6109.68
13/11/2025 21:20,5889.93
13/11/2025 21:25,5825.23
13/11/2025 21:30,6093.49
13/11/2025 21:35,6027.48
13/11/2025 21:40,6324.28
13/11/2025 21:45,6020.49
13/11/2025 21:50,5875.16
13/11/2025 21:55,5912.53
13/11/2025 22:00,5911.09
13/11/2025 22:05,5752.95
13/11/2025 22:10,5691.28
13/11/2025 22:15,5413.75
13/11/2025 22:20,5301.98
13/11/2025 22:25,5416.71
13/11/2025 22:30,5273.61
13/11/2025 22:35,5422.28
13/11/2025 22:40,5439.04
13/11/2025 22:45,5337.32
13/11/2025 22:50,5017.53
13/11/2025 22:55,5187.85
13/11/2025 23:00,5330.59
13/11/2025 23:05,5163.26
13/11/2025 23:10,5232.97
13/11/2025 23:15,4966.15
13/11/2025 23:20,5186.67
13/11/2025 23:25,4988.16
13/11/2025 23:30,4935.97
13/11/2025 23:35,5025.39
13/11/2025 23:40,4834.07
13/11/2025 23:45,4866.98
13/11/2025 23:50,4712.99
13/11/2025 23:55,4738.07
14/11/2025 00:00,5190.04
14/11/2025 00:05,4960.21
14/11/2025 00:10,5163.76
14/11/2025 00:15,5258.76
14/11/2025 00:20,5098.55
14/11/2025 00:25,5029.35
14/11/2025 00:30,5378.16
14/11/2025 00:35,5313.91
14/11/2025 00:40,5123.02
14/11/2025 00:45,5495.94
14/11/2025 00:50,5243.93
14/11/2025 00:55,5318.59
14/11/2025 01:00,4970.14
14/11/2025 01:05,5189.54
14/11/2025 01:10,5276.29
14/11/2025 01:15,5270.32
14/11/2025 01:20,5485.05
14/11/2025 01:25,5177.59
14/11/2025 01:30,5116.06
14/11/2025 01:35,5047.33
14/11/2025 01:40,5225.21
14/11/2025 01:45,5229.09
14/11/2025 01:50,5095.38
14/11/2025 01:55,5478.43
14/11/2025 02:00,3589.2
14/11/2025 02:05,3805.44
14/11/2025 02:10,3723.77
14/11/2025 02:15,3767.13
14/11/2025 02:20,3685.28
14/11/2025 02:25,3910.5
14/11/2025 02:30,3427.28
14/11/2025 02:35,3890.4
14/11/2025 02:40,3615.93
14/11/2025 02:45,4006.85
14/11/2025 02:50,3721.23
14/11/2025 02:55,3766.3
14/11/2025 03:00,3615.35
14/11/2025 03:05,4011.52
14/11/2025 03:10,3927.9
14/11/2025 03:15,3865.95
14/11/2025 03:20,3808.09
14/11/2025 03:25,3623.5
14/11/2025 03:30,3879.09
14/11/2025 03:35,3654.25
14/11/2025 03:40,3526.69
14/11/2025 03:45,4014.27
14/11/2025 03:50,3760.93
14/11/2025 03:55,4079.01
14/11/2025 04:00,3661.97
14/11/2025 04:05,3659.91
14/11/2025 04:10,3658.73
14/11/2025 04:15,3803.68
14/11/2025 04:20,3817.93
14/11/2025 04:25,3978.28
14/11/2025 04:30,3828.47
14/11/2025 04:35,4011.49
14/11/2025 04:40,3877.46
14/11/2025 04:45,3658.48
14/11/2025 04:50,3848.33
14/11/2025 04:55,3871.44
14/11/2025 05:00,4202.02
14/11/2025 05:05,4181.6
14/11/2025 05:10,4432.34
14/11/2025 05:15,4420.95
14/11/2025 05:20,4498.98
14/11/2025 05:25,4230.89
14/11/2025 05:30,4390.54
14/11/2025 05:35,4563.91
14/11/2025 05:40,4554.06
14/11/2025 05:45,4264.89
14/11/2025 05:50,4190.04
14/11/2025 05:55,4371.62
14/11/2025 06:00,4373.29
14/11/2025 06:05,4779.63
14/11/2025 06:10,4675.37
14/11/2025 06:15,4531.88
14/11/2025 06:20,4732.15
14/11/2025 06:25,4453.16
14/11/2025 06:30,4672.79
14/11/2025 06:35,4623.46
14/11/2025 06:40,4615.49
14/11/2025 06:45,4674.04
14/11/2025 06:50,4699.96
14/11/2025 06:55,4708.63
14/11/2025 07:00,4862.89
14/11/2025 07:05,4520.46
14/11/2025 07:10,4714.31
14/11/2025 07:15,4551.57
14/11/2025 07:20,4642.87
14/11/2025 07:25,4933.82
14/11/2025 07:30,4728.3
14/11/2025 07:35,4807.4
14/11/2025 07:40,4923.71
14/11/2025 07:45,4700.32
14/11/2025 07:50,4897.37
14/11/2025 07:55,4837.75
14/11/2025 08:00,5008.36
14/11/2025 08:05,4901.82
14/11/2025 08:10,4989.49
14/11/2025 08:15,4824.41
14/11/2025 08:20,4774.39
14/11/2025 08:25,5121.47
14/11/2025 08:30,4809.58
14/11/2025 08:35,4671.51
14/11/2025 08:40,5241.54
14/11/2025 08:45,5131.28
14/11/2025 08:50,4831.61
14/11/2025 08:55,5044.8
14/11/2025 09:00,5559.15
14/11/2025 09:05,5707.29
14/11/2025 09:10,5693.48
14/11/2025 09:15,5712.2
14/11/2025 09:20,5810.57
14/11/2025 09:25,5721.82
14/11/2025 09:30,5546.91
14/11/2025 09:35,5716.71
14/11/2025 09:40,5891.5
14/11/2025 09:45,5749.02
14/11/2025 09:50,5715.22
14/11/2025 09:55,5890.06
14/11/2025 10:00,5955.24
14/11/2025 10:05,5878.66
14/11/2025 10:10,5898.01
14/11/2025 10:15,5802.41
14/11/2025 10:20,5577.12
14/11/2025 10:25,5661.44
14/11/2025 10:30,5871.15
14/11/2025 10:35,5761.69
14/11/2025 10:40,6018.23
14/11/2025 10:45,5693.88
14/11/2025 10:50,5875.4
14/11/2025 10:55,5735.25
14/11/2025 11:00,5842.22
14/11/2025 11:05,5745.31
14/11/2025 11:10,5584.81
14/11/2025 11:15,5889.09
14/11/2025 11:20,5462.87
14/11/2025 11:25,5709.88
14/11/2025 11:30,5661.58
14/11/2025 11:35,5677.59
14/11/2025 11:40,5716.83
14/11/2025 11:45,5660.12
14/11/2025 11:50,5308.93
14/11/2025 11:55,5702.84
14/11/2025 12:00,5265.0
14/11/2025 12:05,5415.75
14/11/2025 12:10,5435.61
14/11/2025 12:15,5277.36
14/11/2025 12:20,5248.51
14/11/2025 12:25,5419.34
14/11/2025 12:30,4986.15
14/11/2025 12:35,5354.24
14/11/2025 12:40,5312.05
14/11/2025 12:45,5140.67
14/11/2025 12:50,5045.18
14/11/2025 12:55,5122.58
14/11/2025 13:00,5372.04
14/11/2025 13:05,5114.18
14/11/2025 13:10,5277.27
14/11/2025 13:15,5215.01
14/11/2025 13:20,4918.52
14/11/2025 13:25,5243.98
14/11/2025 13:30,5015.26
14/11/2025 13:35,5195.79
14/11/2025 13:40,5380.85
14/11/2025 13:45,4844.11
14/11/2025 13:50,5367.98
14/11/2025 13:55,5102.95
14/11/2025 14:00,5098.73
14/11/2025 14:05,4911.85
14/11/2025 14:10,5213.59
14/11/2025 14:15,5224.19
14/11/2025 14:20,5173.61
14/11/2025 14:25,5409.39
14/11/2025 14:30,5301.37
14/11/2025 14:35,5082.88
14/11/2025 14:40,4979.06
14/11/2025 14:45,4750.18
14/11/2025 14:50,4936.34
14/11/2025 14:55,4945.28
14/11/2025 15:00,4980.37
14/11/2025 15:05,5247.38
14/11/2025 15:10,5207.81
14/11/2025 15:15,4971.56
14/11/2025 15:20,5072.57
14/11/2025 15:25,4866.96
14/11/2025 15:30,5111.17
14/11/2025 15:35,4858.31
14/11/2025 15:40,5216.81
14/11/2025 15:45,5087.59
14/11/2025 15:50,5420.48
14/11/2025 15:55,5420.0
14/11/2025 16:00,5231.71
14/11/2025 16:05,5683.88
14/11/2025 16:10,5372.8
14/11/2025 16:15,5252.28
14/11/2025 16:20,5334.04
14/11/2025 16:25,5602.83
14/11/2025 16:30,5204.25
14/11/2025 16:35,5833.24
14/11/2025 16:40,5617.42
14/11/2025 16:45,5448.64
14/11/2025 16:50,5556.82
14/11/2025 16:55,5498.16
14/11/2025 17:00,5730.86
14/11/2025 17:05,5505.05
14/11/2025 17:10,5799.53
14/11/2025 17:15,5656.05
14/11/2025 17:20,6076.08
14/11/2025 17:25,5800.35
14/11/2025 17:30,5285.74
14/11/2025 17:35,5783.24
14/11/2025 17:40,5708.24
14/11/2025 17:45,5872.62
14/11/2025 17:50,5921.7
14/11/2025 17:55,5883.36
14/11/2025 18:00,5809.39
14/11/2025 18:05,6071.43
14/11/2025 18:10,6014.3
14/11/2025 18:15,6181.18
14/11/2025 18:20,6102.25
14/11/2025 18:25,5946.1
14/11/2025 18:30,6236.39
14/11/2025 18:35,6249.41
14/11/2025 18:40,6160.2
14/11/2025 18:45,6073.98
14/11/2025 18:50,5930.8
14/11/2025 18:55,6118.99
14/11/2025 19:00,6049.43
14/11/2025 19:05,6012.99
14/11/2025 19:10,6078.68
14/11/2025 19:15,6268.34
14/11/2025 19:20,6262.4
14/11/2025 19:25,6256.28
14/11/2025 19:30,6161.05
14/11/2025 19:35,6363.01
14/11/2025 19:40,6206.29
14/11/2025 19:45,6053.57
14/11/2025 19:50,6200.81
14/11/2025 19:55,6348.12
14/11/2025 20:00,6306.59
14/11/2025 20:05,6084.02
14/11/2025 20:10,6378.48
14/11/2025 20:15,6305.14
14/11/2025 20:20,6150.7
14/11/2025 20:25,6448.0
14/11/2025 20:30,6238.81
14/11/2025 20:35,6455.37
14/11/2025 20:40,6310.27
14/11/2025 20:45,6414.59
14/11/2025 20:50,6460.99
14/11/2025 20:55,6508.34
14/11/2025 21:00,6102.92
14/11/2025 21:05,6275.75
14/11/2025 21:10,6113.06
14/11/2025 21:15,6193.06
14/11/2025 21:20,6350.53
14/11/2025 21:25,6470.57
14/11/2025 21:30,6025.74
14/11/2025 21:35,6056.96
14/11/2025 21:40,6090.25
14/11/2025 21:45,6199.28
14/11/2025 21:50,6241.2
14/11/2025 21:55,5906.4
14/11/2025 22:00,5521.59
14/11/2025 22:05,5514.41
14/11/2025 22:10,5591.67
14/11/2025 22:15,5547.31
14/11/2025 22:20,5207.86
14/11/2025 22:25,5299.04
14/11/2025 22:30,5330.55
14/11/2025 22:35,5140.43
14/11/2025 22:40,5474.91
14/11/2025 22:45,5163.07
14/11/2025 22:50,5091.04
14/11/2025 22:55,5065.57
14/11/2025 23:00,5020.57
14/11/2025 23:05,5271.77
14/11/2025 23:10,5030.6
14/11/2025 23:15,5126.59
14/11/2025 23:20,5033.01
14/11/2025 23:25,4839.33
14/11/2025 23:30,4721.3
14/11/2025 23:35,4920.99
14/11/2025 23:40,5038.94
14/11/2025 23:45,4950.96
14/11/2025 23:50,4737.2
14/11/2025 23:55,4717.81
15/11/2025 00:00,4791.57
15/11/2025 00:05,5067.62
15/11/2025 00:10,4731.91
15/11/2025 00:15,4737.09
15/11/2025 00:20,4861.49
15/11/2025 00:25,4510.52
15/11/2025 00:30,4754.75
15/11/2025 00:35,4844.12
15/11/2025 00:40,4852.01
15/11/2025 00:45,4834.79
15/11/2025 00:50,4926.8
15/11/2025 00:55,5166.47
15/11/2025 01:00,4641.98
15/11/2025 01:05,4478.33
15/11/2025 01:10,5046.34
15/11/2025 01:15,4655.35
15/11/2025 01:20,4746.77
15/11/2025 01:25,5083.56
15/11/2025 01:30,4484.18
15/11/2025 01:35,4854.3
15/11/2025 01:40,4993.36
15/11/2025 01:45,4702.13
15/11/2025 01:50,4677.73
15/11/2025 01:55,4880.46
15/11/2025 02:00,3056.7
15/11/2025 02:05,3602.67
15/11/2025 02:10,3202.3
15/11/2025 02:15,3304.54
15/11/2025 02:20,3570.5
15/11/2025 02:25,3470.54
15/11/2025 02:30,3381.06
15/11/2025 02:35,3188.29
15/11/2025 02:40,3497.01
15/11/2025 02:45,3317.02
15/11/2025 02:50,3541.46
15/11/2025 02:55,3538.29
15/11/2025 03:00,3278.44
15/11/2025 03:05,3671.67
15/11/2025 03:10,3784.5
15/11/2025 03:15,3771.99
15/11/2025 03:20,3383.66
15/11/2025 03:25,3214.81
15/11/2025 03:30,3437.52
15/11/2025 03:35,3511.57
15/11/2025 03:40,3424.78
15/11/2025 03:45,3307.75
15/11/2025 03:50,3360.27
15/11/2025 03:55,3642.32
15/11/2025 04:00,3421.72
15/11/2025 04:05,3530.25
15/11/2025 04:10,3498.32
15/11/2025 04:15,3393.58
15/11/2025 04:20,3141.31
15/11/2025 04:25,3307.48
15/11/2025 04:30,3599.72
15/11/2025 04:35,3115.07
15/11/2025 04:40,3377.25
15/11/2025 04:45,3464.18
15/11/2025 04:50,3436.1
15/11/2025 04:55,3453.51
15/11/2025 05:00,3936.01
15/11/2025 05:05,3905.35
15/11/2025 05:10,4116.18
15/11/2025 05:15,3945.33
15/11/2025 05:20,3903.61
15/11/2025 05:25,4132.87
15/11/2025 05:30,4028.34
15/11/2025 05:35,4386.32
15/11/2025 05:40,3860.91
15/11/2025 05:45,4184.13
15/11/2025 05:50,4146.28
15/11/2025 05:55,4287.59
15/11/2025 06:00,3969.89
15/11/2025 06:05,4251.78
15/11/2025 06:10,4203.72
15/11/2025 06:15,4131.82
15/11/2025 06:20,4096.99
15/11/2025 06:25,4147.27
15/11/2025 06:30,4250.82
15/11/2025 06:35,4192.03
15/11/2025 06:40,4104.82
15/11/2025 06:45,4094.38
15/11/2025 06:50,4359.41
15/11/2025 06:55,4572.28
15/11/2025 07:00,4286.55
15/11/2025 07:05,4082.63
15/11/2025 07:10,4393.61
15/11/2025 07:15,4261.75
15/11/2025 07:20,4455.42
15/11/2025 07:25,4445.85
15/11/2025 07:30,4182.07
15/11/2025 07:35,4436.85
15/11/2025 07:40,4404.99
15/11/2025 07:45,4183.43
15/11/2025 07:50,4731.07
15/11/2025 07:55,4427.11
15/11/2025 08:00,4590.18
15/11/2025 08:05,4373.4
15/11/2025 08:10,4449.36
15/11/2025 08:15,4595.28
15/11/2025 08:20,4716.13
15/11/2025 08:25,4558.49
15/11/2025 08:30,4901.17
15/11/2025 08:35,4525.45
15/11/2025 08:40,4361.84
15/11/2025 08:45,4542.0
15/11/2025 08:50,4718.21
15/11/2025 08:55,4911.34
15/11/2025 09:00,4958.87
15/11/2025 09:05,5193.79
15/11/2025 09:10,4996.35
15/11/2025 09:15,5466.4
15/11/2025 09:20,5450.42
15/11/2025 09:25,5492.3
15/11/2025 09:30,5384.0
15/11/2025 09:35,5317.44
15/11/2025 09:40,5491.89
15/11/2025 09:45,5412.18
15/11/2025 09:50,5573.81
15/11/2025 09:55,5260.2
15/11/2025 10:00,5489.09
15/11/2025 10:05,5215.47
15/11/2025 10:10,5334.02
15/11/2025 10:15,5261.21
15/11/2025 10:20,5413.14
15/11/2025 10:25,5087.23
15/11/2025 10:30,5284.87
15/11/2025 10:35,5406.74
15/11/2025 10:40,5201.06
15/11/2025 10:45,5529.85
15/11/2025 10:50,5362.94
15/11/2025 10:55,5315.17
15/11/2025 11:00,5535.36
15/11/2025 11:05,5313.3
15/11/2025 11:10,5350.43
15/11/2025 11:15,5564.62
15/11/2025 11:20,5165.71
15/11/2025 11:25,5431.84
15/11/2025 11:30,5303.61
15/11/2025 11:35,5406.37
15/11/2025 11:40,5056.06
15/11/2025 11:45,5269.34
15/11/2025 11:50,5221.12
15/11/2025 11:55,5426.95
15/11/2025 12:00,4845.42
15/11/2025 12:05,5077.98
15/11/2025 12:10,5221.07
15/11/2025 12:15,4968.95
15/11/2025 12:20,4984.69
15/11/2025 12:25,4883.92
15/11/2025 12:30,4678.0
15/11/2025 12:35,4740.71
15/11/2025 12:40,5016.98
15/11/2025 12:45,4783.06
15/11/2025 12:50,4819.66
15/11/2025 12:55,4698.28
15/11/2025 13:00,4686.82
15/11/2025 13:05,4703.19
15/11/2025 13:10,4799.02
15/11/2025 13:15,4813.78
15/11/2025 13:20,4721.46
15/11/2025 13:25,4781.57
15/11/2025 13:30,4770.86
15/11/2025 13:35,4889.83
15/11/2025 13:40,4706.98
15/11/2025 13:45,4617.9
15/11/2025 13:50,4991.97
15/11/2025 13:55,4883.89
15/11/2025 14:00,4681.39
15/11/2025 14:05,4820.24
15/11/2025 14:10,4474.42
15/11/2025 14:15,4529.59
15/11/2025 14:20,4435.96
15/11/2025 14:25,4512.01
15/11/2025 14:30,4927.0
15/11/2025 14:35,4622.51
15/11/2025 14:40,4637.23
15/11/2025 14:45,4660.22
15/11/2025 14:50,4302.05
15/11/2025 14:55,4544.6
15/11/2025 15:00,4676.99
15/11/2025 15:05,4754.21
15/11/2025 15:10,4801.49
15/11/2025 15:15,4829.23
15/11/2025 15:20,5052.37
15/11/2025 15:25,5040.85
15/11/2025 15:30,4659.66
15/11/2025 15:35,4805.46
15/11/2025 15:40,4696.57
15/11/2025 15:45,4723.0
15/11/2025 15:50,4613.6
15/11/2025 15:55,5018.01
15/11/2025 16:00,4942.79
15/11/2025 16:05,4980.8
15/11/2025 16:10,5060.37
15/11/2025 16:15,5053.11
15/11/2025 16:20,5257.45
15/11/2025 16:25,4871.45
15/11/2025 16:30,5014.48
15/11/2025 16:35,4986.09
15/11/2025 16:40,5292.52
15/11/2025 16:45,5271.82
15/11/2025 16:50,4923.83
15/11/2025 16:55,5171.12
15/11/2025 17:00,5023.89
15/11/2025 17:05,5177.65
15/11/2025 17:10,5284.53
15/11/2025 17:15,5028.61
15/11/2025 17:20,5220.44
15/11/2025 17:25,5392.26
15/11/2025 17:30,5225.23
15/11/2025 17:35,5641.48
15/11/2025 17:40,5671.82
15/11/2025 17:45,5564.66
15/11/2025 17:50,5576.76
15/11/2025 17:55,5450.12
15/11/2025 18:00,5289.24
15/11/2025 18:05,5855.37
15/11/2025 18:10,5545.25
15/11/2025 18:15,5482.29
15/11/2025 18:20,5712.5
15/11/2025 18:25,5625.56
15/11/2025 18:30,5564.99
15/11/2025 18:35,5663.83
15/11/2025 18:40,5935.46
15/11/2025 18:45,5712.36
15/11/2025 18:50,5968.71
15/11/2025 18:55,5815.58
15/11/2025 19:00,5888.05
15/11/2025 19:05,5819.87
15/11/2025 19:10,5540.37
15/11/2025 19:15,6087.23
15/11/2025 19:20,6142.03
15/11/2025 19:25,5790.97
15/11/2025 19:30,5881.81
15/11/2025 19:35,5907.11
15/11/2025 19:40,5989.09
15/11/2025 19:45,5656.0
15/11/2025 19:50,5702.52
15/11/2025 19:55,5984.0
15/11/2025 20:00,5842.46
15/11/2025 20:05,5936.94
15/11/2025 20:10,5693.56
15/11/2025 20:15,5719.78
15/11/2025 20:20,6096.38
15/11/2025 20:25,5804.18
15/11/2025 20:30,6033.67
15/11/2025 20:35,5993.87
15/11/2025 20:40,5895.03
15/11/2025 20:45,5740.33
15/11/2025 20:50,5931.0
15/11/2025 20:55,6052.15
15/11/2025 21:00,5802.4
15/11/2025 21:05,5842.28
15/11/2025 21:10,5868.08
15/11/2025 21:15,5920.3
15/11/2025 21:20,5802.51
15/11/2025 21:25,5768.44
15/11/2025 21:30,5745.38
15/11/2025 21:35,5633.36
15/11/2025 21:40,5498.4
15/11/2025 21:45,5629.88
15/11/2025 21:50,5581.83
15/11/2025 21:55,5531.15
15/11/2025 22:00,5082.32
15/11/2025 22:05,5384.69
15/11/2025 22:10,5171.47
15/11/2025 22:15,5144.32
15/11/2025 22:20,5151.5
15/11/2025 22:25,4886.55
15/11/2025 22:30,5128.5
15/11/2025 22:35,5164.88
15/11/2025 22:40,4889.65
15/11/2025 22:45,4929.34
15/11/2025 22:50,4812.55
15/11/2025 22:55,4803.94
15/11/2025 23:00,4846.62
15/11/2025 23:05,4701.55
15/11/2025 23:10,4570.18
15/11/2025 23:15,4652.88
15/11/2025 23:20,4885.97
15/11/2025 23:25,4588.74
15/11/2025 23:30,4677.2
15/11/2025 23:35,4380.27
15/11/2025 23:40,4748.57
15/11/2025 23:45,4509.28
15/11/2025 23:50,4401.34
15/11/2025 23:55,4424.68
16/11/2025 00:00,4950.92
16/11/2025 00:05,4841.19
16/11/2025 00:10,4859.17
16/11/2025 00:15,4594.67
16/11/2025 00:20,4814.28
16/11/2025 00:25,4736.25
16/11/2025 00:30,4815.68
16/11/2025 00:35,4867.33
16/11/2025 00:40,4382.45
16/11/2025 00:45,4857.74
16/11/2025 00:50,4745.94
16/11/2025 00:55,5074.7
16/11/2025 01:00,4650.69
16/11/2025 01:05,4792.46
16/11/2025 01:10,4732.92
16/11/2025 01:15,4807.87
16/11/2025 01:20,4818.17
16/11/2025 01:25,4714.47
16/11/2025 01:30,4820.4
16/11/2025 01:35,4702.69
16/11/2025 01:40,4880.7
16/11/2025 01:45,4726.07
16/11/2025 01:50,5001.84
16/11/2025 01:55,4836.73
16/11/2025 02:00,3154.99
16/11/2025 02:05,3328.24
16/11/2025 02:10,3415.44
16/11/2025 02:15,3633.42
16/11/2025 02:20,3266.58
16/11/2025 02:25,3371.87
16/11/2025 02:30,3567.4
16/11/2025 02:35,3587.67
16/11/2025 02:40,3102.86
16/11/2025 02:45,3225.84
16/11/2025 02:50,3320.01
16/11/2025 02:55,3297.48
16/11/2025 03:00,3028.97
16/11/2025 03:05,3241.01
16/11/2025 03:10,3508.67
16/11/2025 03:15,3210.73
16/11/2025 03:20,3272.66
16/11/2025 03:25,3379.12
16/11/2025 03:30,3403.76
16/11/2025 03:35,3384.88
16/11/2025 03:40,3392.73
16/11/2025 03:45,3943.51
16/11/2025 03:50,3563.28
16/11/2025 03:55,3546.13
16/11/2025 04:00,3709.37
16/11/2025 04:05,3557.77
16/11/2025 04:10,3343.3
16/11/2025 04:15,3245.85
16/11/2025 04:20,3603.9
16/11/2025 04:25,3374.82
16/11/2025 04:30,3646.04
16/11/2025 04:35,3304.87
16/11/2025 04:40,3485.24
16/11/2025 04:45,3389.54
16/11/2025 04:50,3344.62
16/11/2025 04:55,3407.25
16/11/2025 05:00,4038.44
16/11/2025 05:05,3822.69
16/11/2025 05:10,3898.44
16/11/2025 05:15,3733.23
16/11/2025 05:20,4082.49
16/11/2025 05:25,3935.22
16/11/2025 05:30,4040.33
16/11/2025 05:35,4141.91
16/11/2025 05:40,4042.65
16/11/2025 05:45,3997.34
16/11/2025 05:50,4051.43
16/11/2025 05:55,4250.85
16/11/2025 06:00,4096.93
16/11/2025 06:05,4297.08
16/11/2025 06:10,4190.56
16/11/2025 06:15,4115.57
16/11/2025 06:20,4260.36
16/11/2025 06:25,4237.94
16/11/2025 06:30,3889.32
16/11/2025 06:35,4255.28
16/11/2025 06:40,4243.32
16/11/2025 06:45,3963.99
16/11/2025 06:50,3957.82
16/11/2025 06:55,4202.85
16/11/2025 07:00,4503.48
16/11/2025 07:05,4221.11
16/11/2025 07:10,4584.11
16/11/2025 07:15,4374.98
16/11/2025 07:20,4112.55
16/11/2025 07:25,4354.16
16/11/2025 07:30,4533.59
16/11/2025 07:35,4410.72
16/11/2025 07:40,4495.04
16/11/2025 07:45,4537.1
16/11/2025 07:50,4428.71
16/11/2025 07:55,4437.63
16/11/2025 08:00,4258.55
16/11/2025 08:05,4547.72
16/11/2025 08:10,4388.43
16/11/2025 08:15,4568.51
16/11/2025 08:20,4496.26
16/11/2025 08:25,4838.35
16/11/2025 08:30,4888.72
16/11/2025 08:35,4456.56
16/11/2025 08:40,4656.57
16/11/2025 08:45,4634.09
16/11/2025 08:50,4763.35
16/11/2025 08:55,4826.01
16/11/2025 09:00,5185.97
16/11/2025 09:05,5275.44
16/11/2025 09:10,5360.55
16/11/2025 09:15,5173.78
16/11/2025 09:20,5307.86
16/11/2025 09:25,5067.18
16/11/2025 09:30,5260.8
16/11/2025 09:35,5315.23
16/11/2025 09:40,5269.57
16/11/2025 09:45,5115.15
16/11/2025 09:50,5098.07
16/11/2025 09:55,5469.68
16/11/2025 10:00,5339.97
16/11/2025 10:05,5133.31
16/11/2025 10:10,5307.32
16/11/2025 10:15,5414.81
16/11/2025 10:20,5364.84
16/11/2025 10:25,5572.8
16/11/2025 10:30,5345.13
16/11/2025 10:35,5526.38
16/11/2025 10:40,5577.56
16/11/2025 10:45,5278.83
16/11/2025 10:50,5412.61
16/11/2025 10:55,5428.3
16/11/2025 11:00,5398.15
16/11/2025 11:05,5311.72
16/11/2025 11:10,5533.73
16/11/2025 11:15,5352.32
16/11/2025 11:20,5599.62
16/11/2025 11:25,5237.56
16/11/2025 11:30,5518.53
16/11/2025 11:35,5291.05
16/11/2025 11:40,5253.03
16/11/2025 11:45,5293.62
16/11/2025 11:50,5283.87
16/11/2025 11:55,5089.03
16/11/2025 12:00,4759.96
16/11/2025 12:05,4737.34
16/11/2025 12:10,4913.2
16/11/2025 12:15,4742.88
16/11/2025 12:20,4958.99
16/11/2025 12:25,5108.09
16/11/2025 12:30,4560.74
16/11/2025 12:35,4869.56
16/11/2025 12:40,4769.62
16/11/2025 12:45,4765.87
16/11/2025 12:50,4675.82
16/11/2025 12:55,4919.65
16/11/2025 13:00,4880.28
16/11/2025 13:05,4663.16
16/11/2025 13:10,4929.72
16/11/2025 13:15,4823.06
16/11/2025 13:20,4780.82
16/11/2025 13:25,4909.66
16/11/2025 13:30,4891.18
16/11/2025 13:35,4363.36
16/11/2025 13:40,4788.59
16/11/2025 13:45,4794.32
16/11/2025 13:50,4870.36
16/11/2025 13:55,4766.48
16/11/2025 14:00,4657.55
16/11/2025 14:05,4520.89
16/11/2025 14:10,4684.48
16/11/2025 14:15,4963.0
16/11/2025 14:20,4748.75
16/11/2025 14:25,4574.54
16/11/2025 14:30,4910.91
16/11/2025 14:35,4757.9
16/11/2025 14:40,4701.91
16/11/2025 14:45,4592.21
16/11/2025 14:50,4525.76
16/11/2025 14:55,4544.55
16/11/2025 15:00,4708.11
16/11/2025 15:05,4524.01
16/11/2025 15:10,4605.72
16/11/2025 15:15,4338.41
16/11/2025 15:20,4436.21
16/11/2025 15:25,4497.66
16/11/2025 15:30,4897.51
16/11/2025 15:35,4868.75
16/11/2025 15:40,4818.3
16/11/2025 15:45,5035.38
16/11/2025 15:50,5016.36
16/11/2025 15:55,4899.18
16/11/2025 16:00,4812.67
16/11/2025 16:05,4834.45
16/11/2025 16:10,4883.53
16/11/2025 16:15,5074.42
16/11/2025 16:20,5074.57
16/11/2025 16:25,5222.21
16/11/2025 16:30,4899.78
16/11/2025 16:35,5143.97
16/11/2025 16:40,5135.21
16/11/2025 16:45,5214.76
16/11/2025 16:50,4920.96
16/11/2025 16:55,5049.3
16/11/2025 17:00,5305.89
16/11/2025 17:05,5211.25
16/11/2025 17:10,5359.92
16/11/2025 17:15,5386.76
16/11/2025 17:20,5262.04
16/11/2025 17:25,5269.03
16/11/2025 17:30,5426.88
16/11/2025 17:35,5456.79
16/11/2025 17:40,5508.82
16/11/2025 17:45,5252.47
16/11/2025 17:50,5243.61
16/11/2025 17:55,5568.81
16/11/2025 18:00,5675.11
16/11/2025 18:05,5483.53
16/11/2025 18:10,5597.62
16/11/2025 18:15,5604.14
16/11/2025 18:20,5631.46
16/11/2025 18:25,5668.66
16/11/2025 18:30,5678.12
16/11/2025 18:35,5793.06
16/11/2025 18:40,6038.59
16/11/2025 18:45,5848.54
16/11/2025 18:50,5824.95
16/11/2025 18:55,5633.19
16/11/2025 19:00,5561.19
16/11/2025 19:05,5994.65
16/11/2025 19:10,6163.93
16/11/2025 19:15,5782.91
16/11/2025 19:20,5778.85
16/11/2025 19:25,5984.58
16/11/2025 19:30,5950.6
16/11/2025 19:35,5860.6
16/11/2025 19:40,5918.24
16/11/2025 19:45,5900.71
16/11/2025 19:50,6021.36
16/11/2025 19:55,5911.49
16/11/2025 20:00,5883.18
16/11/2025 20:05,6122.95
16/11/2025 20:10,6099.09
16/11/2025 20:15,5761.31
16/11/2025 20:20,5590.47
16/11/2025 20:25,6110.63
16/11/2025 20:30,5837.99
16/11/2025 20:35,5913.01
16/11/2025 20:40,6019.82
16/11/2025 20:45,5730.23
16/11/2025 20:50,5785.65
16/11/2025 20:55,5868.99
16/11/2025 21:00,5759.78
16/11/2025 21:05,5719.0
16/11/2025 21:10,5706.46
16/11/2025 21:15,5643.73
16/11/2025 21:20,5885.23
16/11/2025 21:25,5744.57
16/11/2025 21:30,5719.64
16/11/2025 21:35,5432.98
16/11/2025 21:40,5580.69
16/11/2025 21:45,5726.76
16/11/2025 21:50,5754.7
16/11/2025 21:55,5690.04
16/11/2025 22:00,5144.53
16/11/2025 22:05,5067.26
16/11/2025 22:10,4865.88
16/11/2025 22:15,5072.78
16/11/2025 22:20,5094.76
16/11/2025 22:25,5071.34
16/11/2025 22:30,4780.57
16/11/2025 22:35,5100.39
16/11/2025 22:40,4943.85
16/11/2025 22:45,4805.68
16/11/2025 22:50,5029.91
16/11/2025 22:55,4831.05
16/11/2025 23:00,4828.0
16/11/2025 23:05,4546.34
16/11/2025 23:10,4721.72
16/11/2025 23:15,4430.53
16/11/2025 23:20,4319.32
16/11/2025 23:25,4696.34
16/11/2025 23:30,4912.85
16/11/2025 23:35,4433.12
16/11/2025 23:40,4845.76
16/11/2025 23:45,4665.94
16/11/2025 23:50,4591.33
16/11/2025 23:55,4506.44
17/11/2025 00:00,5315.99
17/11/2025 00:05,5135.68
17/11/2025 00:10,5198.31
17/11/2025 00:15,5201.98
17/11/2025 00:20,5228.24
17/11/2025 00:25,5270.92
17/11/2025 00:30,5175.03
17/11/2025 00:35,5128.69
17/11/2025 00:40,5183.92
17/11/2025 00:45,5348.61
17/11/2025 00:50,5219.96
17/11/2025 00:55,5273.27
17/11/2025 01:00,5124.11
17/11/2025 01:05,5222.8
17/11/2025 01:10,5107.39
17/11/2025 01:15,5317.48
17/11/2025 01:20,4931.33
17/11/2025 01:25,5206.42
17/11/2025 01:30,5311.05
17/11/2025 01:35,5337.39
17/11/2025 01:40,5111.92
17/11/2025 01:45,5204.69
17/11/2025 01:50,5204.87
17/11/2025 01:55,5160.88
17/11/2025 02:00,3756.3
17/11/2025 02:05,3895.94
17/11/2025 02:10,3832.68
17/11/2025 02:15,3632.89
17/11/2025 02:20,3549.45
17/11/2025 02:25,3741.97
17/11/2025 02:30,3859.32
17/11/2025 02:35,3757.39
17/11/2025 02:40,3810.41
17/11/2025 02:45,3817.17
17/11/2025 02:50,3535.97
17/11/2025 02:55,3708.28
17/11/2025 03:00,3817.68
17/11/2025 03:05,3774.2
17/11/2025 03:10,3591.28
17/11/2025 03:15,3678.79
17/11/2025 03:20,4139.15
17/11/2025 03:25,4137.18
17/11/2025 03:30,3840.45
17/11/2025 03:35,3852.2
17/11/2025 03:40,3826.46
17/11/2025 03:45,3767.15
17/11/2025 03:50,3628.53
17/11/2025 03:55,3859.81
17/11/2025 04:00,3974.86
17/11/2025 04:05,3792.97
17/11/2025 04:10,3912.78
17/11/2025 04:15,3690.94
17/11/2025 04:20,3486.45
17/11/2025 04:25,3885.53
17/11/2025 04:30,3665.16
17/11/2025 04:35,3684.7
17/11/2025 04:40,3780.04
17/11/2025 04:45,3661.29
17/11/2025 04:50,3854.79
17/11/2025 04:55,3822.11
17/11/2025 05:00,4575.93
17/11/2025 05:05,4159.24
17/11/2025 05:10,4416.52
17/11/2025 05:15,4479.79
17/11/2025 05:20,4266.21
17/11/2025 05:25,4287.97
17/11/2025 05:30,4346.58
17/11/2025 05:35,4156.96
17/11/2025 05:40,4525.3
17/11/2025 05:45,4425.2
17/11/2025 05:50,4514.11
17/11/2025 05:55,4531.47
17/11/2025 06:00,4495.55
17/11/2025 06:05,4493.57
17/11/2025 06:10,4483.31
17/11/2025 06:15,4587.23
17/11/2025 06:20,4407.31
17/11/2025 06:25,4379.15
17/11/2025 06:30,4614.38
17/11/2025 06:35,4441.8
17/11/2025 06:40,4847.02
17/11/2025 06:45,4874.44
17/11/2025 06:50,4567.87
17/11/2025 06:55,4825.03
17/11/2025 07:00,4713.76
17/11/2025 07:05,4853.32
17/11/2025 07:10,4361.47
17/11/2025 07:15,4661.01
17/11/2025 07:20,4746.38
17/11/2025 07:25,4812.65
17/11/2025 07:30,4883.88
17/11/2025 07:35,4867.71
17/11/2025 07:40,4910.73
17/11/2025 07:45,4853.28
17/11/2025 07:50,5068.82
17/11/2025 07:55,4609.39
17/11/2025 08:00,4998.85
17/11/2025 08:05,4878.95
17/11/2025 08:10,4833.83
17/11/2025 08:15,4929.07
17/11/2025 08:20,4811.9
17/11/2025 08:25,5035.97
17/11/2025 08:30,4954.78
17/11/2025 08:35,5014.71
17/11/2025 08:40,4762.59
17/11/2025 08:45,5199.13
17/11/2025 08:50,5159.23
17/11/2025 08:55,5124.14
17/11/2025 09:00,5459.87
17/11/2025 09:05,5466.38
17/11/2025 09:10,5699.92
17/11/2025 09:15,5736.3
17/11/2025 09:20,5524.67
17/11/2025 09:25,5699.4
17/11/2025 09:30,5555.06
17/11/2025 09:35,5699.19
17/11/2025 09:40,5533.95
17/11/2025 09:45,5630.34
17/11/2025 09:50,5669.41
17/11/2025 09:55,6038.41
17/11/2025 10:00,5700.13
17/11/2025 10:05,5750.08
17/11/2025 10:10,5712.56
17/11/2025 10:15,5790.52
17/11/2025 10:20,5674.36
17/11/2025 10:25,5839.16
17/11/2025 10:30,5710.61
17/11/2025 10:35,5907.26
17/11/2025 10:40,5699.87
17/11/2025 10:45,5931.04
17/11/2025 10:50,5764.96
17/11/2025 10:55,5564.86
17/11/2025 11:00,5735.59
17/11/2025 11:05,5827.98
17/11/2025 11:10,5900.68
17/11/2025 11:15,5968.46
17/11/2025 11:20,5784.59
17/11/2025 11:25,5575.42
17/11/2025 11:30,5552.53
17/11/2025 11:35,5705.27
17/11/2025 11:40,5767.13
17/11/2025 11:45,5419.51
17/11/2025 11:50,5783.02
17/11/2025 11:55,5741.45
17/11/2025 12:00,5384.01
17/11/2025 12:05,5254.12
17/11/2025 12:10,5512.76
17/11/2025 12:15,5355.24
17/11/2025 12:20,5236.01
17/11/2025 12:25,5280.16
17/11/2025 12:30,5154.79
17/11/2025 12:35,5037.38
17/11/2025 12:40,4946.05
17/11/2025 12:45,5086.16
17/11/2025 12:50,5131.06
17/11/2025 12:55,5014.88
17/11/2025 13:00,5192.84
17/11/2025 13:05,5330.4
17/11/2025 13:10,5402.48
17/11/2025 13:15,5174.5
17/11/2025 13:20,5194.97
17/11/2025 13:25,5260.85
17/11/2025 13:30,5163.62
17/11/2025 13:35,4886.64
17/11/2025 13:40,5198.03
17/11/2025 13:45,5051.83
17/11/2025 13:50,4896.84
17/11/2025 13:55,5176.29
17/11/2025 14:00,5156.06
17/11/2025 14:05,5307.98
17/11/2025 14:10,5125.5
17/11/2025 14:15,4723.19
17/11/2025 14:20,5230.04
17/11/2025 14:25,5206.1
17/11/2025 14:30,4821.54
17/11/2025 14:35,5120.08
17/11/2025 14:40,5121.59
17/11/2025 14:45,5095.69
17/11/2025 14:50,5315.88
17/11/2025 14:55,4961.67
17/11/2025 15:00,4989.73
17/11/2025 15:05,4921.79
17/11/2025 15:10,5452.55
17/11/2025 15:15,5361.73
17/11/2025 15:20,5061.75
17/11/2025 15:25,4861.91
17/11/2025 15:30,5228.72
17/11/2025 15:35,5143.95
17/11/2025 15:40,5024.7
17/11/2025 15:45,5175.84
17/11/2025 15:50,5468.1
17/11/2025 15:55,5192.96
17/11/2025 16:00,5308.96
17/11/2025 16:05,5210.33
17/11/2025 16:10,4705.36
17/11/2025 16:15,5322.16
17/11/2025 16:20,5487.78
17/11/2025 16:25,5622.99
17/11/2025 16:30,5366.53
17/11/2025 16:35,5435.76
17/11/2025 16:40,5379.4
17/11/2025 16:45,5378.01
17/11/2025 16:50,5542.65
17/11/2025 16:55,5567.46
17/11/2025 17:00,5688.68
17/11/2025 17:05,5416.97
17/11/2025 17:10,5573.33
17/11/2025 17:15,5746.29
17/11/2025 17:20,5834.77
17/11/2025 17:25,5775.82
17/11/2025 17:30,5726.1
17/11/2025 17:35,5826.62
17/11/2025 17:40,5868.67
17/11/2025 17:45,5701.47
17/11/2025 17:50,5882.89
17/11/2025 17:55,5660.43
17/11/2025 18:00,5717.55
17/11/2025 18:05,6045.82
17/11/2025 18:10,5989.91
17/11/2025 18:15,6039.24
17/11/2025 18:20,5868.87
17/11/2025 18:25,6153.52
17/11/2025 18:30,6203.51
17/11/2025 18:35,6345.37
17/11/2025 18:40,6337.04
17/11/2025 18:45,5911.7
17/11/2025 18:50,6343.87
17/11/2025 18:55,6471.87
17/11/2025 19:00,6063.7
17/11/2025 19:05,6247.09
17/11/2025 19:10,6395.98
17/11/2025 19:15,6555.97
17/11/2025 19:20,6241.08
17/11/2025 19:25,6216.53
17/11/2025 19:30,6350.82
17/11/2025 19:35,6320.73
17/11/2025 19:40,6507.64
17/11/2025 19:45,6104.47
17/11/2025 19:50,6314.48
17/11/2025 19:55,6146.1
17/11/2025 20:00,6158.62
17/11/2025 20:05,6021.83
17/11/2025 20:10,6289.52
17/11/2025 20:15,6501.35
17/11/2025 20:20,6248.71
17/11/2025 20:25,6307.43
17/11/2025 20:30,6435.32
17/11/2025 20:35,6360.41
17/11/2025 20:40,6294.66
17/11/2025 20:45,6268.49
17/11/2025 20:50,6199.61
17/11/2025 20:55,6218.96
17/11/2025 21:00,6235.74
17/11/2025 21:05,6470.24
17/11/2025 21:10,6298.51
17/11/2025 21:15,6183.74
17/11/2025 21:20,6187.22
17/11/2025 21:25,6464.23
17/11/2025 21:30,5923.97
17/11/2025 21:35,6168.19
17/11/2025 21:40,6048.33
17/11/2025 21:45,6129.11
17/11/2025 21:50,5850.65
17/11/2025 21:55,6110.08
17/11/2025 22:00,5432.56
17/11/2025 22:05,5545.61
17/11/2025 22:10,5440.33
17/11/2025 22:15,5586.94
17/11/2025 22:20,5463.78
17/11/2025 22:25,5516.0
17/11/2025 22:30,5698.62
17/11/2025 22:35,5289.84
17/11/2025 22:40,5483.68
17/11/2025 22:45,5358.45
17/11/2025 22:50,5209.66
17/11/2025 22:55,5324.65
17/11/2025 23:00,5191.24
17/11/2025 23:05,5250.58
17/11/2025 23:10,5333.43
17/11/2025 23:15,5009.71
17/11/2025 23:20,4989.13
17/11/2025 23:25,5016.01
17/11/2025 23:30,4631.61
17/11/2025 23:35,5025.36
17/11/2025 23:40,5176.07
17/11/2025 23:45,4850.12
17/11/2025 23:50,4898.92
17/11/2025 23:55,4774.02
18/11/2025 00:00,4984.02
18/11/2025 00:05,5285.45
18/11/2025 00:10,4849.85
18/11/2025 00:15,5046.5
18/11/2025 00:20,5008.34
18/11/2025 00:25,5001.04
18/11/2025 00:30,5360.3
18/11/2025 00:35,5026.07
18/11/2025 00:40,5174.43
18/11/2025 00:45,5147.5
18/11/2025 00:50,5109.24
18/11/2025 00:55,5395.04
18/11/2025 01:00,5310.99
18/11/2025 01:05,5253.82
18/11/2025 01:10,5145.66
18/11/2025 01:15,5465.17
18/11/2025 01:20,5238.56
18/11/2025 01:25,4993.13
18/11/2025 01:30,5215.17
18/11/2025 01:35,5117.6
18/11/2025 01:40,5118.44
18/11/2025 01:45,5403.73
18/11/2025 01:50,5312.42
18/11/2025 01:55,5354.85
18/11/2025 02:00,3728.08
18/11/2025 02:05,3709.67
18/11/2025 02:10,3926.96
18/11/2025 02:15,3860.96
18/11/2025 02:20,3896.74
18/11/2025 02:25,3798.27
18/11/2025 02:30,3854.92
18/11/2025 02:35,3904.63
18/11/2025 02:40,3943.75
18/11/2025 02:45,3931.08
18/11/2025 02:50,3847.54
18/11/2025 02:55,3398.98
18/11/2025 03:00,3623.42
18/11/2025 03:05,3585.07
18/11/2025 03:10,4094.87
18/11/2025 03:15,3746.13
18/11/2025 03:20,4167.25
18/11/2025 03:25,3735.78
18/11/2025 03:30,4128.49
18/11/2025 03:35,3825.33
18/11/2025 03:40,4004.86
18/11/2025 03:45,3649.12
18/11/2025 03:50,3437.38
18/11/2025 03:55,3690.56
18/11/2025 04:00,3756.78
18/11/2025 04:05,3807.89
18/11/2025 04:10,3697.02
18/11/2025 04:15,3904.62
18/11/2025 04:20,3839.33
18/11/2025 04:25,3760.35
18/11/2025 04:30,4037.25
18/11/2025 04:35,3803.29
18/11/2025 04:40,3750.71
18/11/2025 04:45,4122.6
18/11/2025 04:50,3820.73
18/11/2025 04:55,3369.26
18/11/2025 05:00,4543.91
18/11/2025 05:05,4225.42
18/11/2025 05:10,4402.63
18/11/2025 05:15,4306.61
18/11/2025 05:20,4522.37
18/11/2025 05:25,4411.47
18/11/2025 05:30,4406.98
18/11/2025 05:35,4504.4
18/11/2025 05:40,4502.2
18/11/2025 05:45,4691.24
18/11/2025 05:50,4770.8
18/11/2025 05:55,4442.49
18/11/2025 06:00,4712.78
18/11/2025 06:05,4395.48
18/11/2025 06:10,4316.05
18/11/2025 06:15,4654.45
18/11/2025 06:20,4460.18
18/11/2025 06:25,4504.53
18/11/2025 06:30,4515.33
18/11/2025 06:35,4778.66
18/11/2025 06:40,4758.0
18/11/2025 06:45,4504.86
18/11/2025 06:50,4600.83
18/11/2025 06:55,4600.66
18/11/2025 07:00,4493.34
18/11/2025 07:05,4785.65
18/11/2025 07:10,4753.18
18/11/2025 07:15,4634.19
18/11/2025 07:20,4720.52
18/11/2025 07:25,4524.46
18/11/2025 07:30,4482.09
18/11/2025 07:35,4931.85
18/11/2025 07:40,5021.06
18/11/2025 07:45,4719.64
18/11/2025 07:50,4814.56
18/11/2025 07:55,5104.17
18/11/2025 08:00,4812.61
18/11/2025 08:05,4942.19
18/11/2025 08:10,4865.92
18/11/2025 08:15,5050.76
18/11/2025 08:20,5094.83
18/11/2025 08:25,4788.34
18/11/2025 08:30,4721.84
18/11/2025 08:35,5019.45
18/11/2025 08:40,4904.94
18/11/2025 08:45,5072.33
18/11/2025 08:50,5331.4
18/11/2025 08:55,5185.96
18/11/2025 09:00,5558.04
18/11/2025 09:05,5789.55
18/11/2025 09:10,5633.39
18/11/2025 09:15,5697.82
18/11/2025 09:20,5556.15
18/11/2025 09:25,5510.18
18/11/2025 09:30,5712.67
18/11/2025 09:35,5603.38
18/11/2025 09:40,5810.97
18/11/2025 09:45,5702.48
18/11/2025 09:50,5784.71
18/11/2025 09:55,5871.47
18/11/2025 10:00,5677.68
18/11/2025 10:05,5476.2
18/11/2025 10:10,5803.31
18/11/2025 10:15,5979.06
18/11/2025 10:20,5661.7
18/11/2025 10:25,5783.77
18/11/2025 10:30,5628.3
18/11/2025 10:35,5759.01
18/11/2025 10:40,5675.18
18/11/2025 10:45,5646.89
18/11/2025 10:50,5924.83
18/11/2025 10:55,5714.7
18/11/2025 11:00,5798.66
18/11/2025 11:05,5763.87
18/11/2025 11:10,5849.36
18/11/2025 11:15,5957.94
18/11/2025 11:20,5642.39
18/11/2025 11:25,5680.79
18/11/2025 11:30,5571.91
18/11/2025 11:35,5835.9
18/11/2025 11:40,5719.6
18/11/2025 11:45,5471.77
18/11/2025 11:50,5736.87
18/11/2025 11:55,5480.41
18/11/2025 12:00,5401.1
18/11/2025 12:05,5117.4
18/11/2025 12:10,5580.58
18/11/2025 12:15,5210.41
18/11/2025 12:20,5390.57
18/11/2025 12:25,5107.3
18/11/2025 12:30,5280.09
18/11/2025 12:35,5092.7
18/11/2025 12:40,5468.01
18/11/2025 12:45,5415.08
18/11/2025 12:50,5271.45
18/11/2025 12:55,5247.3
18/11/2025 13:00,5032.55
18/11/2025 13:05,5089.23
18/11/2025 13:10,5102.5
18/11/2025 13:15,4988.32
18/11/2025 13:20,5347.01
18/11/2025 13:25,5077.9
18/11/2025 13:30,5124.1
18/11/2025 13:35,5312.33
18/11/2025 13:40,5112.22
18/11/2025 13:45,4841.53
18/11/2025 13:50,5080.63
18/11/2025 13:55,5315.93
18/11/2025 14:00,4758.54
18/11/2025 14:05,5038.15
18/11/2025 14:10,5177.36
18/11/2025 14:15,4930.1
18/11/2025 14:20,5216.44
18/11/2025 14:25,4924.79
18/11/2025 14:30,5043.17
18/11/2025 14:35,5227.36
18/11/2025 14:40,4665.84
18/11/2025 14:45,4910.96
18/11/2025 14:50,5057.07
18/11/2025 14:55,5032.59
18/11/2025 15:00,5000.32
18/11/2025 15:05,5256.65
18/11/2025 15:10,5070.44
18/11/2025 15:15,5174.45
18/11/2025 15:20,5163.29
18/11/2025 15:25,5142.98
18/11/2025 15:30,5002.19
18/11/2025 15:35,5391.38
18/11/2025 15:40,4894.05
18/11/2025 15:45,5122.08
18/11/2025 15:50,5383.95
18/11/2025 15:55,5582.99
18/11/2025 16:00,5137.22
18/11/2025 16:05,5260.96
18/11/2025 16:10,5547.37
18/11/2025 16:15,5561.36
18/11/2025 16:20,5271.6
18/11/2025 16:25,5092.1
18/11/2025 16:30,5540.99
18/11/2025 16:35,5282.33
18/11/2025 16:40,5419.67
18/11/2025 16:45,5184.36
18/11/2025 16:50,5384.78
18/11/2025 16:55,5650.67
18/11/2025 17:00,5933.33
18/11/2025 17:05,5621.13
18/11/2025 17:10,5576.71
18/11/2025 17:15,5526.0
18/11/2025 17:20,5820.79
18/11/2025 17:25,5797.65
18/11/2025 17:30,5715.07
18/11/2025 17:35,5884.41
18/11/2025 17:40,5569.03
18/11/2025 17:45,5938.7
18/11/2025 17:50,5667.32
18/11/2025 17:55,6155.98
18/11/2025 18:00,6214.42
18/11/2025 18:05,6157.64
18/11/2025 18:10,6306.01
18/11/2025 18:15,5796.96
18/11/2025 18:20,5943.17
18/11/2025 18:25,5944.53
18/11/2025 18:30,6403.57
18/11/2025 18:35,5912.41
18/11/2025 18:40,6156.71
18/11/2025 18:45,6038.28
18/11/2025 18:50,6171.92
18/11/2025 18:55,5849.16
18/11/2025 19:00,6204.04
18/11/2025 19:05,6227.07
18/11/2025 19:10,6338.56
18/11/2025 19:15,6016.3
18/11/2025 19:20,6050.16
18/11/2025 19:25,6258.83
18/11/2025 19:30,6200.67
18/11/2025 19:35,6147.63
18/11/2025 19:40,6247.04
18/11/2025 19:45,6293.26
18/11/2025 19:50,6188.62
18/11/2025 19:55,6198.87
18/11/2025 20:00,6469.84
18/11/2025 20:05,6501.93
18/11/2025 20:10,6311.79
18/11/2025 20:15,6575.25
18/11/2025 20:20,6080.74
18/11/2025 20:25,6150.1
18/11/2025 20:30,6442.0
18/11/2025 20:35,6234.88
18/11/2025 20:40,6204.84
18/11/2025 20:45,6246.93
18/11/2025 20:50,6251.89
18/11/2025 20:55,6223.67
18/11/2025 21:00,6157.19
18/11/2025 21:05,6282.64
18/11/2025 21:10,6401.55
18/11/2025 21:15,6084.94
18/11/2025 21:20,6286.84
18/11/2025 21:25,5999.63
18/11/2025 21:30,5889.01
18/11/2025 21:35,5991.84
18/11/2025 21:40,6035.47
18/11/2025 21:45,5896.85
18/11/2025 21:50,6022.11
18/11/2025 21:55,5941.45
18/11/2025 22:00,5686.47
18/11/2025 22:05,5913.38
18/11/2025 22:10,5679.17
18/11/2025 22:15,5475.74
18/11/2025 22:20,5333.53
18/11/2025 22:25,5184.31
18/11/2025 22:30,5360.34
18/11/2025 22:35,5467.33
18/11/2025 22:40,5256.76
18/11/2025 22:45,5183.38
18/11/2025 22:50,5280.21
18/11/2025 22:55,4650.99
18/11/2025 23:00,5102.28
18/11/2025 23:05,4988.83
18/11/2025 23:10,5395.16
18/11/2025 23:15,5282.63
18/11/2025 23:20,4809.6
18/11/2025 23:25,4990.87
18/11/2025 23:30,4659.77
18/11/2025 23:35,5070.44
18/11/2025 23:40,4933.83
18/11/2025 23:45,4661.44
18/11/2025 23:50,4990.38
18/11/2025 23:55,4976.22
19/11/2025 00:00,5478.18
19/11/2025 00:05,5178.03
19/11/2025 00:10,5242.5
19/11/2025 00:15,5468.29
19/11/2025 00:20,5048.03
19/11/2025 00:25,5191.21
19/11/2025 00:30,5088.4
19/11/2025 00:35,4992.94
19/11/2025 00:40,5276.66
19/11/2025 00:45,5203.54
19/11/2025 00:50,5152.33
19/11/2025 00:55,5336.01
19/11/2025 01:00,5267.23
19/11/2025 01:05,5328.52
19/11/2025 01:10,5165.6
19/11/2025 01:15,5321.77
19/11/2025 01:20,5268.12
19/11/2025 01:25,5162.61
19/11/2025 01:30,5214.25
19/11/2025 01:35,5166.57
19/11/2025 01:40,4934.72
19/11/2025 01:45,5055.13
19/11/2025 01:50,5227.74
19/11/2025 01:55,5143.84
19/11/2025 02:00,3767.91
19/11/2025 02:05,3833.5
19/11/2025 02:10,3664.68
19/11/2025 02:15,3781.98
19/11/2025 02:20,3584.58
19/11/2025 02:25,3716.81
19/11/2025 02:30,3895.44
19/11/2025 02:35,3875.78
19/11/2025 02:40,3701.22
19/11/2025 02:45,3878.46
19/11/2025 02:50,3942.37
19/11/2025 02:55,4127.63
19/11/2025 03:00,3793.2
19/11/2025 03:05,3922.14
19/11/2025 03:10,3691.69
19/11/2025 03:15,3855.99
19/11/2025 03:20,3554.05
19/11/2025 03:25,3875.93
19/11/2025 03:30,3564.67
19/11/2025 03:35,3694.11
19/11/2025 03:40,3886.33
19/11/2025 03:45,3785.15
19/11/2025 03:50,3867.77
19/11/2025 03:55,4125.83
19/11/2025 04:00,4099.94
19/11/2025 04:05,3751.15
19/11/2025 04:10,3578.3
19/11/2025 04:15,3730.45
19/11/2025 04:20,3653.2
19/11/2025 04:25,3881.15
19/11/2025 04:30,3692.59
19/11/2025 04:35,3795.22
19/11/2025 04:40,3776.57
19/11/2025 04:45,3913.48
19/11/2025 04:50,3885.13
19/11/2025 04:55,3941.94
19/11/2025 05:00,4397.48
19/11/2025 05:05,4094.77
19/11/2025 05:10,4419.68
19/11/2025 05:15,4061.22
19/11/2025 05:20,4163.84
19/11/2025 05:25,4430.8
19/11/2025 05:30,4527.03
19/11/2025 05:35,4008.62
19/11/2025 05:40,4490.55
19/11/2025 05:45,4458.58
19/11/2025 05:50,4418.25
19/11/2025 05:55,4318.92
19/11/2025 06:00,4608.8
19/11/2025 06:05,4692.1
19/11/2025 06:10,4359.41
19/11/2025 06:15,4582.84
19/11/2025 06:20,4616.14
19/11/2025 06:25,4544.79
19/11/2025 06:30,4544.98
19/11/2025 06:35,4897.52
19/11/2025 06:40,4557.75
19/11/2025 06:45,4521.27
19/11/2025 06:50,4897.85
19/11/2025 06:55,4643.71
19/11/2025 07:00,4645.48
19/11/2025 07:05,4744.78
19/11/2025 07:10,4697.58
19/11/2025 07:15,4788.72
19/11/2025 07:20,4886.34
19/11/2025 07:25,4967.74
19/11/2025 07:30,4369.84
19/11/2025 07:35,5101.21
19/11/2025 07:40,4824.04
19/11/2025 07:45,4876.83
19/11/2025 07:50,4853.91
19/11/2025 07:55,4761.06
19/11/2025 08:00,4953.02
19/11/2025 08:05,5112.18
19/11/2025 08:10,5121.67
19/11/2025 08:15,4808.95
19/11/2025 08:20,5176.2
19/11/2025 08:25,4891.15
19/11/2025 08:30,5206.54
19/11/2025 08:35,5018.67
19/11/2025 08:40,4876.4
19/11/2025 08:45,5132.58
19/11/2025 08:50,5197.02
19/11/2025 08:55,5279.43
19/11/2025 09:00,5663.37
19/11/2025 09:05,5958.61
19/11/2025 09:10,5486.75
19/11/2025 09:15,5485.9
19/11/2025 09:20,5640.56
19/11/2025 09:25,5491.47
19/11/2025 09:30,5763.37
19/11/2025 09:35,5770.28
19/11/2025 09:40,5590.86
19/11/2025 09:45,5734.69
19/11/2025 09:50,5721.44
19/11/2025 09:55,5635.05
19/11/2025 10:00,5659.77
19/11/2025 10:05,5823.01
19/11/2025 10:10,6072.3
19/11/2025 10:15,5729.81
19/11/2025 10:20,5894.32
19/11/2025 10:25,6023.7
19/11/2025 10:30,6109.79
19/11/2025 10:35,5831.95
19/11/2025 10:40,5633.46
19/11/2025 10:45,6106.75
19/11/2025 10:50,5956.28
19/11/2025 10:55,5719.92
19/11/2025 11:00,5963.96
19/11/2025 11:05,5700.08
19/11/2025 11:10,5643.87
19/11/2025 11:15,5880.61
19/11/2025 11:20,5706.05
19/11/2025 11:25,5872.61
19/11/2025 11:30,5572.41
19/11/2025 11:35,5622.65
19/11/2025 11:40,5608.77
19/11/2025 11:45,5476.76
19/11/2025 11:50,5526.28
19/11/2025 11:55,5671.71
19/11/2025 12:00,5300.27
19/11/2025 12:05,5445.66
19/11/2025 12:10,5426.67
19/11/2025 12:15,5307.43
19/11/2025 12:20,5399.46
19/11/2025 12:25,5515.6
19/11/2025 12:30,5254.15
19/11/2025 12:35,5231.45
19/11/2025 12:40,5460.36
19/11/2025 12:45,5383.8
19/11/2025 12:50,5268.74
19/11/2025 12:55,5228.83
19/11/2025 13:00,5108.81
19/11/2025 13:05,5171.94
19/11/2025 13:10,5288.82
19/11/2025 13:15,5233.38
19/11/2025 13:20,5152.74
19/11/2025 13:25,4927.31
19/11/2025 13:30,5285.9
19/11/2025 13:35,5341.23
19/11/2025 13:40,5172.22
19/11/2025 13:45,5422.99
19/11/2025 13:50,4915.19
19/11/2025 13:55,5032.66
19/11/2025 14:00,5236.15
19/11/2025 14:05,5019.94
19/11/2025 14:10,4876.96
19/11/2025 14:15,4812.36
19/11/2025 14:20,5205.54
19/11/2025 14:25,5018.62
19/11/2025 14:30,5249.3
19/11/2025 14:35,5008.77
19/11/2025 14:40,5251.47
19/11/2025 14:45,5066.85
19/11/2025 14:50,5135.38
19/11/2025 14:55,5164.88
19/11/2025 15:00,5151.16
19/11/2025 15:05,5080.02
19/11/2025 15:10,4961.93
19/11/2025 15:15,5141.08
19/11/2025 15:20,4859.87
19/11/2025 15:25,5108.77
19/11/2025 15:30,5077.2
19/11/2025 15:35,5080.69
19/11/2025 15:40,4915.56
19/11/2025 15:45,5366.75
19/11/2025 15:50,5219.99
19/11/2025 15:55,5541.81
19/11/2025 16:00,5232.85
19/11/2025 16:05,5384.1
19/11/2025 16:10,5466.23
19/11/2025 16:15,5137.43
19/11/2025 16:20,5171.47
19/11/2025 16:25,5451.76
19/11/2025 16:30,5385.39
19/11/2025 16:35,5680.75
19/11/2025 16:40,5620.88
19/11/2025 16:45,5641.05
19/11/2025 16:50,5623.32
19/11/2025 16:55,5696.1
19/11/2025 17:00,5386.37
19/11/2025 17:05,5517.81
19/11/2025 17:10,5586.17
19/11/2025 17:15,5893.33
19/11/2025 17:20,5448.94
19/11/2025 17:25,5639.84
19/11/2025 17:30,5699.82
19/11/2025 17:35,5761.41
19/11/2025 17:40,6174.09
19/11/2025 17:45,5780.91
19/11/2025 17:50,5903.64
19/11/2025 17:55,5959.2
19/11/2025 18:00,6120.47
19/11/2025 18:05,6194.94
19/11/2025 18:10,5969.87
19/11/2025 18:15,6165.31
19/11/2025 18:20,6068.44
19/11/2025 18:25,6088.34
19/11/2025 18:30,6338.11
19/11/2025 18:35,6118.4
19/11/2025 18:40,6198.25
19/11/2025 18:45,6060.49
19/11/2025 18:50,6024.03
19/11/2025 18:55,6166.69
19/11/2025 19:00,6034.72
19/11/2025 19:05,6288.92
19/11/2025 19:10,6244.8
19/11/2025 19:15,5911.44
19/11/2025 19:20,6411.81
19/11/2025 19:25,6290.06
19/11/2025 19:30,6172.55
19/11/2025 19:35,6509.68
19/11/2025 19:40,6195.61
19/11/2025 19:45,6254.33
19/11/2025 19:50,6070.32
19/11/2025 19:55,6249.42
19/11/2025 20:00,6040.27
19/11/2025 20:05,6326.07
19/11/2025 20:10,6358.16
19/11/2025 20:15,6261.41
19/11/2025 20:20,6301.9
19/11/2025 20:25,6149.81
19/11/2025 20:30,6377.71
19/11/2025 20:35,6111.34
19/11/2025 20:40,6305.2
19/11/2025 20:45,6325.14
19/11/2025 20:50,5949.26
19/11/2025 20:55,6152.77
19/11/2025 21:00,6081.43
19/11/2025 21:05,6209.73
19/11/2025 21:10,6132.53
19/11/2025 21:15,6238.17
19/11/2025 21:20,5941.9
19/11/2025 21:25,6230.62
19/11/2025 21:30,5999.98
19/11/2025 21:35,6218.28
19/11/2025 21:40,6121.05
19/11/2025 21:45,6073.1
19/11/2025 21:50,6073.25
19/11/2025 21:55,6027.57
19/11/2025 22:00,5656.95
19/11/2025 22:05,5593.43
19/11/2025 22:10,5356.06
19/11/2025 22:15,5502.32
19/11/2025 22:20,5608.59
19/11/2025 22:25,5334.1
19/11/2025 22:30,5335.27
19/11/2025 22:35,5389.17
19/11/2025 22:40,5319.24
19/11/2025 22:45,5483.0
19/11/2025 22:50,5236.5
19/11/2025 22:55,5363.82
19/11/2025 23:00,5253.89
19/11/2025 23:05,5108.41
19/11/2025 23:10,4939.37
19/11/2025 23:15,5047.47
19/11/2025 23:20,5195.6
19/11/2025 23:25,5062.55
19/11/2025 23:30,4839.76
19/11/2025 23:35,4925.12
19/11/2025 23:40,4945.36
19/11/2025 23:45,4889.63
19/11/2025 23:50,4990.87
19/11/2025 23:55,5156.97
20/11/2025 00:00,5204.0
20/11/2025 00:05,5320.5
20/11/2025 00:10,5352.65
20/11/2025 00:15,5271.77
20/11/2025 00:20,5069.92
20/11/2025 00:25,5354.39
20/11/2025 00:30,5023.83
20/11/2025 00:35,5272.19
20/11/2025 00:40,5328.15
20/11/2025 00:45,5313.56
20/11/2025 00:50,5067.72
20/11/2025 00:55,5266.35
20/11/2025 01:00,5264.48
20/11/2025 01:05,5273.93
20/11/2025 01:10,5371.57
20/11/2025 01:15,5275.85
20/11/2025 01:20,5504.64
20/11/2025 01:25,5118.22
20/11/2025 01:30,5120.89
20/11/2025 01:35,5239.65
20/11/2025 01:40,4957.23
20/11/2025 01:45,5135.59
20/11/2025 01:50,5238.38
20/11/2025 01:55,4957.39
20/11/2025 02:00,3973.94
20/11/2025 02:05,3763.15
20/11/2025 02:10,3853.65
20/11/2025 02:15,3888.91
20/11/2025 02:20,3641.31
20/11/2025 02:25,3883.59
20/11/2025 02:30,3801.55
20/11/2025 02:35,4070.4
20/11/2025 02:40,3622.56
20/11/2025 02:45,3914.26
20/11/2025 02:50,3990.56
20/11/2025 02:55,3837.43
20/11/2025 03:00,3761.47
20/11/2025 03:05,3869.35
20/11/2025 03:10,3869.4
20/11/2025 03:15,4101.59
20/11/2025 03:20,3603.47
20/11/2025 03:25,3564.68
20/11/2025 03:30,3853.5
20/11/2025 03:35,3487.36
20/11/2025 03:40,3720.73
20/11/2025 03:45,3722.04
20/11/2025 03:50,3647.79
20/11/2025 03:55,4158.89
20/11/2025 04:00,3771.4
20/11/2025 04:05,3815.36
20/11/2025 04:10,3741.26
20/11/2025 04:15,3827.31
20/11/2025 04:20,3866.45
20/11/2025 04:25,3928.85
20/11/2025 04:30,3891.89
20/11/2025 04:35,3873.17
20/11/2025 04:40,3835.28
20/11/2025 04:45,3917.47
20/11/2025 04:50,3713.34
20/11/2025 04:55,3855.53
20/11/2025 05:00,4454.02
20/11/2025 05:05,4399.69
20/11/2025 05:10,4154.49
20/11/2025 05:15,4323.53
20/11/2025 05:20,4114.61
20/11/2025 05:25,4374.39
20/11/2025 05:30,4141.31
20/11/2025 05:35,4409.87
20/11/2025 05:40,4134.28
20/11/2025 05:45,4233.56
20/11/2025 05:50,4436.92
20/11/2025 05:55,4735.83
20/11/2025 06:00,4542.31
20/11/2025 06:05,4675.56
20/11/2025 06:10,4604.13
20/11/2025 06:15,4529.94
20/11/2025 06:20,4623.92
20/11/2025 06:25,4206.15
20/11/2025 06:30,4604.91
20/11/2025 06:35,4465.62
20/11/2025 06:40,4817.67
20/11/2025 06:45,4745.61
20/11/2025 06:50,4967.55
20/11/2025 06:55,4686.41
20/11/2025 07:00,4825.64
20/11/2025 07:05,4800.6
20/11/2025 07:10,4673.5
20/11/2025 07:15,4583.28
20/11/2025 07:20,4581.03
20/11/2025 07:25,4795.64
20/11/2025 07:30,4550.78
20/11/2025 07:35,4839.17
20/11/2025 07:40,4819.96
20/11/2025 07:45,4698.33
20/11/2025 07:50,5151.91
20/11/2025 07:55,5037.58
20/11/2025 08:00,4828.55
20/11/2025 08:05,4734.15
20/11/2025 08:10,5059.11
20/11/2025 08:15,5178.93
20/11/2025 08:20,4930.35
20/11/2025 08:25,5013.19
20/11/2025 08:30,5027.61
20/11/2025 08:35,5159.25
20/11/2025 08:40,5042.09
20/11/2025 08:45,4897.32
20/11/2025 08:50,4900.22
20/11/2025 08:55,5112.73
20/11/2025 09:00,5440.13
20/11/2025 09:05,5567.38
20/11/2025 09:10,5416.67
20/11/2025 09:15,5692.22
20/11/2025 09:20,5749.99
20/11/2025 09:25,5604.92
20/11/2025 09:30,5700.34
20/11/2025 09:35,5652.37
20/11/2025 09:40,5731.92
20/11/2025 09:45,5441.39
20/11/2025 09:50,5676.27
20/11/2025 09:55,5610.95
20/11/2025 10:00,5825.48
20/11/2025 10:05,5941.43
20/11/2025 10:10,6006.04
20/11/2025 10:15,6043.86
20/11/2025 10:20,5680.05
20/11/2025 10:25,5553.9
20/11/2025 10:30,5919.22
20/11/2025 10:35,5585.71
20/11/2025 10:40,5631.46
20/11/2025 10:45,5794.02
20/11/2025 10:50,5659.01
20/11/2025 10:55,5431.91
20/11/2025 11:00,6041.66
20/11/2025 11:05,5645.36
20/11/2025 11:10,5992.12
20/11/2025 11:15,6026.44
20/11/2025 11:20,5743.93
20/11/2025 11:25,5567.48
20/11/2025 11:30,5815.61
20/11/2025 11:35,5516.21
20/11/2025 11:40,5885.26
20/11/2025 11:45,5751.91
20/11/2025 11:50,5717.72
20/11/2025 11:55,5526.91
20/11/2025 12:00,5485.01
20/11/2025 12:05,5065.75
20/11/2025 12:10,5283.59
20/11/2025 12:15,5085.24
20/11/2025 12:20,5294.57
20/11/2025 12:25,5180.77
20/11/2025 12:30,5434.78
20/11/2025 12:35,4997.59
20/11/2025 12:40,5102.25
20/11/2025 12:45,5285.54
20/11/2025 12:50,5251.97
20/11/2025 12:55,5081.64
20/11/2025 13:00,5334.67
20/11/2025 13:05,5134.51
20/11/2025 13:10,5054.77
20/11/2025 13:15,5065.83
20/11/2025 13:20,5143.2
20/11/2025 13:25,5050.23
20/11/2025 13:30,5351.15
20/11/2025 13:35,5372.39
20/11/2025 13:40,5049.96
20/11/2025 13:45,5026.11
20/11/2025 13:50,5045.57
20/11/2025 13:55,4949.96
20/11/2025 14:00,5098.12
20/11/2025 14:05,4881.18
20/11/2025 14:10,5078.69
20/11/2025 14:15,5201.77
20/11/2025 14:20,4948.21
20/11/2025 14:25,5082.19
20/11/2025 14:30,5407.84
20/11/2025 14:35,4930.25
20/11/2025 14:40,5238.26
20/11/2025 14:45,4744.46
20/11/2025 14:50,5091.41
20/11/2025 14:55,5266.81
20/11/2025 15:00,5013.41
20/11/2025 15:05,5016.22
20/11/2025 15:10,5190.0
20/11/2025 15:15,5176.04
20/11/2025 15:20,5067.1
20/11/2025 15:25,5355.8
20/11/2025 15:30,5341.71
20/11/2025 15:35,5028.87
20/11/2025 15:40,5454.99
20/11/2025 15:45,5054.87
20/11/2025 15:50,5132.3
20/11/2025 15:55,5349.95
20/11/2025 16:00,5245.18
20/11/2025 16:05,5378.89
20/11/2025 16:10,5377.65
20/11/2025 16:15,5275.66
20/11/2025 16:20,5510.9
20/11/2025 16:25,5461.78
20/11/2025 16:30,5310.3
20/11/2025 16:35,5497.38
20/11/2025 16:40,5288.26
20/11/2025 16:45,5552.0
20/11/2025 16:50,5479.64
20/11/2025 16:55,5761.79
20/11/2025 17:00,5398.36
20/11/2025 17:05,5606.13
20/11/2025 17:10,5618.89
20/11/2025 17:15,5953.35
20/11/2025 17:20,5617.69
20/11/2025 17:25,6030.03
20/11/2025 17:30,5623.38
20/11/2025 17:35,5657.36
20/11/2025 17:40,5897.89
20/11/2025 17:45,6022.5
20/11/2025 17:50,5773.96
20/11/2025 17:55,5835.02
20/11/2025 18:00,6050.77
20/11/2025 18:05,6065.0
20/11/2025 18:10,6169.08
20/11/2025 18:15,6188.51
20/11/2025 18:20,6024.72
20/11/2025 18:25,6344.69
20/11/2025 18:30,5902.89
20/11/2025 18:35,6020.81
20/11/2025 18:40,6282.69
20/11/2025 18:45,6449.0
20/11/2025 18:50,6035.1
20/11/2025 18:55,6088.47
20/11/2025 19:00,6222.92
20/11/2025 19:05,6315.91
20/11/2025 19:10,6213.48
20/11/2025 19:15,6071.22
20/11/2025 19:20,6180.56
20/11/2025 19:25,6179.22
20/11/2025 19:30,6491.05
20/11/2025 19:35,6404.68
20/11/2025 19:40,6206.62
20/11/2025 19:45,6180.99
20/11/2025 19:50,6474.76
20/11/2025 19:55,5978.4
20/11/2025 20:00,6215.53
20/11/2025 20:05,6310.45
20/11/2025 20:10,6141.9
20/11/2025 20:15,6268.51
20/11/2025 20:20,6445.5
20/11/2025 20:25,6311.52
20/11/2025 20:30,6406.45
20/11/2025 20:35,6243.0
20/11/2025 20:40,6527.86
20/11/2025 20:45,6324.06
20/11/2025 20:50,6005.46
20/11/2025 20:55,6141.97
20/11/2025 21:00,6151.13
20/11/2025 21:05,6330.46
20/11/2025 21:10,5968.59
20/11/2025 21:15,6106.82
20/11/2025 21:20,6095.48
20/11/2025 21:25,6284.64
20/11/2025 21:30,6037.79
20/11/2025 21:35,6074.79
20/11/2025 21:40,5974.29
20/11/2025 21:45,6115.61
20/11/2025 21:50,5897.47
20/11/2025 21:55,5962.33
20/11/2025 22:00,5653.89
20/11/2025 22:05,5587.31
20/11/2025 22:10,5609.99
20/11/2025 22:15,5611.37
20/11/2025 22:20,5203.13
20/11/2025 22:25,5431.96
20/11/2025 22:30,5426.36
20/11/2025 22:35,5373.1
20/11/2025 22:40,5288.64
20/11/2025 22:45,5422.59
20/11/2025 22:50,5132.28
20/11/2025 22:55,5228.4
20/11/2025 23:00,5240.36
20/11/2025 23:05,5035.8
20/11/2025 23:10,5101.58
20/11/2025 23:15,4957.64
20/11/2025 23:20,4916.22
20/11/2025 23:25,5287.71
20/11/2025 23:30,5301.07
20/11/2025 23:35,4989.51
20/11/2025 23:40,5003.45
20/11/2025 23:45,4672.2
20/11/2025 23:50,4688.83
20/11/2025 23:55,4848.61
21/11/2025 00:00,5198.92
21/11/2025 00:05,4907.55
21/11/2025 00:10,5233.75
21/11/2025 00:15,5165.26
21/11/2025 00:20,4955.95
21/11/2025 00:25,5200.17
21/11/2025 00:30,5111.48
21/11/2025 00:35,5200.55
21/11/2025 00:40,5397.41
21/11/2025 00:45,5152.74
21/11/2025 00:50,5347.64
21/11/2025 00:55,5097.3
21/11/2025 01:00,5185.14
21/11/2025 01:05,4987.25
21/11/2025 01:10,5270.2
21/11/2025 01:15,5088.29
21/11/2025 01:20,5130.94
21/11/2025 01:25,5326.72
21/11/2025 01:30,5275.94
21/11/2025 01:35,5150.25
21/11/2025 01:40,5034.07
21/11/2025 01:45,5358.77
21/11/2025 01:50,5006.84
21/11/2025 01:55,5470.36
21/11/2025 02:00,3611.08
21/11/2025 02:05,4018.53
21/11/2025 02:10,3699.34
21/11/2025 02:15,3843.77
21/11/2025 02:20,3659.39
21/11/2025 02:25,3650.8
21/11/2025 02:30,3845.43
21/11/2025 02:35,3662.05
21/11/2025 02:40,3662.26
21/11/2025 02:45,3945.3
21/11/2025 02:50,3846.94
21/11/2025 02:55,3721.2
21/11/2025 03:00,4145.8
21/11/2025 03:05,4044.01
21/11/2025 03:10,3743.49
21/11/2025 03:15,3907.42
21/11/2025 03:20,4081.04
21/11/2025 03:25,3943.89
21/11/2025 03:30,3801.28
21/11/2025 03:35,3842.96
21/11/2025 03:40,3840.22
21/11/2025 03:45,3716.09
21/11/2025 03:50,4002.92
21/11/2025 03:55,3719.44
21/11/2025 04:00,3615.34
21/11/2025 04:05,3706.59
21/11/2025 04:10,3741.64
21/11/2025 04:15,3739.8
21/11/2025 04:20,3689.41
21/11/2025 04:25,3535.18
21/11/2025 04:30,3697.08
21/11/2025 04:35,3783.57
21/11/2025 04:40,3742.55
21/11/2025 04:45,3738.7
21/11/2025 04:50,3696.52
21/11/2025 04:55,3538.25
21/11/2025 05:00,4670.52
21/11/2025 05:05,4111.6
21/11/2025 05:10,4223.32
21/11/2025 05:15,4376.88
21/11/2025 05:20,4408.05
21/11/2025 05:25,4536.27
21/11/2025 05:30,4191.57
21/11/2025 05:35,4506.82
21/11/2025 05:40,4345.7
21/11/2025 05:45,4515.15
21/11/2025 05:50,4520.26
21/11/2025 05:55,4487.43
21/11/2025 06:00,4627.08
21/11/2025 06:05,4726.13
21/11/2025 06:10,4408.49
21/11/2025 06:15,4575.43
21/11/2025 06:20,4394.21
21/11/2025 06:25,4704.28
21/11/2025 06:30,4434.92
21/11/2025 06:35,4433.77
21/11/2025 06:40,4647.73
21/11/2025 06:45,4633.13
21/11/2025 06:50,4406.43
21/11/2025 06:55,4685.34
21/11/2025 07:00,4808.42
21/11/2025 07:05,4666.27
21/11/2025 07:10,4934.89
21/11/2025 07:15,4715.41
21/11/2025 07:20,4601.17
21/11/2025 07:25,4718.86
21/11/2025 07:30,4790.13
21/11/2025 07:35,4960.54
21/11/2025 07:40,4911.15
21/11/2025 07:45,4987.73
21/11/2025 07:50,4947.59
21/11/2025 07:55,4936.27
21/11/2025 08:00,4710.42
21/11/2025 08:05,4602.74
21/11/2025 08:10,4832.33
21/11/2025 08:15,4893.1
21/11/2025 08:20,5146.71
21/11/2025 08:25,4865.98
21/11/2025 08:30,5013.99
21/11/2025 08:35,4970.16
21/11/2025 08:40,4879.59
21/11/2025 08:45,5016.65
21/11/2025 08:50,5132.96
21/11/2025 08:55,5246.87
21/11/2025 09:00,5378.81
21/11/2025 09:05,5695.2
21/11/2025 09:10,5775.44
21/11/2025 09:15,5775.13
21/11/2025 09:20,5667.4
21/11/2025 09:25,5520.25
21/11/2025 09:30,5776.24
21/11/2025 09:35,5943.18
21/11/2025 09:40,6061.76
21/11/2025 09:45,5841.01
21/11/2025 09:50,5699.76
21/11/2025 09:55,5731.23
21/11/2025 10:00,5715.8
21/11/2025 10:05,5894.73
21/11/2025 10:10,5792.11
21/11/2025 10:15,5556.89
21/11/2025 10:20,5725.19
21/11/2025 10:25,5717.71
21/11/2025 10:30,5711.87
21/11/2025 10:35,5987.76
21/11/2025 10:40,6026.18
21/11/2025 10:45,5791.82
21/11/2025 10:50,5730.87
21/11/2025 10:55,5723.76
21/11/2025 11:00,5401.69
21/11/2025 11:05,5922.93
21/11/2025 11:10,5769.45
21/11/2025 11:15,5858.26
21/11/2025 11:20,5829.59
21/11/2025 11:25,5755.23
21/11/2025 11:30,5775.97
21/11/2025 11:35,5567.49
21/11/2025 11:40,5599.15
21/11/2025 11:45,5622.35
21/11/2025 11:50,5579.94
21/11/2025 11:55,5493.86
21/11/2025 12:00,5219.53
21/11/2025 12:05,5184.4
21/11/2025 12:10,4903.27
21/11/2025 12:15,5213.52
21/11/2025 12:20,5320.11
21/11/2025 12:25,5121.62
21/11/2025 12:30,5276.5
21/11/2025 12:35,5143.68
21/11/2025 12:40,5042.93
21/11/2025 12:45,5378.83
21/11/2025 12:50,5302.44
21/11/2025 12:55,5243.06
21/11/2025 13:00,5032.24
21/11/2025 13:05,5232.04
21/11/2025 13:10,5390.01
21/11/2025 13:15,4913.69
21/11/2025 13:20,5506.96
21/11/2025 13:25,5251.36
21/11/2025 13:30,5193.7
21/11/2025 13:35,5086.7
21/11/2025 13:40,4767.82
21/11/2025 13:45,5092.67
21/11/2025 13:50,5335.65
21/11/2025 13:55,4960.0
21/11/2025 14:00,5054.93
21/11/2025 14:05,5092.26
21/11/2025 14:10,5015.53
21/11/2025 14:15,5170.31
21/11/2025 14:20,5253.83
21/11/2025 14:25,5216.73
21/11/2025 14:30,4943.89
21/11/2025 14:35,5126.59
21/11/2025 14:40,4888.63
21/11/2025 14:45,5022.19
21/11/2025 14:50,5220.15
21/11/2025 14:55,5246.93
21/11/2025 15:00,4931.44
21/11/2025 15:05,5217.47
21/11/2025 15:10,5149.08
21/11/2025 15:15,5341.28
21/11/2025 15:20,5208.68
21/11/2025 15:25,5390.09
21/11/2025 15:30,4964.2
21/11/2025 15:35,5113.68
21/11/2025 15:40,5225.71
21/11/2025 15:45,5246.91
21/11/2025 15:50,5294.35
21/11/2025 15:55,5102.04
21/11/2025 16:00,5226.29
21/11/2025 16:05,5026.38
21/11/2025 16:10,5394.4
21/11/2025 16:15,5201.62
21/11/2025 16:20,5278.22
21/11/2025 16:25,5372.2
21/11/2025 16:30,5225.53
21/11/2025 16:35,5274.86
21/11/2025 16:40,5632.85
21/11/2025 16:45,5688.18
21/11/2025 16:50,5736.09
21/11/2025 16:55,5402.63
21/11/2025 17:00,5607.44
21/11/2025 17:05,5598.77
21/11/2025 17:10,5514.72
21/11/2025 17:15,5883.4
21/11/2025 17:20,5654.79
21/11/2025 17:25,5739.48
21/11/2025 17:30,5817.84
21/11/2025 17:35,5569.2
21/11/2025 17:40,5800.71
21/11/2025 17:45,5588.45
21/11/2025 17:50,6138.38
21/11/2025 17:55,5891.34
21/11/2025 18:00,6050.89
21/11/2025 18:05,5984.51
21/11/2025 18:10,6107.34
21/11/2025 18:15,6291.26
21/11/2025 18:20,6027.35
21/11/2025 18:25,5942.75
21/11/2025 18:30,6036.62
21/11/2025 18:35,6059.46
21/11/2025 18:40,5919.95
21/11/2025 18:45,5980.52
21/11/2025 18:50,6122.04
21/11/2025 18:55,6076.67
21/11/2025 19:00,6121.36
21/11/2025 19:05,6351.45
21/11/2025 19:10,6513.92
21/11/2025 19:15,6087.22
21/11/2025 19:20,6209.05
21/11/2025 19:25,6295.24
21/11/2025 19:30,6542.41
21/11/2025 19:35,6349.9
21/11/2025 19:40,6385.11
21/11/2025 19:45,6496.54
21/11/2025 19:50,6463.67
21/11/2025 19:55,6560.96
21/11/2025 20:00,6387.75
21/11/2025 20:05,6336.98
21/11/2025 20:10,6390.22
21/11/2025 20:15,6381.95
21/11/2025 20:20,6183.29
21/11/2025 20:25,6114.74
21/11/2025 20:30,6331.87
21/11/2025 20:35,6332.67
21/11/2025 20:40,6326.2
21/11/2025 20:45,6242.88
21/11/2025 20:50,6282.84
21/11/2025 20:55,6110.3
21/11/2025 21:00,6338.55
21/11/2025 21:05,5894.33
21/11/2025 21:10,6216.24
21/11/2025 21:15,6076.05
21/11/2025 21:20,6132.37
21/11/2025 21:25,5955.99
21/11/2025 21:30,5980.8
21/11/2025 21:35,6001.0
21/11/2025 21:40,6166.51
21/11/2025 21:45,5950.48
21/11/2025 21:50,5951.2
21/11/2025 21:55,5957.72
21/11/2025 22:00,5687.81
21/11/2025 22:05,5437.38
21/11/2025 22:10,5756.96
21/11/2025 22:15,5370.42
21/11/2025 22:20,5449.97
21/11/2025 22:25,5719.26
21/11/2025 22:30,5268.4
21/11/2025 22:35,5198.1
21/11/2025 22:40,5387.71
21/11/2025 22:45,5509.94
21/11/2025 22:50,5335.16
21/11/2025 22:55,5243.34
21/11/2025 23:00,5262.23
21/11/2025 23:05,5248.63
21/11/2025 23:10,4957.56
21/11/2025 23:15,5234.43
21/11/2025 23:20,5318.11
21/11/2025 23:25,4805.24
21/11/2025 23:30,4905.94
21/11/2025 23:35,5079.77
21/11/2025 23:40,5069.53
21/11/2025 23:45,4873.46
21/11/2025 23:50,4940.75
21/11/2025 23:55,4997.45
22/11/2025 00:00,4775.01
22/11/2025 00:05,5081.08
22/11/2025 00:10,4825.55
22/11/2025 00:15,4872.74
22/11/2025 00:20,4693.22
22/11/2025 00:25,4503.39
22/11/2025 00:30,4848.08
22/11/2025 00:35,4647.12
22/11/2025 00:40,4778.61
22/11/2025 00:45,5035.69
22/11/2025 00:50,5024.45
22/11/2025 00:55,4818.55
22/11/2025 01:00,4749.49
22/11/2025 01:05,4659.21
22/11/2025 01:10,4789.56
22/11/2025 01:15,5097.21
22/11/2025 01:20,4843.68
22/11/2025 01:25,4739.24
22/11/2025 01:30,4785.41
22/11/2025 01:35,4770.21
22/11/2025 01:40,4945.72
22/11/2025 01:45,4677.3
22/11/2025 01:50,4869.85
22/11/2025 01:55,4751.59
22/11/2025 02:00,3195.43
22/11/2025 02:05,3395.23
22/11/2025 02:10,3534.57
22/11/2025 02:15,3391.09
22/11/2025 02:20,3518.39
22/11/2025 02:25,3653.14
22/11/2025 02:30,3262.94
22/11/2025 02:35,3561.13
22/11/2025 02:40,3393.35
22/11/2025 02:45,3449.92
22/11/2025 02:50,3282.62
22/11/2025 02:55,3409.43
22/11/2025 03:00,3371.36
22/11/2025 03:05,3396.18
22/11/2025 03:10,3393.18
22/11/2025 03:15,3383.9
22/11/2025 03:20,3376.98
22/11/2025 03:25,3419.24
22/11/2025 03:30,3502.98
22/11/2025 03:35,3468.29
22/11/2025 03:40,3520.97
22/11/2025 03:45,3413.69
22/11/2025 03:50,3238.51
22/11/2025 03:55,3172.95
22/11/2025 04:00,3287.38
22/11/2025 04:05,3369.04
22/11/2025 04:10,3279.64
22/11/2025 04:15,3454.59
22/11/2025 04:20,3640.13
22/11/2025 04:25,3425.3
22/11/2025 04:30,3450.87
22/11/2025 04:35,3385.81
22/11/2025 04:40,3282.07
22/11/2025 04:45,3371.54
22/11/2025 04:50,3423.27
22/11/2025 04:55,3391.34
22/11/2025 05:00,3880.26
22/11/2025 05:05,3813.51
22/11/2025 05:10,3888.76
22/11/2025 05:15,3776.79
22/11/2025 05:20,4172.1
22/11/2025 05:25,4029.91
22/11/2025 05:30,4120.86
22/11/2025 05:35,3624.31
22/11/2025 05:40,4065.23
22/11/2025 05:45,4215.16
22/11/2025 05:50,3915.22
22/11/2025 05:55,4052.72
22/11/2025 06:00,4046.46
22/11/2025 06:05,4261.24
22/11/2025 06:10,4096.91
22/11/2025 06:15,4093.49
22/11/2025 06:20,3743.08
22/11/2025 06:25,4162.93
22/11/2025 06:30,4151.28
22/11/2025 06:35,4145.83
22/11/2025 06:40,3993.86
22/11/2025 06:45,4278.53
22/11/2025 06:50,4608.89
22/11/2025 06:55,4356.92
22/11/2025 07:00,4260.61
22/11/2025 07:05,4400.81
22/11/2025 07:10,4251.14
22/11/2025 07:15,4221.83
22/11/2025 07:20,4464.01
22/11/2025 07:25,4410.9
22/11/2025 07:30,4501.86
22/11/2025 07:35,4456.57
22/11/2025 07:40,4246.36
22/11/2025 07:45,4687.9
22/11/2025 07:50,4552.88
22/11/2025 07:55,4501.13
22/11/2025 08:00,4597.32
22/11/2025 08:05,4777.06
22/11/2025 08:10,4555.07
22/11/2025 08:15,4456.07
22/11/2025 08:20,4729.77
22/11/2025 08:25,4407.11
22/11/2025 08:30,4635.29
22/11/2025 08:35,4515.14
22/11/2025 08:40,4542.75
22/11/2025 08:45,4533.38
22/11/2025 08:50,4444.03
22/11/2025 08:55,4893.5
22/11/2025 09:00,5343.72
22/11/2025 09:05,4949.85
22/11/2025 09:10,5302.56
22/11/2025 09:15,5181.06
22/11/2025 09:20,4992.11
22/11/2025 09:25,5095.27
22/11/2025 09:30,5646.11
22/11/2025 09:35,5212.07
22/11/2025 09:40,5425.7
22/11/2025 09:45,5430.78
22/11/2025 09:50,5323.28
22/11/2025 09:55,5296.19
22/11/2025 10:00,5775.72
22/11/2025 10:05,5237.41
22/11/2025 10:10,5276.62
22/11/2025 10:15,5576.51
22/11/2025 10:20,5365.53
22/11/2025 10:25,5433.1
22/11/2025 10:30,5385.52
22/11/2025 10:35,5484.81
22/11/2025 10:40,5269.9
22/11/2025 10:45,5381.74
22/11/2025 10:50,5571.77
22/11/2025 10:55,5203.4
22/11/2025 11:00,5554.85
22/11/2025 11:05,5450.55
22/11/2025 11:10,5571.65
22/11/2025 11:15,5314.52
22/11/2025 11:20,5375.98
22/11/2025 11:25,5197.93
22/11/2025 11:30,5170.89
22/11/2025 11:35,5387.75
22/11/2025 11:40,5002.67
22/11/2025 11:45,5123.99
22/11/2025 11:50,5296.51
22/11/2025 11:55,5220.97
22/11/2025 12:00,4894.5
22/11/2025 12:05,4989.0
22/11/2025 12:10,5016.17
22/11/2025 12:15,4834.33
22/11/2025 12:20,4786.61
22/11/2025 12:25,4841.36
22/11/2025 12:30,4973.39
22/11/2025 12:35,5014.57
22/11/2025 12:40,5149.47
22/11/2025 12:45,5003.53
22/11/2025 12:50,4915.99
22/11/2025 12:55,4687.45
22/11/2025 13:00,4763.88
22/11/2025 13:05,4891.96
22/11/2025 13:10,4858.39
22/11/2025 13:15,4761.3
22/11/2025 13:20,5048.02
22/11/2025 13:25,4927.34
22/11/2025 13:30,4784.8
22/11/2025 13:35,4840.52
22/11/2025 13:40,4724.46
22/11/2025 13:45,4989.42
22/11/2025 13:50,4477.98
22/11/2025 13:55,4713.15
22/11/2025 14:00,4757.94
22/11/2025 14:05,4640.17
22/11/2025 14:10,4612.07
22/11/2025 14:15,4599.18
22/11/2025 14:20,4662.49
22/11/2025 14:25,4989.17
22/11/2025 14:30,4585.62
22/11/2025 14:35,4697.77
22/11/2025 14:40,4497.22
22/11/2025 14:45,4534.99
22/11/2025 14:50,4607.65
22/11/2025 14:55,4404.69
22/11/2025 15:00,4489.0
22/11/2025 15:05,4367.25
22/11/2025 15:10,4838.53
22/11/2025 15:15,4338.76
22/11/2025 15:20,4846.71
22/11/2025 15:25,4878.6
22/11/2025 15:30,4758.66
22/11/2025 15:35,4697.61
22/11/2025 15:40,4711.44
22/11/2025 15:45,4514.4
22/11/2025 15:50,4848.94
22/11/2025 15:55,5034.59
22/11/2025 16:00,5090.53
22/11/2025 16:05,5019.01
22/11/2025 16:10,4973.6
22/11/2025 16:15,5118.72
22/11/2025 16:20,4855.71
22/11/2025 16:25,4914.51
22/11/2025 16:30,4962.02
22/11/2025 16:35,4821.72
22/11/2025 16:40,4991.81
22/11/2025 16:45,4971.21
22/11/2025 16:50,5354.57
22/11/2025 16:55,5295.54
22/11/2025 17:00,5143.7
22/11/2025 17:05,5227.16
22/11/2025 17:10,5324.17
22/11/2025 17:15,5254.51
22/11/2025 17:20,5470.19
22/11/2025 17:25,5566.2
22/11/2025 17:30,5150.74
22/11/2025 17:35,5184.59
22/11/2025 17:40,5512.55
22/11/2025 17:45,5492.92
22/11/2025 17:50,5037.49
22/11/2025 17:55,5519.45
22/11/2025 18:00,5669.02
22/11/2025 18:05,5720.42
22/11/2025 18:10,5440.88
22/11/2025 18:15,5672.13
22/11/2025 18:20,5809.09
22/11/2025 18:25,5709.83
22/11/2025 18:30,5873.97
22/11/2025 18:35,5780.97
22/11/2025 18:40,5844.86
22/11/2025 18:45,5994.4
22/11/2025 18:50,5565.25
22/11/2025 18:55,5639.37
22/11/2025 19:00,5822.21
22/11/2025 19:05,5843.69
22/11/2025 19:10,6000.41
22/11/2025 19:15,5728.34
22/11/2025 19:20,5810.0
22/11/2025 19:25,5962.71
22/11/2025 19:30,5802.86
22/11/2025 19:35,5946.69
22/11/2025 19:40,6080.22
22/11/2025 19:45,5902.63
22/11/2025 19:50,5696.82
22/11/2025 19:55,5936.7
22/11/2025 20:00,5764.89
22/11/2025 20:05,5958.22
22/11/2025 20:10,6119.02
22/11/2025 20:15,5703.34
22/11/2025 20:20,5849.51
22/11/2025 20:25,6108.16
22/11/2025 20:30,5554.56
22/11/2025 20:35,5957.02
22/11/2025 20:40,5878.23
22/11/2025 20:45,6058.73
22/11/2025 20:50,5804.18
22/11/2025 20:55,5828.27
22/11/2025 21:00,5747.54
22/11/2025 21:05,5918.56
22/11/2025 21:10,5886.11
22/11/2025 21:15,5784.16
22/11/2025 21:20,5789.3
22/11/2025 21:25,5642.52
22/11/2025 21:30,5926.35
22/11/2025 21:35,5897.99
22/11/2025 21:40,5764.57
22/11/2025 21:45,5594.27
22/11/2025 21:50,5524.66
22/11/2025 21:55,5633.31
22/11/2025 22:00,5432.75
22/11/2025 22:05,5158.14
22/11/2025 22:10,5414.93
22/11/2025 22:15,5054.0
22/11/2025 22:20,5375.73
22/11/2025 22:25,5166.09
22/11/2025 22:30,4902.32
22/11/2025 22:35,4784.93
22/11/2025 22:40,4949.59
22/11/2025 22:45,5036.51
22/11/2025 22:50,4972.2
22/11/2025 22:55,4613.7
22/11/2025 23:00,4882.45
22/11/2025 23:05,4583.48
22/11/2025 23:10,4699.07
22/11/2025 23:15,4890.51
22/11/2025 23:20,4313.39
22/11/2025 23:25,4357.97
22/11/2025 23:30,4383.46
22/11/2025 23:35,4603.61
22/11/2025 23:40,4530.97
22/11/2025 23:45,4578.55
22/11/2025 23:50,4390.89
22/11/2025 23:55,4563.99
23/11/2025 00:00,4722.76
23/11/2025 00:05,4803.64
23/11/2025 00:10,4661.95
23/11/2025 00:15,4952.85
23/11/2025 00:20,5002.04
23/11/2025 00:25,4638.34
23/11/2025 00:30,4930.46
23/11/2025 00:35,4975.82
23/11/2025 00:40,4780.62
23/11/2025 00:45,4907.32
23/11/2025 00:50,4943.8
23/11/2025 00:55,4840.53
23/11/2025 01:00,4866.67
23/11/2025 01:05,4845.34
23/11/2025 01:10,4539.52
23/11/2025 01:15,4738.68
23/11/2025 01:20,5157.45
23/11/2025 01:25,4659.28
23/11/2025 01:30,4793.61
23/11/2025 01:35,4887.07
23/11/2025 01:40,4886.37
23/11/2025 01:45,5007.32
23/11/2025 01:50,4715.25
23/11/2025 01:55,5057.78
23/11/2025 02:00,3443.1
23/11/2025 02:05,3635.95
23/11/2025 02:10,3136.26
23/11/2025 02:15,3689.18
23/11/2025 02:20,3691.16
23/11/2025 02:25,3423.18
23/11/2025 02:30,3600.88
23/11/2025 02:35,3417.07
23/11/2025 02:40,3504.91
23/11/2025 02:45,3323.82
23/11/2025 02:50,3350.52
23/11/2025 02:55,3452.6
23/11/2025 03:00,3601.24
23/11/2025 03:05,3370.8
23/11/2025 03:10,3430.17
23/11/2025 03:15,3574.31
23/11/2025 03:20,3275.56
23/11/2025 03:25,3369.63
23/11/2025 03:30,3588.32
23/11/2025 03:35,3378.59
23/11/2025 03:40,3510.37
23/11/2025 03:45,3460.96
23/11/2025 03:50,3387.77
23/11/2025 03:55,3390.18
23/11/2025 04:00,3562.18
23/11/2025 04:05,3329.82
23/11/2025 04:10,3234.77
23/11/2025 04:15,3056.36
23/11/2025 04:20,3486.22
23/11/2025 04:25,3349.85
23/11/2025 04:30,3409.89
23/11/2025 04:35,3222.93
23/11/2025 04:40,3558.68
23/11/2025 04:45,3134.4
23/11/2025 04:50,3431.33
23/11/2025 04:55,3318.15
23/11/2025 05:00,3777.66
23/11/2025 05:05,3881.07
23/11/2025 05:10,4253.1
23/11/2025 05:15,3725.53
23/11/2025 05:20,3840.18
23/11/2025 05:25,4059.0
23/11/2025 05:30,3874.07
23/11/2025 05:35,3818.64
23/11/2025 05:40,3953.86
23/11/2025 05:45,4069.3
23/11/2025 05:50,4046.64
23/11/2025 05:55,4187.69
23/11/2025 06:00,4006.47
23/11/2025 06:05,4225.28
23/11/2025 06:10,4283.5
23/11/2025 06:15,3750.75
23/11/2025 06:20,3766.64
23/11/2025 06:25,4096.7
23/11/2025 06:30,4071.21
23/11/2025 06:35,4184.02
23/11/2025 06:40,4038.54
23/11/2025 06:45,4124.28
23/11/2025 06:50,4206.8
23/11/2025 06:55,4264.52
23/11/2025 07:00,4312.93
23/11/2025 07:05,4397.8
23/11/2025 07:10,4155.72
23/11/2025 07:15,4185.5
23/11/2025 07:20,4270.08
23/11/2025 07:25,4343.91
23/11/2025 07:30,4417.74
23/11/2025 07:35,4437.01
23/11/2025 07:40,4304.84
23/11/2025 07:45,4399.54
23/11/2025 07:50,4456.37
23/11/2025 07:55,4296.6
23/11/2025 08:00,4795.13
23/11/2025 08:05,4470.66
23/11/2025 08:10,4477.32
23/11/2025 08:15,4393.74
23/11/2025 08:20,4539.12
23/11/2025 08:25,4426.31
23/11/2025 08:30,4553.82
23/11/2025 08:35,4468.0
23/11/2025 08:40,4567.43
23/11/2025 08:45,4657.83
23/11/2025 08:50,4510.98
23/11/2025 08:55,4812.5
23/11/2025 09:00,5024.65
23/11/2025 09:05,5218.88
23/11/2025 09:10,5421.55
23/11/2025 09:15,5185.08
23/11/2025 09:20,5094.35
23/11/2025 09:25,5151.93
23/11/2025 09:30,5189.85
23/11/2025 09:35,5156.9
23/11/2025 09:40,5416.79
23/11/2025 09:45,5604.18
23/11/2025 09:50,5070.95
23/11/2025 09:55,5439.0
23/11/2025 10:00,5426.62
23/11/2025 10:05,5342.99
23/11/2025 10:10,5205.04
23/11/2025 10:15,5530.19
23/11/2025 10:20,5571.07
23/11/2025 10:25,5448.11
23/11/2025 10:30,5402.89
23/11/2025 10:35,5360.78
23/11/2025 10:40,5610.07
23/11/2025 10:45,5288.74
23/11/2025 10:50,5353.94
23/11/2025 10:55,5104.85
23/11/2025 11:00,5299.47
23/11/2025 11:05,5343.12
23/11/2025 11:10,5288.8
23/11/2025 11:15,5391.83
23/11/2025 11:20,5550.48
23/11/2025 11:25,5257.25
23/11/2025 11:30,5330.16
23/11/2025 11:35,5162.46
23/11/2025 11:40,5155.06
23/11/2025 11:45,5112.57
23/11/2025 11:50,5384.4
23/11/2025 11:55,4944.76
23/11/2025 12:00,4952.68
23/11/2025 12:05,4576.89
23/11/2025 12:10,5016.05
23/11/2025 12:15,4676.23
23/11/2025 12:20,4736.02
23/11/2025 12:25,4900.43
23/11/2025 12:30,4824.54
23/11/2025 12:35,5052.23
23/11/2025 12:40,4927.96
23/11/2025 12:45,4845.4
23/11/2025 12:50,5069.04
23/11/2025 12:55,4614.94
23/11/2025 13:00,4648.3
23/11/2025 13:05,4872.08
23/11/2025 13:10,5030.61
23/11/2025 13:15,4827.82
23/11/2025 13:20,4687.0
23/11/2025 13:25,4792.36
23/11/2025 13:30,4807.81
23/11/2025 13:35,4465.4
23/11/2025 13:40,5014.74
23/11/2025 13:45,4521.39
23/11/2025 13:50,4759.16
23/11/2025 13:55,4651.26
23/11/2025 14:00,4842.26
23/11/2025 14:05,4807.74
23/11/2025 14:10,4637.6
23/11/2025 14:15,4777.39
23/11/2025 14:20,4586.53
23/11/2025 14:25,4547.22
23/11/2025 14:30,4716.43
23/11/2025 14:35,4937.51
23/11/2025 14:40,4680.58
23/11/2025 14:45,4400.02
23/11/2025 14:50,4604.57
23/11/2025 14:55,4684.31
23/11/2025 15:00,4316.22
23/11/2025 15:05,4790.19
23/11/2025 15:10,4865.12
23/11/2025 15:15,4769.11
23/11/2025 15:20,4965.44
23/11/2025 15:25,4807.09
23/11/2025 15:30,4630.77
23/11/2025 15:35,4566.2
23/11/2025 15:40,4714.54
23/11/2025 15:45,4850.13
23/11/2025 15:50,4781.24
23/11/2025 15:55,4923.65
23/11/2025 16:00,4830.98
23/11/2025 16:05,5002.07
23/11/2025 16:10,5179.68
23/11/2025 16:15,4992.33
23/11/2025 16:20,4808.77
23/11/2025 16:25,4972.82
23/11/2025 16:30,4943.34
23/11/2025 16:35,4972.22
23/11/2025 16:40,4814.62
23/11/2025 16:45,5288.89
23/11/2025 16:50,5044.45
23/11/2025 16:55,5071.01
23/11/2025 17:00,4911.53
23/11/2025 17:05,4940.28
23/11/2025 17:10,5088.48
23/11/2025 17:15,5243.02
23/11/2025 17:20,5474.98
23/11/2025 17:25,5311.33
23/11/2025 17:30,5231.03
23/11/2025 17:35,5412.98
23/11/2025 17:40,5392.37
23/11/2025 17:45,5327.24
23/11/2025 17:50,5307.9
23/11/2025 17:55,5767.92
23/11/2025 18:00,5678.27
23/11/2025 18:05,5529.5
23/11/2025 18:10,5586.04
23/11/2025 18:15,5773.54
23/11/2025 18:20,5638.87
23/11/2025 18:25,5669.82
23/11/2025 18:30,5577.72
23/11/2025 18:35,5674.96
23/11/2025 18:40,5539.74
23/11/2025 18:45,5614.92
23/11/2025 18:50,5731.87
23/11/2025 18:55,5828.15
23/11/2025 19:00,5867.72
23/11/2025 19:05,5930.5
23/11/2025 19:10,5971.77
23/11/2025 19:15,5594.13
23/11/2025 19:20,5609.9
23/11/2025 19:25,5914.75
23/11/2025 19:30,5875.0
23/11/2025 19:35,5957.38
23/11/2025 19:40,5721.27
23/11/2025 19:45,5953.25
23/11/2025 19:50,5962.24
23/11/2025 19:55,5673.86
23/11/2025 20:00,5705.14
23/11/2025 20:05,6204.67
23/11/2025 20:10,5702.25
23/11/2025 20:15,6140.71
23/11/2025 20:20,5888.6
23/11/2025 20:25,5678.08
23/11/2025 20:30,5999.09
23/11/2025 20:35,5772.44
23/11/2025 20:40,5854.64
23/11/2025 20:45,5706.35
23/11/2025 20:50,5708.29
23/11/2025 20:55,5887.29
23/11/2025 21:00,5921.53
23/11/2025 21:05,5821.64
23/11/2025 21:10,5793.79
23/11/2025 21:15,5896.55
23/11/2025 21:20,5746.8
23/11/2025 21:25,5810.81
23/11/2025 21:30,5912.72
23/11/2025 21:35,5654.31
23/11/2025 21:40,5619.14
23/11/2025 21:45,5594.19
23/11/2025 21:50,5411.14
23/11/2025 21:55,5915.95
23/11/2025 22:00,5192.37
23/11/2025 22:05,4960.41
23/11/2025 22:10,5302.91
23/11/2025 22:15,4851.33
23/11/2025 22:20,4848.02
23/11/2025 22:25,4911.47
23/11/2025 22:30,4948.47
23/11/2025 22:35,5247.29
23/11/2025 22:40,4714.41
23/11/2025 22:45,4765.9
23/11/2025 22:50,4789.91
23/11/2025 22:55,4712.03
23/11/2025 23:00,5098.2
23/11/2025 23:05,4916.24
23/11/2025 23:10,4522.4
23/11/2025 23:15,4646.48
23/11/2025 23:20,4568.58
23/11/2025 23:25,4433.35
23/11/2025 23:30,4595.33
23/11/2025 23:35,4592.22
23/11/2025 23:40,4525.78
23/11/2025 23:45,4784.82
23/11/2025 23:50,4594.0
23/11/2025 23:55,4459.08
24/11/2025 00:00,5190.79
24/11/2025 00:05,5220.48
24/11/2025 00:10,5437.3
24/11/2025 00:15,4906.11
24/11/2025 00:20,5152.77
24/11/2025 00:25,5405.78
24/11/2025 00:30,5137.27
24/11/2025 00:35,5407.3
24/11/2025 00:40,4998.05
24/11/2025 00:45,5126.12
24/11/2025 00:50,5329.89
24/11/2025 00:55,5064.7
24/11/2025 01:00,4955.19
24/11/2025 01:05,5035.3
24/11/2025 01:10,5156.98
24/11/2025 01:15,5290.4
24/11/2025 01:20,5320.1
24/11/2025 01:25,5376.05
24/11/2025 01:30,5130.2
24/11/2025 01:35,4996.22
24/11/2025 01:40,4908.59
24/11/2025 01:45,5187.97
24/11/2025 01:50,4994.15
24/11/2025 01:55,5299.25
24/11/2025 02:00,4008.99
24/11/2025 02:05,3980.19
24/11/2025 02:10,3967.71
24/11/2025 02:15,3856.2
24/11/2025 02:20,4056.97
24/11/2025 02:25,3885.23
24/11/2025 02:30,3832.83
24/11/2025 02:35,3655.65
24/11/2025 02:40,3590.08
24/11/2025 02:45,3852.69
24/11/2025 02:50,3721.83
24/11/2025 02:55,3679.09
24/11/2025 03:00,3543.31
24/11/2025 03:05,3790.62
24/11/2025 03:10,3729.67
24/11/2025 03:15,3674.43
24/11/2025 03:20,3476.03
24/11/2025 03:25,3630.58
24/11/2025 03:30,3647.56
24/11/2025 03:35,3693.38
24/11/2025 03:40,3567.35
24/11/2025 03:45,3835.74
24/11/2025 03:50,4079.54
24/11/2025 03:55,3629.73
24/11/2025 04:00,4022.79
24/11/2025 04:05,3509.43
24/11/2025 04:10,3997.19
24/11/2025 04:15,4041.53
24/11/2025 04:20,3912.02
24/11/2025 04:25,3795.09
24/11/2025 04:30,3968.93
24/11/2025 04:35,3908.14
24/11/2025 04:40,3609.47
24/11/2025 04:45,3799.97
24/11/2025 04:50,3790.81
24/11/2025 04:55,3599.73
24/11/2025 05:00,4306.12
24/11/2025 05:05,4280.28
24/11/2025 05:10,4140.94
24/11/2025 05:15,4505.42
24/11/2025 05:20,4418.64
24/11/2025 05:25,4308.95
24/11/2025 05:30,4262.25
24/11/2025 05:35,4240.66
24/11/2025 05:40,4445.29
24/11/2025 05:45,4656.0
24/11/2025 05:50,4330.37
24/11/2025 05:55,4682.6
24/11/2025 06:00,4314.95
24/11/2025 06:05,4711.7
24/11/2025 06:10,4746.24
24/11/2025 06:15,4746.14
24/11/2025 06:20,4584.46
24/11/2025 06:25,4499.46
24/11/2025 06:30,4725.09
24/11/2025 06:35,4669.7
24/11/2025 06:40,4575.25
24/11/2025 06:45,4613.73
24/11/2025 06:50,4828.47
24/11/2025 06:55,4515.44
24/11/2025 07:00,4711.85
24/11/2025 07:05,4451.34
24/11/2025 07:10,4640.19
24/11/2025 07:15,4645.42
24/11/2025 07:20,4678.1
24/11/2025 07:25,4869.82
24/11/2025 07:30,5130.07
24/11/2025 07:35,4529.57
24/11/2025 07:40,5000.7
24/11/2025 07:45,4749.81
24/11/2025 07:50,4870.26
24/11/2025 07:55,5178.02
24/11/2025 08:00,4988.25
24/11/2025 08:05,5022.64
24/11/2025 08:10,4716.3
24/11/2025 08:15,4832.0
24/11/2025 08:20,5209.66
24/11/2025 08:25,5168.24
24/11/2025 08:30,5026.98
24/11/2025 08:35,4979.55
24/11/2025 08:40,5013.66
24/11/2025 08:45,5284.18
24/11/2025 08:50,4950.81
24/11/2025 08:55,5292.32
24/11/2025 09:00,5665.86
24/11/2025 09:05,5506.9
24/11/2025 09:10,5558.35
24/11/2025 09:15,5701.38
24/11/2025 09:20,5492.99
24/11/2025 09:25,5716.76
24/11/2025 09:30,5710.91
24/11/2025 09:35,5732.11
24/11/2025 09:40,5726.1
24/11/2025 09:45,5679.27
24/11/2025 09:50,5849.47
24/11/2025 09:55,5913.31
24/11/2025 10:00,5936.59
24/11/2025 10:05,5941.63
24/11/2025 10:10,5632.87
24/11/2025 10:15,5856.26
24/11/2025 10:20,5647.47
24/11/2025 10:25,5966.45
24/11/2025 10:30,5850.46
24/11/2025 10:35,5739.3
24/11/2025 10:40,5880.35
24/11/2025 10:45,5638.88
24/11/2025 10:50,5524.94
24/11/2025 10:55,5689.81
24/11/2025 11:00,5629.3
24/11/2025 11:05,5698.19
24/11/2025 11:10,5907.37
24/11/2025 11:15,5695.95
24/11/2025 11:20,5905.85
24/11/2025 11:25,5669.01
24/11/2025 11:30,5687.66
24/11/2025 11:35,5593.51
24/11/2025 11:40,5722.77
24/11/2025 11:45,5652.51
24/11/2025 11:50,5736.81
24/11/2025 11:55,5561.08
24/11/2025 12:00,5187.96
24/11/2025 12:05,5090.51
24/11/2025 12:10,5100.5
24/11/2025 12:15,5277.18
24/11/2025 12:20,5453.12
24/11/2025 12:25,5387.56
24/11/2025 12:30,5527.47
24/11/2025 12:35,5283.12
24/11/2025 12:40,5188.16
24/11/2025 12:45,5295.25
24/11/2025 12:50,5116.61
24/11/2025 12:55,5366.15
24/11/2025 13:00,5315.28
24/11/2025 13:05,5235.69
24/11/2025 13:10,5201.21
24/11/2025 13:15,5204.62
24/11/2025 13:20,5203.63
24/11/2025 13:25,5117.91
24/11/2025 13:30,5064.13
24/11/2025 13:35,4940.35
24/11/2025 13:40,5090.79
24/11/2025 13:45,5231.71
24/11/2025 13:50,4965.91
24/11/2025 13:55,5172.75
24/11/2025 14:00,5012.46
24/11/2025 14:05,4953.77
24/11/2025 14:10,5212.6
24/11/2025 14:15,5132.3
24/11/2025 14:20,5017.72
24/11/2025 14:25,5119.79
24/11/2025 14:30,5235.77
24/11/2025 14:35,4879.42
24/11/2025 14:40,5033.64
24/11/2025 14:45,5071.46
24/11/2025 14:50,5046.9
24/11/2025 14:55,5130.5
24/11/2025 15:00,5003.93
24/11/2025 15:05,5201.75
24/11/2025 15:10,4981.62
24/11/2025 15:15,5068.28
24/11/2025 15:20,5109.57
24/11/2025 15:25,5033.52
24/11/2025 15:30,4917.64
24/11/2025 15:35,5633.59
24/11/2025 15:40,5216.0
24/11/2025 15:45,4970.41
24/11/2025 15:50,5012.07
24/11/2025 15:55,5174.27
24/11/2025 16:00,5163.99
24/11/2025 16:05,5393.63
24/11/2025 16:10,5168.82
24/11/2025 16:15,5114.29
24/11/2025 16:20,5657.86
24/11/2025 16:25,5536.76
24/11/2025 16:30,5311.01
24/11/2025 16:35,5327.56
24/11/2025 16:40,5535.75
24/11/2025 16:45,5551.94
24/11/2025 16:50,5471.59
24/11/2025 16:55,5575.12
24/11/2025 17:00,5424.78
24/11/2025 17:05,5664.75
24/11/2025 17:10,5866.82
24/11/2025 17:15,5641.94
24/11/2025 17:20,5527.75
24/11/2025 17:25,5794.54
24/11/2025 17:30,5618.84
24/11/2025 17:35,5740.08
24/11/2025 17:40,5798.68
24/11/2025 17:45,5976.77
24/11/2025 17:50,5724.59
24/11/2025 17:55,5773.42
24/11/2025 18:00,6115.18
24/11/2025 18:05,5900.04
24/11/2025 18:10,6130.46
24/11/2025 18:15,6096.84
24/11/2025 18:20,5928.47
24/11/2025 18:25,5945.32
24/11/2025 18:30,6218.83
24/11/2025 18:35,6029.68
24/11/2025 18:40,6278.41
24/11/2025 18:45,6197.44
24/11/2025 18:50,5964.12
24/11/2025 18:55,6494.61
24/11/2025 19:00,6139.62
24/11/2025 19:05,6043.76
24/11/2025 19:10,6212.73
24/11/2025 19:15,6247.66
24/11/2025 19:20,6527.45
24/11/2025 19:25,6182.79
24/11/2025 19:30,6429.49
24/11/2025 19:35,6208.63
24/11/2025 19:40,6001.88
24/11/2025 19:45,6473.34
24/11/2025 19:50,6522.23
24/11/2025 19:55,6025.84
24/11/2025 20:00,6277.26
24/11/2025 20:05,6638.15
24/11/2025 20:10,6411.99
24/11/2025 20:15,6362.9
24/11/2025 20:20,6505.92
24/11/2025 20:25,6328.44
24/11/2025 20:30,6216.51
24/11/2025 20:35,6134.31
24/11/2025 20:40,6154.03
24/11/2025 20:45,6275.33
24/11/2025 20:50,6275.12
24/11/2025 20:55,6535.3
24/11/2025 21:00,6105.76
24/11/2025 21:05,6194.11
24/11/2025 21:10,5963.23
24/11/2025 21:15,6325.13
24/11/2025 21:20,6098.36
24/11/2025 21:25,6145.63
24/11/2025 21:30,6409.24
24/11/2025 21:35,6296.73
24/11/2025 21:40,6164.09
24/11/2025 21:45,6092.57
24/11/2025 21:50,6110.27
24/11/2025 21:55,6123.47
24/11/2025 22:00,5573.73
24/11/2025 22:05,5464.4
24/11/2025 22:10,5524.97
24/11/2025 22:15,5509.82
24/11/2025 22:20,5580.1
24/11/2025 22:25,5524.93
24/11/2025 22:30,5592.29
24/11/2025 22:35,5504.43
24/11/2025 22:40,5454.41
24/11/2025 22:45,4938.6
24/11/2025 22:50,5148.3
24/11/2025 22:55,5234.67
24/11/2025 23:00,5292.49
24/11/2025 23:05,5111.34
24/11/2025 23:10,4902.4
24/11/2025 23:15,5085.32
24/11/2025 23:20,5070.71
24/11/2025 23:25,4850.54
24/11/2025 23:30,4999.7
24/11/2025 23:35,4850.65
24/11/2025 23:40,5053.45
24/11/2025 23:45,4554.91
24/11/2025 23:50,4844.46
24/11/2025 23:55,4881.72
25/11/2025 00:00,5229.46
25/11/2025 00:05,5088.77
25/11/2025 00:10,5187.57
25/11/2025 00:15,5132.43
25/11/2025 00:20,5106.59
25/11/2025 00:25,5106.26
25/11/2025 00:30,5151.67
25/11/2025 00:35,5323.36
25/11/2025 00:40,5119.32
25/11/2025 00:45,5085.53
25/11/2025 00:50,4994.52
25/11/2025 00:55,4869.94
25/11/2025 01:00,5187.58
25/11/2025 01:05,5353.93
25/11/2025 01:10,5199.41
25/11/2025 01:15,5406.08
25/11/2025 01:20,5341.32
25/11/2025 01:25,5090.6
25/11/2025 01:30,5047.97
25/11/2025 01:35,5071.15
25/11/2025 01:40,5243.47
25/11/2025 01:45,5186.15
25/11/2025 01:50,5368.68
25/11/2025 01:55,5329.35
25/11/2025 02:00,3960.03
25/11/2025 02:05,3663.67
25/11/2025 02:10,3599.17
25/11/2025 02:15,3949.53
25/11/2025 02:20,3774.53
25/11/2025 02:25,3719.78
25/11/2025 02:30,3704.32
25/11/2025 02:35,3970.19
25/11/2025 02:40,3838.07
25/11/2025 02:45,3871.7
25/11/2025 02:50,3966.71
25/11/2025 02:55,3792.15
25/11/2025 03:00,3848.11
25/11/2025 03:05,3686.78
25/11/2025 03:10,3847.16
25/11/2025 03:15,3773.9
25/11/2025 03:20,3648.74
25/11/2025 03:25,3704.03
25/11/2025 03:30,3780.22
25/11/2025 03:35,3695.47
25/11/2025 03:40,3767.96
25/11/2025 03:45,3839.7
25/11/2025 03:50,3727.58
25/11/2025 03:55,3788.62
25/11/2025 04:00,3752.08
25/11/2025 04:05,3616.88
25/11/2025 04:10,3691.25
25/11/2025 04:15,3705.13
25/11/2025 04:20,3820.81
25/11/2025 04:25,4006.22
25/11/2025 04:30,3888.13
25/11/2025 04:35,3734.69
25/11/2025 04:40,3772.66
25/11/2025 04:45,3989.31
25/11/2025 04:50,3747.49
25/11/2025 04:55,3900.66
25/11/2025 05:00,4075.66
25/11/2025 05:05,4263.74
25/11/2025 05:10,4624.64
25/11/2025 05:15,4327.43
25/11/2025 05:20,4411.38
25/11/2025 05:25,4206.78
25/11/2025 05:30,4386.06
25/11/2025 05:35,4218.21
25/11/2025 05:40,4417.9
25/11/2025 05:45,4633.43
25/11/2025 05:50,4601.31
25/11/2025 05:55,4519.9
25/11/2025 06:00,4413.04
25/11/2025 06:05,4334.23
25/11/2025 06:10,4442.79
25/11/2025 06:15,4628.87
25/11/2025 06:20,4668.06
25/11/2025 06:25,4696.21
25/11/2025 06:30,4529.71
25/11/2025 06:35,4854.0
25/11/2025 06:40,4827.02
25/11/2025 06:45,4938.83
25/11/2025 06:50,4810.71
25/11/2025 06:55,4632.0
25/11/2025 07:00,4434.2
25/11/2025 07:05,4694.07
25/11/2025 07:10,4746.95
25/11/2025 07:15,4555.13
25/11/2025 07:20,4706.27
25/11/2025 07:25,4885.66
25/11/2025 07:30,4878.81
25/11/2025 07:35,4640.63
25/11/2025 07:40,4760.07
25/11/2025 07:45,4942.26
25/11/2025 07:50,5006.61
25/11/2025 07:55,4960.08
25/11/2025 08:00,4940.3
25/11/2025 08:05,4937.18
25/11/2025 08:10,5086.0
25/11/2025 08:15,5070.75
25/11/2025 08:20,4655.57
25/11/2025 08:25,5125.99
25/11/2025 08:30,5236.37
25/11/2025 08:35,5227.71
25/11/2025 08:40,4964.98
25/11/2025 08:45,5110.81
25/11/2025 08:50,5104.47
25/11/2025 08:55,5188.61
25/11/2025 09:00,5574.21
25/11/2025 09:05,5734.16
25/11/2025 09:10,5814.0
25/11/2025 09:15,5823.94
25/11/2025 09:20,5846.47
25/11/2025 09:25,5585.61
25/11/2025 09:30,5755.73
25/11/2025 09:35,6002.69
25/11/2025 09:40,5634.46
25/11/2025 09:45,5865.0
25/11/2025 09:50,5860.96
25/11/2025 09:55,5944.98
25/11/2025 10:00,5787.96
25/11/2025 10:05,5646.74
25/11/2025 10:10,5775.34
25/11/2025 10:15,6050.85
25/11/2025 10:20,5993.74
25/11/2025 10:25,5629.15
25/11/2025 10:30,5718.88
25/11/2025 10:35,5779.53
25/11/2025 10:40,5682.56
25/11/2025 10:45,6039.98
25/11/2025 10:50,5675.22
25/11/2025 10:55,5999.33
25/11/2025 11:00,5634.68
25/11/2025 11:05,5776.65
25/11/2025 11:10,5830.44
25/11/2025 11:15,5555.44
25/11/2025 11:20,5817.4
25/11/2025 11:25,5695.76
25/11/2025 11:30,5734.13
25/11/2025 11:35,5628.56
25/11/2025 11:40,5701.32
25/11/2025 11:45,5806.47
25/11/2025 11:50,5470.96
25/11/2025 11:55,5568.03
25/11/2025 12:00,5471.16
25/11/2025 12:05,5434.43
25/11/2025 12:10,5095.45
25/11/2025 12:15,5421.37
25/11/2025 12:20,5255.34
25/11/2025 12:25,4886.98
25/11/2025 12:30,5036.65
25/11/2025 12:35,5180.41
25/11/2025 12:40,5405.95
25/11/2025 12:45,5058.51
25/11/2025 12:50,5215.66
25/11/2025 12:55,5066.67
25/11/2025 13:00,5340.14
25/11/2025 13:05,5053.43
25/11/2025 13:10,5267.39
25/11/2025 13:15,5193.34
25/11/2025 13:20,5122.93
25/11/2025 13:25,5128.57
25/11/2025 13:30,5392.58
25/11/2025 13:35,5441.97
25/11/2025 13:40,5114.76
25/11/2025 13:45,4902.32
25/11/2025 13:50,5195.98
25/11/2025 13:55,5031.37
25/11/2025 14:00,5110.74
25/11/2025 14:05,4945.92
25/11/2025 14:10,5206.83
25/11/2025 14:15,4896.58
25/11/2025 14:20,5199.31
25/11/2025 14:25,5024.1
25/11/2025 14:30,5047.82
25/11/2025 14:35,5242.01
25/11/2025 14:40,5043.09
25/11/2025 14:45,5408.03
25/11/2025 14:50,5094.77
25/11/2025 14:55,5317.99
25/11/2025 15:00,4974.79
25/11/2025 15:05,4826.47
25/11/2025 15:10,4938.82
25/11/2025 15:15,4897.68
25/11/2025 15:20,5342.04
25/11/2025 15:25,5021.49
25/11/2025 15:30,4817.53
25/11/2025 15:35,5055.82
25/11/2025 15:40,4995.16
25/11/2025 15:45,5397.0
25/11/2025 15:50,5313.36
25/11/2025 15:55,5343.07
25/11/2025 16:00,5272.7
25/11/2025 16:05,5368.8
25/11/2025 16:10,5277.69
25/11/2025 16:15,5269.03
25/11/2025 16:20,5664.39
25/11/2025 16:25,5462.13
25/11/2025 16:30,5496.05
25/11/2025 16:35,5573.92
25/11/2025 16:40,5544.44
25/11/2025 16:45,5551.02
25/11/2025 16:50,5801.83
25/11/2025 16:55,5722.64
25/11/2025 17:00,5739.54
25/11/2025 17:05,5824.71
25/11/2025 17:10,5659.73
25/11/2025 17:15,5691.72
25/11/2025 17:20,5744.73
25/11/2025 17:25,5832.0
25/11/2025 17:30,5369.01
25/11/2025 17:35,5693.15
25/11/2025 17:40,5684.13
25/11/2025 17:45,5926.63
25/11/2025 17:50,5949.0
25/11/2025 17:55,5830.28
25/11/2025 18:00,5973.74
25/11/2025 18:05,5832.25
25/11/2025 18:10,6107.79
25/11/2025 18:15,5921.18
25/11/2025 18:20,6021.1
25/11/2025 18:25,5944.85
25/11/2025 18:30,6430.0
25/11/2025 18:35,6361.34
25/11/2025 18:40,6383.02
25/11/2025 18:45,6162.32
25/11/2025 18:50,6230.49
25/11/2025 18:55,6106.57
25/11/2025 19:00,6198.57
25/11/2025 19:05,6246.28
25/11/2025 19:10,6088.09
25/11/2025 19:15,6439.39
25/11/2025 19:20,6257.13
25/11/2025 19:25,6062.07
25/11/2025 19:30,6455.7
25/11/2025 19:35,6291.02
25/11/2025 19:40,6339.86
25/11/2025 19:45,5960.66
25/11/2025 19:50,6566.83
25/11/2025 19:55,6610.36
25/11/2025 20:00,6239.19
25/11/2025 20:05,6549.11
25/11/2025 20:10,6371.67
25/11/2025 20:15,6513.02
25/11/2025 20:20,6238.43
25/11/2025 20:25,6195.54
25/11/2025 20:30,6497.13
25/11/2025 20:35,5957.57
25/11/2025 20:40,6391.21
25/11/2025 20:45,6127.69
25/11/2025 20:50,6123.0
25/11/2025 20:55,6134.6
25/11/2025 21:00,6276.81
25/11/2025 21:05,6123.27
25/11/2025 21:10,6134.44
25/11/2025 21:15,5867.85
25/11/2025 21:20,6039.02
25/11/2025 21:25,6341.07
25/11/2025 21:30,5938.09
25/11/2025 21:35,6122.93
25/11/2025 21:40,6269.6
25/11/2025 21:45,6276.75
25/11/2025 21:50,6260.39
25/11/2025 21:55,5837.02
25/11/2025 22:00,5704.46
25/11/2025 22:05,5409.5
25/11/2025 22:10,5572.29
25/11/2025 22:15,5410.16
25/11/2025 22:20,5629.06
25/11/2025 22:25,5507.63
25/11/2025 22:30,5499.27
25/11/2025 22:35,5339.2
25/11/2025 22:40,5515.6
25/11/2025 22:45,5320.53
25/11/2025 22:50,5517.21
25/11/2025 22:55,5268.29
25/11/2025 23:00,5422.69
25/11/2025 23:05,5059.41
25/11/2025 23:10,5511.73
25/11/2025 23:15,5153.9
25/11/2025 23:20,5080.61
25/11/2025 23:25,4975.58
25/11/2025 23:30,5336.33
25/11/2025 23:35,5109.65
25/11/2025 23:40,5020.16
25/11/2025 23:45,5126.94
25/11/2025 23:50,4990.3
25/11/2025 23:55,4959.39
26/11/2025 00:00,5177.4
26/11/2025 00:05,5426.69
26/11/2025 00:10,5397.43
26/11/2025 00:15,5405.79
26/11/2025 00:20,5070.77
26/11/2025 00:25,5118.67
26/11/2025 00:30,4994.55
26/11/2025 00:35,5328.18
26/11/2025 00:40,5252.26
26/11/2025 00:45,5138.87
26/11/2025 00:50,5313.5
26/11/2025 00:55,5228.58
26/11/2025 01:00,5207.09
26/11/2025 01:05,5230.87
26/11/2025 01:10,5189.14
26/11/2025 01:15,5320.79
26/11/2025 01:20,5202.61
26/11/2025 01:25,5149.16
26/11/2025 01:30,5420.56
26/11/2025 01:35,5283.98
26/11/2025 01:40,5224.18
26/11/2025 01:45,5364.84
26/11/2025 01:50,5230.85
26/11/2025 01:55,5193.68
26/11/2025 02:00,3845.8
26/11/2025 02:05,4000.02
26/11/2025 02:10,4028.27
26/11/2025 02:15,3490.31
26/11/2025 02:20,3849.13
26/11/2025 02:25,3833.13
26/11/2025 02:30,3856.73
26/11/2025 02:35,3506.76
26/11/2025 02:40,3738.57
26/11/2025 02:45,3805.86
26/11/2025 02:50,4040.44
26/11/2025 02:55,3858.89
26/11/2025 03:00,3870.0
26/11/2025 03:05,3691.05
26/11/2025 03:10,3596.98
26/11/2025 03:15,3828.25
26/11/2025 03:20,3797.27
26/11/2025 03:25,3722.1
26/11/2025 03:30,3407.86
26/11/2025 03:35,3486.34
26/11/2025 03:40,3988.72
26/11/2025 03:45,3861.31
26/11/2025 03:50,3782.55
26/11/2025 03:55,3656.93
26/11/2025 04:00,3782.34
26/11/2025 04:05,3707.36
26/11/2025 04:10,3990.86
26/11/2025 04:15,4020.84
26/11/2025 04:20,4059.6
26/11/2025 04:25,3650.23
26/11/2025 04:30,3452.98
26/11/2025 04:35,4225.14
26/11/2025 04:40,3760.38
26/11/2025 04:45,3825.76
26/11/2025 04:50,3867.82
26/11/2025 04:55,3772.05
26/11/2025 05:00,4383.49
26/11/2025 05:05,4261.13
26/11/2025 05:10,4407.08
26/11/2025 05:15,4459.0
26/11/2025 05:20,4780.1
26/11/2025 05:25,4336.0
26/11/2025 05:30,4410.7
26/11/2025 05:35,4327.95
26/11/2025 05:40,3971.15
26/11/2025 05:45,4359.89
26/11/2025 05:50,4185.63
26/11/2025 05:55,4356.27
26/11/2025 06:00,4290.0
26/11/2025 06:05,4280.67
26/11/2025 06:10,4730.77
26/11/2025 06:15,4568.27
26/11/2025 06:20,4448.13
26/11/2025 06:25,4940.69
26/11/2025 06:30,4481.71
26/11/2025 06:35,4651.31
26/11/2025 06:40,4614.0
26/11/2025 06:45,4630.06
26/11/2025 06:50,4673.38
26/11/2025 06:55,4838.36
26/11/2025 07:00,5084.92
26/11/2025 07:05,4879.12
26/11/2025 07:10,4613.5
26/11/2025 07:15,4813.65
26/11/2025 07:20,4765.56
26/11/2025 07:25,4539.25
26/11/2025 07:30,4682.64
26/11/2025 07:35,4770.28
26/11/2025 07:40,4867.05
26/11/2025 07:45,5129.7
26/11/2025 07:50,4821.33
26/11/2025 07:55,4575.8
26/11/2025 08:00,4757.55
26/11/2025 08:05,5055.78
26/11/2025 08:10,4747.34
26/11/2025 08:15,5138.01
26/11/2025 08:20,4945.38
26/11/2025 08:25,5114.55
26/11/2025 08:30,4865.28
26/11/2025 08:35,5243.39
26/11/2025 08:40,4964.67
26/11/2025 08:45,5027.43
26/11/2025 08:50,5004.59
26/11/2025 08:55,5158.91
26/11/2025 09:00,5510.27
26/11/2025 09:05,5707.58
26/11/2025 09:10,5631.21
26/11/2025 09:15,5477.74
26/11/2025 09:20,5508.95
26/11/2025 09:25,5821.76
26/11/2025 09:30,5632.68
26/11/2025 09:35,5542.72
26/11/2025 09:40,5921.63
26/11/2025 09:45,5628.38
26/11/2025 09:50,5935.84
26/11/2025 09:55,5988.75
26/11/2025 10:00,5695.32
26/11/2025 10:05,5782.2
26/11/2025 10:10,5449.17
26/11/2025 10:15,5828.57
26/11/2025 10:20,5743.9
26/11/2025 10:25,5660.25
26/11/2025 10:30,6007.61
26/11/2025 10:35,6166.14
26/11/2025 10:40,5968.78
26/11/2025 10:45,5997.42
26/11/2025 10:50,5822.16
26/11/2025 10:55,5945.17
26/11/2025 11:00,5822.43
26/11/2025 11:05,5955.3
26/11/2025 11:10,5710.11
26/11/2025 11:15,5630.09
26/11/2025 11:20,5672.67
26/11/2025 11:25,5685.23
26/11/2025 11:30,5498.07
26/11/2025 11:35,6028.73
26/11/2025 11:40,5711.78
26/11/2025 11:45,5562.05
26/11/2025 11:50,5885.77
26/11/2025 11:55,5706.34
26/11/2025 12:00,5551.63
26/11/2025 12:05,5559.93
26/11/2025 12:10,5254.91
26/11/2025 12:15,4986.67
26/11/2025 12:20,5290.22
26/11/2025 12:25,5267.44
26/11/2025 12:30,5129.99
26/11/2025 12:35,4984.88
26/11/2025 12:40,5120.52
26/11/2025 12:45,5320.44
26/11/2025 12:50,5278.79
26/11/2025 12:55,5165.86
26/11/2025 13:00,5092.76
26/11/2025 13:05,5294.1
26/11/2025 13:10,5039.32
26/11/2025 13:15,5257.96
26/11/2025 13:20,4860.49
26/11/2025 13:25,5149.8
26/11/2025 13:30,5095.2
26/11/2025 13:35,4955.42
26/11/2025 13:40,5061.69
26/11/2025 13:45,4777.13
26/11/2025 13:50,4789.12
26/11/2025 13:55,5140.91
26/11/2025 14:00,5289.44
26/11/2025 14:05,5163.52
26/11/2025 14:10,5151.52
26/11/2025 14:15,5014.6
26/11/2025 14:20,4933.72
26/11/2025 14:25,5086.05
26/11/2025 14:30,5169.37
26/11/2025 14:35,5133.68
26/11/2025 14:40,5256.46
26/11/2025 14:45,5200.85
26/11/2025 14:50,4911.76
26/11/2025 14:55,5338.13
26/11/2025 15:00,5310.11
26/11/2025 15:05,5093.14
26/11/2025 15:10,5039.17
26/11/2025 15:15,4913.9
26/11/2025 15:20,5139.79
26/11/2025 15:25,5019.16
26/11/2025 15:30,5083.77
26/11/2025 15:35,5462.15
26/11/2025 15:40,5155.4
26/11/2025 15:45,5333.27
26/11/2025 15:50,5195.18
26/11/2025 15:55,5194.69
26/11/2025 16:00,5263.17
26/11/2025 16:05,5351.07
26/11/2025 16:10,5239.31
26/11/2025 16:15,5398.64
26/11/2025 16:20,5448.3
26/11/2025 16:25,5434.11
26/11/2025 16:30,5468.51
26/11/2025 16:35,5464.82
26/11/2025 16:40,5384.24
26/11/2025 16:45,5389.71
26/11/2025 16:50,5332.51
26/11/2025 16:55,5727.56
26/11/2025 17:00,5439.67
26/11/2025 17:05,5513.06
26/11/2025 17:10,5946.7
26/11/2025 17:15,5697.46
26/11/2025 17:20,5895.72
26/11/2025 17:25,5665.2
26/11/2025 17:30,5890.57
26/11/2025 17:35,5774.7
26/11/2025 17:40,5902.54
26/11/2025 17:45,6151.97
26/11/2025 17:50,5442.18
26/11/2025 17:55,5827.2
26/11/2025 18:00,6225.71
26/11/2025 18:05,5923.43
26/11/2025 18:10,5826.25
26/11/2025 18:15,6008.72
26/11/2025 18:20,5880.91
26/11/2025 18:25,6033.07
26/11/2025 18:30,6331.34
26/11/2025 18:35,6270.44
26/11/2025 18:40,6344.16
26/11/2025 18:45,6137.37
26/11/2025 18:50,6353.7
26/11/2025 18:55,6289.87
26/11/2025 19:00,6089.96
26/11/2025 19:05,6420.87
26/11/2025 19:10,6408.19
26/11/2025 19:15,6208.17
26/11/2025 19:20,6107.79
26/11/2025 19:25,6532.06
26/11/2025 19:30,6269.36
26/11/2025 19:35,6297.79
26/11/2025 19:40,6051.6
26/11/2025 19:45,6046.06
26/11/2025 19:50,6433.16
26/11/2025 19:55,6389.24
26/11/2025 20:00,6158.54
26/11/2025 20:05,6412.97
26/11/2025 20:10,6261.02
26/11/2025 20:15,6259.47
26/11/2025 20:20,6193.6
26/11/2025 20:25,6280.26
26/11/2025 20:30,6346.83
26/11/2025 20:35,6351.45
26/11/2025 20:40,6042.45
26/11/2025 20:45,6287.75
26/11/2025 20:50,6211.7
26/11/2025 20:55,6106.05
26/11/2025 21:00,6389.08
26/11/2025 21:05,6099.55
26/11/2025 21:10,6366.98
26/11/2025 21:15,5939.62
26/11/2025 21:20,6105.99
26/11/2025 21:25,6061.86
26/11/2025 21:30,6239.86
26/11/2025 21:35,5944.7
26/11/2025 21:40,5833.3
26/11/2025 21:45,6226.86
26/11/2025 21:50,6087.19
26/11/2025 21:55,6099.89
26/11/2025 22:00,5423.88
26/11/2025 22:05,5618.69
26/11/2025 22:10,5357.73
26/11/2025 22:15,5672.21
26/11/2025 22:20,5516.55
26/11/2025 22:25,5433.72
26/11/2025 22:30,5138.74
26/11/2025 22:35,5463.66
26/11/2025 22:40,5304.73
26/11/2025 22:45,5418.46
26/11/2025 22:50,5227.78
26/11/2025 22:55,5064.09
26/11/2025 23:00,5507.1
26/11/2025 23:05,5045.4
26/11/2025 23:10,5218.63
26/11/2025 23:15,5013.2
26/11/2025 23:20,5422.19
26/11/2025 23:25,4945.22
26/11/2025 23:30,4972.89
26/11/2025 23:35,4963.35
26/11/2025 23:40,4944.9
26/11/2025 23:45,4835.14
26/11/2025 23:50,4919.38
26/11/2025 23:55,4732.98
27/11/2025 00:00,5299.79
27/11/2025 00:05,5317.94
27/11/2025 00:10,5051.35
27/11/2025 00:15,5083.8
27/11/2025 00:20,5400.46
27/11/2025 00:25,5004.5
27/11/2025 00:30,5037.59
27/11/2025 00:35,5128.94
27/11/2025 00:40,5195.52
27/11/2025 00:45,5237.38
27/11/2025 00:50,5006.24
27/11/2025 00:55,4924.03
27/11/2025 01:00,4920.0
27/11/2025 01:05,5167.41
27/11/2025 01:10,5273.29
27/11/2025 01:15,5331.06
27/11/2025 01:20,5211.95
27/11/2025 01:25,5219.15
27/11/2025 01:30,5171.55
27/11/2025 01:35,5085.3
27/11/2025 01:40,5035.4
27/11/2025 01:45,5135.04
27/11/2025 01:50,5484.96
27/11/2025 01:55,5350.58
27/11/2025 02:00,3798.69
27/11/2025 02:05,4082.71
27/11/2025 02:10,3749.78
27/11/2025 02:15,3692.14
27/11/2025 02:20,3825.48
27/11/2025 02:25,3929.14
27/11/2025 02:30,3847.74
27/11/2025 02:35,3938.2
27/11/2025 02:40,3530.67
27/11/2025 02:45,3791.14
27/11/2025 02:50,3636.47
27/11/2025 02:55,3839.53
27/11/2025 03:00,4116.19
27/11/2025 03:05,3611.79
27/11/2025 03:10,3867.97
27/11/2025 03:15,4086.73
27/11/2025 03:20,3677.12
27/11/2025 03:25,3507.43
27/11/2025 03:30,3692.76
27/11/2025 03:35,4006.6
27/11/2025 03:40,3584.61
27/11/2025 03:45,3993.92
27/11/2025 03:50,3674.69
27/11/2025 03:55,3709.4
27/11/2025 04:00,3809.8
27/11/2025 04:05,3643.52
27/11/2025 04:10,3739.35
27/11/2025 04:15,4053.29
27/11/2025 04:20,3914.1
27/11/2025 04:25,3850.47
27/11/2025 04:30,3816.36
27/11/2025 04:35,3857.06
27/11/2025 04:40,3649.07
27/11/2025 04:45,3853.4
27/11/2025 04:50,3505.26
27/11/2025 04:55,3725.08
27/11/2025 05:00,4090.67
27/11/2025 05:05,4363.1
27/11/2025 05:10,4590.13
27/11/2025 05:15,4207.0
27/11/2025 05:20,4331.02
27/11/2025 05:25,4219.11
27/11/2025 05:30,4224.34
27/11/2025 05:35,4240.16
27/11/2025 05:40,4739.7
27/11/2025 05:45,4441.39
27/11/2025 05:50,4450.62
27/11/2025 05:55,4383.76
27/11/2025 06:00,4502.54
27/11/2025 06:05,4557.25
27/11/2025 06:10,4730.32
27/11/2025 06:15,4595.79
27/11/2025 06:20,4519.84
27/11/2025 06:25,4680.65
27/11/2025 06:30,4667.35
27/11/2025 06:35,4359.88
27/11/2025 06:40,4610.57
27/11/2025 06:45,4643.0
27/11/2025 06:50,4519.5
27/11/2025 06:55,4763.16
27/11/2025 07:00,4827.7
27/11/2025 07:05,4770.61
27/11/2025 07:10,4771.21
27/11/2025 07:15,4768.94
27/11/2025 07:20,4772.42
27/11/2025 07:25,5127.77
27/11/2025 07:30,4743.12
27/11/2025 07:35,4815.49
27/11/2025 07:40,4628.21
27/11/2025 07:45,4626.23
27/11/2025 07:50,4860.86
27/11/2025 07:55,4949.84
27/11/2025 08:00,4676.3
27/11/2025 08:05,4764.39
27/11/2025 08:10,5058.3
27/11/2025 08:15,5232.24
27/11/2025 08:20,4943.94
27/11/2025 08:25,5499.08
27/11/2025 08:30,4797.73
27/11/2025 08:35,5228.38
27/11/2025 08:40,5353.7
27/11/2025 08:45,5038.55
27/11/2025 08:50,5128.12
27/11/2025 08:55,5123.59
27/11/2025 09:00,5626.72
27/11/2025 09:05,5624.32
27/11/2025 09:10,5382.59
27/11/2025 09:15,5803.74
27/11/2025 09:20,5649.28
27/11/2025 09:25,5761.22
27/11/2025 09:30,5737.18
27/11/2025 09:35,5641.51
27/11/2025 09:40,5751.34
27/11/2025 09:45,5801.53
27/11/2025 09:50,6084.83
27/11/2025 09:55,5667.24
27/11/2025 10:00,5517.42
27/11/2025 10:05,5719.14
27/11/2025 10:10,5723.29
27/11/2025 10:15,5920.09
27/11/2025 10:20,5852.83
27/11/2025 10:25,5616.9
27/11/2025 10:30,5992.89
27/11/2025 10:35,5865.57
27/11/2025 10:40,5953.54
27/11/2025 10:45,5778.26
27/11/2025 10:50,5842.76
27/11/2025 10:55,5686.2
27/11/2025 11:00,5525.83
27/11/2025 11:05,5738.16
27/11/2025 11:10,5645.48
27/11/2025 11:15,5543.62
27/11/2025 11:20,5713.3
27/11/2025 11:25,5574.88
27/11/2025 11:30,5799.87
27/11/2025 11:35,5576.62
27/11/2025 11:40,5702.03
27/11/2025 11:45,5570.43
27/11/2025 11:50,5886.58
27/11/2025 11:55,5582.5
27/11/2025 12:00,5283.44
27/11/2025 12:05,5227.62
27/11/2025 12:10,5033.73
27/11/2025 12:15,5059.37
27/11/2025 12:20,5590.76
27/11/2025 12:25,5266.65
27/11/2025 12:30,5296.31
27/11/2025 12:35,5323.2
27/11/2025 12:40,5104.29
27/11/2025 12:45,5366.9
27/11/2025 12:50,5368.91
27/11/2025 12:55,5228.51
27/11/2025 13:00,5306.53
27/11/2025 13:05,5319.16
27/11/2025 13:10,5120.15
27/11/2025 13:15,5212.82
27/11/2025 13:20,5081.07
27/11/2025 13:25,5166.76
27/11/2025 13:30,5318.06
27/11/2025 13:35,5198.97
27/11/2025 13:40,5002.33
27/11/2025 13:45,5240.81
27/11/2025 13:50,4985.04
27/11/2025 13:55,5254.5
27/11/2025 14:00,5239.59
27/11/2025 14:05,5154.38
27/11/2025 14:10,5101.5
27/11/2025 14:15,5047.86
27/11/2025 14:20,4844.76
27/11/2025 14:25,4928.84
27/11/2025 14:30,4989.72
27/11/2025 14:35,5046.45
27/11/2025 14:40,5045.71
27/11/2025 14:45,4897.13
27/11/2025 14:50,5039.57
27/11/2025 14:55,4968.15
27/11/2025 15:00,5170.22
27/11/2025 15:05,5192.93
27/11/2025 15:10,4896.71
27/11/2025 15:15,5136.09
27/11/2025 15:20,5278.34
27/11/2025 15:25,5037.77
27/11/2025 15:30,5198.15
27/11/2025 15:35,5025.01
27/11/2025 15:40,5137.59
27/11/2025 15:45,5238.32
27/11/2025 15:50,5287.07
27/11/2025 15:55,5303.82
27/11/2025 16:00,5503.95
27/11/2025 16:05,5261.75
27/11/2025 16:10,5493.93
27/11/2025 16:15,5331.43
27/11/2025 16:20,5393.07
27/11/2025 16:25,5488.65
27/11/2025 16:30,5519.61
27/11/2025 16:35,5130.52
27/11/2025 16:40,5408.52
27/11/2025 16:45,5562.5
27/11/2025 16:50,5682.54
27/11/2025 16:55,5448.01
27/11/2025 17:00,5691.77
27/11/2025 17:05,5709.82
27/11/2025 17:10,5622.44
27/11/2025 17:15,5567.52
27/11/2025 17:20,5850.15
27/11/2025 17:25,5585.05
27/11/2025 17:30,5803.67
27/11/2025 17:35,5787.58
27/11/2025 17:40,5645.35
27/11/2025 17:45,5816.42
27/11/2025 17:50,5942.44
27/11/2025 17:55,5684.51
27/11/2025 18:00,6021.45
27/11/2025 18:05,6090.52
27/11/2025 18:10,6158.2
27/11/2025 18:15,6030.76
27/11/2025 18:20,6245.34
27/11/2025 18:25,5943.6
27/11/2025 18:30,5980.49
27/11/2025 18:35,6292.91
27/11/2025 18:40,6207.02
27/11/2025 18:45,6280.55
27/11/2025 18:50,6387.66
27/11/2025 18:55,6102.97
27/11/2025 19:00,6286.79
27/11/2025 19:05,6036.68
27/11/2025 19:10,6203.53
27/11/2025 19:15,6064.73
27/11/2025 19:20,6097.52
27/11/2025 19:25,6442.58
27/11/2025 19:30,6278.38
27/11/2025 19:35,6065.57
27/11/2025 19:40,6298.02
27/11/2025 19:45,6110.37
27/11/2025 19:50,6068.11
27/11/2025 19:55,6398.71
27/11/2025 20:00,6289.96
27/11/2025 20:05,6416.09
27/11/2025 20:10,6170.8
27/11/2025 20:15,6072.19
27/11/2025 20:20,6282.46
27/11/2025 20:25,6514.71
27/11/2025 20:30,6312.8
27/11/2025 20:35,6268.63
27/11/2025 20:40,6049.78
27/11/2025 20:45,6322.89
27/11/2025 20:50,5953.0
27/11/2025 20:55,6563.74
27/11/2025 21:00,6470.95
27/11/2025 21:05,6066.68
27/11/2025 21:10,6436.24
27/11/2025 21:15,6107.75
27/11/2025 21:20,6458.82
27/11/2025 21:25,6197.65
27/11/2025 21:30,6110.74
27/11/2025 21:35,6131.55
27/11/2025 21:40,6013.34
27/11/2025 21:45,6037.12
27/11/2025 21:50,6053.39
27/11/2025 21:55,5998.18
27/11/2025 22:00,5528.21
27/11/2025 22:05,5728.33
27/11/2025 22:10,5303.81
27/11/2025 22:15,5617.12
27/11/2025 22:20,5628.49
27/11/2025 22:25,5621.93
27/11/2025 22:30,5424.54
27/11/2025 22:35,5356.78
27/11/2025 22:40,5155.21
27/11/2025 22:45,5222.82
27/11/2025 22:50,5209.94
27/11/2025 22:55,5377.9
27/11/2025 23:00,5142.79
27/11/2025 23:05,5341.5
27/11/2025 23:10,5060.13
27/11/2025 23:15,4989.67
27/11/2025 23:20,4979.17
27/11/2025 23:25,4928.34
27/11/2025 23:30,4991.18
27/11/2025 23:35,4915.29
27/11/2025 23:40,5038.37
27/11/2025 23:45,4769.53
27/11/2025 23:50,4957.73
27/11/2025 23:55,4443.59
28/11/2025 00:00,5165.31
28/11/2025 00:05,5320.42
28/11/2025 00:10,5267.0
28/11/2025 00:15,5344.59
28/11/2025 00:20,5129.83
28/11/2025 00:25,5190.08
28/11/2025 00:30,5215.15
28/11/2025 00:35,5090.15
28/11/2025 00:40,5436.88
28/11/2025 00:45,5234.95
28/11/2025 00:50,4988.23
28/11/2025 00:55,5169.7
28/11/2025 01:00,4871.22
28/11/2025 01:05,5083.52
28/11/2025 01:10,5361.57
28/11/2025 01:15,5233.06
28/11/2025 01:20,5395.11
28/11/2025 01:25,5311.51
28/11/2025 01:30,4984.19
28/11/2025 01:35,5170.22
28/11/2025 01:40,5088.95
28/11/2025 01:45,5280.76
28/11/2025 01:50,5352.53
28/11/2025 01:55,5164.8
28/11/2025 02:00,3839.41
28/11/2025 02:05,3859.73
28/11/2025 02:10,3852.16
28/11/2025 02:15,3837.34
28/11/2025 02:20,3758.59
28/11/2025 02:25,3940.28
28/11/2025 02:30,3296.54
28/11/2025 02:35,4060.33
28/11/2025 02:40,3642.86
28/11/2025 02:45,3798.85
28/11/2025 02:50,4078.55
28/11/2025 02:55,3768.01
28/11/2025 03:00,3797.23
28/11/2025 03:05,3605.26
28/11/2025 03:10,3801.66
28/11/2025 03:15,3799.62
28/11/2025 03:20,3871.79
28/11/2025 03:25,3997.64
28/11/2025 03:30,3719.76
28/11/2025 03:35,3549.96
28/11/2025 03:40,3829.74
28/11/2025 03:45,3640.95
28/11/2025 03:50,3737.77
28/11/2025 03:55,3839.29
28/11/2025 04:00,3879.41
28/11/2025 04:05,3807.38
28/11/2025 04:10,3720.1
28/11/2025 04:15,4298.08
28/11/2025 04:20,3673.16
28/11/2025 04:25,4048.24
28/11/2025 04:30,3845.99
28/11/2025 04:35,3913.08
28/11/2025 04:40,3777.26
28/11/2025 04:45,3836.5
28/11/2025 04:50,3774.49
28/11/2025 04:55,3771.43
28/11/2025 05:00,4440.74
28/11/2025 05:05,3944.67
28/11/2025 05:10,4245.51
28/11/2025 05:15,4566.67
28/11/2025 05:20,4116.16
28/11/2025 05:25,4219.9
28/11/2025 05:30,4283.69
28/11/2025 05:35,4282.1
28/11/2025 05:40,4390.11
28/11/2025 05:45,4127.27
28/11/2025 05:50,4548.18
28/11/2025 05:55,4323.44
28/11/2025 06:00,4751.97
28/11/2025 06:05,4670.39
28/11/2025 06:10,4543.41
28/11/2025 06:15,4502.03
28/11/2025 06:20,4654.28
28/11/2025 06:25,4524.88
28/11/2025 06:30,4480.88
28/11/2025 06:35,4757.1
28/11/2025 06:40,4626.23
28/11/2025 06:45,4810.21
28/11/2025 06:50,4546.38
28/11/2025 06:55,4561.65
28/11/2025 07:00,4802.93
28/11/2025 07:05,4799.81
28/11/2025 07:10,4720.99
28/11/2025 07:15,4859.42
28/11/2025 07:20,4911.62
28/11/2025 07:25,4568.94
28/11/2025 07:30,4829.65
28/11/2025 07:35,5000.88
28/11/2025 07:40,4735.69
28/11/2025 07:45,4832.92
28/11/2025 07:50,4634.39
28/11/2025 07:55,4734.67
28/11/2025 08:00,5000.1
28/11/2025 08:05,4899.9
28/11/2025 08:10,5018.58
28/11/2025 08:15,4841.98
28/11/2025 08:20,4691.76
28/11/2025 08:25,5181.46
28/11/2025 08:30,4781.07
28/11/2025 08:35,5124.05
28/11/2025 08:40,5052.42
28/11/2025 08:45,4996.86
28/11/2025 08:50,5284.12
28/11/2025 08:55,5126.91
28/11/2025 09:00,5884.74
28/11/2025 09:05,5815.24
28/11/2025 09:10,5670.8
28/11/2025 09:15,5726.02
28/11/2025 09:20,5712.68
28/11/2025 09:25,5891.7
28/11/2025 09:30,5676.53
28/11/2025 09:35,5731.9
28/11/2025 09:40,6027.24
28/11/2025 09:45,5829.74
28/11/2025 09:50,5751.9
28/11/2025 09:55,5676.75
28/11/2025 10:00,5864.37
28/11/2025 10:05,5824.62
28/11/2025 10:10,5547.27
28/11/2025 10:15,5733.88
28/11/2025 10:20,5520.62
28/11/2025 10:25,5673.07
28/11/2025 10:30,5876.51
28/11/2025 10:35,5633.44
28/11/2025 10:40,5513.3
28/11/2025 10:45,5882.1
28/11/2025 10:50,5685.34
28/11/2025 10:55,5544.65
28/11/2025 11:00,5574.46
28/11/2025 11:05,5826.59
28/11/2025 11:10,5694.79
28/11/2025 11:15,5686.92
28/11/2025 11:20,5636.37
28/11/2025 11:25,5818.18
28/11/2025 11:30,5643.27
28/11/2025 11:35,5683.29
28/11/2025 11:40,5790.53
28/11/2025 11:45,5787.07
28/11/2025 11:50,5876.12
28/11/2025 11:55,5490.38
28/11/2025 12:00,5417.78
28/11/2025 12:05,5382.84
28/11/2025 12:10,5370.48
28/11/2025 12:15,5464.07
28/11/2025 12:20,5287.14
28/11/2025 12:25,5311.52
28/11/2025 12:30,5307.43
28/11/2025 12:35,5271.55
28/11/2025 12:40,5150.41
28/11/2025 12:45,5323.66
28/11/2025 12:50,5384.92
28/11/2025 12:55,5179.49
28/11/2025 13:00,5210.95
28/11/2025 13:05,5328.35
28/11/2025 13:10,5273.9
28/11/2025 13:15,5129.66
28/11/2025 13:20,5236.75
28/11/2025 13:25,5142.85
28/11/2025 13:30,5127.44
28/11/2025 13:35,5058.02
28/11/2025 13:40,5035.83
28/11/2025 13:45,5257.24
28/11/2025 13:50,4797.63
28/11/2025 13:55,5134.86
28/11/2025 14:00,5357.32
28/11/2025 14:05,5185.53
28/11/2025 14:10,5190.13
28/11/2025 14:15,5192.23
28/11/2025 14:20,5265.94
28/11/2025 14:25,4981.47
28/11/2025 14:30,4856.93
28/11/2025 14:35,5051.02
28/11/2025 14:40,5080.44
28/11/2025 14:45,4865.81
28/11/2025 14:50,4814.4
28/11/2025 14:55,5029.36
28/11/2025 15:00,4925.91
28/11/2025 15:05,5289.41
28/11/2025 15:10,5127.33
28/11/2025 15:15,5328.46
28/11/2025 15:20,5235.05
28/11/2025 15:25,5282.91
28/11/2025 15:30,5062.99
28/11/2025 15:35,5434.84
28/11/2025 15:40,5318.21
28/11/2025 15:45,5039.76
28/11/2025 15:50,5147.96
28/11/2025 15:55,5072.99
28/11/2025 16:00,5026.7
28/11/2025 16:05,5305.64
28/11/2025 16:10,5121.07
28/11/2025 16:15,5360.51
28/11/2025 16:20,5683.42
28/11/2025 16:25,5374.18
28/11/2025 16:30,5254.85
28/11/2025 16:35,5359.64
28/11/2025 16:40,5383.17
28/11/2025 16:45,5999.8
28/11/2025 16:50,5693.08
28/11/2025 16:55,5229.69
28/11/2025 17:00,5620.09
28/11/2025 17:05,5323.48
28/11/2025 17:10,5647.42
28/11/2025 17:15,5767.71
28/11/2025 17:20,5554.6
28/11/2025 17:25,6096.4
28/11/2025 17:30,5867.19
28/11/2025 17:35,5664.6
28/11/2025 17:40,5704.44
28/11/2025 17:45,5874.89
28/11/2025 17:50,5743.5
28/11/2025 17:55,6320.08
28/11/2025 18:00,6355.13
28/11/2025 18:05,6080.03
28/11/2025 18:10,5988.07
28/11/2025 18:15,6159.63
28/11/2025 18:20,6076.56
28/11/2025 18:25,5745.91
28/11/2025 18:30,6442.38
28/11/2025 18:35,6180.39
28/11/2025 18:40,6202.12
28/11/2025 18:45,6088.39
28/11/2025 18:50,6133.11
28/11/2025 18:55,6422.4
28/11/2025 19:00,6217.26
28/11/2025 19:05,6117.62
28/11/2025 19:10,6473.92
28/11/2025 19:15,6211.23
28/11/2025 19:20,6122.28
28/11/2025 19:25,6302.01
28/11/2025 19:30,6251.0
28/11/2025 19:35,6289.32
28/11/2025 19:40,6089.54
28/11/2025 19:45,6082.46
28/11/2025 19:50,6244.45
28/11/2025 19:55,6429.81
28/11/2025 20:00,6087.18
28/11/2025 20:05,6525.57
28/11/2025 20:10,6250.38
28/11/2025 20:15,6461.42
28/11/2025 20:20,6623.47
28/11/2025 20:25,6316.93
28/11/2025 20:30,6583.01
28/11/2025 20:35,6183.29
28/11/2025 20:40,6413.47
28/11/2025 20:45,6347.02
28/11/2025 20:50,6107.48
28/11/2025 20:55,6220.77
28/11/2025 21:00,6421.04
28/11/2025 21:05,6219.62
28/11/2025 21:10,5978.9
28/11/2025 21:15,6276.04
28/11/2025 21:20,6193.61
28/11/2025 21:25,6351.94
28/11/2025 21:30,5800.68
28/11/2025 21:35,6303.91
28/11/2025 21:40,6245.76
28/11/2025 21:45,5968.32
28/11/2025 21:50,6148.94
28/11/2025 21:55,6059.56
28/11/2025 22:00,5448.27
28/11/2025 22:05,5689.28
28/11/2025 22:10,5423.21
28/11/2025 22:15,5540.66
28/11/2025 22:20,5429.78
28/11/2025 22:25,5434.81
28/11/2025 22:30,5499.83
28/11/2025 22:35,5257.07
28/11/2025 22:40,5406.19
28/11/2025 22:45,5226.85
28/11/2025 22:50,5400.53
28/11/2025 22:55,5170.82
28/11/2025 23:00,5451.66
28/11/2025 23:05,5452.07
28/11/2025 23:10,4854.76
28/11/2025 23:15,4991.42
28/11/2025 23:20,5161.91
28/11/2025 23:25,5142.86
28/11/2025 23:30,4856.95
28/11/2025 23:35,5052.18
28/11/2025 23:40,4933.0
28/11/2025 23:45,4745.21
28/11/2025 23:50,4840.18
28/11/2025 23:55,4663.01
29/11/2025 00:00,5139.13
29/11/2025 00:05,4863.1
29/11/2025 00:10,4962.23
29/11/2025 00:15,4757.45
29/11/2025 00:20,4673.39
29/11/2025 00:25,4580.33
29/11/2025 00:30,4740.33
29/11/2025 00:35,4920.14
29/11/2025 00:40,4714.06
29/11/2025 00:45,4691.84
29/11/2025 00:50,4926.38
29/11/2025 00:55,4953.26
29/11/2025 01:00,4831.61
29/11/2025 01:05,4887.12
29/11/2025 01:10,4708.92
29/11/2025 01:15,4814.6
29/11/2025 01:20,5022.21
29/11/2025 01:25,4815.62
29/11/2025 01:30,4841.18
29/11/2025 01:35,4391.81
29/11/2025 01:40,4986.81
29/11/2025 01:45,4662.52
29/11/2025 01:50,4960.67
29/11/2025 01:55,4748.71
29/11/2025 02:00,3321.77
29/11/2025 02:05,3334.92
29/11/2025 02:10,3233.73
29/11/2025 02:15,3404.13
29/11/2025 02:20,3381.56
29/11/2025 02:25,3236.89
29/11/2025 02:30,3392.74
29/11/2025 02:35,3386.27
29/11/2025 02:40,3272.2
29/11/2025 02:45,3404.73
29/11/2025 02:50,3238.68
29/11/2025 02:55,3510.89
29/11/2025 03:00,3363.59
29/11/2025 03:05,3634.51
29/11/2025 03:10,3717.85
29/11/2025 03:15,3409.45
29/11/2025 03:20,3472.21
29/11/2025 03:25,3045.83
29/11/2025 03:30,3751.12
29/11/2025 03:35,3345.78
29/11/2025 03:40,3257.19
29/11/2025 03:45,3422.1
29/11/2025 03:50,3437.58
29/11/2025 03:55,3286.99
29/11/2025 04:00,3209.82
29/11/2025 04:05,3590.05
29/11/2025 04:10,3642.82
29/11/2025 04:15,3400.85
29/11/2025 04:20,3236.39
29/11/2025 04:25,3348.57
29/11/2025 04:30,3665.3
29/11/2025 04:35,3376.77
29/11/2025 04:40,3668.47
29/11/2025 04:45,3363.54
29/11/2025 04:50,3270.97
29/11/2025 04:55,3395.65
29/11/2025 05:00,4117.0
29/11/2025 05:05,3901.57
29/11/2025 05:10,3935.99
29/11/2025 05:15,3838.67
29/11/2025 05:20,4215.98
29/11/2025 05:25,3994.83
29/11/2025 05:30,3793.89
29/11/2025 05:35,4088.79
29/11/2025 05:40,4102.54
29/11/2025 05:45,3977.97
29/11/2025 05:50,4087.82
29/11/2025 05:55,4144.75
29/11/2025 06:00,4210.37
29/11/2025 06:05,4046.88
29/11/2025 06:10,4207.93
29/11/2025 06:15,4255.52
29/11/2025 06:20,4121.45
29/11/2025 06:25,4011.19
29/11/2025 06:30,4474.63
29/11/2025 06:35,4478.49
29/11/2025 06:40,4184.87
29/11/2025 06:45,4227.63
29/11/2025 06:50,4462.69
29/11/2025 06:55,4186.81
29/11/2025 07:00,4295.58
29/11/2025 07:05,4577.17
29/11/2025 07:10,4478.99
29/11/2025 07:15,4366.96
29/11/2025 07:20,4238.09
29/11/2025 07:25,4383.78
29/11/2025 07:30,4306.48
29/11/2025 07:35,4542.37
29/11/2025 07:40,4303.67
29/11/2025 07:45,4574.13
29/11/2025 07:50,4453.37
29/11/2025 07:55,4419.65
29/11/2025 08:00,4607.85
29/11/2025 08:05,4658.38
29/11/2025 08:10,4600.78
29/11/2025 08:15,4652.44
29/11/2025 08:20,4722.8
29/11/2025 08:25,4529.86
29/11/2025 08:30,4687.9
29/11/2025 08:35,4745.56
29/11/2025 08:40,4437.06
29/11/2025 08:45,4733.67
29/11/2025 08:50,5088.68
29/11/2025 08:55,4950.3
29/11/2025 09:00,5277.47
29/11/2025 09:05,5158.87
29/11/2025 09:10,5258.37
29/11/2025 09:15,5146.8
29/11/2025 09:20,5539.42
29/11/2025 09:25,5184.93
29/11/2025 09:30,5340.52
29/11/2025 09:35,5307.05
29/11/2025 09:40,5372.96
29/11/2025 09:45,5467.83
29/11/2025 09:50,5336.84
29/11/2025 09:55,5594.79
29/11/2025 10:00,5350.84
29/11/2025 10:05,5454.56
29/11/2025 10:10,5348.95
29/11/2025 10:15,5456.74
29/11/2025 10:20,5460.99
29/11/2025 10:25,5682.24
29/11/2025 10:30,5237.4
29/11/2025 10:35,5083.12
29/11/2025 10:40,5598.68
29/11/2025 10:45,5290.04
29/11/2025 10:50,5399.62
29/11/2025 10:55,5568.76
29/11/2025 11:00,5747.43
29/11/2025 11:05,5516.8
29/11/2025 11:10,5080.33
29/11/2025 11:15,5604.81
29/11/2025 11:20,5585.04
29/11/2025 11:25,5423.32
29/11/2025 11:30,5103.67
29/11/2025 11:35,5469.95
29/11/2025 11:40,5328.03
29/11/2025 11:45,5278.5
29/11/2025 11:50,5374.69
29/11/2025 11:55,5439.87
29/11/2025 12:00,5150.79
29/11/2025 12:05,5085.37
29/11/2025 12:10,4729.75
29/11/2025 12:15,4972.91
29/11/2025 12:20,4857.5
29/11/2025 12:25,5377.58
29/11/2025 12:30,4803.53
29/11/2025 12:35,4721.94
29/11/2025 12:40,4800.05
29/11/2025 12:45,4858.06
29/11/2025 12:50,4799.61
29/11/2025 12:55,4752.2
29/11/2025 13:00,4641.84
29/11/2025 13:05,4801.25
29/11/2025 13:10,4868.26
29/11/2025 13:15,4617.57
29/11/2025 13:20,5021.28
29/11/2025 13:25,4902.81
29/11/2025 13:30,4764.93
29/11/2025 13:35,4724.54
29/11/2025 13:40,4838.05
29/11/2025 13:45,4798.87
29/11/2025 13:50,4564.48
29/11/2025 13:55,4799.79
29/11/2025 14:00,4693.01
29/11/2025 14:05,4572.51
29/11/2025 14:10,4781.05
29/11/2025 14:15,4667.78
29/11/2025 14:20,4824.57
29/11/2025 14:25,4658.28
29/11/2025 14:30,4628.21
29/11/2025 14:35,4286.63
29/11/2025 14:40,4793.32
29/11/2025 14:45,4848.59
29/11/2025 14:50,4727.68
29/11/2025 14:55,4474.99
29/11/2025 15:00,4630.37
29/11/2025 15:05,4572.46
29/11/2025 15:10,4633.0
29/11/2025 15:15,4509.88
29/11/2025 15:20,5029.3
29/11/2025 15:25,4671.47
29/11/2025 15:30,4739.9
29/11/2025 15:35,4827.41
29/11/2025 15:40,4937.62
29/11/2025 15:45,4593.38
29/11/2025 15:50,4933.1
29/11/2025 15:55,5211.74
29/11/2025 16:00,4755.57
29/11/2025 16:05,4936.64
29/11/2025 16:10,4996.53
29/11/2025 16:15,4985.52
29/11/2025 16:20,4895.64
29/11/2025 16:25,4907.1
29/11/2025 16:30,4907.13
29/11/2025 16:35,5040.32
29/11/2025 16:40,5150.33
29/11/2025 16:45,5134.23
29/11/2025 16:50,4908.79
29/11/2025 16:55,5020.97
29/11/2025 17:00,5167.35
29/11/2025 17:05,5247.12
29/11/2025 17:10,5411.75
29/11/2025 17:15,5514.43
29/11/2025 17:20,5176.39
29/11/2025 17:25,5470.52
29/11/2025 17:30,5451.98
29/11/2025 17:35,5345.18
29/11/2025 17:40,5545.06
29/11/2025 17:45,5489.64
29/11/2025 17:50,5410.91
29/11/2025 17:55,5563.45
29/11/2025 18:00,5570.96
29/11/2025 18:05,5699.44
29/11/2025 18:10,5477.7
29/11/2025 18:15,5761.63
29/11/2025 18:20,5894.25
29/11/2025 18:25,5194.33
29/11/2025 18:30,5962.86
29/11/2025 18:35,5687.2
29/11/2025 18:40,5828.4
29/11/2025 18:45,5634.01
29/11/2025 18:50,5653.08
29/11/2025 18:55,5766.34
29/11/2025 19:00,5608.53
29/11/2025 19:05,5863.73
29/11/2025 19:10,5932.87
29/11/2025 19:15,5745.55
29/11/2025 19:20,5640.93
29/11/2025 19:25,6310.25
29/11/2025 19:30,5810.98
29/11/2025 19:35,5895.23
29/11/2025 19:40,6078.75
29/11/2025 19:45,5711.58
29/11/2025 19:50,6023.2
29/11/2025 19:55,5905.78
29/11/2025 20:00,6072.81
29/11/2025 20:05,5908.4
29/11/2025 20:10,6150.4
29/11/2025 20:15,5627.24
29/11/2025 20:20,5769.52
29/11/2025 20:25,5959.07
29/11/2025 20:30,5631.94
29/11/2025 20:35,5920.95
29/11/2025 20:40,5723.51
29/11/2025 20:45,5584.31
29/11/2025 20:50,5938.37
29/11/2025 20:55,6007.62
29/11/2025 21:00,5623.48
29/11/2025 21:05,5823.59
29/11/2025 21:10,5613.92
29/11/2025 21:15,5698.26
29/11/2025 21:20,5750.59
29/11/2025 21:25,5850.78
29/11/2025 21:30,5701.8
29/11/2025 21:35,5875.18
29/11/2025 21:40,5706.91
29/11/2025 21:45,5610.55
29/11/2025 21:50,5409.11
29/11/2025 21:55,5617.49
29/11/2025 22:00,5059.69
29/11/2025 22:05,4943.9
29/11/2025 22:10,4900.05
29/11/2025 22:15,4863.83
29/11/2025 22:20,4934.67
29/11/2025 22:25,4992.04
29/11/2025 22:30,4836.32
29/11/2025 22:35,5135.63
29/11/2025 22:40,4959.5
29/11/2025 22:45,5218.76
29/11/2025 22:50,4919.8
29/11/2025 22:55,4781.46
29/11/2025 23:00,4677.46
29/11/2025 23:05,5029.38
29/11/2025 23:10,4739.54
29/11/2025 23:15,4814.69
29/11/2025 23:20,4519.3
29/11/2025 23:25,5084.37
29/11/2025 23:30,4599.07
29/11/2025 23:35,4371.85
29/11/2025 23:40,4660.89
29/11/2025 23:45,4507.4
29/11/2025 23:50,4318.21
29/11/2025 23:55,4349.45
30/11/2025 00:00,4609.49
30/11/2025 00:05,4804.55
30/11/2025 00:10,4901.39
30/11/2025 00:15,4577.91
30/11/2025 00:20,4809.54
30/11/2025 00:25,4874.73
30/11/2025 00:30,4624.16
30/11/2025 00:35,4803.42
30/11/2025 00:40,5027.38
30/11/2025 00:45,4726.9
30/11/2025 00:50,4862.6
30/11/2025 00:55,4777.73
30/11/2025 01:00,4842.5
30/11/2025 01:05,4803.26
30/11/2025 01:10,4784.49
30/11/2025 01:15,4822.81
30/11/2025 01:20,4714.46
30/11/2025 01:25,4731.11
30/11/2025 01:30,4790.89
30/11/2025 01:35,4870.68
30/11/2025 01:40,4529.73
30/11/2025 01:45,4652.1
30/11/2025 01:50,4829.82
30/11/2025 01:55,4960.97
30/11/2025 02:00,3443.26
30/11/2025 02:05,3342.79
30/11/2025 02:10,3637.6
30/11/2025 02:15,3222.29
30/11/2025 02:20,3062.13
30/11/2025 02:25,3221.99
30/11/2025 02:30,3416.81
30/11/2025 02:35,3500.95
30/11/2025 02:40,3288.36
30/11/2025 02:45,3174.73
30/11/2025 02:50,3509.21
30/11/2025 02:55,3607.53
30/11/2025 03:00,3718.55
30/11/2025 03:05,3546.95
30/11/2025 03:10,3524.24
30/11/2025 03:15,3363.77
30/11/2025 03:20,3511.03
30/11/2025 03:25,3301.31
30/11/2025 03:30,3746.24
30/11/2025 03:35,3245.6
30/11/2025 03:40,3403.04
30/11/2025 03:45,3638.87
30/11/2025 03:50,3557.12
30/11/2025 03:55,3417.43
30/11/2025 04:00,3033.68
30/11/2025 04:05,3416.21
30/11/2025 04:10,3522.0
30/11/2025 04:15,3631.81
30/11/2025 04:20,3349.83
30/11/2025 04:25,3378.04
30/11/2025 04:30,3426.19
30/11/2025 04:35,3276.34
30/11/2025 04:40,3470.95
30/11/2025 04:45,3494.22
30/11/2025 04:50,3708.4
30/11/2025 04:55,3363.01
30/11/2025 05:00,3894.7
30/11/2025 05:05,3991.3
30/11/2025 05:10,4283.29
30/11/2025 05:15,3623.69
30/11/2025 05:20,4166.88
30/11/2025 05:25,3761.51
30/11/2025 05:30,3789.54
30/11/2025 05:35,4447.57
30/11/2025 05:40,3874.5
30/11/2025 05:45,3894.17
30/11/2025 05:50,4272.08
30/11/2025 05:55,4020.59
30/11/2025 06:00,4016.47
30/11/2025 06:05,4205.7
30/11/2025 06:10,4161.98
30/11/2025 06:15,4417.72
30/11/2025 06:20,4285.51
30/11/2025 06:25,4300.62
30/11/2025 06:30,4102.38
30/11/2025 06:35,4226.23
30/11/2025 06:40,4435.42
30/11/2025 06:45,4237.38
30/11/2025 06:50,4069.56
30/11/2025 06:55,4531.89
30/11/2025 07:00,4277.65
30/11/2025 07:05,4328.07
30/11/2025 07:10,4450.1
30/11/2025 07:15,4290.16
30/11/2025 07:20,4275.92
30/11/2025 07:25,4336.14
30/11/2025 07:30,4362.13
30/11/2025 07:35,4201.67
30/11/2025 07:40,4360.86
30/11/2025 07:45,4557.84
30/11/2025 07:50,4716.17
30/11/2025 07:55,4429.84
30/11/2025 08:00,4627.12
30/11/2025 08:05,4712.93
30/11/2025 08:10,4505.08
30/11/2025 08:15,4692.57
30/11/2025 08:20,4597.55
30/11/2025 08:25,4903.38
30/11/2025 08:30,4879.98
30/11/2025 08:35,4669.51
30/11/2025 08:40,4461.68
30/11/2025 08:45,4920.86
30/11/2025 08:50,4594.84
30/11/2025 08:55,4750.62
30/11/2025 09:00,4989.39
30/11/2025 09:05,5329.14
30/11/2025 09:10,5363.07
30/11/2025 09:15,5338.94
30/11/2025 09:20,5290.41
30/11/2025 09:25,5127.24
30/11/2025 09:30,5251.88
30/11/2025 09:35,5089.86
30/11/2025 09:40,5609.12
30/11/2025 09:45,5575.67
30/11/2025 09:50,5337.81
30/11/2025 09:55,5501.79
30/11/2025 10:00,5575.64
30/11/2025 10:05,5408.01
30/11/2025 10:10,5325.49
30/11/2025 10:15,5286.33
30/11/2025 10:20,5396.37
30/11/2025 10:25,5385.07
30/11/2025 10:30,5357.33
30/11/2025 10:35,5428.87
30/11/2025 10:40,5256.73
30/11/2025 10:45,5268.01
30/11/2025 10:50,5253.0
30/11/2025 10:55,5424.79
30/11/2025 11:00,5423.91
30/11/2025 11:05,5376.72
30/11/2025 11:10,5222.05
30/11/2025 11:15,5399.97
30/11/2025 11:20,5377.87
30/11/2025 11:25,5275.44
30/11/2025 11:30,5181.99
30/11/2025 11:35,5215.29
30/11/2025 11:40,5313.27
30/11/2025 11:45,5184.38
30/11/2025 11:50,5129.42
30/11/2025 11:55,5087.28
30/11/2025 12:00,4724.4
30/11/2025 12:05,4766.17
30/11/2025 12:10,4637.19
30/11/2025 12:15,4748.77
30/11/2025 12:20,4781.76
30/11/2025 12:25,4932.23
30/11/2025 12:30,4811.97
30/11/2025 12:35,5024.85
30/11/2025 12:40,4594.61
30/11/2025 12:45,4688.97
30/11/2025 12:50,4806.86
30/11/2025 12:55,4710.42
30/11/2025 13:00,5149.13
30/11/2025 13:05,4852.62
30/11/2025 13:10,5158.56
30/11/2025 13:15,4993.4
30/11/2025 13:20,4691.47
30/11/2025 13:25,4551.72
30/11/2025 13:30,4992.25
30/11/2025 13:35,4698.96
30/11/2025 13:40,4639.55
30/11/2025 13:45,4692.79
30/11/2025 13:50,4625.17
30/11/2025 13:55,4560.52
30/11/2025 14:00,4670.64
30/11/2025 14:05,4685.46
30/11/2025 14:10,4717.18
30/11/2025 14:15,4633.39
30/11/2025 14:20,4697.66
30/11/2025 14:25,4776.33
30/11/2025 14:30,4758.58
30/11/2025 14:35,4604.64
30/11/2025 14:40,4467.18
30/11/2025 14:45,4562.45
30/11/2025 14:50,4722.65
30/11/2025 14:55,4429.84
30/11/2025 15:00,4689.39
30/11/2025 15:05,4665.39
30/11/2025 15:10,4925.88
30/11/2025 15:15,4360.64
30/11/2025 15:20,4750.14
30/11/2025 15:25,4719.62
30/11/2025 15:30,4651.66
30/11/2025 15:35,4648.93
30/11/2025 15:40,5047.13
30/11/2025 15:45,4718.83
30/11/2025 15:50,4752.28
30/11/2025 15:55,4532.44
30/11/2025 16:00,5140.37
30/11/2025 16:05,5272.21
30/11/2025 16:10,4952.49
30/11/2025 16:15,5095.48
30/11/2025 16:20,5207.75
30/11/2025 16:25,4913.14
30/11/2025 16:30,5118.68
30/11/2025 16:35,5500.11
30/11/2025 16:40,5077.65
30/11/2025 16:45,4973.78
30/11/2025 16:50,4958.53
30/11/2025 16:55,4905.86
30/11/2025 17:00,5298.83
30/11/2025 17:05,5378.6
30/11/2025 17:10,5151.18
30/11/2025 17:15,5423.95
30/11/2025 17:20,5240.83
30/11/2025 17:25,5395.5
30/11/2025 17:30,5221.06
30/11/2025 17:35,5470.04
30/11/2025 17:40,5486.45
30/11/2025 17:45,5374.06
30/11/2025 17:50,5368.19
30/11/2025 17:55,5608.23
30/11/2025 18:00,5647.17
30/11/2025 18:05,5590.47
30/11/2025 18:10,5744.85
30/11/2025 18:15,5315.12
30/11/2025 18:20,5817.73
30/11/2025 18:25,5573.96
30/11/2025 18:30,5687.82
30/11/2025 18:35,5780.28
30/11/2025 18:40,5787.51
30/11/2025 18:45,5773.53
30/11/2025 18:50,5495.81
30/11/2025 18:55,5754.16
30/11/2025 19:00,5665.26
30/11/2025 19:05,5973.63
30/11/2025 19:10,6025.17
30/11/2025 19:15,5760.38
30/11/2025 19:20,5877.87
30/11/2025 19:25,6017.91
30/11/2025 19:30,5854.34
30/11/2025 19:35,5898.54
30/11/2025 19:40,5951.63
30/11/2025 19:45,6050.8
30/11/2025 19:50,6033.16
30/11/2025 19:55,5822.67
30/11/2025 20:00,6046.1
30/11/2025 20:05,6015.39
30/11/2025 20:10,6006.8
30/11/2025 20:15,6019.09
30/11/2025 20:20,6131.15
30/11/2025 20:25,5855.94
30/11/2025 20:30,5909.02
30/11/2025 20:35,5845.37
30/11/2025 20:40,5789.55
30/11/2025 20:45,5689.36
30/11/2025 20:50,5968.09
30/11/2025 20:55,6032.28
30/11/2025 21:00,5920.57
30/11/2025 21:05,5834.38
30/11/2025 21:10,5846.79
30/11/2025 21:15,5733.67
30/11/2025 21:20,5878.07
30/11/2025 21:25,5868.36
30/11/2025 21:30,5734.7
30/11/2025 21:35,5613.65
30/11/2025 21:40,5651.01
30/11/2025 21:45,5715.41
30/11/2025 21:50,5658.62
30/11/2025 21:55,5671.06
30/11/2025 22:00,5250.04
30/11/2025 22:05,5084.23
30/11/2025 22:10,5100.24
30/11/2025 22:15,4974.6
30/11/2025 22:20,5254.03
30/11/2025 22:25,5170.55
30/11/2025 22:30,4946.62
30/11/2025 22:35,5246.79
30/11/2025 22:40,4824.33
30/11/2025 22:45,5049.71
30/11/2025 22:50,4958.39
30/11/2025 22:55,5117.42
30/11/2025 23:00,4782.86
30/11/2025 23:05,4666.75
30/11/2025 23:10,4785.16
30/11/2025 23:15,4673.06
30/11/2025 23:20,4584.08
30/11/2025 23:25,4793.41
30/11/2025 23:30,4643.06
30/11/2025 23:35,4716.59
30/11/2025 23:40,4287.96
30/11/2025 23:45,4561.78
30/11/2025 23:50,4748.55
30/11/2025 23:55,4575.93
01/12/2025 00:00,5295.06
01/12/2025 00:05,5149.11
01/12/2025 00:10,5430.42
01/12/2025 00:15,5257.81
01/12/2025 00:20,5521.31
01/12/2025 00:25,5099.28
01/12/2025 00:30,5292.09
01/12/2025 00:35,5107.67
01/12/2025 00:40,5115.32
01/12/2025 00:45,5252.71
01/12/2025 00:50,5020.01
01/12/2025 00:55,5331.14
01/12/2025 01:00,5006.89
01/12/2025 01:05,5398.74
01/12/2025 01:10,5211.42
01/12/2025 01:15,5238.63
01/12/2025 01:20,5258.92
01/12/2025 01:25,5277.83
01/12/2025 01:30,5025.42
01/12/2025 01:35,5401.5
01/12/2025 01:40,5371.93
01/12/2025 01:45,5488.54
01/12/2025 01:50,5139.28
01/12/2025 01:55,5374.85
01/12/2025 02:00,3701.98
01/12/2025 02:05,3590.88
01/12/2025 02:10,3613.77
01/12/2025 02:15,3815.89
01/12/2025 02:20,4021.65
01/12/2025 02:25,3729.73
01/12/2025 02:30,3702.2
01/12/2025 02:35,3800.67
01/12/2025 02:40,3837.17
01/12/2025 02:45,3791.3
01/12/2025 02:50,4018.86
01/12/2025 02:55,3401.5
01/12/2025 03:00,3905.96
01/12/2025 03:05,3728.44
01/12/2025 03:10,3653.92
01/12/2025 03:15,3893.03
01/12/2025 03:20,3729.3
01/12/2025 03:25,3811.37
01/12/2025 03:30,3578.02
01/12/2025 03:35,3834.01
01/12/2025 03:40,3828.38
01/12/2025 03:45,3669.05
01/12/2025 03:50,3504.03
01/12/2025 03:55,3918.56
01/12/2025 04:00,3544.43
01/12/2025 04:05,3871.84
01/12/2025 04:10,4130.2
01/12/2025 04:15,3785.97
01/12/2025 04:20,3996.19
01/12/2025 04:25,3744.98
01/12/2025 04:30,3835.6
01/12/2025 04:35,3769.87
01/12/2025 04:40,3853.44
01/12/2025 04:45,3589.85
01/12/2025 04:50,3732.45
01/12/2025 04:55,3546.41
01/12/2025 05:00,4093.88
01/12/2025 05:05,4213.02
01/12/2025 05:10,4497.96
01/12/2025 05:15,4447.36
01/12/2025 05:20,4469.47
01/12/2025 05:25,4414.41
01/12/2025 05:30,4349.44
01/12/2025 05:35,4400.61
01/12/2025 05:40,4428.86
01/12/2025 05:45,4380.45
01/12/2025 05:50,4644.22
01/12/2025 05:55,4620.9
01/12/2025 06:00,4352.05
01/12/2025 06:05,4704.9
01/12/2025 06:10,4620.68
01/12/2025 06:15,4621.56
01/12/2025 06:20,4459.96
01/12/2025 06:25,4457.3
01/12/2025 06:30,4285.02
01/12/2025 06:35,4908.68
01/12/2025 06:40,4726.5
01/12/2025 06:45,4450.55
01/12/2025 06:50,4495.94
01/12/2025 06:55,4735.57
01/12/2025 07:00,4773.39
01/12/2025 07:05,4719.34
01/12/2025 07:10,4512.81
01/12/2025 07:15,4906.28
01/12/2025 07:20,4785.46
01/12/2025 07:25,5050.55
01/12/2025 07:30,4632.21
01/12/2025 07:35,4850.05
01/12/2025 07:40,4748.05
01/12/2025 07:45,4867.4
01/12/2025 07:50,4938.42
01/12/2025 07:55,4974.8
01/12/2025 08:00,4746.58
01/12/2025 08:05,4922.44
01/12/2025 08:10,5068.01
01/12/2025 08:15,5188.68
01/12/2025 08:20,5149.84
01/12/2025 08:25,4780.22
01/12/2025 08:30,4673.43
01/12/2025 08:35,5132.66
01/12/2025 08:40,5193.84
01/12/2025 08:45,5153.58
01/12/2025 08:50,4924.47
01/12/2025 08:55,5188.63
01/12/2025 09:00,5512.44
01/12/2025 09:05,5344.31
01/12/2025 09:10,5656.45
01/12/2025 09:15,5628.21
01/12/2025 09:20,5751.75
01/12/2025 09:25,5743.17
01/12/2025 09:30,5615.14
01/12/2025 09:35,5705.78
01/12/2025 09:40,5497.18
01/12/2025 09:45,5882.9
01/12/2025 09:50,5901.49
01/12/2025 09:55,5631.46
01/12/2025 10:00,6003.53
01/12/2025 10:05,5922.12
01/12/2025 10:10,5775.6
01/12/2025 10:15,5670.14
01/12/2025 10:20,5677.94
01/12/2025 10:25,5776.25
01/12/2025 10:30,5777.35
01/12/2025 10:35,5687.87
01/12/2025 10:40,5911.67
01/12/2025 10:45,5703.72
01/12/2025 10:50,5993.47
01/12/2025 10:55,5841.31
01/12/2025 11:00,5747.97
01/12/2025 11:05,6030.76
01/12/2025 11:10,5728.26
01/12/2025 11:15,5757.35
01/12/2025 11:20,5787.85
01/12/2025 11:25,5650.25
01/12/2025 11:30,5786.5
01/12/2025 11:35,5503.66
01/12/2025 11:40,5809.64
01/12/2025 11:45,5720.2
01/12/2025 11:50,5507.53
01/12/2025 11:55,5790.53
01/12/2025 12:00,5414.46
01/12/2025 12:05,5241.74
01/12/2025 12:10,5333.91
01/12/2025 12:15,5043.59
01/12/2025 12:20,5198.87
01/12/2025 12:25,4940.78
01/12/2025 12:30,5089.13
01/12/2025 12:35,4903.61
01/12/2025 12:40,5275.82
01/12/2025 12:45,5253.01
01/12/2025 12:50,5219.82
01/12/2025 12:55,5446.86
01/12/2025 13:00,5199.96
01/12/2025 13:05,4834.32
01/12/2025 13:10,5129.52
01/12/2025 13:15,5309.91
01/12/2025 13:20,5093.96
01/12/2025 13:25,5046.23
01/12/2025 13:30,5165.76
01/12/2025 13:35,5231.24
01/12/2025 13:40,5065.2
01/12/2025 13:45,5054.4
01/12/2025 13:50,4928.95
01/12/2025 13:55,5188.53
01/12/2025 14:00,5161.22
01/12/2025 14:05,4603.14
01/12/2025 14:10,5339.38
01/12/2025 14:15,5202.09
01/12/2025 14:20,4747.54
01/12/2025 14:25,4995.93
01/12/2025 14:30,5237.79
01/12/2025 14:35,5061.87
01/12/2025 14:40,5149.38
01/12/2025 14:45,5172.35
01/12/2025 14:50,5290.61
01/12/2025 14:55,4834.2
01/12/2025 15:00,5459.88
01/12/2025 15:05,5171.37
01/12/2025 15:10,4851.52
01/12/2025 15:15,5079.91
01/12/2025 15:20,4943.13
01/12/2025 15:25,5068.66
01/12/2025 15:30,5321.81
01/12/2025 15:35,5192.19
01/12/2025 15:40,5254.5
01/12/2025 15:45,5220.3
01/12/2025 15:50,5177.45
01/12/2025 15:55,5265.41
01/12/2025 16:00,5448.42
01/12/2025 16:05,5169.63
01/12/2025 16:10,4978.14
01/12/2025 16:15,5434.08
01/12/2025 16:20,5117.65
01/12/2025 16:25,5445.1
01/12/2025 16:30,5353.44
01/12/2025 16:35,5548.52
01/12/2025 16:40,5376.54
01/12/2025 16:45,5466.13
01/12/2025 16:50,5455.73
01/12/2025 16:55,5689.44
01/12/2025 17:00,5523.47
01/12/2025 17:05,5790.6
01/12/2025 17:10,5684.31
01/12/2025 17:15,5603.93
01/12/2025 17:20,5859.8
01/12/2025 17:25,5597.24
01/12/2025 17:30,5821.83
01/12/2025 17:35,5579.85
01/12/2025 17:40,5686.01
01/12/2025 17:45,5793.34
01/12/2025 17:50,5748.15
01/12/2025 17:55,5678.42
01/12/2025 18:00,5994.87
01/12/2025 18:05,6102.02
01/12/2025 18:10,5936.63
01/12/2025 18:15,6106.54
01/12/2025 18:20,5976.03
01/12/2025 18:25,6073.72
01/12/2025 18:30,6096.07
01/12/2025 18:35,5968.14
01/12/2025 18:40,6096.65
01/12/2025 18:45,6334.17
01/12/2025 18:50,6326.6
01/12/2025 18:55,6135.47
01/12/2025 19:00,6190.38
01/12/2025 19:05,6142.79
01/12/2025 19:10,5956.68
01/12/2025 19:15,6223.86
01/12/2025 19:20,6149.62
01/12/2025 19:25,6125.16
01/12/2025 19:30,6001.17
01/12/2025 19:35,6491.79
01/12/2025 19:40,6269.82
01/12/2025 19:45,6507.3
01/12/2025 19:50,6345.11
01/12/2025 19:55,6525.14
01/12/2025 20:00,6444.63
01/12/2025 20:05,6168.66
01/12/2025 20:10,6250.14
01/12/2025 20:15,6444.15
01/12/2025 20:20,6456.6
01/12/2025 20:25,6442.45
01/12/2025 20:30,6173.88
01/12/2025 20:35,6073.91
01/12/2025 20:40,6162.24
01/12/2025 20:45,6336.03
01/12/2025 20:50,6405.96
01/12/2025 20:55,6305.06
01/12/2025 21:00,6205.33
01/12/2025 21:05,6194.35
01/12/2025 21:10,6521.34
01/12/2025 21:15,6203.83
01/12/2025 21:20,6062.55
01/12/2025 21:25,5828.88
01/12/2025 21:30,6074.26
01/12/2025 21:35,5713.76
01/12/2025 21:40,6031.77
01/12/2025 21:45,5974.1
01/12/2025 21:50,5910.67
01/12/2025 21:55,6098.26
01/12/2025 22:00,5566.99
01/12/2025 22:05,5679.06
01/12/2025 22:10,5696.77
01/12/2025 22:15,5380.84
01/12/2025 22:20,5688.08
01/12/2025 22:25,5355.82
01/12/2025 22:30,5548.87
01/12/2025 22:35,5185.82
01/12/2025 22:40,5215.62
01/12/2025 22:45,5313.73
01/12/2025 22:50,5167.01
01/12/2025 22:55,4953.86
01/12/2025 23:00,5161.64
01/12/2025 23:05,5221.04
01/12/2025 23:10,5186.94
01/12/2025 23:15,5030.05
01/12/2025 23:20,4946.15
01/12/2025 23:25,4919.47
01/12/2025 23:30,5037.25
01/12/2025 23:35,5159.43
01/12/2025 23:40,4975.55
01/12/2025 23:45,4916.86
01/12/2025 23:50,4966.94
01/12/2025 23:55,4826.77
02/12/2025 00:00,5290.91
02/12/2025 00:05,5232.5
02/12/2025 00:10,5241.93
02/12/2025 00:15,5139.62
02/12/2025 00:20,5231.36
02/12/2025 00:25,5237.55
02/12/2025 00:30,5155.03
02/12/2025 00:35,5198.52
02/12/2025 00:40,5099.41
02/12/2025 00:45,4891.07
02/12/2025 00:50,5089.4
02/12/2025 00:55,5219.0
02/12/2025 01:00,5454.1
02/12/2025 01:05,4959.66
02/12/2025 01:10,5120.82
02/12/2025 01:15,5344.22
02/12/2025 01:20,5564.5
02/12/2025 01:25,4942.21
02/12/2025 01:30,4958.27
02/12/2025 01:35,5328.29
02/12/2025 01:40,4916.06
02/12/2025 01:45,5030.75
02/12/2025 01:50,5156.59
02/12/2025 01:55,4940.16
02/12/2025 02:00,3892.19
02/12/2025 02:05,3600.44
02/12/2025 02:10,3828.99
02/12/2025 02:15,4188.37
02/12/2025 02:20,3916.35
02/12/2025 02:25,3911.61
02/12/2025 02:30,4164.01
02/12/2025 02:35,3786.39
02/12/2025 02:40,3708.88
02/12/2025 02:45,3794.11
02/12/2025 02:50,3890.53
02/12/2025 02:55,3686.25
02/12/2025 03:00,3709.35
02/12/2025 03:05,3931.75
02/12/2025 03:10,3757.2
02/12/2025 03:15,3852.76
02/12/2025 03:20,3714.45
02/12/2025 03:25,4010.52
02/12/2025 03:30,3914.06
02/12/2025 03:35,3953.12
02/12/2025 03:40,3891.64
02/12/2025 03:45,4039.71
02/12/2025 03:50,3939.66
02/12/2025 03:55,3856.64
02/12/2025 04:00,3428.12
02/12/2025 04:05,3877.0
02/12/2025 04:10,3934.43
02/12/2025 04:15,3906.82
02/12/2025 04:20,3581.63
02/12/2025 04:25,3736.72
02/12/2025 04:30,3681.41
02/12/2025 04:35,3845.83
02/12/2025 04:40,3641.35
02/12/2025 04:45,3796.88
02/12/2025 04:50,3864.74
02/12/2025 04:55,3700.6
02/12/2025 05:00,4291.89
02/12/2025 05:05,4229.39
02/12/2025 05:10,4285.57
02/12/2025 05:15,4418.29
02/12/2025 05:20,4507.06
02/12/2025 05:25,4381.48
02/12/2025 05:30,4458.24
02/12/2025 05:35,4548.45
02/12/2025 05:40,4387.25
02/12/2025 05:45,4710.06
02/12/2025 05:50,4600.55
02/12/2025 05:55,4561.66
02/12/2025 06:00,4703.39
02/12/2025 06:05,4639.11
02/12/2025 06:10,4490.8
02/12/2025 06:15,4621.85
02/12/2025 06:20,4688.34
02/12/2025 06:25,4555.6
02/12/2025 06:30,4458.47
02/12/2025 06:35,4614.13
02/12/2025 06:40,4550.15
02/12/2025 06:45,4682.34
02/12/2025 06:50,4698.78
02/12/2025 06:55,4696.2
02/12/2025 07:00,4675.34
02/12/2025 07:05,4899.07
02/12/2025 07:10,4854.5
02/12/2025 07:15,4840.86
02/12/2025 07:20,4542.66
02/12/2025 07:25,4652.92
02/12/2025 07:30,4807.73
02/12/2025 07:35,4689.88
02/12/2025 07:40,4907.94
02/12/2025 07:45,4883.38
02/12/2025 07:50,4732.47
02/12/2025 07:55,4658.11
02/12/2025 08:00,5118.85
02/12/2025 08:05,5040.3
02/12/2025 08:10,5067.55
02/12/2025 08:15,4940.87
02/12/2025 08:20,4826.24
02/12/2025 08:25,5266.09
02/12/2025 08:30,4744.05
02/12/2025 08:35,5007.56
02/12/2025 08:40,4973.95
02/12/2025 08:45,5059.07
02/12/2025 08:50,5018.49
02/12/2025 08:55,5202.09
02/12/2025 09:00,5686.72
02/12/2025 09:05,5525.84
02/12/2025 09:10,5659.8
02/12/2025 09:15,5637.91
02/12/2025 09:20,5859.92
02/12/2025 09:25,5795.29
02/12/2025 09:30,5638.11
02/12/2025 09:35,5538.01
02/12/2025 09:40,5920.92
02/12/2025 09:45,5789.53
02/12/2025 09:50,5876.55
02/12/2025 09:55,5895.92
02/12/2025 10:00,5797.53
02/12/2025 10:05,5811.65
02/12/2025 10:10,5736.39
02/12/2025 10:15,5875.16
02/12/2025 10:20,5885.32
02/12/2025 10:25,5796.32
02/12/2025 10:30,5951.64
02/12/2025 10:35,5467.76
02/12/2025 10:40,5980.03
02/12/2025 10:45,5828.39
02/12/2025 10:50,5862.13
02/12/2025 10:55,5888.61
02/12/2025 11:00,5970.43
02/12/2025 11:05,5982.22
02/12/2025 11:10,5725.07
02/12/2025 11:15,6083.29
02/12/2025 11:20,6006.03
02/12/2025 11:25,5656.86
02/12/2025 11:30,5642.48
02/12/2025 11:35,5669.6
02/12/2025 11:40,5928.57
02/12/2025 11:45,5797.33
02/12/2025 11:50,5710.62
02/12/2025 11:55,5710.59
02/12/2025 12:00,5221.03
02/12/2025 12:05,5375.86
02/12/2025 12:10,5172.12
02/12/2025 12:15,5007.96
02/12/2025 12:20,5396.89
02/12/2025 12:25,5165.48
02/12/2025 12:30,5200.45
02/12/2025 12:35,5440.91
02/12/2025 12:40,5071.01
02/12/2025 12:45,5082.3
02/12/2025 12:50,5101.92
02/12/2025 12:55,5094.98
02/12/2025 13:00,5359.12
02/12/2025 13:05,5215.54
02/12/2025 13:10,5139.15
02/12/2025 13:15,5068.12
02/12/2025 13:20,5198.72
02/12/2025 13:25,5245.14
02/12/2025 13:30,5147.03
02/12/2025 13:35,5247.22
02/12/2025 13:40,5319.48
02/12/2025 13:45,5195.73
02/12/2025 13:50,5162.89
02/12/2025 13:55,4987.41
02/12/2025 14:00,5354.26
02/12/2025 14:05,5061.53
02/12/2025 14:10,5310.96
02/12/2025 14:15,5118.36
02/12/2025 14:20,5320.02
02/12/2025 14:25,4936.84
02/12/2025 14:30,5041.3
02/12/2025 14:35,5082.82
02/12/2025 14:40,5154.53
02/12/2025 14:45,4948.49
02/12/2025 14:50,5074.22
02/12/2025 14:55,5080.01
02/12/2025 15:00,4791.19
02/12/2025 15:05,5146.04
02/12/2025 15:10,5069.95
02/12/2025 15:15,5038.71
02/12/2025 15:20,4947.79
02/12/2025 15:25,5195.12
02/12/2025 15:30,5317.32
02/12/2025 15:35,5094.34
02/12/2025 15:40,5051.52
02/12/2025 15:45,5346.21
02/12/2025 15:50,5304.12
02/12/2025 15:55,5247.27
02/12/2025 16:00,5479.88
02/12/2025 16:05,5232.98
02/12/2025 16:10,5357.67
02/12/2025 16:15,5328.12
02/12/2025 16:20,5179.17
02/12/2025 16:25,5733.02
02/12/2025 16:30,5254.48
02/12/2025 16:35,5668.84
02/12/2025 16:40,5550.07
02/12/2025 16:45,5515.9
02/12/2025 16:50,5394.45
02/12/2025 16:55,5529.74
02/12/2025 17:00,5653.81
02/12/2025 17:05,5434.66
02/12/2025 17:10,5705.53
02/12/2025 17:15,5726.92
02/12/2025 17:20,5309.0
02/12/2025 17:25,5685.35
02/12/2025 17:30,5935.21
02/12/2025 17:35,5947.31
02/12/2025 17:40,5852.71
02/12/2025 17:45,5649.43
02/12/2025 17:50,5660.93
02/12/2025 17:55,6082.9
02/12/2025 18:00,6061.37
02/12/2025 18:05,5917.28
02/12/2025 18:10,6028.23
02/12/2025 18:15,6203.44
02/12/2025 18:20,5994.85
02/12/2025 18:25,5867.0
02/12/2025 18:30,6141.6
02/12/2025 18:35,6022.89
02/12/2025 18:40,5780.66
02/12/2025 18:45,6101.8
02/12/2025 18:50,6293.12
02/12/2025 18:55,6121.55
02/12/2025 19:00,6130.12
02/12/2025 19:05,6419.51
02/12/2025 19:10,6276.62
02/12/2025 19:15,6332.6
02/12/2025 19:20,6239.26
02/12/2025 19:25,6341.58
02/12/2025 19:30,6158.21
02/12/2025 19:35,6323.26
02/12/2025 19:40,6325.96
02/12/2025 19:45,6114.34
02/12/2025 19:50,6289.96
02/12/2025 19:55,6116.22
02/12/2025 20:00,6294.66
02/12/2025 20:05,6135.31
02/12/2025 20:10,6258.35
02/12/2025 20:15,6443.68
02/12/2025 20:20,6268.4
02/12/2025 20:25,6118.58
02/12/2025 20:30,6294.08
02/12/2025 20:35,6591.83
02/12/2025 20:40,6484.84
02/12/2025 20:45,6420.97
02/12/2025 20:50,6128.35
02/12/2025 20:55,6333.73
02/12/2025 21:00,6339.84
02/12/2025 21:05,6034.34
02/12/2025 21:10,6062.81
02/12/2025 21:15,5984.76
02/12/2025 21:20,6053.6
02/12/2025 21:25,6062.61
02/12/2025 21:30,6174.03
02/12/2025 21:35,6150.58
02/12/2025 21:40,5951.62
02/12/2025 21:45,5957.0
02/12/2025 21:50,6267.36
02/12/2025 21:55,5916.89
02/12/2025 22:00,5693.27
02/12/2025 22:05,5581.54
02/12/2025 22:10,5473.95
02/12/2025 22:15,5632.16
02/12/2025 22:20,5379.99
02/12/2025 22:25,5295.22
02/12/2025 22:30,5521.42
02/12/2025 22:35,5058.63
02/12/2025 22:40,5658.08
02/12/2025 22:45,5264.85
02/12/2025 22:50,5622.35
02/12/2025 22:55,5395.06
02/12/2025 23:00,4873.66
02/12/2025 23:05,5043.77
02/12/2025 23:10,5205.86
02/12/2025 23:15,4994.2
02/12/2025 23:20,4774.55
02/12/2025 23:25,5042.29
02/12/2025 23:30,4844.06
02/12/2025 23:35,5094.75
02/12/2025 23:40,5136.46
02/12/2025 23:45,4858.08
02/12/2025 23:50,4839.42
02/12/2025 23:55,5097.31
03/12/2025 00:00,5210.44
03/12/2025 00:05,5112.26
03/12/2025 00:10,5179.08
03/12/2025 00:15,5115.66
03/12/2025 00:20,5346.71
03/12/2025 00:25,4992.55
03/12/2025 00:30,5059.13
03/12/2025 00:35,5157.26
03/12/2025 00:40,5171.0
03/12/2025 00:45,5184.95
03/12/2025 00:50,5255.34
03/12/2025 00:55,5366.16
03/12/2025 01:00,5122.96
03/12/2025 01:05,5315.24
03/12/2025 01:10,5144.57
03/12/2025 01:15,5182.63
03/12/2025 01:20,5234.28
03/12/2025 01:25,5607.77
03/12/2025 01:30,5273.18
03/12/2025 01:35,4935.68
03/12/2025 01:40,5234.32
03/12/2025 01:45,5247.95
03/12/2025 01:50,5373.23
03/12/2025 01:55,5295.94
03/12/2025 02:00,3880.26
03/12/2025 02:05,3850.07
03/12/2025 02:10,3938.76
03/12/2025 02:15,3758.22
03/12/2025 02:20,3730.74
03/12/2025 02:25,3687.31
03/12/2025 02:30,3841.93
03/12/2025 02:35,3763.86
03/12/2025 02:40,3789.42
03/12/2025 02:45,3601.67
03/12/2025 02:50,3826.93
03/12/2025 02:55,3908.3
03/12/2025 03:00,3962.77
03/12/2025 03:05,3748.74
03/12/2025 03:10,3723.75
03/12/2025 03:15,3746.04
03/12/2025 03:20,3771.74
03/12/2025 03:25,3715.86
03/12/2025 03:30,3775.88
03/12/2025 03:35,3798.42
03/12/2025 03:40,3985.57
03/12/2025 03:45,3894.12
03/12/2025 03:50,3600.57
03/12/2025 03:55,3453.0
03/12/2025 04:00,3788.99
03/12/2025 04:05,3843.52
03/12/2025 04:10,3883.62
03/12/2025 04:15,3966.39
03/12/2025 04:20,3812.73
03/12/2025 04:25,3528.54
03/12/2025 04:30,3817.44
03/12/2025 04:35,3842.96
03/12/2025 04:40,3829.11
03/12/2025 04:45,3880.57
03/12/2025 04:50,3730.63
03/12/2025 04:55,4003.22
03/12/2025 05:00,4350.8
03/12/2025 05:05,4193.26
03/12/2025 05:10,4357.86
03/12/2025 05:15,3984.09
03/12/2025 05:20,4259.84
03/12/2025 05:25,4276.83
03/12/2025 05:30,4398.66
03/12/2025 05:35,4397.07
03/12/2025 05:40,4488.18
03/12/2025 05:45,4231.08
03/12/2025 05:50,4577.37
03/12/2025 05:55,4421.37
03/12/2025 06:00,4564.23
03/12/2025 06:05,4598.71
03/12/2025 06:10,4384.55
03/12/2025 06:15,4626.45
03/12/2025 06:20,4752.41
03/12/2025 06:25,4247.31
03/12/2025 06:30,4745.59
03/12/2025 06:35,4528.4
03/12/2025 06:40,4387.38
03/12/2025 06:45,4470.16
03/12/2025 06:50,4592.2
03/12/2025 06:55,4874.92
03/12/2025 07:00,4880.13
03/12/2025 07:05,4939.04
03/12/2025 07:10,4726.24
03/12/2025 07:15,4856.6
03/12/2025 07:20,4625.38
03/12/2025 07:25,4775.96
03/12/2025 07:30,4804.49
03/12/2025 07:35,4932.3
03/12/2025 07:40,4882.84
03/12/2025 07:45,4649.12
03/12/2025 07:50,4799.07
03/12/2025 07:55,4886.7
03/12/2025 08:00,4863.92
03/12/2025 08:05,4918.77
03/12/2025 08:10,5116.7
03/12/2025 08:15,5200.76
03/12/2025 08:20,4977.73
03/12/2025 08:25,5097.3
03/12/2025 08:30,4836.07
03/12/2025 08:35,5029.04
03/12/2025 08:40,5172.62
03/12/2025 08:45,5222.57
03/12/2025 08:50,5169.42
03/12/2025 08:55,5165.59
03/12/2025 09:00,5571.43
03/12/2025 09:05,5774.29
03/12/2025 09:10,5598.38
03/12/2025 09:15,5820.3
03/12/2025 09:20,5592.15
03/12/2025 09:25,5666.32
03/12/2025 09:30,5627.29
03/12/2025 09:35,5731.76
03/12/2025 09:40,5753.1
03/12/2025 09:45,5454.9
03/12/2025 09:50,5693.2
03/12/2025 09:55,5766.66
03/12/2025 10:00,5597.4
03/12/2025 10:05,5477.79
03/12/2025 10:10,5571.39
03/12/2025 10:15,5790.84
03/12/2025 10:20,5999.45
03/12/2025 10:25,5852.31
03/12/2025 10:30,5770.89
03/12/2025 10:35,6043.28
03/12/2025 10:40,5584.43
03/12/2025 10:45,5729.55
03/12/2025 10:50,5662.52
03/12/2025 10:55,5868.39
03/12/2025 11:00,5538.92
03/12/2025 11:05,6088.03
03/12/2025 11:10,5821.87
03/12/2025 11:15,5336.38
03/12/2025 11:20,5668.5
03/12/2025 11:25,5761.59
03/12/2025 11:30,5594.1
03/12/2025 11:35,6040.1
03/12/2025 11:40,5541.86
03/12/2025 11:45,5582.8
03/12/2025 11:50,5697.33
03/12/2025 11:55,5412.48
03/12/2025 12:00,5065.95
03/12/2025 12:05,5467.85
03/12/2025 12:10,5338.71
03/12/2025 12:15,5123.07
03/12/2025 12:20,5214.25
03/12/2025 12:25,5276.38
03/12/2025 12:30,5236.55
03/12/2025 12:35,5015.38
03/12/2025 12:40,5176.06
03/12/2025 12:45,5015.39
03/12/2025 12:50,5240.63
03/12/2025 12:55,4866.72
03/12/2025 13:00,5283.34
03/12/2025 13:05,5248.77
03/12/2025 13:10,5119.64
03/12/2025 13:15,5107.45
03/12/2025 13:20,5150.35
03/12/2025 13:25,5181.6
03/12/2025 13:30,5288.39
03/12/2025 13:35,5200.25
03/12/2025 13:40,5002.42
03/12/2025 13:45,5351.18
03/12/2025 13:50,5033.97
03/12/2025 13:55,5214.16
03/12/2025 14:00,5095.44
03/12/2025 14:05,5052.89
03/12/2025 14:10,5169.44
03/12/2025 14:15,5207.98
03/12/2025 14:20,5014.03
03/12/2025 14:25,5191.72
03/12/2025 14:30,5042.24
03/12/2025 14:35,4857.57
03/12/2025 14:40,4998.94
03/12/2025 14:45,5215.58
03/12/2025 14:50,4793.67
03/12/2025 14:55,5066.19
03/12/2025 15:00,4918.51
03/12/2025 15:05,5384.09
03/12/2025 15:10,5088.55
03/12/2025 15:15,5046.78
03/12/2025 15:20,4893.6
03/12/2025 15:25,5299.85
03/12/2025 15:30,5160.69
03/12/2025 15:35,5098.01
03/12/2025 15:40,5151.34
03/12/2025 15:45,5263.8
03/12/2025 15:50,5215.12
03/12/2025 15:55,5370.28
03/12/2025 16:00,5080.37
03/12/2025 16:05,5125.8
03/12/2025 16:10,5249.41
03/12/2025 16:15,5570.89
03/12/2025 16:20,5528.44
03/12/2025 16:25,5534.24
03/12/2025 16:30,5355.72
03/12/2025 16:35,5455.21
03/12/2025 16:40,5556.85
03/12/2025 16:45,5420.17
03/12/2025 16:50,5394.02
03/12/2025 16:55,5522.77
03/12/2025 17:00,5698.59
03/12/2025 17:05,5625.14
03/12/2025 17:10,5740.06
03/12/2025 17:15,5536.76
03/12/2025 17:20,5624.02
03/12/2025 17:25,5664.79
03/12/2025 17:30,5737.37
03/12/2025 17:35,5836.53
03/12/2025 17:40,5741.4
03/12/2025 17:45,5752.95
03/12/2025 17:50,5846.86
03/12/2025 17:55,5823.26
03/12/2025 18:00,6040.18
03/12/2025 18:05,5875.22
03/12/2025 18:10,6027.14
03/12/2025 18:15,6070.06
03/12/2025 18:20,6240.85
03/12/2025 18:25,6029.62
03/12/2025 18:30,6369.94
03/12/2025 18:35,6134.09
03/12/2025 18:40,5970.97
03/12/2025 18:45,6256.47
03/12/2025 18:50,6074.93
03/12/2025 18:55,6209.58
03/12/2025 19:00,6203.67
03/12/2025 19:05,6240.62
03/12/2025 19:10,6278.02
03/12/2025 19:15,6295.4
03/12/2025 19:20,6365.46
03/12/2025 19:25,6079.67
03/12/2025 19:30,6282.02
03/12/2025 19:35,6383.43
03/12/2025 19:40,6238.64
03/12/2025 19:45,6287.36
03/12/2025 19:50,6120.11
03/12/2025 19:55,6327.73
03/12/2025 20:00,6393.05
03/12/2025 20:05,6469.08
03/12/2025 20:10,6095.14
03/12/2025 20:15,6374.62
03/12/2025 20:20,6583.23
03/12/2025 20:25,6386.12
03/12/2025 20:30,6521.03
03/12/2025 20:35,6146.73
03/12/2025 20:40,6545.35
03/12/2025 20:45,6392.14
03/12/2025 20:50,6297.46
03/12/2025 20:55,6087.67
03/12/2025 21:00,6148.27
03/12/2025 21:05,6194.76
03/12/2025 21:10,6212.33
03/12/2025 21:15,6197.68
03/12/2025 21:20,6307.87
03/12/2025 21:25,6202.64
03/12/2025 21:30,6592.61
03/12/2025 21:35,5988.21
03/12/2025 21:40,5989.34
03/12/2025 21:45,6026.98
03/12/2025 21:50,5902.4
03/12/2025 21:55,6096.27
03/12/2025 22:00,5709.02
03/12/2025 22:05,5614.25
03/12/2025 22:10,5347.08
03/12/2025 22:15,5277.01
03/12/2025 22:20,5460.76
03/12/2025 22:25,5515.96
03/12/2025 22:30,5342.55
03/12/2025 22:35,5127.92
03/12/2025 22:40,5314.05
03/12/2025 22:45,5148.3
03/12/2025 22:50,5331.32
03/12/2025 22:55,5323.51
03/12/2025 23:00,5004.05
03/12/2025 23:05,4977.5
03/12/2025 23:10,5269.63
03/12/2025 23:15,5103.34
03/12/2025 23:20,5007.19
03/12/2025 23:25,5227.52
03/12/2025 23:30,5019.14
03/12/2025 23:35,4970.98
03/12/2025 23:40,4732.92
03/12/2025 23:45,4910.43
03/12/2025 23:50,4945.19
03/12/2025 23:55,4585.58
04/12/2025 00:00,5240.46
04/12/2025 00:05,5088.65
04/12/2025 00:10,5394.33
04/12/2025 00:15,5308.89
04/12/2025 00:20,5002.08
04/12/2025 00:25,5335.75
04/12/2025 00:30,5118.85
04/12/2025 00:35,5152.02
04/12/2025 00:40,5292.66
04/12/2025 00:45,5173.69
04/12/2025 00:50,5271.2
04/12/2025 00:55,5147.09
04/12/2025 01:00,5063.64
04/12/2025 01:05,5014.76
04/12/2025 01:10,5298.37
04/12/2025 01:15,5515.71
04/12/2025 01:20,5032.05
04/12/2025 01:25,5314.69
04/12/2025 01:30,5401.19
04/12/2025 01:35,5261.05
04/12/2025 01:40,4944.03
04/12/2025 01:45,5110.29
04/12/2025 01:50,5058.69
04/12/2025 01:55,5182.94
04/12/2025 02:00,4122.33
04/12/2025 02:05,3898.78
04/12/2025 02:10,3732.31
04/12/2025 02:15,3864.1
04/12/2025 02:20,3887.03
04/12/2025 02:25,3752.89
04/12/2025 02:30,3698.34
04/12/2025 02:35,3759.12
04/12/2025 02:40,3876.32
04/12/2025 02:45,3763.88
04/12/2025 02:50,3782.38
04/12/2025 02:55,4035.29
04/12/2025 03:00,3755.5
04/12/2025 03:05,3833.18
04/12/2025 03:10,3863.69
04/12/2025 03:15,3682.55
04/12/2025 03:20,3731.4
04/12/2025 03:25,3938.91
04/12/2025 03:30,3610.96
04/12/2025 03:35,3768.13
04/12/2025 03:40,3812.54
04/12/2025 03:45,3771.05
04/12/2025 03:50,3802.17
04/12/2025 03:55,3637.51
04/12/2025 04:00,3983.69
04/12/2025 04:05,3891.02
04/12/2025 04:10,3852.67
04/12/2025 04:15,3632.88
04/12/2025 04:20,3579.6
04/12/2025 04:25,3587.13
04/12/2025 04:30,3823.23
04/12/2025 04:35,3621.44
04/12/2025 04:40,3846.64
04/12/2025 04:45,3768.53
04/12/2025 04:50,3912.29
04/12/2025 04:55,3924.95
04/12/2025 05:00,4214.68
04/12/2025 05:05,4380.24
04/12/2025 05:10,4492.25
04/12/2025 05:15,4347.22
04/12/2025 05:20,4242.35
04/12/2025 05:25,4124.37
04/12/2025 05:30,4649.13
04/12/2025 05:35,4475.78
04/12/2025 05:40,4439.04
04/12/2025 05:45,4360.67
04/12/2025 05:50,4716.9
04/12/2025 05:55,4383.39
04/12/2025 06:00,4500.29
04/12/2025 06:05,4528.43
04/12/2025 06:10,4744.7
04/12/2025 06:15,4534.0
04/12/2025 06:20,4362.25
04/12/2025 06:25,4614.82
04/12/2025 06:30,4426.43
04/12/2025 06:35,4628.65
04/12/2025 06:40,4831.69
04/12/2025 06:45,4611.56
04/12/2025 06:50,4606.61
04/12/2025 06:55,4688.22
04/12/2025 07:00,4848.62
04/12/2025 07:05,4759.32
04/12/2025 07:10,4827.1
04/12/2025 07:15,4921.25
04/12/2025 07:20,4541.16
04/12/2025 07:25,4886.51
04/12/2025 07:30,4683.75
04/12/2025 07:35,4627.71
04/12/2025 07:40,5066.6
04/12/2025 07:45,4887.85
04/12/2025 07:50,4945.58
04/12/2025 07:55,5205.74
04/12/2025 08:00,4898.96
04/12/2025 08:05,4675.67
04/12/2025 08:10,4842.87
04/12/2025 08:15,5099.31
04/12/2025 08:20,4856.3
04/12/2025 08:25,5111.01
04/12/2025 08:30,5180.54
04/12/2025 08:35,4981.97
04/12/2025 08:40,4950.08
04/12/2025 08:45,5080.94
04/12/2025 08:50,5182.15
04/12/2025 08:55,5044.91
04/12/2025 09:00,5690.78
04/12/2025 09:05,5394.65
04/12/2025 09:10,5744.94
04/12/2025 09:15,5453.75
04/12/2025 09:20,5574.46
04/12/2025 09:25,5783.03
04/12/2025 09:30,5415.57
04/12/2025 09:35,5513.19
04/12/2025 09:40,5796.3
04/12/2025 09:45,5557.25
04/12/2025 09:50,5852.49
04/12/2025 09:55,5848.6
04/12/2025 10:00,5916.91
04/12/2025 10:05,5730.68
04/12/2025 10:10,5663.61
04/12/2025 10:15,5834.57
04/12/2025 10:20,5882.05
04/12/2025 10:25,5561.51
04/12/2025 10:30,6055.44
04/12/2025 10:35,5759.96
04/12/2025 10:40,5745.02
04/12/2025 10:45,6186.15
04/12/2025 10:50,5652.37
04/12/2025 10:55,5763.43
04/12/2025 11:00,5712.01
04/12/2025 11:05,5870.51
04/12/2025 11:10,5546.93
04/12/2025 11:15,5695.1
04/12/2025 11:20,5818.56
04/12/2025 11:25,5686.69
04/12/2025 11:30,5743.96
04/12/2025 11:35,5875.1
04/12/2025 11:40,5684.76
04/12/2025 11:45,5580.75
04/12/2025 11:50,5594.13
04/12/2025 11:55,5692.39
04/12/2025 12:00,5494.16
04/12/2025 12:05,5336.28
04/12/2025 12:10,5550.18
04/12/2025 12:15,5292.7
04/12/2025 12:20,5286.21
04/12/2025 12:25,5350.4
04/12/2025 12:30,5311.99
04/12/2025 12:35,5102.19
04/12/2025 12:40,5285.3
04/12/2025 12:45,5364.25
04/12/2025 12:50,5300.32
04/12/2025 12:55,5240.63
04/12/2025 13:00,5357.47
04/12/2025 13:05,4999.04
04/12/2025 13:10,5155.3
04/12/2025 13:15,5017.87
04/12/2025 13:20,5107.83
04/12/2025 13:25,5012.82
04/12/2025 13:30,5273.8
04/12/2025 13:35,4873.06
04/12/2025 13:40,5162.26
04/12/2025 13:45,4995.32
04/12/2025 13:50,4924.98
04/12/2025 13:55,4988.59
04/12/2025 14:00,5276.12
04/12/2025 14:05,4826.03
04/12/2025 14:10,5192.21
04/12/2025 14:15,5119.15
04/12/2025 14:20,4891.64
04/12/2025 14:25,5279.94
04/12/2025 14:30,4968.9
04/12/2025 14:35,5215.3
04/12/2025 14:40,5025.03
04/12/2025 14:45,4736.07
04/12/2025 14:50,4933.52
04/12/2025 14:55,4932.59
04/12/2025 15:00,5076.92
04/12/2025 15:05,5188.53
04/12/2025 15:10,5356.39
04/12/2025 15:15,4934.75
04/12/2025 15:20,4892.09
04/12/2025 15:25,5283.06
04/12/2025 15:30,5123.25
04/12/2025 15:35,5483.27
04/12/2025 15:40,5181.18
04/12/2025 15:45,5085.67
04/12/2025 15:50,5219.43
04/12/2025 15:55,4914.06
04/12/2025 16:00,5349.84
04/12/2025 16:05,5118.74
04/12/2025 16:10,5209.06
04/12/2025 16:15,5550.6
04/12/2025 16:20,5526.36
04/12/2025 16:25,5359.64
04/12/2025 16:30,5282.84
04/12/2025 16:35,5149.12
04/12/2025 16:40,5559.41
04/12/2025 16:45,5478.2
04/12/2025 16:50,5563.19
04/12/2025 16:55,5627.7
04/12/2025 17:00,5673.62
04/12/2025 17:05,5667.5
04/12/2025 17:10,5263.64
04/12/2025 17:15,5951.64
04/12/2025 17:20,5757.35
04/12/2025 17:25,5617.47
04/12/2025 17:30,5862.81
04/12/2025 17:35,6012.14
04/12/2025 17:40,5671.8
04/12/2025 17:45,5631.13
04/12/2025 17:50,5889.37
04/12/2025 17:55,6237.08
04/12/2025 18:00,5945.25
04/12/2025 18:05,5988.98
04/12/2025 18:10,6267.27
04/12/2025 18:15,5841.46
04/12/2025 18:20,5914.49
04/12/2025 18:25,6012.17
04/12/2025 18:30,6098.09
04/12/2025 18:35,5888.98
04/12/2025 18:40,5765.63
04/12/2025 18:45,6047.34
04/12/2025 18:50,6330.45
04/12/2025 18:55,5908.83
04/12/2025 19:00,6221.16
04/12/2025 19:05,6155.51
04/12/2025 19:10,6601.46
04/12/2025 19:15,6343.87
04/12/2025 19:20,6368.66
04/12/2025 19:25,6143.23
04/12/2025 19:30,6335.27
04/12/2025 19:35,6309.76
04/12/2025 19:40,6352.54
04/12/2025 19:45,6421.81
04/12/2025 19:50,6280.9
04/12/2025 19:55,6296.81
04/12/2025 20:00,6416.16
04/12/2025 20:05,6308.13
04/12/2025 20:10,6171.12
04/12/2025 20:15,6178.63
04/12/2025 20:20,6203.51
04/12/2025 20:25,6352.86
04/12/2025 20:30,6211.9
04/12/2025 20:35,6370.82
04/12/2025 20:40,6481.27
04/12/2025 20:45,6225.56
04/12/2025 20:50,6267.67
04/12/2025 20:55,6288.07
04/12/2025 21:00,5921.9
04/12/2025 21:05,6137.28
04/12/2025 21:10,6338.58
04/12/2025 21:15,6003.07
04/12/2025 21:20,6111.3
04/12/2025 21:25,6210.98
04/12/2025 21:30,5877.28
04/12/2025 21:35,6023.72
04/12/2025 21:40,6193.98
04/12/2025 21:45,6012.64
04/12/2025 21:50,6198.69
04/12/2025 21:55,6011.31
04/12/2025 22:00,5559.64
04/12/2025 22:05,5239.48
04/12/2025 22:10,5528.59
04/12/2025 22:15,5565.29
04/12/2025 22:20,5433.46
04/12/2025 22:25,5453.31
04/12/2025 22:30,5293.71
04/12/2025 22:35,5164.17
04/12/2025 22:40,5299.31
04/12/2025 22:45,5261.08
04/12/2025 22:50,5408.01
04/12/2025 22:55,5225.05
04/12/2025 23:00,5175.45
04/12/2025 23:05,5390.36
04/12/2025 23:10,5088.99
04/12/2025 23:15,4866.9
04/12/2025 23:20,4904.19
04/12/2025 23:25,4999.56
04/12/2025 23:30,4833.56
04/12/2025 23:35,4537.59
04/12/2025 23:40,4950.73
04/12/2025 23:45,4792.24
04/12/2025 23:50,4840.41
04/12/2025 23:55,5057.02
05/12/2025 00:00,5230.86
05/12/2025 00:05,5347.48
05/12/2025 00:10,5359.75
05/12/2025 00:15,5359.24
05/12/2025 00:20,5172.12
05/12/2025 00:25,5323.0
05/12/2025 00:30,5350.35
05/12/2025 00:35,4948.4
05/12/2025 00:40,5223.37
05/12/2025 00:45,5176.52
05/12/2025 00:50,5347.41
05/12/2025 00:55,5094.75
05/12/2025 01:00,5114.35
05/12/2025 01:05,5397.96
05/12/2025 01:10,5405.32
05/12/2025 01:15,5329.44
05/12/2025 01:20,5262.21
05/12/2025 01:25,5173.03
05/12/2025 01:30,4944.81
05/12/2025 01:35,5078.78
05/12/2025 01:40,5111.27
05/12/2025 01:45,5094.73
05/12/2025 01:50,5215.08
05/12/2025 01:55,5133.0
05/12/2025 02:00,3730.21
05/12/2025 02:05,3846.63
05/12/2025 02:10,3730.67
05/12/2025 02:15,3658.28
05/12/2025 02:20,3909.92
05/12/2025 02:25,3539.55
05/12/2025 02:30,3912.98
05/12/2025 02:35,3897.06
05/12/2025 02:40,3717.4
05/12/2025 02:45,3712.08
05/12/2025 02:50,3924.82
05/12/2025 02:55,3743.4
05/12/2025 03:00,3731.64
05/12/2025 03:05,3881.05
05/12/2025 03:10,3987.94
05/12/2025 03:15,3961.04
05/12/2025 03:20,3711.47
05/12/2025 03:25,3679.19
05/12/2025 03:30,3695.16
05/12/2025 03:35,3773.44
05/12/2025 03:40,3661.09
05/12/2025 03:45,3867.6
05/12/2025 03:50,4203.37
05/12/2025 03:55,3840.8
05/12/2025 04:00,3776.34
05/12/2025 04:05,3914.59
05/12/2025 04:10,4208.5
05/12/2025 04:15,3970.91
05/12/2025 04:20,3711.97
05/12/2025 04:25,3913.96
05/12/2025 04:30,3937.99
05/12/2025 04:35,3803.19
05/12/2025 04:40,4029.35
05/12/2025 04:45,3734.68
05/12/2025 04:50,3753.99
05/12/2025 04:55,3696.04
05/12/2025 05:00,4342.59
05/12/2025 05:05,4354.49
05/12/2025 05:10,4161.92
05/12/2025 05:15,4318.14
05/12/2025 05:20,4045.19
05/12/2025 05:25,4391.66
05/12/2025 05:30,4287.54
05/12/2025 05:35,4524.6
05/12/2025 05:40,4032.8
05/12/2025 05:45,4512.76
05/12/2025 05:50,4582.27
05/12/2025 05:55,4453.4
05/12/2025 06:00,4765.01
05/12/2025 06:05,4509.29
05/12/2025 06:10,4584.43
05/12/2025 06:15,4414.02
05/12/2025 06:20,4596.56
05/12/2025 06:25,4617.42
05/12/2025 06:30,4517.4
05/12/2025 06:35,4596.8
05/12/2025 06:40,4668.88
05/12/2025 06:45,4436.75
05/12/2025 06:50,4575.47
05/12/2025 06:55,4939.33
05/12/2025 07:00,4625.3
05/12/2025 07:05,4665.89
05/12/2025 07:10,4556.07
05/12/2025 07:15,4716.52
05/12/2025 07:20,4665.8
05/12/2025 07:25,4769.95
05/12/2025 07:30,4463.19
05/12/2025 07:35,4931.33
05/12/2025 07:40,4915.89
05/12/2025 07:45,4987.33
05/12/2025 07:50,4663.21
05/12/2025 07:55,5075.54
05/12/2025 08:00,4896.03
05/12/2025 08:05,4694.08
05/12/2025 08:10,4914.58
05/12/2025 08:15,4763.69
05/12/2025 08:20,4840.45
05/12/2025 08:25,5158.55
05/12/2025 08:30,5082.56
05/12/2025 08:35,5169.67
05/12/2025 08:40,5116.9
05/12/2025 08:45,5190.08
05/12/2025 08:50,5224.07
05/12/2025 08:55,5248.16
05/12/2025 09:00,5594.43
05/12/2025 09:05,5381.62
05/12/2025 09:10,5711.7
05/12/2025 09:15,5741.86
05/12/2025 09:20,5656.86
05/12/2025 09:25,5499.51
05/12/2025 09:30,5744.65
05/12/2025 09:35,5488.75
05/12/2025 09:40,5946.38
05/12/2025 09:45,5501.5
05/12/2025 09:50,5678.39
05/12/2025 09:55,5661.26
05/12/2025 10:00,5589.64
05/12/2025 10:05,5762.81
05/12/2025 10:10,5798.97
05/12/2025 10:15,5953.32
05/12/2025 10:20,5967.41
05/12/2025 10:25,5845.01
05/12/2025 10:30,5918.16
05/12/2025 10:35,5787.38
05/12/2025 10:40,5719.05
05/12/2025 10:45,5840.09
05/12/2025 10:50,5768.98
05/12/2025 10:55,5876.86
05/12/2025 11:00,5669.9
05/12/2025 11:05,5754.82
05/12/2025 11:10,5666.69
05/12/2025 11:15,5803.23
05/12/2025 11:20,5719.72
05/12/2025 11:25,5974.03
05/12/2025 11:30,5671.07
05/12/2025 11:35,5323.42
05/12/2025 11:40,5615.03
05/12/2025 11:45,5489.0
05/12/2025 11:50,5550.04
05/12/2025 11:55,5749.05
05/12/2025 12:00,5368.1
05/12/2025 12:05,5510.45
05/12/2025 12:10,5248.61
05/12/2025 12:15,5124.22
05/12/2025 12:20,5309.0
05/12/2025 12:25,5289.72
05/12/2025 12:30,5198.13
05/12/2025 12:35,5041.53
05/12/2025 12:40,5185.02
05/12/2025 12:45,5324.39
05/12/2025 12:50,5209.39
05/12/2025 12:55,5224.74
05/12/2025 13:00,5040.91
05/12/2025 13:05,5222.1
05/12/2025 13:10,5363.03
05/12/2025 13:15,5260.89
05/12/2025 13:20,5368.38
05/12/2025 13:25,5109.31
05/12/2025 13:30,5105.53
05/12/2025 13:35,5358.71
05/12/2025 13:40,5116.22
05/12/2025 13:45,5050.18
05/12/2025 13:50,5349.0
05/12/2025 13:55,4999.18
05/12/2025 14:00,5209.71
05/12/2025 14:05,5043.46
05/12/2025 14:10,4895.7
05/12/2025 14:15,5318.67
05/12/2025 14:20,5081.15
05/12/2025 14:25,5216.27
05/12/2025 14:30,5008.22
05/12/2025 14:35,5143.43
05/12/2025 14:40,5163.35
05/12/2025 14:45,5039.92
05/12/2025 14:50,5227.34
05/12/2025 14:55,5269.91
05/12/2025 15:00,5008.57
05/12/2025 15:05,4964.56
05/12/2025 15:10,5194.49
05/12/2025 15:15,5135.95
05/12/2025 15:20,4903.26
05/12/2025 15:25,5020.84
05/12/2025 15:30,5207.81
05/12/2025 15:35,5376.53
05/12/2025 15:40,5301.77
05/12/2025 15:45,5331.09
05/12/2025 15:50,5304.4
05/12/2025 15:55,5177.19
05/12/2025 16:00,5044.34
05/12/2025 16:05,5285.92
05/12/2025 16:10,5317.38
05/12/2025 16:15,5521.31
05/12/2025 16:20,5441.9
05/12/2025 16:25,5436.95
05/12/2025 16:30,5532.17
05/12/2025 16:35,5330.45
05/12/2025 16:40,5342.54
05/12/2025 16:45,5385.93
05/12/2025 16:50,5544.87
05/12/2025 16:55,5370.87
05/12/2025 17:00,5604.78
05/12/2025 17:05,5846.6
05/12/2025 17:10,5733.06
05/12/2025 17:15,5632.93
05/12/2025 17:20,5580.35
05/12/2025 17:25,5512.51
05/12/2025 17:30,5841.42
05/12/2025 17:35,5785.55
05/12/2025 17:40,5655.18
05/12/2025 17:45,5820.27
05/12/2025 17:50,5823.85
05/12/2025 17:55,5828.38
05/12/2025 18:00,5976.86
05/12/2025 18:05,6119.35
05/12/2025 18:10,5781.85
05/12/2025 18:15,5814.28
05/12/2025 18:20,6007.33
05/12/2025 18:25,6298.44
05/12/2025 18:30,6464.78
05/12/2025 18:35,6476.64
05/12/2025 18:40,6267.71
05/12/2025 18:45,5936.6
05/12/2025 18:50,6223.08
05/12/2025 18:55,6343.6
05/12/2025 19:00,6028.18
05/12/2025 19:05,6157.16
05/12/2025 19:10,6583.83
05/12/2025 19:15,6289.9
05/12/2025 19:20,6226.16
05/12/2025 19:25,6421.34
05/12/2025 19:30,6010.17
05/12/2025 19:35,6274.52
05/12/2025 19:40,6351.92
05/12/2025 19:45,6485.95
05/12/2025 19:50,6367.6
05/12/2025 19:55,6313.36
05/12/2025 20:00,6403.22
05/12/2025 20:05,6447.86
05/12/2025 20:10,6365.22
05/12/2025 20:15,6471.82
05/12/2025 20:20,6257.06
05/12/2025 20:25,6097.87
05/12/2025 20:30,6285.43
05/12/2025 20:35,6254.68
05/12/2025 20:40,6297.16
05/12/2025 20:45,6308.63
05/12/2025 20:50,6538.98
05/12/2025 20:55,6344.83
05/12/2025 21:00,6368.03
05/12/2025 21:05,6207.0
05/12/2025 21:10,6109.12
05/12/2025 21:15,6030.07
05/12/2025 21:20,6306.66
05/12/2025 21:25,6077.36
05/12/2025 21:30,6261.57
05/12/2025 21:35,6230.31
05/12/2025 21:40,6439.95
05/12/2025 21:45,6050.69
05/12/2025 21:50,6206.33
05/12/2025 21:55,6004.59
05/12/2025 22:00,5485.84
05/12/2025 22:05,5591.84
05/12/2025 22:10,5325.45
05/12/2025 22:15,5727.88
05/12/2025 22:20,5509.29
05/12/2025 22:25,5565.61
05/12/2025 22:30,5614.86
05/12/2025 22:35,5251.35
05/12/2025 22:40,5251.7
05/12/2025 22:45,5033.02
05/12/2025 22:50,5459.44
05/12/2025 22:55,5377.74
05/12/2025 23:00,5225.86
05/12/2025 23:05,4923.28
05/12/2025 23:10,5083.35
05/12/2025 23:15,5074.4
05/12/2025 23:20,5363.0
05/12/2025 23:25,4774.57
05/12/2025 23:30,4858.41
05/12/2025 23:35,5064.75
05/12/2025 23:40,4668.02
05/12/2025 23:45,4961.55
05/12/2025 23:50,5002.28
05/12/2025 23:55,4835.97
06/12/2025 00:00,4886.36
06/12/2025 00:05,4494.95
06/12/2025 00:10,4820.72
06/12/2025 00:15,4827.8
06/12/2025 00:20,4861.24
06/12/2025 00:25,4963.02
06/12/2025 00:30,5072.36
06/12/2025 00:35,4976.44
06/12/2025 00:40,4946.13
06/12/2025 00:45,4567.69
06/12/2025 00:50,4611.37
06/12/2025 00:55,4446.24
06/12/2025 01:00,4792.85
06/12/2025 01:05,4814.27
06/12/2025 01:10,4788.31
06/12/2025 01:15,4705.4
06/12/2025 01:20,4771.14
06/12/2025 01:25,4881.53
06/12/2025 01:30,4739.3
06/12/2025 01:35,4583.52
06/12/2025 01:40,4828.97
06/12/2025 01:45,4792.71
06/12/2025 01:50,4748.32
06/12/2025 01:55,5063.01
06/12/2025 02:00,3468.79
06/12/2025 02:05,3351.17
06/12/2025 02:10,3321.6
06/12/2025 02:15,2973.97
06/12/2025 02:20,3544.26
06/12/2025 02:25,3179.42
06/12/2025 02:30,3488.12
06/12/2025 02:35,3230.15
06/12/2025 02:40,3494.59
06/12/2025 02:45,3321.09
06/12/2025 02:50,3538.62
06/12/2025 02:55,3582.88
06/12/2025 03:00,3695.01
06/12/2025 03:05,3450.01
06/12/2025 03:10,3433.23
06/12/2025 03:15,3463.6
06/12/2025 03:20,3796.25
06/12/2025 03:25,3244.22
06/12/2025 03:30,3401.15
06/12/2025 03:35,3760.58
06/12/2025 03:40,3377.64
06/12/2025 03:45,3109.3
06/12/2025 03:50,3359.41
06/12/2025 03:55,3379.38
06/12/2025 04:00,3351.19
06/12/2025 04:05,3356.32
06/12/2025 04:10,3630.11
06/12/2025 04:15,3474.01
06/12/2025 04:20,3459.72
06/12/2025 04:25,3479.67
06/12/2025 04:30,3470.4
06/12/2025 04:35,3528.25
06/12/2025 04:40,3526.2
06/12/2025 04:45,3535.95
06/12/2025 04:50,3371.04
06/12/2025 04:55,3385.04
06/12/2025 05:00,3894.12
06/12/2025 05:05,4091.37
06/12/2025 05:10,3703.98
06/12/2025 05:15,3881.45
06/12/2025 05:20,4064.46
06/12/2025 05:25,3999.65
06/12/2025 05:30,3852.82
06/12/2025 05:35,3962.98
06/12/2025 05:40,4272.94
06/12/2025 05:45,4035.35
06/12/2025 05:50,4175.23
06/12/2025 05:55,4224.74
06/12/2025 06:00,4210.17
06/12/2025 06:05,3967.89
06/12/2025 06:10,4347.22
06/12/2025 06:15,4222.28
06/12/2025 06:20,4045.43
06/12/2025 06:25,4241.33
06/12/2025 06:30,4291.69
06/12/2025 06:35,4405.43
06/12/2025 06:40,4273.42
06/12/2025 06:45,4100.99
06/12/2025 06:50,4394.84
06/12/2025 06:55,4068.89
06/12/2025 07:00,4367.71
06/12/2025 07:05,4166.31
06/12/2025 07:10,4145.83
06/12/2025 07:15,4652.78
06/12/2025 07:20,4405.53
06/12/2025 07:25,4431.57
06/12/2025 07:30,4598.2
06/12/2025 07:35,4181.99
06/12/2025 07:40,4473.4
06/12/2025 07:45,4441.88
06/12/2025 07:50,4109.95
06/12/2025 07:55,4378.4
06/12/2025 08:00,4366.07
06/12/2025 08:05,4560.68
06/12/2025 08:10,4620.72
06/12/2025 08:15,4471.27
06/12/2025 08:20,4381.38
06/12/2025 08:25,4499.18
06/12/2025 08:30,4606.09
06/12/2025 08:35,4680.29
06/12/2025 08:40,4903.45
06/12/2025 08:45,4569.93
06/12/2025 08:50,4483.36
06/12/2025 08:55,4963.77
06/12/2025 09:00,5361.67
06/12/2025 09:05,5302.1
06/12/2025 09:10,5156.44
06/12/2025 09:15,5148.82
06/12/2025 09:20,5332.02
06/12/2025 09:25,5447.13
06/12/2025 09:30,5096.4
06/12/2025 09:35,5260.62
06/12/2025 09:40,5312.87
06/12/2025 09:45,5562.65
06/12/2025 09:50,5349.53
06/12/2025 09:55,5386.27
06/12/2025 10:00,5375.5
06/12/2025 10:05,5390.96
06/12/2025 10:10,5552.1
06/12/2025 10:15,5206.77
06/12/2025 10:20,5330.34
06/12/2025 10:25,5440.65
06/12/2025 10:30,5185.67
06/12/2025 10:35,5514.29
06/12/2025 10:40,5274.36
06/12/2025 10:45,5234.22
06/12/2025 10:50,5601.54
06/12/2025 10:55,5356.28
06/12/2025 11:00,5361.56
06/12/2025 11:05,5416.85
06/12/2025 11:10,5265.08
06/12/2025 11:15,4963.84
06/12/2025 11:20,5332.6
06/12/2025 11:25,5336.33
06/12/2025 11:30,5112.67
06/12/2025 11:35,4768.17
06/12/2025 11:40,5091.02
06/12/2025 11:45,5415.16
06/12/2025 11:50,5474.24
06/12/2025 11:55,5235.29
06/12/2025 12:00,4631.72
06/12/2025 12:05,4845.64
06/12/2025 12:10,4757.43
06/12/2025 12:15,4757.29
06/12/2025 12:20,4712.21
06/12/2025 12:25,5022.67
06/12/2025 12:30,4872.8
06/12/2025 12:35,4976.27
06/12/2025 12:40,4642.65
06/12/2025 12:45,4770.03
06/12/2025 12:50,4879.67
06/12/2025 12:55,4603.38
06/12/2025 13:00,5127.16
06/12/2025 13:05,5044.3
06/12/2025 13:10,4590.42
06/12/2025 13:15,4722.52
06/12/2025 13:20,4828.94
06/12/2025 13:25,4547.7
06/12/2025 13:30,4984.13
06/12/2025 13:35,4892.92
06/12/2025 13:40,4583.81
06/12/2025 13:45,4601.13
06/12/2025 13:50,4578.38
06/12/2025 13:55,4467.17
06/12/2025 14:00,4702.12
06/12/2025 14:05,4711.24
06/12/2025 14:10,4648.75
06/12/2025 14:15,4800.53
06/12/2025 14:20,4700.4
06/12/2025 14:25,4930.16
06/12/2025 14:30,4563.96
06/12/2025 14:35,4838.14
06/12/2025 14:40,4669.09
06/12/2025 14:45,4600.09
06/12/2025 14:50,4564.99
06/12/2025 14:55,4470.76
06/12/2025 15:00,4692.43
06/12/2025 15:05,4871.52
06/12/2025 15:10,5026.33
06/12/2025 15:15,4567.92
06/12/2025 15:20,4671.05
06/12/2025 15:25,4707.04
06/12/2025 15:30,4744.72
06/12/2025 15:35,4537.3
06/12/2025 15:40,4998.93
06/12/2025 15:45,4631.52
06/12/2025 15:50,4910.99
06/12/2025 15:55,4751.7
06/12/2025 16:00,4839.44
06/12/2025 16:05,5038.44
06/12/2025 16:10,4688.0
06/12/2025 16:15,5060.14
06/12/2025 16:20,4798.8
06/12/2025 16:25,4738.09
06/12/2025 16:30,5022.2
06/12/2025 16:35,4769.53
06/12/2025 16:40,5234.81
06/12/2025 16:45,4847.42
06/12/2025 16:50,5246.47
06/12/2025 16:55,5309.42
06/12/2025 17:00,5126.15
06/12/2025 17:05,5230.05
06/12/2025 17:10,5433.81
06/12/2025 17:15,5144.41
06/12/2025 17:20,5237.85
06/12/2025 17:25,5598.21
06/12/2025 17:30,5398.27
06/12/2025 17:35,5237.94
06/12/2025 17:40,5393.15
06/12/2025 17:45,5301.22
06/12/2025 17:50,5374.3
06/12/2025 17:55,5457.27
06/12/2025 18:00,5577.31
06/12/2025 18:05,5514.51
06/12/2025 18:10,5490.64
06/12/2025 18:15,5820.55
06/12/2025 18:20,5795.49
06/12/2025 18:25,5554.81
06/12/2025 18:30,5653.25
06/12/2025 18:35,5545.3
06/12/2025 18:40,5890.92
06/12/2025 18:45,5724.04
06/12/2025 18:50,5827.54
06/12/2025 18:55,5759.05
06/12/2025 19:00,5643.44
06/12/2025 19:05,5827.76
06/12/2025 19:10,5996.67
06/12/2025 19:15,5967.65
06/12/2025 19:20,5946.57
06/12/2025 19:25,5974.95
06/12/2025 19:30,5646.6
06/12/2025 19:35,5904.54
06/12/2025 19:40,5675.48
06/12/2025 19:45,5936.06
06/12/2025 19:50,5669.55
06/12/2025 19:55,6029.39
06/12/2025 20:00,6015.56
06/12/2025 20:05,5873.2
06/12/2025 20:10,6163.47
06/12/2025 20:15,6159.14
06/12/2025 20:20,5973.85
06/12/2025 20:25,5865.05
06/12/2025 20:30,5871.44
06/12/2025 20:35,5594.87
06/12/2025 20:40,5901.67
06/12/2025 20:45,5804.86
06/12/2025 20:50,6066.88
06/12/2025 20:55,6118.46
06/12/2025 21:00,5916.67
06/12/2025 21:05,5679.98
06/12/2025 21:10,5855.75
06/12/2025 21:15,6029.01
06/12/2025 21:20,5846.34
06/12/2025 21:25,5654.5
06/12/2025 21:30,5905.55
06/12/2025 21:35,5877.98
06/12/2025 21:40,5479.97
06/12/2025 21:45,5619.21
06/12/2025 21:50,5636.12
06/12/2025 21:55,5636.24
06/12/2025 22:00,5340.87
06/12/2025 22:05,5284.98
06/12/2025 22:10,5339.61
06/12/2025 22:15,5311.03
06/12/2025 22:20,5073.91
06/12/2025 22:25,5162.0
06/12/2025 22:30,5162.95
06/12/2025 22:35,4899.0
06/12/2025 22:40,4654.06
06/12/2025 22:45,4949.15
06/12/2025 22:50,5069.27
06/12/2025 22:55,4819.63
06/12/2025 23:00,4817.22
06/12/2025 23:05,4732.9
06/12/2025 23:10,4957.67
06/12/2025 23:15,4765.62
06/12/2025 23:20,4780.39
06/12/2025 23:25,4833.9
06/12/2025 23:30,4569.93
06/12/2025 23:35,4565.05
06/12/2025 23:40,4410.26
06/12/2025 23:45,4475.34
06/12/2025 23:50,4508.57
06/12/2025 23:55,4404.13
07/12/2025 00:00,4886.12
07/12/2025 00:05,4895.59
07/12/2025 00:10,4783.12
07/12/2025 00:15,4546.94
07/12/2025 00:20,4735.91
07/12/2025 00:25,4723.9
07/12/2025 00:30,4784.68
07/12/2025 00:35,4819.83
07/12/2025 00:40,4711.96
07/12/2025 00:45,5127.39
07/12/2025 00:50,4939.19
07/12/2025 00:55,4783.18
07/12/2025 01:00,4804.36
07/12/2025 01:05,4667.42
07/12/2025 01:10,4783.68
07/12/2025 01:15,4807.19
07/12/2025 01:20,4872.71
07/12/2025 01:25,4605.39
07/12/2025 01:30,4710.71
07/12/2025 01:35,4763.29
07/12/2025 01:40,4751.15
07/12/2025 01:45,4818.19
07/12/2025 01:50,4711.33
07/12/2025 01:55,4819.68
07/12/2025 02:00,3384.42
07/12/2025 02:05,3308.63
07/12/2025 02:10,3487.21
07/12/2025 02:15,3298.7
07/12/2025 02:20,3507.14
07/12/2025 02:25,3471.22
07/12/2025 02:30,3339.54
07/12/2025 02:35,3848.23
07/12/2025 02:40,3334.74
07/12/2025 02:45,3539.09
07/12/2025 02:50,3107.1
07/12/2025 02:55,3205.88
07/12/2025 03:00,3147.32
07/12/2025 03:05,3492.15
07/12/2025 03:10,3480.98
07/12/2025 03:15,3369.68
07/12/2025 03:20,3480.5
07/12/2025 03:25,3621.59
07/12/2025 03:30,3230.22
07/12/2025 03:35,3157.89
07/12/2025 03:40,3556.33
07/12/2025 03:45,3313.59
07/12/2025 03:50,3250.2
07/12/2025 03:55,3175.29
07/12/2025 04:00,3274.0
07/12/2025 04:05,3343.54
07/12/2025 04:10,3483.08
07/12/2025 04:15,3369.71
07/12/2025 04:20,3338.73
07/12/2025 04:25,3430.42
07/12/2025 04:30,3321.21
07/12/2025 04:35,3346.01
07/12/2025 04:40,3298.01
07/12/2025 04:45,3367.64
07/12/2025 04:50,3602.07
07/12/2025 04:55,3444.13
07/12/2025 05:00,3775.12
07/12/2025 05:05,3788.49
07/12/2025 05:10,3957.1
07/12/2025 05:15,3872.16
07/12/2025 05:20,4030.18
07/12/2025 05:25,3999.04
07/12/2025 05:30,3924.54
07/12/2025 05:35,3931.37
07/12/2025 05:40,4259.4
07/12/2025 05:45,4188.29
07/12/2025 05:50,4080.44
07/12/2025 05:55,4438.95
07/12/2025 06:00,4397.41
07/12/2025 06:05,4224.24
07/12/2025 06:10,3824.95
07/12/2025 06:15,4082.72
07/12/2025 06:20,4153.64
07/12/2025 06:25,3887.34
07/12/2025 06:30,4167.18
07/12/2025 06:35,4205.99
07/12/2025 06:40,4117.38
07/12/2025 06:45,4079.77
07/12/2025 06:50,4079.95
07/12/2025 06:55,4431.58
07/12/2025 07:00,4366.29
07/12/2025 07:05,4382.64
07/12/2025 07:10,4205.06
07/12/2025 07:15,4261.75
07/12/2025 07:20,4097.88
07/12/2025 07:25,4357.89
07/12/2025 07:30,4526.9
07/12/2025 07:35,4602.83
07/12/2025 07:40,4576.4
07/12/2025 07:45,4334.93
07/12/2025 07:50,4549.16
07/12/2025 07:55,4467.04
07/12/2025 08:00,4344.06
07/12/2025 08:05,4507.26
07/12/2025 08:10,4792.76
07/12/2025 08:15,4418.52
07/12/2025 08:20,4646.54
07/12/2025 08:25,4826.18
07/12/2025 08:30,4778.22
07/12/2025 08:35,4633.44
07/12/2025 08:40,4678.88
07/12/2025 08:45,4805.96
07/12/2025 08:50,4470.13
07/12/2025 08:55,4484.36
07/12/2025 09:00,5001.6
07/12/2025 09:05,5419.11
07/12/2025 09:10,5311.31
07/12/2025 09:15,4920.91
07/12/2025 09:20,5153.07
07/12/2025 09:25,5362.11
07/12/2025 09:30,5337.51
07/12/2025 09:35,5278.37
07/12/2025 09:40,5229.44
07/12/2025 09:45,5479.43
07/12/2025 09:50,5418.89
07/12/2025 09:55,5432.78
07/12/2025 10:00,5384.98
07/12/2025 10:05,5743.29
07/12/2025 10:10,5538.86
07/12/2025 10:15,5220.66
07/12/2025 10:20,5376.21
07/12/2025 10:25,5435.94
07/12/2025 10:30,5702.87
07/12/2025 10:35,5653.66
07/12/2025 10:40,5278.1
07/12/2025 10:45,5263.42
07/12/2025 10:50,5510.93
07/12/2025 10:55,5597.84
07/12/2025 11:00,5439.4
07/12/2025 11:05,5379.22
07/12/2025 11:10,5373.35
07/12/2025 11:15,5363.06
07/12/2025 11:20,5572.55
07/12/2025 11:25,5347.6
07/12/2025 11:30,5330.96
07/12/2025 11:35,5125.01
07/12/2025 11:40,5377.15
07/12/2025 11:45,5162.59
07/12/2025 11:50,5300.59
07/12/2025 11:55,5295.63
07/12/2025 12:00,4942.95
07/12/2025 12:05,4725.39
07/12/2025 12:10,4811.55
07/12/2025 12:15,4623.6
07/12/2025 12:20,4901.59
07/12/2025 12:25,4688.21
07/12/2025 12:30,5022.08
07/12/2025 12:35,4791.78
07/12/2025 12:40,4619.4
07/12/2025 12:45,4713.94
07/12/2025 12:50,4630.27
07/12/2025 12:55,4867.12
07/12/2025 13:00,4895.15
07/12/2025 13:05,4764.04
07/12/2025 13:10,4849.98
07/12/2025 13:15,4511.13
07/12/2025 13:20,4629.93
07/12/2025 13:25,4685.35
07/12/2025 13:30,4829.8
07/12/2025 13:35,4778.41
07/12/2025 13:40,4937.15
07/12/2025 13:45,5002.17
07/12/2025 13:50,4537.42
07/12/2025 13:55,4628.2
07/12/2025 14:00,4930.82
07/12/2025 14:05,4766.0
07/12/2025 14:10,4602.1
07/12/2025 14:15,4481.85
07/12/2025 14:20,4740.16
07/12/2025 14:25,4426.02
07/12/2025 14:30,4505.26
07/12/2025 14:35,4649.1
07/12/2025 14:40,4821.51
07/12/2025 14:45,4743.31
07/12/2025 14:50,4539.39
07/12/2025 14:55,4566.92
07/12/2025 15:00,4740.33
07/12/2025 15:05,4669.3
07/12/2025 15:10,4903.35
07/12/2025 15:15,4487.05
07/12/2025 15:20,4798.32
07/12/2025 15:25,4791.24
07/12/2025 15:30,4813.71
07/12/2025 15:35,4996.03
07/12/2025 15:40,4531.26
07/12/2025 15:45,4983.39
07/12/2025 15:50,4974.39
07/12/2025 15:55,5318.97
07/12/2025 16:00,4974.19
07/12/2025 16:05,4893.28
07/12/2025 16:10,5013.98
07/12/2025 16:15,4713.56
07/12/2025 16:20,4957.35
07/12/2025 16:25,4931.0
07/12/2025 16:30,4901.2
07/12/2025 16:35,5087.49
07/12/2025 16:40,4832.27
07/12/2025 16:45,5293.62
07/12/2025 16:50,5106.51
07/12/2025 16:55,4951.26
07/12/2025 17:00,5087.23
07/12/2025 17:05,5036.24
07/12/2025 17:10,5122.92
07/12/2025 17:15,5619.8
07/12/2025 17:20,5471.53
07/12/2025 17:25,5307.14
07/12/2025 17:30,5286.76
07/12/2025 17:35,5244.47
07/12/2025 17:40,5425.12
07/12/2025 17:45,5643.2
07/12/2025 17:50,5567.02
07/12/2025 17:55,5566.05
07/12/2025 18:00,5872.75
07/12/2025 18:05,5648.01
07/12/2025 18:10,5784.1
07/12/2025 18:15,5620.93
07/12/2025 18:20,5695.55
07/12/2025 18:25,5516.82
07/12/2025 18:30,5665.83
07/12/2025 18:35,5524.72
07/12/2025 18:40,5682.95
07/12/2025 18:45,5916.51
07/12/2025 18:50,5809.36
07/12/2025 18:55,5655.84
07/12/2025 19:00,5998.64
07/12/2025 19:05,5677.3
07/12/2025 19:10,6143.7
07/12/2025 19:15,5783.98
07/12/2025 19:20,5845.9
07/12/2025 19:25,5900.62
07/12/2025 19:30,5909.71
07/12/2025 19:35,6096.39
07/12/2025 19:40,6044.46
07/12/2025 19:45,6146.19
07/12/2025 19:50,5834.85
07/12/2025 19:55,6118.12
07/12/2025 20:00,6079.26
07/12/2025 20:05,6011.72
07/12/2025 20:10,6050.09
07/12/2025 20:15,5875.04
07/12/2025 20:20,5998.29
07/12/2025 20:25,5755.25
07/12/2025 20:30,5788.61
07/12/2025 20:35,6195.18
07/12/2025 20:40,5898.73
07/12/2025 20:45,5804.11
07/12/2025 20:50,5690.24
07/12/2025 20:55,5705.57
07/12/2025 21:00,5789.26
07/12/2025 21:05,5857.68
07/12/2025 21:10,5760.24
07/12/2025 21:15,5951.73
07/12/2025 21:20,5697.27
07/12/2025 21:25,5756.19
07/12/2025 21:30,5670.91
07/12/2025 21:35,5743.66
07/12/2025 21:40,5543.88
07/12/2025 21:45,5725.23
07/12/2025 21:50,5865.67
07/12/2025 21:55,5473.39
07/12/2025 22:00,5404.5
07/12/2025 22:05,5001.71
07/12/2025 22:10,4989.96
07/12/2025 22:15,5116.53
07/12/2025 22:20,5017.31
07/12/2025 22:25,4909.68
07/12/2025 22:30,5213.28
07/12/2025 22:35,5206.6
07/12/2025 22:40,5208.29
07/12/2025 22:45,4823.8
07/12/2025 22:50,4949.31
07/12/2025 22:55,4818.67
07/12/2025 23:00,4801.58
07/12/2025 23:05,4725.5
07/12/2025 23:10,4761.09
07/12/2025 23:15,4544.75
07/12/2025 23:20,4648.27
07/12/2025 23:25,4589.39
07/12/2025 23:30,4428.83
07/12/2025 23:35,4636.08
07/12/2025 23:40,4641.31
07/12/2025 23:45,4730.75
07/12/2025 23:50,4238.48
07/12/2025 23:55,4410.73
08/12/2025 00:00,5030.79
08/12/2025 00:05,5105.38
08/12/2025 00:10,5347.35
08/12/2025 00:15,4770.24
08/12/2025 00:20,5140.72
08/12/2025 00:25,4961.79
08/12/2025 00:30,5260.05
08/12/2025 00:35,5283.46
08/12/2025 00:40,4996.29
08/12/2025 00:45,5079.98
08/12/2025 00:50,5066.48
08/12/2025 00:55,5097.4
08/12/2025 01:00,5343.39
08/12/2025 01:05,5284.58
08/12/2025 01:10,5128.22
08/12/2025 01:15,5241.21
08/12/2025 01:20,5304.23
08/12/2025 01:25,4949.69
08/12/2025 01:30,5081.82
08/12/2025 01:35,5138.06
08/12/2025 01:40,5040.56
08/12/2025 01:45,5119.94
08/12/2025 01:50,5216.38
08/12/2025 01:55,5133.96
08/12/2025 02:00,3670.05
08/12/2025 02:05,3822.3
08/12/2025 02:10,3735.17
08/12/2025 02:15,3635.94
08/12/2025 02:20,3737.05
08/12/2025 02:25,3807.63
08/12/2025 02:30,3931.69
08/12/2025 02:35,3467.14
08/12/2025 02:40,3757.29
08/12/2025 02:45,4058.61
08/12/2025 02:50,3912.87
08/12/2025 02:55,3623.23
08/12/2025 03:00,3838.2
08/12/2025 03:05,3797.65
08/12/2025 03:10,3767.49
08/12/2025 03:15,3755.38
08/12/2025 03:20,3966.52
08/12/2025 03:25,3743.89
08/12/2025 03:30,3604.29
08/12/2025 03:35,3789.23
08/12/2025 03:40,3962.85
08/12/2025 03:45,3949.52
08/12/2025 03:50,3562.22
08/12/2025 03:55,4117.52
08/12/2025 04:00,3597.05
08/12/2025 04:05,3836.39
08/12/2025 04:10,3569.28
08/12/2025 04:15,3606.23
08/12/2025 04:20,3968.26
08/12/2025 04:25,3923.97
08/12/2025 04:30,3911.7
08/12/2025 04:35,3977.29
08/12/2025 04:40,3859.11
08/12/2025 04:45,3971.08
08/12/2025 04:50,3875.66
08/12/2025 04:55,3703.76
08/12/2025 05:00,4243.14
08/12/2025 05:05,4236.35
08/12/2025 05:10,4122.44
08/12/2025 05:15,4300.67
08/12/2025 05:20,4166.11
08/12/2025 05:25,4462.17
08/12/2025 05:30,4348.25
08/12/2025 05:35,4304.91
08/12/2025 05:40,4668.83
08/12/2025 05:45,4388.94
08/12/2025 05:50,4461.13
08/12/2025 05:55,4366.55
08/12/2025 06:00,4199.53
08/12/2025 06:05,4776.23
08/12/2025 06:10,4644.56
08/12/2025 06:15,4586.07
08/12/2025 06:20,4789.66
08/12/2025 06:25,4511.4
08/12/2025 06:30,4705.33
08/12/2025 06:35,4472.85
08/12/2025 06:40,4521.26
08/12/2025 06:45,4771.82
08/12/2025 06:50,4907.65
08/12/2025 06:55,4630.56
08/12/2025 07:00,4814.02
08/12/2025 07:05,4716.82
08/12/2025 07:10,4645.76
08/12/2025 07:15,4659.08
08/12/2025 07:20,4703.92
08/12/2025 07:25,4602.11
08/12/2025 07:30,4998.97
08/12/2025 07:35,4764.84
08/12/2025 07:40,4854.68
08/12/2025 07:45,4890.89
08/12/2025 07:50,5090.81
08/12/2025 07:55,4876.94
08/12/2025 08:00,4663.43
08/12/2025 08:05,5035.65
08/12/2025 08:10,4918.75
08/12/2025 08:15,5070.48
08/12/2025 08:20,4994.7
08/12/2025 08:25,4904.06
08/12/2025 08:30,4818.55
08/12/2025 08:35,5176.71
08/12/2025 08:40,4927.49
08/12/2025 08:45,4915.56
08/12/2025 08:50,5138.76
08/12/2025 08:55,5175.13
08/12/2025 09:00,5600.23
08/12/2025 09:05,5528.52
08/12/2025 09:10,5677.12
08/12/2025 09:15,5648.1
08/12/2025 09:20,5699.49
08/12/2025 09:25,5586.96
08/12/2025 09:30,5485.1
08/12/2025 09:35,5819.69
08/12/2025 09:40,5635.78
08/12/2025 09:45,5731.62
08/12/2025 09:50,5758.2
08/12/2025 09:55,5826.0
08/12/2025 10:00,5808.4
08/12/2025 10:05,5611.71
08/12/2025 10:10,5872.85
08/12/2025 10:15,5310.43
08/12/2025 10:20,5793.89
08/12/2025 10:25,5817.22
08/12/2025 10:30,5767.74
08/12/2025 10:35,5750.34
08/12/2025 10:40,5736.09
08/12/2025 10:45,5984.45
08/12/2025 10:50,5560.0
08/12/2025 10:55,5703.31
08/12/2025 11:00,5690.89
08/12/2025 11:05,5931.5
08/12/2025 11:10,5788.32
08/12/2025 11:15,5734.74
08/12/2025 11:20,5869.37
08/12/2025 11:25,5555.74
08/12/2025 11:30,5646.98
08/12/2025 11:35,5761.04
08/12/2025 11:40,5581.9
08/12/2025 11:45,5611.57
08/12/2025 11:50,5866.77
08/12/2025 11:55,5638.86
08/12/2025 12:00,5368.24
08/12/2025 12:05,5201.16
08/12/2025 12:10,5422.66
08/12/2025 12:15,5331.54
08/12/2025 12:20,5334.79
08/12/2025 12:25,5259.82
08/12/2025 12:30,5360.69
08/12/2025 12:35,5352.63
08/12/2025 12:40,5208.44
08/12/2025 12:45,5327.43
08/12/2025 12:50,5163.9
08/12/2025 12:55,5330.43
08/12/2025 13:00,5177.28
08/12/2025 13:05,5163.37
08/12/2025 13:10,5065.77
08/12/2025 13:15,5270.46
08/12/2025 13:20,5046.99
08/12/2025 13:25,5005.23
08/12/2025 13:30,5062.92
08/12/2025 13:35,5386.38
08/12/2025 13:40,5019.24
08/12/2025 13:45,5089.76
08/12/2025 13:50,4739.47
08/12/2025 13:55,5155.23
08/12/2025 14:00,5360.75
08/12/2025 14:05,5070.06
08/12/2025 14:10,4984.6
08/12/2025 14:15,5068.83
08/12/2025 14:20,4861.96
08/12/2025 14:25,4934.0
08/12/2025 14:30,5190.75
08/12/2025 14:35,5231.8
08/12/2025 14:40,5190.82
08/12/2025 14:45,4795.21
08/12/2025 14:50,4935.36
08/12/2025 14:55,4760.17
08/12/2025 15:00,5127.82
08/12/2025 15:05,5080.04
08/12/2025 15:10,5150.4
08/12/2025 15:15,5043.0
08/12/2025 15:20,5155.59
08/12/2025 15:25,5054.01
08/12/2025 15:30,5256.07
08/12/2025 15:35,5051.6
08/12/2025 15:40,5271.03
08/12/2025 15:45,5200.55
08/12/2025 15:50,5371.91
08/12/2025 15:55,5253.69
08/12/2025 16:00,5557.19
08/12/2025 16:05,5299.86
08/12/2025 16:10,5149.38
08/12/2025 16:15,5484.87
08/12/2025 16:20,5493.6
08/12/2025 16:25,5403.0
08/12/2025 16:30,5194.48
08/12/2025 16:35,5546.57
08/12/2025 16:40,5749.33
08/12/2025 16:45,5518.11
08/12/2025 16:50,5750.18
08/12/2025 16:55,5743.7
08/12/2025 17:00,5735.12
08/12/2025 17:05,5618.89
08/12/2025 17:10,5752.69
08/12/2025 17:15,5817.1
08/12/2025 17:20,6011.37
08/12/2025 17:25,6055.15
08/12/2025 17:30,5750.91
08/12/2025 17:35,5758.31
08/12/2025 17:40,5745.89
08/12/2025 17:45,5931.73
08/12/2025 17:50,5849.07
08/12/2025 17:55,5765.88
08/12/2025 18:00,5951.66
08/12/2025 18:05,6171.16
08/12/2025 18:10,6038.18
08/12/2025 18:15,6251.0
08/12/2025 18:20,6080.25
08/12/2025 18:25,6115.33
08/12/2025 18:30,6168.62
08/12/2025 18:35,6196.07
08/12/2025 18:40,6247.75
08/12/2025 18:45,6166.05
08/12/2025 18:50,5991.58
08/12/2025 18:55,5952.72
08/12/2025 19:00,6112.42
08/12/2025 19:05,6130.79
08/12/2025 19:10,6419.96
08/12/2025 19:15,6044.25
08/12/2025 19:20,6101.61
08/12/2025 19:25,6029.12
08/12/2025 19:30,6022.48
08/12/2025 19:35,6203.59
08/12/2025 19:40,6523.58
08/12/2025 19:45,6173.67
08/12/2025 19:50,6183.42
08/12/2025 19:55,6051.58
08/12/2025 20:00,6426.74
08/12/2025 20:05,6313.77
08/12/2025 20:10,6666.61
08/12/2025 20:15,6131.61
08/12/2025 20:20,6344.08
08/12/2025 20:25,6162.44
08/12/2025 20:30,6234.09
08/12/2025 20:35,6481.18
08/12/2025 20:40,6410.9
08/12/2025 20:45,5780.71
08/12/2025 20:50,6212.98
08/12/2025 20:55,6434.75
08/12/2025 21:00,6285.25
08/12/2025 21:05,6159.63
08/12/2025 21:10,6132.01
08/12/2025 21:15,6204.86
08/12/2025 21:20,6264.49
08/12/2025 21:25,6114.69
08/12/2025 21:30,6471.49
08/12/2025 21:35,6003.91
08/12/2025 21:40,5935.01
08/12/2025 21:45,5799.23
08/12/2025 21:50,5929.6
08/12/2025 21:55,6077.91
08/12/2025 22:00,5885.41
08/12/2025 22:05,5432.9
08/12/2025 22:10,5438.18
08/12/2025 22:15,5530.71
08/12/2025 22:20,5391.18
08/12/2025 22:25,5536.41
08/12/2025 22:30,5190.41
08/12/2025 22:35,5286.88
08/12/2025 22:40,5279.44
08/12/2025 22:45,5466.76
08/12/2025 22:50,5276.33
08/12/2025 22:55,5109.59
08/12/2025 23:00,5291.22
08/12/2025 23:05,4926.71
08/12/2025 23:10,5256.53
08/12/2025 23:15,5156.75
08/12/2025 23:20,4899.34
08/12/2025 23:25,4840.97
08/12/2025 23:30,4772.74
08/12/2025 23:35,4970.11
08/12/2025 23:40,4996.72
08/12/2025 23:45,4898.62
08/12/2025 23:50,5112.63
08/12/2025 23:55,4873.87
09/12/2025 00:00,5244.2
09/12/2025 00:05,5076.84
09/12/2025 00:10,5178.47
09/12/2025 00:15,5027.2
09/12/2025 00:20,4935.46
09/12/2025 00:25,5247.09
09/12/2025 00:30,4828.84
09/12/2025 00:35,5294.17
09/12/2025 00:40,5501.93
09/12/2025 00:45,5482.14
09/12/2025 00:50,5169.79
09/12/2025 00:55,5498.0
09/12/2025 01:00,5215.08
09/12/2025 01:05,5273.91
09/12/2025 01:10,5448.52
09/12/2025 01:15,5421.47
09/12/2025 01:20,5312.43
09/12/2025 01:25,5169.55
09/12/2025 01:30,5322.9
09/12/2025 01:35,5413.7
09/12/2025 01:40,5158.83
09/12/2025 01:45,5149.42
09/12/2025 01:50,5294.77
09/12/2025 01:55,5316.99
09/12/2025 02:00,3905.21
09/12/2025 02:05,3744.42
09/12/2025 02:10,3833.02
09/12/2025 02:15,3766.53
09/12/2025 02:20,3734.11
09/12/2025 02:25,3624.26
09/12/2025 02:30,3742.22
09/12/2025 02:35,3990.2
09/12/2025 02:40,3810.63
09/12/2025 02:45,4038.32
09/12/2025 02:50,3942.17
09/12/2025 02:55,3829.75
09/12/2025 03:00,3960.05
09/12/2025 03:05,3524.99
09/12/2025 03:10,3893.66
09/12/2025 03:15,3802.67
09/12/2025 03:20,3753.93
09/12/2025 03:25,3904.87
09/12/2025 03:30,3718.13
09/12/2025 03:35,3876.38
09/12/2025 03:40,3926.86
09/12/2025 03:45,3530.85
09/12/2025 03:50,3899.63
09/12/2025 03:55,3865.12
09/12/2025 04:00,4097.01
09/12/2025 04:05,3912.34
09/12/2025 04:10,3683.49
09/12/2025 04:15,4025.39
09/12/2025 04:20,3887.09
09/12/2025 04:25,3737.4
09/12/2025 04:30,3743.92
09/12/2025 04:35,3622.58
09/12/2025 04:40,3940.64
09/12/2025 04:45,3944.93
09/12/2025 04:50,3841.77
09/12/2025 04:55,3918.93
09/12/2025 05:00,4518.4
09/12/2025 05:05,4059.17
09/12/2025 05:10,4268.13
09/12/2025 05:15,4502.36
09/12/2025 05:20,4320.51
09/12/2025 05:25,4339.39
09/12/2025 05:30,4363.68
09/12/2025 05:35,4465.35
09/12/2025 05:40,4576.72
09/12/2025 05:45,4457.38
09/12/2025 05:50,4667.28
09/12/2025 05:55,4510.68
09/12/2025 06:00,4391.31
09/12/2025 06:05,4647.61
09/12/2025 06:10,4640.83
09/12/2025 06:15,4663.93
09/12/2025 06:20,4490.42
09/12/2025 06:25,4762.2
09/12/2025 06:30,4601.43
09/12/2025 06:35,4713.0
09/12/2025 06:40,4915.06
09/12/2025 06:45,4426.25
09/12/2025 06:50,4392.98
09/12/2025 06:55,4622.24
09/12/2025 07:00,4454.62
09/12/2025 07:05,4554.84
09/12/2025 07:10,4896.65
09/12/2025 07:15,4473.24
09/12/2025 07:20,4803.1
09/12/2025 07:25,5041.97
09/12/2025 07:30,4662.0
09/12/2025 07:35,4863.81
09/12/2025 07:40,4658.26
09/12/2025 07:45,4951.09
09/12/2025 07:50,4738.88
09/12/2025 07:55,4577.24
09/12/2025 08:00,4579.75
09/12/2025 08:05,4615.9
09/12/2025 08:10,5014.78
09/12/2025 08:15,5046.11
09/12/2025 08:20,5097.08
09/12/2025 08:25,4777.58
09/12/2025 08:30,5175.89
09/12/2025 08:35,5039.86
09/12/2025 08:40,5119.44
09/12/2025 08:45,5036.3
09/12/2025 08:50,4924.02
09/12/2025 08:55,5096.82
09/12/2025 09:00,5496.13
09/12/2025 09:05,5347.35
09/12/2025 09:10,5550.59
09/12/2025 09:15,5904.51
09/12/2025 09:20,5714.91
09/12/2025 09:25,5720.99
09/12/2025 09:30,5543.91
09/12/2025 09:35,5641.3
09/12/2025 09:40,5757.54
09/12/2025 09:45,5653.07
09/12/2025 09:50,6153.27
09/12/2025 09:55,5566.37
09/12/2025 10:00,5392.52
09/12/2025 10:05,5660.23
09/12/2025 10:10,5688.69
09/12/2025 10:15,6004.88
09/12/2025 10:20,5745.15
09/12/2025 10:25,5846.83
09/12/2025 10:30,5570.88
09/12/2025 10:35,5549.74
09/12/2025 10:40,5719.21
09/12/2025 10:45,5753.8
09/12/2025 10:50,6037.39
09/12/2025 10:55,5587.75
09/12/2025 11:00,5770.65
09/12/2025 11:05,6000.49
09/12/2025 11:10,5665.34
09/12/2025 11:15,5911.87
09/12/2025 11:20,6021.16
09/12/2025 11:25,5658.63
09/12/2025 11:30,5530.08
09/12/2025 11:35,5403.49
09/12/2025 11:40,5713.49
09/12/2025 11:45,5582.67
09/12/2025 11:50,5614.47
09/12/2025 11:55,5671.46
09/12/2025 12:00,5064.84
09/12/2025 12:05,5571.2
09/12/2025 12:10,5070.22
09/12/2025 12:15,5343.28
09/12/2025 12:20,5225.39
09/12/2025 12:25,5382.66
09/12/2025 12:30,5421.25
09/12/2025 12:35,5318.55
09/12/2025 12:40,5130.91
09/12/2025 12:45,5446.31
09/12/2025 12:50,5330.51
09/12/2025 12:55,5207.37
09/12/2025 13:00,5414.95
09/12/2025 13:05,5307.75
09/12/2025 13:10,5279.28
09/12/2025 13:15,5231.39
09/12/2025 13:20,5053.17
09/12/2025 13:25,5249.53
09/12/2025 13:30,5316.4
09/12/2025 13:35,5074.12
09/12/2025 13:40,5040.96
09/12/2025 13:45,4978.47
09/12/2025 13:50,5186.39
09/12/2025 13:55,5061.74
09/12/2025 14:00,5082.96
09/12/2025 14:05,4869.11
09/12/2025 14:10,5209.19
09/12/2025 14:15,5178.8
09/12/2025 14:20,5091.89
09/12/2025 14:25,4927.56
09/12/2025 14:30,4973.12
09/12/2025 14:35,5310.11
09/12/2025 14:40,5193.83
09/12/2025 14:45,5060.9
09/12/2025 14:50,4634.47
09/12/2025 14:55,5098.87
09/12/2025 15:00,4600.33
09/12/2025 15:05,4993.88
09/12/2025 15:10,5066.28
09/12/2025 15:15,5175.63
09/12/2025 15:20,5232.29
09/12/2025 15:25,4994.48
09/12/2025 15:30,5140.72
09/12/2025 15:35,5168.2
09/12/2025 15:40,5250.73
09/12/2025 15:45,5167.05
09/12/2025 15:50,5080.13
09/12/2025 15:55,5352.02
09/12/2025 16:00,5317.48
09/12/2025 16:05,4987.85
09/12/2025 16:10,5441.41
09/12/2025 16:15,5369.86
09/12/2025 16:20,5578.59
09/12/2025 16:25,5437.94
09/12/2025 16:30,5314.04
09/12/2025 16:35,5413.32
09/12/2025 16:40,5487.42
09/12/2025 16:45,5632.93
09/12/2025 16:50,5490.27
09/12/2025 16:55,5708.69
09/12/2025 17:00,5560.93
09/12/2025 17:05,5396.86
09/12/2025 17:10,5826.67
09/12/2025 17:15,5837.06
09/12/2025 17:20,5405.11
09/12/2025 17:25,5731.17
09/12/2025 17:30,5582.45
09/12/2025 17:35,5596.42
09/12/2025 17:40,5896.99
09/12/2025 17:45,6182.09
09/12/2025 17:50,5614.68
09/12/2025 17:55,5760.72
09/12/2025 18:00,5860.06
09/12/2025 18:05,5843.53
09/12/2025 18:10,6208.97
09/12/2025 18:15,6411.34
09/12/2025 18:20,6259.52
09/12/2025 18:25,6198.83
09/12/2025 18:30,5981.16
09/12/2025 18:35,6000.67
09/12/2025 18:40,6302.96
09/12/2025 18:45,6186.9
09/12/2025 18:50,6007.68
09/12/2025 18:55,6142.35
09/12/2025 19:00,6460.37
09/12/2025 19:05,6449.63
09/12/2025 19:10,6261.44
09/12/2025 19:15,6163.88
09/12/2025 19:20,6427.2
09/12/2025 19:25,6460.77
09/12/2025 19:30,6218.99
09/12/2025 19:35,6186.97
09/12/2025 19:40,6294.86
09/12/2025 19:45,6476.85
09/12/2025 19:50,6408.99
09/12/2025 19:55,6300.63
09/12/2025 20:00,6389.35
09/12/2025 20:05,6097.84
09/12/2025 20:10,6331.94
09/12/2025 20:15,5927.49
09/12/2025 20:20,6313.16
09/12/2025 20:25,6324.96
09/12/2025 20:30,6229.57
09/12/2025 20:35,6312.16
09/12/2025 20:40,6430.54
09/12/2025 20:45,6208.4
09/12/2025 20:50,6197.11
09/12/2025 20:55,6198.23
09/12/2025 21:00,6198.35
09/12/2025 21:05,5971.37
09/12/2025 21:10,6270.75
09/12/2025 21:15,6141.87
09/12/2025 21:20,6070.46
09/12/2025 21:25,6292.28
09/12/2025 21:30,6220.86
09/12/2025 21:35,6110.68
09/12/2025 21:40,6231.81
09/12/2025 21:45,6140.93
09/12/2025 21:50,5928.6
09/12/2025 21:55,5957.32
09/12/2025 22:00,5771.39
09/12/2025 22:05,5506.39
09/12/2025 22:10,5676.55
09/12/2025 22:15,5694.07
09/12/2025 22:20,5310.49
09/12/2025 22:25,5379.9
09/12/2025 22:30,5232.32
09/12/2025 22:35,5311.82
09/12/2025 22:40,5127.69
09/12/2025 22:45,5197.53
09/12/2025 22:50,5275.24
09/12/2025 22:55,5317.21
09/12/2025 23:00,5345.75
09/12/2025 23:05,5185.14
09/12/2025 23:10,5296.53
09/12/2025 23:15,4878.02
09/12/2025 23:20,4950.66
09/12/2025 23:25,4873.45
09/12/2025 23:30,5076.32
09/12/2025 23:35,4841.59
09/12/2025 23:40,5000.05
09/12/2025 23:45,4946.53
09/12/2025 23:50,4874.76
09/12/2025 23:55,4990.46
10/12/2025 00:00,5125.61
10/12/2025 00:05,5140.33
10/12/2025 00:10,5358.43
10/12/2025 00:15,5107.62
10/12/2025 00:20,5168.29
10/12/2025 00:25,5152.61
10/12/2025 00:30,5041.15
10/12/2025 00:35,5253.57
10/12/2025 00:40,5131.31
10/12/2025 00:45,4844.17
10/12/2025 00:50,5490.07
10/12/2025 00:55,5441.13
10/12/2025 01:00,5102.27
10/12/2025 01:05,4903.09
10/12/2025 01:10,5117.96
10/12/2025 01:15,5241.03
10/12/2025 01:20,5313.38
10/12/2025 01:25,5185.5
10/12/2025 01:30,5471.63
10/12/2025 01:35,5123.3
10/12/2025 01:40,5259.1
10/12/2025 01:45,5252.85
10/12/2025 01:50,5300.89
10/12/2025 01:55,4861.08
10/12/2025 02:00,3855.02
10/12/2025 02:05,3636.36
10/12/2025 02:10,3715.23
10/12/2025 02:15,3657.83
10/12/2025 02:20,3595.36
10/12/2025 02:25,3878.71
10/12/2025 02:30,3870.29
10/12/2025 02:35,4149.65
10/12/2025 02:40,3678.12
10/12/2025 02:45,3799.75
10/12/2025 02:50,3966.75
10/12/2025 02:55,3724.47
10/12/2025 03:00,3983.2
10/12/2025 03:05,3950.82
10/12/2025 03:10,3742.52
10/12/2025 03:15,3853.86
10/12/2025 03:20,3910.02
10/12/2025 03:25,3964.76
10/12/2025 03:30,3671.92
10/12/2025 03:35,3566.02
10/12/2025 03:40,3771.4
10/12/2025 03:45,3655.85
10/12/2025 03:50,3691.81
10/12/2025 03:55,4044.58
10/12/2025 04:00,3460.6
10/12/2025 04:05,3876.06
10/12/2025 04:10,3590.51
10/12/2025 04:15,3749.05
10/12/2025 04:20,3662.48
10/12/2025 04:25,3739.91
10/12/2025 04:30,3707.74
10/12/2025 04:35,3987.35
10/12/2025 04:40,3639.24
10/12/2025 04:45,3849.24
10/12/2025 04:50,3949.95
10/12/2025 04:55,4129.01
10/12/2025 05:00,4338.29
10/12/2025 05:05,4314.78
10/12/2025 05:10,4138.03
10/12/2025 05:15,4256.54
10/12/2025 05:20,4285.35
10/12/2025 05:25,4641.95
10/12/2025 05:30,4596.83
10/12/2025 05:35,4501.07
10/12/2025 05:40,4558.64
10/12/2025 05:45,4079.86
10/12/2025 05:50,4176.58
10/12/2025 05:55,4682.36
10/12/2025 06:00,4541.34
10/12/2025 06:05,4431.36
10/12/2025 06:10,4772.22
10/12/2025 06:15,4510.93
10/12/2025 06:20,4778.79
10/12/2025 06:25,4741.21
10/12/2025 06:30,4810.7
10/12/2025 06:35,4788.47
10/12/2025 06:40,4609.38
10/12/2025 06:45,4615.73
10/12/2025 06:50,4731.18
10/12/2025 06:55,4330.02
10/12/2025 07:00,4646.86
10/12/2025 07:05,4685.87
10/12/2025 07:10,4967.87
10/12/2025 07:15,4605.34
10/12/2025 07:20,4591.57
10/12/2025 07:25,4777.03
10/12/2025 07:30,4581.65
10/12/2025 07:35,4775.43
10/12/2025 07:40,5161.06
10/12/2025 07:45,4946.23
10/12/2025 07:50,4886.84
10/12/2025 07:55,4913.02
10/12/2025 08:00,5064.09
10/12/2025 08:05,4833.8
10/12/2025 08:10,4856.68
10/12/2025 08:15,4836.99
10/12/2025 08:20,4889.09
10/12/2025 08:25,4754.12
10/12/2025 08:30,4910.06
10/12/2025 08:35,5111.19
10/12/2025 08:40,4917.81
10/12/2025 08:45,4928.56
10/12/2025 08:50,5120.33
10/12/2025 08:55,4791.14
10/12/2025 09:00,5387.67
10/12/2025 09:05,5456.64
10/12/2025 09:10,5815.64
10/12/2025 09:15,5488.41
10/12/2025 09:20,5798.78
10/12/2025 09:25,5374.18
10/12/2025 09:30,6038.98
10/12/2025 09:35,5718.74
10/12/2025 09:40,5859.66
10/12/2025 09:45,5861.92
10/12/2025 09:50,6054.77
10/12/2025 09:55,5782.19
10/12/2025 10:00,5916.26
10/12/2025 10:05,5712.8
10/12/2025 10:10,5769.65
10/12/2025 10:15,5878.62
10/12/2025 10:20,5708.75
10/12/2025 10:25,5883.72
10/12/2025 10:30,5991.18
10/12/2025 10:35,5804.87
10/12/2025 10:40,5864.81
10/12/2025 10:45,6035.96
10/12/2025 10:50,5741.08
10/12/2025 10:55,5650.97
10/12/2025 11:00,5913.66
10/12/2025 11:05,5750.27
10/12/2025 11:10,5745.28
10/12/2025 11:15,5671.98
10/12/2025 11:20,5876.21
10/12/2025 11:25,5709.35
10/12/2025 11:30,5643.99
10/12/2025 11:35,5821.98
10/12/2025 11:40,5487.59
10/12/2025 11:45,5618.14
10/12/2025 11:50,5615.61
10/12/2025 11:55,5960.09
10/12/2025 12:00,5246.15
10/12/2025 12:05,5481.09
10/12/2025 12:10,4970.36
10/12/2025 12:15,5054.37
10/12/2025 12:20,5375.65
10/12/2025 12:25,5300.18
10/12/2025 12:30,5310.97
10/12/2025 12:35,5320.96
10/12/2025 12:40,5081.84
10/12/2025 12:45,5262.64
10/12/2025 12:50,5362.85
10/12/2025 12:55,5451.22
10/12/2025 13:00,5264.5
10/12/2025 13:05,5087.9
10/12/2025 13:10,5347.79
10/12/2025 13:15,5040.67
10/12/2025 13:20,4940.51
10/12/2025 13:25,5123.15
10/12/2025 13:30,5031.71
10/12/2025 13:35,5253.36
10/12/2025 13:40,5194.92
10/12/2025 13:45,4972.76
10/12/2025 13:50,5338.26
10/12/2025 13:55,5032.65
10/12/2025 14:00,5053.09
10/12/2025 14:05,5023.73
10/12/2025 14:10,5324.35
10/12/2025 14:15,4886.8
10/12/2025 14:20,5096.44
10/12/2025 14:25,4896.52
10/12/2025 14:30,5333.12
10/12/2025 14:35,5106.73
10/12/2025 14:40,5081.81
10/12/2025 14:45,5122.95
10/12/2025 14:50,5118.26
10/12/2025 14:55,5317.88
10/12/2025 15:00,5072.32
10/12/2025 15:05,5103.07
10/12/2025 15:10,5199.67
10/12/2025 15:15,5310.7
10/12/2025 15:20,5368.66
10/12/2025 15:25,4996.68
10/12/2025 15:30,4945.54
10/12/2025 15:35,5035.02
10/12/2025 15:40,5301.97
10/12/2025 15:45,5255.29
10/12/2025 15:50,5003.6
10/12/2025 15:55,5393.59
10/12/2025 16:00,5242.54
10/12/2025 16:05,5350.89
10/12/2025 16:10,5540.39
10/12/2025 16:15,5496.69
10/12/2025 16:20,5165.03
10/12/2025 16:25,5631.29
10/12/2025 16:30,5230.51
10/12/2025 16:35,5610.97
10/12/2025 16:40,5422.93
10/12/2025 16:45,5579.02
10/12/2025 16:50,5636.77
10/12/2025 16:55,5624.1
10/12/2025 17:00,5541.56
10/12/2025 17:05,5879.07
10/12/2025 17:10,5861.95
10/12/2025 17:15,5552.14
10/12/2025 17:20,5674.77
10/12/2025 17:25,5621.67
10/12/2025 17:30,5991.51
10/12/2025 17:35,5952.83
10/12/2025 17:40,5928.42
10/12/2025 17:45,5988.33
10/12/2025 17:50,5672.77
10/12/2025 17:55,6075.87
10/12/2025 18:00,5987.59
10/12/2025 18:05,6117.76
10/12/2025 18:10,5918.72
10/12/2025 18:15,5889.99
10/12/2025 18:20,5936.5
10/12/2025 18:25,6220.8
10/12/2025 18:30,6395.99
10/12/2025 18:35,5841.19
10/12/2025 18:40,6183.44
10/12/2025 18:45,5998.84
10/12/2025 18:50,6128.51
10/12/2025 18:55,6021.48
10/12/2025 19:00,6125.25
10/12/2025 19:05,6242.37
10/12/2025 19:10,6373.09
10/12/2025 19:15,6395.13
10/12/2025 19:20,6473.83
10/12/2025 19:25,6217.43
10/12/2025 19:30,6097.49
10/12/2025 19:35,6457.7
10/12/2025 19:40,6240.52
10/12/2025 19:45,6256.28
10/12/2025 19:50,6273.82
10/12/2025 19:55,6444.18
10/12/2025 20:00,6137.09
10/12/2025 20:05,6377.36
10/12/2025 20:10,6103.99
10/12/2025 20:15,6212.86
10/12/2025 20:20,6236.84
10/12/2025 20:25,6459.1
10/12/2025 20:30,6317.21
10/12/2025 20:35,6217.57
10/12/2025 20:40,6402.15
10/12/2025 20:45,6166.29
10/12/2025 20:50,6338.37
10/12/2025 20:55,6421.51
10/12/2025 21:00,6201.9
10/12/2025 21:05,6289.0
10/12/2025 21:10,6351.2
10/12/2025 21:15,6138.51
10/12/2025 21:20,6116.79
10/12/2025 21:25,6053.53
10/12/2025 21:30,6119.0
10/12/2025 21:35,6105.32
10/12/2025 21:40,6039.61
10/12/2025 21:45,6198.39
10/12/2025 21:50,6166.56
10/12/2025 21:55,6094.54
10/12/2025 22:00,5396.89
10/12/2025 22:05,5552.86
10/12/2025 22:10,5157.32
10/12/2025 22:15,5540.12
10/12/2025 22:20,5411.9
10/12/2025 22:25,5419.01
10/12/2025 22:30,5597.71
10/12/2025 22:35,5223.98
10/12/2025 22:40,5343.34
10/12/2025 22:45,5324.24
10/12/2025 22:50,5257.31
10/12/2025 22:55,5119.28
10/12/2025 23:00,5158.94
10/12/2025 23:05,4973.36
10/12/2025 23:10,5314.41
10/12/2025 23:15,5511.41
10/12/2025 23:20,4994.75
10/12/2025 23:25,5016.07
10/12/2025 23:30,5169.13
10/12/2025 23:35,4822.78
10/12/2025 23:40,4995.86
10/12/2025 23:45,5041.14
10/12/2025 23:50,4880.43
10/12/2025 23:55,4724.76
11/12/2025 00:00,4727.93
11/12/2025 00:05,5296.06
11/12/2025 00:10,5248.52
11/12/2025 00:15,5366.26
11/12/2025 00:20,5105.27
11/12/2025 00:25,5467.75
11/12/2025 00:30,5004.67
11/12/2025 00:35,5332.81
11/12/2025 00:40,5021.08
11/12/2025 00:45,5006.05
11/12/2025 00:50,5269.46
11/12/2025 00:55,5325.95
11/12/2025 01:00,5341.81
11/12/2025 01:05,5226.26
11/12/2025 01:10,5129.52
11/12/2025 01:15,5204.22
11/12/2025 01:20,5238.96
11/12/2025 01:25,5202.8
11/12/2025 01:30,5306.65
11/12/2025 01:35,4879.02
11/12/2025 01:40,5006.1
11/12/2025 01:45,5168.96
11/12/2025 01:50,5490.88
11/12/2025 01:55,5366.7
11/12/2025 02:00,3990.41
11/12/2025 02:05,3906.1
11/12/2025 02:10,3366.84
11/12/2025 02:15,3739.19
11/12/2025 02:20,3842.74
11/12/2025 02:25,3682.87
11/12/2025 02:30,3712.56
11/12/2025 02:35,4045.81
11/12/2025 02:40,3918.49
11/12/2025 02:45,3615.46
11/12/2025 02:50,3716.26
11/12/2025 02:55,3739.56
11/12/2025 03:00,3883.37
11/12/2025 03:05,3704.03
11/12/2025 03:10,3866.69
11/12/2025 03:15,3931.52
11/12/2025 03:20,4190.32
11/12/2025 03:25,4069.57
11/12/2025 03:30,3896.32
11/12/2025 03:35,3633.52
11/12/2025 03:40,3749.3
11/12/2025 03:45,3815.74
11/12/2025 03:50,3769.36
11/12/2025 03:55,4043.84
11/12/2025 04:00,3589.3
11/12/2025 04:05,3902.08
11/12/2025 04:10,3924.92
11/12/2025 04:15,3708.77
11/12/2025 04:20,3829.44
11/12/2025 04:25,3916.79
11/12/2025 04:30,3964.71
11/12/2025 04:35,4003.89
11/12/2025 04:40,3856.78
11/12/2025 04:45,3928.89
11/12/2025 04:50,4096.71
11/12/2025 04:55,3943.92
11/12/2025 05:00,4347.76
11/12/2025 05:05,4363.87
11/12/2025 05:10,4025.47
11/12/2025 05:15,4326.39
11/12/2025 05:20,4373.3
11/12/2025 05:25,4356.23
11/12/2025 05:30,4379.07
11/12/2025 05:35,4332.09
11/12/2025 05:40,4321.83
11/12/2025 05:45,4343.02
11/12/2025 05:50,4555.38
11/12/2025 05:55,4600.94
11/12/2025 06:00,4496.81
11/12/2025 06:05,4353.21
11/12/2025 06:10,4707.06
11/12/2025 06:15,4556.52
11/12/2025 06:20,4784.1
11/12/2025 06:25,4455.61
11/12/2025 06:30,4509.61
11/12/2025 06:35,4759.55
11/12/2025 06:40,4560.18
11/12/2025 06:45,4647.03
11/12/2025 06:50,4478.72
11/12/2025 06:55,4829.84
11/12/2025 07:00,4844.95
11/12/2025 07:05,4377.41
11/12/2025 07:10,4788.19
11/12/2025 07:15,4785.98
11/12/2025 07:20,4668.43
11/12/2025 07:25,4820.67
11/12/2025 07:30,4653.75
11/12/2025 07:35,4997.31
11/12/2025 07:40,4805.93
11/12/2025 07:45,4951.42
11/12/2025 07:50,4888.2
11/12/2025 07:55,4701.35
11/12/2025 08:00,4839.66
11/12/2025 08:05,4845.96
11/12/2025 08:10,5064.78
11/12/2025 08:15,4976.32
11/12/2025 08:20,4694.55
11/12/2025 08:25,4880.92
11/12/2025 08:30,4941.56
11/12/2025 08:35,5218.08
11/12/2025 08:40,5246.1
11/12/2025 08:45,4963.08
11/12/2025 08:50,4984.5
11/12/2025 08:55,5030.93
11/12/2025 09:00,5775.64
11/12/2025 09:05,5388.68
11/12/2025 09:10,5594.57
11/12/2025 09:15,5423.6
11/12/2025 09:20,5603.82
11/12/2025 09:25,5869.45
11/12/2025 09:30,5613.0
11/12/2025 09:35,5655.96
11/12/2025 09:40,5552.8
11/12/2025 09:45,5589.43
11/12/2025 09:50,5878.27
11/12/2025 09:55,5626.13
11/12/2025 10:00,6032.49
11/12/2025 10:05,5641.84
11/12/2025 10:10,5613.09
11/12/2025 10:15,5850.84
11/12/2025 10:20,5859.39
11/12/2025 10:25,5846.2
11/12/2025 10:30,5633.35
11/12/2025 10:35,5834.8
11/12/2025 10:40,5871.65
11/12/2025 10:45,5657.77
11/12/2025 10:50,5605.51
11/12/2025 10:55,5776.38
11/12/2025 11:00,5984.93
11/12/2025 11:05,5734.88
11/12/2025 11:10,5718.84
11/12/2025 11:15,5898.37
11/12/2025 11:20,5912.09
11/12/2025 11:25,5759.56
11/12/2025 11:30,5817.52
11/12/2025 11:35,5897.18
11/12/2025 11:40,5425.49
11/12/2025 11:45,5733.05
11/12/2025 11:50,5608.99
11/12/2025 11:55,5497.35
11/12/2025 12:00,5129.99
11/12/2025 12:05,5184.91
11/12/2025 12:10,5552.46
11/12/2025 12:15,5179.96
11/12/2025 12:20,5293.51
11/12/2025 12:25,5483.86
11/12/2025 12:30,5447.48
11/12/2025 12:35,5109.05
11/12/2025 12:40,5344.84
11/12/2025 12:45,5348.18
11/12/2025 12:50,5212.68
11/12/2025 12:55,5087.24
11/12/2025 13:00,5050.27
11/12/2025 13:05,5027.28
11/12/2025 13:10,5196.11
11/12/2025 13:15,5040.99
11/12/2025 13:20,5202.95
11/12/2025 13:25,4837.53
11/12/2025 13:30,5017.39
11/12/2025 13:35,5075.47
11/12/2025 13:40,5153.06
11/12/2025 13:45,5222.78
11/12/2025 13:50,5148.63
11/12/2025 13:55,4822.84
11/12/2025 14:00,5346.23
11/12/2025 14:05,5212.06
11/12/2025 14:10,4962.94
11/12/2025 14:15,5068.38
11/12/2025 14:20,5067.81
11/12/2025 14:25,5175.11
11/12/2025 14:30,4961.61
11/12/2025 14:35,5113.44
11/12/2025 14:40,5048.2
11/12/2025 14:45,5175.51
11/12/2025 14:50,5140.82
11/12/2025 14:55,5131.1
11/12/2025 15:00,4886.78
11/12/2025 15:05,4967.68
11/12/2025 15:10,5022.81
11/12/2025 15:15,5080.77
11/12/2025 15:20,4944.28
11/12/2025 15:25,4889.03
11/12/2025 15:30,5276.26
11/12/2025 15:35,5331.78
11/12/2025 15:40,5207.64
11/12/2025 15:45,5071.93
11/12/2025 15:50,5109.7
11/12/2025 15:55,5159.31
11/12/2025 16:00,5764.51
11/12/2025 16:05,5324.32
11/12/2025 16:10,5635.64
11/12/2025 16:15,5547.26
11/12/2025 16:20,5009.23
11/12/2025 16:25,5483.56
11/12/2025 16:30,5551.78
11/12/2025 16:35,5382.06
11/12/2025 16:40,5407.05
11/12/2025 16:45,5790.81
11/12/2025 16:50,5560.58
11/12/2025 16:55,5637.27
11/12/2025 17:00,5843.6
11/12/2025 17:05,5560.24
11/12/2025 17:10,5610.94
11/12/2025 17:15,5534.63
11/12/2025 17:20,5853.44
11/12/2025 17:25,5912.44
11/12/2025 17:30,5897.64
11/12/2025 17:35,5695.53
11/12/2025 17:40,6032.55
11/12/2025 17:45,5627.84
11/12/2025 17:50,5958.67
11/12/2025 17:55,5912.06
11/12/2025 18:00,6184.96
11/12/2025 18:05,5920.02
11/12/2025 18:10,6116.92
11/12/2025 18:15,6254.76
11/12/2025 18:20,6338.33
11/12/2025 18:25,6182.81
11/12/2025 18:30,6322.72
11/12/2025 18:35,5981.49
11/12/2025 18:40,6092.13
11/12/2025 18:45,5887.31
11/12/2025 18:50,5967.75
11/12/2025 18:55,6304.58
11/12/2025 19:00,6141.09
11/12/2025 19:05,6124.62
11/12/2025 19:10,6064.16
11/12/2025 19:15,6467.35
11/12/2025 19:20,6188.88
11/12/2025 19:25,6221.36
11/12/2025 19:30,6386.34
11/12/2025 19:35,6259.01
11/12/2025 19:40,6428.93
11/12/2025 19:45,6362.97
11/12/2025 19:50,6558.65
11/12/2025 19:55,6318.9
11/12/2025 20:00,6465.93
11/12/2025 20:05,6463.54
11/12/2025 20:10,6311.11
11/12/2025 20:15,6314.21
11/12/2025 20:20,6282.98
11/12/2025 20:25,6252.08
11/12/2025 20:30,6286.19
11/12/2025 20:35,6211.39
11/12/2025 20:40,6475.26
11/12/2025 20:45,6469.91
11/12/2025 20:50,6381.68
11/12/2025 20:55,6186.12
11/12/2025 21:00,6186.43
11/12/2025 21:05,6259.47
11/12/2025 21:10,6156.26
11/12/2025 21:15,6151.85
11/12/2025 21:20,6330.93
11/12/2025 21:25,6142.43
11/12/2025 21:30,5895.5
11/12/2025 21:35,6214.98
11/12/2025 21:40,5970.52
11/12/2025 21:45,5924.55
11/12/2025 21:50,6233.13
11/12/2025 21:55,6163.15
11/12/2025 22:00,5513.48
11/12/2025 22:05,5515.29
11/12/2025 22:10,5596.75
11/12/2025 22:15,5656.25
11/12/2025 22:20,5303.27
11/12/2025 22:25,5312.79
11/12/2025 22:30,5469.61
11/12/2025 22:35,5445.27
11/12/2025 22:40,5473.75
11/12/2025 22:45,5317.63
11/12/2025 22:50,5112.12
11/12/2025 22:55,5147.05
11/12/2025 23:00,5163.68
11/12/2025 23:05,5373.9
11/12/2025 23:10,5148.42
11/12/2025 23:15,5227.3
11/12/2025 23:20,5098.16
11/12/2025 23:25,5360.47
11/12/2025 23:30,5352.84
11/12/2025 23:35,5044.28
11/12/2025 23:40,4953.68
11/12/2025 23:45,4856.8
11/12/2025 23:50,4819.02
11/12/2025 23:55,4601.92
12/12/2025 00:00,5145.94
12/12/2025 00:05,5243.77
12/12/2025 00:10,5235.57
12/12/2025 00:15,5205.24
12/12/2025 00:20,5148.21
12/12/2025 00:25,5290.09
12/12/2025 00:30,5372.7
12/12/2025 00:35,5096.09
12/12/2025 00:40,5344.25
12/12/2025 00:45,5299.57
12/12/2025 00:50,5283.33
12/12/2025 00:55,5317.11
12/12/2025 01:00,5016.7
12/12/2025 01:05,5424.74
12/12/2025 01:10,5342.89
12/12/2025 01:15,5011.49
12/12/2025 01:20,5051.18
12/12/2025 01:25,5166.86
12/12/2025 01:30,5243.73
12/12/2025 01:35,5199.23
12/12/2025 01:40,5252.39
12/12/2025 01:45,5096.45
12/12/2025 01:50,5310.46
12/12/2025 01:55,5141.8
12/12/2025 02:00,3880.67
12/12/2025 02:05,3336.31
12/12/2025 02:10,3654.28
12/12/2025 02:15,3838.18
12/12/2025 02:20,3637.68
12/12/2025 02:25,3941.79
12/12/2025 02:30,3865.21
12/12/2025 02:35,3872.26
12/12/2025 02:40,3557.61
12/12/2025 02:45,3972.15
12/12/2025 02:50,4111.09
12/12/2025 02:55,3637.49
12/12/2025 03:00,4002.41
12/12/2025 03:05,3917.72
12/12/2025 03:10,3823.3
12/12/2025 03:15,3798.56
12/12/2025 03:20,3869.88
12/12/2025 03:25,3493.82
12/12/2025 03:30,4020.5
12/12/2025 03:35,3781.19
12/12/2025 03:40,3760.7
12/12/2025 03:45,3831.19
12/12/2025 03:50,3606.49
12/12/2025 03:55,3786.33
12/12/2025 04:00,3689.34
12/12/2025 04:05,4050.13
12/12/2025 04:10,3811.97
12/12/2025 04:15,3909.81
12/12/2025 04:20,3723.78
12/12/2025 04:25,3727.63
12/12/2025 04:30,3904.42
12/12/2025 04:35,4294.13
12/12/2025 04:40,3969.84
12/12/2025 04:45,3837.29
12/12/2025 04:50,3858.89
12/12/2025 04:55,3803.54
12/12/2025 05:00,3919.85
12/12/2025 05:05,4187.14
12/12/2025 05:10,4339.25
12/12/2025 05:15,4611.78
12/12/2025 05:20,4383.58
12/12/2025 05:25,4559.73
12/12/2025 05:30,4505.58
12/12/2025 05:35,4301.48
12/12/2025 05:40,4422.86
12/12/2025 05:45,4335.08
12/12/2025 05:50,4516.05
12/12/2025 05:55,4496.87
12/12/2025 06:00,4348.87
12/12/2025 06:05,4549.98
12/12/2025 06:10,4747.58
12/12/2025 06:15,4508.76
12/12/2025 06:20,4468.12
12/12/2025 06:25,4791.04
12/12/2025 06:30,4369.98
12/12/2025 06:35,4430.26
12/12/2025 06:40,4787.28
12/12/2025 06:45,4662.16
12/12/2025 06:50,4436.1
12/12/2025 06:55,4810.01
12/12/2025 07:00,4779.38
12/12/2025 07:05,4937.04
12/12/2025 07:10,4614.12
12/12/2025 07:15,4633.51
12/12/2025 07:20,4930.38
12/12/2025 07:25,4793.32
12/12/2025 07:30,4988.63
12/12/2025 07:35,4801.06
12/12/2025 07:40,4804.22
12/12/2025 07:45,4823.81
12/12/2025 07:50,5001.1
12/12/2025 07:55,4859.79
12/12/2025 08:00,4882.55
12/12/2025 08:05,4932.56
12/12/2025 08:10,4563.72
12/12/2025 08:15,5258.15
12/12/2025 08:20,4871.71
12/12/2025 08:25,5159.29
12/12/2025 08:30,5030.42
12/12/2025 08:35,5125.36
12/12/2025 08:40,5009.99
12/12/2025 08:45,5140.23
12/12/2025 08:50,4944.88
12/12/2025 08:55,4890.22
12/12/2025 09:00,5858.17
12/12/2025 09:05,5626.5
12/12/2025 09:10,5622.5
12/12/2025 09:15,5364.48
12/12/2025 09:20,5946.03
12/12/2025 09:25,5650.05
12/12/2025 09:30,5475.75
12/12/2025 09:35,5754.1
12/12/2025 09:40,5977.85
12/12/2025 09:45,5663.13
12/12/2025 09:50,5562.11
12/12/2025 09:55,6013.28
12/12/2025 10:00,5999.99
12/12/2025 10:05,5683.18
12/12/2025 10:10,5591.89
12/12/2025 10:15,5978.81
12/12/2025 10:20,6049.79
12/12/2025 10:25,5945.53
12/12/2025 10:30,5656.63
12/12/2025 10:35,5788.11
12/12/2025 10:40,5696.21
12/12/2025 10:45,5877.05
12/12/2025 10:50,5943.69
12/12/2025 10:55,5978.83
12/12/2025 11:00,5887.04
12/12/2025 11:05,5845.25
12/12/2025 11:10,5390.58
12/12/2025 11:15,5891.72
12/12/2025 11:20,5481.27
12/12/2025 11:25,5579.53
12/12/2025 11:30,5525.77
12/12/2025 11:35,5716.33
12/12/2025 11:40,5712.61
12/12/2025 11:45,5376.11
12/12/2025 11:50,5861.71
12/12/2025 11:55,5816.15
12/12/2025 12:00,5240.82
12/12/2025 12:05,5314.86
12/12/2025 12:10,5343.72
12/12/2025 12:15,5366.09
12/12/2025 12:20,5421.31
12/12/2025 12:25,5333.02
12/12/2025 12:30,5140.93
12/12/2025 12:35,5385.5
12/12/2025 12:40,5126.62
12/12/2025 12:45,5172.06
12/12/2025 12:50,5279.31
12/12/2025 12:55,5204.39
12/12/2025 13:00,4682.55
12/12/2025 13:05,5088.97
12/12/2025 13:10,4895.57
12/12/2025 13:15,5024.43
12/12/2025 13:20,5133.96
12/12/2025 13:25,5146.45
12/12/2025 13:30,5329.33
12/12/2025 13:35,5111.33
12/12/2025 13:40,5460.87
12/12/2025 13:45,5352.35
12/12/2025 13:50,5156.91
12/12/2025 13:55,4854.63
12/12/2025 14:00,4930.55
12/12/2025 14:05,5194.42
12/12/2025 14:10,5391.82
12/12/2025 14:15,5102.56
12/12/2025 14:20,5102.83
12/12/2025 14:25,4898.52
12/12/2025 14:30,4945.49
12/12/2025 14:35,5025.44
12/12/2025 14:40,4736.42
12/12/2025 14:45,5169.4
12/12/2025 14:50,5221.72
12/12/2025 14:55,5168.13
12/12/2025 15:00,5017.09
12/12/2025 15:05,5089.97
12/12/2025 15:10,5056.94
12/12/2025 15:15,5007.17
12/12/2025 15:20,5002.46
12/12/2025 15:25,5237.62
12/12/2025 15:30,5281.09
12/12/2025 15:35,5426.69
12/12/2025 15:40,5160.36
12/12/2025 15:45,5413.01
12/12/2025 15:50,5343.73
12/12/2025 15:55,5363.38
12/12/2025 16:00,5415.35
12/12/2025 16:05,5460.84
12/12/2025 16:10,5510.69
12/12/2025 16:15,5448.96
12/12/2025 16:20,5244.78
12/12/2025 16:25,5343.43
12/12/2025 16:30,5328.19
12/12/2025 16:35,5500.5
12/12/2025 16:40,5657.59
12/12/2025 16:45,5581.51
12/12/2025 16:50,5569.72
12/12/2025 16:55,5632.59
12/12/2025 17:00,5669.37
12/12/2025 17:05,5586.06
12/12/2025 17:10,5481.1
12/12/2025 17:15,5305.34
12/12/2025 17:20,5433.88
12/12/2025 17:25,5826.81
12/12/2025 17:30,5826.58
12/12/2025 17:35,5648.2
12/12/2025 17:40,5985.22
12/12/2025 17:45,5531.62
12/12/2025 17:50,6114.64
12/12/2025 17:55,5739.09
12/12/2025 18:00,6032.73
12/12/2025 18:05,5981.51
12/12/2025 18:10,6066.38
12/12/2025 18:15,6437.21
12/12/2025 18:20,6230.96
12/12/2025 18:25,6081.7
12/12/2025 18:30,6186.48
12/12/2025 18:35,6252.25
12/12/2025 18:40,5869.28
12/12/2025 18:45,6019.99
12/12/2025 18:50,6200.99
12/12/2025 18:55,6219.73
12/12/2025 19:00,6282.78
12/12/2025 19:05,6266.08
12/12/2025 19:10,6161.21
12/12/2025 19:15,6254.91
12/12/2025 19:20,6066.48
12/12/2025 19:25,6130.83
12/12/2025 19:30,6496.7
12/12/2025 19:35,6122.22
12/12/2025 19:40,6378.06
12/12/2025 19:45,6362.58
12/12/2025 19:50,6167.18
12/12/2025 19:55,6321.58
12/12/2025 20:00,6392.97
12/12/2025 20:05,6186.63
12/12/2025 20:10,6251.46
12/12/2025 20:15,6258.29
12/12/2025 20:20,6146.51
12/12/2025 20:25,6475.24
12/12/2025 20:30,6415.93
12/12/2025 20:35,6322.0
12/12/2025 20:40,6187.91
12/12/2025 20:45,6144.93
12/12/2025 20:50,6181.13
12/12/2025 20:55,6122.08
12/12/2025 21:00,6037.71
12/12/2025 21:05,6302.22
12/12/2025 21:10,5823.25
12/12/2025 21:15,6138.22
12/12/2025 21:20,6057.4
12/12/2025 21:25,6246.28
12/12/2025 21:30,6363.21
12/12/2025 21:35,5914.86
12/12/2025 21:40,5979.81
12/12/2025 21:45,5964.39
12/12/2025 21:50,5901.71
12/12/2025 21:55,6155.72
12/12/2025 22:00,5607.01
12/12/2025 22:05,5439.02
12/12/2025 22:10,5628.11
12/12/2025 22:15,5533.53
12/12/2025 22:20,5664.48
12/12/2025 22:25,5233.78
12/12/2025 22:30,5552.83
12/12/2025 22:35,5252.24
12/12/2025 22:40,5167.61
12/12/2025 22:45,5226.08
12/12/2025 22:50,5211.64
12/12/2025 22:55,5172.33
12/12/2025 23:00,5275.94
12/12/2025 23:05,5138.24
12/12/2025 23:10,5078.74
12/12/2025 23:15,5054.17
12/12/2025 23:20,5116.59
12/12/2025 23:25,5086.01
12/12/2025 23:30,4946.72
12/12/2025 23:35,4809.65
12/12/2025 23:40,4621.9
12/12/2025 23:45,5210.19
12/12/2025 23:50,4879.49
12/12/2025 23:55,4764.39
13/12/2025 00:00,4686.46
13/12/2025 00:05,4810.16
13/12/2025 00:10,4685.07
13/12/2025 00:15,4533.0
13/12/2025 00:20,5038.89
13/12/2025 00:25,4874.62
13/12/2025 00:30,4727.88
13/12/2025 00:35,4940.36
13/12/2025 00:40,4819.57
13/12/2025 00:45,4899.66
13/12/2025 00:50,4712.91
13/12/2025 00:55,4952.97
13/12/2025 01:00,4752.44
13/12/2025 01:05,4725.53
13/12/2025 01:10,5063.69
13/12/2025 01:15,4815.17
13/12/2025 01:20,4950.88
13/12/2025 01:25,5036.32
13/12/2025 01:30,4922.89
13/12/2025 01:35,4852.44
13/12/2025 01:40,4903.5
13/12/2025 01:45,4767.83
13/12/2025 01:50,4997.15
13/12/2025 01:55,4842.97
13/12/2025 02:00,3474.95
13/12/2025 02:05,3551.7
13/12/2025 02:10,3396.71
13/12/2025 02:15,3388.72
13/12/2025 02:20,3118.75
13/12/2025 02:25,3485.32
13/12/2025 02:30,3427.16
13/12/2025 02:35,3664.73
13/12/2025 02:40,3268.77
13/12/2025 02:45,3442.24
13/12/2025 02:50,3380.12
13/12/2025 02:55,3295.74
13/12/2025 03:00,3110.82
13/12/2025 03:05,3384.95
13/12/2025 03:10,3283.59
13/12/2025 03:15,3250.12
13/12/2025 03:20,3153.3
13/12/2025 03:25,3524.41
13/12/2025 03:30,2950.21
13/12/2025 03:35,3355.33
13/12/2025 03:40,3248.11
13/12/2025 03:45,3470.51
13/12/2025 03:50,3621.08
13/12/2025 03:55,3527.59
13/12/2025 04:00,3553.36
13/12/2025 04:05,3354.56
13/12/2025 04:10,3229.18
13/12/2025 04:15,2911.48
13/12/2025 04:20,3490.69
13/12/2025 04:25,3399.03
13/12/2025 04:30,3486.33
13/12/2025 04:35,3482.89
13/12/2025 04:40,3396.66
13/12/2025 04:45,3222.55
13/12/2025 04:50,3286.71
13/12/2025 04:55,3267.9
13/12/2025 05:00,3943.59
13/12/2025 05:05,3745.14
13/12/2025 05:10,4057.38
13/12/2025 05:15,4318.97
13/12/2025 05:20,3917.63
13/12/2025 05:25,3840.45
13/12/2025 05:30,3957.38
13/12/2025 05:35,4251.6
13/12/2025 05:40,3943.13
13/12/2025 05:45,4294.75
13/12/2025 05:50,4101.26
13/12/2025 05:55,4074.55
13/12/2025 06:00,3966.06
13/12/2025 06:05,4119.11
13/12/2025 06:10,4008.49
13/12/2025 06:15,4149.64
13/12/2025 06:20,4211.03
13/12/2025 06:25,4022.08
13/12/2025 06:30,4140.09
13/12/2025 06:35,4201.44
13/12/2025 06:40,4220.19
13/12/2025 06:45,4463.76
13/12/2025 06:50,4265.28
13/12/2025 06:55,4308.81
13/12/2025 07:00,4211.1
13/12/2025 07:05,4353.51
13/12/2025 07:10,4492.91
13/12/2025 07:15,4321.4
13/12/2025 07:20,4562.79
13/12/2025 07:25,4392.56
13/12/2025 07:30,4545.97
13/12/2025 07:35,4563.05
13/12/2025 07:40,4377.39
13/12/2025 07:45,4409.82
13/12/2025 07:50,4392.1
13/12/2025 07:55,4747.16
13/12/2025 08:00,4756.33
13/12/2025 08:05,4601.15
13/12/2025 08:10,4233.35
13/12/2025 08:15,4740.72
13/12/2025 08:20,4703.24
13/12/2025 08:25,4607.86
13/12/2025 08:30,4762.06
13/12/2025 08:35,4573.08
13/12/2025 08:40,4736.05
13/12/2025 08:45,4425.65
13/12/2025 08:50,4766.97
13/12/2025 08:55,4837.95
13/12/2025 09:00,5210.52
13/12/2025 09:05,5149.89
13/12/2025 09:10,5123.49
13/12/2025 09:15,5016.83
13/12/2025 09:20,5153.6
13/12/2025 09:25,5363.83
13/12/2025 09:30,5431.39
13/12/2025 09:35,5284.33
13/12/2025 09:40,5364.04
13/12/2025 09:45,5243.82
13/12/2025 09:50,5365.82
13/12/2025 09:55,5404.08
13/12/2025 10:00,5204.52
13/12/2025 10:05,5387.44
13/12/2025 10:10,5349.74
13/12/2025 10:15,5155.4
13/12/2025 10:20,5348.8
13/12/2025 10:25,5594.5
13/12/2025 10:30,5630.99
13/12/2025 10:35,5685.98
13/12/2025 10:40,5590.57
13/12/2025 10:45,5473.17
13/12/2025 10:50,5023.51
13/12/2025 10:55,5429.03
13/12/2025 11:00,5392.46
13/12/2025 11:05,5240.43
13/12/2025 11:10,5276.85
13/12/2025 11:15,5199.99
13/12/2025 11:20,5404.11
13/12/2025 11:25,5208.18
13/12/2025 11:30,5127.86
13/12/2025 11:35,5463.73
13/12/2025 11:40,5468.87
13/12/2025 11:45,5226.91
13/12/2025 11:50,5271.94
13/12/2025 11:55,5020.76
13/12/2025 12:00,4842.3
13/12/2025 12:05,4638.59
13/12/2025 12:10,5090.58
13/12/2025 12:15,5004.98
13/12/2025 12:20,5228.82
13/12/2025 12:25,4628.03
13/12/2025 12:30,5090.3
13/12/2025 12:35,4770.2
13/12/2025 12:40,4736.91
13/12/2025 12:45,4911.92
13/12/2025 12:50,5068.46
13/12/2025 12:55,4853.15
13/12/2025 13:00,4690.39
13/12/2025 13:05,4900.26
13/12/2025 13:10,4802.65
13/12/2025 13:15,4937.49
13/12/2025 13:20,4764.79
13/12/2025 13:25,4767.96
13/12/2025 13:30,4638.52
13/12/2025 13:35,4743.73
13/12/2025 13:40,4691.58
13/12/2025 13:45,4508.99
13/12/2025 13:50,4543.44
13/12/2025 13:55,4689.0
13/12/2025 14:00,4635.81
13/12/2025 14:05,4585.76
13/12/2025 14:10,4645.68
13/12/2025 14:15,4347.34
13/12/2025 14:20,4581.59
13/12/2025 14:25,4439.27
13/12/2025 14:30,4782.06
13/12/2025 14:35,4522.02
13/12/2025 14:40,4761.92
13/12/2025 14:45,4700.87
13/12/2025 14:50,4619.41
13/12/2025 14:55,4468.57
13/12/2025 15:00,4683.86
13/12/2025 15:05,4520.32
13/12/2025 15:10,4591.49
13/12/2025 15:15,4853.53
13/12/2025 15:20,4680.84
13/12/2025 15:25,4620.07
13/12/2025 15:30,4470.72
13/12/2025 15:35,4606.29
13/12/2025 15:40,4751.62
13/12/2025 15:45,5000.48
13/12/2025 15:50,4631.79
13/12/2025 15:55,4744.03
13/12/2025 16:00,4923.7
13/12/2025 16:05,4825.9
13/12/2025 16:10,4934.87
13/12/2025 16:15,4987.64
13/12/2025 16:20,5168.8
13/12/2025 16:25,5067.62
13/12/2025 16:30,5090.72
13/12/2025 16:35,5204.46
13/12/2025 16:40,5142.77
13/12/2025 16:45,4992.38
13/12/2025 16:50,5217.97
13/12/2025 16:55,5289.66
13/12/2025 17:00,5106.8
13/12/2025 17:05,5148.75
13/12/2025 17:10,5418.44
13/12/2025 17:15,5263.97
13/12/2025 17:20,5674.47
13/12/2025 17:25,5354.04
13/12/2025 17:30,5389.95
13/12/2025 17:35,5311.92
13/12/2025 17:40,5648.53
13/12/2025 17:45,5562.68
13/12/2025 17:50,5547.78
13/12/2025 17:55,5031.91
13/12/2025 18:00,5385.11
13/12/2025 18:05,5463.19
13/12/2025 18:10,5756.06
13/12/2025 18:15,5679.26
13/12/2025 18:20,5640.93
13/12/2025 18:25,5845.15
13/12/2025 18:30,5700.75
13/12/2025 18:35,5985.49
13/12/2025 18:40,5853.37
13/12/2025 18:45,5798.94
13/12/2025 18:50,5872.49
13/12/2025 18:55,5593.0
13/12/2025 19:00,5657.21
13/12/2025 19:05,5938.95
13/12/2025 19:10,5802.87
13/12/2025 19:15,5663.39
13/12/2025 19:20,5931.4
13/12/2025 19:25,5932.51
13/12/2025 19:30,6091.14
13/12/2025 19:35,5909.42
13/12/2025 19:40,6037.38
13/12/2025 19:45,6089.77
13/12/2025 19:50,5812.02
13/12/2025 19:55,6064.1
13/12/2025 20:00,5825.38
13/12/2025 20:05,6010.1
13/12/2025 20:10,5935.88
13/12/2025 20:15,5953.66
13/12/2025 20:20,6037.16
13/12/2025 20:25,6025.53
13/12/2025 20:30,5849.89
13/12/2025 20:35,5791.23
13/12/2025 20:40,6147.04
13/12/2025 20:45,5919.04
13/12/2025 20:50,5675.7
13/12/2025 20:55,5581.5
13/12/2025 21:00,5908.21
13/12/2025 21:05,5836.02
13/12/2025 21:10,5771.83
13/12/2025 21:15,5781.4
13/12/2025 21:20,5856.6
13/12/2025 21:25,5681.25
13/12/2025 21:30,5674.81
13/12/2025 21:35,5786.36
13/12/2025 21:40,5911.21
13/12/2025 21:45,5635.91
13/12/2025 21:50,5715.21
13/12/2025 21:55,5442.04
13/12/2025 22:00,5413.44
13/12/2025 22:05,5235.2
13/12/2025 22:10,5100.46
13/12/2025 22:15,4863.83
13/12/2025 22:20,5228.38
13/12/2025 22:25,4916.3
13/12/2025 22:30,4835.61
13/12/2025 22:35,5071.84
13/12/2025 22:40,5071.99
13/12/2025 22:45,4683.46
13/12/2025 22:50,4847.83
13/12/2025 22:55,4610.55
13/12/2025 23:00,4715.52
13/12/2025 23:05,4892.63
13/12/2025 23:10,4708.65
13/12/2025 23:15,4808.47
13/12/2025 23:20,4779.84
13/12/2025 23:25,4662.69
13/12/2025 23:30,4600.24
13/12/2025 23:35,4427.81
13/12/2025 23:40,4327.4
13/12/2025 23:45,4450.85
13/12/2025 23:50,4355.93
13/12/2025 23:55,4127.59
14/12/2025 00:00,4755.1
14/12/2025 00:05,4669.21
14/12/2025 00:10,5074.19
14/12/2025 00:15,4986.19
14/12/2025 00:20,4873.58
14/12/2025 00:25,4462.63
14/12/2025 00:30,4836.46
14/12/2025 00:35,4559.14
14/12/2025 00:40,4783.94
14/12/2025 00:45,4911.27
14/12/2025 00:50,4685.66
14/12/2025 00:55,4861.87
14/12/2025 01:00,4787.01
14/12/2025 01:05,4823.28
14/12/2025 01:10,4681.6
14/12/2025 01:15,4768.04
14/12/2025 01:20,4748.83
14/12/2025 01:25,4964.57
14/12/2025 01:30,4970.18
14/12/2025 01:35,4689.66
14/12/2025 01:40,4742.95
14/12/2025 01:45,4609.16
14/12/2025 01:50,4868.01
14/12/2025 01:55,4499.03
14/12/2025 02:00,3398.55
14/12/2025 02:05,3656.1
14/12/2025 02:10,3367.59
14/12/2025 02:15,3374.82
14/12/2025 02:20,3284.92
14/12/2025 02:25,3254.84
14/12/2025 02:30,3440.0
14/12/2025 02:35,3873.21
14/12/2025 02:40,3523.09
14/12/2025 02:45,3565.58
14/12/2025 02:50,3504.09
14/12/2025 02:55,3340.97
14/12/2025 03:00,3411.32
14/12/2025 03:05,3403.18
14/12/2025 03:10,3318.84
14/12/2025 03:15,3290.43
14/12/2025 03:20,3528.78
14/12/2025 03:25,3424.71
14/12/2025 03:30,3381.6
14/12/2025 03:35,3518.14
14/12/2025 03:40,3651.79
14/12/2025 03:45,3406.98
14/12/2025 03:50,3348.87
14/12/2025 03:55,3421.4
14/12/2025 04:00,3327.58
14/12/2025 04:05,3491.74
14/12/2025 04:10,3490.08
14/12/2025 04:15,3445.16
14/12/2025 04:20,3498.06
14/12/2025 04:25,3451.27
14/12/2025 04:30,3609.88
14/12/2025 04:35,3488.3
14/12/2025 04:40,3453.56
14/12/2025 04:45,3565.13
14/12/2025 04:50,3591.45
14/12/2025 04:55,3584.68
14/12/2025 05:00,3730.27
14/12/2025 05:05,3963.98
14/12/2025 05:10,3977.0
14/12/2025 05:15,4090.97
14/12/2025 05:20,4006.34
14/12/2025 05:25,4227.98
14/12/2025 05:30,4050.85
14/12/2025 05:35,4045.15
14/12/2025 05:40,4068.9
14/12/2025 05:45,4241.77
14/12/2025 05:50,3938.52
14/12/2025 05:55,3831.06
14/12/2025 06:00,4140.48
14/12/2025 06:05,4306.62
14/12/2025 06:10,4307.0
14/12/2025 06:15,4036.74
14/12/2025 06:20,4390.24
14/12/2025 06:25,4437.17
14/12/2025 06:30,4171.59
14/12/2025 06:35,4088.9
14/12/2025 06:40,4230.91
14/12/2025 06:45,4069.0
14/12/2025 06:50,4043.59
14/12/2025 06:55,4169.05
14/12/2025 07:00,4270.54
14/12/2025 07:05,4352.46
14/12/2025 07:10,4442.95
14/12/2025 07:15,4403.29
14/12/2025 07:20,4389.32
14/12/2025 07:25,4390.22
14/12/2025 07:30,4512.58
14/12/2025 07:35,4315.95
14/12/2025 07:40,4594.17
14/12/2025 07:45,4485.2
14/12/2025 07:50,4391.8
14/12/2025 07:55,4566.17
14/12/2025 08:00,4290.12
14/12/2025 08:05,4568.44
14/12/2025 08:10,4402.81
14/12/2025 08:15,4622.98
14/12/2025 08:20,4507.37
14/12/2025 08:25,4547.82
14/12/2025 08:30,4644.96
14/12/2025 08:35,4528.04
14/12/2025 08:40,4485.7
14/12/2025 08:45,4548.85
14/12/2025 08:50,4798.92
14/12/2025 08:55,4639.85
14/12/2025 09:00,5194.82
14/12/2025 09:05,5229.01
14/12/2025 09:10,5354.77
14/12/2025 09:15,5403.33
14/12/2025 09:20,5503.46
14/12/2025 09:25,5048.5
14/12/2025 09:30,5444.95
14/12/2025 09:35,5468.68
14/12/2025 09:40,5305.74
14/12/2025 09:45,5498.6
14/12/2025 09:50,5307.66
14/12/2025 09:55,5153.17
14/12/2025 10:00,5551.61
14/12/2025 10:05,5389.27
14/12/2025 10:10,5427.67
14/12/2025 10:15,5230.3
14/12/2025 10:20,5526.37
14/12/2025 10:25,5384.87
14/12/2025 10:30,5464.67
14/12/2025 10:35,5546.1
14/12/2025 10:40,5486.97
14/12/2025 10:45,5384.77
14/12/2025 10:50,5349.58
14/12/2025 10:55,5321.44
14/12/2025 11:00,5373.93
14/12/2025 11:05,5381.4
14/12/2025 11:10,5040.34
14/12/2025 11:15,4991.7
14/12/2025 11:20,5492.73
14/12/2025 11:25,5205.08
14/12/2025 11:30,5410.13
14/12/2025 11:35,5696.96
14/12/2025 11:40,5165.34
14/12/2025 11:45,5365.16
14/12/2025 11:50,5119.18
14/12/2025 11:55,5423.77
14/12/2025 12:00,4807.09
14/12/2025 12:05,4711.04
14/12/2025 12:10,4618.96
14/12/2025 12:15,4901.94
14/12/2025 12:20,5151.86
14/12/2025 12:25,4733.41
14/12/2025 12:30,4889.43
14/12/2025 12:35,4930.45
14/12/2025 12:40,4584.23
14/12/2025 12:45,4682.1
14/12/2025 12:50,4801.21
14/12/2025 12:55,4913.89
14/12/2025 13:00,4838.76
14/12/2025 13:05,4739.35
14/12/2025 13:10,4616.65
14/12/2025 13:15,4821.62
14/12/2025 13:20,4988.69
14/12/2025 13:25,4644.18
14/12/2025 13:30,4734.13
14/12/2025 13:35,4661.61
14/12/2025 13:40,4412.78
14/12/2025 13:45,4716.59
14/12/2025 13:50,4820.02
14/12/2025 13:55,4522.56
14/12/2025 14:00,4817.07
14/12/2025 14:05,4327.91
14/12/2025 14:10,4593.46
14/12/2025 14:15,4717.21
14/12/2025 14:20,4766.86
14/12/2025 14:25,4574.14
14/12/2025 14:30,4996.78
14/12/2025 14:35,4677.99
14/12/2025 14:40,4449.71
14/12/2025 14:45,4538.38
14/12/2025 14:50,4726.34
14/12/2025 14:55,4609.79
14/12/2025 15:00,4243.32
14/12/2025 15:05,4423.03
14/12/2025 15:10,4628.2
14/12/2025 15:15,4587.35
14/12/2025 15:20,4742.05
14/12/2025 15:25,4876.35
14/12/2025 15:30,4684.95
14/12/2025 15:35,4959.96
14/12/2025 15:40,4976.98
14/12/2025 15:45,4783.4
14/12/2025 15:50,4779.3
14/12/2025 15:55,4916.41
14/12/2025 16:00,4840.36
14/12/2025 16:05,4711.33
14/12/2025 16:10,4886.32
14/12/2025 16:15,4930.42
14/12/2025 16:20,5096.91
14/12/2025 16:25,4767.45
14/12/2025 16:30,5124.68
14/12/2025 16:35,4832.49
14/12/2025 16:40,5114.24
14/12/2025 16:45,4966.95
14/12/2025 16:50,5112.87
14/12/2025 16:55,5447.08
14/12/2025 17:00,5266.69
14/12/2025 17:05,5155.13
14/12/2025 17:10,5089.36
14/12/2025 17:15,5317.64
14/12/2025 17:20,5605.97
14/12/2025 17:25,5407.65
14/12/2025 17:30,5407.26
14/12/2025 17:35,5413.64
14/12/2025 17:40,5518.43
14/12/2025 17:45,5418.95
14/12/2025 17:50,5482.94
14/12/2025 17:55,5382.78
14/12/2025 18:00,5767.29
14/12/2025 18:05,5432.89
14/12/2025 18:10,5619.3
14/12/2025 18:15,5830.9
14/12/2025 18:20,5817.8
14/12/2025 18:25,5824.91
14/12/2025 18:30,5835.81
14/12/2025 18:35,5665.41
14/12/2025 18:40,5830.1
14/12/2025 18:45,5769.42
14/12/2025 18:50,5834.51
14/12/2025 18:55,5885.83
14/12/2025 19:00,5757.4
14/12/2025 19:05,5802.34
14/12/2025 19:10,5593.69
14/12/2025 19:15,5936.37
14/12/2025 19:20,5627.28
14/12/2025 19:25,5922.27
14/12/2025 19:30,5725.39
14/12/2025 19:35,5766.34
14/12/2025 19:40,5811.74
14/12/2025 19:45,5920.33
14/12/2025 19:50,5888.97
14/12/2025 19:55,5623.36
14/12/2025 20:00,5967.36
14/12/2025 20:05,6014.66
14/12/2025 20:10,5804.89
14/12/2025 20:15,6206.48
14/12/2025 20:20,5797.01
14/12/2025 20:25,6113.06
14/12/2025 20:30,5579.88
14/12/2025 20:35,6168.12
14/12/2025 20:40,5864.89
14/12/2025 20:45,5767.08
14/12/2025 20:50,5856.82
14/12/2025 20:55,5926.39
14/12/2025 21:00,5667.38
14/12/2025 21:05,5601.01
14/12/2025 21:10,5941.37
14/12/2025 21:15,5753.45
14/12/2025 21:20,5716.08
14/12/2025 21:25,6072.96
14/12/2025 21:30,5580.85
14/12/2025 21:35,5568.89
14/12/2025 21:40,5553.92
14/12/2025 21:45,5620.74
14/12/2025 21:50,5557.39
14/12/2025 21:55,5585.16
14/12/2025 22:00,5181.22
14/12/2025 22:05,5150.85
14/12/2025 22:10,5318.85
14/12/2025 22:15,5132.83
14/12/2025 22:20,5286.48
14/12/2025 22:25,5262.72
14/12/2025 22:30,5112.25
14/12/2025 22:35,4829.1
14/12/2025 22:40,5102.77
14/12/2025 22:45,4997.87
14/12/2025 22:50,4516.22
14/12/2025 22:55,4847.97
14/12/2025 23:00,4787.91
14/12/2025 23:05,5065.36
14/12/2025 23:10,4491.73
14/12/2025 23:15,4739.49
14/12/2025 23:20,4824.29
14/12/2025 23:25,4682.48
14/12/2025 23:30,4706.93
14/12/2025 23:35,4396.47
14/12/2025 23:40,4605.48
14/12/2025 23:45,4643.8
14/12/2025 23:50,4377.2
14/12/2025 23:55,4151.64
15/12/2025 00:00,5094.61
15/12/2025 00:05,5408.34
15/12/2025 00:10,5322.23
15/12/2025 00:15,5282.42
15/12/2025 00:20,5269.25
15/12/2025 00:25,5233.11
15/12/2025 00:30,4952.06
15/12/2025 00:35,5337.47
15/12/2025 00:40,5221.49
15/12/2025 00:45,5214.6
15/12/2025 00:50,5394.22
15/12/2025 00:55,5412.5
15/12/2025 01:00,5231.5
15/12/2025 01:05,4953.89
15/12/2025 01:10,5373.81
15/12/2025 01:15,5319.5
15/12/2025 01:20,5096.31
15/12/2025 01:25,5215.75
15/12/2025 01:30,5263.95
15/12/2025 01:35,5310.72
15/12/2025 01:40,5161.95
15/12/2025 01:45,5066.91
15/12/2025 01:50,5299.64
15/12/2025 01:55,5199.47
15/12/2025 02:00,3686.67
15/12/2025 02:05,3613.41
15/12/2025 02:10,3774.67
15/12/2025 02:15,3738.28
15/12/2025 02:20,3526.27
15/12/2025 02:25,3787.94
15/12/2025 02:30,3646.62
15/12/2025 02:35,3778.09
15/12/2025 02:40,4001.14
15/12/2025 02:45,3795.08
15/12/2025 02:50,3871.5
15/12/2025 02:55,4008.97
15/12/2025 03:00,3818.45
15/12/2025 03:05,3848.35
15/12/2025 03:10,3513.11
15/12/2025 03:15,4085.8
15/12/2025 03:20,3928.61
15/12/2025 03:25,3760.98
15/12/2025 03:30,3755.25
15/12/2025 03:35,3966.57
15/12/2025 03:40,3771.21
15/12/2025 03:45,3463.99
15/12/2025 03:50,3901.54
15/12/2025 03:55,3776.02
15/12/2025 04:00,3702.28
15/12/2025 04:05,3692.35
15/12/2025 04:10,3770.8
15/12/2025 04:15,4163.25
15/12/2025 04:20,3712.46
15/12/2025 04:25,3704.81
15/12/2025 04:30,3954.58
15/12/2025 04:35,3777.78
15/12/2025 04:40,3601.38
15/12/2025 04:45,3764.98
15/12/2025 04:50,3877.54
15/12/2025 04:55,3702.35
15/12/2025 05:00,4503.36
15/12/2025 05:05,4239.69
15/12/2025 05:10,4451.83
15/12/2025 05:15,4390.48
15/12/2025 05:20,4326.64
15/12/2025 05:25,4336.63
15/12/2025 05:30,4350.63
15/12/2025 05:35,4269.72
15/12/2025 05:40,4449.17
15/12/2025 05:45,4387.76
15/12/2025 05:50,4456.16
15/12/2025 05:55,4431.42
15/12/2025 06:00,4518.36
15/12/2025 06:05,4519.03
15/12/2025 06:10,4444.51
15/12/2025 06:15,4245.54
15/12/2025 06:20,4225.22
15/12/2025 06:25,4529.04
15/12/2025 06:30,4514.48
15/12/2025 06:35,4517.3
15/12/2025 06:40,4637.41
15/12/2025 06:45,4825.94
15/12/2025 06:50,4578.12
15/12/2025 06:55,4665.79
15/12/2025 07:00,4776.19
15/12/2025 07:05,4876.47
15/12/2025 07:10,4890.33
15/12/2025 07:15,4675.82
15/12/2025 07:20,4611.21
15/12/2025 07:25,4665.13
15/12/2025 07:30,4580.64
15/12/2025 07:35,4815.89
15/12/2025 07:40,4897.67
15/12/2025 07:45,4760.26
15/12/2025 07:50,4851.68
15/12/2025 07:55,4875.15
15/12/2025 08:00,4825.44
15/12/2025 08:05,4970.05
15/12/2025 08:10,5056.99
15/12/2025 08:15,4954.25
15/12/2025 08:20,4950.82
15/12/2025 08:25,4953.17
15/12/2025 08:30,5015.4
15/12/2025 08:35,4804.6
15/12/2025 08:40,4881.08
15/12/2025 08:45,5076.29
15/12/2025 08:50,5059.02
15/12/2025 08:55,5072.84
15/12/2025 09:00,5496.38
15/12/2025 09:05,5519.66
15/12/2025 09:10,5581.46
15/12/2025 09:15,5824.57
15/12/2025 09:20,5184.1
15/12/2025 09:25,5681.15
15/12/2025 09:30,5531.35
15/12/2025 09:35,5783.51
15/12/2025 09:40,5936.62
15/12/2025 09:45,5817.86
15/12/2025 09:50,5550.16
15/12/2025 09:55,5895.59
15/12/2025 10:00,5719.12
15/12/2025 10:05,5612.79
15/12/2025 10:10,5876.68
15/12/2025 10:15,5821.95
15/12/2025 10:20,5794.83
15/12/2025 10:25,5999.21
15/12/2025 10:30,5848.75
15/12/2025 10:35,5697.45
15/12/2025 10:40,5763.98
15/12/2025 10:45,5685.09
15/12/2025 10:50,5972.77
15/12/2025 10:55,5895.78
15/12/2025 11:00,5939.06
15/12/2025 11:05,5790.48
15/12/2025 11:10,5691.96
15/12/2025 11:15,5817.8
15/12/2025 11:20,5826.3
15/12/2025 11:25,5698.84
15/12/2025 11:30,5737.03
15/12/2025 11:35,5500.22
15/12/2025 11:40,5416.34
15/12/2025 11:45,5811.1
15/12/2025 11:50,5630.18
15/12/2025 11:55,5410.64
15/12/2025 12:00,5260.05
15/12/2025 12:05,5550.85
15/12/2025 12:10,5173.09
15/12/2025 12:15,5168.81
15/12/2025 12:20,5307.09
15/12/2025 12:25,5252.61
15/12/2025 12:30,5126.98
15/12/2025 12:35,5410.45
15/12/2025 12:40,5149.87
15/12/2025 12:45,5378.43
15/12/2025 12:50,4951.9
15/12/2025 12:55,5072.8
15/12/2025 13:00,5394.31
15/12/2025 13:05,5327.11
15/12/2025 13:10,5226.93
15/12/2025 13:15,5618.64
15/12/2025 13:20,5123.95
15/12/2025 13:25,5038.53
15/12/2025 13:30,5114.5
15/12/2025 13:35,5102.53
15/12/2025 13:40,5261.24
15/12/2025 13:45,5046.28
15/12/2025 13:50,5369.87
15/12/2025 13:55,5098.25
15/12/2025 14:00,5239.8
15/12/2025 14:05,5234.13
15/12/2025 14:10,5242.46
15/12/2025 14:15,4951.29
15/12/2025 14:20,5063.85
15/12/2025 14:25,5086.04
15/12/2025 14:30,5147.71
15/12/2025 14:35,4932.39
15/12/2025 14:40,5254.38
15/12/2025 14:45,4988.55
15/12/2025 14:50,4983.54
15/12/2025 14:55,4673.93
15/12/2025 15:00,4987.91
15/12/2025 15:05,5200.01
15/12/2025 15:10,5043.59
15/12/2025 15:15,5068.03
15/12/2025 15:20,5024.52
15/12/2025 15:25,5335.94
15/12/2025 15:30,5161.99
15/12/2025 15:35,5188.05
15/12/2025 15:40,5128.49
15/12/2025 15:45,5215.45
15/12/2025 15:50,5156.82
15/12/2025 15:55,5540.51
15/12/2025 16:00,5345.28
15/12/2025 16:05,5399.77
15/12/2025 16:10,5417.49
15/12/2025 16:15,5719.84
15/12/2025 16:20,5289.12
15/12/2025 16:25,5624.35
15/12/2025 16:30,5460.09
15/12/2025 16:35,5446.36
15/12/2025 16:40,5633.06
15/12/2025 16:45,5345.69
15/12/2025 16:50,5709.12
15/12/2025 16:55,5694.29
15/12/2025 17:00,5542.34
15/12/2025 17:05,5864.07
15/12/2025 17:10,5553.73
15/12/2025 17:15,5590.7
15/12/2025 17:20,5769.16
15/12/2025 17:25,5705.44
15/12/2025 17:30,5885.09
15/12/2025 17:35,5665.27
15/12/2025 17:40,5695.05
15/12/2025 17:45,5693.3
15/12/2025 17:50,5606.23
15/12/2025 17:55,5849.52
15/12/2025 18:00,6228.87
15/12/2025 18:05,6146.35
15/12/2025 18:10,6104.12
15/12/2025 18:15,5914.03
15/12/2025 18:20,6128.01
15/12/2025 18:25,5998.27
15/12/2025 18:30,5909.77
15/12/2025 18:35,6005.03
15/12/2025 18:40,6110.55
15/12/2025 18:45,5909.91
15/12/2025 18:50,6231.18
15/12/2025 18:55,6350.25
15/12/2025 19:00,6338.76
15/12/2025 19:05,6414.56
15/12/2025 19:10,6212.85
15/12/2025 19:15,6192.25
15/12/2025 19:20,6130.5
15/12/2025 19:25,6189.64
15/12/2025 19:30,6089.07
15/12/2025 19:35,6053.52
15/12/2025 19:40,6396.6
15/12/2025 19:45,6335.85
15/12/2025 19:50,6466.36
15/12/2025 19:55,6323.12
15/12/2025 20:00,6077.83
15/12/2025 20:05,6376.98
15/12/2025 20:10,6445.59
15/12/2025 20:15,6305.12
15/12/2025 20:20,6516.14
15/12/2025 20:25,6248.41
15/12/2025 20:30,6431.03
15/12/2025 20:35,5836.04
15/12/2025 20:40,6292.08
15/12/2025 20:45,6298.75
15/12/2025 20:50,6116.49
15/12/2025 20:55,6247.9
15/12/2025 21:00,6123.46
15/12/2025 21:05,6123.8
15/12/2025 21:10,6044.05
15/12/2025 21:15,6030.67
15/12/2025 21:20,5993.63
15/12/2025 21:25,6238.14
15/12/2025 21:30,6060.41
15/12/2025 21:35,6221.36
15/12/2025 21:40,6565.36
15/12/2025 21:45,5786.68
15/12/2025 21:50,5865.02
15/12/2025 21:55,6022.97
15/12/2025 22:00,5692.56
15/12/2025 22:05,4969.21
15/12/2025 22:10,5653.79
15/12/2025 22:15,5652.9
15/12/2025 22:20,5459.81
15/12/2025 22:25,5515.81
15/12/2025 22:30,5516.2
15/12/2025 22:35,5447.11
15/12/2025 22:40,5380.04
15/12/2025 22:45,5242.28
15/12/2025 22:50,5163.24
15/12/2025 22:55,5256.01
15/12/2025 23:00,5395.23
15/12/2025 23:05,5306.84
15/12/2025 23:10,5294.7
15/12/2025 23:15,5025.68
15/12/2025 23:20,4971.19
15/12/2025 23:25,5334.21
15/12/2025 23:30,4942.79
15/12/2025 23:35,4976.16
15/12/2025 23:40,4779.84
15/12/2025 23:45,4689.82
15/12/2025 23:50,4957.33
15/12/2025 23:55,4942.5
16/12/2025 00:00,5262.42
16/12/2025 00:05,5238.91
16/12/2025 00:10,5241.11
16/12/2025 00:15,5367.17
16/12/2025 00:20,5076.58
16/12/2025 00:25,5211.63
16/12/2025 00:30,5124.46
16/12/2025 00:35,5315.5
16/12/2025 00:40,5200.82
16/12/2025 00:45,5122.83
16/12/2025 00:50,4879.97
16/12/2025 00:55,5198.07
16/12/2025 01:00,5205.72
16/12/2025 01:05,5415.45
16/12/2025 01:10,5072.58
16/12/2025 01:15,5289.89
16/12/2025 01:20,5354.15
16/12/2025 01:25,5251.33
16/12/2025 01:30,5326.49
16/12/2025 01:35,4722.29
16/12/2025 01:40,5351.89
16/12/2025 01:45,4962.55
16/12/2025 01:50,5277.09
16/12/2025 01:55,4980.52
16/12/2025 02:00,3577.98
16/12/2025 02:05,3961.97
16/12/2025 02:10,3752.91
16/12/2025 02:15,3886.77
16/12/2025 02:20,3862.04
16/12/2025 02:25,3529.86
16/12/2025 02:30,3685.05
16/12/2025 02:35,3823.54
16/12/2025 02:40,3785.52
16/12/2025 02:45,3823.31
16/12/2025 02:50,3813.01
16/12/2025 02:55,3605.82
16/12/2025 03:00,3695.21
16/12/2025 03:05,3540.48
16/12/2025 03:10,3870.2
16/12/2025 03:15,3753.18
16/12/2025 03:20,3914.61
16/12/2025 03:25,3999.51
16/12/2025 03:30,3856.95
16/12/2025 03:35,3770.1
16/12/2025 03:40,3731.36
16/12/2025 03:45,3758.52
16/12/2025 03:50,3911.18
16/12/2025 03:55,3585.73
16/12/2025 04:00,3778.51
16/12/2025 04:05,3637.7
16/12/2025 04:10,3951.9
16/12/2025 04:15,3629.74
16/12/2025 04:20,3867.71
16/12/2025 04:25,4132.12
16/12/2025 04:30,3651.56
16/12/2025 04:35,3457.83
16/12/2025 04:40,3786.93
16/12/2025 04:45,3965.28
16/12/2025 04:50,3486.69
16/12/2025 04:55,3848.96
16/12/2025 05:00,4195.43
16/12/2025 05:05,4218.79
16/12/2025 05:10,4187.6
16/12/2025 05:15,4158.01
16/12/2025 05:20,4342.19
16/12/2025 05:25,4266.22
16/12/2025 05:30,4332.53
16/12/2025 05:35,4498.93
16/12/2025 05:40,4283.86
16/12/2025 05:45,4298.55
16/12/2025 05:50,4380.02
16/12/2025 05:55,4549.6
16/12/2025 06:00,4463.03
16/12/2025 06:05,4607.7
16/12/2025 06:10,4561.05
16/12/2025 06:15,4521.53
16/12/2025 06:20,4415.94
16/12/2025 06:25,4708.31
16/12/2025 06:30,4477.7
16/12/2025 06:35,4557.78
16/12/2025 06:40,4521.73
16/12/2025 06:45,4524.48
16/12/2025 06:50,4649.59
16/12/2025 06:55,4558.83
16/12/2025 07:00,4486.06
16/12/2025 07:05,4896.71
16/12/2025 07:10,4661.58
16/12/2025 07:15,5050.28
16/12/2025 07:20,4969.38
16/12/2025 07:25,4586.78
16/12/2025 07:30,4654.14
16/12/2025 07:35,4799.85
16/12/2025 07:40,4893.99
16/12/2025 07:45,4756.77
16/12/2025 07:50,4899.23
16/12/2025 07:55,4780.68
16/12/2025 08:00,5137.03
16/12/2025 08:05,4975.59
16/12/2025 08:10,4907.52
16/12/2025 08:15,4808.36
16/12/2025 08:20,4954.55
16/12/2025 08:25,5016.7
16/12/2025 08:30,4874.53
16/12/2025 08:35,4997.13
16/12/2025 08:40,5206.13
16/12/2025 08:45,5145.07
16/12/2025 08:50,5100.55
16/12/2025 08:55,5034.2
16/12/2025 09:00,5636.07
16/12/2025 09:05,5646.55
16/12/2025 09:10,5804.49
16/12/2025 09:15,5553.89
16/12/2025 09:20,5599.64
16/12/2025 09:25,5479.67
16/12/2025 09:30,5805.2
16/12/2025 09:35,5480.52
16/12/2025 09:40,5689.43
16/12/2025 09:45,5785.94
16/12/2025 09:50,5697.38
16/12/2025 09:55,5530.53
16/12/2025 10:00,5806.99
16/12/2025 10:05,5803.97
16/12/2025 10:10,5848.47
16/12/2025 10:15,5903.4
16/12/2025 10:20,5361.01
16/12/2025 10:25,5781.17
16/12/2025 10:30,5887.85
16/12/2025 10:35,5708.31
16/12/2025 10:40,5781.54
16/12/2025 10:45,5661.59
16/12/2025 10:50,5848.31
16/12/2025 10:55,5812.93
16/12/2025 11:00,5723.64
16/12/2025 11:05,5933.71
16/12/2025 11:10,5540.73
16/12/2025 11:15,5822.04
16/12/2025 11:20,5823.75
16/12/2025 11:25,5757.81
16/12/2025 11:30,5726.19
16/12/2025 11:35,5864.65
16/12/2025 11:40,5544.97
16/12/2025 11:45,5763.48
16/12/2025 11:50,5589.15
16/12/2025 11:55,5544.02
16/12/2025 12:00,5268.18
16/12/2025 12:05,5179.94
16/12/2025 12:10,5686.84
16/12/2025 12:15,5427.98
16/12/2025 12:20,5274.07
16/12/2025 12:25,5317.84
16/12/2025 12:30,5428.51
16/12/2025 12:35,5232.53
16/12/2025 12:40,4962.73
16/12/2025 12:45,5051.75
16/12/2025 12:50,5266.04
16/12/2025 12:55,4975.62
16/12/2025 13:00,5227.77
16/12/2025 13:05,5344.14
16/12/2025 13:10,5342.65
16/12/2025 13:15,5384.79
16/12/2025 13:20,5277.59
16/12/2025 13:25,5061.92
16/12/2025 13:30,5391.29
16/12/2025 13:35,5061.58
16/12/2025 13:40,5236.0
16/12/2025 13:45,4761.37
16/12/2025 13:50,5225.81
16/12/2025 13:55,5181.86
16/12/2025 14:00,4831.04
16/12/2025 14:05,5166.63
16/12/2025 14:10,5012.19
16/12/2025 14:15,5112.57
16/12/2025 14:20,5287.26
16/12/2025 14:25,5096.48
16/12/2025 14:30,4820.97
16/12/2025 14:35,4910.14
16/12/2025 14:40,4919.42
16/12/2025 14:45,5069.69
16/12/2025 14:50,4969.5
16/12/2025 14:55,4901.81
16/12/2025 15:00,4721.36
16/12/2025 15:05,5023.96
16/12/2025 15:10,5070.35
16/12/2025 15:15,5055.28
16/12/2025 15:20,5094.33
16/12/2025 15:25,5000.98
16/12/2025 15:30,5181.4
16/12/2025 15:35,5353.48
16/12/2025 15:40,5176.34
16/12/2025 15:45,4903.04
16/12/2025 15:50,5185.17
16/12/2025 15:55,5178.25
16/12/2025 16:00,5194.86
16/12/2025 16:05,5061.28
16/12/2025 16:10,5407.16
16/12/2025 16:15,5744.88
16/12/2025 16:20,5215.76
16/12/2025 16:25,5509.96
16/12/2025 16:30,5438.25
16/12/2025 16:35,5396.34
16/12/2025 16:40,5426.81
16/12/2025 16:45,5288.61
16/12/2025 16:50,5534.68
16/12/2025 16:55,5566.45
16/12/2025 17:00,5476.85
16/12/2025 17:05,5449.61
16/12/2025 17:10,5830.46
16/12/2025 17:15,5854.2
16/12/2025 17:20,5764.66
16/12/2025 17:25,5714.3
16/12/2025 17:30,5836.87
16/12/2025 17:35,5965.02
16/12/2025 17:40,5712.52
16/12/2025 17:45,5976.15
16/12/2025 17:50,5960.6
16/12/2025 17:55,5742.89
16/12/2025 18:00,6075.3
16/12/2025 18:05,6153.12
16/12/2025 18:10,5938.12
16/12/2025 18:15,6025.93
16/12/2025 18:20,6026.16
16/12/2025 18:25,6009.41
16/12/2025 18:30,6309.44
16/12/2025 18:35,6115.53
16/12/2025 18:40,6283.12
16/12/2025 18:45,6081.04
16/12/2025 18:50,6412.57
16/12/2025 18:55,6531.3
16/12/2025 19:00,6409.96
16/12/2025 19:05,6179.68
16/12/2025 19:10,6105.74
16/12/2025 19:15,6241.14
16/12/2025 19:20,6606.71
16/12/2025 19:25,6516.96
16/12/2025 19:30,6214.92
16/12/2025 19:35,6587.8
16/12/2025 19:40,6208.28
16/12/2025 19:45,6436.57
16/12/2025 19:50,6015.79
16/12/2025 19:55,6028.13
16/12/2025 20:00,6064.88
16/12/2025 20:05,6266.77
16/12/2025 20:10,6220.97
16/12/2025 20:15,6198.14
16/12/2025 20:20,6221.35
16/12/2025 20:25,6547.23
16/12/2025 20:30,6271.18
16/12/2025 20:35,6525.34
16/12/2025 20:40,5996.05
16/12/2025 20:45,6323.14
16/12/2025 20:50,6160.58
16/12/2025 20:55,6293.77
16/12/2025 21:00,6290.76
16/12/2025 21:05,6262.76
16/12/2025 21:10,6152.15
16/12/2025 21:15,6145.27
16/12/2025 21:20,6034.02
16/12/2025 21:25,6079.8
16/12/2025 21:30,6182.33
16/12/2025 21:35,5948.32
16/12/2025 21:40,6069.72
16/12/2025 21:45,6364.91
16/12/2025 21:50,5955.27
16/12/2025 21:55,5771.83
16/12/2025 22:00,5347.44
16/12/2025 22:05,5389.52
16/12/2025 22:10,5511.59
16/12/2025 22:15,5357.26
16/12/2025 22:20,5583.42
16/12/2025 22:25,5581.66
16/12/2025 22:30,5201.6
16/12/2025 22:35,5336.42
16/12/2025 22:40,5214.45
16/12/2025 22:45,5225.81
16/12/2025 22:50,5058.71
16/12/2025 22:55,5015.17
16/12/2025 23:00,5293.07
16/12/2025 23:05,5188.49
16/12/2025 23:10,5126.41
16/12/2025 23:15,5035.58
16/12/2025 23:20,5065.67
16/12/2025 23:25,5073.08
16/12/2025 23:30,5175.46
16/12/2025 23:35,5092.13
16/12/2025 23:40,4869.08
16/12/2025 23:45,4973.66
16/12/2025 23:50,4699.8
16/12/2025 23:55,4955.46
17/12/2025 00:00,5160.02
17/12/2025 00:05,5047.19
17/12/2025 00:10,5237.34
17/12/2025 00:15,5164.33
17/12/2025 00:20,5179.14
17/12/2025 00:25,4997.33
17/12/2025 00:30,4968.73
17/12/2025 00:35,5238.77
17/12/2025 00:40,5309.9
17/12/2025 00:45,5461.86
17/12/2025 00:50,5244.09
17/12/2025 00:55,5324.9
17/12/2025 01:00,5424.44
17/12/2025 01:05,5246.66
17/12/2025 01:10,5349.51
17/12/2025 01:15,5008.01
17/12/2025 01:20,5230.32
17/12/2025 01:25,5441.03
17/12/2025 01:30,5365.52
17/12/2025 01:35,5016.95
17/12/2025 01:40,5376.31
17/12/2025 01:45,5269.42
17/12/2025 01:50,5364.12
17/12/2025 01:55,5102.83
17/12/2025 02:00,3782.55
17/12/2025 02:05,3684.65
17/12/2025 02:10,3849.59
17/12/2025 02:15,4129.94
17/12/2025 02:20,3620.11
17/12/2025 02:25,3827.94
17/12/2025 02:30,3684.31
17/12/2025 02:35,3557.87
17/12/2025 02:40,3767.3
17/12/2025 02:45,3914.06
17/12/2025 02:50,3631.97
17/12/2025 02:55,3724.41
17/12/2025 03:00,3655.3
17/12/2025 03:05,3632.62
17/12/2025 03:10,3910.31
17/12/2025 03:15,3603.18
17/12/2025 03:20,3948.43
17/12/2025 03:25,4196.08
17/12/2025 03:30,3795.37
17/12/2025 03:35,3525.31
17/12/2025 03:40,3669.02
17/12/2025 03:45,3760.4
17/12/2025 03:50,3764.81
17/12/2025 03:55,3686.93
17/12/2025 04:00,3647.88
17/12/2025 04:05,3774.59
17/12/2025 04:10,3874.32
17/12/2025 04:15,3674.12
17/12/2025 04:20,3863.09
17/12/2025 04:25,4049.08
17/12/2025 04:30,3853.77
17/12/2025 04:35,4144.28
17/12/2025 04:40,3499.5
17/12/2025 04:45,3901.51
17/12/2025 04:50,3834.37
17/12/2025 04:55,3875.54
17/12/2025 05:00,4389.92
17/12/2025 05:05,4259.17
17/12/2025 05:10,4045.76
17/12/2025 05:15,3954.89
17/12/2025 05:20,4173.02
17/12/2025 05:25,4380.78
17/12/2025 05:30,4452.56
17/12/2025 05:35,4262.46
17/12/2025 05:40,4632.82
17/12/2025 05:45,4501.89
17/12/2025 05:50,4843.24
17/12/2025 05:55,4540.16
17/12/2025 06:00,4421.08
17/12/2025 06:05,4480.85
17/12/2025 06:10,4275.18
17/12/2025 06:15,4470.43
17/12/2025 06:20,4654.38
17/12/2025 06:25,4591.86
17/12/2025 06:30,4842.43
17/12/2025 06:35,4782.38
17/12/2025 06:40,4985.72
17/12/2025 06:45,4842.74
17/12/2025 06:50,4743.39
17/12/2025 06:55,4892.03
17/12/2025 07:00,4603.84
17/12/2025 07:05,4465.38
17/12/2025 07:10,4795.93
17/12/2025 07:15,5058.14
17/12/2025 07:20,4609.07
17/12/2025 07:25,4681.56
17/12/2025 07:30,4911.89
17/12/2025 07:35,4864.26
17/12/2025 07:40,4666.22
17/12/2025 07:45,4739.32
17/12/2025 07:50,4812.53
17/12/2025 07:55,4996.62
17/12/2025 08:00,4690.38
17/12/2025 08:05,4916.37
17/12/2025 08:10,4933.14
17/12/2025 08:15,5167.8
17/12/2025 08:20,5252.0
17/12/2025 08:25,5190.68
17/12/2025 08:30,4939.14
17/12/2025 08:35,4967.32
17/12/2025 08:40,5019.02
17/12/2025 08:45,5373.29
17/12/2025 08:50,5141.94
17/12/2025 08:55,4942.2
17/12/2025 09:00,5574.38
17/12/2025 09:05,5819.06
17/12/2025 09:10,5841.55
17/12/2025 09:15,5412.03
17/12/2025 09:20,5638.0
17/12/2025 09:25,5742.83
17/12/2025 09:30,5531.28
17/12/2025 09:35,5869.01
17/12/2025 09:40,5607.57
17/12/2025 09:45,5557.37
17/12/2025 09:50,5765.2
17/12/2025 09:55,5709.49
17/12/2025 10:00,5689.15
17/12/2025 10:05,5898.63
17/12/2025 10:10,5947.32
17/12/2025 10:15,6057.82
17/12/2025 10:20,5933.34
17/12/2025 10:25,5731.76
17/12/2025 10:30,5749.34
17/12/2025 10:35,6037.4
17/12/2025 10:40,5974.79
17/12/2025 10:45,5914.4
17/12/2025 10:50,5837.47
17/12/2025 10:55,5626.78
17/12/2025 11:00,5803.27
17/12/2025 11:05,5640.14
17/12/2025 11:10,5682.22
17/12/2025 11:15,5703.86
17/12/2025 11:20,5831.83
17/12/2025 11:25,6046.98
17/12/2025 11:30,5743.8
17/12/2025 11:35,5748.87
17/12/2025 11:40,5856.79
17/12/2025 11:45,5583.32
17/12/2025 11:50,5540.36
17/12/2025 11:55,5455.26
17/12/2025 12:00,5238.69
17/12/2025 12:05,4985.83
17/12/2025 12:10,5432.25
17/12/2025 12:15,5553.9
17/12/2025 12:20,5298.77
17/12/2025 12:25,5303.06
17/12/2025 12:30,5310.87
17/12/2025 12:35,5299.6
17/12/2025 12:40,5196.62
17/12/2025 12:45,5214.55
17/12/2025 12:50,5195.33
17/12/2025 12:55,5258.41
17/12/2025 13:00,5389.81
17/12/2025 13:05,5398.11
17/12/2025 13:10,5037.29
17/12/2025 13:15,4965.9
17/12/2025 13:20,5187.92
17/12/2025 13:25,5297.49
17/12/2025 13:30,5036.36
17/12/2025 13:35,5095.26
17/12/2025 13:40,5119.04
17/12/2025 13:45,5038.29
17/12/2025 13:50,4976.13
17/12/2025 13:55,5148.15
17/12/2025 14:00,5011.83
17/12/2025 14:05,5119.51
17/12/2025 14:10,5330.8
17/12/2025 14:15,5019.03
17/12/2025 14:20,5100.67
17/12/2025 14:25,5030.42
17/12/2025 14:30,4962.57
17/12/2025 14:35,4813.71
17/12/2025 14:40,4916.72
17/12/2025 14:45,5127.35
17/12/2025 14:50,4930.54
17/12/2025 14:55,4986.56
17/12/2025 15:00,4896.11
17/12/2025 15:05,5114.21
17/12/2025 15:10,4852.37
17/12/2025 15:15,5080.3
17/12/2025 15:20,5031.82
17/12/2025 15:25,5037.37
17/12/2025 15:30,5389.94
17/12/2025 15:35,4957.04
17/12/2025 15:40,5110.45
17/12/2025 15:45,5557.54
17/12/2025 15:50,4996.6
17/12/2025 15:55,5528.46
17/12/2025 16:00,5242.77
17/12/2025 16:05,5384.79
17/12/2025 16:10,5546.21
17/12/2025 16:15,5427.18
17/12/2025 16:20,5224.89
17/12/2025 16:25,5587.71
17/12/2025 16:30,5486.35
17/12/2025 16:35,5358.35
17/12/2025 16:40,5614.55
17/12/2025 16:45,5383.21
17/12/2025 16:50,5715.91
17/12/2025 16:55,5952.43
17/12/2025 17:00,5354.46
17/12/2025 17:05,5643.1
17/12/2025 17:10,5816.0
17/12/2025 17:15,5832.31
17/12/2025 17:20,5587.06
17/12/2025 17:25,5373.32
17/12/2025 17:30,5703.51
17/12/2025 17:35,5827.51
17/12/2025 17:40,6038.88
17/12/2025 17:45,5910.7
17/12/2025 17:50,5571.74
17/12/2025 17:55,6056.71
17/12/2025 18:00,5932.7
17/12/2025 18:05,6040.85
17/12/2025 18:10,6044.15
17/12/2025 18:15,6050.44
17/12/2025 18:20,6012.78
17/12/2025 18:25,5867.27
17/12/2025 18:30,6269.84
17/12/2025 18:35,6130.97
17/12/2025 18:40,6323.64
17/12/2025 18:45,6360.54
17/12/2025 18:50,6147.82
17/12/2025 18:55,6177.3
17/12/2025 19:00,6358.25
17/12/2025 19:05,6337.12
17/12/2025 19:10,6289.17
17/12/2025 19:15,6361.13
17/12/2025 19:20,6182.02
17/12/2025 19:25,6068.97
17/12/2025 19:30,6474.4
17/12/2025 19:35,6161.11
17/12/2025 19:40,6357.28
17/12/2025 19:45,6148.29
17/12/2025 19:50,6019.06
17/12/2025 19:55,6444.11
17/12/2025 20:00,6338.97
17/12/2025 20:05,6302.09
17/12/2025 20:10,6410.53
17/12/2025 20:15,6270.04
17/12/2025 20:20,6278.28
17/12/2025 20:25,6205.44
17/12/2025 20:30,6209.14
17/12/2025 20:35,6316.12
17/12/2025 20:40,6474.8
17/12/2025 20:45,6295.94
17/12/2025 20:50,6142.6
17/12/2025 20:55,6234.14
17/12/2025 21:00,6074.17
17/12/2025 21:05,6217.19
17/12/2025 21:10,5925.7
17/12/2025 21:15,6016.33
17/12/2025 21:20,6433.64
17/12/2025 21:25,6266.61
17/12/2025 21:30,6187.11
17/12/2025 21:35,6395.39
17/12/2025 21:40,6244.71
17/12/2025 21:45,6229.44
17/12/2025 21:50,6031.29
17/12/2025 21:55,6125.32
17/12/2025 22:00,5685.7
17/12/2025 22:05,5730.74
17/12/2025 22:10,5534.87
17/12/2025 22:15,5479.59
17/12/2025 22:20,5321.45
17/12/2025 22:25,5435.67
17/12/2025 22:30,5358.31
17/12/2025 22:35,5416.88
17/12/2025 22:40,5518.93
17/12/2025 22:45,5280.76
17/12/2025 22:50,5508.46
17/12/2025 22:55,5284.19
17/12/2025 23:00,5259.69
17/12/2025 23:05,4938.9
17/12/2025 23:10,5158.38
17/12/2025 23:15,5032.37
17/12/2025 23:20,5164.99
17/12/2025 23:25,5219.69
17/12/2025 23:30,5064.74
17/12/2025 23:35,5063.63
17/12/2025 23:40,4687.46
17/12/2025 23:45,4875.12
17/12/2025 23:50,4576.73
17/12/2025 23:55,4912.3
18/12/2025 00:00,5189.94
18/12/2025 00:05,5317.54
18/12/2025 00:10,4951.91
18/12/2025 00:15,5179.25
18/12/2025 00:20,5300.84
18/12/2025 00:25,5146.62
18/12/2025 00:30,5137.12
18/12/2025 00:35,5343.25
18/12/2025 00:40,5151.69
18/12/2025 00:45,5067.41
18/12/2025 00:50,5236.83
18/12/2025 00:55,5491.16
18/12/2025 01:00,5074.79
18/12/2025 01:05,5291.97
18/12/2025 01:10,5271.59
18/12/2025 01:15,5398.66
18/12/2025 01:20,5290.78
18/12/2025 01:25,5337.8
18/12/2025 01:30,4935.97
18/12/2025 01:35,5317.12
18/12/2025 01:40,5275.23
18/12/2025 01:45,5122.58
18/12/2025 01:50,4991.02
18/12/2025 01:55,5425.57
18/12/2025 02:00,3706.34
18/12/2025 02:05,3885.71
18/12/2025 02:10,3714.17
18/12/2025 02:15,3929.44
18/12/2025 02:20,3929.41
18/12/2025 02:25,3899.0
18/12/2025 02:30,3907.03
18/12/2025 02:35,3981.1
18/12/2025 02:40,3966.81
18/12/2025 02:45,3993.33
18/12/2025 02:50,3784.1
18/12/2025 02:55,3694.61
18/12/2025 03:00,3718.71
18/12/2025 03:05,3636.53
18/12/2025 03:10,3617.89
18/12/2025 03:15,3875.35
18/12/2025 03:20,3925.6
18/12/2025 03:25,3579.62
18/12/2025 03:30,4200.88
18/12/2025 03:35,3728.63
18/12/2025 03:40,3842.13
18/12/2025 03:45,3613.24
18/12/2025 03:50,3655.85
18/12/2025 03:55,3707.57
18/12/2025 04:00,3772.73
18/12/2025 04:05,3886.2
18/12/2025 04:10,3567.05
18/12/2025 04:15,3685.87
18/12/2025 04:20,3616.52
18/12/2025 04:25,3982.28
18/12/2025 04:30,3914.54
18/12/2025 04:35,3856.06
18/12/2025 04:40,3987.39
18/12/2025 04:45,3754.04
18/12/2025 04:50,3641.42
18/12/2025 04:55,3972.03
18/12/2025 05:00,4247.93
18/12/2025 05:05,4153.74
18/12/2025 05:10,4647.32
18/12/2025 05:15,4396.04
18/12/2025 05:20,4488.18
18/12/2025 05:25,4385.87
18/12/2025 05:30,4440.09
18/12/2025 05:35,4442.2
18/12/2025 05:40,4563.74
18/12/2025 05:45,4637.73
18/12/2025 05:50,4388.29
18/12/2025 05:55,4581.37
18/12/2025 06:00,4329.19
18/12/2025 06:05,4577.45
18/12/2025 06:10,4523.27
18/12/2025 06:15,4699.46
18/12/2025 06:20,4854.88
18/12/2025 06:25,4687.59
18/12/2025 06:30,4580.5
18/12/2025 06:35,4594.27
18/12/2025 06:40,4729.8
18/12/2025 06:45,4257.99
18/12/2025 06:50,4888.32
18/12/2025 06:55,4878.72
18/12/2025 07:00,4674.98
18/12/2025 07:05,4614.43
18/12/2025 07:10,4694.81
18/12/2025 07:15,4588.7
18/12/2025 07:20,4848.23
18/12/2025 07:25,4702.23
18/12/2025 07:30,4993.41
18/12/2025 07:35,4762.49
18/12/2025 07:40,4936.81
18/12/2025 07:45,4902.43
18/12/2025 07:50,5136.42
18/12/2025 07:55,5265.98
18/12/2025 08:00,4915.2
18/12/2025 08:05,4826.7
18/12/2025 08:10,4719.9
18/12/2025 08:15,4853.6
18/12/2025 08:20,5063.07
18/12/2025 08:25,4967.09
18/12/2025 08:30,4972.25
18/12/2025 08:35,5110.41
18/12/2025 08:40,5019.42
18/12/2025 08:45,5083.15
18/12/2025 08:50,5158.62
18/12/2025 08:55,5048.27
18/12/2025 09:00,5452.18
18/12/2025 09:05,5723.94
18/12/2025 09:10,5509.1
18/12/2025 09:15,5726.85
18/12/2025 09:20,5664.77
18/12/2025 09:25,5995.02
18/12/2025 09:30,5675.68
18/12/2025 09:35,5758.23
18/12/2025 09:40,5658.64
18/12/2025 09:45,5420.95
18/12/2025 09:50,5719.48
18/12/2025 09:55,5818.97
18/12/2025 10:00,5629.69
18/12/2025 10:05,5845.4
18/12/2025 10:10,5512.25
18/12/2025 10:15,5794.94
18/12/2025 10:20,5747.11
18/12/2025 10:25,5771.72
18/12/2025 10:30,6002.47
18/12/2025 10:35,5508.07
18/12/2025 10:40,5838.44
18/12/2025 10:45,5925.33
18/12/2025 10:50,5984.2
18/12/2025 10:55,5695.3
18/12/2025 11:00,5588.74
18/12/2025 11:05,5839.57
18/12/2025 11:10,5603.38
18/12/2025 11:15,5767.54
18/12/2025 11:20,5848.53
18/12/2025 11:25,5783.25
18/12/2025 11:30,5548.1
18/12/2025 11:35,5837.22
18/12/2025 11:40,5434.84
18/12/2025 11:45,5899.9
18/12/2025 11:50,5693.56
18/12/2025 11:55,5855.47
18/12/2025 12:00,5648.48
18/12/2025 12:05,5066.58
18/12/2025 12:10,5192.07
18/12/2025 12:15,5338.89
18/12/2025 12:20,5111.27
18/12/2025 12:25,5362.46
18/12/2025 12:30,5120.01
18/12/2025 12:35,5369.76
18/12/2025 12:40,5181.85
18/12/2025 12:45,5139.66
18/12/2025 12:50,5211.91
18/12/2025 12:55,5143.61
18/12/2025 13:00,5288.17
18/12/2025 13:05,5272.83
18/12/2025 13:10,5315.32
18/12/2025 13:15,5003.2
18/12/2025 13:20,5168.64
18/12/2025 13:25,5296.7
18/12/2025 13:30,5106.85
18/12/2025 13:35,5376.93
18/12/2025 13:40,5225.13
18/12/2025 13:45,5254.21
18/12/2025 13:50,5086.23
18/12/2025 13:55,5098.34
18/12/2025 14:00,5004.61
18/12/2025 14:05,5036.37
18/12/2025 14:10,5077.28
18/12/2025 14:15,5062.97
18/12/2025 14:20,4852.8
18/12/2025 14:25,4934.67
18/12/2025 14:30,4991.16
18/12/2025 14:35,4977.61
18/12/2025 14:40,5460.1
18/12/2025 14:45,4828.7
18/12/2025 14:50,4945.42
18/12/2025 14:55,5027.97
18/12/2025 15:00,5154.38
18/12/2025 15:05,5168.21
18/12/2025 15:10,5102.11
18/12/2025 15:15,4839.13
18/12/2025 15:20,5175.36
18/12/2025 15:25,5219.58
18/12/2025 15:30,5133.47
18/12/2025 15:35,5092.8
18/12/2025 15:40,5200.42
18/12/2025 15:45,5225.73
18/12/2025 15:50,5204.69
18/12/2025 15:55,5052.54
18/12/2025 16:00,5086.36
18/12/2025 16:05,5107.89
18/12/2025 16:10,5451.6
18/12/2025 16:15,5299.37
18/12/2025 16:20,5541.68
18/12/2025 16:25,5471.62
18/12/2025 16:30,5372.19
18/12/2025 16:35,5681.3
18/12/2025 16:40,5501.29
18/12/2025 16:45,5404.94
18/12/2025 16:50,5464.53
18/12/2025 16:55,5406.39
18/12/2025 17:00,5642.59
18/12/2025 17:05,5786.23
18/12/2025 17:10,5617.01
18/12/2025 17:15,5493.82
18/12/2025 17:20,5380.45
18/12/2025 17:25,5937.45
18/12/2025 17:30,6002.56
18/12/2025 17:35,5792.51
18/12/2025 17:40,5750.16
18/12/2025 17:45,5997.85
18/12/2025 17:50,5770.87
18/12/2025 17:55,5969.05
18/12/2025 18:00,5821.26
18/12/2025 18:05,6196.41
18/12/2025 18:10,6049.57
18/12/2025 18:15,5903.92
18/12/2025 18:20,6004.02
18/12/2025 18:25,5987.28
18/12/2025 18:30,6129.87
18/12/2025 18:35,6387.52
18/12/2025 18:40,5896.59
18/12/2025 18:45,6172.86
18/12/2025 18:50,6233.68
18/12/2025 18:55,6051.43
18/12/2025 19:00,5996.73
18/12/2025 19:05,6427.52
18/12/2025 19:10,6358.71
18/12/2025 19:15,6295.16
18/12/2025 19:20,6473.68
18/12/2025 19:25,6378.6
18/12/2025 19:30,6452.78
18/12/2025 19:35,6454.71
18/12/2025 19:40,6221.37
18/12/2025 19:45,6069.25
18/12/2025 19:50,6692.16
18/12/2025 19:55,6196.55
18/12/2025 20:00,6342.57
18/12/2025 20:05,6722.3
18/12/2025 20:10,6354.63
18/12/2025 20:15,6333.27
18/12/2025 20:20,6155.11
18/12/2025 20:25,6482.5
18/12/2025 20:30,6306.84
18/12/2025 20:35,6252.41
18/12/2025 20:40,6093.46
18/12/2025 20:45,6599.3
18/12/2025 20:50,6425.95
18/12/2025 20:55,6223.67
18/12/2025 21:00,6129.24
18/12/2025 21:05,6212.5
18/12/2025 21:10,6311.64
18/12/2025 21:15,5984.38
18/12/2025 21:20,5954.74
18/12/2025 21:25,5960.81
18/12/2025 21:30,5890.04
18/12/2025 21:35,6232.13
18/12/2025 21:40,6176.04
18/12/2025 21:45,5691.02
18/12/2025 21:50,6028.81
18/12/2025 21:55,5978.29
18/12/2025 22:00,5659.66
18/12/2025 22:05,5790.46
18/12/2025 22:10,5135.49
18/12/2025 22:15,5204.12
18/12/2025 22:20,5666.78
18/12/2025 22:25,5719.92
18/12/2025 22:30,5291.54
18/12/2025 22:35,5517.74
18/12/2025 22:40,5246.04
18/12/2025 22:45,5270.27
18/12/2025 22:50,5225.08
18/12/2025 22:55,5103.26
18/12/2025 23:00,4916.24
18/12/2025 23:05,5310.43
18/12/2025 23:10,5024.34
18/12/2025 23:15,5450.31
18/12/2025 23:20,5235.62
18/12/2025 23:25,4946.75
18/12/2025 23:30,5039.76
18/12/2025 23:35,5069.43
18/12/2025 23:40,4858.82
18/12/2025 23:45,4837.15
18/12/2025 23:50,5007.1
18/12/2025 23:55,4929.37
19/12/2025 00:00,5024.33
19/12/2025 00:05,5259.54
19/12/2025 00:10,5342.07
19/12/2025 00:15,5078.29
19/12/2025 00:20,5159.54
19/12/2025 00:25,5058.94
19/12/2025 00:30,5096.9
19/12/2025 00:35,5143.25
19/12/2025 00:40,5239.98
19/12/2025 00:45,5086.13
19/12/2025 00:50,5325.73
19/12/2025 00:55,5113.31
19/12/2025 01:00,5372.67
19/12/2025 01:05,5234.9
19/12/2025 01:10,4943.77
19/12/2025 01:15,5156.17
19/12/2025 01:20,5311.51
19/12/2025 01:25,5188.26
19/12/2025 01:30,4772.47
19/12/2025 01:35,5121.94
19/12/2025 01:40,5188.09
19/12/2025 01:45,5115.18
19/12/2025 01:50,5033.86
19/12/2025 01:55,5165.56
19/12/2025 02:00,3672.41
19/12/2025 02:05,3853.62
19/12/2025 02:10,3893.78
19/12/2025 02:15,3946.45
19/12/2025 02:20,3859.3
19/12/2025 02:25,3885.43
19/12/2025 02:30,3647.9
19/12/2025 02:35,3958.59
19/12/2025 02:40,3723.3
19/12/2025 02:45,3995.81
19/12/2025 02:50,3961.3
19/12/2025 02:55,3611.78
19/12/2025 03:00,3838.22
19/12/2025 03:05,3929.29
19/12/2025 03:10,3822.88
19/12/2025 03:15,3931.79
19/12/2025 03:20,3850.37
19/12/2025 03:25,3788.08
19/12/2025 03:30,3868.4
19/12/2025 03:35,3605.2
19/12/2025 03:40,3602.12
19/12/2025 03:45,3889.08
19/12/2025 03:50,3548.81
19/12/2025 03:55,3431.64
19/12/2025 04:00,3686.22
19/12/2025 04:05,3891.81
19/12/2025 04:10,3854.65
19/12/2025 04:15,3901.18
19/12/2025 04:20,3639.72
19/12/2025 04:25,3643.63
19/12/2025 04:30,3610.35
19/12/2025 04:35,3755.19
19/12/2025 04:40,3766.71
19/12/2025 04:45,3790.22
19/12/2025 04:50,3758.71
19/12/2025 04:55,3866.28
19/12/2025 05:00,4278.41
19/12/2025 05:05,4269.7
19/12/2025 05:10,4548.65
19/12/2025 05:15,4573.0
19/12/2025 05:20,4414.88
19/12/2025 05:25,4179.94
19/12/2025 05:30,4379.52
19/12/2025 05:35,4522.41
19/12/2025 05:40,4301.18
19/12/2025 05:45,4539.02
19/12/2025 05:50,4830.9
19/12/2025 05:55,4765.89
19/12/2025 06:00,4444.66
19/12/2025 06:05,4166.07
19/12/2025 06:10,4223.92
19/12/2025 06:15,4556.53
19/12/2025 06:20,4384.11
19/12/2025 06:25,4836.38
19/12/2025 06:30,4666.89
19/12/2025 06:35,4615.12
19/12/2025 06:40,4621.59
19/12/2025 06:45,4652.05
19/12/2025 06:50,4644.42
19/12/2025 06:55,4825.4
19/12/2025 07:00,4788.67
19/12/2025 07:05,4674.29
19/12/2025 07:10,4995.03
19/12/2025 07:15,4612.92
19/12/2025 07:20,4700.18
19/12/2025 07:25,4810.72
19/12/2025 07:30,4821.78
19/12/2025 07:35,4798.15
19/12/2025 07:40,4828.41
19/12/2025 07:45,4718.34
19/12/2025 07:50,4754.96
19/12/2025 07:55,5071.2
19/12/2025 08:00,4956.04
19/12/2025 08:05,4810.94
19/12/2025 08:10,4985.3
19/12/2025 08:15,4922.43
19/12/2025 08:20,4931.07
19/12/2025 08:25,5192.23
19/12/2025 08:30,4994.63
19/12/2025 08:35,5049.89
19/12/2025 08:40,4942.23
19/12/2025 08:45,5262.58
19/12/2025 08:50,5294.48
19/12/2025 08:55,5308.53
19/12/2025 09:00,5691.17
19/12/2025 09:05,5650.61
19/12/2025 09:10,5625.45
19/12/2025 09:15,5869.3
19/12/2025 09:20,5617.06
19/12/2025 09:25,5824.18
19/12/2025 09:30,5583.45
19/12/2025 09:35,5568.53
19/12/2025 09:40,5689.3
19/12/2025 09:45,5532.88
19/12/2025 09:50,5627.16
19/12/2025 09:55,5556.22
19/12/2025 10:00,5751.67
19/12/2025 10:05,5899.52
19/12/2025 10:10,5713.11
19/12/2025 10:15,5889.96
19/12/2025 10:20,6072.11
19/12/2025 10:25,5792.23
19/12/2025 10:30,5601.18
19/12/2025 10:35,5632.15
19/12/2025 10:40,5909.83
19/12/2025 10:45,5890.34
19/12/2025 10:50,5725.47
19/12/2025 10:55,5590.28
19/12/2025 11:00,5870.65
19/12/2025 11:05,5622.3
19/12/2025 11:10,5745.61
19/12/2025 11:15,5828.5
19/12/2025 11:20,5723.07
19/12/2025 11:25,5558.72
19/12/2025 11:30,5743.94
19/12/2025 11:35,5525.17
19/12/2025 11:40,5681.39
19/12/2025 11:45,5457.65
19/12/2025 11:50,5315.87
19/12/2025 11:55,5676.54
19/12/2025 12:00,5031.31
19/12/2025 12:05,5330.56
19/12/2025 12:10,5486.13
19/12/2025 12:15,5326.25
19/12/2025 12:20,5416.19
19/12/2025 12:25,5305.89
19/12/2025 12:30,5608.34
19/12/2025 12:35,5269.42
19/12/2025 12:40,5129.77
19/12/2025 12:45,5041.73
19/12/2025 12:50,5115.07
19/12/2025 12:55,5035.68
19/12/2025 13:00,5161.26
19/12/2025 13:05,5111.25
19/12/2025 13:10,5244.18
19/12/2025 13:15,5025.32
19/12/2025 13:20,5066.24
19/12/2025 13:25,5286.69
19/12/2025 13:30,4967.52
19/12/2025 13:35,5155.72
19/12/2025 13:40,5230.73
19/12/2025 13:45,5239.38
19/12/2025 13:50,4978.26
19/12/2025 13:55,5130.32
19/12/2025 14:00,5021.77
19/12/2025 14:05,5251.2
19/12/2025 14:10,5277.31
19/12/2025 14:15,5070.29
19/12/2025 14:20,4808.23
19/12/2025 14:25,5153.09
19/12/2025 14:30,4967.8
19/12/2025 14:35,4904.08
19/12/2025 14:40,4919.32
19/12/2025 14:45,4922.65
19/12/2025 14:50,5203.44
19/12/2025 14:55,4931.82
19/12/2025 15:00,4775.51
19/12/2025 15:05,5007.06
19/12/2025 15:10,4867.2
19/12/2025 15:15,4898.19
19/12/2025 15:20,5352.35
19/12/2025 15:25,5209.43
19/12/2025 15:30,5188.56
19/12/2025 15:35,5088.34
19/12/2025 15:40,4997.85
19/12/2025 15:45,5157.48
19/12/2025 15:50,5563.02
19/12/2025 15:55,5102.33
19/12/2025 16:00,5204.24
19/12/2025 16:05,5315.42
19/12/2025 16:10,5425.41
19/12/2025 16:15,5329.83
19/12/2025 16:20,5508.47
19/12/2025 16:25,5529.09
19/12/2025 16:30,5458.03
19/12/2025 16:35,5716.35
19/12/2025 16:40,5499.47
19/12/2025 16:45,5531.87
19/12/2025 16:50,5436.13
19/12/2025 16:55,5442.93
19/12/2025 17:00,5522.07
19/12/2025 17:05,5656.78
19/12/2025 17:10,5797.53
19/12/2025 17:15,5569.4
19/12/2025 17:20,5727.59
19/12/2025 17:25,5761.14
19/12/2025 17:30,5702.17
19/12/2025 17:35,5873.54
19/12/2025 17:40,5807.5
19/12/2025 17:45,5969.51
19/12/2025 17:50,5629.76
19/12/2025 17:55,5673.21
19/12/2025 18:00,6071.57
19/12/2025 18:05,5697.16
19/12/2025 18:10,6267.34
19/12/2025 18:15,6026.02
19/12/2025 18:20,6271.52
19/12/2025 18:25,6106.81
19/12/2025 18:30,6122.36
19/12/2025 18:35,6042.0
19/12/2025 18:40,5961.84
19/12/2025 18:45,6158.99
19/12/2025 18:50,5767.15
19/12/2025 18:55,6189.44
19/12/2025 19:00,6000.6
19/12/2025 19:05,6487.67
19/12/2025 19:10,6270.77
19/12/2025 19:15,6144.81
19/12/2025 19:20,6313.49
19/12/2025 19:25,6174.05
19/12/2025 19:30,6260.83
19/12/2025 19:35,6408.93
19/12/2025 19:40,6266.38
19/12/2025 19:45,6515.51
19/12/2025 19:50,6125.84
19/12/2025 19:55,6435.94
19/12/2025 20:00,6143.29
19/12/2025 20:05,6354.86
19/12/2025 20:10,6581.77
19/12/2025 20:15,6173.98
19/12/2025 20:20,5877.65
19/12/2025 20:25,6179.59
19/12/2025 20:30,6143.79
19/12/2025 20:35,6311.16
19/12/2025 20:40,6139.0
19/12/2025 20:45,6362.16
19/12/2025 20:50,6264.46
19/12/2025 20:55,6240.39
19/12/2025 21:00,6074.95
19/12/2025 21:05,6118.61
19/12/2025 21:10,6219.76
19/12/2025 21:15,6179.11
19/12/2025 21:20,6312.19
19/12/2025 21:25,6324.18
19/12/2025 21:30,5890.09
19/12/2025 21:35,6065.78
19/12/2025 21:40,5826.88
19/12/2025 21:45,5985.2
19/12/2025 21:50,5984.96
19/12/2025 21:55,6096.52
19/12/2025 22:00,5311.98
19/12/2025 22:05,5620.17
19/12/2025 22:10,5556.51
19/12/2025 22:15,5380.9
19/12/2025 22:20,5425.2
19/12/2025 22:25,5431.74
19/12/2025 22:30,5451.15
19/12/2025 22:35,5515.17
19/12/2025 22:40,5405.07
19/12/2025 22:45,5386.18
19/12/2025 22:50,5324.71
19/12/2025 22:55,5331.88
19/12/2025 23:00,5122.17
19/12/2025 23:05,5004.19
19/12/2025 23:10,5305.77
19/12/2025 23:15,4995.29
19/12/2025 23:20,4989.98
19/12/2025 23:25,4786.36
19/12/2025 23:30,4956.18
19/12/2025 23:35,4944.61
19/12/2025 23:40,5219.94
19/12/2025 23:45,4709.71
19/12/2025 23:50,5013.61
19/12/2025 23:55,4925.83
20/12/2025 00:00,4847.8
20/12/2025 00:05,4849.87
20/12/2025 00:10,4651.32
20/12/2025 00:15,4864.94
20/12/2025 00:20,4650.24
20/12/2025 00:25,4720.66
20/12/2025 00:30,4619.31
20/12/2025 00:35,4803.36
20/12/2025 00:40,4590.97
20/12/2025 00:45,4655.72
20/12/2025 00:50,5147.29
20/12/2025 00:55,4959.85
20/12/2025 01:00,4556.8
20/12/2025 01:05,4785.38
20/12/2025 01:10,4850.0
20/12/2025 01:15,4589.6
20/12/2025 01:20,4610.44
20/12/2025 01:25,4876.51
20/12/2025 01:30,4783.41
20/12/2025 01:35,4752.46
20/12/2025 01:40,4873.34
20/12/2025 01:45,5022.35
20/12/2025 01:50,4915.72
20/12/2025 01:55,4870.45
20/12/2025 02:00,3413.47
20/12/2025 02:05,3410.83
20/12/2025 02:10,3365.17
20/12/2025 02:15,3594.69
20/12/2025 02:20,3280.19
20/12/2025 02:25,3484.23
20/12/2025 02:30,3569.94
20/12/2025 02:35,3700.6
20/12/2025 02:40,3391.08
20/12/2025 02:45,3427.08
20/12/2025 02:50,3391.86
20/12/2025 02:55,3313.2
20/12/2025 03:00,3475.07
20/12/2025 03:05,3334.91
20/12/2025 03:10,3285.23
20/12/2025 03:15,3219.73
20/12/2025 03:20,3524.5
20/12/2025 03:25,3357.35
20/12/2025 03:30,3540.64
20/12/2025 03:35,3344.16
20/12/2025 03:40,3422.37
20/12/2025 03:45,3107.85
20/12/2025 03:50,3275.98
20/12/2025 03:55,3438.64
20/12/2025 04:00,3352.43
20/12/2025 04:05,3455.03
20/12/2025 04:10,3519.79
20/12/2025 04:15,3344.65
20/12/2025 04:20,3505.93
20/12/2025 04:25,3324.47
20/12/2025 04:30,3412.22
20/12/2025 04:35,3363.09
20/12/2025 04:40,3155.98
20/12/2025 04:45,3491.78
20/12/2025 04:50,3361.19
20/12/2025 04:55,3302.88
20/12/2025 05:00,3899.76
20/12/2025 05:05,3949.34
20/12/2025 05:10,3867.96
20/12/2025 05:15,3851.43
20/12/2025 05:20,3900.92
20/12/2025 05:25,4054.5
20/12/2025 05:30,4114.93
20/12/2025 05:35,4077.43
20/12/2025 05:40,4036.52
20/12/2025 05:45,3877.6
20/12/2025 05:50,4153.45
20/12/2025 05:55,4211.07
20/12/2025 06:00,4171.74
20/12/2025 06:05,4018.36
20/12/2025 06:10,3880.59
20/12/2025 06:15,4009.12
20/12/2025 06:20,3983.56
20/12/2025 06:25,4285.87
20/12/2025 06:30,4199.32
20/12/2025 06:35,4115.47
20/12/2025 06:40,4184.94
20/12/2025 06:45,4167.6
20/12/2025 06:50,4479.63
20/12/2025 06:55,4513.02
20/12/2025 07:00,4454.67
20/12/2025 07:05,4301.24
20/12/2025 07:10,4593.38
20/12/2025 07:15,4154.35
20/12/2025 07:20,4574.88
20/12/2025 07:25,4180.5
20/12/2025 07:30,4306.75
20/12/2025 07:35,4410.41
20/12/2025 07:40,4335.26
20/12/2025 07:45,4424.58
20/12/2025 07:50,4435.42
20/12/2025 07:55,4658.48
20/12/2025 08:00,4709.06
20/12/2025 08:05,4210.21
20/12/2025 08:10,4588.3
20/12/2025 08:15,4454.63
20/12/2025 08:20,4630.94
20/12/2025 08:25,4668.56
20/12/2025 08:30,4372.64
20/12/2025 08:35,4849.38
20/12/2025 08:40,4522.94
20/12/2025 08:45,4662.7
20/12/2025 08:50,4759.44
20/12/2025 08:55,4719.24
20/12/2025 09:00,5143.88
20/12/2025 09:05,5118.94
20/12/2025 09:10,5248.03
20/12/2025 09:15,5209.44
20/12/2025 09:20,5434.67
20/12/2025 09:25,5455.13
20/12/2025 09:30,5124.51
20/12/2025 09:35,5520.07
20/12/2025 09:40,5567.32
20/12/2025 09:45,5394.18
20/12/2025 09:50,5440.35
20/12/2025 09:55,5647.15
20/12/2025 10:00,5654.55
20/12/2025 10:05,5399.02
20/12/2025 10:10,5501.2
20/12/2025 10:15,5574.93
20/12/2025 10:20,5538.9
20/12/2025 10:25,5485.22
20/12/2025 10:30,5396.06
20/12/2025 10:35,5393.66
20/12/2025 10:40,5531.68
20/12/2025 10:45,5620.38
20/12/2025 10:50,5390.03
20/12/2025 10:55,5183.31
20/12/2025 11:00,5528.14
20/12/2025 11:05,5446.05
20/12/2025 11:10,5326.04
20/12/2025 11:15,5674.08
20/12/2025 11:20,5307.95
20/12/2025 11:25,4970.13
20/12/2025 11:30,5241.65
20/12/2025 11:35,5414.84
20/12/2025 11:40,5508.9
20/12/2025 11:45,5308.4
20/12/2025 11:50,4767.25
20/12/2025 11:55,5325.35
20/12/2025 12:00,4745.59
20/12/2025 12:05,4771.17
20/12/2025 12:10,4778.2
20/12/2025 12:15,5148.56
20/12/2025 12:20,4789.2
20/12/2025 12:25,4812.83
20/12/2025 12:30,4667.68
20/12/2025 12:35,4808.41
20/12/2025 12:40,4894.0
20/12/2025 12:45,4789.29
20/12/2025 12:50,4761.15
20/12/2025 12:55,4776.85
20/12/2025 13:00,4780.05
20/12/2025 13:05,4890.88
20/12/2025 13:10,4683.42
20/12/2025 13:15,4698.82
20/12/2025 13:20,4750.76
20/12/2025 13:25,4954.89
20/12/2025 13:30,4696.1
20/12/2025 13:35,4548.18
20/12/2025 13:40,4716.33
20/12/2025 13:45,4740.53
20/12/2025 13:50,4944.1
20/12/2025 13:55,4841.47
20/12/2025 14:00,4754.04
20/12/2025 14:05,4606.06
20/12/2025 14:10,4765.49
20/12/2025 14:15,4603.93
20/12/2025 14:20,4637.83
20/12/2025 14:25,4842.52
20/12/2025 14:30,4656.34
20/12/2025 14:35,4498.75
20/12/2025 14:40,4708.14
20/12/2025 14:45,4667.64
20/12/2025 14:50,4448.65
20/12/2025 14:55,4878.91
20/12/2025 15:00,4989.45
20/12/2025 15:05,4609.82
20/12/2025 15:10,4742.39
20/12/2025 15:15,4590.71
20/12/2025 15:20,4471.46
20/12/2025 15:25,4742.11
20/12/2025 15:30,4783.99
20/12/2025 15:35,4898.51
20/12/2025 15:40,4734.12
20/12/2025 15:45,4850.45
20/12/2025 15:50,4895.55
20/12/2025 15:55,4835.01
20/12/2025 16:00,4594.06
20/12/2025 16:05,5186.53
20/12/2025 16:10,4931.45
20/12/2025 16:15,4742.7
20/12/2025 16:20,5055.45
20/12/2025 16:25,4778.42
20/12/2025 16:30,5012.28
20/12/2025 16:35,4907.39
20/12/2025 16:40,5114.63
20/12/2025 16:45,5036.12
20/12/2025 16:50,5444.19
20/12/2025 16:55,5153.22
20/12/2025 17:00,5273.69
20/12/2025 17:05,5148.92
20/12/2025 17:10,5015.1
20/12/2025 17:15,5360.22
20/12/2025 17:20,5347.76
20/12/2025 17:25,5724.49
20/12/2025 17:30,5344.12
20/12/2025 17:35,5394.14
20/12/2025 17:40,5285.43
20/12/2025 17:45,5257.38
20/12/2025 17:50,5149.07
20/12/2025 17:55,5419.58
20/12/2025 18:00,5471.48
20/12/2025 18:05,5725.57
20/12/2025 18:10,5563.62
20/12/2025 18:15,5589.19
20/12/2025 18:20,5498.61
20/12/2025 18:25,5716.37
20/12/2025 18:30,5519.18
20/12/2025 18:35,5439.45
20/12/2025 18:40,5652.99
20/12/2025 18:45,5780.42
20/12/2025 18:50,5912.74
20/12/2025 18:55,5787.6
20/12/2025 19:00,5747.39
20/12/2025 19:05,5865.12
20/12/2025 19:10,5928.37
20/12/2025 19:15,5830.61
20/12/2025 19:20,5850.54
20/12/2025 19:25,5822.85
20/12/2025 19:30,6321.77
20/12/2025 19:35,5617.83
20/12/2025 19:40,5982.13
20/12/2025 19:45,5843.9
20/12/2025 19:50,5850.67
20/12/2025 19:55,5572.83
20/12/2025 20:00,5656.92
20/12/2025 20:05,5880.28
20/12/2025 20:10,5702.34
20/12/2025 20:15,5801.0
20/12/2025 20:20,5893.49
20/12/2025 20:25,5718.92
20/12/2025 20:30,6108.64
20/12/2025 20:35,5803.41
20/12/2025 20:40,5913.39
20/12/2025 20:45,6033.59
20/12/2025 20:50,5597.22
20/12/2025 20:55,5772.31
20/12/2025 21:00,5878.42
20/12/2025 21:05,5858.78
20/12/2025 21:10,5714.02
20/12/2025 21:15,5739.58
20/12/2025 21:20,5689.44
20/12/2025 21:25,5786.31
20/12/2025 21:30,5843.57
20/12/2025 21:35,5539.22
20/12/2025 21:40,5779.85
20/12/2025 21:45,5445.87
20/12/2025 21:50,5669.42
20/12/2025 21:55,5653.99
20/12/2025 22:00,5238.68
20/12/2025 22:05,5301.26
20/12/2025 22:10,5231.39
20/12/2025 22:15,5255.68
20/12/2025 22:20,4982.28
20/12/2025 22:25,5039.11
20/12/2025 22:30,4751.73
20/12/2025 22:35,4823.34
20/12/2025 22:40,4872.49
20/12/2025 22:45,4794.85
20/12/2025 22:50,4887.14
20/12/2025 22:55,4736.81
20/12/2025 23:00,4642.73
20/12/2025 23:05,5111.19
20/12/2025 23:10,4640.87
20/12/2025 23:15,4805.68
20/12/2025 23:20,4844.58
20/12/2025 23:25,4556.23
20/12/2025 23:30,4483.26
20/12/2025 23:35,4629.08
20/12/2025 23:40,4599.19
20/12/2025 23:45,4735.52
20/12/2025 23:50,4448.56
20/12/2025 23:55,4547.82
21/12/2025 00:00,4924.7
21/12/2025 00:05,4611.2
21/12/2025 00:10,4955.56
21/12/2025 00:15,4729.6
21/12/2025 00:20,4794.68
21/12/2025 00:25,4876.74
21/12/2025 00:30,4463.79
21/12/2025 00:35,4960.21
21/12/2025 00:40,4761.6
21/12/2025 00:45,4837.82
21/12/2025 00:50,4790.56
21/12/2025 00:55,5015.79
21/12/2025 01:00,4834.99
21/12/2025 01:05,4606.54
21/12/2025 01:10,4929.08
21/12/2025 01:15,4637.72
21/12/2025 01:20,4966.95
21/12/2025 01:25,4677.44
21/12/2025 01:30,4646.7
21/12/2025 01:35,5135.12
21/12/2025 01:40,4942.18
21/12/2025 01:45,4851.07
21/12/2025 01:50,5014.33
21/12/2025 01:55,4999.22
21/12/2025 02:00,3536.5
21/12/2025 02:05,3622.43
21/12/2025 02:10,3274.91
21/12/2025 02:15,3439.56
21/12/2025 02:20,3085.65
21/12/2025 02:25,3476.59
21/12/2025 02:30,3257.05
21/12/2025 02:35,3153.41
21/12/2025 02:40,3411.6
21/12/2025 02:45,3584.61
21/12/2025 02:50,3475.1
21/12/2025 02:55,3453.14
21/12/2025 03:00,3223.74
21/12/2025 03:05,3468.39
21/12/2025 03:10,3136.68
21/12/2025 03:15,3317.64
21/12/2025 03:20,3342.22
21/12/2025 03:25,3450.55
21/12/2025 03:30,3345.92
21/12/2025 03:35,3491.6
21/12/2025 03:40,3468.05
21/12/2025 03:45,3365.82
21/12/2025 03:50,3266.97
21/12/2025 03:55,3740.94
21/12/2025 04:00,3435.06
21/12/2025 04:05,3269.47
21/12/2025 04:10,3268.75
21/12/2025 04:15,3500.69
21/12/2025 04:20,3427.53
21/12/2025 04:25,3313.17
21/12/2025 04:30,3295.23
21/12/2025 04:35,3273.22
21/12/2025 04:40,3552.67
21/12/2025 04:45,3407.55
21/12/2025 04:50,3281.96
21/12/2025 04:55,3420.06
21/12/2025 05:00,3958.77
21/12/2025 05:05,4049.36
21/12/2025 05:10,3999.8
21/12/2025 05:15,4025.56
21/12/2025 05:20,3997.41
21/12/2025 05:25,4238.92
21/12/2025 05:30,4004.17
21/12/2025 05:35,4050.06
21/12/2025 05:40,4014.77
21/12/2025 05:45,3971.9
21/12/2025 05:50,4036.08
21/12/2025 05:55,4066.01
21/12/2025 06:00,4300.64
21/12/2025 06:05,4189.07
21/12/2025 06:10,4196.61
21/12/2025 06:15,4189.27
21/12/2025 06:20,4053.74
21/12/2025 06:25,3854.75
21/12/2025 06:30,4432.04
21/12/2025 06:35,4281.29
21/12/2025 06:40,4342.67
21/12/2025 06:45,4343.89
21/12/2025 06:50,3910.04
21/12/2025 06:55,4120.75
21/12/2025 07:00,3946.28
21/12/2025 07:05,4760.99
21/12/2025 07:10,4430.56
21/12/2025 07:15,4330.47
21/12/2025 07:20,4330.22
21/12/2025 07:25,4354.24
21/12/2025 07:30,4581.11
21/12/2025 07:35,4328.55
21/12/2025 07:40,4406.4
21/12/2025 07:45,4326.43
21/12/2025 07:50,4285.43
21/12/2025 07:55,4794.01
21/12/2025 08:00,4568.7
21/12/2025 08:05,4617.46
21/12/2025 08:10,4441.45
21/12/2025 08:15,4425.85
21/12/2025 08:20,4751.71
21/12/2025 08:25,4549.16
21/12/2025 08:30,4533.07
21/12/2025 08:35,4728.79
21/12/2025 08:40,4730.87
21/12/2025 08:45,4675.43
21/12/2025 08:50,4592.47
21/12/2025 08:55,4800.14
21/12/2025 09:00,5312.27
21/12/2025 09:05,4980.54
21/12/2025 09:10,5161.97
21/12/2025 09:15,5142.96
21/12/2025 09:20,5481.77
21/12/2025 09:25,5504.03
21/12/2025 09:30,5347.55
21/12/2025 09:35,5281.03
21/12/2025 09:40,5320.43
21/12/2025 09:45,5427.95
21/12/2025 09:50,5345.95
21/12/2025 09:55,5352.76
21/12/2025 10:00,5200.92
21/12/2025 10:05,5315.75
21/12/2025 10:10,5384.84
21/12/2025 10:15,5489.97
21/12/2025 10:20,5513.86
21/12/2025 10:25,5351.0
21/12/2025 10:30,5248.46
21/12/2025 10:35,5381.13
21/12/2025 10:40,5293.79
21/12/2025 10:45,5511.78
21/12/2025 10:50,5344.56
21/12/2025 10:55,5316.05
21/12/2025 11:00,4993.48
21/12/2025 11:05,5386.69
21/12/2025 11:10,5456.07
21/12/2025 11:15,5392.1
21/12/2025 11:20,5405.42
21/12/2025 11:25,5037.24
21/12/2025 11:30,4988.56
21/12/2025 11:35,5292.67
21/12/2025 11:40,5275.59
21/12/2025 11:45,5390.37
21/12/2025 11:50,5061.07
21/12/2025 11:55,5148.31
21/12/2025 12:00,5018.85
21/12/2025 12:05,5123.23
21/12/2025 12:10,4971.16
21/12/2025 12:15,4827.31
21/12/2025 12:20,4773.12
21/12/2025 12:25,4801.28
21/12/2025 12:30,4835.74
21/12/2025 12:35,4926.92
21/12/2025 12:40,4686.12
21/12/2025 12:45,4984.95
21/12/2025 12:50,4765.32
21/12/2025 12:55,4780.82
21/12/2025 13:00,4900.55
21/12/2025 13:05,5072.41
21/12/2025 13:10,4548.44
21/12/2025 13:15,4709.59
21/12/2025 13:20,4947.83
21/12/2025 13:25,4798.23
21/12/2025 13:30,4772.29
21/12/2025 13:35,4845.23
21/12/2025 13:40,4708.74
21/12/2025 13:45,4686.7
21/12/2025 13:50,4957.34
21/12/2025 13:55,4830.56
21/12/2025 14:00,4821.17
21/12/2025 14:05,4892.13
21/12/2025 14:10,4880.27
21/12/2025 14:15,4466.58
21/12/2025 14:20,4587.43
21/12/2025 14:25,4558.24
21/12/2025 14:30,4439.74
21/12/2025 14:35,4527.34
21/12/2025 14:40,4898.79
21/12/2025 14:45,4453.38
21/12/2025 14:50,4599.29
21/12/2025 14:55,4774.99
21/12/2025 15:00,4664.19
21/12/2025 15:05,4475.06
21/12/2025 15:10,4417.17
21/12/2025 15:15,4940.44
21/12/2025 15:20,4789.72
21/12/2025 15:25,4832.65
21/12/2025 15:30,4688.69
21/12/2025 15:35,4862.58
21/12/2025 15:40,4779.61
21/12/2025 15:45,4868.12
21/12/2025 15:50,4759.31
21/12/2025 15:55,4702.1
21/12/2025 16:00,5090.86
21/12/2025 16:05,5319.06
21/12/2025 16:10,5215.53
21/12/2025 16:15,4991.49
21/12/2025 16:20,5093.95
21/12/2025 16:25,4948.68
21/12/2025 16:30,4898.93
21/12/2025 16:35,4785.5
21/12/2025 16:40,5355.13
21/12/2025 16:45,5246.94
21/12/2025 16:50,4870.75
21/12/2025 16:55,5314.59
21/12/2025 17:00,5215.51
21/12/2025 17:05,4986.32
21/12/2025 17:10,5531.68
21/12/2025 17:15,5336.73
21/12/2025 17:20,5048.88
21/12/2025 17:25,5690.05
21/12/2025 17:30,5370.22
21/12/2025 17:35,5104.43
21/12/2025 17:40,4866.06
21/12/2025 17:45,5402.3
21/12/2025 17:50,5419.08
21/12/2025 17:55,5666.47
21/12/2025 18:00,5676.21
21/12/2025 18:05,5678.22
21/12/2025 18:10,5732.62
21/12/2025 18:15,5670.64
21/12/2025 18:20,5401.45
21/12/2025 18:25,5817.5
21/12/2025 18:30,5778.91
21/12/2025 18:35,5955.81
21/12/2025 18:40,5503.57
21/12/2025 18:45,5773.81
21/12/2025 18:50,5615.37
21/12/2025 18:55,5798.4
21/12/2025 19:00,6152.71
21/12/2025 19:05,6050.53
21/12/2025 19:10,6085.28
21/12/2025 19:15,5689.55
21/12/2025 19:20,5989.66
21/12/2025 19:25,5876.39
21/12/2025 19:30,5704.52
21/12/2025 19:35,5940.65
21/12/2025 19:40,5746.03
21/12/2025 19:45,5920.68
21/12/2025 19:50,5960.85
21/12/2025 19:55,5779.56
21/12/2025 20:00,5768.1
21/12/2025 20:05,5929.42
21/12/2025 20:10,5927.59
21/12/2025 20:15,6024.08
21/12/2025 20:20,6078.71
21/12/2025 20:25,5912.46
21/12/2025 20:30,5551.84
21/12/2025 20:35,5922.57
21/12/2025 20:40,5770.93
21/12/2025 20:45,5872.15
21/12/2025 20:50,6102.86
21/12/2025 20:55,5924.6
21/12/2025 21:00,5876.65
21/12/2025 21:05,5856.77
21/12/2025 21:10,5755.99
21/12/2025 21:15,5625.9
21/12/2025 21:20,5938.49
21/12/2025 21:25,5485.86
21/12/2025 21:30,5702.44
21/12/2025 21:35,5736.15
21/12/2025 21:40,5603.11
21/12/2025 21:45,5833.98
21/12/2025 21:50,5850.06
21/12/2025 21:55,5545.67
21/12/2025 22:00,5030.37
21/12/2025 22:05,5003.03
21/12/2025 22:10,4930.99
21/12/2025 22:15,5106.04
21/12/2025 22:20,5306.91
21/12/2025 22:25,5121.32
21/12/2025 22:30,4748.31
21/12/2025 22:35,4836.68
21/12/2025 22:40,4853.25
21/12/2025 22:45,4840.31
21/12/2025 22:50,4831.96
21/12/2025 22:55,5025.92
21/12/2025 23:00,4795.84
21/12/2025 23:05,4554.06
21/12/2025 23:10,4635.34
21/12/2025 23:15,4746.45
21/12/2025 23:20,4392.24
21/12/2025 23:25,4515.4
21/12/2025 23:30,4779.83
21/12/2025 23:35,4531.5
21/12/2025 23:40,4469.93
21/12/2025 23:45,4667.44
21/12/2025 23:50,4404.4
21/12/2025 23:55,4564.55
22/12/2025 00:00,5206.38
22/12/2025 00:05,5332.52
22/12/2025 00:10,5315.77
22/12/2025 00:15,5136.04
22/12/2025 00:20,5481.08
22/12/2025 00:25,5309.78
22/12/2025 00:30,4739.7
22/12/2025 00:35,5386.54
22/12/2025 00:40,5462.29
22/12/2025 00:45,5147.15
22/12/2025 00:50,5242.83
22/12/2025 00:55,5108.38
22/12/2025 01:00,5295.74
22/12/2025 01:05,5036.07
22/12/2025 01:10,5208.61
22/12/2025 01:15,5236.55
22/12/2025 01:20,5067.36
22/12/2025 01:25,5096.88
22/12/2025 01:30,5090.63
22/12/2025 01:35,5329.63
22/12/2025 01:40,5399.13
22/12/2025 01:45,5339.42
22/12/2025 01:50,5328.81
22/12/2025 01:55,5154.52
22/12/2025 02:00,3832.54
22/12/2025 02:05,3939.89
22/12/2025 02:10,3707.3
22/12/2025 02:15,4096.79
22/12/2025 02:20,3580.78
22/12/2025 02:25,3797.17
22/12/2025 02:30,4015.33
22/12/2025 02:35,3945.85
22/12/2025 02:40,3665.86
22/12/2025 02:45,3477.24
22/12/2025 02:50,3743.94
22/12/2025 02:55,3574.27
22/12/2025 03:00,3767.61
22/12/2025 03:05,3900.89
22/12/2025 03:10,3780.28
22/12/2025 03:15,3900.7
22/12/2025 03:20,3902.29
22/12/2025 03:25,3753.15
22/12/2025 03:30,3882.49
22/12/2025 03:35,3455.73
22/12/2025 03:40,3821.56
22/12/2025 03:45,3897.72
22/12/2025 03:50,3702.96
22/12/2025 03:55,3939.45
22/12/2025 04:00,3846.9
22/12/2025 04:05,3957.24
22/12/2025 04:10,3644.13
22/12/2025 04:15,3583.64
22/12/2025 04:20,3737.67
22/12/2025 04:25,3713.31
22/12/2025 04:30,3569.64
22/12/2025 04:35,3774.49
22/12/2025 04:40,3596.93
22/12/2025 04:45,3669.23
22/12/2025 04:50,3591.92
22/12/2025 04:55,3767.74
22/12/2025 05:00,4363.29
22/12/2025 05:05,4553.68
22/12/2025 05:10,4471.39
22/12/2025 05:15,4136.86
22/12/2025 05:20,4182.6
22/12/2025 05:25,4392.88
22/12/2025 05:30,4348.16
22/12/2025 05:35,4485.88
22/12/2025 05:40,4382.76
22/12/2025 05:45,4225.33
22/12/2025 05:50,4650.02
22/12/2025 05:55,4662.97
22/12/2025 06:00,4792.54
22/12/2025 06:05,4587.46
22/12/2025 06:10,4643.95
22/12/2025 06:15,4489.04
22/12/2025 06:20,4448.86
22/12/2025 06:25,4662.78
22/12/2025 06:30,4832.26
22/12/2025 06:35,4578.09
22/12/2025 06:40,4772.74
22/12/2025 06:45,4762.51
22/12/2025 06:50,4494.26
22/12/2025 06:55,4576.88
22/12/2025 07:00,4549.02
22/12/2025 07:05,4591.79
22/12/2025 07:10,4549.93
22/12/2025 07:15,4771.54
22/12/2025 07:20,4671.96
22/12/2025 07:25,4697.42
22/12/2025 07:30,4888.19
22/12/2025 07:35,4812.12
22/12/2025 07:40,4865.28
22/12/2025 07:45,5005.26
22/12/2025 07:50,4983.64
22/12/2025 07:55,4972.8
22/12/2025 08:00,4988.43
22/12/2025 08:05,5143.9
22/12/2025 08:10,4820.64
22/12/2025 08:15,5127.48
22/12/2025 08:20,4986.25
22/12/2025 08:25,5100.63
22/12/2025 08:30,4918.92
22/12/2025 08:35,5196.99
22/12/2025 08:40,4977.89
22/12/2025 08:45,5392.75
22/12/2025 08:50,5075.06
22/12/2025 08:55,5135.23
22/12/2025 09:00,5584.41
22/12/2025 09:05,5673.8
22/12/2025 09:10,5696.13
22/12/2025 09:15,5665.92
22/12/2025 09:20,5850.84
22/12/2025 09:25,5682.92
22/12/2025 09:30,5449.67
22/12/2025 09:35,5830.57
22/12/2025 09:40,6007.26
22/12/2025 09:45,5802.12
22/12/2025 09:50,5752.6
22/12/2025 09:55,5960.7
22/12/2025 10:00,5819.56
22/12/2025 10:05,5586.16
22/12/2025 10:10,5768.84
22/12/2025 10:15,5804.19
22/12/2025 10:20,5871.73
22/12/2025 10:25,5942.38
22/12/2025 10:30,5640.0
22/12/2025 10:35,5551.01
22/12/2025 10:40,5856.55
22/12/2025 10:45,5540.31
22/12/2025 10:50,5772.61
22/12/2025 10:55,5721.05
22/12/2025 11:00,5651.51
22/12/2025 11:05,5736.72
22/12/2025 11:10,5786.85
22/12/2025 11:15,5780.53
22/12/2025 11:20,5648.58
22/12/2025 11:25,5840.08
22/12/2025 11:30,5668.12
22/12/2025 11:35,5714.12
22/12/2025 11:40,5578.52
22/12/2025 11:45,5779.59
22/12/2025 11:50,5673.71
22/12/2025 11:55,5438.13
22/12/2025 12:00,5371.65
22/12/2025 12:05,5590.87
22/12/2025 12:10,5380.61
22/12/2025 12:15,5311.15
22/12/2025 12:20,5251.13
22/12/2025 12:25,5379.56
22/12/2025 12:30,5311.24
22/12/2025 12:35,5576.03
22/12/2025 12:40,5265.64
22/12/2025 12:45,5185.55
22/12/2025 12:50,5069.91
22/12/2025 12:55,4959.37
22/12/2025 13:00,5041.96
22/12/2025 13:05,5342.48
22/12/2025 13:10,5336.92
22/12/2025 13:15,5272.7
22/12/2025 13:20,5427.43
22/12/2025 13:25,5330.97
22/12/2025 13:30,5164.92
22/12/2025 13:35,5181.86
22/12/2025 13:40,4939.22
22/12/2025 13:45,5031.04
22/12/2025 13:50,5072.09
22/12/2025 13:55,5223.55
22/12/2025 14:00,5000.84
22/12/2025 14:05,4882.9
22/12/2025 14:10,5089.76
22/12/2025 14:15,5108.15
22/12/2025 14:20,5236.93
22/12/2025 14:25,4919.54
22/12/2025 14:30,4981.19
22/12/2025 14:35,5100.65
22/12/2025 14:40,4964.8
22/12/2025 14:45,4952.83
22/12/2025 14:50,4819.16
22/12/2025 14:55,4729.41
22/12/2025 15:00,4794.87
22/12/2025 15:05,5101.81
22/12/2025 15:10,5062.19
22/12/2025 15:15,5384.67
22/12/2025 15:20,5143.67
22/12/2025 15:25,5543.26
22/12/2025 15:30,5357.91
22/12/2025 15:35,5224.49
22/12/2025 15:40,5354.71
22/12/2025 15:45,5135.12
22/12/2025 15:50,5133.57
22/12/2025 15:55,5130.28
22/12/2025 16:00,5104.97
22/12/2025 16:05,5364.01
22/12/2025 16:10,5239.91
22/12/2025 16:15,5440.48
22/12/2025 16:20,5328.94
22/12/2025 16:25,5460.36
22/12/2025 16:30,5729.83
22/12/2025 16:35,5599.29
22/12/2025 16:40,5398.29
22/12/2025 16:45,5539.91
22/12/2025 16:50,5746.41
22/12/2025 16:55,5302.53
22/12/2025 17:00,5482.42
22/12/2025 17:05,5500.48
22/12/2025 17:10,5781.85
22/12/2025 17:15,5437.61
22/12/2025 17:20,5519.26
22/12/2025 17:25,5808.82
22/12/2025 17:30,5756.67
22/12/2025 17:35,5842.3
22/12/2025 17:40,5838.53
22/12/2025 17:45,6052.62
22/12/2025 17:50,6031.32
22/12/2025 17:55,5958.39
22/12/2025 18:00,6163.08
22/12/2025 18:05,6180.82
22/12/2025 18:10,6248.67
22/12/2025 18:15,5816.57
22/12/2025 18:20,5930.6
22/12/2025 18:25,6063.21
22/12/2025 18:30,6206.68
22/12/2025 18:35,5990.46
22/12/2025 18:40,6200.99
22/12/2025 18:45,5958.54
22/12/2025 18:50,6313.83
22/12/2025 18:55,6064.77
22/12/2025 19:00,6170.69
22/12/2025 19:05,6377.83
22/12/2025 19:10,6506.32
22/12/2025 19:15,6468.39
22/12/2025 19:20,6579.55
22/12/2025 19:25,6526.49
22/12/2025 19:30,6425.05
22/12/2025 19:35,6555.86
22/12/2025 19:40,6234.49
22/12/2025 19:45,6301.67
22/12/2025 19:50,6456.12
22/12/2025 19:55,6352.21
22/12/2025 20:00,6534.44
22/12/2025 20:05,6284.29
22/12/2025 20:10,6511.38
22/12/2025 20:15,6555.2
22/12/2025 20:20,6529.3
22/12/2025 20:25,6435.24
22/12/2025 20:30,6173.14
22/12/2025 20:35,6277.79
22/12/2025 20:40,6601.63
22/12/2025 20:45,6432.07
22/12/2025 20:50,6154.53
22/12/2025 20:55,6039.17
22/12/2025 21:00,6322.22
22/12/2025 21:05,6047.34
22/12/2025 21:10,6358.7
22/12/2025 21:15,6025.44
22/12/2025 21:20,6275.62
22/12/2025 21:25,5894.62
22/12/2025 21:30,6076.9
22/12/2025 21:35,5863.65
22/12/2025 21:40,6411.99
22/12/2025 21:45,6040.78
22/12/2025 21:50,6147.76
22/12/2025 21:55,5713.09
22/12/2025 22:00,5658.16
22/12/2025 22:05,5498.54
22/12/2025 22:10,5530.1
22/12/2025 22:15,5452.6
22/12/2025 22:20,5410.85
22/12/2025 22:25,5631.2
22/12/2025 22:30,5540.83
22/12/2025 22:35,5548.77
22/12/2025 22:40,5303.74
22/12/2025 22:45,5331.18
22/12/2025 22:50,5065.56
22/12/2025 22:55,5280.3
22/12/2025 23:00,5031.24
22/12/2025 23:05,5059.4
22/12/2025 23:10,5283.1
22/12/2025 23:15,5404.02
22/12/2025 23:20,5092.23
22/12/2025 23:25,5174.15
22/12/2025 23:30,4991.62
22/12/2025 23:35,4832.9
22/12/2025 23:40,4766.53
22/12/2025 23:45,4980.84
22/12/2025 23:50,4713.58
22/12/2025 23:55,4824.48
23/12/2025 00:00,5369.98
23/12/2025 00:05,5066.62
23/12/2025 00:10,5061.93
23/12/2025 00:15,5340.29
23/12/2025 00:20,5444.93
23/12/2025 00:25,5278.54
23/12/2025 00:30,5130.08
23/12/2025 00:35,5077.47
23/12/2025 00:40,5109.88
23/12/2025 00:45,5260.68
23/12/2025 00:50,5123.12
23/12/2025 00:55,5371.56
23/12/2025 01:00,5033.4
23/12/2025 01:05,5087.91
23/12/2025 01:10,5164.34
23/12/2025 01:15,5286.11
23/12/2025 01:20,5263.24
23/12/2025 01:25,5198.69
23/12/2025 01:30,5128.61
23/12/2025 01:35,5259.93
23/12/2025 01:40,5127.18
23/12/2025 01:45,5389.98
23/12/2025 01:50,5183.02
23/12/2025 01:55,5325.63
23/12/2025 02:00,3961.83
23/12/2025 02:05,3826.63
23/12/2025 02:10,3853.33
23/12/2025 02:15,3618.23
23/12/2025 02:20,3797.81
23/12/2025 02:25,3553.81
23/12/2025 02:30,3760.32
23/12/2025 02:35,3705.13
23/12/2025 02:40,3794.85
23/12/2025 02:45,3661.7
23/12/2025 02:50,3643.48
23/12/2025 02:55,3641.55
23/12/2025 03:00,3906.77
23/12/2025 03:05,3760.64
23/12/2025 03:10,3895.33
23/12/2025 03:15,3700.34
23/12/2025 03:20,4092.09
23/12/2025 03:25,3523.08
23/12/2025 03:30,4035.74
23/12/2025 03:35,3873.37
23/12/2025 03:40,3688.57
23/12/2025 03:45,3546.4
23/12/2025 03:50,3759.34
23/12/2025 03:55,3657.88
23/12/2025 04:00,3862.9
23/12/2025 04:05,3790.91
23/12/2025 04:10,3897.31
23/12/2025 04:15,3776.78
23/12/2025 04:20,3805.39
23/12/2025 04:25,3786.06
23/12/2025 04:30,3846.17
23/12/2025 04:35,3664.13
23/12/2025 04:40,3722.35
23/12/2025 04:45,3625.11
23/12/2025 04:50,3588.78
23/12/2025 04:55,4017.72
23/12/2025 05:00,4385.21
23/12/2025 05:05,4182.93
23/12/2025 05:10,4144.55
23/12/2025 05:15,4270.37
23/12/2025 05:20,4390.41
23/12/2025 05:25,4449.68
23/12/2025 05:30,4464.15
23/12/2025 05:35,4322.12
23/12/2025 05:40,4643.83
23/12/2025 05:45,4296.69
23/12/2025 05:50,4503.21
23/12/2025 05:55,4472.53
23/12/2025 06:00,4471.48
23/12/2025 06:05,4388.64
23/12/2025 06:10,4512.4
23/12/2025 06:15,4279.33
23/12/2025 06:20,4529.76
23/12/2025 06:25,4508.64
23/12/2025 06:30,4594.93
23/12/2025 06:35,4726.06
23/12/2025 06:40,4649.96
23/12/2025 06:45,4476.05
23/12/2025 06:50,4658.64
23/12/2025 06:55,4624.81
23/12/2025 07:00,4688.28
23/12/2025 07:05,4863.89
23/12/2025 07:10,4731.89
23/12/2025 07:15,5098.99
23/12/2025 07:20,4651.1
23/12/2025 07:25,4860.67
23/12/2025 07:30,4862.77
23/12/2025 07:35,4865.79
23/12/2025 07:40,4639.87
23/12/2025 07:45,4749.68
23/12/2025 07:50,4871.67
23/12/2025 07:55,4841.3
23/12/2025 08:00,4901.73
23/12/2025 08:05,5028.37
23/12/2025 08:10,4672.04
23/12/2025 08:15,5087.27
23/12/2025 08:20,4923.23
23/12/2025 08:25,5049.66
23/12/2025 08:30,4948.93
23/12/2025 08:35,5105.28
23/12/2025 08:40,5045.39
23/12/2025 08:45,5200.02
23/12/2025 08:50,5243.1
23/12/2025 08:55,5135.42
23/12/2025 09:00,5582.46
23/12/2025 09:05,5695.04
23/12/2025 09:10,5610.31
23/12/2025 09:15,5730.66
23/12/2025 09:20,5415.51
23/12/2025 09:25,5495.52
23/12/2025 09:30,5756.79
23/12/2025 09:35,5538.35
23/12/2025 09:40,5566.43
23/12/2025 09:45,5730.48
23/12/2025 09:50,5550.75
23/12/2025 09:55,5819.26
23/12/2025 10:00,6016.2
23/12/2025 10:05,5894.9
23/12/2025 10:10,5802.38
23/12/2025 10:15,5942.39
23/12/2025 10:20,5684.99
23/12/2025 10:25,5768.66
23/12/2025 10:30,5634.24
23/12/2025 10:35,5492.75
23/12/2025 10:40,5609.81
23/12/2025 10:45,5779.64
23/12/2025 10:50,5407.93
23/12/2025 10:55,5827.81
23/12/2025 11:00,5779.37
23/12/2025 11:05,5713.13
23/12/2025 11:10,5738.22
23/12/2025 11:15,5868.2
23/12/2025 11:20,5631.61
23/12/2025 11:25,5759.22
23/12/2025 11:30,5544.81
23/12/2025 11:35,5569.9
23/12/2025 11:40,5555.66
23/12/2025 11:45,5450.47
23/12/2025 11:50,5361.54
23/12/2025 11:55,5475.72
23/12/2025 12:00,4957.68
23/12/2025 12:05,5622.97
23/12/2025 12:10,5552.73
23/12/2025 12:15,4934.48
23/12/2025 12:20,5045.17
23/12/2025 12:25,5019.91
23/12/2025 12:30,5185.15
23/12/2025 12:35,5390.44
23/12/2025 12:40,5085.25
23/12/2025 12:45,5345.88
23/12/2025 12:50,5067.41
23/12/2025 12:55,5006.86
23/12/2025 13:00,4972.7
23/12/2025 13:05,4983.12
23/12/2025 13:10,5110.88
23/12/2025 13:15,5203.18
23/12/2025 13:20,5157.13
23/12/2025 13:25,5119.35
23/12/2025 13:30,5227.39
23/12/2025 13:35,5243.52
23/12/2025 13:40,5094.96
23/12/2025 13:45,5170.51
23/12/2025 13:50,5244.53
23/12/2025 13:55,5060.69
23/12/2025 14:00,5093.0
23/12/2025 14:05,4877.12
23/12/2025 14:10,5032.19
23/12/2025 14:15,4968.03
23/12/2025 14:20,5416.95
23/12/2025 14:25,5050.12
23/12/2025 14:30,4938.18
23/12/2025 14:35,4808.76
23/12/2025 14:40,5157.55
23/12/2025 14:45,4946.75
23/12/2025 14:50,5032.74
23/12/2025 14:55,4932.43
23/12/2025 15:00,4895.59
23/12/2025 15:05,4949.32
23/12/2025 15:10,5017.61
23/12/2025 15:15,5020.92
23/12/2025 15:20,5118.06
23/12/2025 15:25,5353.37
23/12/2025 15:30,5131.52
23/12/2025 15:35,5388.02
23/12/2025 15:40,5187.9
23/12/2025 15:45,5057.26
23/12/2025 15:50,5277.33
23/12/2025 15:55,5548.56
23/12/2025 16:00,5311.45
23/12/2025 16:05,5243.9
23/12/2025 16:10,5477.49
23/12/2025 16:15,5396.46
23/12/2025 16:20,5555.34
23/12/2025 16:25,5395.53
23/12/2025 16:30,5350.1
23/12/2025 16:35,5346.73
23/12/2025 16:40,5790.41
23/12/2025 16:45,5765.75
23/12/2025 16:50,5563.47
23/12/2025 16:55,5361.65
23/12/2025 17:00,5570.63
23/12/2025 17:05,5537.25
23/12/2025 17:10,5394.66
23/12/2025 17:15,5660.92
23/12/2025 17:20,5731.4
23/12/2025 17:25,5657.36
23/12/2025 17:30,5607.19
23/12/2025 17:35,5938.46
23/12/2025 17:40,5827.32
23/12/2025 17:45,5776.21
23/12/2025 17:50,5851.89
23/12/2025 17:55,5749.4
23/12/2025 18:00,5885.57
23/12/2025 18:05,5965.0
23/12/2025 18:10,6279.84
23/12/2025 18:15,6022.5
23/12/2025 18:20,5918.6
23/12/2025 18:25,6125.0
23/12/2025 18:30,6225.02
23/12/2025 18:35,6275.11
23/12/2025 18:40,6110.71
23/12/2025 18:45,6245.43
23/12/2025 18:50,6057.11
23/12/2025 18:55,6216.94
23/12/2025 19:00,6075.05
23/12/2025 19:05,6086.23
23/12/2025 19:10,6106.01
23/12/2025 19:15,6148.25
23/12/2025 19:20,6660.73
23/12/2025 19:25,6114.53
23/12/2025 19:30,6218.81
23/12/2025 19:35,6075.75
23/12/2025 19:40,6016.74
23/12/2025 19:45,6187.16
23/12/2025 19:50,6355.17
23/12/2025 19:55,6301.83
23/12/2025 20:00,6354.27
23/12/2025 20:05,6431.99
23/12/2025 20:10,5994.02
23/12/2025 20:15,6663.72
23/12/2025 20:20,6336.28
23/12/2025 20:25,6105.12
23/12/2025 20:30,6287.19
23/12/2025 20:35,6296.18
23/12/2025 20:40,6158.85
23/12/2025 20:45,6245.9
23/12/2025 20:50,6292.15
23/12/2025 20:55,6254.39
23/12/2025 21:00,6305.14
23/12/2025 21:05,6071.29
23/12/2025 21:10,6174.61
23/12/2025 21:15,6321.53
23/12/2025 21:20,5782.0
23/12/2025 21:25,6019.52
23/12/2025 21:30,6307.14
23/12/2025 21:35,6282.56
23/12/2025 21:40,5900.15
23/12/2025 21:45,5852.5
23/12/2025 21:50,5714.88
23/12/2025 21:55,5953.92
23/12/2025 22:00,5441.33
23/12/2025 22:05,5790.12
23/12/2025 22:10,5611.63
23/12/2025 22:15,5319.86
23/12/2025 22:20,5372.3
23/12/2025 22:25,5614.53
23/12/2025 22:30,5386.33
23/12/2025 22:35,5438.61
23/12/2025 22:40,5251.99
23/12/2025 22:45,5427.62
23/12/2025 22:50,5408.43
23/12/2025 22:55,5228.15
23/12/2025 23:00,5245.31
23/12/2025 23:05,5101.07
23/12/2025 23:10,5099.03
23/12/2025 23:15,5140.68
23/12/2025 23:20,5161.97
23/12/2025 23:25,5338.99
23/12/2025 23:30,5001.01
23/12/2025 23:35,4783.59
23/12/2025 23:40,5108.58
23/12/2025 23:45,4875.81
23/12/2025 23:50,4712.77
23/12/2025 23:55,5186.54
24/12/2025 00:00,5055.22
24/12/2025 00:05,4833.6
24/12/2025 00:10,5137.76
24/12/2025 00:15,5340.18
24/12/2025 00:20,5134.04
24/12/2025 00:25,5333.13
24/12/2025 00:30,5291.7
24/12/2025 00:35,5038.16
24/12/2025 00:40,5138.05
24/12/2025 00:45,5175.45
24/12/2025 00:50,5158.0
24/12/2025 00:55,4930.26
24/12/2025 01:00,4908.78
24/12/2025 01:05,5175.59
24/12/2025 01:10,5128.39
24/12/2025 01:15,5357.91
24/12/2025 01:20,5156.12
24/12/2025 01:25,5316.46
24/12/2025 01:30,4899.1
24/12/2025 01:35,5262.4
24/12/2025 01:40,5259.66
24/12/2025 01:45,5121.7
24/12/2025 01:50,5233.42
24/12/2025 01:55,5176.86
24/12/2025 02:00,3660.02
24/12/2025 02:05,3758.39
24/12/2025 02:10,3752.4
24/12/2025 02:15,4064.9
24/12/2025 02:20,3749.38
24/12/2025 02:25,4270.94
24/12/2025 02:30,3939.52
24/12/2025 02:35,3419.3
24/12/2025 02:40,3544.52
24/12/2025 02:45,3857.13
24/12/2025 02:50,3663.19
24/12/2025 02:55,4043.29
24/12/2025 03:00,3718.0
24/12/2025 03:05,3826.39
24/12/2025 03:10,3828.24
24/12/2025 03:15,3825.66
24/12/2025 03:20,3812.97
24/12/2025 03:25,3831.49
24/12/2025 03:30,3915.39
24/12/2025 03:35,3849.79
24/12/2025 03:40,3655.96
24/12/2025 03:45,3736.13
24/12/2025 03:50,3753.47
24/12/2025 03:55,3571.95
24/12/2025 04:00,3764.76
24/12/2025 04:05,3821.75
24/12/2025 04:10,3761.75
24/12/2025 04:15,3970.35
24/12/2025 04:20,3692.03
24/12/2025 04:25,3841.27
24/12/2025 04:30,3785.53
24/12/2025 04:35,3658.27
24/12/2025 04:40,3889.47
24/12/2025 04:45,4024.97
24/12/2025 04:50,4070.66
24/12/2025 04:55,3749.84
24/12/2025 05:00,4152.79
24/12/2025 05:05,4238.82
24/12/2025 05:10,4331.42
24/12/2025 05:15,4602.45
24/12/2025 05:20,4452.07
24/12/2025 05:25,4383.62
24/12/2025 05:30,4364.6
24/12/2025 05:35,4290.31
24/12/2025 05:40,4361.76
24/12/2025 05:45,4361.61
24/12/2025 05:50,4320.82
24/12/2025 05:55,4430.69
24/12/2025 06:00,4588.85
24/12/2025 06:05,4537.15
24/12/2025 06:10,4541.08
24/12/2025 06:15,4445.8
24/12/2025 06:20,4393.94
24/12/2025 06:25,4403.25
24/12/2025 06:30,4900.62
24/12/2025 06:35,4923.69
24/12/2025 06:40,4379.81
24/12/2025 06:45,4915.28
24/12/2025 06:50,4398.08
24/12/2025 06:55,4665.71
24/12/2025 07:00,4774.03
24/12/2025 07:05,4615.33
24/12/2025 07:10,4687.94
24/12/2025 07:15,4921.57
24/12/2025 07:20,4713.46
24/12/2025 07:25,4636.29
24/12/2025 07:30,4929.55
24/12/2025 07:35,4970.75
24/12/2025 07:40,5018.74
24/12/2025 07:45,5127.79
24/12/2025 07:50,4907.5
24/12/2025 07:55,4819.56
24/12/2025 08:00,4994.15
24/12/2025 08:05,4829.47
24/12/2025 08:10,5219.1
24/12/2025 08:15,4765.33
24/12/2025 08:20,4816.9
24/12/2025 08:25,4984.93
24/12/2025 08:30,5223.37
24/12/2025 08:35,4943.53
24/12/2025 08:40,4895.9
24/12/2025 08:45,4947.61
24/12/2025 08:50,5193.36
24/12/2025 08:55,5057.11
24/12/2025 09:00,5724.09
24/12/2025 09:05,5873.03
24/12/2025 09:10,5722.34
24/12/2025 09:15,5877.01
24/12/2025 09:20,5662.36
24/12/2025 09:25,5765.17
24/12/2025 09:30,5696.81
24/12/2025 09:35,5570.58
24/12/2025 09:40,5808.98
24/12/2025 09:45,5708.88
24/12/2025 09:50,5883.8
24/12/2025 09:55,5970.22
24/12/2025 10:00,5775.73
24/12/2025 10:05,5594.09
24/12/2025 10:10,5775.74
24/12/2025 10:15,5910.87
24/12/2025 10:20,5855.24
24/12/2025 10:25,5635.88
24/12/2025 10:30,5814.93
24/12/2025 10:35,5555.35
24/12/2025 10:40,5836.9
24/12/2025 10:45,5771.75
24/12/2025 10:50,5697.68
24/12/2025 10:55,5957.33
24/12/2025 11:00,5760.04
24/12/2025 11:05,5931.26
24/12/2025 11:10,5695.0
24/12/2025 11:15,5675.08
24/12/2025 11:20,5740.34
24/12/2025 11:25,5552.05
24/12/2025 11:30,5627.39
24/12/2025 11:35,5688.02
24/12/2025 11:40,5750.57
24/12/2025 11:45,5409.52
24/12/2025 11:50,5880.78
24/12/2025 11:55,5598.76
24/12/2025 12:00,5110.5
24/12/2025 12:05,5226.53
24/12/2025 12:10,5215.31
24/12/2025 12:15,5522.62
24/12/2025 12:20,4989.73
24/12/2025 12:25,5184.05
24/12/2025 12:30,5298.79
24/12/2025 12:35,5496.1
24/12/2025 12:40,4993.41
24/12/2025 12:45,5075.02
24/12/2025 12:50,4879.53
24/12/2025 12:55,5039.22
24/12/2025 13:00,5231.79
24/12/2025 13:05,5076.16
24/12/2025 13:10,5011.12
24/12/2025 13:15,5289.88
24/12/2025 13:20,5098.65
24/12/2025 13:25,5469.28
24/12/2025 13:30,5167.49
24/12/2025 13:35,5321.42
24/12/2025 13:40,5045.71
24/12/2025 13:45,5206.81
24/12/2025 13:50,5036.29
24/12/2025 13:55,5371.09
24/12/2025 14:00,5127.3
24/12/2025 14:05,5109.52
24/12/2025 14:10,5099.47
24/12/2025 14:15,5001.47
24/12/2025 14:20,5152.13
24/12/2025 14:25,5101.6
24/12/2025 14:30,4833.67
24/12/2025 14:35,4941.15
24/12/2025 14:40,5176.25
24/12/2025 14:45,4891.68
24/12/2025 14:50,4966.89
24/12/2025 14:55,5169.7
24/12/2025 15:00,5198.35
24/12/2025 15:05,5042.9
24/12/2025 15:10,4931.57
24/12/2025 15:15,5073.99
24/12/2025 15:20,5487.92
24/12/2025 15:25,5388.76
24/12/2025 15:30,5244.91
24/12/2025 15:35,4863.69
24/12/2025 15:40,5071.41
24/12/2025 15:45,5072.16
24/12/2025 15:50,5010.09
24/12/2025 15:55,5518.74
24/12/2025 16:00,5387.03
24/12/2025 16:05,5313.43
24/12/2025 16:10,4958.82
24/12/2025 16:15,5364.81
24/12/2025 16:20,5322.97
24/12/2025 16:25,5449.59
24/12/2025 16:30,5529.04
24/12/2025 16:35,5342.49
24/12/2025 16:40,5489.54
24/12/2025 16:45,5338.76
24/12/2025 16:50,5607.55
24/12/2025 16:55,5675.21
24/12/2025 17:00,5872.59
24/12/2025 17:05,6035.48
24/12/2025 17:10,5703.23
24/12/2025 17:15,5630.88
24/12/2025 17:20,5920.23
24/12/2025 17:25,5701.53
24/12/2025 17:30,5743.15
24/12/2025 17:35,5867.05
24/12/2025 17:40,5805.68
24/12/2025 17:45,5749.51
24/12/2025 17:50,6075.18
24/12/2025 17:55,6006.89
24/12/2025 18:00,5694.82
24/12/2025 18:05,6044.27
24/12/2025 18:10,6100.78
24/12/2025 18:15,6078.38
24/12/2025 18:20,6171.34
24/12/2025 18:25,5809.51
24/12/2025 18:30,6574.95
24/12/2025 18:35,5988.94
24/12/2025 18:40,5878.32
24/12/2025 18:45,6095.79
24/12/2025 18:50,6035.61
24/12/2025 18:55,6018.48
24/12/2025 19:00,6130.18
24/12/2025 19:05,6294.65
24/12/2025 19:10,6230.87
24/12/2025 19:15,6217.71
24/12/2025 19:20,6064.59
24/12/2025 19:25,5941.93
24/12/2025 19:30,6307.86
24/12/2025 19:35,6230.79
24/12/2025 19:40,6450.33
24/12/2025 19:45,6123.34
24/12/2025 19:50,6295.4
24/12/2025 19:55,6469.34
24/12/2025 20:00,6168.85
24/12/2025 20:05,6497.5
24/12/2025 20:10,6168.74
24/12/2025 20:15,6156.42
24/12/2025 20:20,6278.2
24/12/2025 20:25,6213.78
24/12/2025 20:30,6286.39
24/12/2025 20:35,6209.21
24/12/2025 20:40,6294.96
24/12/2025 20:45,6031.46
24/12/2025 20:50,6060.28
24/12/2025 20:55,6428.97
24/12/2025 21:00,6255.44
24/12/2025 21:05,6518.52
24/12/2025 21:10,6203.07
24/12/2025 21:15,6361.63
24/12/2025 21:20,6103.89
24/12/2025 21:25,6221.24
24/12/2025 21:30,6062.99
24/12/2025 21:35,6273.18
24/12/2025 21:40,5977.24
24/12/2025 21:45,6304.94
24/12/2025 21:50,5945.81
24/12/2025 21:55,5769.34
24/12/2025 22:00,5756.02
24/12/2025 22:05,5589.74
24/12/2025 22:10,5828.62
24/12/2025 22:15,5543.38
24/12/2025 22:20,5257.71
24/12/2025 22:25,5351.16
24/12/2025 22:30,5330.27
24/12/2025 22:35,5350.47
24/12/2025 22:40,5756.0
24/12/2025 22:45,5188.62
24/12/2025 22:50,5242.96
24/12/2025 22:55,5036.07
24/12/2025 23:00,5206.73
24/12/2025 23:05,5218.29
24/12/2025 23:10,5315.23
24/12/2025 23:15,5261.2
24/12/2025 23:20,4955.78
24/12/2025 23:25,5003.84
24/12/2025 23:30,5023.29
24/12/2025 23:35,4676.84
24/12/2025 23:40,4917.75
24/12/2025 23:45,4874.13
24/12/2025 23:50,4634.93
24/12/2025 23:55,4721.46
25/12/2025 00:00,4830.02
25/12/2025 00:05,5328.39
25/12/2025 00:10,5096.3
25/12/2025 00:15,5369.74
25/12/2025 00:20,5208.61
25/12/2025 00:25,5170.05
25/12/2025 00:30,5241.02
25/12/2025 00:35,5395.46
25/12/2025 00:40,5380.84
25/12/2025 00:45,4970.29
25/12/2025 00:50,5170.27
25/12/2025 00:55,5203.27
25/12/2025 01:00,5097.88
25/12/2025 01:05,5066.35
25/12/2025 01:10,5269.19
25/12/2025 01:15,5343.78
25/12/2025 01:20,5343.32
25/12/2025 01:25,5206.83
25/12/2025 01:30,5428.88
25/12/2025 01:35,5254.66
25/12/2025 01:40,5028.43
25/12/2025 01:45,5123.53
25/12/2025 01:50,5240.15
25/12/2025 01:55,5305.39
25/12/2025 02:00,3665.88
25/12/2025 02:05,3744.25
25/12/2025 02:10,3774.4
25/12/2025 02:15,3881.58
25/12/2025 02:20,3641.93
25/12/2025 02:25,3683.69
25/12/2025 02:30,3522.45
25/12/2025 02:35,4135.33
25/12/2025 02:40,3589.79
25/12/2025 02:45,3858.95
25/12/2025 02:50,4103.18
25/12/2025 02:55,3607.5
25/12/2025 03:00,3811.67
25/12/2025 03:05,3968.25
25/12/2025 03:10,4062.72
25/12/2025 03:15,3906.92
25/12/2025 03:20,3971.07
25/12/2025 03:25,3697.4
25/12/2025 03:30,3853.6
25/12/2025 03:35,3716.76
25/12/2025 03:40,3791.6
25/12/2025 03:45,3881.8
25/12/2025 03:50,3746.06
25/12/2025 03:55,3847.06
25/12/2025 04:00,3736.76
25/12/2025 04:05,3867.25
25/12/2025 04:10,3932.53
25/12/2025 04:15,3707.37
25/12/2025 04:20,3739.34
25/12/2025 04:25,3957.96
25/12/2025 04:30,3886.26
25/12/2025 04:35,3963.74
25/12/2025 04:40,3886.8
25/12/2025 04:45,3759.35
25/12/2025 04:50,3668.22
25/12/2025 04:55,4103.1
25/12/2025 05:00,4514.27
25/12/2025 05:05,4360.15
25/12/2025 05:10,4273.86
25/12/2025 05:15,4287.44
25/12/2025 05:20,4645.76
25/12/2025 05:25,4639.03
25/12/2025 05:30,4679.1
25/12/2025 05:35,4200.22
25/12/2025 05:40,4556.61
25/12/2025 05:45,4453.06
25/12/2025 05:50,4473.86
25/12/2025 05:55,4513.1
25/12/2025 06:00,4733.3
25/12/2025 06:05,4378.84
25/12/2025 06:10,4375.27
25/12/2025 06:15,4874.66
25/12/2025 06:20,4426.43
25/12/2025 06:25,4683.85
25/12/2025 06:30,4648.26
25/12/2025 06:35,4543.15
25/12/2025 06:40,4572.64
25/12/2025 06:45,4618.93
25/12/2025 06:50,4608.13
25/12/2025 06:55,4814.33
25/12/2025 07:00,4589.77
25/12/2025 07:05,4645.49
25/12/2025 07:10,4966.72
25/12/2025 07:15,4821.96
25/12/2025 07:20,4760.26
25/12/2025 07:25,4709.97
25/12/2025 07:30,4898.84
25/12/2025 07:35,4651.83
25/12/2025 07:40,4929.53
25/12/2025 07:45,4997.58
25/12/2025 07:50,4948.76
25/12/2025 07:55,5165.15
25/12/2025 08:00,4780.07
25/12/2025 08:05,4912.15
25/12/2025 08:10,5081.93
25/12/2025 08:15,4967.29
25/12/2025 08:20,4944.66
25/12/2025 08:25,4895.02
25/12/2025 08:30,5062.64
25/12/2025 08:35,5033.03
25/12/2025 08:40,4937.52
25/12/2025 08:45,4823.43
25/12/2025 08:50,5098.92
25/12/2025 08:55,5026.6
25/12/2025 09:00,5624.29
25/12/2025 09:05,5557.35
25/12/2025 09:10,5654.31
25/12/2025 09:15,5803.9
25/12/2025 09:20,5346.14
25/12/2025 09:25,5562.71
25/12/2025 09:30,5899.24
25/12/2025 09:35,5806.88
25/12/2025 09:40,5698.88
25/12/2025 09:45,5831.94
25/12/2025 09:50,5482.83
25/12/2025 09:55,5599.6
25/12/2025 10:00,5733.34
25/12/2025 10:05,5658.18
25/12/2025 10:10,5720.54
25/12/2025 10:15,5647.95
25/12/2025 10:20,5856.46
25/12/2025 10:25,5739.04
25/12/2025 10:30,5826.14
25/12/2025 10:35,5819.56
25/12/2025 10:40,5650.13
25/12/2025 10:45,5932.05
25/12/2025 10:50,5497.4
25/12/2025 10:55,5519.51
25/12/2025 11:00,5972.11
25/12/2025 11:05,5751.23
25/12/2025 11:10,5716.79
25/12/2025 11:15,5839.63
25/12/2025 11:20,5816.85
25/12/2025 11:25,5862.44
25/12/2025 11:30,5347.66
25/12/2025 11:35,5229.18
25/12/2025 11:40,5970.41
25/12/2025 11:45,5954.37
25/12/2025 11:50,5722.82
25/12/2025 11:55,5598.61
25/12/2025 12:00,5534.0
25/12/2025 12:05,4912.62
25/12/2025 12:10,5352.68
25/12/2025 12:15,5291.32
25/12/2025 12:20,5372.66
25/12/2025 12:25,5150.76
25/12/2025 12:30,5140.55
25/12/2025 12:35,5319.63
25/12/2025 12:40,5195.41
25/12/2025 12:45,5164.92
25/12/2025 12:50,5138.68
25/12/2025 12:55,5103.84
25/12/2025 13:00,5224.51
25/12/2025 13:05,5228.34
25/12/2025 13:10,5100.84
25/12/2025 13:15,4974.39
25/12/2025 13:20,5405.38
25/12/2025 13:25,5377.96
25/12/2025 13:30,4844.08
25/12/2025 13:35,5083.58
25/12/2025 13:40,5238.32
25/12/2025 13:45,5020.38
25/12/2025 13:50,5217.58
25/12/2025 13:55,5122.48
25/12/2025 14:00,5122.55
25/12/2025 14:05,5255.96
25/12/2025 14:10,4983.17
25/12/2025 14:15,4941.35
25/12/2025 14:20,4876.25
25/12/2025 14:25,4912.23
25/12/2025 14:30,5174.43
25/12/2025 14:35,4905.78
25/12/2025 14:40,4955.28
25/12/2025 14:45,5084.31
25/12/2025 14:50,4950.06
25/12/2025 14:55,5078.91
25/12/2025 15:00,4972.53
25/12/2025 15:05,4869.12
25/12/2025 15:10,4987.7
25/12/2025 15:15,5292.25
25/12/2025 15:20,4993.15
25/12/2025 15:25,5078.89
25/12/2025 15:30,5331.03
25/12/2025 15:35,4899.74
25/12/2025 15:40,5101.65
25/12/2025 15:45,5225.39
25/12/2025 15:50,5248.92
25/12/2025 15:55,5352.47
25/12/2025 16:00,5774.37
25/12/2025 16:05,5287.34
25/12/2025 16:10,5259.43
25/12/2025 16:15,5416.24
25/12/2025 16:20,5227.9
25/12/2025 16:25,5377.24
25/12/2025 16:30,5278.16
25/12/2025 16:35,5653.05
25/12/2025 16:40,5690.24
25/12/2025 16:45,5474.25
25/12/2025 16:50,5907.93
25/12/2025 16:55,5563.86
25/12/2025 17:00,5581.14
25/12/2025 17:05,5693.46
25/12/2025 17:10,5926.93
25/12/2025 17:15,5711.84
25/12/2025 17:20,5694.67
25/12/2025 17:25,5644.49
25/12/2025 17:30,5570.87
25/12/2025 17:35,5753.26
25/12/2025 17:40,5681.53
25/12/2025 17:45,5846.74
25/12/2025 17:50,5890.06
25/12/2025 17:55,5797.34
25/12/2025 18:00,6033.94
25/12/2025 18:05,6173.89
25/12/2025 18:10,6048.43
25/12/2025 18:15,6113.11
25/12/2025 18:20,6145.32
25/12/2025 18:25,6246.58
25/12/2025 18:30,6001.0
25/12/2025 18:35,6197.29
25/12/2025 18:40,6403.05
25/12/2025 18:45,5966.44
25/12/2025 18:50,5933.28
25/12/2025 18:55,6213.39
25/12/2025 19:00,6286.4
25/12/2025 19:05,6046.01
25/12/2025 19:10,6251.71
25/12/2025 19:15,6225.64
25/12/2025 19:20,6392.98
25/12/2025 19:25,6200.16
25/12/2025 19:30,6501.59
25/12/2025 19:35,6250.48
25/12/2025 19:40,6221.1
25/12/2025 19:45,6321.11
25/12/2025 19:50,6124.76
25/12/2025 19:55,6747.31
25/12/2025 20:00,6050.69
25/12/2025 20:05,6376.65
25/12/2025 20:10,6175.2
25/12/2025 20:15,6270.48
25/12/2025 20:20,6266.49
25/12/2025 20:25,6282.71
25/12/2025 20:30,6089.26
25/12/2025 20:35,6480.9
25/12/2025 20:40,6605.68
25/12/2025 20:45,6253.3
25/12/2025 20:50,5905.89
25/12/2025 20:55,6426.68
25/12/2025 21:00,6223.8
25/12/2025 21:05,6341.25
25/12/2025 21:10,6145.74
25/12/2025 21:15,6501.22
25/12/2025 21:20,6149.32
25/12/2025 21:25,5871.95
25/12/2025 21:30,6136.26
25/12/2025 21:35,6209.96
25/12/2025 21:40,5808.74
25/12/2025 21:45,6143.93
25/12/2025 21:50,6102.07
25/12/2025 21:55,6202.64
25/12/2025 22:00,5862.71
25/12/2025 22:05,5280.48
25/12/2025 22:10,5491.08
25/12/2025 22:15,5630.93
25/12/2025 22:20,5490.94
25/12/2025 22:25,5254.21
25/12/2025 22:30,5209.33
25/12/2025 22:35,5282.89
25/12/2025 22:40,5293.26
25/12/2025 22:45,5416.39
25/12/2025 22:50,5373.97
25/12/2025 22:55,5021.89
25/12/2025 23:00,5316.64
25/12/2025 23:05,5399.85
25/12/2025 23:10,5300.55
25/12/2025 23:15,5026.23
25/12/2025 23:20,5239.39
25/12/2025 23:25,4921.11
25/12/2025 23:30,5003.36
25/12/2025 23:35,5003.49
25/12/2025 23:40,4993.62
25/12/2025 23:45,5067.33
25/12/2025 23:50,4696.26
25/12/2025 23:55,4781.12
26/12/2025 00:00,5201.94
26/12/2025 00:05,5315.19
26/12/2025 00:10,5177.62
26/12/2025 00:15,5245.36
26/12/2025 00:20,5081.64
26/12/2025 00:25,5284.44
26/12/2025 00:30,5446.91
26/12/2025 00:35,4714.46
26/12/2025 00:40,5090.32
26/12/2025 00:45,4968.74
26/12/2025 00:50,5330.43
26/12/2025 00:55,5359.83
26/12/2025 01:00,5019.07
26/12/2025 01:05,5152.57
26/12/2025 01:10,5332.68
26/12/2025 01:15,5066.86
26/12/2025 01:20,5142.39
26/12/2025 01:25,5219.58
26/12/2025 01:30,5418.44
26/12/2025 01:35,5010.14
26/12/2025 01:40,5254.97
26/12/2025 01:45,5097.99
26/12/2025 01:50,5162.99
26/12/2025 01:55,5326.74
26/12/2025 02:00,3692.39
26/12/2025 02:05,3685.52
26/12/2025 02:10,3733.5
26/12/2025 02:15,3804.13
26/12/2025 02:20,3864.47
26/12/2025 02:25,3812.77
26/12/2025 02:30,4039.09
26/12/2025 02:35,3612.75
26/12/2025 02:40,3900.24
26/12/2025 02:45,3765.47
26/12/2025 02:50,3805.48
26/12/2025 02:55,3814.98
26/12/2025 03:00,3994.45
26/12/2025 03:05,3686.47
26/12/2025 03:10,3957.41
26/12/2025 03:15,3632.93
26/12/2025 03:20,3689.88
26/12/2025 03:25,3800.44
26/12/2025 03:30,3961.08
26/12/2025 03:35,3863.22
26/12/2025 03:40,3611.62
26/12/2025 03:45,3770.91
26/12/2025 03:50,3585.84
26/12/2025 03:55,3704.13
26/12/2025 04:00,3774.57
26/12/2025 04:05,3844.87
26/12/2025 04:10,4136.76
26/12/2025 04:15,3589.9
26/12/2025 04:20,3776.32
26/12/2025 04:25,3766.28
26/12/2025 04:30,3769.58
26/12/2025 04:35,3713.63
26/12/2025 04:40,3954.07
26/12/2025 04:45,4032.87
26/12/2025 04:50,3642.69
26/12/2025 04:55,3687.9
26/12/2025 05:00,4548.79
26/12/2025 05:05,4114.87
26/12/2025 05:10,4417.17
26/12/2025 05:15,3960.76
26/12/2025 05:20,4505.01
26/12/2025 05:25,4545.77
26/12/2025 05:30,4405.31
26/12/2025 05:35,4372.55
26/12/2025 05:40,4642.65
26/12/2025 05:45,4178.89
26/12/2025 05:50,4465.43
26/12/2025 05:55,4506.01
26/12/2025 06:00,4581.66
26/12/2025 06:05,4718.04
26/12/2025 06:10,4395.99
26/12/2025 06:15,4497.42
26/12/2025 06:20,4702.73
26/12/2025 06:25,4675.51
26/12/2025 06:30,4670.32
26/12/2025 06:35,4754.4
26/12/2025 06:40,4570.2
26/12/2025 06:45,4579.24
26/12/2025 06:50,4448.78
26/12/2025 06:55,4575.48
26/12/2025 07:00,4740.02
26/12/2025 07:05,4591.58
26/12/2025 07:10,4798.74
26/12/2025 07:15,4539.07
26/12/2025 07:20,4939.3
26/12/2025 07:25,4755.81
26/12/2025 07:30,4610.9
26/12/2025 07:35,4964.85
26/12/2025 07:40,5056.18
26/12/2025 07:45,4875.94
26/12/2025 07:50,4831.76
26/12/2025 07:55,4900.18
26/12/2025 08:00,4995.43
26/12/2025 08:05,4775.02
26/12/2025 08:10,4820.02
26/12/2025 08:15,4956.46
26/12/2025 08:20,4830.04
26/12/2025 08:25,4678.36
26/12/2025 08:30,5015.74
26/12/2025 08:35,5015.44
26/12/2025 08:40,4935.25
26/12/2025 08:45,4997.15
26/12/2025 08:50,4850.65
26/12/2025 08:55,4762.78
26/12/2025 09:00,5548.71
26/12/2025 09:05,5821.53
26/12/2025 09:10,5478.23
26/12/2025 09:15,5593.87
26/12/2025 09:20,5456.85
26/12/2025 09:25,5862.46
26/12/2025 09:30,5443.23
26/12/2025 09:35,5952.6
26/12/2025 09:40,5597.18
26/12/2025 09:45,5794.44
26/12/2025 09:50,6071.02
26/12/2025 09:55,5811.71
26/12/2025 10:00,5670.18
26/12/2025 10:05,5642.19
26/12/2025 10:10,6006.24
26/12/2025 10:15,5963.32
26/12/2025 10:20,5936.11
26/12/2025 10:25,5777.44
26/12/2025 10:30,5704.17
26/12/2025 10:35,5839.09
26/12/2025 10:40,5801.42
26/12/2025 10:45,5903.4
26/12/2025 10:50,5747.72
26/12/2025 10:55,5949.32
26/12/2025 11:00,5833.95
26/12/2025 11:05,6113.62
26/12/2025 11:10,5674.54
26/12/2025 11:15,5709.6
26/12/2025 11:20,5707.49
26/12/2025 11:25,5719.88
26/12/2025 11:30,5570.0
26/12/2025 11:35,5771.38
26/12/2025 11:40,5690.69
26/12/2025 11:45,5650.97
26/12/2025 11:50,5584.81
26/12/2025 11:55,5738.27
26/12/2025 12:00,5322.34
26/12/2025 12:05,5457.13
26/12/2025 12:10,5272.41
26/12/2025 12:15,5323.62
26/12/2025 12:20,5357.65
26/12/2025 12:25,5261.2
26/12/2025 12:30,5235.9
26/12/2025 12:35,5171.64
26/12/2025 12:40,5356.44
26/12/2025 12:45,5306.8
26/12/2025 12:50,5155.06
26/12/2025 12:55,5202.92
26/12/2025 13:00,5332.36
26/12/2025 13:05,4796.19
26/12/2025 13:10,5279.9
26/12/2025 13:15,5318.31
26/12/2025 13:20,5008.21
26/12/2025 13:25,5179.89
26/12/2025 13:30,5092.8
26/12/2025 13:35,5227.85
26/12/2025 13:40,5385.13
26/12/2025 13:45,5240.87
26/12/2025 13:50,5159.27
26/12/2025 13:55,4976.58
26/12/2025 14:00,5429.04
26/12/2025 14:05,4906.11
26/12/2025 14:10,5113.99
26/12/2025 14:15,4941.85
26/12/2025 14:20,4951.62
26/12/2025 14:25,5051.89
26/12/2025 14:30,5024.69
26/12/2025 14:35,5260.93
26/12/2025 14:40,5237.44
26/12/2025 14:45,4925.57
26/12/2025 14:50,5175.57
26/12/2025 14:55,4706.04
26/12/2025 15:00,5009.99
26/12/2025 15:05,5059.25
26/12/2025 15:10,5199.18
26/12/2025 15:15,4815.74
26/12/2025 15:20,4722.27
26/12/2025 15:25,4776.14
26/12/2025 15:30,5109.82
26/12/2025 15:35,5102.25
26/12/2025 15:40,5238.97
26/12/2025 15:45,5117.29
26/12/2025 15:50,5347.24
26/12/2025 15:55,5198.93
26/12/2025 16:00,5408.36
26/12/2025 16:05,5262.65
26/12/2025 16:10,5285.49
26/12/2025 16:15,5351.42
26/12/2025 16:20,5679.48
26/12/2025 16:25,5572.31
26/12/2025 16:30,5363.23
26/12/2025 16:35,5598.42
26/12/2025 16:40,5480.75
26/12/2025 16:45,5357.36
26/12/2025 16:50,5566.81
26/12/2025 16:55,5497.1
26/12/2025 17:00,5483.0
26/12/2025 17:05,5481.03
26/12/2025 17:10,5542.86
26/12/2025 17:15,5643.87
26/12/2025 17:20,5840.7
26/12/2025 17:25,5858.38
26/12/2025 17:30,5837.02
26/12/2025 17:35,5963.03
26/12/2025 17:40,5811.88
26/12/2025 17:45,5987.41
26/12/2025 17:50,5516.35
26/12/2025 17:55,5980.26
26/12/2025 18:00,5921.57
26/12/2025 18:05,6041.49
26/12/2025 18:10,6087.89
26/12/2025 18:15,5935.15
26/12/2025 18:20,6120.9
26/12/2025 18:25,5987.22
26/12/2025 18:30,5893.11
26/12/2025 18:35,6087.79
26/12/2025 18:40,6229.6
26/12/2025 18:45,6182.93
26/12/2025 18:50,6340.94
26/12/2025 18:55,6142.6
26/12/2025 19:00,5876.72
26/12/2025 19:05,6215.55
26/12/2025 19:10,6405.47
26/12/2025 19:15,6251.57
26/12/2025 19:20,6081.75
26/12/2025 19:25,6243.82
26/12/2025 19:30,6189.47
26/12/2025 19:35,6285.48
26/12/2025 19:40,6449.8
26/12/2025 19:45,6316.79
26/12/2025 19:50,6240.71
26/12/2025 19:55,5981.99
26/12/2025 20:00,6263.93
26/12/2025 20:05,6436.1
26/12/2025 20:10,6304.79
26/12/2025 20:15,6196.81
26/12/2025 20:20,6320.79
26/12/2025 20:25,6028.84
26/12/2025 20:30,6304.11
26/12/2025 20:35,6387.96
26/12/2025 20:40,6448.68
26/12/2025 20:45,6206.5
26/12/2025 20:50,6321.39
26/12/2025 20:55,6236.61
26/12/2025 21:00,6304.72
26/12/2025 21:05,6081.7
26/12/2025 21:10,6052.9
26/12/2025 21:15,6047.66
26/12/2025 21:20,6188.47
26/12/2025 21:25,6460.94
26/12/2025 21:30,6125.5
26/12/2025 21:35,6101.19
26/12/2025 21:40,6069.65
26/12/2025 21:45,6157.79
26/12/2025 21:50,6079.47
26/12/2025 21:55,5918.72
26/12/2025 22:00,5570.44
26/12/2025 22:05,5451.05
26/12/2025 22:10,5744.36
26/12/2025 22:15,5572.16
26/12/2025 22:20,5753.46
26/12/2025 22:25,5380.54
26/12/2025 22:30,5440.19
26/12/2025 22:35,5171.78
26/12/2025 22:40,5398.49
26/12/2025 22:45,5290.46
26/12/2025 22:50,5449.69
26/12/2025 22:55,5279.25
26/12/2025 23:00,5198.51
26/12/2025 23:05,5214.35
26/12/2025 23:10,5035.98
26/12/2025 23:15,5155.85
26/12/2025 23:20,5360.72
26/12/2025 23:25,5025.14
26/12/2025 23:30,4503.24
26/12/2025 23:35,5182.72
26/12/2025 23:40,4681.5
26/12/2025 23:45,4995.96
26/12/2025 23:50,4904.77
26/12/2025 23:55,4877.98
27/12/2025 00:00,4998.5
27/12/2025 00:05,4677.36
27/12/2025 00:10,4774.65
27/12/2025 00:15,4818.1
27/12/2025 00:20,4717.42
27/12/2025 00:25,4631.61
27/12/2025 00:30,4963.18
27/12/2025 00:35,4861.81
27/12/2025 00:40,4791.06
27/12/2025 00:45,5039.3
27/12/2025 00:50,4758.54
27/12/2025 00:55,4781.19
27/12/2025 01:00,4934.62
27/12/2025 01:05,4968.88
27/12/2025 01:10,4923.52
27/12/2025 01:15,4614.0
27/12/2025 01:20,5043.67
27/12/2025 01:25,4695.2
27/12/2025 01:30,4516.46
27/12/2025 01:35,4840.25
27/12/2025 01:40,4834.59
27/12/2025 01:45,4897.59
27/12/2025 01:50,4714.09
27/12/2025 01:55,4616.04
27/12/2025 02:00,3214.14
27/12/2025 02:05,3344.87
27/12/2025 02:10,3803.57
27/12/2025 02:15,3279.01
27/12/2025 02:20,3463.72
27/12/2025 02:25,3170.46
27/12/2025 02:30,3132.94
27/12/2025 02:35,3567.37
27/12/2025 02:40,3360.58
27/12/2025 02:45,3575.08
27/12/2025 02:50,3323.86
27/12/2025 02:55,3569.18
27/12/2025 03:00,3250.72
27/12/2025 03:05,3518.3
27/12/2025 03:10,3425.32
27/12/2025 03:15,3675.94
27/12/2025 03:20,3363.7
27/12/2025 03:25,3246.07
27/12/2025 03:30,3231.06
27/12/2025 03:35,3475.89
27/12/2025 03:40,3320.98
27/12/2025 03:45,3612.0
27/12/2025 03:50,3710.23
27/12/2025 03:55,3196.88
27/12/2025 04:00,3530.21
27/12/2025 04:05,3130.08
27/12/2025 04:10,3404.33
27/12/2025 04:15,3375.99
27/12/2025 04:20,3431.34
27/12/2025 04:25,3386.09
27/12/2025 04:30,3104.93
27/12/2025 04:35,3377.01
27/12/2025 04:40,3514.75
27/12/2025 04:45,3716.47
27/12/2025 04:50,3314.23
27/12/2025 04:55,3172.56
27/12/2025 05:00,3827.9
27/12/2025 05:05,3732.28
27/12/2025 05:10,4105.13
27/12/2025 05:15,3820.14
27/12/2025 05:20,4286.04
27/12/2025 05:25,4183.57
27/12/2025 05:30,4138.89
27/12/2025 05:35,4158.75
27/12/2025 05:40,4069.44
27/12/2025 05:45,3932.3
27/12/2025 05:50,3979.38
27/12/2025 05:55,4077.45
27/12/2025 06:00,4348.15
27/12/2025 06:05,4187.49
27/12/2025 06:10,4124.75
27/12/2025 06:15,3959.9
27/12/2025 06:20,4094.36
27/12/2025 06:25,4072.95
27/12/2025 06:30,4215.42
27/12/2025 06:35,4264.84
27/12/2025 06:40,4152.7
27/12/2025 06:45,4041.71
27/12/2025 06:50,4573.26
27/12/2025 06:55,4415.02
27/12/2025 07:00,4460.97
27/12/2025 07:05,4272.18
27/12/2025 07:10,4227.05
27/12/2025 07:15,4515.49
27/12/2025 07:20,4542.4
27/12/2025 07:25,4385.1
27/12/2025 07:30,4437.12
27/12/2025 07:35,4628.89
27/12/2025 07:40,4467.56
27/12/2025 07:45,4267.73
27/12/2025 07:50,4668.59
27/12/2025 07:55,4599.76
27/12/2025 08:00,4237.69
27/12/2025 08:05,4314.09
27/12/2025 08:10,4654.34
27/12/2025 08:15,4613.53
27/12/2025 08:20,4715.63
27/12/2025 08:25,4719.67
27/12/2025 08:30,4520.27
27/12/2025 08:35,4740.86
27/12/2025 08:40,4535.26
27/12/2025 08:45,4822.95
27/12/2025 08:50,4760.74
27/12/2025 08:55,4665.27
27/12/2025 09:00,5111.98
27/12/2025 09:05,5246.56
27/12/2025 09:10,5142.37
27/12/2025 09:15,5193.65
27/12/2025 09:20,5358.74
27/12/2025 09:25,5161.43
27/12/2025 09:30,5204.08
27/12/2025 09:35,5410.13
27/12/2025 09:40,5339.71
27/12/2025 09:45,5376.97
27/12/2025 09:50,5398.88
27/12/2025 09:55,5391.22
27/12/2025 10:00,5469.07
27/12/2025 10:05,5477.3
27/12/2025 10:10,5679.21
27/12/2025 10:15,5171.68
27/12/2025 10:20,5491.99
27/12/2025 10:25,5264.97
27/12/2025 10:30,5555.26
27/12/2025 10:35,5271.59
27/12/2025 10:40,5199.75
27/12/2025 10:45,5277.33
27/12/2025 10:50,5468.8
27/12/2025 10:55,5442.95
27/12/2025 11:00,5403.39
27/12/2025 11:05,5136.35
27/12/2025 11:10,5527.71
27/12/2025 11:15,5438.06
27/12/2025 11:20,5462.11
27/12/2025 11:25,5123.97
27/12/2025 11:30,5350.34
27/12/2025 11:35,5089.68
27/12/2025 11:40,5307.26
27/12/2025 11:45,5137.28
27/12/2025 11:50,5231.24
27/12/2025 11:55,5189.59
27/12/2025 12:00,5128.83
27/12/2025 12:05,4840.32
27/12/2025 12:10,4860.88
27/12/2025 12:15,4878.51
27/12/2025 12:20,4974.07
27/12/2025 12:25,4913.11
27/12/2025 12:30,4986.91
27/12/2025 12:35,4790.19
27/12/2025 12:40,4997.18
27/12/2025 12:45,4866.75
27/12/2025 12:50,4971.83
27/12/2025 12:55,4766.25
27/12/2025 13:00,4906.47
27/12/2025 13:05,4997.46
27/12/2025 13:10,4931.84
27/12/2025 13:15,5115.81
27/12/2025 13:20,4621.18
27/12/2025 13:25,5003.29
27/12/2025 13:30,4778.04
27/12/2025 13:35,4899.43
27/12/2025 13:40,4725.51
27/12/2025 13:45,4857.33
27/12/2025 13:50,4856.24
27/12/2025 13:55,4621.23
27/12/2025 14:00,4693.68
27/12/2025 14:05,4677.79
27/12/2025 14:10,4756.8
27/12/2025 14:15,4809.33
27/12/2025 14:20,4612.18
27/12/2025 14:25,4791.74
27/12/2025 14:30,4938.08
27/12/2025 14:35,4384.5
27/12/2025 14:40,4489.0
27/12/2025 14:45,4859.67
27/12/2025 14:50,4519.8
27/12/2025 14:55,4522.37
27/12/2025 15:00,4859.08
27/12/2025 15:05,4690.01
27/12/2025 15:10,4808.33
27/12/2025 15:15,4772.16
27/12/2025 15:20,4733.75
27/12/2025 15:25,4786.23
27/12/2025 15:30,4893.49
27/12/2025 15:35,4784.72
27/12/2025 15:40,4890.72
27/12/2025 15:45,4903.11
27/12/2025 15:50,4913.13
27/12/2025 15:55,4965.67
27/12/2025 16:00,4921.58
27/12/2025 16:05,4883.51
27/12/2025 16:10,5156.15
27/12/2025 16:15,4965.71
27/12/2025 16:20,4912.27
27/12/2025 16:25,4911.7
27/12/2025 16:30,4763.38
27/12/2025 16:35,4932.3
27/12/2025 16:40,5028.66
27/12/2025 16:45,5062.39
27/12/2025 16:50,5134.31
27/12/2025 16:55,5321.7
27/12/2025 17:00,5299.63
27/12/2025 17:05,5160.23
27/12/2025 17:10,5277.24
27/12/2025 17:15,5186.45
27/12/2025 17:20,5513.23
27/12/2025 17:25,5411.62
27/12/2025 17:30,5249.24
27/12/2025 17:35,5211.57
27/12/2025 17:40,5209.33
27/12/2025 17:45,5690.31
27/12/2025 17:50,5662.07
27/12/2025 17:55,5404.18
27/12/2025 18:00,5501.84
27/12/2025 18:05,5589.78
27/12/2025 18:10,5666.97
27/12/2025 18:15,5590.99
27/12/2025 18:20,5725.99
27/12/2025 18:25,5683.38
27/12/2025 18:30,5720.14
27/12/2025 18:35,5570.31
27/12/2025 18:40,5543.18
27/12/2025 18:45,5841.71
27/12/2025 18:50,5914.36
27/12/2025 18:55,5645.5
27/12/2025 19:00,5633.95
27/12/2025 19:05,5781.12
27/12/2025 19:10,5587.36
27/12/2025 19:15,5901.4
27/12/2025 19:20,5769.99
27/12/2025 19:25,5810.61
27/12/2025 19:30,5758.13
27/12/2025 19:35,6091.25
27/12/2025 19:40,5934.6
27/12/2025 19:45,5896.92
27/12/2025 19:50,5964.22
27/12/2025 19:55,5763.47
27/12/2025 20:00,5726.29
27/12/2025 20:05,5936.84
27/12/2025 20:10,5900.71
27/12/2025 20:15,6159.98
27/12/2025 20:20,5859.21
27/12/2025 20:25,5787.28
27/12/2025 20:30,6072.71
27/12/2025 20:35,5889.71
27/12/2025 20:40,5994.64
27/12/2025 20:45,6171.76
27/12/2025 20:50,5799.19
27/12/2025 20:55,5591.14
27/12/2025 21:00,5928.72
27/12/2025 21:05,5897.81
27/12/2025 21:10,5838.8
27/12/2025 21:15,5913.68
27/12/2025 21:20,5529.72
27/12/2025 21:25,5878.27
27/12/2025 21:30,5756.78
27/12/2025 21:35,5668.22
27/12/2025 21:40,5785.72
27/12/2025 21:45,5633.39
27/12/2025 21:50,5535.41
27/12/2025 21:55,5821.56
27/12/2025 22:00,4951.02
27/12/2025 22:05,5219.24
27/12/2025 22:10,4859.56
27/12/2025 22:15,4997.37
27/12/2025 22:20,5129.39
27/12/2025 22:25,5138.74
27/12/2025 22:30,4839.6
27/12/2025 22:35,4694.05
27/12/2025 22:40,5009.88
27/12/2025 22:45,4650.54
27/12/2025 22:50,4829.74
27/12/2025 22:55,4802.99
27/12/2025 23:00,4672.51
27/12/2025 23:05,4795.88
27/12/2025 23:10,4724.61
27/12/2025 23:15,4893.41
27/12/2025 23:20,4667.57
27/12/2025 23:25,4815.22
27/12/2025 23:30,4990.48
27/12/2025 23:35,4498.87
27/12/2025 23:40,4486.41
27/12/2025 23:45,4468.15
27/12/2025 23:50,4406.76
27/12/2025 23:55,4336.71
28/12/2025 00:00,4980.55
28/12/2025 00:05,4853.66
28/12/2025 00:10,4707.2
28/12/2025 00:15,4807.25
28/12/2025 00:20,4770.36
28/12/2025 00:25,4857.01
28/12/2025 00:30,4772.83
28/12/2025 00:35,4770.06
28/12/2025 00:40,5029.89
28/12/2025 00:45,4869.17
28/12/2025 00:50,5001.4
28/12/2025 00:55,4686.38
28/12/2025 01:00,4797.34
28/12/2025 01:05,4912.15
28/12/2025 01:10,5215.07
28/12/2025 01:15,4629.18
28/12/2025 01:20,4807.41
28/12/2025 01:25,4887.74
28/12/2025 01:30,4670.04
28/12/2025 01:35,4622.02
28/12/2025 01:40,4586.91
28/12/2025 01:45,4974.45
28/12/2025 01:50,4625.04
28/12/2025 01:55,4741.28
28/12/2025 02:00,3313.64
28/12/2025 02:05,3297.91
28/12/2025 02:10,3532.27
28/12/2025 02:15,3623.77
28/12/2025 02:20,3470.42
28/12/2025 02:25,3326.96
28/12/2025 02:30,3401.2
28/12/2025 02:35,3606.07
28/12/2025 02:40,3289.6
28/12/2025 02:45,3590.52
28/12/2025 02:50,3444.69
28/12/2025 02:55,3356.98
28/12/2025 03:00,3293.94
28/12/2025 03:05,3337.25
28/12/2025 03:10,3225.34
28/12/2025 03:15,3578.83
28/12/2025 03:20,3401.06
28/12/2025 03:25,3383.84
28/12/2025 03:30,3461.57
28/12/2025 03:35,3391.36
28/12/2025 03:40,3463.22
28/12/2025 03:45,3520.03
28/12/2025 03:50,3152.81
28/12/2025 03:55,3364.9
28/12/2025 04:00,3443.16
28/12/2025 04:05,3523.35
28/12/2025 04:10,3264.36
28/12/2025 04:15,3635.4
28/12/2025 04:20,3676.27
28/12/2025 04:25,3160.16
28/12/2025 04:30,3583.11
28/12/2025 04:35,3583.05
28/12/2025 04:40,3320.04
28/12/2025 04:45,3221.83
28/12/2025 04:50,3556.21
28/12/2025 04:55,3374.57
28/12/2025 05:00,3954.0
28/12/2025 05:05,3870.12
28/12/2025 05:10,3878.07
28/12/2025 05:15,4087.95
28/12/2025 05:20,3787.19
28/12/2025 05:25,4336.18
28/12/2025 05:30,3869.33
28/12/2025 05:35,4143.12
28/12/2025 05:40,4003.68
28/12/2025 05:45,3867.94
28/12/2025 05:50,4039.98
28/12/2025 05:55,4029.0
28/12/2025 06:00,3768.94
28/12/2025 06:05,4305.4
28/12/2025 06:10,4095.84
28/12/2025 06:15,4018.01
28/12/2025 06:20,4193.83
28/12/2025 06:25,4157.83
28/12/2025 06:30,4184.55
28/12/2025 06:35,4117.74
28/12/2025 06:40,4229.75
28/12/2025 06:45,4185.73
28/12/2025 06:50,4160.23
28/12/2025 06:55,4069.37
28/12/2025 07:00,4315.19
28/12/2025 07:05,4292.75
28/12/2025 07:10,4179.5
28/12/2025 07:15,4567.54
28/12/2025 07:20,4565.95
28/12/2025 07:25,4394.62
28/12/2025 07:30,4427.57
28/12/2025 07:35,4450.85
28/12/2025 07:40,4566.83
28/12/2025 07:45,4379.8
28/12/2025 07:50,4241.9
28/12/2025 07:55,4498.16
28/12/2025 08:00,4333.1
28/12/2025 08:05,4764.6
28/12/2025 08:10,4407.32
28/12/2025 08:15,4474.68
28/12/2025 08:20,4357.9
28/12/2025 08:25,4367.19
28/12/2025 08:30,4551.09
28/12/2025 08:35,4546.07
28/12/2025 08:40,4399.34
28/12/2025 08:45,4641.92
28/12/2025 08:50,4702.78
28/12/2025 08:55,4644.58
28/12/2025 09:00,5329.3
28/12/2025 09:05,5141.72
28/12/2025 09:10,5238.37
28/12/2025 09:15,5208.97
28/12/2025 09:20,5265.88
28/12/2025 09:25,5288.84
28/12/2025 09:30,5388.05
28/12/2025 09:35,5366.02
28/12/2025 09:40,5611.51
28/12/2025 09:45,5001.55
28/12/2025 09:50,5503.48
28/12/2025 09:55,5228.19
28/12/2025 10:00,5451.73
28/12/2025 10:05,5370.6
28/12/2025 10:10,5335.37
28/12/2025 10:15,5483.78
28/12/2025 10:20,5226.64
28/12/2025 10:25,5490.01
28/12/2025 10:30,5356.54
28/12/2025 10:35,5412.0
28/12/2025 10:40,5413.49
28/12/2025 10:45,5544.97
28/12/2025 10:50,5416.09
28/12/2025 10:55,5518.77
28/12/2025 11:00,5426.5
28/12/2025 11:05,5368.73
28/12/2025 11:10,5297.22
28/12/2025 11:15,5188.74
28/12/2025 11:20,5238.9
28/12/2025 11:25,5158.25
28/12/2025 11:30,5296.82
28/12/2025 11:35,5053.94
28/12/2025 11:40,5315.18
28/12/2025 11:45,5059.21
28/12/2025 11:50,5064.95
28/12/2025 11:55,5391.31
28/12/2025 12:00,4758.8
28/12/2025 12:05,5012.38
28/12/2025 12:10,5219.11
28/12/2025 12:15,4912.18
28/12/2025 12:20,4864.21
28/12/2025 12:25,5193.75
28/12/2025 12:30,5028.05
28/12/2025 12:35,4835.75
28/12/2025 12:40,4964.97
28/12/2025 12:45,5129.27
28/12/2025 12:50,4908.84
28/12/2025 12:55,4639.02
28/12/2025 13:00,4903.08
28/12/2025 13:05,4454.39
28/12/2025 13:10,4751.7
28/12/2025 13:15,4859.11
28/12/2025 13:20,4551.26
28/12/2025 13:25,4765.29
28/12/2025 13:30,4764.94
28/12/2025 13:35,4757.27
28/12/2025 13:40,4642.31
28/12/2025 13:45,4718.15
28/12/2025 13:50,4650.66
28/12/2025 13:55,4799.17
28/12/2025 14:00,4828.87
28/12/2025 14:05,4571.12
28/12/2025 14:10,5061.85
28/12/2025 14:15,4609.46
28/12/2025 14:20,4664.07
28/12/2025 14:25,4749.24
28/12/2025 14:30,4458.55
28/12/2025 14:35,4712.75
28/12/2025 14:40,4570.08
28/12/2025 14:45,4361.83
28/12/2025 14:50,4797.35
28/12/2025 14:55,4791.39
28/12/2025 15:00,4692.25
28/12/2025 15:05,4635.4
28/12/2025 15:10,4875.24
28/12/2025 15:15,4615.49
28/12/2025 15:20,4927.57
28/12/2025 15:25,5113.07
28/12/2025 15:30,4848.91
28/12/2025 15:35,4616.55
28/12/2025 15:40,4577.02
28/12/2025 15:45,5067.05
28/12/2025 15:50,4931.82
28/12/2025 15:55,4758.87
28/12/2025 16:00,4809.87
28/12/2025 16:05,4934.88
28/12/2025 16:10,4901.16
28/12/2025 16:15,5135.42
28/12/2025 16:20,4965.39
28/12/2025 16:25,5064.13
28/12/2025 16:30,4811.1
28/12/2025 16:35,5158.96
28/12/2025 16:40,4966.39
28/12/2025 16:45,5039.27
28/12/2025 16:50,4942.82
28/12/2025 16:55,5114.52
28/12/2025 17:00,5200.34
28/12/2025 17:05,5203.84
28/12/2025 17:10,5290.25
28/12/2025 17:15,5373.16
28/12/2025 17:20,5388.14
28/12/2025 17:25,5448.31
28/12/2025 17:30,5315.64
28/12/2025 17:35,5242.07
28/12/2025 17:40,5372.67
28/12/2025 17:45,5514.61
28/12/2025 17:50,5688.88
28/12/2025 17:55,5339.83
28/12/2025 18:00,5539.72
28/12/2025 18:05,5448.72
28/12/2025 18:10,5564.19
28/12/2025 18:15,5789.41
28/12/2025 18:20,5678.82
28/12/2025 18:25,5916.83
28/12/2025 18:30,5702.05
28/12/2025 18:35,5752.5
28/12/2025 18:40,5675.61
28/12/2025 18:45,5698.57
28/12/2025 18:50,5781.6
28/12/2025 18:55,5793.27
28/12/2025 19:00,5725.89
28/12/2025 19:05,5955.44
28/12/2025 19:10,6178.16
28/12/2025 19:15,5871.4
28/12/2025 19:20,5861.32
28/12/2025 19:25,5999.72
28/12/2025 19:30,5760.65
28/12/2025 19:35,5790.82
28/12/2025 19:40,6129.09
28/12/2025 19:45,6029.14
28/12/2025 19:50,5817.47
28/12/2025 19:55,5761.93
28/12/2025 20:00,6077.29
28/12/2025 20:05,5839.66
28/12/2025 20:10,6236.75
28/12/2025 20:15,5923.56
28/12/2025 20:20,5989.16
28/12/2025 20:25,5768.61
28/12/2025 20:30,5940.91
28/12/2025 20:35,5995.92
28/12/2025 20:40,6094.67
28/12/2025 20:45,5859.28
28/12/2025 20:50,5742.71
28/12/2025 20:55,5929.08
28/12/2025 21:00,5955.99
28/12/2025 21:05,5700.75
28/12/2025 21:10,5478.43
28/12/2025 21:15,5702.66
28/12/2025 21:20,5534.36
28/12/2025 21:25,6004.31
28/12/2025 21:30,5521.29
28/12/2025 21:35,5621.55
28/12/2025 21:40,5818.02
28/12/2025 21:45,5728.89
28/12/2025 21:50,5364.5
28/12/2025 21:55,6070.78
28/12/2025 22:00,5009.59
28/12/2025 22:05,5125.02
28/12/2025 22:10,5224.57
28/12/2025 22:15,5025.0
28/12/2025 22:20,4947.43
28/12/2025 22:25,4902.69
28/12/2025 22:30,4925.52
28/12/2025 22:35,4924.35
28/12/2025 22:40,4994.41
28/12/2025 22:45,5129.35
28/12/2025 22:50,4943.14
28/12/2025 22:55,4886.71
28/12/2025 23:00,4809.84
28/12/2025 23:05,4797.2
28/12/2025 23:10,4814.75
28/12/2025 23:15,4856.99
28/12/2025 23:20,4621.45
28/12/2025 23:25,4454.01
28/12/2025 23:30,4645.12
28/12/2025 23:35,4637.61
28/12/2025 23:40,4619.36
28/12/2025 23:45,4417.8
28/12/2025 23:50,4673.93
28/12/2025 23:55,4265.6
29/12/2025 00:00,5172.43
29/12/2025 00:05,5313.23
29/12/2025 00:10,5236.95
29/12/2025 00:15,5308.87
29/12/2025 00:20,5294.77
29/12/2025 00:25,5247.25
29/12/2025 00:30,5129.84
29/12/2025 00:35,5303.39
29/12/2025 00:40,5031.06
29/12/2025 00:45,5081.94
29/12/2025 00:50,5130.19
29/12/2025 00:55,5223.93
29/12/2025 01:00,5074.38
29/12/2025 01:05,5232.96
29/12/2025 01:10,5086.15
29/12/2025 01:15,5474.25
29/12/2025 01:20,5273.48
29/12/2025 01:25,5144.46
29/12/2025 01:30,5118.36
29/12/2025 01:35,5219.62
29/12/2025 01:40,5291.83
29/12/2025 01:45,5260.54
29/12/2025 01:50,5040.81
29/12/2025 01:55,5127.6
29/12/2025 02:00,3816.07
29/12/2025 02:05,3702.65
29/12/2025 02:10,3895.26
29/12/2025 02:15,3786.53
29/12/2025 02:20,3741.96
29/12/2025 02:25,3446.35
29/12/2025 02:30,3280.65
29/12/2025 02:35,3779.22
29/12/2025 02:40,3784.94
29/12/2025 02:45,3448.94
29/12/2025 02:50,3957.67
29/12/2025 02:55,3845.01
29/12/2025 03:00,3551.91
29/12/2025 03:05,3849.82
29/12/2025 03:10,3717.8
29/12/2025 03:15,3813.29
29/12/2025 03:20,3704.62
29/12/2025 03:25,3902.74
29/12/2025 03:30,3706.86
29/12/2025 03:35,3781.84
29/12/2025 03:40,3751.68
29/12/2025 03:45,3836.07
29/12/2025 03:50,3693.77
29/12/2025 03:55,3748.24
29/12/2025 04:00,4076.91
29/12/2025 04:05,3816.03
29/12/2025 04:10,4062.0
29/12/2025 04:15,3837.85
29/12/2025 04:20,3829.09
29/12/2025 04:25,3656.35
29/12/2025 04:30,3642.83
29/12/2025 04:35,3743.45
29/12/2025 04:40,3671.68
29/12/2025 04:45,3768.18
29/12/2025 04:50,3944.08
29/12/2025 04:55,3712.15
29/12/2025 05:00,4197.71
29/12/2025 05:05,4313.28
29/12/2025 05:10,4082.62
29/12/2025 05:15,4303.99
29/12/2025 05:20,4166.83
29/12/2025 05:25,4415.38
29/12/2025 05:30,4350.61
29/12/2025 05:35,4276.86
29/12/2025 05:40,4540.22
29/12/2025 05:45,4467.33
29/12/2025 05:50,4411.83
29/12/2025 05:55,4442.69
29/12/2025 06:00,4493.18
29/12/2025 06:05,4580.65
29/12/2025 06:10,4556.84
29/12/2025 06:15,4584.66
29/12/2025 06:20,4574.9
29/12/2025 06:25,4634.77
29/12/2025 06:30,4746.81
29/12/2025 06:35,4478.17
29/12/2025 06:40,4686.96
29/12/2025 06:45,4677.25
29/12/2025 06:50,4326.46
29/12/2025 06:55,4572.56
29/12/2025 07:00,4750.73
29/12/2025 07:05,5108.51
29/12/2025 07:10,4725.81
29/12/2025 07:15,4654.0
29/12/2025 07:20,4853.53
29/12/2025 07:25,4761.57
29/12/2025 07:30,4715.91
29/12/2025 07:35,4598.35
29/12/2025 07:40,4838.96
29/12/2025 07:45,4851.59
29/12/2025 07:50,4881.31
29/12/2025 07:55,5158.02
29/12/2025 08:00,4986.39
29/12/2025 08:05,5030.33
29/12/2025 08:10,5077.26
29/12/2025 08:15,4841.98
29/12/2025 08:20,4764.86
29/12/2025 08:25,4889.21
29/12/2025 08:30,4811.77
29/12/2025 08:35,5081.45
29/12/2025 08:40,5159.95
29/12/2025 08:45,4976.65
29/12/2025 08:50,5300.11
29/12/2025 08:55,5060.08
29/12/2025 09:00,5504.61
29/12/2025 09:05,5564.47
29/12/2025 09:10,5500.56
29/12/2025 09:15,5542.55
29/12/2025 09:20,5748.05
29/12/2025 09:25,5624.69
29/12/2025 09:30,5537.77
29/12/2025 09:35,5685.2
29/12/2025 09:40,5808.87
29/12/2025 09:45,5751.93
29/12/2025 09:50,5712.16
29/12/2025 09:55,6071.7
29/12/2025 10:00,5869.07
29/12/2025 10:05,5792.99
29/12/2025 10:10,5759.57
29/12/2025 10:15,5783.32
29/12/2025 10:20,5844.73
29/12/2025 10:25,5910.3
29/12/2025 10:30,5650.72
29/12/2025 10:35,5821.64
29/12/2025 10:40,5891.82
29/12/2025 10:45,6059.87
29/12/2025 10:50,5861.56
29/12/2025 10:55,5656.17
29/12/2025 11:00,5681.76
29/12/2025 11:05,5467.92
29/12/2025 11:10,5639.79
29/12/2025 11:15,5650.45
29/12/2025 11:20,5743.14
29/12/2025 11:25,5812.16
29/12/2025 11:30,5627.33
29/12/2025 11:35,5909.72
29/12/2025 11:40,5694.51
29/12/2025 11:45,5541.44
29/12/2025 11:50,5720.23
29/12/2025 11:55,5648.56
29/12/2025 12:00,5196.14
29/12/2025 12:05,5205.32
29/12/2025 12:10,5270.74
29/12/2025 12:15,5566.12
29/12/2025 12:20,5325.75
29/12/2025 12:25,5279.03
29/12/2025 12:30,5094.31
29/12/2025 12:35,4930.7
29/12/2025 12:40,5229.94
29/12/2025 12:45,5412.48
29/12/2025 12:50,5214.4
29/12/2025 12:55,5205.14
29/12/2025 13:00,5153.42
29/12/2025 13:05,5217.13
29/12/2025 13:10,5046.87
29/12/2025 13:15,5336.99
29/12/2025 13:20,5143.34
29/12/2025 13:25,5260.63
29/12/2025 13:30,4887.01
29/12/2025 13:35,5316.04
29/12/2025 13:40,5217.3
29/12/2025 13:45,5051.09
29/12/2025 13:50,5026.21
29/12/2025 13:55,4875.65
29/12/2025 14:00,5258.07
29/12/2025 14:05,5200.43
29/12/2025 14:10,4935.62
29/12/2025 14:15,5110.98
29/12/2025 14:20,5057.06
29/12/2025 14:25,5140.65
29/12/2025 14:30,4910.78
29/12/2025 14:35,4983.92
29/12/2025 14:40,4997.03
29/12/2025 14:45,4955.9
29/12/2025 14:50,5214.14
29/12/2025 14:55,5130.42
29/12/2025 15:00,5028.07
29/12/2025 15:05,4935.57
29/12/2025 15:10,4907.74
29/12/2025 15:15,5255.0
29/12/2025 15:20,4819.05
29/12/2025 15:25,4742.24
29/12/2025 15:30,5403.08
29/12/2025 15:35,5102.79
29/12/2025 15:40,5080.85
29/12/2025 15:45,5119.16
29/12/2025 15:50,5312.42
29/12/2025 15:55,5581.34
29/12/2025 16:00,5302.31
29/12/2025 16:05,5160.14
29/12/2025 16:10,5344.56
29/12/2025 16:15,5486.46
29/12/2025 16:20,5356.74
29/12/2025 16:25,5417.23
29/12/2025 16:30,5562.0
29/12/2025 16:35,5538.18
29/12/2025 16:40,5469.73
29/12/2025 16:45,5549.69
29/12/2025 16:50,5478.12
29/12/2025 16:55,5728.1
29/12/2025 17:00,5738.84
29/12/2025 17:05,5709.98
29/12/2025 17:10,5476.55
29/12/2025 17:15,5807.28
29/12/2025 17:20,5709.35
29/12/2025 17:25,5789.62
29/12/2025 17:30,5691.42
29/12/2025 17:35,5660.43
29/12/2025 17:40,5972.92
29/12/2025 17:45,5881.77
29/12/2025 17:50,5669.18
29/12/2025 17:55,6049.31
29/12/2025 18:00,5874.58
29/12/2025 18:05,6078.14
29/12/2025 18:10,6087.36
29/12/2025 18:15,6088.94
29/12/2025 18:20,6155.32
29/12/2025 18:25,6312.26
29/12/2025 18:30,5912.61
29/12/2025 18:35,6195.03
29/12/2025 18:40,6460.16
29/12/2025 18:45,6481.42
29/12/2025 18:50,6040.88
29/12/2025 18:55,6338.88
29/12/2025 19:00,6109.05
29/12/2025 19:05,6221.27
29/12/2025 19:10,6069.25
29/12/2025 19:15,6130.19
29/12/2025 19:20,6374.53
29/12/2025 19:25,6084.63
29/12/2025 19:30,6540.61
29/12/2025 19:35,6272.21
29/12/2025 19:40,5994.51
29/12/2025 19:45,6176.56
29/12/2025 19:50,6086.58
29/12/2025 19:55,6225.31
29/12/2025 20:00,6374.08
29/12/2025 20:05,6263.21
29/12/2025 20:10,6260.84
29/12/2025 20:15,6272.41
29/12/2025 20:20,6233.16
29/12/2025 20:25,6104.75
29/12/2025 20:30,6306.02
29/12/2025 20:35,6134.44
29/12/2025 20:40,6093.08
29/12/2025 20:45,6071.43
29/12/2025 20:50,6132.59
29/12/2025 20:55,5981.8
29/12/2025 21:00,6118.84
29/12/2025 21:05,6212.32
29/12/2025 21:10,5912.24
29/12/2025 21:15,6218.79
29/12/2025 21:20,6272.68
29/12/2025 21:25,6254.22
29/12/2025 21:30,6022.62
29/12/2025 21:35,6076.92
29/12/2025 21:40,6258.85
29/12/2025 21:45,5951.16
29/12/2025 21:50,6201.26
29/12/2025 21:55,6047.59
29/12/2025 22:00,5548.62
29/12/2025 22:05,5257.04
29/12/2025 22:10,5345.66
29/12/2025 22:15,5409.77
29/12/2025 22:20,5698.5
29/12/2025 22:25,5384.03
29/12/2025 22:30,5299.68
29/12/2025 22:35,5572.07
29/12/2025 22:40,5362.7
29/12/2025 22:45,5239.79
29/12/2025 22:50,5091.04
29/12/2025 22:55,5184.38
29/12/2025 23:00,5267.65
29/12/2025 23:05,5062.66
29/12/2025 23:10,5223.7
29/12/2025 23:15,5281.71
29/12/2025 23:20,5221.79
29/12/2025 23:25,5227.75
29/12/2025 23:30,5217.07
29/12/2025 23:35,5019.98
29/12/2025 23:40,5084.19
29/12/2025 23:45,4915.1
29/12/2025 23:50,4942.52
29/12/2025 23:55,4939.98
