timestamp,load_mw,frequency_hz,temperature_celsius,humidity_percent,precipitation_mm,weather_code,is_holiday,holiday_name,day_of_week,hour_of_day,day_of_year
2025-05-14 00:00:00,8088.135,49.974999999999994,22.3,83,0.0,2,False,,Wednesday,0,134
2025-05-14 01:00:00,8333.392499999998,50.04,21.9,86,0.0,2,False,,Wednesday,1,134
2025-05-14 02:00:00,7897.155000000001,50.0,21.4,89,0.0,3,False,,Wednesday,2,134
2025-05-14 03:00:00,7921.1925,50.045,21.1,91,0.0,3,False,,Wednesday,3,134
2025-05-14 04:00:00,7997.992499999999,50.04,21.0,91,0.0,1,False,,Wednesday,4,134
2025-05-14 05:00:00,8291.895,50.0,20.8,93,0.0,3,False,,Wednesday,5,134
2025-05-14 06:00:00,8841.7675,50.065,21.4,91,0.0,3,False,,Wednesday,6,134
2025-05-14 07:00:00,10156.55,50.045,22.8,85,0.0,3,False,,Wednesday,7,134
2025-05-14 08:00:00,10611.205,50.035,25.0,75,0.0,3,False,,Wednesday,8,134
2025-05-14 09:00:00,11400.407500000001,50.015,27.6,61,0.0,2,False,,Wednesday,9,134
2025-05-14 10:00:00,11781.7225,49.97,29.0,52,0.1,51,False,,Wednesday,10,134
2025-05-14 11:00:00,12367.904999999999,49.985,29.5,50,0.2,51,False,,Wednesday,11,134
2025-05-14 12:00:00,12830.0425,49.99,30.6,47,0.1,51,False,,Wednesday,12,134
2025-05-14 13:00:00,12916.1525,50.065,31.8,44,0.0,3,False,,Wednesday,13,134
2025-05-14 14:00:00,12906.925000000001,50.035,32.4,41,0.0,3,False,,Wednesday,14,134
2025-05-14 15:00:00,13378.665,50.004999999999995,32.2,41,0.0,3,False,,Wednesday,15,134
2025-05-14 16:00:00,13403.615000000002,49.959999999999994,31.6,41,0.0,3,False,,Wednesday,16,134
2025-05-14 17:00:00,12599.9225,50.045,29.3,46,1.2,55,False,,Wednesday,17,134
2025-05-14 18:00:00,11768.630000000001,50.06,28.6,52,0.0,3,False,,Wednesday,18,134
2025-05-14 19:00:00,10886.814999999999,50.135,27.9,62,0.0,2,False,,Wednesday,19,134
2025-05-14 20:00:00,10708.259999999998,50.06,27.6,60,0.0,3,False,,Wednesday,20,134
2025-05-14 21:00:00,9899.195,49.96,25.0,71,0.0,2,False,,Wednesday,21,134
2025-05-14 22:00:00,9529.005000000001,49.97,23.9,78,0.0,1,False,,Wednesday,22,134
2025-05-14 23:00:00,9339.92,49.925,23.5,81,0.0,0,False,,Wednesday,23,134
2025-05-15 00:00:00,8811.6325,49.995000000000005,22.9,87,0.0,0,False,,Thursday,0,135
2025-05-15 01:00:00,8689.7775,50.015,22.4,91,0.0,2,False,,Thursday,1,135
2025-05-15 02:00:00,8068.735000000001,50.055,22.0,94,0.0,3,False,,Thursday,2,135
2025-05-15 03:00:00,7998.42,50.05,21.9,96,0.0,3,False,,Thursday,3,135
2025-05-15 04:00:00,8222.6025,50.07,21.8,96,0.0,2,False,,Thursday,4,135
2025-05-15 05:00:00,8719.36,50.004999999999995,21.5,97,0.0,3,False,,Thursday,5,135
2025-05-15 06:00:00,9410.009999999998,49.995000000000005,21.0,90,0.0,3,False,,Thursday,6,135
2025-05-15 07:00:00,10773.6025,50.06,22.5,85,0.0,3,False,,Thursday,7,135
2025-05-15 08:00:00,11187.6525,50.01,24.6,75,0.0,3,False,,Thursday,8,135
2025-05-15 09:00:00,11865.48,50.004999999999995,26.8,64,0.0,3,False,,Thursday,9,135
2025-05-15 10:00:00,12314.5775,50.025,28.9,53,0.0,3,False,,Thursday,10,135
2025-05-15 11:00:00,12174.52,49.985,30.7,47,0.0,1,False,,Thursday,11,135
2025-05-15 12:00:00,12486.805,50.019999999999996,31.7,43,0.0,3,False,,Thursday,12,135
2025-05-15 13:00:00,12436.384999999998,49.885000000000005,32.9,40,0.0,3,False,,Thursday,13,135
2025-05-15 14:00:00,12468.9975,50.11,33.1,39,0.0,3,False,,Thursday,14,135
2025-05-15 15:00:00,12381.564999999999,50.05,29.8,54,1.3,61,False,,Thursday,15,135
2025-05-15 16:00:00,12074.297499999999,50.085,28.0,59,0.5,53,False,,Thursday,16,135
2025-05-15 17:00:00,11299.3475,50.015,26.5,63,0.0,3,False,,Thursday,17,135
2025-05-15 18:00:00,10621.32,49.96,27.4,57,0.0,1,False,,Thursday,18,135
2025-05-15 19:00:00,10763.1525,50.06,25.2,67,0.0,1,False,,Thursday,19,135
2025-05-15 20:00:00,10666.505,49.985,24.8,70,0.0,0,False,,Thursday,20,135
2025-05-15 21:00:00,9874.2725,50.015,24.6,71,0.0,0,False,,Thursday,21,135
2025-05-15 22:00:00,9655.3,49.965,24.1,73,0.0,0,False,,Thursday,22,135
2025-05-15 23:00:00,9318.814999999999,49.93,23.6,77,0.0,0,False,,Thursday,23,135
2025-05-16 00:00:00,8993.5125,50.040000000000006,23.1,80,0.0,0,False,,Friday,0,136
2025-05-16 01:00:00,8827.705,50.015,22.6,83,0.0,0,False,,Friday,1,136
2025-05-16 02:00:00,8273.2375,50.055,22.1,87,0.0,2,False,,Friday,2,136
2025-05-16 03:00:00,8302.5,50.05,21.8,90,0.0,1,False,,Friday,3,136
2025-05-16 04:00:00,8204.2425,50.07,21.5,92,0.0,3,False,,Friday,4,136
2025-05-16 05:00:00,8777.625,50.004999999999995,21.3,93,0.0,3,False,,Friday,5,136
2025-05-16 06:00:00,9254.8225,49.995000000000005,21.3,96,0.0,3,False,,Friday,6,136
2025-05-16 07:00:00,10642.0675,50.04,22.8,90,0.0,0,False,,Friday,7,136
2025-05-16 08:00:00,11347.677499999998,49.965,24.7,80,0.0,0,False,,Friday,8,136
2025-05-16 09:00:00,12168.84,49.98,26.9,69,0.0,0,False,,Friday,9,136
2025-05-16 10:00:00,12472.6625,50.004999999999995,28.7,59,0.0,0,False,,Friday,10,136
2025-05-16 11:00:00,12391.675,50.010000000000005,30.0,54,0.0,1,False,,Friday,11,136
2025-05-16 12:00:00,12667.3275,49.995,30.9,50,0.0,3,False,,Friday,12,136
2025-05-16 13:00:00,12850.535,50.019999999999996,30.2,50,0.1,51,False,,Friday,13,136
2025-05-16 14:00:00,12261.7625,50.019999999999996,29.6,53,0.8,53,False,,Friday,14,136
2025-05-16 15:00:00,12202.8675,50.0,29.6,54,2.0,61,False,,Friday,15,136
2025-05-16 16:00:00,11856.005000000001,50.095,29.1,55,0.1,51,False,,Friday,16,136
2025-05-16 17:00:00,11158.149999999998,50.040000000000006,26.7,66,0.6,53,False,,Friday,17,136
2025-05-16 18:00:00,10501.0125,50.14,25.9,72,0.0,3,False,,Friday,18,136
2025-05-16 19:00:00,10471.3525,50.055,24.4,80,0.0,3,False,,Friday,19,136
2025-05-16 20:00:00,10194.2425,50.05,24.1,83,0.0,3,False,,Friday,20,136
2025-05-16 21:00:00,9715.025,50.025000000000006,23.7,84,0.0,3,False,,Friday,21,136
2025-05-16 22:00:00,9653.75,49.980000000000004,23.5,82,0.0,3,False,,Friday,22,136
2025-05-16 23:00:00,9604.782500000001,49.99,23.1,83,0.0,3,False,,Friday,23,136
2025-05-17 00:00:00,9121.985,50.03,22.8,86,0.0,3,False,,Saturday,0,137
2025-05-17 01:00:00,8747.24,50.045,22.3,90,0.0,3,False,,Saturday,1,137
2025-05-17 02:00:00,8323.9575,50.015,22.2,91,0.0,3,False,,Saturday,2,137
2025-05-17 03:00:00,8324.345000000001,50.015,21.6,93,0.4,51,False,,Saturday,3,137
2025-05-17 04:00:00,8476.779999999999,50.03,21.3,95,0.1,51,False,,Saturday,4,137
2025-05-17 05:00:00,8781.1125,49.989999999999995,21.0,96,0.0,3,False,,Saturday,5,137
2025-05-17 06:00:00,9474.064999999999,50.035,22.0,95,0.0,3,False,,Saturday,6,137
2025-05-17 07:00:00,10566.365,50.025000000000006,22.9,90,0.0,3,False,,Saturday,7,137
2025-05-17 08:00:00,11123.717499999999,50.035,24.0,84,0.0,3,False,,Saturday,8,137
2025-05-17 09:00:00,11792.265,50.075,25.5,75,0.1,51,False,,Saturday,9,137
2025-05-17 10:00:00,12380.145,50.055,27.4,66,0.1,51,False,,Saturday,10,137
2025-05-17 11:00:00,12087.0175,50.025000000000006,28.5,61,0.1,51,False,,Saturday,11,137
2025-05-17 12:00:00,12019.2025,50.004999999999995,29.4,56,0.1,51,False,,Saturday,12,137
2025-05-17 13:00:00,12004.232500000002,49.965,28.2,59,0.1,51,False,,Saturday,13,137
2025-05-17 14:00:00,11569.775,50.035,24.6,82,5.0,63,False,,Saturday,14,137
2025-05-17 15:00:00,11761.4225,50.095,23.0,89,2.1,61,False,,Saturday,15,137
2025-05-17 16:00:00,11074.07,50.015,24.9,81,0.1,51,False,,Saturday,16,137
2025-05-17 17:00:00,10414.880000000001,49.995000000000005,22.7,90,1.2,55,False,,Saturday,17,137
2025-05-17 18:00:00,9970.692500000001,50.05,22.7,87,1.4,61,False,,Saturday,18,137
2025-05-17 19:00:00,9048.65,50.04,22.5,93,3.4,63,False,,Saturday,19,137
2025-05-17 20:00:00,9023.62,50.03,22.4,93,1.9,61,False,,Saturday,20,137
2025-05-17 21:00:00,8484.442500000001,49.955,21.9,95,2.1,61,False,,Saturday,21,137
2025-05-17 22:00:00,8067.634999999999,50.004999999999995,21.2,97,2.6,63,False,,Saturday,22,137
2025-05-17 23:00:00,8127.6,50.0,21.1,97,1.8,61,False,,Saturday,23,137
2025-05-18 00:00:00,7899.2125,49.985,20.9,98,2.0,61,True,Sunday,Sunday,0,138
2025-05-18 01:00:00,7567.6475,50.019999999999996,20.6,98,4.0,63,True,Sunday,Sunday,1,138
2025-05-18 02:00:00,7328.7425,49.965,20.5,98,2.1,61,True,Sunday,Sunday,2,138
2025-05-18 03:00:00,7094.192499999999,50.03,20.6,98,0.9,53,True,Sunday,Sunday,3,138
2025-05-18 04:00:00,7076.5175,50.019999999999996,20.6,98,0.0,3,True,Sunday,Sunday,4,138
2025-05-18 05:00:00,7037.817499999999,49.974999999999994,20.9,96,0.0,3,True,Sunday,Sunday,5,138
2025-05-18 06:00:00,7352.0599999999995,50.025000000000006,21.0,96,0.0,3,True,Sunday,Sunday,6,138
2025-05-18 07:00:00,7866.45,50.06,22.1,91,0.0,3,True,Sunday,Sunday,7,138
2025-05-18 08:00:00,8440.619999999999,50.07,23.6,84,0.0,3,True,Sunday,Sunday,8,138
2025-05-18 09:00:00,9002.7775,50.33,25.5,72,0.0,3,True,Sunday,Sunday,9,138
2025-05-18 10:00:00,9104.9075,50.29,26.9,66,0.0,1,True,Sunday,Sunday,10,138
2025-05-18 11:00:00,9221.3475,50.385000000000005,27.7,64,0.0,3,True,Sunday,Sunday,11,138
2025-05-18 12:00:00,9558.990000000002,50.254999999999995,28.6,62,0.0,3,True,Sunday,Sunday,12,138
2025-05-18 13:00:00,9428.592499999999,50.035,29.0,60,0.0,3,True,Sunday,Sunday,13,138
2025-05-18 14:00:00,9141.97,49.974999999999994,29.1,58,0.0,3,True,Sunday,Sunday,14,138
2025-05-18 15:00:00,9066.535,50.01,27.5,64,0.0,3,True,Sunday,Sunday,15,138
2025-05-18 16:00:00,9051.037499999999,50.015,26.4,69,0.1,51,True,Sunday,Sunday,16,138
2025-05-18 17:00:00,8756.585000000001,50.04,25.8,74,0.0,3,True,Sunday,Sunday,17,138
2025-05-18 18:00:00,8934.585,50.040000000000006,23.9,85,0.0,3,True,Sunday,Sunday,18,138
2025-05-18 19:00:00,8955.7825,50.055,23.9,87,0.0,3,True,Sunday,Sunday,19,138
2025-05-18 20:00:00,9121.925000000001,49.94,24.0,86,0.0,3,True,Sunday,Sunday,20,138
2025-05-18 21:00:00,8592.8625,50.03,23.1,92,1.6,61,True,Sunday,Sunday,21,138
2025-05-18 22:00:00,7992.785,50.055,22.5,96,4.8,63,True,Sunday,Sunday,22,138
2025-05-18 23:00:00,7632.95,50.055,22.2,96,1.0,55,True,Sunday,Sunday,23,138
2025-05-19 00:00:00,7520.522499999999,50.07,21.9,96,0.5,53,False,,Monday,0,139
2025-05-19 01:00:00,6857.395,50.015,21.6,97,0.3,51,False,,Monday,1,139
2025-05-19 02:00:00,6414.610000000001,49.995,21.5,98,0.6,53,False,,Monday,2,139
2025-05-19 03:00:00,6140.72,49.995000000000005,21.4,97,0.7,53,False,,Monday,3,139
2025-05-19 04:00:00,6048.935,50.015,21.1,97,0.0,3,False,,Monday,4,139
2025-05-19 05:00:00,6110.135,49.985,21.1,96,0.1,51,False,,Monday,5,139
2025-05-19 06:00:00,6959.7525000000005,50.015,21.5,95,0.4,51,False,,Monday,6,139
2025-05-19 07:00:00,8255.3225,49.975,21.6,95,0.2,51,False,,Monday,7,139
2025-05-19 08:00:00,9075.39,50.010000000000005,22.8,88,0.0,3,False,,Monday,8,139
2025-05-19 09:00:00,9692.115,50.085,24.5,78,0.0,3,False,,Monday,9,139
2025-05-19 10:00:00,10172.595000000001,50.019999999999996,26.0,70,0.0,3,False,,Monday,10,139
2025-05-19 11:00:00,10462.0375,49.97,26.6,68,0.0,3,False,,Monday,11,139
2025-05-19 12:00:00,10822.1675,49.945,27.8,66,0.1,51,False,,Monday,12,139
2025-05-19 13:00:00,10665.285,49.97,28.2,63,0.2,51,False,,Monday,13,139
2025-05-19 14:00:00,10531.932499999999,49.965,24.4,84,7.0,63,False,,Monday,14,139
2025-05-19 15:00:00,10530.5725,49.985,24.4,83,1.2,55,False,,Monday,15,139
2025-05-19 16:00:00,10295.4,49.974999999999994,23.6,86,2.4,61,False,,Monday,16,139
2025-05-19 17:00:00,10062.289999999999,49.975,24.0,84,0.2,51,False,,Monday,17,139
2025-05-19 18:00:00,9919.3875,50.065,22.9,93,0.6,53,False,,Monday,18,139
2025-05-19 19:00:00,10056.27,50.07,22.3,97,0.2,51,False,,Monday,19,139
2025-05-19 20:00:00,9863.575,50.075,22.2,96,0.0,3,False,,Monday,20,139
2025-05-19 21:00:00,9407.7325,49.99,21.9,98,0.0,3,False,,Monday,21,139
2025-05-19 22:00:00,9343.5225,50.03,22.1,98,0.0,3,False,,Monday,22,139
2025-05-19 23:00:00,8858.465,49.97,22.0,97,0.2,51,False,,Monday,23,139
2025-05-20 00:00:00,8434.7475,50.004999999999995,22.0,97,0.1,51,False,,Tuesday,0,140
2025-05-20 01:00:00,8091.535,50.05,21.4,93,1.4,61,False,,Tuesday,1,140
2025-05-20 02:00:00,7517.41,50.010000000000005,21.2,97,1.3,61,False,,Tuesday,2,140
2025-05-20 03:00:00,7336.275,49.945,21.0,98,0.1,51,False,,Tuesday,3,140
2025-05-20 04:00:00,7502.8475,49.975,21.0,98,0.0,3,False,,Tuesday,4,140
2025-05-20 05:00:00,7790.58,50.015,20.8,98,0.0,3,False,,Tuesday,5,140
2025-05-20 06:00:00,8300.175,50.055,21.4,98,0.7,53,False,,Tuesday,6,140
2025-05-20 07:00:00,9170.8525,49.96,21.6,97,0.4,51,False,,Tuesday,7,140
2025-05-20 08:00:00,9640.7775,50.004999999999995,22.2,93,0.7,53,False,,Tuesday,8,140
2025-05-20 09:00:00,9823.085,50.045,23.0,89,0.4,51,False,,Tuesday,9,140
2025-05-20 10:00:00,10099.565,50.025000000000006,23.6,86,0.2,51,False,,Tuesday,10,140
2025-05-20 11:00:00,9614.4475,50.02,23.9,84,1.2,55,False,,Tuesday,11,140
2025-05-20 12:00:00,9307.405,49.93,24.8,81,0.4,51,False,,Tuesday,12,140
2025-05-20 13:00:00,9243.2075,50.0,25.8,76,0.1,51,False,,Tuesday,13,140
2025-05-20 14:00:00,8820.317500000001,50.01,27.4,69,0.1,51,False,,Tuesday,14,140
2025-05-20 15:00:00,8617.080000000002,50.03,22.1,92,7.9,65,False,,Tuesday,15,140
2025-05-20 16:00:00,8512.135,50.06,22.9,89,0.1,51,False,,Tuesday,16,140
2025-05-20 17:00:00,8479.655,50.05,24.0,82,0.1,51,False,,Tuesday,17,140
2025-05-20 18:00:00,8887.8825,50.015,23.1,90,0.0,3,False,,Tuesday,18,140
2025-05-20 19:00:00,9479.092499999999,50.065,22.8,91,0.0,3,False,,Tuesday,19,140
2025-05-20 20:00:00,9271.015,50.035,22.7,92,0.0,3,False,,Tuesday,20,140
2025-05-20 21:00:00,8658.9075,49.995,22.5,92,0.0,3,False,,Tuesday,21,140
2025-05-20 22:00:00,8346.68,50.035,22.1,92,0.0,3,False,,Tuesday,22,140
2025-05-20 23:00:00,8005.295,50.015,21.9,92,0.0,3,False,,Tuesday,23,140
2025-05-21 00:00:00,7188.105,50.035,21.4,94,0.0,3,False,,Wednesday,0,141
2025-05-21 01:00:00,6979.065,49.975,21.0,95,0.0,3,False,,Wednesday,1,141
2025-05-21 02:00:00,6802.4175,49.98,20.6,97,0.0,3,False,,Wednesday,2,141
2025-05-21 03:00:00,6679.025000000001,49.94,20.5,97,0.0,3,False,,Wednesday,3,141
2025-05-21 04:00:00,6712.8324999999995,50.01,20.5,98,0.0,3,False,,Wednesday,4,141
2025-05-21 05:00:00,7061.9125,50.019999999999996,20.6,97,0.0,3,False,,Wednesday,5,141
2025-05-21 06:00:00,7596.6900000000005,50.015,20.5,97,0.0,3,False,,Wednesday,6,141
2025-05-21 07:00:00,8925.892499999998,49.99,21.5,92,0.0,3,False,,Wednesday,7,141
2025-05-21 08:00:00,9233.307499999999,50.065,23.0,83,0.0,3,False,,Wednesday,8,141
2025-05-21 09:00:00,9731.877499999999,50.135,24.4,76,0.0,3,False,,Wednesday,9,141
2025-05-21 10:00:00,9903.93,50.040000000000006,25.2,70,0.0,3,False,,Wednesday,10,141
2025-05-21 11:00:00,9585.2025,50.015,25.6,68,0.0,3,False,,Wednesday,11,141
2025-05-21 12:00:00,9395.47,49.995000000000005,26.5,65,0.2,51,False,,Wednesday,12,141
2025-05-21 13:00:00,8756.91,50.010000000000005,25.6,71,2.2,61,False,,Wednesday,13,141
2025-05-21 14:00:00,8015.342500000001,50.084999999999994,25.8,70,1.3,61,False,,Wednesday,14,141
2025-05-21 15:00:00,7680.25,49.995000000000005,24.5,83,4.1,63,False,,Wednesday,15,141
2025-05-21 16:00:00,7532.5825,49.945,25.6,73,0.1,51,False,,Wednesday,16,141
2025-05-21 17:00:00,7737.300000000001,50.07,25.4,68,0.0,3,False,,Wednesday,17,141
2025-05-21 18:00:00,8046.912499999999,50.155,23.1,78,0.0,3,False,,Wednesday,18,141
2025-05-21 19:00:00,8497.755000000001,50.099999999999994,22.6,76,0.0,3,False,,Wednesday,19,141
2025-05-21 20:00:00,8628.050000000001,50.06,21.8,73,0.0,3,False,,Wednesday,20,141
2025-05-21 21:00:00,8531.23,50.09,21.1,77,0.0,3,False,,Wednesday,21,141
2025-05-21 22:00:00,7926.89,49.97,20.7,79,0.0,3,False,,Wednesday,22,141
2025-05-21 23:00:00,7641.9925,50.055,20.8,79,0.0,3,False,,Wednesday,23,141
2025-05-22 00:00:00,7061.072499999999,50.055,20.7,81,0.0,3,False,,Thursday,0,142
2025-05-22 01:00:00,6897.652499999999,50.08,20.5,84,0.0,3,False,,Thursday,1,142
2025-05-22 02:00:00,6615.735,50.015,20.0,88,0.0,3,False,,Thursday,2,142
2025-05-22 03:00:00,6381.99,50.0,19.8,90,0.0,3,False,,Thursday,3,142
2025-05-22 04:00:00,6479.047500000001,50.065,19.8,92,0.0,3,False,,Thursday,4,142
2025-05-22 05:00:00,6852.105,49.985,19.3,95,0.0,3,False,,Thursday,5,142
2025-05-22 06:00:00,7533.564999999999,49.99,20.0,96,0.0,3,False,,Thursday,6,142
2025-05-22 07:00:00,8989.865,50.03,21.4,89,0.0,3,False,,Thursday,7,142
2025-05-22 08:00:00,9543.675,50.269999999999996,23.0,79,0.0,3,False,,Thursday,8,142
2025-05-22 09:00:00,9767.07,50.394999999999996,24.5,72,0.0,3,False,,Thursday,9,142
2025-05-22 10:00:00,9613.907500000001,50.345,25.8,65,0.0,3,False,,Thursday,10,142
2025-05-22 11:00:00,9034.21,50.28,26.3,64,0.0,3,False,,Thursday,11,142
2025-05-22 12:00:00,8854.01,50.015,26.7,64,0.0,1,False,,Thursday,12,142
2025-05-22 13:00:00,8653.39,50.11,28.3,57,0.1,51,False,,Thursday,13,142
2025-05-22 14:00:00,8118.9725,49.985,28.6,55,0.0,3,False,,Thursday,14,142
2025-05-22 15:00:00,7852.937499999999,50.015,28.6,52,0.0,1,False,,Thursday,15,142
2025-05-22 16:00:00,8234.605,50.03,28.0,54,0.0,2,False,,Thursday,16,142
2025-05-22 17:00:00,8393.904999999999,50.0,26.9,61,0.0,1,False,,Thursday,17,142
2025-05-22 18:00:00,8652.3125,50.010000000000005,25.2,67,0.0,2,False,,Thursday,18,142
2025-05-22 19:00:00,8554.4225,50.0,24.0,74,0.0,3,False,,Thursday,19,142
2025-05-22 20:00:00,8899.34,49.965,23.3,78,0.0,3,False,,Thursday,20,142
2025-05-22 21:00:00,8565.5125,50.04,22.7,81,0.0,3,False,,Thursday,21,142
2025-05-22 22:00:00,8212.92,50.03,21.9,85,0.0,3,False,,Thursday,22,142
2025-05-22 23:00:00,7815.6175,49.875,21.3,88,0.0,3,False,,Thursday,23,142
2025-05-23 00:00:00,7265.905,50.045,21.1,90,0.0,3,False,,Friday,0,143
2025-05-23 01:00:00,7144.375,50.05,20.7,93,0.0,2,False,,Friday,1,143
2025-05-23 02:00:00,6815.97,50.05,20.5,95,0.0,2,False,,Friday,2,143
2025-05-23 03:00:00,6632.78,49.995000000000005,20.5,96,0.0,3,False,,Friday,3,143
2025-05-23 04:00:00,6638.3775,49.91,20.5,96,0.0,3,False,,Friday,4,143
2025-05-23 05:00:00,6908.7675,49.974999999999994,20.5,97,0.0,3,False,,Friday,5,143
2025-05-23 06:00:00,7605.797500000001,50.025,21.0,94,0.0,3,False,,Friday,6,143
2025-05-23 07:00:00,9119.865,49.980000000000004,22.4,88,0.0,3,False,,Friday,7,143
2025-05-23 08:00:00,9568.235,50.084999999999994,24.0,78,0.1,51,False,,Friday,8,143
2025-05-23 09:00:00,9650.3825,50.095,24.5,76,0.1,51,False,,Friday,9,143
2025-05-23 10:00:00,9998.1325,50.13,26.0,69,0.2,51,False,,Friday,10,143
2025-05-23 11:00:00,9499.2375,50.11,26.8,67,0.2,51,False,,Friday,11,143
2025-05-23 12:00:00,9236.9875,49.980000000000004,27.9,62,0.1,51,False,,Friday,12,143
2025-05-23 13:00:00,9140.12,50.075,28.0,62,0.1,51,False,,Friday,13,143
2025-05-23 14:00:00,8515.17,50.019999999999996,26.5,70,1.2,55,False,,Friday,14,143
2025-05-23 15:00:00,8504.315,50.045,27.0,67,0.5,53,False,,Friday,15,143
2025-05-23 16:00:00,8384.3825,50.019999999999996,25.6,73,0.4,51,False,,Friday,16,143
2025-05-23 17:00:00,8580.6775,50.019999999999996,25.6,73,0.2,51,False,,Friday,17,143
2025-05-23 18:00:00,8691.285,50.019999999999996,24.1,79,0.0,3,False,,Friday,18,143
2025-05-23 19:00:00,8934.665,50.065,23.5,80,0.0,3,False,,Friday,19,143
2025-05-23 20:00:00,8707.415,50.03,23.0,81,0.0,3,False,,Friday,20,143
2025-05-23 21:00:00,8362.6525,50.025000000000006,22.5,85,0.0,3,False,,Friday,21,143
2025-05-23 22:00:00,7877.2825,49.99,22.0,89,0.0,3,False,,Friday,22,143
2025-05-23 23:00:00,7527.11,49.875,21.8,91,0.0,3,False,,Friday,23,143
2025-05-24 00:00:00,7159.2275,49.980000000000004,21.2,92,0.0,3,False,,Saturday,0,144
2025-05-24 01:00:00,6885.4349999999995,49.96,21.3,92,0.0,3,False,,Saturday,1,144
2025-05-24 02:00:00,6769.0725,49.925,21.2,92,0.0,3,False,,Saturday,2,144
2025-05-24 03:00:00,6233.3325,49.995000000000005,21.0,93,0.0,3,False,,Saturday,3,144
2025-05-24 04:00:00,6323.1425,50.035,20.8,93,0.0,3,False,,Saturday,4,144
2025-05-24 05:00:00,6613.3175,50.04,21.0,93,0.1,51,False,,Saturday,5,144
2025-05-24 06:00:00,7207.2125,50.004999999999995,21.4,92,0.0,3,False,,Saturday,6,144
2025-05-24 07:00:00,8278.685000000001,49.975,21.8,92,0.5,53,False,,Saturday,7,144
2025-05-24 08:00:00,8836.725,49.99,22.2,93,1.9,61,False,,Saturday,8,144
2025-05-24 09:00:00,8928.205,50.08,23.1,85,0.0,3,False,,Saturday,9,144
2025-05-24 10:00:00,9182.9525,50.08,24.1,81,1.1,55,False,,Saturday,10,144
2025-05-24 11:00:00,8487.7475,50.09,24.6,80,1.0,55,False,,Saturday,11,144
2025-05-24 12:00:00,8535.86,50.085,24.4,79,0.2,51,False,,Saturday,12,144
2025-05-24 13:00:00,8009.79,50.010000000000005,24.8,77,0.2,51,False,,Saturday,13,144
2025-05-24 14:00:00,7724.7675,49.965,24.7,78,0.4,51,False,,Saturday,14,144
2025-05-24 15:00:00,7486.1625,49.95,25.5,74,0.1,51,False,,Saturday,15,144
2025-05-24 16:00:00,7346.964999999999,49.980000000000004,24.9,75,0.0,3,False,,Saturday,16,144
2025-05-24 17:00:00,7618.4974999999995,50.004999999999995,24.1,79,0.0,3,False,,Saturday,17,144
2025-05-24 18:00:00,7841.5650000000005,50.114999999999995,23.3,85,0.0,3,False,,Saturday,18,144
2025-05-24 19:00:00,8112.2925000000005,50.075,22.5,89,0.0,3,False,,Saturday,19,144
2025-05-24 20:00:00,8088.945,50.095,22.1,90,0.0,3,False,,Saturday,20,144
2025-05-24 21:00:00,7926.764999999999,49.965,21.8,91,0.0,3,False,,Saturday,21,144
2025-05-24 22:00:00,7576.4225,50.045,21.6,92,0.0,3,False,,Saturday,22,144
2025-05-24 23:00:00,7035.8425,49.995,21.5,93,0.0,3,False,,Saturday,23,144
2025-05-25 00:00:00,6586.035,50.025000000000006,21.2,93,0.0,3,True,Sunday,Sunday,0,145
2025-05-25 01:00:00,6436.5825,50.065,20.9,95,0.0,3,True,Sunday,Sunday,1,145
2025-05-25 02:00:00,6273.255,50.015,20.8,95,0.1,51,True,Sunday,Sunday,2,145
2025-05-25 03:00:00,6143.6,50.005,20.5,95,0.1,51,True,Sunday,Sunday,3,145
2025-05-25 04:00:00,6024.382500000001,50.015,20.4,96,0.2,51,True,Sunday,Sunday,4,145
2025-05-25 05:00:00,6424.24,50.025000000000006,20.5,95,0.4,51,True,Sunday,Sunday,5,145
2025-05-25 06:00:00,6845.7175,50.07,21.5,94,0.0,3,True,Sunday,Sunday,6,145
2025-05-25 07:00:00,7569.695,49.985,22.0,93,0.2,51,True,Sunday,Sunday,7,145
2025-05-25 08:00:00,8364.305,50.285,23.0,86,0.1,51,True,Sunday,Sunday,8,145
2025-05-25 09:00:00,8066.0599999999995,50.33,24.2,78,0.3,51,True,Sunday,Sunday,9,145
2025-05-25 10:00:00,7859.2375,50.165,25.1,75,0.2,51,True,Sunday,Sunday,10,145
2025-05-25 11:00:00,7132.8475,50.175,26.4,70,0.1,51,True,Sunday,Sunday,11,145
2025-05-25 12:00:00,6554.28,50.015,26.0,73,0.3,51,True,Sunday,Sunday,12,145
2025-05-25 13:00:00,6561.407499999999,49.94,26.9,68,0.3,51,True,Sunday,Sunday,13,145
2025-05-25 14:00:00,6363.695000000001,49.95,26.1,72,0.6,53,True,Sunday,Sunday,14,145
2025-05-25 15:00:00,6106.5125,50.0,24.0,85,1.5,61,True,Sunday,Sunday,15,145
2025-05-25 16:00:00,6302.39,50.010000000000005,24.1,82,0.2,51,True,Sunday,Sunday,16,145
2025-05-25 17:00:00,6286.965,50.015,23.7,83,0.3,51,True,Sunday,Sunday,17,145
2025-05-25 18:00:00,6532.897499999999,50.06,22.0,94,0.9,53,True,Sunday,Sunday,18,145
2025-05-25 19:00:00,7084.925,50.01,21.7,94,0.7,53,True,Sunday,Sunday,19,145
2025-05-25 20:00:00,6965.75,49.989999999999995,21.4,95,0.7,53,True,Sunday,Sunday,20,145
2025-05-25 21:00:00,6580.8525,49.99,21.1,96,0.2,51,True,Sunday,Sunday,21,145
2025-05-25 22:00:00,6218.66,50.03,20.9,96,0.1,51,True,Sunday,Sunday,22,145
2025-05-25 23:00:00,5812.735000000001,50.01,20.2,97,0.1,51,True,Sunday,Sunday,23,145
2025-05-26 00:00:00,5214.0875,50.06,20.1,98,0.4,51,False,,Monday,0,146
2025-05-26 01:00:00,5117.8099999999995,50.004999999999995,20.1,98,0.6,53,False,,Monday,1,146
2025-05-26 02:00:00,4838.5375,50.03,20.2,98,0.3,51,False,,Monday,2,146
2025-05-26 03:00:00,4734.099999999999,50.015,20.4,98,0.5,53,False,,Monday,3,146
2025-05-26 04:00:00,4992.8325,49.995,20.2,98,0.4,51,False,,Monday,4,146
2025-05-26 05:00:00,5163.0675,50.03,20.2,97,0.2,51,False,,Monday,5,146
2025-05-26 06:00:00,6021.305,50.01,20.6,95,0.0,3,False,,Monday,6,146
2025-05-26 07:00:00,7271.4125,50.035,21.0,95,0.0,3,False,,Monday,7,146
2025-05-26 08:00:00,8175.4,50.045,22.0,90,0.1,51,False,,Monday,8,146
2025-05-26 09:00:00,8594.1375,50.0,22.8,86,0.2,51,False,,Monday,9,146
2025-05-26 10:00:00,8406.275000000001,50.120000000000005,23.1,86,0.7,53,False,,Monday,10,146
2025-05-26 11:00:00,8331.407500000001,50.31,23.0,88,4.7,63,False,,Monday,11,146
2025-05-26 12:00:00,7704.755,50.03,23.6,83,0.2,51,False,,Monday,12,146
2025-05-26 13:00:00,7529.725,50.015,25.5,74,0.1,51,False,,Monday,13,146
2025-05-26 14:00:00,7249.295,50.004999999999995,21.8,89,2.1,61,False,,Monday,14,146
2025-05-26 15:00:00,7586.1425,50.095,22.9,89,0.5,53,False,,Monday,15,146
2025-05-26 16:00:00,7542.915,49.965,22.0,90,1.1,55,False,,Monday,16,146
2025-05-26 17:00:00,7866.110000000001,49.870000000000005,21.2,92,1.0,55,False,,Monday,17,146
2025-05-26 18:00:00,8040.785,50.09,21.4,94,2.1,61,False,,Monday,18,146
2025-05-26 19:00:00,8249.925,49.96,21.2,95,0.0,3,False,,Monday,19,146
2025-05-26 20:00:00,8193.02,49.894999999999996,21.4,92,0.0,3,False,,Monday,20,146
2025-05-26 21:00:00,7642.415,50.019999999999996,21.1,93,0.0,3,False,,Monday,21,146
2025-05-26 22:00:00,6926.474999999999,50.019999999999996,21.0,93,0.0,3,False,,Monday,22,146
2025-05-26 23:00:00,6317.464999999999,50.015,20.8,91,0.0,3,False,,Monday,23,146
2025-05-27 00:00:00,5750.75,50.075,20.4,93,0.0,3,False,,Tuesday,0,147
2025-05-27 01:00:00,5648.339999999999,50.004999999999995,20.5,93,0.0,3,False,,Tuesday,1,147
2025-05-27 02:00:00,5693.0425,49.935,20.4,93,0.0,3,False,,Tuesday,2,147
2025-05-27 03:00:00,5343.5625,50.040000000000006,20.6,94,0.0,3,False,,Tuesday,3,147
2025-05-27 04:00:00,5488.89,50.085,20.7,95,0.0,3,False,,Tuesday,4,147
2025-05-27 05:00:00,5628.96,50.025,20.7,95,0.0,3,False,,Tuesday,5,147
2025-05-27 06:00:00,6423.69,50.05,21.1,95,0.2,51,False,,Tuesday,6,147
2025-05-27 07:00:00,7933.7325,50.004999999999995,22.0,90,0.1,51,False,,Tuesday,7,147
2025-05-27 08:00:00,8630.83,50.055,21.8,90,0.1,51,False,,Tuesday,8,147
2025-05-27 09:00:00,8933.4775,50.0,23.3,81,0.0,3,False,,Tuesday,9,147
2025-05-27 10:00:00,8827.035,50.035,24.8,75,1.1,55,False,,Tuesday,10,147
2025-05-27 11:00:00,8500.1525,50.075,25.5,69,0.1,51,False,,Tuesday,11,147
2025-05-27 12:00:00,8187.695000000001,50.015,26.2,67,0.5,53,False,,Tuesday,12,147
2025-05-27 13:00:00,8147.415000000001,50.085,26.0,68,0.6,53,False,,Tuesday,13,147
2025-05-27 14:00:00,7586.5650000000005,50.015,25.7,70,0.1,51,False,,Tuesday,14,147
2025-05-27 15:00:00,7349.110000000001,50.1,25.5,69,0.1,51,False,,Tuesday,15,147
2025-05-27 16:00:00,7419.8150000000005,49.96,25.2,69,0.1,51,False,,Tuesday,16,147
2025-05-27 17:00:00,7671.675,49.995000000000005,24.5,73,0.1,51,False,,Tuesday,17,147
2025-05-27 18:00:00,7715.355,50.03,23.5,80,0.1,51,False,,Tuesday,18,147
2025-05-27 19:00:00,8126.0275,50.04,22.8,78,0.0,3,False,,Tuesday,19,147
2025-05-27 20:00:00,7889.8,50.03,22.3,84,0.0,3,False,,Tuesday,20,147
2025-05-27 21:00:00,7481.09,50.01,21.9,88,0.0,3,False,,Tuesday,21,147
2025-05-27 22:00:00,6970.674999999999,49.975,21.5,88,0.0,3,False,,Tuesday,22,147
2025-05-27 23:00:00,6423.1849999999995,50.015,21.4,89,0.0,3,False,,Tuesday,23,147
2025-05-28 00:00:00,5973.7625,50.0,21.1,89,0.0,3,False,,Wednesday,0,148
2025-05-28 01:00:00,5886.405000000001,50.040000000000006,21.0,88,0.0,3,False,,Wednesday,1,148
2025-05-28 02:00:00,5532.23,49.974999999999994,20.9,87,0.0,3,False,,Wednesday,2,148
2025-05-28 03:00:00,5430.3,50.019999999999996,21.0,87,0.0,3,False,,Wednesday,3,148
2025-05-28 04:00:00,5483.0675,50.004999999999995,20.9,88,0.0,3,False,,Wednesday,4,148
2025-05-28 05:00:00,5798.907499999999,50.035,21.0,88,0.0,3,False,,Wednesday,5,148
2025-05-28 06:00:00,6527.34,50.08,21.4,90,0.0,3,False,,Wednesday,6,148
2025-05-28 07:00:00,8174.165,50.010000000000005,22.1,86,0.0,3,False,,Wednesday,7,148
2025-05-28 08:00:00,8883.6075,50.08,23.2,79,0.1,51,False,,Wednesday,8,148
2025-05-28 09:00:00,9254.965,50.15,23.7,78,0.1,51,False,,Wednesday,9,148
2025-05-28 10:00:00,9109.935000000001,50.165,25.4,71,0.2,51,False,,Wednesday,10,148
2025-05-28 11:00:00,8746.89,50.165,25.6,69,0.4,51,False,,Wednesday,11,148
2025-05-28 12:00:00,8546.9,50.010000000000005,26.3,68,0.2,51,False,,Wednesday,12,148
2025-05-28 13:00:00,8227.5975,50.085,26.2,67,0.3,51,False,,Wednesday,13,148
2025-05-28 14:00:00,7712.709999999999,50.015,26.4,64,0.1,51,False,,Wednesday,14,148
2025-05-28 15:00:00,8314.23,50.1,25.9,72,1.1,55,False,,Wednesday,15,148
2025-05-28 16:00:00,7812.1849999999995,49.96,24.6,78,0.7,53,False,,Wednesday,16,148
2025-05-28 17:00:00,7626.385,49.995000000000005,24.8,72,0.1,51,False,,Wednesday,17,148
2025-05-28 18:00:00,7859.62,50.03,22.6,86,0.0,3,False,,Wednesday,18,148
2025-05-28 19:00:00,8307.08,50.035,22.6,83,0.0,3,False,,Wednesday,19,148
2025-05-28 20:00:00,8128.719999999999,50.065,22.1,83,0.0,3,False,,Wednesday,20,148
2025-05-28 21:00:00,7736.0,49.995000000000005,22.0,84,0.0,3,False,,Wednesday,21,148
2025-05-28 22:00:00,7204.7,49.945,21.7,85,0.0,3,False,,Wednesday,22,148
2025-05-28 23:00:00,6718.025,50.0,21.5,86,0.0,3,False,,Wednesday,23,148
2025-05-29 00:00:00,6009.924999999999,50.0,21.5,88,0.0,3,False,,Thursday,0,149
2025-05-29 01:00:00,5600.612499999999,50.04,21.4,89,0.0,3,False,,Thursday,1,149
2025-05-29 02:00:00,5461.32,49.955,21.3,88,0.0,3,False,,Thursday,2,149
2025-05-29 03:00:00,5270.305,49.92,21.1,90,0.0,3,False,,Thursday,3,149
2025-05-29 04:00:00,5437.1449999999995,50.015,21.0,91,0.0,3,False,,Thursday,4,149
2025-05-29 05:00:00,5966.385,50.055,21.0,91,0.2,51,False,,Thursday,5,149
2025-05-29 06:00:00,7039.565,50.035,21.4,88,0.0,3,False,,Thursday,6,149
2025-05-29 07:00:00,8684.755000000001,50.07,21.9,87,0.0,3,False,,Thursday,7,149
2025-05-29 08:00:00,9158.645,49.99,22.5,84,0.1,51,False,,Thursday,8,149
2025-05-29 09:00:00,9434.9375,50.065,23.3,82,0.4,51,False,,Thursday,9,149
2025-05-29 10:00:00,9499.3825,50.15,23.9,81,0.5,53,False,,Thursday,10,149
2025-05-29 11:00:00,9006.605,50.185,25.4,73,0.2,51,False,,Thursday,11,149
2025-05-29 12:00:00,9072.905,50.11,24.9,75,0.1,51,False,,Thursday,12,149
2025-05-29 13:00:00,8855.465,50.035,26.0,67,0.1,51,False,,Thursday,13,149
2025-05-29 14:00:00,8709.485,50.03,25.0,70,0.1,51,False,,Thursday,14,149
2025-05-29 15:00:00,8620.182499999999,50.03,23.0,84,0.6,53,False,,Thursday,15,149
2025-05-29 16:00:00,8216.8225,50.01,22.5,88,1.1,55,False,,Thursday,16,149
2025-05-29 17:00:00,8164.445,50.045,21.7,95,2.4,61,False,,Thursday,17,149
2025-05-29 18:00:00,8446.93,50.08,23.0,83,0.0,3,False,,Thursday,18,149
2025-05-29 19:00:00,8587.0975,50.125,22.5,84,0.0,3,False,,Thursday,19,149
2025-05-29 20:00:00,8663.092499999999,50.03,21.8,88,0.2,51,False,,Thursday,20,149
2025-05-29 21:00:00,8129.005,50.004999999999995,21.2,93,0.2,51,False,,Thursday,21,149
2025-05-29 22:00:00,7551.8099999999995,50.045,20.9,95,0.1,51,False,,Thursday,22,149
2025-05-29 23:00:00,6685.325,50.065,20.6,96,0.1,51,False,,Thursday,23,149
2025-05-30 00:00:00,6240.74,50.03,20.5,96,0.0,3,False,,Friday,0,150
2025-05-30 01:00:00,6175.74,49.975,20.5,96,0.1,51,False,,Friday,1,150
2025-05-30 02:00:00,5918.844999999999,49.980000000000004,20.5,97,0.3,51,False,,Friday,2,150
2025-05-30 03:00:00,5898.422500000001,50.07,20.5,97,0.1,51,False,,Friday,3,150
2025-05-30 04:00:00,6022.385,50.06,20.7,96,0.3,51,False,,Friday,4,150
2025-05-30 05:00:00,6141.8825,50.05,20.7,96,0.2,51,False,,Friday,5,150
2025-05-30 06:00:00,7068.8225,50.015,20.6,95,0.0,3,False,,Friday,6,150
2025-05-30 07:00:00,8828.415,49.96,21.2,93,0.0,3,False,,Friday,7,150
2025-05-30 08:00:00,9649.69,50.054500000000004,21.5,91,0.0,3,False,,Friday,8,150
2025-05-30 09:00:00,9928.915,50.34,22.5,85,0.1,51,False,,Friday,9,150
2025-05-30 10:00:00,10001.6425,50.025000000000006,24.1,75,0.1,51,False,,Friday,10,150
2025-05-30 11:00:00,9398.015,50.120000000000005,23.7,78,0.0,3,False,,Friday,11,150
2025-05-30 12:00:00,9058.5325,50.025,23.8,79,0.3,51,False,,Friday,12,150
2025-05-30 13:00:00,8742.3575,50.01,23.6,81,0.2,51,False,,Friday,13,150
2025-05-30 14:00:00,8349.9025,50.045,24.0,78,0.1,51,False,,Friday,14,150
2025-05-30 15:00:00,8400.015,50.03,23.9,80,0.2,51,False,,Friday,15,150
2025-05-30 16:00:00,8475.14,50.07,23.8,80,0.1,51,False,,Friday,16,150
2025-05-30 17:00:00,8136.882500000001,50.004999999999995,23.6,81,0.0,3,False,,Friday,17,150
2025-05-30 18:00:00,8303.5625,50.019999999999996,22.0,93,0.1,51,False,,Friday,18,150
2025-05-30 19:00:00,8562.4,50.019999999999996,21.5,91,0.0,3,False,,Friday,19,150
2025-05-30 20:00:00,8456.88,49.98,21.7,91,0.0,3,False,,Friday,20,150
2025-05-30 21:00:00,8062.2875,50.019999999999996,21.6,90,0.0,3,False,,Friday,21,150
2025-05-30 22:00:00,7485.9575,50.04,21.6,91,0.0,3,False,,Friday,22,150
2025-05-30 23:00:00,6926.875,50.03,21.5,92,0.0,3,False,,Friday,23,150
2025-05-31 00:00:00,6481.17,50.015,21.7,91,0.0,3,False,,Saturday,0,151
2025-05-31 01:00:00,6343.1625,50.010000000000005,21.5,91,0.0,3,False,,Saturday,1,151
2025-05-31 02:00:00,6169.65,49.965,21.4,89,0.0,3,False,,Saturday,2,151
2025-05-31 03:00:00,6062.585000000001,49.985,21.2,92,0.0,3,False,,Saturday,3,151
2025-05-31 04:00:00,6364.1849999999995,50.035,21.3,92,0.0,3,False,,Saturday,4,151
2025-05-31 05:00:00,6556.6175,50.005,21.0,92,0.0,3,False,,Saturday,5,151
2025-05-31 06:00:00,7129.835000000001,49.945,21.0,94,0.0,3,False,,Saturday,6,151
2025-05-31 07:00:00,8731.6325,50.035,21.9,89,0.1,51,False,,Saturday,7,151
2025-05-31 08:00:00,9377.5675,50.31,23.0,82,0.0,3,False,,Saturday,8,151
2025-05-31 09:00:00,9512.7675,50.315,24.5,74,0.0,3,False,,Saturday,9,151
2025-05-31 10:00:00,9730.18,50.085,26.2,65,0.0,3,False,,Saturday,10,151
2025-05-31 11:00:00,9320.96,50.095,26.5,63,0.0,3,False,,Saturday,11,151
2025-05-31 12:00:00,9029.939999999999,49.97,27.1,61,0.0,3,False,,Saturday,12,151
2025-05-31 13:00:00,8612.7,49.974999999999994,28.3,57,0.0,3,False,,Saturday,13,151
2025-05-31 14:00:00,8489.8775,50.07,28.6,52,0.0,3,False,,Saturday,14,151
2025-05-31 15:00:00,8719.83,50.025000000000006,29.5,47,0.0,3,False,,Saturday,15,151
2025-05-31 16:00:00,8924.205,50.08,28.7,51,0.0,3,False,,Saturday,16,151
2025-05-31 17:00:00,8949.4025,50.004999999999995,27.7,55,0.0,3,False,,Saturday,17,151
2025-05-31 18:00:00,8728.5475,49.985,25.5,71,0.0,3,False,,Saturday,18,151
2025-05-31 19:00:00,8969.215,49.945,24.3,78,0.0,3,False,,Saturday,19,151
2025-05-31 20:00:00,9016.662499999999,49.995,23.6,81,0.0,3,False,,Saturday,20,151
2025-05-31 21:00:00,8520.005,49.955,23.0,82,0.0,3,False,,Saturday,21,151
2025-05-31 22:00:00,8057.37,50.055,22.0,85,0.0,3,False,,Saturday,22,151
2025-05-31 23:00:00,7848.157499999999,49.99,21.2,88,0.0,3,False,,Saturday,23,151
2025-06-01 00:00:00,7303.315,50.01,20.5,92,0.0,2,True,Sunday,Sunday,0,152
2025-06-01 01:00:00,7290.3175,49.995000000000005,20.1,94,0.0,3,True,Sunday,Sunday,1,152
2025-06-01 02:00:00,7132.4974999999995,49.95,19.7,98,0.0,3,True,Sunday,Sunday,2,152
2025-06-01 03:00:00,6936.125,49.959999999999994,20.0,98,0.0,3,True,Sunday,Sunday,3,152
2025-06-01 04:00:00,7187.0075,50.055,20.3,96,0.0,3,True,Sunday,Sunday,4,152
2025-06-01 05:00:00,7464.8875,50.019999999999996,20.2,97,0.0,3,True,Sunday,Sunday,5,152
2025-06-01 06:00:00,7827.725,50.004999999999995,21.2,96,0.0,3,True,Sunday,Sunday,6,152
2025-06-01 07:00:00,8460.807499999999,49.985,22.1,92,0.0,3,True,Sunday,Sunday,7,152
2025-06-01 08:00:00,9010.8275,50.16,24.0,80,0.0,3,True,Sunday,Sunday,8,152
2025-06-01 09:00:00,9250.2425,50.185,25.2,72,0.0,3,True,Sunday,Sunday,9,152
2025-06-01 10:00:00,9579.787499999999,50.2,26.5,66,0.0,3,True,Sunday,Sunday,10,152
2025-06-01 11:00:00,9043.529999999999,50.004999999999995,27.7,61,0.0,3,True,Sunday,Sunday,11,152
2025-06-01 12:00:00,8549.619999999999,49.99,29.0,53,0.0,3,True,Sunday,Sunday,12,152
2025-06-01 13:00:00,8507.529999999999,49.955,29.4,52,0.0,1,True,Sunday,Sunday,13,152
2025-06-01 14:00:00,8332.3725,50.1,29.5,50,0.0,1,True,Sunday,Sunday,14,152
2025-06-01 15:00:00,7925.6725,50.105000000000004,29.2,48,0.0,2,True,Sunday,Sunday,15,152
2025-06-01 16:00:00,7900.44,49.97,28.5,53,0.0,2,True,Sunday,Sunday,16,152
2025-06-01 17:00:00,7198.349999999999,50.09,27.1,60,0.0,3,True,Sunday,Sunday,17,152
2025-06-01 18:00:00,7328.17,50.03,26.1,63,0.0,3,True,Sunday,Sunday,18,152
2025-06-01 19:00:00,7779.7675,50.05,25.0,67,0.0,3,True,Sunday,Sunday,19,152
2025-06-01 20:00:00,8109.045,50.055,23.6,71,0.0,3,True,Sunday,Sunday,20,152
2025-06-01 21:00:00,8074.085,50.015,22.5,78,0.0,3,True,Sunday,Sunday,21,152
2025-06-01 22:00:00,7757.125,49.87,21.7,81,0.0,3,True,Sunday,Sunday,22,152
2025-06-01 23:00:00,7555.5725,49.89,21.0,86,0.0,3,True,Sunday,Sunday,23,152
2025-06-02 00:00:00,7278.5599999999995,49.9,20.7,89,0.0,3,False,,Monday,0,153
2025-06-02 01:00:00,7232.692499999999,50.015,20.3,93,0.0,3,False,,Monday,1,153
2025-06-02 02:00:00,6910.9125,50.01,19.9,96,0.0,3,False,,Monday,2,153
2025-06-02 03:00:00,6806.025,49.97,19.6,98,0.0,3,False,,Monday,3,153
2025-06-02 04:00:00,7176.045,49.995000000000005,19.5,99,0.0,3,False,,Monday,4,153
2025-06-02 05:00:00,7442.3225,50.0,19.6,98,0.0,3,False,,Monday,5,153
2025-06-02 06:00:00,8450.3825,50.025000000000006,20.4,99,0.0,3,False,,Monday,6,153
2025-06-02 07:00:00,10107.35,49.97,21.4,92,0.0,3,False,,Monday,7,153
2025-06-02 08:00:00,10407.15,50.09,23.1,80,0.0,3,False,,Monday,8,153
2025-06-02 09:00:00,10520.505000000001,50.05,24.7,71,0.0,3,False,,Monday,9,153
2025-06-02 10:00:00,11157.375,49.99,26.0,65,0.0,3,False,,Monday,10,153
2025-06-02 11:00:00,11015.155,50.24,27.2,60,0.0,3,False,,Monday,11,153
2025-06-02 12:00:00,10518.24,50.035,27.3,60,0.0,3,False,,Monday,12,153
2025-06-02 13:00:00,10117.025,50.019999999999996,28.6,58,0.0,3,False,,Monday,13,153
2025-06-02 14:00:00,9908.717499999999,50.025,28.8,56,0.0,3,False,,Monday,14,153
2025-06-02 15:00:00,9794.2475,49.985,28.9,56,0.1,51,False,,Monday,15,153
2025-06-02 16:00:00,10068.565,50.015,27.5,58,1.3,61,False,,Monday,16,153
2025-06-02 17:00:00,9623.102499999999,49.955,25.4,68,0.1,51,False,,Monday,17,153
2025-06-02 18:00:00,9147.925,50.150000000000006,24.6,68,0.0,3,False,,Monday,18,153
2025-06-02 19:00:00,9011.814999999999,50.08,23.9,72,0.0,3,False,,Monday,19,153
2025-06-02 20:00:00,9104.535,50.075,23.8,74,0.0,3,False,,Monday,20,153
2025-06-02 21:00:00,8871.595,50.035,23.2,76,0.0,3,False,,Monday,21,153
2025-06-02 22:00:00,8362.595,49.974999999999994,22.4,80,0.0,3,False,,Monday,22,153
2025-06-02 23:00:00,8170.8925,50.015,21.7,84,0.0,3,False,,Monday,23,153
2025-06-03 00:00:00,7785.17,50.05,21.2,88,0.0,3,False,,Tuesday,0,154
2025-06-03 01:00:00,7320.9025,50.03,20.6,91,0.0,3,False,,Tuesday,1,154
2025-06-03 02:00:00,7014.57,50.04,20.4,93,0.0,3,False,,Tuesday,2,154
2025-06-03 03:00:00,6862.1325,49.955,20.0,95,0.0,3,False,,Tuesday,3,154
2025-06-03 04:00:00,6941.445,50.025000000000006,19.9,95,0.0,3,False,,Tuesday,4,154
2025-06-03 05:00:00,7405.52,50.025,20.0,95,0.0,3,False,,Tuesday,5,154
2025-06-03 06:00:00,8616.015,50.019999999999996,20.6,94,0.0,3,False,,Tuesday,6,154
2025-06-03 07:00:00,10335.599999999999,49.985,21.8,89,0.0,2,False,,Tuesday,7,154
2025-06-03 08:00:00,10693.0575,50.055,23.6,78,0.1,51,False,,Tuesday,8,154
2025-06-03 09:00:00,10943.16,49.985,24.6,72,0.1,51,False,,Tuesday,9,154
2025-06-03 10:00:00,11072.05,50.075,26.1,66,0.1,51,False,,Tuesday,10,154
2025-06-03 11:00:00,10712.23,50.019999999999996,26.9,67,0.1,51,False,,Tuesday,11,154
2025-06-03 12:00:00,10705.43,50.025000000000006,27.5,62,0.0,3,False,,Tuesday,12,154
2025-06-03 13:00:00,10567.2,50.095,27.9,61,0.4,51,False,,Tuesday,13,154
2025-06-03 14:00:00,9996.67,50.025,28.8,57,0.0,3,False,,Tuesday,14,154
2025-06-03 15:00:00,10084.175,49.980000000000004,26.0,67,0.7,53,False,,Tuesday,15,154
2025-06-03 16:00:00,10321.055,50.03,26.6,64,0.1,51,False,,Tuesday,16,154
2025-06-03 17:00:00,9650.400000000001,50.04,25.8,68,0.2,51,False,,Tuesday,17,154
2025-06-03 18:00:00,9659.16,50.11,25.0,73,0.0,3,False,,Tuesday,18,154
2025-06-03 19:00:00,9890.495,50.075,24.0,77,0.0,3,False,,Tuesday,19,154
2025-06-03 20:00:00,9739.974999999999,50.040000000000006,23.5,81,0.0,3,False,,Tuesday,20,154
2025-06-03 21:00:00,8943.93,49.995000000000005,22.9,83,0.0,3,False,,Tuesday,21,154
2025-06-03 22:00:00,8707.44,49.925,22.1,83,0.0,3,False,,Tuesday,22,154
2025-06-03 23:00:00,8546.875,49.935,21.6,86,0.0,3,False,,Tuesday,23,154
2025-06-04 00:00:00,7916.6050000000005,50.0,21.0,89,0.0,3,False,,Wednesday,0,155
2025-06-04 01:00:00,7755.889999999999,49.925,20.5,92,0.0,3,False,,Wednesday,1,155
2025-06-04 02:00:00,7401.0025000000005,50.04,20.1,95,0.0,3,False,,Wednesday,2,155
2025-06-04 03:00:00,7446.389999999999,50.019999999999996,19.8,97,0.0,3,False,,Wednesday,3,155
2025-06-04 04:00:00,7554.825,50.025000000000006,19.5,98,0.0,3,False,,Wednesday,4,155
2025-06-04 05:00:00,8172.5075,49.985,19.4,99,0.0,3,False,,Wednesday,5,155
2025-06-04 06:00:00,8877.622500000001,50.015,20.8,93,0.0,3,False,,Wednesday,6,155
2025-06-04 07:00:00,10627.68,50.07,21.9,87,0.0,3,False,,Wednesday,7,155
2025-06-04 08:00:00,11117.465,50.08,23.5,78,0.0,0,False,,Wednesday,8,155
2025-06-04 09:00:00,10992.185,50.14,25.3,67,0.0,1,False,,Wednesday,9,155
2025-06-04 10:00:00,11771.560000000001,50.085,26.6,61,0.0,0,False,,Wednesday,10,155
2025-06-04 11:00:00,11454.122500000001,50.135,27.8,57,0.0,0,False,,Wednesday,11,155
2025-06-04 12:00:00,11369.5025,49.955,28.6,53,0.0,1,False,,Wednesday,12,155
2025-06-04 13:00:00,10709.65,50.019999999999996,29.2,50,0.0,1,False,,Wednesday,13,155
2025-06-04 14:00:00,10326.515,49.995000000000005,29.3,50,0.0,1,False,,Wednesday,14,155
2025-06-04 15:00:00,10280.51,50.015,29.3,50,0.0,1,False,,Wednesday,15,155
2025-06-04 16:00:00,10337.72,50.06,28.8,51,0.0,2,False,,Wednesday,16,155
2025-06-04 17:00:00,9483.42,50.019999999999996,28.1,50,0.5,53,False,,Wednesday,17,155
2025-06-04 18:00:00,9131.91,50.1,26.5,60,0.0,2,False,,Wednesday,18,155
2025-06-04 19:00:00,9183.96,50.03,25.1,67,0.0,3,False,,Wednesday,19,155
2025-06-04 20:00:00,9659.2,50.055,24.3,71,0.0,3,False,,Wednesday,20,155
2025-06-04 21:00:00,8722.59,50.03,23.2,72,0.0,3,False,,Wednesday,21,155
2025-06-04 22:00:00,8662.095,50.040000000000006,22.2,80,0.0,3,False,,Wednesday,22,155
2025-06-04 23:00:00,8160.892499999999,50.03,21.6,84,0.0,3,False,,Wednesday,23,155
2025-06-05 00:00:00,7712.3724999999995,49.995000000000005,20.9,89,0.0,3,False,,Thursday,0,156
2025-06-05 01:00:00,7856.5175,50.055,20.4,92,0.0,3,False,,Thursday,1,156
2025-06-05 02:00:00,7474.780000000001,49.985,19.9,95,0.0,3,False,,Thursday,2,156
2025-06-05 03:00:00,7799.01,49.974999999999994,19.6,96,0.0,3,False,,Thursday,3,156
2025-06-05 04:00:00,8039.68,50.019999999999996,19.5,97,0.0,3,False,,Thursday,4,156
2025-06-05 05:00:00,8343.875,49.95,19.4,98,0.0,3,False,,Thursday,5,156
2025-06-05 06:00:00,9403.1625,49.9,19.9,97,0.0,2,False,,Thursday,6,156
2025-06-05 07:00:00,10985.1675,49.95,21.1,88,0.0,0,False,,Thursday,7,156
2025-06-05 08:00:00,11281.532500000001,50.09,23.0,78,0.0,0,False,,Thursday,8,156
2025-06-05 09:00:00,11483.405,50.03,25.1,65,0.0,1,False,,Thursday,9,156
2025-06-05 10:00:00,12385.574999999999,49.965,27.0,56,0.0,3,False,,Thursday,10,156
2025-06-05 11:00:00,11953.545,50.03,28.4,51,0.0,3,False,,Thursday,11,156
2025-06-05 12:00:00,11854.099999999999,50.055,29.3,47,0.0,3,False,,Thursday,12,156
2025-06-05 13:00:00,11758.1,50.01,29.6,46,0.0,3,False,,Thursday,13,156
2025-06-05 14:00:00,11372.815,49.955,30.2,42,0.0,3,False,,Thursday,14,156
2025-06-05 15:00:00,11790.565,49.995,29.7,43,0.0,3,False,,Thursday,15,156
2025-06-05 16:00:00,11620.615,50.0,29.0,46,0.0,3,False,,Thursday,16,156
2025-06-05 17:00:00,10577.025000000001,50.0,28.4,48,0.0,3,False,,Thursday,17,156
2025-06-05 18:00:00,10192.404999999999,50.065,27.2,53,0.0,3,False,,Thursday,18,156
2025-06-05 19:00:00,10137.275,50.035,26.0,64,0.0,3,False,,Thursday,19,156
2025-06-05 20:00:00,9985.255000000001,49.96,25.5,69,0.0,1,False,,Thursday,20,156
2025-06-05 21:00:00,9528.18,49.98,25.1,65,0.0,3,False,,Thursday,21,156
2025-06-05 22:00:00,9088.130000000001,49.885000000000005,24.1,68,0.0,1,False,,Thursday,22,156
2025-06-05 23:00:00,8826.55,49.834999999999994,23.2,71,0.0,0,False,,Thursday,23,156
2025-06-06 00:00:00,8614.2775,49.945,22.5,73,0.0,0,False,,Friday,0,157
2025-06-06 01:00:00,8600.43,49.925,21.6,78,0.0,0,False,,Friday,1,157
2025-06-06 02:00:00,8297.475,50.01,21.0,83,0.0,0,False,,Friday,2,157
2025-06-06 03:00:00,8273.215,49.980000000000004,20.6,87,0.0,0,False,,Friday,3,157
2025-06-06 04:00:00,8540.9025,49.945,20.3,89,0.0,0,False,,Friday,4,157
2025-06-06 05:00:00,9133.805,50.035,20.0,91,0.0,1,False,,Friday,5,157
2025-06-06 06:00:00,9961.63,50.025,21.4,90,0.0,3,False,,Friday,6,157
2025-06-06 07:00:00,11764.217499999999,50.05,22.8,81,0.0,3,False,,Friday,7,157
2025-06-06 08:00:00,12023.0375,50.019999999999996,24.5,70,0.0,3,False,,Friday,8,157
2025-06-06 09:00:00,12481.800000000001,50.045,26.5,58,0.1,51,False,,Friday,9,157
2025-06-06 10:00:00,13420.1675,49.995,28.1,50,0.0,1,False,,Friday,10,157
2025-06-06 11:00:00,13301.7425,49.995000000000005,29.9,44,0.0,1,False,,Friday,11,157
2025-06-06 12:00:00,12877.685000000001,50.025,30.5,41,0.0,1,False,,Friday,12,157
2025-06-06 13:00:00,13040.61,50.025,31.3,38,0.0,1,False,,Friday,13,157
2025-06-06 14:00:00,12501.085,50.045,31.5,37,0.0,2,False,,Friday,14,157
2025-06-06 15:00:00,12680.470000000001,50.055,31.3,38,0.0,1,False,,Friday,15,157
2025-06-06 16:00:00,12435.085,50.025,30.5,40,0.0,1,False,,Friday,16,157
2025-06-06 17:00:00,11172.717499999999,50.03,30.2,39,0.0,1,False,,Friday,17,157
2025-06-06 18:00:00,10705.41,50.035,27.8,54,0.1,51,False,,Friday,18,157
2025-06-06 19:00:00,10293.744999999999,50.065,26.9,61,0.0,0,False,,Friday,19,157
2025-06-06 20:00:00,10114.695,50.025000000000006,26.0,68,0.0,2,False,,Friday,20,157
2025-06-06 21:00:00,9612.025000000001,50.035,25.5,75,0.0,2,False,,Friday,21,157
2025-06-06 22:00:00,9361.592499999999,50.035,24.5,70,0.0,3,False,,Friday,22,157
2025-06-06 23:00:00,9330.195,50.0,23.5,75,0.0,2,False,,Friday,23,157
2025-06-07 00:00:00,8952.380000000001,50.075,22.8,79,0.0,3,True,Eid al-Adha,Saturday,0,158
2025-06-07 01:00:00,8775.21,50.04,22.2,82,0.0,3,True,Eid al-Adha,Saturday,1,158
2025-06-07 02:00:00,8632.150000000001,50.0,21.5,87,0.0,2,True,Eid al-Adha,Saturday,2,158
2025-06-07 03:00:00,8546.2775,49.955,21.0,90,0.0,0,True,Eid al-Adha,Saturday,3,158
2025-06-07 04:00:00,8673.4475,50.015,20.5,93,0.0,2,True,Eid al-Adha,Saturday,4,158
2025-06-07 05:00:00,9108.1525,50.005,20.1,94,0.0,2,True,Eid al-Adha,Saturday,5,158
2025-06-07 06:00:00,9913.282500000001,50.045,21.2,89,0.0,3,True,Eid al-Adha,Saturday,6,158
2025-06-07 07:00:00,11127.380000000001,50.004999999999995,22.5,81,0.0,3,True,Eid al-Adha,Saturday,7,158
2025-06-07 08:00:00,11682.08,50.03,24.2,71,0.0,3,True,Eid al-Adha,Saturday,8,158
2025-06-07 09:00:00,12327.1,49.980000000000004,26.2,61,0.0,3,True,Eid al-Adha,Saturday,9,158
2025-06-07 10:00:00,13605.16,49.88,28.1,50,0.0,3,True,Eid al-Adha,Saturday,10,158
2025-06-07 11:00:00,13514.585,49.980000000000004,29.5,44,0.1,51,True,Eid al-Adha,Saturday,11,158
2025-06-07 12:00:00,13315.0725,50.06,30.0,42,0.1,51,True,Eid al-Adha,Saturday,12,158
2025-06-07 13:00:00,13044.4475,49.965,30.8,40,0.1,51,True,Eid al-Adha,Saturday,13,158
2025-06-07 14:00:00,12838.0775,50.04,30.9,39,0.0,3,True,Eid al-Adha,Saturday,14,158
2025-06-07 15:00:00,12302.9525,50.09,30.5,41,0.0,1,True,Eid al-Adha,Saturday,15,158
2025-06-07 16:00:00,11802.064999999999,49.985,29.8,43,0.0,1,True,Eid al-Adha,Saturday,16,158
2025-06-07 17:00:00,10608.217499999999,50.019999999999996,29.1,44,0.0,1,True,Eid al-Adha,Saturday,17,158
2025-06-07 18:00:00,9724.96,50.035,28.3,46,0.0,2,True,Eid al-Adha,Saturday,18,158
2025-06-07 19:00:00,9271.0825,50.045,27.0,52,0.0,0,True,Eid al-Adha,Saturday,19,158
2025-06-07 20:00:00,9364.0475,50.08,26.1,55,0.0,1,True,Eid al-Adha,Saturday,20,158
2025-06-07 21:00:00,9044.1325,50.07,25.1,60,0.0,1,True,Eid al-Adha,Saturday,21,158
2025-06-07 22:00:00,9088.842499999999,49.965,24.0,68,0.0,1,True,Eid al-Adha,Saturday,22,158
2025-06-07 23:00:00,9422.555,50.0,23.1,75,0.0,2,True,Eid al-Adha,Saturday,23,158
2025-06-08 00:00:00,9108.91,49.99,22.4,81,0.0,2,True,Sunday,Sunday,0,159
2025-06-08 01:00:00,8756.69,50.06,21.8,84,0.0,1,True,Sunday,Sunday,1,159
2025-06-08 02:00:00,8406.55,50.01,21.4,86,0.0,3,True,Sunday,Sunday,2,159
2025-06-08 03:00:00,8578.82,50.045,20.9,88,0.0,3,True,Sunday,Sunday,3,159
2025-06-08 04:00:00,8696.724999999999,50.019999999999996,20.6,89,0.0,3,True,Sunday,Sunday,4,159
2025-06-08 05:00:00,9081.212500000001,50.004999999999995,20.2,91,0.0,3,True,Sunday,Sunday,5,159
2025-06-08 06:00:00,9528.615,50.0,21.2,88,0.0,3,True,Sunday,Sunday,6,159
2025-06-08 07:00:00,9821.04,50.015,22.5,81,0.0,3,True,Sunday,Sunday,7,159
2025-06-08 08:00:00,10721.802499999998,50.015,24.0,72,0.0,2,True,Sunday,Sunday,8,159
2025-06-08 09:00:00,11600.9775,50.01,26.4,61,0.0,2,True,Sunday,Sunday,9,159
2025-06-08 10:00:00,12659.5725,50.040000000000006,28.8,51,0.0,1,True,Sunday,Sunday,10,159
2025-06-08 11:00:00,12152.9125,50.055,30.1,46,0.0,3,True,Sunday,Sunday,11,159
2025-06-08 12:00:00,12045.06,49.959999999999994,30.8,45,0.1,51,True,Sunday,Sunday,12,159
2025-06-08 13:00:00,11797.97,49.89,31.2,43,0.0,3,True,Sunday,Sunday,13,159
2025-06-08 14:00:00,11877.4825,49.975,31.8,41,0.0,3,True,Sunday,Sunday,14,159
2025-06-08 15:00:00,11788.0825,50.07,31.5,41,0.0,3,True,Sunday,Sunday,15,159
2025-06-08 16:00:00,10635.715,50.04,30.9,42,0.0,3,True,Sunday,Sunday,16,159
2025-06-08 17:00:00,9236.365000000002,50.0,28.0,53,0.4,51,True,Sunday,Sunday,17,159
2025-06-08 18:00:00,8630.265,49.980000000000004,28.1,51,0.0,3,True,Sunday,Sunday,18,159
2025-06-08 19:00:00,8495.935000000001,50.09,27.5,54,0.0,3,True,Sunday,Sunday,19,159
2025-06-08 20:00:00,8328.72,50.055,25.5,62,0.0,3,True,Sunday,Sunday,20,159
2025-06-08 21:00:00,8388.119999999999,50.004999999999995,24.4,68,0.2,51,True,Sunday,Sunday,21,159
2025-06-08 22:00:00,8316.814999999999,49.989999999999995,22.6,80,0.8,53,True,Sunday,Sunday,22,159
2025-06-08 23:00:00,8150.670000000001,49.78,21.8,87,1.4,61,True,Sunday,Sunday,23,159
2025-06-09 00:00:00,7957.1,49.99,21.0,93,3.5,63,False,,Monday,0,160
2025-06-09 01:00:00,8107.3,50.04,20.5,97,5.8,63,False,,Monday,1,160
2025-06-09 02:00:00,7486.3825000000015,49.985,20.5,97,0.3,51,False,,Monday,2,160
2025-06-09 03:00:00,7552.59,50.0,20.3,98,0.1,51,False,,Monday,3,160
2025-06-09 04:00:00,7297.290000000001,49.974999999999994,20.4,98,0.0,3,False,,Monday,4,160
2025-06-09 05:00:00,7617.0325,50.025,20.8,96,0.0,3,False,,Monday,5,160
2025-06-09 06:00:00,8502.2325,50.05,21.1,96,0.0,2,False,,Monday,6,160
2025-06-09 07:00:00,10133.72,50.02,22.0,91,0.1,51,False,,Monday,7,160
2025-06-09 08:00:00,10746.369999999999,50.055,23.1,83,0.0,2,False,,Monday,8,160
2025-06-09 09:00:00,11445.8975,50.040000000000006,24.8,75,0.0,2,False,,Monday,9,160
2025-06-09 10:00:00,12611.97,49.985,26.2,68,0.0,1,False,,Monday,10,160
2025-06-09 11:00:00,12460.495,49.955,27.4,64,0.0,2,False,,Monday,11,160
2025-06-09 12:00:00,12794.155,49.95,28.3,59,0.0,3,False,,Monday,12,160
2025-06-09 13:00:00,12201.279999999999,50.055,28.8,56,0.0,3,False,,Monday,13,160
2025-06-09 14:00:00,11965.0975,50.16,28.4,54,0.0,3,False,,Monday,14,160
2025-06-09 15:00:00,11696.829999999998,50.065,27.2,61,0.5,53,False,,Monday,15,160
2025-06-09 16:00:00,10826.65,50.085,27.0,62,1.1,55,False,,Monday,16,160
2025-06-09 17:00:00,9665.415,49.95,25.2,69,0.5,53,False,,Monday,17,160
2025-06-09 18:00:00,9601.8325,50.055,24.6,72,0.0,3,False,,Monday,18,160
2025-06-09 19:00:00,9442.2075,50.114999999999995,23.3,77,0.0,3,False,,Monday,19,160
2025-06-09 20:00:00,9329.565,50.045,23.0,82,0.0,3,False,,Monday,20,160
2025-06-09 21:00:00,9194.435,50.019999999999996,22.9,85,0.0,3,False,,Monday,21,160
2025-06-09 22:00:00,8689.010000000002,50.03,22.2,87,0.0,3,False,,Monday,22,160
2025-06-09 23:00:00,8576.715,49.985,21.8,90,0.0,3,False,,Monday,23,160
2025-06-10 00:00:00,7908.6025,50.06,21.4,92,0.0,3,False,,Tuesday,0,161
2025-06-10 01:00:00,8231.3475,50.015,21.0,93,0.0,3,False,,Tuesday,1,161
2025-06-10 02:00:00,7831.889999999999,49.96,20.8,94,0.0,1,False,,Tuesday,2,161
2025-06-10 03:00:00,7795.084999999999,50.010000000000005,20.5,93,0.0,2,False,,Tuesday,3,161
2025-06-10 04:00:00,8111.914999999999,50.040000000000006,20.2,93,0.0,0,False,,Tuesday,4,161
2025-06-10 05:00:00,8386.4575,50.03,20.0,92,0.0,1,False,,Tuesday,5,161
2025-06-10 06:00:00,9136.5275,50.04,21.0,89,0.0,0,False,,Tuesday,6,161
2025-06-10 07:00:00,10735.6775,50.015,22.0,85,0.0,0,False,,Tuesday,7,161
2025-06-10 08:00:00,11308.79,50.15,23.5,77,0.0,0,False,,Tuesday,8,161
2025-06-10 09:00:00,11597.7775,50.06,25.3,68,0.0,0,False,,Tuesday,9,161
2025-06-10 10:00:00,12609.465,50.025,26.8,62,0.0,1,False,,Tuesday,10,161
2025-06-10 11:00:00,11986.099999999999,50.035,28.0,57,0.1,51,False,,Tuesday,11,161
2025-06-10 12:00:00,11871.982500000002,49.96,29.0,57,0.1,51,False,,Tuesday,12,161
2025-06-10 13:00:00,11423.16,49.965,29.8,55,0.0,3,False,,Tuesday,13,161
2025-06-10 14:00:00,11402.1,50.004999999999995,29.3,55,0.0,2,False,,Tuesday,14,161
2025-06-10 15:00:00,11508.07,50.03,29.4,55,0.2,51,False,,Tuesday,15,161
2025-06-10 16:00:00,10973.2925,50.025000000000006,25.3,70,0.1,51,False,,Tuesday,16,161
2025-06-10 17:00:00,10173.15,49.985,22.6,87,4.4,63,False,,Tuesday,17,161
2025-06-10 18:00:00,9737.4375,50.065,24.4,76,0.0,3,False,,Tuesday,18,161
2025-06-10 19:00:00,9691.6325,50.08,22.9,82,0.1,51,False,,Tuesday,19,161
2025-06-10 20:00:00,9732.125,50.01,22.9,83,0.0,3,False,,Tuesday,20,161
2025-06-10 21:00:00,9116.907500000001,50.07,22.4,86,0.0,3,False,,Tuesday,21,161
2025-06-10 22:00:00,8502.13,50.05,22.0,87,0.0,3,False,,Tuesday,22,161
2025-06-10 23:00:00,8617.35,50.03,21.8,89,0.0,3,False,,Tuesday,23,161
2025-06-11 00:00:00,8318.592499999999,50.019999999999996,21.5,90,0.0,3,False,,Wednesday,0,162
2025-06-11 01:00:00,8384.61,49.985,21.1,93,0.0,3,False,,Wednesday,1,162
2025-06-11 02:00:00,7748.262500000001,49.995000000000005,21.0,93,0.0,2,False,,Wednesday,2,162
2025-06-11 03:00:00,7589.214999999999,49.995000000000005,20.5,95,0.0,3,False,,Wednesday,3,162
2025-06-11 04:00:00,7962.097500000001,50.040000000000006,20.6,94,0.0,3,False,,Wednesday,4,162
2025-06-11 05:00:00,8551.302500000002,50.015,20.5,94,0.0,3,False,,Wednesday,5,162
2025-06-11 06:00:00,9410.2375,50.005,21.1,95,0.0,3,False,,Wednesday,6,162
2025-06-11 07:00:00,11012.8475,50.0,22.4,87,0.0,3,False,,Wednesday,7,162
2025-06-11 08:00:00,11658.634999999998,50.075,23.9,79,0.0,3,False,,Wednesday,8,162
2025-06-11 09:00:00,12128.32,49.915,25.2,73,0.0,3,False,,Wednesday,9,162
2025-06-11 10:00:00,12405.7625,49.985,26.8,67,0.0,3,False,,Wednesday,10,162
2025-06-11 11:00:00,12370.57,49.989999999999995,27.6,64,0.0,3,False,,Wednesday,11,162
2025-06-11 12:00:00,12398.4475,49.995000000000005,27.5,63,0.0,3,False,,Wednesday,12,162
2025-06-11 13:00:00,11968.105,49.995000000000005,27.8,61,0.0,3,False,,Wednesday,13,162
2025-06-11 14:00:00,11468.465,50.11,27.5,62,0.2,51,False,,Wednesday,14,162
2025-06-11 15:00:00,11074.49,50.025,26.2,66,1.1,55,False,,Wednesday,15,162
2025-06-11 16:00:00,10403.6325,50.010000000000005,24.8,76,1.0,55,False,,Wednesday,16,162
2025-06-11 17:00:00,9938.18,50.015,24.3,79,2.3,61,False,,Wednesday,17,162
2025-06-11 18:00:00,9896.115,50.09,24.0,79,0.0,3,False,,Wednesday,18,162
2025-06-11 19:00:00,9406.6825,50.035,21.6,89,0.2,51,False,,Wednesday,19,162
2025-06-11 20:00:00,8930.439999999999,49.955,20.4,95,0.6,53,False,,Wednesday,20,162
2025-06-11 21:00:00,8446.355,49.945,20.6,96,0.8,53,False,,Wednesday,21,162
2025-06-11 22:00:00,8392.805,49.965,20.7,96,0.3,51,False,,Wednesday,22,162
2025-06-11 23:00:00,7931.8550000000005,49.94499999999999,20.8,96,0.5,53,False,,Wednesday,23,162
2025-06-12 00:00:00,7456.7699999999995,50.010000000000005,20.8,98,0.2,51,False,,Thursday,0,163
2025-06-12 01:00:00,7433.397499999999,49.975,20.6,98,0.1,51,False,,Thursday,1,163
2025-06-12 02:00:00,7197.579999999999,49.985,20.5,98,0.0,3,False,,Thursday,2,163
2025-06-12 03:00:00,6930.5875,50.035,20.2,98,0.0,3,False,,Thursday,3,163
2025-06-12 04:00:00,7106.375,50.045,20.4,97,0.0,3,False,,Thursday,4,163
2025-06-12 05:00:00,7270.51,49.925,20.5,96,0.0,3,False,,Thursday,5,163
2025-06-12 06:00:00,8249.5475,49.980000000000004,20.7,96,0.1,51,False,,Thursday,6,163
2025-06-12 07:00:00,10135.82,50.06,21.2,93,0.1,51,False,,Thursday,7,163
2025-06-12 08:00:00,10599.275,50.03,22.1,88,0.0,3,False,,Thursday,8,163
2025-06-12 09:00:00,11013.4375,49.985,23.0,82,0.1,51,False,,Thursday,9,163
2025-06-12 10:00:00,11518.32,49.995000000000005,23.8,77,0.1,51,False,,Thursday,10,163
2025-06-12 11:00:00,11149.185,49.995000000000005,25.5,69,0.1,51,False,,Thursday,11,163
2025-06-12 12:00:00,11053.65,50.03,26.3,65,0.3,51,False,,Thursday,12,163
2025-06-12 13:00:00,11120.1975,50.0,26.5,63,0.3,51,False,,Thursday,13,163
2025-06-12 14:00:00,10599.215,50.025,27.5,59,0.2,51,False,,Thursday,14,163
2025-06-12 15:00:00,10667.555,50.035,27.6,58,0.1,51,False,,Thursday,15,163
2025-06-12 16:00:00,10430.724999999999,49.92,24.9,76,0.2,51,False,,Thursday,16,163
2025-06-12 17:00:00,9772.0775,49.965,24.5,77,0.4,51,False,,Thursday,17,163
2025-06-12 18:00:00,9496.1175,50.065,24.0,74,0.0,3,False,,Thursday,18,163
2025-06-12 19:00:00,9846.6675,50.045,23.5,73,0.0,3,False,,Thursday,19,163
2025-06-12 20:00:00,9421.0075,49.900000000000006,22.3,78,0.0,3,False,,Thursday,20,163
2025-06-12 21:00:00,9084.3575,49.995,21.6,83,0.0,1,False,,Thursday,21,163
2025-06-12 22:00:00,8699.8125,49.925,21.0,88,0.0,2,False,,Thursday,22,163
2025-06-12 23:00:00,8374.6425,49.885,20.8,91,0.0,3,False,,Thursday,23,163
2025-06-13 00:00:00,7626.47,50.019999999999996,20.6,92,0.0,3,False,,Friday,0,164
2025-06-13 01:00:00,7844.89,50.05,20.5,93,0.0,3,False,,Friday,1,164
2025-06-13 02:00:00,7499.875,50.0,20.5,94,0.0,3,False,,Friday,2,164
2025-06-13 03:00:00,7497.525,50.015,20.4,95,0.0,3,False,,Friday,3,164
2025-06-13 04:00:00,7508.849999999999,50.01,20.6,94,0.1,51,False,,Friday,4,164
2025-06-13 05:00:00,7859.355,49.91,20.6,95,0.1,51,False,,Friday,5,164
2025-06-13 06:00:00,8773.445,49.985,20.8,94,0.0,3,False,,Friday,6,164
2025-06-13 07:00:00,10077.995,50.004999999999995,21.5,91,0.0,3,False,,Friday,7,164
2025-06-13 08:00:00,10878.9025,50.085,22.0,91,0.3,51,False,,Friday,8,164
2025-06-13 09:00:00,11218.05,50.114999999999995,24.1,83,0.1,51,False,,Friday,9,164
2025-06-13 10:00:00,11834.939999999999,50.010000000000005,25.5,75,0.0,3,False,,Friday,10,164
2025-06-13 11:00:00,11452.217499999999,50.0,26.1,72,0.1,51,False,,Friday,11,164
2025-06-13 12:00:00,10873.3975,50.04,25.8,71,0.1,51,False,,Friday,12,164
2025-06-13 13:00:00,10706.09,50.015,25.1,74,0.5,53,False,,Friday,13,164
2025-06-13 14:00:00,10234.7775,50.019999999999996,23.5,88,0.6,53,False,,Friday,14,164
2025-06-13 15:00:00,10058.7025,50.05,24.1,86,0.3,51,False,,Friday,15,164
2025-06-13 16:00:00,10006.574999999999,50.01,23.8,84,1.3,61,False,,Friday,16,164
2025-06-13 17:00:00,9310.6375,50.045,23.9,84,0.1,51,False,,Friday,17,164
2025-06-13 18:00:00,9299.822499999998,50.11,23.3,85,0.1,51,False,,Friday,18,164
2025-06-13 19:00:00,9717.3125,50.18,22.6,90,0.1,51,False,,Friday,19,164
2025-06-13 20:00:00,9543.4025,49.995000000000005,22.2,91,0.1,51,False,,Friday,20,164
2025-06-13 21:00:00,9171.2775,49.974999999999994,21.9,92,0.0,3,False,,Friday,21,164
2025-06-13 22:00:00,8471.455,50.004999999999995,21.5,93,0.0,3,False,,Friday,22,164
2025-06-13 23:00:00,7878.76,49.885,20.9,95,0.0,3,False,,Friday,23,164
2025-06-14 00:00:00,7434.0725,50.035,20.6,96,0.0,3,False,,Saturday,0,165
2025-06-14 01:00:00,7336.9175,50.035,20.5,97,0.0,2,False,,Saturday,1,165
2025-06-14 02:00:00,7050.4275,49.995000000000005,20.5,96,0.0,3,False,,Saturday,2,165
2025-06-14 03:00:00,7043.487499999999,49.95,20.2,96,0.0,3,False,,Saturday,3,165
2025-06-14 04:00:00,7131.714999999999,50.03,20.1,97,0.0,3,False,,Saturday,4,165
2025-06-14 05:00:00,7452.5575,50.05,20.0,96,0.0,3,False,,Saturday,5,165
2025-06-14 06:00:00,8324.42,50.010000000000005,20.5,97,0.1,51,False,,Saturday,6,165
2025-06-14 07:00:00,9483.795,50.035,21.3,91,0.1,51,False,,Saturday,7,165
2025-06-14 08:00:00,9693.425,49.975,22.8,82,0.2,51,False,,Saturday,8,165
2025-06-14 09:00:00,10064.5275,49.945,24.0,76,0.1,51,False,,Saturday,9,165
2025-06-14 10:00:00,10727.689999999999,49.96,24.8,75,0.1,51,False,,Saturday,10,165
2025-06-14 11:00:00,10825.047499999999,49.980000000000004,24.8,75,0.7,53,False,,Saturday,11,165
2025-06-14 12:00:00,10372.855,49.985,25.6,72,0.6,53,False,,Saturday,12,165
2025-06-14 13:00:00,10113.545000000002,49.980000000000004,25.1,77,0.3,51,False,,Saturday,13,165
2025-06-14 14:00:00,9544.4125,50.019999999999996,27.0,70,0.1,51,False,,Saturday,14,165
2025-06-14 15:00:00,9661.64,50.05,24.6,81,0.9,53,False,,Saturday,15,165
2025-06-14 16:00:00,8979.557499999999,49.91,23.5,83,2.2,61,False,,Saturday,16,165
2025-06-14 17:00:00,8464.4675,49.959999999999994,22.8,88,0.2,51,False,,Saturday,17,165
2025-06-14 18:00:00,8294.822499999998,50.150000000000006,22.6,84,0.1,51,False,,Saturday,18,165
2025-06-14 19:00:00,8557.875,50.04,22.0,87,0.0,3,False,,Saturday,19,165
2025-06-14 20:00:00,8545.3725,50.05,21.5,88,0.0,3,False,,Saturday,20,165
2025-06-14 21:00:00,8075.415,49.980000000000004,21.3,89,0.0,3,False,,Saturday,21,165
2025-06-14 22:00:00,7481.82,49.959999999999994,21.4,88,0.0,3,False,,Saturday,22,165
2025-06-14 23:00:00,7212.214999999999,50.004999999999995,21.3,88,0.0,3,False,,Saturday,23,165
2025-06-15 00:00:00,6698.112499999999,50.004999999999995,21.1,89,0.0,3,True,Sunday,Sunday,0,166
2025-06-15 01:00:00,6836.745,49.95,20.9,89,0.0,3,True,Sunday,Sunday,1,166
2025-06-15 02:00:00,6642.9575,50.05,20.9,89,0.0,3,True,Sunday,Sunday,2,166
2025-06-15 03:00:00,6553.629999999999,50.05500000000001,20.6,91,0.3,51,True,Sunday,Sunday,3,166
2025-06-15 04:00:00,6776.632499999999,50.045,20.6,91,0.0,3,True,Sunday,Sunday,4,166
2025-06-15 05:00:00,6977.71,50.015,20.8,91,0.0,3,True,Sunday,Sunday,5,166
2025-06-15 06:00:00,7505.675,50.035,20.9,93,0.0,3,True,Sunday,Sunday,6,166
2025-06-15 07:00:00,7932.57,49.995000000000005,21.2,93,0.1,51,True,Sunday,Sunday,7,166
2025-06-15 08:00:00,8937.6975,49.974999999999994,22.9,84,0.1,51,True,Sunday,Sunday,8,166
2025-06-15 09:00:00,9384.1325,50.144999999999996,23.3,82,0.2,51,True,Sunday,Sunday,9,166
2025-06-15 10:00:00,9433.9425,50.03,23.8,82,0.3,51,True,Sunday,Sunday,10,166
2025-06-15 11:00:00,8875.2625,49.955,23.4,85,0.3,51,True,Sunday,Sunday,11,166
2025-06-15 12:00:00,8602.0425,49.980000000000004,23.4,84,0.4,51,True,Sunday,Sunday,12,166
2025-06-15 13:00:00,7981.697499999998,49.995000000000005,23.0,84,0.5,53,True,Sunday,Sunday,13,166
2025-06-15 14:00:00,7232.327499999999,49.96,24.2,77,0.4,51,True,Sunday,Sunday,14,166
2025-06-15 15:00:00,6817.605,49.93,24.2,76,0.6,53,True,Sunday,Sunday,15,166
2025-06-15 16:00:00,6602.852499999999,50.144999999999996,23.0,83,0.2,51,True,Sunday,Sunday,16,166
2025-06-15 17:00:00,6323.015,50.07,22.2,89,0.2,51,True,Sunday,Sunday,17,166
2025-06-15 18:00:00,6429.795,49.92,21.6,91,0.1,51,True,Sunday,Sunday,18,166
2025-06-15 19:00:00,7014.037499999999,50.03,21.0,93,0.2,51,True,Sunday,Sunday,19,166
2025-06-15 20:00:00,7381.735000000001,50.065,20.6,92,0.0,3,True,Sunday,Sunday,20,166
2025-06-15 21:00:00,6937.46,49.985,20.5,91,0.0,3,True,Sunday,Sunday,21,166
2025-06-15 22:00:00,6310.6925,50.01,20.5,91,0.0,3,True,Sunday,Sunday,22,166
2025-06-15 23:00:00,6655.1775,50.0,20.5,93,0.1,51,True,Sunday,Sunday,23,166
2025-06-16 00:00:00,5858.4,50.010000000000005,20.3,95,1.3,61,False,,Monday,0,167
2025-06-16 01:00:00,5627.9825,49.905,20.3,96,2.0,61,False,,Monday,1,167
2025-06-16 02:00:00,5585.884999999999,50.07,20.1,96,0.4,51,False,,Monday,2,167
2025-06-16 03:00:00,5337.650000000001,49.995,20.2,95,0.1,51,False,,Monday,3,167
2025-06-16 04:00:00,5530.5575,50.03,20.1,95,0.0,3,False,,Monday,4,167
2025-06-16 05:00:00,5866.669999999999,50.03,20.1,95,0.1,51,False,,Monday,5,167
2025-06-16 06:00:00,6888.1125,49.955,20.4,94,0.0,3,False,,Monday,6,167
2025-06-16 07:00:00,8885.8275,50.0,21.1,91,0.5,53,False,,Monday,7,167
2025-06-16 08:00:00,9408.0275,50.07,22.0,89,1.7,61,False,,Monday,8,167
2025-06-16 09:00:00,9714.62,50.025,22.0,88,0.2,51,False,,Monday,9,167
2025-06-16 10:00:00,9915.635,50.004999999999995,23.8,78,0.5,53,False,,Monday,10,167
2025-06-16 11:00:00,9067.327500000001,50.010000000000005,25.6,65,0.2,51,False,,Monday,11,167
2025-06-16 12:00:00,8741.125,50.0,25.8,65,0.2,51,False,,Monday,12,167
2025-06-16 13:00:00,8436.182499999999,50.019999999999996,25.9,64,0.1,51,False,,Monday,13,167
2025-06-16 14:00:00,8085.0824999999995,50.015,24.5,71,0.2,51,False,,Monday,14,167
2025-06-16 15:00:00,8081.009999999999,49.985,23.7,78,0.4,51,False,,Monday,15,167
2025-06-16 16:00:00,8224.4225,49.995000000000005,23.0,84,0.5,53,False,,Monday,16,167
2025-06-16 17:00:00,8269.8825,50.004999999999995,22.4,86,0.4,51,False,,Monday,17,167
2025-06-16 18:00:00,8351.8675,50.07,23.5,78,0.0,3,False,,Monday,18,167
2025-06-16 19:00:00,8431.955,50.07,22.6,82,0.0,3,False,,Monday,19,167
2025-06-16 20:00:00,8664.655,50.085,22.0,87,0.0,3,False,,Monday,20,167
2025-06-16 21:00:00,8202.695,49.980000000000004,21.9,87,0.0,3,False,,Monday,21,167
2025-06-16 22:00:00,7637.415,49.99,21.6,87,0.0,3,False,,Monday,22,167
2025-06-16 23:00:00,7548.45,50.03,21.2,89,0.0,3,False,,Monday,23,167
2025-06-17 00:00:00,7099.1175,49.995,20.9,90,0.0,3,False,,Tuesday,0,168
2025-06-17 01:00:00,7123.554999999999,49.94,20.6,91,0.0,2,False,,Tuesday,1,168
2025-06-17 02:00:00,6569.884999999999,50.019999999999996,20.2,93,0.0,3,False,,Tuesday,2,168
2025-06-17 03:00:00,6468.7475,50.0,20.2,93,0.0,3,False,,Tuesday,3,168
2025-06-17 04:00:00,6735.525,49.980000000000004,20.0,93,0.0,3,False,,Tuesday,4,168
2025-06-17 05:00:00,7177.295,49.995000000000005,20.1,93,0.0,3,False,,Tuesday,5,168
2025-06-17 06:00:00,8158.8150000000005,50.05500000000001,20.6,96,0.2,51,False,,Tuesday,6,168
2025-06-17 07:00:00,9897.015,50.03,21.5,90,0.0,3,False,,Tuesday,7,168
2025-06-17 08:00:00,10340.52,50.120000000000005,22.2,87,0.2,51,False,,Tuesday,8,168
2025-06-17 09:00:00,10344.9225,50.135000000000005,22.5,82,1.2,55,False,,Tuesday,9,168
2025-06-17 10:00:00,10784.144999999999,50.18,22.2,87,0.4,51,False,,Tuesday,10,168
2025-06-17 11:00:00,10319.94,50.019999999999996,25.4,70,0.3,51,False,,Tuesday,11,168
2025-06-17 12:00:00,10030.0775,50.055,25.7,69,0.4,51,False,,Tuesday,12,168
2025-06-17 13:00:00,9326.230000000001,50.205,26.2,65,0.1,51,False,,Tuesday,13,168
2025-06-17 14:00:00,9073.565000000002,50.17,26.0,65,0.1,51,False,,Tuesday,14,168
2025-06-17 15:00:00,9215.9475,50.040000000000006,25.5,67,0.2,51,False,,Tuesday,15,168
2025-06-17 16:00:00,9001.0,49.97,24.4,73,0.2,51,False,,Tuesday,16,168
2025-06-17 17:00:00,8838.800000000001,49.86,23.9,78,0.1,51,False,,Tuesday,17,168
2025-06-17 18:00:00,8597.5375,49.97,21.6,91,1.0,55,False,,Tuesday,18,168
2025-06-17 19:00:00,9027.29,50.03,20.8,96,2.1,61,False,,Tuesday,19,168
2025-06-17 20:00:00,9113.06,49.985,20.9,95,0.1,51,False,,Tuesday,20,168
2025-06-17 21:00:00,8621.245,50.05,21.0,96,0.0,3,False,,Tuesday,21,168
2025-06-17 22:00:00,8243.005,50.05,21.0,97,0.0,3,False,,Tuesday,22,168
2025-06-17 23:00:00,7951.335,50.004999999999995,20.7,97,0.0,3,False,,Tuesday,23,168
2025-06-18 00:00:00,7513.8475,50.03,20.4,98,0.0,3,False,,Wednesday,0,169
2025-06-18 01:00:00,7460.987500000001,49.99,20.4,96,0.0,3,False,,Wednesday,1,169
2025-06-18 02:00:00,7191.675,50.045,20.1,96,0.0,3,False,,Wednesday,2,169
2025-06-18 03:00:00,6881.3325,49.97,20.1,95,0.0,3,False,,Wednesday,3,169
2025-06-18 04:00:00,6910.275,50.010000000000005,20.0,96,0.0,3,False,,Wednesday,4,169
2025-06-18 05:00:00,7403.395,50.05,19.9,97,0.0,3,False,,Wednesday,5,169
2025-06-18 06:00:00,8634.905,50.05,20.4,98,0.0,3,False,,Wednesday,6,169
2025-06-18 07:00:00,10362.465,49.980000000000004,20.7,98,0.0,3,False,,Wednesday,7,169
2025-06-18 08:00:00,10882.9025,50.019999999999996,22.4,86,0.1,51,False,,Wednesday,8,169
2025-06-18 09:00:00,10822.2625,50.16,23.8,80,0.1,51,False,,Wednesday,9,169
2025-06-18 10:00:00,11380.8125,50.085,24.9,74,0.1,51,False,,Wednesday,10,169
2025-06-18 11:00:00,10940.23,50.055,25.8,69,0.0,3,False,,Wednesday,11,169
2025-06-18 12:00:00,10517.0625,50.075,26.5,65,0.0,3,False,,Wednesday,12,169
2025-06-18 13:00:00,10146.555,50.04,27.7,59,0.1,51,False,,Wednesday,13,169
2025-06-18 14:00:00,9594.8325,49.980000000000004,27.1,61,0.3,51,False,,Wednesday,14,169
2025-06-18 15:00:00,9711.395,50.065,27.5,61,0.3,51,False,,Wednesday,15,169
2025-06-18 16:00:00,9266.6225,50.03,27.2,60,0.0,3,False,,Wednesday,16,169
2025-06-18 17:00:00,9172.470000000001,49.975,25.5,69,0.0,3,False,,Wednesday,17,169
2025-06-18 18:00:00,8756.99,50.04,24.1,81,0.0,3,False,,Wednesday,18,169
2025-06-18 19:00:00,8920.9375,50.040000000000006,23.5,81,0.0,3,False,,Wednesday,19,169
2025-06-18 20:00:00,9036.0475,50.065,22.8,85,0.0,3,False,,Wednesday,20,169
2025-06-18 21:00:00,8791.305,49.965,22.2,87,0.0,3,False,,Wednesday,21,169
2025-06-18 22:00:00,8404.7475,50.06,21.7,88,0.0,3,False,,Wednesday,22,169
2025-06-18 23:00:00,8033.055,50.05,21.2,91,0.0,3,False,,Wednesday,23,169
2025-06-19 00:00:00,7499.1224999999995,50.065,20.7,95,0.0,3,False,,Thursday,0,170
2025-06-19 01:00:00,7811.977499999999,50.0,20.4,97,0.0,3,False,,Thursday,1,170
2025-06-19 02:00:00,7419.452499999999,49.995000000000005,20.2,97,0.0,3,False,,Thursday,2,170
2025-06-19 03:00:00,7352.1575,49.965,20.1,97,0.0,3,False,,Thursday,3,170
2025-06-19 04:00:00,7525.4625,50.004999999999995,20.0,97,0.0,3,False,,Thursday,4,170
2025-06-19 05:00:00,8137.639999999999,50.065,20.0,97,0.0,3,False,,Thursday,5,170
2025-06-19 06:00:00,8938.91,49.94,20.9,95,0.0,3,False,,Thursday,6,170
2025-06-19 07:00:00,10737.305,49.945,21.9,89,0.0,3,False,,Thursday,7,170
2025-06-19 08:00:00,10864.605,50.084999999999994,23.4,78,0.0,3,False,,Thursday,8,170
2025-06-19 09:00:00,11045.615,50.045,24.6,71,0.0,3,False,,Thursday,9,170
2025-06-19 10:00:00,11429.6425,50.09,25.7,65,0.0,3,False,,Thursday,10,170
2025-06-19 11:00:00,10743.487500000001,50.085,26.9,61,0.0,3,False,,Thursday,11,170
2025-06-19 12:00:00,10840.205,49.92,27.9,58,0.0,3,False,,Thursday,12,170
2025-06-19 13:00:00,10745.177499999998,50.114999999999995,28.7,53,0.0,3,False,,Thursday,13,170
2025-06-19 14:00:00,10279.575,49.94,28.1,54,0.0,3,False,,Thursday,14,170
2025-06-19 15:00:00,9978.702500000001,49.99,28.4,54,0.0,3,False,,Thursday,15,170
2025-06-19 16:00:00,9515.8625,49.97,27.9,54,0.0,3,False,,Thursday,16,170
2025-06-19 17:00:00,9247.710000000001,50.0,26.6,62,0.0,3,False,,Thursday,17,170
2025-06-19 18:00:00,9127.7775,50.025,25.2,65,0.0,3,False,,Thursday,18,170
2025-06-19 19:00:00,8835.6775,50.075,24.2,70,0.0,3,False,,Thursday,19,170
2025-06-19 20:00:00,8984.177499999998,50.06,23.2,74,0.0,3,False,,Thursday,20,170
2025-06-19 21:00:00,8719.035,49.915,22.2,80,0.0,3,False,,Thursday,21,170
2025-06-19 22:00:00,8350.4175,49.980000000000004,21.6,84,0.0,3,False,,Thursday,22,170
2025-06-19 23:00:00,8689.245,50.004999999999995,21.1,88,0.0,3,False,,Thursday,23,170
2025-06-20 00:00:00,7922.4675,50.03,20.9,92,0.0,3,False,,Friday,0,171
2025-06-20 01:00:00,8020.4,50.01,20.6,93,0.0,3,False,,Friday,1,171
2025-06-20 02:00:00,7648.4175,50.05,20.1,94,0.0,3,False,,Friday,2,171
2025-06-20 03:00:00,7384.9800000000005,50.010000000000005,19.9,95,0.0,3,False,,Friday,3,171
2025-06-20 04:00:00,7751.58,50.0,19.8,98,0.0,3,False,,Friday,4,171
2025-06-20 05:00:00,8413.060000000001,49.97,19.8,98,0.0,3,False,,Friday,5,171
2025-06-20 06:00:00,9885.865,50.019999999999996,20.5,97,0.0,3,False,,Friday,6,171
2025-06-20 07:00:00,11412.235,50.03,21.4,92,0.2,51,False,,Friday,7,171
2025-06-20 08:00:00,11973.9025,50.135,23.0,82,0.0,3,False,,Friday,8,171
2025-06-20 09:00:00,12001.0775,50.155,24.5,72,0.0,3,False,,Friday,9,171
2025-06-20 10:00:00,12201.61,50.02,25.5,66,0.0,3,False,,Friday,10,171
2025-06-20 11:00:00,11499.999999999998,50.025000000000006,27.0,58,0.0,3,False,,Friday,11,171
2025-06-20 12:00:00,11314.609999999999,50.01,27.4,56,0.0,3,False,,Friday,12,171
2025-06-20 13:00:00,11077.8825,50.14,28.0,54,0.0,3,False,,Friday,13,171
2025-06-20 14:00:00,10458.695,50.125,28.4,55,0.0,3,False,,Friday,14,171
2025-06-20 15:00:00,9999.602499999999,49.96,28.7,51,0.0,3,False,,Friday,15,171
2025-06-20 16:00:00,9478.872500000001,50.075,26.4,63,0.1,51,False,,Friday,16,171
2025-06-20 17:00:00,8920.7075,50.07,25.9,67,0.0,3,False,,Friday,17,171
2025-06-20 18:00:00,8657.7125,50.010000000000005,24.9,71,0.0,2,False,,Friday,18,171
2025-06-20 19:00:00,9038.0225,49.985,23.0,79,0.2,51,False,,Friday,19,171
2025-06-20 20:00:00,9202.095,50.005,22.4,82,0.0,1,False,,Friday,20,171
2025-06-20 21:00:00,8986.525,50.025,22.2,83,0.0,3,False,,Friday,21,171
2025-06-20 22:00:00,8562.054999999998,50.08,21.5,85,0.0,3,False,,Friday,22,171
2025-06-20 23:00:00,8521.2325,50.045,20.9,89,0.0,2,False,,Friday,23,171
2025-06-21 00:00:00,7910.329999999999,49.975,20.5,92,0.0,3,False,,Saturday,0,172
2025-06-21 01:00:00,8038.8425,50.0,20.1,93,0.0,1,False,,Saturday,1,172
2025-06-21 02:00:00,7733.799999999999,49.955,19.9,95,0.0,3,False,,Saturday,2,172
2025-06-21 03:00:00,7526.360000000001,49.974999999999994,19.8,95,0.0,3,False,,Saturday,3,172
2025-06-21 04:00:00,7892.33,49.959999999999994,19.9,94,0.0,3,False,,Saturday,4,172
2025-06-21 05:00:00,8461.0375,50.04,19.6,95,0.0,3,False,,Saturday,5,172
2025-06-21 06:00:00,9392.14,49.965,20.7,93,0.0,3,False,,Saturday,6,172
2025-06-21 07:00:00,10962.9675,49.955,21.8,87,0.0,3,False,,Saturday,7,172
2025-06-21 08:00:00,11167.56,50.0,23.0,76,0.0,3,False,,Saturday,8,172
2025-06-21 09:00:00,11669.3,49.915,24.6,68,0.0,3,False,,Saturday,9,172
2025-06-21 10:00:00,12630.779999999999,50.015,26.2,60,0.0,3,False,,Saturday,10,172
2025-06-21 11:00:00,11752.875,50.09,27.4,54,0.0,3,False,,Saturday,11,172
2025-06-21 12:00:00,11500.6475,49.97,27.1,57,0.1,51,False,,Saturday,12,172
2025-06-21 13:00:00,11186.68,50.004999999999995,28.1,56,0.0,3,False,,Saturday,13,172
2025-06-21 14:00:00,10712.72,50.05,26.8,61,0.0,3,False,,Saturday,14,172
2025-06-21 15:00:00,10307.4325,50.115,27.7,57,0.0,3,False,,Saturday,15,172
2025-06-21 16:00:00,9899.4475,49.925,26.2,61,0.0,3,False,,Saturday,16,172
2025-06-21 17:00:00,9293.185,50.045,25.2,71,0.0,3,False,,Saturday,17,172
2025-06-21 18:00:00,9119.9075,50.055,25.2,66,0.0,3,False,,Saturday,18,172
2025-06-21 19:00:00,9082.7075,50.004999999999995,23.6,74,0.1,51,False,,Saturday,19,172
2025-06-21 20:00:00,9260.5475,49.980000000000004,23.1,77,0.0,3,False,,Saturday,20,172
2025-06-21 21:00:00,8888.42,49.95,22.5,81,0.0,3,False,,Saturday,21,172
2025-06-21 22:00:00,8697.0625,49.96,22.1,82,0.0,3,False,,Saturday,22,172
2025-06-21 23:00:00,8663.52,49.975,21.6,84,0.0,3,False,,Saturday,23,172
2025-06-22 00:00:00,8213.25,49.965,20.9,88,0.0,3,True,Sunday,Sunday,0,173
2025-06-22 01:00:00,8551.03,49.95,20.3,92,0.0,3,True,Sunday,Sunday,1,173
2025-06-22 02:00:00,8214.76,50.015,20.1,93,0.0,3,True,Sunday,Sunday,2,173
2025-06-22 03:00:00,8119.9475,50.004999999999995,20.2,93,0.0,3,True,Sunday,Sunday,3,173
2025-06-22 04:00:00,8346.27,50.075,20.1,92,0.0,3,True,Sunday,Sunday,4,173
2025-06-22 05:00:00,8873.0775,49.985,20.1,91,0.0,3,True,Sunday,Sunday,5,173
2025-06-22 06:00:00,9476.1225,50.04,21.0,91,0.0,3,True,Sunday,Sunday,6,173
2025-06-22 07:00:00,10819.805,49.96,22.0,86,0.0,3,True,Sunday,Sunday,7,173
2025-06-22 08:00:00,10931.585000000001,50.075,23.3,77,0.0,3,True,Sunday,Sunday,8,173
2025-06-22 09:00:00,11750.622500000001,50.019999999999996,25.0,66,0.0,3,True,Sunday,Sunday,9,173
2025-06-22 10:00:00,11161.8275,50.17,26.6,59,0.0,3,True,Sunday,Sunday,10,173
2025-06-22 11:00:00,9775.1225,50.05,27.2,56,0.0,3,True,Sunday,Sunday,11,173
2025-06-22 12:00:00,9322.59,50.125,28.8,49,0.0,3,True,Sunday,Sunday,12,173
2025-06-22 13:00:00,8659.5625,49.965,28.2,51,0.0,3,True,Sunday,Sunday,13,173
2025-06-22 14:00:00,8130.9725,50.045,29.0,51,0.0,3,True,Sunday,Sunday,14,173
2025-06-22 15:00:00,7849.8125,50.01,26.9,59,0.3,51,True,Sunday,Sunday,15,173
2025-06-22 16:00:00,7422.4175,49.915,24.0,75,0.5,53,True,Sunday,Sunday,16,173
2025-06-22 17:00:00,7141.975,50.03,23.3,79,0.2,51,True,Sunday,Sunday,17,173
2025-06-22 18:00:00,7098.2575,49.985,21.8,84,0.1,51,True,Sunday,Sunday,18,173
2025-06-22 19:00:00,7545.5825,50.0,20.5,89,0.2,51,True,Sunday,Sunday,19,173
2025-06-22 20:00:00,8081.9825,49.99,20.8,91,0.0,3,True,Sunday,Sunday,20,173
2025-06-22 21:00:00,7908.9125,49.955,21.0,91,0.0,3,True,Sunday,Sunday,21,173
2025-06-22 22:00:00,7736.344999999999,50.025,21.1,91,0.0,3,True,Sunday,Sunday,22,173
2025-06-22 23:00:00,7677.5599999999995,49.985,20.9,93,0.2,51,True,Sunday,Sunday,23,173
2025-06-23 00:00:00,7407.5175,50.03,20.6,96,0.4,51,False,,Monday,0,174
2025-06-23 01:00:00,7143.88,49.980000000000004,20.4,97,0.3,51,False,,Monday,1,174
2025-06-23 02:00:00,6838.317499999999,50.010000000000005,20.0,97,0.0,3,False,,Monday,2,174
2025-06-23 03:00:00,6722.2175,50.03,20.0,95,0.0,3,False,,Monday,3,174
2025-06-23 04:00:00,7194.3175,50.04,19.9,95,0.0,3,False,,Monday,4,174
2025-06-23 05:00:00,7708.59,50.004999999999995,19.9,94,0.0,3,False,,Monday,5,174
2025-06-23 06:00:00,8750.657500000001,49.92,20.4,91,0.0,3,False,,Monday,6,174
2025-06-23 07:00:00,10953.39,49.96,20.9,88,0.0,3,False,,Monday,7,174
2025-06-23 08:00:00,11282.4025,50.025000000000006,21.5,84,0.1,51,False,,Monday,8,174
2025-06-23 09:00:00,11603.9025,50.010000000000005,22.2,79,0.2,51,False,,Monday,9,174
2025-06-23 10:00:00,12217.642500000002,50.045,24.6,68,0.0,3,False,,Monday,10,174
2025-06-23 11:00:00,11293.0525,50.18,25.4,63,0.0,3,False,,Monday,11,174
2025-06-23 12:00:00,10755.9025,49.935,26.2,58,0.0,3,False,,Monday,12,174
2025-06-23 13:00:00,10524.190000000002,49.975,26.9,57,0.1,51,False,,Monday,13,174
2025-06-23 14:00:00,10015.9375,49.935,26.0,62,0.0,3,False,,Monday,14,174
2025-06-23 15:00:00,9864.994999999999,49.985,26.2,60,0.0,3,False,,Monday,15,174
2025-06-23 16:00:00,9548.675,50.015,25.5,61,0.0,3,False,,Monday,16,174
2025-06-23 17:00:00,8871.662499999999,49.905,24.9,65,0.0,3,False,,Monday,17,174
2025-06-23 18:00:00,9238.710000000001,50.01,25.0,64,0.0,3,False,,Monday,18,174
2025-06-23 19:00:00,9198.495,49.980000000000004,23.5,73,0.0,3,False,,Monday,19,174
2025-06-23 20:00:00,9221.099999999999,49.925,22.6,77,0.0,3,False,,Monday,20,174
2025-06-23 21:00:00,8810.2225,49.995000000000005,21.8,82,0.0,3,False,,Monday,21,174
2025-06-23 22:00:00,8384.57,49.955,21.2,83,0.0,3,False,,Monday,22,174
2025-06-23 23:00:00,8135.3724999999995,50.045,21.0,83,0.0,3,False,,Monday,23,174
2025-06-24 00:00:00,7549.452499999999,50.235,20.7,85,0.0,3,False,,Tuesday,0,175
2025-06-24 01:00:00,7634.115,50.045,20.6,85,0.0,3,False,,Tuesday,1,175
2025-06-24 02:00:00,7140.897499999999,49.94,20.5,85,0.0,3,False,,Tuesday,2,175
2025-06-24 03:00:00,7191.5825,49.97,20.5,86,0.0,3,False,,Tuesday,3,175
2025-06-24 04:00:00,7368.0725,50.055,20.5,87,0.0,3,False,,Tuesday,4,175
2025-06-24 05:00:00,7868.99,50.005,20.6,88,0.0,3,False,,Tuesday,5,175
2025-06-24 06:00:00,8943.08,50.06,21.5,85,0.0,3,False,,Tuesday,6,175
2025-06-24 07:00:00,11147.055,49.995000000000005,22.2,82,0.0,3,False,,Tuesday,7,175
2025-06-24 08:00:00,11642.94,50.07,23.5,75,0.2,51,False,,Tuesday,8,175
2025-06-24 09:00:00,11766.8275,50.125,24.6,70,0.2,51,False,,Tuesday,9,175
2025-06-24 10:00:00,11951.9575,50.06,25.5,65,0.0,3,False,,Tuesday,10,175
2025-06-24 11:00:00,10852.3425,50.055,26.5,58,0.0,3,False,,Tuesday,11,175
2025-06-24 12:00:00,10019.2475,50.085,27.0,56,0.1,51,False,,Tuesday,12,175
2025-06-24 13:00:00,9282.595,50.05,27.0,55,0.1,51,False,,Tuesday,13,175
2025-06-24 14:00:00,8824.462499999998,50.105000000000004,26.9,56,0.1,51,False,,Tuesday,14,175
2025-06-24 15:00:00,8738.365,50.05,26.9,57,0.0,3,False,,Tuesday,15,175
2025-06-24 16:00:00,9003.95,49.91,25.8,60,0.0,3,False,,Tuesday,16,175
2025-06-24 17:00:00,9057.345000000001,49.94,25.0,65,0.0,3,False,,Tuesday,17,175
2025-06-24 18:00:00,9201.9175,49.995000000000005,24.0,71,0.0,3,False,,Tuesday,18,175
2025-06-24 19:00:00,9355.0975,50.06,23.2,75,0.0,3,False,,Tuesday,19,175
2025-06-24 20:00:00,9332.9225,49.985,22.2,83,0.2,51,False,,Tuesday,20,175
2025-06-24 21:00:00,8916.4525,49.91,21.9,86,0.0,3,False,,Tuesday,21,175
2025-06-24 22:00:00,8481.845,50.055,21.4,88,0.0,3,False,,Tuesday,22,175
2025-06-24 23:00:00,8344.8375,50.07,21.0,89,0.0,3,False,,Tuesday,23,175
2025-06-25 00:00:00,7820.657499999999,50.03,20.8,88,0.0,3,False,,Wednesday,0,176
2025-06-25 01:00:00,7729.24,49.97,20.6,88,0.0,3,False,,Wednesday,1,176
2025-06-25 02:00:00,7366.2825,50.035,20.4,89,0.0,3,False,,Wednesday,2,176
2025-06-25 03:00:00,7311.7925,49.995000000000005,20.2,89,0.0,3,False,,Wednesday,3,176
2025-06-25 04:00:00,7535.245000000001,49.92,20.1,90,0.0,3,False,,Wednesday,4,176
2025-06-25 05:00:00,7841.854999999999,50.035,20.2,89,0.0,3,False,,Wednesday,5,176
2025-06-25 06:00:00,9044.25,49.974999999999994,21.6,86,0.0,3,False,,Wednesday,6,176
2025-06-25 07:00:00,11228.325,50.004999999999995,22.4,83,0.0,3,False,,Wednesday,7,176
2025-06-25 08:00:00,11860.345,49.925,24.0,73,0.0,3,False,,Wednesday,8,176
2025-06-25 09:00:00,12756.98,50.11,25.0,69,0.3,51,False,,Wednesday,9,176
2025-06-25 10:00:00,13093.6475,50.019999999999996,26.1,62,0.1,51,False,,Wednesday,10,176
2025-06-25 11:00:00,12489.425,49.985,27.4,59,0.0,3,False,,Wednesday,11,176
2025-06-25 12:00:00,12278.9225,50.015,27.4,59,1.3,61,False,,Wednesday,12,176
2025-06-25 13:00:00,11252.085,49.980000000000004,26.0,68,3.8,63,False,,Wednesday,13,176
2025-06-25 14:00:00,10392.42,50.15,24.6,75,0.4,51,False,,Wednesday,14,176
2025-06-25 15:00:00,10569.927500000002,49.975,26.1,67,0.2,51,False,,Wednesday,15,176
2025-06-25 16:00:00,10468.795,49.925,24.7,73,0.1,51,False,,Wednesday,16,176
2025-06-25 17:00:00,9620.535,49.974999999999994,24.6,71,0.1,51,False,,Wednesday,17,176
2025-06-25 18:00:00,9480.6875,50.0,21.7,86,1.2,55,False,,Wednesday,18,176
2025-06-25 19:00:00,9230.81,50.03,20.9,91,1.1,55,False,,Wednesday,19,176
2025-06-25 20:00:00,9256.645,49.980000000000004,21.1,92,0.0,3,False,,Wednesday,20,176
2025-06-25 21:00:00,8705.6925,50.004999999999995,21.3,91,0.0,3,False,,Wednesday,21,176
2025-06-25 22:00:00,8134.009999999999,49.965,21.1,89,0.0,3,False,,Wednesday,22,176
2025-06-25 23:00:00,8177.825000000001,49.96,20.8,89,0.0,3,False,,Wednesday,23,176
2025-06-26 00:00:00,7762.82,50.035,20.8,88,0.0,3,False,,Thursday,0,177
2025-06-26 01:00:00,7492.797500000001,49.86,20.6,88,0.0,3,False,,Thursday,1,177
2025-06-26 02:00:00,7456.035,49.995000000000005,20.6,89,0.0,3,False,,Thursday,2,177
2025-06-26 03:00:00,7285.8724999999995,50.040000000000006,20.8,88,0.0,3,False,,Thursday,3,177
2025-06-26 04:00:00,7429.527499999999,50.01,20.9,88,0.0,3,False,,Thursday,4,177
2025-06-26 05:00:00,8219.955000000002,50.04,20.8,90,0.0,3,False,,Thursday,5,177
2025-06-26 06:00:00,9498.425,50.05,21.5,89,0.0,3,False,,Thursday,6,177
2025-06-26 07:00:00,11230.835,50.004999999999995,22.4,85,0.0,3,False,,Thursday,7,177
2025-06-26 08:00:00,11879.635,50.004999999999995,23.6,77,0.0,3,False,,Thursday,8,177
2025-06-26 09:00:00,12336.984999999999,50.035,24.4,73,0.1,51,False,,Thursday,9,177
2025-06-26 10:00:00,12813.505000000001,50.055,25.3,70,0.3,51,False,,Thursday,10,177
2025-06-26 11:00:00,12025.015000000001,49.995,26.1,65,0.2,51,False,,Thursday,11,177
2025-06-26 12:00:00,11296.955,50.099999999999994,27.4,59,0.0,3,False,,Thursday,12,177
2025-06-26 13:00:00,11090.230000000001,50.07,28.0,55,0.0,3,False,,Thursday,13,177
2025-06-26 14:00:00,10499.345,49.989999999999995,25.9,65,0.0,3,False,,Thursday,14,177
2025-06-26 15:00:00,10583.629999999997,50.0,26.3,62,0.0,3,False,,Thursday,15,177
2025-06-26 16:00:00,10011.939999999999,49.974999999999994,25.9,63,0.0,3,False,,Thursday,16,177
2025-06-26 17:00:00,9625.66,50.0,24.6,71,0.0,3,False,,Thursday,17,177
2025-06-26 18:00:00,9553.529999999999,50.195,23.3,76,0.6,53,False,,Thursday,18,177
2025-06-26 19:00:00,9341.1375,50.125,22.4,86,1.4,61,False,,Thursday,19,177
2025-06-26 20:00:00,9621.1875,50.015,22.5,83,0.0,3,False,,Thursday,20,177
2025-06-26 21:00:00,9027.605000000001,49.980000000000004,22.1,85,0.0,3,False,,Thursday,21,177
2025-06-26 22:00:00,8551.050000000001,50.025,21.5,87,0.0,3,False,,Thursday,22,177
2025-06-26 23:00:00,8503.255,50.004999999999995,21.0,89,0.0,3,False,,Thursday,23,177
2025-06-27 00:00:00,8395.1775,50.0,20.8,91,0.0,3,False,,Friday,0,178
2025-06-27 01:00:00,8444.9125,49.965,20.5,91,0.0,3,False,,Friday,1,178
2025-06-27 02:00:00,7968.2525,50.025000000000006,20.2,92,0.0,3,False,,Friday,2,178
2025-06-27 03:00:00,7870.574999999999,50.035,20.0,92,0.0,3,False,,Friday,3,178
2025-06-27 04:00:00,8056.635,50.045,19.9,91,0.0,3,False,,Friday,4,178
2025-06-27 05:00:00,9039.5125,49.965,19.5,91,0.0,3,False,,Friday,5,178
2025-06-27 06:00:00,9950.115,49.92,20.4,94,0.0,3,False,,Friday,6,178
2025-06-27 07:00:00,12222.41,50.05,21.2,89,0.2,51,False,,Friday,7,178
2025-06-27 08:00:00,12859.412500000002,50.045,22.2,82,0.0,3,False,,Friday,8,178
2025-06-27 09:00:00,12560.2075,50.075,23.2,75,0.1,51,False,,Friday,9,178
2025-06-27 10:00:00,12867.3325,49.955,24.1,70,0.1,51,False,,Friday,10,178
2025-06-27 11:00:00,12380.125,49.915,25.5,63,0.1,51,False,,Friday,11,178
2025-06-27 12:00:00,11787.262499999997,49.845,26.8,57,0.0,3,False,,Friday,12,178
2025-06-27 13:00:00,11088.26,50.025,27.9,52,0.0,3,False,,Friday,13,178
2025-06-27 14:00:00,10848.875,50.035,26.8,58,0.0,3,False,,Friday,14,178
2025-06-27 15:00:00,10645.359999999999,49.97,27.0,58,0.0,3,False,,Friday,15,178
2025-06-27 16:00:00,10612.4125,50.045,27.2,55,0.0,3,False,,Friday,16,178
2025-06-27 17:00:00,9842.305,50.120000000000005,26.0,61,0.0,3,False,,Friday,17,178
2025-06-27 18:00:00,9753.4025,50.07,24.6,69,0.1,51,False,,Friday,18,178
2025-06-27 19:00:00,9377.855,50.015,22.7,79,0.0,2,False,,Friday,19,178
2025-06-27 20:00:00,9686.165,49.94,22.3,83,0.0,2,False,,Friday,20,178
2025-06-27 21:00:00,9257.842499999999,49.915,21.8,85,0.0,2,False,,Friday,21,178
2025-06-27 22:00:00,8938.22,49.870000000000005,21.4,86,0.0,3,False,,Friday,22,178
2025-06-27 23:00:00,8669.4,49.91,21.0,87,0.0,3,False,,Friday,23,178
2025-06-28 00:00:00,8413.8125,50.035,20.9,87,0.0,3,False,,Saturday,0,179
2025-06-28 01:00:00,8629.58,49.985,20.6,89,0.0,3,False,,Saturday,1,179
2025-06-28 02:00:00,8217.23,49.989999999999995,20.6,89,0.0,3,False,,Saturday,2,179
2025-06-28 03:00:00,8122.062500000001,49.925,20.7,89,0.0,3,False,,Saturday,3,179
2025-06-28 04:00:00,8466.364999999998,49.900000000000006,20.5,90,0.0,3,False,,Saturday,4,179
2025-06-28 05:00:00,8980.755,50.0,20.4,91,0.0,3,False,,Saturday,5,179
2025-06-28 06:00:00,9804.4825,49.985,21.0,87,0.0,3,False,,Saturday,6,179
2025-06-28 07:00:00,11628.9175,49.995000000000005,21.7,83,0.0,3,False,,Saturday,7,179
2025-06-28 08:00:00,11950.9875,49.945,23.5,72,0.1,51,False,,Saturday,8,179
2025-06-28 09:00:00,12380.634999999998,50.03,24.6,66,0.0,3,False,,Saturday,9,179
2025-06-28 10:00:00,13045.619999999999,50.004999999999995,26.0,61,0.0,3,False,,Saturday,10,179
2025-06-28 11:00:00,12323.02,50.005,27.1,57,0.1,51,False,,Saturday,11,179
2025-06-28 12:00:00,11958.8675,50.105000000000004,28.5,52,0.2,51,False,,Saturday,12,179
2025-06-28 13:00:00,11744.809999999998,50.084999999999994,29.4,49,0.1,51,False,,Saturday,13,179
2025-06-28 14:00:00,11304.3525,50.015,28.5,51,0.1,51,False,,Saturday,14,179
2025-06-28 15:00:00,11343.247500000001,49.965,27.2,56,0.9,53,False,,Saturday,15,179
2025-06-28 16:00:00,10914.035,50.19,25.1,68,0.4,51,False,,Saturday,16,179
2025-06-28 17:00:00,10366.932499999999,49.92,24.6,69,0.0,3,False,,Saturday,17,179
2025-06-28 18:00:00,9796.8125,50.010000000000005,22.9,80,3.0,63,False,,Saturday,18,179
2025-06-28 19:00:00,9668.1,50.010000000000005,21.4,88,0.1,51,False,,Saturday,19,179
2025-06-28 20:00:00,9639.585,50.055,21.5,89,0.0,3,False,,Saturday,20,179
2025-06-28 21:00:00,9087.8,50.05,21.4,91,0.0,3,False,,Saturday,21,179
2025-06-28 22:00:00,8950.954999999998,50.025,21.2,90,0.0,3,False,,Saturday,22,179
2025-06-28 23:00:00,8856.275,50.025000000000006,20.8,90,0.0,3,False,,Saturday,23,179
2025-06-29 00:00:00,8502.067500000001,50.045,20.5,92,0.0,3,True,Sunday,Sunday,0,180
2025-06-29 01:00:00,8461.685000000001,50.05,20.0,94,0.0,3,True,Sunday,Sunday,1,180
2025-06-29 02:00:00,8085.7525000000005,49.94,20.2,94,0.0,3,True,Sunday,Sunday,2,180
2025-06-29 03:00:00,8002.0375,50.03,20.0,94,0.0,3,True,Sunday,Sunday,3,180
2025-06-29 04:00:00,8173.842500000001,49.980000000000004,20.3,93,0.1,51,True,Sunday,Sunday,4,180
2025-06-29 05:00:00,8807.23,50.025000000000006,20.0,95,0.0,3,True,Sunday,Sunday,5,180
2025-06-29 06:00:00,9580.8325,50.025,20.5,94,0.0,3,True,Sunday,Sunday,6,180
2025-06-29 07:00:00,11052.1,50.005,21.0,91,0.0,3,True,Sunday,Sunday,7,180
2025-06-29 08:00:00,11325.5975,50.04,22.4,80,0.0,3,True,Sunday,Sunday,8,180
2025-06-29 09:00:00,11487.527499999998,49.97,23.6,71,0.0,3,True,Sunday,Sunday,9,180
2025-06-29 10:00:00,12093.0875,50.14,25.2,61,0.0,3,True,Sunday,Sunday,10,180
2025-06-29 11:00:00,11254.9575,50.14,27.5,50,0.0,3,True,Sunday,Sunday,11,180
2025-06-29 12:00:00,10886.2575,50.144999999999996,28.0,49,0.0,3,True,Sunday,Sunday,12,180
2025-06-29 13:00:00,10515.955000000002,50.04,28.8,44,0.0,3,True,Sunday,Sunday,13,180
2025-06-29 14:00:00,10118.915,50.28,29.3,42,0.0,3,True,Sunday,Sunday,14,180
2025-06-29 15:00:00,9504.38,50.019999999999996,28.5,47,0.0,3,True,Sunday,Sunday,15,180
2025-06-29 16:00:00,9226.25,50.08,28.0,49,0.0,3,True,Sunday,Sunday,16,180
2025-06-29 17:00:00,8177.02,50.105000000000004,26.9,53,0.0,3,True,Sunday,Sunday,17,180
2025-06-29 18:00:00,8060.775000000001,50.08,26.1,58,0.1,51,True,Sunday,Sunday,18,180
2025-06-29 19:00:00,8099.714999999999,50.015,24.8,66,0.0,3,True,Sunday,Sunday,19,180
2025-06-29 20:00:00,8520.65,50.004999999999995,23.5,72,0.0,3,True,Sunday,Sunday,20,180
2025-06-29 21:00:00,8295.135,49.85,22.3,78,0.0,3,True,Sunday,Sunday,21,180
2025-06-29 22:00:00,8172.665,49.985,21.5,83,0.0,3,True,Sunday,Sunday,22,180
2025-06-29 23:00:00,8201.165,50.019999999999996,21.0,86,0.0,3,True,Sunday,Sunday,23,180
2025-06-30 00:00:00,7744.6075,49.97,20.5,89,0.0,3,False,,Monday,0,181
2025-06-30 01:00:00,8133.629999999999,50.019999999999996,20.0,91,0.0,3,False,,Monday,1,181
2025-06-30 02:00:00,7824.855,50.010000000000005,19.7,92,0.0,3,False,,Monday,2,181
2025-06-30 03:00:00,7691.192499999999,50.04,19.5,94,0.0,2,False,,Monday,3,181
2025-06-30 04:00:00,7810.3325,50.045,19.1,96,0.0,3,False,,Monday,4,181
2025-06-30 05:00:00,8528.2025,49.980000000000004,19.5,94,0.0,3,False,,Monday,5,181
2025-06-30 06:00:00,9850.435000000001,50.019999999999996,20.2,94,0.0,3,False,,Monday,6,181
2025-06-30 07:00:00,12037.5675,49.955,21.4,87,0.0,3,False,,Monday,7,181
2025-06-30 08:00:00,12781.145,50.019999999999996,22.9,77,0.0,3,False,,Monday,8,181
2025-06-30 09:00:00,12955.2575,50.025,24.6,67,0.0,3,False,,Monday,9,181
2025-06-30 10:00:00,13916.7925,49.97,26.5,59,0.0,3,False,,Monday,10,181
2025-06-30 11:00:00,13096.28,50.095,28.0,51,0.0,3,False,,Monday,11,181
2025-06-30 12:00:00,12367.935000000001,50.05,29.4,45,0.0,3,False,,Monday,12,181
2025-06-30 13:00:00,12058.19,50.025000000000006,28.7,50,0.3,51,False,,Monday,13,181
2025-06-30 14:00:00,11537.115,50.115,29.0,48,0.0,3,False,,Monday,14,181
2025-06-30 15:00:00,11695.140000000001,50.135,28.2,51,0.1,51,False,,Monday,15,181
2025-06-30 16:00:00,11573.9225,50.07,27.4,53,0.2,51,False,,Monday,16,181
2025-06-30 17:00:00,10432.8475,49.965,25.8,62,0.2,51,False,,Monday,17,181
2025-06-30 18:00:00,10087.1425,50.05,25.6,62,0.0,3,False,,Monday,18,181
2025-06-30 19:00:00,9764.9225,50.129999999999995,24.0,72,0.1,51,False,,Monday,19,181
2025-06-30 20:00:00,9862.36,50.045,23.5,75,0.1,51,False,,Monday,20,181
2025-06-30 21:00:00,9401.835,49.989999999999995,22.7,78,0.0,3,False,,Monday,21,181
2025-06-30 22:00:00,9003.6525,50.045,22.0,82,0.0,3,False,,Monday,22,181
2025-06-30 23:00:00,9057.805,49.945,21.4,85,0.0,3,False,,Monday,23,181
2025-07-01 00:00:00,8611.475,50.019999999999996,20.9,87,0.0,3,False,,Tuesday,0,182
2025-07-01 01:00:00,8790.155,49.935,20.5,89,0.0,3,False,,Tuesday,1,182
2025-07-01 02:00:00,8510.3,49.965,20.2,90,0.0,3,False,,Tuesday,2,182
2025-07-01 03:00:00,8386.695,50.04,20.2,90,0.0,3,False,,Tuesday,3,182
2025-07-01 04:00:00,8716.225,50.01,20.1,90,0.0,3,False,,Tuesday,4,182
2025-07-01 05:00:00,9208.415,50.045,20.1,90,0.0,3,False,,Tuesday,5,182
2025-07-01 06:00:00,10262.835,50.045,20.8,88,0.0,3,False,,Tuesday,6,182
2025-07-01 07:00:00,12277.685000000001,50.019999999999996,21.9,83,0.0,3,False,,Tuesday,7,182
2025-07-01 08:00:00,13113.244999999999,50.019999999999996,23.4,74,0.1,51,False,,Tuesday,8,182
2025-07-01 09:00:00,13790.8525,50.04,24.1,70,0.0,3,False,,Tuesday,9,182
2025-07-01 10:00:00,14299.5725,49.97,25.9,60,0.0,3,False,,Tuesday,10,182
2025-07-01 11:00:00,13614.1825,49.915,26.5,56,0.0,3,False,,Tuesday,11,182
2025-07-01 12:00:00,13331.89,50.015,27.9,50,0.0,3,False,,Tuesday,12,182
2025-07-01 13:00:00,12550.33,50.04,28.5,50,0.0,3,False,,Tuesday,13,182
2025-07-01 14:00:00,11918.88,50.05,28.4,50,0.0,3,False,,Tuesday,14,182
2025-07-01 15:00:00,11857.727499999999,49.864999999999995,28.4,49,0.0,3,False,,Tuesday,15,182
2025-07-01 16:00:00,11718.307499999999,50.105000000000004,27.0,54,0.0,3,False,,Tuesday,16,182
2025-07-01 17:00:00,10338.055,49.955,26.2,59,0.0,3,False,,Tuesday,17,182
2025-07-01 18:00:00,9974.77,49.894999999999996,24.8,66,0.0,3,False,,Tuesday,18,182
2025-07-01 19:00:00,9533.4,50.015,24.1,71,0.0,3,False,,Tuesday,19,182
2025-07-01 20:00:00,9694.84,49.99,23.4,75,0.0,3,False,,Tuesday,20,182
2025-07-01 21:00:00,9264.942500000001,49.985,22.5,79,0.0,3,False,,Tuesday,21,182
2025-07-01 22:00:00,8930.7125,50.035,22.0,84,0.0,3,False,,Tuesday,22,182
2025-07-01 23:00:00,8752.9275,50.025000000000006,21.4,87,0.0,3,False,,Tuesday,23,182
2025-07-02 00:00:00,8267.61,50.07,20.9,89,0.0,3,False,,Wednesday,0,183
2025-07-02 01:00:00,8687.585,50.0,20.6,91,0.0,3,False,,Wednesday,1,183
2025-07-02 02:00:00,8158.897500000001,50.010000000000005,20.5,91,0.0,3,False,,Wednesday,2,183
2025-07-02 03:00:00,7885.7275,49.935,20.2,92,0.0,3,False,,Wednesday,3,183
2025-07-02 04:00:00,8248.1475,50.04,20.0,93,0.0,3,False,,Wednesday,4,183
2025-07-02 05:00:00,9231.2925,49.97,20.0,92,0.0,3,False,,Wednesday,5,183
2025-07-02 06:00:00,10000.4375,49.915,21.3,89,0.0,3,False,,Wednesday,6,183
2025-07-02 07:00:00,12224.35,50.01,22.2,84,0.0,3,False,,Wednesday,7,183
2025-07-02 08:00:00,12790.2975,49.995000000000005,23.5,74,0.0,3,False,,Wednesday,8,183
2025-07-02 09:00:00,13151.994999999999,49.95,25.1,66,0.0,3,False,,Wednesday,9,183
2025-07-02 10:00:00,14024.23,50.015,26.4,62,0.0,3,False,,Wednesday,10,183
2025-07-02 11:00:00,13490.095,49.945,27.1,59,0.1,51,False,,Wednesday,11,183
2025-07-02 12:00:00,12856.965,49.935,28.4,55,0.1,51,False,,Wednesday,12,183
2025-07-02 13:00:00,12514.53,49.92,25.5,65,1.4,61,False,,Wednesday,13,183
2025-07-02 14:00:00,11942.382500000002,50.019999999999996,27.0,58,0.1,51,False,,Wednesday,14,183
2025-07-02 15:00:00,11407.8,49.995000000000005,24.5,69,0.7,53,False,,Wednesday,15,183
2025-07-02 16:00:00,11063.430000000002,50.035,23.9,75,0.4,51,False,,Wednesday,16,183
2025-07-02 17:00:00,10035.055,49.875,23.5,79,0.1,51,False,,Wednesday,17,183
2025-07-02 18:00:00,9827.37,49.915,22.2,86,0.0,3,False,,Wednesday,18,183
2025-07-02 19:00:00,9440.092499999999,50.035,21.4,89,0.3,51,False,,Wednesday,19,183
2025-07-02 20:00:00,9587.965,49.93,20.8,92,0.2,51,False,,Wednesday,20,183
2025-07-02 21:00:00,9004.49,49.845,21.0,91,0.0,3,False,,Wednesday,21,183
2025-07-02 22:00:00,8624.8125,49.955,20.3,96,3.2,63,False,,Wednesday,22,183
2025-07-02 23:00:00,8478.08,49.995000000000005,20.3,96,2.3,61,False,,Wednesday,23,183
2025-07-03 00:00:00,7927.735,50.035,20.2,96,0.0,3,False,,Thursday,0,184
2025-07-03 01:00:00,8098.362499999999,50.03,20.1,97,0.3,51,False,,Thursday,1,184
2025-07-03 02:00:00,7591.4275,49.97,20.1,97,0.5,53,False,,Thursday,2,184
2025-07-03 03:00:00,7476.84,49.97,20.0,97,1.0,55,False,,Thursday,3,184
2025-07-03 04:00:00,7815.409999999999,49.94,19.9,96,0.8,53,False,,Thursday,4,184
2025-07-03 05:00:00,8598.214999999998,50.05,19.7,96,0.3,51,False,,Thursday,5,184
2025-07-03 06:00:00,9584.4625,50.055,20.2,97,0.6,53,False,,Thursday,6,184
2025-07-03 07:00:00,11534.394999999999,50.0,20.8,93,0.2,51,False,,Thursday,7,184
2025-07-03 08:00:00,12366.725,49.985,21.7,86,0.2,51,False,,Thursday,8,184
2025-07-03 09:00:00,12287.317500000001,50.019999999999996,22.9,78,0.1,51,False,,Thursday,9,184
2025-07-03 10:00:00,13035.11,49.995000000000005,23.8,74,0.1,51,False,,Thursday,10,184
2025-07-03 11:00:00,12516.115,50.05,24.2,71,0.0,3,False,,Thursday,11,184
2025-07-03 12:00:00,12178.872500000001,50.07,25.2,67,0.0,3,False,,Thursday,12,184
2025-07-03 13:00:00,11641.47,49.78,24.9,70,0.2,51,False,,Thursday,13,184
2025-07-03 14:00:00,11024.652499999998,49.835,24.2,75,0.4,51,False,,Thursday,14,184
2025-07-03 15:00:00,11115.985,49.96,23.3,83,0.5,53,False,,Thursday,15,184
2025-07-03 16:00:00,10892.9025,50.01,22.6,88,0.2,51,False,,Thursday,16,184
2025-07-03 17:00:00,10200.2425,50.055,23.2,87,0.1,51,False,,Thursday,17,184
2025-07-03 18:00:00,9693.2175,50.010000000000005,23.5,76,0.0,3,False,,Thursday,18,184
2025-07-03 19:00:00,9700.8675,50.05,22.8,76,0.0,3,False,,Thursday,19,184
2025-07-03 20:00:00,9631.71,49.915,22.2,79,0.0,3,False,,Thursday,20,184
2025-07-03 21:00:00,9162.49,49.959999999999994,21.5,82,0.0,3,False,,Thursday,21,184
2025-07-03 22:00:00,8867.994999999999,50.035,21.1,85,0.0,3,False,,Thursday,22,184
2025-07-03 23:00:00,8560.032500000001,50.015,20.8,87,0.0,3,False,,Thursday,23,184
2025-07-04 00:00:00,8343.8325,50.040000000000006,20.5,87,0.0,3,False,,Friday,0,185
2025-07-04 01:00:00,8169.6675,50.0,20.4,89,0.0,3,False,,Friday,1,185
2025-07-04 02:00:00,7894.547500000001,50.025000000000006,20.1,90,0.0,3,False,,Friday,2,185
2025-07-04 03:00:00,7686.94,49.955,20.1,90,0.0,3,False,,Friday,3,185
2025-07-04 04:00:00,7888.6275,50.065,20.0,90,0.0,3,False,,Friday,4,185
2025-07-04 05:00:00,8768.539999999999,50.04,20.0,90,0.0,3,False,,Friday,5,185
2025-07-04 06:00:00,10090.122500000001,49.99,20.7,89,0.0,3,False,,Friday,6,185
2025-07-04 07:00:00,12107.1025,49.995000000000005,21.8,85,0.0,3,False,,Friday,7,185
2025-07-04 08:00:00,12732.3425,50.045,23.5,74,0.1,51,False,,Friday,8,185
2025-07-04 09:00:00,12950.4725,49.94,24.5,69,0.1,51,False,,Friday,9,185
2025-07-04 10:00:00,13199.392500000002,49.965,25.4,65,0.0,3,False,,Friday,10,185
2025-07-04 11:00:00,12961.0225,50.08,26.9,58,0.0,3,False,,Friday,11,185
2025-07-04 12:00:00,12013.965,50.13,27.9,57,0.4,51,False,,Friday,12,185
2025-07-04 13:00:00,11898.5375,50.09,27.9,55,0.3,51,False,,Friday,13,185
2025-07-04 14:00:00,11107.215,49.995000000000005,28.0,58,0.4,51,False,,Friday,14,185
2025-07-04 15:00:00,10949.5375,49.995000000000005,27.3,57,0.2,51,False,,Friday,15,185
2025-07-04 16:00:00,10859.7225,50.03,26.5,61,0.1,51,False,,Friday,16,185
2025-07-04 17:00:00,9988.72,49.95,26.1,64,0.0,3,False,,Friday,17,185
2025-07-04 18:00:00,9823.67,50.075,24.7,70,0.0,2,False,,Friday,18,185
2025-07-04 19:00:00,9210.68,50.09,23.5,77,0.0,3,False,,Friday,19,185
2025-07-04 20:00:00,9495.970000000001,50.065,22.9,80,0.0,3,False,,Friday,20,185
2025-07-04 21:00:00,9042.289999999999,50.025,22.0,85,0.0,3,False,,Friday,21,185
2025-07-04 22:00:00,8726.550000000001,49.989999999999995,21.5,89,0.0,3,False,,Friday,22,185
2025-07-04 23:00:00,8620.419999999998,50.015,21.2,88,0.0,3,False,,Friday,23,185
2025-07-05 00:00:00,8061.11,50.05500000000001,20.8,89,0.0,3,False,,Saturday,0,186
2025-07-05 01:00:00,8595.689999999999,50.04,20.5,90,0.0,3,False,,Saturday,1,186
2025-07-05 02:00:00,8314.09,50.04,20.5,89,0.0,3,False,,Saturday,2,186
2025-07-05 03:00:00,8065.95,50.004999999999995,20.6,88,0.0,3,False,,Saturday,3,186
2025-07-05 04:00:00,8114.400000000001,49.980000000000004,20.5,90,0.0,3,False,,Saturday,4,186
2025-07-05 05:00:00,8988.3,49.94,20.4,91,0.0,3,False,,Saturday,5,186
2025-07-05 06:00:00,9993.89,50.015,20.9,91,0.0,3,False,,Saturday,6,186
2025-07-05 07:00:00,10774.099999999999,49.975,22.0,86,0.0,3,False,,Saturday,7,186
2025-07-05 08:00:00,11925.380000000001,50.09,23.7,75,0.1,51,False,,Saturday,8,186
2025-07-05 09:00:00,12375.96,50.08,24.9,69,0.1,51,False,,Saturday,9,186
2025-07-05 10:00:00,13065.029999999999,50.03,25.9,63,0.0,3,False,,Saturday,10,186
2025-07-05 11:00:00,12751.37,49.985,26.5,60,0.2,51,False,,Saturday,11,186
2025-07-05 12:00:00,11933.609999999999,50.015,27.6,57,0.2,51,False,,Saturday,12,186
2025-07-05 13:00:00,11621.060000000001,50.06,27.9,54,0.3,51,False,,Saturday,13,186
2025-07-05 14:00:00,11238.189999999999,50.095,28.3,52,0.2,51,False,,Saturday,14,186
2025-07-05 15:00:00,11001.689999999999,49.97,27.0,59,0.3,51,False,,Saturday,15,186
2025-07-05 16:00:00,10617.66,50.095,26.6,58,0.1,51,False,,Saturday,16,186
2025-07-05 17:00:00,10112.6,49.955,24.7,70,0.2,51,False,,Saturday,17,186
2025-07-05 18:00:00,9540.36,50.025,22.5,84,0.6,53,False,,Saturday,18,186
2025-07-05 19:00:00,9521.59,50.065,22.1,88,0.1,51,False,,Saturday,19,186
2025-07-05 20:00:00,9300.779999999999,50.095,21.5,89,0.1,51,False,,Saturday,20,186
2025-07-05 21:00:00,8781.33,50.040000000000006,20.5,94,0.3,51,False,,Saturday,21,186
2025-07-05 22:00:00,8818.57,50.035,20.8,95,0.0,3,False,,Saturday,22,186
2025-07-05 23:00:00,8429.26,50.05,20.7,95,0.0,3,False,,Saturday,23,186
2025-07-06 00:00:00,7615.91,50.05,20.5,94,0.0,3,True,Ashura,Sunday,0,187
2025-07-06 01:00:00,7966.0,50.0,20.4,92,0.0,3,True,Ashura,Sunday,1,187
2025-07-06 02:00:00,7741.51,50.004999999999995,20.3,91,0.0,3,True,Ashura,Sunday,2,187
2025-07-06 03:00:00,7659.369999999999,50.05500000000001,20.1,92,0.0,3,True,Ashura,Sunday,3,187
2025-07-06 04:00:00,7861.169999999999,50.04,20.1,91,0.0,3,True,Ashura,Sunday,4,187
2025-07-06 05:00:00,8350.91,50.045,20.3,91,0.0,3,True,Ashura,Sunday,5,187
2025-07-06 06:00:00,9120.22,50.0,20.9,88,0.0,3,True,Ashura,Sunday,6,187
2025-07-06 07:00:00,10283.09,50.004999999999995,21.8,86,0.0,3,True,Ashura,Sunday,7,187
2025-07-06 08:00:00,11028.41,50.035,23.4,75,0.1,51,True,Ashura,Sunday,8,187
2025-07-06 09:00:00,11649.89,49.974999999999994,24.5,70,0.0,3,True,Ashura,Sunday,9,187
2025-07-06 10:00:00,12644.220000000001,50.06,25.8,63,0.1,51,True,Ashura,Sunday,10,187
2025-07-06 11:00:00,12039.869999999999,50.155,26.6,58,0.1,51,True,Ashura,Sunday,11,187
2025-07-06 12:00:00,11383.880000000001,50.015,27.3,56,0.4,51,True,Ashura,Sunday,12,187
2025-07-06 13:00:00,10671.49,50.06,27.1,60,0.4,51,True,Ashura,Sunday,13,187
2025-07-06 14:00:00,10032.71,50.03,25.5,63,0.4,51,True,Ashura,Sunday,14,187
2025-07-06 15:00:00,9511.769999999999,50.06,25.8,69,0.1,51,True,Ashura,Sunday,15,187
2025-07-06 16:00:00,8944.42,50.01,25.4,66,0.3,51,True,Ashura,Sunday,16,187
2025-07-06 17:00:00,8301.89,49.955,25.1,69,0.0,3,True,Ashura,Sunday,17,187
2025-07-06 18:00:00,8110.3099999999995,50.03,23.9,73,0.0,3,True,Ashura,Sunday,18,187
2025-07-06 19:00:00,7875.45,50.07,23.1,78,0.0,3,True,Ashura,Sunday,19,187
2025-07-06 20:00:00,8130.16,49.995000000000005,22.1,83,0.1,51,True,Ashura,Sunday,20,187
2025-07-06 21:00:00,7875.509999999999,49.955,21.8,87,0.0,3,True,Ashura,Sunday,21,187
2025-07-06 22:00:00,7691.28,50.045,21.6,84,0.0,3,True,Ashura,Sunday,22,187
2025-07-06 23:00:00,7655.49,50.04,21.3,87,0.0,3,True,Ashura,Sunday,23,187
2025-07-07 00:00:00,7254.540000000001,50.04,21.0,89,0.0,3,False,,Monday,0,188
2025-07-07 01:00:00,7466.0700000000015,50.025,20.6,89,0.0,3,False,,Monday,1,188
2025-07-07 02:00:00,7401.42,49.945,20.5,90,0.0,3,False,,Monday,2,188
2025-07-07 03:00:00,7064.94,49.985,20.5,89,0.0,3,False,,Monday,3,188
2025-07-07 04:00:00,7512.09,50.01,20.4,89,0.0,3,False,,Monday,4,188
2025-07-07 05:00:00,8062.57,50.055,20.3,90,0.0,3,False,,Monday,5,188
2025-07-07 06:00:00,9617.29,49.995000000000005,21.0,87,0.0,3,False,,Monday,6,188
2025-07-07 07:00:00,11620.91,49.955,21.8,83,0.0,3,False,,Monday,7,188
2025-07-07 08:00:00,12523.32,50.025,23.1,76,0.1,51,False,,Monday,8,188
2025-07-07 09:00:00,13012.77,50.07,24.4,68,0.1,51,False,,Monday,9,188
2025-07-07 10:00:00,13580.18,50.0,25.7,62,0.1,51,False,,Monday,10,188
2025-07-07 11:00:00,13087.749999999998,50.06,26.6,58,0.0,3,False,,Monday,11,188
2025-07-07 12:00:00,12663.109999999999,50.015,27.4,56,0.0,3,False,,Monday,12,188
2025-07-07 13:00:00,11450.48,50.045,28.0,53,0.1,51,False,,Monday,13,188
2025-07-07 14:00:00,11212.32,49.965,28.0,53,0.3,51,False,,Monday,14,188
2025-07-07 15:00:00,11116.02,50.015,28.0,51,0.1,51,False,,Monday,15,188
2025-07-07 16:00:00,11058.68,49.905,27.1,56,0.0,3,False,,Monday,16,188
2025-07-07 17:00:00,10500.409999999998,50.06,26.5,59,0.0,3,False,,Monday,17,188
2025-07-07 18:00:00,10138.850000000002,50.08,25.4,64,0.0,3,False,,Monday,18,188
2025-07-07 19:00:00,9483.29,49.965,24.0,69,0.0,3,False,,Monday,19,188
2025-07-07 20:00:00,9798.849999999999,49.66,23.0,74,0.0,3,False,,Monday,20,188
2025-07-07 21:00:00,9338.66,49.84,22.0,81,0.0,3,False,,Monday,21,188
2025-07-07 22:00:00,9106.39,49.995000000000005,21.4,86,0.0,3,False,,Monday,22,188
2025-07-07 23:00:00,8912.630000000001,50.0,21.0,89,0.0,3,False,,Monday,23,188
2025-07-08 00:00:00,8360.42,50.019999999999996,20.7,91,0.0,3,False,,Tuesday,0,189
2025-07-08 01:00:00,8661.519999999999,49.97,20.5,91,0.0,3,False,,Tuesday,1,189
2025-07-08 02:00:00,8140.59,49.985,20.4,92,0.0,3,False,,Tuesday,2,189
2025-07-08 03:00:00,8163.53,49.99,20.0,93,0.0,3,False,,Tuesday,3,189
2025-07-08 04:00:00,8624.58,50.045,19.9,93,0.0,3,False,,Tuesday,4,189
2025-07-08 05:00:00,9212.710000000001,50.025,20.3,91,0.0,3,False,,Tuesday,5,189
2025-07-08 06:00:00,10321.28,49.980000000000004,21.2,89,0.0,3,False,,Tuesday,6,189
2025-07-08 07:00:00,12694.48,49.985,22.4,84,0.0,3,False,,Tuesday,7,189
2025-07-08 08:00:00,12938.95,50.01,23.9,74,0.0,3,False,,Tuesday,8,189
2025-07-08 09:00:00,13633.49,50.019999999999996,25.5,63,0.0,2,False,,Tuesday,9,189
2025-07-08 10:00:00,14200.36,50.004999999999995,26.8,56,0.0,3,False,,Tuesday,10,189
2025-07-08 11:00:00,13635.39,50.015,28.1,51,0.0,3,False,,Tuesday,11,189
2025-07-08 12:00:00,13270.71,49.985,29.2,49,0.0,3,False,,Tuesday,12,189
2025-07-08 13:00:00,12879.4,50.099999999999994,30.0,47,0.0,3,False,,Tuesday,13,189
2025-07-08 14:00:00,12030.72,50.085,30.1,46,0.0,3,False,,Tuesday,14,189
2025-07-08 15:00:00,11821.68,49.974999999999994,29.5,47,0.0,3,False,,Tuesday,15,189
2025-07-08 16:00:00,11633.529999999999,49.965,28.0,51,0.1,51,False,,Tuesday,16,189
2025-07-08 17:00:00,10667.02,50.07,26.1,61,0.2,51,False,,Tuesday,17,189
2025-07-08 18:00:00,10376.24,50.045,26.1,59,0.0,1,False,,Tuesday,18,189
2025-07-08 19:00:00,9930.26,49.96,24.1,71,0.1,51,False,,Tuesday,19,189
2025-07-08 20:00:00,10025.170000000002,49.9,23.5,75,0.0,0,False,,Tuesday,20,189
2025-07-08 21:00:00,9554.04,49.93,22.7,78,0.0,1,False,,Tuesday,21,189
2025-07-08 22:00:00,8846.800000000001,49.86,21.9,84,0.0,3,False,,Tuesday,22,189
2025-07-08 23:00:00,8561.54,49.974999999999994,21.6,86,0.0,3,False,,Tuesday,23,189
2025-07-09 00:00:00,8424.32,50.004999999999995,21.4,88,0.0,2,False,,Wednesday,0,190
2025-07-09 01:00:00,8822.24,50.025,20.9,89,0.0,2,False,,Wednesday,1,190
2025-07-09 02:00:00,8523.94,50.005,20.5,89,0.0,2,False,,Wednesday,2,190
2025-07-09 03:00:00,8476.06,49.91,20.0,91,0.0,3,False,,Wednesday,3,190
2025-07-09 04:00:00,8807.810000000001,50.019999999999996,19.8,92,0.0,3,False,,Wednesday,4,190
2025-07-09 05:00:00,9548.84,50.06,19.6,92,0.0,3,False,,Wednesday,5,190
2025-07-09 06:00:00,10355.95,49.945,21.0,89,0.0,3,False,,Wednesday,6,190
2025-07-09 07:00:00,12178.580000000002,50.015,22.0,84,0.0,3,False,,Wednesday,7,190
2025-07-09 08:00:00,13183.25,50.075,23.1,75,0.0,3,False,,Wednesday,8,190
2025-07-09 09:00:00,13220.359999999999,49.985,25.2,64,0.0,3,False,,Wednesday,9,190
2025-07-09 10:00:00,13829.47,49.870000000000005,26.1,60,0.0,3,False,,Wednesday,10,190
2025-07-09 11:00:00,14001.93,50.019999999999996,27.1,56,0.0,3,False,,Wednesday,11,190
2025-07-09 12:00:00,13539.03,50.06,28.4,52,0.1,51,False,,Wednesday,12,190
2025-07-09 13:00:00,13176.14,50.055,29.0,49,0.0,3,False,,Wednesday,13,190
2025-07-09 14:00:00,12592.600000000002,50.05,28.8,50,0.0,3,False,,Wednesday,14,190
2025-07-09 15:00:00,12744.86,50.04,27.7,55,0.9,53,False,,Wednesday,15,190
2025-07-09 16:00:00,12278.380000000001,50.07,26.6,61,0.3,51,False,,Wednesday,16,190
2025-07-09 17:00:00,11209.36,50.075,25.6,65,0.0,3,False,,Wednesday,17,190
2025-07-09 18:00:00,10739.02,50.115,24.7,69,0.2,51,False,,Wednesday,18,190
2025-07-09 19:00:00,10001.43,50.16,24.2,75,0.0,1,False,,Wednesday,19,190
2025-07-09 20:00:00,10034.82,50.085,23.4,79,0.0,3,False,,Wednesday,20,190
2025-07-09 21:00:00,9637.130000000001,49.965,22.5,83,0.0,1,False,,Wednesday,21,190
2025-07-09 22:00:00,9461.07,49.980000000000004,22.0,85,0.0,2,False,,Wednesday,22,190
2025-07-09 23:00:00,9181.990000000002,50.05,21.5,87,0.0,3,False,,Wednesday,23,190
2025-07-10 00:00:00,8888.550000000001,50.055,21.1,89,0.0,3,False,,Thursday,0,191
2025-07-10 01:00:00,9074.210000000001,49.995000000000005,20.7,91,0.0,3,False,,Thursday,1,191
2025-07-10 02:00:00,8710.52,49.925,20.4,91,0.0,2,False,,Thursday,2,191
2025-07-10 03:00:00,8533.34,50.015,20.1,91,0.0,2,False,,Thursday,3,191
2025-07-10 04:00:00,8799.720000000001,50.05,20.0,91,0.0,3,False,,Thursday,4,191
2025-07-10 05:00:00,9695.63,50.06,20.0,91,0.0,3,False,,Thursday,5,191
2025-07-10 06:00:00,10803.43,50.065,21.5,88,0.0,3,False,,Thursday,6,191
2025-07-10 07:00:00,12482.84,49.945,21.8,87,0.1,51,False,,Thursday,7,191
2025-07-10 08:00:00,13388.509999999998,49.99,23.1,78,0.0,3,False,,Thursday,8,191
2025-07-10 09:00:00,14018.36,50.03,24.6,69,0.1,51,False,,Thursday,9,191
2025-07-10 10:00:00,14687.23,50.004999999999995,26.0,63,0.1,51,False,,Thursday,10,191
2025-07-10 11:00:00,14336.439999999999,49.985,26.9,59,0.1,51,False,,Thursday,11,191
2025-07-10 12:00:00,13641.59,50.06,28.5,53,0.0,3,False,,Thursday,12,191
2025-07-10 13:00:00,13795.800000000001,50.17,29.4,50,0.2,51,False,,Thursday,13,191
2025-07-10 14:00:00,13395.11,50.095,29.5,50,0.2,51,False,,Thursday,14,191
2025-07-10 15:00:00,12419.65,50.035,26.5,64,1.2,55,False,,Thursday,15,191
2025-07-10 16:00:00,12510.15,49.935,26.5,62,0.2,51,False,,Thursday,16,191
2025-07-10 17:00:00,11218.349999999999,50.019999999999996,25.8,67,1.7,61,False,,Thursday,17,191
2025-07-10 18:00:00,10813.960000000001,49.980000000000004,22.5,90,1.3,61,False,,Thursday,18,191
2025-07-10 19:00:00,10248.580000000002,50.04,22.1,94,0.1,51,False,,Thursday,19,191
2025-07-10 20:00:00,10220.650000000001,49.955,21.9,96,0.0,1,False,,Thursday,20,191
2025-07-10 21:00:00,9833.05,50.035,21.7,96,0.0,0,False,,Thursday,21,191
2025-07-10 22:00:00,9622.46,50.005,21.3,96,0.0,0,False,,Thursday,22,191
2025-07-10 23:00:00,9596.29,50.004999999999995,21.0,97,0.0,0,False,,Thursday,23,191
2025-07-11 00:00:00,9074.19,50.03,20.8,97,0.0,1,False,,Friday,0,192
2025-07-11 01:00:00,9362.21,49.980000000000004,20.5,97,0.0,3,False,,Friday,1,192
2025-07-11 02:00:00,9028.08,50.025000000000006,20.2,97,0.0,3,False,,Friday,2,192
2025-07-11 03:00:00,9006.21,50.05,20.0,97,0.0,3,False,,Friday,3,192
2025-07-11 04:00:00,9187.02,50.010000000000005,19.9,97,0.0,3,False,,Friday,4,192
2025-07-11 05:00:00,9923.16,50.045,20.0,96,0.0,3,False,,Friday,5,192
2025-07-11 06:00:00,11003.380000000001,49.95,20.5,96,0.0,3,False,,Friday,6,192
2025-07-11 07:00:00,12773.96,49.99,21.4,91,0.1,51,False,,Friday,7,192
2025-07-11 08:00:00,13553.59,50.045,23.2,80,0.0,2,False,,Friday,8,192
2025-07-11 09:00:00,14042.93,50.1,24.6,73,0.0,1,False,,Friday,9,192
2025-07-11 10:00:00,14745.35,50.05,26.1,65,0.1,51,False,,Friday,10,192
2025-07-11 11:00:00,15014.035,50.015,26.8,63,0.2,51,False,,Friday,11,192
2025-07-11 12:00:00,14389.835,49.900000000000006,27.7,62,0.1,51,False,,Friday,12,192
2025-07-11 13:00:00,14130.920000000002,49.955,28.6,58,0.0,3,False,,Friday,13,192
2025-07-11 14:00:00,13598.335,49.980000000000004,27.0,59,1.3,61,False,,Friday,14,192
2025-07-11 15:00:00,13048.135,49.980000000000004,25.5,69,0.3,51,False,,Friday,15,192
2025-07-11 16:00:00,12268.845000000001,50.08,24.3,79,1.9,61,False,,Friday,16,192
2025-07-11 17:00:00,11193.4275,50.07,23.3,83,0.8,53,False,,Friday,17,192
2025-07-11 18:00:00,10527.275,50.06,23.0,87,0.1,51,False,,Friday,18,192
2025-07-11 19:00:00,9949.755,50.010000000000005,22.2,90,0.1,51,False,,Friday,19,192
2025-07-11 20:00:00,10164.1325,50.025,21.8,91,0.0,1,False,,Friday,20,192
2025-07-11 21:00:00,9702.7925,50.019999999999996,21.5,91,0.0,1,False,,Friday,21,192
2025-07-11 22:00:00,9454.52,50.040000000000006,21.2,93,0.0,1,False,,Friday,22,192
2025-07-11 23:00:00,9377.2075,49.97,21.0,93,0.0,1,False,,Friday,23,192
2025-07-12 00:00:00,8922.075,50.055,20.6,93,0.0,2,False,,Saturday,0,193
2025-07-12 01:00:00,8945.7375,50.025000000000006,20.4,94,0.0,2,False,,Saturday,1,193
2025-07-12 02:00:00,8839.2125,50.015,20.1,95,0.0,2,False,,Saturday,2,193
2025-07-12 03:00:00,8775.134999999998,49.92,20.0,95,0.0,3,False,,Saturday,3,193
2025-07-12 04:00:00,9104.115,49.935,20.2,94,0.0,3,False,,Saturday,4,193
2025-07-12 05:00:00,10037.255,50.025000000000006,20.0,95,0.0,3,False,,Saturday,5,193
2025-07-12 06:00:00,11001.044999999998,50.06,20.5,95,0.0,3,False,,Saturday,6,193
2025-07-12 07:00:00,12709.065000000002,50.035,21.4,90,0.1,51,False,,Saturday,7,193
2025-07-12 08:00:00,12919.982500000002,50.045,22.9,81,0.1,51,False,,Saturday,8,193
2025-07-12 09:00:00,13680.375,49.92,24.0,76,0.1,51,False,,Saturday,9,193
2025-07-12 10:00:00,14230.07,50.085,24.9,71,0.1,51,False,,Saturday,10,193
2025-07-12 11:00:00,13813.6125,49.96,25.9,66,0.1,51,False,,Saturday,11,193
2025-07-12 12:00:00,13419.740000000002,49.915,26.6,65,0.1,51,False,,Saturday,12,193
2025-07-12 13:00:00,12833.439999999999,50.035,27.8,59,0.1,51,False,,Saturday,13,193
2025-07-12 14:00:00,12465.839999999998,50.035,26.2,60,0.1,51,False,,Saturday,14,193
2025-07-12 15:00:00,12092.625,50.015,27.2,56,0.0,3,False,,Saturday,15,193
2025-07-12 16:00:00,11914.294999999998,50.125,26.1,64,0.0,3,False,,Saturday,16,193
2025-07-12 17:00:00,10565.8,50.040000000000006,25.8,64,0.0,3,False,,Saturday,17,193
2025-07-12 18:00:00,10071.814999999999,49.97,24.8,71,0.0,2,False,,Saturday,18,193
2025-07-12 19:00:00,9739.375,49.925,23.6,76,0.0,3,False,,Saturday,19,193
2025-07-12 20:00:00,10022.15,49.91,23.1,77,0.0,2,False,,Saturday,20,193
2025-07-12 21:00:00,9710.21,50.05,22.5,79,0.0,3,False,,Saturday,21,193
2025-07-12 22:00:00,9349.164999999999,50.05,22.1,82,0.0,3,False,,Saturday,22,193
2025-07-12 23:00:00,9236.752499999999,50.045,21.6,85,0.0,2,False,,Saturday,23,193
2025-07-13 00:00:00,8900.9825,50.015,21.4,88,0.0,3,True,Sunday,Sunday,0,194
2025-07-13 01:00:00,8842.87,49.965,21.1,90,0.0,3,True,Sunday,Sunday,1,194
2025-07-13 02:00:00,8554.7325,49.955,20.6,91,0.0,3,True,Sunday,Sunday,2,194
2025-07-13 03:00:00,8508.1975,50.035,20.1,94,0.0,3,True,Sunday,Sunday,3,194
2025-07-13 04:00:00,8702.9125,50.045,19.9,95,0.0,3,True,Sunday,Sunday,4,194
2025-07-13 05:00:00,9696.5375,50.065,19.6,97,0.0,3,True,Sunday,Sunday,5,194
2025-07-13 06:00:00,10282.369999999999,50.035,20.8,93,0.0,3,True,Sunday,Sunday,6,194
2025-07-13 07:00:00,11303.689999999999,50.03,22.0,87,0.0,3,True,Sunday,Sunday,7,194
2025-07-13 08:00:00,11691.685000000001,50.07,23.4,80,0.0,3,True,Sunday,Sunday,8,194
2025-07-13 09:00:00,12889.73,50.08,25.0,72,0.1,51,True,Sunday,Sunday,9,194
2025-07-13 10:00:00,13622.877499999999,50.07,26.1,67,0.0,3,True,Sunday,Sunday,10,194
2025-07-13 11:00:00,13221.99,50.099999999999994,27.1,64,0.0,3,True,Sunday,Sunday,11,194
2025-07-13 12:00:00,13017.414999999999,49.894999999999996,28.2,59,0.1,51,True,Sunday,Sunday,12,194
2025-07-13 13:00:00,12503.97,49.97,27.1,62,0.8,53,True,Sunday,Sunday,13,194
2025-07-13 14:00:00,12165.47,50.075,25.2,71,0.7,53,True,Sunday,Sunday,14,194
2025-07-13 15:00:00,11134.19,49.95,24.6,75,1.8,61,True,Sunday,Sunday,15,194
2025-07-13 16:00:00,10632.655,49.935,24.9,74,1.1,55,True,Sunday,Sunday,16,194
2025-07-13 17:00:00,9432.395,50.03,23.3,85,1.8,61,True,Sunday,Sunday,17,194
2025-07-13 18:00:00,9068.475,50.065,23.8,83,0.0,3,True,Sunday,Sunday,18,194
2025-07-13 19:00:00,8456.7025,50.085,22.7,84,1.0,55,True,Sunday,Sunday,19,194
2025-07-13 20:00:00,8674.8025,50.08,21.8,88,0.2,51,True,Sunday,Sunday,20,194
2025-07-13 21:00:00,8432.9725,50.010000000000005,21.5,90,0.0,3,True,Sunday,Sunday,21,194
2025-07-13 22:00:00,8263.6175,49.995,21.2,92,0.0,3,True,Sunday,Sunday,22,194
2025-07-13 23:00:00,8363.15,50.0,21.0,92,0.0,3,True,Sunday,Sunday,23,194
2025-07-14 00:00:00,7970.235,50.025,20.5,93,0.0,3,False,,Monday,0,195
2025-07-14 01:00:00,8342.645,50.065,20.3,94,0.0,3,False,,Monday,1,195
2025-07-14 02:00:00,7796.205,50.03,20.1,95,0.0,3,False,,Monday,2,195
2025-07-14 03:00:00,7711.897499999999,50.004999999999995,19.8,95,0.0,3,False,,Monday,3,195
2025-07-14 04:00:00,8238.377499999999,50.04,19.6,95,0.0,3,False,,Monday,4,195
2025-07-14 05:00:00,9066.425,49.995000000000005,19.8,95,0.0,3,False,,Monday,5,195
2025-07-14 06:00:00,10291.0425,50.035,20.4,94,0.0,3,False,,Monday,6,195
2025-07-14 07:00:00,12367.127499999999,50.055,21.1,91,0.1,51,False,,Monday,7,195
2025-07-14 08:00:00,13139.74,50.0,23.0,79,0.0,3,False,,Monday,8,195
2025-07-14 09:00:00,13405.192500000001,50.05,24.4,71,0.0,3,False,,Monday,9,195
2025-07-14 10:00:00,14304.162499999999,50.02,25.2,69,1.6,61,False,,Monday,10,195
2025-07-14 11:00:00,14085.825,50.0,26.0,64,0.9,53,False,,Monday,11,195
2025-07-14 12:00:00,13415.36,50.035,25.0,71,0.2,51,False,,Monday,12,195
2025-07-14 13:00:00,13201.895,50.125,25.1,74,2.3,61,False,,Monday,13,195
2025-07-14 14:00:00,12731.1425,50.02,26.5,66,0.1,51,False,,Monday,14,195
2025-07-14 15:00:00,12607.5375,50.05,25.6,71,1.7,61,False,,Monday,15,195
2025-07-14 16:00:00,12084.76,50.075,23.8,77,1.8,61,False,,Monday,16,195
2025-07-14 17:00:00,11183.279999999999,50.045,24.0,76,0.1,51,False,,Monday,17,195
2025-07-14 18:00:00,10498.8575,50.04,23.8,77,0.0,3,False,,Monday,18,195
2025-07-14 19:00:00,10156.234999999999,50.06,23.0,79,0.0,3,False,,Monday,19,195
2025-07-14 20:00:00,9941.154999999999,50.06,22.2,82,0.0,3,False,,Monday,20,195
2025-07-14 21:00:00,9507.71,50.010000000000005,21.5,85,0.0,3,False,,Monday,21,195
2025-07-14 22:00:00,9165.86,50.035,21.1,87,0.0,3,False,,Monday,22,195
2025-07-14 23:00:00,9076.14,50.045,20.8,89,0.0,3,False,,Monday,23,195
2025-07-15 00:00:00,8670.7925,50.04,20.6,89,0.0,3,False,,Tuesday,0,196
2025-07-15 01:00:00,8576.172499999999,49.95,20.5,89,0.0,3,False,,Tuesday,1,196
2025-07-15 02:00:00,8253.185,49.91,20.4,89,0.0,3,False,,Tuesday,2,196
2025-07-15 03:00:00,8159.4625,50.04,20.3,90,0.0,3,False,,Tuesday,3,196
2025-07-15 04:00:00,8689.37,50.04,20.3,91,0.0,3,False,,Tuesday,4,196
2025-07-15 05:00:00,9616.3675,50.04,20.2,92,0.0,3,False,,Tuesday,5,196
2025-07-15 06:00:00,10512.7775,50.010000000000005,20.7,90,0.0,3,False,,Tuesday,6,196
2025-07-15 07:00:00,12557.895,50.0,21.3,88,0.0,3,False,,Tuesday,7,196
2025-07-15 08:00:00,13074.877499999999,49.98,22.4,80,0.0,3,False,,Tuesday,8,196
2025-07-15 09:00:00,13669.664999999999,49.93,23.9,72,0.0,3,False,,Tuesday,9,196
2025-07-15 10:00:00,14059.3125,50.015,24.8,70,0.0,3,False,,Tuesday,10,196
2025-07-15 11:00:00,13892.5875,50.045,26.3,64,0.1,51,False,,Tuesday,11,196
2025-07-15 12:00:00,13266.855,49.945,26.2,64,0.6,53,False,,Tuesday,12,196
2025-07-15 13:00:00,12982.9125,49.985,25.2,73,1.4,61,False,,Tuesday,13,196
2025-07-15 14:00:00,12772.325,49.985,27.0,62,0.0,3,False,,Tuesday,14,196
2025-07-15 15:00:00,12776.322500000002,49.965,26.5,64,0.5,53,False,,Tuesday,15,196
2025-07-15 16:00:00,12593.335,50.09,25.6,66,0.0,3,False,,Tuesday,16,196
2025-07-15 17:00:00,11091.024999999998,49.97,25.0,68,0.1,51,False,,Tuesday,17,196
2025-07-15 18:00:00,10478.91,49.845,23.0,80,0.1,51,False,,Tuesday,18,196
2025-07-15 19:00:00,10391.255000000001,50.06,22.5,82,0.0,3,False,,Tuesday,19,196
2025-07-15 20:00:00,10280.974999999999,49.995000000000005,22.4,83,0.0,3,False,,Tuesday,20,196
2025-07-15 21:00:00,9813.455,50.055,21.8,85,0.0,3,False,,Tuesday,21,196
2025-07-15 22:00:00,9425.16,49.99,21.2,86,0.0,2,False,,Tuesday,22,196
2025-07-15 23:00:00,9362.9575,49.945,20.7,89,0.0,3,False,,Tuesday,23,196
2025-07-16 00:00:00,8725.7625,50.045,20.3,91,0.0,3,False,,Wednesday,0,197
2025-07-16 01:00:00,8967.012499999999,50.045,19.9,94,0.0,3,False,,Wednesday,1,197
2025-07-16 02:00:00,8707.539999999999,50.065,19.8,95,0.0,1,False,,Wednesday,2,197
2025-07-16 03:00:00,8815.4675,50.05,19.6,96,0.0,3,False,,Wednesday,3,197
2025-07-16 04:00:00,9040.922499999999,50.005,20.0,95,0.0,3,False,,Wednesday,4,197
2025-07-16 05:00:00,10005.41,50.004999999999995,20.0,95,0.0,3,False,,Wednesday,5,197
2025-07-16 06:00:00,11121.375,50.035,20.9,93,0.0,3,False,,Wednesday,6,197
2025-07-16 07:00:00,12889.31,50.025,21.7,90,0.0,1,False,,Wednesday,7,197
2025-07-16 08:00:00,13557.662499999999,50.04,23.2,82,0.1,51,False,,Wednesday,8,197
2025-07-16 09:00:00,14188.5525,50.03,24.6,76,0.1,51,False,,Wednesday,9,197
2025-07-16 10:00:00,14088.175000000001,50.040000000000006,26.1,68,0.0,3,False,,Wednesday,10,197
2025-07-16 11:00:00,14600.147500000001,50.004999999999995,27.3,64,0.1,51,False,,Wednesday,11,197
2025-07-16 12:00:00,14001.752499999999,50.065,24.4,75,0.8,53,False,,Wednesday,12,197
2025-07-16 13:00:00,13536.09,50.09,26.8,69,0.2,51,False,,Wednesday,13,197
2025-07-16 14:00:00,12948.6275,50.01,28.0,61,0.1,51,False,,Wednesday,14,197
2025-07-16 15:00:00,12857.089999999998,49.965,23.5,80,5.9,63,False,,Wednesday,15,197
2025-07-16 16:00:00,12874.057500000003,49.95,24.0,81,0.1,51,False,,Wednesday,16,197
2025-07-16 17:00:00,11654.0775,49.915,23.4,84,0.2,51,False,,Wednesday,17,197
2025-07-16 18:00:00,11079.375,50.1,21.9,92,2.6,63,False,,Wednesday,18,197
2025-07-16 19:00:00,10136.1025,50.075,20.9,98,2.7,63,False,,Wednesday,19,197
2025-07-16 20:00:00,10047.279999999999,50.025000000000006,21.0,96,0.4,51,False,,Wednesday,20,197
2025-07-16 21:00:00,9506.585000000001,50.004999999999995,20.8,96,0.1,51,False,,Wednesday,21,197
2025-07-16 22:00:00,9008.0875,50.015,20.6,97,0.1,51,False,,Wednesday,22,197
2025-07-16 23:00:00,9019.335000000001,50.055,20.6,98,0.3,51,False,,Wednesday,23,197
2025-07-17 00:00:00,8186.639999999999,50.08,20.4,98,0.4,51,False,,Thursday,0,198
2025-07-17 01:00:00,8463.977499999999,50.055,20.2,98,0.2,51,False,,Thursday,1,198
2025-07-17 02:00:00,7962.405,49.89,20.3,97,0.1,51,False,,Thursday,2,198
2025-07-17 03:00:00,8087.9625,50.04,20.1,98,0.3,51,False,,Thursday,3,198
2025-07-17 04:00:00,8386.465,50.045,20.1,98,0.2,51,False,,Thursday,4,198
2025-07-17 05:00:00,9086.485,50.0,20.1,98,0.2,51,False,,Thursday,5,198
2025-07-17 06:00:00,9999.904999999999,50.004999999999995,20.0,97,0.1,51,False,,Thursday,6,198
2025-07-17 07:00:00,12049.632500000002,49.965,20.9,90,0.1,51,False,,Thursday,7,198
2025-07-17 08:00:00,12861.8475,50.05,22.1,84,0.0,3,False,,Thursday,8,198
2025-07-17 09:00:00,13269.792500000001,50.08,23.5,75,0.1,51,False,,Thursday,9,198
2025-07-17 10:00:00,13835.51,50.019999999999996,24.0,74,0.0,3,False,,Thursday,10,198
2025-07-17 11:00:00,13753.9525,49.96,25.8,68,0.2,51,False,,Thursday,11,198
2025-07-17 12:00:00,13496.3025,50.03,27.5,62,0.1,51,False,,Thursday,12,198
2025-07-17 13:00:00,13124.025,49.91,24.3,78,0.9,53,False,,Thursday,13,198
2025-07-17 14:00:00,12721.5975,49.925,25.2,75,0.2,51,False,,Thursday,14,198
2025-07-17 15:00:00,12651.305,49.945,23.0,81,3.8,63,False,,Thursday,15,198
2025-07-17 16:00:00,12126.2125,50.11,22.8,87,1.2,55,False,,Thursday,16,198
2025-07-17 17:00:00,11067.0875,50.025,22.5,86,2.1,61,False,,Thursday,17,198
2025-07-17 18:00:00,10518.485,50.025,23.2,82,0.1,51,False,,Thursday,18,198
2025-07-17 19:00:00,9988.215,50.065,22.1,86,0.2,51,False,,Thursday,19,198
2025-07-17 20:00:00,9797.0375,49.97,20.5,95,3.1,63,False,,Thursday,20,198
2025-07-17 21:00:00,9207.2225,50.01,20.8,93,0.1,51,False,,Thursday,21,198
2025-07-17 22:00:00,8876.955,50.005,20.7,94,0.1,51,False,,Thursday,22,198
2025-07-17 23:00:00,8763.564999999999,50.045,20.5,94,0.1,51,False,,Thursday,23,198
2025-07-18 00:00:00,7982.095,50.045,20.1,95,0.8,53,False,,Friday,0,199
2025-07-18 01:00:00,8049.01,50.015,19.9,96,0.9,53,False,,Friday,1,199
2025-07-18 02:00:00,7768.485,50.025,19.7,98,0.9,53,False,,Friday,2,199
2025-07-18 03:00:00,7935.6225,50.004999999999995,19.8,98,0.3,51,False,,Friday,3,199
2025-07-18 04:00:00,8128.2875,50.04,19.8,98,0.3,51,False,,Friday,4,199
2025-07-18 05:00:00,8776.395,50.045,19.9,98,0.2,51,False,,Friday,5,199
2025-07-18 06:00:00,9810.675,50.06,20.0,97,0.1,51,False,,Friday,6,199
2025-07-18 07:00:00,12031.3375,50.015,20.5,94,0.0,3,False,,Friday,7,199
2025-07-18 08:00:00,12452.717499999999,50.01,21.4,89,0.1,51,False,,Friday,8,199
2025-07-18 09:00:00,13492.14,50.045,23.0,79,0.1,51,False,,Friday,9,199
2025-07-18 10:00:00,14104.630000000001,50.04,24.4,73,0.2,51,False,,Friday,10,199
2025-07-18 11:00:00,13913.324999999999,50.099999999999994,25.6,67,0.2,51,False,,Friday,11,199
2025-07-18 12:00:00,13533.39,50.004999999999995,26.4,63,0.2,51,False,,Friday,12,199
2025-07-18 13:00:00,13114.377499999999,50.025,27.1,62,0.0,3,False,,Friday,13,199
2025-07-18 14:00:00,12653.447499999998,50.015,27.5,61,0.0,3,False,,Friday,14,199
2025-07-18 15:00:00,12239.7575,49.959999999999994,27.2,61,0.2,51,False,,Friday,15,199
2025-07-18 16:00:00,11826.415,49.96,26.6,63,0.0,3,False,,Friday,16,199
2025-07-18 17:00:00,10734.63,50.07,22.2,84,6.9,63,False,,Friday,17,199
2025-07-18 18:00:00,10403.4275,50.06,23.2,83,0.0,3,False,,Friday,18,199
2025-07-18 19:00:00,10093.225,50.08,22.2,86,0.0,3,False,,Friday,19,199
2025-07-18 20:00:00,9813.8225,50.035,21.6,90,0.0,3,False,,Friday,20,199
2025-07-18 21:00:00,9060.82,50.004999999999995,21.3,93,0.0,3,False,,Friday,21,199
2025-07-18 22:00:00,8501.2,50.019999999999996,21.1,94,0.0,3,False,,Friday,22,199
2025-07-18 23:00:00,8023.0825,50.035,20.9,95,0.0,3,False,,Friday,23,199
2025-07-19 00:00:00,7625.847499999999,50.07,20.6,94,0.1,51,False,,Saturday,0,200
2025-07-19 01:00:00,7944.5375,50.025000000000006,20.5,94,0.1,51,False,,Saturday,1,200
2025-07-19 02:00:00,7635.025,49.980000000000004,20.2,93,0.0,3,False,,Saturday,2,200
2025-07-19 03:00:00,7627.669999999999,49.974999999999994,20.1,93,0.0,3,False,,Saturday,3,200
2025-07-19 04:00:00,7940.865,50.025,20.0,93,0.0,3,False,,Saturday,4,200
2025-07-19 05:00:00,8431.385,50.010000000000005,19.9,94,0.1,51,False,,Saturday,5,200
2025-07-19 06:00:00,9218.565,50.045,19.8,93,0.0,3,False,,Saturday,6,200
2025-07-19 07:00:00,10653.997500000001,50.045,20.8,89,0.0,3,False,,Saturday,7,200
2025-07-19 08:00:00,11633.83,49.99,22.4,80,0.1,51,False,,Saturday,8,200
2025-07-19 09:00:00,12400.4425,49.97,23.2,76,0.2,51,False,,Saturday,9,200
2025-07-19 10:00:00,13002.377499999999,49.965,24.0,75,0.2,51,False,,Saturday,10,200
2025-07-19 11:00:00,12709.3625,50.025,24.8,72,0.3,51,False,,Saturday,11,200
2025-07-19 12:00:00,12418.1575,50.045,25.2,69,0.2,51,False,,Saturday,12,200
2025-07-19 13:00:00,12184.5975,50.03,26.1,67,0.1,51,False,,Saturday,13,200
2025-07-19 14:00:00,11439.560000000001,49.980000000000004,22.3,87,3.7,63,False,,Saturday,14,200
2025-07-19 15:00:00,11096.464999999998,50.019999999999996,23.1,87,2.6,63,False,,Saturday,15,200
2025-07-19 16:00:00,10867.922499999999,50.01,21.4,91,8.3,65,False,,Saturday,16,200
2025-07-19 17:00:00,10103.6425,50.035,21.5,91,0.5,53,False,,Saturday,17,200
2025-07-19 18:00:00,9724.74,50.07,21.1,94,2.8,63,False,,Saturday,18,200
2025-07-19 19:00:00,9319.8275,50.0,20.6,93,0.9,53,False,,Saturday,19,200
2025-07-19 20:00:00,9273.602499999999,50.035,20.7,94,0.7,53,False,,Saturday,20,200
2025-07-19 21:00:00,8638.0075,50.05,20.5,95,0.1,51,False,,Saturday,21,200
2025-07-19 22:00:00,8042.6675,50.0,20.5,94,0.1,51,False,,Saturday,22,200
2025-07-19 23:00:00,7797.612499999999,49.91,20.2,93,0.0,3,False,,Saturday,23,200
2025-07-20 00:00:00,7444.8975,49.955,20.0,94,0.2,51,True,Sunday,Sunday,0,201
2025-07-20 01:00:00,7500.579999999999,49.975,20.0,94,0.2,51,True,Sunday,Sunday,1,201
2025-07-20 02:00:00,7206.775,49.985,19.6,96,0.1,51,True,Sunday,Sunday,2,201
2025-07-20 03:00:00,7056.6050000000005,49.989999999999995,19.6,96,0.0,3,True,Sunday,Sunday,3,201
2025-07-20 04:00:00,7365.400000000001,50.045,19.5,96,0.0,3,True,Sunday,Sunday,4,201
2025-07-20 05:00:00,8146.7625,50.055,19.7,96,0.0,3,True,Sunday,Sunday,5,201
2025-07-20 06:00:00,8802.0625,50.07,19.9,95,0.0,3,True,Sunday,Sunday,6,201
2025-07-20 07:00:00,9732.619999999999,50.015,20.9,91,0.0,3,True,Sunday,Sunday,7,201
2025-07-20 08:00:00,10437.607499999998,49.95,22.2,82,0.1,51,True,Sunday,Sunday,8,201
2025-07-20 09:00:00,11050.630000000001,49.965,23.6,75,0.1,51,True,Sunday,Sunday,9,201
2025-07-20 10:00:00,11423.945,49.975,24.5,71,0.1,51,True,Sunday,Sunday,10,201
2025-07-20 11:00:00,11242.432499999999,50.035,25.7,65,0.1,51,True,Sunday,Sunday,11,201
2025-07-20 12:00:00,10706.68,50.035,26.2,63,0.1,51,True,Sunday,Sunday,12,201
2025-07-20 13:00:00,10957.387499999999,50.025,26.0,63,0.1,51,True,Sunday,Sunday,13,201
2025-07-20 14:00:00,10383.009999999998,50.05,26.5,63,0.1,51,True,Sunday,Sunday,14,201
2025-07-20 15:00:00,9793.882500000002,50.0,25.2,68,1.6,61,True,Sunday,Sunday,15,201
2025-07-20 16:00:00,9102.06,50.025,22.9,85,5.8,63,True,Sunday,Sunday,16,201
2025-07-20 17:00:00,8437.2925,49.89,21.6,88,4.7,63,True,Sunday,Sunday,17,201
2025-07-20 18:00:00,7940.19,50.055,21.5,89,0.0,3,True,Sunday,Sunday,18,201
2025-07-20 19:00:00,8142.595,50.04,21.3,91,0.1,51,True,Sunday,Sunday,19,201
2025-07-20 20:00:00,8334.6475,49.935,21.0,90,0.5,53,True,Sunday,Sunday,20,201
2025-07-20 21:00:00,7644.942499999999,49.955,20.5,94,0.3,51,True,Sunday,Sunday,21,201
2025-07-20 22:00:00,7375.33,49.98,20.1,96,0.9,53,True,Sunday,Sunday,22,201
2025-07-20 23:00:00,7118.875,50.055,19.9,98,0.9,53,True,Sunday,Sunday,23,201
2025-07-21 00:00:00,6623.9349999999995,50.05,19.9,97,0.3,51,False,,Monday,0,202
2025-07-21 01:00:00,6714.5199999999995,50.0,19.8,97,0.1,51,False,,Monday,1,202
2025-07-21 02:00:00,6519.454999999999,50.03,19.6,98,0.0,3,False,,Monday,2,202
2025-07-21 03:00:00,6458.615,50.040000000000006,19.6,97,0.0,3,False,,Monday,3,202
2025-07-21 04:00:00,6794.695,50.025000000000006,19.5,98,0.0,3,False,,Monday,4,202
2025-07-21 05:00:00,7635.469999999999,50.055,19.6,96,0.2,51,False,,Monday,5,202
2025-07-21 06:00:00,9041.085,49.985,20.0,95,0.0,3,False,,Monday,6,202
2025-07-21 07:00:00,11085.869999999999,49.875,20.6,93,0.0,3,False,,Monday,7,202
2025-07-21 08:00:00,12064.555,50.045,21.9,84,0.1,51,False,,Monday,8,202
2025-07-21 09:00:00,12121.6325,50.03,23.2,77,0.1,51,False,,Monday,9,202
2025-07-21 10:00:00,12406.757500000002,50.045,23.9,75,0.2,51,False,,Monday,10,202
2025-07-21 11:00:00,12034.6375,49.989999999999995,24.1,73,0.3,51,False,,Monday,11,202
2025-07-21 12:00:00,12004.7925,49.925,25.0,72,0.1,51,False,,Monday,12,202
2025-07-21 13:00:00,11931.984999999999,50.04,26.6,66,0.1,51,False,,Monday,13,202
2025-07-21 14:00:00,11168.6375,50.06,23.1,80,4.5,63,False,,Monday,14,202
2025-07-21 15:00:00,10956.6925,50.035,21.8,96,3.1,63,False,,Monday,15,202
2025-07-21 16:00:00,10675.4925,50.05,22.2,96,2.1,61,False,,Monday,16,202
2025-07-21 17:00:00,9819.775,50.05,21.8,90,4.7,63,False,,Monday,17,202
2025-07-21 18:00:00,9340.2825,50.095,21.5,91,0.2,51,False,,Monday,18,202
2025-07-21 19:00:00,9141.38,50.055,21.1,93,0.3,51,False,,Monday,19,202
2025-07-21 20:00:00,8958.2175,49.89,20.9,93,0.3,51,False,,Monday,20,202
2025-07-21 21:00:00,8453.97,49.975,20.5,93,0.1,51,False,,Monday,21,202
2025-07-21 22:00:00,8067.842500000001,50.045,20.4,93,0.2,51,False,,Monday,22,202
2025-07-21 23:00:00,7520.822499999999,50.025000000000006,20.1,95,0.5,53,False,,Monday,23,202
2025-07-22 00:00:00,7256.922499999999,50.05,20.0,96,0.5,53,False,,Tuesday,0,203
2025-07-22 01:00:00,7145.9275,49.99,19.9,96,0.4,51,False,,Tuesday,1,203
2025-07-22 02:00:00,7032.5825,50.004999999999995,19.8,96,0.3,51,False,,Tuesday,2,203
2025-07-22 03:00:00,6867.8975,49.985,19.8,96,0.2,51,False,,Tuesday,3,203
2025-07-22 04:00:00,7140.889999999999,50.04,19.8,96,0.2,51,False,,Tuesday,4,203
2025-07-22 05:00:00,7671.6825,50.015,19.8,96,0.2,51,False,,Tuesday,5,203
2025-07-22 06:00:00,8501.7825,50.055,19.9,95,0.0,3,False,,Tuesday,6,203
2025-07-22 07:00:00,10592.1125,50.0,20.8,92,0.0,3,False,,Tuesday,7,203
2025-07-22 08:00:00,11562.8625,50.045,21.6,88,0.2,51,False,,Tuesday,8,203
2025-07-22 09:00:00,11475.75,50.07,23.2,78,0.2,51,False,,Tuesday,9,203
2025-07-22 10:00:00,12116.805,50.09,24.2,76,0.2,51,False,,Tuesday,10,203
2025-07-22 11:00:00,11565.509999999998,50.015,25.2,71,0.1,51,False,,Tuesday,11,203
2025-07-22 12:00:00,11568.505,50.045,25.0,70,0.2,51,False,,Tuesday,12,203
2025-07-22 13:00:00,11273.43,49.980000000000004,22.5,82,1.7,61,False,,Tuesday,13,203
2025-07-22 14:00:00,10500.029999999999,49.965,24.0,80,0.1,51,False,,Tuesday,14,203
2025-07-22 15:00:00,10584.385,49.935,24.8,71,0.6,53,False,,Tuesday,15,203
2025-07-22 16:00:00,9970.735,49.93,24.2,77,3.3,63,False,,Tuesday,16,203
2025-07-22 17:00:00,9545.785,49.89,23.4,76,0.6,53,False,,Tuesday,17,203
2025-07-22 18:00:00,9685.95,50.019999999999996,22.2,82,0.1,51,False,,Tuesday,18,203
2025-07-22 19:00:00,9438.6,50.045,21.4,84,0.0,2,False,,Tuesday,19,203
2025-07-22 20:00:00,9199.45,49.96,20.8,87,0.0,3,False,,Tuesday,20,203
2025-07-22 21:00:00,8684.849999999999,49.980000000000004,20.6,89,0.0,3,False,,Tuesday,21,203
2025-07-22 22:00:00,8165.3724999999995,50.08,20.6,90,0.0,3,False,,Tuesday,22,203
2025-07-22 23:00:00,7614.7425,50.045,20.5,90,0.0,3,False,,Tuesday,23,203
2025-07-23 00:00:00,7277.1725,50.08,20.2,92,0.0,3,False,,Wednesday,0,204
2025-07-23 01:00:00,6797.65,50.015,20.0,92,0.0,3,False,,Wednesday,1,204
2025-07-23 02:00:00,6815.66,49.975,19.9,92,0.0,3,False,,Wednesday,2,204
2025-07-23 03:00:00,6651.785000000001,50.019999999999996,19.8,91,0.0,3,False,,Wednesday,3,204
2025-07-23 04:00:00,6817.7925,50.035,19.9,93,0.1,51,False,,Wednesday,4,204
2025-07-23 05:00:00,7319.115,50.0,19.8,95,0.3,51,False,,Wednesday,5,204
2025-07-23 06:00:00,8297.5875,50.06,20.1,93,0.3,51,False,,Wednesday,6,204
2025-07-23 07:00:00,10707.73,50.03,20.9,89,0.1,51,False,,Wednesday,7,204
2025-07-23 08:00:00,11217.242499999998,50.07,21.8,86,0.2,51,False,,Wednesday,8,204
2025-07-23 09:00:00,11323.9525,50.05,22.0,86,2.3,61,False,,Wednesday,9,204
2025-07-23 10:00:00,11589.74,50.05,23.3,77,0.8,53,False,,Wednesday,10,204
2025-07-23 11:00:00,11293.6375,49.955,25.0,67,0.0,3,False,,Wednesday,11,204
2025-07-23 12:00:00,11021.6625,50.035,25.4,66,0.0,3,False,,Wednesday,12,204
2025-07-23 13:00:00,10780.63,50.085,24.9,68,0.0,3,False,,Wednesday,13,204
2025-07-23 14:00:00,10154.619999999999,50.06,25.5,64,0.2,51,False,,Wednesday,14,204
2025-07-23 15:00:00,10030.41,49.93,24.8,70,0.4,51,False,,Wednesday,15,204
2025-07-23 16:00:00,10110.865,50.010000000000005,23.9,74,1.1,55,False,,Wednesday,16,204
2025-07-23 17:00:00,9389.099999999999,50.0,22.4,81,1.1,55,False,,Wednesday,17,204
2025-07-23 18:00:00,9227.617499999998,50.035,22.6,81,0.0,3,False,,Wednesday,18,204
2025-07-23 19:00:00,9379.9975,50.06,21.6,85,0.0,3,False,,Wednesday,19,204
2025-07-23 20:00:00,9123.732499999998,50.045,21.1,87,0.0,3,False,,Wednesday,20,204
2025-07-23 21:00:00,8546.3575,49.99,20.9,89,0.0,3,False,,Wednesday,21,204
2025-07-23 22:00:00,8193.1975,50.03,20.9,89,0.0,3,False,,Wednesday,22,204
2025-07-23 23:00:00,7614.735,50.0,20.8,90,0.1,51,False,,Wednesday,23,204
2025-07-24 00:00:00,7335.384999999999,50.055,20.5,92,0.6,53,False,,Thursday,0,205
2025-07-24 01:00:00,6986.28,49.959999999999994,20.4,93,0.2,51,False,,Thursday,1,205
2025-07-24 02:00:00,6815.1025,49.989999999999995,20.2,93,0.1,51,False,,Thursday,2,205
2025-07-24 03:00:00,6536.815,50.02,20.1,94,0.2,51,False,,Thursday,3,205
2025-07-24 04:00:00,6768.5475,50.015,20.0,93,0.2,51,False,,Thursday,4,205
2025-07-24 05:00:00,7459.420000000001,50.05500000000001,19.9,94,0.1,51,False,,Thursday,5,205
2025-07-24 06:00:00,8450.805,50.0,20.1,91,0.0,3,False,,Thursday,6,205
2025-07-24 07:00:00,10344.970000000001,50.005,20.7,89,0.0,3,False,,Thursday,7,205
2025-07-24 08:00:00,11055.672499999999,50.005,21.2,85,0.0,3,False,,Thursday,8,205
2025-07-24 09:00:00,11324.7,50.019999999999996,22.1,81,0.1,51,False,,Thursday,9,205
2025-07-24 10:00:00,11549.765,50.105000000000004,23.9,73,0.1,51,False,,Thursday,10,205
2025-07-24 11:00:00,11128.075,50.025000000000006,23.9,72,0.2,51,False,,Thursday,11,205
2025-07-24 12:00:00,10743.982499999998,50.005,25.0,67,0.1,51,False,,Thursday,12,205
2025-07-24 13:00:00,10363.6075,49.925,24.1,71,0.0,3,False,,Thursday,13,205
2025-07-24 14:00:00,9883.605000000001,50.065,23.8,72,0.0,3,False,,Thursday,14,205
2025-07-24 15:00:00,10110.3225,50.04,23.1,77,0.1,51,False,,Thursday,15,205
2025-07-24 16:00:00,9699.0725,50.035,22.5,81,0.2,51,False,,Thursday,16,205
2025-07-24 17:00:00,9465.18,50.045,21.9,86,0.5,53,False,,Thursday,17,205
2025-07-24 18:00:00,9470.074999999999,50.005,21.2,91,0.2,51,False,,Thursday,18,205
2025-07-24 19:00:00,9091.0125,50.114999999999995,21.0,93,0.3,51,False,,Thursday,19,205
2025-07-24 20:00:00,9058.205,50.19,21.0,93,0.1,51,False,,Thursday,20,205
2025-07-24 21:00:00,8749.012499999999,49.94,20.8,93,0.1,51,False,,Thursday,21,205
2025-07-24 22:00:00,7961.455,50.065,20.4,95,0.2,51,False,,Thursday,22,205
2025-07-24 23:00:00,7663.62,50.035,20.2,95,0.2,51,False,,Thursday,23,205
2025-07-25 00:00:00,6923.53,49.989999999999995,20.2,95,0.2,51,False,,Friday,0,206
2025-07-25 01:00:00,6369.094999999999,50.019999999999996,20.1,95,0.6,53,False,,Friday,1,206
2025-07-25 02:00:00,6269.735,50.025,19.9,97,2.8,63,False,,Friday,2,206
2025-07-25 03:00:00,6087.98,49.965,19.9,97,1.0,55,False,,Friday,3,206
2025-07-25 04:00:00,6218.0824999999995,49.98,19.8,97,0.8,53,False,,Friday,4,206
2025-07-25 05:00:00,6955.015,50.0,19.9,95,0.6,53,False,,Friday,5,206
2025-07-25 06:00:00,8002.61,50.035,20.2,96,0.4,51,False,,Friday,6,206
2025-07-25 07:00:00,10411.985,49.985,20.8,93,0.5,53,False,,Friday,7,206
2025-07-25 08:00:00,11070.217499999999,50.015,21.5,91,0.7,53,False,,Friday,8,206
2025-07-25 09:00:00,11174.3025,50.040000000000006,22.0,88,0.2,51,False,,Friday,9,206
2025-07-25 10:00:00,11225.5925,50.019999999999996,23.2,81,0.1,51,False,,Friday,10,206
2025-07-25 11:00:00,11330.032500000001,49.97,24.1,80,0.7,53,False,,Friday,11,206
2025-07-25 12:00:00,10758.727499999999,49.92,24.4,69,0.1,51,False,,Friday,12,206
2025-07-25 13:00:00,10396.04,50.0,25.6,63,0.0,3,False,,Friday,13,206
2025-07-25 14:00:00,9571.470000000001,50.005,24.4,69,0.3,51,False,,Friday,14,206
2025-07-25 15:00:00,9181.6775,50.004999999999995,24.9,65,0.0,3,False,,Friday,15,206
2025-07-25 16:00:00,8994.752499999999,49.98,24.2,68,0.0,3,False,,Friday,16,206
2025-07-25 17:00:00,8744.8425,49.93,22.8,76,0.1,51,False,,Friday,17,206
2025-07-25 18:00:00,8743.705,50.03,22.4,79,0.1,51,False,,Friday,18,206
2025-07-25 19:00:00,8644.6775,50.06,22.0,80,0.0,3,False,,Friday,19,206
2025-07-25 20:00:00,8776.197500000002,50.045,21.6,81,0.0,3,False,,Friday,20,206
2025-07-25 21:00:00,8248.0725,50.004999999999995,21.2,83,0.0,3,False,,Friday,21,206
2025-07-25 22:00:00,7691.895,50.03,21.1,83,0.0,3,False,,Friday,22,206
2025-07-25 23:00:00,7279.2125,49.965,21.0,84,0.0,3,False,,Friday,23,206
2025-07-26 00:00:00,6776.72,49.99,20.9,85,0.0,3,False,,Saturday,0,207
2025-07-26 01:00:00,6459.077499999999,50.0,20.8,86,0.0,3,False,,Saturday,1,207
2025-07-26 02:00:00,6158.679999999999,50.05,20.5,87,0.1,51,False,,Saturday,2,207
2025-07-26 03:00:00,5863.12,50.06,20.3,83,0.0,3,False,,Saturday,3,207
2025-07-26 04:00:00,5902.09,50.065,20.2,84,0.0,3,False,,Saturday,4,207
2025-07-26 05:00:00,6611.157499999999,49.99,20.2,81,0.0,3,False,,Saturday,5,207
2025-07-26 06:00:00,7848.9075,50.015,20.5,89,0.1,51,False,,Saturday,6,207
2025-07-26 07:00:00,9536.717499999999,49.98,21.1,86,0.0,3,False,,Saturday,7,207
2025-07-26 08:00:00,10113.4375,50.0,22.4,80,0.1,51,False,,Saturday,8,207
2025-07-26 09:00:00,10381.3025,50.005,23.2,77,0.1,51,False,,Saturday,9,207
2025-07-26 10:00:00,10623.36,50.075,24.6,70,0.0,3,False,,Saturday,10,207
2025-07-26 11:00:00,10415.127499999999,50.19,25.5,64,0.0,3,False,,Saturday,11,207
2025-07-26 12:00:00,9820.942500000001,50.129999999999995,26.1,61,0.3,51,False,,Saturday,12,207
2025-07-26 13:00:00,9230.189999999999,50.015,26.1,65,0.2,51,False,,Saturday,13,207
2025-07-26 14:00:00,8800.685,49.945,25.4,69,0.5,53,False,,Saturday,14,207
2025-07-26 15:00:00,8614.2525,49.855000000000004,22.8,84,3.9,63,False,,Saturday,15,207
2025-07-26 16:00:00,8512.3075,50.095,22.7,85,0.2,51,False,,Saturday,16,207
2025-07-26 17:00:00,8438.5625,50.0,22.0,84,0.5,53,False,,Saturday,17,207
2025-07-26 18:00:00,8333.075,50.065,21.1,90,1.8,61,False,,Saturday,18,207
2025-07-26 19:00:00,8462.75,50.035,20.8,91,0.2,51,False,,Saturday,19,207
2025-07-26 20:00:00,8487.925,50.015,21.0,89,0.3,51,False,,Saturday,20,207
2025-07-26 21:00:00,7867.742499999999,50.015,20.6,92,0.3,51,False,,Saturday,21,207
2025-07-26 22:00:00,7241.089999999999,50.04,20.7,90,0.2,51,False,,Saturday,22,207
2025-07-26 23:00:00,6859.42,49.995,20.5,90,0.0,3,False,,Saturday,23,207
2025-07-27 00:00:00,6776.72,49.99,20.2,93,0.1,51,True,Sunday,Sunday,0,208
2025-07-27 01:00:00,6151.139999999999,50.019999999999996,20.2,93,0.6,53,True,Sunday,Sunday,1,208
2025-07-27 02:00:00,5860.625,50.015,20.0,90,0.0,3,True,Sunday,Sunday,2,208
2025-07-27 03:00:00,5706.525000000001,50.0,19.8,92,0.1,51,True,Sunday,Sunday,3,208
2025-07-27 04:00:00,5771.26,49.975,19.9,91,0.1,51,True,Sunday,Sunday,4,208
2025-07-27 05:00:00,6257.785,49.980000000000004,20.0,89,0.0,3,True,Sunday,Sunday,5,208
2025-07-27 06:00:00,6709.780000000001,50.01,20.5,89,0.1,51,True,Sunday,Sunday,6,208
2025-07-27 07:00:00,7923.77,50.025000000000006,20.8,83,0.0,3,True,Sunday,Sunday,7,208
2025-07-27 08:00:00,8654.862500000001,50.025000000000006,21.4,82,0.0,3,True,Sunday,Sunday,8,208
2025-07-27 09:00:00,9227.735,49.955,23.0,74,0.1,51,True,Sunday,Sunday,9,208
2025-07-27 10:00:00,9609.3625,50.0,24.1,68,0.1,51,True,Sunday,Sunday,10,208
2025-07-27 11:00:00,9148.7675,50.125,24.7,65,0.0,3,True,Sunday,Sunday,11,208
2025-07-27 12:00:00,8608.175,50.065,24.8,64,0.1,51,True,Sunday,Sunday,12,208
2025-07-27 13:00:00,7890.0374999999985,50.04,25.8,60,0.1,51,True,Sunday,Sunday,13,208
2025-07-27 14:00:00,7744.1175,50.22,25.2,62,0.2,51,True,Sunday,Sunday,14,208
2025-07-27 15:00:00,7482.0599999999995,50.025,25.1,62,0.0,3,True,Sunday,Sunday,15,208
2025-07-27 16:00:00,7431.442499999999,50.11,25.4,60,0.0,3,True,Sunday,Sunday,16,208
2025-07-27 17:00:00,7122.8475,50.03,24.6,63,0.0,3,True,Sunday,Sunday,17,208
2025-07-27 18:00:00,7295.005,49.989999999999995,22.8,78,0.1,51,True,Sunday,Sunday,18,208
2025-07-27 19:00:00,7621.59,50.035,22.0,77,0.0,3,True,Sunday,Sunday,19,208
2025-07-27 20:00:00,7768.255,49.94,21.5,77,0.0,3,True,Sunday,Sunday,20,208
2025-07-27 21:00:00,7596.2675,49.974999999999994,21.0,80,0.0,3,True,Sunday,Sunday,21,208
2025-07-27 22:00:00,7156.9349999999995,50.015,20.7,80,0.0,3,True,Sunday,Sunday,22,208
2025-07-27 23:00:00,6657.469999999999,50.055,20.2,81,0.0,3,True,Sunday,Sunday,23,208
2025-07-28 00:00:00,5783.5875,50.0,20.0,81,0.0,3,False,,Monday,0,209
2025-07-28 01:00:00,6115.8375,49.980000000000004,19.7,83,0.0,2,False,,Monday,1,209
2025-07-28 02:00:00,5849.605,50.019999999999996,19.2,87,0.0,3,False,,Monday,2,209
2025-07-28 03:00:00,5644.535,50.08,19.0,88,0.0,3,False,,Monday,3,209
2025-07-28 04:00:00,5822.714999999999,49.989999999999995,18.9,90,0.0,3,False,,Monday,4,209
2025-07-28 05:00:00,6665.8025,50.055,18.9,91,0.0,3,False,,Monday,5,209
2025-07-28 06:00:00,7835.375,49.985,20.0,91,0.0,3,False,,Monday,6,209
2025-07-28 07:00:00,10235.0275,49.995000000000005,20.8,88,0.0,3,False,,Monday,7,209
2025-07-28 08:00:00,10865.785,50.02,22.2,80,0.0,3,False,,Monday,8,209
2025-07-28 09:00:00,10713.7,49.995000000000005,23.5,74,0.1,51,False,,Monday,9,209
2025-07-28 10:00:00,11406.384999999998,49.995000000000005,24.1,73,0.0,3,False,,Monday,10,209
2025-07-28 11:00:00,10499.62,49.995000000000005,25.4,68,0.1,51,False,,Monday,11,209
2025-07-28 12:00:00,10121.312500000002,50.120000000000005,26.0,64,0.0,3,False,,Monday,12,209
2025-07-28 13:00:00,10113.32,50.055,26.5,62,0.0,3,False,,Monday,13,209
2025-07-28 14:00:00,9740.5525,50.025000000000006,26.2,63,0.1,51,False,,Monday,14,209
2025-07-28 15:00:00,9717.92,49.935,26.4,62,0.1,51,False,,Monday,15,209
2025-07-28 16:00:00,9747.5525,50.004999999999995,25.8,64,0.1,51,False,,Monday,16,209
2025-07-28 17:00:00,9339.1525,50.05,25.4,63,0.0,2,False,,Monday,17,209
2025-07-28 18:00:00,9498.664999999999,50.045,23.5,72,0.0,0,False,,Monday,18,209
2025-07-28 19:00:00,9102.5825,50.06,22.9,73,0.0,2,False,,Monday,19,209
2025-07-28 20:00:00,9070.789999999999,49.985,22.5,73,0.0,0,False,,Monday,20,209
2025-07-28 21:00:00,8582.362500000001,50.055,21.7,75,0.0,3,False,,Monday,21,209
2025-07-28 22:00:00,8142.8099999999995,50.055,20.9,77,0.0,2,False,,Monday,22,209
2025-07-28 23:00:00,7690.150000000001,50.03,20.4,79,0.0,2,False,,Monday,23,209
2025-07-29 00:00:00,7152.3425,50.025,19.9,81,0.0,2,False,,Tuesday,0,210
2025-07-29 01:00:00,7115.505,50.04,19.5,83,0.0,1,False,,Tuesday,1,210
2025-07-29 02:00:00,6672.18,50.015,19.2,86,0.0,2,False,,Tuesday,2,210
2025-07-29 03:00:00,6666.68,49.985,19.0,91,0.0,1,False,,Tuesday,3,210
2025-07-29 04:00:00,6734.96,50.03,18.8,92,0.0,0,False,,Tuesday,4,210
2025-07-29 05:00:00,7523.5925,50.035,18.8,92,0.0,1,False,,Tuesday,5,210
2025-07-29 06:00:00,8501.4875,49.995,19.8,93,0.1,51,False,,Tuesday,6,210
2025-07-29 07:00:00,10603.067500000001,50.025000000000006,20.4,92,0.1,51,False,,Tuesday,7,210
2025-07-29 08:00:00,11387.2175,50.06,21.4,86,0.3,51,False,,Tuesday,8,210
2025-07-29 09:00:00,11777.045,50.099999999999994,23.0,77,0.2,51,False,,Tuesday,9,210
2025-07-29 10:00:00,12273.765000000001,50.06,24.5,69,0.1,51,False,,Tuesday,10,210
2025-07-29 11:00:00,11534.855000000001,50.114999999999995,25.8,63,0.0,3,False,,Tuesday,11,210
2025-07-29 12:00:00,11326.177500000002,50.004999999999995,25.8,64,0.1,51,False,,Tuesday,12,210
2025-07-29 13:00:00,10348.14,50.05,26.6,61,0.1,51,False,,Tuesday,13,210
2025-07-29 14:00:00,10243.3475,50.05,27.1,58,0.0,3,False,,Tuesday,14,210
2025-07-29 15:00:00,10250.4925,49.985,26.8,59,0.0,3,False,,Tuesday,15,210
2025-07-29 16:00:00,10059.0325,50.025000000000006,26.0,60,0.0,1,False,,Tuesday,16,210
2025-07-29 17:00:00,9487.695,49.93,25.1,63,0.0,3,False,,Tuesday,17,210
2025-07-29 18:00:00,9268.65,50.035,22.8,80,0.1,51,False,,Tuesday,18,210
2025-07-29 19:00:00,9065.6975,50.05,22.7,80,0.0,2,False,,Tuesday,19,210
2025-07-29 20:00:00,9215.15,49.94,22.4,79,0.0,3,False,,Tuesday,20,210
2025-07-29 21:00:00,8824.3275,49.935,21.8,81,0.0,3,False,,Tuesday,21,210
2025-07-29 22:00:00,8129.24,50.025,21.4,83,0.0,3,False,,Tuesday,22,210
2025-07-29 23:00:00,7769.94,49.955,20.9,86,0.0,3,False,,Tuesday,23,210
2025-07-30 00:00:00,7364.1,49.985,20.5,87,0.0,3,False,,Wednesday,0,211
2025-07-30 01:00:00,7333.2125,49.980000000000004,20.1,89,0.0,3,False,,Wednesday,1,211
2025-07-30 02:00:00,7104.6275,49.989999999999995,19.8,90,0.0,3,False,,Wednesday,2,211
2025-07-30 03:00:00,6922.7375,50.010000000000005,19.5,90,0.0,3,False,,Wednesday,3,211
2025-07-30 04:00:00,7210.9375,50.035,19.3,91,0.0,3,False,,Wednesday,4,211
2025-07-30 05:00:00,8020.69,50.04,19.2,91,0.0,3,False,,Wednesday,5,211
2025-07-30 06:00:00,9041.1,49.96,20.1,89,0.0,3,False,,Wednesday,6,211
2025-07-30 07:00:00,11402.3275,49.92,21.2,86,0.0,3,False,,Wednesday,7,211
2025-07-30 08:00:00,12027.0325,50.045,22.7,77,0.1,51,False,,Wednesday,8,211
2025-07-30 09:00:00,12270.012499999999,50.05,23.8,73,0.1,51,False,,Wednesday,9,211
2025-07-30 10:00:00,12660.9625,50.0,25.3,66,0.0,3,False,,Wednesday,10,211
2025-07-30 11:00:00,12329.035,50.065,25.9,64,0.0,3,False,,Wednesday,11,211
2025-07-30 12:00:00,11786.029999999999,50.120000000000005,26.1,63,0.0,3,False,,Wednesday,12,211
2025-07-30 13:00:00,11321.332499999999,50.125,27.2,59,0.1,51,False,,Wednesday,13,211
2025-07-30 14:00:00,11135.234999999999,50.05,27.9,55,0.1,51,False,,Wednesday,14,211
2025-07-30 15:00:00,11148.9025,49.9,27.6,56,0.0,3,False,,Wednesday,15,211
2025-07-30 16:00:00,11070.4175,49.989999999999995,27.2,56,0.0,3,False,,Wednesday,16,211
2025-07-30 17:00:00,10498.0725,50.04,25.8,63,0.0,3,False,,Wednesday,17,211
2025-07-30 18:00:00,10135.23,50.045,24.2,74,0.0,2,False,,Wednesday,18,211
2025-07-30 19:00:00,9780.26,50.03,23.2,76,0.0,1,False,,Wednesday,19,211
2025-07-30 20:00:00,9896.560000000001,49.975,22.8,77,0.0,3,False,,Wednesday,20,211
2025-07-30 21:00:00,9440.7075,50.035,22.0,82,0.0,3,False,,Wednesday,21,211
2025-07-30 22:00:00,8916.045,50.05,21.3,87,0.0,3,False,,Wednesday,22,211
2025-07-30 23:00:00,8992.4125,49.985,20.7,90,0.0,3,False,,Wednesday,23,211
2025-07-31 00:00:00,7967.3225,50.019999999999996,20.3,92,0.0,3,False,,Thursday,0,212
2025-07-31 01:00:00,8329.985,49.97,20.0,94,0.0,3,False,,Thursday,1,212
2025-07-31 02:00:00,8056.0275,49.995000000000005,19.8,94,0.0,3,False,,Thursday,2,212
2025-07-31 03:00:00,7761.652500000001,49.995000000000005,19.7,94,0.0,3,False,,Thursday,3,212
2025-07-31 04:00:00,8015.54,50.03,19.4,95,0.0,3,False,,Thursday,4,212
2025-07-31 05:00:00,8973.630000000001,50.05,19.4,95,0.0,3,False,,Thursday,5,212
2025-07-31 06:00:00,10035.465,50.045,20.3,95,0.0,3,False,,Thursday,6,212
2025-07-31 07:00:00,12178.2375,50.03,21.4,90,0.0,3,False,,Thursday,7,212
2025-07-31 08:00:00,12969.8675,49.935,22.9,81,0.1,51,False,,Thursday,8,212
2025-07-31 09:00:00,13381.4975,49.980000000000004,24.2,73,0.2,51,False,,Thursday,9,212
2025-07-31 10:00:00,14009.52,50.035,25.6,68,0.3,51,False,,Thursday,10,212
2025-07-31 11:00:00,13709.5825,50.019999999999996,25.9,67,0.1,51,False,,Thursday,11,212
2025-07-31 12:00:00,12780.6975,50.08,27.0,64,0.0,3,False,,Thursday,12,212
2025-07-31 13:00:00,12459.262499999999,50.015,26.5,64,0.0,3,False,,Thursday,13,212
2025-07-31 14:00:00,12158.755000000001,50.09,27.0,60,0.0,3,False,,Thursday,14,212
2025-07-31 15:00:00,11906.067499999997,50.02,25.9,67,0.2,51,False,,Thursday,15,212
2025-07-31 16:00:00,11935.59,49.96,26.5,62,0.1,51,False,,Thursday,16,212
2025-07-31 17:00:00,10838.335000000001,49.925,25.1,70,0.0,3,False,,Thursday,17,212
2025-07-31 18:00:00,10649.885,50.04,22.9,84,0.1,51,False,,Thursday,18,212
2025-07-31 19:00:00,10319.672499999999,50.045,22.5,87,0.0,3,False,,Thursday,19,212
2025-07-31 20:00:00,10280.9775,50.07,22.0,88,0.0,3,False,,Thursday,20,212
2025-07-31 21:00:00,9789.8625,50.0,21.8,89,0.0,3,False,,Thursday,21,212
2025-07-31 22:00:00,9297.7675,50.04,21.6,90,0.0,3,False,,Thursday,22,212
2025-07-31 23:00:00,9061.560000000001,49.974999999999994,21.1,92,0.0,3,False,,Thursday,23,212
2025-08-01 00:00:00,8628.3675,50.04,20.5,95,0.0,3,False,,Friday,0,213
2025-08-01 01:00:00,8521.45,50.01,20.0,97,0.0,3,False,,Friday,1,213
2025-08-01 02:00:00,8146.0375,50.05,19.7,98,0.0,3,False,,Friday,2,213
2025-08-01 03:00:00,8190.8949999999995,49.97,19.5,98,0.0,3,False,,Friday,3,213
2025-08-01 04:00:00,8428.2175,49.92,19.5,97,0.0,3,False,,Friday,4,213
2025-08-01 05:00:00,9403.6575,50.004999999999995,19.4,98,0.0,3,False,,Friday,5,213
2025-08-01 06:00:00,10685.175,50.075,20.1,96,0.0,3,False,,Friday,6,213
2025-08-01 07:00:00,12886.345,49.894999999999996,21.0,90,0.0,3,False,,Friday,7,213
2025-08-01 08:00:00,13543.86,50.0,22.5,81,0.0,3,False,,Friday,8,213
2025-08-01 09:00:00,13575.197499999998,49.96,23.8,74,0.1,51,False,,Friday,9,213
2025-08-01 10:00:00,14590.580000000002,49.985,24.6,70,0.1,51,False,,Friday,10,213
2025-08-01 11:00:00,14365.294999999998,50.015,25.6,67,0.1,51,False,,Friday,11,213
2025-08-01 12:00:00,13662.682499999999,50.010000000000005,26.4,63,0.1,51,False,,Friday,12,213
2025-08-01 13:00:00,13460.467499999999,50.045,27.7,58,0.2,51,False,,Friday,13,213
2025-08-01 14:00:00,12698.62,50.055,28.1,57,0.2,51,False,,Friday,14,213
2025-08-01 15:00:00,12637.762499999999,50.040000000000006,27.0,62,0.3,51,False,,Friday,15,213
2025-08-01 16:00:00,12599.915,50.0,26.1,66,0.2,51,False,,Friday,16,213
2025-08-01 17:00:00,11593.4575,49.96,25.4,72,0.1,51,False,,Friday,17,213
2025-08-01 18:00:00,10904.115,50.0,25.2,70,0.0,3,False,,Friday,18,213
2025-08-01 19:00:00,10368.342499999999,49.980000000000004,24.2,74,0.0,3,False,,Friday,19,213
2025-08-01 20:00:00,10252.5075,50.065,23.4,78,0.0,3,False,,Friday,20,213
2025-08-01 21:00:00,9667.59,50.03,22.6,83,0.0,3,False,,Friday,21,213
2025-08-01 22:00:00,9250.6325,50.07,21.9,87,0.0,3,False,,Friday,22,213
2025-08-01 23:00:00,9051.4625,50.010000000000005,21.2,90,0.0,3,False,,Friday,23,213
2025-08-02 00:00:00,8781.1775,50.04,21.0,92,0.0,3,False,,Saturday,0,214
2025-08-02 01:00:00,8914.4075,49.989999999999995,20.7,93,0.0,3,False,,Saturday,1,214
2025-08-02 02:00:00,8567.005,49.815,20.3,96,0.0,3,False,,Saturday,2,214
2025-08-02 03:00:00,8380.845,49.93,20.0,97,0.0,3,False,,Saturday,3,214
2025-08-02 04:00:00,8696.8625,49.965,19.8,98,0.0,3,False,,Saturday,4,214
2025-08-02 05:00:00,9695.485,50.06,19.5,98,0.0,3,False,,Saturday,5,214
2025-08-02 06:00:00,10494.74,50.06,19.9,98,0.0,3,False,,Saturday,6,214
2025-08-02 07:00:00,12491.85,50.065,20.6,93,0.0,3,False,,Saturday,7,214
2025-08-02 08:00:00,13133.6475,50.165,22.0,84,0.0,3,False,,Saturday,8,214
2025-08-02 09:00:00,13740.3825,50.045,24.2,72,0.0,3,False,,Saturday,9,214
2025-08-02 10:00:00,14699.9375,49.99,25.8,65,0.0,3,False,,Saturday,10,214
2025-08-02 11:00:00,14245.7225,49.905,26.5,60,0.0,3,False,,Saturday,11,214
2025-08-02 12:00:00,13907.2575,50.019999999999996,28.0,54,0.1,51,False,,Saturday,12,214
2025-08-02 13:00:00,13436.1525,50.035,28.5,52,0.3,51,False,,Saturday,13,214
2025-08-02 14:00:00,13496.4725,49.945,28.0,54,0.3,51,False,,Saturday,14,214
2025-08-02 15:00:00,13470.21,49.985,27.8,58,0.2,51,False,,Saturday,15,214
2025-08-02 16:00:00,12647.7575,49.974999999999994,28.1,58,0.0,3,False,,Saturday,16,214
2025-08-02 17:00:00,11464.137499999999,50.055,25.9,68,0.3,51,False,,Saturday,17,214
2025-08-02 18:00:00,10939.119999999999,50.065,25.8,66,0.0,3,False,,Saturday,18,214
2025-08-02 19:00:00,10301.649999999998,50.075,24.0,76,0.0,3,False,,Saturday,19,214
2025-08-02 20:00:00,10102.68,50.019999999999996,22.8,82,0.0,3,False,,Saturday,20,214
2025-08-02 21:00:00,9584.8725,49.97,22.1,86,0.0,2,False,,Saturday,21,214
2025-08-02 22:00:00,9110.2925,50.004999999999995,21.3,89,0.0,3,False,,Saturday,22,214
2025-08-02 23:00:00,9189.835,49.925,20.5,92,0.0,3,False,,Saturday,23,214
2025-08-03 00:00:00,8723.412499999999,49.915,20.0,95,0.0,3,True,Sunday,Sunday,0,215
2025-08-03 01:00:00,8483.0475,49.989999999999995,19.9,96,0.0,3,True,Sunday,Sunday,1,215
2025-08-03 02:00:00,8392.855,49.815,19.7,97,0.0,3,True,Sunday,Sunday,2,215
2025-08-03 03:00:00,8427.1775,49.93,19.5,97,0.0,3,True,Sunday,Sunday,3,215
2025-08-03 04:00:00,8608.9925,49.965,19.5,97,0.0,3,True,Sunday,Sunday,4,215
2025-08-03 05:00:00,9164.164999999999,50.06,19.8,96,0.0,3,True,Sunday,Sunday,5,215
2025-08-03 06:00:00,9513.5975,50.06,20.2,98,0.0,3,True,Sunday,Sunday,6,215
2025-08-03 07:00:00,11284.6125,49.995000000000005,21.2,91,0.0,3,True,Sunday,Sunday,7,215
2025-08-03 08:00:00,11913.2875,49.92,23.0,80,0.0,3,True,Sunday,Sunday,8,215
2025-08-03 09:00:00,12847.405,50.019999999999996,24.1,74,0.0,3,True,Sunday,Sunday,9,215
2025-08-03 10:00:00,13377.2975,49.995000000000005,25.2,69,0.1,51,True,Sunday,Sunday,10,215
2025-08-03 11:00:00,13430.182499999999,49.95,26.8,64,0.1,51,True,Sunday,Sunday,11,215
2025-08-03 12:00:00,13072.2425,50.03,27.5,62,0.1,51,True,Sunday,Sunday,12,215
2025-08-03 13:00:00,12965.850000000002,50.015,28.5,58,0.3,51,True,Sunday,Sunday,13,215
2025-08-03 14:00:00,12060.57,50.05,28.5,57,0.1,51,True,Sunday,Sunday,14,215
2025-08-03 15:00:00,12015.485,50.105000000000004,27.5,59,0.0,3,True,Sunday,Sunday,15,215
2025-08-03 16:00:00,11678.895,49.97,23.8,77,0.7,53,True,Sunday,Sunday,16,215
2025-08-03 17:00:00,10546.8675,49.995000000000005,23.2,82,2.3,61,True,Sunday,Sunday,17,215
2025-08-03 18:00:00,9847.619999999999,49.985,22.8,82,1.4,61,True,Sunday,Sunday,18,215
2025-08-03 19:00:00,9605.47,50.035,22.0,91,0.1,51,True,Sunday,Sunday,19,215
2025-08-03 20:00:00,9427.575,50.004999999999995,21.2,92,0.3,51,True,Sunday,Sunday,20,215
2025-08-03 21:00:00,9079.215,49.885,20.9,95,0.0,3,True,Sunday,Sunday,21,215
2025-08-03 22:00:00,8763.380000000001,50.010000000000005,20.8,96,0.0,3,True,Sunday,Sunday,22,215
2025-08-03 23:00:00,8464.595,50.045,20.3,97,0.0,3,True,Sunday,Sunday,23,215
2025-08-04 00:00:00,7922.9349999999995,49.55,20.1,96,0.4,51,False,,Monday,0,216
2025-08-04 01:00:00,7952.842499999999,49.985,19.9,95,0.0,3,False,,Monday,1,216
2025-08-04 02:00:00,7527.4,49.980000000000004,19.6,97,0.0,3,False,,Monday,2,216
2025-08-04 03:00:00,7457.832499999999,49.95,19.8,98,0.0,3,False,,Monday,3,216
2025-08-04 04:00:00,7870.2074999999995,49.95,19.8,98,0.0,3,False,,Monday,4,216
2025-08-04 05:00:00,8903.112500000001,50.019999999999996,19.8,98,0.0,3,False,,Monday,5,216
2025-08-04 06:00:00,9826.09,49.945,20.2,96,0.1,51,False,,Monday,6,216
2025-08-04 07:00:00,12140.1875,49.985,20.9,93,0.0,3,False,,Monday,7,216
2025-08-04 08:00:00,12960.435,50.085,22.9,84,0.0,3,False,,Monday,8,216
2025-08-04 09:00:00,13299.9725,50.085,24.1,76,0.0,3,False,,Monday,9,216
2025-08-04 10:00:00,14085.52,50.03,25.6,69,0.0,3,False,,Monday,10,216
2025-08-04 11:00:00,14053.015,50.025000000000006,26.8,66,0.0,3,False,,Monday,11,216
2025-08-04 12:00:00,13570.895,49.980000000000004,27.8,63,0.0,3,False,,Monday,12,216
2025-08-04 13:00:00,13410.532499999998,49.905,28.6,60,0.0,3,False,,Monday,13,216
2025-08-04 14:00:00,12923.815,50.025000000000006,28.2,60,0.1,51,False,,Monday,14,216
2025-08-04 15:00:00,13087.45,50.055,28.8,56,0.0,3,False,,Monday,15,216
2025-08-04 16:00:00,13080.352499999999,50.04,26.9,63,0.2,51,False,,Monday,16,216
2025-08-04 17:00:00,12228.5075,49.985,25.2,73,0.0,3,False,,Monday,17,216
2025-08-04 18:00:00,11708.8275,50.015,23.9,78,0.5,53,False,,Monday,18,216
2025-08-04 19:00:00,10735.7575,49.989999999999995,23.0,85,0.4,51,False,,Monday,19,216
2025-08-04 20:00:00,10399.205,49.965,22.5,90,0.5,53,False,,Monday,20,216
2025-08-04 21:00:00,9676.075,50.0,22.4,92,0.2,51,False,,Monday,21,216
2025-08-04 22:00:00,9132.2675,50.065,22.0,94,0.1,51,False,,Monday,22,216
2025-08-04 23:00:00,8987.714999999998,50.035,20.8,98,0.1,51,False,,Monday,23,216
2025-08-05 00:00:00,8233.505000000001,50.05,20.6,98,1.8,61,False,,Tuesday,0,217
2025-08-05 01:00:00,7983.085,49.995000000000005,20.5,97,0.3,51,False,,Tuesday,1,217
2025-08-05 02:00:00,7721.8,49.97,20.4,99,0.1,51,False,,Tuesday,2,217
2025-08-05 03:00:00,7521.785,50.0,20.2,96,2.2,61,False,,Tuesday,3,217
2025-08-05 04:00:00,7701.407499999999,50.05,20.4,98,1.0,55,False,,Tuesday,4,217
2025-08-05 05:00:00,8470.419999999998,49.995000000000005,20.1,99,0.3,51,False,,Tuesday,5,217
2025-08-05 06:00:00,9425.72,50.05,20.8,99,0.0,3,False,,Tuesday,6,217
2025-08-05 07:00:00,11403.14,50.03,21.5,93,0.0,3,False,,Tuesday,7,217
2025-08-05 08:00:00,11983.735,50.06,22.5,91,0.1,51,False,,Tuesday,8,217
2025-08-05 09:00:00,12031.817500000001,50.06,23.7,86,0.0,3,False,,Tuesday,9,217
2025-08-05 10:00:00,12553.4225,50.015,25.4,79,0.1,51,False,,Tuesday,10,217
2025-08-05 11:00:00,12543.135,49.974999999999994,26.4,74,0.2,51,False,,Tuesday,11,217
2025-08-05 12:00:00,12486.3375,49.965,27.1,69,0.3,51,False,,Tuesday,12,217
2025-08-05 13:00:00,12552.095,50.075,26.8,70,0.3,51,False,,Tuesday,13,217
2025-08-05 14:00:00,12019.564999999999,50.05,25.0,72,4.7,63,False,,Tuesday,14,217
2025-08-05 15:00:00,11858.445,49.955,25.5,75,0.4,51,False,,Tuesday,15,217
2025-08-05 16:00:00,11455.86,49.96,25.5,75,0.1,51,False,,Tuesday,16,217
2025-08-05 17:00:00,11088.1125,50.004999999999995,24.3,80,0.1,51,False,,Tuesday,17,217
2025-08-05 18:00:00,10981.6075,50.06,22.5,87,2.8,63,False,,Tuesday,18,217
2025-08-05 19:00:00,10322.7375,50.0,21.3,93,0.2,51,False,,Tuesday,19,217
2025-08-05 20:00:00,9996.869999999999,49.8,20.9,96,0.1,51,False,,Tuesday,20,217
2025-08-05 21:00:00,9559.725,49.91,21.0,96,0.0,3,False,,Tuesday,21,217
2025-08-05 22:00:00,8762.985,49.989999999999995,21.2,94,0.1,51,False,,Tuesday,22,217
2025-08-05 23:00:00,8412.615,50.01,20.9,96,0.1,51,False,,Tuesday,23,217
2025-08-06 00:00:00,7628.0025000000005,50.065,20.8,98,0.0,3,False,,Wednesday,0,218
2025-08-06 01:00:00,7521.605,50.004999999999995,20.6,98,0.0,3,False,,Wednesday,1,218
2025-08-06 02:00:00,7114.79,50.0,20.2,98,0.0,3,False,,Wednesday,2,218
2025-08-06 03:00:00,6987.805,49.985,20.0,98,0.0,3,False,,Wednesday,3,218
2025-08-06 04:00:00,6870.4574999999995,50.045,19.9,98,0.0,2,False,,Wednesday,4,218
2025-08-06 05:00:00,7194.695,50.035,19.6,98,0.0,2,False,,Wednesday,5,218
2025-08-06 06:00:00,8163.682500000001,50.025,20.0,97,0.0,3,False,,Wednesday,6,218
2025-08-06 07:00:00,9906.4,50.03,20.9,91,0.0,3,False,,Wednesday,7,218
2025-08-06 08:00:00,10441.0825,50.004999999999995,22.0,86,0.1,51,False,,Wednesday,8,218
2025-08-06 09:00:00,10343.9225,50.04,23.3,80,0.2,51,False,,Wednesday,9,218
2025-08-06 10:00:00,10755.162499999999,49.905,24.9,74,0.1,51,False,,Wednesday,10,218
2025-08-06 11:00:00,10646.5025,49.965,26.0,69,0.1,51,False,,Wednesday,11,218
2025-08-06 12:00:00,10873.2975,50.025,26.9,65,0.1,51,False,,Wednesday,12,218
2025-08-06 13:00:00,10718.125000000002,50.03,27.1,65,0.1,51,False,,Wednesday,13,218
2025-08-06 14:00:00,10635.2225,50.045,27.9,64,0.1,51,False,,Wednesday,14,218
2025-08-06 15:00:00,10771.0975,49.97,27.5,63,0.0,2,False,,Wednesday,15,218
2025-08-06 16:00:00,10555.16,50.07,25.8,72,0.6,53,False,,Wednesday,16,218
2025-08-06 17:00:00,10242.2375,50.04,25.8,72,0.0,1,False,,Wednesday,17,218
2025-08-06 18:00:00,10243.67,50.075,24.6,80,0.0,2,False,,Wednesday,18,218
2025-08-06 19:00:00,10358.2625,50.08,23.5,84,0.0,2,False,,Wednesday,19,218
2025-08-06 20:00:00,9999.439999999999,50.015,23.0,85,0.0,3,False,,Wednesday,20,218
2025-08-06 21:00:00,9509.465,50.035,22.5,87,0.0,2,False,,Wednesday,21,218
2025-08-06 22:00:00,8809.6275,50.03,22.2,90,0.0,0,False,,Wednesday,22,218
2025-08-06 23:00:00,8385.3975,50.0,21.7,92,0.0,0,False,,Wednesday,23,218
2025-08-07 00:00:00,8062.5075,50.025000000000006,21.1,94,0.0,2,False,,Thursday,0,219
2025-08-07 01:00:00,7708.585000000001,50.015,20.6,95,0.0,3,False,,Thursday,1,219
2025-08-07 02:00:00,7387.8925,50.004999999999995,20.2,96,0.0,3,False,,Thursday,2,219
2025-08-07 03:00:00,7283.4025,49.975,20.0,97,0.0,3,False,,Thursday,3,219
2025-08-07 04:00:00,7337.2075,50.045,19.9,98,0.0,3,False,,Thursday,4,219
2025-08-07 05:00:00,7917.805,50.035,19.9,98,0.0,3,False,,Thursday,5,219
2025-08-07 06:00:00,8824.1325,50.045,20.5,99,0.6,53,False,,Thursday,6,219
2025-08-07 07:00:00,10640.779999999999,49.985,21.0,96,0.3,51,False,,Thursday,7,219
2025-08-07 08:00:00,11335.275,49.94,21.6,92,0.3,51,False,,Thursday,8,219
2025-08-07 09:00:00,11475.11,50.11,22.3,88,0.1,51,False,,Thursday,9,219
2025-08-07 10:00:00,11659.16,50.05,23.9,79,0.0,3,False,,Thursday,10,219
2025-08-07 11:00:00,11346.622500000001,49.995000000000005,25.6,72,0.1,51,False,,Thursday,11,219
2025-08-07 12:00:00,11241.015000000001,50.010000000000005,26.7,67,0.3,51,False,,Thursday,12,219
2025-08-07 13:00:00,10559.917500000001,49.925,27.4,65,0.2,51,False,,Thursday,13,219
2025-08-07 14:00:00,10585.525000000001,50.035,27.9,66,0.0,1,False,,Thursday,14,219
2025-08-07 15:00:00,10441.4625,50.05,28.0,64,0.0,1,False,,Thursday,15,219
2025-08-07 16:00:00,10571.965,50.035,27.8,62,0.0,1,False,,Thursday,16,219
2025-08-07 17:00:00,10298.252499999999,50.03,27.3,65,0.0,1,False,,Thursday,17,219
2025-08-07 18:00:00,10177.6225,50.085,25.9,74,0.0,1,False,,Thursday,18,219
2025-08-07 19:00:00,10108.785,50.08,24.8,76,0.0,1,False,,Thursday,19,219
2025-08-07 20:00:00,10078.400000000001,50.035,23.6,81,0.0,3,False,,Thursday,20,219
2025-08-07 21:00:00,9404.272500000001,50.04,23.4,81,0.1,51,False,,Thursday,21,219
2025-08-07 22:00:00,8703.335,50.045,22.4,85,0.0,3,False,,Thursday,22,219
2025-08-07 23:00:00,8481.8725,50.010000000000005,21.5,90,0.1,51,False,,Thursday,23,219
2025-08-08 00:00:00,7636.505,50.005,21.5,91,0.1,51,False,,Friday,0,220
2025-08-08 01:00:00,7755.200000000001,50.0,21.2,93,0.0,3,False,,Friday,1,220
2025-08-08 02:00:00,7379.545,50.035,21.0,95,0.0,3,False,,Friday,2,220
2025-08-08 03:00:00,7341.455,49.935,20.7,97,0.0,3,False,,Friday,3,220
2025-08-08 04:00:00,7648.147500000001,49.995000000000005,20.5,98,0.0,3,False,,Friday,4,220
2025-08-08 05:00:00,8389.725,50.02,20.5,97,0.0,3,False,,Friday,5,220
2025-08-08 06:00:00,9276.0225,50.040000000000006,20.6,95,0.5,53,False,,Friday,6,220
2025-08-08 07:00:00,10577.704999999998,49.995000000000005,20.2,95,1.7,61,False,,Friday,7,220
2025-08-08 08:00:00,11434.91,50.019999999999996,21.0,92,0.1,51,False,,Friday,8,220
2025-08-08 09:00:00,11908.7025,49.995000000000005,22.2,87,0.0,3,False,,Friday,9,220
2025-08-08 10:00:00,12317.81,50.07,23.7,80,0.0,3,False,,Friday,10,220
2025-08-08 11:00:00,12062.247499999998,49.995,24.9,75,0.1,51,False,,Friday,11,220
2025-08-08 12:00:00,11794.255,50.019999999999996,25.8,71,0.1,51,False,,Friday,12,220
2025-08-08 13:00:00,11164.415,50.019999999999996,27.0,68,0.1,51,False,,Friday,13,220
2025-08-08 14:00:00,10872.9775,50.045,27.2,66,0.1,51,False,,Friday,14,220
2025-08-08 15:00:00,10448.7225,50.025000000000006,27.1,65,0.0,3,False,,Friday,15,220
2025-08-08 16:00:00,10426.044999999998,50.01,24.6,75,0.2,51,False,,Friday,16,220
2025-08-08 17:00:00,10182.4225,49.86,24.2,78,0.2,51,False,,Friday,17,220
2025-08-08 18:00:00,10004.237500000001,50.019999999999996,23.0,90,0.2,51,False,,Friday,18,220
2025-08-08 19:00:00,9896.335,50.08,21.0,94,1.6,61,False,,Friday,19,220
2025-08-08 20:00:00,9426.385,50.055,21.1,95,0.4,51,False,,Friday,20,220
2025-08-08 21:00:00,8636.0325,50.03,21.0,97,0.5,53,False,,Friday,21,220
2025-08-08 22:00:00,8132.385,50.010000000000005,20.9,98,0.2,51,False,,Friday,22,220
2025-08-08 23:00:00,7833.1925,50.03,20.8,97,0.2,51,False,,Friday,23,220
2025-08-09 00:00:00,7479.379999999999,49.995000000000005,20.5,95,0.2,51,False,,Saturday,0,221
2025-08-09 01:00:00,7451.4375,50.010000000000005,20.4,95,0.1,51,False,,Saturday,1,221
2025-08-09 02:00:00,7144.26,49.985,20.2,96,0.2,51,False,,Saturday,2,221
2025-08-09 03:00:00,6892.885,49.97,20.0,98,0.1,51,False,,Saturday,3,221
2025-08-09 04:00:00,6839.4749999999985,50.010000000000005,20.0,97,0.1,51,False,,Saturday,4,221
2025-08-09 05:00:00,7354.2225,50.045,20.0,98,0.1,51,False,,Saturday,5,221
2025-08-09 06:00:00,8140.8375,50.1,20.5,98,0.1,51,False,,Saturday,6,221
2025-08-09 07:00:00,9679.6675,50.055,20.8,97,0.0,3,False,,Saturday,7,221
2025-08-09 08:00:00,9897.605,50.0,22.0,89,0.0,3,False,,Saturday,8,221
2025-08-09 09:00:00,10357.0125,50.125,23.9,80,0.0,3,False,,Saturday,9,221
2025-08-09 10:00:00,10665.8125,50.135,24.5,75,0.1,51,False,,Saturday,10,221
2025-08-09 11:00:00,10328.73,50.010000000000005,24.9,73,0.0,3,False,,Saturday,11,221
2025-08-09 12:00:00,10177.115000000002,50.055,25.5,71,0.0,3,False,,Saturday,12,221
2025-08-09 13:00:00,10123.247500000001,50.14,26.4,68,0.1,51,False,,Saturday,13,221
2025-08-09 14:00:00,9614.1375,50.125,26.5,66,0.0,3,False,,Saturday,14,221
2025-08-09 15:00:00,9649.477499999999,49.925,26.2,69,0.1,51,False,,Saturday,15,221
2025-08-09 16:00:00,9603.787499999999,49.95,23.0,81,2.9,63,False,,Saturday,16,221
2025-08-09 17:00:00,9204.2325,50.019999999999996,22.4,85,0.8,53,False,,Saturday,17,221
2025-08-09 18:00:00,8964.267500000002,50.045,22.6,87,0.4,51,False,,Saturday,18,221
2025-08-09 19:00:00,8874.162499999999,50.05500000000001,21.9,92,0.2,51,False,,Saturday,19,221
2025-08-09 20:00:00,8792.4075,49.989999999999995,21.3,93,0.2,51,False,,Saturday,20,221
2025-08-09 21:00:00,8387.7825,49.97,21.1,93,0.3,51,False,,Saturday,21,221
2025-08-09 22:00:00,7939.220000000001,50.06,21.0,94,0.7,53,False,,Saturday,22,221
2025-08-09 23:00:00,7556.110000000001,49.97,20.8,96,0.8,53,False,,Saturday,23,221
2025-08-10 00:00:00,6854.685,50.05,20.6,97,0.8,53,True,Sunday,Sunday,0,222
2025-08-10 01:00:00,6765.9975,49.980000000000004,20.5,97,1.1,55,True,Sunday,Sunday,1,222
2025-08-10 02:00:00,6766.89,50.015,20.4,98,0.8,53,True,Sunday,Sunday,2,222
2025-08-10 03:00:00,6338.4175,50.015,20.3,98,0.8,53,True,Sunday,Sunday,3,222
2025-08-10 04:00:00,6453.12,50.0,20.2,99,0.8,53,True,Sunday,Sunday,4,222
2025-08-10 05:00:00,6576.9325,49.985,20.1,99,0.6,53,True,Sunday,Sunday,5,222
2025-08-10 06:00:00,7177.82,50.035,20.1,99,0.1,51,True,Sunday,Sunday,6,222
2025-08-10 07:00:00,8174.985,50.03,20.6,96,0.2,51,True,Sunday,Sunday,7,222
2025-08-10 08:00:00,8505.012499999999,50.03,21.6,91,0.3,51,True,Sunday,Sunday,8,222
2025-08-10 09:00:00,8834.9875,50.05,22.9,82,0.1,51,True,Sunday,Sunday,9,222
2025-08-10 10:00:00,8799.5075,50.004999999999995,24.5,72,0.1,51,True,Sunday,Sunday,10,222
2025-08-10 11:00:00,8911.8875,50.0,25.4,70,0.1,51,True,Sunday,Sunday,11,222
2025-08-10 12:00:00,8772.3,50.004999999999995,25.9,68,0.0,3,True,Sunday,Sunday,12,222
2025-08-10 13:00:00,8576.43,49.99,26.2,65,0.0,3,True,Sunday,Sunday,13,222
2025-08-10 14:00:00,7999.562499999999,50.025,26.5,60,0.0,3,True,Sunday,Sunday,14,222
2025-08-10 15:00:00,8055.015,49.955,25.0,69,0.5,53,True,Sunday,Sunday,15,222
2025-08-10 16:00:00,7719.612500000001,49.99,22.8,81,1.2,55,True,Sunday,Sunday,16,222
2025-08-10 17:00:00,7694.3425,50.04,22.8,82,0.0,3,True,Sunday,Sunday,17,222
2025-08-10 18:00:00,8144.76,49.97,21.0,91,0.9,53,True,Sunday,Sunday,18,222
2025-08-10 19:00:00,8177.9025,50.004999999999995,20.2,94,2.6,63,True,Sunday,Sunday,19,222
2025-08-10 20:00:00,7917.1799999999985,50.025,20.0,95,1.2,55,True,Sunday,Sunday,20,222
2025-08-10 21:00:00,7704.094999999999,50.004999999999995,20.0,94,0.5,53,True,Sunday,Sunday,21,222
2025-08-10 22:00:00,7170.107499999999,50.004999999999995,20.0,95,0.2,51,True,Sunday,Sunday,22,222
2025-08-10 23:00:00,6845.9125,49.955,19.9,97,0.0,3,True,Sunday,Sunday,23,222
2025-08-11 00:00:00,6309.197499999998,50.025000000000006,20.0,97,0.1,51,False,,Monday,0,223
2025-08-11 01:00:00,5988.8825,49.995000000000005,19.8,97,0.5,53,False,,Monday,1,223
2025-08-11 02:00:00,5910.6225,49.974999999999994,19.5,98,0.5,53,False,,Monday,2,223
2025-08-11 03:00:00,5739.8825,49.935,19.4,98,0.0,3,False,,Monday,3,223
2025-08-11 04:00:00,5849.4525,49.97,19.2,99,0.5,53,False,,Monday,4,223
2025-08-11 05:00:00,6441.737500000001,49.955,19.2,99,0.1,51,False,,Monday,5,223
2025-08-11 06:00:00,7482.8225,50.02,19.9,98,0.2,51,False,,Monday,6,223
2025-08-11 07:00:00,9733.36,49.985,20.4,95,0.3,51,False,,Monday,7,223
2025-08-11 08:00:00,10494.04,50.055,21.5,88,0.3,51,False,,Monday,8,223
2025-08-11 09:00:00,10511.44,50.07,22.5,86,0.4,51,False,,Monday,9,223
2025-08-11 10:00:00,10600.7025,49.980000000000004,23.8,78,0.0,3,False,,Monday,10,223
2025-08-11 11:00:00,9900.6775,49.975,25.0,69,0.0,3,False,,Monday,11,223
2025-08-11 12:00:00,9638.442500000001,49.985,21.7,83,1.9,61,False,,Monday,12,223
2025-08-11 13:00:00,9350.5475,50.085,22.5,83,0.6,53,False,,Monday,13,223
2025-08-11 14:00:00,8874.485,50.019999999999996,24.0,77,0.2,51,False,,Monday,14,223
2025-08-11 15:00:00,8928.1025,50.010000000000005,24.5,69,0.0,3,False,,Monday,15,223
2025-08-11 16:00:00,8892.61,50.019999999999996,24.7,67,0.0,2,False,,Monday,16,223
2025-08-11 17:00:00,8874.050000000001,50.06,24.2,70,0.0,3,False,,Monday,17,223
2025-08-11 18:00:00,9152.1925,50.004999999999995,22.9,86,0.5,53,False,,Monday,18,223
2025-08-11 19:00:00,9244.6475,50.055,22.0,87,0.0,3,False,,Monday,19,223
2025-08-11 20:00:00,8973.957499999999,49.97,21.5,88,0.3,51,False,,Monday,20,223
2025-08-11 21:00:00,8383.592499999999,50.05,21.1,90,0.3,51,False,,Monday,21,223
2025-08-11 22:00:00,7802.5599999999995,50.04,21.0,91,0.0,3,False,,Monday,22,223
2025-08-11 23:00:00,7277.58,50.055,20.5,94,0.8,53,False,,Monday,23,223
2025-08-12 00:00:00,6862.955,50.035,20.2,95,0.1,51,False,,Tuesday,0,224
2025-08-12 01:00:00,6763.58,49.89,20.0,95,0.0,3,False,,Tuesday,1,224
2025-08-12 02:00:00,6566.75,49.955,19.6,96,0.0,3,False,,Tuesday,2,224
2025-08-12 03:00:00,6433.44,49.95,19.3,97,0.0,3,False,,Tuesday,3,224
2025-08-12 04:00:00,6365.7875,50.03,19.1,97,0.0,3,False,,Tuesday,4,224
2025-08-12 05:00:00,6711.6,50.035,19.1,97,0.0,3,False,,Tuesday,5,224
2025-08-12 06:00:00,8025.477499999999,49.989999999999995,19.5,96,0.0,3,False,,Tuesday,6,224
2025-08-12 07:00:00,9889.7175,49.989999999999995,20.3,92,0.0,3,False,,Tuesday,7,224
2025-08-12 08:00:00,10529.345000000001,49.995,21.5,84,0.1,51,False,,Tuesday,8,224
2025-08-12 09:00:00,10326.349999999999,49.96,22.9,76,0.1,51,False,,Tuesday,9,224
2025-08-12 10:00:00,10568.0975,50.05,23.8,73,0.0,3,False,,Tuesday,10,224
2025-08-12 11:00:00,10032.127499999999,50.015,24.5,69,0.0,3,False,,Tuesday,11,224
2025-08-12 12:00:00,9731.185000000001,50.01,25.5,69,0.0,3,False,,Tuesday,12,224
2025-08-12 13:00:00,9593.3525,50.015,25.5,68,0.0,3,False,,Tuesday,13,224
2025-08-12 14:00:00,9277.1725,49.980000000000004,25.1,70,0.5,53,False,,Tuesday,14,224
2025-08-12 15:00:00,9385.630000000001,49.95,24.7,70,0.1,51,False,,Tuesday,15,224
2025-08-12 16:00:00,8996.095,49.965,23.1,79,2.4,61,False,,Tuesday,16,224
2025-08-12 17:00:00,9010.5175,50.0,23.1,81,0.0,3,False,,Tuesday,17,224
2025-08-12 18:00:00,8902.807499999999,50.025,22.5,76,0.1,51,False,,Tuesday,18,224
2025-08-12 19:00:00,9298.189999999999,50.055,20.1,91,0.4,51,False,,Tuesday,19,224
2025-08-12 20:00:00,8973.5775,50.019999999999996,19.9,94,0.8,53,False,,Tuesday,20,224
2025-08-12 21:00:00,8601.8875,50.035,20.0,93,0.4,51,False,,Tuesday,21,224
2025-08-12 22:00:00,7894.375,49.985,19.6,96,0.8,53,False,,Tuesday,22,224
2025-08-12 23:00:00,7359.7425,49.885,19.5,96,0.1,51,False,,Tuesday,23,224
2025-08-13 00:00:00,6658.0025,50.03,19.4,97,0.3,51,False,,Wednesday,0,225
2025-08-13 01:00:00,6636.442499999999,50.04,19.4,98,0.3,51,False,,Wednesday,1,225
2025-08-13 02:00:00,6330.514999999999,49.995,19.5,98,0.3,51,False,,Wednesday,2,225
2025-08-13 03:00:00,6205.657499999999,50.01,19.2,99,0.7,53,False,,Wednesday,3,225
2025-08-13 04:00:00,6317.942499999999,50.03,19.1,98,0.9,53,False,,Wednesday,4,225
2025-08-13 05:00:00,6791.11,50.015,19.2,97,0.4,51,False,,Wednesday,5,225
2025-08-13 06:00:00,7994.209999999999,50.025,19.6,98,1.8,61,False,,Wednesday,6,225
2025-08-13 07:00:00,10041.55,50.004999999999995,19.7,98,2.5,63,False,,Wednesday,7,225
2025-08-13 08:00:00,10756.970000000001,49.95,19.9,98,1.5,61,False,,Wednesday,8,225
2025-08-13 09:00:00,10483.217499999999,50.03,20.1,97,1.8,61,False,,Wednesday,9,225
2025-08-13 10:00:00,10773.4375,50.065,20.4,97,1.9,61,False,,Wednesday,10,225
2025-08-13 11:00:00,10166.8175,49.86,21.3,89,0.7,53,False,,Wednesday,11,225
2025-08-13 12:00:00,9921.490000000002,50.015,21.6,90,0.2,51,False,,Wednesday,12,225
2025-08-13 13:00:00,9498.935,49.94,22.3,85,0.2,51,False,,Wednesday,13,225
2025-08-13 14:00:00,9102.939999999999,49.980000000000004,23.2,84,0.5,53,False,,Wednesday,14,225
2025-08-13 15:00:00,9368.8675,50.0,22.6,82,0.2,51,False,,Wednesday,15,225
2025-08-13 16:00:00,9163.6425,50.019999999999996,21.9,85,0.2,51,False,,Wednesday,16,225
2025-08-13 17:00:00,8929.627499999999,50.05,21.3,91,0.3,51,False,,Wednesday,17,225
2025-08-13 18:00:00,8936.825,50.045,20.9,93,0.2,51,False,,Wednesday,18,225
2025-08-13 19:00:00,9057.75,50.019999999999996,20.4,95,0.1,51,False,,Wednesday,19,225
2025-08-13 20:00:00,8884.31,50.03,20.3,96,0.0,3,False,,Wednesday,20,225
2025-08-13 21:00:00,8234.56,50.015,20.1,96,0.0,3,False,,Wednesday,21,225
2025-08-13 22:00:00,7488.965,50.0,19.9,95,0.0,3,False,,Wednesday,22,225
2025-08-13 23:00:00,6977.3625,49.99,19.5,96,0.1,51,False,,Wednesday,23,225
2025-08-14 00:00:00,6335.367499999999,50.04,19.3,97,0.1,51,False,,Thursday,0,226
2025-08-14 01:00:00,6080.8975,49.935,19.0,97,0.2,51,False,,Thursday,1,226
2025-08-14 02:00:00,5973.3325,49.945,19.1,97,0.2,51,False,,Thursday,2,226
2025-08-14 03:00:00,5921.0775,49.965,19.1,97,0.1,51,False,,Thursday,3,226
2025-08-14 04:00:00,6018.09,50.005,19.0,97,0.1,51,False,,Thursday,4,226
2025-08-14 05:00:00,6610.3475,50.05,18.9,97,0.1,51,False,,Thursday,5,226
2025-08-14 06:00:00,7612.32,50.05,19.4,98,0.1,51,False,,Thursday,6,226
2025-08-14 07:00:00,9755.47,50.015,19.6,97,0.1,51,False,,Thursday,7,226
2025-08-14 08:00:00,10292.119999999999,50.004999999999995,21.0,89,0.1,51,False,,Thursday,8,226
2025-08-14 09:00:00,10260.6075,50.14,22.6,79,0.1,51,False,,Thursday,9,226
2025-08-14 10:00:00,10467.470000000001,50.099999999999994,23.5,74,0.2,51,False,,Thursday,10,226
2025-08-14 11:00:00,10004.12,49.965,23.6,78,0.4,51,False,,Thursday,11,226
2025-08-14 12:00:00,9828.115,49.989999999999995,24.5,72,0.0,3,False,,Thursday,12,226
2025-08-14 13:00:00,9225.905,50.07,23.6,78,1.2,55,False,,Thursday,13,226
2025-08-14 14:00:00,8991.6225,50.04,24.7,72,0.1,51,False,,Thursday,14,226
2025-08-14 15:00:00,9026.145,49.995000000000005,23.0,83,0.8,53,False,,Thursday,15,226
2025-08-14 16:00:00,8923.032500000001,50.08,22.5,79,0.8,53,False,,Thursday,16,226
2025-08-14 17:00:00,8811.4,49.92,22.5,83,0.1,51,False,,Thursday,17,226
2025-08-14 18:00:00,8844.9425,49.945,21.6,92,0.2,51,False,,Thursday,18,226
2025-08-14 19:00:00,9152.92,49.715,21.2,89,0.1,51,False,,Thursday,19,226
2025-08-14 20:00:00,9131.032500000001,49.915,20.6,89,0.0,3,False,,Thursday,20,226
2025-08-14 21:00:00,8677.300000000001,49.94,20.1,90,0.0,3,False,,Thursday,21,226
2025-08-14 22:00:00,7753.747499999999,50.065,19.7,91,0.0,1,False,,Thursday,22,226
2025-08-14 23:00:00,7155.714999999999,50.045,19.2,93,0.0,3,False,,Thursday,23,226
2025-08-15 00:00:00,6699.0599999999995,49.989999999999995,19.0,94,0.0,3,True,Independence Day,Friday,0,227
2025-08-15 01:00:00,6409.0675,49.9,19.0,96,0.0,3,True,Independence Day,Friday,1,227
2025-08-15 02:00:00,6151.157499999999,50.0,19.0,96,0.0,3,True,Independence Day,Friday,2,227
2025-08-15 03:00:00,6087.71,50.035,19.2,94,0.0,3,True,Independence Day,Friday,3,227
2025-08-15 04:00:00,6112.450000000001,50.015,19.2,94,0.0,3,True,Independence Day,Friday,4,227
2025-08-15 05:00:00,6599.9675,49.980000000000004,19.5,92,0.0,3,True,Independence Day,Friday,5,227
2025-08-15 06:00:00,7993.254999999999,49.97,19.6,98,0.0,3,True,Independence Day,Friday,6,227
2025-08-15 07:00:00,9409.8575,50.019999999999996,20.2,95,0.1,51,True,Independence Day,Friday,7,227
2025-08-15 08:00:00,8956.4975,50.004999999999995,21.0,89,0.0,3,True,Independence Day,Friday,8,227
2025-08-15 09:00:00,9093.8975,50.08,21.5,85,0.0,3,True,Independence Day,Friday,9,227
2025-08-15 10:00:00,8886.5425,50.015,23.1,76,0.0,3,True,Independence Day,Friday,10,227
2025-08-15 11:00:00,8761.6775,49.91,23.4,75,0.1,51,True,Independence Day,Friday,11,227
2025-08-15 12:00:00,8397.925,49.94,24.7,70,0.1,51,True,Independence Day,Friday,12,227
2025-08-15 13:00:00,8087.765,50.06,26.0,67,0.2,51,True,Independence Day,Friday,13,227
2025-08-15 14:00:00,7552.9925,49.985,24.8,74,1.9,61,True,Independence Day,Friday,14,227
2025-08-15 15:00:00,6693.26,49.959999999999994,23.5,77,1.3,61,True,Independence Day,Friday,15,227
2025-08-15 16:00:00,6608.7025,49.97,23.5,83,1.2,55,True,Independence Day,Friday,16,227
2025-08-15 17:00:00,6524.9525,50.05,21.9,85,3.0,63,True,Independence Day,Friday,17,227
2025-08-15 18:00:00,6975.462500000001,50.03,22.2,85,0.0,3,True,Independence Day,Friday,18,227
2025-08-15 19:00:00,7448.2075,50.010000000000005,21.8,86,0.1,51,True,Independence Day,Friday,19,227
2025-08-15 20:00:00,7366.83,50.04,21.3,87,0.0,3,True,Independence Day,Friday,20,227
2025-08-15 21:00:00,7000.025,49.86,21.0,90,0.1,51,True,Independence Day,Friday,21,227
2025-08-15 22:00:00,6528.705,49.959999999999994,20.8,90,0.1,51,True,Independence Day,Friday,22,227
2025-08-15 23:00:00,6020.9725,49.894999999999996,20.5,93,0.0,3,True,Independence Day,Friday,23,227
2025-08-16 00:00:00,5559.965,50.015,20.5,93,0.1,51,True,Janmashtami,Saturday,0,228
2025-08-16 01:00:00,5275.53,50.04,20.2,94,0.2,51,True,Janmashtami,Saturday,1,228
2025-08-16 02:00:00,5024.5525,50.045,20.0,94,0.2,51,True,Janmashtami,Saturday,2,228
2025-08-16 03:00:00,4821.2699999999995,50.05,19.7,94,0.1,51,True,Janmashtami,Saturday,3,228
2025-08-16 04:00:00,5045.4725,50.015,19.7,93,0.0,3,True,Janmashtami,Saturday,4,228
2025-08-16 05:00:00,5630.914999999999,50.04,19.7,93,0.1,51,True,Janmashtami,Saturday,5,228
2025-08-16 06:00:00,6509.154999999999,50.05,20.3,93,0.0,3,True,Janmashtami,Saturday,6,228
2025-08-16 07:00:00,8512.127499999999,49.93,20.6,93,0.0,3,True,Janmashtami,Saturday,7,228
2025-08-16 08:00:00,9109.125,49.985,21.3,88,0.1,51,True,Janmashtami,Saturday,8,228
2025-08-16 09:00:00,9214.0425,49.980000000000004,22.5,80,0.1,51,True,Janmashtami,Saturday,9,228
2025-08-16 10:00:00,9384.997500000001,49.91,24.3,72,0.4,51,True,Janmashtami,Saturday,10,228
2025-08-16 11:00:00,9271.087500000001,50.1,25.2,67,0.1,51,True,Janmashtami,Saturday,11,228
2025-08-16 12:00:00,9105.720000000001,50.010000000000005,26.4,65,0.0,3,True,Janmashtami,Saturday,12,228
2025-08-16 13:00:00,8377.474999999999,49.935,26.7,64,0.0,3,True,Janmashtami,Saturday,13,228
2025-08-16 14:00:00,8171.3,49.94,25.8,70,0.7,53,True,Janmashtami,Saturday,14,228
2025-08-16 15:00:00,8334.6025,50.055,24.1,79,1.2,55,True,Janmashtami,Saturday,15,228
2025-08-16 16:00:00,8081.4825,49.94,22.8,81,1.2,55,True,Janmashtami,Saturday,16,228
2025-08-16 17:00:00,7698.94,50.0,22.3,89,0.2,51,True,Janmashtami,Saturday,17,228
2025-08-16 18:00:00,7930.1575,50.09,21.4,86,1.0,55,True,Janmashtami,Saturday,18,228
2025-08-16 19:00:00,8416.467499999999,49.99,21.2,91,0.1,51,True,Janmashtami,Saturday,19,228
2025-08-16 20:00:00,8368.009999999998,50.019999999999996,21.1,92,0.0,3,True,Janmashtami,Saturday,20,228
2025-08-16 21:00:00,7895.5824999999995,49.915,20.9,91,0.0,3,True,Janmashtami,Saturday,21,228
2025-08-16 22:00:00,7387.9525,49.974999999999994,20.5,93,0.0,3,True,Janmashtami,Saturday,22,228
2025-08-16 23:00:00,6825.964999999999,50.01,20.0,94,0.1,51,True,Janmashtami,Saturday,23,228
2025-08-17 00:00:00,6316.054999999999,50.0,20.1,95,0.1,51,True,Sunday,Sunday,0,229
2025-08-17 01:00:00,6101.65,49.864999999999995,20.0,95,0.1,51,True,Sunday,Sunday,1,229
2025-08-17 02:00:00,5898.25,50.010000000000005,19.8,95,0.0,3,True,Sunday,Sunday,2,229
2025-08-17 03:00:00,5700.1875,50.010000000000005,19.8,94,0.0,3,True,Sunday,Sunday,3,229
2025-08-17 04:00:00,5640.657499999999,50.05,19.7,93,0.0,3,True,Sunday,Sunday,4,229
2025-08-17 05:00:00,6173.360000000001,50.019999999999996,19.8,93,0.0,3,True,Sunday,Sunday,5,229
2025-08-17 06:00:00,6684.01,50.04,20.2,96,0.0,3,True,Sunday,Sunday,6,229
2025-08-17 07:00:00,7765.7525,49.97,20.6,94,0.2,51,True,Sunday,Sunday,7,229
2025-08-17 08:00:00,8359.74,50.035,21.5,89,0.3,51,True,Sunday,Sunday,8,229
2025-08-17 09:00:00,8714.995,49.989999999999995,22.5,83,0.2,51,True,Sunday,Sunday,9,229
2025-08-17 10:00:00,8935.975,49.989999999999995,24.0,76,0.1,51,True,Sunday,Sunday,10,229
2025-08-17 11:00:00,8498.7125,49.94499999999999,23.5,76,0.1,51,True,Sunday,Sunday,11,229
2025-08-17 12:00:00,8080.93,50.019999999999996,25.5,69,0.1,51,True,Sunday,Sunday,12,229
2025-08-17 13:00:00,7703.1525,49.995000000000005,23.9,75,4.6,63,True,Sunday,Sunday,13,229
2025-08-17 14:00:00,7312.202499999999,50.135000000000005,23.6,79,1.8,61,True,Sunday,Sunday,14,229
2025-08-17 15:00:00,6992.4025,50.0,22.7,82,2.8,63,True,Sunday,Sunday,15,229
2025-08-17 16:00:00,6748.6849999999995,50.019999999999996,21.9,88,4.3,63,True,Sunday,Sunday,16,229
2025-08-17 17:00:00,6688.137500000001,50.019999999999996,21.4,90,0.5,53,True,Sunday,Sunday,17,229
2025-08-17 18:00:00,7045.7075,50.035,20.6,91,0.6,53,True,Sunday,Sunday,18,229
2025-08-17 19:00:00,7438.115,49.955,20.4,93,0.8,53,True,Sunday,Sunday,19,229
2025-08-17 20:00:00,7347.5650000000005,49.959999999999994,20.4,93,0.2,51,True,Sunday,Sunday,20,229
2025-08-17 21:00:00,6931.2775,50.04,20.2,93,0.1,51,True,Sunday,Sunday,21,229
2025-08-17 22:00:00,6434.2125,50.07,20.0,93,0.2,51,True,Sunday,Sunday,22,229
2025-08-17 23:00:00,5768.264999999999,50.075,19.9,93,0.3,51,True,Sunday,Sunday,23,229
2025-08-18 00:00:00,5385.965,49.985,19.8,94,0.1,51,False,,Monday,0,230
2025-08-18 01:00:00,5039.625,50.0,19.8,95,0.2,51,False,,Monday,1,230
2025-08-18 02:00:00,4976.45,50.015,19.7,94,0.1,51,False,,Monday,2,230
2025-08-18 03:00:00,4960.6849999999995,49.99,19.5,94,0.1,51,False,,Monday,3,230
2025-08-18 04:00:00,5102.535,49.91,19.4,93,0.1,51,False,,Monday,4,230
2025-08-18 05:00:00,5459.885,49.99,19.3,93,0.0,3,False,,Monday,5,230
2025-08-18 06:00:00,6364.905,49.995,20.0,94,0.1,51,False,,Monday,6,230
2025-08-18 07:00:00,8833.4475,49.935,20.1,93,0.5,53,False,,Monday,7,230
2025-08-18 08:00:00,9461.79,50.040000000000006,20.5,92,0.1,51,False,,Monday,8,230
2025-08-18 09:00:00,9632.595,50.065,21.4,87,0.5,53,False,,Monday,9,230
2025-08-18 10:00:00,9729.2325,50.05,21.6,83,0.4,51,False,,Monday,10,230
2025-08-18 11:00:00,9122.362500000001,49.995,21.3,86,0.7,53,False,,Monday,11,230
2025-08-18 12:00:00,8654.942500000001,49.975,22.2,89,0.3,51,False,,Monday,12,230
2025-08-18 13:00:00,8116.950000000001,50.03,22.6,83,0.3,51,False,,Monday,13,230
2025-08-18 14:00:00,7952.835000000001,50.025000000000006,22.1,87,1.4,61,False,,Monday,14,230
2025-08-18 15:00:00,7912.620000000001,50.05500000000001,21.9,83,1.2,55,False,,Monday,15,230
2025-08-18 16:00:00,8071.960000000001,50.07,21.9,88,0.2,51,False,,Monday,16,230
2025-08-18 17:00:00,8022.247500000001,49.96,21.6,83,0.5,53,False,,Monday,17,230
2025-08-18 18:00:00,8077.93,49.93,21.1,90,0.1,51,False,,Monday,18,230
2025-08-18 19:00:00,8411.5,50.065,20.9,88,0.0,3,False,,Monday,19,230
2025-08-18 20:00:00,8240.14,50.05500000000001,20.6,85,0.0,3,False,,Monday,20,230
2025-08-18 21:00:00,7666.705,50.05,20.4,87,0.0,3,False,,Monday,21,230
2025-08-18 22:00:00,6914.4025,49.975,20.2,87,0.0,3,False,,Monday,22,230
2025-08-18 23:00:00,6379.2699999999995,50.005,20.0,87,0.0,3,False,,Monday,23,230
2025-08-19 00:00:00,5829.71,50.004999999999995,19.9,86,0.0,3,False,,Tuesday,0,231
2025-08-19 01:00:00,5491.555,49.97,19.6,87,0.0,3,False,,Tuesday,1,231
2025-08-19 02:00:00,5312.5175,49.980000000000004,19.2,88,0.0,3,False,,Tuesday,2,231
2025-08-19 03:00:00,5261.2525,50.019999999999996,19.2,87,0.0,3,False,,Tuesday,3,231
2025-08-19 04:00:00,5273.8175,49.995000000000005,19.0,88,0.0,3,False,,Tuesday,4,231
2025-08-19 05:00:00,5543.4675,50.025,19.0,89,0.0,3,False,,Tuesday,5,231
2025-08-19 06:00:00,6609.97,50.05,19.8,89,0.0,3,False,,Tuesday,6,231
2025-08-19 07:00:00,9158.175,50.01,20.5,86,0.0,3,False,,Tuesday,7,231
2025-08-19 08:00:00,9777.545,50.075,21.6,80,0.1,51,False,,Tuesday,8,231
2025-08-19 09:00:00,9446.795,49.97,22.5,76,0.1,51,False,,Tuesday,9,231
2025-08-19 10:00:00,9822.307499999999,50.0,23.5,70,0.0,3,False,,Tuesday,10,231
2025-08-19 11:00:00,8772.8725,50.04,25.1,63,0.0,3,False,,Tuesday,11,231
2025-08-19 12:00:00,8326.445,49.995000000000005,24.8,65,0.0,3,False,,Tuesday,12,231
2025-08-19 13:00:00,8186.594999999999,50.03,24.7,65,0.1,51,False,,Tuesday,13,231
2025-08-19 14:00:00,7914.995000000001,50.095,25.0,63,0.0,3,False,,Tuesday,14,231
2025-08-19 15:00:00,7861.382500000001,49.955,24.4,68,0.0,2,False,,Tuesday,15,231
2025-08-19 16:00:00,8083.485000000001,49.965,24.7,65,0.0,3,False,,Tuesday,16,231
2025-08-19 17:00:00,8160.7750000000015,50.0,23.8,70,0.0,3,False,,Tuesday,17,231
2025-08-19 18:00:00,8474.0825,50.045,22.1,72,0.0,3,False,,Tuesday,18,231
2025-08-19 19:00:00,8582.865,50.03,21.3,78,0.0,3,False,,Tuesday,19,231
2025-08-19 20:00:00,8401.2975,50.010000000000005,20.9,82,0.0,3,False,,Tuesday,20,231
2025-08-19 21:00:00,7949.610000000001,50.005,20.5,85,0.0,3,False,,Tuesday,21,231
2025-08-19 22:00:00,7085.26,50.04,20.1,88,0.0,3,False,,Tuesday,22,231
2025-08-19 23:00:00,6392.41,50.02,20.0,89,0.0,3,False,,Tuesday,23,231
2025-08-20 00:00:00,5863.0975,50.019999999999996,19.9,91,0.0,3,False,,Wednesday,0,232
2025-08-20 01:00:00,5576.72,49.995000000000005,20.0,91,0.0,3,False,,Wednesday,1,232
2025-08-20 02:00:00,5325.5025,49.974999999999994,19.9,91,0.0,3,False,,Wednesday,2,232
2025-08-20 03:00:00,5170.2,49.905,19.7,93,0.1,51,False,,Wednesday,3,232
2025-08-20 04:00:00,5382.3475,49.96,19.5,92,0.0,3,False,,Wednesday,4,232
2025-08-20 05:00:00,5821.1325,50.03,19.0,94,0.0,3,False,,Wednesday,5,232
2025-08-20 06:00:00,6858.515,49.975,19.7,91,0.0,3,False,,Wednesday,6,232
2025-08-20 07:00:00,9428.675,49.975,20.2,90,0.0,3,False,,Wednesday,7,232
2025-08-20 08:00:00,10165.89,50.05,21.6,80,0.1,51,False,,Wednesday,8,232
2025-08-20 09:00:00,9822.185000000001,50.019999999999996,23.3,71,0.0,3,False,,Wednesday,9,232
2025-08-20 10:00:00,10259.417500000001,50.07,24.7,64,0.0,3,False,,Wednesday,10,232
2025-08-20 11:00:00,9300.630000000001,50.055,25.2,63,0.0,3,False,,Wednesday,11,232
2025-08-20 12:00:00,9021.36,50.055,26.1,61,0.0,2,False,,Wednesday,12,232
2025-08-20 13:00:00,8556.810000000001,50.010000000000005,27.2,55,0.2,51,False,,Wednesday,13,232
2025-08-20 14:00:00,8214.157500000001,50.230000000000004,26.9,57,0.5,53,False,,Wednesday,14,232
2025-08-20 15:00:00,8505.447500000002,50.07,26.0,60,0.1,51,False,,Wednesday,15,232
2025-08-20 16:00:00,8444.0625,50.05,24.9,67,0.2,51,False,,Wednesday,16,232
2025-08-20 17:00:00,8376.4825,49.95,23.9,73,0.1,51,False,,Wednesday,17,232
2025-08-20 18:00:00,8638.34,49.95,23.9,70,0.0,1,False,,Wednesday,18,232
2025-08-20 19:00:00,9229.807499999999,49.96,22.9,75,0.0,0,False,,Wednesday,19,232
2025-08-20 20:00:00,9267.4725,49.84,21.8,80,0.0,0,False,,Wednesday,20,232
2025-08-20 21:00:00,8621.6525,49.89,21.0,82,0.0,1,False,,Wednesday,21,232
2025-08-20 22:00:00,8002.8099999999995,50.03,20.4,85,0.0,2,False,,Wednesday,22,232
2025-08-20 23:00:00,7327.445,49.980000000000004,19.8,87,0.0,3,False,,Wednesday,23,232
2025-08-21 00:00:00,6611.0125,50.01,19.4,90,0.0,1,False,,Thursday,0,233
2025-08-21 01:00:00,6386.11,49.945,19.0,92,0.0,1,False,,Thursday,1,233
2025-08-21 02:00:00,6122.98,50.019999999999996,18.7,95,0.0,3,False,,Thursday,2,233
2025-08-21 03:00:00,5864.9525,50.035,18.5,96,0.0,2,False,,Thursday,3,233
2025-08-21 04:00:00,6138.9375,49.985,18.4,97,0.0,1,False,,Thursday,4,233
2025-08-21 05:00:00,6805.099999999999,50.04,18.2,98,0.0,3,False,,Thursday,5,233
2025-08-21 06:00:00,7772.669999999999,50.010000000000005,19.3,95,0.0,3,False,,Thursday,6,233
2025-08-21 07:00:00,10065.565,49.980000000000004,20.1,92,0.0,3,False,,Thursday,7,233
2025-08-21 08:00:00,10464.915,50.04,21.5,84,0.0,3,False,,Thursday,8,233
2025-08-21 09:00:00,9952.315,50.015,22.5,80,0.0,3,False,,Thursday,9,233
2025-08-21 10:00:00,10577.94,49.980000000000004,23.9,73,0.0,3,False,,Thursday,10,233
2025-08-21 11:00:00,9995.45,49.925,24.9,70,0.0,3,False,,Thursday,11,233
2025-08-21 12:00:00,9451.650000000001,49.905,25.5,69,0.0,3,False,,Thursday,12,233
2025-08-21 13:00:00,9220.83,49.955,26.8,65,0.0,3,False,,Thursday,13,233
2025-08-21 14:00:00,8898.085000000001,50.025,26.8,66,0.1,51,False,,Thursday,14,233
2025-08-21 15:00:00,9377.23,49.98,26.9,64,0.0,3,False,,Thursday,15,233
2025-08-21 16:00:00,9319.595,50.010000000000005,26.3,66,0.0,3,False,,Thursday,16,233
2025-08-21 17:00:00,9028.3975,50.05,26.0,68,0.0,3,False,,Thursday,17,233
2025-08-21 18:00:00,8945.125,49.975,24.6,75,0.0,3,False,,Thursday,18,233
2025-08-21 19:00:00,9447.35,49.81,23.4,80,0.0,3,False,,Thursday,19,233
2025-08-21 20:00:00,9277.0075,49.965,22.6,84,0.0,3,False,,Thursday,20,233
2025-08-21 21:00:00,8844.5925,49.900000000000006,22.3,86,0.1,51,False,,Thursday,21,233
2025-08-21 22:00:00,8002.4974999999995,50.015,22.0,87,0.0,3,False,,Thursday,22,233
2025-08-21 23:00:00,7538.202499999999,49.995000000000005,21.5,89,0.0,3,False,,Thursday,23,233
2025-08-22 00:00:00,7042.612499999999,50.045,20.9,92,0.0,2,False,,Friday,0,234
2025-08-22 01:00:00,6747.7,49.980000000000004,20.3,95,0.0,2,False,,Friday,1,234
2025-08-22 02:00:00,6564.027499999999,50.010000000000005,20.0,95,0.0,2,False,,Friday,2,234
2025-08-22 03:00:00,6499.639999999999,49.955,19.5,97,0.0,3,False,,Friday,3,234
2025-08-22 04:00:00,6668.8724999999995,49.95,19.4,98,0.0,3,False,,Friday,4,234
2025-08-22 05:00:00,7138.5599999999995,49.93,19.2,98,0.0,3,False,,Friday,5,234
2025-08-22 06:00:00,8230.3725,50.035,20.1,98,0.0,3,False,,Friday,6,234
2025-08-22 07:00:00,10281.154999999999,50.03,20.8,95,0.0,3,False,,Friday,7,234
2025-08-22 08:00:00,10881.575,50.035,22.5,83,0.0,3,False,,Friday,8,234
2025-08-22 09:00:00,10765.16,50.019999999999996,23.6,79,0.0,3,False,,Friday,9,234
2025-08-22 10:00:00,10846.5925,50.045,24.8,77,0.2,51,False,,Friday,10,234
2025-08-22 11:00:00,10380.942500000001,50.004999999999995,25.8,72,0.0,3,False,,Friday,11,234
2025-08-22 12:00:00,10369.192500000001,50.02,27.0,64,0.0,3,False,,Friday,12,234
2025-08-22 13:00:00,9955.712500000001,50.02,24.3,74,0.7,53,False,,Friday,13,234
2025-08-22 14:00:00,9437.65,50.025,25.0,73,1.0,55,False,,Friday,14,234
2025-08-22 15:00:00,9695.51,49.985,25.6,71,0.1,51,False,,Friday,15,234
2025-08-22 16:00:00,9838.57,50.010000000000005,24.1,76,2.1,61,False,,Friday,16,234
2025-08-22 17:00:00,9191.6175,50.035,23.0,82,0.1,51,False,,Friday,17,234
2025-08-22 18:00:00,9135.9725,50.075,24.2,75,0.0,3,False,,Friday,18,234
2025-08-22 19:00:00,9754.3125,50.045,23.5,78,0.0,3,False,,Friday,19,234
2025-08-22 20:00:00,9749.405,50.03,23.0,81,0.0,3,False,,Friday,20,234
2025-08-22 21:00:00,8858.6325,50.035,21.1,88,0.3,51,False,,Friday,21,234
2025-08-22 22:00:00,8474.1525,50.06,20.9,91,0.1,51,False,,Friday,22,234
2025-08-22 23:00:00,7676.5825,49.97,20.5,93,0.0,3,False,,Friday,23,234
2025-08-23 00:00:00,7295.39,50.025,20.0,95,0.0,3,False,,Saturday,0,235
2025-08-23 01:00:00,6990.860000000001,49.96,20.0,96,0.0,3,False,,Saturday,1,235
2025-08-23 02:00:00,6752.7775,50.04,19.9,96,0.0,3,False,,Saturday,2,235
2025-08-23 03:00:00,6710.6225,50.055,19.8,98,0.0,3,False,,Saturday,3,235
2025-08-23 04:00:00,6818.5125,50.055,19.7,98,0.0,3,False,,Saturday,4,235
2025-08-23 05:00:00,7413.6575,50.075,19.6,99,0.0,3,False,,Saturday,5,235
2025-08-23 06:00:00,8183.6825,50.055,19.8,98,0.0,3,False,,Saturday,6,235
2025-08-23 07:00:00,9924.3,50.01,20.2,95,0.0,3,False,,Saturday,7,235
2025-08-23 08:00:00,10497.8425,49.965,21.1,88,0.0,3,False,,Saturday,8,235
2025-08-23 09:00:00,10673.567500000001,49.995000000000005,22.6,80,0.0,3,False,,Saturday,9,235
2025-08-23 10:00:00,11148.3575,50.05,24.4,73,0.0,3,False,,Saturday,10,235
2025-08-23 11:00:00,10357.490000000002,50.225,25.4,66,0.0,3,False,,Saturday,11,235
2025-08-23 12:00:00,10261.247500000001,50.14,26.6,62,0.0,3,False,,Saturday,12,235
2025-08-23 13:00:00,10016.045000000002,50.245000000000005,27.3,57,0.0,3,False,,Saturday,13,235
2025-08-23 14:00:00,9689.627499999999,50.13,27.2,57,0.0,3,False,,Saturday,14,235
2025-08-23 15:00:00,9663.157500000001,50.095,27.0,60,0.0,3,False,,Saturday,15,235
2025-08-23 16:00:00,9418.1075,49.945,26.6,60,0.0,3,False,,Saturday,16,235
2025-08-23 17:00:00,8722.715,49.99,25.6,63,0.0,3,False,,Saturday,17,235
2025-08-23 18:00:00,8598.05,50.05,24.5,69,0.0,3,False,,Saturday,18,235
2025-08-23 19:00:00,9279.3675,50.035,23.6,72,0.0,3,False,,Saturday,19,235
2025-08-23 20:00:00,9031.88,50.17,22.1,81,0.1,51,False,,Saturday,20,235
2025-08-23 21:00:00,8475.2325,50.055,21.2,86,0.1,51,False,,Saturday,21,235
2025-08-23 22:00:00,8061.279999999999,49.980000000000004,21.5,87,0.0,3,False,,Saturday,22,235
2025-08-23 23:00:00,7476.2675,49.975,21.0,89,0.0,3,False,,Saturday,23,235
2025-08-24 00:00:00,7027.852499999999,49.9,20.4,91,0.0,3,True,Sunday,Sunday,0,236
2025-08-24 01:00:00,7009.59,49.835,19.8,94,0.0,3,True,Sunday,Sunday,1,236
2025-08-24 02:00:00,6769.067499999999,50.05,19.4,96,0.0,3,True,Sunday,Sunday,2,236
2025-08-24 03:00:00,6515.01,49.995000000000005,19.1,97,0.0,3,True,Sunday,Sunday,3,236
2025-08-24 04:00:00,6764.895,49.965,19.0,97,0.0,3,True,Sunday,Sunday,4,236
2025-08-24 05:00:00,7165.63,49.995000000000005,18.8,97,0.0,3,True,Sunday,Sunday,5,236
2025-08-24 06:00:00,7725.235000000001,50.065,19.5,96,0.0,3,True,Sunday,Sunday,6,236
2025-08-24 07:00:00,8730.345,50.010000000000005,20.5,91,0.0,2,True,Sunday,Sunday,7,236
2025-08-24 08:00:00,8740.4225,50.055,22.0,80,0.0,3,True,Sunday,Sunday,8,236
2025-08-24 09:00:00,9776.5125,50.01,23.6,71,0.0,3,True,Sunday,Sunday,9,236
2025-08-24 10:00:00,9993.245,49.995,25.2,62,0.0,2,True,Sunday,Sunday,10,236
2025-08-24 11:00:00,9602.0125,50.095,26.6,56,0.0,3,True,Sunday,Sunday,11,236
2025-08-24 12:00:00,9292.93,50.1,27.2,55,0.1,51,True,Sunday,Sunday,12,236
2025-08-24 13:00:00,8765.560000000001,50.165000000000006,27.6,55,0.0,3,True,Sunday,Sunday,13,236
2025-08-24 14:00:00,8093.315,50.2,27.8,55,0.1,51,True,Sunday,Sunday,14,236
2025-08-24 15:00:00,8057.3775,49.995000000000005,28.0,55,0.0,3,True,Sunday,Sunday,15,236
2025-08-24 16:00:00,8449.7375,50.06,26.8,57,0.0,3,True,Sunday,Sunday,16,236
2025-08-24 17:00:00,7533.9375,49.97,26.1,60,0.1,51,True,Sunday,Sunday,17,236
2025-08-24 18:00:00,7696.337500000001,49.97,24.7,66,0.0,1,True,Sunday,Sunday,18,236
2025-08-24 19:00:00,8697.6,50.04,23.9,69,0.0,3,True,Sunday,Sunday,19,236
2025-08-24 20:00:00,8802.875,50.045,23.1,71,0.0,3,True,Sunday,Sunday,20,236
2025-08-24 21:00:00,8258.1175,49.995000000000005,22.1,76,0.0,3,True,Sunday,Sunday,21,236
2025-08-24 22:00:00,7847.852500000001,50.05,21.5,81,0.0,0,True,Sunday,Sunday,22,236
2025-08-24 23:00:00,7428.645,50.015,20.8,85,0.0,3,True,Sunday,Sunday,23,236
2025-08-25 00:00:00,7987.7074999999995,50.019999999999996,20.1,89,0.0,3,False,,Monday,0,237
2025-08-25 01:00:00,7754.855,50.045,19.5,92,0.0,3,False,,Monday,1,237
2025-08-25 02:00:00,7621.665,50.025,18.9,95,0.0,3,False,,Monday,2,237
2025-08-25 03:00:00,7353.575000000001,49.965,18.5,96,0.0,3,False,,Monday,3,237
2025-08-25 04:00:00,7683.9400000000005,50.0,18.0,97,0.0,3,False,,Monday,4,237
2025-08-25 05:00:00,8194.0025,49.945,17.8,98,0.0,3,False,,Monday,5,237
2025-08-25 06:00:00,9408.7625,49.975,18.6,97,0.0,3,False,,Monday,6,237
2025-08-25 07:00:00,11185.9475,49.97,19.6,92,0.0,3,False,,Monday,7,237
2025-08-25 08:00:00,11730.595000000001,50.03,21.3,84,0.0,3,False,,Monday,8,237
2025-08-25 09:00:00,12239.1875,49.975,23.1,75,0.0,3,False,,Monday,9,237
2025-08-25 10:00:00,13307.932499999999,50.019999999999996,25.1,64,0.0,3,False,,Monday,10,237
2025-08-25 11:00:00,13099.71,49.980000000000004,26.5,59,0.0,3,False,,Monday,11,237
2025-08-25 12:00:00,12902.05,49.95,27.0,57,0.0,3,False,,Monday,12,237
2025-08-25 13:00:00,12320.8325,50.105000000000004,27.0,54,0.0,3,False,,Monday,13,237
2025-08-25 14:00:00,11929.942500000001,50.065,27.1,52,0.0,3,False,,Monday,14,237
2025-08-25 15:00:00,11824.525,50.015,27.0,51,0.0,3,False,,Monday,15,237
2025-08-25 16:00:00,11452.8125,49.96,26.5,52,0.0,3,False,,Monday,16,237
2025-08-25 17:00:00,10046.1975,49.93,26.1,53,0.0,3,False,,Monday,17,237
2025-08-25 18:00:00,9726.4825,50.010000000000005,24.8,63,0.0,3,False,,Monday,18,237
2025-08-25 19:00:00,9648.8925,50.010000000000005,23.8,68,0.0,3,False,,Monday,19,237
2025-08-25 20:00:00,9299.6475,50.07,23.2,72,0.0,3,False,,Monday,20,237
2025-08-25 21:00:00,8957.7625,50.040000000000006,22.8,74,0.0,3,False,,Monday,21,237
2025-08-25 22:00:00,8504.282500000001,50.015,22.4,76,0.0,3,False,,Monday,22,237
2025-08-25 23:00:00,8049.7075,49.9,21.5,81,0.0,3,False,,Monday,23,237
2025-08-26 00:00:00,7987.7074999999995,50.019999999999996,20.8,85,0.0,3,False,,Tuesday,0,238
2025-08-26 01:00:00,7754.855,50.045,20.0,89,0.0,3,False,,Tuesday,1,238
2025-08-26 02:00:00,7621.665,50.025,19.5,92,0.0,3,False,,Tuesday,2,238
2025-08-26 03:00:00,7353.575000000001,49.965,19.0,95,0.0,3,False,,Tuesday,3,238
2025-08-26 04:00:00,7683.9400000000005,50.0,18.8,96,0.0,3,False,,Tuesday,4,238
2025-08-26 05:00:00,8194.0025,49.945,18.5,96,0.0,3,False,,Tuesday,5,238
2025-08-26 06:00:00,9408.7625,49.975,19.3,97,0.0,3,False,,Tuesday,6,238
2025-08-26 07:00:00,11185.9475,49.97,20.4,90,0.0,3,False,,Tuesday,7,238
2025-08-26 08:00:00,11730.595000000001,50.03,22.0,80,0.0,3,False,,Tuesday,8,238
2025-08-26 09:00:00,12239.1875,49.975,23.8,71,0.0,3,False,,Tuesday,9,238
2025-08-26 10:00:00,13307.932499999999,50.019999999999996,24.8,65,0.3,51,False,,Tuesday,10,238
2025-08-26 11:00:00,13099.71,49.980000000000004,25.4,62,0.2,51,False,,Tuesday,11,238
2025-08-26 12:00:00,12902.05,49.95,26.4,58,0.1,51,False,,Tuesday,12,238
2025-08-26 13:00:00,12320.8325,50.105000000000004,27.0,55,0.0,3,False,,Tuesday,13,238
2025-08-26 14:00:00,11929.942500000001,50.065,27.9,51,0.0,2,False,,Tuesday,14,238
2025-08-26 15:00:00,11824.525,50.015,28.4,50,0.0,1,False,,Tuesday,15,238
2025-08-26 16:00:00,11452.8125,49.96,26.6,56,0.2,51,False,,Tuesday,16,238
2025-08-26 17:00:00,10046.1975,49.93,24.5,67,0.2,51,False,,Tuesday,17,238
2025-08-26 18:00:00,9726.4825,50.010000000000005,23.3,74,0.0,3,False,,Tuesday,18,238
2025-08-26 19:00:00,9648.8925,50.010000000000005,22.7,78,0.1,51,False,,Tuesday,19,238
2025-08-26 20:00:00,9299.6475,50.07,21.6,85,0.1,51,False,,Tuesday,20,238
2025-08-26 21:00:00,8957.7625,50.040000000000006,21.0,87,0.3,51,False,,Tuesday,21,238
2025-08-26 22:00:00,8504.282500000001,50.015,20.9,88,0.1,51,False,,Tuesday,22,238
2025-08-26 23:00:00,8049.7075,49.9,20.6,89,0.0,3,False,,Tuesday,23,238
2025-08-27 00:00:00,7650.2675,50.03,20.2,92,0.1,51,False,,Wednesday,0,239
2025-08-27 01:00:00,7504.655000000001,49.94,19.8,95,0.8,53,False,,Wednesday,1,239
2025-08-27 02:00:00,7248.9349999999995,49.975,19.7,96,0.5,53,False,,Wednesday,2,239
2025-08-27 03:00:00,7091.5375,50.0,19.8,95,0.1,51,False,,Wednesday,3,239
2025-08-27 04:00:00,7179.469999999999,49.985,19.5,97,0.0,3,False,,Wednesday,4,239
2025-08-27 05:00:00,8164.0825,49.965,19.3,98,0.0,3,False,,Wednesday,5,239
2025-08-27 06:00:00,8897.3225,50.025000000000006,20.2,93,0.0,3,False,,Wednesday,6,239
2025-08-27 07:00:00,9986.19,50.040000000000006,20.6,90,0.0,3,False,,Wednesday,7,239
2025-08-27 08:00:00,10907.69,49.95,21.5,82,0.0,3,False,,Wednesday,8,239
2025-08-27 09:00:00,11564.157500000001,49.99,23.3,70,0.0,3,False,,Wednesday,9,239
2025-08-27 10:00:00,12484.39,50.114999999999995,24.6,66,0.0,3,False,,Wednesday,10,239
2025-08-27 11:00:00,12100.9375,50.03,25.4,64,0.1,51,False,,Wednesday,11,239
2025-08-27 12:00:00,11350.035,50.025,26.6,61,0.4,51,False,,Wednesday,12,239
2025-08-27 13:00:00,10715.755,50.004999999999995,26.6,61,0.6,53,False,,Wednesday,13,239
2025-08-27 14:00:00,10232.9575,49.974999999999994,24.7,77,2.3,61,False,,Wednesday,14,239
2025-08-27 15:00:00,9809.0625,49.81999999999999,22.4,84,8.2,65,False,,Wednesday,15,239
2025-08-27 16:00:00,9261.092499999999,50.01,21.9,91,0.5,53,False,,Wednesday,16,239
2025-08-27 17:00:00,8160.4025,50.065,21.3,92,0.5,53,False,,Wednesday,17,239
2025-08-27 18:00:00,8111.295,50.010000000000005,21.1,93,0.2,51,False,,Wednesday,18,239
2025-08-27 19:00:00,8070.8375,49.95,21.0,95,0.1,51,False,,Wednesday,19,239
2025-08-27 20:00:00,7803.1,50.03,21.0,93,0.1,51,False,,Wednesday,20,239
2025-08-27 21:00:00,7539.9275,50.010000000000005,20.9,91,0.1,51,False,,Wednesday,21,239
2025-08-27 22:00:00,7097.9425,50.004999999999995,20.5,93,0.0,3,False,,Wednesday,22,239
2025-08-27 23:00:00,6807.8675,49.989999999999995,20.2,93,0.8,53,False,,Wednesday,23,239
2025-08-28 00:00:00,6328.8475,49.980000000000004,20.1,95,1.1,55,False,,Thursday,0,240
2025-08-28 01:00:00,6139.6775,49.985,19.9,97,0.7,53,False,,Thursday,1,240
2025-08-28 02:00:00,6206.092500000001,49.965,19.8,98,1.0,55,False,,Thursday,2,240
2025-08-28 03:00:00,6055.205,50.03,19.8,97,0.1,51,False,,Thursday,3,240
2025-08-28 04:00:00,6247.4400000000005,50.04,19.5,98,0.0,3,False,,Thursday,4,240
2025-08-28 05:00:00,6873.46,50.065,19.8,97,0.1,51,False,,Thursday,5,240
2025-08-28 06:00:00,7763.8725,50.05,20.0,96,0.1,51,False,,Thursday,6,240
2025-08-28 07:00:00,9743.4175,49.989999999999995,20.5,93,0.1,51,False,,Thursday,7,240
2025-08-28 08:00:00,10741.192500000001,49.965,21.8,87,0.1,51,False,,Thursday,8,240
2025-08-28 09:00:00,11265.4775,50.015,22.9,81,0.0,3,False,,Thursday,9,240
2025-08-28 10:00:00,11750.8925,50.035,23.5,79,0.2,51,False,,Thursday,10,240
2025-08-28 11:00:00,11663.302500000002,49.989999999999995,25.2,74,0.1,51,False,,Thursday,11,240
2025-08-28 12:00:00,11452.935000000001,49.955,25.8,67,0.0,3,False,,Thursday,12,240
2025-08-28 13:00:00,11465.890000000001,50.09,22.3,86,0.7,53,False,,Thursday,13,240
2025-08-28 14:00:00,10470.2625,50.0,23.9,78,0.1,51,False,,Thursday,14,240
2025-08-28 15:00:00,10474.7975,49.97,24.6,78,0.1,51,False,,Thursday,15,240
2025-08-28 16:00:00,10515.327500000001,50.04,22.6,83,1.6,61,False,,Thursday,16,240
2025-08-28 17:00:00,9835.325,49.980000000000004,22.0,90,0.3,51,False,,Thursday,17,240
2025-08-28 18:00:00,9548.342499999999,50.025,21.6,91,0.3,51,False,,Thursday,18,240
2025-08-28 19:00:00,9433.105,49.894999999999996,21.4,93,0.2,51,False,,Thursday,19,240
2025-08-28 20:00:00,9246.62,50.085,20.5,94,1.2,55,False,,Thursday,20,240
2025-08-28 21:00:00,8785.445,50.045,20.5,95,0.2,51,False,,Thursday,21,240
2025-08-28 22:00:00,8076.4925,50.03,20.4,95,0.2,51,False,,Thursday,22,240
2025-08-28 23:00:00,7669.605,50.019999999999996,20.1,97,0.2,51,False,,Thursday,23,240
2025-08-29 00:00:00,7191.7525000000005,49.974999999999994,20.2,97,0.5,53,False,,Friday,0,241
2025-08-29 01:00:00,6916.3825,50.004999999999995,20.1,97,0.3,51,False,,Friday,1,241
2025-08-29 02:00:00,6813.547500000001,50.019999999999996,19.9,96,0.0,3,False,,Friday,2,241
2025-08-29 03:00:00,6756.2675,50.035,19.8,96,0.0,3,False,,Friday,3,241
2025-08-29 04:00:00,6810.084999999999,50.035,19.5,97,0.0,3,False,,Friday,4,241
2025-08-29 05:00:00,7404.6675,50.0,19.8,97,0.0,3,False,,Friday,5,241
2025-08-29 06:00:00,8123.285,50.03,20.3,95,0.0,3,False,,Friday,6,241
2025-08-29 07:00:00,10092.447499999998,49.98,20.6,93,0.0,3,False,,Friday,7,241
2025-08-29 08:00:00,11209.9375,50.045,21.1,89,0.0,3,False,,Friday,8,241
2025-08-29 09:00:00,11013.4175,50.025000000000006,22.2,81,0.0,3,False,,Friday,9,241
2025-08-29 10:00:00,11593.7225,50.06,23.8,71,0.0,3,False,,Friday,10,241
2025-08-29 11:00:00,11170.830000000002,50.0,24.1,69,0.0,3,False,,Friday,11,241
2025-08-29 12:00:00,11020.3525,50.135000000000005,24.3,68,0.0,3,False,,Friday,12,241
2025-08-29 13:00:00,10215.599999999999,50.12,24.6,67,0.0,3,False,,Friday,13,241
2025-08-29 14:00:00,9989.157500000001,50.040000000000006,25.4,64,0.0,3,False,,Friday,14,241
2025-08-29 15:00:00,9757.735,49.825,25.0,65,0.0,3,False,,Friday,15,241
2025-08-29 16:00:00,9963.802500000002,49.900000000000006,25.0,67,0.0,3,False,,Friday,16,241
2025-08-29 17:00:00,9479.785,50.03,24.1,73,0.1,51,False,,Friday,17,241
2025-08-29 18:00:00,9601.1075,49.985,24.0,70,0.0,3,False,,Friday,18,241
2025-08-29 19:00:00,9751.1425,49.894999999999996,23.0,77,0.0,3,False,,Friday,19,241
2025-08-29 20:00:00,9463.665,50.065,22.2,82,0.0,3,False,,Friday,20,241
2025-08-29 21:00:00,8920.49,50.07,21.7,86,0.0,3,False,,Friday,21,241
2025-08-29 22:00:00,8349.6875,49.99,21.4,88,0.0,3,False,,Friday,22,241
2025-08-29 23:00:00,8171.1575,50.004999999999995,21.0,91,0.0,3,False,,Friday,23,241
2025-08-30 00:00:00,7556.9574999999995,50.035,20.6,93,0.0,3,False,,Saturday,0,242
2025-08-30 01:00:00,7552.0125,50.01,20.2,96,0.0,3,False,,Saturday,1,242
2025-08-30 02:00:00,7220.212500000001,50.0,20.0,97,0.0,3,False,,Saturday,2,242
2025-08-30 03:00:00,7188.8575,49.985,19.8,98,0.0,3,False,,Saturday,3,242
2025-08-30 04:00:00,7320.6050000000005,50.004999999999995,19.6,98,0.0,3,False,,Saturday,4,242
2025-08-30 05:00:00,7723.665000000001,50.045,19.6,97,0.0,3,False,,Saturday,5,242
2025-08-30 06:00:00,8399.857500000002,50.065,20.0,98,0.0,3,False,,Saturday,6,242
2025-08-30 07:00:00,10275.0325,50.015,20.7,95,0.0,3,False,,Saturday,7,242
2025-08-30 08:00:00,10933.955,49.965,22.4,84,0.1,51,False,,Saturday,8,242
2025-08-30 09:00:00,10843.2725,49.955,24.2,74,0.1,51,False,,Saturday,9,242
2025-08-30 10:00:00,11606.957499999999,49.995000000000005,25.1,71,0.2,51,False,,Saturday,10,242
2025-08-30 11:00:00,11067.565,50.0,26.4,65,0.2,51,False,,Saturday,11,242
2025-08-30 12:00:00,10660.242499999998,49.96,27.6,60,0.0,1,False,,Saturday,12,242
2025-08-30 13:00:00,10181.985,50.07,27.8,59,0.1,51,False,,Saturday,13,242
2025-08-30 14:00:00,9764.1775,50.18,27.0,62,0.6,53,False,,Saturday,14,242
2025-08-30 15:00:00,9563.93,50.025,26.9,67,0.3,51,False,,Saturday,15,242
2025-08-30 16:00:00,9675.4975,50.055,26.3,68,0.2,51,False,,Saturday,16,242
2025-08-30 17:00:00,9009.935,49.905,24.7,74,0.3,51,False,,Saturday,17,242
2025-08-30 18:00:00,9449.7375,49.894999999999996,23.2,80,1.5,61,False,,Saturday,18,242
2025-08-30 19:00:00,9740.720000000001,50.045,21.9,89,0.2,51,False,,Saturday,19,242
2025-08-30 20:00:00,9421.3025,50.065,21.3,91,0.2,51,False,,Saturday,20,242
2025-08-30 21:00:00,8905.0175,50.045,21.0,91,0.0,1,False,,Saturday,21,242
2025-08-30 22:00:00,8444.3,50.0,20.8,91,0.0,1,False,,Saturday,22,242
2025-08-30 23:00:00,8169.16,49.985,20.5,93,0.0,2,False,,Saturday,23,242
2025-08-31 00:00:00,7660.9025,50.03,20.2,93,0.0,3,True,Sunday,Sunday,0,243
2025-08-31 01:00:00,7370.595,50.025000000000006,20.0,94,0.0,3,True,Sunday,Sunday,1,243
2025-08-31 02:00:00,7068.2325,50.065,19.9,95,0.0,3,True,Sunday,Sunday,2,243
2025-08-31 03:00:00,7036.785,50.004999999999995,19.7,95,0.0,3,True,Sunday,Sunday,3,243
2025-08-31 04:00:00,7265.195,49.975,19.6,95,0.0,3,True,Sunday,Sunday,4,243
2025-08-31 05:00:00,7748.6075,49.98,19.5,94,0.0,3,True,Sunday,Sunday,5,243
2025-08-31 06:00:00,8253.5975,49.989999999999995,20.2,93,0.0,3,True,Sunday,Sunday,6,243
2025-08-31 07:00:00,9309.325,50.019999999999996,21.0,90,0.0,3,True,Sunday,Sunday,7,243
2025-08-31 08:00:00,9911.75,50.004999999999995,22.2,83,0.1,51,True,Sunday,Sunday,8,243
2025-08-31 09:00:00,10274.7,50.025,23.8,76,0.1,51,True,Sunday,Sunday,9,243
2025-08-31 10:00:00,11159.587500000001,50.019999999999996,24.4,74,0.0,3,True,Sunday,Sunday,10,243
2025-08-31 11:00:00,10863.772500000001,50.004999999999995,25.5,69,0.3,51,True,Sunday,Sunday,11,243
2025-08-31 12:00:00,10598.035,50.07,26.5,67,0.1,51,True,Sunday,Sunday,12,243
2025-08-31 13:00:00,10328.747500000001,50.085,26.9,67,0.1,51,True,Sunday,Sunday,13,243
2025-08-31 14:00:00,9888.814999999999,50.120000000000005,26.8,65,1.5,61,True,Sunday,Sunday,14,243
2025-08-31 15:00:00,9108.395,50.03,24.4,77,4.2,63,True,Sunday,Sunday,15,243
2025-08-31 16:00:00,8747.795,49.965,22.7,86,3.1,63,True,Sunday,Sunday,16,243
2025-08-31 17:00:00,7914.33,49.894999999999996,22.5,86,0.3,51,True,Sunday,Sunday,17,243
2025-08-31 18:00:00,7781.885,49.97,22.4,87,0.1,51,True,Sunday,Sunday,18,243
2025-08-31 19:00:00,8217.2025,50.04,21.8,90,0.0,3,True,Sunday,Sunday,19,243
2025-08-31 20:00:00,7881.2125,50.185,21.5,92,0.0,3,True,Sunday,Sunday,20,243
2025-08-31 21:00:00,7733.9,49.995,21.4,91,0.1,51,True,Sunday,Sunday,21,243
2025-08-31 22:00:00,7433.4675,49.97,21.1,93,0.0,3,True,Sunday,Sunday,22,243
2025-08-31 23:00:00,7180.862499999999,50.045,20.8,94,0.0,3,True,Sunday,Sunday,23,243
2025-09-01 00:00:00,6747.717500000001,50.114999999999995,20.5,95,0.0,3,False,,Monday,0,244
2025-09-01 01:00:00,6689.724999999999,50.095,20.1,95,0.0,3,False,,Monday,1,244
2025-09-01 02:00:00,6311.505,50.010000000000005,19.9,95,0.0,3,False,,Monday,2,244
2025-09-01 03:00:00,6167.2875,50.019999999999996,19.8,95,0.0,3,False,,Monday,3,244
2025-09-01 04:00:00,6404.2075,50.015,20.0,93,0.0,3,False,,Monday,4,244
2025-09-01 05:00:00,6894.517500000001,49.99,19.8,93,0.0,3,False,,Monday,5,244
2025-09-01 06:00:00,8361.0825,50.03,20.6,91,0.0,3,False,,Monday,6,244
2025-09-01 07:00:00,10263.862500000001,50.015,21.1,89,0.0,3,False,,Monday,7,244
2025-09-01 08:00:00,11211.7025,50.08,22.4,82,0.1,51,False,,Monday,8,244
2025-09-01 09:00:00,11064.34,50.11,23.6,74,0.1,51,False,,Monday,9,244
2025-09-01 10:00:00,11712.155,50.08,24.7,69,0.1,51,False,,Monday,10,244
2025-09-01 11:00:00,11475.487500000001,50.065,25.9,64,0.1,51,False,,Monday,11,244
2025-09-01 12:00:00,11173.462500000001,49.97,26.5,62,0.1,51,False,,Monday,12,244
2025-09-01 13:00:00,10976.635000000002,50.06,26.5,66,0.0,3,False,,Monday,13,244
2025-09-01 14:00:00,10449.955000000002,50.025,26.6,64,0.0,3,False,,Monday,14,244
2025-09-01 15:00:00,10479.9725,50.025000000000006,23.6,80,3.3,63,False,,Monday,15,244
2025-09-01 16:00:00,10194.3825,49.94499999999999,22.5,79,0.5,53,False,,Monday,16,244
2025-09-01 17:00:00,9665.415,49.735,22.5,84,0.0,3,False,,Monday,17,244
2025-09-01 18:00:00,9400.3925,50.099999999999994,23.5,74,0.0,3,False,,Monday,18,244
2025-09-01 19:00:00,9251.009999999998,50.07,22.8,78,0.0,3,False,,Monday,19,244
2025-09-01 20:00:00,9113.195,50.06,22.3,81,0.0,3,False,,Monday,20,244
2025-09-01 21:00:00,8512.2075,49.98,22.0,81,0.0,3,False,,Monday,21,244
2025-09-01 22:00:00,7936.662499999999,49.980000000000004,21.3,81,0.0,3,False,,Monday,22,244
2025-09-01 23:00:00,7728.662499999999,49.995,20.7,83,0.0,3,False,,Monday,23,244
2025-09-02 00:00:00,7167.3525,49.965,20.1,86,0.0,3,False,,Tuesday,0,245
2025-09-02 01:00:00,7205.4575,49.959999999999994,19.7,89,0.0,2,False,,Tuesday,1,245
2025-09-02 02:00:00,6816.775000000001,49.945,19.4,90,0.0,2,False,,Tuesday,2,245
2025-09-02 03:00:00,6654.29,50.03,19.1,92,0.0,3,False,,Tuesday,3,245
2025-09-02 04:00:00,6577.885,50.08,18.9,94,0.0,3,False,,Tuesday,4,245
2025-09-02 05:00:00,7260.0575,50.025,18.8,95,0.0,3,False,,Tuesday,5,245
2025-09-02 06:00:00,8333.574999999999,49.97,19.5,92,0.0,3,False,,Tuesday,6,245
2025-09-02 07:00:00,10533.682499999999,49.945,20.5,89,0.0,3,False,,Tuesday,7,245
2025-09-02 08:00:00,11215.0475,50.004999999999995,22.0,80,0.1,51,False,,Tuesday,8,245
2025-09-02 09:00:00,11203.5475,50.129999999999995,23.2,73,0.1,51,False,,Tuesday,9,245
2025-09-02 10:00:00,11713.717499999999,49.985,24.5,67,0.2,51,False,,Tuesday,10,245
2025-09-02 11:00:00,11737.635,50.04,25.5,63,0.2,51,False,,Tuesday,11,245
2025-09-02 12:00:00,11127.825,49.985,26.5,63,0.2,51,False,,Tuesday,12,245
2025-09-02 13:00:00,10801.4175,50.05,27.1,61,0.0,3,False,,Tuesday,13,245
2025-09-02 14:00:00,10104.775000000001,49.985,26.1,61,0.4,51,False,,Tuesday,14,245
2025-09-02 15:00:00,10250.02,49.965,23.6,81,2.8,63,False,,Tuesday,15,245
2025-09-02 16:00:00,9865.695,50.04,24.4,76,0.2,51,False,,Tuesday,16,245
2025-09-02 17:00:00,9314.2675,50.004999999999995,21.9,87,1.4,61,False,,Tuesday,17,245
2025-09-02 18:00:00,9296.54,50.03,21.6,87,0.2,51,False,,Tuesday,18,245
2025-09-02 19:00:00,9663.47,50.07,21.8,89,0.1,51,False,,Tuesday,19,245
2025-09-02 20:00:00,9220.2125,50.065,21.2,91,0.1,51,False,,Tuesday,20,245
2025-09-02 21:00:00,8683.83,50.010000000000005,21.0,91,0.0,3,False,,Tuesday,21,245
2025-09-02 22:00:00,8162.469999999999,49.95,20.5,91,0.0,3,False,,Tuesday,22,245
2025-09-02 23:00:00,7639.450000000001,49.91,20.1,93,0.0,3,False,,Tuesday,23,245
2025-09-03 00:00:00,6846.5,50.055,19.9,94,0.0,3,False,,Wednesday,0,246
2025-09-03 01:00:00,6704.7225,50.03,19.6,95,0.0,3,False,,Wednesday,1,246
2025-09-03 02:00:00,6635.145,50.03,19.6,94,0.0,3,False,,Wednesday,2,246
2025-09-03 03:00:00,6504.0075,49.97,19.7,94,0.0,3,False,,Wednesday,3,246
2025-09-03 04:00:00,6497.9925,50.015,19.5,94,0.0,3,False,,Wednesday,4,246
2025-09-03 05:00:00,7340.7125,49.99,19.6,94,0.0,3,False,,Wednesday,5,246
2025-09-03 06:00:00,7990.289999999999,50.03,20.4,93,0.0,3,False,,Wednesday,6,246
2025-09-03 07:00:00,10206.2375,50.019999999999996,21.0,91,0.0,3,False,,Wednesday,7,246
2025-09-03 08:00:00,10900.255000000001,50.019999999999996,21.7,86,0.1,51,False,,Wednesday,8,246
2025-09-03 09:00:00,11050.4525,50.035,22.5,81,0.1,51,False,,Wednesday,9,246
2025-09-03 10:00:00,11366.715,50.085,24.0,74,0.2,51,False,,Wednesday,10,246
2025-09-03 11:00:00,11174.325,50.015,25.5,70,0.3,51,False,,Wednesday,11,246
2025-09-03 12:00:00,10939.557499999999,49.985,25.0,70,0.2,51,False,,Wednesday,12,246
2025-09-03 13:00:00,10724.7675,50.055,23.8,80,1.3,61,False,,Wednesday,13,246
2025-09-03 14:00:00,10094.814999999999,50.025,23.5,79,0.4,51,False,,Wednesday,14,246
2025-09-03 15:00:00,10279.6175,50.025,23.9,82,0.4,51,False,,Wednesday,15,246
2025-09-03 16:00:00,9924.8425,49.995,24.0,80,0.3,51,False,,Wednesday,16,246
2025-09-03 17:00:00,9350.107500000002,49.965,22.5,84,0.7,53,False,,Wednesday,17,246
2025-09-03 18:00:00,9623.252499999999,50.015,20.5,95,0.9,53,False,,Wednesday,18,246
2025-09-03 19:00:00,9774.8175,50.02,20.9,93,0.0,3,False,,Wednesday,19,246
2025-09-03 20:00:00,9461.7925,49.945,20.9,92,0.6,53,False,,Wednesday,20,246
2025-09-03 21:00:00,8772.7075,50.025000000000006,20.9,94,0.0,2,False,,Wednesday,21,246
2025-09-03 22:00:00,8275.272500000001,49.995000000000005,20.2,95,0.0,3,False,,Wednesday,22,246
2025-09-03 23:00:00,7886.7425,50.025000000000006,19.8,96,0.0,3,False,,Wednesday,23,246
2025-09-04 00:00:00,7258.1175,49.989999999999995,19.5,97,0.0,2,False,,Thursday,0,247
2025-09-04 01:00:00,7243.2575,49.97,19.5,98,0.0,3,False,,Thursday,1,247
2025-09-04 02:00:00,6997.6224999999995,49.989999999999995,19.5,97,0.0,3,False,,Thursday,2,247
2025-09-04 03:00:00,7118.7699999999995,50.0,19.6,96,0.1,51,False,,Thursday,3,247
2025-09-04 04:00:00,7186.3125,49.97,19.5,96,0.0,3,False,,Thursday,4,247
2025-09-04 05:00:00,7700.24,49.989999999999995,19.2,97,0.0,3,False,,Thursday,5,247
2025-09-04 06:00:00,8783.502499999999,50.035,19.5,98,0.0,3,False,,Thursday,6,247
2025-09-04 07:00:00,10939.6125,50.02,20.5,93,0.0,3,False,,Thursday,7,247
2025-09-04 08:00:00,11452.1675,50.03,21.5,86,0.1,51,False,,Thursday,8,247
2025-09-04 09:00:00,11469.994999999999,49.980000000000004,22.5,82,0.5,53,False,,Thursday,9,247
2025-09-04 10:00:00,11903.0,50.0,24.4,75,0.6,53,False,,Thursday,10,247
2025-09-04 11:00:00,11268.767500000002,50.045,24.7,70,0.2,51,False,,Thursday,11,247
2025-09-04 12:00:00,10962.087500000001,49.989999999999995,24.8,71,0.2,51,False,,Thursday,12,247
2025-09-04 13:00:00,10616.744999999999,50.03,26.0,68,0.3,51,False,,Thursday,13,247
2025-09-04 14:00:00,9968.7825,50.035,25.4,69,0.6,53,False,,Thursday,14,247
2025-09-04 15:00:00,10109.3225,50.085,25.5,66,0.0,3,False,,Thursday,15,247
2025-09-04 16:00:00,10484.215,50.02,25.0,70,0.1,51,False,,Thursday,16,247
2025-09-04 17:00:00,9733.465,50.035,24.6,73,0.1,51,False,,Thursday,17,247
2025-09-04 18:00:00,9453.73,49.995000000000005,23.9,76,0.0,3,False,,Thursday,18,247
2025-09-04 19:00:00,9724.49,50.05,23.1,78,0.0,3,False,,Thursday,19,247
2025-09-04 20:00:00,9442.86,50.035,22.5,82,0.0,1,False,,Thursday,20,247
2025-09-04 21:00:00,9024.8375,49.875,21.8,87,0.0,2,False,,Thursday,21,247
2025-09-04 22:00:00,8563.282500000001,50.04,21.0,90,0.0,3,False,,Thursday,22,247
2025-09-04 23:00:00,8064.795,50.005,20.6,91,0.0,3,False,,Thursday,23,247
2025-09-05 00:00:00,7792.9425,50.045,20.2,93,0.0,3,True,Prophet's Birthday,Friday,0,248
2025-09-05 01:00:00,7583.775,50.025,19.8,95,0.0,3,True,Prophet's Birthday,Friday,1,248
2025-09-05 02:00:00,7331.477500000001,50.015,19.5,97,0.0,3,True,Prophet's Birthday,Friday,2,248
2025-09-05 03:00:00,7215.885,49.985,19.2,98,0.0,3,True,Prophet's Birthday,Friday,3,248
2025-09-05 04:00:00,7235.835000000001,50.004999999999995,19.4,96,0.0,3,True,Prophet's Birthday,Friday,4,248
2025-09-05 05:00:00,7998.98,50.019999999999996,19.0,97,0.0,3,True,Prophet's Birthday,Friday,5,248
2025-09-05 06:00:00,8817.89,50.06,19.4,98,0.0,2,True,Prophet's Birthday,Friday,6,248
2025-09-05 07:00:00,10409.715,50.010000000000005,20.5,94,0.0,2,True,Prophet's Birthday,Friday,7,248
2025-09-05 08:00:00,11274.365,49.955,22.4,82,0.1,51,True,Prophet's Birthday,Friday,8,248
2025-09-05 09:00:00,11935.235,49.935,23.8,75,0.1,51,True,Prophet's Birthday,Friday,9,248
2025-09-05 10:00:00,12783.38,50.019999999999996,24.9,70,0.2,51,True,Prophet's Birthday,Friday,10,248
2025-09-05 11:00:00,12440.6975,49.95,25.8,66,0.3,51,True,Prophet's Birthday,Friday,11,248
2025-09-05 12:00:00,12289.164999999999,49.97,25.8,67,0.4,51,True,Prophet's Birthday,Friday,12,248
2025-09-05 13:00:00,12072.76,49.96,26.1,68,0.1,51,True,Prophet's Birthday,Friday,13,248
2025-09-05 14:00:00,11564.325,50.019999999999996,26.8,64,0.0,3,True,Prophet's Birthday,Friday,14,248
2025-09-05 15:00:00,11238.802500000002,49.91,26.8,62,0.0,3,True,Prophet's Birthday,Friday,15,248
2025-09-05 16:00:00,11123.577500000001,49.97,26.8,62,0.0,1,True,Prophet's Birthday,Friday,16,248
2025-09-05 17:00:00,10253.475,50.040000000000006,26.2,65,0.0,0,True,Prophet's Birthday,Friday,17,248
2025-09-05 18:00:00,9954.98,50.019999999999996,24.3,76,0.0,3,True,Prophet's Birthday,Friday,18,248
2025-09-05 19:00:00,10024.1425,49.995,23.6,79,0.0,2,True,Prophet's Birthday,Friday,19,248
2025-09-05 20:00:00,9779.275000000001,50.055,22.9,80,0.0,1,True,Prophet's Birthday,Friday,20,248
2025-09-05 21:00:00,9273.2325,50.015,21.9,85,0.0,1,True,Prophet's Birthday,Friday,21,248
2025-09-05 22:00:00,8631.1725,49.989999999999995,21.4,89,0.1,51,True,Prophet's Birthday,Friday,22,248
2025-09-05 23:00:00,8392.7125,49.955,20.6,91,0.0,0,True,Prophet's Birthday,Friday,23,248
2025-09-06 00:00:00,7898.37,50.010000000000005,20.1,94,0.0,0,False,,Saturday,0,249
2025-09-06 01:00:00,7845.3875,49.995000000000005,19.6,96,0.0,1,False,,Saturday,1,249
2025-09-06 02:00:00,7595.535,49.975,19.5,97,0.0,3,False,,Saturday,2,249
2025-09-06 03:00:00,7489.37,49.92,19.4,98,0.0,3,False,,Saturday,3,249
2025-09-06 04:00:00,7640.054999999999,50.025,19.4,98,0.0,3,False,,Saturday,4,249
2025-09-06 05:00:00,8296.545,50.03,19.4,97,0.0,3,False,,Saturday,5,249
2025-09-06 06:00:00,9308.7425,50.04,19.9,98,0.0,3,False,,Saturday,6,249
2025-09-06 07:00:00,10913.782500000001,50.015,20.9,92,0.0,3,False,,Saturday,7,249
2025-09-06 08:00:00,11297.525,49.99,22.6,82,0.1,51,False,,Saturday,8,249
2025-09-06 09:00:00,11579.252499999999,49.974999999999994,23.0,80,0.0,3,False,,Saturday,9,249
2025-09-06 10:00:00,12631.5625,49.885,24.3,74,0.0,1,False,,Saturday,10,249
2025-09-06 11:00:00,12852.68,50.0,26.0,68,0.2,51,False,,Saturday,11,249
2025-09-06 12:00:00,12473.602499999999,50.045,26.6,66,0.1,51,False,,Saturday,12,249
2025-09-06 13:00:00,12065.4525,49.955,27.0,64,0.0,3,False,,Saturday,13,249
2025-09-06 14:00:00,11738.05,50.015,26.5,63,0.0,1,False,,Saturday,14,249
2025-09-06 15:00:00,11771.2825,49.95,27.0,61,0.0,1,False,,Saturday,15,249
2025-09-06 16:00:00,11423.652499999998,50.010000000000005,26.5,64,0.2,51,False,,Saturday,16,249
2025-09-06 17:00:00,10223.225,49.995,24.9,72,0.6,53,False,,Saturday,17,249
2025-09-06 18:00:00,10167.68,49.959999999999994,23.5,81,0.0,2,False,,Saturday,18,249
2025-09-06 19:00:00,10119.1475,49.945,22.2,88,0.1,51,False,,Saturday,19,249
2025-09-06 20:00:00,9603.1775,50.055,21.0,92,0.1,51,False,,Saturday,20,249
2025-09-06 21:00:00,9110.822499999998,50.065,20.6,93,0.2,51,False,,Saturday,21,249
2025-09-06 22:00:00,8588.2925,50.065,20.6,92,0.9,53,False,,Saturday,22,249
2025-09-06 23:00:00,8400.692500000001,49.955,20.5,95,0.8,53,False,,Saturday,23,249
2025-09-07 00:00:00,7972.03,49.965,20.5,96,0.1,51,True,Sunday,Sunday,0,250
2025-09-07 01:00:00,7955.94,49.875,20.1,98,0.0,3,True,Sunday,Sunday,1,250
2025-09-07 02:00:00,7749.625,50.05500000000001,19.9,98,0.0,3,True,Sunday,Sunday,2,250
2025-09-07 03:00:00,7641.072499999999,50.03,19.7,99,0.0,3,True,Sunday,Sunday,3,250
2025-09-07 04:00:00,7900.675,50.04,19.6,99,0.0,3,True,Sunday,Sunday,4,250
2025-09-07 05:00:00,8508.689999999999,50.055,19.7,98,0.0,3,True,Sunday,Sunday,5,250
2025-09-07 06:00:00,9081.002499999999,50.07,20.2,97,0.0,3,True,Sunday,Sunday,6,250
2025-09-07 07:00:00,9882.119999999999,50.035,20.8,95,0.1,51,True,Sunday,Sunday,7,250
2025-09-07 08:00:00,10548.395,50.065,22.4,84,0.1,51,True,Sunday,Sunday,8,250
2025-09-07 09:00:00,11137.939999999999,49.980000000000004,24.1,74,0.0,3,True,Sunday,Sunday,9,250
2025-09-07 10:00:00,12378.915,50.105000000000004,25.2,69,0.1,51,True,Sunday,Sunday,10,250
2025-09-07 11:00:00,11818.625,50.019999999999996,26.1,65,0.1,51,True,Sunday,Sunday,11,250
2025-09-07 12:00:00,11554.545,49.955,26.7,62,0.2,51,True,Sunday,Sunday,12,250
2025-09-07 13:00:00,11332.0225,50.0,27.5,59,0.1,51,True,Sunday,Sunday,13,250
2025-09-07 14:00:00,10862.915,50.03,27.7,57,0.1,51,True,Sunday,Sunday,14,250
2025-09-07 15:00:00,10678.487500000001,50.055,27.5,57,0.2,51,True,Sunday,Sunday,15,250
2025-09-07 16:00:00,10162.092499999999,49.985,26.3,65,0.2,51,True,Sunday,Sunday,16,250
2025-09-07 17:00:00,9242.6075,49.980000000000004,24.6,73,0.5,53,True,Sunday,Sunday,17,250
2025-09-07 18:00:00,8684.795,49.94,24.2,75,0.0,1,True,Sunday,Sunday,18,250
2025-09-07 19:00:00,9120.047499999999,49.885000000000005,23.3,79,0.0,1,True,Sunday,Sunday,19,250
2025-09-07 20:00:00,8806.625,49.91,22.4,82,0.0,2,True,Sunday,Sunday,20,250
2025-09-07 21:00:00,8614.885,49.980000000000004,22.0,84,0.0,3,True,Sunday,Sunday,21,250
2025-09-07 22:00:00,8204.1775,50.035,21.8,84,0.0,3,True,Sunday,Sunday,22,250
2025-09-07 23:00:00,8086.3625,50.05,21.3,87,0.0,3,True,Sunday,Sunday,23,250
2025-09-08 00:00:00,7682.795,50.019999999999996,20.8,91,0.0,3,False,,Monday,0,251
2025-09-08 01:00:00,7751.5975,50.035,20.2,94,0.0,1,False,,Monday,1,251
2025-09-08 02:00:00,7372.8025,49.985,19.8,96,0.0,3,False,,Monday,2,251
2025-09-08 03:00:00,7451.160000000001,49.99,19.4,98,0.0,3,False,,Monday,3,251
2025-09-08 04:00:00,7617.7975,49.97,19.1,98,0.0,2,False,,Monday,4,251
2025-09-08 05:00:00,8536.5825,49.995000000000005,18.8,99,0.0,3,False,,Monday,5,251
2025-09-08 06:00:00,9672.695,49.989999999999995,19.5,99,0.0,3,False,,Monday,6,251
2025-09-08 07:00:00,12374.127499999999,49.885,20.0,96,0.0,3,False,,Monday,7,251
2025-09-08 08:00:00,12590.689999999999,50.09,21.8,83,0.0,3,False,,Monday,8,251
2025-09-08 09:00:00,12610.7375,50.045,23.7,74,0.0,3,False,,Monday,9,251
2025-09-08 10:00:00,13716.012499999999,49.974999999999994,25.3,67,0.0,3,False,,Monday,10,251
2025-09-08 11:00:00,13267.15,50.05,26.5,59,0.1,51,False,,Monday,11,251
2025-09-08 12:00:00,13148.2925,49.905,27.4,56,0.2,51,False,,Monday,12,251
2025-09-08 13:00:00,13123.465,49.88,27.8,54,0.2,51,False,,Monday,13,251
2025-09-08 14:00:00,12980.697500000002,50.035,28.0,53,0.2,51,False,,Monday,14,251
2025-09-08 15:00:00,12166.037500000002,49.96,28.0,53,0.1,51,False,,Monday,15,251
2025-09-08 16:00:00,12295.787500000002,50.144999999999996,27.5,55,0.2,51,False,,Monday,16,251
2025-09-08 17:00:00,11452.51,49.955,26.9,58,0.0,1,False,,Monday,17,251
2025-09-08 18:00:00,10760.970000000001,50.015,25.2,69,0.0,0,False,,Monday,18,251
2025-09-08 19:00:00,10252.375,49.739999999999995,24.4,73,0.0,0,False,,Monday,19,251
2025-09-08 20:00:00,9764.9175,50.015,23.8,76,0.0,1,False,,Monday,20,251
2025-09-08 21:00:00,9564.885,49.894999999999996,23.4,76,0.0,1,False,,Monday,21,251
2025-09-08 22:00:00,9183.5075,49.989999999999995,22.8,78,0.0,3,False,,Monday,22,251
2025-09-08 23:00:00,8783.395,49.97,22.1,80,0.0,3,False,,Monday,23,251
2025-09-09 00:00:00,8451.7925,50.040000000000006,21.5,83,0.0,0,False,,Tuesday,0,252
2025-09-09 01:00:00,8779.259999999998,50.010000000000005,20.5,89,0.0,0,False,,Tuesday,1,252
2025-09-09 02:00:00,8320.98,49.980000000000004,20.0,93,0.0,0,False,,Tuesday,2,252
2025-09-09 03:00:00,8156.952499999999,49.95,19.6,94,0.0,0,False,,Tuesday,3,252
2025-09-09 04:00:00,8582.7225,49.95,19.4,95,0.0,0,False,,Tuesday,4,252
2025-09-09 05:00:00,9355.035,50.005,19.0,95,0.0,1,False,,Tuesday,5,252
2025-09-09 06:00:00,10402.95,50.019999999999996,19.6,95,0.0,3,False,,Tuesday,6,252
2025-09-09 07:00:00,12150.8125,49.83,20.6,92,0.0,2,False,,Tuesday,7,252
2025-09-09 08:00:00,12577.822499999998,50.06,22.7,82,0.0,3,False,,Tuesday,8,252
2025-09-09 09:00:00,13051.6375,50.07,24.9,72,0.0,3,False,,Tuesday,9,252
2025-09-09 10:00:00,14256.05,50.0,26.4,65,0.2,51,False,,Tuesday,10,252
2025-09-09 11:00:00,14096.98,49.989999999999995,27.1,59,0.1,51,False,,Tuesday,11,252
2025-09-09 12:00:00,14167.622499999998,49.97,27.6,57,0.1,51,False,,Tuesday,12,252
2025-09-09 13:00:00,13183.217499999999,49.94,28.1,56,0.4,51,False,,Tuesday,13,252
2025-09-09 14:00:00,13319.687499999998,50.02,28.1,57,0.1,51,False,,Tuesday,14,252
2025-09-09 15:00:00,13157.6275,49.91,27.8,59,0.0,3,False,,Tuesday,15,252
2025-09-09 16:00:00,13049.777500000002,50.05,27.6,60,0.0,3,False,,Tuesday,16,252
2025-09-09 17:00:00,11934.645,50.045,25.9,67,0.1,51,False,,Tuesday,17,252
2025-09-09 18:00:00,11445.877500000002,49.91,24.9,75,0.3,51,False,,Tuesday,18,252
2025-09-09 19:00:00,9747.8225,49.54,24.3,79,0.0,2,False,,Tuesday,19,252
2025-09-09 20:00:00,9154.71,49.845,24.0,80,0.0,1,False,,Tuesday,20,252
2025-09-09 21:00:00,9139.2625,49.864999999999995,22.5,86,0.2,51,False,,Tuesday,21,252
2025-09-09 22:00:00,8937.1425,49.894999999999996,22.1,88,0.0,3,False,,Tuesday,22,252
2025-09-09 23:00:00,9199.825,49.97,22.2,89,0.0,2,False,,Tuesday,23,252
2025-09-10 00:00:00,8903.814999999999,50.035,21.9,90,0.0,2,False,,Wednesday,0,253
2025-09-10 01:00:00,8890.6125,50.05,21.6,88,0.1,51,False,,Wednesday,1,253
2025-09-10 02:00:00,8489.255000000001,50.0,21.5,88,0.0,1,False,,Wednesday,2,253
2025-09-10 03:00:00,8467.467499999999,49.96,21.1,87,0.0,1,False,,Wednesday,3,253
2025-09-10 04:00:00,8600.852499999999,50.045,20.6,89,0.0,1,False,,Wednesday,4,253
2025-09-10 05:00:00,9391.705000000002,50.0,20.3,90,0.0,1,False,,Wednesday,5,253
2025-09-10 06:00:00,10368.165,50.055,19.5,96,1.6,61,False,,Wednesday,6,253
2025-09-10 07:00:00,12089.38,50.0,20.0,94,3.0,63,False,,Wednesday,7,253
2025-09-10 08:00:00,13188.662499999999,50.035,22.2,87,0.1,51,False,,Wednesday,8,253
2025-09-10 09:00:00,13499.9875,50.03,23.8,82,0.0,3,False,,Wednesday,9,253
2025-09-10 10:00:00,14485.845000000001,50.0,25.1,76,0.0,2,False,,Wednesday,10,253
2025-09-10 11:00:00,14199.397500000001,50.004999999999995,26.7,69,0.0,2,False,,Wednesday,11,253
2025-09-10 12:00:00,14258.0925,49.9,27.5,64,0.0,3,False,,Wednesday,12,253
2025-09-10 13:00:00,13914.08,50.11,27.5,62,0.0,3,False,,Wednesday,13,253
2025-09-10 14:00:00,13355.555,50.17,25.7,70,0.8,53,False,,Wednesday,14,253
2025-09-10 15:00:00,13397.0075,50.11,25.7,68,0.3,51,False,,Wednesday,15,253
2025-09-10 16:00:00,13202.849999999999,50.055,25.7,69,0.2,51,False,,Wednesday,16,253
2025-09-10 17:00:00,12024.275000000001,49.974999999999994,25.2,72,0.0,1,False,,Wednesday,17,253
2025-09-10 18:00:00,11755.18,49.97,25.2,76,0.0,3,False,,Wednesday,18,253
2025-09-10 19:00:00,10755.5675,49.965,25.0,80,0.0,3,False,,Wednesday,19,253
2025-09-10 20:00:00,10266.997500000001,49.995000000000005,22.8,81,0.8,53,False,,Wednesday,20,253
2025-09-10 21:00:00,9502.4825,50.035,20.0,95,1.6,61,False,,Wednesday,21,253
2025-09-10 22:00:00,9045.49,50.035,20.4,95,0.2,51,False,,Wednesday,22,253
2025-09-10 23:00:00,8854.4725,50.015,20.2,94,0.1,51,False,,Wednesday,23,253
2025-09-11 00:00:00,8423.4225,49.96,20.0,96,0.0,3,False,,Thursday,0,254
2025-09-11 01:00:00,8270.135,49.985,19.9,98,0.0,2,False,,Thursday,1,254
2025-09-11 02:00:00,7757.8775,49.99,19.8,98,0.0,3,False,,Thursday,2,254
2025-09-11 03:00:00,7801.75,49.965,19.6,97,0.3,51,False,,Thursday,3,254
2025-09-11 04:00:00,8092.575000000001,49.995000000000005,19.5,97,0.1,51,False,,Thursday,4,254
2025-09-11 05:00:00,8563.675,50.025,19.2,98,0.0,2,False,,Thursday,5,254
2025-09-11 06:00:00,9571.8475,50.05,19.6,95,0.0,3,False,,Thursday,6,254
2025-09-11 07:00:00,11219.09,50.05,20.7,92,0.0,3,False,,Thursday,7,254
2025-09-11 08:00:00,12078.2975,49.965,22.0,85,0.0,3,False,,Thursday,8,254
2025-09-11 09:00:00,12640.825,50.004999999999995,22.9,78,0.0,3,False,,Thursday,9,254
2025-09-11 10:00:00,13441.217499999999,50.010000000000005,23.2,72,0.0,3,False,,Thursday,10,254
2025-09-11 11:00:00,13106.4625,50.115,24.4,68,0.0,3,False,,Thursday,11,254
2025-09-11 12:00:00,13067.970000000001,50.004999999999995,25.0,66,0.0,3,False,,Thursday,12,254
2025-09-11 13:00:00,12707.9025,49.975,25.3,63,0.0,3,False,,Thursday,13,254
2025-09-11 14:00:00,12312.095,50.0,25.9,60,0.0,3,False,,Thursday,14,254
2025-09-11 15:00:00,12379.91,49.965,26.2,58,0.0,3,False,,Thursday,15,254
2025-09-11 16:00:00,12283.085,50.085,26.1,57,0.0,3,False,,Thursday,16,254
2025-09-11 17:00:00,11219.895,49.93,24.5,66,0.0,3,False,,Thursday,17,254
2025-09-11 18:00:00,10827.7875,50.04,23.3,74,0.0,3,False,,Thursday,18,254
2025-09-11 19:00:00,10607.5975,49.959999999999994,22.8,78,0.0,3,False,,Thursday,19,254
2025-09-11 20:00:00,10377.619999999999,50.085,22.5,81,0.0,3,False,,Thursday,20,254
2025-09-11 21:00:00,9670.1575,50.035,22.1,83,0.0,3,False,,Thursday,21,254
2025-09-11 22:00:00,9454.455,50.045,21.8,84,0.0,3,False,,Thursday,22,254
2025-09-11 23:00:00,8955.33,50.045,21.6,84,0.0,3,False,,Thursday,23,254
2025-09-12 00:00:00,8500.55,49.989999999999995,21.4,84,0.0,3,False,,Friday,0,255
2025-09-12 01:00:00,8455.085,49.995000000000005,20.9,86,0.0,3,False,,Friday,1,255
2025-09-12 02:00:00,7876.192499999999,50.004999999999995,20.5,88,0.0,3,False,,Friday,2,255
2025-09-12 03:00:00,7814.245,49.980000000000004,20.2,91,0.0,3,False,,Friday,3,255
2025-09-12 04:00:00,8140.0375,49.965,19.9,93,0.0,3,False,,Friday,4,255
2025-09-12 05:00:00,8885.36,50.010000000000005,19.6,94,0.0,3,False,,Friday,5,255
2025-09-12 06:00:00,9758.942500000001,50.06,20.0,92,0.0,3,False,,Friday,6,255
2025-09-12 07:00:00,12068.697499999998,50.0,20.6,89,0.0,3,False,,Friday,7,255
2025-09-12 08:00:00,12815.3275,49.8735,21.2,85,0.0,3,False,,Friday,8,255
2025-09-12 09:00:00,13313.169999999998,50.095,23.2,75,0.0,3,False,,Friday,9,255
2025-09-12 10:00:00,13846.6375,50.03,24.8,67,0.0,3,False,,Friday,10,255
2025-09-12 11:00:00,13522.3825,49.894999999999996,25.4,65,0.0,3,False,,Friday,11,255
2025-09-12 12:00:00,13366.57,50.01,26.3,61,0.1,51,False,,Friday,12,255
2025-09-12 13:00:00,13015.8625,50.045,27.0,58,0.1,51,False,,Friday,13,255
2025-09-12 14:00:00,12301.982500000002,49.974999999999994,27.2,56,0.1,51,False,,Friday,14,255
2025-09-12 15:00:00,12339.255000000001,49.93,27.1,56,0.1,51,False,,Friday,15,255
2025-09-12 16:00:00,11953.654999999999,50.05,26.6,57,0.0,3,False,,Friday,16,255
2025-09-12 17:00:00,11190.255000000001,49.959999999999994,25.8,61,0.0,3,False,,Friday,17,255
2025-09-12 18:00:00,10906.985,50.040000000000006,24.3,69,0.0,3,False,,Friday,18,255
2025-09-12 19:00:00,10678.2575,50.005,23.6,71,0.0,3,False,,Friday,19,255
2025-09-12 20:00:00,10290.4275,50.055,22.9,76,0.0,3,False,,Friday,20,255
2025-09-12 21:00:00,9800.697499999998,50.035,22.4,78,0.0,3,False,,Friday,21,255
2025-09-12 22:00:00,9475.1325,50.010000000000005,21.8,81,0.0,3,False,,Friday,22,255
2025-09-12 23:00:00,9218.079999999998,49.980000000000004,21.5,79,0.0,3,False,,Friday,23,255
2025-09-13 00:00:00,8810.885,50.025,20.9,80,0.0,2,False,,Saturday,0,256
2025-09-13 01:00:00,8897.3475,49.975,20.5,83,0.0,3,False,,Saturday,1,256
2025-09-13 02:00:00,8334.240000000002,50.045,20.0,86,0.0,3,False,,Saturday,2,256
2025-09-13 03:00:00,8184.339999999999,50.040000000000006,19.5,90,0.0,2,False,,Saturday,3,256
2025-09-13 04:00:00,8384.3825,49.99,19.2,92,0.0,3,False,,Saturday,4,256
2025-09-13 05:00:00,9128.9475,49.96,18.9,96,0.0,3,False,,Saturday,5,256
2025-09-13 06:00:00,10092.2325,50.025000000000006,20.0,97,0.2,51,False,,Saturday,6,256
2025-09-13 07:00:00,11475.567500000001,50.035,20.9,91,0.0,3,False,,Saturday,7,256
2025-09-13 08:00:00,12311.247500000001,49.995000000000005,22.4,83,0.1,51,False,,Saturday,8,256
2025-09-13 09:00:00,13018.697499999998,50.0,23.8,74,0.2,51,False,,Saturday,9,256
2025-09-13 10:00:00,13765.7275,49.95,25.1,68,0.2,51,False,,Saturday,10,256
2025-09-13 11:00:00,13137.285,49.980000000000004,26.1,63,0.1,51,False,,Saturday,11,256
2025-09-13 12:00:00,13048.2525,50.015,27.1,58,0.1,51,False,,Saturday,12,256
2025-09-13 13:00:00,12609.677500000002,50.01,28.0,54,0.1,51,False,,Saturday,13,256
2025-09-13 14:00:00,12288.7675,49.995000000000005,27.8,53,0.1,51,False,,Saturday,14,256
2025-09-13 15:00:00,12074.669999999998,50.06,27.5,54,0.1,51,False,,Saturday,15,256
2025-09-13 16:00:00,11731.087500000001,49.975,27.3,53,0.0,3,False,,Saturday,16,256
2025-09-13 17:00:00,10639.987500000001,50.015,26.4,57,0.0,2,False,,Saturday,17,256
2025-09-13 18:00:00,10429.57,50.040000000000006,24.1,70,0.0,3,False,,Saturday,18,256
2025-09-13 19:00:00,10193.217499999999,50.06,23.5,76,0.0,3,False,,Saturday,19,256
2025-09-13 20:00:00,9675.3,50.04,23.1,78,0.0,3,False,,Saturday,20,256
2025-09-13 21:00:00,9373.8325,50.05,23.1,73,0.0,3,False,,Saturday,21,256
2025-09-13 22:00:00,8798.71,49.97,22.1,77,0.0,3,False,,Saturday,22,256
2025-09-13 23:00:00,8749.415,49.97,21.0,86,0.0,3,False,,Saturday,23,256
2025-09-14 00:00:00,8810.885,50.025,20.5,90,0.0,3,True,Sunday,Sunday,0,257
2025-09-14 01:00:00,8257.75,49.925,20.3,91,0.0,3,True,Sunday,Sunday,1,257
2025-09-14 02:00:00,7901.2225,49.974999999999994,19.9,93,0.0,3,True,Sunday,Sunday,2,257
2025-09-14 03:00:00,7835.277499999999,50.015,19.4,95,0.0,3,True,Sunday,Sunday,3,257
2025-09-14 04:00:00,8255.0425,50.015,19.0,96,0.0,3,True,Sunday,Sunday,4,257
2025-09-14 05:00:00,8648.7775,49.995,18.8,97,0.0,3,True,Sunday,Sunday,5,257
2025-09-14 06:00:00,9044.2525,50.045,19.1,96,0.0,3,True,Sunday,Sunday,6,257
2025-09-14 07:00:00,9765.7575,50.03,20.0,91,0.0,3,True,Sunday,Sunday,7,257
2025-09-14 08:00:00,10593.995,50.0,21.6,81,0.0,3,True,Sunday,Sunday,8,257
2025-09-14 09:00:00,11634.4175,49.995,23.2,73,0.0,3,True,Sunday,Sunday,9,257
2025-09-14 10:00:00,12371.067500000001,49.974999999999994,24.9,66,0.0,3,True,Sunday,Sunday,10,257
2025-09-14 11:00:00,11803.81,50.025,25.7,59,0.0,3,True,Sunday,Sunday,11,257
2025-09-14 12:00:00,11614.775,50.010000000000005,26.9,54,0.0,3,True,Sunday,Sunday,12,257
2025-09-14 13:00:00,11224.349999999999,50.019999999999996,27.0,54,0.0,3,True,Sunday,Sunday,13,257
2025-09-14 14:00:00,10745.67,50.0,27.8,50,0.0,3,True,Sunday,Sunday,14,257
2025-09-14 15:00:00,10287.797499999999,49.92,27.6,49,0.0,3,True,Sunday,Sunday,15,257
2025-09-14 16:00:00,10104.172499999999,49.95,27.0,51,0.0,3,True,Sunday,Sunday,16,257
2025-09-14 17:00:00,8894.435,50.025000000000006,26.7,54,0.0,2,True,Sunday,Sunday,17,257
2025-09-14 18:00:00,8915.015,50.019999999999996,25.0,65,0.0,3,True,Sunday,Sunday,18,257
2025-09-14 19:00:00,9156.067500000001,50.045,24.3,72,0.0,1,True,Sunday,Sunday,19,257
2025-09-14 20:00:00,8903.34,50.05,24.0,69,0.0,1,True,Sunday,Sunday,20,257
2025-09-14 21:00:00,8692.32,49.989999999999995,22.4,79,0.0,1,True,Sunday,Sunday,21,257
2025-09-14 22:00:00,8161.5875,50.015,21.6,84,0.0,1,True,Sunday,Sunday,22,257
2025-09-14 23:00:00,8277.19,50.019999999999996,21.2,87,0.0,2,True,Sunday,Sunday,23,257
2025-09-15 00:00:00,7613.6175,50.035,20.6,90,0.0,2,False,,Monday,0,258
2025-09-15 01:00:00,7768.6975,50.04,20.3,91,0.0,3,False,,Monday,1,258
2025-09-15 02:00:00,7399.710000000001,50.0,19.9,93,0.0,3,False,,Monday,2,258
2025-09-15 03:00:00,7440.342500000001,50.010000000000005,19.5,95,0.0,3,False,,Monday,3,258
2025-09-15 04:00:00,7667.65,50.035,19.2,96,0.0,3,False,,Monday,4,258
2025-09-15 05:00:00,8306.5525,50.015,19.1,96,0.0,3,False,,Monday,5,258
2025-09-15 06:00:00,9307.89,50.045,19.6,96,0.0,3,False,,Monday,6,258
2025-09-15 07:00:00,10933.025,50.065,20.8,89,0.0,3,False,,Monday,7,258
2025-09-15 08:00:00,11633.8675,50.05,22.9,76,0.0,3,False,,Monday,8,258
2025-09-15 09:00:00,12411.965,49.95,24.0,69,0.0,3,False,,Monday,9,258
2025-09-15 10:00:00,13933.9925,50.015,25.8,61,0.0,3,False,,Monday,10,258
2025-09-15 11:00:00,13570.75,50.06,26.9,56,0.1,51,False,,Monday,11,258
2025-09-15 12:00:00,13283.955,50.04,27.9,53,0.3,51,False,,Monday,12,258
2025-09-15 13:00:00,12987.6,49.989999999999995,28.2,53,0.5,53,False,,Monday,13,258
2025-09-15 14:00:00,12412.64,50.04,28.4,53,0.8,53,False,,Monday,14,258
2025-09-15 15:00:00,12345.7975,50.019999999999996,28.0,54,0.2,51,False,,Monday,15,258
2025-09-15 16:00:00,12001.147500000001,50.055,27.2,57,0.0,1,False,,Monday,16,258
2025-09-15 17:00:00,10773.607500000002,50.05,25.4,68,0.0,1,False,,Monday,17,258
2025-09-15 18:00:00,10614.885,50.019999999999996,24.6,71,0.0,2,False,,Monday,18,258
2025-09-15 19:00:00,10288.7,50.105000000000004,22.8,81,0.1,51,False,,Monday,19,258
2025-09-15 20:00:00,9882.337500000001,50.055,22.0,85,0.0,3,False,,Monday,20,258
2025-09-15 21:00:00,9671.545,49.965,21.6,87,0.0,3,False,,Monday,21,258
2025-09-15 22:00:00,9279.3625,50.019999999999996,21.0,89,0.0,3,False,,Monday,22,258
2025-09-15 23:00:00,8958.5775,50.019999999999996,20.9,89,0.0,3,False,,Monday,23,258
2025-09-16 00:00:00,8556.14,50.01,20.5,92,0.0,3,False,,Tuesday,0,259
2025-09-16 01:00:00,8731.255000000001,50.035,20.6,93,0.0,3,False,,Tuesday,1,259
2025-09-16 02:00:00,8331.4325,50.01,20.3,95,0.0,3,False,,Tuesday,2,259
2025-09-16 03:00:00,8253.0025,50.019999999999996,20.0,98,0.1,51,False,,Tuesday,3,259
2025-09-16 04:00:00,8497.7575,50.045,20.0,96,0.1,51,False,,Tuesday,4,259
2025-09-16 05:00:00,8971.35,50.045,19.8,96,0.0,3,False,,Tuesday,5,259
2025-09-16 06:00:00,9888.7675,50.06,20.0,98,0.0,3,False,,Tuesday,6,259
2025-09-16 07:00:00,11262.244999999999,49.98,20.8,92,0.0,3,False,,Tuesday,7,259
2025-09-16 08:00:00,12257.6225,50.004999999999995,22.0,83,0.0,3,False,,Tuesday,8,259
2025-09-16 09:00:00,12953.8025,50.035,23.9,74,0.0,3,False,,Tuesday,9,259
2025-09-16 10:00:00,13312.7775,50.03,24.8,70,0.1,51,False,,Tuesday,10,259
2025-09-16 11:00:00,13243.4725,49.96,25.4,68,0.0,3,False,,Tuesday,11,259
2025-09-16 12:00:00,12942.785,49.955,27.0,62,0.0,3,False,,Tuesday,12,259
2025-09-16 13:00:00,12511.6325,50.165,27.0,62,0.0,3,False,,Tuesday,13,259
2025-09-16 14:00:00,12031.4525,50.065,27.5,59,0.0,3,False,,Tuesday,14,259
2025-09-16 15:00:00,12005.025,49.94,27.0,62,0.0,3,False,,Tuesday,15,259
2025-09-16 16:00:00,11523.6275,49.955,23.0,78,1.4,61,False,,Tuesday,16,259
2025-09-16 17:00:00,10670.335,49.887,22.1,85,0.5,53,False,,Tuesday,17,259
2025-09-16 18:00:00,10393.425,50.06,21.8,91,1.5,61,False,,Tuesday,18,259
2025-09-16 19:00:00,10344.162499999999,50.105000000000004,21.4,92,0.1,51,False,,Tuesday,19,259
2025-09-16 20:00:00,10069.7425,50.075,21.5,91,0.1,51,False,,Tuesday,20,259
2025-09-16 21:00:00,9563.765,49.995,20.8,94,0.7,53,False,,Tuesday,21,259
2025-09-16 22:00:00,9091.3325,50.045,20.9,95,0.1,51,False,,Tuesday,22,259
2025-09-16 23:00:00,8926.595,50.01,20.6,96,0.0,3,False,,Tuesday,23,259
2025-09-17 00:00:00,8420.494999999999,50.004999999999995,20.5,98,0.0,3,False,,Wednesday,0,260
2025-09-17 01:00:00,8420.185,50.01,20.4,98,0.0,3,False,,Wednesday,1,260
2025-09-17 02:00:00,8138.78,50.015,20.2,97,0.0,3,False,,Wednesday,2,260
2025-09-17 03:00:00,7907.335,50.0,20.0,97,0.0,3,False,,Wednesday,3,260
2025-09-17 04:00:00,7981.11,50.025000000000006,20.0,97,0.0,3,False,,Wednesday,4,260
2025-09-17 05:00:00,8805.1575,50.0,19.7,98,0.0,3,False,,Wednesday,5,260
2025-09-17 06:00:00,9824.1325,50.05,20.2,97,0.0,3,False,,Wednesday,6,260
2025-09-17 07:00:00,11719.845000000001,49.985,20.5,95,0.0,3,False,,Wednesday,7,260
2025-09-17 08:00:00,12659.175,50.015,21.7,87,0.0,3,False,,Wednesday,8,260
2025-09-17 09:00:00,13052.677499999998,50.0,23.6,76,0.2,51,False,,Wednesday,9,260
2025-09-17 10:00:00,13974.6575,49.99,23.9,76,0.1,51,False,,Wednesday,10,260
2025-09-17 11:00:00,13158.439999999999,49.965,24.6,74,0.3,51,False,,Wednesday,11,260
2025-09-17 12:00:00,12472.7275,49.97,25.0,72,0.4,51,False,,Wednesday,12,260
2025-09-17 13:00:00,12377.715,49.98,25.0,72,0.4,51,False,,Wednesday,13,260
2025-09-17 14:00:00,11983.0675,49.91,25.6,69,0.2,51,False,,Wednesday,14,260
2025-09-17 15:00:00,11718.282500000001,49.96,25.2,71,0.4,51,False,,Wednesday,15,260
2025-09-17 16:00:00,11484.325,50.01,25.4,73,0.2,51,False,,Wednesday,16,260
2025-09-17 17:00:00,10422.380000000001,50.055,22.1,88,3.7,63,False,,Wednesday,17,260
2025-09-17 18:00:00,10333.164999999999,50.025,23.8,82,0.0,3,False,,Wednesday,18,260
2025-09-17 19:00:00,10605.6075,50.004999999999995,21.5,95,2.5,63,False,,Wednesday,19,260
2025-09-17 20:00:00,9735.587500000001,50.035,20.9,97,1.0,55,False,,Wednesday,20,260
2025-09-17 21:00:00,9340.63,49.975,20.8,97,0.3,51,False,,Wednesday,21,260
2025-09-17 22:00:00,8848.925,49.995000000000005,20.5,96,0.9,53,False,,Wednesday,22,260
2025-09-17 23:00:00,8206.747500000001,50.0,20.2,98,0.1,51,False,,Wednesday,23,260
2025-09-18 00:00:00,7726.08,49.995000000000005,20.1,99,0.2,51,False,,Thursday,0,261
2025-09-18 01:00:00,7523.3775000000005,49.99,20.0,100,0.1,51,False,,Thursday,1,261
2025-09-18 02:00:00,7238.452499999999,49.989999999999995,20.2,97,0.1,51,False,,Thursday,2,261
2025-09-18 03:00:00,7128.8625,49.97,20.0,97,0.0,3,False,,Thursday,3,261
2025-09-18 04:00:00,7142.7075,49.980000000000004,19.8,98,0.0,3,False,,Thursday,4,261
2025-09-18 05:00:00,7612.0675,50.015,19.9,98,0.0,3,False,,Thursday,5,261
2025-09-18 06:00:00,8771.775,50.04,20.0,98,0.2,51,False,,Thursday,6,261
2025-09-18 07:00:00,10581.6875,50.04,20.6,95,0.2,51,False,,Thursday,7,261
2025-09-18 08:00:00,11466.73,50.025000000000006,22.2,85,0.1,51,False,,Thursday,8,261
2025-09-18 09:00:00,12087.755,49.995,23.0,82,0.1,51,False,,Thursday,9,261
2025-09-18 10:00:00,12477.75,49.97,25.0,76,0.1,51,False,,Thursday,10,261
2025-09-18 11:00:00,12082.935000000001,49.989999999999995,26.2,70,0.0,3,False,,Thursday,11,261
2025-09-18 12:00:00,11785.665,50.005,26.9,66,0.0,3,False,,Thursday,12,261
2025-09-18 13:00:00,11494.9425,50.040000000000006,27.2,64,0.1,51,False,,Thursday,13,261
2025-09-18 14:00:00,10962.5425,50.0,26.4,67,0.0,3,False,,Thursday,14,261
2025-09-18 15:00:00,11208.68,50.015,24.7,71,0.3,51,False,,Thursday,15,261
2025-09-18 16:00:00,11027.76,50.01,22.0,88,4.2,63,False,,Thursday,16,261
2025-09-18 17:00:00,10351.165,50.004999999999995,22.5,89,0.3,51,False,,Thursday,17,261
2025-09-18 18:00:00,10253.015000000001,50.07,22.4,88,0.0,3,False,,Thursday,18,261
2025-09-18 19:00:00,10373.5325,49.93,21.8,89,0.7,53,False,,Thursday,19,261
2025-09-18 20:00:00,9804.8425,50.035,20.5,95,7.0,63,False,,Thursday,20,261
2025-09-18 21:00:00,9374.517499999998,49.97,20.2,98,2.7,63,False,,Thursday,21,261
2025-09-18 22:00:00,8785.732499999998,50.004999999999995,20.5,96,0.1,51,False,,Thursday,22,261
2025-09-18 23:00:00,8298.3725,50.03,20.5,95,0.0,3,False,,Thursday,23,261
2025-09-19 00:00:00,7585.987500000001,49.935,20.0,95,0.0,3,False,,Friday,0,262
2025-09-19 01:00:00,7631.125,49.995000000000005,19.8,95,0.1,51,False,,Friday,1,262
2025-09-19 02:00:00,7291.237499999999,49.96,19.7,96,0.1,51,False,,Friday,2,262
2025-09-19 03:00:00,7165.3025,49.995000000000005,19.4,97,0.1,51,False,,Friday,3,262
2025-09-19 04:00:00,7342.3825,50.03,19.3,98,0.3,51,False,,Friday,4,262
2025-09-19 05:00:00,7909.8049999999985,50.0,19.2,98,0.0,3,False,,Friday,5,262
2025-09-19 06:00:00,8780.385,50.025,19.7,98,0.9,53,False,,Friday,6,262
2025-09-19 07:00:00,10676.435,50.035,19.9,98,0.8,53,False,,Friday,7,262
2025-09-19 08:00:00,11375.01,50.004999999999995,20.8,92,0.6,53,False,,Friday,8,262
2025-09-19 09:00:00,11785.9775,50.0,21.8,89,0.6,53,False,,Friday,9,262
2025-09-19 10:00:00,12293.032500000001,49.995000000000005,21.7,88,0.8,53,False,,Friday,10,262
2025-09-19 11:00:00,11771.25,49.980000000000004,22.6,84,0.6,53,False,,Friday,11,262
2025-09-19 12:00:00,11501.315,49.985,22.6,84,0.1,51,False,,Friday,12,262
2025-09-19 13:00:00,11289.1675,49.955,22.6,86,0.0,3,False,,Friday,13,262
2025-09-19 14:00:00,10715.935,50.03,24.3,79,0.1,51,False,,Friday,14,262
2025-09-19 15:00:00,10647.824999999999,50.05,24.2,78,0.2,51,False,,Friday,15,262
2025-09-19 16:00:00,10477.029999999999,50.055,23.5,81,0.4,51,False,,Friday,16,262
2025-09-19 17:00:00,9920.289999999999,50.01,23.0,85,0.8,53,False,,Friday,17,262
2025-09-19 18:00:00,9832.0375,50.08,22.3,84,0.0,3,False,,Friday,18,262
2025-09-19 19:00:00,10002.0825,50.015,21.6,86,0.1,51,False,,Friday,19,262
2025-09-19 20:00:00,9476.1025,50.025,21.0,89,0.1,51,False,,Friday,20,262
2025-09-19 21:00:00,9172.96,49.945,20.7,90,0.0,3,False,,Friday,21,262
2025-09-19 22:00:00,8658.5825,49.985,20.3,92,0.1,51,False,,Friday,22,262
2025-09-19 23:00:00,8165.82,50.010000000000005,20.0,94,0.0,3,False,,Friday,23,262
2025-09-20 00:00:00,7663.6925,50.06,19.8,96,0.0,3,False,,Saturday,0,263
2025-09-20 01:00:00,7553.739999999999,50.010000000000005,19.6,96,0.0,3,False,,Saturday,1,263
2025-09-20 02:00:00,7302.657499999999,50.0,19.5,96,0.0,3,False,,Saturday,2,263
2025-09-20 03:00:00,7103.947499999999,49.995000000000005,19.2,97,0.0,3,False,,Saturday,3,263
2025-09-20 04:00:00,7286.93,50.019999999999996,19.2,98,0.0,3,False,,Saturday,4,263
2025-09-20 05:00:00,7512.045,50.055,19.4,97,0.0,3,False,,Saturday,5,263
2025-09-20 06:00:00,8605.195,50.07,19.9,97,0.1,51,False,,Saturday,6,263
2025-09-20 07:00:00,10111.552500000002,50.035,20.5,93,0.1,51,False,,Saturday,7,263
2025-09-20 08:00:00,10992.5875,50.05500000000001,20.9,90,0.2,51,False,,Saturday,8,263
2025-09-20 09:00:00,11429.4325,49.98,22.0,84,0.1,51,False,,Saturday,9,263
2025-09-20 10:00:00,12151.1375,50.015,23.2,77,0.0,3,False,,Saturday,10,263
2025-09-20 11:00:00,11635.6875,50.025,25.0,71,0.2,51,False,,Saturday,11,263
2025-09-20 12:00:00,11378.660000000002,49.980000000000004,25.9,70,0.1,51,False,,Saturday,12,263
2025-09-20 13:00:00,10904.087500000001,50.105000000000004,26.7,66,0.1,51,False,,Saturday,13,263
2025-09-20 14:00:00,10793.9175,50.065,23.0,83,3.0,63,False,,Saturday,14,263
2025-09-20 15:00:00,11064.51,50.0,24.5,78,0.3,51,False,,Saturday,15,263
2025-09-20 16:00:00,10414.2175,49.995000000000005,25.2,72,0.1,51,False,,Saturday,16,263
2025-09-20 17:00:00,9708.8125,50.019999999999996,22.6,83,11.9,65,False,,Saturday,17,263
2025-09-20 18:00:00,9741.467499999999,49.95,23.3,81,0.0,3,False,,Saturday,18,263
2025-09-20 19:00:00,10310.6025,50.045,22.1,87,0.0,3,False,,Saturday,19,263
2025-09-20 20:00:00,9699.417500000001,50.01,21.0,92,0.0,2,False,,Saturday,20,263
2025-09-20 21:00:00,9122.965,50.005,20.7,95,0.0,1,False,,Saturday,21,263
2025-09-20 22:00:00,8736.154999999999,49.995000000000005,20.6,95,0.0,1,False,,Saturday,22,263
2025-09-20 23:00:00,8125.009999999998,49.935,20.2,94,0.0,2,False,,Saturday,23,263
2025-09-21 00:00:00,7650.325,49.965,19.9,95,0.0,3,True,Sunday,Sunday,0,264
2025-09-21 01:00:00,7272.455,50.04,19.6,96,0.0,3,True,Sunday,Sunday,1,264
2025-09-21 02:00:00,7127.34,50.05,19.5,97,0.0,3,True,Sunday,Sunday,2,264
2025-09-21 03:00:00,6922.98,50.0,19.4,96,0.0,3,True,Sunday,Sunday,3,264
2025-09-21 04:00:00,7398.717500000001,49.985,19.3,95,0.0,3,True,Sunday,Sunday,4,264
2025-09-21 05:00:00,7798.455,50.025,18.9,96,0.0,3,True,Sunday,Sunday,5,264
2025-09-21 06:00:00,8638.825,50.010000000000005,19.5,95,0.0,3,True,Sunday,Sunday,6,264
2025-09-21 07:00:00,9224.7425,50.004999999999995,20.4,90,0.0,3,True,Sunday,Sunday,7,264
2025-09-21 08:00:00,10044.5075,49.97,21.9,82,0.0,3,True,Sunday,Sunday,8,264
2025-09-21 09:00:00,10807.59,50.07,23.1,76,0.0,3,True,Sunday,Sunday,9,264
2025-09-21 10:00:00,11281.2275,50.084999999999994,24.2,73,0.1,51,True,Sunday,Sunday,10,264
2025-09-21 11:00:00,11183.177500000002,50.055,25.0,70,0.0,3,True,Sunday,Sunday,11,264
2025-09-21 12:00:00,11045.7575,49.995000000000005,26.4,65,0.1,51,True,Sunday,Sunday,12,264
2025-09-21 13:00:00,10939.865000000002,50.010000000000005,26.9,62,0.1,51,True,Sunday,Sunday,13,264
2025-09-21 14:00:00,10056.3725,50.015,27.0,61,0.2,51,True,Sunday,Sunday,14,264
2025-09-21 15:00:00,9686.414999999999,50.045,27.0,60,0.2,51,True,Sunday,Sunday,15,264
2025-09-21 16:00:00,9110.072499999998,49.945,26.2,64,0.2,51,True,Sunday,Sunday,16,264
2025-09-21 17:00:00,8608.645,49.97,25.2,69,0.0,3,True,Sunday,Sunday,17,264
2025-09-21 18:00:00,8409.695,49.955,22.6,86,0.2,51,True,Sunday,Sunday,18,264
2025-09-21 19:00:00,8706.2425,50.04,22.1,90,0.4,51,True,Sunday,Sunday,19,264
2025-09-21 20:00:00,8005.889999999999,49.985,21.8,88,0.1,51,True,Sunday,Sunday,20,264
2025-09-21 21:00:00,7845.81,49.955,21.2,91,0.0,3,True,Sunday,Sunday,21,264
2025-09-21 22:00:00,7576.742499999999,50.07,20.2,95,0.3,51,True,Sunday,Sunday,22,264
2025-09-21 23:00:00,7508.2325,49.98,20.0,95,1.6,61,True,Sunday,Sunday,23,264
2025-09-22 00:00:00,6961.977499999999,50.040000000000006,20.0,97,0.3,51,False,,Monday,0,265
2025-09-22 01:00:00,6910.97,50.04,20.0,97,0.0,3,False,,Monday,1,265
2025-09-22 02:00:00,6723.605,49.965,20.0,98,0.0,3,False,,Monday,2,265
2025-09-22 03:00:00,6546.8025,50.004999999999995,19.6,98,0.0,2,False,,Monday,3,265
2025-09-22 04:00:00,6962.9825,50.01,19.4,98,0.0,3,False,,Monday,4,265
2025-09-22 05:00:00,7572.4800000000005,50.035,19.1,98,0.0,3,False,,Monday,5,265
2025-09-22 06:00:00,8531.795,50.0,19.9,96,0.0,3,False,,Monday,6,265
2025-09-22 07:00:00,9995.1675,50.035,20.8,91,0.0,3,False,,Monday,7,265
2025-09-22 08:00:00,10736.47,50.05,22.2,81,0.0,3,False,,Monday,8,265
2025-09-22 09:00:00,11366.4575,50.010000000000005,23.4,74,0.0,3,False,,Monday,9,265
2025-09-22 10:00:00,12243.595,49.99,24.8,68,0.0,3,False,,Monday,10,265
2025-09-22 11:00:00,12057.182499999999,49.985,25.7,63,0.0,3,False,,Monday,11,265
2025-09-22 12:00:00,11996.915,50.010000000000005,26.4,59,0.0,3,False,,Monday,12,265
2025-09-22 13:00:00,11825.239999999998,50.09,26.8,60,0.0,3,False,,Monday,13,265
2025-09-22 14:00:00,11419.61,50.01,27.0,58,0.0,3,False,,Monday,14,265
2025-09-22 15:00:00,11325.9,49.985,26.5,61,0.1,51,False,,Monday,15,265
2025-09-22 16:00:00,10882.557499999999,50.025000000000006,25.9,66,0.1,51,False,,Monday,16,265
2025-09-22 17:00:00,10026.83,49.989999999999995,22.3,85,0.8,53,False,,Monday,17,265
2025-09-22 18:00:00,10016.4325,50.015,23.5,75,0.0,3,False,,Monday,18,265
2025-09-22 19:00:00,10141.029999999999,50.045,22.5,81,0.0,3,False,,Monday,19,265
2025-09-22 20:00:00,9594.8925,50.085,22.1,84,0.0,3,False,,Monday,20,265
2025-09-22 21:00:00,9377.449999999999,50.045,21.4,88,0.1,51,False,,Monday,21,265
2025-09-22 22:00:00,8922.442500000001,50.05,21.0,90,0.0,3,False,,Monday,22,265
2025-09-22 23:00:00,8324.140000000001,50.015,20.5,91,0.0,3,False,,Monday,23,265
2025-09-23 00:00:00,7956.3575,50.055,20.1,93,0.0,3,False,,Tuesday,0,266
2025-09-23 01:00:00,7780.657499999999,50.015,19.9,94,0.0,3,False,,Tuesday,1,266
2025-09-23 02:00:00,7361.4800000000005,50.004999999999995,19.8,95,0.0,3,False,,Tuesday,2,266
2025-09-23 03:00:00,7181.737500000001,50.025000000000006,19.8,95,0.0,3,False,,Tuesday,3,266
2025-09-23 04:00:00,7518.945,50.0,19.8,95,0.0,3,False,,Tuesday,4,266
2025-09-23 05:00:00,8094.789999999999,50.05,19.8,95,0.0,3,False,,Tuesday,5,266
2025-09-23 06:00:00,8880.4275,50.075,20.2,93,0.1,51,False,,Tuesday,6,266
2025-09-23 07:00:00,10315.9525,50.035,20.7,91,0.1,51,False,,Tuesday,7,266
2025-09-23 08:00:00,11060.4775,50.05,22.2,83,0.1,51,False,,Tuesday,8,266
2025-09-23 09:00:00,11644.157500000001,50.099999999999994,23.3,76,0.1,51,False,,Tuesday,9,266
2025-09-23 10:00:00,12532.412499999999,49.975,23.9,79,0.2,51,False,,Tuesday,10,266
2025-09-23 11:00:00,11952.785000000002,50.005,25.3,71,0.2,51,False,,Tuesday,11,266
2025-09-23 12:00:00,11815.537499999999,50.035,22.2,81,5.9,63,False,,Tuesday,12,266
2025-09-23 13:00:00,11293.6675,50.0,23.1,80,0.5,53,False,,Tuesday,13,266
2025-09-23 14:00:00,11077.6475,50.010000000000005,24.9,71,0.4,51,False,,Tuesday,14,266
2025-09-23 15:00:00,10896.8725,49.985,24.2,73,0.1,51,False,,Tuesday,15,266
2025-09-23 16:00:00,10846.287499999999,49.995000000000005,23.5,74,0.3,51,False,,Tuesday,16,266
2025-09-23 17:00:00,10281.244999999999,50.06,22.1,87,0.4,51,False,,Tuesday,17,266
2025-09-23 18:00:00,10270.5125,49.995000000000005,23.1,78,0.0,3,False,,Tuesday,18,266
2025-09-23 19:00:00,10387.072499999998,50.06,22.4,82,0.0,3,False,,Tuesday,19,266
2025-09-23 20:00:00,9580.0975,50.019999999999996,21.7,85,0.0,3,False,,Tuesday,20,266
2025-09-23 21:00:00,9288.047499999999,49.985,21.3,88,0.0,3,False,,Tuesday,21,266
2025-09-23 22:00:00,8794.34,50.04,21.0,91,0.0,3,False,,Tuesday,22,266
2025-09-23 23:00:00,8391.404999999999,50.0,20.5,93,0.0,3,False,,Tuesday,23,266
2025-09-24 00:00:00,7736.522499999999,50.019999999999996,20.2,95,0.0,3,False,,Wednesday,0,267
2025-09-24 01:00:00,7742.93,49.995000000000005,19.9,96,0.0,3,False,,Wednesday,1,267
2025-09-24 02:00:00,7385.4574999999995,49.995000000000005,19.6,96,0.0,3,False,,Wednesday,2,267
2025-09-24 03:00:00,7333.764999999999,49.98,19.3,97,0.0,3,False,,Wednesday,3,267
2025-09-24 04:00:00,7557.5599999999995,49.98,19.1,97,0.0,3,False,,Wednesday,4,267
2025-09-24 05:00:00,8209.224999999999,50.015,18.9,97,0.0,3,False,,Wednesday,5,267
2025-09-24 06:00:00,8903.815,50.01,19.0,97,0.0,3,False,,Wednesday,6,267
2025-09-24 07:00:00,10683.1625,49.97,19.8,92,0.0,3,False,,Wednesday,7,267
2025-09-24 08:00:00,11564.9025,50.01,21.2,81,0.0,3,False,,Wednesday,8,267
2025-09-24 09:00:00,12050.2225,50.045,22.7,74,0.0,3,False,,Wednesday,9,267
2025-09-24 10:00:00,12404.365,50.0,24.2,67,0.0,2,False,,Wednesday,10,267
2025-09-24 11:00:00,11771.98,50.045,25.0,62,0.2,51,False,,Wednesday,11,267
2025-09-24 12:00:00,11466.077500000001,50.045,25.4,61,0.5,53,False,,Wednesday,12,267
2025-09-24 13:00:00,11208.02,49.995,25.4,62,0.4,51,False,,Wednesday,13,267
2025-09-24 14:00:00,11030.407500000001,50.045,25.1,71,0.6,53,False,,Wednesday,14,267
2025-09-24 15:00:00,10948.2975,49.870000000000005,23.9,72,1.0,55,False,,Wednesday,15,267
2025-09-24 16:00:00,10895.74,49.965,23.1,82,0.4,51,False,,Wednesday,16,267
2025-09-24 17:00:00,10339.52,49.995000000000005,23.3,84,0.1,51,False,,Wednesday,17,267
2025-09-24 18:00:00,10311.425,50.09,21.5,88,0.0,3,False,,Wednesday,18,267
2025-09-24 19:00:00,10224.5775,50.055,21.9,85,0.0,3,False,,Wednesday,19,267
2025-09-24 20:00:00,9693.1675,50.06,21.4,86,0.1,51,False,,Wednesday,20,267
2025-09-24 21:00:00,9344.9475,49.965,20.9,89,0.2,51,False,,Wednesday,21,267
2025-09-24 22:00:00,8613.39,50.065,20.9,90,0.0,2,False,,Wednesday,22,267
2025-09-24 23:00:00,8063.612499999999,50.0,20.5,90,0.0,1,False,,Wednesday,23,267
2025-09-25 00:00:00,7558.464999999999,49.98,19.9,93,0.0,1,False,,Thursday,0,268
2025-09-25 01:00:00,7682.0025000000005,49.975,19.5,95,0.0,1,False,,Thursday,1,268
2025-09-25 02:00:00,7348.657499999999,49.974999999999994,19.2,96,0.0,3,False,,Thursday,2,268
2025-09-25 03:00:00,7225.875,50.004999999999995,19.0,97,0.0,3,False,,Thursday,3,268
2025-09-25 04:00:00,7675.9725,50.055,18.9,98,0.0,3,False,,Thursday,4,268
2025-09-25 05:00:00,8237.324999999999,50.019999999999996,19.0,97,0.0,3,False,,Thursday,5,268
2025-09-25 06:00:00,8989.6325,50.05500000000001,19.4,95,0.0,2,False,,Thursday,6,268
2025-09-25 07:00:00,10735.325,49.985,20.5,90,0.0,3,False,,Thursday,7,268
2025-09-25 08:00:00,11276.63,50.085,22.0,80,0.0,3,False,,Thursday,8,268
2025-09-25 09:00:00,11800.0825,50.07,23.8,73,0.0,3,False,,Thursday,9,268
2025-09-25 10:00:00,12578.085,49.955,24.7,71,0.0,3,False,,Thursday,10,268
2025-09-25 11:00:00,11889.5525,50.025000000000006,25.9,68,0.2,51,False,,Thursday,11,268
2025-09-25 12:00:00,11554.175000000001,49.980000000000004,26.6,65,0.0,3,False,,Thursday,12,268
2025-09-25 13:00:00,11638.819999999998,49.989999999999995,27.1,61,0.0,3,False,,Thursday,13,268
2025-09-25 14:00:00,11187.2925,49.97,25.2,71,0.4,51,False,,Thursday,14,268
2025-09-25 15:00:00,11130.2575,49.935,23.9,75,5.0,63,False,,Thursday,15,268
2025-09-25 16:00:00,10852.73,49.975,23.8,77,2.0,61,False,,Thursday,16,268
2025-09-25 17:00:00,10343.5775,50.015,22.3,86,0.4,51,False,,Thursday,17,268
2025-09-25 18:00:00,10176.142499999998,50.075,22.9,85,0.0,3,False,,Thursday,18,268
2025-09-25 19:00:00,10196.57,50.04,21.9,86,0.2,51,False,,Thursday,19,268
2025-09-25 20:00:00,9737.409999999998,50.03,21.6,89,0.2,51,False,,Thursday,20,268
2025-09-25 21:00:00,9228.5975,50.010000000000005,21.3,89,0.0,3,False,,Thursday,21,268
2025-09-25 22:00:00,8683.225,50.035,20.9,90,0.0,3,False,,Thursday,22,268
2025-09-25 23:00:00,8229.235,49.965,20.8,91,0.1,51,False,,Thursday,23,268
2025-09-26 00:00:00,7711.4175000000005,50.0,20.5,92,0.0,3,False,,Friday,0,269
2025-09-26 01:00:00,7774.145,50.010000000000005,20.0,92,0.0,3,False,,Friday,1,269
2025-09-26 02:00:00,7188.7775,50.05,19.6,92,0.0,3,False,,Friday,2,269
2025-09-26 03:00:00,7048.1875,49.975,19.4,92,0.0,3,False,,Friday,3,269
2025-09-26 04:00:00,7275.415,49.985,19.1,93,0.0,3,False,,Friday,4,269
2025-09-26 05:00:00,7681.5,50.035,18.8,95,0.0,3,False,,Friday,5,269
2025-09-26 06:00:00,8707.512499999999,50.06,19.6,90,0.0,3,False,,Friday,6,269
2025-09-26 07:00:00,10330.822499999998,50.0,20.6,85,0.0,3,False,,Friday,7,269
2025-09-26 08:00:00,11306.85,49.995000000000005,22.1,78,0.0,3,False,,Friday,8,269
2025-09-26 09:00:00,11890.085,49.995000000000005,23.4,70,0.0,3,False,,Friday,9,269
2025-09-26 10:00:00,12435.82,49.945,24.5,65,0.0,3,False,,Friday,10,269
2025-09-26 11:00:00,11986.974999999999,50.015,26.0,57,0.0,3,False,,Friday,11,269
2025-09-26 12:00:00,11610.025,50.03,26.3,57,0.3,51,False,,Friday,12,269
2025-09-26 13:00:00,11227.48,50.13,26.7,55,0.3,51,False,,Friday,13,269
2025-09-26 14:00:00,10700.57,50.055,26.9,55,0.1,51,False,,Friday,14,269
2025-09-26 15:00:00,10600.987500000001,49.985,26.8,56,0.1,51,False,,Friday,15,269
2025-09-26 16:00:00,10385.165,49.93,25.1,63,0.1,51,False,,Friday,16,269
2025-09-26 17:00:00,9699.384999999998,50.04,23.4,74,0.2,51,False,,Friday,17,269
2025-09-26 18:00:00,9601.692500000001,50.095,23.7,69,0.0,3,False,,Friday,18,269
2025-09-26 19:00:00,9980.0625,50.05,22.5,74,0.0,3,False,,Friday,19,269
2025-09-26 20:00:00,9041.682499999999,50.02,21.8,75,0.0,3,False,,Friday,20,269
2025-09-26 21:00:00,8865.075,49.94,21.1,85,0.0,3,False,,Friday,21,269
2025-09-26 22:00:00,8373.185,50.035,20.5,86,0.0,3,False,,Friday,22,269
2025-09-26 23:00:00,7713.82,49.965,20.0,89,0.0,3,False,,Friday,23,269
2025-09-27 00:00:00,7209.147499999999,50.04,19.8,91,0.0,3,False,,Saturday,0,270
2025-09-27 01:00:00,7016.8099999999995,49.965,19.5,93,0.0,3,False,,Saturday,1,270
2025-09-27 02:00:00,6685.612500000001,49.975,19.4,93,0.0,3,False,,Saturday,2,270
2025-09-27 03:00:00,6605.1875,50.01,19.4,93,0.0,3,False,,Saturday,3,270
2025-09-27 04:00:00,6637.644999999999,50.019999999999996,19.5,92,0.0,3,False,,Saturday,4,270
2025-09-27 05:00:00,6964.3325,50.045,19.7,91,0.0,3,False,,Saturday,5,270
2025-09-27 06:00:00,7559.1900000000005,50.09,20.2,91,0.0,3,False,,Saturday,6,270
2025-09-27 07:00:00,8801.470000000001,50.05,21.4,86,0.0,3,False,,Saturday,7,270
2025-09-27 08:00:00,9440.04,50.004999999999995,22.8,76,0.0,3,False,,Saturday,8,270
2025-09-27 09:00:00,10219.8575,50.1,24.1,70,0.0,3,False,,Saturday,9,270
2025-09-27 10:00:00,10827.437500000002,50.07,25.2,64,0.1,51,False,,Saturday,10,270
2025-09-27 11:00:00,10289.0825,50.019999999999996,26.1,60,0.4,51,False,,Saturday,11,270
2025-09-27 12:00:00,9960.869999999999,49.980000000000004,26.1,59,0.1,51,False,,Saturday,12,270
2025-09-27 13:00:00,9549.1475,49.94,26.5,62,0.1,51,False,,Saturday,13,270
2025-09-27 14:00:00,9205.835000000001,50.019999999999996,25.0,68,0.3,51,False,,Saturday,14,270
2025-09-27 15:00:00,9091.0375,49.93,23.8,73,1.0,55,False,,Saturday,15,270
2025-09-27 16:00:00,9136.707499999999,49.91,24.5,75,0.1,51,False,,Saturday,16,270
2025-09-27 17:00:00,8608.43,50.045,23.4,73,0.4,51,False,,Saturday,17,270
2025-09-27 18:00:00,8969.32,49.85,22.2,80,0.3,51,False,,Saturday,18,270
2025-09-27 19:00:00,9365.2025,50.055,21.8,81,0.0,3,False,,Saturday,19,270
2025-09-27 20:00:00,8712.205,50.05,21.2,85,0.0,3,False,,Saturday,20,270
2025-09-27 21:00:00,8393.9125,49.980000000000004,20.9,88,0.0,3,False,,Saturday,21,270
2025-09-27 22:00:00,7942.8675,50.025,20.6,89,0.0,3,False,,Saturday,22,270
2025-09-27 23:00:00,7405.1725,50.015,20.4,91,0.0,2,False,,Saturday,23,270
2025-09-28 00:00:00,6776.6025,50.01,20.0,91,0.0,2,True,Sunday,Sunday,0,271
2025-09-28 01:00:00,6710.307500000001,49.92,19.6,92,0.0,2,True,Sunday,Sunday,1,271
2025-09-28 02:00:00,6506.0975,50.015,19.4,93,0.0,3,True,Sunday,Sunday,2,271
2025-09-28 03:00:00,6424.0825,49.985,19.2,94,0.0,3,True,Sunday,Sunday,3,271
2025-09-28 04:00:00,6615.6,50.04,19.4,94,0.0,3,True,Sunday,Sunday,4,271
2025-09-28 05:00:00,6922.349999999999,49.96,19.5,94,0.0,3,True,Sunday,Sunday,5,271
2025-09-28 06:00:00,7506.0225,50.0,20.0,95,0.0,3,True,Sunday,Sunday,6,271
2025-09-28 07:00:00,8257.3425,50.005,20.8,92,0.1,51,True,Sunday,Sunday,7,271
2025-09-28 08:00:00,8733.94,50.065,22.5,80,0.1,51,True,Sunday,Sunday,8,271
2025-09-28 09:00:00,9453.3925,50.18,24.1,70,0.1,51,True,Sunday,Sunday,9,271
2025-09-28 10:00:00,9636.190000000002,50.099999999999994,25.4,65,0.2,51,True,Sunday,Sunday,10,271
2025-09-28 11:00:00,9014.4325,50.025000000000006,26.5,59,0.1,51,True,Sunday,Sunday,11,271
2025-09-28 12:00:00,9019.342499999999,50.035,27.6,54,0.1,51,True,Sunday,Sunday,12,271
2025-09-28 13:00:00,8295.205000000002,50.01,27.8,54,0.1,51,True,Sunday,Sunday,13,271
2025-09-28 14:00:00,8412.219999999998,50.1,28.0,52,0.3,51,True,Sunday,Sunday,14,271
2025-09-28 15:00:00,7956.192499999999,49.989999999999995,27.5,55,0.1,51,True,Sunday,Sunday,15,271
2025-09-28 16:00:00,8026.59,49.915,27.0,55,0.0,3,True,Sunday,Sunday,16,271
2025-09-28 17:00:00,7302.922499999999,49.915,24.5,68,0.2,51,True,Sunday,Sunday,17,271
2025-09-28 18:00:00,7885.3025,50.025,24.0,70,0.0,3,True,Sunday,Sunday,18,271
2025-09-28 19:00:00,8424.78,50.045,22.8,76,0.0,3,True,Sunday,Sunday,19,271
2025-09-28 20:00:00,8343.66,49.93,22.1,80,0.0,3,True,Sunday,Sunday,20,271
2025-09-28 21:00:00,7968.2225,49.955,21.5,84,0.0,2,True,Sunday,Sunday,21,271
2025-09-28 22:00:00,7715.619999999999,49.959999999999994,21.0,87,0.0,1,True,Sunday,Sunday,22,271
2025-09-28 23:00:00,7520.525,49.974999999999994,20.5,89,0.0,1,True,Sunday,Sunday,23,271
2025-09-29 00:00:00,6885.442499999999,49.995000000000005,20.0,93,0.0,3,False,,Monday,0,272
2025-09-29 01:00:00,6753.550000000001,50.025000000000006,19.8,94,0.0,3,False,,Monday,1,272
2025-09-29 02:00:00,6315.1775,50.02,19.5,95,0.0,3,False,,Monday,2,272
2025-09-29 03:00:00,6223.9325,50.019999999999996,19.6,95,0.0,3,False,,Monday,3,272
2025-09-29 04:00:00,6429.370000000001,49.980000000000004,19.6,95,0.0,3,False,,Monday,4,272
2025-09-29 05:00:00,6968.0725,49.985,19.5,95,0.0,3,False,,Monday,5,272
2025-09-29 06:00:00,7721.875,50.08,19.9,94,0.0,3,False,,Monday,6,272
2025-09-29 07:00:00,9582.4175,50.065,20.8,89,0.1,51,False,,Monday,7,272
2025-09-29 08:00:00,10296.5625,50.125,22.2,79,0.1,51,False,,Monday,8,272
2025-09-29 09:00:00,10724.81,50.075,23.8,70,0.1,51,False,,Monday,9,272
2025-09-29 10:00:00,11369.275000000001,50.075,25.2,62,0.0,3,False,,Monday,10,272
2025-09-29 11:00:00,11091.115,50.120000000000005,26.8,54,0.0,3,False,,Monday,11,272
2025-09-29 12:00:00,10910.127499999999,49.95,27.8,50,0.0,3,False,,Monday,12,272
2025-09-29 13:00:00,10174.86,50.055,28.1,48,0.0,2,False,,Monday,13,272
2025-09-29 14:00:00,9888.3825,49.97,28.3,47,0.0,3,False,,Monday,14,272
2025-09-29 15:00:00,9889.330000000002,49.935,27.5,53,0.1,51,False,,Monday,15,272
2025-09-29 16:00:00,10034.6375,50.025,27.0,55,0.0,1,False,,Monday,16,272
2025-09-29 17:00:00,9334.4725,50.025,25.7,61,0.0,1,False,,Monday,17,272
2025-09-29 18:00:00,9251.48,50.019999999999996,24.4,69,0.0,2,False,,Monday,18,272
2025-09-29 19:00:00,9656.5225,49.870000000000005,23.0,73,0.0,3,False,,Monday,19,272
2025-09-29 20:00:00,9187.435,50.055,22.1,77,0.0,3,False,,Monday,20,272
2025-09-29 21:00:00,8899.57,49.99,21.4,79,0.0,2,False,,Monday,21,272
2025-09-29 22:00:00,8550.6525,49.985,20.4,83,0.0,3,False,,Monday,22,272
2025-09-29 23:00:00,8039.369999999999,49.95,19.8,87,0.0,3,False,,Monday,23,272
2025-09-30 00:00:00,7503.52,50.04,19.2,90,0.0,3,False,,Tuesday,0,273
2025-09-30 01:00:00,7395.9975,50.019999999999996,18.8,92,0.0,3,False,,Tuesday,1,273
2025-09-30 02:00:00,7143.489999999999,50.03,18.3,95,0.0,3,False,,Tuesday,2,273
2025-09-30 03:00:00,7055.519999999999,49.99,18.1,96,0.0,3,False,,Tuesday,3,273
2025-09-30 04:00:00,7244.007499999999,50.040000000000006,18.0,96,0.0,3,False,,Tuesday,4,273
2025-09-30 05:00:00,7657.065,50.045,17.9,96,0.0,3,False,,Tuesday,5,273
2025-09-30 06:00:00,8265.259999999998,50.07,18.6,95,0.0,3,False,,Tuesday,6,273
2025-09-30 07:00:00,9520.4,50.019999999999996,19.7,90,0.0,3,False,,Tuesday,7,273
2025-09-30 08:00:00,10274.710000000001,49.965,22.0,77,0.0,3,False,,Tuesday,8,273
2025-09-30 09:00:00,10962.1525,49.86,24.1,66,0.0,3,False,,Tuesday,9,273
2025-09-30 10:00:00,11751.8825,50.135000000000005,26.0,57,0.0,2,False,,Tuesday,10,273
2025-09-30 11:00:00,11375.567500000001,50.03,27.5,50,0.0,3,False,,Tuesday,11,273
2025-09-30 12:00:00,11283.5925,49.995000000000005,27.8,48,0.0,3,False,,Tuesday,12,273
2025-09-30 13:00:00,11125.282500000001,50.114999999999995,28.1,48,0.1,51,False,,Tuesday,13,273
2025-09-30 14:00:00,10454.6925,49.99,28.0,48,0.0,3,False,,Tuesday,14,273
2025-09-30 15:00:00,10549.14,50.045,28.1,47,0.0,3,False,,Tuesday,15,273
2025-09-30 16:00:00,10390.7425,50.015,27.9,47,0.0,3,False,,Tuesday,16,273
2025-09-30 17:00:00,9622.199999999999,50.0,26.8,51,0.0,3,False,,Tuesday,17,273
2025-09-30 18:00:00,9531.5175,50.019999999999996,25.3,60,0.0,3,False,,Tuesday,18,273
2025-09-30 19:00:00,9461.9625,50.035,24.1,66,0.0,3,False,,Tuesday,19,273
2025-09-30 20:00:00,9181.0625,50.07,23.0,74,0.0,3,False,,Tuesday,20,273
2025-09-30 21:00:00,8715.045,50.035,22.1,78,0.0,3,False,,Tuesday,21,273
2025-09-30 22:00:00,8425.3825,50.05,21.4,82,0.0,3,False,,Tuesday,22,273
2025-09-30 23:00:00,8114.4349999999995,49.94,20.8,85,0.0,3,False,,Tuesday,23,273
2025-10-01 00:00:00,7555.822499999999,50.0,20.4,88,0.0,3,False,,Wednesday,0,274
2025-10-01 01:00:00,7670.715,49.989999999999995,20.0,89,0.0,3,False,,Wednesday,1,274
2025-10-01 02:00:00,7272.995000000001,49.96,19.9,90,0.0,3,False,,Wednesday,2,274
2025-10-01 03:00:00,7198.1975,49.975,19.6,91,0.0,3,False,,Wednesday,3,274
2025-10-01 04:00:00,7457.942499999999,49.974999999999994,19.4,92,0.0,3,False,,Wednesday,4,274
2025-10-01 05:00:00,7972.994999999999,50.055,19.5,94,0.0,3,False,,Wednesday,5,274
2025-10-01 06:00:00,8757.605,50.035,19.7,93,0.0,3,False,,Wednesday,6,274
2025-10-01 07:00:00,9354.7575,50.015,20.9,86,0.0,3,False,,Wednesday,7,274
2025-10-01 08:00:00,9854.7925,50.105000000000004,22.9,73,0.0,3,False,,Wednesday,8,274
2025-10-01 09:00:00,10719.785,50.07,24.9,63,0.0,3,False,,Wednesday,9,274
2025-10-01 10:00:00,11677.102499999999,50.275,26.3,56,0.0,3,False,,Wednesday,10,274
2025-10-01 11:00:00,10959.885,49.980000000000004,27.6,49,0.1,51,False,,Wednesday,11,274
2025-10-01 12:00:00,10603.5,49.945,28.1,49,0.9,53,False,,Wednesday,12,274
2025-10-01 13:00:00,10060.24,50.05500000000001,28.6,50,0.9,53,False,,Wednesday,13,274
2025-10-01 14:00:00,9853.3575,50.055,29.2,49,0.1,51,False,,Wednesday,14,274
2025-10-01 15:00:00,9629.262499999999,49.9,28.5,50,0.0,3,False,,Wednesday,15,274
2025-10-01 16:00:00,9133.592499999999,49.900000000000006,26.6,58,0.0,3,False,,Wednesday,16,274
2025-10-01 17:00:00,7881.7300000000005,49.99,26.8,57,0.0,3,False,,Wednesday,17,274
2025-10-01 18:00:00,8326.1325,50.125,25.0,65,0.1,51,False,,Wednesday,18,274
2025-10-01 19:00:00,8293.2875,50.129999999999995,23.2,76,0.3,51,False,,Wednesday,19,274
2025-10-01 20:00:00,7937.112499999999,50.045,22.7,80,0.0,3,False,,Wednesday,20,274
2025-10-01 21:00:00,7753.790000000001,49.92,22.6,79,0.0,3,False,,Wednesday,21,274
2025-10-01 22:00:00,7591.8075,49.989999999999995,21.8,82,0.0,3,False,,Wednesday,22,274
2025-10-01 23:00:00,7462.4175,49.93,22.0,83,0.0,3,False,,Wednesday,23,274
2025-10-02 00:00:00,7180.3375,49.955,21.5,85,0.0,3,True,Dussehra; Gandhi Jayanti,Thursday,0,275
2025-10-02 01:00:00,7206.842499999999,49.974999999999994,21.0,88,0.0,3,True,Dussehra; Gandhi Jayanti,Thursday,1,275
2025-10-02 02:00:00,7022.012499999999,50.010000000000005,20.6,88,0.0,3,True,Dussehra; Gandhi Jayanti,Thursday,2,275
2025-10-02 03:00:00,7002.99,50.0,20.4,88,0.0,3,True,Dussehra; Gandhi Jayanti,Thursday,3,275
2025-10-02 04:00:00,7317.192499999999,50.015,20.0,90,0.0,3,True,Dussehra; Gandhi Jayanti,Thursday,4,275
2025-10-02 05:00:00,7792.3324999999995,50.03,20.0,92,0.0,3,True,Dussehra; Gandhi Jayanti,Thursday,5,275
2025-10-02 06:00:00,8270.7,50.045,19.9,93,0.0,3,True,Dussehra; Gandhi Jayanti,Thursday,6,275
2025-10-02 07:00:00,8811.647500000001,50.03,20.8,89,0.0,3,True,Dussehra; Gandhi Jayanti,Thursday,7,275
2025-10-02 08:00:00,9090.095000000001,49.995000000000005,22.8,76,0.0,3,True,Dussehra; Gandhi Jayanti,Thursday,8,275
2025-10-02 09:00:00,9969.6975,50.144999999999996,24.4,66,0.0,3,True,Dussehra; Gandhi Jayanti,Thursday,9,275
2025-10-02 10:00:00,10887.0875,50.135000000000005,26.8,56,0.0,3,True,Dussehra; Gandhi Jayanti,Thursday,10,275
2025-10-02 11:00:00,10872.525,50.03,27.5,52,0.0,3,True,Dussehra; Gandhi Jayanti,Thursday,11,275
2025-10-02 12:00:00,10397.257500000002,50.015,27.1,55,0.0,3,True,Dussehra; Gandhi Jayanti,Thursday,12,275
2025-10-02 13:00:00,9964.484999999999,50.035,28.0,53,0.0,3,True,Dussehra; Gandhi Jayanti,Thursday,13,275
2025-10-02 14:00:00,9524.51,50.065,27.5,53,0.3,51,True,Dussehra; Gandhi Jayanti,Thursday,14,275
2025-10-02 15:00:00,9234.525,50.040000000000006,26.9,60,0.2,51,True,Dussehra; Gandhi Jayanti,Thursday,15,275
2025-10-02 16:00:00,8662.3175,49.955,24.1,73,2.5,63,True,Dussehra; Gandhi Jayanti,Thursday,16,275
2025-10-02 17:00:00,7747.1775,49.935,25.2,67,0.0,3,True,Dussehra; Gandhi Jayanti,Thursday,17,275
2025-10-02 18:00:00,7647.5975,50.025,24.1,75,0.0,3,True,Dussehra; Gandhi Jayanti,Thursday,18,275
2025-10-02 19:00:00,8004.42,50.1,23.6,80,0.1,51,True,Dussehra; Gandhi Jayanti,Thursday,19,275
2025-10-02 20:00:00,7887.875,49.980000000000004,22.8,85,0.0,3,True,Dussehra; Gandhi Jayanti,Thursday,20,275
2025-10-02 21:00:00,7515.2699999999995,49.89,22.1,88,0.0,3,True,Dussehra; Gandhi Jayanti,Thursday,21,275
2025-10-02 22:00:00,7343.0225,50.015,21.6,90,0.0,3,True,Dussehra; Gandhi Jayanti,Thursday,22,275
2025-10-02 23:00:00,7118.862499999999,50.015,21.4,89,0.0,2,True,Dussehra; Gandhi Jayanti,Thursday,23,275
2025-10-03 00:00:00,6875.177500000001,50.065,21.0,89,0.0,3,False,,Friday,0,276
2025-10-03 01:00:00,6810.4825,50.045,20.6,89,0.0,3,False,,Friday,1,276
2025-10-03 02:00:00,6552.0,49.99,20.2,92,0.0,3,False,,Friday,2,276
2025-10-03 03:00:00,6610.147500000001,50.015,20.0,94,0.0,3,False,,Friday,3,276
2025-10-03 04:00:00,6813.490000000001,49.965,19.8,95,0.0,3,False,,Friday,4,276
2025-10-03 05:00:00,7320.5075,50.04,19.4,97,0.0,3,False,,Friday,5,276
2025-10-03 06:00:00,8113.142499999999,50.075,19.7,95,0.0,3,False,,Friday,6,276
2025-10-03 07:00:00,8884.49,50.015,20.8,90,0.0,3,False,,Friday,7,276
2025-10-03 08:00:00,9480.255,50.035,21.6,85,0.0,3,False,,Friday,8,276
2025-10-03 09:00:00,10693.175,49.965,24.6,70,0.0,3,False,,Friday,9,276
2025-10-03 10:00:00,12193.714999999998,50.015,26.4,63,0.0,3,False,,Friday,10,276
2025-10-03 11:00:00,11774.35,50.09,27.7,56,0.0,3,False,,Friday,11,276
2025-10-03 12:00:00,11860.1,50.07,28.8,52,0.0,2,False,,Friday,12,276
2025-10-03 13:00:00,11750.43,49.99,29.5,50,0.0,2,False,,Friday,13,276
2025-10-03 14:00:00,11418.755,49.915,29.5,51,0.0,2,False,,Friday,14,276
2025-10-03 15:00:00,11368.0625,49.96,28.4,53,0.0,3,False,,Friday,15,276
2025-10-03 16:00:00,10996.1375,50.03,27.7,55,0.0,3,False,,Friday,16,276
2025-10-03 17:00:00,9931.955,49.86,26.6,62,0.0,3,False,,Friday,17,276
2025-10-03 18:00:00,9911.535,49.985,25.3,70,0.0,3,False,,Friday,18,276
2025-10-03 19:00:00,9592.6325,49.989999999999995,23.1,80,0.0,3,False,,Friday,19,276
2025-10-03 20:00:00,9262.8325,50.04,21.9,84,0.0,1,False,,Friday,20,276
2025-10-03 21:00:00,8759.262499999999,50.025,21.6,84,0.9,53,False,,Friday,21,276
2025-10-03 22:00:00,8474.545000000002,50.065,20.6,92,9.8,65,False,,Friday,22,276
2025-10-03 23:00:00,7993.2225,49.995,22.1,83,0.2,51,False,,Friday,23,276
2025-10-04 00:00:00,7700.304999999999,50.015,21.6,92,2.7,63,False,,Saturday,0,277
2025-10-04 01:00:00,7721.225,50.025,21.1,97,0.4,51,False,,Saturday,1,277
2025-10-04 02:00:00,7483.09,49.995,21.0,96,0.1,51,False,,Saturday,2,277
2025-10-04 03:00:00,7377.425,50.004999999999995,20.9,97,0.0,3,False,,Saturday,3,277
2025-10-04 04:00:00,7455.7075,50.03,20.7,98,0.1,51,False,,Saturday,4,277
2025-10-04 05:00:00,8030.924999999999,50.019999999999996,20.9,98,0.0,3,False,,Saturday,5,277
2025-10-04 06:00:00,8776.6525,50.01,21.0,95,0.3,51,False,,Saturday,6,277
2025-10-04 07:00:00,9393.8375,49.995000000000005,20.8,97,0.5,53,False,,Saturday,7,277
2025-10-04 08:00:00,10201.792500000001,50.004999999999995,21.1,94,0.5,53,False,,Saturday,8,277
2025-10-04 09:00:00,10800.595,50.019999999999996,21.5,91,0.6,53,False,,Saturday,9,277
2025-10-04 10:00:00,11850.242499999998,50.04,22.7,81,0.5,53,False,,Saturday,10,277
2025-10-04 11:00:00,12115.095,50.0,23.2,80,0.4,51,False,,Saturday,11,277
2025-10-04 12:00:00,12179.917500000001,49.935,23.9,77,0.1,51,False,,Saturday,12,277
2025-10-04 13:00:00,11930.9025,49.97,24.1,76,0.1,51,False,,Saturday,13,277
2025-10-04 14:00:00,11434.04,49.95,25.8,67,0.1,51,False,,Saturday,14,277
2025-10-04 15:00:00,11308.3475,49.985,26.3,63,0.0,3,False,,Saturday,15,277
2025-10-04 16:00:00,11087.4525,49.955,25.6,64,0.0,3,False,,Saturday,16,277
2025-10-04 17:00:00,10095.7775,49.95,25.1,67,0.0,3,False,,Saturday,17,277
2025-10-04 18:00:00,9782.555,49.885000000000005,24.3,75,0.0,0,False,,Saturday,18,277
2025-10-04 19:00:00,9843.895,49.825,23.5,81,0.0,1,False,,Saturday,19,277
2025-10-04 20:00:00,9445.34,50.05,23.5,78,0.0,1,False,,Saturday,20,277
2025-10-04 21:00:00,8927.5175,49.96,22.6,82,0.0,3,False,,Saturday,21,277
2025-10-04 22:00:00,8571.4925,50.025000000000006,21.5,87,0.4,51,False,,Saturday,22,277
2025-10-04 23:00:00,8256.5,49.995000000000005,20.6,91,0.1,51,False,,Saturday,23,277
2025-10-05 00:00:00,7882.969999999999,50.004999999999995,20.0,92,0.2,51,True,Sunday,Sunday,0,278
2025-10-05 01:00:00,7760.435,49.975,19.4,95,1.3,61,True,Sunday,Sunday,1,278
2025-10-05 02:00:00,7531.157500000001,49.935,19.2,95,0.0,2,True,Sunday,Sunday,2,278
2025-10-05 03:00:00,7442.335000000001,50.005,18.9,97,0.0,3,True,Sunday,Sunday,3,278
2025-10-05 04:00:00,7534.16,50.035,18.3,97,0.0,1,True,Sunday,Sunday,4,278
2025-10-05 05:00:00,8034.1625,50.05,19.8,94,0.0,3,True,Sunday,Sunday,5,278
2025-10-05 06:00:00,8558.2075,50.075,20.2,91,0.0,3,True,Sunday,Sunday,6,278
2025-10-05 07:00:00,9385.9475,49.995,21.3,88,0.0,3,True,Sunday,Sunday,7,278
2025-10-05 08:00:00,10328.3025,50.0,23.0,79,0.0,3,True,Sunday,Sunday,8,278
2025-10-05 09:00:00,10916.6525,50.144999999999996,24.9,68,0.0,0,True,Sunday,Sunday,9,278
2025-10-05 10:00:00,12054.640000000001,50.144999999999996,26.2,61,0.1,51,True,Sunday,Sunday,10,278
2025-10-05 11:00:00,11704.22,50.015,26.6,61,0.0,3,True,Sunday,Sunday,11,278
2025-10-05 12:00:00,11461.8325,49.955,28.0,53,0.0,1,True,Sunday,Sunday,12,278
2025-10-05 13:00:00,11344.94,49.965,28.5,48,0.0,2,True,Sunday,Sunday,13,278
2025-10-05 14:00:00,10916.285,50.0,28.5,48,0.0,3,True,Sunday,Sunday,14,278
2025-10-05 15:00:00,10623.342499999999,49.97,27.5,51,0.0,3,True,Sunday,Sunday,15,278
2025-10-05 16:00:00,10244.23,49.989999999999995,26.9,54,0.0,1,True,Sunday,Sunday,16,278
2025-10-05 17:00:00,9030.615,50.01,27.2,52,0.0,3,True,Sunday,Sunday,17,278
2025-10-05 18:00:00,9203.7225,50.015,26.0,58,0.0,3,True,Sunday,Sunday,18,278
2025-10-05 19:00:00,8925.46,50.075,21.5,79,0.0,3,True,Sunday,Sunday,19,278
2025-10-05 20:00:00,8555.5725,49.975,20.6,83,0.2,51,True,Sunday,Sunday,20,278
2025-10-05 21:00:00,8148.0225,49.92,20.8,84,0.2,51,True,Sunday,Sunday,21,278
2025-10-05 22:00:00,8066.97,50.019999999999996,20.5,87,0.0,3,True,Sunday,Sunday,22,278
2025-10-05 23:00:00,7887.8075,50.05,20.2,85,0.1,51,True,Sunday,Sunday,23,278
2025-10-06 00:00:00,7390.717500000001,50.07,19.6,90,0.7,53,False,,Monday,0,279
2025-10-06 01:00:00,7591.202499999999,50.055,19.7,92,0.5,53,False,,Monday,1,279
2025-10-06 02:00:00,7138.379999999999,50.025000000000006,19.6,93,0.1,51,False,,Monday,2,279
2025-10-06 03:00:00,6809.6799999999985,49.94,19.5,94,1.1,55,False,,Monday,3,279
2025-10-06 04:00:00,6928.2275,49.974999999999994,19.5,95,1.2,55,False,,Monday,4,279
2025-10-06 05:00:00,7448.1325,49.965,19.9,96,0.3,51,False,,Monday,5,279
2025-10-06 06:00:00,8488.2,49.945,19.9,96,0.8,53,False,,Monday,6,279
2025-10-06 07:00:00,10240.460000000001,49.97,20.2,93,0.2,51,False,,Monday,7,279
2025-10-06 08:00:00,11241.842499999999,50.035,21.5,81,0.0,3,False,,Monday,8,279
2025-10-06 09:00:00,12162.904999999999,49.955,23.2,68,0.0,0,False,,Monday,9,279
2025-10-06 10:00:00,13404.4075,50.135000000000005,24.7,61,0.0,0,False,,Monday,10,279
2025-10-06 11:00:00,13300.210000000001,50.135000000000005,25.3,60,0.0,0,False,,Monday,11,279
2025-10-06 12:00:00,12896.6325,50.22,26.6,54,0.0,2,False,,Monday,12,279
2025-10-06 13:00:00,12649.067500000001,50.075,27.1,52,0.0,3,False,,Monday,13,279
2025-10-06 14:00:00,12477.555,50.085,27.0,51,0.1,51,False,,Monday,14,279
2025-10-06 15:00:00,12519.8475,50.04,26.8,51,0.1,51,False,,Monday,15,279
2025-10-06 16:00:00,12182.14,49.945,26.6,52,0.0,1,False,,Monday,16,279
2025-10-06 17:00:00,11119.6875,50.07,25.8,55,0.0,3,False,,Monday,17,279
2025-10-06 18:00:00,10971.715,50.075,24.8,68,0.0,3,False,,Monday,18,279
2025-10-06 19:00:00,10630.119999999999,50.055,23.9,75,0.0,3,False,,Monday,19,279
2025-10-06 20:00:00,10167.164999999999,50.06,23.3,77,0.0,3,False,,Monday,20,279
2025-10-06 21:00:00,9534.9925,50.010000000000005,22.5,75,0.0,2,False,,Monday,21,279
2025-10-06 22:00:00,9160.525,49.980000000000004,22.1,75,0.0,3,False,,Monday,22,279
2025-10-06 23:00:00,8810.109999999999,49.97,22.5,73,0.0,3,False,,Monday,23,279
2025-10-07 00:00:00,8276.22,49.945,21.6,78,0.0,2,False,,Tuesday,0,280
2025-10-07 01:00:00,8335.59,49.945,21.0,82,0.0,1,False,,Tuesday,1,280
2025-10-07 02:00:00,7971.232499999999,49.985,20.2,86,0.0,2,False,,Tuesday,2,280
2025-10-07 03:00:00,7819.192499999999,50.0,19.6,90,0.0,3,False,,Tuesday,3,280
2025-10-07 04:00:00,7962.0875,49.985,19.4,92,0.0,3,False,,Tuesday,4,280
2025-10-07 05:00:00,8679.310000000001,49.980000000000004,19.1,94,0.0,3,False,,Tuesday,5,280
2025-10-07 06:00:00,9242.5525,50.045,18.9,96,0.0,3,False,,Tuesday,6,280
2025-10-07 07:00:00,10240.460000000001,49.97,20.4,89,0.0,3,False,,Tuesday,7,280
2025-10-07 08:00:00,11241.842499999999,50.035,22.2,81,0.0,3,False,,Tuesday,8,280
2025-10-07 09:00:00,12162.904999999999,49.955,24.5,69,0.0,3,False,,Tuesday,9,280
2025-10-07 10:00:00,13404.4075,50.135000000000005,26.0,58,0.0,3,False,,Tuesday,10,280
2025-10-07 11:00:00,13300.210000000001,50.135000000000005,27.0,52,0.0,3,False,,Tuesday,11,280
2025-10-07 12:00:00,12896.6325,50.22,28.2,46,0.1,51,False,,Tuesday,12,280
2025-10-07 13:00:00,12649.067500000001,50.075,28.4,45,0.1,51,False,,Tuesday,13,280
2025-10-07 14:00:00,12477.555,50.085,28.7,44,0.2,51,False,,Tuesday,14,280
2025-10-07 15:00:00,12519.8475,50.04,28.3,45,0.4,51,False,,Tuesday,15,280
2025-10-07 16:00:00,12182.14,49.945,27.5,49,0.0,2,False,,Tuesday,16,280
2025-10-07 17:00:00,11119.6875,50.07,26.6,53,0.0,3,False,,Tuesday,17,280
2025-10-07 18:00:00,10971.715,50.075,25.0,63,0.0,3,False,,Tuesday,18,280
2025-10-07 19:00:00,10630.119999999999,50.055,24.4,69,0.0,3,False,,Tuesday,19,280
2025-10-07 20:00:00,10167.164999999999,50.06,24.0,71,0.0,1,False,,Tuesday,20,280
2025-10-07 21:00:00,9534.9925,50.010000000000005,23.5,71,0.0,1,False,,Tuesday,21,280
2025-10-07 22:00:00,9160.525,49.980000000000004,23.0,72,0.0,3,False,,Tuesday,22,280
2025-10-07 23:00:00,8810.109999999999,49.97,22.8,78,0.0,3,False,,Tuesday,23,280
2025-10-08 00:00:00,8276.22,49.96,22.1,81,0.1,51,False,,Wednesday,0,281
2025-10-08 01:00:00,8953.2425,49.965,21.6,88,0.0,2,False,,Wednesday,1,281
2025-10-08 02:00:00,8491.5625,49.965,20.9,92,0.0,1,False,,Wednesday,2,281
2025-10-08 03:00:00,8394.8325,49.989999999999995,20.9,91,0.0,1,False,,Wednesday,3,281
2025-10-08 04:00:00,8686.29,49.99,20.5,92,0.0,1,False,,Wednesday,4,281
2025-10-08 05:00:00,9164.975,50.035,21.2,88,0.0,2,False,,Wednesday,5,281
2025-10-08 06:00:00,10069.759999999998,49.995000000000005,21.5,86,0.0,3,False,,Wednesday,6,281
2025-10-08 07:00:00,10923.7275,50.04,22.6,81,0.0,3,False,,Wednesday,7,281
2025-10-08 08:00:00,11162.8475,49.97,24.0,74,0.0,2,False,,Wednesday,8,281
2025-10-08 09:00:00,12498.1875,49.965,25.6,66,0.1,51,False,,Wednesday,9,281
2025-10-08 10:00:00,14013.085,50.19,26.9,57,0.1,51,False,,Wednesday,10,281
2025-10-08 11:00:00,13650.6525,50.04,26.2,59,0.0,3,False,,Wednesday,11,281
2025-10-08 12:00:00,13588.4525,49.97,27.8,54,0.0,3,False,,Wednesday,12,281
2025-10-08 13:00:00,13152.95,50.075,26.8,56,0.0,3,False,,Wednesday,13,281
2025-10-08 14:00:00,12874.8325,50.06,25.4,62,0.7,53,False,,Wednesday,14,281
2025-10-08 15:00:00,12909.150000000001,49.945,26.8,57,0.0,3,False,,Wednesday,15,281
2025-10-08 16:00:00,12660.07,49.97,26.4,58,0.0,3,False,,Wednesday,16,281
2025-10-08 17:00:00,11489.689999999999,50.135000000000005,22.6,89,0.7,53,False,,Wednesday,17,281
2025-10-08 18:00:00,11277.2475,49.955,22.9,86,0.1,51,False,,Wednesday,18,281
2025-10-08 19:00:00,11127.395,49.945,23.0,87,0.0,3,False,,Wednesday,19,281
2025-10-08 20:00:00,10629.16,50.03,22.5,88,0.3,51,False,,Wednesday,20,281
2025-10-08 21:00:00,10076.755000000001,49.96,22.0,90,0.1,51,False,,Wednesday,21,281
2025-10-08 22:00:00,9604.239999999998,50.004999999999995,20.5,93,2.9,63,False,,Wednesday,22,281
2025-10-08 23:00:00,9387.372500000001,50.01,21.1,92,0.1,51,False,,Wednesday,23,281
2025-10-09 00:00:00,8909.794999999998,50.015,20.2,96,4.0,63,False,,Thursday,0,282
2025-10-09 01:00:00,8353.079999999998,49.980000000000004,19.6,95,1.1,55,False,,Thursday,1,282
2025-10-09 02:00:00,7760.174999999999,49.955,19.5,98,2.0,61,False,,Thursday,2,282
2025-10-09 03:00:00,7552.1525,49.985,19.4,97,0.6,53,False,,Thursday,3,282
2025-10-09 04:00:00,7641.469999999999,50.015,19.1,98,0.1,51,False,,Thursday,4,282
2025-10-09 05:00:00,8171.7925,50.01,19.9,98,0.0,3,False,,Thursday,5,282
2025-10-09 06:00:00,8978.017499999998,50.06,19.9,97,0.2,51,False,,Thursday,6,282
2025-10-09 07:00:00,10540.545,49.974999999999994,20.5,93,0.1,51,False,,Thursday,7,282
2025-10-09 08:00:00,11424.3,50.045,22.2,83,0.1,51,False,,Thursday,8,282
2025-10-09 09:00:00,11712.595000000001,50.08,24.1,73,0.0,3,False,,Thursday,9,282
2025-10-09 10:00:00,12638.98,50.09,25.5,68,0.1,51,False,,Thursday,10,282
2025-10-09 11:00:00,12810.954999999998,50.019999999999996,26.5,70,0.1,51,False,,Thursday,11,282
2025-10-09 12:00:00,12405.707499999999,49.955,27.1,67,0.1,51,False,,Thursday,12,282
2025-10-09 13:00:00,12388.025,49.974999999999994,27.4,66,0.0,3,False,,Thursday,13,282
2025-10-09 14:00:00,11891.73,50.045,27.5,65,0.1,51,False,,Thursday,14,282
2025-10-09 15:00:00,11965.82,50.035,27.4,63,0.0,3,False,,Thursday,15,282
2025-10-09 16:00:00,11762.9825,50.09,26.1,65,0.1,51,False,,Thursday,16,282
2025-10-09 17:00:00,11058.970000000001,50.019999999999996,24.5,79,3.5,63,False,,Thursday,17,282
2025-10-09 18:00:00,10943.775,49.955,22.8,83,0.7,53,False,,Thursday,18,282
2025-10-09 19:00:00,10900.2475,49.980000000000004,21.5,91,4.3,63,False,,Thursday,19,282
2025-10-09 20:00:00,10015.005000000001,50.04,20.8,95,6.9,63,False,,Thursday,20,282
2025-10-09 21:00:00,9673.3375,49.99,20.2,96,3.2,63,False,,Thursday,21,282
2025-10-09 22:00:00,9193.0125,50.025,19.6,99,3.9,63,False,,Thursday,22,282
2025-10-09 23:00:00,8822.23,49.975,20.1,98,4.2,63,False,,Thursday,23,282
2025-10-10 00:00:00,8023.1,50.06,20.3,97,2.0,61,False,,Friday,0,283
2025-10-10 01:00:00,7996.325000000001,49.99,20.2,97,2.7,63,False,,Friday,1,283
2025-10-10 02:00:00,7386.602499999999,49.955,20.2,97,3.0,63,False,,Friday,2,283
2025-10-10 03:00:00,7134.69,49.96,20.0,98,2.4,61,False,,Friday,3,283
2025-10-10 04:00:00,7201.6775,50.004999999999995,19.8,99,1.8,61,False,,Friday,4,283
2025-10-10 05:00:00,7622.427499999999,50.004999999999995,18.9,99,1.6,61,False,,Friday,5,283
2025-10-10 06:00:00,8483.985,50.07,19.4,98,1.2,55,False,,Friday,6,283
2025-10-10 07:00:00,10280.71,49.995000000000005,19.7,96,0.4,51,False,,Friday,7,283
2025-10-10 08:00:00,10811.122500000001,49.974999999999994,20.6,93,0.0,3,False,,Friday,8,283
2025-10-10 09:00:00,10897.342499999999,50.05,22.4,87,0.0,3,False,,Friday,9,283
2025-10-10 10:00:00,11386.095,50.019999999999996,24.4,75,0.1,51,False,,Friday,10,283
2025-10-10 11:00:00,10906.6375,50.015,25.3,73,0.0,3,False,,Friday,11,283
2025-10-10 12:00:00,10904.3125,49.93,26.3,66,0.0,3,False,,Friday,12,283
2025-10-10 13:00:00,10814.715,50.01,26.5,64,0.0,3,False,,Friday,13,283
2025-10-10 14:00:00,10498.5475,49.995000000000005,26.9,63,0.0,3,False,,Friday,14,283
2025-10-10 15:00:00,10871.259999999998,49.99,27.0,62,0.0,3,False,,Friday,15,283
2025-10-10 16:00:00,10815.35,50.05,26.6,62,0.0,3,False,,Friday,16,283
2025-10-10 17:00:00,10400.7325,50.05500000000001,25.9,66,0.2,51,False,,Friday,17,283
2025-10-10 18:00:00,10819.467499999999,50.065,24.8,77,0.0,3,False,,Friday,18,283
2025-10-10 19:00:00,10740.0775,49.985,23.2,79,1.3,61,False,,Friday,19,283
2025-10-10 20:00:00,10320.922499999999,50.05,21.8,92,1.7,61,False,,Friday,20,283
2025-10-10 21:00:00,9606.195,49.91,21.4,93,0.4,51,False,,Friday,21,283
2025-10-10 22:00:00,8832.595,50.010000000000005,20.8,94,0.5,53,False,,Friday,22,283
2025-10-10 23:00:00,8602.765,50.0,20.5,95,0.0,3,False,,Friday,23,283
2025-10-11 00:00:00,8068.98,50.03,20.4,96,5.3,63,False,,Saturday,0,284
2025-10-11 01:00:00,7713.985,50.005,20.2,96,1.5,61,False,,Saturday,1,284
2025-10-11 02:00:00,7378.8775,49.995,19.9,97,0.6,53,False,,Saturday,2,284
2025-10-11 03:00:00,7241.532499999999,50.004999999999995,19.7,97,0.5,53,False,,Saturday,3,284
2025-10-11 04:00:00,7252.215,50.05,19.3,98,0.0,3,False,,Saturday,4,284
2025-10-11 05:00:00,7846.4400000000005,50.015,19.8,97,0.0,3,False,,Saturday,5,284
2025-10-11 06:00:00,8460.029999999999,50.040000000000006,19.6,98,0.0,3,False,,Saturday,6,284
2025-10-11 07:00:00,10055.672499999999,49.945,20.8,92,0.0,3,False,,Saturday,7,284
2025-10-11 08:00:00,10528.07,50.03,21.8,86,0.0,3,False,,Saturday,8,284
2025-10-11 09:00:00,10652.3825,50.07,23.2,79,0.2,51,False,,Saturday,9,284
2025-10-11 10:00:00,11059.225,50.105000000000004,24.4,74,0.1,51,False,,Saturday,10,284
2025-10-11 11:00:00,10753.475,49.97,25.5,67,0.0,3,False,,Saturday,11,284
2025-10-11 12:00:00,10623.91,49.95,25.9,65,0.5,53,False,,Saturday,12,284
2025-10-11 13:00:00,10512.395,49.975,26.6,65,0.2,51,False,,Saturday,13,284
2025-10-11 14:00:00,10130.9825,50.019999999999996,27.0,59,0.0,1,False,,Saturday,14,284
2025-10-11 15:00:00,10037.525,49.980000000000004,26.8,59,0.1,51,False,,Saturday,15,284
2025-10-11 16:00:00,10201.197499999998,50.025000000000006,25.8,62,0.0,3,False,,Saturday,16,284
2025-10-11 17:00:00,9969.157500000001,50.065,24.6,72,0.1,51,False,,Saturday,17,284
2025-10-11 18:00:00,10260.595,49.974999999999994,23.4,78,0.0,2,False,,Saturday,18,284
2025-10-11 19:00:00,10431.86,49.905,22.9,79,0.0,3,False,,Saturday,19,284
2025-10-11 20:00:00,9863.5075,49.99,22.2,81,0.0,3,False,,Saturday,20,284
2025-10-11 21:00:00,9287.9725,49.989999999999995,22.0,80,0.0,2,False,,Saturday,21,284
2025-10-11 22:00:00,8740.54,50.02,21.4,78,0.0,3,False,,Saturday,22,284
2025-10-11 23:00:00,8529.1475,50.035,21.4,76,0.0,3,False,,Saturday,23,284
2025-10-12 00:00:00,7901.825000000001,50.004999999999995,20.6,76,0.0,0,True,Sunday,Sunday,0,285
2025-10-12 01:00:00,7602.76,50.01,20.0,77,0.0,1,True,Sunday,Sunday,1,285
2025-10-12 02:00:00,7321.99,49.974999999999994,19.5,78,0.0,3,True,Sunday,Sunday,2,285
2025-10-12 03:00:00,7236.797500000001,50.0,19.0,80,0.0,3,True,Sunday,Sunday,3,285
2025-10-12 04:00:00,7405.062499999999,49.995000000000005,18.8,81,0.0,2,True,Sunday,Sunday,4,285
2025-10-12 05:00:00,7823.1275000000005,50.015,19.5,83,0.0,0,True,Sunday,Sunday,5,285
2025-10-12 06:00:00,8527.52,50.065,19.5,84,0.0,0,True,Sunday,Sunday,6,285
2025-10-12 07:00:00,9222.365,49.980000000000004,20.9,83,0.0,1,True,Sunday,Sunday,7,285
2025-10-12 08:00:00,9513.005,50.07,23.0,78,0.0,1,True,Sunday,Sunday,8,285
2025-10-12 09:00:00,9660.720000000001,50.05,24.6,67,0.0,1,True,Sunday,Sunday,9,285
2025-10-12 10:00:00,9924.975,50.025000000000006,25.8,62,0.0,0,True,Sunday,Sunday,10,285
2025-10-12 11:00:00,9888.15,49.995000000000005,26.7,57,0.0,0,True,Sunday,Sunday,11,285
2025-10-12 12:00:00,9746.537499999999,50.035,27.4,54,0.0,2,True,Sunday,Sunday,12,285
2025-10-12 13:00:00,9424.705,49.985,27.8,52,0.0,2,True,Sunday,Sunday,13,285
2025-10-12 14:00:00,9048.8125,50.010000000000005,27.8,52,0.0,3,True,Sunday,Sunday,14,285
2025-10-12 15:00:00,9208.789999999999,49.945,27.5,52,0.0,2,True,Sunday,Sunday,15,285
2025-10-12 16:00:00,9322.4875,49.97,27.0,54,0.0,3,True,Sunday,Sunday,16,285
2025-10-12 17:00:00,8788.8525,50.015,26.0,61,0.0,2,True,Sunday,Sunday,17,285
2025-10-12 18:00:00,9015.57,50.019999999999996,24.3,69,0.0,1,True,Sunday,Sunday,18,285
2025-10-12 19:00:00,9148.220000000001,50.045,23.5,70,0.0,2,True,Sunday,Sunday,19,285
2025-10-12 20:00:00,8831.779999999999,49.91,22.8,69,0.0,1,True,Sunday,Sunday,20,285
2025-10-12 21:00:00,8463.945,50.010000000000005,21.7,71,0.0,1,True,Sunday,Sunday,21,285
2025-10-12 22:00:00,8230.38,50.035,21.0,73,0.0,1,True,Sunday,Sunday,22,285
2025-10-12 23:00:00,8156.602499999999,49.95,20.8,77,0.0,1,True,Sunday,Sunday,23,285
2025-10-13 00:00:00,7595.57,49.995,20.2,80,0.0,2,False,,Monday,0,286
2025-10-13 01:00:00,7584.445000000001,49.99,19.9,82,0.0,3,False,,Monday,1,286
2025-10-13 02:00:00,7174.66,50.025,19.6,87,0.0,3,False,,Monday,2,286
2025-10-13 03:00:00,7187.525,50.035,19.1,92,0.0,3,False,,Monday,3,286
2025-10-13 04:00:00,7385.115,50.015,18.9,95,0.0,3,False,,Monday,4,286
2025-10-13 05:00:00,8072.445,49.980000000000004,19.1,92,0.0,3,False,,Monday,5,286
2025-10-13 06:00:00,9138.6,50.03,19.4,92,0.0,3,False,,Monday,6,286
2025-10-13 07:00:00,10862.477499999999,50.004999999999995,21.2,87,0.0,3,False,,Monday,7,286
2025-10-13 08:00:00,11087.605,50.05,23.3,76,0.0,3,False,,Monday,8,286
2025-10-13 09:00:00,11321.8625,50.035,24.7,66,0.0,3,False,,Monday,9,286
2025-10-13 10:00:00,11958.14,49.97,26.0,60,0.0,3,False,,Monday,10,286
2025-10-13 11:00:00,11882.582499999999,49.980000000000004,26.7,55,0.0,3,False,,Monday,11,286
2025-10-13 12:00:00,11816.32,50.005,27.1,53,0.0,3,False,,Monday,12,286
2025-10-13 13:00:00,11303.835,50.09,27.5,51,0.0,3,False,,Monday,13,286
2025-10-13 14:00:00,11094.6375,50.055,27.6,50,0.0,1,False,,Monday,14,286
2025-10-13 15:00:00,11274.1325,49.96,27.8,49,0.0,1,False,,Monday,15,286
2025-10-13 16:00:00,11701.217499999999,50.04,27.2,51,0.0,3,False,,Monday,16,286
2025-10-13 17:00:00,10869.2075,50.055,26.4,58,0.0,2,False,,Monday,17,286
2025-10-13 18:00:00,11100.445,49.97,24.4,68,0.0,3,False,,Monday,18,286
2025-10-13 19:00:00,10731.6975,50.025000000000006,23.0,79,0.0,3,False,,Monday,19,286
2025-10-13 20:00:00,10087.21,50.045,21.9,85,0.0,3,False,,Monday,20,286
2025-10-13 21:00:00,9626.134999999998,49.879999999999995,21.1,88,0.0,3,False,,Monday,21,286
2025-10-13 22:00:00,9117.2575,50.055,20.8,90,0.0,2,False,,Monday,22,286
2025-10-13 23:00:00,8895.192500000001,50.019999999999996,20.5,96,0.0,3,False,,Monday,23,286
2025-10-14 00:00:00,8415.82,50.05,20.8,96,0.1,51,False,,Tuesday,0,287
2025-10-14 01:00:00,8104.94,50.03,20.6,97,0.0,3,False,,Tuesday,1,287
2025-10-14 02:00:00,7903.3099999999995,50.040000000000006,20.2,98,0.0,3,False,,Tuesday,2,287
2025-10-14 03:00:00,7597.5125,50.03,20.0,98,0.0,3,False,,Tuesday,3,287
2025-10-14 04:00:00,7733.217500000001,50.019999999999996,19.8,98,0.0,3,False,,Tuesday,4,287
2025-10-14 05:00:00,8371.7275,50.045,20.4,97,0.0,3,False,,Tuesday,5,287
2025-10-14 06:00:00,9225.3775,50.05,20.2,98,0.0,3,False,,Tuesday,6,287
2025-10-14 07:00:00,11360.61,50.05,21.3,91,0.0,3,False,,Tuesday,7,287
2025-10-14 08:00:00,11833.9475,50.05,22.8,82,0.0,3,False,,Tuesday,8,287
2025-10-14 09:00:00,11674.314999999999,49.98,24.5,72,0.0,1,False,,Tuesday,9,287
2025-10-14 10:00:00,12654.2125,49.989999999999995,26.1,63,0.0,2,False,,Tuesday,10,287
2025-10-14 11:00:00,12597.825,49.995000000000005,26.6,61,0.0,3,False,,Tuesday,11,287
2025-10-14 12:00:00,12115.957499999999,50.05,26.3,61,0.0,0,False,,Tuesday,12,287
2025-10-14 13:00:00,12172.5425,49.935,27.6,56,0.1,51,False,,Tuesday,13,287
2025-10-14 14:00:00,11861.8,50.004999999999995,28.0,54,0.2,51,False,,Tuesday,14,287
2025-10-14 15:00:00,11949.097499999998,50.015,28.0,55,0.2,51,False,,Tuesday,15,287
2025-10-14 16:00:00,12038.932499999999,50.085,26.0,63,0.1,51,False,,Tuesday,16,287
2025-10-14 17:00:00,11074.9575,50.04,26.2,62,0.1,51,False,,Tuesday,17,287
2025-10-14 18:00:00,11008.38,49.985,24.1,74,0.1,51,False,,Tuesday,18,287
2025-10-14 19:00:00,10717.9075,49.955,23.5,79,0.0,3,False,,Tuesday,19,287
2025-10-14 20:00:00,10071.395,50.06,22.5,86,0.0,3,False,,Tuesday,20,287
2025-10-14 21:00:00,9480.8825,50.035,21.5,89,1.8,61,False,,Tuesday,21,287
2025-10-14 22:00:00,9127.5275,49.985,21.1,92,0.4,51,False,,Tuesday,22,287
2025-10-14 23:00:00,8845.9,49.95,21.1,91,0.0,3,False,,Tuesday,23,287
2025-10-15 00:00:00,8274.1675,49.93,20.4,98,1.6,61,False,,Wednesday,0,288
2025-10-15 01:00:00,8022.2425,50.005,20.8,95,0.3,51,False,,Wednesday,1,288
2025-10-15 02:00:00,7623.337500000001,50.01,20.3,96,0.2,51,False,,Wednesday,2,288
2025-10-15 03:00:00,7552.200000000001,50.005,20.2,96,0.6,53,False,,Wednesday,3,288
2025-10-15 04:00:00,7709.315,50.025,20.2,96,0.1,51,False,,Wednesday,4,288
2025-10-15 05:00:00,8460.89,50.04,20.4,97,0.0,3,False,,Wednesday,5,288
2025-10-15 06:00:00,9503.435,50.04,20.8,96,0.1,51,False,,Wednesday,6,288
2025-10-15 07:00:00,10970.435,50.015,21.2,94,0.0,3,False,,Wednesday,7,288
2025-10-15 08:00:00,11824.14,50.06,22.3,86,0.1,51,False,,Wednesday,8,288
2025-10-15 09:00:00,11671.2775,50.02,24.0,77,0.0,3,False,,Wednesday,9,288
2025-10-15 10:00:00,12606.662499999999,49.99,25.1,69,0.0,3,False,,Wednesday,10,288
2025-10-15 11:00:00,11958.52,49.96,25.8,67,0.0,3,False,,Wednesday,11,288
2025-10-15 12:00:00,11893.552499999998,50.004999999999995,26.6,62,0.0,3,False,,Wednesday,12,288
2025-10-15 13:00:00,11696.45,50.015,26.6,59,0.0,3,False,,Wednesday,13,288
2025-10-15 14:00:00,11445.3925,50.015,26.3,60,0.1,51,False,,Wednesday,14,288
2025-10-15 15:00:00,11429.682499999999,50.004999999999995,24.6,69,0.2,51,False,,Wednesday,15,288
2025-10-15 16:00:00,11192.8475,50.0,24.3,75,0.3,51,False,,Wednesday,16,288
2025-10-15 17:00:00,10686.08,49.965,23.1,86,0.0,3,False,,Wednesday,17,288
2025-10-15 18:00:00,10614.115,49.875,22.5,87,0.2,51,False,,Wednesday,18,288
2025-10-15 19:00:00,10474.859999999999,49.97,21.1,94,0.9,53,False,,Wednesday,19,288
2025-10-15 20:00:00,9987.9275,50.04,21.1,94,0.1,51,False,,Wednesday,20,288
2025-10-15 21:00:00,9420.697499999998,50.019999999999996,20.8,95,0.0,3,False,,Wednesday,21,288
2025-10-15 22:00:00,8909.3475,49.980000000000004,20.6,97,0.0,1,False,,Wednesday,22,288
2025-10-15 23:00:00,8622.57,49.989999999999995,21.2,97,0.0,3,False,,Wednesday,23,288
2025-10-16 00:00:00,8088.0,49.91,20.9,98,0.1,51,False,,Thursday,0,289
2025-10-16 01:00:00,7887.737499999999,49.96,20.9,98,0.0,3,False,,Thursday,1,289
2025-10-16 02:00:00,7590.1925,49.995000000000005,21.0,97,0.0,3,False,,Thursday,2,289
2025-10-16 03:00:00,7355.787499999999,50.019999999999996,20.5,98,0.0,3,False,,Thursday,3,289
2025-10-16 04:00:00,7508.7699999999995,50.015,20.4,97,0.0,3,False,,Thursday,4,289
2025-10-16 05:00:00,8171.6849999999995,50.025000000000006,20.5,97,0.0,3,False,,Thursday,5,289
2025-10-16 06:00:00,9356.9925,50.05,20.6,95,0.0,3,False,,Thursday,6,289
2025-10-16 07:00:00,11116.8675,50.025000000000006,21.4,90,0.0,3,False,,Thursday,7,289
2025-10-16 08:00:00,11555.93,50.015,22.9,81,0.0,3,False,,Thursday,8,289
2025-10-16 09:00:00,11293.907500000001,49.935,24.5,72,0.0,3,False,,Thursday,9,289
2025-10-16 10:00:00,11762.515,50.0,25.0,70,0.0,3,False,,Thursday,10,289
2025-10-16 11:00:00,11204.414999999999,50.004999999999995,26.5,62,0.0,3,False,,Thursday,11,289
2025-10-16 12:00:00,11045.094999999998,49.935,27.1,61,0.2,51,False,,Thursday,12,289
2025-10-16 13:00:00,10863.447499999998,50.025000000000006,26.9,63,0.2,51,False,,Thursday,13,289
2025-10-16 14:00:00,10751.895,50.03,25.1,69,1.9,61,False,,Thursday,14,289
2025-10-16 15:00:00,11384.634999999998,49.975,25.2,70,0.4,51,False,,Thursday,15,289
2025-10-16 16:00:00,11656.400000000001,50.025,23.7,77,0.2,51,False,,Thursday,16,289
2025-10-16 17:00:00,11062.6725,50.004999999999995,22.5,88,0.0,3,False,,Thursday,17,289
2025-10-16 18:00:00,10852.49,50.015,21.4,94,0.6,53,False,,Thursday,18,289
2025-10-16 19:00:00,10609.565,50.019999999999996,21.6,95,0.0,3,False,,Thursday,19,289
2025-10-16 20:00:00,9835.192500000001,50.085,21.5,95,0.0,3,False,,Thursday,20,289
2025-10-16 21:00:00,9499.4475,49.955,21.4,93,0.1,51,False,,Thursday,21,289
2025-10-16 22:00:00,9003.11,50.025,21.1,95,0.1,51,False,,Thursday,22,289
2025-10-16 23:00:00,8746.5375,50.035,21.0,98,0.0,3,False,,Thursday,23,289
2025-10-17 00:00:00,7841.645,50.03,21.0,98,0.0,3,False,,Friday,0,290
2025-10-17 01:00:00,7661.977500000001,49.985,21.0,97,0.0,3,False,,Friday,1,290
2025-10-17 02:00:00,7274.4825,50.015,20.7,98,0.0,3,False,,Friday,2,290
2025-10-17 03:00:00,7197.5125,50.005,20.4,98,0.0,3,False,,Friday,3,290
2025-10-17 04:00:00,7361.8575,50.015,20.2,99,0.2,51,False,,Friday,4,290
2025-10-17 05:00:00,8178.110000000001,50.07,20.2,98,0.0,3,False,,Friday,5,290
2025-10-17 06:00:00,8997.6725,50.065,19.6,96,0.3,51,False,,Friday,6,290
2025-10-17 07:00:00,10857.6475,50.019999999999996,20.6,91,0.0,3,False,,Friday,7,290
2025-10-17 08:00:00,11447.342499999999,50.035,21.3,88,0.0,3,False,,Friday,8,290
2025-10-17 09:00:00,11272.0875,49.989999999999995,23.4,80,0.0,3,False,,Friday,9,290
2025-10-17 10:00:00,12011.1675,49.985,24.6,75,0.0,3,False,,Friday,10,290
2025-10-17 11:00:00,11791.2625,49.870000000000005,26.2,71,0.2,51,False,,Friday,11,290
2025-10-17 12:00:00,11555.5575,49.980000000000004,26.3,68,0.1,51,False,,Friday,12,290
2025-10-17 13:00:00,11488.474999999999,50.03,24.1,76,1.2,55,False,,Friday,13,290
2025-10-17 14:00:00,11032.5625,50.04,24.5,74,0.2,51,False,,Friday,14,290
2025-10-17 15:00:00,11399.035,50.025,25.0,77,0.1,51,False,,Friday,15,290
2025-10-17 16:00:00,11283.77,50.03,24.2,77,0.8,53,False,,Friday,16,290
2025-10-17 17:00:00,10744.185000000001,50.015,23.0,84,1.2,55,False,,Friday,17,290
2025-10-17 18:00:00,10803.57,49.95,21.3,91,0.5,53,False,,Friday,18,290
2025-10-17 19:00:00,10191.015,50.035,20.9,93,0.2,51,False,,Friday,19,290
2025-10-17 20:00:00,9569.397500000001,50.06,21.4,93,0.1,51,False,,Friday,20,290
2025-10-17 21:00:00,8899.994999999999,50.02,20.9,95,0.0,3,False,,Friday,21,290
2025-10-17 22:00:00,8401.8125,49.980000000000004,20.5,96,0.0,3,False,,Friday,22,290
2025-10-17 23:00:00,8425.5325,49.99,21.0,96,0.0,3,False,,Friday,23,290
2025-10-18 00:00:00,8025.5425000000005,50.03,21.0,97,0.1,51,False,,Saturday,0,291
2025-10-18 01:00:00,7618.8175,49.97,21.0,96,0.0,3,False,,Saturday,1,291
2025-10-18 02:00:00,7511.3525,49.99,20.6,96,0.0,3,False,,Saturday,2,291
2025-10-18 03:00:00,7475.895,49.975,20.5,97,0.0,3,False,,Saturday,3,291
2025-10-18 04:00:00,7787.2775,49.985,20.5,96,0.0,3,False,,Saturday,4,291
2025-10-18 05:00:00,8557.9175,50.07,20.4,98,0.0,3,False,,Saturday,5,291
2025-10-18 06:00:00,9310.935,50.105000000000004,21.0,94,0.1,51,False,,Saturday,6,291
2025-10-18 07:00:00,10638.34,49.995000000000005,21.7,89,0.1,51,False,,Saturday,7,291
2025-10-18 08:00:00,11337.892499999998,50.004999999999995,22.0,88,0.1,51,False,,Saturday,8,291
2025-10-18 09:00:00,11650.689999999999,49.985,23.3,81,0.0,3,False,,Saturday,9,291
2025-10-18 10:00:00,12280.2775,49.980000000000004,24.3,75,0.1,51,False,,Saturday,10,291
2025-10-18 11:00:00,12012.842499999999,49.905,26.2,67,0.0,3,False,,Saturday,11,291
2025-10-18 12:00:00,12063.575,49.995000000000005,26.3,67,0.1,51,False,,Saturday,12,291
2025-10-18 13:00:00,11949.0575,49.875,27.3,65,0.1,51,False,,Saturday,13,291
2025-10-18 14:00:00,11533.39,49.935,22.3,89,5.9,63,False,,Saturday,14,291
2025-10-18 15:00:00,11783.380000000001,50.004999999999995,22.0,90,0.2,51,False,,Saturday,15,291
2025-10-18 16:00:00,11611.425000000001,50.025,22.2,87,0.1,51,False,,Saturday,16,291
2025-10-18 17:00:00,10502.2075,49.995,22.0,89,0.1,51,False,,Saturday,17,291
2025-10-18 18:00:00,10051.8875,49.985,21.6,92,0.1,51,False,,Saturday,18,291
2025-10-18 19:00:00,8989.815,49.995000000000005,21.0,94,0.2,51,False,,Saturday,19,291
2025-10-18 20:00:00,9564.5875,49.995000000000005,20.0,97,5.7,63,False,,Saturday,20,291
2025-10-18 21:00:00,9021.4425,49.94,20.5,97,0.0,3,False,,Saturday,21,291
2025-10-18 22:00:00,8687.59,50.040000000000006,20.2,98,0.0,3,False,,Saturday,22,291
2025-10-18 23:00:00,8617.997500000001,49.98,20.5,98,0.0,3,False,,Saturday,23,291
2025-10-19 00:00:00,7849.935,50.019999999999996,20.2,98,1.2,55,True,Sunday,Sunday,0,292
2025-10-19 01:00:00,7950.0075,49.995000000000005,19.5,96,1.1,55,True,Sunday,Sunday,1,292
2025-10-19 02:00:00,7521.919999999999,49.989999999999995,19.0,97,0.9,53,True,Sunday,Sunday,2,292
2025-10-19 03:00:00,7467.5525,50.025,19.0,97,1.4,61,True,Sunday,Sunday,3,292
2025-10-19 04:00:00,7411.26,50.0,19.0,98,0.2,51,True,Sunday,Sunday,4,292
2025-10-19 05:00:00,7957.945,50.05,19.6,94,0.0,3,True,Sunday,Sunday,5,292
2025-10-19 06:00:00,8622.09,50.05,19.5,95,0.3,51,True,Sunday,Sunday,6,292
2025-10-19 07:00:00,9570.349999999999,50.055,20.6,95,0.1,51,True,Sunday,Sunday,7,292
2025-10-19 08:00:00,10280.585,49.945,22.2,89,0.0,3,True,Sunday,Sunday,8,292
2025-10-19 09:00:00,10446.1175,50.06,24.0,80,0.0,3,True,Sunday,Sunday,9,292
2025-10-19 10:00:00,10894.4175,50.03,24.9,77,0.0,3,True,Sunday,Sunday,10,292
2025-10-19 11:00:00,10968.7925,49.980000000000004,25.8,70,0.1,51,True,Sunday,Sunday,11,292
2025-10-19 12:00:00,10626.8525,49.989999999999995,26.6,70,0.0,3,True,Sunday,Sunday,12,292
2025-10-19 13:00:00,10515.925000000001,50.004999999999995,27.3,67,0.0,3,True,Sunday,Sunday,13,292
2025-10-19 14:00:00,10162.182499999999,49.99,27.2,67,0.0,3,True,Sunday,Sunday,14,292
2025-10-19 15:00:00,9939.564999999999,49.945,26.5,65,0.1,51,True,Sunday,Sunday,15,292
2025-10-19 16:00:00,10066.17,49.97,25.8,67,1.1,55,True,Sunday,Sunday,16,292
2025-10-19 17:00:00,9221.1575,49.905,24.4,80,7.0,63,True,Sunday,Sunday,17,292
2025-10-19 18:00:00,9246.880000000001,50.01,21.4,90,5.9,63,True,Sunday,Sunday,18,292
2025-10-19 19:00:00,9091.7775,50.03,21.5,94,2.8,63,True,Sunday,Sunday,19,292
2025-10-19 20:00:00,8983.6375,49.945,21.7,92,0.1,51,True,Sunday,Sunday,20,292
2025-10-19 21:00:00,8693.8975,50.01,20.9,97,0.0,3,True,Sunday,Sunday,21,292
2025-10-19 22:00:00,8176.547500000001,50.045,20.9,97,0.0,3,True,Sunday,Sunday,22,292
2025-10-19 23:00:00,8083.969999999999,49.94,20.8,96,0.1,51,True,Sunday,Sunday,23,292
2025-10-20 00:00:00,7359.3,49.97,20.9,95,0.6,53,True,Diwali,Monday,0,293
2025-10-20 01:00:00,7196.192499999999,49.96,20.7,95,1.1,55,True,Diwali,Monday,1,293
2025-10-20 02:00:00,6836.585,49.980000000000004,20.5,96,0.4,51,True,Diwali,Monday,2,293
2025-10-20 03:00:00,6674.21,49.985,20.2,98,0.1,51,True,Diwali,Monday,3,293
2025-10-20 04:00:00,6921.14,50.035,20.0,96,0.1,51,True,Diwali,Monday,4,293
2025-10-20 05:00:00,7265.9675,50.06,20.1,99,0.0,3,True,Diwali,Monday,5,293
2025-10-20 06:00:00,8091.0925,50.065,20.5,98,1.9,61,True,Diwali,Monday,6,293
2025-10-20 07:00:00,9316.3875,49.995000000000005,20.9,95,0.0,3,True,Diwali,Monday,7,293
2025-10-20 08:00:00,9872.18,49.995,22.2,86,0.0,3,True,Diwali,Monday,8,293
2025-10-20 09:00:00,10305.55,50.010000000000005,23.9,77,0.0,3,True,Diwali,Monday,9,293
2025-10-20 10:00:00,11049.244999999999,50.095,25.0,71,0.0,3,True,Diwali,Monday,10,293
2025-10-20 11:00:00,11096.6475,49.975,25.9,70,0.0,3,True,Diwali,Monday,11,293
2025-10-20 12:00:00,10497.755000000001,49.995000000000005,26.1,68,0.0,3,True,Diwali,Monday,12,293
2025-10-20 13:00:00,10741.085,49.974999999999994,27.0,65,0.0,3,True,Diwali,Monday,13,293
2025-10-20 14:00:00,10112.4975,50.035,27.0,63,0.0,3,True,Diwali,Monday,14,293
2025-10-20 15:00:00,10198.564999999999,49.94,24.6,71,0.3,51,True,Diwali,Monday,15,293
2025-10-20 16:00:00,10099.279999999999,50.005,24.0,76,0.0,3,True,Diwali,Monday,16,293
2025-10-20 17:00:00,9490.6625,49.965,22.6,84,0.0,3,True,Diwali,Monday,17,293
2025-10-20 18:00:00,9528.47,50.11,21.8,91,0.0,3,True,Diwali,Monday,18,293
2025-10-20 19:00:00,8948.7575,50.114999999999995,21.1,94,0.2,51,True,Diwali,Monday,19,293
2025-10-20 20:00:00,8186.8,49.98,21.0,93,0.0,3,True,Diwali,Monday,20,293
2025-10-20 21:00:00,7658.2775,49.94499999999999,20.8,96,0.0,3,True,Diwali,Monday,21,293
2025-10-20 22:00:00,7377.7925,49.985,20.5,96,0.0,3,True,Diwali,Monday,22,293
2025-10-20 23:00:00,7332.387500000001,49.93,20.5,96,0.0,3,True,Diwali,Monday,23,293
2025-10-21 00:00:00,6868.25,49.93,20.6,97,0.4,51,False,,Tuesday,0,294
2025-10-21 01:00:00,6785.5975,49.94,20.5,95,0.3,51,False,,Tuesday,1,294
2025-10-21 02:00:00,6394.2425,49.975,20.0,98,0.0,3,False,,Tuesday,2,294
2025-10-21 03:00:00,6467.182500000001,49.96,20.0,98,0.0,3,False,,Tuesday,3,294
2025-10-21 04:00:00,6777.700000000001,49.97,20.1,96,0.0,3,False,,Tuesday,4,294
2025-10-21 05:00:00,7396.9,50.03,20.2,97,0.0,3,False,,Tuesday,5,294
2025-10-21 06:00:00,8189.3150000000005,50.065,20.3,96,0.0,3,False,,Tuesday,6,294
2025-10-21 07:00:00,9281.12,50.06,20.9,93,0.0,3,False,,Tuesday,7,294
2025-10-21 08:00:00,9924.4775,49.989999999999995,21.8,87,0.0,3,False,,Tuesday,8,294
2025-10-21 09:00:00,10317.19,50.010000000000005,22.6,83,0.2,51,False,,Tuesday,9,294
2025-10-21 10:00:00,11173.4075,49.989999999999995,24.5,77,0.2,51,False,,Tuesday,10,294
2025-10-21 11:00:00,11030.48,49.985,25.4,72,0.1,51,False,,Tuesday,11,294
2025-10-21 12:00:00,10388.215,50.004999999999995,23.2,78,1.7,61,False,,Tuesday,12,294
2025-10-21 13:00:00,9351.6425,50.004999999999995,21.0,88,1.4,61,False,,Tuesday,13,294
2025-10-21 14:00:00,9443.025,50.025000000000006,22.0,85,0.3,51,False,,Tuesday,14,294
2025-10-21 15:00:00,9450.54,49.94,22.2,84,0.3,51,False,,Tuesday,15,294
2025-10-21 16:00:00,9261.5125,49.989999999999995,22.5,83,0.1,51,False,,Tuesday,16,294
2025-10-21 17:00:00,8634.4225,49.955,22.2,88,0.1,51,False,,Tuesday,17,294
2025-10-21 18:00:00,8824.217499999999,50.045,21.6,91,0.2,51,False,,Tuesday,18,294
2025-10-21 19:00:00,8215.32,50.065,21.1,95,0.4,51,False,,Tuesday,19,294
2025-10-21 20:00:00,7820.8775,50.035,20.8,95,0.2,51,False,,Tuesday,20,294
2025-10-21 21:00:00,7630.6224999999995,50.06,20.5,96,0.1,51,False,,Tuesday,21,294
2025-10-21 22:00:00,7304.455,50.015,20.5,97,0.0,3,False,,Tuesday,22,294
2025-10-21 23:00:00,7330.4574999999995,50.035,20.3,98,0.0,3,False,,Tuesday,23,294
2025-10-22 00:00:00,6897.282499999999,50.0,20.2,98,0.1,51,False,,Wednesday,0,295
2025-10-22 01:00:00,6692.432499999999,49.989999999999995,20.4,96,0.0,3,False,,Wednesday,1,295
2025-10-22 02:00:00,6538.83,50.0,20.4,97,0.2,51,False,,Wednesday,2,295
2025-10-22 03:00:00,6169.254999999999,49.975,20.2,97,1.0,55,False,,Wednesday,3,295
2025-10-22 04:00:00,6311.45,49.995,20.3,98,1.6,61,False,,Wednesday,4,295
2025-10-22 05:00:00,6692.920000000001,50.0,20.8,96,2.5,63,False,,Wednesday,5,295
2025-10-22 06:00:00,7338.9925,50.035,20.9,96,0.8,53,False,,Wednesday,6,295
2025-10-22 07:00:00,8308.627499999999,49.989999999999995,20.9,98,2.2,61,False,,Wednesday,7,295
2025-10-22 08:00:00,8972.6475,50.095,21.0,97,2.2,61,False,,Wednesday,8,295
2025-10-22 09:00:00,9373.4275,49.935,22.0,91,0.9,53,False,,Wednesday,9,295
2025-10-22 10:00:00,9703.56,50.055,22.9,85,0.2,51,False,,Wednesday,10,295
2025-10-22 11:00:00,9679.265,50.085,23.4,82,0.3,51,False,,Wednesday,11,295
2025-10-22 12:00:00,9326.9575,50.055,24.5,75,0.1,51,False,,Wednesday,12,295
2025-10-22 13:00:00,9065.5175,50.019999999999996,24.2,76,3.1,63,False,,Wednesday,13,295
2025-10-22 14:00:00,8775.0825,49.995000000000005,23.5,87,4.0,63,False,,Wednesday,14,295
2025-10-22 15:00:00,8783.5475,50.045,22.6,85,3.1,63,False,,Wednesday,15,295
2025-10-22 16:00:00,8724.1425,49.85,22.3,87,0.3,51,False,,Wednesday,16,295
2025-10-22 17:00:00,8432.052500000002,49.980000000000004,21.6,90,0.2,51,False,,Wednesday,17,295
2025-10-22 18:00:00,9005.9075,50.065,21.4,95,0.6,53,False,,Wednesday,18,295
2025-10-22 19:00:00,8509.86,50.05,20.9,94,1.0,55,False,,Wednesday,19,295
2025-10-22 20:00:00,8040.462500000001,49.965,21.1,95,0.3,51,False,,Wednesday,20,295
2025-10-22 21:00:00,7707.135,50.03,21.0,93,0.2,51,False,,Wednesday,21,295
2025-10-22 22:00:00,7273.105,49.974999999999994,21.0,92,0.4,51,False,,Wednesday,22,295
2025-10-22 23:00:00,6838.1025,49.94,20.3,95,0.0,3,False,,Wednesday,23,295
2025-10-23 00:00:00,6306.4525,50.0,20.5,96,0.4,51,False,,Thursday,0,296
2025-10-23 01:00:00,6032.9875,49.975,20.4,97,0.1,51,False,,Thursday,1,296
2025-10-23 02:00:00,5692.285,49.965,19.9,98,0.0,3,False,,Thursday,2,296
2025-10-23 03:00:00,5649.15,49.980000000000004,19.9,98,0.0,3,False,,Thursday,3,296
2025-10-23 04:00:00,5742.9375,49.995000000000005,19.9,98,0.0,3,False,,Thursday,4,296
2025-10-23 05:00:00,6142.3375,50.03,20.3,97,0.0,3,False,,Thursday,5,296
2025-10-23 06:00:00,7030.29,50.04,19.8,98,0.0,3,False,,Thursday,6,296
2025-10-23 07:00:00,9095.5825,50.015,21.0,92,0.0,3,False,,Thursday,7,296
2025-10-23 08:00:00,9750.1875,50.06,21.6,89,0.0,3,False,,Thursday,8,296
2025-10-23 09:00:00,9694.985,50.120000000000005,23.1,81,0.0,3,False,,Thursday,9,296
2025-10-23 10:00:00,10003.07,50.005,24.3,76,0.2,51,False,,Thursday,10,296
2025-10-23 11:00:00,10170.37,49.955,25.0,72,0.2,51,False,,Thursday,11,296
2025-10-23 12:00:00,9852.352499999999,49.995000000000005,25.4,73,0.0,3,False,,Thursday,12,296
2025-10-23 13:00:00,9203.217499999999,49.98,25.7,71,0.0,3,False,,Thursday,13,296
2025-10-23 14:00:00,9161.767500000002,49.97,25.2,72,0.3,51,False,,Thursday,14,296
2025-10-23 15:00:00,9361.675,49.95,25.2,70,0.1,51,False,,Thursday,15,296
2025-10-23 16:00:00,9399.2375,50.01,24.0,75,0.3,51,False,,Thursday,16,296
2025-10-23 17:00:00,9551.217499999999,50.01,24.0,76,0.0,3,False,,Thursday,17,296
2025-10-23 18:00:00,9659.0425,50.015,23.0,81,0.0,3,False,,Thursday,18,296
2025-10-23 19:00:00,9864.627499999999,50.045,22.4,86,0.0,3,False,,Thursday,19,296
2025-10-23 20:00:00,9295.265,50.010000000000005,22.0,89,0.0,3,False,,Thursday,20,296
2025-10-23 21:00:00,8789.27,50.010000000000005,21.5,89,0.0,3,False,,Thursday,21,296
2025-10-23 22:00:00,7975.965,50.035,21.1,89,0.0,3,False,,Thursday,22,296
2025-10-23 23:00:00,7683.2074999999995,49.935,20.9,84,0.0,3,False,,Thursday,23,296
2025-10-24 00:00:00,6876.137499999999,49.97,20.5,85,0.0,3,False,,Friday,0,297
2025-10-24 01:00:00,6843.9275,49.995000000000005,20.4,86,0.0,3,False,,Friday,1,297
2025-10-24 02:00:00,6536.775,50.025,20.1,87,0.0,3,False,,Friday,2,297
2025-10-24 03:00:00,6575.477499999999,49.995,19.5,90,0.0,3,False,,Friday,3,297
2025-10-24 04:00:00,6680.0425,49.995000000000005,19.4,91,0.0,3,False,,Friday,4,297
2025-10-24 05:00:00,7169.4,50.035,20.2,82,0.0,3,False,,Friday,5,297
2025-10-24 06:00:00,8088.235,50.03,20.3,82,0.0,3,False,,Friday,6,297
2025-10-24 07:00:00,9814.96,49.97,20.4,85,0.0,3,False,,Friday,7,297
2025-10-24 08:00:00,10369.16,50.06,21.2,82,0.0,3,False,,Friday,8,297
2025-10-24 09:00:00,10182.455,50.0,22.3,78,0.0,3,False,,Friday,9,297
2025-10-24 10:00:00,10404.5175,49.92,23.2,73,0.0,3,False,,Friday,10,297
2025-10-24 11:00:00,10136.365,49.989999999999995,23.4,69,0.0,3,False,,Friday,11,297
2025-10-24 12:00:00,9939.5,49.975,23.9,72,0.0,3,False,,Friday,12,297
2025-10-24 13:00:00,9858.9775,49.925,24.8,68,0.1,51,False,,Friday,13,297
2025-10-24 14:00:00,9194.2725,50.004999999999995,25.1,65,0.0,3,False,,Friday,14,297
2025-10-24 15:00:00,9282.869999999999,50.08,25.0,65,0.0,3,False,,Friday,15,297
2025-10-24 16:00:00,9215.572499999998,50.035,24.2,71,0.0,3,False,,Friday,16,297
2025-10-24 17:00:00,9238.315,50.03,23.8,76,0.0,3,False,,Friday,17,297
2025-10-24 18:00:00,9610.8625,49.94,22.5,82,0.0,3,False,,Friday,18,297
2025-10-24 19:00:00,9736.127499999999,50.065,22.2,85,0.0,3,False,,Friday,19,297
2025-10-24 20:00:00,9287.53,50.010000000000005,22.0,86,0.0,3,False,,Friday,20,297
2025-10-24 21:00:00,8763.305,49.92,21.6,88,0.0,3,False,,Friday,21,297
2025-10-24 22:00:00,8134.577499999999,49.955,21.1,91,0.0,3,False,,Friday,22,297
2025-10-24 23:00:00,7758.6875,49.980000000000004,20.9,93,0.0,3,False,,Friday,23,297
2025-10-25 00:00:00,7089.6475,50.010000000000005,20.6,94,0.0,3,False,,Saturday,0,298
2025-10-25 01:00:00,7118.8875,50.005,20.5,94,0.0,3,False,,Saturday,1,298
2025-10-25 02:00:00,6606.875,49.98,20.2,96,0.0,3,False,,Saturday,2,298
2025-10-25 03:00:00,6440.25,50.004999999999995,19.9,97,0.0,3,False,,Saturday,3,298
2025-10-25 04:00:00,6494.195,50.040000000000006,19.7,97,0.0,3,False,,Saturday,4,298
2025-10-25 05:00:00,7056.4825,49.995000000000005,19.5,92,0.0,3,False,,Saturday,5,298
2025-10-25 06:00:00,7708.164999999999,50.045,19.7,91,0.0,3,False,,Saturday,6,298
2025-10-25 07:00:00,9316.34,49.995000000000005,20.9,90,0.0,3,False,,Saturday,7,298
2025-10-25 08:00:00,9599.375,50.04,22.4,84,0.0,3,False,,Saturday,8,298
2025-10-25 09:00:00,9472.155,50.08,24.0,76,0.0,3,False,,Saturday,9,298
2025-10-25 10:00:00,9753.345,50.0,25.0,67,0.0,3,False,,Saturday,10,298
2025-10-25 11:00:00,9398.0075,49.995000000000005,25.9,60,0.0,3,False,,Saturday,11,298
2025-10-25 12:00:00,8953.4375,49.945,26.5,57,0.0,3,False,,Saturday,12,298
2025-10-25 13:00:00,8912.2425,50.035,26.6,58,0.0,3,False,,Saturday,13,298
2025-10-25 14:00:00,8828.484999999999,50.05,26.6,59,0.0,3,False,,Saturday,14,298
2025-10-25 15:00:00,9144.762499999999,50.075,26.4,59,0.0,3,False,,Saturday,15,298
2025-10-25 16:00:00,9340.185000000001,49.980000000000004,25.7,62,0.0,2,False,,Saturday,16,298
2025-10-25 17:00:00,9274.9275,50.09,25.1,66,0.0,1,False,,Saturday,17,298
2025-10-25 18:00:00,9711.885,49.980000000000004,23.5,74,0.0,2,False,,Saturday,18,298
2025-10-25 19:00:00,9545.5325,50.07,22.6,77,0.0,3,False,,Saturday,19,298
2025-10-25 20:00:00,9336.3775,50.055,22.1,81,0.0,3,False,,Saturday,20,298
2025-10-25 21:00:00,8865.6325,49.989999999999995,21.6,84,0.0,3,False,,Saturday,21,298
2025-10-25 22:00:00,8167.195,50.03,21.4,85,0.0,3,False,,Saturday,22,298
2025-10-25 23:00:00,7816.602499999999,49.995000000000005,21.5,86,0.0,3,False,,Saturday,23,298
2025-10-26 00:00:00,7089.6475,50.010000000000005,21.9,85,0.0,3,True,Sunday,Sunday,0,299
2025-10-26 01:00:00,7094.7075,49.975,21.4,88,0.0,3,True,Sunday,Sunday,1,299
2025-10-26 02:00:00,6862.79,49.965,21.0,91,0.0,3,True,Sunday,Sunday,2,299
2025-10-26 03:00:00,6788.255,50.010000000000005,20.5,95,0.0,2,True,Sunday,Sunday,3,299
2025-10-26 04:00:00,6811.6175,49.995000000000005,20.0,96,0.0,3,True,Sunday,Sunday,4,299
2025-10-26 05:00:00,7203.2775,50.025,19.9,98,0.0,3,True,Sunday,Sunday,5,299
2025-10-26 06:00:00,7721.272500000001,50.055,20.0,98,0.0,3,True,Sunday,Sunday,6,299
2025-10-26 07:00:00,8642.5175,50.035,20.3,95,0.0,3,True,Sunday,Sunday,7,299
2025-10-26 08:00:00,8748.289999999999,50.0,21.9,86,0.0,3,True,Sunday,Sunday,8,299
2025-10-26 09:00:00,8795.2475,49.965,23.8,75,0.0,0,True,Sunday,Sunday,9,299
2025-10-26 10:00:00,8905.6,49.95,25.2,65,0.0,3,True,Sunday,Sunday,10,299
2025-10-26 11:00:00,8766.842499999999,49.94,26.2,60,0.0,3,True,Sunday,Sunday,11,299
2025-10-26 12:00:00,8756.3275,50.085,26.9,57,0.0,2,True,Sunday,Sunday,12,299
2025-10-26 13:00:00,8555.904999999999,50.04,27.5,54,0.0,2,True,Sunday,Sunday,13,299
2025-10-26 14:00:00,8365.0225,50.025,27.6,52,0.0,3,True,Sunday,Sunday,14,299
2025-10-26 15:00:00,8345.9725,49.99,27.6,51,0.2,51,True,Sunday,Sunday,15,299
2025-10-26 16:00:00,8296.99,50.035,26.6,56,0.2,51,True,Sunday,Sunday,16,299
2025-10-26 17:00:00,8162.482499999999,50.05,24.7,74,0.0,3,True,Sunday,Sunday,17,299
2025-10-26 18:00:00,8697.857499999998,50.075,23.1,82,0.0,3,True,Sunday,Sunday,18,299
2025-10-26 19:00:00,8898.057499999999,50.035,22.4,88,0.0,3,True,Sunday,Sunday,19,299
2025-10-26 20:00:00,8486.665,49.96,22.0,90,0.0,3,True,Sunday,Sunday,20,299
2025-10-26 21:00:00,8220.625,49.959999999999994,22.0,86,0.0,3,True,Sunday,Sunday,21,299
2025-10-26 22:00:00,7563.027499999999,50.040000000000006,21.8,87,0.0,3,True,Sunday,Sunday,22,299
2025-10-26 23:00:00,7253.174999999999,50.035,21.3,89,0.0,3,True,Sunday,Sunday,23,299
2025-10-27 00:00:00,6930.3425,50.01,21.0,89,0.0,3,False,,Monday,0,300
2025-10-27 01:00:00,6631.6775,49.959999999999994,20.5,91,0.0,3,False,,Monday,1,300
2025-10-27 02:00:00,6298.58,50.004999999999995,20.1,93,0.0,3,False,,Monday,2,300
2025-10-27 03:00:00,6317.51,50.0,19.9,94,0.0,3,False,,Monday,3,300
2025-10-27 04:00:00,6335.8825,50.025,19.6,95,0.0,3,False,,Monday,4,300
2025-10-27 05:00:00,6811.5125,50.0,19.4,95,0.0,3,False,,Monday,5,300
2025-10-27 06:00:00,8056.5475,50.05,19.4,94,0.0,3,False,,Monday,6,300
2025-10-27 07:00:00,9988.994999999999,50.0,20.1,91,0.0,3,False,,Monday,7,300
2025-10-27 08:00:00,10495.189999999999,50.085,21.6,86,0.0,3,False,,Monday,8,300
2025-10-27 09:00:00,10376.235,49.975,22.8,83,0.0,3,False,,Monday,9,300
2025-10-27 10:00:00,10669.525,49.980000000000004,23.9,76,0.2,51,False,,Monday,10,300
2025-10-27 11:00:00,10546.64,50.004999999999995,23.6,79,0.1,51,False,,Monday,11,300
2025-10-27 12:00:00,10219.255000000001,49.965,22.4,80,0.4,51,False,,Monday,12,300
2025-10-27 13:00:00,9896.175,49.965,22.8,80,0.1,51,False,,Monday,13,300
2025-10-27 14:00:00,9511.955,49.989999999999995,22.8,80,0.0,3,False,,Monday,14,300
2025-10-27 15:00:00,9672.067500000001,50.0,23.4,78,0.1,51,False,,Monday,15,300
2025-10-27 16:00:00,9799.935,50.07,22.6,80,0.0,3,False,,Monday,16,300
2025-10-27 17:00:00,9397.869999999999,50.065,21.9,91,0.0,3,False,,Monday,17,300
2025-10-27 18:00:00,9951.325,50.084999999999994,21.3,90,0.1,51,False,,Monday,18,300
2025-10-27 19:00:00,9833.5375,50.095,20.9,89,0.2,51,False,,Monday,19,300
2025-10-27 20:00:00,9390.645,50.004999999999995,20.6,93,0.4,51,False,,Monday,20,300
2025-10-27 21:00:00,8773.779999999999,50.05,20.6,93,0.3,51,False,,Monday,21,300
2025-10-27 22:00:00,8207.2125,50.019999999999996,20.5,93,0.2,51,False,,Monday,22,300
2025-10-27 23:00:00,7684.0599999999995,50.02,20.9,96,0.4,51,False,,Monday,23,300
2025-10-28 00:00:00,7174.6325,49.99,20.5,98,0.8,53,False,,Tuesday,0,301
2025-10-28 01:00:00,6942.967499999999,50.06,20.6,98,0.4,51,False,,Tuesday,1,301
2025-10-28 02:00:00,6549.932499999999,50.045,20.4,98,0.2,51,False,,Tuesday,2,301
2025-10-28 03:00:00,6425.4349999999995,49.92,20.3,98,0.3,51,False,,Tuesday,3,301
2025-10-28 04:00:00,6492.4,49.955,20.1,98,0.4,51,False,,Tuesday,4,301
2025-10-28 05:00:00,6947.46,50.075,19.9,97,0.2,51,False,,Tuesday,5,301
2025-10-28 06:00:00,7957.142500000001,50.144999999999996,19.9,96,0.1,51,False,,Tuesday,6,301
2025-10-28 07:00:00,9959.814999999999,49.895,20.1,95,0.0,3,False,,Tuesday,7,301
2025-10-28 08:00:00,10585.970000000001,49.995,20.6,92,0.0,3,False,,Tuesday,8,301
2025-10-28 09:00:00,10551.725,50.0,20.8,90,0.0,3,False,,Tuesday,9,301
2025-10-28 10:00:00,10778.932499999999,50.04,21.4,88,0.1,51,False,,Tuesday,10,301
2025-10-28 11:00:00,9970.3825,49.989999999999995,22.9,79,0.1,51,False,,Tuesday,11,301
2025-10-28 12:00:00,9584.415,50.05,23.9,72,0.0,3,False,,Tuesday,12,301
2025-10-28 13:00:00,9205.1175,50.155,23.9,72,0.0,3,False,,Tuesday,13,301
2025-10-28 14:00:00,8964.447499999998,49.989999999999995,24.0,71,0.0,3,False,,Tuesday,14,301
2025-10-28 15:00:00,9253.92,50.045,23.5,74,0.0,3,False,,Tuesday,15,301
2025-10-28 16:00:00,9324.065,49.989999999999995,23.2,76,0.0,3,False,,Tuesday,16,301
2025-10-28 17:00:00,9124.287499999999,50.019999999999996,22.5,77,0.0,3,False,,Tuesday,17,301
2025-10-28 18:00:00,9594.470000000001,50.09,21.7,81,0.0,3,False,,Tuesday,18,301
2025-10-28 19:00:00,9268.2975,50.1,21.5,79,0.0,3,False,,Tuesday,19,301
2025-10-28 20:00:00,8985.93,50.01,21.0,80,0.0,3,False,,Tuesday,20,301
2025-10-28 21:00:00,8481.89,50.06,20.6,81,0.0,3,False,,Tuesday,21,301
2025-10-28 22:00:00,7839.615000000001,49.955,20.4,85,0.0,3,False,,Tuesday,22,301
2025-10-28 23:00:00,7217.0025,49.935,20.5,87,0.0,3,False,,Tuesday,23,301
2025-10-29 00:00:00,7174.6325,49.99,20.6,90,0.0,3,False,,Wednesday,0,302
2025-10-29 01:00:00,6263.665000000001,49.980000000000004,20.5,91,0.0,3,False,,Wednesday,1,302
2025-10-29 02:00:00,6115.415000000001,49.945,20.2,92,0.0,3,False,,Wednesday,2,302
2025-10-29 03:00:00,6261.2125,50.019999999999996,20.0,93,0.0,3,False,,Wednesday,3,302
2025-10-29 04:00:00,6391.66,49.99,20.0,91,0.0,3,False,,Wednesday,4,302
2025-10-29 05:00:00,6902.797500000001,50.035,19.5,98,0.0,3,False,,Wednesday,5,302
2025-10-29 06:00:00,7895.282499999999,50.055,19.6,97,0.0,3,False,,Wednesday,6,302
2025-10-29 07:00:00,9983.2525,49.94,20.6,92,0.0,3,False,,Wednesday,7,302
2025-10-29 08:00:00,10430.3525,50.1,22.0,83,0.0,3,False,,Wednesday,8,302
2025-10-29 09:00:00,10519.7375,50.175,23.5,74,0.0,3,False,,Wednesday,9,302
2025-10-29 10:00:00,10572.92,50.0,24.2,71,0.0,3,False,,Wednesday,10,302
2025-10-29 11:00:00,9685.725,50.015,25.6,62,0.1,51,False,,Wednesday,11,302
2025-10-29 12:00:00,9113.445,49.97,26.4,58,0.0,3,False,,Wednesday,12,302
2025-10-29 13:00:00,9049.44,49.92,26.8,56,0.0,3,False,,Wednesday,13,302
2025-10-29 14:00:00,8782.88,50.035,26.2,57,0.0,3,False,,Wednesday,14,302
2025-10-29 15:00:00,9019.55,49.97,26.0,57,0.0,3,False,,Wednesday,15,302
2025-10-29 16:00:00,9053.1725,49.885000000000005,25.2,62,0.0,3,False,,Wednesday,16,302
2025-10-29 17:00:00,8910.055,49.955,23.9,66,0.0,3,False,,Wednesday,17,302
2025-10-29 18:00:00,9565.225,50.055,22.4,73,0.0,3,False,,Wednesday,18,302
2025-10-29 19:00:00,9552.8475,50.075,21.6,77,0.0,3,False,,Wednesday,19,302
2025-10-29 20:00:00,9244.84,50.03,20.5,80,0.0,3,False,,Wednesday,20,302
2025-10-29 21:00:00,8655.14,49.975,19.7,84,0.0,3,False,,Wednesday,21,302
2025-10-29 22:00:00,8019.3125,50.035,19.4,86,0.0,3,False,,Wednesday,22,302
2025-10-29 23:00:00,7462.307499999999,49.985,19.5,89,0.0,3,False,,Wednesday,23,302
2025-10-30 00:00:00,7174.6325,49.99,19.3,92,0.0,3,False,,Thursday,0,303
2025-10-30 01:00:00,6569.4625,49.95,19.1,95,0.0,3,False,,Thursday,1,303
2025-10-30 02:00:00,6259.1900000000005,50.045,18.8,95,0.0,2,False,,Thursday,2,303
2025-10-30 03:00:00,6215.35,50.025,18.4,97,0.0,3,False,,Thursday,3,303
2025-10-30 04:00:00,6317.83,49.985,18.2,97,0.0,3,False,,Thursday,4,303
2025-10-30 05:00:00,6806.664999999999,50.019999999999996,18.4,95,0.0,3,False,,Thursday,5,303
2025-10-30 06:00:00,7833.12,50.065,18.5,95,0.0,3,False,,Thursday,6,303
2025-10-30 07:00:00,10139.7025,49.965,19.8,93,0.0,0,False,,Thursday,7,303
2025-10-30 08:00:00,10299.119999999999,49.9,21.6,81,0.0,2,False,,Thursday,8,303
2025-10-30 09:00:00,10072.34,49.945,23.2,72,0.0,3,False,,Thursday,9,303
2025-10-30 10:00:00,10384.605,49.974999999999994,24.6,66,0.0,1,False,,Thursday,10,303
2025-10-30 11:00:00,9823.675,50.040000000000006,25.7,62,0.0,2,False,,Thursday,11,303
2025-10-30 12:00:00,9910.33,50.14,26.4,58,0.0,2,False,,Thursday,12,303
2025-10-30 13:00:00,9340.2775,50.095,26.9,55,0.0,2,False,,Thursday,13,303
2025-10-30 14:00:00,9074.720000000001,50.045,26.8,54,0.0,2,False,,Thursday,14,303
2025-10-30 15:00:00,9775.125,49.875,26.5,55,0.0,1,False,,Thursday,15,303
2025-10-30 16:00:00,9987.605000000001,50.0,26.0,56,0.0,2,False,,Thursday,16,303
2025-10-30 17:00:00,9467.7275,50.0,24.7,61,0.0,0,False,,Thursday,17,303
2025-10-30 18:00:00,10410.6875,49.870000000000005,23.0,71,0.0,1,False,,Thursday,18,303
2025-10-30 19:00:00,10012.53,50.045,22.3,74,0.0,2,False,,Thursday,19,303
2025-10-30 20:00:00,9746.445,50.035,21.3,79,0.0,1,False,,Thursday,20,303
2025-10-30 21:00:00,9387.425,49.995000000000005,20.5,82,0.0,1,False,,Thursday,21,303
2025-10-30 22:00:00,8684.075,50.06,20.1,84,0.0,0,False,,Thursday,22,303
2025-10-30 23:00:00,8506.8025,49.995000000000005,19.9,86,0.0,0,False,,Thursday,23,303
2025-10-31 00:00:00,8176.6525,50.015,19.4,88,0.0,0,False,,Friday,0,304
2025-10-31 01:00:00,7843.7474999999995,49.99,19.0,90,0.0,0,False,,Friday,1,304
2025-10-31 02:00:00,7515.209999999999,49.985,18.6,92,0.0,0,False,,Friday,2,304
2025-10-31 03:00:00,7313.125,50.004999999999995,18.4,92,0.0,0,False,,Friday,3,304
2025-10-31 04:00:00,7606.245,49.975,18.0,93,0.0,0,False,,Friday,4,304
2025-10-31 05:00:00,8183.9625,49.995000000000005,18.4,90,0.0,0,False,,Friday,5,304
2025-10-31 06:00:00,8946.619999999999,50.09,18.5,88,0.0,0,False,,Friday,6,304
2025-10-31 07:00:00,10873.6175,49.94,20.0,85,0.0,0,False,,Friday,7,304
2025-10-31 08:00:00,10835.647500000001,50.06,21.9,76,0.0,0,False,,Friday,8,304
2025-10-31 09:00:00,10757.2675,50.019999999999996,23.5,68,0.0,0,False,,Friday,9,304
2025-10-31 10:00:00,11228.4825,50.055,24.9,62,0.0,0,False,,Friday,10,304
2025-10-31 11:00:00,10933.289999999999,49.980000000000004,25.9,55,0.0,0,False,,Friday,11,304
2025-10-31 12:00:00,11051.7275,50.0,26.9,50,0.0,0,False,,Friday,12,304
2025-10-31 13:00:00,11194.5475,50.01,27.0,51,0.0,0,False,,Friday,13,304
2025-10-31 14:00:00,11010.73,50.19,27.2,49,0.0,0,False,,Friday,14,304
2025-10-31 15:00:00,11106.8225,50.005,27.2,47,0.0,0,False,,Friday,15,304
2025-10-31 16:00:00,11135.215,49.97,26.6,49,0.0,2,False,,Friday,16,304
2025-10-31 17:00:00,10512.717499999999,50.05,25.2,58,0.0,0,False,,Friday,17,304
2025-10-31 18:00:00,9589.4575,49.75,23.2,67,0.0,0,False,,Friday,18,304
2025-10-31 19:00:00,9813.265,49.92,22.5,68,0.0,1,False,,Friday,19,304
2025-10-31 20:00:00,9733.6275,49.99,22.3,67,0.0,0,False,,Friday,20,304
2025-10-31 21:00:00,9376.665,49.974999999999994,21.6,70,0.0,0,False,,Friday,21,304
2025-10-31 22:00:00,8811.470000000001,50.03,21.0,73,0.0,0,False,,Friday,22,304
2025-10-31 23:00:00,8369.5225,49.965,20.1,83,0.0,0,False,,Friday,23,304
2025-11-01 00:00:00,7912.2075,49.980000000000004,19.4,87,0.0,2,True,Karnataka Rajyotsava,Saturday,0,305
2025-11-01 01:00:00,7804.1125,50.015,19.0,90,0.0,1,True,Karnataka Rajyotsava,Saturday,1,305
2025-11-01 02:00:00,7458.8575,49.989999999999995,18.5,92,0.0,2,True,Karnataka Rajyotsava,Saturday,2,305
2025-11-01 03:00:00,7301.3525,49.995000000000005,18.1,94,0.0,3,True,Karnataka Rajyotsava,Saturday,3,305
2025-11-01 04:00:00,7438.67,49.965,17.9,95,0.0,3,True,Karnataka Rajyotsava,Saturday,4,305
2025-11-01 05:00:00,7770.4400000000005,49.989999999999995,18.3,93,0.0,2,True,Karnataka Rajyotsava,Saturday,5,305
2025-11-01 06:00:00,8550.27,50.0,18.4,92,0.0,1,True,Karnataka Rajyotsava,Saturday,6,305
2025-11-01 07:00:00,9300.529999999999,50.035,19.7,87,0.0,0,True,Karnataka Rajyotsava,Saturday,7,305
2025-11-01 08:00:00,9460.6125,49.96,21.8,75,0.0,0,True,Karnataka Rajyotsava,Saturday,8,305
2025-11-01 09:00:00,9980.86,50.035,23.8,63,0.0,0,True,Karnataka Rajyotsava,Saturday,9,305
2025-11-01 10:00:00,11103.855,50.03,25.5,55,0.0,0,True,Karnataka Rajyotsava,Saturday,10,305
2025-11-01 11:00:00,10885.4575,49.91,26.5,52,0.0,0,True,Karnataka Rajyotsava,Saturday,11,305
2025-11-01 12:00:00,10823.2225,50.05,27.5,49,0.0,0,True,Karnataka Rajyotsava,Saturday,12,305
2025-11-01 13:00:00,10833.0575,50.125,28.1,47,0.0,0,True,Karnataka Rajyotsava,Saturday,13,305
2025-11-01 14:00:00,10859.48,49.995000000000005,28.4,45,0.0,1,True,Karnataka Rajyotsava,Saturday,14,305
2025-11-01 15:00:00,11005.925,50.09,27.9,46,0.0,0,True,Karnataka Rajyotsava,Saturday,15,305
2025-11-01 16:00:00,10914.7725,50.055,27.1,47,0.0,1,True,Karnataka Rajyotsava,Saturday,16,305
2025-11-01 17:00:00,10300.045,50.06,26.4,53,0.0,0,True,Karnataka Rajyotsava,Saturday,17,305
2025-11-01 18:00:00,9671.317500000001,49.875,24.1,66,0.0,0,True,Karnataka Rajyotsava,Saturday,18,305
2025-11-01 19:00:00,9634.275,50.025,23.5,70,0.0,0,True,Karnataka Rajyotsava,Saturday,19,305
2025-11-01 20:00:00,9033.1525,50.06,23.2,69,0.0,0,True,Karnataka Rajyotsava,Saturday,20,305
2025-11-01 21:00:00,8616.6625,49.91,22.7,70,0.0,0,True,Karnataka Rajyotsava,Saturday,21,305
2025-11-01 22:00:00,8155.485,50.01,22.3,71,0.0,0,True,Karnataka Rajyotsava,Saturday,22,305
2025-11-01 23:00:00,8020.535,49.94,22.1,70,0.0,3,True,Karnataka Rajyotsava,Saturday,23,305
2025-11-02 00:00:00,7912.2075,49.980000000000004,21.0,79,0.0,3,True,Sunday,Sunday,0,306
2025-11-02 01:00:00,7505.615,50.025,20.6,83,0.0,3,True,Sunday,Sunday,1,306
2025-11-02 02:00:00,7053.38,50.025000000000006,20.0,85,0.0,3,True,Sunday,Sunday,2,306
2025-11-02 03:00:00,6980.2775,49.97,18.8,88,0.0,3,True,Sunday,Sunday,3,306
2025-11-02 04:00:00,7196.594999999999,49.995000000000005,17.6,94,0.0,3,True,Sunday,Sunday,4,306
2025-11-02 05:00:00,7816.905000000001,50.03,17.6,95,0.0,3,True,Sunday,Sunday,5,306
2025-11-02 06:00:00,8401.7925,50.06,18.0,93,0.0,3,True,Sunday,Sunday,6,306
2025-11-02 07:00:00,9241.6125,49.995000000000005,19.5,89,0.0,3,True,Sunday,Sunday,7,306
2025-11-02 08:00:00,9935.442500000001,49.94,21.6,83,0.0,3,True,Sunday,Sunday,8,306
2025-11-02 09:00:00,10964.71,50.055,24.0,72,0.0,3,True,Sunday,Sunday,9,306
2025-11-02 10:00:00,12112.3,50.105000000000004,26.1,61,0.0,3,True,Sunday,Sunday,10,306
2025-11-02 11:00:00,11813.482499999998,50.14,25.8,61,0.0,3,True,Sunday,Sunday,11,306
2025-11-02 12:00:00,11316.7225,50.004999999999995,27.2,55,0.0,3,True,Sunday,Sunday,12,306
2025-11-02 13:00:00,11133.7775,50.129999999999995,27.6,52,0.0,3,True,Sunday,Sunday,13,306
2025-11-02 14:00:00,10907.62,50.045,27.8,51,0.0,3,True,Sunday,Sunday,14,306
2025-11-02 15:00:00,10640.03,50.019999999999996,27.7,50,0.0,3,True,Sunday,Sunday,15,306
2025-11-02 16:00:00,10318.255000000001,49.915,27.0,54,0.0,3,True,Sunday,Sunday,16,306
2025-11-02 17:00:00,9521.567500000001,50.09,26.0,57,0.0,3,True,Sunday,Sunday,17,306
2025-11-02 18:00:00,9810.2575,50.07,24.5,67,0.0,3,True,Sunday,Sunday,18,306
2025-11-02 19:00:00,9385.65,50.010000000000005,23.6,71,0.0,3,True,Sunday,Sunday,19,306
2025-11-02 20:00:00,8961.9275,50.05,22.9,76,0.0,3,True,Sunday,Sunday,20,306
2025-11-02 21:00:00,8552.7925,49.995000000000005,22.1,81,0.0,3,True,Sunday,Sunday,21,306
2025-11-02 22:00:00,8247.39,50.03,21.8,81,0.0,3,True,Sunday,Sunday,22,306
2025-11-02 23:00:00,8177.105,50.055,21.9,81,0.0,3,True,Sunday,Sunday,23,306
2025-11-03 00:00:00,7523.4974999999995,50.05,21.2,82,0.0,3,False,,Monday,0,307
2025-11-03 01:00:00,7607.7875,50.010000000000005,21.2,81,0.0,3,False,,Monday,1,307
2025-11-03 02:00:00,7255.0599999999995,49.96,20.5,83,0.0,3,False,,Monday,2,307
2025-11-03 03:00:00,7032.725,49.975,20.2,84,0.0,3,False,,Monday,3,307
2025-11-03 04:00:00,7264.422500000001,49.989999999999995,19.4,89,0.0,3,False,,Monday,4,307
2025-11-03 05:00:00,8168.7,50.03,18.7,92,0.0,3,False,,Monday,5,307
2025-11-03 06:00:00,8992.585000000001,50.045,18.5,96,0.0,3,False,,Monday,6,307
2025-11-03 07:00:00,10999.7725,49.905,19.5,93,0.0,3,False,,Monday,7,307
2025-11-03 08:00:00,11628.265,50.120000000000005,21.5,84,0.0,3,False,,Monday,8,307
2025-11-03 09:00:00,12118.7225,50.004999999999995,23.8,72,0.0,3,False,,Monday,9,307
2025-11-03 10:00:00,13202.962500000001,49.834999999999994,25.6,64,0.0,3,False,,Monday,10,307
2025-11-03 11:00:00,12988.6475,50.02,26.2,57,0.0,3,False,,Monday,11,307
2025-11-03 12:00:00,13088.564999999999,50.155,27.6,50,0.0,3,False,,Monday,12,307
2025-11-03 13:00:00,12789.0825,49.985,28.0,47,0.0,3,False,,Monday,13,307
2025-11-03 14:00:00,12581.35,50.025,28.0,46,0.0,3,False,,Monday,14,307
2025-11-03 15:00:00,12320.44,50.01,27.6,47,0.0,3,False,,Monday,15,307
2025-11-03 16:00:00,12421.6725,50.019999999999996,26.9,50,0.0,3,False,,Monday,16,307
2025-11-03 17:00:00,11416.375,50.019999999999996,25.9,53,0.0,1,False,,Monday,17,307
2025-11-03 18:00:00,11181.175,50.040000000000006,24.3,63,0.0,2,False,,Monday,18,307
2025-11-03 19:00:00,10583.6525,50.095,23.5,70,0.0,3,False,,Monday,19,307
2025-11-03 20:00:00,10098.0775,49.975,23.5,72,0.0,3,False,,Monday,20,307
2025-11-03 21:00:00,9431.4275,49.995,22.8,73,0.0,3,False,,Monday,21,307
2025-11-03 22:00:00,8914.477499999999,50.08,22.6,72,0.0,3,False,,Monday,22,307
2025-11-03 23:00:00,8878.809999999998,50.019999999999996,21.9,78,0.0,3,False,,Monday,23,307
2025-11-04 00:00:00,8140.615,49.985,21.4,78,0.0,3,False,,Tuesday,0,308
2025-11-04 01:00:00,8119.1675,49.92,20.6,80,0.0,3,False,,Tuesday,1,308
2025-11-04 02:00:00,7710.2325,49.974999999999994,19.8,84,0.0,3,False,,Tuesday,2,308
2025-11-04 03:00:00,7545.0199999999995,50.015,19.1,89,0.0,0,False,,Tuesday,3,308
2025-11-04 04:00:00,7886.224999999999,50.035,18.6,93,0.0,0,False,,Tuesday,4,308
2025-11-04 05:00:00,8503.4825,50.03,18.5,98,0.0,3,False,,Tuesday,5,308
2025-11-04 06:00:00,9546.9625,50.045,18.5,99,0.0,3,False,,Tuesday,6,308
2025-11-04 07:00:00,11127.3525,49.980000000000004,19.2,95,0.0,3,False,,Tuesday,7,308
2025-11-04 08:00:00,11771.0225,49.94,20.9,85,0.0,3,False,,Tuesday,8,308
2025-11-04 09:00:00,12879.8575,50.045,22.6,75,0.0,3,False,,Tuesday,9,308
2025-11-04 10:00:00,13578.45,50.025,24.4,68,0.0,3,False,,Tuesday,10,308
2025-11-04 11:00:00,13626.3975,50.065,25.4,60,0.0,3,False,,Tuesday,11,308
2025-11-04 12:00:00,13109.669999999998,49.915,27.0,51,0.0,3,False,,Tuesday,12,308
2025-11-04 13:00:00,13017.8175,50.01,26.2,54,0.0,3,False,,Tuesday,13,308
2025-11-04 14:00:00,12943.244999999999,50.165,25.8,56,0.0,3,False,,Tuesday,14,308
2025-11-04 15:00:00,12937.45,50.015,26.0,57,0.1,51,False,,Tuesday,15,308
2025-11-04 16:00:00,12445.1325,50.055,25.0,62,0.0,3,False,,Tuesday,16,308
2025-11-04 17:00:00,11295.225000000002,50.055,24.5,66,0.0,3,False,,Tuesday,17,308
2025-11-04 18:00:00,11300.0225,49.97,23.5,75,0.0,3,False,,Tuesday,18,308
2025-11-04 19:00:00,10801.8825,50.07,22.6,82,0.0,3,False,,Tuesday,19,308
2025-11-04 20:00:00,10234.1675,49.995000000000005,22.1,84,0.0,3,False,,Tuesday,20,308
2025-11-04 21:00:00,9696.752499999999,50.005,22.0,84,0.0,0,False,,Tuesday,21,308
2025-11-04 22:00:00,9269.68,50.03,21.4,85,0.0,1,False,,Tuesday,22,308
2025-11-04 23:00:00,9022.252499999999,49.95,21.7,86,0.0,1,False,,Tuesday,23,308
2025-11-05 00:00:00,8454.075,49.985,21.2,88,0.0,1,True,Guru Nanak Jayanti,Wednesday,0,309
2025-11-05 01:00:00,8473.6025,49.93,20.8,90,0.0,1,True,Guru Nanak Jayanti,Wednesday,1,309
2025-11-05 02:00:00,8002.35,50.0,20.4,92,0.0,3,True,Guru Nanak Jayanti,Wednesday,2,309
2025-11-05 03:00:00,7987.175,49.98,19.9,95,0.0,2,True,Guru Nanak Jayanti,Wednesday,3,309
2025-11-05 04:00:00,8092.9425,50.015,19.5,95,0.0,2,True,Guru Nanak Jayanti,Wednesday,4,309
2025-11-05 05:00:00,8783.852499999999,50.005,19.9,96,0.0,3,True,Guru Nanak Jayanti,Wednesday,5,309
2025-11-05 06:00:00,9860.050000000001,50.11,19.8,93,0.0,3,True,Guru Nanak Jayanti,Wednesday,6,309
2025-11-05 07:00:00,11563.27,49.985,21.1,82,0.0,3,True,Guru Nanak Jayanti,Wednesday,7,309
2025-11-05 08:00:00,12234.465,50.04,23.4,74,0.0,3,True,Guru Nanak Jayanti,Wednesday,8,309
2025-11-05 09:00:00,12674.9,49.955,25.6,63,0.0,1,True,Guru Nanak Jayanti,Wednesday,9,309
2025-11-05 10:00:00,13673.295,50.004999999999995,26.4,59,0.1,51,True,Guru Nanak Jayanti,Wednesday,10,309
2025-11-05 11:00:00,13782.36,50.025,27.4,55,0.0,3,True,Guru Nanak Jayanti,Wednesday,11,309
2025-11-05 12:00:00,13551.865,50.025000000000006,26.6,58,0.0,3,True,Guru Nanak Jayanti,Wednesday,12,309
2025-11-05 13:00:00,12967.005000000001,50.03,26.3,61,0.1,51,True,Guru Nanak Jayanti,Wednesday,13,309
2025-11-05 14:00:00,12545.244999999999,49.985,22.7,77,3.4,63,True,Guru Nanak Jayanti,Wednesday,14,309
2025-11-05 15:00:00,12503.067500000001,49.995000000000005,22.6,79,0.8,53,True,Guru Nanak Jayanti,Wednesday,15,309
2025-11-05 16:00:00,12613.08,49.965,24.0,75,0.1,51,True,Guru Nanak Jayanti,Wednesday,16,309
2025-11-05 17:00:00,11614.5975,50.06,24.1,76,0.0,2,True,Guru Nanak Jayanti,Wednesday,17,309
2025-11-05 18:00:00,11594.9825,50.019999999999996,23.2,85,0.0,2,True,Guru Nanak Jayanti,Wednesday,18,309
2025-11-05 19:00:00,10795.835,50.035,23.0,84,0.0,1,True,Guru Nanak Jayanti,Wednesday,19,309
2025-11-05 20:00:00,10166.0125,49.935,23.0,82,0.0,1,True,Guru Nanak Jayanti,Wednesday,20,309
2025-11-05 21:00:00,9588.21,50.015,22.0,84,0.0,2,True,Guru Nanak Jayanti,Wednesday,21,309
2025-11-05 22:00:00,9100.3875,49.985,21.1,86,0.0,2,True,Guru Nanak Jayanti,Wednesday,22,309
2025-11-05 23:00:00,9056.7675,49.955,20.3,95,0.0,3,True,Guru Nanak Jayanti,Wednesday,23,309
2025-11-06 00:00:00,8185.445,49.995,20.2,93,0.0,3,False,,Thursday,0,310
2025-11-06 01:00:00,8224.26,50.040000000000006,19.4,95,0.2,51,False,,Thursday,1,310
2025-11-06 02:00:00,7882.1975,49.989999999999995,19.5,95,0.3,51,False,,Thursday,2,310
2025-11-06 03:00:00,7761.617499999999,49.97,20.0,94,0.1,51,False,,Thursday,3,310
2025-11-06 04:00:00,7946.3475,50.0,19.9,90,0.3,51,False,,Thursday,4,310
2025-11-06 05:00:00,8674.145,50.025,19.5,93,0.1,51,False,,Thursday,5,310
2025-11-06 06:00:00,9714.115,50.07,19.1,96,0.0,3,False,,Thursday,6,310
2025-11-06 07:00:00,11608.955000000002,49.94,19.6,93,0.0,3,False,,Thursday,7,310
2025-11-06 08:00:00,12179.21,50.025,21.4,84,0.0,3,False,,Thursday,8,310
2025-11-06 09:00:00,12634.1075,50.05,23.4,76,0.0,1,False,,Thursday,9,310
2025-11-06 10:00:00,13535.067500000001,49.97,24.7,71,0.0,1,False,,Thursday,10,310
2025-11-06 11:00:00,13368.8825,50.010000000000005,25.3,63,0.0,2,False,,Thursday,11,310
2025-11-06 12:00:00,13281.3775,50.005,25.9,60,0.2,51,False,,Thursday,12,310
2025-11-06 13:00:00,13020.8,50.035,26.4,58,0.2,51,False,,Thursday,13,310
2025-11-06 14:00:00,12745.1125,49.989999999999995,26.5,57,0.0,3,False,,Thursday,14,310
2025-11-06 15:00:00,12757.3475,49.965,26.3,55,0.0,3,False,,Thursday,15,310
2025-11-06 16:00:00,12670.955000000002,50.035,25.9,55,0.0,3,False,,Thursday,16,310
2025-11-06 17:00:00,11310.9225,50.06,21.8,82,0.0,3,False,,Thursday,17,310
2025-11-06 18:00:00,11606.67,49.985,20.8,89,0.5,53,False,,Thursday,18,310
2025-11-06 19:00:00,10608.122500000001,50.040000000000006,21.0,89,0.0,3,False,,Thursday,19,310
2025-11-06 20:00:00,10316.585,50.01,20.9,86,0.0,3,False,,Thursday,20,310
2025-11-06 21:00:00,9878.965,50.04,20.6,88,0.0,3,False,,Thursday,21,310
2025-11-06 22:00:00,9429.262499999999,49.97,20.3,90,0.0,2,False,,Thursday,22,310
2025-11-06 23:00:00,9273.1475,49.965,20.6,89,0.0,2,False,,Thursday,23,310
2025-11-07 00:00:00,8615.095,49.95,20.3,91,0.0,2,False,,Friday,0,311
2025-11-07 01:00:00,8642.705,49.974999999999994,19.9,93,0.0,3,False,,Friday,1,311
2025-11-07 02:00:00,8141.2,49.955,19.9,92,0.0,3,False,,Friday,2,311
2025-11-07 03:00:00,8053.617499999999,49.97,19.5,93,0.0,0,False,,Friday,3,311
2025-11-07 04:00:00,8372.8225,50.0,19.3,91,0.0,0,False,,Friday,4,311
2025-11-07 05:00:00,8982.2875,50.0,18.7,100,0.0,3,False,,Friday,5,311
2025-11-07 06:00:00,10130.89,50.065,19.2,98,0.0,3,False,,Friday,6,311
2025-11-07 07:00:00,11623.75,49.980000000000004,19.9,96,0.0,2,False,,Friday,7,311
2025-11-07 08:00:00,12490.654999999999,50.03,22.1,84,0.0,3,False,,Friday,8,311
2025-11-07 09:00:00,12927.19,50.05500000000001,24.0,67,0.0,1,False,,Friday,9,311
2025-11-07 10:00:00,14119.3375,49.945,25.4,57,0.0,1,False,,Friday,10,311
2025-11-07 11:00:00,14101.22,50.13,26.3,53,0.1,51,False,,Friday,11,311
2025-11-07 12:00:00,14067.2975,50.1,26.9,51,0.1,51,False,,Friday,12,311
2025-11-07 13:00:00,13517.0625,49.96,27.5,48,0.1,51,False,,Friday,13,311
2025-11-07 14:00:00,13088.5775,50.08,27.5,48,0.1,51,False,,Friday,14,311
2025-11-07 15:00:00,13082.735,49.93000000000001,27.3,47,0.1,51,False,,Friday,15,311
2025-11-07 16:00:00,12954.7,49.975,26.4,50,0.1,51,False,,Friday,16,311
2025-11-07 17:00:00,11935.78,50.03,25.1,61,0.0,3,False,,Friday,17,311
2025-11-07 18:00:00,11509.4275,50.07,23.5,70,0.0,3,False,,Friday,18,311
2025-11-07 19:00:00,10821.125,50.040000000000006,22.6,73,0.0,3,False,,Friday,19,311
2025-11-07 20:00:00,10427.07,50.004999999999995,21.7,77,0.0,3,False,,Friday,20,311
2025-11-07 21:00:00,9743.4225,49.975,21.0,84,0.0,3,False,,Friday,21,311
2025-11-07 22:00:00,9220.057499999999,50.05,20.5,86,0.0,3,False,,Friday,22,311
2025-11-07 23:00:00,9155.785,49.975,20.4,88,0.0,2,False,,Friday,23,311
2025-11-08 00:00:00,8630.349999999999,49.985,20.0,90,0.0,3,False,,Saturday,0,312
2025-11-08 01:00:00,8687.275,49.980000000000004,19.6,92,0.0,2,False,,Saturday,1,312
2025-11-08 02:00:00,8364.7775,49.965,19.5,92,0.0,1,False,,Saturday,2,312
2025-11-08 03:00:00,8228.179999999998,49.974999999999994,19.1,94,0.0,2,False,,Saturday,3,312
2025-11-08 04:00:00,8575.9975,50.005,18.9,94,0.0,0,False,,Saturday,4,312
2025-11-08 05:00:00,9045.18,50.065,18.6,97,0.0,1,False,,Saturday,5,312
2025-11-08 06:00:00,9811.895,50.05500000000001,18.5,97,0.0,0,False,,Saturday,6,312
2025-11-08 07:00:00,10901.662499999999,50.015,20.0,92,0.0,0,False,,Saturday,7,312
2025-11-08 08:00:00,11496.305,50.065,22.4,77,0.0,0,False,,Saturday,8,312
2025-11-08 09:00:00,12232.9275,49.945,24.2,60,0.0,0,False,,Saturday,9,312
2025-11-08 10:00:00,13679.962500000001,49.96,25.5,52,0.0,2,False,,Saturday,10,312
2025-11-08 11:00:00,13806.064999999999,49.989999999999995,25.9,50,0.0,3,False,,Saturday,11,312
2025-11-08 12:00:00,13596.49,49.95,26.1,48,0.0,3,False,,Saturday,12,312
2025-11-08 13:00:00,13290.205,49.965,27.2,45,0.0,2,False,,Saturday,13,312
2025-11-08 14:00:00,13028.9525,50.015,27.0,44,0.0,3,False,,Saturday,14,312
2025-11-08 15:00:00,12874.592499999999,49.989999999999995,26.4,46,0.0,3,False,,Saturday,15,312
2025-11-08 16:00:00,12775.377499999999,50.025,25.9,48,0.0,1,False,,Saturday,16,312
2025-11-08 17:00:00,11573.7475,50.075,24.8,54,0.0,1,False,,Saturday,17,312
2025-11-08 18:00:00,11318.1025,49.995,23.5,60,0.0,0,False,,Saturday,18,312
2025-11-08 19:00:00,10485.515,50.04,22.2,61,0.0,0,False,,Saturday,19,312
2025-11-08 20:00:00,9895.6875,49.965,21.1,64,0.0,0,False,,Saturday,20,312
2025-11-08 21:00:00,9269.92,49.980000000000004,20.4,65,0.0,0,False,,Saturday,21,312
2025-11-08 22:00:00,8987.845,50.015,19.8,65,0.0,0,False,,Saturday,22,312
2025-11-08 23:00:00,9240.375,49.945,19.8,68,0.0,0,False,,Saturday,23,312
2025-11-09 00:00:00,8741.2925,50.01,19.1,68,0.0,0,True,Sunday,Sunday,0,313
2025-11-09 01:00:00,8715.09,50.025000000000006,18.3,70,0.0,0,True,Sunday,Sunday,1,313
2025-11-09 02:00:00,8294.88,49.995000000000005,17.6,74,0.0,0,True,Sunday,Sunday,2,313
2025-11-09 03:00:00,8156.764999999999,50.015,17.4,74,0.0,0,True,Sunday,Sunday,3,313
2025-11-09 04:00:00,8343.8025,50.005,17.4,68,0.0,0,True,Sunday,Sunday,4,313
2025-11-09 05:00:00,8830.532499999998,49.99,17.2,74,0.0,0,True,Sunday,Sunday,5,313
2025-11-09 06:00:00,9404.9475,50.03,17.1,71,0.0,0,True,Sunday,Sunday,6,313
2025-11-09 07:00:00,9849.6925,49.989999999999995,18.8,65,0.0,0,True,Sunday,Sunday,7,313
2025-11-09 08:00:00,10348.150000000001,50.010000000000005,21.6,55,0.0,0,True,Sunday,Sunday,8,313
2025-11-09 09:00:00,11441.0625,49.93,23.8,39,0.0,0,True,Sunday,Sunday,9,313
2025-11-09 10:00:00,12822.215,50.019999999999996,24.9,35,0.0,0,True,Sunday,Sunday,10,313
2025-11-09 11:00:00,12517.24,50.004999999999995,25.2,33,0.0,0,True,Sunday,Sunday,11,313
2025-11-09 12:00:00,12054.175,50.045,26.0,32,0.0,0,True,Sunday,Sunday,12,313
2025-11-09 13:00:00,11862.185,50.065,26.5,31,0.0,0,True,Sunday,Sunday,13,313
2025-11-09 14:00:00,11686.9775,50.0,26.5,31,0.0,0,True,Sunday,Sunday,14,313
2025-11-09 15:00:00,11791.324999999999,50.015,26.4,31,0.0,0,True,Sunday,Sunday,15,313
2025-11-09 16:00:00,11588.89,50.015,25.7,33,0.0,0,True,Sunday,Sunday,16,313
2025-11-09 17:00:00,10061.105,50.075,24.9,40,0.0,0,True,Sunday,Sunday,17,313
2025-11-09 18:00:00,10157.382500000002,50.144999999999996,23.1,49,0.0,0,True,Sunday,Sunday,18,313
2025-11-09 19:00:00,9530.904999999999,50.03,22.2,51,0.0,0,True,Sunday,Sunday,19,313
2025-11-09 20:00:00,9091.46,49.995,21.2,53,0.0,0,True,Sunday,Sunday,20,313
2025-11-09 21:00:00,8720.872500000001,49.93,20.2,57,0.0,0,True,Sunday,Sunday,21,313
2025-11-09 22:00:00,8439.31,50.010000000000005,19.5,60,0.0,0,True,Sunday,Sunday,22,313
2025-11-09 23:00:00,8526.205,49.974999999999994,19.1,68,0.0,0,True,Sunday,Sunday,23,313
2025-11-10 00:00:00,7996.03,50.035,18.6,74,0.0,0,False,,Monday,0,314
2025-11-10 01:00:00,8362.27,49.995000000000005,18.2,78,0.0,0,False,,Monday,1,314
2025-11-10 02:00:00,7937.07,49.985,17.9,80,0.0,0,False,,Monday,2,314
2025-11-10 03:00:00,7767.249999999999,50.010000000000005,17.6,81,0.0,0,False,,Monday,3,314
2025-11-10 04:00:00,7959.485,50.004999999999995,17.2,83,0.0,2,False,,Monday,4,314
2025-11-10 05:00:00,8893.27,50.0,17.1,85,0.0,2,False,,Monday,5,314
2025-11-10 06:00:00,9843.57,49.965,17.1,85,0.0,3,False,,Monday,6,314
2025-11-10 07:00:00,11560.317500000001,49.815,19.0,77,0.0,2,False,,Monday,7,314
2025-11-10 08:00:00,12192.3025,50.025000000000006,21.8,65,0.0,1,False,,Monday,8,314
2025-11-10 09:00:00,12736.884999999998,50.125,23.9,53,0.0,3,False,,Monday,9,314
2025-11-10 10:00:00,14005.115,49.955,25.3,46,0.0,3,False,,Monday,10,314
2025-11-10 11:00:00,13850.017500000002,49.955,25.6,45,0.0,3,False,,Monday,11,314
2025-11-10 12:00:00,13791.9075,50.105000000000004,27.4,39,0.0,2,False,,Monday,12,314
2025-11-10 13:00:00,13518.075,50.105000000000004,28.4,34,0.0,3,False,,Monday,13,314
2025-11-10 14:00:00,13352.2075,49.975,28.8,32,0.0,1,False,,Monday,14,314
2025-11-10 15:00:00,13723.6225,49.97,28.3,31,0.0,2,False,,Monday,15,314
2025-11-10 16:00:00,13566.47,50.099999999999994,26.8,36,0.0,2,False,,Monday,16,314
2025-11-10 17:00:00,12024.645,50.019999999999996,25.9,44,0.0,2,False,,Monday,17,314
2025-11-10 18:00:00,11435.285,50.0,24.5,53,0.0,3,False,,Monday,18,314
2025-11-10 19:00:00,10872.685,50.085,23.5,57,0.0,2,False,,Monday,19,314
2025-11-10 20:00:00,10539.2775,50.075,22.5,60,0.0,3,False,,Monday,20,314
2025-11-10 21:00:00,9871.185,50.019999999999996,21.6,62,0.0,3,False,,Monday,21,314
2025-11-10 22:00:00,9490.305,50.035,20.9,66,0.0,3,False,,Monday,22,314
2025-11-10 23:00:00,9532.71,49.989999999999995,20.4,73,0.0,2,False,,Monday,23,314
2025-11-11 00:00:00,9269.2725,50.035,20.0,75,0.0,0,False,,Tuesday,0,315
2025-11-11 01:00:00,9297.119999999999,50.015,19.4,81,0.0,3,False,,Tuesday,1,315
2025-11-11 02:00:00,8759.8125,49.96,18.8,88,0.0,0,False,,Tuesday,2,315
2025-11-11 03:00:00,8637.6075,49.980000000000004,18.3,92,0.0,0,False,,Tuesday,3,315
2025-11-11 04:00:00,8991.945,50.01,18.0,94,0.0,0,False,,Tuesday,4,315
2025-11-11 05:00:00,9641.6375,50.07,18.8,92,0.0,1,False,,Tuesday,5,315
2025-11-11 06:00:00,10779.6575,50.095,18.6,92,0.0,0,False,,Tuesday,6,315
2025-11-11 07:00:00,12031.0025,49.985,20.0,86,0.0,0,False,,Tuesday,7,315
2025-11-11 08:00:00,12654.267499999998,50.085,22.5,71,0.0,2,False,,Tuesday,8,315
2025-11-11 09:00:00,13189.932499999999,50.004999999999995,24.4,61,0.0,3,False,,Tuesday,9,315
2025-11-11 10:00:00,14365.2725,49.995000000000005,26.1,52,0.0,3,False,,Tuesday,10,315
2025-11-11 11:00:00,14153.822499999998,50.03,26.0,52,0.0,3,False,,Tuesday,11,315
2025-11-11 12:00:00,14040.58,50.019999999999996,27.0,48,0.0,2,False,,Tuesday,12,315
2025-11-11 13:00:00,13823.7175,50.075,27.5,46,0.0,3,False,,Tuesday,13,315
2025-11-11 14:00:00,13669.42,50.14,27.3,46,0.0,3,False,,Tuesday,14,315
2025-11-11 15:00:00,13945.8925,49.935,27.2,46,0.0,3,False,,Tuesday,15,315
2025-11-11 16:00:00,13832.2175,50.075,26.8,47,0.0,3,False,,Tuesday,16,315
2025-11-11 17:00:00,12653.915,50.019999999999996,25.9,54,0.0,2,False,,Tuesday,17,315
2025-11-11 18:00:00,11671.157500000001,50.065,24.5,64,0.0,1,False,,Tuesday,18,315
2025-11-11 19:00:00,10819.575,50.05,23.8,67,0.0,1,False,,Tuesday,19,315
2025-11-11 20:00:00,10618.835,49.97,22.9,68,0.0,3,False,,Tuesday,20,315
2025-11-11 21:00:00,10138.92,49.995000000000005,22.1,68,0.0,3,False,,Tuesday,21,315
2025-11-11 22:00:00,10156.23,50.019999999999996,21.4,70,0.0,2,False,,Tuesday,22,315
2025-11-11 23:00:00,9767.29,50.015,21.6,72,0.0,2,False,,Tuesday,23,315
2025-11-12 00:00:00,9007.2375,49.985,20.4,78,0.0,2,False,,Wednesday,0,316
2025-11-12 01:00:00,9212.962500000001,49.945,19.8,84,0.0,1,False,,Wednesday,1,316
2025-11-12 02:00:00,8716.67,49.980000000000004,19.4,88,0.0,1,False,,Wednesday,2,316
2025-11-12 03:00:00,8648.695,50.025,19.2,90,0.0,0,False,,Wednesday,3,316
2025-11-12 04:00:00,9036.79,50.005,19.1,90,0.0,0,False,,Wednesday,4,316
2025-11-12 05:00:00,9493.9775,50.06,19.1,88,0.0,0,False,,Wednesday,5,316
2025-11-12 06:00:00,10453.6125,50.01,19.0,87,0.0,0,False,,Wednesday,6,316
2025-11-12 07:00:00,12079.6875,50.010000000000005,20.2,82,0.0,0,False,,Wednesday,7,316
2025-11-12 08:00:00,12880.724999999999,50.035,22.4,73,0.0,0,False,,Wednesday,8,316
2025-11-12 09:00:00,13388.869999999999,50.0,24.4,64,0.0,0,False,,Wednesday,9,316
2025-11-12 10:00:00,14424.75,49.99,26.1,57,0.0,0,False,,Wednesday,10,316
2025-11-12 11:00:00,14373.490000000002,49.925,27.0,50,0.0,2,False,,Wednesday,11,316
2025-11-12 12:00:00,14346.0975,50.045,27.1,49,0.0,2,False,,Wednesday,12,316
2025-11-12 13:00:00,14169.67,50.04,27.3,49,0.0,2,False,,Wednesday,13,316
2025-11-12 14:00:00,14058.1025,49.96,27.7,48,0.1,51,False,,Wednesday,14,316
2025-11-12 15:00:00,14375.970000000001,50.015,27.9,47,0.0,1,False,,Wednesday,15,316
2025-11-12 16:00:00,14068.665,50.13,27.5,48,0.0,0,False,,Wednesday,16,316
2025-11-12 17:00:00,12564.6675,50.019999999999996,26.3,53,0.0,2,False,,Wednesday,17,316
2025-11-12 18:00:00,12200.95,50.075,24.5,63,0.0,1,False,,Wednesday,18,316
2025-11-12 19:00:00,10850.555,50.0,23.2,71,0.0,0,False,,Wednesday,19,316
2025-11-12 20:00:00,10409.4125,50.0,22.2,77,0.0,1,False,,Wednesday,20,316
2025-11-12 21:00:00,9845.092499999999,50.019999999999996,21.7,81,0.0,0,False,,Wednesday,21,316
2025-11-12 22:00:00,9528.52,50.05,21.2,84,0.0,1,False,,Wednesday,22,316
2025-11-12 23:00:00,9644.015,49.935,21.0,86,0.0,0,False,,Wednesday,23,316
2025-11-13 00:00:00,8921.5725,49.959999999999994,20.6,89,0.0,0,False,,Thursday,0,317
2025-11-13 01:00:00,9157.0125,49.96,20.0,94,0.0,1,False,,Thursday,1,317
2025-11-13 02:00:00,8722.967499999999,50.004999999999995,19.5,98,0.0,3,False,,Thursday,2,317
2025-11-13 03:00:00,8588.455,50.05,19.4,99,0.0,3,False,,Thursday,3,317
2025-11-13 04:00:00,8860.5775,50.045,19.5,97,0.0,3,False,,Thursday,4,317
2025-11-13 05:00:00,9575.7725,49.995000000000005,19.6,97,0.0,1,False,,Thursday,5,317
2025-11-13 06:00:00,10753.185,50.085,19.6,97,0.0,2,False,,Thursday,6,317
2025-11-13 07:00:00,12174.7025,50.045,20.8,89,0.0,1,False,,Thursday,7,317
2025-11-13 08:00:00,13039.732499999998,50.004999999999995,22.8,75,0.0,1,False,,Thursday,8,317
2025-11-13 09:00:00,13657.645,50.015,24.5,64,0.0,1,False,,Thursday,9,317
2025-11-13 10:00:00,15000.165,49.965,25.9,57,0.1,51,False,,Thursday,10,317
2025-11-13 11:00:00,14700.2325,49.980000000000004,26.0,58,0.1,51,False,,Thursday,11,317
2025-11-13 12:00:00,14354.679999999998,50.0,26.4,57,0.3,51,False,,Thursday,12,317
2025-11-13 13:00:00,14043.712500000001,49.99,27.4,53,0.1,51,False,,Thursday,13,317
2025-11-13 14:00:00,13820.155,49.985,27.9,49,0.0,0,False,,Thursday,14,317
2025-11-13 15:00:00,14161.5825,50.035,28.0,47,0.0,1,False,,Thursday,15,317
2025-11-13 16:00:00,13957.865,50.11,27.6,47,0.0,0,False,,Thursday,16,317
2025-11-13 17:00:00,12662.880000000001,50.035,26.2,53,0.0,0,False,,Thursday,17,317
2025-11-13 18:00:00,12331.1275,50.120000000000005,24.6,63,0.0,1,False,,Thursday,18,317
2025-11-13 19:00:00,10965.4175,50.075,23.5,66,0.0,3,False,,Thursday,19,317
2025-11-13 20:00:00,10535.5275,50.0,22.8,68,0.0,0,False,,Thursday,20,317
2025-11-13 21:00:00,9921.747500000001,49.980000000000004,21.7,74,0.0,0,False,,Thursday,21,317
2025-11-13 22:00:00,9601.01,50.004999999999995,20.8,80,0.0,1,False,,Thursday,22,317
2025-11-13 23:00:00,9711.912499999999,50.015,20.5,87,0.0,0,False,,Thursday,23,317
2025-11-14 00:00:00,8991.52,49.97,20.1,93,0.0,3,False,,Friday,0,318
2025-11-14 01:00:00,9149.87,50.004999999999995,20.0,94,0.0,3,False,,Friday,1,318
2025-11-14 02:00:00,8605.767499999998,50.03,19.8,93,0.0,2,False,,Friday,2,318
2025-11-14 03:00:00,8626.43,50.03,19.4,94,0.0,3,False,,Friday,3,318
2025-11-14 04:00:00,8889.3625,50.004999999999995,19.0,95,0.0,3,False,,Friday,4,318
2025-11-14 05:00:00,9702.2425,50.05,19.2,95,0.0,3,False,,Friday,5,318
2025-11-14 06:00:00,10901.43,50.08,19.1,94,0.0,1,False,,Friday,6,318
2025-11-14 07:00:00,12219.1475,49.98,20.0,89,0.0,0,False,,Friday,7,318
2025-11-14 08:00:00,13118.8475,50.040000000000006,21.5,77,0.0,1,False,,Friday,8,318
2025-11-14 09:00:00,13650.8525,49.989999999999995,23.0,67,0.0,0,False,,Friday,9,318
2025-11-14 10:00:00,15310.24,49.975,24.8,57,0.0,0,False,,Friday,10,318
2025-11-14 11:00:00,15045.907500000001,49.95,26.0,51,0.0,0,False,,Friday,11,318
2025-11-14 12:00:00,14867.5375,49.955,27.1,45,0.0,1,False,,Friday,12,318
2025-11-14 13:00:00,14234.875,49.97,27.7,42,0.0,1,False,,Friday,13,318
2025-11-14 14:00:00,14082.695,49.98,27.9,40,0.0,1,False,,Friday,14,318
2025-11-14 15:00:00,14344.962500000001,50.05,27.4,41,0.0,0,False,,Friday,15,318
2025-11-14 16:00:00,14381.912499999999,50.035,26.5,42,0.0,0,False,,Friday,16,318
2025-11-14 17:00:00,12910.295,49.995000000000005,24.9,51,0.0,0,False,,Friday,17,318
2025-11-14 18:00:00,11898.3125,50.085,23.2,60,0.0,0,False,,Friday,18,318
2025-11-14 19:00:00,10821.7025,50.019999999999996,22.2,63,0.0,0,False,,Friday,19,318
2025-11-14 20:00:00,10143.085,49.989999999999995,21.2,66,0.0,0,False,,Friday,20,318
2025-11-14 21:00:00,9671.877499999999,49.995000000000005,20.3,71,0.0,0,False,,Friday,21,318
2025-11-14 22:00:00,9391.4525,50.06,19.7,73,0.0,0,False,,Friday,22,318
2025-11-14 23:00:00,9742.07,49.96,19.1,81,0.0,0,False,,Friday,23,318
2025-11-15 00:00:00,9087.705,50.03,18.5,83,0.0,0,False,,Saturday,0,319
2025-11-15 01:00:00,9306.470000000001,49.96,17.9,85,0.0,1,False,,Saturday,1,319
2025-11-15 02:00:00,8840.9925,49.97,17.4,87,0.0,3,False,,Saturday,2,319
2025-11-15 03:00:00,8546.2425,50.004999999999995,16.9,88,0.0,0,False,,Saturday,3,319
2025-11-15 04:00:00,9031.3825,49.995,16.5,89,0.0,0,False,,Saturday,4,319
2025-11-15 05:00:00,9721.8225,50.0,16.2,93,0.0,0,False,,Saturday,5,319
2025-11-15 06:00:00,10781.3575,50.1,16.2,93,0.0,0,False,,Saturday,6,319
2025-11-15 07:00:00,11525.162499999999,50.075,17.4,86,0.0,2,False,,Saturday,7,319
2025-11-15 08:00:00,12137.825,50.07,19.5,73,0.0,0,False,,Saturday,8,319
2025-11-15 09:00:00,13382.707499999999,50.019999999999996,21.6,59,0.0,0,False,,Saturday,9,319
2025-11-15 10:00:00,14922.592499999999,50.01,23.4,50,0.0,1,False,,Saturday,10,319
2025-11-15 11:00:00,14595.342499999999,50.045,24.5,44,0.0,1,False,,Saturday,11,319
2025-11-15 12:00:00,13773.5625,50.015,25.8,38,0.0,0,False,,Saturday,12,319
2025-11-15 13:00:00,14100.915,49.985,26.5,35,0.0,2,False,,Saturday,13,319
2025-11-15 14:00:00,14070.0475,50.015,26.7,36,0.0,0,False,,Saturday,14,319
2025-11-15 15:00:00,14105.48,50.05,26.3,37,0.0,0,False,,Saturday,15,319
2025-11-15 16:00:00,14063.4,50.03,25.5,40,0.0,2,False,,Saturday,16,319
2025-11-15 17:00:00,12502.842499999999,50.010000000000005,24.8,42,0.0,3,False,,Saturday,17,319
2025-11-15 18:00:00,11678.0675,50.105000000000004,23.9,49,0.0,3,False,,Saturday,18,319
2025-11-15 19:00:00,10711.7725,50.055,22.7,61,0.0,3,False,,Saturday,19,319
2025-11-15 20:00:00,9903.2225,49.93,21.5,71,0.0,3,False,,Saturday,20,319
2025-11-15 21:00:00,9360.195,50.04,20.8,74,0.0,3,False,,Saturday,21,319
2025-11-15 22:00:00,9310.8525,50.05500000000001,20.2,77,0.0,3,False,,Saturday,22,319
2025-11-15 23:00:00,9653.6775,50.025,20.0,81,0.0,3,False,,Saturday,23,319
2025-11-16 00:00:00,8890.0525,50.010000000000005,19.3,86,0.0,3,True,Sunday,Sunday,0,320
2025-11-16 01:00:00,9529.1325,50.015,18.6,92,0.0,3,True,Sunday,Sunday,1,320
2025-11-16 02:00:00,8823.2675,49.980000000000004,18.5,96,0.0,3,True,Sunday,Sunday,2,320
2025-11-16 03:00:00,8566.29,50.019999999999996,18.7,92,0.0,2,True,Sunday,Sunday,3,320
2025-11-16 04:00:00,8881.22,50.004999999999995,18.1,94,0.0,3,True,Sunday,Sunday,4,320
2025-11-16 05:00:00,9605.697499999998,50.025,17.5,96,0.0,3,True,Sunday,Sunday,5,320
2025-11-16 06:00:00,10173.7725,50.010000000000005,17.5,95,0.0,2,True,Sunday,Sunday,6,320
2025-11-16 07:00:00,10727.97,50.04,18.3,89,0.0,1,True,Sunday,Sunday,7,320
2025-11-16 08:00:00,11175.32,49.945,20.3,77,0.0,1,True,Sunday,Sunday,8,320
2025-11-16 09:00:00,12322.41,49.92,22.5,67,0.0,0,True,Sunday,Sunday,9,320
2025-11-16 10:00:00,13955.855000000001,49.955,24.4,58,0.0,0,True,Sunday,Sunday,10,320
2025-11-16 11:00:00,13173.38,49.915,26.1,49,0.0,3,True,Sunday,Sunday,11,320
2025-11-16 12:00:00,13307.115000000002,50.165000000000006,26.0,50,0.0,3,True,Sunday,Sunday,12,320
2025-11-16 13:00:00,12913.875,50.08,26.2,49,0.0,3,True,Sunday,Sunday,13,320
2025-11-16 14:00:00,12745.7825,50.015,26.3,49,0.0,3,True,Sunday,Sunday,14,320
2025-11-16 15:00:00,12650.575,50.06,25.5,52,0.0,3,True,Sunday,Sunday,15,320
2025-11-16 16:00:00,12498.807499999999,50.045,25.1,55,0.0,3,True,Sunday,Sunday,16,320
2025-11-16 17:00:00,10823.11,50.144999999999996,24.8,54,0.0,3,True,Sunday,Sunday,17,320
2025-11-16 18:00:00,10691.9925,50.040000000000006,23.9,59,0.0,3,True,Sunday,Sunday,18,320
2025-11-16 19:00:00,9648.744999999999,50.010000000000005,22.6,64,0.0,3,True,Sunday,Sunday,19,320
2025-11-16 20:00:00,9010.997500000001,49.935,21.7,67,0.0,3,True,Sunday,Sunday,20,320
2025-11-16 21:00:00,8678.404999999999,49.985,20.9,68,0.0,3,True,Sunday,Sunday,21,320
2025-11-16 22:00:00,8523.224999999999,50.03,20.2,70,0.0,3,True,Sunday,Sunday,22,320
2025-11-16 23:00:00,8721.56,50.03,19.9,75,0.0,2,True,Sunday,Sunday,23,320
2025-11-17 00:00:00,8173.9725,50.0,19.0,78,0.0,0,False,,Monday,0,321
2025-11-17 01:00:00,8380.782500000001,50.004999999999995,18.2,82,0.0,0,False,,Monday,1,321
2025-11-17 02:00:00,7973.422500000001,50.010000000000005,17.8,84,0.0,0,False,,Monday,2,321
2025-11-17 03:00:00,7799.6225,49.985,17.5,83,0.0,1,False,,Monday,3,321
2025-11-17 04:00:00,8101.1775,49.995000000000005,17.1,82,0.0,3,False,,Monday,4,321
2025-11-17 05:00:00,8763.217499999999,49.985,17.1,83,0.0,3,False,,Monday,5,321
2025-11-17 06:00:00,10062.945,50.105000000000004,17.0,81,0.0,3,False,,Monday,6,321
2025-11-17 07:00:00,11580.21,50.065,17.9,76,0.0,3,False,,Monday,7,321
2025-11-17 08:00:00,12163.537499999999,50.065,19.7,67,0.0,3,False,,Monday,8,321
2025-11-17 09:00:00,13093.68,50.040000000000006,21.9,59,0.0,3,False,,Monday,9,321
2025-11-17 10:00:00,14661.4575,49.985,24.2,52,0.0,3,False,,Monday,10,321
2025-11-17 11:00:00,14884.79,49.995000000000005,25.0,51,0.0,3,False,,Monday,11,321
2025-11-17 12:00:00,15227.77,49.995,26.5,48,0.0,3,False,,Monday,12,321
2025-11-17 13:00:00,14728.640000000001,50.1,25.5,52,0.0,3,False,,Monday,13,321
2025-11-17 14:00:00,14616.365000000002,50.015,25.0,55,0.0,3,False,,Monday,14,321
2025-11-17 15:00:00,14954.247500000001,49.99,25.3,54,0.0,3,False,,Monday,15,321
2025-11-17 16:00:00,14623.2075,50.065,24.9,56,0.0,3,False,,Monday,16,321
2025-11-17 17:00:00,12828.1675,50.1,23.8,61,0.0,3,False,,Monday,17,321
2025-11-17 18:00:00,12366.815,50.08,23.2,64,0.0,3,False,,Monday,18,321
2025-11-17 19:00:00,10771.915,50.04,22.6,67,0.0,3,False,,Monday,19,321
2025-11-17 20:00:00,10110.627499999999,50.045,22.0,71,0.0,3,False,,Monday,20,321
2025-11-17 21:00:00,9465.0425,49.99,21.4,74,0.0,3,False,,Monday,21,321
2025-11-17 22:00:00,9438.52,50.025,20.5,78,0.0,3,False,,Monday,22,321
2025-11-17 23:00:00,9464.662499999999,49.995000000000005,19.8,82,0.0,3,False,,Monday,23,321
2025-11-18 00:00:00,8897.8475,50.005,19.4,83,0.0,3,False,,Tuesday,0,322
2025-11-18 01:00:00,9162.897500000001,49.975,19.0,83,0.0,3,False,,Tuesday,1,322
2025-11-18 02:00:00,8779.127499999999,49.985,18.5,83,0.0,3,False,,Tuesday,2,322
2025-11-18 03:00:00,8532.6,50.03,18.8,78,0.0,3,False,,Tuesday,3,322
2025-11-18 04:00:00,8611.6575,50.03,19.0,76,0.0,3,False,,Tuesday,4,322
2025-11-18 05:00:00,9526.7175,50.035,18.4,76,0.0,2,False,,Tuesday,5,322
2025-11-18 06:00:00,10542.654999999999,50.065,18.1,77,0.0,2,False,,Tuesday,6,322
2025-11-18 07:00:00,11420.1525,49.980000000000004,19.2,74,0.0,1,False,,Tuesday,7,322
2025-11-18 08:00:00,12835.817500000001,50.06,20.2,71,0.0,3,False,,Tuesday,8,322
2025-11-18 09:00:00,13642.4375,50.04,20.3,73,0.1,51,False,,Tuesday,9,322
2025-11-18 10:00:00,14909.84,50.03,20.5,78,2.6,63,False,,Tuesday,10,322
2025-11-18 11:00:00,14341.715,50.005,22.2,72,0.5,53,False,,Tuesday,11,322
2025-11-18 12:00:00,14127.7175,49.99,23.6,69,0.2,51,False,,Tuesday,12,322
2025-11-18 13:00:00,13780.619999999999,50.01,23.7,68,0.1,51,False,,Tuesday,13,322
2025-11-18 14:00:00,13692.994999999999,49.985,24.5,64,0.0,2,False,,Tuesday,14,322
2025-11-18 15:00:00,13933.3675,50.010000000000005,24.4,65,0.2,51,False,,Tuesday,15,322
2025-11-18 16:00:00,13881.9725,50.045,23.8,68,0.1,51,False,,Tuesday,16,322
2025-11-18 17:00:00,12448.4975,50.015,22.9,72,0.0,3,False,,Tuesday,17,322
2025-11-18 18:00:00,11979.49,49.84,21.8,77,0.0,1,False,,Tuesday,18,322
2025-11-18 19:00:00,10621.8675,50.03,21.0,81,0.0,1,False,,Tuesday,19,322
2025-11-18 20:00:00,10103.342499999999,50.004999999999995,20.2,85,0.0,3,False,,Tuesday,20,322
2025-11-18 21:00:00,9622.045,50.035,19.9,87,0.4,51,False,,Tuesday,21,322
2025-11-18 22:00:00,9381.942500000001,50.015,19.2,92,0.2,51,False,,Tuesday,22,322
2025-11-18 23:00:00,9344.162499999999,49.965,19.4,92,1.4,61,False,,Tuesday,23,322
2025-11-19 00:00:00,8762.547499999999,50.0,19.1,94,0.1,51,False,,Wednesday,0,323
2025-11-19 01:00:00,8972.3525,49.95,18.9,96,0.0,3,False,,Wednesday,1,323
2025-11-19 02:00:00,8268.26,49.974999999999994,19.0,95,0.0,3,False,,Wednesday,2,323
2025-11-19 03:00:00,8394.2625,49.995,19.1,95,0.0,3,False,,Wednesday,3,323
2025-11-19 04:00:00,8787.065,49.985,19.0,95,0.0,2,False,,Wednesday,4,323
2025-11-19 05:00:00,9807.052499999998,50.03,18.6,96,0.0,2,False,,Wednesday,5,323
2025-11-19 06:00:00,10751.14,50.09,18.2,97,0.0,3,False,,Wednesday,6,323
2025-11-19 07:00:00,12412.289999999999,49.875,18.8,94,0.0,3,False,,Wednesday,7,323
2025-11-19 08:00:00,13190.7575,50.06,20.2,84,0.0,3,False,,Wednesday,8,323
2025-11-19 09:00:00,14180.467499999999,49.980000000000004,21.6,77,0.1,51,False,,Wednesday,9,323
2025-11-19 10:00:00,15545.2575,50.015,22.9,70,0.1,51,False,,Wednesday,10,323
2025-11-19 11:00:00,14767.337500000001,50.0,24.9,62,0.1,51,False,,Wednesday,11,323
2025-11-19 12:00:00,14539.765,50.004999999999995,25.8,57,0.0,1,False,,Wednesday,12,323
2025-11-19 13:00:00,14404.55,49.93,26.4,54,0.0,1,False,,Wednesday,13,323
2025-11-19 14:00:00,13889.6725,49.989999999999995,26.6,52,0.0,1,False,,Wednesday,14,323
2025-11-19 15:00:00,14287.1875,49.995000000000005,26.4,50,0.0,1,False,,Wednesday,15,323
2025-11-19 16:00:00,14142.067500000001,50.019999999999996,25.9,52,0.0,0,False,,Wednesday,16,323
2025-11-19 17:00:00,12667.1175,50.019999999999996,24.4,65,0.0,1,False,,Wednesday,17,323
2025-11-19 18:00:00,12194.035,50.035,22.9,73,0.0,0,False,,Wednesday,18,323
2025-11-19 19:00:00,11084.0225,49.974999999999994,22.0,78,0.0,0,False,,Wednesday,19,323
2025-11-19 20:00:00,10256.8675,50.019999999999996,21.1,80,0.0,1,False,,Wednesday,20,323
2025-11-19 21:00:00,9800.965,50.010000000000005,20.5,83,0.0,0,False,,Wednesday,21,323
2025-11-19 22:00:00,9501.677500000002,50.045,19.9,86,0.0,0,False,,Wednesday,22,323
2025-11-19 23:00:00,9471.785,49.97,19.8,92,0.0,0,False,,Wednesday,23,323
2025-11-20 00:00:00,8824.217499999999,50.010000000000005,19.2,95,0.0,1,False,,Thursday,0,324
2025-11-20 01:00:00,9067.625,49.989999999999995,19.0,96,0.0,2,False,,Thursday,1,324
2025-11-20 02:00:00,8553.1,50.015,18.8,98,0.0,3,False,,Thursday,2,324
2025-11-20 03:00:00,8416.1075,50.03,18.6,97,0.0,3,False,,Thursday,3,324
2025-11-20 04:00:00,8875.740000000002,49.995,18.1,98,0.0,3,False,,Thursday,4,324
2025-11-20 05:00:00,9732.1325,50.0,18.6,99,0.0,3,False,,Thursday,5,324
2025-11-20 06:00:00,10920.3825,50.120000000000005,18.5,99,0.0,3,False,,Thursday,6,324
2025-11-20 07:00:00,12415.105,50.045,18.8,95,0.0,1,False,,Thursday,7,324
2025-11-20 08:00:00,13077.84,50.06,20.5,83,0.0,0,False,,Thursday,8,324
2025-11-20 09:00:00,13918.37,50.05,22.6,72,0.0,0,False,,Thursday,9,324
2025-11-20 10:00:00,15555.1275,50.004999999999995,24.4,63,0.0,0,False,,Thursday,10,324
2025-11-20 11:00:00,15100.474999999999,50.015,25.7,59,0.0,0,False,,Thursday,11,324
2025-11-20 12:00:00,14575.380000000001,49.989999999999995,27.2,52,0.0,3,False,,Thursday,12,324
2025-11-20 13:00:00,14282.755,50.019999999999996,26.8,53,0.0,2,False,,Thursday,13,324
2025-11-20 14:00:00,14224.2575,50.015,27.4,50,0.0,1,False,,Thursday,14,324
2025-11-20 15:00:00,14672.67,50.019999999999996,27.8,48,0.0,1,False,,Thursday,15,324
2025-11-20 16:00:00,14645.5425,50.03,27.2,47,0.0,1,False,,Thursday,16,324
2025-11-20 17:00:00,13026.6525,50.015,25.6,59,0.0,1,False,,Thursday,17,324
2025-11-20 18:00:00,12316.86,49.974999999999994,23.9,69,0.0,1,False,,Thursday,18,324
2025-11-20 19:00:00,10974.2125,50.05,22.9,71,0.0,3,False,,Thursday,19,324
2025-11-20 20:00:00,10231.2275,50.035,21.8,74,0.0,3,False,,Thursday,20,324
2025-11-20 21:00:00,9431.5525,50.02,20.8,77,0.0,3,False,,Thursday,21,324
2025-11-20 22:00:00,9212.36,49.980000000000004,20.0,81,0.0,2,False,,Thursday,22,324
2025-11-20 23:00:00,9501.715,49.995,19.5,84,0.0,3,False,,Thursday,23,324
2025-11-21 00:00:00,8853.7975,50.010000000000005,19.3,87,0.0,3,False,,Friday,0,325
2025-11-21 01:00:00,9104.87,50.010000000000005,18.9,90,0.0,3,False,,Friday,1,325
2025-11-21 02:00:00,8666.885,50.035,18.6,91,0.0,3,False,,Friday,2,325
2025-11-21 03:00:00,8433.0625,50.015,18.3,92,0.0,3,False,,Friday,3,325
2025-11-21 04:00:00,8738.42,50.019999999999996,18.0,93,0.0,3,False,,Friday,4,325
2025-11-21 05:00:00,9673.259999999998,50.025,18.3,91,0.0,3,False,,Friday,5,325
2025-11-21 06:00:00,10917.6225,50.125,18.2,92,0.0,3,False,,Friday,6,325
2025-11-21 07:00:00,12208.535,49.985,19.4,88,0.0,3,False,,Friday,7,325
2025-11-21 08:00:00,13523.0175,49.995000000000005,21.5,81,0.0,3,False,,Friday,8,325
2025-11-21 09:00:00,14355.465,50.13,23.6,72,0.0,3,False,,Friday,9,325
2025-11-21 10:00:00,15977.565,50.04,24.5,68,0.1,51,False,,Friday,10,325
2025-11-21 11:00:00,15786.9075,50.015,25.8,60,0.1,51,False,,Friday,11,325
2025-11-21 12:00:00,15650.41,49.92,26.6,62,0.2,51,False,,Friday,12,325
2025-11-21 13:00:00,15376.692500000001,49.980000000000004,27.2,59,0.0,3,False,,Friday,13,325
2025-11-21 14:00:00,14497.5425,50.04,27.2,58,0.0,3,False,,Friday,14,325
2025-11-21 15:00:00,14627.785,50.045,24.9,67,0.2,51,False,,Friday,15,325
2025-11-21 16:00:00,14512.247500000001,49.985,23.7,73,0.0,3,False,,Friday,16,325
2025-11-21 17:00:00,12765.432499999999,49.870000000000005,23.0,84,0.0,3,False,,Friday,17,325
2025-11-21 18:00:00,12168.96,49.84,21.9,85,0.0,3,False,,Friday,18,325
2025-11-21 19:00:00,10733.4575,50.040000000000006,21.1,90,0.0,3,False,,Friday,19,325
2025-11-21 20:00:00,10079.9725,50.045,20.6,93,0.0,3,False,,Friday,20,325
2025-11-21 21:00:00,9608.712499999998,49.965,20.2,92,0.0,3,False,,Friday,21,325
2025-11-21 22:00:00,9409.7425,49.97,19.9,94,0.0,3,False,,Friday,22,325
2025-11-21 23:00:00,9289.655,49.94,20.7,96,0.0,3,False,,Friday,23,325
2025-11-22 00:00:00,8465.6325,49.975,20.4,96,0.0,3,False,,Saturday,0,326
2025-11-22 01:00:00,8811.865,49.959999999999994,19.9,98,0.0,3,False,,Saturday,1,326
2025-11-22 02:00:00,8443.337500000001,49.985,20.0,97,0.0,3,False,,Saturday,2,326
2025-11-22 03:00:00,8230.0325,49.975,20.1,95,0.0,3,False,,Saturday,3,326
2025-11-22 04:00:00,8437.5975,49.959999999999994,19.5,97,0.0,3,False,,Saturday,4,326
2025-11-22 05:00:00,9284.664999999999,49.985,20.0,97,0.0,3,False,,Saturday,5,326
2025-11-22 06:00:00,10250.724999999999,50.11,20.0,96,0.0,3,False,,Saturday,6,326
2025-11-22 07:00:00,11600.835000000001,50.05500000000001,20.5,93,0.0,3,False,,Saturday,7,326
2025-11-22 08:00:00,12364.7175,50.06,21.5,86,0.0,3,False,,Saturday,8,326
2025-11-22 09:00:00,13132.165,50.065,23.5,74,0.0,3,False,,Saturday,9,326
2025-11-22 10:00:00,14647.3325,50.010000000000005,25.0,67,0.1,51,False,,Saturday,10,326
2025-11-22 11:00:00,14480.470000000001,49.955,25.8,62,0.1,51,False,,Saturday,11,326
2025-11-22 12:00:00,14103.6725,50.010000000000005,26.2,59,0.0,3,False,,Saturday,12,326
2025-11-22 13:00:00,13848.7425,49.995000000000005,26.9,56,0.1,51,False,,Saturday,13,326
2025-11-22 14:00:00,13573.615,49.97,25.6,59,0.2,51,False,,Saturday,14,326
2025-11-22 15:00:00,14011.810000000001,49.955,25.5,67,0.1,51,False,,Saturday,15,326
2025-11-22 16:00:00,13203.6325,49.985,23.8,73,0.9,53,False,,Saturday,16,326
2025-11-22 17:00:00,11777.252499999999,49.875,23.9,73,0.0,3,False,,Saturday,17,326
2025-11-22 18:00:00,11574.872500000001,49.78,22.8,79,0.0,3,False,,Saturday,18,326
2025-11-22 19:00:00,10464.785,50.04,21.8,84,0.0,3,False,,Saturday,19,326
2025-11-22 20:00:00,9976.35,50.045,21.1,88,0.0,3,False,,Saturday,20,326
2025-11-22 21:00:00,9202.460000000001,50.015,20.6,90,0.0,3,False,,Saturday,21,326
2025-11-22 22:00:00,9079.6925,50.040000000000006,20.2,93,0.0,3,False,,Saturday,22,326
2025-11-22 23:00:00,9043.942500000001,50.019999999999996,20.4,97,0.0,3,False,,Saturday,23,326
2025-11-23 00:00:00,8465.6325,49.975,20.4,93,0.0,3,True,Sunday,Sunday,0,327
2025-11-23 01:00:00,8428.7775,49.925,20.0,95,0.0,3,True,Sunday,Sunday,1,327
2025-11-23 02:00:00,7978.7225,50.035,19.9,95,0.0,3,True,Sunday,Sunday,2,327
2025-11-23 03:00:00,7792.3675,50.019999999999996,19.5,96,0.0,3,True,Sunday,Sunday,3,327
2025-11-23 04:00:00,8068.162499999999,50.11,19.4,97,0.0,3,True,Sunday,Sunday,4,327
2025-11-23 05:00:00,8685.4625,50.095,19.7,96,0.0,3,True,Sunday,Sunday,5,327
2025-11-23 06:00:00,9246.6975,50.095,19.5,96,0.0,3,True,Sunday,Sunday,6,327
2025-11-23 07:00:00,10161.5125,49.985,20.2,91,0.0,3,True,Sunday,Sunday,7,327
2025-11-23 08:00:00,11098.4675,50.004999999999995,22.0,80,0.0,3,True,Sunday,Sunday,8,327
2025-11-23 09:00:00,12011.49,50.03,23.7,70,0.0,3,True,Sunday,Sunday,9,327
2025-11-23 10:00:00,13202.525,49.975,24.3,68,0.0,3,True,Sunday,Sunday,10,327
2025-11-23 11:00:00,13022.565000000002,49.96,25.0,63,0.1,51,True,Sunday,Sunday,11,327
2025-11-23 12:00:00,13011.9825,50.015,25.5,60,0.0,3,True,Sunday,Sunday,12,327
2025-11-23 13:00:00,12373.1475,50.03,26.5,55,0.1,51,True,Sunday,Sunday,13,327
2025-11-23 14:00:00,12148.29,50.055,26.0,56,0.2,51,True,Sunday,Sunday,14,327
2025-11-23 15:00:00,12343.837500000001,50.065,25.5,60,0.0,3,True,Sunday,Sunday,15,327
2025-11-23 16:00:00,11968.7975,49.995000000000005,24.6,64,0.0,3,True,Sunday,Sunday,16,327
2025-11-23 17:00:00,10542.73,50.095,23.6,72,0.0,3,True,Sunday,Sunday,17,327
2025-11-23 18:00:00,10019.587500000001,50.07,22.5,79,0.0,3,True,Sunday,Sunday,18,327
2025-11-23 19:00:00,9426.552500000002,50.055,21.6,83,0.0,3,True,Sunday,Sunday,19,327
2025-11-23 20:00:00,8772.185,49.995000000000005,21.0,87,0.0,3,True,Sunday,Sunday,20,327
2025-11-23 21:00:00,8560.33,49.995000000000005,20.4,91,0.0,3,True,Sunday,Sunday,21,327
2025-11-23 22:00:00,8368.4025,49.995000000000005,20.0,95,0.0,3,True,Sunday,Sunday,22,327
2025-11-23 23:00:00,8562.37,49.96,20.3,94,0.0,3,True,Sunday,Sunday,23,327
2025-11-24 00:00:00,8001.205,49.995000000000005,20.0,96,0.0,3,False,,Monday,0,328
2025-11-24 01:00:00,8279.43,50.035,19.8,96,0.0,3,False,,Monday,1,328
2025-11-24 02:00:00,7885.6725,49.97,19.4,97,0.0,3,False,,Monday,2,328
2025-11-24 03:00:00,7729.615,50.03,19.1,98,0.0,3,False,,Monday,3,328
2025-11-24 04:00:00,7929.445,50.019999999999996,19.3,97,0.0,3,False,,Monday,4,328
2025-11-24 05:00:00,8646.970000000001,50.04,19.3,96,0.0,3,False,,Monday,5,328
2025-11-24 06:00:00,9869.342499999999,50.075,19.1,96,0.0,3,False,,Monday,6,328
2025-11-24 07:00:00,12041.15,50.004999999999995,19.9,92,0.0,3,False,,Monday,7,328
2025-11-24 08:00:00,13108.7375,50.035,21.4,81,0.0,3,False,,Monday,8,328
2025-11-24 09:00:00,13218.6875,50.065,23.2,70,0.0,3,False,,Monday,9,328
2025-11-24 10:00:00,14576.005,50.0,24.5,65,0.0,3,False,,Monday,10,328
2025-11-24 11:00:00,14353.4525,49.96,25.4,57,0.0,3,False,,Monday,11,328
2025-11-24 12:00:00,14098.765,50.019999999999996,26.1,53,0.0,3,False,,Monday,12,328
2025-11-24 13:00:00,14088.5125,49.980000000000004,26.8,50,0.0,3,False,,Monday,13,328
2025-11-24 14:00:00,13801.7075,49.95,26.8,48,0.0,3,False,,Monday,14,328
2025-11-24 15:00:00,13804.974999999999,49.925,26.0,52,0.0,3,False,,Monday,15,328
2025-11-24 16:00:00,13808.8225,49.974999999999994,25.5,54,0.0,3,False,,Monday,16,328
2025-11-24 17:00:00,12540.695,49.99,24.2,64,0.0,3,False,,Monday,17,328
2025-11-24 18:00:00,12083.25,50.015,22.7,71,0.0,3,False,,Monday,18,328
2025-11-24 19:00:00,10900.785,50.025,21.9,75,0.0,1,False,,Monday,19,328
2025-11-24 20:00:00,10251.127499999999,50.095,20.8,82,0.0,0,False,,Monday,20,328
2025-11-24 21:00:00,9542.68,49.96,20.0,90,0.0,1,False,,Monday,21,328
2025-11-24 22:00:00,9371.987500000001,50.019999999999996,19.4,93,0.0,1,False,,Monday,22,328
2025-11-24 23:00:00,9388.980000000001,49.985,19.4,95,0.0,3,False,,Monday,23,328
2025-11-25 00:00:00,8648.4775,49.980000000000004,19.0,98,0.0,3,False,,Tuesday,0,329
2025-11-25 01:00:00,8898.785,50.004999999999995,19.2,94,0.0,2,False,,Tuesday,1,329
2025-11-25 02:00:00,8468.6475,50.019999999999996,18.6,96,0.0,3,False,,Tuesday,2,329
2025-11-25 03:00:00,8248.9775,50.01,18.5,96,0.0,3,False,,Tuesday,3,329
2025-11-25 04:00:00,8540.7975,50.015,18.2,94,0.0,3,False,,Tuesday,4,329
2025-11-25 05:00:00,9179.325,50.055,18.0,97,0.0,3,False,,Tuesday,5,329
2025-11-25 06:00:00,10296.057499999999,50.099999999999994,18.0,95,0.0,2,False,,Tuesday,6,329
2025-11-25 07:00:00,11958.119999999999,50.035,18.5,92,0.0,1,False,,Tuesday,7,329
2025-11-25 08:00:00,12902.325,50.040000000000006,20.2,79,0.0,0,False,,Tuesday,8,329
2025-11-25 09:00:00,13447.657500000001,50.05,22.2,64,0.0,0,False,,Tuesday,9,329
2025-11-25 10:00:00,14700.4725,50.025,24.2,52,0.0,0,False,,Tuesday,10,329
2025-11-25 11:00:00,14374.1325,49.965,24.9,51,0.0,2,False,,Tuesday,11,329
2025-11-25 12:00:00,13882.52,50.04,26.5,45,0.0,3,False,,Tuesday,12,329
2025-11-25 13:00:00,13833.425000000001,50.01,25.6,50,0.0,3,False,,Tuesday,13,329
2025-11-25 14:00:00,13697.984999999999,49.95,25.6,52,0.0,3,False,,Tuesday,14,329
2025-11-25 15:00:00,13934.49,50.07,25.2,54,0.0,3,False,,Tuesday,15,329
2025-11-25 16:00:00,14157.7375,49.995000000000005,24.8,56,0.0,2,False,,Tuesday,16,329
2025-11-25 17:00:00,12566.412499999999,50.035,24.0,61,0.0,1,False,,Tuesday,17,329
2025-11-25 18:00:00,12076.849999999999,49.985,22.5,69,0.0,0,False,,Tuesday,18,329
2025-11-25 19:00:00,11042.075,50.015,21.8,72,0.0,0,False,,Tuesday,19,329
2025-11-25 20:00:00,10352.689999999999,49.975,21.1,74,0.0,3,False,,Tuesday,20,329
2025-11-25 21:00:00,9759.275,49.965,20.2,79,0.0,3,False,,Tuesday,21,329
2025-11-25 22:00:00,9551.5475,50.105000000000004,19.4,84,0.0,3,False,,Tuesday,22,329
2025-11-25 23:00:00,9414.9425,49.975,19.0,92,0.0,2,False,,Tuesday,23,329
2025-11-26 00:00:00,8783.335000000001,50.019999999999996,18.5,94,0.0,3,False,,Wednesday,0,330
2025-11-26 01:00:00,8996.8025,49.93,17.9,96,0.0,3,False,,Wednesday,1,330
2025-11-26 02:00:00,8488.54,49.980000000000004,17.5,97,0.0,3,False,,Wednesday,2,330
2025-11-26 03:00:00,8396.067500000001,50.015,17.4,99,0.0,3,False,,Wednesday,3,330
2025-11-26 04:00:00,8587.029999999999,49.98,17.5,97,0.0,3,False,,Wednesday,4,330
2025-11-26 05:00:00,9455.6975,50.03,17.2,99,0.0,3,False,,Wednesday,5,330
2025-11-26 06:00:00,10412.3125,50.085,17.0,99,0.0,3,False,,Wednesday,6,330
2025-11-26 07:00:00,12064.9475,50.06,17.2,97,0.0,3,False,,Wednesday,7,330
2025-11-26 08:00:00,13267.64,50.05,19.0,82,0.0,1,False,,Wednesday,8,330
2025-11-26 09:00:00,13978.0125,50.025,21.2,68,0.0,1,False,,Wednesday,9,330
2025-11-26 10:00:00,15348.115,49.975,23.0,61,0.0,1,False,,Wednesday,10,330
2025-11-26 11:00:00,14553.8825,49.965,24.9,50,0.0,2,False,,Wednesday,11,330
2025-11-26 12:00:00,14805.747499999998,50.005,26.2,45,0.0,3,False,,Wednesday,12,330
2025-11-26 13:00:00,14475.2075,50.03,26.1,48,0.0,1,False,,Wednesday,13,330
2025-11-26 14:00:00,14076.302499999998,50.004999999999995,26.5,46,0.0,0,False,,Wednesday,14,330
2025-11-26 15:00:00,14240.73,49.974999999999994,26.2,47,0.0,0,False,,Wednesday,15,330
2025-11-26 16:00:00,14451.307499999999,50.015,25.5,48,0.0,0,False,,Wednesday,16,330
2025-11-26 17:00:00,12698.5725,50.025,23.5,57,0.0,3,False,,Wednesday,17,330
2025-11-26 18:00:00,11809.252499999999,50.1,21.9,65,0.0,3,False,,Wednesday,18,330
2025-11-26 19:00:00,10906.5775,50.04,21.0,68,0.0,1,False,,Wednesday,19,330
2025-11-26 20:00:00,9973.635,50.045,20.2,71,0.0,2,False,,Wednesday,20,330
2025-11-26 21:00:00,9605.57,50.0,19.6,73,0.0,3,False,,Wednesday,21,330
2025-11-26 22:00:00,9249.524999999998,50.075,18.6,78,0.0,3,False,,Wednesday,22,330
2025-11-26 23:00:00,9000.8925,49.955,17.9,89,0.0,3,False,,Wednesday,23,330
2025-11-27 00:00:00,8469.5,50.005,17.3,94,0.0,3,False,,Thursday,0,331
2025-11-27 01:00:00,8757.8975,49.974999999999994,17.0,94,0.0,3,False,,Thursday,1,331
2025-11-27 02:00:00,8397.375,50.01,16.7,95,0.0,1,False,,Thursday,2,331
2025-11-27 03:00:00,7978.62,50.01,16.5,97,0.0,3,False,,Thursday,3,331
2025-11-27 04:00:00,8389.215,50.055,16.6,96,0.0,3,False,,Thursday,4,331
2025-11-27 05:00:00,9299.7925,50.035,17.3,91,0.0,3,False,,Thursday,5,331
2025-11-27 06:00:00,10425.4175,50.085,17.4,93,0.0,3,False,,Thursday,6,331
2025-11-27 07:00:00,12175.935000000001,49.95,17.9,92,0.0,3,False,,Thursday,7,331
2025-11-27 08:00:00,13122.2025,49.974999999999994,19.4,80,0.0,3,False,,Thursday,8,331
2025-11-27 09:00:00,14036.529999999999,49.945,21.4,66,0.0,3,False,,Thursday,9,331
2025-11-27 10:00:00,15227.935000000001,50.019999999999996,22.5,62,0.0,3,False,,Thursday,10,331
2025-11-27 11:00:00,14721.8675,50.06,23.6,55,0.0,3,False,,Thursday,11,331
2025-11-27 12:00:00,14189.877499999999,50.035,24.6,51,0.0,3,False,,Thursday,12,331
2025-11-27 13:00:00,14013.0725,49.915,25.2,49,0.0,3,False,,Thursday,13,331
2025-11-27 14:00:00,14045.652500000002,49.975,25.1,48,0.0,3,False,,Thursday,14,331
2025-11-27 15:00:00,14415.305,49.84,24.8,48,0.0,3,False,,Thursday,15,331
2025-11-27 16:00:00,14269.557499999999,50.05,24.4,48,0.0,3,False,,Thursday,16,331
2025-11-27 17:00:00,12625.470000000001,50.055,22.6,58,0.0,3,False,,Thursday,17,331
2025-11-27 18:00:00,12197.4725,50.045,21.2,65,0.0,3,False,,Thursday,18,331
2025-11-27 19:00:00,10827.2,50.07,20.5,67,0.0,3,False,,Thursday,19,331
2025-11-27 20:00:00,10260.285,49.975,19.8,71,0.0,3,False,,Thursday,20,331
2025-11-27 21:00:00,9505.4975,49.995,19.0,76,0.0,3,False,,Thursday,21,331
2025-11-27 22:00:00,9418.4,49.99,18.1,81,0.0,3,False,,Thursday,22,331
2025-11-27 23:00:00,9322.785,49.975,17.9,88,0.0,3,False,,Thursday,23,331
2025-11-28 00:00:00,8799.27,50.010000000000005,17.2,94,0.0,3,False,,Friday,0,332
2025-11-28 01:00:00,9006.654999999999,49.974999999999994,17.0,95,0.0,3,False,,Friday,1,332
2025-11-28 02:00:00,8501.03,50.01,16.5,95,0.0,3,False,,Friday,2,332
2025-11-28 03:00:00,8376.2075,50.01,16.0,94,0.0,3,False,,Friday,3,332
2025-11-28 04:00:00,8705.894999999999,50.055,15.8,94,0.0,3,False,,Friday,4,332
2025-11-28 05:00:00,9534.614999999998,50.035,16.0,97,0.0,3,False,,Friday,5,332
2025-11-28 06:00:00,10591.109999999999,50.085,15.9,99,0.0,3,False,,Friday,6,332
2025-11-28 07:00:00,12368.71,50.03,16.2,97,0.0,3,False,,Friday,7,332
2025-11-28 08:00:00,13400.045,50.025,17.8,85,0.0,3,False,,Friday,8,332
2025-11-28 09:00:00,14164.304999999998,49.989999999999995,20.2,68,0.0,3,False,,Friday,9,332
2025-11-28 10:00:00,15587.832499999999,50.065,22.1,58,0.0,3,False,,Friday,10,332
2025-11-28 11:00:00,15132.3,50.004999999999995,23.1,52,0.0,3,False,,Friday,11,332
2025-11-28 12:00:00,15102.150000000001,49.99,24.1,49,0.0,3,False,,Friday,12,332
2025-11-28 13:00:00,14751.607499999998,50.0,24.6,49,0.0,3,False,,Friday,13,332
2025-11-28 14:00:00,14304.7775,50.025,24.8,48,0.0,3,False,,Friday,14,332
2025-11-28 15:00:00,14522.342499999999,50.06,24.5,49,0.0,3,False,,Friday,15,332
2025-11-28 16:00:00,14427.94,50.120000000000005,23.8,51,0.0,3,False,,Friday,16,332
2025-11-28 17:00:00,12709.125,50.07,22.1,59,0.0,3,False,,Friday,17,332
2025-11-28 18:00:00,12102.142499999998,50.05,20.9,64,0.0,3,False,,Friday,18,332
2025-11-28 19:00:00,10934.98,50.004999999999995,20.1,68,0.0,3,False,,Friday,19,332
2025-11-28 20:00:00,10026.425,50.004999999999995,19.7,71,0.0,3,False,,Friday,20,332
2025-11-28 21:00:00,9525.72,50.0,19.1,75,0.0,3,False,,Friday,21,332
2025-11-28 22:00:00,9278.775,50.019999999999996,18.5,80,0.0,3,False,,Friday,22,332
2025-11-28 23:00:00,9188.38,50.035,18.0,87,0.0,3,False,,Friday,23,332
2025-11-29 00:00:00,8543.197499999998,49.99,17.6,89,0.0,3,False,,Saturday,0,333
2025-11-29 01:00:00,8833.645,49.96,17.2,91,0.0,3,False,,Saturday,1,333
2025-11-29 02:00:00,8327.6875,49.955,16.8,91,0.0,3,False,,Saturday,2,333
2025-11-29 03:00:00,8229.18,50.019999999999996,16.4,89,0.0,3,False,,Saturday,3,333
2025-11-29 04:00:00,8522.52,50.0,16.2,88,0.0,3,False,,Saturday,4,333
2025-11-29 05:00:00,9271.32,50.09,16.5,89,0.0,3,False,,Saturday,5,333
2025-11-29 06:00:00,10279.2975,50.125,16.3,89,0.0,3,False,,Saturday,6,333
2025-11-29 07:00:00,11496.1325,50.04,17.0,85,0.0,3,False,,Saturday,7,333
2025-11-29 08:00:00,12572.74,50.025,18.0,82,0.0,3,False,,Saturday,8,333
2025-11-29 09:00:00,13600.04,50.019999999999996,19.3,77,0.0,3,False,,Saturday,9,333
2025-11-29 10:00:00,15332.142500000002,49.965,20.4,73,0.0,3,False,,Saturday,10,333
2025-11-29 11:00:00,15355.904999999999,50.05,22.2,66,0.0,3,False,,Saturday,11,333
2025-11-29 12:00:00,15137.9225,49.989999999999995,21.1,70,0.0,3,False,,Saturday,12,333
2025-11-29 13:00:00,15180.845000000001,50.015,21.4,68,0.0,3,False,,Saturday,13,333
2025-11-29 14:00:00,14739.575,50.09,21.6,66,0.0,3,False,,Saturday,14,333
2025-11-29 15:00:00,14738.297499999999,50.019999999999996,21.6,66,0.0,3,False,,Saturday,15,333
2025-11-29 16:00:00,14639.142499999998,50.1,21.6,65,0.0,3,False,,Saturday,16,333
2025-11-29 17:00:00,12414.7975,50.0,20.0,75,0.0,3,False,,Saturday,17,333
2025-11-29 18:00:00,12013.39,50.045,19.6,78,0.0,3,False,,Saturday,18,333
2025-11-29 19:00:00,10408.61,50.045,19.4,80,0.0,3,False,,Saturday,19,333
2025-11-29 20:00:00,9801.627499999999,50.035,19.0,83,0.0,3,False,,Saturday,20,333
2025-11-29 21:00:00,9361.5825,50.05,18.9,86,0.0,3,False,,Saturday,21,333
2025-11-29 22:00:00,9196.8975,50.075,19.0,88,0.0,3,False,,Saturday,22,333
2025-11-29 23:00:00,9092.794999999998,49.97,18.9,89,0.1,51,False,,Saturday,23,333
2025-11-30 00:00:00,8343.3625,50.015,18.6,92,0.9,53,True,Sunday,Sunday,0,334
2025-11-30 01:00:00,8649.9225,49.985,18.6,92,0.3,51,True,Sunday,Sunday,1,334
2025-11-30 02:00:00,8190.565,49.945,18.3,95,0.3,51,True,Sunday,Sunday,2,334
2025-11-30 03:00:00,8115.835,49.95,18.4,95,0.4,51,True,Sunday,Sunday,3,334
2025-11-30 04:00:00,8301.92,49.955,18.2,96,1.2,55,True,Sunday,Sunday,4,334
2025-11-30 05:00:00,9116.7125,50.015,18.5,97,0.4,51,True,Sunday,Sunday,5,334
2025-11-30 06:00:00,9820.585000000001,50.120000000000005,18.5,97,0.0,3,True,Sunday,Sunday,6,334
2025-11-30 07:00:00,10436.48,50.015,18.7,96,0.2,51,True,Sunday,Sunday,7,334
2025-11-30 08:00:00,11602.0525,49.965,19.0,94,0.5,53,True,Sunday,Sunday,8,334
2025-11-30 09:00:00,12811.497500000001,50.045,19.6,91,0.3,51,True,Sunday,Sunday,9,334
2025-11-30 10:00:00,14675.502499999999,50.08,20.5,88,0.4,51,True,Sunday,Sunday,10,334
2025-11-30 11:00:00,14422.66,50.004999999999995,21.4,79,0.7,53,True,Sunday,Sunday,11,334
2025-11-30 12:00:00,14200.259999999998,50.004999999999995,21.2,81,0.1,51,True,Sunday,Sunday,12,334
2025-11-30 13:00:00,13783.787500000002,50.05,20.5,85,0.1,51,True,Sunday,Sunday,13,334
2025-11-30 14:00:00,13356.61,50.045,20.0,87,0.4,51,True,Sunday,Sunday,14,334
2025-11-30 15:00:00,13275.740000000002,50.095,19.9,88,0.1,51,True,Sunday,Sunday,15,334
2025-11-30 16:00:00,12893.3925,50.06,19.9,88,0.0,3,True,Sunday,Sunday,16,334
2025-11-30 17:00:00,10763.275,50.015,19.2,93,0.0,3,True,Sunday,Sunday,17,334
2025-11-30 18:00:00,10506.275,50.055,19.1,94,0.0,3,True,Sunday,Sunday,18,334
2025-11-30 19:00:00,9519.1075,49.975,19.1,95,0.0,3,True,Sunday,Sunday,19,334
2025-11-30 20:00:00,9144.5175,49.89,19.1,96,0.0,3,True,Sunday,Sunday,20,334
2025-11-30 21:00:00,8728.057499999999,49.980000000000004,19.1,95,0.0,3,True,Sunday,Sunday,21,334
2025-11-30 22:00:00,8581.835,49.97,19.0,96,0.0,3,True,Sunday,Sunday,22,334
2025-11-30 23:00:00,8487.0,50.004999999999995,19.4,97,0.0,3,True,Sunday,Sunday,23,334
2025-12-01 00:00:00,8343.3625,50.015,19.2,97,0.0,3,False,,Monday,0,335
2025-12-01 01:00:00,8217.295,49.97,19.2,95,0.1,51,False,,Monday,1,335
2025-12-01 02:00:00,7765.3875,49.96,19.0,95,0.0,3,False,,Monday,2,335
2025-12-01 03:00:00,7758.9974999999995,49.945,18.9,94,0.0,3,False,,Monday,3,335
2025-12-01 04:00:00,7924.3375,49.99,18.8,93,0.0,3,False,,Monday,4,335
2025-12-01 05:00:00,8635.7925,50.015,19.0,95,0.0,3,False,,Monday,5,335
2025-12-01 06:00:00,9769.84,50.05,18.7,95,0.0,3,False,,Monday,6,335
2025-12-01 07:00:00,11766.1375,50.025,19.1,92,0.0,1,False,,Monday,7,335
2025-12-01 08:00:00,12666.125,50.010000000000005,20.2,84,0.0,3,False,,Monday,8,335
2025-12-01 09:00:00,13395.14,50.230000000000004,21.8,74,0.0,3,False,,Monday,9,335
2025-12-01 10:00:00,15619.8375,50.005,23.4,66,0.0,3,False,,Monday,10,335
2025-12-01 11:00:00,15539.79,49.885000000000005,23.1,67,0.0,3,False,,Monday,11,335
2025-12-01 12:00:00,15268.2175,50.025,22.9,70,0.0,3,False,,Monday,12,335
2025-12-01 13:00:00,15039.2575,50.04,23.2,68,0.0,3,False,,Monday,13,335
2025-12-01 14:00:00,14339.974999999999,49.995000000000005,23.5,67,0.0,3,False,,Monday,14,335
2025-12-01 15:00:00,14712.147500000001,50.015,23.7,66,0.0,3,False,,Monday,15,335
2025-12-01 16:00:00,14563.505,50.03,23.9,65,0.0,3,False,,Monday,16,335
2025-12-01 17:00:00,12461.2975,50.095,22.2,74,0.0,1,False,,Monday,17,335
2025-12-01 18:00:00,12063.845000000001,50.0,21.0,81,0.0,0,False,,Monday,18,335
2025-12-01 19:00:00,10841.6975,50.07,20.4,84,0.0,1,False,,Monday,19,335
2025-12-01 20:00:00,10103.2425,50.01,19.9,87,0.0,0,False,,Monday,20,335
2025-12-01 21:00:00,9524.099999999999,49.985,19.5,89,0.0,1,False,,Monday,21,335
2025-12-01 22:00:00,9488.842499999999,50.055,19.0,89,0.0,1,False,,Monday,22,335
2025-12-01 23:00:00,9204.73,49.96,19.0,93,0.0,1,False,,Monday,23,335
2025-12-02 00:00:00,8396.5425,49.985,19.0,93,0.0,0,False,,Tuesday,0,336
2025-12-02 01:00:00,8745.945,49.975,18.8,94,0.0,3,False,,Tuesday,1,336
2025-12-02 02:00:00,8362.0225,49.975,18.9,93,0.0,3,False,,Tuesday,2,336
2025-12-02 03:00:00,8278.1525,49.989999999999995,19.0,92,0.0,3,False,,Tuesday,3,336
2025-12-02 04:00:00,8611.8575,49.989999999999995,19.1,92,0.0,2,False,,Tuesday,4,336
2025-12-02 05:00:00,9364.4125,50.095,18.5,97,0.0,3,False,,Tuesday,5,336
2025-12-02 06:00:00,10409.7025,50.084999999999994,18.5,98,0.0,3,False,,Tuesday,6,336
2025-12-02 07:00:00,11990.460000000001,49.97,19.1,94,0.0,1,False,,Tuesday,7,336
2025-12-02 08:00:00,13030.654999999999,50.04,20.9,83,0.0,0,False,,Tuesday,8,336
2025-12-02 09:00:00,13737.6425,50.08,22.8,74,0.0,0,False,,Tuesday,9,336
2025-12-02 10:00:00,15663.805,50.0,24.0,69,0.0,3,False,,Tuesday,10,336
2025-12-02 11:00:00,15357.95,49.985,24.5,65,0.0,3,False,,Tuesday,11,336
2025-12-02 12:00:00,15456.357500000002,50.004999999999995,24.1,66,0.0,3,False,,Tuesday,12,336
2025-12-02 13:00:00,15157.535,50.01,24.1,66,0.0,3,False,,Tuesday,13,336
2025-12-02 14:00:00,14613.7775,50.125,24.5,63,0.0,3,False,,Tuesday,14,336
2025-12-02 15:00:00,14822.717499999999,50.035,24.8,64,0.0,3,False,,Tuesday,15,336
2025-12-02 16:00:00,14923.68,50.09,24.2,66,0.0,3,False,,Tuesday,16,336
2025-12-02 17:00:00,12909.17,49.965,22.4,80,0.0,2,False,,Tuesday,17,336
2025-12-02 18:00:00,11879.9925,49.995000000000005,21.1,88,0.0,3,False,,Tuesday,18,336
2025-12-02 19:00:00,10847.0075,50.04,20.7,91,0.0,3,False,,Tuesday,19,336
2025-12-02 20:00:00,10422.665,50.065,20.5,93,0.0,2,False,,Tuesday,20,336
2025-12-02 21:00:00,9820.035,50.0,20.2,93,0.0,2,False,,Tuesday,21,336
2025-12-02 22:00:00,9643.662499999999,49.955,19.8,93,0.1,51,False,,Tuesday,22,336
2025-12-02 23:00:00,9491.947499999998,49.965,19.6,95,0.2,51,False,,Tuesday,23,336
2025-12-03 00:00:00,8671.865000000002,50.02,19.6,95,0.4,51,False,,Wednesday,0,337
2025-12-03 01:00:00,8749.869999999999,50.010000000000005,19.5,96,0.0,3,False,,Wednesday,1,337
2025-12-03 02:00:00,8439.5225,50.019999999999996,19.6,94,0.0,3,False,,Wednesday,2,337
2025-12-03 03:00:00,8407.765,49.97,19.3,95,0.0,3,False,,Wednesday,3,337
2025-12-03 04:00:00,8541.115,49.995000000000005,19.0,98,0.0,3,False,,Wednesday,4,337
2025-12-03 05:00:00,9256.1,50.135,19.1,96,0.0,3,False,,Wednesday,5,337
2025-12-03 06:00:00,10353.732499999998,50.095,19.1,95,0.0,3,False,,Wednesday,6,337
2025-12-03 07:00:00,12124.3525,50.06,19.3,95,0.3,51,False,,Wednesday,7,337
2025-12-03 08:00:00,13296.1375,50.010000000000005,20.9,86,0.1,51,False,,Wednesday,8,337
2025-12-03 09:00:00,14014.529999999999,50.065,22.5,80,0.0,3,False,,Wednesday,9,337
2025-12-03 10:00:00,16230.314999999999,50.025000000000006,22.4,81,0.1,51,False,,Wednesday,10,337
2025-12-03 11:00:00,15771.4375,50.015,23.9,72,0.1,51,False,,Wednesday,11,337
2025-12-03 12:00:00,15701.267500000002,50.065,24.1,70,0.2,51,False,,Wednesday,12,337
2025-12-03 13:00:00,15477.19,50.040000000000006,25.0,67,0.1,51,False,,Wednesday,13,337
2025-12-03 14:00:00,14906.2025,49.92,25.0,66,0.1,51,False,,Wednesday,14,337
2025-12-03 15:00:00,14938.3975,49.885,25.0,65,0.1,51,False,,Wednesday,15,337
2025-12-03 16:00:00,14786.49,50.040000000000006,24.5,67,0.1,51,False,,Wednesday,16,337
2025-12-03 17:00:00,12243.365,50.010000000000005,23.2,79,0.0,2,False,,Wednesday,17,337
2025-12-03 18:00:00,12050.115,49.94,21.5,87,0.1,51,False,,Wednesday,18,337
2025-12-03 19:00:00,10757.9725,50.035,21.1,90,0.0,3,False,,Wednesday,19,337
2025-12-03 20:00:00,10288.824999999999,50.04,20.5,93,0.0,3,False,,Wednesday,20,337
2025-12-03 21:00:00,9614.6375,49.995,20.0,95,0.0,3,False,,Wednesday,21,337
2025-12-03 22:00:00,9430.592499999999,50.07,19.8,95,0.0,3,False,,Wednesday,22,337
2025-12-03 23:00:00,8978.815,50.025,19.5,95,0.0,3,False,,Wednesday,23,337
2025-12-04 00:00:00,8475.3125,50.04,19.4,96,0.0,3,False,,Thursday,0,338
2025-12-04 01:00:00,8710.074999999999,49.975,19.5,97,0.0,3,False,,Thursday,1,338
2025-12-04 02:00:00,8229.715,49.965,19.6,97,0.1,51,False,,Thursday,2,338
2025-12-04 03:00:00,8076.647499999999,49.965,19.7,96,0.1,51,False,,Thursday,3,338
2025-12-04 04:00:00,8490.524999999998,50.015,19.6,95,0.0,3,False,,Thursday,4,338
2025-12-04 05:00:00,9337.89,50.08,19.4,97,0.0,3,False,,Thursday,5,338
2025-12-04 06:00:00,10397.16,50.105000000000004,19.3,97,0.0,3,False,,Thursday,6,338
2025-12-04 07:00:00,11968.454999999998,50.1,19.7,96,0.0,3,False,,Thursday,7,338
2025-12-04 08:00:00,13328.6075,50.095,21.4,85,0.0,2,False,,Thursday,8,338
2025-12-04 09:00:00,13798.419999999998,50.04,22.5,79,0.0,3,False,,Thursday,9,338
2025-12-04 10:00:00,15556.3225,49.980000000000004,23.0,75,0.0,3,False,,Thursday,10,338
2025-12-04 11:00:00,15642.115000000002,49.97,23.8,71,0.0,3,False,,Thursday,11,338
2025-12-04 12:00:00,14974.01,50.06,24.6,68,0.0,1,False,,Thursday,12,338
2025-12-04 13:00:00,14466.9925,50.025000000000006,25.9,62,0.0,1,False,,Thursday,13,338
2025-12-04 14:00:00,14299.789999999999,49.980000000000004,25.1,63,0.0,1,False,,Thursday,14,338
2025-12-04 15:00:00,14816.1125,50.045,24.9,64,0.0,1,False,,Thursday,15,338
2025-12-04 16:00:00,14461.119999999999,50.1,23.5,71,0.2,51,False,,Thursday,16,338
2025-12-04 17:00:00,12479.855,49.985,21.6,83,7.0,63,False,,Thursday,17,338
2025-12-04 18:00:00,12198.99,50.045,20.8,85,0.1,51,False,,Thursday,18,338
2025-12-04 19:00:00,10727.085,50.040000000000006,20.8,88,0.0,3,False,,Thursday,19,338
2025-12-04 20:00:00,10253.900000000001,49.99,20.2,91,0.0,3,False,,Thursday,20,338
2025-12-04 21:00:00,9444.195,49.925,19.6,94,0.0,3,False,,Thursday,21,338
2025-12-04 22:00:00,9416.692500000001,50.05,19.2,96,0.0,3,False,,Thursday,22,338
2025-12-04 23:00:00,9191.835,49.975,20.0,96,0.0,3,False,,Thursday,23,338
2025-12-05 00:00:00,8643.8875,50.045,20.1,93,0.1,51,False,,Friday,0,339
2025-12-05 01:00:00,8786.7725,50.01,19.6,94,0.0,3,False,,Friday,1,339
2025-12-05 02:00:00,8497.829999999998,50.019999999999996,19.4,95,0.0,3,False,,Friday,2,339
2025-12-05 03:00:00,8340.3975,50.06,19.4,94,0.0,3,False,,Friday,3,339
2025-12-05 04:00:00,8674.627499999999,50.06,19.3,95,0.0,3,False,,Friday,4,339
2025-12-05 05:00:00,9355.005,50.0,19.5,96,0.0,3,False,,Friday,5,339
2025-12-05 06:00:00,10243.085,50.085,19.6,95,0.1,51,False,,Friday,6,339
2025-12-05 07:00:00,12488.3425,50.05,19.8,93,0.0,2,False,,Friday,7,339
2025-12-05 08:00:00,13470.8675,50.06,21.2,84,0.0,3,False,,Friday,8,339
2025-12-05 09:00:00,14176.2225,50.120000000000005,21.2,84,0.1,51,False,,Friday,9,339
2025-12-05 10:00:00,15847.212500000001,49.975,22.2,78,0.1,51,False,,Friday,10,339
2025-12-05 11:00:00,15653.587500000001,49.985,23.0,72,0.3,51,False,,Friday,11,339
2025-12-05 12:00:00,15206.527500000002,49.965,23.9,67,0.3,51,False,,Friday,12,339
2025-12-05 13:00:00,14796.78,50.01,24.6,65,0.1,51,False,,Friday,13,339
2025-12-05 14:00:00,14554.79,50.035,24.9,62,0.1,51,False,,Friday,14,339
2025-12-05 15:00:00,14378.795,50.205,24.6,62,0.0,3,False,,Friday,15,339
2025-12-05 16:00:00,13338.552500000002,50.16,23.8,66,0.1,51,False,,Friday,16,339
2025-12-05 17:00:00,12154.875,50.045,23.6,67,0.0,3,False,,Friday,17,339
2025-12-05 18:00:00,11607.84,50.05,22.3,74,0.0,3,False,,Friday,18,339
2025-12-05 19:00:00,10647.2475,50.03,21.5,79,0.0,3,False,,Friday,19,339
2025-12-05 20:00:00,10019.804999999998,50.019999999999996,20.7,83,0.0,2,False,,Friday,20,339
2025-12-05 21:00:00,9656.3825,50.015,20.0,89,0.0,3,False,,Friday,21,339
2025-12-05 22:00:00,9309.224999999999,50.06,19.7,91,0.0,3,False,,Friday,22,339
2025-12-05 23:00:00,9138.24,49.955,19.8,94,0.0,3,False,,Friday,23,339
2025-12-06 00:00:00,8182.87,49.975,19.6,92,0.0,1,False,,Saturday,0,340
2025-12-06 01:00:00,8278.039999999999,49.959999999999994,19.0,94,0.0,2,False,,Saturday,1,340
2025-12-06 02:00:00,7925.4075,50.035,18.2,96,0.0,3,False,,Saturday,2,340
2025-12-06 03:00:00,7727.964999999999,50.03,18.0,96,0.0,3,False,,Saturday,3,340
2025-12-06 04:00:00,7992.0825,50.005,17.8,94,0.0,1,False,,Saturday,4,340
2025-12-06 05:00:00,8676.505000000001,50.019999999999996,17.5,96,0.0,3,False,,Saturday,5,340
2025-12-06 06:00:00,9360.6525,49.980000000000004,17.4,95,0.0,3,False,,Saturday,6,340
2025-12-06 07:00:00,10793.6525,50.06,17.7,92,0.0,3,False,,Saturday,7,340
2025-12-06 08:00:00,12335.6125,50.019999999999996,19.2,82,0.0,1,False,,Saturday,8,340
2025-12-06 09:00:00,13255.595000000001,50.045,21.1,67,0.0,3,False,,Saturday,9,340
2025-12-06 10:00:00,15272.2,50.035,22.8,57,0.0,3,False,,Saturday,10,340
2025-12-06 11:00:00,14523.195,50.015,23.8,57,0.0,3,False,,Saturday,11,340
2025-12-06 12:00:00,13998.072499999998,50.0,25.0,52,0.0,3,False,,Saturday,12,340
2025-12-06 13:00:00,13972.1725,50.075,25.2,51,0.0,3,False,,Saturday,13,340
2025-12-06 14:00:00,13780.0275,50.185,25.5,50,0.0,3,False,,Saturday,14,340
2025-12-06 15:00:00,13405.385000000002,50.010000000000005,24.9,53,0.0,2,False,,Saturday,15,340
2025-12-06 16:00:00,13352.682499999999,49.97,24.8,53,0.0,2,False,,Saturday,16,340
2025-12-06 17:00:00,11785.1925,50.05,23.4,64,0.0,2,False,,Saturday,17,340
2025-12-06 18:00:00,10978.145,50.085,21.9,73,0.0,3,False,,Saturday,18,340
2025-12-06 19:00:00,9706.3,50.05,21.2,76,0.0,3,False,,Saturday,19,340
2025-12-06 20:00:00,8627.960000000001,49.900000000000006,20.4,79,0.0,3,False,,Saturday,20,340
2025-12-06 21:00:00,8400.994999999999,50.0,19.7,83,0.0,3,False,,Saturday,21,340
2025-12-06 22:00:00,8021.575,50.065,18.9,90,0.0,1,False,,Saturday,22,340
2025-12-06 23:00:00,8212.335000000001,50.004999999999995,18.6,93,0.0,3,False,,Saturday,23,340
2025-12-07 00:00:00,8514.539999999999,50.06,18.2,96,0.0,3,True,Sunday,Sunday,0,341
2025-12-07 01:00:00,8885.45,49.96,17.8,98,0.0,3,True,Sunday,Sunday,1,341
2025-12-07 02:00:00,8472.1175,49.985,17.5,99,0.0,3,True,Sunday,Sunday,2,341
2025-12-07 03:00:00,8274.8875,49.985,17.5,96,0.0,3,True,Sunday,Sunday,3,341
2025-12-07 04:00:00,8527.682499999999,49.98,17.1,97,0.0,3,True,Sunday,Sunday,4,341
2025-12-07 05:00:00,9216.6325,50.095,17.0,98,0.0,3,True,Sunday,Sunday,5,341
2025-12-07 06:00:00,9526.9025,50.09,17.1,96,0.0,3,True,Sunday,Sunday,6,341
2025-12-07 07:00:00,10297.58,50.084999999999994,17.5,93,0.0,3,True,Sunday,Sunday,7,341
2025-12-07 08:00:00,11414.075,49.92,19.1,83,0.0,3,True,Sunday,Sunday,8,341
2025-12-07 09:00:00,12442.025000000001,50.07,21.2,73,0.0,3,True,Sunday,Sunday,9,341
2025-12-07 10:00:00,14257.26,49.905,23.0,65,0.0,3,True,Sunday,Sunday,10,341
2025-12-07 11:00:00,14545.564999999999,49.965,24.0,61,0.0,3,True,Sunday,Sunday,11,341
2025-12-07 12:00:00,14102.7375,50.010000000000005,25.5,53,0.0,3,True,Sunday,Sunday,12,341
2025-12-07 13:00:00,14106.057499999999,50.045,26.4,48,0.0,2,True,Sunday,Sunday,13,341
2025-12-07 14:00:00,13748.352499999999,50.095,26.5,46,0.0,1,True,Sunday,Sunday,14,341
2025-12-07 15:00:00,13599.6375,50.015,26.2,45,0.0,1,True,Sunday,Sunday,15,341
2025-12-07 16:00:00,13369.6725,50.06,25.6,47,0.0,1,True,Sunday,Sunday,16,341
2025-12-07 17:00:00,10968.1675,49.995000000000005,24.0,61,0.0,2,True,Sunday,Sunday,17,341
2025-12-07 18:00:00,10536.759999999998,50.05500000000001,22.6,69,0.0,0,True,Sunday,Sunday,18,341
2025-12-07 19:00:00,9548.04,50.035,21.8,71,0.0,0,True,Sunday,Sunday,19,341
2025-12-07 20:00:00,8884.467499999999,50.03,20.6,75,0.0,0,True,Sunday,Sunday,20,341
2025-12-07 21:00:00,8357.615,50.004999999999995,19.5,82,0.0,0,True,Sunday,Sunday,21,341
2025-12-07 22:00:00,8410.28,50.025,18.8,87,0.0,0,True,Sunday,Sunday,22,341
2025-12-07 23:00:00,8381.135,49.955,18.1,93,0.0,1,True,Sunday,Sunday,23,341
2025-12-08 00:00:00,7999.04,50.004999999999995,17.6,97,0.0,3,False,,Monday,0,342
2025-12-08 01:00:00,8247.9025,49.96,17.5,97,0.0,3,False,,Monday,1,342
2025-12-08 02:00:00,8057.5225,50.005,17.4,95,0.0,3,False,,Monday,2,342
2025-12-08 03:00:00,8027.9175,49.905,16.9,97,0.0,3,False,,Monday,3,342
2025-12-08 04:00:00,8388.25,50.015,16.7,97,0.0,3,False,,Monday,4,342
2025-12-08 05:00:00,9277.365,50.065,16.0,99,0.0,3,False,,Monday,5,342
2025-12-08 06:00:00,10394.560000000001,50.095,15.9,99,0.0,3,False,,Monday,6,342
2025-12-08 07:00:00,12089.4475,50.045,15.9,98,0.0,3,False,,Monday,7,342
2025-12-08 08:00:00,13126.512499999999,50.09,17.5,88,0.0,0,False,,Monday,8,342
2025-12-08 09:00:00,13809.875,50.205,20.9,65,0.0,0,False,,Monday,9,342
2025-12-08 10:00:00,15853.922499999999,50.035,23.4,47,0.0,0,False,,Monday,10,342
2025-12-08 11:00:00,15704.0475,50.019999999999996,24.9,39,0.0,0,False,,Monday,11,342
2025-12-08 12:00:00,15643.7925,50.045,26.5,30,0.0,0,False,,Monday,12,342
2025-12-08 13:00:00,15055.0125,50.025,27.1,29,0.0,0,False,,Monday,13,342
2025-12-08 14:00:00,14646.6675,50.040000000000006,27.0,29,0.0,0,False,,Monday,14,342
2025-12-08 15:00:00,14806.4,50.065,26.6,29,0.0,0,False,,Monday,15,342
2025-12-08 16:00:00,14858.997500000001,50.055,25.8,32,0.0,0,False,,Monday,16,342
2025-12-08 17:00:00,12852.025,49.97,23.6,43,0.0,0,False,,Monday,17,342
2025-12-08 18:00:00,12096.0225,50.0,21.8,50,0.0,0,False,,Monday,18,342
2025-12-08 19:00:00,10791.432499999999,49.995,20.5,59,0.0,0,False,,Monday,19,342
2025-12-08 20:00:00,9854.947499999998,50.055,19.6,67,0.0,0,False,,Monday,20,342
2025-12-08 21:00:00,9195.96,49.975,18.5,73,0.0,0,False,,Monday,21,342
2025-12-08 22:00:00,8891.182499999999,49.974999999999994,17.8,78,0.0,0,False,,Monday,22,342
2025-12-08 23:00:00,8918.385,50.05,17.4,81,0.0,0,False,,Monday,23,342
2025-12-09 00:00:00,8466.7225,49.985,16.6,88,0.0,0,False,,Tuesday,0,343
2025-12-09 01:00:00,8725.974999999999,49.94,16.1,93,0.0,0,False,,Tuesday,1,343
2025-12-09 02:00:00,8170.7675,50.015,15.8,95,0.0,0,False,,Tuesday,2,343
2025-12-09 03:00:00,8193.974999999999,49.985,15.6,93,0.0,0,False,,Tuesday,3,343
2025-12-09 04:00:00,8513.45,49.985,15.2,91,0.0,0,False,,Tuesday,4,343
2025-12-09 05:00:00,9461.3325,50.125,15.3,93,0.0,0,False,,Tuesday,5,343
2025-12-09 06:00:00,10638.7725,50.085,15.2,94,0.0,0,False,,Tuesday,6,343
2025-12-09 07:00:00,11828.2625,50.025000000000006,16.2,90,0.0,0,False,,Tuesday,7,343
2025-12-09 08:00:00,12966.085,49.945,18.5,80,0.0,0,False,,Tuesday,8,343
2025-12-09 09:00:00,13635.217499999999,50.0,21.1,69,0.0,0,False,,Tuesday,9,343
2025-12-09 10:00:00,15373.619999999999,50.045,23.3,61,0.0,0,False,,Tuesday,10,343
2025-12-09 11:00:00,15241.439999999999,50.010000000000005,24.5,52,0.0,0,False,,Tuesday,11,343
2025-12-09 12:00:00,14913.407500000001,50.05,25.8,47,0.0,2,False,,Tuesday,12,343
2025-12-09 13:00:00,14379.4575,50.06,26.4,44,0.0,3,False,,Tuesday,13,343
2025-12-09 14:00:00,14165.5075,49.974999999999994,27.0,41,0.0,3,False,,Tuesday,14,343
2025-12-09 15:00:00,14822.8975,50.075,27.2,39,0.0,3,False,,Tuesday,15,343
2025-12-09 16:00:00,14881.377499999999,50.05,26.7,39,0.0,3,False,,Tuesday,16,343
2025-12-09 17:00:00,12768.197499999998,50.045,24.8,52,0.0,3,False,,Tuesday,17,343
2025-12-09 18:00:00,12289.265,50.09,22.8,66,0.0,1,False,,Tuesday,18,343
2025-12-09 19:00:00,11141.947499999998,49.959999999999994,21.5,73,0.0,0,False,,Tuesday,19,343
2025-12-09 20:00:00,10118.355,50.035,20.4,80,0.0,0,False,,Tuesday,20,343
2025-12-09 21:00:00,9641.877499999999,50.045,19.6,83,0.0,0,False,,Tuesday,21,343
2025-12-09 22:00:00,9357.177499999998,50.055,18.9,82,0.0,0,False,,Tuesday,22,343
2025-12-09 23:00:00,9385.7775,49.995000000000005,18.5,85,0.0,0,False,,Tuesday,23,343
2025-12-10 00:00:00,8669.4525,50.03,18.1,88,0.0,0,False,,Wednesday,0,344
2025-12-10 01:00:00,9228.392500000002,50.04,17.7,89,0.0,1,False,,Wednesday,1,344
2025-12-10 02:00:00,8506.182499999999,50.01,17.4,89,0.0,0,False,,Wednesday,2,344
2025-12-10 03:00:00,8410.205,49.98,17.2,80,0.0,0,False,,Wednesday,3,344
2025-12-10 04:00:00,8640.675,49.915,17.0,68,0.0,0,False,,Wednesday,4,344
2025-12-10 05:00:00,9577.9775,50.01,17.0,75,0.0,0,False,,Wednesday,5,344
2025-12-10 06:00:00,10749.285,50.075,17.0,70,0.0,0,False,,Wednesday,6,344
2025-12-10 07:00:00,12047.4125,50.019999999999996,17.8,65,0.0,0,False,,Wednesday,7,344
2025-12-10 08:00:00,13109.2125,50.005,20.0,51,0.0,0,False,,Wednesday,8,344
2025-12-10 09:00:00,13932.4,50.04,22.4,39,0.0,0,False,,Wednesday,9,344
2025-12-10 10:00:00,15853.7775,50.010000000000005,24.6,26,0.0,1,False,,Wednesday,10,344
2025-12-10 11:00:00,15399.1675,49.974999999999994,25.8,28,0.0,1,False,,Wednesday,11,344
2025-12-10 12:00:00,15011.192500000001,49.974999999999994,26.6,30,0.0,0,False,,Wednesday,12,344
2025-12-10 13:00:00,14645.057499999999,50.045,27.2,30,0.0,0,False,,Wednesday,13,344
2025-12-10 14:00:00,14296.7125,50.015,27.4,29,0.0,0,False,,Wednesday,14,344
2025-12-10 15:00:00,14629.0625,49.985,27.0,29,0.0,0,False,,Wednesday,15,344
2025-12-10 16:00:00,14577.767499999998,50.019999999999996,26.2,29,0.0,2,False,,Wednesday,16,344
2025-12-10 17:00:00,12760.6175,50.025000000000006,24.7,33,0.0,3,False,,Wednesday,17,344
2025-12-10 18:00:00,11968.092499999999,50.05500000000001,22.5,42,0.0,3,False,,Wednesday,18,344
2025-12-10 19:00:00,10889.3,50.025,21.0,50,0.0,2,False,,Wednesday,19,344
2025-12-10 20:00:00,10097.142499999998,50.01,19.6,63,0.0,2,False,,Wednesday,20,344
2025-12-10 21:00:00,9577.08,50.025,18.8,74,0.0,2,False,,Wednesday,21,344
2025-12-10 22:00:00,9178.2225,50.06,18.1,78,0.0,1,False,,Wednesday,22,344
2025-12-10 23:00:00,9147.485,50.010000000000005,17.5,81,0.0,0,False,,Wednesday,23,344
2025-12-11 00:00:00,8498.357499999998,50.045,16.7,88,0.0,0,False,,Thursday,0,345
2025-12-11 01:00:00,8875.31,50.04,16.1,93,0.0,0,False,,Thursday,1,345
2025-12-11 02:00:00,8559.592499999999,50.015,15.7,93,0.0,0,False,,Thursday,2,345
2025-12-11 03:00:00,8495.192500000001,50.0,15.2,92,0.0,0,False,,Thursday,3,345
2025-12-11 04:00:00,8881.9025,50.010000000000005,14.9,87,0.0,0,False,,Thursday,4,345
2025-12-11 05:00:00,9406.58,50.125,14.9,86,0.0,0,False,,Thursday,5,345
2025-12-11 06:00:00,10522.0025,50.095,14.8,84,0.0,0,False,,Thursday,6,345
2025-12-11 07:00:00,11982.525,50.075,15.8,79,0.0,0,False,,Thursday,7,345
2025-12-11 08:00:00,12741.220000000001,50.075,18.1,68,0.0,0,False,,Thursday,8,345
2025-12-11 09:00:00,13810.525000000001,50.065,20.6,52,0.0,0,False,,Thursday,9,345
2025-12-11 10:00:00,15566.537499999999,50.07,22.9,40,0.0,0,False,,Thursday,10,345
2025-12-11 11:00:00,15447.6525,49.974999999999994,24.5,35,0.0,0,False,,Thursday,11,345
2025-12-11 12:00:00,15127.3625,49.995000000000005,25.8,32,0.0,0,False,,Thursday,12,345
2025-12-11 13:00:00,14784.4575,50.004999999999995,26.5,30,0.0,0,False,,Thursday,13,345
2025-12-11 14:00:00,14492.945,50.025,26.5,34,0.0,0,False,,Thursday,14,345
2025-12-11 15:00:00,14908.1375,50.045,26.0,37,0.0,0,False,,Thursday,15,345
2025-12-11 16:00:00,14799.76,50.065,25.0,40,0.0,0,False,,Thursday,16,345
2025-12-11 17:00:00,12801.08,50.09,23.8,44,0.0,0,False,,Thursday,17,345
2025-12-11 18:00:00,12097.7025,50.08,22.1,53,0.0,0,False,,Thursday,18,345
2025-12-11 19:00:00,10938.869999999999,50.05,21.0,58,0.0,0,False,,Thursday,19,345
2025-12-11 20:00:00,10214.8575,49.98,19.8,65,0.0,0,False,,Thursday,20,345
2025-12-11 21:00:00,9553.5875,49.92,18.6,71,0.0,0,False,,Thursday,21,345
2025-12-11 22:00:00,9508.46,49.995000000000005,17.7,76,0.0,0,False,,Thursday,22,345
2025-12-11 23:00:00,9478.95,49.959999999999994,17.2,81,0.0,0,False,,Thursday,23,345
2025-12-12 00:00:00,8713.035,49.974999999999994,16.5,86,0.0,0,False,,Friday,0,346
2025-12-12 01:00:00,8979.095000000001,49.980000000000004,15.9,91,0.0,0,False,,Friday,1,346
2025-12-12 02:00:00,8545.845000000001,50.06,15.4,95,0.0,0,False,,Friday,2,346
2025-12-12 03:00:00,8462.56,50.04,15.0,97,0.0,0,False,,Friday,3,346
2025-12-12 04:00:00,8797.6375,49.995000000000005,14.6,97,0.0,0,False,,Friday,4,346
2025-12-12 05:00:00,9662.7925,50.042500000000004,14.2,99,0.0,2,False,,Friday,5,346
2025-12-12 06:00:00,10695.7425,50.11,13.9,98,0.0,3,False,,Friday,6,346
2025-12-12 07:00:00,12377.1775,50.095,14.4,96,0.0,3,False,,Friday,7,346
2025-12-12 08:00:00,13561.45,50.04,16.5,81,0.0,3,False,,Friday,8,346
2025-12-12 09:00:00,14022.7275,50.03,19.5,61,0.0,3,False,,Friday,9,346
2025-12-12 10:00:00,16111.12,50.019999999999996,21.9,50,0.0,3,False,,Friday,10,346
2025-12-12 11:00:00,15718.6925,50.0,23.6,43,0.0,3,False,,Friday,11,346
2025-12-12 12:00:00,15420.1575,49.935,25.2,36,0.0,3,False,,Friday,12,346
2025-12-12 13:00:00,15197.482500000002,50.01,26.3,31,0.0,3,False,,Friday,13,346
2025-12-12 14:00:00,14981.162499999999,50.035,26.7,30,0.0,3,False,,Friday,14,346
2025-12-12 15:00:00,15382.58,50.075,26.5,31,0.0,3,False,,Friday,15,346
2025-12-12 16:00:00,15458.4175,50.175,25.8,33,0.0,3,False,,Friday,16,346
2025-12-12 17:00:00,13374.64,50.04,24.6,37,0.0,0,False,,Friday,17,346
2025-12-12 18:00:00,12493.3125,50.055,22.8,46,0.0,0,False,,Friday,18,346
2025-12-12 19:00:00,11259.395,50.019999999999996,21.4,53,0.0,0,False,,Friday,19,346
2025-12-12 20:00:00,10479.435,50.015,20.0,59,0.0,0,False,,Friday,20,346
2025-12-12 21:00:00,9862.675,49.980000000000004,18.6,66,0.0,0,False,,Friday,21,346
2025-12-12 22:00:00,9744.0275,50.035,17.6,73,0.0,0,False,,Friday,22,346
2025-12-12 23:00:00,9263.599999999999,49.980000000000004,17.1,81,0.0,0,False,,Friday,23,346
2025-12-13 00:00:00,8863.627499999999,50.010000000000005,16.3,88,0.0,0,False,,Saturday,0,347
2025-12-13 01:00:00,9452.1225,49.965,15.9,92,0.0,0,False,,Saturday,1,347
2025-12-13 02:00:00,8842.1675,50.019999999999996,15.4,95,0.0,0,False,,Saturday,2,347
2025-12-13 03:00:00,8717.2975,50.010000000000005,14.9,97,0.0,1,False,,Saturday,3,347
2025-12-13 04:00:00,8962.265,50.025,14.6,98,0.0,2,False,,Saturday,4,347
2025-12-13 05:00:00,9614.232499999998,49.99,14.4,99,0.0,3,False,,Saturday,5,347
2025-12-13 06:00:00,10790.14,50.144999999999996,14.1,99,0.0,3,False,,Saturday,6,347
2025-12-13 07:00:00,11797.205,50.07,14.1,98,0.0,3,False,,Saturday,7,347
2025-12-13 08:00:00,12928.175,49.975,16.0,83,0.0,0,False,,Saturday,8,347
2025-12-13 09:00:00,13681.56,50.03,20.2,50,0.0,0,False,,Saturday,9,347
2025-12-13 10:00:00,16081.265,50.0,22.8,31,0.0,0,False,,Saturday,10,347
2025-12-13 11:00:00,15799.704999999998,50.01,24.2,27,0.0,2,False,,Saturday,11,347
2025-12-13 12:00:00,15377.607500000002,50.035,25.9,22,0.0,1,False,,Saturday,12,347
2025-12-13 13:00:00,15002.39,49.935,26.9,19,0.0,2,False,,Saturday,13,347
2025-12-13 14:00:00,14878.307499999999,49.989999999999995,27.2,17,0.0,3,False,,Saturday,14,347
2025-12-13 15:00:00,15310.94,50.04,27.1,17,0.0,3,False,,Saturday,15,347
2025-12-13 16:00:00,15400.592499999999,50.065,26.5,18,0.0,3,False,,Saturday,16,347
2025-12-13 17:00:00,12883.970000000001,50.06,24.9,23,0.0,3,False,,Saturday,17,347
2025-12-13 18:00:00,12237.595,50.035,22.8,30,0.0,2,False,,Saturday,18,347
2025-12-13 19:00:00,10883.63,50.0,21.2,39,0.0,1,False,,Saturday,19,347
2025-12-13 20:00:00,10138.494999999999,50.015,20.0,46,0.0,0,False,,Saturday,20,347
2025-12-13 21:00:00,9368.0875,49.98,18.5,53,0.0,0,False,,Saturday,21,347
2025-12-13 22:00:00,9451.532500000001,50.035,17.5,61,0.0,0,False,,Saturday,22,347
2025-12-13 23:00:00,9378.965,49.985,16.9,76,0.0,0,False,,Saturday,23,347
2025-12-14 00:00:00,8576.635,49.995000000000005,16.1,84,0.0,0,True,Sunday,Sunday,0,348
2025-12-14 01:00:00,8956.855,50.0,15.5,92,0.0,0,True,Sunday,Sunday,1,348
2025-12-14 02:00:00,8498.627499999999,50.01,14.9,98,0.0,3,True,Sunday,Sunday,2,348
2025-12-14 03:00:00,8287.099999999999,49.985,14.8,99,0.0,3,True,Sunday,Sunday,3,348
2025-12-14 04:00:00,8513.3025,49.995,14.5,98,0.0,3,True,Sunday,Sunday,4,348
2025-12-14 05:00:00,9536.195,50.025,14.4,98,0.0,3,True,Sunday,Sunday,5,348
2025-12-14 06:00:00,10036.0525,50.09,14.1,96,0.0,1,True,Sunday,Sunday,6,348
2025-12-14 07:00:00,10813.7975,50.1,15.1,80,0.0,0,True,Sunday,Sunday,7,348
2025-12-14 08:00:00,11659.0425,49.989999999999995,17.5,68,0.0,0,True,Sunday,Sunday,8,348
2025-12-14 09:00:00,13041.675000000001,50.015,20.1,53,0.0,0,True,Sunday,Sunday,9,348
2025-12-14 10:00:00,14680.322499999998,50.08,22.4,43,0.0,0,True,Sunday,Sunday,10,348
2025-12-14 11:00:00,14802.2775,50.095,23.8,38,0.0,0,True,Sunday,Sunday,11,348
2025-12-14 12:00:00,14356.62,50.035,24.9,32,0.0,0,True,Sunday,Sunday,12,348
2025-12-14 13:00:00,14514.772500000001,50.025,25.7,29,0.0,0,True,Sunday,Sunday,13,348
2025-12-14 14:00:00,14270.9175,50.07,26.0,29,0.0,0,True,Sunday,Sunday,14,348
2025-12-14 15:00:00,14005.150000000001,50.040000000000006,26.0,29,0.0,0,True,Sunday,Sunday,15,348
2025-12-14 16:00:00,13939.01,50.010000000000005,25.3,30,0.0,0,True,Sunday,Sunday,16,348
2025-12-14 17:00:00,11753.677500000002,50.05500000000001,24.2,35,0.0,0,True,Sunday,Sunday,17,348
2025-12-14 18:00:00,11037.9075,50.075,22.8,42,0.0,0,True,Sunday,Sunday,18,348
2025-12-14 19:00:00,9809.192500000001,50.025,21.6,50,0.0,0,True,Sunday,Sunday,19,348
2025-12-14 20:00:00,9572.54,49.985,20.0,60,0.0,0,True,Sunday,Sunday,20,348
2025-12-14 21:00:00,8918.3075,50.05,18.6,69,0.0,0,True,Sunday,Sunday,21,348
2025-12-14 22:00:00,8741.6075,50.019999999999996,17.6,76,0.0,0,True,Sunday,Sunday,22,348
2025-12-14 23:00:00,8674.105,50.0,17.0,81,0.0,0,True,Sunday,Sunday,23,348
2025-12-15 00:00:00,8088.297500000001,50.025000000000006,16.4,84,0.0,0,False,,Monday,0,349
2025-12-15 01:00:00,8634.64,49.96,15.8,88,0.0,0,False,,Monday,1,349
2025-12-15 02:00:00,8100.3975,49.93,15.2,93,0.0,0,False,,Monday,2,349
2025-12-15 03:00:00,7916.1900000000005,49.97,14.8,97,0.0,3,False,,Monday,3,349
2025-12-15 04:00:00,8302.657500000001,50.019999999999996,14.8,99,0.0,3,False,,Monday,4,349
2025-12-15 05:00:00,9057.2125,50.075,14.6,98,0.0,3,False,,Monday,5,349
2025-12-15 06:00:00,10184.134999999998,50.08,14.2,95,0.0,2,False,,Monday,6,349
2025-12-15 07:00:00,11785.735,50.05,14.3,90,0.0,1,False,,Monday,7,349
2025-12-15 08:00:00,13206.697499999998,50.025000000000006,16.2,77,0.0,0,False,,Monday,8,349
2025-12-15 09:00:00,14080.887499999999,50.03,19.0,59,0.0,0,False,,Monday,9,349
2025-12-15 10:00:00,16143.2,50.045,21.6,44,0.0,0,False,,Monday,10,349
2025-12-15 11:00:00,15963.287500000002,50.07,23.4,37,0.0,0,False,,Monday,11,349
2025-12-15 12:00:00,15551.140000000001,50.025,25.1,30,0.0,0,False,,Monday,12,349
2025-12-15 13:00:00,15732.9675,50.06,26.0,28,0.0,0,False,,Monday,13,349
2025-12-15 14:00:00,15445.3975,50.05,26.4,27,0.0,0,False,,Monday,14,349
2025-12-15 15:00:00,15763.15,50.03,26.1,28,0.0,0,False,,Monday,15,349
2025-12-15 16:00:00,15750.0,49.975,25.4,30,0.0,0,False,,Monday,16,349
2025-12-15 17:00:00,13415.2075,50.025,23.9,34,0.0,0,False,,Monday,17,349
2025-12-15 18:00:00,12675.255,50.07,22.2,42,0.0,0,False,,Monday,18,349
2025-12-15 19:00:00,11313.615,50.08,21.1,48,0.0,0,False,,Monday,19,349
2025-12-15 20:00:00,10408.432499999999,50.010000000000005,19.7,56,0.0,0,False,,Monday,20,349
2025-12-15 21:00:00,9531.4175,50.0,18.5,66,0.0,0,False,,Monday,21,349
2025-12-15 22:00:00,9225.564999999999,50.09,17.5,73,0.0,0,False,,Monday,22,349
2025-12-15 23:00:00,9050.525,49.97,16.9,79,0.0,3,False,,Monday,23,349
2025-12-16 00:00:00,8414.0075,50.05500000000001,16.4,83,0.0,1,False,,Tuesday,0,350
2025-12-16 01:00:00,9054.9475,49.96,16.0,88,0.0,2,False,,Tuesday,1,350
2025-12-16 02:00:00,8542.720000000001,49.93,15.8,94,0.0,3,False,,Tuesday,2,350
2025-12-16 03:00:00,8669.8625,49.97,15.5,97,0.0,3,False,,Tuesday,3,350
2025-12-16 04:00:00,8988.4725,50.019999999999996,15.4,97,0.0,3,False,,Tuesday,4,350
2025-12-16 05:00:00,9761.8075,50.075,15.9,96,0.0,2,False,,Tuesday,5,350
2025-12-16 06:00:00,10908.1025,50.08,16.2,91,0.0,2,False,,Tuesday,6,350
2025-12-16 07:00:00,12731.4375,50.03,17.2,83,0.0,2,False,,Tuesday,7,350
2025-12-16 08:00:00,13823.852499999999,49.959999999999994,19.5,70,0.0,2,False,,Tuesday,8,350
2025-12-16 09:00:00,14740.3125,50.085,22.0,56,0.0,2,False,,Tuesday,9,350
2025-12-16 10:00:00,16554.655,49.980000000000004,24.0,53,0.0,2,False,,Tuesday,10,350
2025-12-16 11:00:00,15683.4025,50.019999999999996,25.0,54,0.0,3,False,,Tuesday,11,350
2025-12-16 12:00:00,15578.779999999999,50.035,24.5,60,0.0,3,False,,Tuesday,12,350
2025-12-16 13:00:00,15001.869999999999,49.91,24.0,64,0.1,51,False,,Tuesday,13,350
2025-12-16 14:00:00,14939.932499999999,50.114999999999995,24.0,64,0.0,3,False,,Tuesday,14,350
2025-12-16 15:00:00,15127.6725,50.04,23.7,66,0.0,2,False,,Tuesday,15,350
2025-12-16 16:00:00,15104.695,50.06,23.8,66,0.0,3,False,,Tuesday,16,350
2025-12-16 17:00:00,12882.2175,50.14,22.4,74,0.0,3,False,,Tuesday,17,350
2025-12-16 18:00:00,12167.019999999999,50.095,21.7,78,0.0,3,False,,Tuesday,18,350
2025-12-16 19:00:00,11007.900000000001,50.015,21.0,82,0.0,3,False,,Tuesday,19,350
2025-12-16 20:00:00,10207.665,49.985,20.9,83,0.0,3,False,,Tuesday,20,350
2025-12-16 21:00:00,9537.932499999999,49.96,20.5,85,0.0,3,False,,Tuesday,21,350
2025-12-16 22:00:00,9321.205,50.055,19.6,89,0.0,3,False,,Tuesday,22,350
2025-12-16 23:00:00,9132.33,50.005,20.1,91,0.0,3,False,,Tuesday,23,350
2025-12-17 00:00:00,8559.845,49.965,20.0,91,0.0,3,False,,Wednesday,0,351
2025-12-17 01:00:00,8918.3475,49.935,19.9,89,0.0,3,False,,Wednesday,1,351
2025-12-17 02:00:00,8362.265,49.97,19.5,90,0.0,3,False,,Wednesday,2,351
2025-12-17 03:00:00,8593.59,49.980000000000004,19.3,92,0.0,3,False,,Wednesday,3,351
2025-12-17 04:00:00,8948.695,50.05,18.2,97,0.0,3,False,,Wednesday,4,351
2025-12-17 05:00:00,9770.2225,50.065,19.0,91,0.0,3,False,,Wednesday,5,351
2025-12-17 06:00:00,10712.205,50.085,18.7,94,0.0,3,False,,Wednesday,6,351
2025-12-17 07:00:00,12514.2225,50.055,19.4,88,0.0,2,False,,Wednesday,7,351
2025-12-17 08:00:00,13995.9825,50.01,20.6,80,0.0,1,False,,Wednesday,8,351
2025-12-17 09:00:00,14426.137499999999,50.129999999999995,22.5,68,0.0,1,False,,Wednesday,9,351
2025-12-17 10:00:00,16202.385,50.05,24.2,59,0.0,1,False,,Wednesday,10,351
2025-12-17 11:00:00,15827.994999999999,49.980000000000004,25.3,52,0.0,1,False,,Wednesday,11,351
2025-12-17 12:00:00,15240.179999999998,49.989999999999995,26.2,45,0.0,1,False,,Wednesday,12,351
2025-12-17 13:00:00,14699.195000000002,49.97,26.7,43,0.0,1,False,,Wednesday,13,351
2025-12-17 14:00:00,14778.7525,50.07,26.9,43,0.0,1,False,,Wednesday,14,351
2025-12-17 15:00:00,15222.7025,50.055,26.8,42,0.0,1,False,,Wednesday,15,351
2025-12-17 16:00:00,15419.64,50.004999999999995,26.0,42,0.0,1,False,,Wednesday,16,351
2025-12-17 17:00:00,13247.715,49.980000000000004,24.8,47,0.0,2,False,,Wednesday,17,351
2025-12-17 18:00:00,12670.932499999999,49.955,23.0,56,0.0,0,False,,Wednesday,18,351
2025-12-17 19:00:00,11310.9275,49.980000000000004,21.8,60,0.0,3,False,,Wednesday,19,351
2025-12-17 20:00:00,10449.65,50.025,20.6,64,0.0,3,False,,Wednesday,20,351
2025-12-17 21:00:00,9982.1425,50.01,19.5,70,0.0,3,False,,Wednesday,21,351
2025-12-17 22:00:00,9664.0675,50.0,18.5,75,0.0,3,False,,Wednesday,22,351
2025-12-17 23:00:00,9531.3,50.05,17.8,83,0.0,0,False,,Wednesday,23,351
2025-12-18 00:00:00,8914.962499999998,50.019999999999996,17.1,87,0.0,3,False,,Thursday,0,352
2025-12-18 01:00:00,8957.3225,49.94,16.4,91,0.0,3,False,,Thursday,1,352
2025-12-18 02:00:00,8653.1525,49.980000000000004,15.8,93,0.0,3,False,,Thursday,2,352
2025-12-18 03:00:00,8890.29,49.995000000000005,15.3,90,0.0,3,False,,Thursday,3,352
2025-12-18 04:00:00,8982.572499999998,50.015,15.0,84,0.0,3,False,,Thursday,4,352
2025-12-18 05:00:00,9750.1025,50.04,15.1,86,0.0,3,False,,Thursday,5,352
2025-12-18 06:00:00,10762.822499999998,50.045,14.9,84,0.0,3,False,,Thursday,6,352
2025-12-18 07:00:00,12574.2925,50.06,15.8,81,0.0,3,False,,Thursday,7,352
2025-12-18 08:00:00,13508.27,49.975,17.9,73,0.0,3,False,,Thursday,8,352
2025-12-18 09:00:00,14377.327500000001,49.980000000000004,20.4,61,0.0,3,False,,Thursday,9,352
2025-12-18 10:00:00,16485.0425,50.065,22.9,46,0.0,1,False,,Thursday,10,352
2025-12-18 11:00:00,16216.5625,49.995000000000005,24.5,37,0.0,3,False,,Thursday,11,352
2025-12-18 12:00:00,15889.945,50.03,25.9,32,0.0,3,False,,Thursday,12,352
2025-12-18 13:00:00,15257.5475,49.93,26.8,27,0.0,3,False,,Thursday,13,352
2025-12-18 14:00:00,14815.62,49.980000000000004,27.0,26,0.0,3,False,,Thursday,14,352
2025-12-18 15:00:00,15243.762499999999,49.95,26.7,28,0.0,1,False,,Thursday,15,352
2025-12-18 16:00:00,15966.75,50.025,26.0,32,0.0,2,False,,Thursday,16,352
2025-12-18 17:00:00,13388.6025,50.055,24.4,36,0.0,3,False,,Thursday,17,352
2025-12-18 18:00:00,12029.529999999999,49.825,22.4,47,0.0,3,False,,Thursday,18,352
2025-12-18 19:00:00,11650.77,50.03,21.0,57,0.0,3,False,,Thursday,19,352
2025-12-18 20:00:00,10711.489999999998,50.040000000000006,20.0,66,0.0,3,False,,Thursday,20,352
2025-12-18 21:00:00,9859.317500000001,50.0,19.0,72,0.0,3,False,,Thursday,21,352
2025-12-18 22:00:00,9667.324999999999,49.97,18.3,76,0.0,3,False,,Thursday,22,352
2025-12-18 23:00:00,9602.779999999999,50.015,17.5,82,0.0,3,False,,Thursday,23,352
2025-12-19 00:00:00,8851.855,49.97,16.9,84,0.0,3,False,,Friday,0,353
2025-12-19 01:00:00,9268.185,49.92,16.4,87,0.0,3,False,,Friday,1,353
2025-12-19 02:00:00,8768.307499999999,50.0,15.9,91,0.0,3,False,,Friday,2,353
2025-12-19 03:00:00,8705.989999999998,50.02,15.4,95,0.0,3,False,,Friday,3,353
2025-12-19 04:00:00,9175.9575,50.03,14.9,98,0.0,3,False,,Friday,4,353
2025-12-19 05:00:00,9922.7975,50.015,15.1,97,0.0,3,False,,Friday,5,353
2025-12-19 06:00:00,11125.805,50.075,14.8,97,0.0,3,False,,Friday,6,353
2025-12-19 07:00:00,12388.0775,50.045,15.0,93,0.0,3,False,,Friday,7,353
2025-12-19 08:00:00,13759.51,49.92,16.6,82,0.0,3,False,,Friday,8,353
2025-12-19 09:00:00,14562.822499999998,50.105,19.8,61,0.0,2,False,,Friday,9,353
2025-12-19 10:00:00,16748.7475,50.040000000000006,22.3,46,0.0,2,False,,Friday,10,353
2025-12-19 11:00:00,15742.677500000002,49.995000000000005,23.7,37,0.0,2,False,,Friday,11,353
2025-12-19 12:00:00,16114.747500000001,49.97,25.1,33,0.0,2,False,,Friday,12,353
2025-12-19 13:00:00,15892.965,49.985,26.0,31,0.0,2,False,,Friday,13,353
2025-12-19 14:00:00,15451.415,50.015,26.5,29,0.0,3,False,,Friday,14,353
2025-12-19 15:00:00,15736.53,50.05,26.5,28,0.0,0,False,,Friday,15,353
2025-12-19 16:00:00,15797.375,50.019999999999996,25.8,29,0.0,0,False,,Friday,16,353
2025-12-19 17:00:00,13457.574999999999,50.02,24.3,34,0.0,0,False,,Friday,17,353
2025-12-19 18:00:00,11845.25,50.035,22.8,41,0.0,0,False,,Friday,18,353
2025-12-19 19:00:00,10938.8475,50.0,21.8,46,0.0,1,False,,Friday,19,353
2025-12-19 20:00:00,10360.8475,50.0,20.8,50,0.0,1,False,,Friday,20,353
2025-12-19 21:00:00,9649.715,50.065,19.1,57,0.0,2,False,,Friday,21,353
2025-12-19 22:00:00,9456.2675,50.01,17.9,64,0.0,3,False,,Friday,22,353
2025-12-19 23:00:00,9403.192500000001,49.97,17.1,70,0.0,3,False,,Friday,23,353
2025-12-20 00:00:00,8881.447499999998,49.974999999999994,16.5,74,0.0,3,False,,Saturday,0,354
2025-12-20 01:00:00,9320.8,49.99,16.1,77,0.0,0,False,,Saturday,1,354
2025-12-20 02:00:00,8930.3725,50.025000000000006,15.5,82,0.0,0,False,,Saturday,2,354
2025-12-20 03:00:00,8909.5325,49.97,14.9,87,0.0,1,False,,Saturday,3,354
2025-12-20 04:00:00,9209.18,49.97,14.4,90,0.0,1,False,,Saturday,4,354
2025-12-20 05:00:00,10037.662499999999,50.019999999999996,13.9,95,0.0,3,False,,Saturday,5,354
2025-12-20 06:00:00,11046.2575,50.099999999999994,13.8,99,0.0,3,False,,Saturday,6,354
2025-12-20 07:00:00,12053.304999999998,50.065,14.1,98,0.0,3,False,,Saturday,7,354
2025-12-20 08:00:00,13133.455,49.879999999999995,14.9,95,0.0,3,False,,Saturday,8,354
2025-12-20 09:00:00,14333.282500000001,50.025,17.9,74,0.0,1,False,,Saturday,9,354
2025-12-20 10:00:00,16430.96,50.025,20.5,57,0.0,3,False,,Saturday,10,354
2025-12-20 11:00:00,15564.075,50.025000000000006,21.9,48,0.0,2,False,,Saturday,11,354
2025-12-20 12:00:00,15248.585,49.97,23.6,41,0.0,3,False,,Saturday,12,354
2025-12-20 13:00:00,15473.425,50.005,24.7,36,0.0,3,False,,Saturday,13,354
2025-12-20 14:00:00,14323.8925,50.06,25.2,35,0.0,1,False,,Saturday,14,354
2025-12-20 15:00:00,14981.567499999997,49.945,25.2,35,0.0,0,False,,Saturday,15,354
2025-12-20 16:00:00,15343.252499999999,50.09,24.7,38,0.0,0,False,,Saturday,16,354
2025-12-20 17:00:00,13143.915,49.985,23.6,41,0.0,0,False,,Saturday,17,354
2025-12-20 18:00:00,11192.1525,49.849999999999994,22.2,45,0.0,0,False,,Saturday,18,354
2025-12-20 19:00:00,10952.04,49.980000000000004,21.6,47,0.0,2,False,,Saturday,19,354
2025-12-20 20:00:00,10276.685000000001,50.035,20.0,54,0.0,2,False,,Saturday,20,354
2025-12-20 21:00:00,9799.199999999999,50.025,18.6,62,0.0,0,False,,Saturday,21,354
2025-12-20 22:00:00,9581.325,50.03,17.9,67,0.0,0,False,,Saturday,22,354
2025-12-20 23:00:00,9451.5925,49.965,17.4,71,0.0,0,False,,Saturday,23,354
2025-12-21 00:00:00,8991.985,49.985,16.9,74,0.0,0,True,Sunday,Sunday,0,355
2025-12-21 01:00:00,9290.317500000001,49.96,16.4,76,0.0,1,True,Sunday,Sunday,1,355
2025-12-21 02:00:00,8883.215,49.955,15.6,84,0.0,1,True,Sunday,Sunday,2,355
2025-12-21 03:00:00,8708.337500000001,50.0,14.9,94,0.0,1,True,Sunday,Sunday,3,355
2025-12-21 04:00:00,9053.035,50.04,14.5,99,0.0,3,True,Sunday,Sunday,4,355
2025-12-21 05:00:00,9645.805,50.045,14.4,99,0.0,3,True,Sunday,Sunday,5,355
2025-12-21 06:00:00,10291.335000000001,50.105000000000004,14.2,100,0.0,3,True,Sunday,Sunday,6,355
2025-12-21 07:00:00,10647.905,50.055,14.2,98,0.0,3,True,Sunday,Sunday,7,355
2025-12-21 08:00:00,11886.0275,49.97,15.2,92,0.0,1,True,Sunday,Sunday,8,355
2025-12-21 09:00:00,13184.2575,49.989999999999995,18.5,70,0.0,0,True,Sunday,Sunday,9,355
2025-12-21 10:00:00,15282.197499999998,50.035,21.0,53,0.0,1,True,Sunday,Sunday,10,355
2025-12-21 11:00:00,15434.265,49.995000000000005,22.5,46,0.0,2,True,Sunday,Sunday,11,355
2025-12-21 12:00:00,14679.3675,50.11,24.1,39,0.0,2,True,Sunday,Sunday,12,355
2025-12-21 13:00:00,14977.7925,50.03,25.1,36,0.0,3,True,Sunday,Sunday,13,355
2025-12-21 14:00:00,14548.7625,50.019999999999996,25.6,35,0.0,2,True,Sunday,Sunday,14,355
2025-12-21 15:00:00,14509.3725,50.03,25.7,35,0.0,1,True,Sunday,Sunday,15,355
2025-12-21 16:00:00,13968.48,49.83,25.2,38,0.0,3,True,Sunday,Sunday,16,355
2025-12-21 17:00:00,11743.2125,49.95,24.1,40,0.0,0,True,Sunday,Sunday,17,355
2025-12-21 18:00:00,11162.5775,49.96,22.9,46,0.0,0,True,Sunday,Sunday,18,355
2025-12-21 19:00:00,9882.3475,50.055,21.5,55,0.0,0,True,Sunday,Sunday,19,355
2025-12-21 20:00:00,9167.935,49.925,20.1,63,0.0,0,True,Sunday,Sunday,20,355
2025-12-21 21:00:00,8630.470000000001,50.045,19.0,69,0.0,1,True,Sunday,Sunday,21,355
2025-12-21 22:00:00,8669.7975,50.035,18.4,72,0.0,2,True,Sunday,Sunday,22,355
2025-12-21 23:00:00,8571.045,49.995000000000005,17.9,80,0.0,1,True,Sunday,Sunday,23,355
2025-12-22 00:00:00,8217.4725,50.01,16.8,87,0.0,0,False,,Monday,0,356
2025-12-22 01:00:00,8661.305,49.92,15.8,96,0.0,1,False,,Monday,1,356
2025-12-22 02:00:00,8431.327500000001,49.94,15.6,97,0.0,3,False,,Monday,2,356
2025-12-22 03:00:00,8249.54,50.01,15.4,95,0.0,3,False,,Monday,3,356
2025-12-22 04:00:00,8530.657500000001,49.995000000000005,15.0,96,0.0,2,False,,Monday,4,356
2025-12-22 05:00:00,9282.7575,50.055,14.4,99,0.0,3,False,,Monday,5,356
2025-12-22 06:00:00,10266.4125,50.06,14.2,100,0.0,3,False,,Monday,6,356
2025-12-22 07:00:00,12097.664999999999,50.05,14.5,98,0.0,3,False,,Monday,7,356
2025-12-22 08:00:00,13629.445,49.95,15.9,86,0.0,3,False,,Monday,8,356
2025-12-22 09:00:00,14297.2125,50.010000000000005,17.9,69,0.0,1,False,,Monday,9,356
2025-12-22 10:00:00,16364.130000000001,50.045,20.3,55,0.0,0,False,,Monday,10,356
2025-12-22 11:00:00,16176.162499999999,50.07,21.9,51,0.0,3,False,,Monday,11,356
2025-12-22 12:00:00,15738.61,50.125,23.3,48,0.0,3,False,,Monday,12,356
2025-12-22 13:00:00,15468.87,49.94,24.1,43,0.0,3,False,,Monday,13,356
2025-12-22 14:00:00,15370.875,50.03,24.8,44,0.0,3,False,,Monday,14,356
2025-12-22 15:00:00,15695.225,50.004999999999995,24.8,46,0.0,3,False,,Monday,15,356
2025-12-22 16:00:00,15812.9825,49.985,24.1,47,0.0,3,False,,Monday,16,356
2025-12-22 17:00:00,13660.42,49.995000000000005,23.1,49,0.0,3,False,,Monday,17,356
2025-12-22 18:00:00,12727.177500000002,50.025,22.1,52,0.0,3,False,,Monday,18,356
2025-12-22 19:00:00,11456.8975,50.040000000000006,21.4,55,0.0,3,False,,Monday,19,356
2025-12-22 20:00:00,10428.787499999999,50.07,20.0,65,0.0,3,False,,Monday,20,356
2025-12-22 21:00:00,9677.165,50.0,18.9,74,0.0,3,False,,Monday,21,356
2025-12-22 22:00:00,9355.4775,49.980000000000004,18.0,81,0.0,3,False,,Monday,22,356
2025-12-22 23:00:00,9434.6125,49.98,17.5,89,0.0,1,False,,Monday,23,356
2025-12-23 00:00:00,8217.4725,50.01,16.7,95,0.0,0,False,,Tuesday,0,357
2025-12-23 01:00:00,9303.0825,49.985,16.4,98,0.0,3,False,,Tuesday,1,357
2025-12-23 02:00:00,8752.8625,49.985,16.4,98,0.0,3,False,,Tuesday,2,357
2025-12-23 03:00:00,8824.724999999999,50.015,16.1,97,0.0,3,False,,Tuesday,3,357
2025-12-23 04:00:00,9020.907500000001,49.995,15.2,99,0.0,3,False,,Tuesday,4,357
2025-12-23 05:00:00,9832.07,50.055,15.4,97,0.0,3,False,,Tuesday,5,357
2025-12-23 06:00:00,10829.869999999999,50.09,15.0,98,0.0,3,False,,Tuesday,6,357
2025-12-23 07:00:00,12573.1275,50.08,14.9,97,0.0,3,False,,Tuesday,7,357
2025-12-23 08:00:00,14035.0025,50.015,15.9,90,0.0,3,False,,Tuesday,8,357
2025-12-23 09:00:00,14926.2275,50.055,18.8,71,0.0,1,False,,Tuesday,9,357
2025-12-23 10:00:00,16931.184999999998,50.025,21.0,54,0.0,0,False,,Tuesday,10,357
2025-12-23 11:00:00,16378.025000000001,50.06,22.4,49,0.0,1,False,,Tuesday,11,357
2025-12-23 12:00:00,15787.224999999999,49.975,24.1,42,0.0,2,False,,Tuesday,12,357
2025-12-23 13:00:00,15574.1875,49.985,25.2,38,0.0,3,False,,Tuesday,13,357
2025-12-23 14:00:00,15258.2025,50.010000000000005,25.6,37,0.0,3,False,,Tuesday,14,357
2025-12-23 15:00:00,15674.87,50.075,25.5,37,0.0,3,False,,Tuesday,15,357
2025-12-23 16:00:00,15637.6225,50.09,25.0,38,0.0,3,False,,Tuesday,16,357
2025-12-23 17:00:00,13173.3525,50.04,23.9,40,0.0,3,False,,Tuesday,17,357
2025-12-23 18:00:00,12597.415,49.975,22.7,45,0.0,0,False,,Tuesday,18,357
2025-12-23 19:00:00,11467.42,49.94499999999999,22.1,48,0.0,0,False,,Tuesday,19,357
2025-12-23 20:00:00,10661.48,50.03,21.0,53,0.0,0,False,,Tuesday,20,357
2025-12-23 21:00:00,9828.255000000001,50.015,19.5,58,0.0,0,False,,Tuesday,21,357
2025-12-23 22:00:00,9702.585,50.08,18.4,64,0.0,0,False,,Tuesday,22,357
2025-12-23 23:00:00,9647.9575,50.005,17.8,69,0.0,0,False,,Tuesday,23,357
2025-12-24 00:00:00,9045.0425,50.004999999999995,17.5,72,0.0,0,False,,Wednesday,0,358
2025-12-24 01:00:00,9303.0825,49.985,16.7,77,0.0,0,False,,Wednesday,1,358
2025-12-24 02:00:00,8752.8625,49.985,15.9,81,0.0,0,False,,Wednesday,2,358
2025-12-24 03:00:00,8824.724999999999,50.015,15.2,86,0.0,0,False,,Wednesday,3,358
2025-12-24 04:00:00,9020.907500000001,49.995,14.4,94,0.0,3,False,,Wednesday,4,358
2025-12-24 05:00:00,9832.07,50.055,14.8,98,0.0,3,False,,Wednesday,5,358
2025-12-24 06:00:00,10829.869999999999,50.09,14.9,97,0.0,3,False,,Wednesday,6,358
2025-12-24 07:00:00,12573.1275,50.08,14.9,94,0.0,3,False,,Wednesday,7,358
2025-12-24 08:00:00,14035.0025,50.015,16.1,87,0.0,1,False,,Wednesday,8,358
2025-12-24 09:00:00,14926.2275,50.055,19.0,70,0.0,0,False,,Wednesday,9,358
2025-12-24 10:00:00,16931.184999999998,50.025,21.4,48,0.0,1,False,,Wednesday,10,358
2025-12-24 11:00:00,16378.025000000001,50.06,22.5,42,0.0,1,False,,Wednesday,11,358
2025-12-24 12:00:00,15787.224999999999,49.975,23.9,37,0.0,2,False,,Wednesday,12,358
2025-12-24 13:00:00,15574.1875,49.985,24.7,36,0.0,2,False,,Wednesday,13,358
2025-12-24 14:00:00,15258.2025,50.010000000000005,25.2,33,0.0,3,False,,Wednesday,14,358
2025-12-24 15:00:00,15674.87,50.075,25.2,34,0.0,3,False,,Wednesday,15,358
2025-12-24 16:00:00,15637.6225,50.09,24.7,37,0.0,3,False,,Wednesday,16,358
2025-12-24 17:00:00,13173.3525,50.04,24.1,42,0.0,3,False,,Wednesday,17,358
2025-12-24 18:00:00,12597.415,49.975,22.9,45,0.0,3,False,,Wednesday,18,358
2025-12-24 19:00:00,11467.42,49.94499999999999,22.2,49,0.0,3,False,,Wednesday,19,358
2025-12-24 20:00:00,10661.48,50.03,21.5,52,0.0,3,False,,Wednesday,20,358
2025-12-24 21:00:00,9828.255000000001,50.015,20.4,56,0.0,3,False,,Wednesday,21,358
2025-12-24 22:00:00,9702.585,50.08,18.9,64,0.0,3,False,,Wednesday,22,358
2025-12-24 23:00:00,9647.9575,50.005,17.8,78,0.0,0,False,,Wednesday,23,358
2025-12-25 00:00:00,8856.09,50.0,17.0,85,0.0,0,True,Christmas,Thursday,0,359
2025-12-25 01:00:00,9492.075,49.975,16.3,88,0.0,0,True,Christmas,Thursday,1,359
2025-12-25 02:00:00,8769.6225,50.025,15.7,91,0.0,0,True,Christmas,Thursday,2,359
2025-12-25 03:00:00,8888.6925,50.035,15.2,93,0.0,0,True,Christmas,Thursday,3,359
2025-12-25 04:00:00,8968.315,50.01,14.9,95,0.0,0,True,Christmas,Thursday,4,359
2025-12-25 05:00:00,9889.282500000001,50.06,14.5,98,0.0,1,True,Christmas,Thursday,5,359
2025-12-25 06:00:00,10384.0725,50.14,14.4,99,0.0,3,True,Christmas,Thursday,6,359
2025-12-25 07:00:00,11442.2975,50.08,14.6,97,0.0,3,True,Christmas,Thursday,7,359
2025-12-25 08:00:00,12699.785,50.06,16.8,84,0.0,0,True,Christmas,Thursday,8,359
2025-12-25 09:00:00,14380.705,50.015,19.8,62,0.0,0,True,Christmas,Thursday,9,359
2025-12-25 10:00:00,16818.5,50.005,22.0,47,0.0,0,True,Christmas,Thursday,10,359
2025-12-25 11:00:00,16709.829999999998,50.03,23.5,38,0.0,0,True,Christmas,Thursday,11,359
2025-12-25 12:00:00,16297.477499999999,49.989999999999995,25.1,31,0.0,0,True,Christmas,Thursday,12,359
2025-12-25 13:00:00,15400.49,49.905,26.3,24,0.0,2,True,Christmas,Thursday,13,359
2025-12-25 14:00:00,15035.8175,50.025,26.8,20,0.0,3,True,Christmas,Thursday,14,359
2025-12-25 15:00:00,15385.074999999999,49.995000000000005,26.6,19,0.0,2,True,Christmas,Thursday,15,359
2025-12-25 16:00:00,15356.517499999998,49.995000000000005,26.0,22,0.0,2,True,Christmas,Thursday,16,359
2025-12-25 17:00:00,13243.215,50.095,25.6,30,0.0,2,True,Christmas,Thursday,17,359
2025-12-25 18:00:00,11983.7375,50.05,24.2,35,0.0,2,True,Christmas,Thursday,18,359
2025-12-25 19:00:00,10921.205,50.06,22.5,46,0.0,2,True,Christmas,Thursday,19,359
2025-12-25 20:00:00,10112.485,49.985,21.6,52,0.0,2,True,Christmas,Thursday,20,359
2025-12-25 21:00:00,9461.630000000001,50.0,20.2,59,0.0,1,True,Christmas,Thursday,21,359
2025-12-25 22:00:00,9340.23,50.035,19.5,70,0.0,0,True,Christmas,Thursday,22,359
2025-12-25 23:00:00,9342.6875,49.995,19.0,81,0.0,1,True,Christmas,Thursday,23,359
2025-12-26 00:00:00,8934.2225,50.025000000000006,18.2,92,0.0,3,False,,Friday,0,360
2025-12-26 01:00:00,9183.025,49.99,18.2,92,0.0,3,False,,Friday,1,360
2025-12-26 02:00:00,8790.08,50.005,18.2,90,0.0,3,False,,Friday,2,360
2025-12-26 03:00:00,8596.9025,50.01,18.1,89,0.0,3,False,,Friday,3,360
2025-12-26 04:00:00,9003.2875,49.974999999999994,17.8,89,0.0,1,False,,Friday,4,360
2025-12-26 05:00:00,9709.2375,49.975,17.4,91,0.0,3,False,,Friday,5,360
2025-12-26 06:00:00,10871.3925,50.075,17.4,90,0.0,3,False,,Friday,6,360
2025-12-26 07:00:00,12222.9875,50.065,17.5,88,0.0,3,False,,Friday,7,360
2025-12-26 08:00:00,13506.4575,50.05,18.9,79,0.0,2,False,,Friday,8,360
2025-12-26 09:00:00,14787.555,50.05,21.0,66,0.0,2,False,,Friday,9,360
2025-12-26 10:00:00,16971.03,50.035,23.0,54,0.0,2,False,,Friday,10,360
2025-12-26 11:00:00,16393.965,49.959999999999994,24.2,48,0.0,1,False,,Friday,11,360
2025-12-26 12:00:00,16167.855,50.03,25.1,44,0.0,1,False,,Friday,12,360
2025-12-26 13:00:00,15960.767500000002,50.135,25.9,40,0.0,1,False,,Friday,13,360
2025-12-26 14:00:00,15083.68,50.015,26.4,37,0.0,1,False,,Friday,14,360
2025-12-26 15:00:00,15600.9375,50.06,26.0,39,0.0,1,False,,Friday,15,360
2025-12-26 16:00:00,15355.2725,50.08,25.5,40,0.0,1,False,,Friday,16,360
2025-12-26 17:00:00,13293.125,50.0,24.9,41,0.0,0,False,,Friday,17,360
2025-12-26 18:00:00,12385.6375,50.055,23.7,45,0.0,0,False,,Friday,18,360
2025-12-26 19:00:00,11370.925,50.04,22.9,49,0.0,0,False,,Friday,19,360
2025-12-26 20:00:00,10463.735,50.045,21.4,57,0.0,1,False,,Friday,20,360
2025-12-26 21:00:00,9848.987500000001,50.035,20.4,63,0.0,0,False,,Friday,21,360
2025-12-26 22:00:00,9382.260000000002,50.05,19.3,67,0.0,0,False,,Friday,22,360
2025-12-26 23:00:00,9489.4575,49.995000000000005,18.3,74,0.0,0,False,,Friday,23,360
2025-12-27 00:00:00,8934.2225,50.025000000000006,17.4,83,0.0,1,False,,Saturday,0,361
2025-12-27 01:00:00,9360.14,49.95,16.4,94,0.0,3,False,,Saturday,1,361
2025-12-27 02:00:00,8864.2575,49.980000000000004,16.2,96,0.0,3,False,,Saturday,2,361
2025-12-27 03:00:00,8904.439999999999,50.025000000000006,16.5,91,0.0,2,False,,Saturday,3,361
2025-12-27 04:00:00,9185.0725,50.06,16.5,90,0.0,1,False,,Saturday,4,361
2025-12-27 05:00:00,9947.800000000001,50.07,16.2,91,0.0,3,False,,Saturday,5,361
2025-12-27 06:00:00,10836.357500000002,50.065,16.1,90,0.0,3,False,,Saturday,6,361
2025-12-27 07:00:00,12285.0775,50.085,16.2,88,0.0,3,False,,Saturday,7,361
2025-12-27 08:00:00,13272.3875,50.045,17.7,75,0.0,1,False,,Saturday,8,361
2025-12-27 09:00:00,14484.080000000002,50.019999999999996,20.1,58,0.0,1,False,,Saturday,9,361
2025-12-27 10:00:00,16474.4775,49.96,22.3,41,0.0,2,False,,Saturday,10,361
2025-12-27 11:00:00,15656.167500000001,49.89,23.5,36,0.0,0,False,,Saturday,11,361
2025-12-27 12:00:00,15285.37,50.05,24.9,31,0.0,0,False,,Saturday,12,361
2025-12-27 13:00:00,14812.377499999999,50.05,25.6,29,0.0,0,False,,Saturday,13,361
2025-12-27 14:00:00,14479.324999999999,50.03,26.0,29,0.0,0,False,,Saturday,14,361
2025-12-27 15:00:00,14731.537499999999,49.965,25.7,30,0.0,0,False,,Saturday,15,361
2025-12-27 16:00:00,14994.342499999999,50.035,25.0,34,0.0,0,False,,Saturday,16,361
2025-12-27 17:00:00,12670.2225,50.03,23.9,40,0.0,0,False,,Saturday,17,361
2025-12-27 18:00:00,12341.0125,50.095,22.9,47,0.0,0,False,,Saturday,18,361
2025-12-27 19:00:00,11367.715,50.004999999999995,21.9,52,0.0,0,False,,Saturday,19,361
2025-12-27 20:00:00,10302.842499999999,49.96,20.8,57,0.0,0,False,,Saturday,20,361
2025-12-27 21:00:00,9507.14,49.94,19.9,60,0.0,0,False,,Saturday,21,361
2025-12-27 22:00:00,9409.2275,50.040000000000006,19.2,63,0.0,0,False,,Saturday,22,361
2025-12-27 23:00:00,9376.404999999999,49.97,18.2,73,0.0,0,False,,Saturday,23,361
2025-12-28 00:00:00,8934.2225,50.025000000000006,17.1,83,0.0,0,True,Sunday,Sunday,0,362
2025-12-28 01:00:00,9398.724999999999,49.975,16.1,91,0.0,0,True,Sunday,Sunday,1,362
2025-12-28 02:00:00,8879.712500000001,50.015,15.4,95,0.0,2,True,Sunday,Sunday,2,362
2025-12-28 03:00:00,8863.945,49.965,15.1,96,0.0,3,True,Sunday,Sunday,3,362
2025-12-28 04:00:00,8953.53,49.974999999999994,15.0,95,0.0,3,True,Sunday,Sunday,4,362
2025-12-28 05:00:00,9712.462499999998,50.05,15.0,99,0.0,3,True,Sunday,Sunday,5,362
2025-12-28 06:00:00,10394.3025,50.06,14.9,99,0.0,3,True,Sunday,Sunday,6,362
2025-12-28 07:00:00,11290.970000000001,50.085,15.0,98,0.0,3,True,Sunday,Sunday,7,362
2025-12-28 08:00:00,12532.080000000002,50.025,16.0,89,0.0,3,True,Sunday,Sunday,8,362
2025-12-28 09:00:00,13582.2975,50.07,19.4,70,0.0,0,True,Sunday,Sunday,9,362
2025-12-28 10:00:00,15152.157500000001,50.040000000000006,22.1,53,0.0,0,True,Sunday,Sunday,10,362
2025-12-28 11:00:00,14488.627499999999,50.0,23.3,48,0.0,0,True,Sunday,Sunday,11,362
2025-12-28 12:00:00,13987.557499999999,50.015,25.1,41,0.0,0,True,Sunday,Sunday,12,362
2025-12-28 13:00:00,13518.895,50.03,26.1,38,0.0,1,True,Sunday,Sunday,13,362
2025-12-28 14:00:00,13154.0,50.035,26.6,38,0.0,2,True,Sunday,Sunday,14,362
2025-12-28 15:00:00,13172.745,50.025,26.4,39,0.0,0,True,Sunday,Sunday,15,362
2025-12-28 16:00:00,13091.419999999998,49.915000000000006,25.7,41,0.0,0,True,Sunday,Sunday,16,362
2025-12-28 17:00:00,11126.942500000001,50.015,24.9,44,0.0,0,True,Sunday,Sunday,17,362
2025-12-28 18:00:00,10723.974999999999,50.04,24.0,47,0.0,0,True,Sunday,Sunday,18,362
2025-12-28 19:00:00,10344.697499999998,49.974999999999994,23.4,50,0.0,0,True,Sunday,Sunday,19,362
2025-12-28 20:00:00,9673.7025,49.995000000000005,22.2,54,0.0,0,True,Sunday,Sunday,20,362
2025-12-28 21:00:00,8922.6575,50.035,20.9,61,0.0,0,True,Sunday,Sunday,21,362
2025-12-28 22:00:00,8904.4,50.010000000000005,19.6,66,0.0,1,True,Sunday,Sunday,22,362
2025-12-28 23:00:00,8924.96,50.035,18.7,74,0.0,3,True,Sunday,Sunday,23,362
2025-12-29 00:00:00,8262.965,49.974999999999994,17.8,80,0.0,3,False,,Monday,0,363
2025-12-29 01:00:00,8687.475,49.97,16.6,87,0.0,2,False,,Monday,1,363
2025-12-29 02:00:00,8369.8375,50.019999999999996,15.7,93,0.0,3,False,,Monday,2,363
2025-12-29 03:00:00,8313.352499999999,49.965,15.1,97,0.0,3,False,,Monday,3,363
2025-12-29 04:00:00,8636.505000000001,50.045,15.0,98,0.0,3,False,,Monday,4,363
2025-12-29 05:00:00,9742.67,50.025000000000006,15.3,99,0.0,3,False,,Monday,5,363
2025-12-29 06:00:00,10499.8625,50.11,15.2,99,0.0,3,False,,Monday,6,363
2025-12-29 07:00:00,12029.7275,50.13,15.5,96,0.0,3,False,,Monday,7,363
2025-12-29 08:00:00,13467.900000000001,50.04,17.0,85,0.0,3,False,,Monday,8,363
2025-12-29 09:00:00,14828.910000000002,50.04,19.9,70,0.0,3,False,,Monday,9,363
2025-12-29 10:00:00,16240.797499999999,50.04,22.4,58,0.0,0,False,,Monday,10,363
2025-12-29 11:00:00,15397.39,50.035,23.9,52,0.0,0,False,,Monday,11,363
2025-12-29 12:00:00,14982.112500000001,50.07,25.6,45,0.0,0,False,,Monday,12,363
2025-12-29 13:00:00,14699.4525,49.980000000000004,26.6,42,0.0,0,False,,Monday,13,363
2025-12-29 14:00:00,14288.3025,50.075,27.2,38,0.0,0,False,,Monday,14,363
2025-12-29 15:00:00,14571.56,50.025,27.1,37,0.0,1,False,,Monday,15,363
2025-12-29 16:00:00,14767.77,50.135,26.5,38,0.0,1,False,,Monday,16,363
2025-12-29 17:00:00,12884.19,50.129999999999995,25.9,42,0.0,0,False,,Monday,17,363
2025-12-29 18:00:00,12294.002499999999,50.095,24.8,47,0.0,1,False,,Monday,18,363
2025-12-29 19:00:00,11490.115,50.03,24.0,49,0.0,1,False,,Monday,19,363
2025-12-29 20:00:00,10631.47,49.995000000000005,22.6,56,0.0,0,False,,Monday,20,363
2025-12-29 21:00:00,9805.8275,50.019999999999996,21.5,59,0.0,0,False,,Monday,21,363
2025-12-29 22:00:00,9825.75,50.03,20.5,65,0.0,0,False,,Monday,22,363
2025-12-29 23:00:00,9776.815,50.010000000000005,19.6,74,0.0,3,False,,Monday,23,363
2025-12-30 00:00:00,9296.8975,50.005,18.8,80,0.0,3,False,,Tuesday,0,364
2025-12-30 01:00:00,9395.869999999999,49.989999999999995,17.9,87,0.0,3,False,,Tuesday,1,364
2025-12-30 02:00:00,9053.7725,49.98,17.0,94,0.0,3,False,,Tuesday,2,364
2025-12-30 03:00:00,8956.16,50.015,16.7,96,0.0,3,False,,Tuesday,3,364
2025-12-30 04:00:00,9351.080000000002,50.025,17.0,93,0.0,3,False,,Tuesday,4,364
2025-12-30 05:00:00,10214.057499999999,50.05,16.6,99,0.0,3,False,,Tuesday,5,364
2025-12-30 06:00:00,11359.01,50.075,16.5,99,0.0,3,False,,Tuesday,6,364
2025-12-30 07:00:00,12772.46,50.06,16.8,96,0.0,3,False,,Tuesday,7,364
2025-12-30 08:00:00,14125.6875,50.015,18.3,84,0.0,2,False,,Tuesday,8,364
2025-12-30 09:00:00,15420.9825,50.035,21.0,69,0.0,0,False,,Tuesday,9,364
2025-12-30 10:00:00,17099.735,50.055,23.5,57,0.0,0,False,,Tuesday,10,364
2025-12-30 11:00:00,16155.8925,50.03,24.6,51,0.0,0,False,,Tuesday,11,364
2025-12-30 12:00:00,15508.0675,50.045,26.9,42,0.0,1,False,,Tuesday,12,364
2025-12-30 13:00:00,15335.337500000001,50.07,28.0,37,0.0,2,False,,Tuesday,13,364
2025-12-30 14:00:00,15007.044999999998,50.055,28.6,34,0.0,2,False,,Tuesday,14,364
2025-12-30 15:00:00,15222.8125,50.010000000000005,28.6,32,0.0,3,False,,Tuesday,15,364
2025-12-30 16:00:00,15365.305,50.035,27.4,35,0.0,3,False,,Tuesday,16,364
2025-12-30 17:00:00,13370.7225,50.045,27.1,37,0.0,3,False,,Tuesday,17,364
2025-12-30 18:00:00,12863.89,50.05,25.5,41,0.0,1,False,,Tuesday,18,364
2025-12-30 19:00:00,11680.4875,50.010000000000005,24.6,47,0.0,0,False,,Tuesday,19,364
2025-12-30 20:00:00,10888.7075,50.05500000000001,24.0,46,0.0,0,False,,Tuesday,20,364
2025-12-30 21:00:00,10443.445,50.010000000000005,22.6,49,0.0,0,False,,Tuesday,21,364
2025-12-30 22:00:00,10044.7925,50.025,21.5,51,0.0,0,False,,Tuesday,22,364
2025-12-30 23:00:00,10041.535,49.965,20.4,61,0.0,0,False,,Tuesday,23,364
2025-12-31 00:00:00,9210.467499999999,49.98,19.4,74,0.0,0,False,,Wednesday,0,365
2025-12-31 01:00:00,9804.4575,49.975,19.0,81,0.0,0,False,,Wednesday,1,365
2025-12-31 02:00:00,9338.8125,50.025000000000006,18.3,87,0.0,0,False,,Wednesday,2,365
2025-12-31 03:00:00,9186.529999999999,49.995000000000005,17.5,93,0.0,2,False,,Wednesday,3,365
2025-12-31 04:00:00,9500.0425,49.97,17.0,98,0.0,3,False,,Wednesday,4,365
2025-12-31 05:00:00,10352.2375,50.0,17.2,99,0.0,3,False,,Wednesday,5,365
2025-12-31 06:00:00,11401.6875,50.09,17.1,99,0.0,3,False,,Wednesday,6,365
2025-12-31 07:00:00,12612.3725,50.07,17.2,98,0.0,3,False,,Wednesday,7,365
2025-12-31 08:00:00,13913.2575,50.004999999999995,18.9,88,0.0,1,False,,Wednesday,8,365
2025-12-31 09:00:00,14919.732499999998,49.959999999999994,22.1,69,0.0,0,False,,Wednesday,9,365
2025-12-31 10:00:00,16886.1825,49.900000000000006,24.6,57,0.0,0,False,,Wednesday,10,365
2025-12-31 11:00:00,17220.447500000002,50.03,25.5,51,0.0,1,False,,Wednesday,11,365
2025-12-31 12:00:00,16664.73,50.019999999999996,27.6,42,0.0,2,False,,Wednesday,12,365
2025-12-31 13:00:00,16152.83,50.025,28.1,40,0.0,3,False,,Wednesday,13,365
2025-12-31 14:00:00,16010.6425,50.035,27.5,42,0.0,3,False,,Wednesday,14,365
2025-12-31 15:00:00,16205.742499999998,50.04,27.2,44,0.1,51,False,,Wednesday,15,365
2025-12-31 16:00:00,16308.867499999998,50.06,27.1,44,0.1,51,False,,Wednesday,16,365
2025-12-31 17:00:00,14139.3425,50.075,26.9,44,0.0,3,False,,Wednesday,17,365
2025-12-31 18:00:00,12473.265,50.055,26.0,47,0.1,51,False,,Wednesday,18,365
2025-12-31 19:00:00,11521.259999999998,49.989999999999995,25.2,53,0.0,3,False,,Wednesday,19,365
2025-12-31 20:00:00,10891.3575,50.010000000000005,24.2,65,0.0,3,False,,Wednesday,20,365
2025-12-31 21:00:00,10230.015,49.974999999999994,23.1,63,0.1,51,False,,Wednesday,21,365
2025-12-31 22:00:00,10039.585,50.0,22.5,67,0.1,51,False,,Wednesday,22,365
2025-12-31 23:00:00,10179.89,49.99,21.4,75,0.0,3,False,,Wednesday,23,365
2026-01-01 00:00:00,9538.675,50.045,20.6,78,0.0,3,False,,Thursday,0,1
2026-01-01 01:00:00,9803.6475,49.959999999999994,19.9,84,0.0,1,False,,Thursday,1,1
2026-01-01 02:00:00,9305.01,50.004999999999995,19.2,88,0.0,0,False,,Thursday,2,1
2026-01-01 03:00:00,9309.927500000002,49.974999999999994,19.0,90,0.0,0,False,,Thursday,3,1
2026-01-01 04:00:00,9328.125,50.015,18.8,92,0.0,0,False,,Thursday,4,1
2026-01-01 05:00:00,10190.0825,50.04,19.0,96,0.0,0,False,,Thursday,5,1
2026-01-01 06:00:00,11068.705,50.085,19.0,96,0.0,0,False,,Thursday,6,1
2026-01-01 07:00:00,12216.1225,50.135,19.5,92,0.0,0,False,,Thursday,7,1
2026-01-01 08:00:00,13635.657500000001,50.005,21.3,80,0.0,1,False,,Thursday,8,1
2026-01-01 09:00:00,14785.4025,49.95,23.2,67,0.1,51,False,,Thursday,9,1
2026-01-01 10:00:00,17010.3175,50.015,24.1,63,0.1,51,False,,Thursday,10,1
2026-01-01 11:00:00,16900.934999999998,50.019999999999996,25.4,56,0.1,51,False,,Thursday,11,1
2026-01-01 12:00:00,16465.91,50.015,25.6,55,0.0,3,False,,Thursday,12,1
2026-01-01 13:00:00,15918.4775,49.955,26.9,49,0.0,2,False,,Thursday,13,1
2026-01-01 14:00:00,15575.895,49.995000000000005,27.2,47,0.0,3,False,,Thursday,14,1
2026-01-01 15:00:00,15627.214999999998,50.004999999999995,27.1,46,0.0,3,False,,Thursday,15,1
2026-01-01 16:00:00,15331.075,50.08,26.4,49,0.0,2,False,,Thursday,16,1
2026-01-01 17:00:00,13117.314999999999,50.08,24.5,58,0.0,1,False,,Thursday,17,1
2026-01-01 18:00:00,11948.7025,50.129999999999995,22.7,68,0.2,51,False,,Thursday,18,1
2026-01-01 19:00:00,10899.7475,49.96,22.3,71,0.0,1,False,,Thursday,19,1
2026-01-01 20:00:00,10003.5225,49.92,21.6,75,0.0,1,False,,Thursday,20,1
2026-01-01 21:00:00,9459.9275,49.974999999999994,21.0,78,0.0,1,False,,Thursday,21,1
2026-01-01 22:00:00,9467.9875,49.995,20.2,82,0.0,1,False,,Thursday,22,1
2026-01-01 23:00:00,9252.5925,50.025,19.6,92,0.0,2,False,,Thursday,23,1
2026-01-02 00:00:00,8760.9225,50.06,19.3,91,0.0,1,False,,Friday,0,2
2026-01-02 01:00:00,9256.1725,49.97,18.8,93,0.0,3,False,,Friday,1,2
2026-01-02 02:00:00,8885.445,50.025,18.6,92,0.0,2,False,,Friday,2,2
2026-01-02 03:00:00,8719.41,50.004999999999995,18.5,92,0.0,2,False,,Friday,3,2
2026-01-02 04:00:00,8967.1175,50.03,18.2,93,0.0,1,False,,Friday,4,2
2026-01-02 05:00:00,9996.525000000001,50.04,18.2,97,0.0,3,False,,Friday,5,2
2026-01-02 06:00:00,10987.015,50.05,18.4,94,0.0,3,False,,Friday,6,2
2026-01-02 07:00:00,12197.517499999998,50.04,18.6,90,0.0,3,False,,Friday,7,2
2026-01-02 08:00:00,13803.2025,49.95,19.8,82,0.0,1,False,,Friday,8,2
2026-01-02 09:00:00,14738.075,50.03,21.7,69,0.0,2,False,,Friday,9,2
2026-01-02 10:00:00,17004.2325,49.975,23.5,57,0.0,1,False,,Friday,10,2
2026-01-02 11:00:00,16316.6375,50.035,24.4,53,0.0,1,False,,Friday,11,2
2026-01-02 12:00:00,16033.8725,50.075,25.9,47,0.0,2,False,,Friday,12,2
2026-01-02 13:00:00,16062.29,50.06,26.5,45,0.0,3,False,,Friday,13,2
2026-01-02 14:00:00,15489.38,50.015,26.5,44,0.0,3,False,,Friday,14,2
2026-01-02 15:00:00,15851.79,49.989999999999995,26.8,43,0.0,1,False,,Friday,15,2
2026-01-02 16:00:00,15525.7075,49.995000000000005,26.9,41,0.0,1,False,,Friday,16,2
2026-01-02 17:00:00,13349.5125,49.99,26.1,43,0.0,1,False,,Friday,17,2
2026-01-02 18:00:00,12585.989999999998,50.06,24.9,47,0.0,0,False,,Friday,18,2
2026-01-02 19:00:00,11249.2025,50.07,23.8,52,0.0,1,False,,Friday,19,2
2026-01-02 20:00:00,10223.974999999999,50.045,22.2,61,0.0,0,False,,Friday,20,2
2026-01-02 21:00:00,9529.645,50.03,21.4,65,0.0,0,False,,Friday,21,2
2026-01-02 22:00:00,9478.4025,50.035,20.3,70,0.0,0,False,,Friday,22,2
2026-01-02 23:00:00,9527.3925,49.985,19.5,80,0.0,0,False,,Friday,23,2
2026-01-03 00:00:00,8987.195,50.005,18.8,88,0.0,3,False,,Saturday,0,3
2026-01-03 01:00:00,9375.6075,49.985,18.4,93,0.0,3,False,,Saturday,1,3
2026-01-03 02:00:00,8911.852499999999,50.02,18.3,90,0.0,2,False,,Saturday,2,3
2026-01-03 03:00:00,8702.58,49.980000000000004,17.8,90,0.0,0,False,,Saturday,3,3
2026-01-03 04:00:00,9074.32,49.955,17.3,87,0.0,0,False,,Saturday,4,3
2026-01-03 05:00:00,9940.7725,50.004999999999995,17.5,94,0.0,0,False,,Saturday,5,3
2026-01-03 06:00:00,11027.7775,50.09,17.4,89,0.0,0,False,,Saturday,6,3
2026-01-03 07:00:00,12334.880000000001,50.095,18.1,76,0.0,1,False,,Saturday,7,3
2026-01-03 08:00:00,13681.5875,50.01,19.9,63,0.0,2,False,,Saturday,8,3
2026-01-03 09:00:00,14727.744999999999,50.040000000000006,21.9,54,0.0,2,False,,Saturday,9,3
2026-01-03 10:00:00,16835.1525,50.13,23.9,46,0.0,0,False,,Saturday,10,3
2026-01-03 11:00:00,16050.5325,50.045,25.0,44,0.0,2,False,,Saturday,11,3
2026-01-03 12:00:00,15642.767500000002,50.025,26.5,39,0.0,3,False,,Saturday,12,3
2026-01-03 13:00:00,15399.429999999998,49.989999999999995,26.5,37,0.0,3,False,,Saturday,13,3
2026-01-03 14:00:00,15063.4975,50.01,26.2,37,0.0,3,False,,Saturday,14,3
2026-01-03 15:00:00,15611.8325,50.0,25.6,39,0.0,3,False,,Saturday,15,3
2026-01-03 16:00:00,15494.965,50.040000000000006,25.5,39,0.0,3,False,,Saturday,16,3
2026-01-03 17:00:00,13412.825,50.035,25.1,40,0.0,3,False,,Saturday,17,3
2026-01-03 18:00:00,12441.130000000001,50.04,24.4,42,0.0,1,False,,Saturday,18,3
2026-01-03 19:00:00,10867.375,50.03,23.4,46,0.0,2,False,,Saturday,19,3
2026-01-03 20:00:00,10388.4925,50.015,22.2,51,0.0,3,False,,Saturday,20,3
2026-01-03 21:00:00,9601.545,49.885,21.4,57,0.0,0,False,,Saturday,21,3
2026-01-03 22:00:00,9515.505,50.019999999999996,20.2,62,0.0,0,False,,Saturday,22,3
2026-01-03 23:00:00,9558.814999999999,50.035,19.1,73,0.0,0,False,,Saturday,23,3
2026-01-04 00:00:00,8956.2025,50.0,18.1,81,0.0,0,True,Sunday,Sunday,0,4
2026-01-04 01:00:00,9321.8125,49.975,17.5,82,0.0,0,True,Sunday,Sunday,1,4
2026-01-04 02:00:00,8864.965,49.955,17.1,79,0.0,0,True,Sunday,Sunday,2,4
2026-01-04 03:00:00,8835.6675,49.985,16.8,77,0.0,0,True,Sunday,Sunday,3,4
2026-01-04 04:00:00,9168.322499999998,49.989999999999995,16.2,78,0.0,0,True,Sunday,Sunday,4,4
2026-01-04 05:00:00,9728.157500000001,50.015,15.9,92,0.0,0,True,Sunday,Sunday,5,4
2026-01-04 06:00:00,10550.9,50.065,15.4,95,0.0,2,True,Sunday,Sunday,6,4
2026-01-04 07:00:00,10932.927499999998,50.11,15.8,92,0.0,3,True,Sunday,Sunday,7,4
2026-01-04 08:00:00,12268.535,49.985,17.9,76,0.0,0,True,Sunday,Sunday,8,4
2026-01-04 09:00:00,13456.88,50.04,20.8,54,0.0,0,True,Sunday,Sunday,9,4
2026-01-04 10:00:00,15590.864999999998,50.0,23.1,40,0.0,0,True,Sunday,Sunday,10,4
2026-01-04 11:00:00,15137.3625,50.01,24.1,36,0.0,0,True,Sunday,Sunday,11,4
2026-01-04 12:00:00,14487.905,50.019999999999996,25.2,34,0.0,0,True,Sunday,Sunday,12,4
2026-01-04 13:00:00,14244.935000000001,50.0,26.0,31,0.0,0,True,Sunday,Sunday,13,4
2026-01-04 14:00:00,13847.717499999999,50.025,26.3,30,0.0,0,True,Sunday,Sunday,14,4
2026-01-04 15:00:00,13667.367499999998,50.040000000000006,26.0,30,0.0,0,True,Sunday,Sunday,15,4
2026-01-04 16:00:00,13627.3325,49.985,25.4,31,0.0,0,True,Sunday,Sunday,16,4
2026-01-04 17:00:00,11785.6225,49.945,24.2,36,0.0,0,True,Sunday,Sunday,17,4
2026-01-04 18:00:00,11278.5475,50.125,23.2,40,0.0,0,True,Sunday,Sunday,18,4
2026-01-04 19:00:00,10160.48,50.019999999999996,22.4,42,0.0,0,True,Sunday,Sunday,19,4
2026-01-04 20:00:00,9280.212500000001,50.0,21.1,45,0.0,0,True,Sunday,Sunday,20,4
2026-01-04 21:00:00,8596.195,50.055,19.9,49,0.0,1,True,Sunday,Sunday,21,4
2026-01-04 22:00:00,8731.447499999998,50.02,19.0,61,0.0,0,True,Sunday,Sunday,22,4
2026-01-04 23:00:00,8755.8975,50.03,17.9,70,0.0,0,True,Sunday,Sunday,23,4
2026-01-05 00:00:00,8457.057499999999,50.035,17.2,72,0.0,0,False,,Monday,0,5
2026-01-05 01:00:00,8599.475,49.975,16.5,74,0.0,0,False,,Monday,1,5
2026-01-05 02:00:00,8235.2475,49.985,15.9,77,0.0,0,False,,Monday,2,5
2026-01-05 03:00:00,8233.1775,49.980000000000004,15.4,80,0.0,1,False,,Monday,3,5
2026-01-05 04:00:00,8417.875,49.99,14.9,81,0.0,0,False,,Monday,4,5
2026-01-05 05:00:00,9543.3575,50.05500000000001,14.6,89,0.0,0,False,,Monday,5,5
2026-01-05 06:00:00,10569.25,50.07,14.3,92,0.0,0,False,,Monday,6,5
2026-01-05 07:00:00,12165.715,50.08,14.9,89,0.0,0,False,,Monday,7,5
2026-01-05 08:00:00,13773.630000000001,50.07,17.2,77,0.0,1,False,,Monday,8,5
2026-01-05 09:00:00,14303.515,50.095,20.0,58,0.0,1,False,,Monday,9,5
2026-01-05 10:00:00,16109.135,50.035,22.2,44,0.0,1,False,,Monday,10,5
2026-01-05 11:00:00,15555.165,50.07,23.5,40,0.0,2,False,,Monday,11,5
2026-01-05 12:00:00,14886.957499999999,50.015,25.0,36,0.0,3,False,,Monday,12,5
2026-01-05 13:00:00,14516.195,49.985,25.8,35,0.0,1,False,,Monday,13,5
2026-01-05 14:00:00,14450.765,49.974999999999994,26.1,34,0.0,1,False,,Monday,14,5
2026-01-05 15:00:00,14879.195,50.035,26.0,35,0.0,0,False,,Monday,15,5
2026-01-05 16:00:00,15120.4325,50.08,25.4,38,0.0,0,False,,Monday,16,5
2026-01-05 17:00:00,13486.9425,50.0,24.6,39,0.0,0,False,,Monday,17,5
2026-01-05 18:00:00,12620.66,50.010000000000005,23.7,41,0.0,1,False,,Monday,18,5
2026-01-05 19:00:00,11315.7875,50.07,22.6,43,0.0,1,False,,Monday,19,5
2026-01-05 20:00:00,10294.8025,50.08,21.4,49,0.0,0,False,,Monday,20,5
2026-01-05 21:00:00,9592.9875,50.05,19.8,59,0.0,0,False,,Monday,21,5
2026-01-05 22:00:00,9481.145,49.995,18.8,67,0.0,0,False,,Monday,22,5
2026-01-05 23:00:00,9329.525,49.94,18.0,79,0.0,0,False,,Monday,23,5
2026-01-06 00:00:00,9001.0625,49.96,17.2,89,0.0,2,False,,Tuesday,0,6
2026-01-06 01:00:00,9413.76,49.925,16.8,94,0.0,3,False,,Tuesday,1,6
2026-01-06 02:00:00,9079.53,49.980000000000004,17.0,91,0.0,3,False,,Tuesday,2,6
2026-01-06 03:00:00,8885.865,50.05,16.9,87,0.0,0,False,,Tuesday,3,6
2026-01-06 04:00:00,9357.1525,50.0,16.1,89,0.0,0,False,,Tuesday,4,6
2026-01-06 05:00:00,9835.622500000001,49.995,16.4,88,0.0,1,False,,Tuesday,5,6
2026-01-06 06:00:00,11240.712500000001,50.04,15.8,91,0.0,3,False,,Tuesday,6,6
2026-01-06 07:00:00,12376.055,49.99,16.2,87,0.0,0,False,,Tuesday,7,6
2026-01-06 08:00:00,13811.4275,49.885000000000005,18.0,74,0.0,0,False,,Tuesday,8,6
2026-01-06 09:00:00,14744.0425,50.04,20.4,58,0.0,0,False,,Tuesday,9,6
2026-01-06 10:00:00,16113.0275,49.974999999999994,22.5,46,0.0,0,False,,Tuesday,10,6
2026-01-06 11:00:00,15801.7275,49.955,23.3,46,0.0,1,False,,Tuesday,11,6
2026-01-06 12:00:00,15157.6525,50.01,24.2,45,0.0,3,False,,Tuesday,12,6
2026-01-06 13:00:00,15055.942500000001,50.144999999999996,24.5,44,0.0,3,False,,Tuesday,13,6
2026-01-06 14:00:00,14929.145,50.224999999999994,25.5,42,0.0,3,False,,Tuesday,14,6
2026-01-06 15:00:00,15047.3325,50.040000000000006,24.4,45,0.0,3,False,,Tuesday,15,6
2026-01-06 16:00:00,15265.415,50.035,25.0,43,0.0,3,False,,Tuesday,16,6
2026-01-06 17:00:00,13688.57,50.085,23.8,46,0.0,3,False,,Tuesday,17,6
2026-01-06 18:00:00,12189.7275,50.0,23.1,51,0.0,3,False,,Tuesday,18,6
2026-01-06 19:00:00,11155.215,49.985,22.6,52,0.0,2,False,,Tuesday,19,6
2026-01-06 20:00:00,10355.782499999998,50.019999999999996,21.2,62,0.0,0,False,,Tuesday,20,6
2026-01-06 21:00:00,9603.335,50.07,20.2,67,0.0,2,False,,Tuesday,21,6
2026-01-06 22:00:00,9579.625,50.010000000000005,19.5,72,0.0,3,False,,Tuesday,22,6
2026-01-06 23:00:00,9557.395,50.015,19.4,78,0.0,3,False,,Tuesday,23,6
2026-01-07 00:00:00,8961.1525,50.005,18.8,83,0.0,3,False,,Wednesday,0,7
2026-01-07 01:00:00,9133.7925,49.985,18.2,84,0.0,2,False,,Wednesday,1,7
2026-01-07 02:00:00,8749.404999999999,49.99,17.5,88,0.0,2,False,,Wednesday,2,7
2026-01-07 03:00:00,8839.8525,50.03,17.0,90,0.0,2,False,,Wednesday,3,7
2026-01-07 04:00:00,9132.1525,50.035,16.6,92,0.0,2,False,,Wednesday,4,7
2026-01-07 05:00:00,9735.785,50.010000000000005,16.5,92,0.0,3,False,,Wednesday,5,7
2026-01-07 06:00:00,10746.0,50.025,16.4,92,0.0,2,False,,Wednesday,6,7
2026-01-07 07:00:00,12443.065000000002,50.095,16.5,91,0.0,1,False,,Wednesday,7,7
2026-01-07 08:00:00,13868.7975,50.0,18.2,73,0.0,1,False,,Wednesday,8,7
2026-01-07 09:00:00,14709.170000000002,50.085,20.5,50,0.0,0,False,,Wednesday,9,7
2026-01-07 10:00:00,16104.0275,49.995000000000005,22.6,36,0.0,1,False,,Wednesday,10,7
2026-01-07 11:00:00,15391.5525,49.989999999999995,23.8,32,0.0,2,False,,Wednesday,11,7
2026-01-07 12:00:00,14742.6625,50.07,25.0,28,0.0,3,False,,Wednesday,12,7
2026-01-07 13:00:00,14367.494999999999,50.015,25.6,31,0.0,3,False,,Wednesday,13,7
2026-01-07 14:00:00,14247.2525,50.004999999999995,25.8,33,0.0,3,False,,Wednesday,14,7
2026-01-07 15:00:00,14865.2225,49.879999999999995,25.5,34,0.0,3,False,,Wednesday,15,7
2026-01-07 16:00:00,14884.212500000001,50.010000000000005,24.8,38,0.0,3,False,,Wednesday,16,7
2026-01-07 17:00:00,13099.645,49.985,24.0,35,0.0,3,False,,Wednesday,17,7
2026-01-07 18:00:00,12291.5875,50.07,22.5,40,0.0,3,False,,Wednesday,18,7
2026-01-07 19:00:00,11110.625,50.019999999999996,21.2,48,0.0,3,False,,Wednesday,19,7
2026-01-07 20:00:00,10233.57,50.045,19.9,53,0.0,1,False,,Wednesday,20,7
2026-01-07 21:00:00,9525.765,49.995000000000005,18.7,59,0.0,2,False,,Wednesday,21,7
2026-01-07 22:00:00,8981.0075,50.005,17.8,65,0.0,1,False,,Wednesday,22,7
2026-01-07 23:00:00,9182.14,49.959999999999994,17.0,66,0.0,2,False,,Wednesday,23,7
2026-01-08 00:00:00,8389.987500000001,49.92,16.4,63,0.0,0,False,,Thursday,0,8
2026-01-08 01:00:00,8770.505,49.965,15.9,65,0.0,1,False,,Thursday,1,8
2026-01-08 02:00:00,8453.4225,50.0,15.3,73,0.0,2,False,,Thursday,2,8
2026-01-08 03:00:00,8405.735,50.01,14.9,80,0.0,2,False,,Thursday,3,8
2026-01-08 04:00:00,8787.8575,50.03,14.7,83,0.0,0,False,,Thursday,4,8
2026-01-08 05:00:00,9742.2325,50.019999999999996,14.6,84,0.0,0,False,,Thursday,5,8
2026-01-08 06:00:00,10793.9025,50.05,14.7,83,0.0,0,False,,Thursday,6,8
2026-01-08 07:00:00,12387.8875,50.08,15.4,79,0.0,0,False,,Thursday,7,8
2026-01-08 08:00:00,13792.5275,50.040000000000006,17.2,70,0.0,0,False,,Thursday,8,8
2026-01-08 09:00:00,14702.0225,50.03,19.5,58,0.0,0,False,,Thursday,9,8
2026-01-08 10:00:00,16295.38,50.035,21.6,43,0.0,3,False,,Thursday,10,8
2026-01-08 11:00:00,15598.564999999999,50.125,22.9,39,0.0,3,False,,Thursday,11,8
2026-01-08 12:00:00,15417.215,50.05,24.1,37,0.0,3,False,,Thursday,12,8
2026-01-08 13:00:00,14940.1225,49.995000000000005,24.9,36,0.0,2,False,,Thursday,13,8
2026-01-08 14:00:00,14920.712500000001,49.99,25.1,35,0.0,3,False,,Thursday,14,8
2026-01-08 15:00:00,15156.427499999998,50.065,24.9,36,0.0,3,False,,Thursday,15,8
2026-01-08 16:00:00,15433.347500000002,50.03,24.2,36,0.0,3,False,,Thursday,16,8
2026-01-08 17:00:00,13455.025000000001,50.0,23.2,38,0.0,3,False,,Thursday,17,8
2026-01-08 18:00:00,12613.532500000001,50.144999999999996,22.1,40,0.0,3,False,,Thursday,18,8
2026-01-08 19:00:00,11615.1575,49.995,21.2,43,0.0,3,False,,Thursday,19,8
2026-01-08 20:00:00,10844.485,50.06,20.4,46,0.0,3,False,,Thursday,20,8
2026-01-08 21:00:00,9984.2775,49.955,19.4,52,0.0,3,False,,Thursday,21,8
2026-01-08 22:00:00,9625.105,50.019999999999996,18.3,59,0.0,3,False,,Thursday,22,8
2026-01-08 23:00:00,9672.3,49.980000000000004,17.6,67,0.0,3,False,,Thursday,23,8
2026-01-09 00:00:00,8937.105,49.99,16.8,72,0.0,3,False,,Friday,0,9
2026-01-09 01:00:00,9317.490000000002,49.995,15.9,79,0.0,3,False,,Friday,1,9
2026-01-09 02:00:00,9028.475,50.019999999999996,15.3,83,0.0,0,False,,Friday,2,9
2026-01-09 03:00:00,8886.2125,50.05,14.7,86,0.0,2,False,,Friday,3,9
2026-01-09 04:00:00,9084.05,50.0,14.5,84,0.0,3,False,,Friday,4,9
2026-01-09 05:00:00,10070.855,50.045,14.2,87,0.0,2,False,,Friday,5,9
2026-01-09 06:00:00,11271.95,50.05,14.0,89,0.0,1,False,,Friday,6,9
2026-01-09 07:00:00,12743.195,49.985,14.4,87,0.0,2,False,,Friday,7,9
2026-01-09 08:00:00,14398.395,49.91,16.4,77,0.0,2,False,,Friday,8,9
2026-01-09 09:00:00,15270.150000000001,50.055,18.7,61,0.0,1,False,,Friday,9,9
2026-01-09 10:00:00,17063.175,50.05,21.1,47,0.0,2,False,,Friday,10,9
2026-01-09 11:00:00,16628.415,50.045,22.5,44,0.0,3,False,,Friday,11,9
2026-01-09 12:00:00,15984.372500000001,49.84,23.9,41,0.0,3,False,,Friday,12,9
2026-01-09 13:00:00,15666.64,50.0,24.9,39,0.0,3,False,,Friday,13,9
2026-01-09 14:00:00,15411.380000000001,50.144999999999996,26.2,37,0.0,3,False,,Friday,14,9
2026-01-09 15:00:00,15484.204999999998,50.055,25.0,42,0.0,3,False,,Friday,15,9
2026-01-09 16:00:00,15759.5825,50.115,24.2,45,0.0,3,False,,Friday,16,9
2026-01-09 17:00:00,13716.505000000001,50.045,23.4,47,0.0,0,False,,Friday,17,9
2026-01-09 18:00:00,12546.79,50.03,22.4,51,0.0,0,False,,Friday,18,9
2026-01-09 19:00:00,11582.119999999999,50.015,21.5,54,0.0,0,False,,Friday,19,9
2026-01-09 20:00:00,10711.9125,50.01,20.5,59,0.0,1,False,,Friday,20,9
2026-01-09 21:00:00,10131.9025,49.980000000000004,19.1,68,0.0,1,False,,Friday,21,9
2026-01-09 22:00:00,9723.8775,50.01,18.5,73,0.0,1,False,,Friday,22,9
2026-01-09 23:00:00,9728.5375,49.935,18.2,73,0.0,1,False,,Friday,23,9
2026-01-10 00:00:00,8941.375,50.03,17.7,75,0.0,0,False,,Saturday,0,10
2026-01-10 01:00:00,9530.6925,49.965,17.1,80,0.0,1,False,,Saturday,1,10
2026-01-10 02:00:00,8968.74,49.965,16.6,85,0.0,1,False,,Saturday,2,10
2026-01-10 03:00:00,8861.23,49.975,16.1,88,0.0,2,False,,Saturday,3,10
2026-01-10 04:00:00,9276.355,49.980000000000004,15.9,90,0.0,1,False,,Saturday,4,10
2026-01-10 05:00:00,10298.42,50.035,16.0,86,0.0,3,False,,Saturday,5,10
2026-01-10 06:00:00,11114.817500000001,50.06,16.4,81,0.0,2,False,,Saturday,6,10
2026-01-10 07:00:00,12472.279999999999,50.065,17.1,70,0.0,1,False,,Saturday,7,10
2026-01-10 08:00:00,14041.662499999999,49.974999999999994,18.6,56,0.0,2,False,,Saturday,8,10
2026-01-10 09:00:00,15165.17,49.99,20.4,49,0.0,3,False,,Saturday,9,10
2026-01-10 10:00:00,16876.7325,50.03,21.4,47,0.0,3,False,,Saturday,10,10
2026-01-10 11:00:00,16827.77,50.015,22.4,45,0.0,3,False,,Saturday,11,10
2026-01-10 12:00:00,15864.305,50.015,23.0,49,0.0,3,False,,Saturday,12,10
2026-01-10 13:00:00,15482.232499999998,49.894999999999996,23.2,54,0.0,3,False,,Saturday,13,10
2026-01-10 14:00:00,15290.1875,49.995000000000005,24.1,52,0.0,3,False,,Saturday,14,10
2026-01-10 15:00:00,15929.0175,50.03,23.6,55,0.0,3,False,,Saturday,15,10
2026-01-10 16:00:00,15710.287499999999,50.019999999999996,23.1,58,0.0,3,False,,Saturday,16,10
2026-01-10 17:00:00,13243.837499999998,50.004999999999995,20.6,69,0.0,3,False,,Saturday,17,10
2026-01-10 18:00:00,12477.555,50.085,19.8,75,0.0,3,False,,Saturday,18,10
2026-01-10 19:00:00,11399.635,50.055,19.5,76,0.0,3,False,,Saturday,19,10
2026-01-10 20:00:00,10225.73,50.08,19.0,78,0.0,3,False,,Saturday,20,10
2026-01-10 21:00:00,9556.1525,49.97,18.6,80,0.0,2,False,,Saturday,21,10
2026-01-10 22:00:00,9108.485,50.01,18.1,83,0.0,1,False,,Saturday,22,10
2026-01-10 23:00:00,9045.82,49.955,18.0,86,0.0,3,False,,Saturday,23,10
2026-01-11 00:00:00,8200.9475,49.99,17.9,87,0.0,3,True,Sunday,Sunday,0,11
2026-01-11 01:00:00,8433.275,49.985,17.4,87,0.0,1,True,Sunday,Sunday,1,11
2026-01-11 02:00:00,8145.0475,50.025,16.8,90,0.0,0,True,Sunday,Sunday,2,11
2026-01-11 03:00:00,7850.6224999999995,50.015,16.3,92,0.0,3,True,Sunday,Sunday,3,11
2026-01-11 04:00:00,8185.32,50.010000000000005,16.0,93,0.0,3,True,Sunday,Sunday,4,11
2026-01-11 05:00:00,8819.547499999999,50.06,16.6,88,0.0,3,True,Sunday,Sunday,5,11
2026-01-11 06:00:00,9489.689999999999,50.025000000000006,17.0,86,0.0,3,True,Sunday,Sunday,6,11
2026-01-11 07:00:00,10221.59,50.055,17.1,84,0.0,3,True,Sunday,Sunday,7,11
2026-01-11 08:00:00,12116.220000000001,49.86,18.1,80,0.0,3,True,Sunday,Sunday,8,11
2026-01-11 09:00:00,13818.24,50.05,19.5,76,0.0,3,True,Sunday,Sunday,9,11
2026-01-11 10:00:00,15618.5975,50.040000000000006,19.7,76,0.0,3,True,Sunday,Sunday,10,11
2026-01-11 11:00:00,15188.575,50.045,20.0,77,0.0,3,True,Sunday,Sunday,11,11
2026-01-11 12:00:00,15033.990000000002,50.05,20.8,74,0.0,3,True,Sunday,Sunday,12,11
2026-01-11 13:00:00,14563.825,49.99,21.1,73,0.0,3,True,Sunday,Sunday,13,11
2026-01-11 14:00:00,14387.962500000001,50.05,20.6,74,0.0,3,True,Sunday,Sunday,14,11
2026-01-11 15:00:00,14387.2125,50.09,21.7,70,0.0,3,True,Sunday,Sunday,15,11
2026-01-11 16:00:00,14207.1725,50.055,22.0,70,0.0,3,True,Sunday,Sunday,16,11
2026-01-11 17:00:00,12077.599999999999,50.019999999999996,21.5,73,0.0,3,True,Sunday,Sunday,17,11
2026-01-11 18:00:00,11537.575,50.1,20.6,78,0.0,3,True,Sunday,Sunday,18,11
2026-01-11 19:00:00,10342.5275,50.010000000000005,20.1,81,0.0,3,True,Sunday,Sunday,19,11
2026-01-11 20:00:00,9574.697499999998,50.019999999999996,19.7,81,0.0,3,True,Sunday,Sunday,20,11
2026-01-11 21:00:00,8989.67,49.96,18.8,83,0.0,2,True,Sunday,Sunday,21,11
2026-01-11 22:00:00,8924.395,50.004999999999995,18.0,86,0.0,1,True,Sunday,Sunday,22,11
2026-01-11 23:00:00,8711.0975,50.025,18.3,88,0.0,3,True,Sunday,Sunday,23,11
2026-01-12 00:00:00,8227.16,49.97,18.2,89,0.0,3,False,,Monday,0,12
2026-01-12 01:00:00,8461.4175,50.0,18.2,88,0.1,51,False,,Monday,1,12
2026-01-12 02:00:00,8149.244999999999,50.010000000000005,18.0,88,0.1,51,False,,Monday,2,12
2026-01-12 03:00:00,7955.737499999999,49.974999999999994,17.8,88,0.0,3,False,,Monday,3,12
2026-01-12 04:00:00,8237.085,49.97,17.7,88,0.0,3,False,,Monday,4,12
2026-01-12 05:00:00,9325.787499999999,50.045,17.4,91,0.0,0,False,,Monday,5,12
2026-01-12 06:00:00,10440.599999999999,50.09,17.3,91,0.0,0,False,,Monday,6,12
2026-01-12 07:00:00,12392.45,50.09,17.9,90,0.0,0,False,,Monday,7,12
2026-01-12 08:00:00,14034.6175,50.01,19.6,81,0.0,1,False,,Monday,8,12
2026-01-12 09:00:00,14935.6525,50.22,21.9,70,0.0,2,False,,Monday,9,12
2026-01-12 10:00:00,16715.385000000002,50.019999999999996,23.4,64,0.0,3,False,,Monday,10,12
2026-01-12 11:00:00,16307.502500000002,49.905,23.8,63,0.0,3,False,,Monday,11,12
2026-01-12 12:00:00,15978.150000000001,50.025,23.9,63,0.0,3,False,,Monday,12,12
2026-01-12 13:00:00,15729.1175,50.025,23.6,64,0.0,3,False,,Monday,13,12
2026-01-12 14:00:00,15492.845000000001,50.04,23.5,65,0.0,3,False,,Monday,14,12
2026-01-12 15:00:00,15707.42,49.985,23.0,68,0.0,3,False,,Monday,15,12
2026-01-12 16:00:00,16009.165,50.015,22.0,72,0.0,3,False,,Monday,16,12
2026-01-12 17:00:00,13841.184999999998,50.11,22.1,71,0.3,51,False,,Monday,17,12
2026-01-12 18:00:00,12808.0875,50.040000000000006,21.4,72,0.0,3,False,,Monday,18,12
2026-01-12 19:00:00,11581.0475,50.035,20.9,75,0.0,2,False,,Monday,19,12
2026-01-12 20:00:00,10672.7275,50.075,19.9,82,0.0,0,False,,Monday,20,12
2026-01-12 21:00:00,9769.13,50.010000000000005,19.5,84,0.0,1,False,,Monday,21,12
2026-01-12 22:00:00,9637.619999999999,50.03,19.1,83,0.0,1,False,,Monday,22,12
2026-01-12 23:00:00,9668.355,50.019999999999996,19.1,83,0.0,1,False,,Monday,23,12
2026-01-13 00:00:00,8942.8425,49.99,18.5,84,0.0,1,False,,Tuesday,0,13
2026-01-13 01:00:00,9227.162499999999,50.010000000000005,18.0,86,0.0,1,False,,Tuesday,1,13
2026-01-13 02:00:00,8930.669999999998,49.965,17.8,89,0.0,1,False,,Tuesday,2,13
2026-01-13 03:00:00,8686.3725,49.98,17.5,92,0.0,1,False,,Tuesday,3,13
2026-01-13 04:00:00,8991.9425,50.02,17.2,93,0.0,0,False,,Tuesday,4,13
2026-01-13 05:00:00,9906.045,50.075,17.0,93,0.0,0,False,,Tuesday,5,13
2026-01-13 06:00:00,11053.0075,50.08,17.0,95,0.0,2,False,,Tuesday,6,13
2026-01-13 07:00:00,13107.6875,50.06,17.4,94,0.0,3,False,,Tuesday,7,13
2026-01-13 08:00:00,14574.5125,49.9,18.6,86,0.0,2,False,,Tuesday,8,13
2026-01-13 09:00:00,15404.865,50.04,20.9,74,0.0,1,False,,Tuesday,9,13
2026-01-13 10:00:00,17038.525,49.9965,22.8,67,0.0,1,False,,Tuesday,10,13
2026-01-13 11:00:00,16372.252499999999,49.989999999999995,24.1,60,0.0,2,False,,Tuesday,11,13
2026-01-13 12:00:00,16070.47,50.015,25.5,53,0.0,1,False,,Tuesday,12,13
2026-01-13 13:00:00,15412.779999999999,50.025,26.2,49,0.3,51,False,,Tuesday,13,13
2026-01-13 14:00:00,15306.8275,50.025000000000006,26.0,50,0.3,51,False,,Tuesday,14,13
2026-01-13 15:00:00,15610.912499999999,50.035,25.5,52,0.2,51,False,,Tuesday,15,13
2026-01-13 16:00:00,15798.619999999999,50.0,24.6,56,0.0,2,False,,Tuesday,16,13
2026-01-13 17:00:00,13840.14,49.935,24.6,55,0.0,0,False,,Tuesday,17,13
2026-01-13 18:00:00,13022.86,50.075,23.0,64,0.0,0,False,,Tuesday,18,13
2026-01-13 19:00:00,11998.6475,50.0,22.1,70,0.0,0,False,,Tuesday,19,13
2026-01-13 20:00:00,10948.567500000001,50.075,21.4,73,0.0,0,False,,Tuesday,20,13
2026-01-13 21:00:00,10171.8625,49.96,20.6,77,0.0,0,False,,Tuesday,21,13
2026-01-13 22:00:00,9926.5425,49.94,19.8,83,0.0,0,False,,Tuesday,22,13
2026-01-13 23:00:00,9993.335,50.019999999999996,19.3,86,0.0,0,False,,Tuesday,23,13
2026-01-14 00:00:00,9152.477499999999,50.025,18.8,89,0.0,0,False,,Wednesday,0,14
2026-01-14 01:00:00,9675.704999999998,49.97,18.2,91,0.0,0,False,,Wednesday,1,14
2026-01-14 02:00:00,9214.2825,49.989999999999995,17.7,92,0.0,0,False,,Wednesday,2,14
2026-01-14 03:00:00,9073.74,49.99,17.2,93,0.0,0,False,,Wednesday,3,14
2026-01-14 04:00:00,9308.74,50.05,16.9,94,0.0,0,False,,Wednesday,4,14
2026-01-14 05:00:00,10261.744999999999,49.97,17.0,97,0.0,0,False,,Wednesday,5,14
2026-01-14 06:00:00,11405.634999999998,50.075,16.9,97,0.0,2,False,,Wednesday,6,14
2026-01-14 07:00:00,13076.3575,50.035,17.2,96,0.0,3,False,,Wednesday,7,14
2026-01-14 08:00:00,14386.244999999999,49.99,19.0,87,0.0,1,False,,Wednesday,8,14
2026-01-14 09:00:00,15283.0625,50.175,21.6,75,0.0,0,False,,Wednesday,9,14
2026-01-14 10:00:00,17010.0925,50.019999999999996,24.0,62,0.0,0,False,,Wednesday,10,14
2026-01-14 11:00:00,16770.015,50.0,25.4,54,0.0,1,False,,Wednesday,11,14
2026-01-14 12:00:00,16477.2175,50.005,26.3,50,0.0,1,False,,Wednesday,12,14
2026-01-14 13:00:00,16174.4425,50.005,26.8,47,0.2,51,False,,Wednesday,13,14
2026-01-14 14:00:00,15731.01,50.05,26.9,47,0.3,51,False,,Wednesday,14,14
2026-01-14 15:00:00,15843.329999999998,49.980000000000004,26.8,47,0.2,51,False,,Wednesday,15,14
2026-01-14 16:00:00,16061.89,50.114999999999995,26.1,49,0.0,0,False,,Wednesday,16,14
2026-01-14 17:00:00,13877.2875,50.15,25.8,49,0.0,0,False,,Wednesday,17,14
2026-01-14 18:00:00,12891.402499999998,50.08,24.0,58,0.0,0,False,,Wednesday,18,14
2026-01-14 19:00:00,11883.2925,50.06,23.5,60,0.0,0,False,,Wednesday,19,14
2026-01-14 20:00:00,11150.815,50.010000000000005,23.0,61,0.0,0,False,,Wednesday,20,14
2026-01-14 21:00:00,10467.56,50.0,21.5,69,0.0,0,False,,Wednesday,21,14
2026-01-14 22:00:00,10302.48,50.004999999999995,20.5,76,0.0,0,False,,Wednesday,22,14
2026-01-14 23:00:00,10368.7,49.95,19.9,82,0.0,0,False,,Wednesday,23,14
2026-01-15 00:00:00,9749.855,49.995000000000005,19.4,85,0.0,0,False,,Thursday,0,15
2026-01-15 01:00:00,10006.16,49.96,18.8,90,0.0,0,False,,Thursday,1,15
2026-01-15 02:00:00,9406.457499999999,49.974999999999994,18.2,94,0.0,1,False,,Thursday,2,15
2026-01-15 03:00:00,9336.24,50.010000000000005,17.9,97,0.0,3,False,,Thursday,3,15
2026-01-15 04:00:00,9599.7625,49.989999999999995,17.8,99,0.0,3,False,,Thursday,4,15
2026-01-15 05:00:00,10370.605,50.055,17.6,98,0.0,3,False,,Thursday,5,15
2026-01-15 06:00:00,11281.585,50.085,17.3,97,0.0,3,False,,Thursday,6,15
2026-01-15 07:00:00,12285.369999999999,50.025000000000006,17.2,97,0.0,2,False,,Thursday,7,15
2026-01-15 08:00:00,13601.102499999999,50.06,19.2,85,0.0,0,False,,Thursday,8,15
2026-01-15 09:00:00,15186.907500000001,50.065,22.8,65,0.0,0,False,,Thursday,9,15
2026-01-15 10:00:00,16689.095,50.035,25.4,45,0.0,0,False,,Thursday,10,15
2026-01-15 11:00:00,16944.760000000002,49.985,26.5,39,0.0,0,False,,Thursday,11,15
2026-01-15 12:00:00,16012.64,49.975,28.4,33,0.0,3,False,,Thursday,12,15
2026-01-15 13:00:00,15586.857500000002,49.989999999999995,28.4,33,0.0,3,False,,Thursday,13,15
2026-01-15 14:00:00,15406.292500000001,50.004999999999995,28.6,32,0.0,1,False,,Thursday,14,15
2026-01-15 15:00:00,15197.2925,50.004999999999995,29.1,30,0.0,1,False,,Thursday,15,15
2026-01-15 16:00:00,14911.505000000001,49.965,28.5,31,0.0,1,False,,Thursday,16,15
2026-01-15 17:00:00,12771.177500000002,50.045,27.9,34,0.0,1,False,,Thursday,17,15
2026-01-15 18:00:00,12148.724999999999,50.085,26.0,40,0.0,1,False,,Thursday,18,15
2026-01-15 19:00:00,10915.2925,50.025,24.8,45,0.0,1,False,,Thursday,19,15
2026-01-15 20:00:00,10243.8225,49.955,23.1,54,0.0,0,False,,Thursday,20,15
2026-01-15 21:00:00,9734.45,50.019999999999996,22.0,59,0.0,0,False,,Thursday,21,15
2026-01-15 22:00:00,9397.157500000001,49.965,21.0,63,0.0,0,False,,Thursday,22,15
2026-01-15 23:00:00,9899.0625,50.04,19.9,72,0.0,0,False,,Thursday,23,15
2026-01-16 00:00:00,8646.817500000001,49.955,19.0,79,0.0,0,False,,Friday,0,16
2026-01-16 01:00:00,9258.265,49.989999999999995,18.4,86,0.0,0,False,,Friday,1,16
2026-01-16 02:00:00,8929.727499999999,49.985,17.6,92,0.0,0,False,,Friday,2,16
2026-01-16 03:00:00,8672.59,49.975,17.1,97,0.0,3,False,,Friday,3,16
2026-01-16 04:00:00,8972.76,50.045,17.1,98,0.0,3,False,,Friday,4,16
2026-01-16 05:00:00,10053.105,50.015,17.2,95,0.0,2,False,,Friday,5,16
2026-01-16 06:00:00,11185.075,50.075,16.8,96,0.0,3,False,,Friday,6,16
2026-01-16 07:00:00,12808.619999999999,50.06,17.0,93,0.0,2,False,,Friday,7,16
2026-01-16 08:00:00,14178.494999999999,50.035,18.8,81,0.0,0,False,,Friday,8,16
2026-01-16 09:00:00,15290.092499999999,50.095,21.8,63,0.0,0,False,,Friday,9,16
2026-01-16 10:00:00,17059.6575,49.99,24.1,50,0.0,0,False,,Friday,10,16
2026-01-16 11:00:00,16699.350000000002,49.925,25.5,44,0.0,0,False,,Friday,11,16
2026-01-16 12:00:00,16595.835,50.0,26.6,38,0.0,0,False,,Friday,12,16
2026-01-16 13:00:00,16304.945,50.15,27.5,34,0.0,0,False,,Friday,13,16
2026-01-16 14:00:00,16015.0425,50.08,27.7,32,0.0,0,False,,Friday,14,16
2026-01-16 15:00:00,15903.4,50.075,27.6,32,0.0,0,False,,Friday,15,16
2026-01-16 16:00:00,16006.4575,50.1,27.1,33,0.0,0,False,,Friday,16,16
2026-01-16 17:00:00,13795.150000000001,50.095,26.2,34,0.0,0,False,,Friday,17,16
2026-01-16 18:00:00,13024.9775,50.13,24.6,38,0.0,0,False,,Friday,18,16
2026-01-16 19:00:00,11741.77,50.055,23.4,43,0.0,0,False,,Friday,19,16
2026-01-16 20:00:00,10937.7,50.010000000000005,22.0,47,0.0,0,False,,Friday,20,16
2026-01-16 21:00:00,10404.195,50.040000000000006,21.1,50,0.0,0,False,,Friday,21,16
2026-01-16 22:00:00,10373.45,50.045,20.1,53,0.0,0,False,,Friday,22,16
2026-01-16 23:00:00,10457.33,49.955,19.0,60,0.0,0,False,,Friday,23,16
2026-01-17 00:00:00,9764.23,50.0,18.0,69,0.0,0,False,,Saturday,0,17
2026-01-17 01:00:00,10178.265,49.94,17.4,75,0.0,0,False,,Saturday,1,17
2026-01-17 02:00:00,9580.2675,49.955,16.7,80,0.0,0,False,,Saturday,2,17
2026-01-17 03:00:00,9520.055,49.955,15.9,86,0.0,0,False,,Saturday,3,17
2026-01-17 04:00:00,9781.642500000002,49.985,15.4,91,0.0,0,False,,Saturday,4,17
2026-01-17 05:00:00,10666.650000000001,49.945,15.1,95,0.0,0,False,,Saturday,5,17
2026-01-17 06:00:00,11604.552500000002,50.065,14.8,96,0.0,1,False,,Saturday,6,17
2026-01-17 07:00:00,12976.2,49.975,15.0,88,0.0,0,False,,Saturday,7,17
2026-01-17 08:00:00,13967.8175,49.945,17.0,76,0.0,0,False,,Saturday,8,17
2026-01-17 09:00:00,14660.192500000001,50.065,20.5,54,0.0,0,False,,Saturday,9,17
2026-01-17 10:00:00,16843.190000000002,50.025000000000006,22.9,40,0.0,0,False,,Saturday,10,17
2026-01-17 11:00:00,16373.892500000002,49.995,24.2,31,0.0,1,False,,Saturday,11,17
2026-01-17 12:00:00,15905.29,50.055,25.9,24,0.0,1,False,,Saturday,12,17
2026-01-17 13:00:00,15283.34,50.015,26.8,21,0.0,2,False,,Saturday,13,17
2026-01-17 14:00:00,15180.5425,50.015,27.1,22,0.0,2,False,,Saturday,14,17
2026-01-17 15:00:00,15637.227499999999,50.025,27.0,23,0.0,3,False,,Saturday,15,17
2026-01-17 16:00:00,15846.59,50.03,26.5,24,0.0,3,False,,Saturday,16,17
2026-01-17 17:00:00,13616.907500000001,50.099999999999994,26.0,25,0.0,2,False,,Saturday,17,17
2026-01-17 18:00:00,12826.292500000001,50.055,24.2,28,0.0,3,False,,Saturday,18,17
2026-01-17 19:00:00,11376.845000000001,50.035,23.1,30,0.0,3,False,,Saturday,19,17
2026-01-17 20:00:00,10705.635,50.01,22.1,31,0.0,3,False,,Saturday,20,17
2026-01-17 21:00:00,10220.645,49.975,20.5,35,0.0,3,False,,Saturday,21,17
2026-01-17 22:00:00,10099.6325,50.045,19.4,40,0.0,2,False,,Saturday,22,17
2026-01-17 23:00:00,10280.43,49.980000000000004,18.8,46,0.0,3,False,,Saturday,23,17
2026-01-18 00:00:00,9764.23,50.0,17.9,52,0.0,3,True,Sunday,Sunday,0,18
2026-01-18 01:00:00,9887.935,49.97,17.0,60,0.0,3,True,Sunday,Sunday,1,18
2026-01-18 02:00:00,9635.0225,49.965,16.4,71,0.0,3,True,Sunday,Sunday,2,18
2026-01-18 03:00:00,9285.4925,49.985,15.7,80,0.0,3,True,Sunday,Sunday,3,18
2026-01-18 04:00:00,9619.529999999999,49.995000000000005,15.1,86,0.0,3,True,Sunday,Sunday,4,18
2026-01-18 05:00:00,10513.5325,50.019999999999996,14.8,92,0.0,0,True,Sunday,Sunday,5,18
2026-01-18 06:00:00,10905.57,50.065,14.8,91,0.0,0,True,Sunday,Sunday,6,18
2026-01-18 07:00:00,11412.09,50.05,15.2,88,0.0,0,True,Sunday,Sunday,7,18
2026-01-18 08:00:00,12537.4625,50.019999999999996,18.6,68,0.0,0,True,Sunday,Sunday,8,18
2026-01-18 09:00:00,14132.5475,49.925,22.1,39,0.0,0,True,Sunday,Sunday,9,18
2026-01-18 10:00:00,15802.670000000002,49.91,24.5,22,0.0,0,True,Sunday,Sunday,10,18
2026-01-18 11:00:00,15708.702500000001,50.055,25.5,19,0.0,0,True,Sunday,Sunday,11,18
2026-01-18 12:00:00,15164.845000000001,50.055,27.0,18,0.0,0,True,Sunday,Sunday,12,18
2026-01-18 13:00:00,14647.9575,50.015,27.8,16,0.0,0,True,Sunday,Sunday,13,18
2026-01-18 14:00:00,14426.0225,50.035,28.1,15,0.0,0,True,Sunday,Sunday,14,18
2026-01-18 15:00:00,14476.6225,50.065,28.0,16,0.0,0,True,Sunday,Sunday,15,18
2026-01-18 16:00:00,13913.119999999999,50.015,27.5,16,0.0,0,True,Sunday,Sunday,16,18
2026-01-18 17:00:00,12212.630000000001,50.03,26.8,17,0.0,0,True,Sunday,Sunday,17,18
2026-01-18 18:00:00,11355.3925,50.065,25.2,21,0.0,0,True,Sunday,Sunday,18,18
2026-01-18 19:00:00,10536.4375,49.965,24.2,25,0.0,0,True,Sunday,Sunday,19,18
2026-01-18 20:00:00,9877.669999999998,49.980000000000004,22.7,30,0.0,0,True,Sunday,Sunday,20,18
2026-01-18 21:00:00,9449.125,49.925,21.5,31,0.0,0,True,Sunday,Sunday,21,18
2026-01-18 22:00:00,9295.15,50.004999999999995,20.6,34,0.0,0,True,Sunday,Sunday,22,18
2026-01-18 23:00:00,9556.465,50.025000000000006,19.8,41,0.0,0,True,Sunday,Sunday,23,18
2026-01-19 00:00:00,9115.535,50.06,18.5,50,0.0,0,False,,Monday,0,19
2026-01-19 01:00:00,9371.7375,49.935,17.5,58,0.0,0,False,,Monday,1,19
2026-01-19 02:00:00,9017.58,50.019999999999996,16.8,65,0.0,0,False,,Monday,2,19
2026-01-19 03:00:00,8800.502499999999,50.02,16.0,72,0.0,0,False,,Monday,3,19
2026-01-19 04:00:00,9228.3475,50.005,15.4,78,0.0,0,False,,Monday,4,19
2026-01-19 05:00:00,10111.185,50.095,15.4,85,0.0,0,False,,Monday,5,19
2026-01-19 06:00:00,11072.599999999999,50.1,15.5,88,0.0,0,False,,Monday,6,19
2026-01-19 07:00:00,12897.2575,50.04,15.9,87,0.0,0,False,,Monday,7,19
2026-01-19 08:00:00,14234.395,49.925,18.1,75,0.0,0,False,,Monday,8,19
2026-01-19 09:00:00,14838.010000000002,50.1,21.1,59,0.0,0,False,,Monday,9,19
2026-01-19 10:00:00,16819.1175,50.045,23.8,45,0.0,0,False,,Monday,10,19
2026-01-19 11:00:00,16303.384999999998,50.015,25.0,36,0.0,0,False,,Monday,11,19
2026-01-19 12:00:00,16108.1675,50.01,27.2,29,0.0,0,False,,Monday,12,19
2026-01-19 13:00:00,16034.962499999998,49.995000000000005,28.4,26,0.0,0,False,,Monday,13,19
2026-01-19 14:00:00,15529.082499999999,50.019999999999996,28.9,24,0.0,0,False,,Monday,14,19
2026-01-19 15:00:00,15837.585000000001,49.94,28.9,23,0.0,0,False,,Monday,15,19
2026-01-19 16:00:00,15968.215,49.96,28.1,24,0.0,0,False,,Monday,16,19
2026-01-19 17:00:00,14172.7275,50.03,27.0,25,0.0,0,False,,Monday,17,19
2026-01-19 18:00:00,13208.11,49.99,25.5,28,0.0,0,False,,Monday,18,19
2026-01-19 19:00:00,12054.0975,50.035,24.8,29,0.0,0,False,,Monday,19,19
2026-01-19 20:00:00,11256.712500000001,50.035,24.0,30,0.0,0,False,,Monday,20,19
2026-01-19 21:00:00,10508.61,50.004999999999995,22.0,37,0.0,0,False,,Monday,21,19
2026-01-19 22:00:00,10339.7525,50.015,20.4,42,0.0,0,False,,Monday,22,19
2026-01-19 23:00:00,10380.77,49.99,19.2,55,0.0,0,False,,Monday,23,19
2026-01-20 00:00:00,9726.925,50.065,18.2,61,0.0,0,False,,Tuesday,0,20
2026-01-20 01:00:00,10021.67,50.035,17.6,59,0.0,0,False,,Tuesday,1,20
2026-01-20 02:00:00,9501.51,50.0,17.1,57,0.0,0,False,,Tuesday,2,20
2026-01-20 03:00:00,9369.105,50.0,16.6,58,0.0,0,False,,Tuesday,3,20
2026-01-20 04:00:00,9773.4375,50.055,16.2,59,0.0,0,False,,Tuesday,4,20
2026-01-20 05:00:00,10790.7125,50.055,16.5,58,0.0,0,False,,Tuesday,5,20
2026-01-20 06:00:00,11783.005000000001,50.085,15.8,61,0.0,0,False,,Tuesday,6,20
2026-01-20 07:00:00,13514.182499999999,50.075,16.1,60,0.0,0,False,,Tuesday,7,20
2026-01-20 08:00:00,14721.994999999999,49.980000000000004,18.5,50,0.0,0,False,,Tuesday,8,20
2026-01-20 09:00:00,15414.2575,50.15,21.4,37,0.0,0,False,,Tuesday,9,20
2026-01-20 10:00:00,17090.657499999998,50.015,23.9,28,0.0,0,False,,Tuesday,10,20
2026-01-20 11:00:00,16974.8325,49.980000000000004,25.2,24,0.0,1,False,,Tuesday,11,20
2026-01-20 12:00:00,16615.345,50.035,26.8,22,0.0,0,False,,Tuesday,12,20
2026-01-20 13:00:00,16189.835,50.06,27.6,21,0.0,0,False,,Tuesday,13,20
2026-01-20 14:00:00,15750.0,50.015,28.1,21,0.0,0,False,,Tuesday,14,20
2026-01-20 15:00:00,16030.782500000001,49.99,28.1,21,0.0,0,False,,Tuesday,15,20
2026-01-20 16:00:00,16131.4525,50.055,27.5,22,0.0,0,False,,Tuesday,16,20
2026-01-20 17:00:00,13988.855,50.11,26.6,23,0.0,0,False,,Tuesday,17,20
2026-01-20 18:00:00,13169.1775,50.11,25.4,24,0.0,0,False,,Tuesday,18,20
2026-01-20 19:00:00,12030.82,50.05,24.1,28,0.0,1,False,,Tuesday,19,20
2026-01-20 20:00:00,11246.5775,50.065,22.6,30,0.0,1,False,,Tuesday,20,20
2026-01-20 21:00:00,10284.4575,50.0,20.9,37,0.0,2,False,,Tuesday,21,20
2026-01-20 22:00:00,10048.45,50.045,19.6,47,0.0,2,False,,Tuesday,22,20
2026-01-20 23:00:00,9950.95,50.035,18.6,60,0.0,0,False,,Tuesday,23,20
2026-01-21 00:00:00,9463.925,49.974999999999994,17.6,67,0.0,3,False,,Wednesday,0,21
2026-01-21 01:00:00,9788.470000000001,49.974999999999994,16.9,71,0.0,3,False,,Wednesday,1,21
2026-01-21 02:00:00,9259.825,50.05,16.3,75,0.0,3,False,,Wednesday,2,21
2026-01-21 03:00:00,9256.9225,50.045,15.8,77,0.0,1,False,,Wednesday,3,21
2026-01-21 04:00:00,9549.782500000001,50.04,15.2,78,0.0,1,False,,Wednesday,4,21
2026-01-21 05:00:00,10281.95,49.99,14.9,79,0.0,1,False,,Wednesday,5,21
2026-01-21 06:00:00,11500.285,50.075,14.8,79,0.0,1,False,,Wednesday,6,21
2026-01-21 07:00:00,13196.91,50.09,15.1,76,0.0,0,False,,Wednesday,7,21
2026-01-21 08:00:00,14828.3275,50.015,17.0,66,0.0,0,False,,Wednesday,8,21
2026-01-21 09:00:00,15248.075,50.129999999999995,20.1,45,0.0,0,False,,Wednesday,9,21
2026-01-21 10:00:00,16435.9075,50.03,23.0,28,0.0,0,False,,Wednesday,10,21
2026-01-21 11:00:00,16207.775,49.980000000000004,24.2,27,0.0,0,False,,Wednesday,11,21
2026-01-21 12:00:00,15714.627499999999,49.93,25.8,23,0.0,0,False,,Wednesday,12,21
2026-01-21 13:00:00,15518.1325,49.980000000000004,26.5,21,0.0,0,False,,Wednesday,13,21
2026-01-21 14:00:00,15325.305,50.004999999999995,26.8,21,0.0,0,False,,Wednesday,14,21
2026-01-21 15:00:00,15686.035000000002,50.055,26.7,22,0.0,0,False,,Wednesday,15,21
2026-01-21 16:00:00,15866.7475,50.01,26.1,24,0.0,0,False,,Wednesday,16,21
2026-01-21 17:00:00,14440.1475,50.095,25.5,28,0.0,0,False,,Wednesday,17,21
2026-01-21 18:00:00,13368.89,50.065,24.2,31,0.0,0,False,,Wednesday,18,21
2026-01-21 19:00:00,12118.3075,49.995000000000005,23.4,34,0.0,0,False,,Wednesday,19,21
2026-01-21 20:00:00,11114.935,50.06,21.9,41,0.0,0,False,,Wednesday,20,21
2026-01-21 21:00:00,10639.285,50.015,20.4,49,0.0,0,False,,Wednesday,21,21
2026-01-21 22:00:00,10326.1025,50.065,19.3,53,0.0,0,False,,Wednesday,22,21
2026-01-21 23:00:00,10185.9675,50.05,18.5,60,0.0,0,False,,Wednesday,23,21
2026-01-22 00:00:00,9262.685000000001,50.05,18.0,61,0.0,0,False,,Thursday,0,22
2026-01-22 01:00:00,9721.5775,50.03,17.4,58,0.0,0,False,,Thursday,1,22
2026-01-22 02:00:00,9480.3825,49.989999999999995,16.8,58,0.0,2,False,,Thursday,2,22
2026-01-22 03:00:00,9263.1675,50.0,16.3,58,0.0,2,False,,Thursday,3,22
2026-01-22 04:00:00,9649.529999999999,50.035,15.9,56,0.0,0,False,,Thursday,4,22
2026-01-22 05:00:00,10395.522500000001,49.995000000000005,15.5,61,0.0,0,False,,Thursday,5,22
2026-01-22 06:00:00,11549.9325,50.035,15.2,60,0.0,0,False,,Thursday,6,22
2026-01-22 07:00:00,13297.29,50.035,15.4,59,0.0,0,False,,Thursday,7,22
2026-01-22 08:00:00,14842.965,50.065,17.2,51,0.0,0,False,,Thursday,8,22
2026-01-22 09:00:00,15451.642500000002,50.03,19.6,41,0.0,0,False,,Thursday,9,22
2026-01-22 10:00:00,17098.127500000002,50.02,22.0,34,0.0,0,False,,Thursday,10,22
2026-01-22 11:00:00,16419.2225,50.019999999999996,23.6,29,0.0,0,False,,Thursday,11,22
2026-01-22 12:00:00,15757.005000000001,50.04,25.0,26,0.0,0,False,,Thursday,12,22
2026-01-22 13:00:00,15680.0275,50.125,25.8,25,0.0,0,False,,Thursday,13,22
2026-01-22 14:00:00,15398.73,49.96,26.1,25,0.0,0,False,,Thursday,14,22
2026-01-22 15:00:00,15697.197499999998,49.97,26.0,26,0.0,0,False,,Thursday,15,22
2026-01-22 16:00:00,15898.762499999999,49.99,25.5,29,0.0,0,False,,Thursday,16,22
2026-01-22 17:00:00,13684.745,50.085,24.8,30,0.0,0,False,,Thursday,17,22
2026-01-22 18:00:00,12929.539999999999,50.1,23.5,32,0.0,0,False,,Thursday,18,22
2026-01-22 19:00:00,11956.45,50.0,22.4,36,0.0,0,False,,Thursday,19,22
2026-01-22 20:00:00,11158.907500000001,50.004999999999995,21.0,40,0.0,0,False,,Thursday,20,22
2026-01-22 21:00:00,10342.2475,49.97,19.9,44,0.0,0,False,,Thursday,21,22
2026-01-22 22:00:00,10327.057499999999,50.025,18.5,51,0.0,0,False,,Thursday,22,22
2026-01-22 23:00:00,10244.3925,49.995000000000005,17.7,61,0.0,0,False,,Thursday,23,22
2026-01-23 00:00:00,9350.5225,49.989999999999995,17.0,67,0.0,0,False,,Friday,0,23
2026-01-23 01:00:00,9715.23,50.0,16.3,72,0.0,1,False,,Friday,1,23
2026-01-23 02:00:00,9190.677500000002,49.985,15.6,78,0.0,2,False,,Friday,2,23
2026-01-23 03:00:00,9087.782500000001,50.0,15.1,80,0.0,2,False,,Friday,3,23
2026-01-23 04:00:00,9543.2475,50.045,14.8,78,0.0,0,False,,Friday,4,23
2026-01-23 05:00:00,10479.365,50.055,14.2,83,0.0,0,False,,Friday,5,23
2026-01-23 06:00:00,11626.145,50.11,13.9,88,0.0,1,False,,Friday,6,23
2026-01-23 07:00:00,13905.5425,50.105000000000004,14.1,89,0.0,2,False,,Friday,7,23
2026-01-23 08:00:00,15080.4125,49.985,15.5,79,0.0,0,False,,Friday,8,23
2026-01-23 09:00:00,15765.179999999998,50.019999999999996,19.0,56,0.0,0,False,,Friday,9,23
2026-01-23 10:00:00,17303.2225,49.96,22.1,36,0.0,0,False,,Friday,10,23
2026-01-23 11:00:00,17291.72,49.97,23.9,34,0.0,0,False,,Friday,11,23
2026-01-23 12:00:00,17068.372499999998,49.965,25.7,27,0.0,0,False,,Friday,12,23
2026-01-23 13:00:00,16583.502500000002,49.959999999999994,26.7,24,0.0,0,False,,Friday,13,23
2026-01-23 14:00:00,16367.482499999998,50.085,27.1,23,0.0,0,False,,Friday,14,23
2026-01-23 15:00:00,16521.4,50.035,26.9,23,0.0,0,False,,Friday,15,23
2026-01-23 16:00:00,16399.14,50.07,26.2,26,0.0,3,False,,Friday,16,23
2026-01-23 17:00:00,14234.467499999999,50.085,25.5,29,0.0,2,False,,Friday,17,23
2026-01-23 18:00:00,12984.039999999999,50.09,24.4,35,0.0,2,False,,Friday,18,23
2026-01-23 19:00:00,11939.1025,50.05,23.2,39,0.0,1,False,,Friday,19,23
2026-01-23 20:00:00,11246.585,50.01,22.4,39,0.0,0,False,,Friday,20,23
2026-01-23 21:00:00,10601.05,49.97,21.0,57,0.0,0,False,,Friday,21,23
2026-01-23 22:00:00,10642.225,50.010000000000005,19.4,71,0.0,0,False,,Friday,22,23
2026-01-23 23:00:00,10442.727499999999,50.0,18.0,90,0.0,3,False,,Friday,23,23
2026-01-24 00:00:00,9736.94,49.980000000000004,17.9,92,0.0,3,False,,Saturday,0,24
2026-01-24 01:00:00,9969.439999999999,49.959999999999994,17.8,90,0.0,3,False,,Saturday,1,24
2026-01-24 02:00:00,9311.715,50.03,17.5,89,0.0,3,False,,Saturday,2,24
2026-01-24 03:00:00,9392.2425,50.025000000000006,16.8,91,0.0,2,False,,Saturday,3,24
2026-01-24 04:00:00,9739.182499999999,50.010000000000005,16.4,92,0.0,2,False,,Saturday,4,24
2026-01-24 05:00:00,10672.535,50.085,16.0,97,0.0,3,False,,Saturday,5,24
2026-01-24 06:00:00,11514.23,50.129999999999995,16.0,97,0.0,3,False,,Saturday,6,24
2026-01-24 07:00:00,12787.17,50.019999999999996,16.5,92,0.0,3,False,,Saturday,7,24
2026-01-24 08:00:00,14358.09,50.004999999999995,18.0,81,0.0,1,False,,Saturday,8,24
2026-01-24 09:00:00,15894.525,50.07,21.0,66,0.0,1,False,,Saturday,9,24
2026-01-24 10:00:00,17380.3325,49.95,23.5,52,0.0,2,False,,Saturday,10,24
2026-01-24 11:00:00,16961.57,49.985,24.7,47,0.0,3,False,,Saturday,11,24
2026-01-24 12:00:00,16742.1175,49.985,25.2,46,0.0,3,False,,Saturday,12,24
2026-01-24 13:00:00,16601.6425,50.055,24.9,48,0.0,3,False,,Saturday,13,24
2026-01-24 14:00:00,16423.067499999997,50.0,25.0,49,0.0,3,False,,Saturday,14,24
2026-01-24 15:00:00,16509.055,50.019999999999996,24.1,53,0.0,3,False,,Saturday,15,24
2026-01-24 16:00:00,16488.350000000002,49.95,24.0,54,0.0,3,False,,Saturday,16,24
2026-01-24 17:00:00,14081.3475,50.045,23.0,64,0.0,1,False,,Saturday,17,24
2026-01-24 18:00:00,13231.244999999999,50.1,21.8,72,0.0,2,False,,Saturday,18,24
2026-01-24 19:00:00,11785.162499999999,49.945,20.5,80,0.0,1,False,,Saturday,19,24
2026-01-24 20:00:00,11003.127499999999,50.019999999999996,19.9,84,0.0,3,False,,Saturday,20,24
2026-01-24 21:00:00,10235.2925,50.05,19.8,84,0.0,2,False,,Saturday,21,24
2026-01-24 22:00:00,10371.707499999999,49.989999999999995,19.5,84,0.0,3,False,,Saturday,22,24
2026-01-24 23:00:00,10451.119999999999,50.03,19.5,84,0.0,2,False,,Saturday,23,24
2026-01-25 00:00:00,9626.92,50.06,19.0,83,0.0,3,True,Sunday,Sunday,0,25
2026-01-25 01:00:00,9793.2975,49.95,18.8,81,0.0,1,True,Sunday,Sunday,1,25
2026-01-25 02:00:00,9338.1075,49.965,18.4,81,0.0,1,True,Sunday,Sunday,2,25
2026-01-25 03:00:00,9250.692500000001,49.925,18.0,82,0.0,0,True,Sunday,Sunday,3,25
2026-01-25 04:00:00,9682.075,49.974999999999994,17.5,84,0.1,51,True,Sunday,Sunday,4,25
2026-01-25 05:00:00,10395.122500000001,50.015,18.4,83,0.0,3,True,Sunday,Sunday,5,25
2026-01-25 06:00:00,11271.8275,50.04,18.3,83,0.0,1,True,Sunday,Sunday,6,25
2026-01-25 07:00:00,12127.5475,49.985,18.8,77,0.0,2,True,Sunday,Sunday,7,25
2026-01-25 08:00:00,13458.41,50.015,19.9,64,0.0,1,True,Sunday,Sunday,8,25
2026-01-25 09:00:00,15604.8275,50.095,22.1,51,0.0,0,True,Sunday,Sunday,9,25
2026-01-25 10:00:00,15829.93,50.019999999999996,23.4,48,0.0,0,True,Sunday,Sunday,10,25
2026-01-25 11:00:00,15719.6725,49.965,23.4,52,0.0,1,True,Sunday,Sunday,11,25
2026-01-25 12:00:00,15236.585000000003,50.04,24.3,50,0.0,1,True,Sunday,Sunday,12,25
2026-01-25 13:00:00,15202.855,49.985,24.9,52,0.0,2,True,Sunday,Sunday,13,25
2026-01-25 14:00:00,14916.9625,49.985,25.0,53,0.0,3,True,Sunday,Sunday,14,25
2026-01-25 15:00:00,14857.64,50.08,24.1,57,0.0,3,True,Sunday,Sunday,15,25
2026-01-25 16:00:00,14774.5025,50.010000000000005,23.4,60,0.0,3,True,Sunday,Sunday,16,25
2026-01-25 17:00:00,12398.6225,50.05,23.5,60,0.0,2,True,Sunday,Sunday,17,25
2026-01-25 18:00:00,11682.11,50.004999999999995,22.1,67,0.0,0,True,Sunday,Sunday,18,25
2026-01-25 19:00:00,10670.947499999998,49.91,21.4,73,0.0,1,True,Sunday,Sunday,19,25
2026-01-25 20:00:00,9801.915,50.035,20.6,78,0.0,0,True,Sunday,Sunday,20,25
2026-01-25 21:00:00,9306.665,50.019999999999996,19.8,84,0.0,0,True,Sunday,Sunday,21,25
2026-01-25 22:00:00,9316.025000000001,49.894999999999996,19.2,88,0.0,0,True,Sunday,Sunday,22,25
2026-01-25 23:00:00,9385.345000000001,49.905,19.2,87,0.0,1,True,Sunday,Sunday,23,25
2026-01-26 00:00:00,8801.447499999998,50.010000000000005,19.0,87,0.0,3,True,Republic Day,Monday,0,26
2026-01-26 01:00:00,9127.960000000001,49.945,19.1,85,0.0,3,True,Republic Day,Monday,1,26
2026-01-26 02:00:00,8673.8625,50.025000000000006,19.0,85,0.0,3,True,Republic Day,Monday,2,26
2026-01-26 03:00:00,8789.5375,50.015,18.5,87,0.0,2,True,Republic Day,Monday,3,26
2026-01-26 04:00:00,9084.83,49.995000000000005,18.1,90,0.0,1,True,Republic Day,Monday,4,26
2026-01-26 05:00:00,9784.302500000002,50.045,17.8,93,0.1,51,True,Republic Day,Monday,5,26
2026-01-26 06:00:00,10984.862500000001,50.045,17.6,92,0.0,1,True,Republic Day,Monday,6,26
2026-01-26 07:00:00,12048.315,49.980000000000004,18.0,88,0.0,1,True,Republic Day,Monday,7,26
2026-01-26 08:00:00,12869.630000000001,50.019999999999996,19.5,76,0.1,51,True,Republic Day,Monday,8,26
2026-01-26 09:00:00,14162.314999999999,50.019999999999996,21.4,66,0.1,51,True,Republic Day,Monday,9,26
2026-01-26 10:00:00,15704.81,50.025,23.0,60,0.0,1,True,Republic Day,Monday,10,26
2026-01-26 11:00:00,15826.134999999998,50.005,22.2,65,0.0,3,True,Republic Day,Monday,11,26
2026-01-26 12:00:00,15550.57,50.015,22.4,66,0.3,51,True,Republic Day,Monday,12,26
2026-01-26 13:00:00,15522.3175,49.925,22.8,65,0.1,51,True,Republic Day,Monday,13,26
2026-01-26 14:00:00,15254.717499999999,49.97,23.5,63,0.0,3,True,Republic Day,Monday,14,26
2026-01-26 15:00:00,15286.804999999998,50.095,23.5,62,0.1,51,True,Republic Day,Monday,15,26
2026-01-26 16:00:00,14745.9875,50.045,24.2,59,0.3,51,True,Republic Day,Monday,16,26
2026-01-26 17:00:00,12489.4475,50.09,22.6,67,0.2,51,True,Republic Day,Monday,17,26
2026-01-26 18:00:00,11806.855,50.09,21.9,72,0.0,1,True,Republic Day,Monday,18,26
2026-01-26 19:00:00,10480.1375,50.015,20.7,79,0.0,0,True,Republic Day,Monday,19,26
2026-01-26 20:00:00,9916.557499999999,50.01,19.9,85,0.0,1,True,Republic Day,Monday,20,26
2026-01-26 21:00:00,9046.8875,50.040000000000006,19.5,87,0.0,0,True,Republic Day,Monday,21,26
2026-01-26 22:00:00,9181.45,50.010000000000005,19.1,90,0.0,1,True,Republic Day,Monday,22,26
2026-01-26 23:00:00,9378.825,50.0,18.9,92,0.0,1,True,Republic Day,Monday,23,26
2026-01-27 00:00:00,8687.2425,50.04,18.6,93,0.0,2,False,,Tuesday,0,27
2026-01-27 01:00:00,9085.7825,49.995000000000005,18.1,93,0.0,0,False,,Tuesday,1,27
2026-01-27 02:00:00,8682.11,49.98,17.7,93,0.0,0,False,,Tuesday,2,27
2026-01-27 03:00:00,8493.1775,50.019999999999996,17.4,91,0.0,0,False,,Tuesday,3,27
2026-01-27 04:00:00,8979.345,50.010000000000005,17.1,90,0.0,0,False,,Tuesday,4,27
2026-01-27 05:00:00,9769.4625,50.05,17.5,91,0.0,0,False,,Tuesday,5,27
2026-01-27 06:00:00,11142.912499999999,50.05,17.3,93,0.0,0,False,,Tuesday,6,27
2026-01-27 07:00:00,13203.335,50.03,17.8,88,0.0,0,False,,Tuesday,7,27
2026-01-27 08:00:00,14976.640000000001,50.040000000000006,19.8,70,0.0,3,False,,Tuesday,8,27
2026-01-27 09:00:00,15250.515,50.065,22.4,46,0.0,3,False,,Tuesday,9,27
2026-01-27 10:00:00,17134.1475,50.025,24.5,37,0.0,3,False,,Tuesday,10,27
2026-01-27 11:00:00,17007.355,50.01,25.8,37,0.0,3,False,,Tuesday,11,27
2026-01-27 12:00:00,16860.2825,50.06,26.5,37,0.0,3,False,,Tuesday,12,27
2026-01-27 13:00:00,16591.575,50.055,27.2,37,0.0,3,False,,Tuesday,13,27
2026-01-27 14:00:00,16220.7875,50.025,28.2,35,0.0,3,False,,Tuesday,14,27
2026-01-27 15:00:00,16528.32,50.045,28.0,35,0.0,3,False,,Tuesday,15,27
2026-01-27 16:00:00,16663.469999999998,49.975,27.0,40,0.0,3,False,,Tuesday,16,27
2026-01-27 17:00:00,14379.542500000001,50.144999999999996,26.5,42,0.0,3,False,,Tuesday,17,27
2026-01-27 18:00:00,13328.135,50.114999999999995,25.3,47,0.0,3,False,,Tuesday,18,27
2026-01-27 19:00:00,12023.6475,50.045,24.0,53,0.0,3,False,,Tuesday,19,27
2026-01-27 20:00:00,11309.9975,50.005,22.9,58,0.0,3,False,,Tuesday,20,27
2026-01-27 21:00:00,10398.605,49.995000000000005,21.7,62,0.0,3,False,,Tuesday,21,27
2026-01-27 22:00:00,10395.89,50.08,20.5,66,0.0,3,False,,Tuesday,22,27
2026-01-27 23:00:00,10558.04,49.99,19.7,71,0.0,3,False,,Tuesday,23,27
2026-01-28 00:00:00,9722.5875,50.065,18.8,77,0.0,3,False,,Wednesday,0,28
2026-01-28 01:00:00,10152.625,49.980000000000004,18.0,82,0.0,3,False,,Wednesday,1,28
2026-01-28 02:00:00,9830.375,50.02,17.5,85,0.0,2,False,,Wednesday,2,28
2026-01-28 03:00:00,9573.369999999999,50.025,17.0,84,0.0,3,False,,Wednesday,3,28
2026-01-28 04:00:00,9982.717499999999,50.09,16.8,79,0.0,3,False,,Wednesday,4,28
2026-01-28 05:00:00,10983.525,50.02,16.5,81,0.0,3,False,,Wednesday,5,28
2026-01-28 06:00:00,12161.6425,50.125,16.5,77,0.0,3,False,,Wednesday,6,28
2026-01-28 07:00:00,13971.2775,50.07,16.9,75,0.0,3,False,,Wednesday,7,28
2026-01-28 08:00:00,15326.5225,50.03,19.1,62,0.0,1,False,,Wednesday,8,28
2026-01-28 09:00:00,15969.145,50.15,22.2,45,0.0,1,False,,Wednesday,9,28
2026-01-28 10:00:00,17680.655,50.004999999999995,24.6,40,0.0,1,False,,Wednesday,10,28
2026-01-28 11:00:00,17431.559999999998,50.0,26.0,39,0.0,1,False,,Wednesday,11,28
2026-01-28 12:00:00,16939.8275,50.07,27.7,34,0.0,1,False,,Wednesday,12,28
2026-01-28 13:00:00,16927.254999999997,49.99,28.9,32,0.0,0,False,,Wednesday,13,28
2026-01-28 14:00:00,16437.892499999998,50.019999999999996,29.6,29,0.0,1,False,,Wednesday,14,28
2026-01-28 15:00:00,16510.245000000003,49.935,29.5,29,0.0,1,False,,Wednesday,15,28
2026-01-28 16:00:00,16815.2075,50.0,28.9,30,0.0,0,False,,Wednesday,16,28
2026-01-28 17:00:00,14491.9525,50.045,28.3,30,0.0,1,False,,Wednesday,17,28
2026-01-28 18:00:00,13664.4775,50.099999999999994,26.6,34,0.0,1,False,,Wednesday,18,28
2026-01-28 19:00:00,12113.98,50.010000000000005,25.0,43,0.0,1,False,,Wednesday,19,28
2026-01-28 20:00:00,11274.205,50.045,23.8,49,0.0,0,False,,Wednesday,20,28
2026-01-28 21:00:00,10506.055,50.015,22.1,59,0.0,0,False,,Wednesday,21,28
2026-01-28 22:00:00,10486.895,50.055,21.1,66,0.0,0,False,,Wednesday,22,28
2026-01-28 23:00:00,10420.6125,50.075,20.2,73,0.0,0,False,,Wednesday,23,28
2026-01-29 00:00:00,9949.4175,50.045,19.1,79,0.0,0,False,,Thursday,0,29
2026-01-29 01:00:00,10152.6825,50.004999999999995,18.3,84,0.0,0,False,,Thursday,1,29
2026-01-29 02:00:00,9722.895,50.019999999999996,17.6,88,0.0,0,False,,Thursday,2,29
2026-01-29 03:00:00,9788.439999999999,49.965,17.1,90,0.0,0,False,,Thursday,3,29
2026-01-29 04:00:00,10086.0125,50.015,16.8,89,0.0,0,False,,Thursday,4,29
2026-01-29 05:00:00,11110.2575,50.09,16.5,88,0.0,0,False,,Thursday,5,29
2026-01-29 06:00:00,12054.91,50.075,16.3,86,0.0,0,False,,Thursday,6,29
2026-01-29 07:00:00,13643.705000000002,50.095,16.8,81,0.0,0,False,,Thursday,7,29
2026-01-29 08:00:00,15311.045,50.09,18.9,68,0.0,0,False,,Thursday,8,29
2026-01-29 09:00:00,15873.415,50.16,21.5,52,0.0,0,False,,Thursday,9,29
2026-01-29 10:00:00,17404.2275,49.95,23.9,40,0.0,0,False,,Thursday,10,29
2026-01-29 11:00:00,17236.8325,50.040000000000006,25.2,35,0.0,0,False,,Thursday,11,29
2026-01-29 12:00:00,16689.345,50.035,26.9,30,0.0,0,False,,Thursday,12,29
2026-01-29 13:00:00,16624.505,50.085,27.6,28,0.0,0,False,,Thursday,13,29
2026-01-29 14:00:00,16598.7275,50.065,27.9,28,0.0,0,False,,Thursday,14,29
2026-01-29 15:00:00,16625.9725,49.845,27.8,29,0.0,0,False,,Thursday,15,29
2026-01-29 16:00:00,16878.625,49.995000000000005,27.2,32,0.0,0,False,,Thursday,16,29
2026-01-29 17:00:00,14550.0275,49.945,26.1,34,0.0,0,False,,Thursday,17,29
2026-01-29 18:00:00,13626.2775,50.04,24.9,37,0.0,0,False,,Thursday,18,29
2026-01-29 19:00:00,12121.5625,50.055,24.1,38,0.0,0,False,,Thursday,19,29
2026-01-29 20:00:00,11665.1525,50.06,23.1,40,0.0,0,False,,Thursday,20,29
2026-01-29 21:00:00,10591.3325,50.019999999999996,22.0,49,0.0,0,False,,Thursday,21,29
2026-01-29 22:00:00,10615.8875,50.0,20.8,58,0.0,0,False,,Thursday,22,29
2026-01-29 23:00:00,10742.7275,49.905,19.4,68,0.0,0,False,,Thursday,23,29
2026-01-30 00:00:00,10163.0,50.0,18.5,75,0.0,0,False,,Friday,0,30
2026-01-30 01:00:00,10617.4075,49.965,17.7,80,0.0,0,False,,Friday,1,30
2026-01-30 02:00:00,10023.1625,49.955,17.2,82,0.0,0,False,,Friday,2,30
2026-01-30 03:00:00,9697.7425,50.015,17.0,80,0.0,0,False,,Friday,3,30
2026-01-30 04:00:00,10236.1575,49.974999999999994,16.8,78,0.0,0,False,,Friday,4,30
2026-01-30 05:00:00,11533.265,50.025000000000006,16.9,78,0.0,0,False,,Friday,5,30
2026-01-30 06:00:00,12189.92,50.06,16.7,75,0.0,0,False,,Friday,6,30
2026-01-30 07:00:00,13983.747500000001,50.099999999999994,17.1,71,0.0,0,False,,Friday,7,30
2026-01-30 08:00:00,15337.5525,50.03,19.2,61,0.0,0,False,,Friday,8,30
2026-01-30 09:00:00,16142.6075,50.025,21.9,49,0.0,0,False,,Friday,9,30
2026-01-30 10:00:00,17699.845,50.045,24.4,34,0.0,0,False,,Friday,10,30
2026-01-30 11:00:00,17310.4825,49.94,25.8,26,0.0,0,False,,Friday,11,30
2026-01-30 12:00:00,17170.4925,50.095,27.1,24,0.0,0,False,,Friday,12,30
2026-01-30 13:00:00,17031.614999999998,50.13,27.9,23,0.0,0,False,,Friday,13,30
2026-01-30 14:00:00,16693.1575,50.129999999999995,28.1,23,0.0,0,False,,Friday,14,30
2026-01-30 15:00:00,16606.75,50.03,28.0,23,0.0,0,False,,Friday,15,30
2026-01-30 16:00:00,16910.67,49.989999999999995,27.5,24,0.0,0,False,,Friday,16,30
2026-01-30 17:00:00,14624.182499999999,50.085,26.6,26,0.0,0,False,,Friday,17,30
2026-01-30 18:00:00,13095.1975,50.065,25.1,28,0.0,0,False,,Friday,18,30
2026-01-30 19:00:00,11949.035,50.01,24.0,30,0.0,0,False,,Friday,19,30
2026-01-30 20:00:00,11207.6975,50.0,22.6,32,0.0,0,False,,Friday,20,30
2026-01-30 21:00:00,10734.7375,49.989999999999995,20.9,39,0.0,0,False,,Friday,21,30
2026-01-30 22:00:00,10608.615,50.015,19.6,47,0.0,0,False,,Friday,22,30
2026-01-30 23:00:00,10747.287499999999,50.019999999999996,19.4,52,0.0,0,False,,Friday,23,30
2026-01-31 00:00:00,10006.605,50.004999999999995,18.5,55,0.0,0,False,,Saturday,0,31
2026-01-31 01:00:00,10272.7275,50.010000000000005,18.0,56,0.0,0,False,,Saturday,1,31
2026-01-31 02:00:00,9768.564999999999,50.0,17.3,58,0.0,0,False,,Saturday,2,31
2026-01-31 03:00:00,9696.6675,49.985,16.6,59,0.0,3,False,,Saturday,3,31
2026-01-31 04:00:00,10023.6675,50.019999999999996,16.0,59,0.0,1,False,,Saturday,4,31
2026-01-31 05:00:00,10956.169999999998,49.985,15.9,66,0.0,1,False,,Saturday,5,31
2026-01-31 06:00:00,11891.67,50.03,15.8,63,0.0,1,False,,Saturday,6,31
2026-01-31 07:00:00,13500.395,50.025000000000006,16.3,57,0.0,0,False,,Saturday,7,31
2026-01-31 08:00:00,14630.48,50.035,18.6,45,0.0,0,False,,Saturday,8,31
2026-01-31 09:00:00,15306.3375,50.05,21.7,30,0.0,2,False,,Saturday,9,31
2026-01-31 10:00:00,17244.755,49.995,24.4,20,0.0,2,False,,Saturday,10,31
2026-01-31 11:00:00,16574.3275,50.05,25.8,18,0.0,2,False,,Saturday,11,31
2026-01-31 12:00:00,16249.06,50.015,27.3,16,0.0,0,False,,Saturday,12,31
2026-01-31 13:00:00,15960.380000000001,49.965,28.0,16,0.0,0,False,,Saturday,13,31
2026-01-31 14:00:00,15581.29,49.95,28.3,16,0.0,0,False,,Saturday,14,31
2026-01-31 15:00:00,15761.795,50.03,28.0,18,0.0,0,False,,Saturday,15,31
2026-01-31 16:00:00,15988.904999999999,50.085,27.2,20,0.0,0,False,,Saturday,16,31
2026-01-31 17:00:00,13693.6975,50.07,26.3,20,0.0,3,False,,Saturday,17,31
2026-01-31 18:00:00,12875.752499999999,50.055,24.7,27,0.0,3,False,,Saturday,18,31
2026-01-31 19:00:00,12009.6525,50.004999999999995,23.5,36,0.0,3,False,,Saturday,19,31
2026-01-31 20:00:00,11090.115,50.035,21.9,47,0.0,1,False,,Saturday,20,31
2026-01-31 21:00:00,10505.074999999999,50.055,20.7,52,0.0,3,False,,Saturday,21,31
2026-01-31 22:00:00,10356.96,49.980000000000004,19.9,57,0.0,1,False,,Saturday,22,31
2026-01-31 23:00:00,10516.6375,50.015,18.8,60,0.0,3,False,,Saturday,23,31
2026-02-01 00:00:00,9829.925,50.045,17.8,60,0.0,2,True,Sunday,Sunday,0,32
2026-02-01 01:00:00,10038.939999999999,49.995,17.2,62,0.0,3,True,Sunday,Sunday,1,32
2026-02-01 02:00:00,9509.615,49.980000000000004,16.9,64,0.0,3,True,Sunday,Sunday,2,32
2026-02-01 03:00:00,9448.7075,50.025,16.7,61,0.0,3,True,Sunday,Sunday,3,32
2026-02-01 04:00:00,9771.6075,50.025,15.9,65,0.0,2,True,Sunday,Sunday,4,32
2026-02-01 05:00:00,10579.3475,50.05,15.9,83,0.0,0,True,Sunday,Sunday,5,32
2026-02-01 06:00:00,11319.775,50.105000000000004,15.4,89,0.0,1,True,Sunday,Sunday,6,32
2026-02-01 07:00:00,12234.9575,50.019999999999996,15.9,87,0.0,0,True,Sunday,Sunday,7,32
2026-02-01 08:00:00,13599.8675,50.015,17.9,75,0.0,1,True,Sunday,Sunday,8,32
2026-02-01 09:00:00,14663.285,49.96,20.5,58,0.0,1,True,Sunday,Sunday,9,32
2026-02-01 10:00:00,16558.955,49.95,23.2,42,0.0,1,True,Sunday,Sunday,10,32
2026-02-01 11:00:00,16304.945,50.055,25.1,31,0.0,0,True,Sunday,Sunday,11,32
2026-02-01 12:00:00,15855.175,50.144999999999996,26.8,30,0.0,0,True,Sunday,Sunday,12,32
2026-02-01 13:00:00,15489.855000000001,50.095,27.5,32,0.0,0,True,Sunday,Sunday,13,32
2026-02-01 14:00:00,15002.785,50.06,27.8,34,0.0,0,True,Sunday,Sunday,14,32
2026-02-01 15:00:00,14905.94,50.055,29.1,31,0.0,3,True,Sunday,Sunday,15,32
2026-02-01 16:00:00,15010.2825,50.05,27.5,35,0.0,2,True,Sunday,Sunday,16,32
2026-02-01 17:00:00,12788.8225,50.084999999999994,26.3,38,0.0,0,True,Sunday,Sunday,17,32
2026-02-01 18:00:00,11753.48,50.085,26.1,39,0.0,0,True,Sunday,Sunday,18,32
2026-02-01 19:00:00,10582.7875,50.025000000000006,24.5,46,0.0,0,True,Sunday,Sunday,19,32
2026-02-01 20:00:00,10061.45,50.0,23.3,50,0.0,0,True,Sunday,Sunday,20,32
2026-02-01 21:00:00,9591.9375,49.980000000000004,22.2,54,0.0,0,True,Sunday,Sunday,21,32
2026-02-01 22:00:00,9692.1125,49.985,21.3,58,0.0,0,True,Sunday,Sunday,22,32
2026-02-01 23:00:00,9822.21,49.95,20.2,66,0.0,0,True,Sunday,Sunday,23,32
2026-02-02 00:00:00,9251.322499999998,50.01,19.0,74,0.0,0,False,,Monday,0,33
2026-02-02 01:00:00,9537.475,49.955,18.0,81,0.0,0,False,,Monday,1,33
2026-02-02 02:00:00,8767.154999999999,49.945,17.4,86,0.0,0,False,,Monday,2,33
2026-02-02 03:00:00,8904.585,50.019999999999996,17.0,89,0.0,0,False,,Monday,3,33
2026-02-02 04:00:00,9140.0625,50.03,16.6,89,0.0,0,False,,Monday,4,33
2026-02-02 05:00:00,10025.2775,50.045,16.5,85,0.0,0,False,,Monday,5,33
2026-02-02 06:00:00,11225.9925,50.075,16.3,83,0.0,1,False,,Monday,6,33
2026-02-02 07:00:00,13104.165,49.985,16.6,81,0.0,0,False,,Monday,7,33
2026-02-02 08:00:00,14410.82,50.019999999999996,18.5,67,0.0,0,False,,Monday,8,33
2026-02-02 09:00:00,15166.060000000001,50.075,21.6,48,0.0,0,False,,Monday,9,33
2026-02-02 10:00:00,17137.6675,50.010000000000005,24.4,33,0.0,0,False,,Monday,10,33
2026-02-02 11:00:00,17503.5475,50.010000000000005,25.6,38,0.0,0,False,,Monday,11,33
2026-02-02 12:00:00,16911.3625,50.05,27.1,36,0.0,0,False,,Monday,12,33
2026-02-02 13:00:00,16552.36,50.035,28.0,34,0.0,0,False,,Monday,13,33
2026-02-02 14:00:00,16560.35,50.06,28.5,33,0.0,0,False,,Monday,14,33
2026-02-02 15:00:00,16833.107500000002,50.004999999999995,28.6,33,0.0,2,False,,Monday,15,33
2026-02-02 16:00:00,16817.3,50.11,28.0,35,0.0,1,False,,Monday,16,33
2026-02-02 17:00:00,14751.575,50.065,26.5,37,0.0,0,False,,Monday,17,33
2026-02-02 18:00:00,13407.4375,50.075,25.4,40,0.0,0,False,,Monday,18,33
2026-02-02 19:00:00,12319.55,50.035,25.1,41,0.0,1,False,,Monday,19,33
2026-02-02 20:00:00,11450.994999999999,50.075,23.9,49,0.0,0,False,,Monday,20,33
2026-02-02 21:00:00,10685.0975,50.015,22.3,56,0.0,0,False,,Monday,21,33
2026-02-02 22:00:00,10645.3525,49.985,21.0,63,0.0,0,False,,Monday,22,33
2026-02-02 23:00:00,10643.06,49.955,19.8,74,0.0,0,False,,Monday,23,33
2026-02-03 00:00:00,10001.0825,49.97,18.8,83,0.0,0,False,,Tuesday,0,34
2026-02-03 01:00:00,10379.5675,49.975,18.1,87,0.0,0,False,,Tuesday,1,34
2026-02-03 02:00:00,9831.74,49.985,17.6,89,0.0,0,False,,Tuesday,2,34
2026-02-03 03:00:00,9757.3675,50.025000000000006,17.1,91,0.0,0,False,,Tuesday,3,34
2026-02-03 04:00:00,10083.220000000001,50.03,16.8,92,0.0,0,False,,Tuesday,4,34
2026-02-03 05:00:00,11018.1675,50.015,16.5,93,0.0,1,False,,Tuesday,5,34
2026-02-03 06:00:00,11864.6425,50.045,16.4,91,0.0,0,False,,Tuesday,6,34
2026-02-03 07:00:00,13450.925,50.025,17.3,81,0.0,2,False,,Tuesday,7,34
2026-02-03 08:00:00,15103.8875,50.015,19.4,67,0.0,2,False,,Tuesday,8,34
2026-02-03 09:00:00,15842.269999999999,50.120000000000005,22.3,45,0.0,1,False,,Tuesday,9,34
2026-02-03 10:00:00,17469.35,49.965,24.8,32,0.0,0,False,,Tuesday,10,34
2026-02-03 11:00:00,17321.275,49.96,25.6,32,0.0,0,False,,Tuesday,11,34
2026-02-03 12:00:00,16928.975,50.035,27.5,28,0.0,0,False,,Tuesday,12,34
2026-02-03 13:00:00,16556.315000000002,49.989999999999995,28.4,26,0.0,0,False,,Tuesday,13,34
2026-02-03 14:00:00,16386.6975,50.05,28.9,25,0.0,0,False,,Tuesday,14,34
2026-02-03 15:00:00,16879.8125,49.96,28.6,24,0.0,0,False,,Tuesday,15,34
2026-02-03 16:00:00,16881.885000000002,49.989999999999995,27.9,24,0.0,0,False,,Tuesday,16,34
2026-02-03 17:00:00,14819.012499999999,50.095,26.5,27,0.0,1,False,,Tuesday,17,34
2026-02-03 18:00:00,13300.395,50.114999999999995,25.0,29,0.0,0,False,,Tuesday,18,34
2026-02-03 19:00:00,12152.817500000001,49.974999999999994,24.2,31,0.0,1,False,,Tuesday,19,34
2026-02-03 20:00:00,11443.9825,50.035,22.7,40,0.0,0,False,,Tuesday,20,34
2026-02-03 21:00:00,10831.4775,50.005,21.1,52,0.0,1,False,,Tuesday,21,34
2026-02-03 22:00:00,10616.8675,50.019999999999996,20.3,56,0.0,0,False,,Tuesday,22,34
2026-02-03 23:00:00,10568.822499999998,49.995,19.6,63,0.0,1,False,,Tuesday,23,34
2026-02-04 00:00:00,9972.9875,49.99,18.8,68,0.0,2,False,,Wednesday,0,35
2026-02-04 01:00:00,10247.9875,49.96,18.0,72,0.0,3,False,,Wednesday,1,35
2026-02-04 02:00:00,9728.455,49.965,17.5,75,0.0,0,False,,Wednesday,2,35
2026-02-04 03:00:00,9617.8575,50.045,16.7,78,0.0,0,False,,Wednesday,3,35
2026-02-04 04:00:00,10144.755,50.019999999999996,15.9,82,0.0,0,False,,Wednesday,4,35
2026-02-04 05:00:00,10885.075,50.06,15.3,90,0.0,0,False,,Wednesday,5,35
2026-02-04 06:00:00,11987.852499999999,50.07,15.1,89,0.0,0,False,,Wednesday,6,35
2026-02-04 07:00:00,13609.39,50.0,15.6,84,0.0,0,False,,Wednesday,7,35
2026-02-04 08:00:00,14783.432499999999,50.065,18.0,69,0.0,0,False,,Wednesday,8,35
2026-02-04 09:00:00,15661.649999999998,50.19,21.0,49,0.0,0,False,,Wednesday,9,35
2026-02-04 10:00:00,17246.98,50.055,23.9,32,0.0,0,False,,Wednesday,10,35
2026-02-04 11:00:00,16691.97,50.010000000000005,25.4,26,0.0,0,False,,Wednesday,11,35
2026-02-04 12:00:00,16195.075,49.935,27.1,19,0.0,0,False,,Wednesday,12,35
2026-02-04 13:00:00,15792.08,49.974999999999994,27.9,19,0.0,0,False,,Wednesday,13,35
2026-02-04 14:00:00,15623.657500000001,50.085,28.0,21,0.0,0,False,,Wednesday,14,35
2026-02-04 15:00:00,16218.845,50.08,27.8,23,0.0,0,False,,Wednesday,15,35
2026-02-04 16:00:00,16354.3275,50.08,27.1,25,0.0,0,False,,Wednesday,16,35
2026-02-04 17:00:00,14148.11,50.065,26.1,30,0.0,0,False,,Wednesday,17,35
2026-02-04 18:00:00,13264.51,50.07,24.9,30,0.0,0,False,,Wednesday,18,35
2026-02-04 19:00:00,12247.965,49.974999999999994,23.8,32,0.0,0,False,,Wednesday,19,35
2026-02-04 20:00:00,11501.807499999999,50.0,22.5,39,0.0,0,False,,Wednesday,20,35
2026-02-04 21:00:00,10897.275,50.04,21.4,46,0.0,0,False,,Wednesday,21,35
2026-02-04 22:00:00,10769.877499999999,49.965,20.5,51,0.0,0,False,,Wednesday,22,35
2026-02-04 23:00:00,10860.0075,49.93,19.9,56,0.0,0,False,,Wednesday,23,35
2026-02-05 00:00:00,10096.1125,50.010000000000005,18.8,58,0.0,0,False,,Thursday,0,36
2026-02-05 01:00:00,10413.58,49.965,17.9,62,0.0,0,False,,Thursday,1,36
2026-02-05 02:00:00,9851.682499999999,49.995000000000005,17.0,67,0.0,0,False,,Thursday,2,36
2026-02-05 03:00:00,9671.307499999999,49.985,16.5,70,0.0,0,False,,Thursday,3,36
2026-02-05 04:00:00,10220.130000000001,49.995000000000005,16.2,71,0.0,0,False,,Thursday,4,36
2026-02-05 05:00:00,11027.105,50.045,15.9,80,0.0,0,False,,Thursday,5,36
2026-02-05 06:00:00,12326.0125,50.075,15.6,79,0.0,0,False,,Thursday,6,36
2026-02-05 07:00:00,13697.285,50.06,16.0,77,0.0,0,False,,Thursday,7,36
2026-02-05 08:00:00,15111.2725,50.045,18.2,66,0.0,0,False,,Thursday,8,36
2026-02-05 09:00:00,15695.2225,50.075,21.5,45,0.0,0,False,,Thursday,9,36
2026-02-05 10:00:00,17269.025,49.995000000000005,24.6,26,0.0,0,False,,Thursday,10,36
2026-02-05 11:00:00,16803.0775,50.004999999999995,26.2,19,0.0,0,False,,Thursday,11,36
2026-02-05 12:00:00,16475.3525,50.0,27.6,16,0.0,0,False,,Thursday,12,36
2026-02-05 13:00:00,16202.404999999999,49.980000000000004,28.4,16,0.0,0,False,,Thursday,13,36
2026-02-05 14:00:00,15894.7575,50.055,28.5,16,0.0,0,False,,Thursday,14,36
2026-02-05 15:00:00,16528.4,50.04,28.2,17,0.0,0,False,,Thursday,15,36
2026-02-05 16:00:00,17141.98,50.105000000000004,27.6,19,0.0,0,False,,Thursday,16,36
2026-02-05 17:00:00,14679.925,50.019999999999996,26.6,24,0.0,0,False,,Thursday,17,36
2026-02-05 18:00:00,13648.0475,50.04,25.2,29,0.0,0,False,,Thursday,18,36
2026-02-05 19:00:00,12754.689999999999,50.045,24.2,34,0.0,0,False,,Thursday,19,36
2026-02-05 20:00:00,11797.32,50.025000000000006,23.0,42,0.0,0,False,,Thursday,20,36
2026-02-05 21:00:00,11121.8875,49.985,21.4,50,0.0,0,False,,Thursday,21,36
2026-02-05 22:00:00,10916.532500000001,50.004999999999995,20.5,54,0.0,0,False,,Thursday,22,36
2026-02-05 23:00:00,10894.2875,49.955,19.8,60,0.0,0,False,,Thursday,23,36
2026-02-07 00:00:00,10078.41,50.015,19.0,57,0.0,0,False,,Saturday,0,38
2026-02-07 01:00:00,10619.0875,49.955,18.0,61,0.0,0,False,,Saturday,1,38
2026-02-07 02:00:00,10111.66,49.995000000000005,17.1,66,0.0,0,False,,Saturday,2,38
2026-02-07 03:00:00,10250.912499999999,50.004999999999995,16.5,67,0.0,0,False,,Saturday,3,38
2026-02-07 04:00:00,10603.279999999999,50.019999999999996,16.3,61,0.0,0,False,,Saturday,4,38
2026-02-07 05:00:00,11427.380000000001,50.09,16.4,61,0.0,0,False,,Saturday,5,38
2026-02-07 06:00:00,12212.1225,50.105000000000004,16.2,57,0.0,0,False,,Saturday,6,38
2026-02-07 07:00:00,13591.98,50.084999999999994,17.0,49,0.0,0,False,,Saturday,7,38
2026-02-07 08:00:00,14744.45,50.07,19.4,39,0.0,0,False,,Saturday,8,38
2026-02-07 09:00:00,15752.9175,50.115,22.5,28,0.0,0,False,,Saturday,9,38
2026-02-07 10:00:00,17135.8925,49.995000000000005,24.9,22,0.0,0,False,,Saturday,10,38
2026-02-07 11:00:00,16363.605000000001,49.989999999999995,26.1,21,0.0,0,False,,Saturday,11,38
2026-02-07 12:00:00,16139.05,49.965,27.5,19,0.0,0,False,,Saturday,12,38
2026-02-07 13:00:00,15848.13,49.985,28.5,19,0.0,0,False,,Saturday,13,38
2026-02-07 14:00:00,15385.0725,50.0,28.9,18,0.0,2,False,,Saturday,14,38
2026-02-07 15:00:00,15678.544999999998,50.019999999999996,28.8,19,0.0,1,False,,Saturday,15,38
2026-02-07 16:00:00,15729.842499999999,50.09,28.3,20,0.0,0,False,,Saturday,16,38
2026-02-07 17:00:00,13851.605,50.115,27.6,22,0.0,0,False,,Saturday,17,38
2026-02-07 18:00:00,13300.1175,50.055,26.1,25,0.0,0,False,,Saturday,18,38
2026-02-07 19:00:00,12172.51,50.015,25.2,27,0.0,0,False,,Saturday,19,38
2026-02-07 20:00:00,11643.25,49.995000000000005,23.8,33,0.0,1,False,,Saturday,20,38
2026-02-07 21:00:00,10886.735,49.97,22.6,38,0.0,2,False,,Saturday,21,38
2026-02-07 22:00:00,11055.555,49.995000000000005,21.2,45,0.0,3,False,,Saturday,22,38
2026-02-07 23:00:00,11106.342499999999,49.955,20.0,55,0.0,3,False,,Saturday,23,38
2026-02-08 00:00:00,10546.317500000001,50.015,19.0,64,0.0,3,True,Sunday,Sunday,0,39
2026-02-08 01:00:00,10887.6775,50.01,18.2,69,0.0,3,True,Sunday,Sunday,1,39
2026-02-08 02:00:00,10339.787499999999,50.01,17.8,75,0.0,2,True,Sunday,Sunday,2,39
2026-02-08 03:00:00,10102.675,50.004999999999995,17.5,79,0.0,2,True,Sunday,Sunday,3,39
2026-02-08 04:00:00,10643.5125,50.019999999999996,17.0,79,0.0,3,True,Sunday,Sunday,4,39
2026-02-08 05:00:00,11283.5325,50.045,17.0,81,0.0,2,True,Sunday,Sunday,5,39
2026-02-08 06:00:00,12022.48,50.085,17.0,78,0.0,0,True,Sunday,Sunday,6,39
2026-02-08 07:00:00,12927.63,49.99,17.6,73,0.0,0,True,Sunday,Sunday,7,39
2026-02-08 08:00:00,14042.814999999999,50.035,20.1,59,0.0,0,True,Sunday,Sunday,8,39
2026-02-08 09:00:00,14957.904999999999,50.07,23.0,42,0.0,0,True,Sunday,Sunday,9,39
2026-02-08 10:00:00,16459.769999999997,49.965,25.3,33,0.0,1,True,Sunday,Sunday,10,39
2026-02-08 11:00:00,15439.14,50.015,26.4,30,0.0,0,True,Sunday,Sunday,11,39
2026-02-08 12:00:00,15018.0075,49.980000000000004,27.9,27,0.0,0,True,Sunday,Sunday,12,39
2026-02-08 13:00:00,14968.182499999999,50.125,28.9,25,0.0,3,True,Sunday,Sunday,13,39
2026-02-08 14:00:00,14491.390000000001,50.29,29.4,24,0.0,3,True,Sunday,Sunday,14,39
2026-02-08 15:00:00,14210.895,49.99,29.4,24,0.0,3,True,Sunday,Sunday,15,39
2026-02-08 16:00:00,14306.3175,50.025000000000006,28.8,25,0.0,3,True,Sunday,Sunday,16,39
2026-02-08 17:00:00,12378.177500000002,50.04,27.9,27,0.0,0,True,Sunday,Sunday,17,39
2026-02-08 18:00:00,11864.5775,50.11,26.5,30,0.0,0,True,Sunday,Sunday,18,39
2026-02-08 19:00:00,11375.105,50.03,25.5,32,0.0,0,True,Sunday,Sunday,19,39
2026-02-08 20:00:00,10991.654999999999,49.995000000000005,24.5,33,0.0,0,True,Sunday,Sunday,20,39
2026-02-08 21:00:00,10275.79,49.989999999999995,23.0,38,0.0,0,True,Sunday,Sunday,21,39
2026-02-08 22:00:00,10599.744999999999,49.985,22.0,43,0.0,0,True,Sunday,Sunday,22,39
2026-02-08 23:00:00,10623.8275,50.0,20.6,54,0.0,0,True,Sunday,Sunday,23,39
2026-02-09 00:00:00,9924.4525,49.985,19.4,66,0.0,0,False,,Monday,0,40
2026-02-09 01:00:00,10318.81,49.974999999999994,18.6,72,0.0,0,False,,Monday,1,40
2026-02-09 02:00:00,9709.235,50.0,17.8,78,0.0,0,False,,Monday,2,40
2026-02-09 03:00:00,9682.2575,50.015,17.1,83,0.0,0,False,,Monday,3,40
2026-02-09 04:00:00,10085.817500000001,50.045,16.9,86,0.0,2,False,,Monday,4,40
2026-02-09 05:00:00,11028.330000000002,50.105000000000004,17.0,85,0.0,0,False,,Monday,5,40
2026-02-09 06:00:00,12211.0525,50.1,17.0,83,0.0,3,False,,Monday,6,40
2026-02-09 07:00:00,13723.9375,49.989999999999995,17.4,79,0.0,3,False,,Monday,7,40
2026-02-09 08:00:00,15183.7975,50.035,20.1,62,0.0,3,False,,Monday,8,40
2026-02-09 09:00:00,16210.192500000001,50.105000000000004,23.0,45,0.0,3,False,,Monday,9,40
2026-02-09 10:00:00,17855.1325,49.995000000000005,25.1,36,0.0,3,False,,Monday,10,40
2026-02-09 11:00:00,17678.66,50.1,25.9,33,0.0,3,False,,Monday,11,40
2026-02-09 12:00:00,17257.0625,50.095,27.8,29,0.0,3,False,,Monday,12,40
2026-02-09 13:00:00,16978.72,50.085,28.8,26,0.0,3,False,,Monday,13,40
2026-02-09 14:00:00,16574.6475,50.15,29.5,24,0.0,3,False,,Monday,14,40
2026-02-09 15:00:00,16906.574999999997,50.004999999999995,29.6,23,0.0,3,False,,Monday,15,40
2026-02-09 16:00:00,17068.57,50.075,29.0,23,0.0,3,False,,Monday,16,40
2026-02-09 17:00:00,15051.560000000001,50.08,28.0,25,0.0,0,False,,Monday,17,40
2026-02-09 18:00:00,14011.5525,50.09,26.8,27,0.0,0,False,,Monday,18,40
2026-02-09 19:00:00,12905.02,50.004999999999995,25.5,32,0.0,0,False,,Monday,19,40
2026-02-09 20:00:00,12233.1775,50.025000000000006,24.2,35,0.0,0,False,,Monday,20,40
2026-02-09 21:00:00,11398.7775,50.02,23.2,37,0.0,0,False,,Monday,21,40
2026-02-09 22:00:00,11435.99,49.97,21.8,41,0.0,0,False,,Monday,22,40
2026-02-09 23:00:00,11445.2225,49.91,20.5,50,0.0,0,False,,Monday,23,40
2026-02-10 00:00:00,10807.5,49.97,19.1,60,0.0,0,False,,Tuesday,0,41
2026-02-10 01:00:00,11142.14,50.0,18.0,70,0.0,1,False,,Tuesday,1,41
2026-02-10 02:00:00,10495.7575,50.035,17.2,79,0.0,3,False,,Tuesday,2,41
2026-02-10 03:00:00,10576.5525,50.035,16.7,85,0.0,2,False,,Tuesday,3,41
2026-02-10 04:00:00,10736.7675,50.015,16.5,86,0.0,2,False,,Tuesday,4,41
2026-02-10 05:00:00,11686.515,50.04,16.4,88,0.0,0,False,,Tuesday,5,41
2026-02-10 06:00:00,12750.0175,50.075,16.2,89,0.0,2,False,,Tuesday,6,41
2026-02-10 07:00:00,14137.83,50.0,16.8,86,0.0,1,False,,Tuesday,7,41
2026-02-10 08:00:00,15269.32,49.98,19.0,72,0.0,3,False,,Tuesday,8,41
2026-02-10 09:00:00,16200.7575,49.97,22.0,54,0.0,3,False,,Tuesday,9,41
2026-02-10 10:00:00,17783.015,49.985,24.5,40,0.0,3,False,,Tuesday,10,41
2026-02-10 11:00:00,17265.9775,50.05,26.1,30,0.0,3,False,,Tuesday,11,41
2026-02-10 12:00:00,16825.64,50.019999999999996,28.0,23,0.0,3,False,,Tuesday,12,41
2026-02-10 13:00:00,16084.7525,49.980000000000004,28.8,22,0.0,3,False,,Tuesday,13,41
2026-02-10 14:00:00,15862.21,50.005,29.1,20,0.0,3,False,,Tuesday,14,41
2026-02-10 15:00:00,16018.425,49.965,29.0,20,0.0,3,False,,Tuesday,15,41
2026-02-10 16:00:00,16172.825,50.065,28.2,22,0.0,1,False,,Tuesday,16,41
2026-02-10 17:00:00,14547.0725,50.075,27.2,24,0.0,2,False,,Tuesday,17,41
2026-02-10 18:00:00,13578.21,50.08,25.8,26,0.0,3,False,,Tuesday,18,41
2026-02-10 19:00:00,12546.48,50.015,24.8,29,0.0,3,False,,Tuesday,19,41
2026-02-10 20:00:00,12035.58,50.065,23.5,33,0.0,0,False,,Tuesday,20,41
2026-02-10 21:00:00,11382.807499999999,49.94,22.3,34,0.0,0,False,,Tuesday,21,41
2026-02-10 22:00:00,11310.102499999999,49.95,20.9,43,0.0,0,False,,Tuesday,22,41
2026-02-10 23:00:00,11268.2625,50.03,19.5,57,0.0,1,False,,Tuesday,23,41
2026-02-11 00:00:00,10456.835,50.025,18.1,66,0.0,0,False,,Wednesday,0,42
2026-02-11 01:00:00,10989.25,49.94,17.2,72,0.0,0,False,,Wednesday,1,42
2026-02-11 02:00:00,10563.645,49.975,16.5,77,0.0,0,False,,Wednesday,2,42
2026-02-11 03:00:00,10344.995,50.03,15.9,81,0.0,1,False,,Wednesday,3,42
2026-02-11 04:00:00,10626.314999999999,49.980000000000004,15.2,86,0.0,0,False,,Wednesday,4,42
2026-02-11 05:00:00,11610.125,50.01,15.2,90,0.0,3,False,,Wednesday,5,42
2026-02-11 06:00:00,12653.904999999999,50.095,14.8,91,0.0,1,False,,Wednesday,6,42
2026-02-11 07:00:00,14088.337500000001,50.09,15.1,84,0.0,1,False,,Wednesday,7,42
2026-02-11 08:00:00,15363.602499999999,50.045,17.7,64,0.0,0,False,,Wednesday,8,42
2026-02-11 09:00:00,16028.505000000001,50.065,21.1,37,0.0,0,False,,Wednesday,9,42
2026-02-11 10:00:00,17775.5625,50.03,23.6,22,0.0,0,False,,Wednesday,10,42
2026-02-11 11:00:00,17101.335,50.05,24.7,22,0.0,0,False,,Wednesday,11,42
2026-02-11 12:00:00,16687.5475,50.045,25.6,25,0.0,0,False,,Wednesday,12,42
2026-02-11 13:00:00,15903.8925,50.095,26.7,23,0.0,1,False,,Wednesday,13,42
2026-02-11 14:00:00,15620.015,50.084999999999994,27.0,23,0.0,0,False,,Wednesday,14,42
2026-02-11 15:00:00,16163.2025,50.01,27.0,23,0.0,0,False,,Wednesday,15,42
2026-02-11 16:00:00,16097.662499999999,49.945,26.2,26,0.0,0,False,,Wednesday,16,42
2026-02-11 17:00:00,14288.765,49.995000000000005,25.0,31,0.0,0,False,,Wednesday,17,42
2026-02-11 18:00:00,13469.9725,50.11,23.6,33,0.0,0,False,,Wednesday,18,42
2026-02-11 19:00:00,12537.0175,50.03,22.9,36,0.0,0,False,,Wednesday,19,42
2026-02-11 20:00:00,11777.53,50.01,22.0,41,0.0,0,False,,Wednesday,20,42
2026-02-11 21:00:00,11070.24,50.035,20.8,45,0.0,3,False,,Wednesday,21,42
2026-02-11 22:00:00,10944.645,50.095,19.5,47,0.0,3,False,,Wednesday,22,42
2026-02-11 23:00:00,10916.625,49.985,18.4,51,0.0,3,False,,Wednesday,23,42
2026-02-13 00:00:00,10402.625,49.965,19.8,67,0.0,0,False,,Friday,0,44
2026-02-13 01:00:00,10653.685000000001,50.015,18.8,72,0.0,0,False,,Friday,1,44
2026-02-13 02:00:00,10344.252499999999,50.025000000000006,18.1,74,0.0,0,False,,Friday,2,44
2026-02-13 03:00:00,10126.349999999999,50.019999999999996,17.8,74,0.0,0,False,,Friday,3,44
2026-02-13 04:00:00,10622.279999999999,50.010000000000005,17.5,73,0.0,0,False,,Friday,4,44
2026-02-13 05:00:00,11379.205,50.05,17.4,76,0.0,0,False,,Friday,5,44
2026-02-13 06:00:00,12561.6025,50.129999999999995,17.3,76,0.0,0,False,,Friday,6,44
2026-02-13 07:00:00,14351.3975,50.065,18.0,70,0.0,0,False,,Friday,7,44
2026-02-13 08:00:00,15456.880000000001,50.065,20.9,52,0.0,0,False,,Friday,8,44
2026-02-13 09:00:00,16218.7225,50.18,24.0,28,0.0,0,False,,Friday,9,44
2026-02-13 10:00:00,17980.18,49.995,26.1,26,0.0,1,False,,Friday,10,44
2026-02-13 11:00:00,16955.97,49.980000000000004,27.2,28,0.0,0,False,,Friday,11,44
2026-02-13 12:00:00,16709.574999999997,49.935,28.6,26,0.0,1,False,,Friday,12,44
2026-02-13 13:00:00,16248.485,49.995000000000005,29.3,25,0.0,0,False,,Friday,13,44
2026-02-13 14:00:00,16052.32,50.120000000000005,29.6,25,0.0,1,False,,Friday,14,44
2026-02-13 15:00:00,16076.892500000002,50.04,29.5,26,0.0,3,False,,Friday,15,44
2026-02-13 16:00:00,16453.965,50.065,29.1,27,0.0,3,False,,Friday,16,44
2026-02-13 17:00:00,14701.812499999998,50.105000000000004,28.2,27,0.0,1,False,,Friday,17,44
2026-02-13 18:00:00,13640.845000000001,50.114999999999995,26.8,29,0.0,0,False,,Friday,18,44
2026-02-13 19:00:00,12868.16,49.974999999999994,25.6,32,0.0,0,False,,Friday,19,44
2026-02-13 20:00:00,12109.965,49.995000000000005,24.0,38,0.0,0,False,,Friday,20,44
2026-02-13 21:00:00,11365.669999999998,49.995000000000005,22.8,44,0.0,0,False,,Friday,21,44
2026-02-13 22:00:00,11463.06,49.974999999999994,21.9,51,0.0,0,False,,Friday,22,44
2026-02-13 23:00:00,11412.579999999998,49.955,21.3,58,0.0,0,False,,Friday,23,44
2026-02-14 00:00:00,10576.6925,49.97,20.4,63,0.0,0,False,,Saturday,0,45
2026-02-14 01:00:00,11010.9275,49.985,19.3,70,0.0,0,False,,Saturday,1,45
2026-02-14 02:00:00,10535.815,50.015,18.5,78,0.0,0,False,,Saturday,2,45
2026-02-14 03:00:00,10462.8025,50.004999999999995,17.5,88,0.0,0,False,,Saturday,3,45
2026-02-14 04:00:00,10883.5775,50.004999999999995,16.6,96,0.0,3,False,,Saturday,4,45
2026-02-14 05:00:00,11737.6025,50.045,16.5,96,0.0,3,False,,Saturday,5,45
2026-02-14 06:00:00,12728.9575,50.105000000000004,16.2,97,0.0,3,False,,Saturday,6,45
2026-02-14 07:00:00,13740.045,50.065,16.3,93,0.0,3,False,,Saturday,7,45
2026-02-14 08:00:00,14716.51,50.019999999999996,18.3,79,0.0,3,False,,Saturday,8,45
2026-02-14 09:00:00,15744.625,49.98,21.5,59,0.0,3,False,,Saturday,9,45
2026-02-14 10:00:00,17845.212499999998,49.935,24.7,40,0.0,3,False,,Saturday,10,45
2026-02-14 11:00:00,17121.98,49.97,26.2,35,0.0,3,False,,Saturday,11,45
2026-02-14 12:00:00,16950.5,49.980000000000004,28.2,28,0.0,3,False,,Saturday,12,45
2026-02-14 13:00:00,16689.565000000002,50.06,29.4,25,0.0,3,False,,Saturday,13,45
2026-02-14 14:00:00,16606.4375,50.04,29.9,23,0.0,3,False,,Saturday,14,45
2026-02-14 15:00:00,16548.045,50.035,29.9,23,0.0,3,False,,Saturday,15,45
2026-02-14 16:00:00,16591.4925,50.025000000000006,29.2,23,0.0,3,False,,Saturday,16,45
2026-02-14 17:00:00,14601.415,50.07,28.5,25,0.0,0,False,,Saturday,17,45
2026-02-14 18:00:00,13928.517500000002,50.120000000000005,27.2,28,0.0,0,False,,Saturday,18,45
2026-02-14 19:00:00,12444.91,49.945,26.0,33,0.0,0,False,,Saturday,19,45
2026-02-14 20:00:00,11991.305,49.99,24.4,37,0.0,3,False,,Saturday,20,45
2026-02-14 21:00:00,11346.69,49.96,23.0,43,0.0,1,False,,Saturday,21,45
2026-02-14 22:00:00,11523.1075,50.095,22.0,52,0.0,0,False,,Saturday,22,45
2026-02-14 23:00:00,11707.080000000002,49.980000000000004,21.0,61,0.0,0,False,,Saturday,23,45
2026-02-15 00:00:00,11220.3675,50.015,19.9,66,0.0,1,True,Maha Shivaratri,Sunday,0,46
2026-02-15 01:00:00,11188.665,50.0,19.0,69,0.0,2,True,Maha Shivaratri,Sunday,1,46
2026-02-15 02:00:00,10642.704999999998,49.995000000000005,18.2,74,0.0,0,True,Maha Shivaratri,Sunday,2,46
2026-02-15 03:00:00,10734.467499999999,50.025000000000006,17.7,78,0.0,0,True,Maha Shivaratri,Sunday,3,46
2026-02-15 04:00:00,11213.380000000001,49.97,17.4,80,0.0,2,True,Maha Shivaratri,Sunday,4,46
2026-02-15 05:00:00,12020.41,50.045,17.4,81,0.0,3,True,Maha Shivaratri,Sunday,5,46
2026-02-15 06:00:00,12997.75,49.985,17.4,78,0.0,3,True,Maha Shivaratri,Sunday,6,46
2026-02-15 07:00:00,13412.169999999998,49.955,18.0,73,0.0,3,True,Maha Shivaratri,Sunday,7,46
2026-02-15 08:00:00,14450.7975,49.94,20.7,55,0.0,3,True,Maha Shivaratri,Sunday,8,46
2026-02-15 09:00:00,15681.805,49.974999999999994,23.6,40,0.0,1,True,Maha Shivaratri,Sunday,9,46
2026-02-15 10:00:00,17203.135000000002,50.02,26.0,33,0.0,0,True,Maha Shivaratri,Sunday,10,46
2026-02-15 11:00:00,17263.5,50.019999999999996,27.1,28,0.0,1,True,Maha Shivaratri,Sunday,11,46
2026-02-15 12:00:00,16682.8075,50.015,28.9,24,0.0,0,True,Maha Shivaratri,Sunday,12,46
2026-02-15 13:00:00,16316.6675,49.989999999999995,29.8,22,0.0,0,True,Maha Shivaratri,Sunday,13,46
2026-02-15 14:00:00,15795.512499999999,50.11,30.2,21,0.0,0,True,Maha Shivaratri,Sunday,14,46
2026-02-15 15:00:00,15535.752499999999,50.04,30.4,21,0.0,0,True,Maha Shivaratri,Sunday,15,46
2026-02-15 16:00:00,15743.66,49.99,30.0,21,0.0,0,True,Maha Shivaratri,Sunday,16,46
2026-02-15 17:00:00,13718.9625,50.05,29.3,22,0.0,0,True,Maha Shivaratri,Sunday,17,46
2026-02-15 18:00:00,12644.95,50.095,27.9,23,0.0,0,True,Maha Shivaratri,Sunday,18,46
2026-02-15 19:00:00,11636.3,50.05,26.6,25,0.0,0,True,Maha Shivaratri,Sunday,19,46
2026-02-15 20:00:00,10837.282500000001,49.99,25.5,28,0.0,0,True,Maha Shivaratri,Sunday,20,46
2026-02-15 21:00:00,10114.445,49.974999999999994,24.3,31,0.0,0,True,Maha Shivaratri,Sunday,21,46
2026-02-15 22:00:00,10665.24,49.995000000000005,23.5,32,0.0,0,True,Maha Shivaratri,Sunday,22,46
2026-02-15 23:00:00,10801.294999999998,50.010000000000005,21.7,39,0.0,0,True,Maha Shivaratri,Sunday,23,46
2026-02-16 00:00:00,10288.765,50.025000000000006,19.8,52,0.0,0,False,,Monday,0,47
2026-02-16 01:00:00,10595.1725,49.945,18.9,58,0.0,0,False,,Monday,1,47
2026-02-16 02:00:00,10036.475,49.98,18.4,60,0.0,1,False,,Monday,2,47
2026-02-16 03:00:00,10048.2075,50.004999999999995,18.0,59,0.0,0,False,,Monday,3,47
2026-02-16 04:00:00,10309.645,49.985,17.7,58,0.0,3,False,,Monday,4,47
2026-02-16 05:00:00,11416.439999999999,50.06,17.7,60,0.0,0,False,,Monday,5,47
2026-02-16 06:00:00,12341.1125,50.129999999999995,17.5,60,0.0,0,False,,Monday,6,47
2026-02-16 07:00:00,13763.14,50.025,18.1,58,0.0,0,False,,Monday,7,47
2026-02-16 08:00:00,14561.4475,50.06,20.4,49,0.0,0,False,,Monday,8,47
2026-02-16 09:00:00,15938.765,50.1,23.2,38,0.0,3,False,,Monday,9,47
2026-02-16 10:00:00,17831.524999999998,50.015,25.5,32,0.0,3,False,,Monday,10,47
2026-02-16 11:00:00,17316.9925,49.965,26.6,28,0.0,3,False,,Monday,11,47
2026-02-16 12:00:00,17467.535,50.040000000000006,28.1,25,0.0,3,False,,Monday,12,47
2026-02-16 13:00:00,16687.4375,49.96,29.0,23,0.0,3,False,,Monday,13,47
2026-02-16 14:00:00,16560.6025,50.015,29.5,23,0.0,3,False,,Monday,14,47
2026-02-16 15:00:00,17153.9875,49.985,29.4,23,0.0,2,False,,Monday,15,47
2026-02-16 16:00:00,17404.035,50.025,28.8,24,0.0,1,False,,Monday,16,47
2026-02-16 17:00:00,14989.265,50.125,27.8,25,0.0,2,False,,Monday,17,47
2026-02-16 18:00:00,14363.175,50.125,26.7,27,0.0,3,False,,Monday,18,47
2026-02-16 19:00:00,12824.182499999999,50.019999999999996,25.5,28,0.0,3,False,,Monday,19,47
2026-02-16 20:00:00,12336.13,50.045,24.2,32,0.0,0,False,,Monday,20,47
2026-02-16 21:00:00,11410.085,50.0,22.9,39,0.0,0,False,,Monday,21,47
2026-02-16 22:00:00,11409.82,50.08,21.8,47,0.0,0,False,,Monday,22,47
2026-02-16 23:00:00,11492.15,50.015,20.7,56,0.0,0,False,,Monday,23,47
2026-02-17 00:00:00,10702.807499999999,50.045,19.8,58,0.0,0,False,,Tuesday,0,48
2026-02-17 01:00:00,11215.25,49.965,19.0,58,0.0,0,False,,Tuesday,1,48
2026-02-17 02:00:00,10536.467499999999,50.010000000000005,18.2,60,0.0,0,False,,Tuesday,2,48
2026-02-17 03:00:00,10531.3725,49.995000000000005,17.6,61,0.0,0,False,,Tuesday,3,48
2026-02-17 04:00:00,10923.3,50.040000000000006,17.3,62,0.0,0,False,,Tuesday,4,48
2026-02-17 05:00:00,11883.735,50.065,17.2,63,0.0,0,False,,Tuesday,5,48
2026-02-17 06:00:00,12761.34,50.07,16.9,62,0.0,0,False,,Tuesday,6,48
2026-02-17 07:00:00,14571.39,50.045,17.5,58,0.0,0,False,,Tuesday,7,48
2026-02-17 08:00:00,15498.425,50.06,20.0,46,0.0,0,False,,Tuesday,8,48
2026-02-17 09:00:00,16449.73,50.14,23.0,32,0.0,0,False,,Tuesday,9,48
2026-02-17 10:00:00,17739.7225,50.025000000000006,25.3,27,0.0,0,False,,Tuesday,10,48
2026-02-17 11:00:00,17542.822500000002,50.015,26.3,26,0.0,0,False,,Tuesday,11,48
2026-02-17 12:00:00,17413.45,50.06,28.0,22,0.0,0,False,,Tuesday,12,48
2026-02-17 13:00:00,16800.372499999998,50.06,29.1,21,0.0,0,False,,Tuesday,13,48
2026-02-17 14:00:00,16874.7325,49.985,29.6,20,0.0,0,False,,Tuesday,14,48
2026-02-17 15:00:00,17248.715,50.035,29.5,21,0.0,0,False,,Tuesday,15,48
2026-02-17 16:00:00,17451.6125,50.1,28.8,22,0.0,0,False,,Tuesday,16,48
2026-02-17 17:00:00,15052.9475,50.055,27.6,23,0.0,0,False,,Tuesday,17,48
2026-02-17 18:00:00,14232.4175,50.095,26.4,25,0.0,0,False,,Tuesday,18,48
2026-02-17 19:00:00,12943.84,50.040000000000006,25.3,27,0.0,2,False,,Tuesday,19,48
2026-02-17 20:00:00,12280.7825,50.05,23.8,35,0.0,0,False,,Tuesday,20,48
2026-02-17 21:00:00,11332.86,50.015,22.2,44,0.0,0,False,,Tuesday,21,48
2026-02-17 22:00:00,11428.935,49.945,20.9,46,0.0,0,False,,Tuesday,22,48
2026-02-17 23:00:00,11305.86,49.91,20.0,46,0.0,0,False,,Tuesday,23,48
2026-02-18 00:00:00,10661.94,50.040000000000006,19.2,45,0.0,3,False,,Wednesday,0,49
2026-02-18 01:00:00,10991.39,49.985,18.5,46,0.0,3,False,,Wednesday,1,49
2026-02-18 02:00:00,10311.387499999999,50.035,18.0,51,0.0,3,False,,Wednesday,2,49
2026-02-18 03:00:00,10237.5425,50.01,17.5,54,0.0,3,False,,Wednesday,3,49
2026-02-18 04:00:00,10556.682499999999,50.004999999999995,17.4,56,0.0,3,False,,Wednesday,4,49
2026-02-18 05:00:00,11601.474999999999,50.04,17.4,63,0.0,3,False,,Wednesday,5,49
2026-02-18 06:00:00,12856.7275,50.13,17.2,68,0.0,3,False,,Wednesday,6,49
2026-02-18 07:00:00,14457.439999999999,50.055,17.6,67,0.0,3,False,,Wednesday,7,49
2026-02-18 08:00:00,15631.779999999999,50.015,18.9,59,0.0,3,False,,Wednesday,8,49
2026-02-18 09:00:00,16280.874999999998,50.05,21.0,44,0.0,3,False,,Wednesday,9,49
2026-02-18 10:00:00,17805.4525,50.105000000000004,23.5,32,0.0,3,False,,Wednesday,10,49
2026-02-18 11:00:00,17781.267499999998,50.025000000000006,26.1,24,0.0,2,False,,Wednesday,11,49
2026-02-18 12:00:00,17613.805,50.035,27.8,21,0.0,2,False,,Wednesday,12,49
2026-02-18 13:00:00,17197.7625,50.025000000000006,28.9,21,0.0,0,False,,Wednesday,13,49
2026-02-18 14:00:00,16778.395,49.974999999999994,29.6,20,0.0,0,False,,Wednesday,14,49
2026-02-18 15:00:00,17234.252500000002,49.974999999999994,29.6,20,0.0,0,False,,Wednesday,15,49
2026-02-18 16:00:00,17468.637499999997,49.959999999999994,28.6,23,0.0,0,False,,Wednesday,16,49
2026-02-18 17:00:00,15474.1375,50.08,27.3,28,0.0,0,False,,Wednesday,17,49
2026-02-18 18:00:00,14222.275,50.099999999999994,26.0,35,0.0,0,False,,Wednesday,18,49
2026-02-18 19:00:00,13314.705000000002,50.045,24.9,39,0.0,0,False,,Wednesday,19,49
2026-02-18 20:00:00,12533.5175,50.035,24.0,42,0.0,0,False,,Wednesday,20,49
2026-02-18 21:00:00,11802.0825,50.0,22.2,53,0.0,0,False,,Wednesday,21,49
2026-02-18 22:00:00,11812.654999999999,49.974999999999994,21.1,59,0.0,0,False,,Wednesday,22,49
2026-02-18 23:00:00,11725.595000000001,49.95,20.5,67,0.0,0,False,,Wednesday,23,49
2026-02-19 00:00:00,11237.800000000001,50.0,19.6,72,0.0,0,False,,Thursday,0,50
2026-02-19 01:00:00,11657.2275,49.995,18.9,77,0.0,0,False,,Thursday,1,50
2026-02-19 02:00:00,11077.439999999999,49.980000000000004,18.0,82,0.0,0,False,,Thursday,2,50
2026-02-19 03:00:00,10944.08,49.955,17.5,87,0.0,0,False,,Thursday,3,50
2026-02-19 04:00:00,11554.8,49.955,17.0,90,0.0,1,False,,Thursday,4,50
2026-02-19 05:00:00,12381.587500000001,50.06,16.6,94,0.0,2,False,,Thursday,5,50
2026-02-19 06:00:00,13107.935,50.129999999999995,16.6,91,0.0,2,False,,Thursday,6,50
2026-02-19 07:00:00,14894.682499999999,50.045,17.4,83,0.0,1,False,,Thursday,7,50
2026-02-19 08:00:00,15870.875,50.095,20.0,68,0.0,1,False,,Thursday,8,50
2026-02-19 09:00:00,16505.1,50.095,23.4,44,0.0,1,False,,Thursday,9,50
2026-02-19 10:00:00,17898.565000000002,49.92,26.0,33,0.0,0,False,,Thursday,10,50
2026-02-19 11:00:00,17569.9825,50.004999999999995,27.1,32,0.0,0,False,,Thursday,11,50
2026-02-19 12:00:00,17379.61,49.989999999999995,29.0,26,0.0,0,False,,Thursday,12,50
2026-02-19 13:00:00,17053.92,49.959999999999994,30.0,24,0.0,0,False,,Thursday,13,50
2026-02-19 14:00:00,16712.864999999998,49.980000000000004,30.4,22,0.0,0,False,,Thursday,14,50
2026-02-19 15:00:00,16948.285,50.004999999999995,30.3,24,0.0,0,False,,Thursday,15,50
2026-02-19 16:00:00,16975.5175,50.005,29.6,27,0.0,0,False,,Thursday,16,50
2026-02-19 17:00:00,15213.825,49.980000000000004,28.5,30,0.0,0,False,,Thursday,17,50
2026-02-19 18:00:00,14365.125,50.0,27.1,34,0.0,0,False,,Thursday,18,50
2026-02-19 19:00:00,12958.98,50.04,26.5,37,0.0,0,False,,Thursday,19,50
2026-02-19 20:00:00,12221.825,49.93,25.5,40,0.0,0,False,,Thursday,20,50
2026-02-19 21:00:00,11436.4575,49.965,24.0,45,0.0,1,False,,Thursday,21,50
2026-02-19 22:00:00,11318.185,49.965,23.0,52,0.0,1,False,,Thursday,22,50
2026-02-19 23:00:00,11367.7175,50.0,22.0,62,0.0,3,False,,Thursday,23,50
2026-02-20 00:00:00,10830.8325,50.01,20.6,73,0.0,2,False,,Friday,0,51
2026-02-20 01:00:00,11215.625,49.985,19.6,81,0.0,0,False,,Friday,1,51
2026-02-20 02:00:00,10606.7625,50.019999999999996,18.9,84,0.0,1,False,,Friday,2,51
2026-02-20 03:00:00,10523.965,50.015,18.5,82,0.0,2,False,,Friday,3,51
2026-02-20 04:00:00,11091.77,49.989999999999995,18.4,78,0.0,3,False,,Friday,4,51
2026-02-20 05:00:00,12184.9425,50.019999999999996,18.6,74,0.0,0,False,,Friday,5,51
2026-02-20 06:00:00,13015.3225,50.075,18.8,69,0.0,0,False,,Friday,6,51
2026-02-20 07:00:00,14773.36,50.06,19.4,67,0.0,0,False,,Friday,7,51
2026-02-20 08:00:00,15971.6175,50.045,21.5,62,0.0,0,False,,Friday,8,51
2026-02-20 09:00:00,16607.6825,50.03,24.2,52,0.0,0,False,,Friday,9,51
2026-02-20 10:00:00,17917.5,50.015,26.4,45,0.0,0,False,,Friday,10,51
2026-02-20 11:00:00,17377.435,50.015,27.4,43,0.0,0,False,,Friday,11,51
2026-02-20 12:00:00,17276.585,50.03,28.9,39,0.0,0,False,,Friday,12,51
2026-02-20 13:00:00,17151.7025,50.019999999999996,30.5,33,0.0,2,False,,Friday,13,51
2026-02-20 14:00:00,16592.4925,49.985,30.1,34,0.0,3,False,,Friday,14,51
2026-02-20 15:00:00,17068.0825,50.03,28.7,39,0.0,3,False,,Friday,15,51
2026-02-20 16:00:00,17176.765,50.025,28.0,41,0.0,2,False,,Friday,16,51
2026-02-20 17:00:00,15569.369999999999,50.015,27.7,42,0.0,3,False,,Friday,17,51
2026-02-20 18:00:00,14833.0,50.0,26.6,46,0.0,3,False,,Friday,18,51
2026-02-20 19:00:00,13106.395,50.025000000000006,25.9,50,0.0,3,False,,Friday,19,51
2026-02-20 20:00:00,12564.162499999999,50.010000000000005,25.0,53,0.0,0,False,,Friday,20,51
2026-02-20 21:00:00,11653.5125,50.015,24.1,58,0.0,0,False,,Friday,21,51
2026-02-20 22:00:00,11733.65,50.03,23.5,60,0.0,0,False,,Friday,22,51
2026-02-20 23:00:00,11751.545,49.98,22.8,64,0.0,0,False,,Friday,23,51
2026-02-21 00:00:00,11041.095000000001,50.035,21.7,67,0.0,0,False,,Saturday,0,52
2026-02-21 01:00:00,11392.225,49.96,20.8,72,0.0,0,False,,Saturday,1,52
2026-02-21 02:00:00,10941.072499999998,49.974999999999994,20.2,75,0.0,0,False,,Saturday,2,52
2026-02-21 03:00:00,10758.0275,50.004999999999995,19.6,77,0.0,0,False,,Saturday,3,52
2026-02-21 04:00:00,11524.33,50.05,19.3,78,0.0,0,False,,Saturday,4,52
2026-02-21 05:00:00,12445.71,50.05500000000001,19.1,83,0.0,3,False,,Saturday,5,52
2026-02-21 06:00:00,13263.385,50.065,19.1,83,0.0,3,False,,Saturday,6,52
2026-02-21 07:00:00,14767.54,50.055,19.7,79,0.0,2,False,,Saturday,7,52
2026-02-21 08:00:00,15729.324999999999,50.05,22.0,67,0.0,3,False,,Saturday,8,52
2026-02-21 09:00:00,16195.235000000002,50.16,24.1,56,0.0,3,False,,Saturday,9,52
2026-02-21 10:00:00,17973.66,50.0,26.4,47,0.0,3,False,,Saturday,10,52
2026-02-21 11:00:00,17101.3,49.974999999999994,27.2,43,0.0,3,False,,Saturday,11,52
2026-02-21 12:00:00,17262.760000000002,49.989999999999995,29.5,36,0.0,3,False,,Saturday,12,52
2026-02-21 13:00:00,16913.3825,50.03,30.3,32,0.0,3,False,,Saturday,13,52
2026-02-21 14:00:00,16695.0475,49.980000000000004,30.0,33,0.1,51,False,,Saturday,14,52
2026-02-21 15:00:00,17016.235,49.99,29.4,34,0.0,2,False,,Saturday,15,52
2026-02-21 16:00:00,17208.16,50.075,29.4,35,0.0,0,False,,Saturday,16,52
2026-02-21 17:00:00,15137.1725,50.105000000000004,28.6,37,0.0,1,False,,Saturday,17,52
2026-02-21 18:00:00,14141.099999999999,50.004999999999995,27.1,41,0.0,2,False,,Saturday,18,52
2026-02-21 19:00:00,12739.864999999998,49.995000000000005,26.2,46,0.0,3,False,,Saturday,19,52
2026-02-21 20:00:00,12372.482499999998,50.015,25.4,49,0.0,3,False,,Saturday,20,52
2026-02-21 21:00:00,11623.634999999998,49.97,24.8,51,0.0,1,False,,Saturday,21,52
2026-02-21 22:00:00,11846.6175,50.025,23.8,55,0.0,2,False,,Saturday,22,52
2026-02-21 23:00:00,11946.445,50.0,22.9,63,0.0,3,False,,Saturday,23,52
2026-02-22 00:00:00,11315.119999999999,50.019999999999996,21.8,70,0.0,3,True,Sunday,Sunday,0,53
2026-02-22 01:00:00,11623.0775,49.96,20.9,75,0.0,3,True,Sunday,Sunday,1,53
2026-02-22 02:00:00,11270.842499999999,49.995000000000005,20.2,79,0.0,3,True,Sunday,Sunday,2,53
2026-02-22 03:00:00,11145.475,50.015,19.7,83,0.0,3,True,Sunday,Sunday,3,53
2026-02-22 04:00:00,11674.0425,50.019999999999996,19.4,85,0.0,3,True,Sunday,Sunday,4,53
2026-02-22 05:00:00,12637.884999999998,50.019999999999996,19.5,85,0.0,3,True,Sunday,Sunday,5,53
2026-02-22 06:00:00,13108.91,50.03,19.5,85,0.0,3,True,Sunday,Sunday,6,53
2026-02-22 07:00:00,13887.675,50.04,20.5,80,0.0,3,True,Sunday,Sunday,7,53
2026-02-22 08:00:00,14586.7925,50.09,22.3,70,0.0,3,True,Sunday,Sunday,8,53
2026-02-22 09:00:00,15225.7725,50.085,25.0,55,0.0,3,True,Sunday,Sunday,9,53
2026-02-22 10:00:00,16393.14,49.955,27.4,43,0.0,3,True,Sunday,Sunday,10,53
2026-02-22 11:00:00,15886.914999999999,49.989999999999995,28.2,37,0.0,3,True,Sunday,Sunday,11,53
2026-02-22 12:00:00,15692.77,50.03,29.6,32,0.0,3,True,Sunday,Sunday,12,53
2026-02-22 13:00:00,15443.939999999999,50.03,30.4,30,0.0,3,True,Sunday,Sunday,13,53
2026-02-22 14:00:00,15377.7875,50.015,31.0,27,0.0,3,True,Sunday,Sunday,14,53
2026-02-22 15:00:00,15439.1975,49.995000000000005,31.4,25,0.0,3,True,Sunday,Sunday,15,53
2026-02-22 16:00:00,15324.037500000002,50.035,30.6,25,0.0,2,True,Sunday,Sunday,16,53
2026-02-22 17:00:00,13653.66,50.03,30.5,25,0.0,1,True,Sunday,Sunday,17,53
2026-02-22 18:00:00,12219.01,50.085,28.7,30,0.0,2,True,Sunday,Sunday,18,53
2026-02-22 19:00:00,11981.095000000001,50.015,27.2,37,0.0,2,True,Sunday,Sunday,19,53
2026-02-22 20:00:00,11728.092499999999,50.035,26.2,40,0.0,1,True,Sunday,Sunday,20,53
2026-02-22 21:00:00,11179.65,49.98,25.0,45,0.0,0,True,Sunday,Sunday,21,53
2026-02-22 22:00:00,11319.6375,50.005,23.9,49,0.0,0,True,Sunday,Sunday,22,53
2026-02-22 23:00:00,11439.5825,49.95,22.7,60,0.0,0,True,Sunday,Sunday,23,53
2026-02-23 00:00:00,10750.814999999999,50.075,21.4,75,0.0,0,False,,Monday,0,54
2026-02-23 01:00:00,11050.3225,50.06,20.2,90,0.0,0,False,,Monday,1,54
2026-02-23 02:00:00,10566.715,50.05,19.8,93,0.0,0,False,,Monday,2,54
2026-02-23 03:00:00,10704.77,50.065,19.3,92,0.0,0,False,,Monday,3,54
2026-02-23 04:00:00,11287.775,50.055,18.9,92,0.0,0,False,,Monday,4,54
2026-02-23 05:00:00,12280.5625,50.06,18.8,96,0.0,2,False,,Monday,5,54
2026-02-23 06:00:00,12952.6025,50.11,18.5,95,0.0,0,False,,Monday,6,54
2026-02-23 07:00:00,14665.967499999999,50.03,19.3,84,0.0,0,False,,Monday,7,54
2026-02-23 08:00:00,15818.69,50.05,21.9,65,0.0,0,False,,Monday,8,54
2026-02-23 09:00:00,16544.2325,50.065,25.1,45,0.0,0,False,,Monday,9,54
2026-02-23 10:00:00,18034.33,50.03,27.5,34,0.0,0,False,,Monday,10,54
2026-02-23 11:00:00,18206.4375,50.055,28.4,32,0.0,0,False,,Monday,11,54
2026-02-23 12:00:00,17877.505,50.025000000000006,30.1,28,0.0,1,False,,Monday,12,54
2026-02-23 13:00:00,17812.545,50.02,31.8,24,0.0,1,False,,Monday,13,54
2026-02-23 14:00:00,17615.655,49.989999999999995,32.1,22,0.0,3,False,,Monday,14,54
2026-02-23 15:00:00,17724.4775,50.004999999999995,30.8,23,0.0,3,False,,Monday,15,54
2026-02-23 16:00:00,17527.552499999998,50.0,30.3,24,0.0,1,False,,Monday,16,54
2026-02-23 17:00:00,15642.1,50.07,31.0,22,0.0,0,False,,Monday,17,54
2026-02-23 18:00:00,14146.265,50.17,29.6,25,0.0,1,False,,Monday,18,54
2026-02-23 19:00:00,13085.215,49.980000000000004,28.2,29,0.0,0,False,,Monday,19,54
2026-02-23 20:00:00,12788.0075,49.975,26.8,34,0.0,0,False,,Monday,20,54
2026-02-23 21:00:00,12283.1525,49.980000000000004,25.5,38,0.0,0,False,,Monday,21,54
2026-02-23 22:00:00,12277.685000000001,49.985,24.1,48,0.0,1,False,,Monday,22,54
2026-02-23 23:00:00,12401.865,50.019999999999996,23.0,55,0.0,2,False,,Monday,23,54
2026-02-24 00:00:00,11934.2575,50.015,22.0,61,0.0,2,False,,Tuesday,0,55
2026-02-24 01:00:00,12032.605,49.975,21.3,67,0.0,2,False,,Tuesday,1,55
2026-02-24 02:00:00,11461.345000000001,49.985,20.7,71,0.0,3,False,,Tuesday,2,55
2026-02-24 03:00:00,11108.895,50.0,20.2,75,0.0,3,False,,Tuesday,3,55
2026-02-24 04:00:00,11658.205,50.045,19.8,77,0.0,3,False,,Tuesday,4,55
2026-02-24 05:00:00,12506.5975,50.015,19.5,83,0.0,3,False,,Tuesday,5,55
2026-02-24 06:00:00,13210.942500000001,50.075,19.5,82,0.0,2,False,,Tuesday,6,55
2026-02-24 07:00:00,14863.5625,50.04,20.2,77,0.0,1,False,,Tuesday,7,55
2026-02-24 08:00:00,15511.41,50.055,23.0,59,0.0,0,False,,Tuesday,8,55
2026-02-24 09:00:00,16423.505,50.05,26.0,39,0.0,0,False,,Tuesday,9,55
2026-02-24 10:00:00,17750.440000000002,50.004999999999995,27.9,35,0.0,0,False,,Tuesday,10,55
2026-02-24 11:00:00,17417.4875,49.955,28.4,36,0.0,1,False,,Tuesday,11,55
2026-02-24 12:00:00,17498.41,50.005,30.0,31,0.0,1,False,,Tuesday,12,55
2026-02-24 13:00:00,17234.4525,49.995,30.6,28,0.0,1,False,,Tuesday,13,55
2026-02-24 14:00:00,17204.33,50.05,31.3,27,0.0,1,False,,Tuesday,14,55
2026-02-24 15:00:00,17188.505,50.004999999999995,31.1,26,0.0,1,False,,Tuesday,15,55
2026-02-24 16:00:00,16860.42,50.035,30.8,26,0.0,1,False,,Tuesday,16,55
2026-02-24 17:00:00,15161.689999999999,50.06,29.5,29,0.0,1,False,,Tuesday,17,55
2026-02-24 18:00:00,14176.4575,50.045,28.1,32,0.0,1,False,,Tuesday,18,55
2026-02-24 19:00:00,12942.4925,50.004999999999995,27.2,34,0.0,1,False,,Tuesday,19,55
2026-02-24 20:00:00,12502.717499999999,50.035,26.1,38,0.0,1,False,,Tuesday,20,55
2026-02-24 21:00:00,12420.427499999998,49.989999999999995,25.0,42,0.0,2,False,,Tuesday,21,55
2026-02-24 22:00:00,12010.8825,49.985,23.4,54,0.0,1,False,,Tuesday,22,55
2026-02-24 23:00:00,12122.84,50.004999999999995,22.1,64,0.0,0,False,,Tuesday,23,55
2026-02-25 00:00:00,11557.102499999999,50.019999999999996,21.8,66,0.0,2,False,,Wednesday,0,56
2026-02-25 01:00:00,11763.779999999999,49.980000000000004,21.4,68,0.0,1,False,,Wednesday,1,56
2026-02-25 02:00:00,11012.7425,49.975,20.9,69,0.0,3,False,,Wednesday,2,56
2026-02-25 03:00:00,11217.400000000001,50.03,20.4,73,0.0,3,False,,Wednesday,3,56
2026-02-25 04:00:00,11747.26,50.04,19.8,77,0.0,3,False,,Wednesday,4,56
2026-02-25 05:00:00,12523.805,50.010000000000005,20.5,78,0.0,3,False,,Wednesday,5,56
2026-02-25 06:00:00,13324.314999999999,50.06,20.5,77,0.0,2,False,,Wednesday,6,56
2026-02-25 07:00:00,14802.7075,50.04,21.0,75,0.1,51,False,,Wednesday,7,56
2026-02-25 08:00:00,16128.49,50.019999999999996,22.5,69,0.0,1,False,,Wednesday,8,56
2026-02-25 09:00:00,16528.565000000002,50.12,24.5,58,0.0,0,False,,Wednesday,9,56
2026-02-25 10:00:00,17830.370000000003,50.015,26.9,45,0.0,1,False,,Wednesday,10,56
2026-02-25 11:00:00,17748.9375,49.995000000000005,26.5,45,0.0,3,False,,Wednesday,11,56
2026-02-25 12:00:00,17395.71,49.965,27.9,38,0.0,2,False,,Wednesday,12,56
2026-02-25 13:00:00,17339.832499999997,49.97,29.2,33,0.0,1,False,,Wednesday,13,56
2026-02-25 14:00:00,16822.855,49.980000000000004,29.4,32,0.0,1,False,,Wednesday,14,56
2026-02-25 15:00:00,17162.4075,50.015,29.3,30,0.0,0,False,,Wednesday,15,56
2026-02-25 16:00:00,16672.7525,50.105000000000004,29.4,29,0.0,1,False,,Wednesday,16,56
2026-02-25 17:00:00,15147.9625,50.015,29.2,28,0.0,3,False,,Wednesday,17,56
2026-02-25 18:00:00,14235.085,50.005,28.0,31,0.0,1,False,,Wednesday,18,56
2026-02-25 19:00:00,12935.9825,49.974999999999994,27.1,35,0.0,0,False,,Wednesday,19,56
2026-02-25 20:00:00,12521.509999999998,50.019999999999996,26.0,38,0.0,0,False,,Wednesday,20,56
2026-02-25 21:00:00,11740.635,50.075,25.1,40,0.0,0,False,,Wednesday,21,56
2026-02-25 22:00:00,12025.470000000001,50.045,24.4,39,0.0,1,False,,Wednesday,22,56
2026-02-25 23:00:00,12182.9,49.995000000000005,23.2,51,0.0,1,False,,Wednesday,23,56
2026-02-26 00:00:00,11379.425,50.0,22.0,60,0.0,0,False,,Thursday,0,57
2026-02-26 01:00:00,11692.9125,49.975,21.4,65,0.0,0,False,,Thursday,1,57
2026-02-26 02:00:00,11070.835,49.95,20.7,69,0.0,1,False,,Thursday,2,57
2026-02-26 03:00:00,11189.099999999999,50.019999999999996,20.0,76,0.0,0,False,,Thursday,3,57
2026-02-26 04:00:00,11493.5225,50.05,19.5,84,0.0,0,False,,Thursday,4,57
2026-02-26 05:00:00,12439.255,50.05,21.0,77,0.0,3,False,,Thursday,5,57
2026-02-26 06:00:00,13081.04,50.035,21.2,76,0.0,0,False,,Thursday,6,57
2026-02-26 07:00:00,14342.787499999999,49.995,21.5,73,0.0,3,False,,Thursday,7,57
2026-02-26 08:00:00,15850.052500000002,50.02,23.6,59,0.0,0,False,,Thursday,8,57
2026-02-26 09:00:00,15976.2225,50.120000000000005,26.0,44,0.0,1,False,,Thursday,9,57
2026-02-26 10:00:00,16842.8825,50.03,27.2,37,0.1,51,False,,Thursday,10,57
2026-02-26 11:00:00,16980.2425,49.980000000000004,28.1,34,0.0,1,False,,Thursday,11,57
2026-02-26 12:00:00,16704.07,50.0,29.9,29,0.0,2,False,,Thursday,12,57
2026-02-26 13:00:00,16742.9625,49.989999999999995,30.2,28,0.0,2,False,,Thursday,13,57
2026-02-26 14:00:00,16669.542500000003,50.0,30.2,28,0.0,2,False,,Thursday,14,57
2026-02-26 15:00:00,16968.255,49.91,29.4,30,0.0,2,False,,Thursday,15,57
2026-02-26 16:00:00,17168.3425,49.980000000000004,29.3,29,0.0,1,False,,Thursday,16,57
2026-02-26 17:00:00,15631.2425,50.085,30.2,26,0.0,2,False,,Thursday,17,57
2026-02-26 18:00:00,14688.220000000001,50.08,29.5,27,0.0,2,False,,Thursday,18,57
2026-02-26 19:00:00,13325.215,49.885000000000005,28.1,30,0.0,2,False,,Thursday,19,57
2026-02-26 20:00:00,12764.99,50.019999999999996,26.9,34,0.0,3,False,,Thursday,20,57
2026-02-26 21:00:00,12055.557499999999,49.980000000000004,26.4,36,0.0,1,False,,Thursday,21,57
2026-02-26 22:00:00,11847.395,50.025000000000006,25.5,38,0.0,3,False,,Thursday,22,57
2026-02-26 23:00:00,12040.157500000001,49.965,23.9,49,0.0,0,False,,Thursday,23,57
2026-02-27 00:00:00,11233.285,50.02,22.8,55,0.0,1,False,,Friday,0,58
2026-02-27 01:00:00,11442.602499999999,50.0,22.4,56,0.0,3,False,,Friday,1,58
2026-02-27 02:00:00,11008.0725,50.06,22.1,56,0.0,0,False,,Friday,2,58
2026-02-27 03:00:00,11100.497500000001,49.965,21.6,56,0.0,0,False,,Friday,3,58
2026-02-27 04:00:00,11531.532500000001,50.019999999999996,21.2,58,0.0,0,False,,Friday,4,58
2026-02-27 05:00:00,12614.5525,50.04,21.6,65,0.0,0,False,,Friday,5,58
2026-02-27 06:00:00,13518.9925,50.040000000000006,21.2,67,0.0,3,False,,Friday,6,58
2026-02-27 07:00:00,15018.012499999999,50.035,21.9,65,0.0,2,False,,Friday,7,58
2026-02-27 08:00:00,15522.900000000001,50.025,23.5,58,0.0,0,False,,Friday,8,58
2026-02-27 09:00:00,16617.61,50.025,25.8,47,0.0,0,False,,Friday,9,58
2026-02-27 10:00:00,17996.8325,49.980000000000004,27.5,39,0.0,0,False,,Friday,10,58
2026-02-27 11:00:00,17766.9025,50.06,27.7,39,0.0,1,False,,Friday,11,58
2026-02-27 12:00:00,17702.0825,50.07,29.1,35,0.0,1,False,,Friday,12,58
2026-02-27 13:00:00,17368.072500000002,50.06,30.2,30,0.0,2,False,,Friday,13,58
2026-02-27 14:00:00,17081.81,50.025000000000006,31.0,27,0.0,3,False,,Friday,14,58
2026-02-27 15:00:00,17253.587499999998,49.989999999999995,31.0,25,0.0,3,False,,Friday,15,58
2026-02-27 16:00:00,17369.042500000003,50.099999999999994,31.0,24,0.0,3,False,,Friday,16,58
2026-02-27 17:00:00,15144.36,50.06,30.1,28,0.0,2,False,,Friday,17,58
2026-02-27 18:00:00,14519.64,50.09,29.4,29,0.0,3,False,,Friday,18,58
2026-02-27 19:00:00,12849.135,50.04,28.9,30,0.0,3,False,,Friday,19,58
2026-02-27 20:00:00,12474.965,50.07,28.6,30,0.0,2,False,,Friday,20,58
2026-02-27 21:00:00,11750.03,50.045,27.4,32,0.0,1,False,,Friday,21,58
2026-02-27 22:00:00,11537.645,49.99,26.0,37,0.0,3,False,,Friday,22,58
2026-02-27 23:00:00,11511.035,49.95,23.6,47,0.0,0,False,,Friday,23,58
2026-02-28 00:00:00,11268.535,49.975,22.2,56,0.0,0,False,,Saturday,0,59
2026-02-28 01:00:00,11437.4375,49.965,21.4,63,0.0,0,False,,Saturday,1,59
2026-02-28 02:00:00,11131.8025,50.045,20.6,67,0.0,0,False,,Saturday,2,59
2026-02-28 03:00:00,10963.1725,50.025000000000006,20.4,68,0.0,0,False,,Saturday,3,59
2026-02-28 04:00:00,11448.435,50.035,20.1,67,0.0,0,False,,Saturday,4,59
2026-02-28 05:00:00,12653.2825,50.03,20.5,71,0.0,0,False,,Saturday,5,59
2026-02-28 06:00:00,13429.3475,50.129999999999995,20.5,70,0.0,0,False,,Saturday,6,59
2026-02-28 07:00:00,14808.795,50.06,21.5,66,0.0,0,False,,Saturday,7,59
2026-02-28 08:00:00,15582.2875,50.11,24.0,54,0.0,0,False,,Saturday,8,59
2026-02-28 09:00:00,16083.6975,50.03,26.0,44,0.0,0,False,,Saturday,9,59
2026-02-28 10:00:00,17442.9975,49.95,28.0,38,0.0,1,False,,Saturday,10,59
2026-02-28 11:00:00,17735.45,49.989999999999995,28.4,36,0.0,1,False,,Saturday,11,59
2026-02-28 12:00:00,17444.3475,50.045,30.0,31,0.0,1,False,,Saturday,12,59
2026-02-28 13:00:00,17390.335,50.065,30.8,28,0.0,1,False,,Saturday,13,59
2026-02-28 14:00:00,16890.565,50.015,30.8,27,0.0,2,False,,Saturday,14,59
2026-02-28 15:00:00,17163.9925,49.92,30.6,27,0.0,3,False,,Saturday,15,59
2026-02-28 16:00:00,17018.48,49.965,30.2,27,0.0,2,False,,Saturday,16,59
2026-02-28 17:00:00,15355.5625,50.015,29.5,28,0.0,3,False,,Saturday,17,59
2026-02-28 18:00:00,14519.43,50.07,28.9,28,0.0,1,False,,Saturday,18,59
2026-02-28 19:00:00,12956.075,49.995000000000005,27.9,29,0.0,0,False,,Saturday,19,59
2026-02-28 20:00:00,12338.9625,49.995000000000005,27.0,32,0.0,0,False,,Saturday,20,59
2026-02-28 21:00:00,11578.994999999999,50.01,26.1,34,0.0,0,False,,Saturday,21,59
2026-02-28 22:00:00,11782.990000000002,50.03,24.8,39,0.0,0,False,,Saturday,22,59
2026-02-28 23:00:00,11826.42,50.004999999999995,22.9,55,0.0,0,False,,Saturday,23,59
2026-03-01 00:00:00,11198.782500000001,50.03,22.0,60,0.0,0,True,Sunday,Sunday,0,60
2026-03-01 01:00:00,11554.630000000001,49.995000000000005,21.3,64,0.0,0,True,Sunday,Sunday,1,60
2026-03-01 02:00:00,11275.855,50.0,20.8,66,0.0,0,True,Sunday,Sunday,2,60
2026-03-01 03:00:00,11216.477499999999,50.004999999999995,20.6,66,0.0,0,True,Sunday,Sunday,3,60
2026-03-01 04:00:00,11796.98,49.985,20.2,68,0.0,0,True,Sunday,Sunday,4,60
2026-03-01 05:00:00,12624.932499999999,50.019999999999996,20.2,70,0.0,0,True,Sunday,Sunday,5,60
2026-03-01 06:00:00,13303.5025,50.075,20.2,70,0.0,0,True,Sunday,Sunday,6,60
2026-03-01 07:00:00,13794.127499999999,50.05,21.2,65,0.0,0,True,Sunday,Sunday,7,60
2026-03-01 08:00:00,14326.314999999999,50.04,23.6,53,0.0,0,True,Sunday,Sunday,8,60
2026-03-01 09:00:00,14967.7775,50.03,25.6,45,0.0,0,True,Sunday,Sunday,9,60
2026-03-01 10:00:00,16676.0025,49.97,27.7,38,0.0,1,True,Sunday,Sunday,10,60
2026-03-01 11:00:00,16286.035,50.015,28.0,37,0.0,1,True,Sunday,Sunday,11,60
2026-03-01 12:00:00,15979.947500000002,50.0,29.9,31,0.0,2,True,Sunday,Sunday,12,60
2026-03-01 13:00:00,15847.037500000002,50.004999999999995,30.5,28,0.0,1,True,Sunday,Sunday,13,60
2026-03-01 14:00:00,15814.037499999999,50.025,31.0,26,0.0,2,True,Sunday,Sunday,14,60
2026-03-01 15:00:00,15606.080000000002,50.03,31.0,24,0.0,3,True,Sunday,Sunday,15,60
2026-03-01 16:00:00,15594.560000000001,50.0,31.1,23,0.0,3,True,Sunday,Sunday,16,60
2026-03-01 17:00:00,13489.4325,50.06,29.9,27,0.0,3,True,Sunday,Sunday,17,60
2026-03-01 18:00:00,13035.580000000002,49.94,29.0,28,0.0,3,True,Sunday,Sunday,18,60
2026-03-01 19:00:00,11802.1175,49.985,28.5,29,0.0,3,True,Sunday,Sunday,19,60
2026-03-01 20:00:00,11734.5225,50.015,28.0,30,0.0,2,True,Sunday,Sunday,20,60
2026-03-01 21:00:00,11080.279999999999,49.94,27.0,33,0.0,3,True,Sunday,Sunday,21,60
2026-03-01 22:00:00,11358.765,50.035,24.6,43,0.0,1,True,Sunday,Sunday,22,60
2026-03-01 23:00:00,11482.664999999999,50.04,23.3,53,0.0,0,True,Sunday,Sunday,23,60
2026-03-02 00:00:00,10810.3475,50.06,22.5,59,0.0,1,False,,Monday,0,61
2026-03-02 01:00:00,11156.6225,49.995000000000005,21.8,64,0.0,0,False,,Monday,1,61
2026-03-02 02:00:00,10741.34,50.0,21.1,67,0.0,0,False,,Monday,2,61
2026-03-02 03:00:00,10733.97,49.980000000000004,20.9,69,0.0,1,False,,Monday,3,61
2026-03-02 04:00:00,11253.759999999998,50.025000000000006,20.9,67,0.0,0,False,,Monday,4,61
2026-03-02 05:00:00,12307.197499999998,50.06,20.6,68,0.0,0,False,,Monday,5,61
2026-03-02 06:00:00,13245.6575,50.095,20.3,69,0.0,0,False,,Monday,6,61
2026-03-02 07:00:00,14816.44,50.04,21.0,65,0.0,0,False,,Monday,7,61
2026-03-02 08:00:00,15853.57,50.045,23.6,53,0.0,0,False,,Monday,8,61
2026-03-02 09:00:00,16511.5425,50.075,26.2,41,0.0,0,False,,Monday,9,61
2026-03-02 10:00:00,17923.54,49.99,28.5,32,0.0,0,False,,Monday,10,61
2026-03-02 11:00:00,17773.7125,49.99,29.9,28,0.0,1,False,,Monday,11,61
2026-03-02 12:00:00,17616.59,49.980000000000004,31.1,25,0.0,1,False,,Monday,12,61
2026-03-02 13:00:00,17741.9575,50.07,31.9,23,0.0,3,False,,Monday,13,61
2026-03-02 14:00:00,17463.595,50.08,31.9,23,0.0,3,False,,Monday,14,61
2026-03-02 15:00:00,17726.8675,50.015,32.2,23,0.0,0,False,,Monday,15,61
2026-03-02 16:00:00,17902.8975,49.989999999999995,32.0,22,0.0,1,False,,Monday,16,61
2026-03-02 17:00:00,15808.984999999999,49.94,31.4,22,0.0,0,False,,Monday,17,61
2026-03-02 18:00:00,14853.685,50.04,29.6,26,0.0,1,False,,Monday,18,61
2026-03-02 19:00:00,13598.41,50.019999999999996,28.6,28,0.0,0,False,,Monday,19,61
2026-03-02 20:00:00,12883.27,50.025,27.5,31,0.0,0,False,,Monday,20,61
2026-03-02 21:00:00,12408.7275,50.0,26.2,33,0.0,0,False,,Monday,21,61
2026-03-02 22:00:00,12411.22,49.99,25.1,37,0.0,0,False,,Monday,22,61
2026-03-02 23:00:00,12591.0125,49.96,23.5,47,0.0,0,False,,Monday,23,61
2026-03-03 00:00:00,11970.8625,49.92,22.8,53,0.0,0,False,,Tuesday,0,62
2026-03-03 01:00:00,12365.395,50.03,22.4,57,0.0,0,False,,Tuesday,1,62
2026-03-03 02:00:00,11906.7225,50.04,21.9,60,0.0,0,False,,Tuesday,2,62
2026-03-03 03:00:00,11499.8275,49.995000000000005,21.5,60,0.0,0,False,,Tuesday,3,62
2026-03-03 04:00:00,12214.36,50.004999999999995,21.1,60,0.0,0,False,,Tuesday,4,62
2026-03-03 05:00:00,12833.24,50.045,20.6,62,0.0,0,False,,Tuesday,5,62
2026-03-03 06:00:00,13679.1675,50.1,20.6,59,0.0,0,False,,Tuesday,6,62
2026-03-03 07:00:00,15245.8,50.08,21.6,54,0.0,0,False,,Tuesday,7,62
2026-03-03 08:00:00,16248.560000000001,50.085,24.3,43,0.0,0,False,,Tuesday,8,62
2026-03-03 09:00:00,16522.895,50.05,27.1,32,0.0,0,False,,Tuesday,9,62
2026-03-03 10:00:00,17826.8175,50.005,29.1,26,0.0,0,False,,Tuesday,10,62
2026-03-03 11:00:00,17495.015,49.94499999999999,29.9,24,0.0,0,False,,Tuesday,11,62
2026-03-03 12:00:00,16466.045000000002,50.045,31.0,20,0.0,0,False,,Tuesday,12,62
2026-03-03 13:00:00,16680.335,50.075,31.5,21,0.0,0,False,,Tuesday,13,62
2026-03-03 14:00:00,16063.0175,50.075,31.8,22,0.0,0,False,,Tuesday,14,62
2026-03-03 15:00:00,16758.879999999997,49.995000000000005,31.2,24,0.0,0,False,,Tuesday,15,62
2026-03-03 16:00:00,17232.4225,50.03,31.0,24,0.0,0,False,,Tuesday,16,62
2026-03-03 17:00:00,15833.58,49.97,29.9,25,0.0,0,False,,Tuesday,17,62
2026-03-03 18:00:00,14227.817500000001,50.055,28.5,27,0.0,0,False,,Tuesday,18,62
2026-03-03 19:00:00,14081.9925,49.815,28.0,29,0.0,0,False,,Tuesday,19,62
2026-03-03 20:00:00,13572.212500000001,50.055,26.8,32,0.0,0,False,,Tuesday,20,62
2026-03-03 21:00:00,12808.875,50.06,25.5,35,0.0,0,False,,Tuesday,21,62
2026-03-03 22:00:00,12688.9225,49.995000000000005,24.6,37,0.0,0,False,,Tuesday,22,62
2026-03-03 23:00:00,12723.475,50.02,23.6,42,0.0,0,False,,Tuesday,23,62
2026-03-04 00:00:00,12223.84,50.025000000000006,22.5,48,0.0,0,False,,Wednesday,0,63
2026-03-04 01:00:00,12454.695,49.974999999999994,21.9,53,0.0,0,False,,Wednesday,1,63
2026-03-04 02:00:00,11830.7075,49.985,21.4,56,0.0,0,False,,Wednesday,2,63
2026-03-04 03:00:00,11886.572499999998,50.0,20.9,58,0.0,0,False,,Wednesday,3,63
2026-03-04 04:00:00,12223.162499999999,50.015,20.4,61,0.0,0,False,,Wednesday,4,63
2026-03-04 05:00:00,13305.0975,50.025,20.1,65,0.0,0,False,,Wednesday,5,63
2026-03-04 06:00:00,13901.119999999999,50.05500000000001,20.1,63,0.0,0,False,,Wednesday,6,63
2026-03-04 07:00:00,15194.695,50.114999999999995,21.1,57,0.0,0,False,,Wednesday,7,63
2026-03-04 08:00:00,15928.119999999999,50.045,24.0,41,0.0,0,False,,Wednesday,8,63
2026-03-04 09:00:00,16130.967499999999,50.115,26.6,31,0.0,0,False,,Wednesday,9,63
2026-03-04 10:00:00,17650.1675,50.05,28.6,26,0.0,0,False,,Wednesday,10,63
2026-03-04 11:00:00,17306.545,50.04,29.4,25,0.0,0,False,,Wednesday,11,63
2026-03-04 12:00:00,16788.637499999997,49.98,30.5,24,0.0,0,False,,Wednesday,12,63
2026-03-04 13:00:00,16528.427499999998,50.04,31.2,24,0.0,0,False,,Wednesday,13,63
2026-03-04 14:00:00,16197.105,50.11,31.6,23,0.0,0,False,,Wednesday,14,63
2026-03-04 15:00:00,16664.93,49.955,31.7,23,0.0,0,False,,Wednesday,15,63
2026-03-04 16:00:00,16615.1425,50.0,31.4,24,0.0,0,False,,Wednesday,16,63
2026-03-04 17:00:00,15166.067500000001,50.055,30.5,25,0.0,0,False,,Wednesday,17,63
2026-03-04 18:00:00,14319.1975,50.065,29.0,27,0.0,0,False,,Wednesday,18,63
2026-03-04 19:00:00,12797.3625,50.055,28.0,29,0.0,0,False,,Wednesday,19,63
2026-03-04 20:00:00,12380.305,49.995000000000005,27.1,31,0.0,0,False,,Wednesday,20,63
2026-03-04 21:00:00,11959.967499999999,49.995000000000005,26.3,32,0.0,0,False,,Wednesday,21,63
2026-03-04 22:00:00,12090.035,50.055,24.8,37,0.0,0,False,,Wednesday,22,63
2026-03-04 23:00:00,12404.1475,50.019999999999996,23.5,43,0.0,0,False,,Wednesday,23,63
2026-03-05 00:00:00,11649.310000000001,50.004999999999995,22.4,50,0.0,0,False,,Thursday,0,64
2026-03-05 01:00:00,11911.595000000001,49.980000000000004,21.7,55,0.0,0,False,,Thursday,1,64
2026-03-05 02:00:00,11181.5625,49.965,21.3,57,0.0,0,False,,Thursday,2,64
2026-03-05 03:00:00,11243.057499999999,50.045,21.0,58,0.0,0,False,,Thursday,3,64
2026-03-05 04:00:00,11663.932499999999,50.05,20.9,58,0.0,0,False,,Thursday,4,64
2026-03-05 05:00:00,12886.19,50.03,19.6,65,0.0,0,False,,Thursday,5,64
2026-03-05 06:00:00,13687.8475,50.09,19.2,67,0.0,0,False,,Thursday,6,64
2026-03-05 07:00:00,15231.7125,50.08,20.5,62,0.0,0,False,,Thursday,7,64
2026-03-05 08:00:00,15886.5225,50.085,23.4,50,0.0,0,False,,Thursday,8,64
2026-03-05 09:00:00,16424.3925,50.085,26.1,36,0.0,0,False,,Thursday,9,64
2026-03-05 10:00:00,17934.2925,50.105000000000004,28.4,29,0.0,0,False,,Thursday,10,64
2026-03-05 11:00:00,17513.7525,50.03,29.4,27,0.0,0,False,,Thursday,11,64
2026-03-05 12:00:00,17337.515,50.03,31.0,23,0.0,0,False,,Thursday,12,64
2026-03-05 13:00:00,17219.445,50.04,32.1,21,0.0,0,False,,Thursday,13,64
2026-03-05 14:00:00,16772.73,50.025000000000006,32.7,19,0.0,0,False,,Thursday,14,64
2026-03-05 15:00:00,17190.697500000002,49.995000000000005,32.8,18,0.0,0,False,,Thursday,15,64
2026-03-05 16:00:00,17352.510000000002,50.09,32.3,17,0.0,0,False,,Thursday,16,64
2026-03-05 17:00:00,16155.995,50.035,31.5,18,0.0,0,False,,Thursday,17,64
2026-03-05 18:00:00,15013.525,50.019999999999996,30.1,19,0.0,0,False,,Thursday,18,64
2026-03-05 19:00:00,13391.7325,50.05,29.2,20,0.0,0,False,,Thursday,19,64
2026-03-05 20:00:00,13361.735,50.015,28.1,22,0.0,0,False,,Thursday,20,64
2026-03-05 21:00:00,12744.699999999999,50.019999999999996,26.4,25,0.0,0,False,,Thursday,21,64
2026-03-05 22:00:00,12550.045,50.0,25.4,27,0.0,0,False,,Thursday,22,64
2026-03-05 23:00:00,12963.244999999999,50.0,24.3,31,0.0,0,False,,Thursday,23,64
2026-03-06 00:00:00,12288.5125,50.004999999999995,23.2,36,0.0,0,False,,Friday,0,65
2026-03-06 01:00:00,12662.52,50.004999999999995,22.5,42,0.0,0,False,,Friday,1,65
2026-03-06 02:00:00,12106.705,50.035,22.0,47,0.0,0,False,,Friday,2,65
2026-03-06 03:00:00,11996.9275,50.03,21.8,48,0.0,0,False,,Friday,3,65
2026-03-06 04:00:00,12465.684999999998,50.03,21.6,48,0.0,0,False,,Friday,4,65
2026-03-06 05:00:00,13619.365,50.065,20.9,55,0.0,2,False,,Friday,5,65
2026-03-06 06:00:00,14438.155,50.06,20.2,57,0.0,1,False,,Friday,6,65
2026-03-06 07:00:00,15559.7325,49.995,21.1,54,0.0,1,False,,Friday,7,65
2026-03-06 08:00:00,16740.915,50.135,23.8,47,0.0,0,False,,Friday,8,65
2026-03-06 09:00:00,16979.122499999998,50.03,26.5,39,0.0,0,False,,Friday,9,65
2026-03-06 10:00:00,18317.370000000003,50.025000000000006,29.0,29,0.0,0,False,,Friday,10,65
2026-03-06 11:00:00,17877.682500000003,49.95,30.3,23,0.0,0,False,,Friday,11,65
2026-03-06 12:00:00,17746.8675,49.985,32.2,20,0.0,0,False,,Friday,12,65
2026-03-06 13:00:00,17156.035,50.099999999999994,33.0,18,0.0,0,False,,Friday,13,65
2026-03-06 14:00:00,16787.89,50.06,33.5,17,0.0,0,False,,Friday,14,65
2026-03-06 15:00:00,17497.72,49.989999999999995,33.5,17,0.0,0,False,,Friday,15,65
2026-03-06 16:00:00,17656.3475,50.065,33.0,17,0.0,0,False,,Friday,16,65
2026-03-06 17:00:00,16482.6725,50.035,32.2,18,0.0,0,False,,Friday,17,65
2026-03-06 18:00:00,15109.232499999998,50.099999999999994,30.9,19,0.0,0,False,,Friday,18,65
2026-03-06 19:00:00,13696.599999999999,49.94,29.5,24,0.0,0,False,,Friday,19,65
2026-03-06 20:00:00,13099.1975,50.01,28.5,25,0.0,0,False,,Friday,20,65
2026-03-06 21:00:00,12715.0825,49.96,27.0,26,0.0,0,False,,Friday,21,65
2026-03-06 22:00:00,12572.0425,50.015,26.4,25,0.0,0,False,,Friday,22,65
2026-03-06 23:00:00,12914.8525,49.99,25.5,28,0.0,0,False,,Friday,23,65
2026-03-07 00:00:00,12081.252499999999,49.989999999999995,23.8,45,0.0,0,False,,Saturday,0,66
2026-03-07 01:00:00,12722.52,49.985,22.9,52,0.0,0,False,,Saturday,1,66
2026-03-07 02:00:00,11982.675,49.985,22.5,54,0.0,0,False,,Saturday,2,66
2026-03-07 03:00:00,11829.305,50.01,22.0,55,0.0,0,False,,Saturday,3,66
2026-03-07 04:00:00,12170.302500000002,49.97,21.4,55,0.0,0,False,,Saturday,4,66
2026-03-07 05:00:00,13448.9575,50.025000000000006,19.9,88,0.0,2,False,,Saturday,5,66
2026-03-07 06:00:00,14223.07,50.075,19.6,97,0.0,3,False,,Saturday,6,66
2026-03-07 07:00:00,15297.455,50.04,19.8,97,0.0,3,False,,Saturday,7,66
2026-03-07 08:00:00,15866.8,50.095,21.9,82,0.0,1,False,,Saturday,8,66
2026-03-07 09:00:00,17036.2025,50.07,25.2,60,0.0,0,False,,Saturday,9,66
2026-03-07 10:00:00,18334.855000000003,50.010000000000005,28.4,42,0.0,0,False,,Saturday,10,66
2026-03-07 11:00:00,18332.9,50.015,29.5,32,0.0,0,False,,Saturday,11,66
2026-03-07 12:00:00,18267.7525,49.980000000000004,32.0,24,0.0,0,False,,Saturday,12,66
2026-03-07 13:00:00,18192.4175,49.989999999999995,33.0,20,0.0,0,False,,Saturday,13,66
2026-03-07 14:00:00,17410.455,49.945,33.6,18,0.0,0,False,,Saturday,14,66
2026-03-07 15:00:00,17644.9725,49.945,33.2,18,0.0,0,False,,Saturday,15,66
2026-03-07 16:00:00,18039.177499999998,50.05,32.5,19,0.0,0,False,,Saturday,16,66
2026-03-07 17:00:00,16270.897500000001,49.995000000000005,32.0,20,0.0,0,False,,Saturday,17,66
2026-03-07 18:00:00,14990.164999999999,50.005,30.9,21,0.0,0,False,,Saturday,18,66
2026-03-07 19:00:00,13310.695,49.905,29.8,21,0.0,0,False,,Saturday,19,66
2026-03-07 20:00:00,12970.387499999999,49.995000000000005,28.8,21,0.0,0,False,,Saturday,20,66
2026-03-07 21:00:00,12289.46,50.01,27.2,23,0.0,0,False,,Saturday,21,66
2026-03-07 22:00:00,12751.574999999999,49.95,26.0,27,0.0,0,False,,Saturday,22,66
2026-03-07 23:00:00,13054.51,49.94,24.4,47,0.0,0,False,,Saturday,23,66
2026-03-08 00:00:00,12478.7725,50.005,23.4,60,0.0,0,True,Sunday,Sunday,0,67
2026-03-08 01:00:00,12717.0675,49.975,22.6,67,0.0,0,True,Sunday,Sunday,1,67
2026-03-08 02:00:00,12191.0125,50.025,21.9,73,0.0,0,True,Sunday,Sunday,2,67
2026-03-08 03:00:00,11964.544999999998,50.015,21.5,77,0.0,0,True,Sunday,Sunday,3,67
2026-03-08 04:00:00,12362.26,49.985,21.1,77,0.0,0,True,Sunday,Sunday,4,67
2026-03-08 05:00:00,13429.49,50.07,21.0,77,0.0,0,True,Sunday,Sunday,5,67
2026-03-08 06:00:00,13444.2675,50.05,20.8,76,0.0,0,True,Sunday,Sunday,6,67
2026-03-08 07:00:00,14042.967499999999,50.045,21.8,71,0.0,0,True,Sunday,Sunday,7,67
2026-03-08 08:00:00,14544.205,50.03,24.6,56,0.0,0,True,Sunday,Sunday,8,67
2026-03-08 09:00:00,15362.3775,49.975,27.5,39,0.0,0,True,Sunday,Sunday,9,67
2026-03-08 10:00:00,16876.184999999998,50.06,29.6,29,0.0,0,True,Sunday,Sunday,10,67
2026-03-08 11:00:00,16551.2225,50.004999999999995,30.5,26,0.0,0,True,Sunday,Sunday,11,67
2026-03-08 12:00:00,16191.335,49.995000000000005,32.0,21,0.0,0,True,Sunday,Sunday,12,67
2026-03-08 13:00:00,15800.092499999999,49.980000000000004,33.0,17,0.0,0,True,Sunday,Sunday,13,67
2026-03-08 14:00:00,15651.4925,50.005,32.9,18,0.0,0,True,Sunday,Sunday,14,67
2026-03-08 15:00:00,15962.067500000001,50.045,32.4,18,0.0,0,True,Sunday,Sunday,15,67
2026-03-08 16:00:00,15762.197499999998,50.01,32.1,19,0.0,0,True,Sunday,Sunday,16,67
2026-03-08 17:00:00,14181.6475,50.015,31.5,21,0.0,0,True,Sunday,Sunday,17,67
2026-03-08 18:00:00,13663.994999999999,50.06,29.8,24,0.0,0,True,Sunday,Sunday,18,67
2026-03-08 19:00:00,12517.855,50.005,28.7,25,0.0,0,True,Sunday,Sunday,19,67
2026-03-08 20:00:00,12140.925,50.03,27.9,26,0.0,0,True,Sunday,Sunday,20,67
2026-03-08 21:00:00,11562.435000000001,50.019999999999996,27.1,27,0.0,0,True,Sunday,Sunday,21,67
2026-03-08 22:00:00,11815.4,50.04,25.9,29,0.0,0,True,Sunday,Sunday,22,67
2026-03-08 23:00:00,12361.3575,50.004999999999995,24.2,41,0.0,0,True,Sunday,Sunday,23,67
2026-03-09 00:00:00,11812.2375,50.035,23.2,50,0.0,0,False,,Monday,0,68
2026-03-09 01:00:00,11926.97,50.01,22.4,57,0.0,0,False,,Monday,1,68
2026-03-09 02:00:00,11407.4525,49.985,21.4,65,0.0,0,False,,Monday,2,68
2026-03-09 03:00:00,11277.3,49.985,20.6,75,0.0,0,False,,Monday,3,68
2026-03-09 04:00:00,11818.282500000001,49.995,19.9,83,0.0,0,False,,Monday,4,68
2026-03-09 05:00:00,12895.07,50.0,19.8,87,0.0,0,False,,Monday,5,68
2026-03-09 06:00:00,13800.77,50.095,19.9,84,0.0,0,False,,Monday,6,68
2026-03-09 07:00:00,15390.52,49.995000000000005,20.8,78,0.0,0,False,,Monday,7,68
2026-03-09 08:00:00,16151.5975,50.065,23.4,62,0.0,0,False,,Monday,8,68
2026-03-09 09:00:00,17008.3175,50.025000000000006,26.1,47,0.0,0,False,,Monday,9,68
2026-03-09 10:00:00,18459.1325,50.025,28.4,37,0.0,0,False,,Monday,10,68
2026-03-09 11:00:00,18179.4125,50.05,29.2,32,0.0,0,False,,Monday,11,68
2026-03-09 12:00:00,17983.622499999998,50.03,30.8,27,0.0,1,False,,Monday,12,68
2026-03-09 13:00:00,17250.725,49.97,31.2,26,0.0,2,False,,Monday,13,68
2026-03-09 14:00:00,17109.4075,50.01,30.6,28,0.0,1,False,,Monday,14,68
2026-03-09 15:00:00,17406.3425,50.0,30.9,27,0.0,1,False,,Monday,15,68
2026-03-09 16:00:00,17500.934999999998,50.019999999999996,30.0,29,0.0,0,False,,Monday,16,68
2026-03-09 17:00:00,15873.3375,50.055,29.1,30,0.0,1,False,,Monday,17,68
2026-03-09 18:00:00,15069.9225,49.97,27.8,34,0.0,0,False,,Monday,18,68
2026-03-09 19:00:00,13468.747500000001,50.0,27.0,37,0.0,0,False,,Monday,19,68
2026-03-09 20:00:00,12927.560000000001,50.084999999999994,25.9,42,0.0,0,False,,Monday,20,68
2026-03-09 21:00:00,12300.325,50.03,24.1,52,0.0,0,False,,Monday,21,68
2026-03-09 22:00:00,12454.067500000001,50.05500000000001,22.7,62,0.0,0,False,,Monday,22,68
2026-03-09 23:00:00,12840.7375,50.040000000000006,22.1,71,0.0,0,False,,Monday,23,68
2026-03-10 00:00:00,12362.294999999998,49.995000000000005,21.0,81,0.0,0,False,,Tuesday,0,69
2026-03-10 01:00:00,12578.44,50.0,20.4,87,0.0,1,False,,Tuesday,1,69
2026-03-10 02:00:00,11948.6225,50.019999999999996,20.1,90,0.0,2,False,,Tuesday,2,69
2026-03-10 03:00:00,11986.3475,50.004999999999995,19.7,91,0.0,1,False,,Tuesday,3,69
2026-03-10 04:00:00,12722.68,50.015,19.1,93,0.0,0,False,,Tuesday,4,69
2026-03-10 05:00:00,13586.895,50.06,18.7,95,0.0,2,False,,Tuesday,5,69
2026-03-10 06:00:00,14387.46,50.075,18.4,95,0.0,2,False,,Tuesday,6,69
2026-03-10 07:00:00,15754.7125,50.07,19.0,87,0.0,0,False,,Tuesday,7,69
2026-03-10 08:00:00,16503.457499999997,50.1,21.1,67,0.0,0,False,,Tuesday,8,69
2026-03-10 09:00:00,17131.1375,50.035,23.6,48,0.0,0,False,,Tuesday,9,69
2026-03-10 10:00:00,18256.235,50.015,25.8,35,0.0,0,False,,Tuesday,10,69
2026-03-10 11:00:00,17955.46,50.025,27.0,24,0.0,0,False,,Tuesday,11,69
2026-03-10 12:00:00,17639.875,50.015,28.6,20,0.0,0,False,,Tuesday,12,69
2026-03-10 13:00:00,17135.91,50.075,29.5,22,0.0,0,False,,Tuesday,13,69
2026-03-10 14:00:00,16147.255000000001,50.025,29.9,23,0.0,0,False,,Tuesday,14,69
2026-03-10 15:00:00,16716.42,49.995,29.5,26,0.0,0,False,,Tuesday,15,69
2026-03-10 16:00:00,17119.074999999997,50.0,29.2,29,0.0,0,False,,Tuesday,16,69
2026-03-10 17:00:00,15566.547499999999,49.980000000000004,28.5,31,0.0,0,False,,Tuesday,17,69
2026-03-10 18:00:00,14980.7225,50.08,27.2,33,0.0,0,False,,Tuesday,18,69
2026-03-10 19:00:00,13521.5525,49.985,26.5,35,0.0,0,False,,Tuesday,19,69
2026-03-10 20:00:00,13206.82,50.05,25.6,38,0.0,0,False,,Tuesday,20,69
2026-03-10 21:00:00,12548.779999999999,50.03,24.4,43,0.0,0,False,,Tuesday,21,69
2026-03-10 22:00:00,12874.1425,50.04,23.2,51,0.0,0,False,,Tuesday,22,69
2026-03-10 23:00:00,12812.822499999998,49.980000000000004,22.2,64,0.0,0,False,,Tuesday,23,69
2026-03-11 00:00:00,12544.0175,50.004999999999995,21.1,75,0.0,0,False,,Wednesday,0,70
2026-03-11 01:00:00,12479.310000000001,49.995000000000005,20.3,82,0.0,0,False,,Wednesday,1,70
2026-03-11 02:00:00,11901.965,50.04,19.4,87,0.0,0,False,,Wednesday,2,70
2026-03-11 03:00:00,11958.9725,50.035,18.8,90,0.0,0,False,,Wednesday,3,70
2026-03-11 04:00:00,12406.64,50.04,18.0,94,0.0,0,False,,Wednesday,4,70
2026-03-11 05:00:00,13406.2025,50.005,18.6,92,0.0,3,False,,Wednesday,5,70
2026-03-11 06:00:00,14248.54,50.04,18.4,92,0.0,1,False,,Wednesday,6,70
2026-03-11 07:00:00,15716.11,50.055,19.1,87,0.0,0,False,,Wednesday,7,70
2026-03-11 08:00:00,16415.5175,50.17,21.3,72,0.0,0,False,,Wednesday,8,70
2026-03-11 09:00:00,16873.1875,50.075,24.0,54,0.0,0,False,,Wednesday,9,70
2026-03-11 10:00:00,18412.824999999997,49.99,26.6,39,0.0,0,False,,Wednesday,10,70
2026-03-11 11:00:00,18047.6475,50.035,27.7,33,0.0,0,False,,Wednesday,11,70
2026-03-11 12:00:00,17969.33,49.985,29.4,30,0.0,0,False,,Wednesday,12,70
2026-03-11 13:00:00,17741.692499999997,50.0,30.6,26,0.0,0,False,,Wednesday,13,70
2026-03-11 14:00:00,17573.99,50.105000000000004,31.2,25,0.0,0,False,,Wednesday,14,70
2026-03-11 15:00:00,17570.824999999997,50.035,31.1,25,0.0,0,False,,Wednesday,15,70
2026-03-11 16:00:00,17509.7975,50.055,30.6,27,0.0,0,False,,Wednesday,16,70
2026-03-11 17:00:00,15770.394999999999,50.04,30.2,26,0.0,0,False,,Wednesday,17,70
2026-03-11 18:00:00,14936.56,50.035,29.2,27,0.0,2,False,,Wednesday,18,70
2026-03-11 19:00:00,13336.4175,49.87,28.1,33,0.0,1,False,,Wednesday,19,70
2026-03-11 20:00:00,12923.2625,49.985,27.0,37,0.0,0,False,,Wednesday,20,70
2026-03-11 21:00:00,12694.0625,49.96,25.4,43,0.0,0,False,,Wednesday,21,70
2026-03-11 22:00:00,12869.95,50.06,24.4,48,0.0,0,False,,Wednesday,22,70
2026-03-11 23:00:00,13322.727499999999,49.97,23.8,55,0.0,0,False,,Wednesday,23,70
2026-03-12 00:00:00,12737.6875,50.019999999999996,23.0,59,0.0,0,False,,Thursday,0,71
2026-03-12 01:00:00,12868.8725,50.03,22.1,63,0.0,0,False,,Thursday,1,71
2026-03-12 02:00:00,12087.8225,50.035,21.4,67,0.0,0,False,,Thursday,2,71
2026-03-12 03:00:00,12198.009999999998,50.019999999999996,20.9,70,0.0,0,False,,Thursday,3,71
2026-03-12 04:00:00,12434.7875,49.955,20.3,74,0.0,0,False,,Thursday,4,71
2026-03-12 05:00:00,13502.494999999999,49.94,20.1,76,0.0,0,False,,Thursday,5,71
2026-03-12 06:00:00,14444.3675,49.965,20.1,76,0.0,0,False,,Thursday,6,71
2026-03-12 07:00:00,15932.5625,49.879999999999995,21.1,72,0.0,0,False,,Thursday,7,71
2026-03-12 08:00:00,16466.447500000002,50.075,24.0,58,0.0,0,False,,Thursday,8,71
2026-03-12 09:00:00,17205.97,50.025,27.0,38,0.0,0,False,,Thursday,9,71
2026-03-12 10:00:00,18602.127500000002,50.150000000000006,29.0,28,0.0,0,False,,Thursday,10,71
2026-03-12 11:00:00,18212.9225,50.08,30.2,23,0.0,0,False,,Thursday,11,71
2026-03-12 12:00:00,18198.3125,50.06,31.5,20,0.0,0,False,,Thursday,12,71
2026-03-12 13:00:00,17298.4425,50.004999999999995,32.0,20,0.0,0,False,,Thursday,13,71
2026-03-12 14:00:00,17174.995,49.965,32.4,19,0.0,0,False,,Thursday,14,71
2026-03-12 15:00:00,17691.775,49.92,32.3,20,0.0,0,False,,Thursday,15,71
2026-03-12 16:00:00,17704.265,50.07,31.6,22,0.0,1,False,,Thursday,16,71
2026-03-12 17:00:00,16343.945,50.135000000000005,30.7,22,0.0,0,False,,Thursday,17,71
2026-03-12 18:00:00,15388.97,50.095,29.9,23,0.0,0,False,,Thursday,18,71
2026-03-12 19:00:00,13425.76,49.81,28.8,25,0.0,0,False,,Thursday,19,71
2026-03-12 20:00:00,13472.727499999999,49.99,27.7,29,0.0,0,False,,Thursday,20,71
2026-03-12 21:00:00,12888.865,49.96,26.5,32,0.0,0,False,,Thursday,21,71
2026-03-12 22:00:00,13042.1875,49.93,25.1,39,0.0,0,False,,Thursday,22,71
2026-03-12 23:00:00,13014.45,49.965,24.4,48,0.0,0,False,,Thursday,23,71
2026-03-13 00:00:00,12735.312499999998,50.004999999999995,23.6,52,0.0,0,False,,Friday,0,72
2026-03-13 01:00:00,12999.555,50.004999999999995,22.9,55,0.0,0,False,,Friday,1,72
2026-03-13 02:00:00,12446.91,50.0,22.5,57,0.0,0,False,,Friday,2,72
2026-03-13 03:00:00,12232.99,50.05,22.0,59,0.0,0,False,,Friday,3,72
2026-03-13 04:00:00,12682.164999999999,50.01,21.5,62,0.0,0,False,,Friday,4,72
2026-03-13 05:00:00,13832.305,50.06,21.5,65,0.0,0,False,,Friday,5,72
2026-03-13 06:00:00,14712.259999999998,50.004999999999995,21.7,62,0.0,0,False,,Friday,6,72
2026-03-13 07:00:00,16179.425,49.88,23.1,55,0.0,0,False,,Friday,7,72
2026-03-13 08:00:00,16739.8625,50.08,26.0,43,0.0,0,False,,Friday,8,72
2026-03-13 09:00:00,17519.71,50.055,28.3,29,0.0,0,False,,Friday,9,72
2026-03-13 10:00:00,18654.725,50.01,29.5,28,0.0,0,False,,Friday,10,72
2026-03-13 11:00:00,18564.245,50.019999999999996,30.1,27,0.0,0,False,,Friday,11,72
2026-03-13 12:00:00,18532.18,49.955,31.5,23,0.0,0,False,,Friday,12,72
2026-03-13 13:00:00,18208.8475,49.955,32.5,22,0.0,0,False,,Friday,13,72
2026-03-13 14:00:00,17712.2175,50.06,33.2,20,0.0,1,False,,Friday,14,72
2026-03-13 15:00:00,18192.265,50.045,32.8,21,0.0,0,False,,Friday,15,72
2026-03-13 16:00:00,18384.715,50.019999999999996,32.0,19,0.0,0,False,,Friday,16,72
2026-03-13 17:00:00,16441.585,50.0,32.0,15,0.0,0,False,,Friday,17,72
2026-03-13 18:00:00,15457.4775,50.025000000000006,29.3,27,0.0,0,False,,Friday,18,72
2026-03-13 19:00:00,13939.2925,49.95,28.0,30,0.0,0,False,,Friday,19,72
2026-03-13 20:00:00,13702.7975,49.985,27.5,31,0.0,0,False,,Friday,20,72
2026-03-13 21:00:00,12952.8275,50.0,26.3,35,0.0,0,False,,Friday,21,72
2026-03-13 22:00:00,13225.5725,50.07,25.2,41,0.0,0,False,,Friday,22,72
2026-03-13 23:00:00,13474.89,50.05,24.1,46,0.0,0,False,,Friday,23,72
2026-03-14 00:00:00,12933.3975,50.065,23.2,51,0.0,2,False,,Saturday,0,73
2026-03-14 01:00:00,13125.6675,50.01,22.2,57,0.0,2,False,,Saturday,1,73
2026-03-14 02:00:00,12479.9175,50.05,21.4,63,0.0,2,False,,Saturday,2,73
2026-03-14 03:00:00,12336.8925,50.04,20.6,70,0.0,2,False,,Saturday,3,73
2026-03-14 04:00:00,12707.7125,50.0,20.0,76,0.0,2,False,,Saturday,4,73
2026-03-14 05:00:00,13980.3625,49.97,20.5,75,0.0,2,False,,Saturday,5,73
2026-03-14 06:00:00,14684.460000000001,49.965,20.5,73,0.0,2,False,,Saturday,6,73
2026-03-14 07:00:00,15743.005,49.9,21.8,65,0.0,1,False,,Saturday,7,73
2026-03-14 08:00:00,16062.824999999997,50.07,24.4,50,0.0,0,False,,Saturday,8,73
2026-03-14 09:00:00,16947.6475,50.040000000000006,26.7,38,0.0,0,False,,Saturday,9,73
2026-03-14 10:00:00,18286.1375,50.065,29.0,28,0.0,0,False,,Saturday,10,73
2026-03-14 11:00:00,18219.942499999997,50.065,30.2,23,0.0,0,False,,Saturday,11,73
2026-03-14 12:00:00,18143.585,50.04,31.4,21,0.0,0,False,,Saturday,12,73
2026-03-14 13:00:00,17889.14,50.055,32.0,21,0.0,0,False,,Saturday,13,73
2026-03-14 14:00:00,17534.512499999997,50.015,32.3,20,0.0,0,False,,Saturday,14,73
2026-03-14 15:00:00,17862.785000000003,49.955,32.3,19,0.0,0,False,,Saturday,15,73
2026-03-14 16:00:00,17799.989999999998,49.9,31.8,19,0.0,0,False,,Saturday,16,73
2026-03-14 17:00:00,16327.3875,50.03,31.1,19,0.0,0,False,,Saturday,17,73
2026-03-14 18:00:00,15320.535,50.075,29.8,21,0.0,0,False,,Saturday,18,73
2026-03-14 19:00:00,13866.0275,49.995000000000005,29.1,21,0.0,0,False,,Saturday,19,73
2026-03-14 20:00:00,13239.8825,50.06,27.6,26,0.0,0,False,,Saturday,20,73
2026-03-14 21:00:00,12329.7575,50.025,26.2,38,0.0,0,False,,Saturday,21,73
2026-03-14 22:00:00,12896.075,50.035,24.9,45,0.0,0,False,,Saturday,22,73
2026-03-14 23:00:00,13268.9925,49.97,24.0,52,0.0,0,False,,Saturday,23,73
2026-03-15 00:00:00,12696.717499999999,50.03,23.1,56,0.0,0,True,Sunday,Sunday,0,74
2026-03-15 01:00:00,12798.335,49.980000000000004,22.4,59,0.0,0,True,Sunday,Sunday,1,74
2026-03-15 02:00:00,12485.72,50.015,21.8,63,0.0,0,True,Sunday,Sunday,2,74
2026-03-15 03:00:00,12467.5775,50.045,21.1,67,0.0,0,True,Sunday,Sunday,3,74
2026-03-15 04:00:00,12721.6075,50.045,20.7,68,0.0,0,True,Sunday,Sunday,4,74
2026-03-15 05:00:00,13808.365,50.035,21.0,66,0.0,0,True,Sunday,Sunday,5,74
2026-03-15 06:00:00,14140.845,50.065,20.6,66,0.0,0,True,Sunday,Sunday,6,74
2026-03-15 07:00:00,14870.695,50.065,21.8,61,0.0,0,True,Sunday,Sunday,7,74
2026-03-15 08:00:00,15202.615,50.085,23.8,57,0.0,0,True,Sunday,Sunday,8,74
2026-03-15 09:00:00,16286.18,50.004999999999995,26.1,46,0.0,0,True,Sunday,Sunday,9,74
2026-03-15 10:00:00,17161.392499999998,50.075,28.5,32,0.0,0,True,Sunday,Sunday,10,74
2026-03-15 11:00:00,16480.8475,50.175,29.5,26,0.0,0,True,Sunday,Sunday,11,74
2026-03-15 12:00:00,16354.5825,50.04,31.3,22,0.0,0,True,Sunday,Sunday,12,74
2026-03-15 13:00:00,16080.342499999999,50.045,32.3,20,0.0,0,True,Sunday,Sunday,13,74
2026-03-15 14:00:00,15684.455,50.105000000000004,33.0,17,0.0,0,True,Sunday,Sunday,14,74
2026-03-15 15:00:00,15816.57,49.965,32.8,18,0.0,0,True,Sunday,Sunday,15,74
2026-03-15 16:00:00,15606.0775,49.855000000000004,32.2,18,0.0,0,True,Sunday,Sunday,16,74
2026-03-15 17:00:00,13900.6,50.07,31.3,19,0.0,0,True,Sunday,Sunday,17,74
2026-03-15 18:00:00,12960.779999999999,50.099999999999994,30.1,21,0.0,0,True,Sunday,Sunday,18,74
2026-03-15 19:00:00,12004.4575,50.05,29.1,24,0.0,0,True,Sunday,Sunday,19,74
2026-03-15 20:00:00,11504.7175,49.945,27.7,27,0.0,0,True,Sunday,Sunday,20,74
2026-03-15 21:00:00,10804.494999999999,49.974999999999994,26.2,36,0.0,0,True,Sunday,Sunday,21,74
2026-03-15 22:00:00,11631.405,50.010000000000005,24.7,46,0.0,0,True,Sunday,Sunday,22,74
2026-03-15 23:00:00,11950.045,49.989999999999995,23.5,54,0.0,0,True,Sunday,Sunday,23,74
2026-03-16 00:00:00,11646.79,49.96,22.6,60,0.0,0,False,,Monday,0,75
2026-03-16 01:00:00,11957.7025,49.975,22.0,65,0.0,0,False,,Monday,1,75
2026-03-16 02:00:00,11429.5825,50.03,21.5,65,0.0,0,False,,Monday,2,75
2026-03-16 03:00:00,11421.42,50.019999999999996,21.2,66,0.0,0,False,,Monday,3,75
2026-03-16 04:00:00,11960.57,50.025000000000006,20.7,68,0.0,0,False,,Monday,4,75
2026-03-16 05:00:00,12830.142499999998,50.045,21.3,67,0.0,0,False,,Monday,5,75
2026-03-16 06:00:00,13815.455,50.105,21.1,67,0.0,0,False,,Monday,6,75
2026-03-16 07:00:00,15638.9175,50.09,21.9,64,0.0,2,False,,Monday,7,75
2026-03-16 08:00:00,16353.300000000001,50.120000000000005,24.1,56,0.0,2,False,,Monday,8,75
2026-03-16 09:00:00,16994.6975,50.09,26.5,48,0.0,1,False,,Monday,9,75
2026-03-16 10:00:00,18012.17,50.125,28.5,40,0.0,1,False,,Monday,10,75
2026-03-16 11:00:00,17833.605,50.01,28.9,36,0.0,1,False,,Monday,11,75
2026-03-16 12:00:00,17850.0625,49.935,30.8,29,0.0,0,False,,Monday,12,75
2026-03-16 13:00:00,17983.17,50.035,32.5,24,0.0,1,False,,Monday,13,75
2026-03-16 14:00:00,17853.525,49.945,33.0,21,0.0,1,False,,Monday,14,75
2026-03-16 15:00:00,17947.49,49.975,32.8,22,0.0,1,False,,Monday,15,75
2026-03-16 16:00:00,17907.495000000003,50.07,32.5,22,0.0,3,False,,Monday,16,75
2026-03-16 17:00:00,16340.0375,50.06,31.0,23,0.1,51,False,,Monday,17,75
2026-03-16 18:00:00,14939.67,50.115,30.6,23,0.0,3,False,,Monday,18,75
2026-03-16 19:00:00,12929.455,50.075,29.7,23,0.0,3,False,,Monday,19,75
2026-03-16 20:00:00,12633.7025,50.03,28.7,25,0.0,3,False,,Monday,20,75
2026-03-16 21:00:00,11397.075,50.01,27.7,28,0.0,3,False,,Monday,21,75
2026-03-16 22:00:00,11373.9525,50.005,26.7,32,0.0,0,False,,Monday,22,75
2026-03-16 23:00:00,11034.88,50.025000000000006,25.2,43,0.0,3,False,,Monday,23,75
2026-03-17 00:00:00,10375.8825,49.97,24.2,47,0.1,51,False,,Tuesday,0,76
2026-03-17 01:00:00,10602.6025,50.019999999999996,23.8,49,0.0,3,False,,Tuesday,1,76
2026-03-17 02:00:00,10270.2675,49.995,23.0,59,0.0,2,False,,Tuesday,2,76
2026-03-17 03:00:00,10334.175,50.0,21.9,74,0.0,1,False,,Tuesday,3,76
2026-03-17 04:00:00,10738.4025,49.99,20.6,88,0.0,0,False,,Tuesday,4,76
2026-03-17 05:00:00,11919.4675,50.04,20.0,94,0.0,1,False,,Tuesday,5,76
2026-03-17 06:00:00,12629.2325,50.095,20.0,92,0.0,1,False,,Tuesday,6,76
2026-03-17 07:00:00,14195.63,50.06,20.8,87,0.0,0,False,,Tuesday,7,76
2026-03-17 08:00:00,15065.662499999999,49.95,23.2,71,0.0,0,False,,Tuesday,8,76
2026-03-17 09:00:00,15841.1225,50.025000000000006,25.9,56,0.0,0,False,,Tuesday,9,76
2026-03-17 10:00:00,16656.3475,49.965,28.4,43,0.0,0,False,,Tuesday,10,76
2026-03-17 11:00:00,16400.1725,49.96,29.2,36,0.0,1,False,,Tuesday,11,76
2026-03-17 12:00:00,16737.0475,50.03,31.1,27,0.0,0,False,,Tuesday,12,76
2026-03-17 13:00:00,16893.545,50.040000000000006,32.2,23,0.0,1,False,,Tuesday,13,76
2026-03-17 14:00:00,17040.7375,49.97,32.5,23,0.0,1,False,,Tuesday,14,76
2026-03-17 15:00:00,17467.315,50.04,32.5,23,0.0,2,False,,Tuesday,15,76
2026-03-17 16:00:00,17368.4375,50.125,31.0,26,0.0,3,False,,Tuesday,16,76
2026-03-17 17:00:00,15211.127499999999,50.1,28.5,34,0.7,53,False,,Tuesday,17,76
2026-03-17 18:00:00,13703.335,50.17,27.3,35,0.5,53,False,,Tuesday,18,76
2026-03-17 19:00:00,11362.1175,50.03,26.6,40,0.2,51,False,,Tuesday,19,76
2026-03-17 20:00:00,10652.220000000001,50.025000000000006,25.9,40,0.0,0,False,,Tuesday,20,76
2026-03-17 21:00:00,10266.3625,49.965,25.2,42,0.0,0,False,,Tuesday,21,76
2026-03-17 22:00:00,10092.855,50.019999999999996,24.9,45,0.0,1,False,,Tuesday,22,76
2026-03-17 23:00:00,10010.1075,49.995,24.8,48,0.0,3,False,,Tuesday,23,76
2026-03-18 00:00:00,9299.77,50.004999999999995,21.0,64,0.8,53,False,,Wednesday,0,77
2026-03-18 01:00:00,9317.8875,50.004999999999995,20.1,74,0.1,51,False,,Wednesday,1,77
2026-03-18 02:00:00,9052.807499999999,50.010000000000005,20.4,67,0.0,0,False,,Wednesday,2,77
2026-03-18 03:00:00,9118.900000000001,50.010000000000005,20.1,78,0.0,1,False,,Wednesday,3,77
2026-03-18 04:00:00,9455.045,50.045,19.9,88,0.0,1,False,,Wednesday,4,77
2026-03-18 05:00:00,10274.715,50.06,20.1,91,0.0,2,False,,Wednesday,5,77
2026-03-18 06:00:00,11220.8125,50.115,20.0,91,0.0,1,False,,Wednesday,6,77
2026-03-18 07:00:00,12875.935,50.055,20.7,87,0.0,1,False,,Wednesday,7,77
2026-03-18 08:00:00,13783.4575,50.035,22.9,73,0.0,0,False,,Wednesday,8,77
2026-03-18 09:00:00,14651.5125,49.96,25.0,60,0.0,0,False,,Wednesday,9,77
2026-03-18 10:00:00,15461.404999999999,49.94,27.2,46,0.0,0,False,,Wednesday,10,77
2026-03-18 11:00:00,15763.7,49.995000000000005,28.0,46,0.0,1,False,,Wednesday,11,77
2026-03-18 12:00:00,16314.705,50.04,29.9,38,0.0,1,False,,Wednesday,12,77
2026-03-18 13:00:00,16656.072500000002,50.06,30.4,35,0.0,1,False,,Wednesday,13,77
2026-03-18 14:00:00,16296.595000000001,50.055,31.0,32,0.0,1,False,,Wednesday,14,77
2026-03-18 15:00:00,16474.2225,50.019999999999996,29.6,35,0.5,53,False,,Wednesday,15,77
2026-03-18 16:00:00,16266.79,49.935,30.0,29,0.0,2,False,,Wednesday,16,77
2026-03-18 17:00:00,14179.919999999998,50.010000000000005,27.5,37,0.0,2,False,,Wednesday,17,77
2026-03-18 18:00:00,12806.565,50.08,24.3,48,0.0,1,False,,Wednesday,18,77
2026-03-18 19:00:00,10872.4175,50.07,24.5,47,0.0,1,False,,Wednesday,19,77
2026-03-18 20:00:00,10003.01,50.05,24.3,48,0.0,0,False,,Wednesday,20,77
2026-03-18 21:00:00,8910.939999999999,49.959999999999994,23.8,50,0.0,1,False,,Wednesday,21,77
2026-03-18 22:00:00,9457.689999999999,49.965,23.5,51,0.0,1,False,,Wednesday,22,77
2026-03-18 23:00:00,9496.67,50.010000000000005,21.5,55,0.0,0,False,,Wednesday,23,77
2026-03-19 00:00:00,8727.567500000001,50.05,20.0,63,0.0,0,True,Ugadi,Thursday,0,78
2026-03-19 01:00:00,8608.005,50.03,19.1,73,0.0,0,True,Ugadi,Thursday,1,78
2026-03-19 02:00:00,8293.3,50.06,18.9,81,0.0,0,True,Ugadi,Thursday,2,78
2026-03-19 03:00:00,8126.032499999999,50.015,18.5,89,0.0,0,True,Ugadi,Thursday,3,78
2026-03-19 04:00:00,8542.9625,50.004999999999995,18.3,93,0.0,3,True,Ugadi,Thursday,4,78
2026-03-19 05:00:00,9763.8275,50.04,17.8,92,0.0,0,True,Ugadi,Thursday,5,78
2026-03-19 06:00:00,10216.0775,50.08,17.6,92,0.0,0,True,Ugadi,Thursday,6,78
2026-03-19 07:00:00,11265.445,50.115,18.8,87,0.0,0,True,Ugadi,Thursday,7,78
2026-03-19 08:00:00,11894.7975,50.019999999999996,21.9,68,0.0,0,True,Ugadi,Thursday,8,78
2026-03-19 09:00:00,12813.6175,50.150000000000006,24.6,53,0.0,0,True,Ugadi,Thursday,9,78
2026-03-19 10:00:00,13472.515,50.235,26.8,45,0.0,0,True,Ugadi,Thursday,10,78
2026-03-19 11:00:00,13495.485,50.18,27.5,42,0.0,3,True,Ugadi,Thursday,11,78
2026-03-19 12:00:00,13659.300000000001,49.980000000000004,29.4,35,0.0,0,True,Ugadi,Thursday,12,78
2026-03-19 13:00:00,13670.987500000001,49.86,30.6,30,0.0,1,True,Ugadi,Thursday,13,78
2026-03-19 14:00:00,13441.4175,49.955,31.1,28,0.0,1,True,Ugadi,Thursday,14,78
2026-03-19 15:00:00,13615.3575,49.995000000000005,31.1,28,0.0,2,True,Ugadi,Thursday,15,78
2026-03-19 16:00:00,13022.615,49.980000000000004,30.3,28,0.0,2,True,Ugadi,Thursday,16,78
2026-03-19 17:00:00,11858.5075,50.065,29.2,31,0.0,1,True,Ugadi,Thursday,17,78
2026-03-19 18:00:00,11276.342499999999,50.105000000000004,27.5,40,0.0,1,True,Ugadi,Thursday,18,78
2026-03-19 19:00:00,10330.8975,50.075,26.1,50,0.0,0,True,Ugadi,Thursday,19,78
2026-03-19 20:00:00,10320.435,50.095,25.1,57,0.0,0,True,Ugadi,Thursday,20,78
2026-03-19 21:00:00,9895.765,50.004999999999995,24.5,50,0.0,1,True,Ugadi,Thursday,21,78
2026-03-19 22:00:00,10003.4725,50.055,23.9,46,0.0,2,True,Ugadi,Thursday,22,78
2026-03-19 23:00:00,9764.21,50.019999999999996,22.5,56,0.0,1,True,Ugadi,Thursday,23,78
2026-03-20 00:00:00,9242.119999999999,49.980000000000004,21.1,66,0.0,0,False,,Friday,0,79
2026-03-20 01:00:00,9304.025000000001,49.975,20.1,75,0.0,0,False,,Friday,1,79
2026-03-20 02:00:00,8903.55,49.980000000000004,19.5,81,0.0,0,False,,Friday,2,79
2026-03-20 03:00:00,8811.4625,50.075,19.1,86,0.0,0,False,,Friday,3,79
2026-03-20 04:00:00,8975.0525,50.03,19.0,89,0.0,0,False,,Friday,4,79
2026-03-20 05:00:00,9856.9275,50.019999999999996,19.1,95,0.0,0,False,,Friday,5,79
2026-03-20 06:00:00,10691.875,50.06,19.1,94,0.0,0,False,,Friday,6,79
2026-03-20 07:00:00,12245.21,50.05,20.1,87,0.0,0,False,,Friday,7,79
2026-03-20 08:00:00,13007.195,50.099999999999994,22.0,75,0.0,0,False,,Friday,8,79
2026-03-20 09:00:00,13531.57,50.175,24.2,63,0.0,0,False,,Friday,9,79
2026-03-20 10:00:00,14445.289999999999,50.065,26.5,49,0.0,0,False,,Friday,10,79
2026-03-20 11:00:00,14619.0,50.004999999999995,27.3,42,0.0,0,False,,Friday,11,79
2026-03-20 12:00:00,15200.4425,50.06,29.0,36,0.0,0,False,,Friday,12,79
2026-03-20 13:00:00,14999.837499999998,50.239999999999995,29.9,34,0.0,1,False,,Friday,13,79
2026-03-20 14:00:00,14631.575,50.265,30.3,32,0.0,1,False,,Friday,14,79
2026-03-20 15:00:00,14716.915,49.974999999999994,30.4,31,0.0,1,False,,Friday,15,79
2026-03-20 16:00:00,14873.259999999998,50.095,30.3,30,0.0,1,False,,Friday,16,79
2026-03-20 17:00:00,14019.470000000001,49.97,29.7,32,0.0,1,False,,Friday,17,79
2026-03-20 18:00:00,13077.794999999998,49.97,27.9,41,0.0,1,False,,Friday,18,79
2026-03-20 19:00:00,12031.09,50.015,26.6,49,0.0,0,False,,Friday,19,79
2026-03-20 20:00:00,11817.32,50.03,26.0,47,0.0,0,False,,Friday,20,79
2026-03-20 21:00:00,11334.880000000001,50.045,25.1,49,0.0,0,False,,Friday,21,79
2026-03-20 22:00:00,11272.572500000002,50.015,24.1,55,0.0,0,False,,Friday,22,79
2026-03-20 23:00:00,11174.075,50.004999999999995,23.3,63,0.0,1,False,,Friday,23,79
2026-03-21 00:00:00,9242.119999999999,49.980000000000004,22.4,70,0.0,1,True,Eid al-Fitr (estimated),Saturday,0,80
2026-03-21 01:00:00,10573.314999999999,50.025000000000006,21.9,74,0.0,0,True,Eid al-Fitr (estimated),Saturday,1,80
2026-03-21 02:00:00,10110.695,50.03,21.3,79,0.0,0,True,Eid al-Fitr (estimated),Saturday,2,80
2026-03-21 03:00:00,9953.0475,49.974999999999994,20.8,85,0.0,0,True,Eid al-Fitr (estimated),Saturday,3,80
2026-03-21 04:00:00,10181.9525,50.035,20.4,87,0.0,0,True,Eid al-Fitr (estimated),Saturday,4,80
2026-03-21 05:00:00,11095.814999999999,49.965,20.2,90,0.0,0,True,Eid al-Fitr (estimated),Saturday,5,80
2026-03-21 06:00:00,11772.775,50.085,20.2,85,0.0,0,True,Eid al-Fitr (estimated),Saturday,6,80
2026-03-21 07:00:00,13045.309999999998,50.045,21.5,74,0.0,0,True,Eid al-Fitr (estimated),Saturday,7,80
2026-03-21 08:00:00,14213.404999999999,50.085,24.0,60,0.0,0,True,Eid al-Fitr (estimated),Saturday,8,80
2026-03-21 09:00:00,14413.28,50.065,26.3,51,0.0,0,True,Eid al-Fitr (estimated),Saturday,9,80
2026-03-21 10:00:00,15087.1525,50.004999999999995,28.2,43,0.0,1,True,Eid al-Fitr (estimated),Saturday,10,80
2026-03-21 11:00:00,15312.2625,50.18,28.6,39,0.0,1,True,Eid al-Fitr (estimated),Saturday,11,80
2026-03-21 12:00:00,15493.53,50.150000000000006,30.3,34,0.0,1,True,Eid al-Fitr (estimated),Saturday,12,80
2026-03-21 13:00:00,15491.779999999999,50.254999999999995,31.0,32,0.0,1,True,Eid al-Fitr (estimated),Saturday,13,80
2026-03-21 14:00:00,14918.21,50.075,31.4,31,0.0,1,True,Eid al-Fitr (estimated),Saturday,14,80
2026-03-21 15:00:00,14834.48,49.78,31.4,30,0.0,1,True,Eid al-Fitr (estimated),Saturday,15,80
2026-03-21 16:00:00,14956.185,49.955,29.6,35,0.6,53,True,Eid al-Fitr (estimated),Saturday,16,80
2026-03-21 17:00:00,13849.97,49.985,29.6,36,0.0,1,True,Eid al-Fitr (estimated),Saturday,17,80
2026-03-21 18:00:00,13308.057499999999,50.14,29.0,39,0.0,1,True,Eid al-Fitr (estimated),Saturday,18,80
2026-03-21 19:00:00,12168.9725,50.08,27.9,42,0.0,1,True,Eid al-Fitr (estimated),Saturday,19,80
2026-03-21 20:00:00,11882.0875,50.065,26.8,48,0.0,2,True,Eid al-Fitr (estimated),Saturday,20,80
2026-03-21 21:00:00,11377.46,50.045,25.9,50,0.0,0,True,Eid al-Fitr (estimated),Saturday,21,80
2026-03-21 22:00:00,11581.817500000001,50.005,24.5,60,0.0,0,True,Eid al-Fitr (estimated),Saturday,22,80
2026-03-21 23:00:00,11476.45,49.935,23.9,69,0.0,0,True,Eid al-Fitr (estimated),Saturday,23,80
2026-03-22 00:00:00,10868.177500000002,49.97,23.0,79,0.0,0,True,Sunday,Sunday,0,81
2026-03-22 01:00:00,11129.3625,50.019999999999996,22.5,84,0.0,1,True,Sunday,Sunday,1,81
2026-03-22 02:00:00,10623.015,50.004999999999995,22.0,87,0.0,1,True,Sunday,Sunday,2,81
2026-03-22 03:00:00,10607.095,50.015,22.1,83,0.0,0,True,Sunday,Sunday,3,81
2026-03-22 04:00:00,10971.574999999999,50.02,21.4,89,0.0,0,True,Sunday,Sunday,4,81
2026-03-22 05:00:00,11791.23,50.010000000000005,21.5,91,0.0,0,True,Sunday,Sunday,5,81
2026-03-22 06:00:00,12280.275,50.025,21.5,88,0.0,0,True,Sunday,Sunday,6,81
2026-03-22 07:00:00,13120.31,50.065,22.7,80,0.0,0,True,Sunday,Sunday,7,81
2026-03-22 08:00:00,13612.212499999998,49.985,24.6,69,0.0,1,True,Sunday,Sunday,8,81
2026-03-22 09:00:00,14448.5825,50.045,26.2,61,0.4,51,True,Sunday,Sunday,9,81
2026-03-22 10:00:00,14779.1525,50.09,27.4,53,0.4,51,True,Sunday,Sunday,10,81
2026-03-22 11:00:00,14448.645,50.004999999999995,27.8,50,0.4,51,True,Sunday,Sunday,11,81
2026-03-22 12:00:00,14843.6975,50.065,29.6,42,0.1,51,True,Sunday,Sunday,12,81
2026-03-22 13:00:00,14796.8975,50.025,30.9,36,0.0,0,True,Sunday,Sunday,13,81
2026-03-22 14:00:00,14653.1075,50.065,31.6,33,0.0,1,True,Sunday,Sunday,14,81
2026-03-22 15:00:00,14306.59,50.0,31.0,33,0.0,1,True,Sunday,Sunday,15,81
2026-03-22 16:00:00,14323.080000000002,49.894999999999996,30.4,34,0.0,1,True,Sunday,Sunday,16,81
2026-03-22 17:00:00,13232.8125,50.105000000000004,30.2,35,0.0,0,True,Sunday,Sunday,17,81
2026-03-22 18:00:00,12858.9725,50.005,28.9,39,0.0,1,True,Sunday,Sunday,18,81
2026-03-22 19:00:00,11832.11,50.015,27.9,43,0.0,1,True,Sunday,Sunday,19,81
2026-03-22 20:00:00,11647.6775,50.005,26.5,47,0.0,1,True,Sunday,Sunday,20,81
2026-03-22 21:00:00,10953.3275,49.975,25.6,50,0.0,1,True,Sunday,Sunday,21,81
2026-03-22 22:00:00,11158.224999999999,49.99,24.4,57,0.0,0,True,Sunday,Sunday,22,81
2026-03-22 23:00:00,11218.0475,50.0,24.4,60,0.0,1,True,Sunday,Sunday,23,81
2026-03-23 00:00:00,10669.195,50.025,24.0,62,0.0,1,False,,Monday,0,82
2026-03-23 01:00:00,11044.52,50.015,23.5,65,0.0,1,False,,Monday,1,82
2026-03-23 02:00:00,10482.605,50.015,22.9,68,0.0,2,False,,Monday,2,82
2026-03-23 03:00:00,10292.322499999998,50.035,22.5,71,0.0,1,False,,Monday,3,82
2026-03-23 04:00:00,10711.3375,50.045,22.3,70,0.0,1,False,,Monday,4,82
2026-03-23 05:00:00,11599.807499999999,50.045,22.0,83,0.0,0,False,,Monday,5,82
2026-03-23 06:00:00,12701.41,50.07,21.9,83,0.0,0,False,,Monday,6,82
2026-03-23 07:00:00,14731.1675,50.065,22.9,77,0.0,0,False,,Monday,7,82
2026-03-23 08:00:00,15128.52,50.08,25.6,57,0.0,0,False,,Monday,8,82
2026-03-23 09:00:00,15495.765,50.004999999999995,27.7,43,0.0,0,False,,Monday,9,82
2026-03-23 10:00:00,16873.2275,50.2,29.5,37,0.0,0,False,,Monday,10,82
2026-03-23 11:00:00,16924.3375,50.045,30.1,34,0.0,1,False,,Monday,11,82
2026-03-23 12:00:00,17381.1075,50.12,31.1,31,0.0,1,False,,Monday,12,82
2026-03-23 13:00:00,16566.907499999998,50.045,32.0,28,0.0,1,False,,Monday,13,82
2026-03-23 14:00:00,16329.204999999998,50.114999999999995,32.2,27,0.0,1,False,,Monday,14,82
2026-03-23 15:00:00,16568.684999999998,49.935,32.2,26,0.0,1,False,,Monday,15,82
2026-03-23 16:00:00,16854.5725,50.015,32.3,25,0.0,2,False,,Monday,16,82
2026-03-23 17:00:00,15423.1275,50.045,30.9,24,0.0,0,False,,Monday,17,82
2026-03-23 18:00:00,14318.130000000001,50.045,29.8,27,0.0,0,False,,Monday,18,82
2026-03-23 19:00:00,12913.529999999999,50.045,27.1,39,0.0,0,False,,Monday,19,82
2026-03-23 20:00:00,12483.4175,50.05,26.1,43,0.0,0,False,,Monday,20,82
2026-03-23 21:00:00,11850.599999999999,50.019999999999996,25.4,45,0.0,0,False,,Monday,21,82
2026-03-23 22:00:00,11899.145,49.955,24.5,51,0.0,0,False,,Monday,22,82
2026-03-23 23:00:00,11896.0675,49.965,23.6,60,0.0,0,False,,Monday,23,82
2026-03-24 00:00:00,11576.085,50.01,22.9,66,0.0,0,False,,Tuesday,0,83
2026-03-24 01:00:00,11362.4525,50.0,22.2,71,0.0,0,False,,Tuesday,1,83
2026-03-24 02:00:00,11066.8625,50.02,21.6,76,0.0,0,False,,Tuesday,2,83
2026-03-24 03:00:00,11010.1125,50.015,21.1,81,0.0,0,False,,Tuesday,3,83
2026-03-24 04:00:00,11535.675,49.985,20.6,84,0.0,0,False,,Tuesday,4,83
2026-03-24 05:00:00,12596.712500000001,50.040000000000006,20.6,79,0.0,0,False,,Tuesday,5,83
2026-03-24 06:00:00,13357.4575,50.015,21.0,77,0.0,0,False,,Tuesday,6,83
2026-03-24 07:00:00,15000.6875,50.010000000000005,22.5,66,0.0,0,False,,Tuesday,7,83
2026-03-24 08:00:00,15448.552499999998,50.040000000000006,25.0,52,0.0,0,False,,Tuesday,8,83
2026-03-24 09:00:00,16041.2875,50.03,27.1,42,0.0,0,False,,Tuesday,9,83
2026-03-24 10:00:00,16999.2275,50.004999999999995,29.2,35,0.0,0,False,,Tuesday,10,83
2026-03-24 11:00:00,16624.2725,49.975,30.0,34,0.0,0,False,,Tuesday,11,83
2026-03-24 12:00:00,17104.025,50.099999999999994,32.0,29,0.0,1,False,,Tuesday,12,83
2026-03-24 13:00:00,16919.574999999997,50.015,32.2,27,0.0,1,False,,Tuesday,13,83
2026-03-24 14:00:00,16597.644999999997,49.965,32.3,27,0.0,0,False,,Tuesday,14,83
2026-03-24 15:00:00,16964.1,49.965,32.3,27,0.0,0,False,,Tuesday,15,83
2026-03-24 16:00:00,16853.649999999998,49.995000000000005,31.8,29,0.0,1,False,,Tuesday,16,83
2026-03-24 17:00:00,15075.419999999998,50.165,30.8,30,0.0,1,False,,Tuesday,17,83
2026-03-24 18:00:00,14028.092499999999,50.144999999999996,29.7,33,0.0,2,False,,Tuesday,18,83
2026-03-24 19:00:00,12391.055,49.945,29.1,35,0.0,1,False,,Tuesday,19,83
2026-03-24 20:00:00,12086.009999999998,49.885,27.7,42,0.0,0,False,,Tuesday,20,83
2026-03-24 21:00:00,11369.0975,50.05,26.8,45,0.0,0,False,,Tuesday,21,83
2026-03-24 22:00:00,11628.035,50.010000000000005,25.5,51,0.0,0,False,,Tuesday,22,83
2026-03-24 23:00:00,11515.2725,50.004999999999995,23.9,63,0.0,1,False,,Tuesday,23,83
2026-03-25 00:00:00,10880.967499999999,50.045,22.9,72,0.0,0,False,,Wednesday,0,84
2026-03-25 01:00:00,11369.1775,50.055,22.1,79,0.0,0,False,,Wednesday,1,84
2026-03-25 02:00:00,10743.855,50.035,21.6,84,0.0,0,False,,Wednesday,2,84
2026-03-25 03:00:00,10689.215,49.995000000000005,21.2,86,0.0,0,False,,Wednesday,3,84
2026-03-25 04:00:00,11159.4875,50.010000000000005,21.0,86,0.0,0,False,,Wednesday,4,84
2026-03-25 05:00:00,11960.6625,49.995000000000005,20.8,91,0.0,0,False,,Wednesday,5,84
2026-03-25 06:00:00,12881.8625,50.085,20.8,90,0.0,0,False,,Wednesday,6,84
2026-03-25 07:00:00,14539.7125,50.05,22.0,83,0.0,0,False,,Wednesday,7,84
2026-03-25 08:00:00,15154.305,50.040000000000006,24.6,65,0.0,0,False,,Wednesday,8,84
2026-03-25 09:00:00,15838.894999999999,50.095,27.0,52,0.0,0,False,,Wednesday,9,84
2026-03-25 10:00:00,16658.7225,49.995,29.3,40,0.0,0,False,,Wednesday,10,84
2026-03-25 11:00:00,16817.210000000003,49.97,30.3,33,0.0,0,False,,Wednesday,11,84
2026-03-25 12:00:00,17016.39,50.14,32.0,27,0.0,0,False,,Wednesday,12,84
2026-03-25 13:00:00,16945.045,50.144999999999996,32.8,27,0.0,0,False,,Wednesday,13,84
2026-03-25 14:00:00,16392.585,50.055,33.7,25,0.0,1,False,,Wednesday,14,84
2026-03-25 15:00:00,16659.737500000003,50.004999999999995,33.6,24,0.0,1,False,,Wednesday,15,84
2026-03-25 16:00:00,16227.7175,50.03,32.7,24,0.0,1,False,,Wednesday,16,84
2026-03-25 17:00:00,14994.9125,49.95,31.8,24,0.0,1,False,,Wednesday,17,84
2026-03-25 18:00:00,14079.642500000002,50.08,30.6,26,0.0,0,False,,Wednesday,18,84
2026-03-25 19:00:00,12799.675,50.075,29.7,28,0.0,0,False,,Wednesday,19,84
2026-03-25 20:00:00,12605.4225,50.06,28.4,31,0.0,0,False,,Wednesday,20,84
2026-03-25 21:00:00,12069.169999999998,50.004999999999995,26.4,38,0.0,0,False,,Wednesday,21,84
2026-03-25 22:00:00,12264.797499999999,50.045,25.0,47,0.0,0,False,,Wednesday,22,84
2026-03-25 23:00:00,12556.627499999999,50.01,24.5,51,0.0,0,False,,Wednesday,23,84
2026-03-26 00:00:00,11699.1975,49.995000000000005,23.9,54,0.0,0,False,,Thursday,0,85
2026-03-26 01:00:00,11720.380000000001,50.035,23.1,59,0.0,0,False,,Thursday,1,85
2026-03-26 02:00:00,11367.064999999999,50.010000000000005,22.4,65,0.0,0,False,,Thursday,2,85
2026-03-26 03:00:00,11224.545,49.980000000000004,21.6,71,0.0,0,False,,Thursday,3,85
2026-03-26 04:00:00,11669.2075,50.010000000000005,20.9,77,0.0,0,False,,Thursday,4,85
2026-03-26 05:00:00,12567.6075,50.055,20.6,81,0.0,0,False,,Thursday,5,85
2026-03-26 06:00:00,13320.615,50.045,20.4,83,0.0,0,False,,Thursday,6,85
2026-03-26 07:00:00,14873.915,50.085,21.6,76,0.0,0,False,,Thursday,7,85
2026-03-26 08:00:00,15404.0075,50.235,24.5,59,0.0,0,False,,Thursday,8,85
2026-03-26 09:00:00,15908.91,50.035,28.0,36,0.0,0,False,,Thursday,9,85
2026-03-26 10:00:00,17000.345,50.035,30.5,25,0.0,0,False,,Thursday,10,85
2026-03-26 11:00:00,16360.9425,49.989999999999995,31.5,23,0.0,0,False,,Thursday,11,85
2026-03-26 12:00:00,16010.552499999998,49.985,32.9,20,0.0,0,False,,Thursday,12,85
2026-03-26 13:00:00,15986.8825,49.95,33.5,18,0.0,0,False,,Thursday,13,85
2026-03-26 14:00:00,15182.684999999998,49.935,33.8,19,0.0,0,False,,Thursday,14,85
2026-03-26 15:00:00,15775.490000000002,50.06,33.5,20,0.0,0,False,,Thursday,15,85
2026-03-26 16:00:00,16072.6525,50.11,32.8,21,0.0,0,False,,Thursday,16,85
2026-03-26 17:00:00,15011.6025,50.14,31.6,23,0.0,0,False,,Thursday,17,85
2026-03-26 18:00:00,14362.8,50.144999999999996,30.1,27,0.0,0,False,,Thursday,18,85
2026-03-26 19:00:00,13272.127499999999,50.065,29.0,30,0.0,0,False,,Thursday,19,85
2026-03-26 20:00:00,13236.14,49.985,28.0,33,0.0,0,False,,Thursday,20,85
2026-03-26 21:00:00,12454.302499999998,49.955,27.0,37,0.0,0,False,,Thursday,21,85
2026-03-26 22:00:00,12770.907500000001,50.045,25.6,41,0.0,0,False,,Thursday,22,85
2026-03-26 23:00:00,12715.91,50.0,24.6,47,0.0,0,False,,Thursday,23,85
2026-03-27 00:00:00,11542.16,50.02,23.9,53,0.0,0,False,,Friday,0,86
2026-03-27 01:00:00,12283.34,50.04,23.2,59,0.0,0,False,,Friday,1,86
2026-03-27 02:00:00,11723.8,50.004999999999995,22.6,62,0.0,0,False,,Friday,2,86
2026-03-27 03:00:00,11554.0625,50.004999999999995,22.2,64,0.0,0,False,,Friday,3,86
2026-03-27 04:00:00,11948.1725,50.04,21.9,66,0.0,0,False,,Friday,4,86
2026-03-27 05:00:00,12996.630000000001,50.06,21.6,68,0.0,0,False,,Friday,5,86
2026-03-27 06:00:00,13922.384999999998,50.075,21.7,66,0.0,0,False,,Friday,6,86
2026-03-27 07:00:00,15447.3125,50.09,23.5,57,0.0,0,False,,Friday,7,86
2026-03-27 08:00:00,16057.7675,50.08,26.8,40,0.0,0,False,,Friday,8,86
2026-03-27 09:00:00,16709.8075,50.084999999999994,29.6,23,0.0,0,False,,Friday,9,86
2026-03-27 10:00:00,17825.7825,50.015,31.3,21,0.0,0,False,,Friday,10,86
2026-03-27 11:00:00,17206.7725,50.06,32.2,19,0.0,0,False,,Friday,11,86
2026-03-27 12:00:00,17019.9575,50.045,33.5,18,0.0,0,False,,Friday,12,86
2026-03-27 13:00:00,17191.815,50.375,34.3,17,0.0,0,False,,Friday,13,86
2026-03-27 14:00:00,16487.6675,50.129999999999995,34.8,16,0.0,0,False,,Friday,14,86
2026-03-27 15:00:00,16575.254999999997,49.915,34.3,17,0.0,0,False,,Friday,15,86
2026-03-27 16:00:00,16824.12,50.075,34.0,17,0.0,0,False,,Friday,16,86
2026-03-27 17:00:00,15573.907500000001,50.06,33.3,17,0.0,1,False,,Friday,17,86
2026-03-27 18:00:00,14326.205,50.155,32.1,19,0.0,1,False,,Friday,18,86
2026-03-27 19:00:00,12821.9725,50.05,30.4,25,0.0,0,False,,Friday,19,86
2026-03-27 20:00:00,12387.675,50.045,28.0,34,0.0,0,False,,Friday,20,86
2026-03-27 21:00:00,11166.967499999999,50.03,27.0,36,0.0,0,False,,Friday,21,86
2026-03-27 22:00:00,12031.669999999998,49.995000000000005,25.9,42,0.0,0,False,,Friday,22,86
2026-03-27 23:00:00,12124.212500000001,49.989999999999995,25.2,46,0.0,0,False,,Friday,23,86
2026-03-28 00:00:00,11917.404999999999,49.995,24.8,48,0.0,0,False,,Saturday,0,87
2026-03-28 01:00:00,12406.779999999999,49.995000000000005,24.1,50,0.0,0,False,,Saturday,1,87
2026-03-28 02:00:00,11642.649999999998,49.995,23.5,51,0.0,0,False,,Saturday,2,87
2026-03-28 03:00:00,11505.102499999999,49.97,23.3,49,0.0,0,False,,Saturday,3,87
2026-03-28 04:00:00,11967.899999999998,50.015,22.5,51,0.0,0,False,,Saturday,4,87
2026-03-28 05:00:00,12760.965,50.045,22.0,69,0.0,0,False,,Saturday,5,87
2026-03-28 06:00:00,13481.01,50.085,21.9,70,0.0,0,False,,Saturday,6,87
2026-03-28 07:00:00,14573.037499999999,50.07,23.1,65,0.0,0,False,,Saturday,7,87
2026-03-28 08:00:00,15043.824999999999,50.045,25.6,58,0.0,0,False,,Saturday,8,87
2026-03-28 09:00:00,16270.925,49.995000000000005,28.6,43,0.0,0,False,,Saturday,9,87
2026-03-28 10:00:00,17705.0225,49.95,31.0,30,0.0,1,False,,Saturday,10,87
2026-03-28 11:00:00,17314.924999999996,50.004999999999995,30.8,29,0.0,1,False,,Saturday,11,87
2026-03-28 12:00:00,17201.59,50.055,33.1,24,0.0,1,False,,Saturday,12,87
2026-03-28 13:00:00,17238.245,50.085,33.6,23,0.0,2,False,,Saturday,13,87
2026-03-28 14:00:00,16713.7325,50.07,33.5,22,0.0,2,False,,Saturday,14,87
2026-03-28 15:00:00,16762.2025,49.959999999999994,33.2,23,0.0,2,False,,Saturday,15,87
2026-03-28 16:00:00,16528.1325,50.065,32.8,23,0.0,1,False,,Saturday,16,87
2026-03-28 17:00:00,14906.082499999999,50.08,32.4,24,0.0,2,False,,Saturday,17,87
2026-03-28 18:00:00,13699.954999999998,50.08,31.1,27,0.0,1,False,,Saturday,18,87
2026-03-28 19:00:00,12367.0075,50.065,30.8,28,0.0,1,False,,Saturday,19,87
2026-03-28 20:00:00,11829.57,49.974999999999994,29.7,31,0.0,2,False,,Saturday,20,87
2026-03-28 21:00:00,11422.807499999999,49.94,28.8,34,0.0,3,False,,Saturday,21,87
2026-03-28 22:00:00,11218.4,50.055,26.0,46,0.0,3,False,,Saturday,22,87
2026-03-28 23:00:00,11454.732499999998,50.035,25.5,50,0.0,3,False,,Saturday,23,87
2026-03-29 00:00:00,11019.587500000001,50.04,24.8,54,0.0,3,True,Sunday,Sunday,0,88
2026-03-29 01:00:00,11086.5175,49.989999999999995,24.1,57,0.0,3,True,Sunday,Sunday,1,88
2026-03-29 02:00:00,10697.865,50.019999999999996,23.8,59,0.0,3,True,Sunday,Sunday,2,88
2026-03-29 03:00:00,10501.789999999999,50.040000000000006,23.4,61,0.0,3,True,Sunday,Sunday,3,88
2026-03-29 04:00:00,10538.66,50.04,23.0,64,0.0,3,True,Sunday,Sunday,4,88
2026-03-29 05:00:00,11101.36,50.015,22.8,68,0.0,3,True,Sunday,Sunday,5,88
2026-03-29 06:00:00,11835.052499999998,50.085,22.9,67,0.0,3,True,Sunday,Sunday,6,88
2026-03-29 07:00:00,12486.869999999999,50.075,23.6,63,0.0,3,True,Sunday,Sunday,7,88
2026-03-29 08:00:00,12936.732499999998,50.045,25.9,53,0.0,3,True,Sunday,Sunday,8,88
2026-03-29 09:00:00,13932.5175,50.08,27.9,45,0.0,3,True,Sunday,Sunday,9,88
2026-03-29 10:00:00,14774.625,50.12,29.5,39,0.1,51,True,Sunday,Sunday,10,88
2026-03-29 11:00:00,14324.72,49.89,30.0,35,0.3,51,True,Sunday,Sunday,11,88
2026-03-29 12:00:00,14138.4975,49.989999999999995,31.8,30,0.0,2,True,Sunday,Sunday,12,88
2026-03-29 13:00:00,14230.2775,50.015,33.1,28,0.0,2,True,Sunday,Sunday,13,88
2026-03-29 14:00:00,14088.715,50.0,33.0,28,0.0,1,True,Sunday,Sunday,14,88
2026-03-29 15:00:00,14033.82,49.96,33.0,28,0.0,2,True,Sunday,Sunday,15,88
2026-03-29 16:00:00,14312.994999999999,50.019999999999996,32.8,28,0.0,3,True,Sunday,Sunday,16,88
2026-03-29 17:00:00,13246.744999999999,50.045,31.9,30,0.0,3,True,Sunday,Sunday,17,88
2026-03-29 18:00:00,12724.18,50.114999999999995,30.4,35,0.0,3,True,Sunday,Sunday,18,88
2026-03-29 19:00:00,11535.5125,50.015,28.4,40,0.3,51,True,Sunday,Sunday,19,88
2026-03-29 20:00:00,10981.54,50.015,26.5,50,0.1,51,True,Sunday,Sunday,20,88
2026-03-29 21:00:00,10990.1625,50.035,26.6,50,0.0,1,True,Sunday,Sunday,21,88
2026-03-29 22:00:00,11276.5075,49.989999999999995,24.8,57,0.0,2,True,Sunday,Sunday,22,88
2026-03-29 23:00:00,11386.970000000001,49.975,23.0,68,0.0,1,True,Sunday,Sunday,23,88
2026-03-30 00:00:00,10664.1525,50.04,22.5,71,0.0,2,False,,Monday,0,89
2026-03-30 01:00:00,10805.0275,50.04,22.6,70,0.0,3,False,,Monday,1,89
2026-03-30 02:00:00,10398.705,50.07,22.9,69,0.0,3,False,,Monday,2,89
2026-03-30 03:00:00,10284.27,50.040000000000006,23.0,70,0.0,3,False,,Monday,3,89
2026-03-30 04:00:00,10524.42,50.045,23.0,72,0.0,1,False,,Monday,4,89
2026-03-30 05:00:00,11671.24,49.99,23.8,66,0.0,3,False,,Monday,5,89
2026-03-30 06:00:00,12217.73,50.045,23.8,66,0.0,3,False,,Monday,6,89
2026-03-30 07:00:00,14104.6375,50.035,24.1,66,0.0,2,False,,Monday,7,89
2026-03-30 08:00:00,14930.3175,49.95,26.0,58,0.0,3,False,,Monday,8,89
2026-03-30 09:00:00,15982.36,49.93,28.0,49,0.0,3,False,,Monday,9,89
2026-03-30 10:00:00,16866.0,50.09,30.1,36,0.0,3,False,,Monday,10,89
2026-03-30 11:00:00,16488.114999999998,50.045,31.2,29,0.0,0,False,,Monday,11,89
2026-03-30 12:00:00,16477.875,49.885,31.2,29,0.0,0,False,,Monday,12,89
2026-03-30 13:00:00,16568.7625,49.945,31.5,29,0.0,0,False,,Monday,13,89
2026-03-30 14:00:00,16295.282500000001,50.045,31.2,30,0.0,1,False,,Monday,14,89
2026-03-30 15:00:00,16562.1175,49.980000000000004,31.2,30,0.1,51,False,,Monday,15,89
2026-03-30 16:00:00,16760.1175,50.120000000000005,30.2,33,0.0,0,False,,Monday,16,89
2026-03-30 17:00:00,15103.8525,50.1,31.5,27,0.0,3,False,,Monday,17,89
2026-03-30 18:00:00,14351.3675,50.125,29.2,36,0.0,1,False,,Monday,18,89
2026-03-30 19:00:00,13172.5025,50.045,28.0,42,0.0,3,False,,Monday,19,89
2026-03-30 20:00:00,12862.165,50.05,27.4,43,0.0,3,False,,Monday,20,89
2026-03-30 21:00:00,12230.475,50.004999999999995,26.4,42,0.0,0,False,,Monday,21,89
2026-03-30 22:00:00,12429.15,49.985,25.1,46,0.0,0,False,,Monday,22,89
2026-03-30 23:00:00,12461.989999999998,49.97,24.4,51,0.0,1,False,,Monday,23,89
2026-03-31 00:00:00,11678.7075,50.015,24.1,53,0.0,3,True,Mahavir Jayanti,Tuesday,0,90
2026-03-31 01:00:00,11760.477499999999,49.980000000000004,23.6,55,0.0,3,True,Mahavir Jayanti,Tuesday,1,90
2026-03-31 02:00:00,11083.18,50.015,23.1,56,0.0,3,True,Mahavir Jayanti,Tuesday,2,90
2026-03-31 03:00:00,11212.835,50.035,22.8,61,0.0,3,True,Mahavir Jayanti,Tuesday,3,90
2026-03-31 04:00:00,11463.4875,50.0,22.8,65,0.0,0,True,Mahavir Jayanti,Tuesday,4,90
2026-03-31 05:00:00,12329.335,50.055,22.7,63,0.0,0,True,Mahavir Jayanti,Tuesday,5,90
2026-03-31 06:00:00,13028.3475,50.099999999999994,22.7,64,0.0,0,True,Mahavir Jayanti,Tuesday,6,90
2026-03-31 07:00:00,14945.835,50.075,24.1,56,0.0,0,True,Mahavir Jayanti,Tuesday,7,90
2026-03-31 08:00:00,15241.744999999999,50.065,26.2,50,0.0,0,True,Mahavir Jayanti,Tuesday,8,90
2026-03-31 09:00:00,15943.645,50.1,28.6,41,0.0,0,True,Mahavir Jayanti,Tuesday,9,90
2026-03-31 10:00:00,17018.84,49.985,30.5,31,0.0,0,True,Mahavir Jayanti,Tuesday,10,90
2026-03-31 11:00:00,17174.7175,49.99,31.2,29,0.0,0,True,Mahavir Jayanti,Tuesday,11,90
2026-03-31 12:00:00,17029.4125,50.025,32.8,25,0.0,2,True,Mahavir Jayanti,Tuesday,12,90
2026-03-31 13:00:00,16838.73,50.11,33.3,24,0.0,2,True,Mahavir Jayanti,Tuesday,13,90
2026-03-31 14:00:00,16646.2875,50.025,33.2,23,0.0,2,True,Mahavir Jayanti,Tuesday,14,90
2026-03-31 15:00:00,17157.1325,49.925,32.8,24,0.0,2,True,Mahavir Jayanti,Tuesday,15,90
2026-03-31 16:00:00,16983.6225,49.99,32.9,23,0.0,3,True,Mahavir Jayanti,Tuesday,16,90
2026-03-31 17:00:00,15177.9625,49.99,31.1,27,0.0,3,True,Mahavir Jayanti,Tuesday,17,90
2026-03-31 18:00:00,14115.2575,49.985,30.0,28,0.0,3,True,Mahavir Jayanti,Tuesday,18,90
2026-03-31 19:00:00,12941.3325,50.1,29.0,31,0.0,3,True,Mahavir Jayanti,Tuesday,19,90
2026-03-31 20:00:00,12451.5525,50.08,27.1,41,0.0,3,True,Mahavir Jayanti,Tuesday,20,90
2026-03-31 21:00:00,11833.185,49.89,26.0,46,0.0,3,True,Mahavir Jayanti,Tuesday,21,90
2026-03-31 22:00:00,12016.235,50.025,25.1,51,0.0,2,True,Mahavir Jayanti,Tuesday,22,90
2026-03-31 23:00:00,12018.885,50.015,24.8,54,0.0,1,True,Mahavir Jayanti,Tuesday,23,90
2026-04-01 00:00:00,11522.685,50.004999999999995,24.0,59,0.0,0,False,,Wednesday,0,91
2026-04-01 01:00:00,11421.0625,50.004999999999995,23.1,66,0.0,0,False,,Wednesday,1,91
2026-04-01 02:00:00,10858.6725,50.0,22.2,76,0.0,0,False,,Wednesday,2,91
2026-04-01 03:00:00,10819.45,49.980000000000004,21.4,85,0.0,3,False,,Wednesday,3,91
2026-04-01 04:00:00,11090.365,49.975,20.6,92,0.0,3,False,,Wednesday,4,91
2026-04-01 05:00:00,12131.7275,50.025000000000006,20.7,91,0.0,3,False,,Wednesday,5,91
2026-04-01 06:00:00,12823.18,50.065,20.9,85,0.0,3,False,,Wednesday,6,91
2026-04-01 07:00:00,14259.1325,50.06,22.0,76,0.0,2,False,,Wednesday,7,91
2026-04-01 08:00:00,14878.149999999998,50.019999999999996,24.9,58,0.0,2,False,,Wednesday,8,91
2026-04-01 09:00:00,15775.71,50.004999999999995,28.0,36,0.0,0,False,,Wednesday,9,91
2026-04-01 10:00:00,16723.93,50.025,30.2,28,0.0,0,False,,Wednesday,10,91
2026-04-01 11:00:00,16339.4525,50.185,31.0,23,0.0,0,False,,Wednesday,11,91
2026-04-01 12:00:00,16456.57,50.085,32.3,21,0.0,0,False,,Wednesday,12,91
2026-04-01 13:00:00,16392.995000000003,50.025,32.8,23,0.0,0,False,,Wednesday,13,91
2026-04-01 14:00:00,16170.197499999998,50.03,33.5,23,0.0,0,False,,Wednesday,14,91
2026-04-01 15:00:00,16665.0825,49.99,33.2,23,0.0,0,False,,Wednesday,15,91
2026-04-01 16:00:00,16539.14,49.915000000000006,32.2,24,0.0,1,False,,Wednesday,16,91
2026-04-01 17:00:00,15024.54,50.055,31.8,24,0.0,0,False,,Wednesday,17,91
2026-04-01 18:00:00,14109.6475,50.120000000000005,30.3,29,0.0,0,False,,Wednesday,18,91
2026-04-01 19:00:00,13185.8,50.06,29.4,31,0.0,0,False,,Wednesday,19,91
2026-04-01 20:00:00,12789.2125,50.0,28.0,33,0.0,0,False,,Wednesday,20,91
2026-04-01 21:00:00,12123.0775,49.995,26.5,37,0.0,0,False,,Wednesday,21,91
2026-04-01 22:00:00,12092.3525,50.015,25.4,44,0.0,0,False,,Wednesday,22,91
2026-04-01 23:00:00,12321.965,50.03,24.6,49,0.0,0,False,,Wednesday,23,91
2026-04-02 00:00:00,11866.79,50.0,23.9,54,0.0,0,False,,Thursday,0,92
2026-04-02 01:00:00,12008.6175,50.025000000000006,23.0,60,0.0,0,False,,Thursday,1,92
2026-04-02 02:00:00,11208.884999999998,49.989999999999995,22.0,66,0.0,0,False,,Thursday,2,92
2026-04-02 03:00:00,11249.779868421052,50.04,20.9,75,0.0,0,False,,Thursday,3,92
2026-04-02 04:00:00,11506.525,50.040000000000006,19.9,84,0.0,0,False,,Thursday,4,92
2026-04-02 05:00:00,12463.4575,49.995000000000005,20.1,86,0.0,0,False,,Thursday,5,92
2026-04-02 06:00:00,13266.035,50.095,20.1,84,0.0,0,False,,Thursday,6,92
2026-04-02 07:00:00,14777.32,50.095,21.4,77,0.0,0,False,,Thursday,7,92
2026-04-02 08:00:00,15523.0125,50.09,24.0,60,0.0,0,False,,Thursday,8,92
2026-04-02 09:00:00,16019.355,50.129999999999995,26.5,49,0.0,0,False,,Thursday,9,92
2026-04-02 10:00:00,17359.025,50.015,28.8,39,0.0,0,False,,Thursday,10,92
2026-04-02 11:00:00,17315.805,50.08,29.5,36,0.0,3,False,,Thursday,11,92
2026-04-02 12:00:00,17275.752500000002,49.945,31.9,27,0.0,2,False,,Thursday,12,92
2026-04-02 13:00:00,17245.7125,50.015,33.0,23,0.0,1,False,,Thursday,13,92
2026-04-02 14:00:00,16870.955,50.004999999999995,33.6,21,0.0,0,False,,Thursday,14,92
2026-04-02 15:00:00,16589.86,49.965,33.7,20,0.0,2,False,,Thursday,15,92
2026-04-02 16:00:00,16751.6425,50.05,32.9,22,0.0,2,False,,Thursday,16,92
2026-04-02 17:00:00,14903.645,50.040000000000006,31.6,23,0.0,0,False,,Thursday,17,92
2026-04-02 18:00:00,13929.7975,50.120000000000005,30.1,26,0.0,0,False,,Thursday,18,92
2026-04-02 19:00:00,12579.115,50.025000000000006,29.2,28,0.0,1,False,,Thursday,19,92
2026-04-02 20:00:00,12426.69,49.975,28.2,30,0.0,0,False,,Thursday,20,92
2026-04-02 21:00:00,11692.265,50.065,27.8,30,0.0,0,False,,Thursday,21,92
2026-04-02 22:00:00,11971.842499999999,50.035,26.5,33,0.0,1,False,,Thursday,22,92
2026-04-02 23:00:00,12143.9725,49.96,25.1,36,0.0,0,False,,Thursday,23,92
2026-04-03 00:00:00,11621.4375,49.96,23.0,56,0.0,0,True,Good Friday,Friday,0,93
2026-04-03 01:00:00,11857.5775,50.015,22.1,65,0.0,0,True,Good Friday,Friday,1,93
2026-04-03 02:00:00,11229.2525,50.025,21.8,68,0.0,0,True,Good Friday,Friday,2,93
2026-04-03 03:00:00,11257.9475,49.989999999999995,21.5,65,0.0,0,True,Good Friday,Friday,3,93
2026-04-03 04:00:00,11533.234999999999,50.06,21.1,64,0.0,0,True,Good Friday,Friday,4,93
2026-04-03 05:00:00,12450.287499999999,50.07,21.0,78,0.0,0,True,Good Friday,Friday,5,93
2026-04-03 06:00:00,13108.039999999999,50.095,21.1,72,0.0,0,True,Good Friday,Friday,6,93
2026-04-03 07:00:00,13831.505000000001,50.065,22.4,68,0.0,0,True,Good Friday,Friday,7,93
2026-04-03 08:00:00,14684.0975,49.989999999999995,24.9,62,0.0,0,True,Good Friday,Friday,8,93
2026-04-03 09:00:00,15760.195,49.985,27.2,50,0.0,0,True,Good Friday,Friday,9,93
2026-04-03 10:00:00,17191.96,50.065,29.5,40,0.0,0,True,Good Friday,Friday,10,93
2026-04-03 11:00:00,17150.802499999998,50.16,30.1,36,0.0,1,True,Good Friday,Friday,11,93
2026-04-03 12:00:00,16817.8675,50.1,32.7,29,0.0,0,True,Good Friday,Friday,12,93
2026-04-03 13:00:00,17023.300000000003,50.019999999999996,33.8,25,0.0,1,True,Good Friday,Friday,13,93
2026-04-03 14:00:00,16530.8425,50.055,34.2,23,0.0,1,True,Good Friday,Friday,14,93
2026-04-03 15:00:00,16800.625,50.035,34.0,22,0.0,2,True,Good Friday,Friday,15,93
2026-04-03 16:00:00,16589.3775,50.045,32.8,24,0.0,3,True,Good Friday,Friday,16,93
2026-04-03 17:00:00,15073.157500000001,50.055,33.0,21,0.0,3,True,Good Friday,Friday,17,93
2026-04-03 18:00:00,13872.282500000001,50.06,32.0,24,0.0,3,True,Good Friday,Friday,18,93
2026-04-03 19:00:00,12774.619999999999,49.91,31.2,25,0.0,3,True,Good Friday,Friday,19,93
2026-04-03 20:00:00,12531.385,50.09,30.5,27,0.0,3,True,Good Friday,Friday,20,93
2026-04-03 21:00:00,11777.5225,49.955,29.8,36,0.0,3,True,Good Friday,Friday,21,93
2026-04-03 22:00:00,11946.1625,50.019999999999996,29.4,30,0.0,3,True,Good Friday,Friday,22,93
2026-04-03 23:00:00,12202.029999999999,49.955,28.1,34,0.0,3,True,Good Friday,Friday,23,93
2026-04-04 00:00:00,11548.2025,49.985,26.1,41,0.0,3,False,,Saturday,0,94
2026-04-04 01:00:00,11852.835,50.045,25.0,52,0.0,3,False,,Saturday,1,94
2026-04-04 02:00:00,11356.045,50.015,24.0,58,0.0,3,False,,Saturday,2,94
2026-04-04 03:00:00,11469.2775,50.045,23.5,59,0.0,3,False,,Saturday,3,94
2026-04-04 04:00:00,11940.189999999999,50.040000000000006,22.6,68,0.0,3,False,,Saturday,4,94
2026-04-04 05:00:00,12580.46,50.035,21.6,81,0.0,3,False,,Saturday,5,94
2026-04-04 06:00:00,13242.057499999999,50.08,22.2,77,0.0,3,False,,Saturday,6,94
2026-04-04 07:00:00,14428.825,50.015,23.1,74,0.0,3,False,,Saturday,7,94
2026-04-04 08:00:00,14717.974999999999,50.065,24.9,69,0.0,3,False,,Saturday,8,94
2026-04-04 09:00:00,15794.695,50.19,26.2,61,0.1,51,False,,Saturday,9,94
2026-04-04 10:00:00,16332.689999999999,49.955,28.0,54,0.1,51,False,,Saturday,10,94
2026-04-04 11:00:00,16561.9825,49.975,28.8,50,0.0,3,False,,Saturday,11,94
2026-04-04 12:00:00,16608.052499999998,49.975,30.6,41,0.0,3,False,,Saturday,12,94
2026-04-04 13:00:00,16745.0475,49.955,31.4,37,0.1,51,False,,Saturday,13,94
2026-04-04 14:00:00,16537.9,50.040000000000006,31.2,36,0.0,3,False,,Saturday,14,94
2026-04-04 15:00:00,16736.2625,50.065,31.5,35,0.0,3,False,,Saturday,15,94
2026-04-04 16:00:00,16623.005,50.105000000000004,31.1,34,0.0,3,False,,Saturday,16,94
2026-04-04 17:00:00,15098.3775,50.09,31.1,31,0.0,3,False,,Saturday,17,94
2026-04-04 18:00:00,14173.2225,49.985,30.4,33,0.0,3,False,,Saturday,18,94
2026-04-04 19:00:00,13031.4875,50.0,30.0,34,0.0,3,False,,Saturday,19,94
2026-04-04 20:00:00,12565.8975,50.01,29.5,34,0.0,3,False,,Saturday,20,94
2026-04-04 21:00:00,12018.475000000002,50.019999999999996,28.7,38,0.0,3,False,,Saturday,21,94
2026-04-04 22:00:00,12103.1725,50.04,28.1,41,0.0,3,False,,Saturday,22,94
2026-04-04 23:00:00,12118.7475,50.07,26.2,56,0.0,3,False,,Saturday,23,94
2026-04-05 00:00:00,11548.2025,49.985,25.1,65,0.0,3,True,Sunday,Sunday,0,95
2026-04-05 01:00:00,11757.8325,50.025,24.5,70,0.0,3,True,Sunday,Sunday,1,95
2026-04-05 02:00:00,11079.6325,50.025000000000006,23.8,74,0.0,3,True,Sunday,Sunday,2,95
2026-04-05 03:00:00,10954.125,50.019999999999996,22.8,79,0.0,3,True,Sunday,Sunday,3,95
2026-04-05 04:00:00,11178.545000000002,50.025000000000006,22.1,83,0.0,3,True,Sunday,Sunday,4,95
2026-04-05 05:00:00,11967.0975,49.985,22.4,85,0.0,2,True,Sunday,Sunday,5,95
2026-04-05 06:00:00,12643.102499999999,50.06,22.4,86,0.0,3,True,Sunday,Sunday,6,95
2026-04-05 07:00:00,13402.314999999999,50.045,23.6,79,0.0,3,True,Sunday,Sunday,7,95
2026-04-05 08:00:00,13949.2225,50.08,25.5,65,0.0,3,True,Sunday,Sunday,8,95
2026-04-05 09:00:00,14382.439999999999,50.245000000000005,27.9,46,0.0,3,True,Sunday,Sunday,9,95
2026-04-05 10:00:00,15408.455,50.165,29.9,37,0.0,1,True,Sunday,Sunday,10,95
2026-04-05 11:00:00,14668.759999999998,50.14,30.6,35,0.0,1,True,Sunday,Sunday,11,95
2026-04-05 12:00:00,14678.965,49.989999999999995,32.0,32,0.0,1,True,Sunday,Sunday,12,95
2026-04-05 13:00:00,15010.425000000001,50.135,32.2,31,0.0,1,True,Sunday,Sunday,13,95
2026-04-05 14:00:00,14457.282500000001,50.05500000000001,31.8,32,0.2,51,True,Sunday,Sunday,14,95
2026-04-05 15:00:00,14475.3675,50.0,32.3,32,0.1,51,True,Sunday,Sunday,15,95
2026-04-05 16:00:00,14828.9275,50.035,31.9,32,0.0,1,True,Sunday,Sunday,16,95
2026-04-05 17:00:00,13447.055,49.915,31.3,30,0.0,1,True,Sunday,Sunday,17,95
2026-04-05 18:00:00,12923.335,50.035,30.5,32,0.0,1,True,Sunday,Sunday,18,95
2026-04-05 19:00:00,11714.0075,50.035,29.8,34,0.0,3,True,Sunday,Sunday,19,95
2026-04-05 20:00:00,11603.5525,49.980000000000004,29.2,36,0.0,3,True,Sunday,Sunday,20,95
2026-04-05 21:00:00,11057.560000000001,50.025,28.5,39,0.0,1,True,Sunday,Sunday,21,95
2026-04-05 22:00:00,11409.53,50.06,27.6,40,0.0,0,True,Sunday,Sunday,22,95
2026-04-05 23:00:00,11841.025000000001,50.03,26.8,44,0.0,1,True,Sunday,Sunday,23,95
2026-04-07 00:00:00,12260.477499999999,50.09,25.5,43,0.0,0,False,,Tuesday,0,97
2026-04-07 01:00:00,12455.2425,50.019999999999996,24.4,49,0.0,0,False,,Tuesday,1,97
2026-04-07 02:00:00,11769.599999999999,50.019999999999996,23.7,53,0.0,0,False,,Tuesday,2,97
2026-04-07 03:00:00,11496.5725,50.025,22.9,58,0.0,0,False,,Tuesday,3,97
2026-04-07 04:00:00,11810.9925,50.0,22.5,62,0.0,0,False,,Tuesday,4,97
2026-04-07 05:00:00,12727.6025,49.975,22.4,61,0.0,0,False,,Tuesday,5,97
2026-04-07 06:00:00,13609.825,50.03,22.1,63,0.0,0,False,,Tuesday,6,97
2026-04-07 07:00:00,15118.345,50.065,23.1,60,0.0,0,False,,Tuesday,7,97
2026-04-07 08:00:00,15590.25,50.035,25.5,46,0.0,0,False,,Tuesday,8,97
2026-04-07 09:00:00,16418.665,50.0,28.4,31,0.0,0,False,,Tuesday,9,97
2026-04-07 10:00:00,17782.63,50.125,30.9,22,0.0,0,False,,Tuesday,10,97
2026-04-07 11:00:00,17429.575,50.019999999999996,32.0,21,0.0,0,False,,Tuesday,11,97
2026-04-07 12:00:00,17483.32,49.995000000000005,33.3,19,0.0,0,False,,Tuesday,12,97
2026-04-07 13:00:00,17302.8275,50.175,33.9,19,0.0,0,False,,Tuesday,13,97
2026-04-07 14:00:00,16814.88,49.980000000000004,34.2,18,0.0,0,False,,Tuesday,14,97
2026-04-07 15:00:00,16775.0625,49.965,33.9,18,0.0,0,False,,Tuesday,15,97
2026-04-07 16:00:00,17218.9,50.005,33.2,18,0.0,0,False,,Tuesday,16,97
2026-04-07 17:00:00,15560.4925,50.025,32.5,18,0.0,0,False,,Tuesday,17,97
2026-04-07 18:00:00,15206.82,50.035,31.5,19,0.0,0,False,,Tuesday,18,97
2026-04-07 19:00:00,13523.85,50.055,30.8,20,0.0,0,False,,Tuesday,19,97
2026-04-07 20:00:00,13165.0975,49.965,29.4,37,0.0,0,False,,Tuesday,20,97
2026-04-07 21:00:00,12484.835,50.004999999999995,27.8,24,0.0,0,False,,Tuesday,21,97
2026-04-07 22:00:00,12563.075,50.045,26.5,30,0.0,0,False,,Tuesday,22,97
2026-04-07 23:00:00,12920.6375,49.985,25.9,34,0.0,0,False,,Tuesday,23,97
2026-04-08 00:00:00,12296.495,50.0,25.0,38,0.0,0,False,,Wednesday,0,98
2026-04-08 01:00:00,12792.314999999999,50.005,24.2,43,0.0,0,False,,Wednesday,1,98
2026-04-08 02:00:00,11753.365,49.985,23.3,48,0.0,0,False,,Wednesday,2,98
2026-04-08 03:00:00,11959.36,49.980000000000004,22.5,53,0.0,0,False,,Wednesday,3,98
2026-04-08 04:00:00,12091.414999999999,50.010000000000005,21.8,59,0.0,0,False,,Wednesday,4,98
2026-04-08 05:00:00,13104.98,50.06,21.9,64,0.0,0,False,,Wednesday,5,98
2026-04-08 06:00:00,14113.314999999999,50.06,21.7,61,0.0,0,False,,Wednesday,6,98
2026-04-08 07:00:00,15676.512499999999,49.985,22.6,59,0.0,0,False,,Wednesday,7,98
2026-04-08 08:00:00,15902.8525,49.975,25.1,50,0.0,3,False,,Wednesday,8,98
2026-04-08 09:00:00,16798.502500000002,50.065,28.2,37,0.0,2,False,,Wednesday,9,98
2026-04-08 10:00:00,17714.5075,50.135000000000005,30.9,27,0.0,3,False,,Wednesday,10,98
2026-04-08 11:00:00,17507.329999999998,49.995,32.0,23,0.0,2,False,,Wednesday,11,98
2026-04-08 12:00:00,17252.975,49.985,33.7,21,0.0,3,False,,Wednesday,12,98
2026-04-08 13:00:00,17597.532499999998,50.015,34.5,20,0.0,3,False,,Wednesday,13,98
2026-04-08 14:00:00,17101.07,50.045,34.9,20,0.0,3,False,,Wednesday,14,98
2026-04-08 15:00:00,17248.385,50.019999999999996,34.5,20,0.0,2,False,,Wednesday,15,98
2026-04-08 16:00:00,17525.97,50.045,33.8,20,0.0,1,False,,Wednesday,16,98
2026-04-08 17:00:00,15912.109999999999,49.95,33.5,18,0.0,2,False,,Wednesday,17,98
2026-04-08 18:00:00,15374.294999999998,50.010000000000005,32.2,21,0.0,2,False,,Wednesday,18,98
2026-04-08 19:00:00,13982.2,50.055,30.9,25,0.0,0,False,,Wednesday,19,98
2026-04-08 20:00:00,13503.224999999999,50.010000000000005,30.0,26,0.0,0,False,,Wednesday,20,98
2026-04-08 21:00:00,12930.939999999999,50.065,29.2,30,0.0,0,False,,Wednesday,21,98
2026-04-08 22:00:00,13239.942500000001,50.06,28.5,32,0.0,0,False,,Wednesday,22,98
2026-04-08 23:00:00,13397.865,49.985,27.8,35,0.0,1,False,,Wednesday,23,98
2026-04-09 00:00:00,12727.23,50.019999999999996,25.4,60,0.0,0,False,,Thursday,0,99
2026-04-09 01:00:00,13122.8425,50.025000000000006,25.0,64,0.0,0,False,,Thursday,1,99
2026-04-09 02:00:00,12403.645,50.004999999999995,24.2,64,0.0,3,False,,Thursday,2,99
2026-04-09 03:00:00,12323.3725,50.045,23.6,61,0.0,2,False,,Thursday,3,99
2026-04-09 04:00:00,12608.7775,50.02,22.8,68,0.0,2,False,,Thursday,4,99
2026-04-09 05:00:00,13605.115000000002,50.0,23.5,65,0.0,2,False,,Thursday,5,99
2026-04-09 06:00:00,14668.805,50.010000000000005,23.2,74,0.0,3,False,,Thursday,6,99
2026-04-09 07:00:00,15912.617499999998,50.0,24.4,73,0.0,2,False,,Thursday,7,99
2026-04-09 08:00:00,16680.1875,50.075,26.5,62,0.0,1,False,,Thursday,8,99
2026-04-09 09:00:00,17110.2575,50.075,28.5,51,0.0,0,False,,Thursday,9,99
2026-04-09 10:00:00,18405.9075,49.96,29.8,44,0.0,1,False,,Thursday,10,99
2026-04-09 11:00:00,17871.857500000002,50.015,30.4,39,0.0,1,False,,Thursday,11,99
2026-04-09 12:00:00,18204.9175,50.035,32.0,33,0.0,1,False,,Thursday,12,99
2026-04-09 13:00:00,17476.675,49.97,32.7,31,0.1,51,False,,Thursday,13,99
2026-04-09 14:00:00,17328.247499999998,49.97,33.5,29,0.0,0,False,,Thursday,14,99
2026-04-09 15:00:00,17751.0225,50.0,33.6,27,0.0,0,False,,Thursday,15,99
2026-04-09 16:00:00,18078.152499999997,50.004999999999995,33.2,26,0.0,0,False,,Thursday,16,99
2026-04-09 17:00:00,16234.404999999999,50.004999999999995,32.5,28,0.0,1,False,,Thursday,17,99
2026-04-09 18:00:00,15105.779999999999,49.975,32.0,27,0.0,3,False,,Thursday,18,99
2026-04-09 19:00:00,13619.6925,50.025000000000006,32.2,27,0.0,3,False,,Thursday,19,99
2026-04-09 20:00:00,13350.455,50.02,31.2,30,0.0,3,False,,Thursday,20,99
2026-04-09 21:00:00,12888.045,50.05,30.0,32,0.0,2,False,,Thursday,21,99
2026-04-09 22:00:00,13460.52,50.055,29.6,36,0.0,3,False,,Thursday,22,99
2026-04-09 23:00:00,13507.6125,50.015,27.5,46,0.0,3,False,,Thursday,23,99
2026-04-10 00:00:00,12647.7225,50.04,25.4,56,0.0,0,False,,Friday,0,100
2026-04-10 01:00:00,13163.0,50.035,24.4,63,0.0,0,False,,Friday,1,100
2026-04-10 02:00:00,12324.6,50.025,23.7,68,0.0,1,False,,Friday,2,100
2026-04-10 03:00:00,12145.0425,49.980000000000004,23.3,71,0.0,1,False,,Friday,3,100
2026-04-10 04:00:00,12479.7875,49.989999999999995,23.0,73,0.0,1,False,,Friday,4,100
2026-04-10 05:00:00,13552.415,50.004999999999995,23.5,72,0.0,2,False,,Friday,5,100
2026-04-10 06:00:00,14343.885,50.04,23.4,72,0.0,2,False,,Friday,6,100
2026-04-10 07:00:00,15807.837500000001,50.05,24.5,67,0.0,3,False,,Friday,7,100
2026-04-10 08:00:00,16276.135,49.975,27.0,55,0.0,2,False,,Friday,8,100
2026-04-10 09:00:00,17147.9825,50.02,29.6,44,0.0,0,False,,Friday,9,100
2026-04-10 10:00:00,18048.71,50.019999999999996,31.8,37,0.0,2,False,,Friday,10,100
2026-04-10 11:00:00,18389.155,50.205,32.2,36,0.0,1,False,,Friday,11,100
2026-04-10 12:00:00,18184.0725,50.019999999999996,33.8,32,0.0,0,False,,Friday,12,100
2026-04-10 13:00:00,18033.78,50.004999999999995,34.5,30,0.0,1,False,,Friday,13,100
2026-04-10 14:00:00,17835.6175,49.989999999999995,34.5,30,0.0,1,False,,Friday,14,100
2026-04-10 15:00:00,18176.089999999997,49.980000000000004,34.1,32,0.0,2,False,,Friday,15,100
2026-04-10 16:00:00,18291.2925,50.05,31.6,38,0.2,51,False,,Friday,16,100
2026-04-10 17:00:00,16725.42,49.985,30.4,44,0.4,51,False,,Friday,17,100
2026-04-10 18:00:00,15472.7,50.019999999999996,29.5,48,0.1,51,False,,Friday,18,100
2026-04-10 19:00:00,14148.42,50.0,29.1,50,0.0,1,False,,Friday,19,100
2026-04-10 20:00:00,13614.0875,50.0,28.5,51,0.0,0,False,,Friday,20,100
2026-04-10 21:00:00,12786.377499999999,50.04,27.9,54,0.0,0,False,,Friday,21,100
2026-04-10 22:00:00,13278.122500000001,50.065,27.4,56,0.0,0,False,,Friday,22,100
2026-04-10 23:00:00,13289.265,49.985,26.8,57,0.0,0,False,,Friday,23,100
2026-04-11 00:00:00,12737.04,49.980000000000004,25.5,67,0.0,0,False,,Saturday,0,101
2026-04-11 01:00:00,12796.4075,50.035,24.4,79,0.0,0,False,,Saturday,1,101
2026-04-11 02:00:00,12143.755,50.0,23.8,85,0.0,0,False,,Saturday,2,101
2026-04-11 03:00:00,12076.2475,50.035,23.2,88,0.0,0,False,,Saturday,3,101
2026-04-11 04:00:00,12411.895,50.015,23.0,89,0.0,0,False,,Saturday,4,101
2026-04-11 05:00:00,13522.68,50.025,23.7,84,0.0,0,False,,Saturday,5,101
2026-04-11 06:00:00,14260.127499999999,50.055,23.5,82,0.0,0,False,,Saturday,6,101
2026-04-11 07:00:00,15377.064999999999,50.06,24.6,75,0.0,0,False,,Saturday,7,101
2026-04-11 08:00:00,15337.677499999998,49.95,26.5,62,0.0,0,False,,Saturday,8,101
2026-04-11 09:00:00,16480.87,50.045,28.8,48,0.0,0,False,,Saturday,9,101
2026-04-11 10:00:00,17181.7275,50.004999999999995,30.8,39,0.0,0,False,,Saturday,10,101
2026-04-11 11:00:00,17011.985,50.010000000000005,31.0,38,0.0,1,False,,Saturday,11,101
2026-04-11 12:00:00,17695.6025,49.985,33.0,33,0.0,0,False,,Saturday,12,101
2026-04-11 13:00:00,17544.1275,50.010000000000005,34.3,29,0.0,0,False,,Saturday,13,101
2026-04-11 14:00:00,17595.282499999998,49.974999999999994,35.4,26,0.0,1,False,,Saturday,14,101
2026-04-11 15:00:00,17642.51,50.004999999999995,35.2,26,0.0,1,False,,Saturday,15,101
2026-04-11 16:00:00,17614.475,50.045,34.5,26,0.0,1,False,,Saturday,16,101
2026-04-11 17:00:00,16359.707499999999,50.025,34.2,25,0.0,1,False,,Saturday,17,101
2026-04-11 18:00:00,15535.102499999999,50.04,32.6,29,0.0,1,False,,Saturday,18,101
2026-04-11 19:00:00,14064.404999999999,49.985,31.6,33,0.0,1,False,,Saturday,19,101
2026-04-11 20:00:00,13490.307499999999,50.015,30.8,35,0.0,0,False,,Saturday,20,101
2026-04-11 21:00:00,12944.775,50.025000000000006,30.1,37,0.0,0,False,,Saturday,21,101
2026-04-11 22:00:00,13414.204999999998,50.06,27.7,49,0.0,0,False,,Saturday,22,101
2026-04-11 23:00:00,13517.055,49.94,26.5,57,0.0,0,False,,Saturday,23,101
2026-04-12 00:00:00,12737.04,49.980000000000004,25.8,60,0.0,0,True,Sunday,Sunday,0,102
2026-04-12 01:00:00,13163.665,50.055,25.1,63,0.0,0,True,Sunday,Sunday,1,102
2026-04-12 02:00:00,12245.86,50.035,24.5,65,0.0,0,True,Sunday,Sunday,2,102
2026-04-12 03:00:00,12223.335,50.019999999999996,24.0,68,0.0,0,True,Sunday,Sunday,3,102
2026-04-12 04:00:00,12714.02,50.0,23.6,70,0.0,0,True,Sunday,Sunday,4,102
2026-04-12 05:00:00,13531.6325,50.015,23.9,70,0.0,0,True,Sunday,Sunday,5,102
2026-04-12 06:00:00,14153.0875,50.035,23.9,69,0.0,0,True,Sunday,Sunday,6,102
2026-04-12 07:00:00,14698.08,50.045,25.2,62,0.0,0,True,Sunday,Sunday,7,102
2026-04-12 08:00:00,14835.2425,50.010000000000005,27.2,53,0.0,0,True,Sunday,Sunday,8,102
2026-04-12 09:00:00,15519.1175,50.05,29.4,42,0.0,0,True,Sunday,Sunday,9,102
2026-04-12 10:00:00,16837.3975,49.97,31.4,35,0.0,0,True,Sunday,Sunday,10,102
2026-04-12 11:00:00,16480.6875,49.965,32.5,33,0.0,0,True,Sunday,Sunday,11,102
2026-04-12 12:00:00,16590.64,50.06,34.0,29,0.0,1,True,Sunday,Sunday,12,102
2026-04-12 13:00:00,16347.92,49.995000000000005,34.3,29,0.0,0,True,Sunday,Sunday,13,102
2026-04-12 14:00:00,16117.2925,49.965,34.7,27,0.0,1,True,Sunday,Sunday,14,102
2026-04-12 15:00:00,15861.432499999999,49.95,34.4,28,0.0,1,True,Sunday,Sunday,15,102
2026-04-12 16:00:00,16017.9375,50.015,34.0,28,0.0,1,True,Sunday,Sunday,16,102
2026-04-12 17:00:00,14508.5225,49.94499999999999,34.0,25,0.0,1,True,Sunday,Sunday,17,102
2026-04-12 18:00:00,13911.36,50.0,32.3,27,0.0,1,True,Sunday,Sunday,18,102
2026-04-12 19:00:00,12536.197499999998,50.005,31.8,28,0.0,0,True,Sunday,Sunday,19,102
2026-04-12 20:00:00,12463.7375,50.025000000000006,29.5,38,0.0,0,True,Sunday,Sunday,20,102
2026-04-12 21:00:00,12171.4925,49.95,28.0,46,0.0,0,True,Sunday,Sunday,21,102
2026-04-12 22:00:00,12637.98,50.06,27.0,50,0.0,0,True,Sunday,Sunday,22,102
2026-04-12 23:00:00,13100.842499999999,49.965,26.4,53,0.0,0,True,Sunday,Sunday,23,102
2026-04-13 00:00:00,12612.91,50.015,25.7,56,0.0,0,False,,Monday,0,103
2026-04-13 01:00:00,12485.2475,50.004999999999995,25.1,58,0.0,0,False,,Monday,1,103
2026-04-13 02:00:00,11983.892499999998,50.005,24.8,58,0.0,0,False,,Monday,2,103
2026-04-13 03:00:00,11930.449999999999,50.015,24.5,59,0.0,0,False,,Monday,3,103
2026-04-13 04:00:00,12296.35,50.005,24.0,61,0.0,0,False,,Monday,4,103
2026-04-13 05:00:00,13317.9625,49.989999999999995,23.6,66,0.0,0,False,,Monday,5,103
2026-04-13 06:00:00,13876.975,50.035,23.4,68,0.0,0,False,,Monday,6,103
2026-04-13 07:00:00,15569.4975,49.96,24.5,70,0.0,0,False,,Monday,7,103
2026-04-13 08:00:00,16032.085,50.055,26.8,58,0.0,0,False,,Monday,8,103
2026-04-13 09:00:00,16790.0125,50.05,29.1,46,0.0,1,False,,Monday,9,103
2026-04-13 10:00:00,17989.4875,49.96,31.4,37,0.0,2,False,,Monday,10,103
2026-04-13 11:00:00,18110.260000000002,50.065,32.5,30,0.0,2,False,,Monday,11,103
2026-04-13 12:00:00,17652.9375,50.019999999999996,34.8,23,0.0,3,False,,Monday,12,103
2026-04-13 13:00:00,17648.705,50.035,35.7,20,0.0,3,False,,Monday,13,103
2026-04-13 14:00:00,17556.31,49.995000000000005,36.5,16,0.0,3,False,,Monday,14,103
2026-04-13 15:00:00,18082.025,50.004999999999995,35.8,19,0.0,3,False,,Monday,15,103
2026-04-13 16:00:00,18047.72,50.040000000000006,35.0,20,0.0,3,False,,Monday,16,103
2026-04-13 17:00:00,16500.184999999998,50.095,34.2,22,0.0,2,False,,Monday,17,103
2026-04-13 18:00:00,15612.2775,50.025,33.2,24,0.0,2,False,,Monday,18,103
2026-04-13 19:00:00,14150.774999999998,50.03,32.0,26,0.0,2,False,,Monday,19,103
2026-04-13 20:00:00,13805.5275,49.995000000000005,31.0,28,0.0,2,False,,Monday,20,103
2026-04-13 21:00:00,13256.675,50.015,27.9,44,0.0,3,False,,Monday,21,103
2026-04-13 22:00:00,13664.5275,50.04,26.8,48,0.0,1,False,,Monday,22,103
2026-04-13 23:00:00,13975.029999999999,49.935,26.2,52,0.0,1,False,,Monday,23,103
2026-04-14 00:00:00,13163.11,50.03,25.5,55,0.0,3,True,Dr. B. R. Ambedkar's Jayanti,Tuesday,0,104
2026-04-14 01:00:00,13495.044999999998,50.035,24.8,59,0.0,3,True,Dr. B. R. Ambedkar's Jayanti,Tuesday,1,104
2026-04-14 02:00:00,13067.57,49.97,24.0,64,0.0,3,True,Dr. B. R. Ambedkar's Jayanti,Tuesday,2,104
2026-04-14 03:00:00,12819.5325,50.01,23.7,67,0.0,3,True,Dr. B. R. Ambedkar's Jayanti,Tuesday,3,104
2026-04-14 04:00:00,13088.439999999999,50.045,23.5,68,0.0,3,True,Dr. B. R. Ambedkar's Jayanti,Tuesday,4,104
2026-04-14 05:00:00,13866.5,50.010000000000005,23.9,62,0.0,1,True,Dr. B. R. Ambedkar's Jayanti,Tuesday,5,104
2026-04-14 06:00:00,14431.814999999999,50.125,23.5,64,0.0,2,True,Dr. B. R. Ambedkar's Jayanti,Tuesday,6,104
2026-04-14 07:00:00,15613.814999999999,50.0,24.5,68,0.0,3,True,Dr. B. R. Ambedkar's Jayanti,Tuesday,7,104
2026-04-14 08:00:00,15980.105,49.93,26.9,59,0.0,0,True,Dr. B. R. Ambedkar's Jayanti,Tuesday,8,104
2026-04-14 09:00:00,16845.955,50.0,29.4,45,0.0,1,True,Dr. B. R. Ambedkar's Jayanti,Tuesday,9,104
2026-04-14 10:00:00,18059.4375,50.05,32.2,30,0.0,1,True,Dr. B. R. Ambedkar's Jayanti,Tuesday,10,104
2026-04-14 11:00:00,17845.5275,50.055,33.7,20,0.0,2,True,Dr. B. R. Ambedkar's Jayanti,Tuesday,11,104
2026-04-14 12:00:00,17868.705,50.004999999999995,34.8,19,0.0,1,True,Dr. B. R. Ambedkar's Jayanti,Tuesday,12,104
2026-04-14 13:00:00,17971.6875,50.025000000000006,35.8,16,0.0,0,True,Dr. B. R. Ambedkar's Jayanti,Tuesday,13,104
2026-04-14 14:00:00,17193.222500000003,50.040000000000006,35.9,17,0.0,0,True,Dr. B. R. Ambedkar's Jayanti,Tuesday,14,104
2026-04-14 15:00:00,17518.79,50.03,35.3,17,0.0,0,True,Dr. B. R. Ambedkar's Jayanti,Tuesday,15,104
2026-04-14 16:00:00,17782.975,50.01,35.2,15,0.0,0,True,Dr. B. R. Ambedkar's Jayanti,Tuesday,16,104
2026-04-14 17:00:00,16452.0675,50.065,34.5,15,0.0,0,True,Dr. B. R. Ambedkar's Jayanti,Tuesday,17,104
2026-04-14 18:00:00,15747.8275,50.105,33.2,14,0.0,0,True,Dr. B. R. Ambedkar's Jayanti,Tuesday,18,104
2026-04-14 19:00:00,14037.145,49.99,31.4,21,0.0,0,True,Dr. B. R. Ambedkar's Jayanti,Tuesday,19,104
2026-04-14 20:00:00,13710.025,50.019999999999996,29.4,29,0.0,0,True,Dr. B. R. Ambedkar's Jayanti,Tuesday,20,104
2026-04-14 21:00:00,13264.814999999999,49.985,28.2,35,0.0,0,True,Dr. B. R. Ambedkar's Jayanti,Tuesday,21,104
2026-04-14 22:00:00,13623.085,50.09,27.4,38,0.0,0,True,Dr. B. R. Ambedkar's Jayanti,Tuesday,22,104
2026-04-14 23:00:00,14004.205,49.995000000000005,27.0,40,0.0,0,True,Dr. B. R. Ambedkar's Jayanti,Tuesday,23,104
2026-04-15 00:00:00,13226.21,50.05,26.2,41,0.0,0,False,,Wednesday,0,105
2026-04-15 01:00:00,13605.494999999999,50.065,25.5,43,0.0,0,False,,Wednesday,1,105
2026-04-15 02:00:00,12718.837500000001,50.09,24.8,45,0.0,0,False,,Wednesday,2,105
2026-04-15 03:00:00,12404.162499999999,50.03,24.1,44,0.0,0,False,,Wednesday,3,105
2026-04-15 04:00:00,12812.8125,50.004999999999995,23.6,44,0.0,0,False,,Wednesday,4,105
2026-04-15 05:00:00,13700.16,49.985,22.9,66,0.0,0,False,,Wednesday,5,105
2026-04-15 06:00:00,14748.35,49.989999999999995,22.5,74,0.0,0,False,,Wednesday,6,105
2026-04-15 07:00:00,15810.43,50.05,23.6,76,0.0,1,False,,Wednesday,7,105
2026-04-15 08:00:00,16152.602499999999,50.095,25.5,71,0.0,1,False,,Wednesday,8,105
2026-04-15 09:00:00,17282.965,50.045,28.0,55,0.0,0,False,,Wednesday,9,105
2026-04-15 10:00:00,18199.195,50.045,30.8,39,0.0,0,False,,Wednesday,10,105
2026-04-15 11:00:00,18107.622499999998,49.989999999999995,32.0,33,0.0,0,False,,Wednesday,11,105
2026-04-15 12:00:00,17549.2775,49.995000000000005,34.3,25,0.0,0,False,,Wednesday,12,105
2026-04-15 13:00:00,17839.435,49.955,35.1,23,0.0,0,False,,Wednesday,13,105
2026-04-15 14:00:00,17485.77,49.875,35.3,23,0.0,0,False,,Wednesday,14,105
2026-04-15 15:00:00,18083.059999999998,50.005,35.4,23,0.0,0,False,,Wednesday,15,105
2026-04-15 16:00:00,18211.395,49.995000000000005,35.0,22,0.0,1,False,,Wednesday,16,105
2026-04-15 17:00:00,16839.0225,50.05,34.5,22,0.0,1,False,,Wednesday,17,105
2026-04-15 18:00:00,15757.5,50.17,33.5,24,0.0,0,False,,Wednesday,18,105
2026-04-15 19:00:00,14095.267499999998,49.974999999999994,31.8,28,0.0,1,False,,Wednesday,19,105
2026-04-15 20:00:00,13816.6125,50.01,30.1,35,0.0,0,False,,Wednesday,20,105
2026-04-15 21:00:00,13433.1675,50.010000000000005,29.1,34,0.0,0,False,,Wednesday,21,105
2026-04-15 22:00:00,13542.349999999999,49.995000000000005,28.4,37,0.0,0,False,,Wednesday,22,105
2026-04-15 23:00:00,13651.9025,49.94,27.7,40,0.0,0,False,,Wednesday,23,105
2026-04-16 00:00:00,13321.015,49.93,27.2,43,0.0,0,False,,Thursday,0,106
2026-04-16 01:00:00,13037.869999999999,50.02,26.5,46,0.0,0,False,,Thursday,1,106
2026-04-16 02:00:00,13056.162499999999,50.045,25.9,48,0.0,0,False,,Thursday,2,106
2026-04-16 03:00:00,13110.664999999999,50.06,25.1,49,0.0,0,False,,Thursday,3,106
2026-04-16 04:00:00,13560.4775,50.035,24.0,55,0.0,0,False,,Thursday,4,106
2026-04-16 05:00:00,14273.3025,49.975,22.8,82,0.0,0,False,,Thursday,5,106
2026-04-16 06:00:00,15079.6675,50.0,22.9,86,0.0,0,False,,Thursday,6,106
2026-04-16 07:00:00,16005.724999999999,50.05,24.1,81,0.0,0,False,,Thursday,7,106
2026-04-16 08:00:00,16451.192499999997,50.08,27.0,65,0.0,3,False,,Thursday,8,106
2026-04-16 09:00:00,17189.067499999997,49.989999999999995,30.0,44,0.0,3,False,,Thursday,9,106
2026-04-16 10:00:00,18316.7675,49.980000000000004,32.3,33,0.0,2,False,,Thursday,10,106
2026-04-16 11:00:00,18478.22,49.995000000000005,33.4,27,0.0,3,False,,Thursday,11,106
2026-04-16 12:00:00,18085.58,49.959999999999994,35.2,22,0.0,3,False,,Thursday,12,106
2026-04-16 13:00:00,18174.697500000002,49.92,35.7,20,0.0,3,False,,Thursday,13,106
2026-04-16 14:00:00,18037.085,49.974999999999994,34.6,23,0.0,1,False,,Thursday,14,106
2026-04-16 15:00:00,18426.445,50.03,34.0,25,0.0,1,False,,Thursday,15,106
2026-04-16 16:00:00,18418.725,50.095,33.8,26,0.0,1,False,,Thursday,16,106
2026-04-16 17:00:00,16770.46,50.06,32.8,27,0.0,1,False,,Thursday,17,106
2026-04-16 18:00:00,15352.262499999999,50.035,31.4,31,0.0,2,False,,Thursday,18,106
2026-04-16 19:00:00,13858.7475,50.025000000000006,30.6,33,0.0,0,False,,Thursday,19,106
2026-04-16 20:00:00,13398.865,49.870000000000005,30.0,35,0.0,1,False,,Thursday,20,106
2026-04-16 21:00:00,13080.642499999998,49.975,28.6,42,0.0,1,False,,Thursday,21,106
2026-04-16 22:00:00,12913.262499999999,50.019999999999996,27.6,47,0.0,0,False,,Thursday,22,106
2026-04-16 23:00:00,13586.244999999999,49.9,27.0,51,0.0,0,False,,Thursday,23,106
2026-04-17 00:00:00,12918.397500000001,50.015,26.1,55,0.0,0,False,,Friday,0,107
2026-04-17 01:00:00,13430.71,49.93,25.5,57,0.0,2,False,,Friday,1,107
2026-04-17 02:00:00,12760.05,49.96,24.8,59,0.0,2,False,,Friday,2,107
2026-04-17 03:00:00,12634.285,50.019999999999996,24.1,61,0.0,3,False,,Friday,3,107
2026-04-17 04:00:00,12765.182499999999,50.01,23.7,61,0.0,2,False,,Friday,4,107
2026-04-17 05:00:00,13731.609999999999,49.894999999999996,23.4,71,0.0,3,False,,Friday,5,107
2026-04-17 06:00:00,14435.9025,49.91,23.2,76,0.0,3,False,,Friday,6,107
2026-04-17 07:00:00,15736.417500000001,49.965,24.8,71,0.0,3,False,,Friday,7,107
2026-04-17 08:00:00,16051.022500000001,50.04,27.6,55,0.0,3,False,,Friday,8,107
2026-04-17 09:00:00,17185.4925,50.035,30.4,40,0.0,3,False,,Friday,9,107
2026-04-17 10:00:00,18406.88,49.945,32.8,28,0.0,3,False,,Friday,10,107
2026-04-17 11:00:00,18387.535000000003,50.015,33.8,23,0.0,3,False,,Friday,11,107
2026-04-17 12:00:00,18156.989999999998,50.02,34.8,20,0.0,3,False,,Friday,12,107
2026-04-17 13:00:00,17873.945,50.045,35.2,20,0.0,3,False,,Friday,13,107
2026-04-17 14:00:00,17344.245,50.035,35.7,19,0.0,2,False,,Friday,14,107
2026-04-17 15:00:00,18007.945,50.125,35.5,19,0.0,3,False,,Friday,15,107
2026-04-17 16:00:00,18045.6175,50.019999999999996,35.0,20,0.0,1,False,,Friday,16,107
2026-04-17 17:00:00,16730.3875,50.08,34.4,20,0.0,0,False,,Friday,17,107
2026-04-17 18:00:00,15762.6675,50.065,33.4,17,0.0,0,False,,Friday,18,107
2026-04-17 19:00:00,14000.712499999998,49.785,31.8,17,0.0,0,False,,Friday,19,107
2026-04-17 20:00:00,13773.752499999999,49.97,30.1,23,0.0,0,False,,Friday,20,107
2026-04-17 21:00:00,13451.6325,49.97,29.0,35,0.0,0,False,,Friday,21,107
2026-04-17 22:00:00,13745.2225,49.93,28.0,42,0.0,1,False,,Friday,22,107
2026-04-17 23:00:00,13543.6475,49.885000000000005,27.4,46,0.0,1,False,,Friday,23,107
2026-04-18 00:00:00,13209.467499999999,49.965,26.5,50,0.0,0,False,,Saturday,0,108
2026-04-18 01:00:00,13708.689999999999,50.015,25.9,52,0.0,0,False,,Saturday,1,108
2026-04-18 02:00:00,12911.545,50.04,25.4,54,0.0,0,False,,Saturday,2,108
2026-04-18 03:00:00,12921.755000000001,50.04,24.6,58,0.0,1,False,,Saturday,3,108
2026-04-18 04:00:00,13151.3925,50.04,24.0,64,0.0,1,False,,Saturday,4,108
2026-04-18 05:00:00,13952.0775,49.93,23.8,66,0.0,2,False,,Saturday,5,108
2026-04-18 06:00:00,14596.449999999997,50.045,23.6,67,0.0,3,False,,Saturday,6,108
2026-04-18 07:00:00,15304.670000000002,50.055,25.2,58,0.0,3,False,,Saturday,7,108
2026-04-18 08:00:00,15666.295,49.985,27.5,47,0.0,3,False,,Saturday,8,108
2026-04-18 09:00:00,16622.85,50.0,30.0,38,0.0,3,False,,Saturday,9,108
2026-04-18 10:00:00,17616.36,49.905,32.1,32,0.0,3,False,,Saturday,10,108
2026-04-18 11:00:00,17499.905,50.03,33.2,26,0.0,0,False,,Saturday,11,108
2026-04-18 12:00:00,17465.4625,50.06,35.1,19,0.0,2,False,,Saturday,12,108
2026-04-18 13:00:00,17248.6175,49.925,35.3,19,0.0,3,False,,Saturday,13,108
2026-04-18 14:00:00,17005.2575,49.885,35.8,19,0.0,3,False,,Saturday,14,108
2026-04-18 15:00:00,17352.56,50.01,35.5,19,0.0,3,False,,Saturday,15,108
2026-04-18 16:00:00,17335.3575,50.019999999999996,34.9,21,0.0,2,False,,Saturday,16,108
2026-04-18 17:00:00,16173.439999999999,50.015,34.0,21,0.0,1,False,,Saturday,17,108
2026-04-18 18:00:00,15637.73,50.08,32.8,23,0.0,0,False,,Saturday,18,108
2026-04-18 19:00:00,13762.5,49.95,32.3,24,0.0,0,False,,Saturday,19,108
2026-04-18 20:00:00,13709.974999999999,50.025,30.5,30,0.0,0,False,,Saturday,20,108
2026-04-18 21:00:00,13521.807499999999,49.99,29.5,32,0.0,0,False,,Saturday,21,108
2026-04-18 22:00:00,14020.2825,50.055,28.4,38,0.0,0,False,,Saturday,22,108
2026-04-18 23:00:00,13591.662499999999,49.82,27.6,41,0.0,0,False,,Saturday,23,108
2026-04-19 00:00:00,13504.76,49.985,26.6,46,0.0,0,True,Sunday,Sunday,0,109
2026-04-19 01:00:00,13650.032500000001,50.005,25.8,50,0.0,0,True,Sunday,Sunday,1,109
2026-04-19 02:00:00,13191.91,50.01,25.0,55,0.0,0,True,Sunday,Sunday,2,109
2026-04-19 03:00:00,12889.675000000001,50.03,24.2,60,0.0,0,True,Sunday,Sunday,3,109
2026-04-19 04:00:00,13358.4925,50.025000000000006,23.6,61,0.0,0,True,Sunday,Sunday,4,109
2026-04-19 05:00:00,13855.849999999999,49.985,23.5,61,0.0,0,True,Sunday,Sunday,5,109
2026-04-19 06:00:00,14246.5475,49.905,23.0,70,0.0,0,True,Sunday,Sunday,6,109
2026-04-19 07:00:00,14423.3075,50.025,24.1,73,0.0,0,True,Sunday,Sunday,7,109
2026-04-19 08:00:00,14840.9575,50.004999999999995,26.8,61,0.0,0,True,Sunday,Sunday,8,109
2026-04-19 09:00:00,15648.720000000001,50.035,29.3,47,0.0,0,True,Sunday,Sunday,9,109
2026-04-19 10:00:00,16712.835,50.045,31.6,37,0.0,1,True,Sunday,Sunday,10,109
2026-04-19 11:00:00,16850.840000000004,50.0,32.3,30,0.0,0,True,Sunday,Sunday,11,109
2026-04-19 12:00:00,16704.932500000003,50.015,34.3,23,0.0,1,True,Sunday,Sunday,12,109
2026-04-19 13:00:00,16679.02,50.010000000000005,35.2,21,0.0,0,True,Sunday,Sunday,13,109
2026-04-19 14:00:00,16237.175,50.095,35.2,20,0.0,0,True,Sunday,Sunday,14,109
2026-04-19 15:00:00,16240.392499999998,50.03,35.1,20,0.0,0,True,Sunday,Sunday,15,109
2026-04-19 16:00:00,15874.21,50.19,34.5,21,0.0,0,True,Sunday,Sunday,16,109
2026-04-19 17:00:00,14206.2925,50.185,34.4,20,0.0,0,True,Sunday,Sunday,17,109
2026-04-19 18:00:00,13302.2775,50.06,33.0,23,0.0,0,True,Sunday,Sunday,18,109
2026-04-19 19:00:00,12001.415,50.114999999999995,31.8,26,0.0,1,True,Sunday,Sunday,19,109
2026-04-19 20:00:00,11214.0,50.019999999999996,30.4,30,0.0,0,True,Sunday,Sunday,20,109
2026-04-19 21:00:00,10970.509999999998,50.03,29.7,31,0.0,1,True,Sunday,Sunday,21,109
2026-04-19 22:00:00,11362.935000000001,50.035,28.5,36,0.0,0,True,Sunday,Sunday,22,109
2026-04-19 23:00:00,11699.705,50.015,27.8,39,0.0,1,True,Sunday,Sunday,23,109
2026-04-20 00:00:00,11227.845000000001,50.07,26.8,40,0.0,1,False,,Monday,0,110
2026-04-20 01:00:00,11502.767500000002,50.08,26.0,41,0.0,0,False,,Monday,1,110
2026-04-20 02:00:00,10963.002499999999,50.032,25.2,44,0.0,0,False,,Monday,2,110
2026-04-20 03:00:00,11085.1525,50.01,24.6,47,0.0,0,False,,Monday,3,110
2026-04-20 04:00:00,11035.89,49.97,24.0,52,0.0,0,False,,Monday,4,110
2026-04-20 05:00:00,12105.6825,50.06,24.0,58,0.0,0,False,,Monday,5,110
2026-04-20 06:00:00,12704.564999999999,50.06,24.2,68,0.0,0,False,,Monday,6,110
2026-04-20 07:00:00,14059.494999999999,50.06,25.5,68,0.0,0,False,,Monday,7,110
2026-04-20 08:00:00,14494.815,49.945,27.7,55,0.0,0,False,,Monday,8,110
2026-04-20 09:00:00,15897.77,50.02,30.3,42,0.0,0,False,,Monday,9,110
2026-04-20 10:00:00,16952.3675,50.01,32.5,31,0.0,0,False,,Monday,10,110
2026-04-20 11:00:00,17106.9775,50.005,32.0,33,0.0,1,False,,Monday,11,110
2026-04-20 12:00:00,16970.62,49.96,34.6,25,0.0,1,False,,Monday,12,110
2026-04-20 13:00:00,17261.7975,50.035,35.5,22,0.0,0,False,,Monday,13,110
2026-04-20 14:00:00,17076.57,50.165,35.5,21,0.0,1,False,,Monday,14,110
2026-04-20 15:00:00,17527.07,49.870000000000005,34.3,22,0.0,1,False,,Monday,15,110
2026-04-20 16:00:00,17460.135000000002,50.07,34.0,23,0.0,1,False,,Monday,16,110
2026-04-20 17:00:00,16327.98,50.07,33.9,20,0.0,2,False,,Monday,17,110
2026-04-20 18:00:00,14972.9575,50.075,32.6,24,0.0,2,False,,Monday,18,110
2026-04-20 19:00:00,13452.169999999998,50.06,31.7,26,0.0,1,False,,Monday,19,110
2026-04-20 20:00:00,13313.765,49.97,30.6,29,0.0,0,False,,Monday,20,110
2026-04-20 21:00:00,12636.75,49.955,29.1,35,0.0,0,False,,Monday,21,110
2026-04-20 22:00:00,12871.1475,50.045,27.8,41,0.0,0,False,,Monday,22,110
2026-04-20 23:00:00,13359.7125,49.95,26.9,46,0.0,0,False,,Monday,23,110
2026-04-21 00:00:00,12719.8975,49.974999999999994,26.0,52,0.0,0,False,,Tuesday,0,111
2026-04-21 01:00:00,12832.525,49.994,25.0,61,0.0,0,False,,Tuesday,1,111
2026-04-21 02:00:00,12170.63,50.015,23.9,71,0.0,0,False,,Tuesday,2,111
2026-04-21 03:00:00,12101.5825,50.05,23.2,78,0.0,0,False,,Tuesday,3,111
2026-04-21 04:00:00,12470.810000000001,50.019999999999996,22.9,80,0.0,0,False,,Tuesday,4,111
2026-04-21 05:00:00,13035.73,50.025,22.8,88,0.0,0,False,,Tuesday,5,111
2026-04-21 06:00:00,13772.289999999999,50.065,22.9,83,0.0,0,False,,Tuesday,6,111
2026-04-21 07:00:00,14923.600000000002,50.065,24.2,71,0.0,0,False,,Tuesday,7,111
2026-04-21 08:00:00,15459.317500000001,50.05,26.5,56,0.0,0,False,,Tuesday,8,111
2026-04-21 09:00:00,16037.285,50.035,29.0,45,0.0,0,False,,Tuesday,9,111
2026-04-21 10:00:00,17078.945,50.055,31.3,34,0.0,0,False,,Tuesday,10,111
2026-04-21 11:00:00,17174.989999999998,49.97,31.9,27,0.0,0,False,,Tuesday,11,111
2026-04-21 12:00:00,17354.325,50.004999999999995,34.5,20,0.0,0,False,,Tuesday,12,111
2026-04-21 13:00:00,17172.7175,49.989999999999995,35.3,17,0.0,2,False,,Tuesday,13,111
2026-04-21 14:00:00,16915.432500000003,50.075,35.9,14,0.0,2,False,,Tuesday,14,111
2026-04-21 15:00:00,17042.205,50.06,35.5,16,0.0,0,False,,Tuesday,15,111
2026-04-21 16:00:00,16852.2975,49.975,35.0,16,0.0,0,False,,Tuesday,16,111
2026-04-21 17:00:00,15253.877499999999,50.09,34.2,16,0.0,0,False,,Tuesday,17,111
2026-04-21 18:00:00,14220.9325,50.07,32.5,21,0.0,0,False,,Tuesday,18,111
2026-04-21 19:00:00,13227.252499999999,50.075,31.9,23,0.0,0,False,,Tuesday,19,111
2026-04-21 20:00:00,12916.642499999998,50.04,31.2,23,0.0,3,False,,Tuesday,20,111
2026-04-21 21:00:00,12203.829999999998,50.05,28.9,32,0.0,1,False,,Tuesday,21,111
2026-04-21 22:00:00,12833.102499999999,50.08,27.5,35,0.0,0,False,,Tuesday,22,111
2026-04-21 23:00:00,13139.0775,50.035,26.4,41,0.0,1,False,,Tuesday,23,111
2026-04-22 00:00:00,12592.955,50.035,25.4,50,0.0,3,False,,Wednesday,0,112
2026-04-22 01:00:00,12506.384999999998,50.055,24.2,62,0.0,1,False,,Wednesday,1,112
2026-04-22 02:00:00,11969.6325,50.025,23.4,70,0.0,0,False,,Wednesday,2,112
2026-04-22 03:00:00,12098.7025,50.03,22.9,71,0.0,0,False,,Wednesday,3,112
2026-04-22 04:00:00,12186.8875,49.955,23.2,60,0.0,0,False,,Wednesday,4,112
2026-04-22 05:00:00,12872.21,50.015,23.5,63,0.0,0,False,,Wednesday,5,112
2026-04-22 06:00:00,13529.29,50.05,23.4,62,0.0,0,False,,Wednesday,6,112
2026-04-22 07:00:00,14279.772500000001,50.075,24.5,60,0.0,0,False,,Wednesday,7,112
2026-04-22 08:00:00,14449.7575,50.04,27.5,45,0.0,0,False,,Wednesday,8,112
2026-04-22 09:00:00,15575.372500000001,50.125,30.4,31,0.0,0,False,,Wednesday,9,112
2026-04-22 10:00:00,16570.035,50.019999999999996,32.8,21,0.0,0,False,,Wednesday,10,112
2026-04-22 11:00:00,16825.345,49.980000000000004,33.5,21,0.0,0,False,,Wednesday,11,112
2026-04-22 12:00:00,16720.622499999998,49.98,34.6,22,0.0,0,False,,Wednesday,12,112
2026-04-22 13:00:00,16641.3825,50.035,35.7,19,0.0,0,False,,Wednesday,13,112
2026-04-22 14:00:00,16268.130000000001,50.0,35.8,19,0.0,1,False,,Wednesday,14,112
2026-04-22 15:00:00,17016.7925,49.945,34.8,20,0.0,1,False,,Wednesday,15,112
2026-04-22 16:00:00,17382.665,50.09,34.2,20,0.0,0,False,,Wednesday,16,112
2026-04-22 17:00:00,16485.2975,50.03,33.5,21,0.0,0,False,,Wednesday,17,112
2026-04-22 18:00:00,15370.342499999999,50.09,32.5,22,0.0,0,False,,Wednesday,18,112
2026-04-22 19:00:00,14031.5425,49.96,32.2,22,0.0,0,False,,Wednesday,19,112
2026-04-22 20:00:00,13049.4525,49.980000000000004,30.0,31,0.0,0,False,,Wednesday,20,112
2026-04-22 21:00:00,12894.09,49.965,28.8,36,0.0,0,False,,Wednesday,21,112
2026-04-22 22:00:00,13160.4575,50.019999999999996,28.0,39,0.0,1,False,,Wednesday,22,112
2026-04-22 23:00:00,13023.415,49.92,27.5,40,0.0,0,False,,Wednesday,23,112
2026-04-23 00:00:00,12605.307499999999,49.955,26.9,41,0.0,1,False,,Thursday,0,113
2026-04-23 01:00:00,13168.717499999999,49.94499999999999,26.1,44,0.0,0,False,,Thursday,1,113
2026-04-23 02:00:00,12847.74,50.035,25.0,50,0.0,0,False,,Thursday,2,113
2026-04-23 03:00:00,12802.7825,50.06,23.5,56,0.0,0,False,,Thursday,3,113
2026-04-23 04:00:00,12717.215,50.045,23.2,56,0.0,0,False,,Thursday,4,113
2026-04-23 05:00:00,13792.252499999999,50.019999999999996,23.6,53,0.0,0,False,,Thursday,5,113
2026-04-23 06:00:00,14513.21,50.015,24.2,51,0.0,0,False,,Thursday,6,113
2026-04-23 07:00:00,15747.7225,50.06,25.5,48,0.0,0,False,,Thursday,7,113
2026-04-23 08:00:00,15513.150000000001,50.015,27.6,44,0.0,1,False,,Thursday,8,113
2026-04-23 09:00:00,16320.925,50.01,29.7,39,0.0,3,False,,Thursday,9,113
2026-04-23 10:00:00,17439.9525,49.95,32.0,32,0.0,3,False,,Thursday,10,113
2026-04-23 11:00:00,17482.805,49.97,33.7,22,0.0,2,False,,Thursday,11,113
2026-04-23 12:00:00,17896.102499999997,50.01,35.0,20,0.0,3,False,,Thursday,12,113
2026-04-23 13:00:00,17467.5775,49.985,36.0,18,0.0,3,False,,Thursday,13,113
2026-04-23 14:00:00,17150.845,50.004999999999995,36.2,18,0.0,1,False,,Thursday,14,113
2026-04-23 15:00:00,17719.644999999997,50.05,35.6,19,0.0,1,False,,Thursday,15,113
2026-04-23 16:00:00,17724.5375,50.075,35.2,20,0.0,1,False,,Thursday,16,113
2026-04-23 17:00:00,16396.4575,50.019999999999996,34.2,18,0.0,1,False,,Thursday,17,113
2026-04-23 18:00:00,14890.315,50.115,33.6,19,0.0,1,False,,Thursday,18,113
2026-04-23 19:00:00,13607.2275,50.035,32.0,24,0.0,1,False,,Thursday,19,113
2026-04-23 20:00:00,13066.83,49.985,29.6,33,0.0,3,False,,Thursday,20,113
2026-04-23 21:00:00,12732.537499999999,49.955,29.1,34,0.0,2,False,,Thursday,21,113
2026-04-23 22:00:00,13020.392499999998,49.96,28.2,38,0.0,1,False,,Thursday,22,113
2026-04-23 23:00:00,13160.9725,49.864999999999995,27.5,41,0.0,0,False,,Thursday,23,113
2026-04-24 00:00:00,12536.2475,49.925,26.6,44,0.0,0,False,,Friday,0,114
2026-04-24 01:00:00,13070.580000000002,50.025000000000006,26.1,46,0.0,0,False,,Friday,1,114
2026-04-24 02:00:00,12376.25,50.04,25.3,50,0.0,1,False,,Friday,2,114
2026-04-24 03:00:00,12129.3125,50.040000000000006,24.6,56,0.0,0,False,,Friday,3,114
2026-04-24 04:00:00,12533.967499999999,50.065,23.9,61,0.0,0,False,,Friday,4,114
2026-04-24 05:00:00,12634.29,50.055,24.0,61,0.0,1,False,,Friday,5,114
2026-04-24 06:00:00,13559.73,50.01,24.6,56,0.0,1,False,,Friday,6,114
2026-04-24 07:00:00,14183.785,49.935,26.3,49,0.0,1,False,,Friday,7,114
2026-04-24 08:00:00,14756.872500000001,49.975,28.6,41,0.0,1,False,,Friday,8,114
2026-04-24 09:00:00,16441.1175,49.93,30.6,35,0.0,0,False,,Friday,9,114
2026-04-24 10:00:00,17599.915,49.935,32.7,28,0.0,1,False,,Friday,10,114
2026-04-24 11:00:00,17494.005,49.99,33.3,24,0.0,1,False,,Friday,11,114
2026-04-24 12:00:00,17404.1325,50.03,34.5,22,0.0,0,False,,Friday,12,114
2026-04-24 13:00:00,17783.7175,49.975,35.1,21,0.0,0,False,,Friday,13,114
2026-04-24 14:00:00,17328.7425,50.06,34.8,22,0.0,0,False,,Friday,14,114
2026-04-24 15:00:00,17778.722499999996,50.07,34.5,23,0.0,3,False,,Friday,15,114
2026-04-24 16:00:00,17585.1625,50.07,33.5,25,0.0,2,False,,Friday,16,114
2026-04-24 17:00:00,16616.177499999998,50.05,33.2,24,0.0,2,False,,Friday,17,114
2026-04-24 18:00:00,14635.892500000002,50.075,31.6,27,0.0,2,False,,Friday,18,114
2026-04-24 19:00:00,12990.2725,49.91,30.0,32,0.0,1,False,,Friday,19,114
2026-04-24 20:00:00,12038.332499999999,49.86,29.3,33,0.0,1,False,,Friday,20,114
2026-04-24 21:00:00,11747.585,49.99,28.5,33,0.0,1,False,,Friday,21,114
2026-04-24 22:00:00,12018.342499999999,50.019999999999996,27.6,37,0.0,0,False,,Friday,22,114
2026-04-24 23:00:00,11916.43,49.92,27.1,40,0.0,0,False,,Friday,23,114
2026-04-25 00:00:00,12605.3975,49.94499999999999,26.5,42,0.0,0,False,,Saturday,0,115
2026-04-25 01:00:00,12605.6525,50.035,25.9,45,0.0,3,False,,Saturday,1,115
2026-04-25 02:00:00,12133.275,49.955,25.5,46,0.0,3,False,,Saturday,2,115
2026-04-25 03:00:00,12262.25,49.975,25.1,47,0.0,3,False,,Saturday,3,115
2026-04-25 04:00:00,12254.8075,49.995000000000005,24.8,49,0.0,3,False,,Saturday,4,115
2026-04-25 05:00:00,12335.56,49.99,24.2,55,0.0,3,False,,Saturday,5,115
2026-04-25 06:00:00,13076.0625,50.019999999999996,24.5,55,0.0,3,False,,Saturday,6,115
2026-04-25 07:00:00,14306.5105,50.06,25.6,52,0.0,3,False,,Saturday,7,115
2026-04-25 08:00:00,15012.483,50.03,27.0,48,0.0,3,False,,Saturday,8,115
2026-04-25 09:00:00,16186.238,50.04,29.5,38,0.0,3,False,,Saturday,9,115
2026-04-25 10:00:00,17485.673,50.035,32.0,27,0.0,3,False,,Saturday,10,115
2026-04-25 11:00:00,17620.597999999998,49.995000000000005,33.0,23,0.0,2,False,,Saturday,11,115
2026-04-25 12:00:00,17326.228000000003,49.98,34.4,21,0.0,1,False,,Saturday,12,115
2026-04-25 13:00:00,17055.075,50.004999999999995,35.0,20,0.0,2,False,,Saturday,13,115
2026-04-25 14:00:00,16801.059999999998,49.989999999999995,35.1,21,0.0,2,False,,Saturday,14,115
2026-04-25 15:00:00,17542.4275,50.040000000000006,34.5,23,0.0,3,False,,Saturday,15,115
2026-04-25 16:00:00,17529.4475,49.955,34.0,24,0.0,3,False,,Saturday,16,115
2026-04-25 17:00:00,15039.325,50.035,33.7,23,0.0,3,False,,Saturday,17,115
2026-04-25 18:00:00,13871.39,50.085,32.2,26,0.0,3,False,,Saturday,18,115
2026-04-25 19:00:00,13321.18,50.055,30.9,31,0.0,3,False,,Saturday,19,115
2026-04-25 20:00:00,12795.5275,49.94,29.9,33,0.0,3,False,,Saturday,20,115
2026-04-25 21:00:00,12422.0975,49.995000000000005,28.9,38,0.0,3,False,,Saturday,21,115
2026-04-25 22:00:00,12456.3575,50.010000000000005,28.2,43,0.0,3,False,,Saturday,22,115
2026-04-25 23:00:00,12647.92,49.915,27.5,48,0.0,3,False,,Saturday,23,115
2026-04-26 00:00:00,12605.3975,49.94499999999999,26.6,52,0.0,3,True,Sunday,Sunday,0,116
2026-04-26 01:00:00,13215.66,50.03,25.8,56,0.0,1,True,Sunday,Sunday,1,116
2026-04-26 02:00:00,12808.9175,50.010000000000005,25.1,59,0.0,2,True,Sunday,Sunday,2,116
2026-04-26 03:00:00,12514.9325,50.055,24.5,63,0.0,2,True,Sunday,Sunday,3,116
2026-04-26 04:00:00,12789.075,50.035,23.9,66,0.0,0,True,Sunday,Sunday,4,116
2026-04-26 05:00:00,13062.6875,50.045,24.2,64,0.0,0,True,Sunday,Sunday,5,116
2026-04-26 06:00:00,13815.195,50.035,24.4,63,0.0,0,True,Sunday,Sunday,6,116
2026-04-26 07:00:00,14532.283,50.065,25.9,58,0.0,0,True,Sunday,Sunday,7,116
2026-04-26 08:00:00,14321.593,50.035,27.9,49,0.0,0,True,Sunday,Sunday,8,116
2026-04-26 09:00:00,15558.7205,49.965,30.0,40,0.0,0,True,Sunday,Sunday,9,116
2026-04-26 10:00:00,16524.167999999998,50.004999999999995,31.9,33,0.0,0,True,Sunday,Sunday,10,116
2026-04-26 11:00:00,16688.5505,50.004999999999995,32.4,32,0.0,0,True,Sunday,Sunday,11,116
2026-04-26 12:00:00,16474.048,49.989999999999995,34.8,24,0.0,0,True,Sunday,Sunday,12,116
2026-04-26 13:00:00,16147.945000000002,49.995000000000005,35.7,22,0.0,0,True,Sunday,Sunday,13,116
2026-04-26 14:00:00,15881.9825,49.97,35.8,21,0.0,0,True,Sunday,Sunday,14,116
2026-04-26 15:00:00,16216.752499999999,50.03,35.9,21,0.0,2,True,Sunday,Sunday,15,116
2026-04-26 16:00:00,16474.925,50.004999999999995,35.3,22,0.0,3,True,Sunday,Sunday,16,116
2026-04-26 17:00:00,14785.282500000001,50.015,34.3,22,0.0,1,True,Sunday,Sunday,17,116
2026-04-26 18:00:00,13320.035,50.03,33.5,23,0.0,1,True,Sunday,Sunday,18,116
2026-04-26 19:00:00,12305.442500000001,50.105000000000004,32.0,28,0.0,0,True,Sunday,Sunday,19,116
2026-04-26 20:00:00,12072.0725,50.035,30.2,33,0.0,0,True,Sunday,Sunday,20,116
2026-04-26 21:00:00,11552.0975,49.974999999999994,29.0,36,0.0,0,True,Sunday,Sunday,21,116
2026-04-26 22:00:00,11816.27,50.04,27.8,41,0.0,1,True,Sunday,Sunday,22,116
2026-04-26 23:00:00,12733.435000000001,49.94,27.0,44,0.0,0,True,Sunday,Sunday,23,116
2026-04-27 00:00:00,12228.4925,50.04,26.4,46,0.0,0,False,,Monday,0,117
2026-04-27 01:00:00,12503.002499999999,50.045,26.0,47,0.0,0,False,,Monday,1,117
2026-04-27 02:00:00,11922.892499999998,50.06,25.5,47,0.0,0,False,,Monday,2,117
2026-04-27 03:00:00,11853.199999999999,50.045,24.7,49,0.0,0,False,,Monday,3,117
2026-04-27 04:00:00,12236.607499999998,50.025,24.0,54,0.0,0,False,,Monday,4,117
2026-04-27 05:00:00,13103.15,50.07,23.8,67,0.0,1,False,,Monday,5,117
2026-04-27 06:00:00,13714.0525,50.08,23.6,72,0.0,2,False,,Monday,6,117
2026-04-27 07:00:00,14793.9555,50.209999999999994,25.1,70,0.0,2,False,,Monday,7,117
2026-04-27 08:00:00,15564.307999999997,50.165000000000006,28.0,49,0.0,1,False,,Monday,8,117
2026-04-27 09:00:00,16428.257999999998,49.989999999999995,30.1,40,0.0,0,False,,Monday,9,117
2026-04-27 10:00:00,17803.0055,49.995000000000005,32.1,34,0.0,0,False,,Monday,10,117
2026-04-27 11:00:00,17968.323,50.025000000000006,32.6,31,0.0,0,False,,Monday,11,117
2026-04-27 12:00:00,17909.1255,49.980000000000004,34.8,25,0.0,0,False,,Monday,12,117
2026-04-27 13:00:00,17445.52,49.94,36.0,21,0.0,0,False,,Monday,13,117
2026-04-27 14:00:00,17346.23,50.019999999999996,36.9,19,0.0,0,False,,Monday,14,117
2026-04-27 15:00:00,17861.247499999998,50.03,36.9,18,0.0,1,False,,Monday,15,117
2026-04-27 16:00:00,17920.465,50.085,36.1,19,0.0,0,False,,Monday,16,117
2026-04-27 17:00:00,16347.224999999999,50.055,35.6,19,0.0,3,False,,Monday,17,117
2026-04-27 18:00:00,15051.984999999997,50.09,34.2,22,0.0,3,False,,Monday,18,117
2026-04-27 19:00:00,13735.3875,50.06,33.0,24,0.0,3,False,,Monday,19,117
2026-04-27 20:00:00,13204.875,50.06,31.5,28,0.0,3,False,,Monday,20,117
2026-04-27 21:00:00,12611.9725,50.07,30.5,31,0.0,2,False,,Monday,21,117
2026-04-27 22:00:00,13170.845000000001,50.03,28.9,37,0.0,0,False,,Monday,22,117
2026-04-27 23:00:00,13716.765,50.015,28.1,40,0.0,3,False,,Monday,23,117
2026-04-28 00:00:00,13067.7225,50.035,27.5,41,0.0,3,False,,Tuesday,0,118
2026-04-28 01:00:00,13117.8575,49.974999999999994,26.5,44,0.0,2,False,,Tuesday,1,118
2026-04-28 02:00:00,12432.005000000001,49.955,25.1,59,0.0,3,False,,Tuesday,2,118
2026-04-28 03:00:00,12224.489999999998,50.04,24.1,75,0.0,1,False,,Tuesday,3,118
2026-04-28 04:00:00,12554.4375,50.05,23.6,81,0.0,0,False,,Tuesday,4,118
2026-04-28 05:00:00,13399.3925,50.04,23.8,89,0.0,3,False,,Tuesday,5,118
2026-04-28 06:00:00,14156.21,50.07,23.8,90,0.0,3,False,,Tuesday,6,118
2026-04-28 07:00:00,14815.188000000002,50.045,25.0,83,0.0,3,False,,Tuesday,7,118
2026-04-28 08:00:00,15159.012999999999,50.05,26.9,71,0.0,3,False,,Tuesday,8,118
2026-04-28 09:00:00,16757.0255,50.035,29.4,55,0.0,3,False,,Tuesday,9,118
2026-04-28 10:00:00,17642.228,49.995000000000005,31.8,42,0.0,3,False,,Tuesday,10,118
2026-04-28 11:00:00,17483.9905,50.004999999999995,32.0,38,0.0,3,False,,Tuesday,11,118
2026-04-28 12:00:00,17904.648,49.980000000000004,34.6,28,0.0,3,False,,Tuesday,12,118
2026-04-28 13:00:00,17653.954999999998,49.980000000000004,35.5,24,0.0,3,False,,Tuesday,13,118
2026-04-28 14:00:00,17793.942499999997,50.04,36.2,21,0.0,3,False,,Tuesday,14,118
2026-04-28 15:00:00,18207.472500000003,50.06,36.2,20,0.0,3,False,,Tuesday,15,118
2026-04-28 16:00:00,18038.864999999998,50.019999999999996,35.5,20,0.0,3,False,,Tuesday,16,118
2026-04-28 17:00:00,16435.7025,50.055,34.2,23,0.0,3,False,,Tuesday,17,118
2026-04-28 18:00:00,14905.72,50.05,33.2,26,0.0,3,False,,Tuesday,18,118
2026-04-28 19:00:00,13000.074999999999,50.08,32.2,29,0.0,3,False,,Tuesday,19,118
2026-04-28 20:00:00,12648.785,50.07,31.0,34,0.0,2,False,,Tuesday,20,118
2026-04-28 21:00:00,11845.6525,50.055,30.5,35,0.0,3,False,,Tuesday,21,118
2026-04-28 22:00:00,12021.6525,50.07,29.9,39,0.0,3,False,,Tuesday,22,118
2026-04-28 23:00:00,12256.642500000002,50.035,28.0,46,0.0,3,False,,Tuesday,23,118
2026-04-30 00:00:00,10564.775,50.025,26.8,53,0.0,0,False,,Thursday,0,120
2026-04-30 01:00:00,10714.2375,50.035,26.6,52,0.0,0,False,,Thursday,1,120
2026-04-30 02:00:00,10517.7475,50.004999999999995,25.5,54,0.0,0,False,,Thursday,2,120
2026-04-30 03:00:00,10216.8475,49.995000000000005,24.0,65,0.0,0,False,,Thursday,3,120
2026-04-30 04:00:00,10347.380000000001,49.989999999999995,23.1,75,0.0,1,False,,Thursday,4,120
2026-04-30 05:00:00,10977.2475,50.045,22.6,88,0.0,0,False,,Thursday,5,120
2026-04-30 06:00:00,11344.904999999999,50.035,22.5,90,0.0,1,False,,Thursday,6,120
2026-04-30 07:00:00,12581.2205,50.07,23.8,83,0.0,0,False,,Thursday,7,120
2026-04-30 08:00:00,13422.0655,50.040000000000006,26.1,70,0.0,0,False,,Thursday,8,120
2026-04-30 09:00:00,14943.3855,50.16,28.7,57,0.0,0,False,,Thursday,9,120
2026-04-30 10:00:00,15601.068000000001,50.065,30.9,47,0.0,0,False,,Thursday,10,120
2026-04-30 11:00:00,15633.332999999999,50.04,31.5,44,0.0,0,False,,Thursday,11,120
2026-04-30 12:00:00,16295.048,49.95,32.6,39,0.0,1,False,,Thursday,12,120
2026-04-30 13:00:00,16481.802499999998,49.995000000000005,34.0,35,0.0,1,False,,Thursday,13,120
2026-04-30 14:00:00,15903.710000000001,49.985,34.5,33,0.0,1,False,,Thursday,14,120
2026-04-30 15:00:00,16778.1075,50.0,34.6,32,0.0,3,False,,Thursday,15,120
2026-04-30 16:00:00,17088.875,50.235,34.1,31,0.0,3,False,,Thursday,16,120
2026-04-30 17:00:00,15685.107499999998,50.019999999999996,29.2,49,3.0,63,False,,Thursday,17,120
2026-04-30 18:00:00,14233.4225,50.06,26.8,64,0.0,2,False,,Thursday,18,120
2026-04-30 19:00:00,12611.61,50.06,23.0,75,0.0,2,False,,Thursday,19,120
2026-04-30 20:00:00,11841.8,50.0,24.8,72,0.0,2,False,,Thursday,20,120
2026-04-30 21:00:00,11188.875,49.93,24.7,77,0.0,1,False,,Thursday,21,120
2026-04-30 22:00:00,11153.93,49.99,24.5,72,0.0,0,False,,Thursday,22,120
2026-04-30 23:00:00,11578.83,50.010000000000005,22.0,82,0.0,0,False,,Thursday,23,120
2026-05-01 00:00:00,10819.805,50.03,22.0,82,0.0,0,True,Buddha Purnima,Friday,0,121
2026-05-01 01:00:00,10572.817500000001,49.95,21.9,83,0.0,0,True,Buddha Purnima,Friday,1,121
2026-05-01 02:00:00,9898.057499999999,49.980000000000004,22.0,83,0.0,0,True,Buddha Purnima,Friday,2,121
2026-05-01 03:00:00,9872.4375,49.985,21.9,84,0.0,0,True,Buddha Purnima,Friday,3,121
2026-05-01 04:00:00,10066.970000000001,49.975,21.6,85,0.0,0,True,Buddha Purnima,Friday,4,121
2026-05-01 05:00:00,10801.4475,50.025000000000006,22.8,76,0.0,0,True,Buddha Purnima,Friday,5,121
2026-05-01 06:00:00,11348.474999999999,49.989999999999995,22.0,82,0.0,0,True,Buddha Purnima,Friday,6,121
2026-05-01 07:00:00,12533.6375,50.06,22.5,83,0.0,0,True,Buddha Purnima,Friday,7,121
2026-05-01 08:00:00,12757.789999999999,50.215,24.3,75,0.0,0,True,Buddha Purnima,Friday,8,121
2026-05-01 09:00:00,12974.195,50.19,26.8,65,0.0,0,True,Buddha Purnima,Friday,9,121
2026-05-01 10:00:00,13648.2125,49.88,29.0,58,0.0,0,True,Buddha Purnima,Friday,10,121
2026-05-01 11:00:00,14191.994999999999,50.03,29.5,54,0.0,1,True,Buddha Purnima,Friday,11,121
2026-05-01 12:00:00,14216.8675,49.935,30.1,50,0.0,0,True,Buddha Purnima,Friday,12,121
2026-05-01 13:00:00,14093.6925,49.980000000000004,31.0,48,0.0,1,True,Buddha Purnima,Friday,13,121
2026-05-01 14:00:00,13786.98,49.995000000000005,31.4,46,0.0,0,True,Buddha Purnima,Friday,14,121
2026-05-01 15:00:00,13912.5,50.025000000000006,31.5,45,0.0,1,True,Buddha Purnima,Friday,15,121
2026-05-01 16:00:00,13673.105,49.93,31.2,45,0.0,1,True,Buddha Purnima,Friday,16,121
2026-05-01 17:00:00,12938.585,49.95,26.3,64,0.0,2,True,Buddha Purnima,Friday,17,121
2026-05-01 18:00:00,12017.3675,50.125,26.5,66,0.0,1,True,Buddha Purnima,Friday,18,121
2026-05-01 19:00:00,11286.869999999999,50.055,26.0,68,0.0,1,True,Buddha Purnima,Friday,19,121
2026-05-01 20:00:00,10826.300000000001,49.989999999999995,25.5,67,0.0,0,True,Buddha Purnima,Friday,20,121
2026-05-01 21:00:00,10359.7025,50.015,24.6,67,0.0,0,True,Buddha Purnima,Friday,21,121
2026-05-01 22:00:00,11020.427500000002,50.08,24.2,69,0.0,0,True,Buddha Purnima,Friday,22,121
2026-05-01 23:00:00,11591.8275,50.019999999999996,24.1,73,0.0,1,True,Buddha Purnima,Friday,23,121
2026-05-02 00:00:00,11079.037499999999,50.03,23.4,77,0.0,3,False,,Saturday,0,122
2026-05-02 01:00:00,10892.045,50.015,22.6,81,0.0,3,False,,Saturday,1,122
2026-05-02 02:00:00,10359.085,50.010000000000005,21.9,86,0.0,2,False,,Saturday,2,122
2026-05-02 03:00:00,10301.8275,50.004999999999995,21.6,88,0.0,1,False,,Saturday,3,122
2026-05-02 04:00:00,10667.4725,50.015,21.6,87,0.0,3,False,,Saturday,4,122
2026-05-02 05:00:00,11509.182499999999,50.019999999999996,22.4,86,0.0,1,False,,Saturday,5,122
2026-05-02 06:00:00,12018.782500000001,50.085,22.3,88,0.0,1,False,,Saturday,6,122
2026-05-02 07:00:00,13083.724999999999,50.05,23.6,84,0.0,0,False,,Saturday,7,122
2026-05-02 08:00:00,13492.9375,50.0,25.5,75,0.0,0,False,,Saturday,8,122
2026-05-02 09:00:00,14236.612500000001,50.015,27.7,62,0.0,2,False,,Saturday,9,122
2026-05-02 10:00:00,15043.294999999998,50.055,30.0,49,0.0,3,False,,Saturday,10,122
2026-05-02 11:00:00,15348.38,50.084999999999994,30.7,45,0.0,3,False,,Saturday,11,122
2026-05-02 12:00:00,15545.015,50.005,31.6,40,0.0,3,False,,Saturday,12,122
2026-05-02 13:00:00,15526.2425,49.97,32.5,36,0.0,3,False,,Saturday,13,122
2026-05-02 14:00:00,15077.325,50.03,33.2,33,0.0,3,False,,Saturday,14,122
2026-05-02 15:00:00,15495.9075,49.985,33.2,32,0.0,2,False,,Saturday,15,122
2026-05-02 16:00:00,16052.355,50.07,32.9,31,0.0,3,False,,Saturday,16,122
2026-05-02 17:00:00,14676.547499999999,50.045,31.6,36,0.0,3,False,,Saturday,17,122
2026-05-02 18:00:00,13793.744999999999,50.22,29.5,53,0.0,3,False,,Saturday,18,122
2026-05-02 19:00:00,12425.9125,50.084999999999994,28.5,55,0.0,2,False,,Saturday,19,122
2026-05-02 20:00:00,11984.7375,50.019999999999996,27.6,54,0.0,2,False,,Saturday,20,122
2026-05-02 21:00:00,11675.989999999998,50.055,27.0,48,0.0,2,False,,Saturday,21,122
2026-05-02 22:00:00,11750.567500000001,50.010000000000005,25.4,63,0.0,3,False,,Saturday,22,122
2026-05-02 23:00:00,12333.974999999999,49.989999999999995,24.5,75,0.0,3,False,,Saturday,23,122
2026-05-03 00:00:00,12099.449999999999,50.06,23.5,83,0.0,3,True,Sunday,Sunday,0,123
2026-05-03 01:00:00,11679.885,50.05,22.9,89,0.0,3,True,Sunday,Sunday,1,123
2026-05-03 02:00:00,11359.839999999998,50.015,22.3,93,0.0,3,True,Sunday,Sunday,2,123
2026-05-03 03:00:00,11340.387499999999,50.02,22.0,96,0.0,3,True,Sunday,Sunday,3,123
2026-05-03 04:00:00,11601.939999999999,50.010000000000005,21.6,97,0.0,3,True,Sunday,Sunday,4,123
2026-05-03 05:00:00,12363.529999999999,50.04,21.6,98,0.0,3,True,Sunday,Sunday,5,123
2026-05-03 06:00:00,12708.622500000001,50.084999999999994,21.8,97,0.0,3,True,Sunday,Sunday,6,123
2026-05-03 07:00:00,13379.342499999999,49.965,22.8,90,0.0,3,True,Sunday,Sunday,7,123
2026-05-03 08:00:00,13618.592499999999,50.155,24.9,77,0.0,3,True,Sunday,Sunday,8,123
2026-05-03 09:00:00,14060.0925,50.25,27.2,62,0.0,3,True,Sunday,Sunday,9,123
2026-05-03 10:00:00,14729.130000000001,49.989999999999995,29.6,48,0.0,3,True,Sunday,Sunday,10,123
2026-05-03 11:00:00,14372.612500000001,50.0,31.4,37,0.0,3,True,Sunday,Sunday,11,123
2026-05-03 12:00:00,14180.34,49.96,32.5,31,0.0,3,True,Sunday,Sunday,12,123
2026-05-03 13:00:00,14149.999999999998,49.94,33.0,29,0.0,3,True,Sunday,Sunday,13,123
2026-05-03 14:00:00,13760.407500000001,49.97,33.5,28,0.0,3,True,Sunday,Sunday,14,123
2026-05-03 15:00:00,14274.7975,50.055,33.1,28,0.0,3,True,Sunday,Sunday,15,123
2026-05-03 16:00:00,14455.317500000001,49.985,32.5,29,0.0,3,True,Sunday,Sunday,16,123
2026-05-03 17:00:00,13359.982499999998,49.959999999999994,32.0,31,0.0,3,True,Sunday,Sunday,17,123
2026-05-03 18:00:00,12504.7375,50.095,29.7,44,0.0,1,True,Sunday,Sunday,18,123
2026-05-03 19:00:00,11355.7,50.09,28.2,43,0.0,0,True,Sunday,Sunday,19,123
2026-05-03 20:00:00,11219.2775,49.995000000000005,27.4,51,0.0,0,True,Sunday,Sunday,20,123
2026-05-03 21:00:00,11033.4575,49.974999999999994,27.2,48,0.0,0,True,Sunday,Sunday,21,123
2026-05-03 22:00:00,11440.2375,50.07,26.1,45,0.0,1,True,Sunday,Sunday,22,123
2026-05-03 23:00:00,11713.965,50.019999999999996,24.1,64,0.0,1,True,Sunday,Sunday,23,123
2026-05-04 00:00:00,12099.449999999999,50.06,23.6,72,0.0,2,False,,Monday,0,124
2026-05-04 01:00:00,11720.33,49.974999999999994,23.4,77,0.0,1,False,,Monday,1,124
2026-05-04 02:00:00,11224.067500000001,49.995000000000005,22.9,83,0.0,1,False,,Monday,2,124
2026-05-04 03:00:00,11037.0875,50.019999999999996,22.3,88,0.0,1,False,,Monday,3,124
2026-05-04 04:00:00,11421.3625,50.045,22.0,91,0.0,1,False,,Monday,4,124
2026-05-04 05:00:00,12299.8575,50.019999999999996,21.9,96,0.0,3,False,,Monday,5,124
2026-05-04 06:00:00,13124.895,50.015,22.3,93,0.0,3,False,,Monday,6,124
2026-05-04 07:00:00,14091.825,49.96,23.4,85,0.0,2,False,,Monday,7,124
2026-05-04 08:00:00,14643.75,49.995000000000005,25.7,73,0.0,2,False,,Monday,8,124
2026-05-04 09:00:00,15752.2375,50.0325,28.5,58,0.0,3,False,,Monday,9,124
2026-05-04 10:00:00,16736.8825,50.05,30.6,44,0.0,3,False,,Monday,10,124
2026-05-04 11:00:00,17028.762499999997,49.959999999999994,31.5,39,0.0,3,False,,Monday,11,124
2026-05-04 12:00:00,16760.585,49.965,32.1,35,0.0,3,False,,Monday,12,124
2026-05-04 13:00:00,16758.7725,50.015,32.2,33,0.0,3,False,,Monday,13,124
2026-05-04 14:00:00,16391.2275,49.93,33.0,31,0.0,2,False,,Monday,14,124
2026-05-04 15:00:00,16781.902499999997,49.86,33.4,28,0.0,3,False,,Monday,15,124
2026-05-04 16:00:00,17130.6675,49.980000000000004,32.8,28,0.0,2,False,,Monday,16,124
2026-05-04 17:00:00,15738.6925,50.215,32.0,29,0.0,1,False,,Monday,17,124
2026-05-04 18:00:00,14577.489999999998,50.07,30.8,32,0.0,3,False,,Monday,18,124
2026-05-04 19:00:00,13166.712499999998,50.08,28.9,49,0.0,2,False,,Monday,19,124
2026-05-04 20:00:00,12903.587499999998,50.06,26.0,56,0.0,3,False,,Monday,20,124
2026-05-04 21:00:00,12277.1725,50.0,25.0,61,0.0,3,False,,Monday,21,124
2026-05-04 22:00:00,12479.122500000001,50.065,24.3,65,0.0,3,False,,Monday,22,124
2026-05-04 23:00:00,12999.744999999999,50.025000000000006,24.1,63,0.0,3,False,,Monday,23,124
2026-05-05 00:00:00,12196.039999999999,50.0,23.7,65,0.0,3,False,,Tuesday,0,125
2026-05-05 01:00:00,12525.789999999999,49.94,23.0,69,0.0,3,False,,Tuesday,1,125
2026-05-05 02:00:00,11959.8325,50.015,22.6,73,0.0,3,False,,Tuesday,2,125
2026-05-05 03:00:00,12050.759999999998,50.035,22.5,73,0.0,3,False,,Tuesday,3,125
2026-05-05 04:00:00,12438.599999999999,50.04,22.3,73,0.0,3,False,,Tuesday,4,125
2026-05-05 05:00:00,13227.845,50.05,22.2,75,0.0,3,False,,Tuesday,5,125
2026-05-05 06:00:00,13957.024999999998,50.05,22.6,72,0.0,1,False,,Tuesday,6,125
2026-05-05 07:00:00,14994.645,50.025,24.2,67,0.0,1,False,,Tuesday,7,125
2026-05-05 08:00:00,15285.842499999999,50.065,25.2,68,0.0,3,False,,Tuesday,8,125
2026-05-05 09:00:00,16114.0225,49.97,27.1,59,0.0,1,False,,Tuesday,9,125
2026-05-05 10:00:00,16952.802499999998,50.005,29.6,46,0.0,1,False,,Tuesday,10,125
2026-05-05 11:00:00,16948.6425,50.13,30.0,42,0.0,3,False,,Tuesday,11,125
2026-05-05 12:00:00,17075.15,49.91,31.2,37,0.0,3,False,,Tuesday,12,125
2026-05-05 13:00:00,17681.6475,49.980000000000004,31.5,33,0.0,3,False,,Tuesday,13,125
2026-05-05 14:00:00,16892.3,49.96,30.6,34,0.0,3,False,,Tuesday,14,125
2026-05-05 15:00:00,16875.04,50.03,31.0,33,0.0,1,False,,Tuesday,15,125
2026-05-05 16:00:00,16777.309999999998,50.01,30.4,35,0.0,2,False,,Tuesday,16,125
2026-05-05 17:00:00,15205.269999999999,50.004999999999995,29.9,35,0.0,3,False,,Tuesday,17,125
2026-05-05 18:00:00,13933.655,50.05,29.7,35,0.0,3,False,,Tuesday,18,125
2026-05-05 19:00:00,12691.1175,50.1,29.5,36,0.0,3,False,,Tuesday,19,125
2026-05-05 20:00:00,12492.1075,50.0,28.5,38,0.0,3,False,,Tuesday,20,125
2026-05-05 21:00:00,11961.51,50.0,27.4,47,0.0,3,False,,Tuesday,21,125
2026-05-05 22:00:00,11517.03,49.980000000000004,26.3,58,0.0,3,False,,Tuesday,22,125
2026-05-05 23:00:00,12160.877499999999,49.99,24.8,69,0.0,3,False,,Tuesday,23,125
2026-05-06 00:00:00,11762.2725,50.010000000000005,23.9,73,0.0,3,False,,Wednesday,0,126
2026-05-06 01:00:00,11573.11,50.004999999999995,23.0,75,0.0,3,False,,Wednesday,1,126
2026-05-06 02:00:00,11048.822499999998,49.955,23.0,74,0.0,3,False,,Wednesday,2,126
2026-05-06 03:00:00,11138.074999999999,50.04,23.1,75,0.0,3,False,,Wednesday,3,126
2026-05-06 04:00:00,11446.3825,50.04,22.8,77,0.0,3,False,,Wednesday,4,126
2026-05-06 05:00:00,12488.1675,50.035,23.0,76,0.0,1,False,,Wednesday,5,126
2026-05-06 06:00:00,13170.47,50.0,22.9,79,0.0,1,False,,Wednesday,6,126
2026-05-06 07:00:00,14146.5025,50.055,24.0,75,0.0,0,False,,Wednesday,7,126
2026-05-06 08:00:00,14669.73,50.075,26.3,62,0.0,0,False,,Wednesday,8,126
2026-05-06 09:00:00,15367.1125,50.004999999999995,29.1,46,0.0,0,False,,Wednesday,9,126
2026-05-06 10:00:00,16296.407500000001,50.035,30.9,38,0.1,51,False,,Wednesday,10,126
2026-05-06 11:00:00,16149.647500000001,50.035,30.8,40,0.1,51,False,,Wednesday,11,126
2026-05-06 12:00:00,16151.144999999999,50.07,31.9,36,0.1,51,False,,Wednesday,12,126
2026-05-06 13:00:00,16101.692500000001,49.985,32.2,35,0.2,51,False,,Wednesday,13,126
2026-05-06 14:00:00,16094.817500000001,49.965,32.2,35,0.2,51,False,,Wednesday,14,126
2026-05-06 15:00:00,16327.1875,49.894999999999996,32.1,36,0.0,1,False,,Wednesday,15,126
2026-05-06 16:00:00,16907.3725,50.065,32.1,36,0.0,3,False,,Wednesday,16,126
2026-05-06 17:00:00,15908.105,49.905,30.4,42,0.0,2,False,,Wednesday,17,126
2026-05-06 18:00:00,13570.814999999999,50.065,28.0,49,0.0,0,False,,Wednesday,18,126
2026-05-06 19:00:00,13564.744999999999,50.09,26.5,55,0.0,2,False,,Wednesday,19,126
2026-05-06 20:00:00,13430.365000000002,50.01,23.9,70,0.0,1,False,,Wednesday,20,126
2026-05-06 21:00:00,12470.56,50.045,23.4,76,0.0,3,False,,Wednesday,21,126
2026-05-06 22:00:00,12640.155,50.09,22.9,82,0.0,2,False,,Wednesday,22,126
2026-05-06 23:00:00,12834.970000000001,50.025,23.6,77,0.0,3,False,,Wednesday,23,126
2026-05-07 00:00:00,12314.3975,50.015,23.2,82,0.0,3,False,,Thursday,0,127
2026-05-07 01:00:00,12371.895,49.980000000000004,22.7,88,0.0,1,False,,Thursday,1,127
2026-05-07 02:00:00,11850.64,50.04,22.4,90,0.0,3,False,,Thursday,2,127
2026-05-07 03:00:00,11763.13,50.0,22.1,88,0.0,3,False,,Thursday,3,127
2026-05-07 04:00:00,12001.5625,49.989999999999995,22.1,86,0.0,3,False,,Thursday,4,127
2026-05-07 05:00:00,12527.8975,50.035,21.9,94,0.0,2,False,,Thursday,5,127
2026-05-07 06:00:00,13332.067499999997,50.04,22.0,92,0.0,2,False,,Thursday,6,127
2026-05-07 07:00:00,14445.4725,50.06,23.4,83,0.0,2,False,,Thursday,7,127
2026-05-07 08:00:00,15271.7775,50.01,25.2,71,0.0,1,False,,Thursday,8,127
2026-05-07 09:00:00,16133.28,50.06,27.2,59,0.0,3,False,,Thursday,9,127
2026-05-07 10:00:00,16759.515,50.06,28.8,52,0.0,3,False,,Thursday,10,127
2026-05-07 11:00:00,16669.08,50.03,28.6,55,0.0,3,False,,Thursday,11,127
2026-05-07 12:00:00,16864.62,49.989999999999995,29.8,50,0.0,3,False,,Thursday,12,127
2026-05-07 13:00:00,16726.71,49.965,30.9,45,0.0,1,False,,Thursday,13,127
2026-05-07 14:00:00,16530.61,50.06,31.6,40,0.0,2,False,,Thursday,14,127
2026-05-07 15:00:00,16514.06,50.045,31.9,37,0.0,1,False,,Thursday,15,127
2026-05-07 16:00:00,16052.017499999998,50.065,31.5,37,0.0,2,False,,Thursday,16,127
2026-05-07 17:00:00,15294.36,50.0,30.8,38,0.0,1,False,,Thursday,17,127
2026-05-07 18:00:00,14572.494999999999,50.06,29.5,41,0.0,1,False,,Thursday,18,127
2026-05-07 19:00:00,13225.5225,50.09,28.4,50,0.0,1,False,,Thursday,19,127
2026-05-07 20:00:00,13123.7825,49.989999999999995,27.5,53,0.0,3,False,,Thursday,20,127
2026-05-07 21:00:00,12496.76,50.06,26.7,57,0.0,3,False,,Thursday,21,127
2026-05-07 22:00:00,12876.432499999999,50.04,25.8,59,0.0,2,False,,Thursday,22,127
2026-05-07 23:00:00,13102.15,50.019999999999996,25.0,66,0.0,0,False,,Thursday,23,127
2026-05-08 00:00:00,12461.84,49.955,24.4,74,0.0,1,False,,Friday,0,128
2026-05-08 01:00:00,12679.805,50.005,23.6,81,0.0,2,False,,Friday,1,128
2026-05-08 02:00:00,12237.607499999998,50.0,23.0,87,0.0,3,False,,Friday,2,128
2026-05-08 03:00:00,11943.304999999998,50.045,22.3,89,0.7,53,False,,Friday,3,128
2026-05-08 04:00:00,11984.487500000001,50.025,21.8,91,0.3,51,False,,Friday,4,128
2026-05-08 05:00:00,12539.6625,49.95,22.5,91,0.0,3,False,,Friday,5,128
2026-05-08 06:00:00,13040.4225,50.055,22.8,87,0.2,51,False,,Friday,6,128
2026-05-08 07:00:00,14254.02,50.040000000000006,23.8,82,0.0,2,False,,Friday,7,128
2026-05-08 08:00:00,14588.07,50.085,25.6,71,0.0,2,False,,Friday,8,128
2026-05-08 09:00:00,15835.29,50.18,27.6,58,0.0,0,False,,Friday,9,128
2026-05-08 10:00:00,16920.0425,49.965,29.5,48,0.0,1,False,,Friday,10,128
2026-05-08 11:00:00,16734.705,50.03,30.7,43,0.0,0,False,,Friday,11,128
2026-05-08 12:00:00,16730.2275,49.96,31.9,39,0.0,0,False,,Friday,12,128
2026-05-08 13:00:00,16599.905,50.025000000000006,32.7,36,0.0,1,False,,Friday,13,128
2026-05-08 14:00:00,16384.1625,50.04,32.7,35,0.0,2,False,,Friday,14,128
2026-05-08 15:00:00,16830.025,50.004999999999995,32.8,35,0.0,2,False,,Friday,15,128
2026-05-08 16:00:00,16434.29,50.0,30.1,41,0.2,51,False,,Friday,16,128
2026-05-08 17:00:00,15174.1475,50.16,30.4,41,0.2,51,False,,Friday,17,128
2026-05-08 18:00:00,13853.81,50.144999999999996,28.1,50,0.7,53,False,,Friday,18,128
2026-05-08 19:00:00,12792.085,50.1,26.7,60,0.1,51,False,,Friday,19,128
2026-05-08 20:00:00,13002.689999999999,50.04,26.3,63,0.0,3,False,,Friday,20,128
2026-05-08 21:00:00,12318.835,49.97,25.5,67,0.0,3,False,,Friday,21,128
2026-05-08 22:00:00,12509.0225,50.06,24.5,72,0.0,2,False,,Friday,22,128
2026-05-08 23:00:00,12826.3525,50.045,23.8,79,0.0,3,False,,Friday,23,128
2026-05-10 00:00:00,12338.067500000001,50.015,22.6,91,0.0,3,True,Sunday,Sunday,0,130
2026-05-10 01:00:00,12360.145,49.965,22.4,92,0.0,3,True,Sunday,Sunday,1,130
2026-05-10 02:00:00,11909.852499999999,50.004999999999995,21.9,94,0.0,3,True,Sunday,Sunday,2,130
2026-05-10 03:00:00,11918.6075,50.005,21.7,95,0.0,3,True,Sunday,Sunday,3,130
2026-05-10 04:00:00,12238.4925,50.02,21.5,95,0.0,3,True,Sunday,Sunday,4,130
2026-05-10 05:00:00,12881.85,50.025000000000006,21.5,95,0.0,3,True,Sunday,Sunday,5,130
2026-05-10 06:00:00,13136.6725,50.019999999999996,21.6,94,0.0,3,True,Sunday,Sunday,6,130
2026-05-10 07:00:00,13595.244999999999,50.025000000000006,22.9,87,0.0,3,True,Sunday,Sunday,7,130
2026-05-10 08:00:00,13453.885,49.95,24.5,73,0.0,3,True,Sunday,Sunday,8,130
2026-05-10 09:00:00,14283.695,50.025,26.5,59,0.0,3,True,Sunday,Sunday,9,130
2026-05-10 10:00:00,14941.997500000001,50.095,28.9,43,0.0,3,True,Sunday,Sunday,10,130
2026-05-10 11:00:00,14744.025,50.01,30.5,37,0.0,3,True,Sunday,Sunday,11,130
2026-05-10 12:00:00,14881.045,49.975,32.0,33,0.0,3,True,Sunday,Sunday,12,130
2026-05-10 13:00:00,14710.4375,49.980000000000004,32.5,29,0.0,0,True,Sunday,Sunday,13,130
2026-05-10 14:00:00,14459.59,50.0,32.2,31,0.0,3,True,Sunday,Sunday,14,130
2026-05-10 15:00:00,14528.002499999999,50.025,32.6,27,0.0,1,True,Sunday,Sunday,15,130
2026-05-10 16:00:00,14109.3575,49.97,31.9,30,0.0,2,True,Sunday,Sunday,16,130
2026-05-10 17:00:00,13331.7375,50.045,31.5,29,0.0,3,True,Sunday,Sunday,17,130
2026-05-10 18:00:00,12683.8,50.120000000000005,29.4,37,0.0,2,True,Sunday,Sunday,18,130
2026-05-10 19:00:00,11933.044999999998,50.065,27.6,48,0.0,2,True,Sunday,Sunday,19,130
2026-05-10 20:00:00,11805.052499999998,49.99,26.7,52,0.0,3,True,Sunday,Sunday,20,130
2026-05-10 21:00:00,11404.6,50.035,25.4,59,0.0,3,True,Sunday,Sunday,21,130
2026-05-10 22:00:00,11699.61,50.09,24.4,67,0.0,3,True,Sunday,Sunday,22,130
2026-05-10 23:00:00,12260.842499999999,50.019999999999996,24.3,74,0.0,3,True,Sunday,Sunday,23,130
2026-05-11 00:00:00,11914.595000000001,50.04,23.8,78,0.0,3,False,,Monday,0,131
2026-05-11 01:00:00,11688.5075,50.019999999999996,23.0,85,0.0,3,False,,Monday,1,131
2026-05-11 02:00:00,11086.352499999999,49.995000000000005,22.4,88,0.0,3,False,,Monday,2,131
2026-05-11 03:00:00,11224.232499999998,49.980000000000004,22.0,92,0.0,3,False,,Monday,3,131
2026-05-11 04:00:00,11396.4325,49.96,21.7,94,0.0,3,False,,Monday,4,131
2026-05-11 05:00:00,12440.48,50.01,21.9,98,0.0,3,False,,Monday,5,131
2026-05-11 06:00:00,12958.732499999998,50.05,22.2,95,0.0,3,False,,Monday,6,131
2026-05-11 07:00:00,13946.560000000001,50.04,23.9,82,0.0,3,False,,Monday,7,131
2026-05-11 08:00:00,14621.23,49.980000000000004,26.5,64,0.0,3,False,,Monday,8,131
2026-05-11 09:00:00,15643.7675,49.985,28.8,48,0.0,3,False,,Monday,9,131
2026-05-11 10:00:00,16719.902500000004,49.925,30.9,35,0.0,2,False,,Monday,10,131
2026-05-11 11:00:00,17034.3425,50.015,31.4,34,0.0,2,False,,Monday,11,131
2026-05-11 12:00:00,17181.485,49.945,32.8,28,0.0,1,False,,Monday,12,131
2026-05-11 13:00:00,16857.1875,49.975,33.0,27,0.0,2,False,,Monday,13,131
2026-05-11 14:00:00,16896.552499999998,49.97,34.0,25,0.0,1,False,,Monday,14,131
2026-05-11 15:00:00,17136.0575,50.03,34.0,24,0.0,1,False,,Monday,15,131
2026-05-11 16:00:00,16998.725,50.06,33.2,25,0.0,1,False,,Monday,16,131
2026-05-11 17:00:00,15265.8575,49.955,32.2,25,0.0,1,False,,Monday,17,131
2026-05-11 18:00:00,14190.829999999998,50.06,29.9,32,0.0,1,False,,Monday,18,131
2026-05-11 19:00:00,12962.324999999999,50.004999999999995,29.2,33,0.0,1,False,,Monday,19,131
2026-05-11 20:00:00,12923.7075,49.875,28.4,35,0.0,3,False,,Monday,20,131
2026-05-11 21:00:00,12534.6075,49.739999999999995,27.9,36,0.0,3,False,,Monday,21,131
2026-05-11 22:00:00,12601.6675,49.815,27.5,37,0.0,2,False,,Monday,22,131
2026-05-11 23:00:00,13128.1125,49.9,26.3,45,0.0,0,False,,Monday,23,131
2026-05-12 00:00:00,12545.294999999998,49.97,24.9,52,0.0,0,False,,Tuesday,0,132
2026-05-12 01:00:00,12804.349999999999,50.004999999999995,23.6,63,0.0,1,False,,Tuesday,1,132
2026-05-12 02:00:00,12267.087499999998,50.03,22.8,73,0.0,0,False,,Tuesday,2,132
2026-05-12 03:00:00,12086.7075,50.0,22.0,79,0.0,0,False,,Tuesday,3,132
2026-05-12 04:00:00,12369.562499999998,50.05,21.4,85,0.0,1,False,,Tuesday,4,132
2026-05-12 05:00:00,13310.2575,50.015,22.2,77,0.0,3,False,,Tuesday,5,132
2026-05-12 06:00:00,14013.7,50.040000000000006,22.8,72,0.0,3,False,,Tuesday,6,132
2026-05-12 07:00:00,14817.02,50.03,24.6,62,0.0,3,False,,Tuesday,7,132
2026-05-12 08:00:00,15248.9425,50.019999999999996,27.1,50,0.0,3,False,,Tuesday,8,132
2026-05-12 09:00:00,16363.9825,49.995000000000005,29.5,40,0.0,3,False,,Tuesday,9,132
2026-05-12 10:00:00,17278.160000000003,49.989999999999995,31.5,31,0.0,3,False,,Tuesday,10,132
2026-05-12 11:00:00,16842.36,50.05,32.4,31,0.0,1,False,,Tuesday,11,132
2026-05-12 12:00:00,17085.614999999998,50.06,33.0,29,0.0,2,False,,Tuesday,12,132
2026-05-12 13:00:00,16639.07,50.025000000000006,33.0,28,0.0,2,False,,Tuesday,13,132
2026-05-12 14:00:00,16933.57,50.0,32.6,30,0.1,51,False,,Tuesday,14,132
2026-05-12 15:00:00,17475.9825,50.055,32.2,33,0.2,51,False,,Tuesday,15,132
2026-05-12 16:00:00,16866.685,49.96,32.2,35,0.0,1,False,,Tuesday,16,132
2026-05-12 17:00:00,15340.157500000001,50.05,32.2,31,0.0,0,False,,Tuesday,17,132
2026-05-12 18:00:00,14148.2325,50.07,30.6,36,0.0,0,False,,Tuesday,18,132
2026-05-12 19:00:00,13164.637499999999,50.1,29.6,41,0.0,0,False,,Tuesday,19,132
2026-05-12 20:00:00,13017.625,50.015,28.9,45,0.0,0,False,,Tuesday,20,132
2026-05-12 21:00:00,12565.0325,50.010000000000005,28.4,47,0.0,1,False,,Tuesday,21,132
2026-05-12 22:00:00,12220.349999999999,50.040000000000006,27.1,52,0.0,3,False,,Tuesday,22,132
2026-05-12 23:00:00,12870.02,49.9045,26.6,53,0.0,2,False,,Tuesday,23,132
2026-05-13 00:00:00,12305.625,49.93,25.8,57,0.0,1,False,,Wednesday,0,133
2026-05-13 01:00:00,12555.435,50.02,24.9,62,0.0,3,False,,Wednesday,1,133
2026-05-13 02:00:00,12083.365,49.980000000000004,24.2,66,0.0,3,False,,Wednesday,2,133
2026-05-13 03:00:00,11945.8475,50.05,24.0,68,0.0,3,False,,Wednesday,3,133
2026-05-13 04:00:00,12236.27,50.055,23.7,69,0.0,2,False,,Wednesday,4,133
2026-05-13 05:00:00,12887.404999999999,50.019999999999996,23.2,76,0.0,3,False,,Wednesday,5,133
2026-05-13 06:00:00,13583.189999999999,49.97,22.8,78,0.0,3,False,,Wednesday,6,133
2026-05-13 07:00:00,14246.7975,50.004999999999995,23.7,77,0.0,3,False,,Wednesday,7,133
2026-05-13 08:00:00,14744.557499999999,50.115,26.1,65,0.0,1,False,,Wednesday,8,133
2026-05-13 09:00:00,15644.1875,50.015,28.8,50,0.0,1,False,,Wednesday,9,133
2026-05-13 10:00:00,17069.09,50.105000000000004,31.0,37,0.0,2,False,,Wednesday,10,133
2026-05-13 11:00:00,16933.92,49.95,31.8,34,0.0,2,False,,Wednesday,11,133
2026-05-13 12:00:00,16893.5075,49.9,32.5,32,0.1,51,False,,Wednesday,12,133
2026-05-13 13:00:00,16728.9925,49.94,33.2,31,0.0,0,False,,Wednesday,13,133
2026-05-13 14:00:00,16792.684999999998,50.05500000000001,33.2,32,0.1,51,False,,Wednesday,14,133
2026-05-13 15:00:00,17111.377500000002,49.955,33.3,31,0.1,51,False,,Wednesday,15,133
2026-05-13 16:00:00,16875.29,50.019999999999996,32.7,29,0.2,51,False,,Wednesday,16,133
2026-05-13 17:00:00,15417.155,50.055,33.7,25,0.0,3,False,,Wednesday,17,133
2026-05-13 18:00:00,13793.112500000001,50.004999999999995,32.7,26,0.0,3,False,,Wednesday,18,133
2026-05-13 19:00:00,12897.36,50.120000000000005,31.8,28,0.0,3,False,,Wednesday,19,133
2026-05-13 20:00:00,12366.0075,50.085,30.5,32,0.0,3,False,,Wednesday,20,133
2026-05-13 21:00:00,11972.0,49.945,29.3,35,0.0,3,False,,Wednesday,21,133
2026-05-13 22:00:00,12332.9925,50.05,28.7,36,0.0,3,False,,Wednesday,22,133
2026-05-13 23:00:00,13135.1375,50.065,27.4,46,0.0,3,False,,Wednesday,23,133
