01/10/2025 00:00,3456.48
01/10/2025 00:05,3284.13
01/10/2025 00:10,3297.36
01/10/2025 00:15,3291.72
01/10/2025 00:20,3175.81
01/10/2025 00:25,3242.56
01/10/2025 00:30,3053.57
01/10/2025 00:35,3114.85
01/10/2025 00:40,3116.65
01/10/2025 00:45,2939.66
01/10/2025 00:50,2959.45
01/10/2025 00:55,3027.81
01/10/2025 01:00,3089.03
01/10/2025 01:05,3072.24
01/10/2025 01:10,2981.55
01/10/2025 01:15,2873.22
01/10/2025 01:20,2778.02
01/10/2025 01:25,2977.66
01/10/2025 01:30,2863.13
01/10/2025 01:35,2864.71
01/10/2025 01:40,2793.88
01/10/2025 01:45,2855.0
01/10/2025 01:50,2819.84
01/10/2025 01:55,2759.69
01/10/2025 02:00,2319.79
01/10/2025 02:05,2275.02
01/10/2025 02:10,2335.64
01/10/2025 02:15,2165.53
01/10/2025 02:20,2235.27
01/10/2025 02:25,2419.9
01/10/2025 02:30,2248.85
01/10/2025 02:35,2386.8
01/10/2025 02:40,2434.02
01/10/2025 02:45,2339.37
01/10/2025 02:50,2315.93
01/10/2025 02:55,2295.58
01/10/2025 03:00,2375.86
01/10/2025 03:05,2353.76
01/10/2025 03:10,2428.82
01/10/2025 03:15,2292.32
01/10/2025 03:20,2503.95
01/10/2025 03:25,2346.27
01/10/2025 03:30,2218.43
01/10/2025 03:35,2390.1
01/10/2025 03:40,2369.33
01/10/2025 03:45,2447.98
01/10/2025 03:50,2325.43
01/10/2025 03:55,2180.08
01/10/2025 04:00,2267.21
01/10/2025 04:05,2353.99
01/10/2025 04:10,2310.9
01/10/2025 04:15,2451.95
01/10/2025 04:20,2444.89
01/10/2025 04:25,2568.21
01/10/2025 04:30,2298.8
01/10/2025 04:35,2253.11
01/10/2025 04:40,2366.16
01/10/2025 04:45,2384.27
01/10/2025 04:50,2358.02
01/10/2025 04:55,2344.03
01/10/2025 05:00,2554.82
01/10/2025 05:05,2579.02
01/10/2025 05:10,2684.05
01/10/2025 05:15,2711.55
01/10/2025 05:20,2881.7
01/10/2025 05:25,2804.07
01/10/2025 05:30,2751.69
01/10/2025 05:35,2939.78
01/10/2025 05:40,2944.61
01/10/2025 05:45,2940.98
01/10/2025 05:50,2989.9
01/10/2025 05:55,3163.66
01/10/2025 06:00,3175.92
01/10/2025 06:05,3051.68
01/10/2025 06:10,3157.62
01/10/2025 06:15,3109.59
01/10/2025 06:20,3125.89
01/10/2025 06:25,3111.51
01/10/2025 06:30,3320.52
01/10/2025 06:35,3333.37
01/10/2025 06:40,3294.32
01/10/2025 06:45,3371.2
01/10/2025 06:50,3498.4
01/10/2025 06:55,3414.24
01/10/2025 07:00,3579.79
01/10/2025 07:05,3589.99
01/10/2025 07:10,3591.73
01/10/2025 07:15,3602.54
01/10/2025 07:20,3765.22
01/10/2025 07:25,3790.86
01/10/2025 07:30,3760.29
01/10/2025 07:35,4021.38
01/10/2025 07:40,3972.56
01/10/2025 07:45,4064.32
01/10/2025 07:50,4095.02
01/10/2025 07:55,4101.29
01/10/2025 08:00,4360.56
01/10/2025 08:05,4274.05
01/10/2025 08:10,4400.93
01/10/2025 08:15,4407.4
01/10/2025 08:20,4426.43
01/10/2025 08:25,4653.21
01/10/2025 08:30,4377.88
01/10/2025 08:35,4594.74
01/10/2025 08:40,4849.68
01/10/2025 08:45,4825.55
01/10/2025 08:50,4633.17
01/10/2025 08:55,4969.31
01/10/2025 09:00,4861.24
01/10/2025 09:05,5006.53
01/10/2025 09:10,5056.55
01/10/2025 09:15,5166.45
01/10/2025 09:20,5105.61
01/10/2025 09:25,5224.19
01/10/2025 09:30,5301.52
01/10/2025 09:35,5186.31
01/10/2025 09:40,5314.95
01/10/2025 09:45,5173.21
01/10/2025 09:50,5258.21
01/10/2025 09:55,5366.25
01/10/2025 10:00,5254.9
01/10/2025 10:05,5367.65
01/10/2025 10:10,5189.42
01/10/2025 10:15,5433.03
01/10/2025 10:20,5214.22
01/10/2025 10:25,5432.53
01/10/2025 10:30,5419.19
01/10/2025 10:35,5484.19
01/10/2025 10:40,5324.23
01/10/2025 10:45,5186.78
01/10/2025 10:50,5390.63
01/10/2025 10:55,5218.09
01/10/2025 11:00,5246.57
01/10/2025 11:05,5254.04
01/10/2025 11:10,5253.11
01/10/2025 11:15,5287.4
01/10/2025 11:20,5248.49
01/10/2025 11:25,5196.55
01/10/2025 11:30,5149.04
01/10/2025 11:35,5073.63
01/10/2025 11:40,5001.0
01/10/2025 11:45,5080.51
01/10/2025 11:50,4991.62
01/10/2025 11:55,4810.73
01/10/2025 12:00,4992.95
01/10/2025 12:05,4811.45
01/10/2025 12:10,4743.68
01/10/2025 12:15,4767.31
01/10/2025 12:20,4904.99
01/10/2025 12:25,4884.57
01/10/2025 12:30,4857.57
01/10/2025 12:35,4781.37
01/10/2025 12:40,4866.85
01/10/2025 12:45,4813.7
01/10/2025 12:50,4829.49
01/10/2025 12:55,4835.19
01/10/2025 13:00,4717.75
01/10/2025 13:05,4759.0
01/10/2025 13:10,4527.06
01/10/2025 13:15,4700.32
01/10/2025 13:20,4866.61
01/10/2025 13:25,4659.9
01/10/2025 13:30,4689.23
01/10/2025 13:35,4693.6
01/10/2025 13:40,4495.42
01/10/2025 13:45,4645.33
01/10/2025 13:50,4738.89
01/10/2025 13:55,4684.81
01/10/2025 14:00,4484.09
01/10/2025 14:05,4542.39
01/10/2025 14:10,4769.84
01/10/2025 14:15,4672.04
01/10/2025 14:20,4526.26
01/10/2025 14:25,4546.59
01/10/2025 14:30,4724.87
01/10/2025 14:35,4521.15
01/10/2025 14:40,4609.16
01/10/2025 14:45,4551.46
01/10/2025 14:50,4590.0
01/10/2025 14:55,4615.3
01/10/2025 15:00,4620.52
01/10/2025 15:05,4563.12
01/10/2025 15:10,4555.01
01/10/2025 15:15,4678.59
01/10/2025 15:20,4649.1
01/10/2025 15:25,4630.3
01/10/2025 15:30,4656.94
01/10/2025 15:35,4710.41
01/10/2025 15:40,4742.61
01/10/2025 15:45,4865.47
01/10/2025 15:50,4719.62
01/10/2025 15:55,4823.72
01/10/2025 16:00,4677.13
01/10/2025 16:05,4801.86
01/10/2025 16:10,4674.83
01/10/2025 16:15,4817.7
01/10/2025 16:20,4837.27
01/10/2025 16:25,4807.33
01/10/2025 16:30,4800.4
01/10/2025 16:35,5002.71
01/10/2025 16:40,4768.29
01/10/2025 16:45,4937.72
01/10/2025 16:50,4933.43
01/10/2025 16:55,4870.25
01/10/2025 17:00,4932.25
01/10/2025 17:05,4856.45
01/10/2025 17:10,5024.07
01/10/2025 17:15,5005.2
01/10/2025 17:20,5111.13
01/10/2025 17:25,5082.78
01/10/2025 17:30,4990.65
01/10/2025 17:35,5101.71
01/10/2025 17:40,5119.88
01/10/2025 17:45,5215.13
01/10/2025 17:50,5005.13
01/10/2025 17:55,5142.26
01/10/2025 18:00,5237.27
01/10/2025 18:05,5174.27
01/10/2025 18:10,5024.33
01/10/2025 18:15,5326.53
01/10/2025 18:20,5257.24
01/10/2025 18:25,5328.06
01/10/2025 18:30,5281.36
01/10/2025 18:35,5346.9
01/10/2025 18:40,5375.2
01/10/2025 18:45,5277.29
01/10/2025 18:50,5295.35
01/10/2025 18:55,5360.63
01/10/2025 19:00,5476.84
01/10/2025 19:05,5434.54
01/10/2025 19:10,5399.2
01/10/2025 19:15,5345.81
01/10/2025 19:20,5511.29
01/10/2025 19:25,5473.66
01/10/2025 19:30,5528.58
01/10/2025 19:35,5340.73
01/10/2025 19:40,5393.31
01/10/2025 19:45,5255.47
01/10/2025 19:50,5585.91
01/10/2025 19:55,5367.58
01/10/2025 20:00,5524.16
01/10/2025 20:05,5312.06
01/10/2025 20:10,5396.35
01/10/2025 20:15,5364.03
01/10/2025 20:20,5317.28
01/10/2025 20:25,5366.24
01/10/2025 20:30,5355.86
01/10/2025 20:35,5027.49
01/10/2025 20:40,5159.46
01/10/2025 20:45,5238.73
01/10/2025 20:50,5257.67
01/10/2025 20:55,5338.29
01/10/2025 21:00,5097.52
01/10/2025 21:05,5228.03
01/10/2025 21:10,5184.66
01/10/2025 21:15,4764.71
01/10/2025 21:20,4955.61
01/10/2025 21:25,4958.76
01/10/2025 21:30,4867.36
01/10/2025 21:35,4729.79
01/10/2025 21:40,4715.16
01/10/2025 21:45,4663.91
01/10/2025 21:50,4697.32
01/10/2025 21:55,4571.34
01/10/2025 22:00,4613.29
01/10/2025 22:05,4417.65
01/10/2025 22:10,4396.24
01/10/2025 22:15,4372.65
01/10/2025 22:20,4282.39
01/10/2025 22:25,4265.46
01/10/2025 22:30,4176.08
01/10/2025 22:35,4202.12
01/10/2025 22:40,4104.51
01/10/2025 22:45,3958.64
01/10/2025 22:50,4190.7
01/10/2025 22:55,3969.18
01/10/2025 23:00,3731.36
01/10/2025 23:05,3816.34
01/10/2025 23:10,3944.13
01/10/2025 23:15,3734.23
01/10/2025 23:20,3790.72
01/10/2025 23:25,3665.66
01/10/2025 23:30,3612.09
01/10/2025 23:35,3435.43
01/10/2025 23:40,3568.67
01/10/2025 23:45,3358.33
01/10/2025 23:50,3558.96
01/10/2025 23:55,3410.01
02/10/2025 00:00,3523.02
02/10/2025 00:05,3356.26
02/10/2025 00:10,3167.07
02/10/2025 00:15,3352.79
02/10/2025 00:20,3237.41
02/10/2025 00:25,3150.3
02/10/2025 00:30,3217.63
02/10/2025 00:35,3211.44
02/10/2025 00:40,3018.57
02/10/2025 00:45,3286.07
02/10/2025 00:50,2970.52
02/10/2025 00:55,3103.29
02/10/2025 01:00,3168.13
02/10/2025 01:05,3168.58
02/10/2025 01:10,2933.03
02/10/2025 01:15,3030.58
02/10/2025 01:20,3001.92
02/10/2025 01:25,3001.84
02/10/2025 01:30,2939.33
02/10/2025 01:35,2951.6
02/10/2025 01:40,2792.63
02/10/2025 01:45,2845.6
02/10/2025 01:50,2784.87
02/10/2025 01:55,2676.55
02/10/2025 02:00,2219.32
02/10/2025 02:05,2152.34
02/10/2025 02:10,2357.24
02/10/2025 02:15,2262.41
02/10/2025 02:20,2295.4
02/10/2025 02:25,2485.34
02/10/2025 02:30,2354.79
02/10/2025 02:35,2476.05
02/10/2025 02:40,2334.95
02/10/2025 02:45,2297.58
02/10/2025 02:50,2522.24
02/10/2025 02:55,2528.14
02/10/2025 03:00,2366.7
02/10/2025 03:05,2343.28
02/10/2025 03:10,2253.64
02/10/2025 03:15,2442.96
02/10/2025 03:20,2249.92
02/10/2025 03:25,2159.07
02/10/2025 03:30,2343.27
02/10/2025 03:35,2359.75
02/10/2025 03:40,2162.85
02/10/2025 03:45,2245.75
02/10/2025 03:50,2418.65
02/10/2025 03:55,2223.76
02/10/2025 04:00,2490.59
02/10/2025 04:05,2411.57
02/10/2025 04:10,2277.48
02/10/2025 04:15,2415.16
02/10/2025 04:20,2308.74
02/10/2025 04:25,2354.67
02/10/2025 04:30,2217.65
02/10/2025 04:35,2385.43
02/10/2025 04:40,2205.43
02/10/2025 04:45,2475.0
02/10/2025 04:50,2303.28
02/10/2025 04:55,2253.21
02/10/2025 05:00,2608.74
02/10/2025 05:05,2770.39
02/10/2025 05:10,2746.39
02/10/2025 05:15,2709.24
02/10/2025 05:20,2508.04
02/10/2025 05:25,2820.75
02/10/2025 05:30,2883.58
02/10/2025 05:35,2859.01
02/10/2025 05:40,2854.04
02/10/2025 05:45,2918.62
02/10/2025 05:50,3021.7
02/10/2025 05:55,2989.16
02/10/2025 06:00,2940.22
02/10/2025 06:05,3089.58
02/10/2025 06:10,3189.19
02/10/2025 06:15,3304.05
02/10/2025 06:20,3381.34
02/10/2025 06:25,3194.75
02/10/2025 06:30,3174.54
02/10/2025 06:35,3322.44
02/10/2025 06:40,3410.86
02/10/2025 06:45,3571.04
02/10/2025 06:50,3525.56
02/10/2025 06:55,3407.45
02/10/2025 07:00,3560.79
02/10/2025 07:05,3561.84
02/10/2025 07:10,3669.89
02/10/2025 07:15,3620.87
02/10/2025 07:20,3771.48
02/10/2025 07:25,3741.49
02/10/2025 07:30,3900.99
02/10/2025 07:35,3998.19
02/10/2025 07:40,4029.23
02/10/2025 07:45,3989.56
02/10/2025 07:50,4135.31
02/10/2025 07:55,4152.55
02/10/2025 08:00,4185.76
02/10/2025 08:05,4366.85
02/10/2025 08:10,4255.55
02/10/2025 08:15,4350.1
02/10/2025 08:20,4578.13
02/10/2025 08:25,4490.39
02/10/2025 08:30,4662.4
02/10/2025 08:35,4593.67
02/10/2025 08:40,4699.8
02/10/2025 08:45,4865.12
02/10/2025 08:50,4842.88
02/10/2025 08:55,4904.57
02/10/2025 09:00,4982.77
02/10/2025 09:05,4789.91
02/10/2025 09:10,4987.75
02/10/2025 09:15,5047.43
02/10/2025 09:20,4990.94
02/10/2025 09:25,5109.76
02/10/2025 09:30,5109.52
02/10/2025 09:35,5024.98
02/10/2025 09:40,5483.61
02/10/2025 09:45,5184.68
02/10/2025 09:50,5312.19
02/10/2025 09:55,5148.32
02/10/2025 10:00,5450.58
02/10/2025 10:05,5403.42
02/10/2025 10:10,5061.68
02/10/2025 10:15,5387.3
02/10/2025 10:20,5326.28
02/10/2025 10:25,5390.14
02/10/2025 10:30,5289.8
02/10/2025 10:35,5439.07
02/10/2025 10:40,5234.74
02/10/2025 10:45,5366.24
02/10/2025 10:50,5395.27
02/10/2025 10:55,5348.18
02/10/2025 11:00,5424.21
02/10/2025 11:05,5298.72
02/10/2025 11:10,5139.38
02/10/2025 11:15,5106.06
02/10/2025 11:20,5249.96
02/10/2025 11:25,5200.04
02/10/2025 11:30,4981.89
02/10/2025 11:35,5169.48
02/10/2025 11:40,5059.88
02/10/2025 11:45,5231.6
02/10/2025 11:50,4929.66
02/10/2025 11:55,4831.03
02/10/2025 12:00,4839.28
02/10/2025 12:05,4837.13
02/10/2025 12:10,4742.96
02/10/2025 12:15,4879.7
02/10/2025 12:20,4743.69
02/10/2025 12:25,4903.35
02/10/2025 12:30,4589.47
02/10/2025 12:35,4821.86
02/10/2025 12:40,4643.37
02/10/2025 12:45,4875.94
02/10/2025 12:50,4729.28
02/10/2025 12:55,4750.38
02/10/2025 13:00,4631.5
02/10/2025 13:05,4837.04
02/10/2025 13:10,4771.2
02/10/2025 13:15,4712.27
02/10/2025 13:20,4799.93
02/10/2025 13:25,4488.41
02/10/2025 13:30,4623.74
02/10/2025 13:35,4619.59
02/10/2025 13:40,4630.17
02/10/2025 13:45,4772.45
02/10/2025 13:50,4711.29
02/10/2025 13:55,4559.98
02/10/2025 14:00,4660.47
02/10/2025 14:05,4561.22
02/10/2025 14:10,4554.59
02/10/2025 14:15,4587.81
02/10/2025 14:20,4540.17
02/10/2025 14:25,4685.99
02/10/2025 14:30,4596.99
02/10/2025 14:35,4664.63
02/10/2025 14:40,4577.18
02/10/2025 14:45,4648.67
02/10/2025 14:50,4566.48
02/10/2025 14:55,4469.1
02/10/2025 15:00,4645.34
02/10/2025 15:05,4567.54
02/10/2025 15:10,4654.9
02/10/2025 15:15,4578.8
02/10/2025 15:20,4621.65
02/10/2025 15:25,4523.76
02/10/2025 15:30,4608.75
02/10/2025 15:35,4612.75
02/10/2025 15:40,4653.55
02/10/2025 15:45,4661.28
02/10/2025 15:50,4713.16
02/10/2025 15:55,4698.46
02/10/2025 16:00,4701.6
02/10/2025 16:05,4783.14
02/10/2025 16:10,4908.66
02/10/2025 16:15,4916.53
02/10/2025 16:20,4632.83
02/10/2025 16:25,4845.54
02/10/2025 16:30,4745.69
02/10/2025 16:35,4946.9
02/10/2025 16:40,4892.95
02/10/2025 16:45,4901.57
02/10/2025 16:50,4929.97
02/10/2025 16:55,4951.81
02/10/2025 17:00,4845.99
02/10/2025 17:05,4986.82
02/10/2025 17:10,4990.89
02/10/2025 17:15,4941.3
02/10/2025 17:20,5015.74
02/10/2025 17:25,5074.69
02/10/2025 17:30,5064.68
02/10/2025 17:35,4978.62
02/10/2025 17:40,5276.31
02/10/2025 17:45,5180.27
02/10/2025 17:50,5134.89
02/10/2025 17:55,4875.65
02/10/2025 18:00,5188.01
02/10/2025 18:05,5196.8
02/10/2025 18:10,5149.43
02/10/2025 18:15,5218.94
02/10/2025 18:20,5282.93
02/10/2025 18:25,5184.99
02/10/2025 18:30,5282.84
02/10/2025 18:35,5352.53
02/10/2025 18:40,5285.77
02/10/2025 18:45,5323.82
02/10/2025 18:50,5341.47
02/10/2025 18:55,5442.48
02/10/2025 19:00,5322.8
02/10/2025 19:05,5442.81
02/10/2025 19:10,5550.4
02/10/2025 19:15,5646.82
02/10/2025 19:20,5398.13
02/10/2025 19:25,5375.7
02/10/2025 19:30,5345.62
02/10/2025 19:35,5401.83
02/10/2025 19:40,5441.14
02/10/2025 19:45,5533.55
02/10/2025 19:50,5446.45
02/10/2025 19:55,5467.02
02/10/2025 20:00,5505.28
02/10/2025 20:05,5411.32
02/10/2025 20:10,5252.89
02/10/2025 20:15,5352.82
02/10/2025 20:20,5340.16
02/10/2025 20:25,5300.03
02/10/2025 20:30,5360.52
02/10/2025 20:35,5342.72
02/10/2025 20:40,5323.99
02/10/2025 20:45,5326.18
02/10/2025 20:50,5206.46
02/10/2025 20:55,5120.47
02/10/2025 21:00,5305.99
02/10/2025 21:05,5043.9
02/10/2025 21:10,4913.75
02/10/2025 21:15,4954.69
02/10/2025 21:20,4941.69
02/10/2025 21:25,4838.99
02/10/2025 21:30,4902.28
02/10/2025 21:35,4959.0
02/10/2025 21:40,4711.45
02/10/2025 21:45,4645.74
02/10/2025 21:50,4705.51
02/10/2025 21:55,4734.54
02/10/2025 22:00,4575.27
02/10/2025 22:05,4539.92
02/10/2025 22:10,4336.68
02/10/2025 22:15,4357.0
02/10/2025 22:20,4380.23
02/10/2025 22:25,4338.1
02/10/2025 22:30,4338.37
02/10/2025 22:35,4179.16
02/10/2025 22:40,4166.86
02/10/2025 22:45,4039.66
02/10/2025 22:50,4154.95
02/10/2025 22:55,3996.12
02/10/2025 23:00,3876.26
02/10/2025 23:05,3760.44
02/10/2025 23:10,3878.87
02/10/2025 23:15,3863.14
02/10/2025 23:20,3773.16
02/10/2025 23:25,3742.43
02/10/2025 23:30,3605.6
02/10/2025 23:35,3697.36
02/10/2025 23:40,3362.3
02/10/2025 23:45,3546.85
02/10/2025 23:50,3492.29
02/10/2025 23:55,3378.92
03/10/2025 00:00,3287.13
03/10/2025 00:05,3388.69
03/10/2025 00:10,3180.47
03/10/2025 00:15,3236.93
03/10/2025 00:20,3185.8
03/10/2025 00:25,3257.02
03/10/2025 00:30,3052.03
03/10/2025 00:35,3237.18
03/10/2025 00:40,3026.77
03/10/2025 00:45,3017.37
03/10/2025 00:50,3222.75
03/10/2025 00:55,3025.98
03/10/2025 01:00,3069.37
03/10/2025 01:05,2989.85
03/10/2025 01:10,3068.64
03/10/2025 01:15,2997.02
03/10/2025 01:20,3036.55
03/10/2025 01:25,3044.64
03/10/2025 01:30,2919.03
03/10/2025 01:35,2939.73
03/10/2025 01:40,2971.15
03/10/2025 01:45,2850.25
03/10/2025 01:50,2718.31
03/10/2025 01:55,2862.61
03/10/2025 02:00,2220.59
03/10/2025 02:05,2294.22
03/10/2025 02:10,2376.21
03/10/2025 02:15,2370.13
03/10/2025 02:20,2473.75
03/10/2025 02:25,2316.06
03/10/2025 02:30,2412.16
03/10/2025 02:35,2447.59
03/10/2025 02:40,2490.02
03/10/2025 02:45,2399.83
03/10/2025 02:50,2358.92
03/10/2025 02:55,2328.92
03/10/2025 03:00,2303.48
03/10/2025 03:05,2161.66
03/10/2025 03:10,2330.0
03/10/2025 03:15,2333.98
03/10/2025 03:20,2344.61
03/10/2025 03:25,2369.68
03/10/2025 03:30,2304.21
03/10/2025 03:35,2181.14
03/10/2025 03:40,2314.05
03/10/2025 03:45,2474.81
03/10/2025 03:50,2368.33
03/10/2025 03:55,2349.99
03/10/2025 04:00,2376.16
03/10/2025 04:05,2529.97
03/10/2025 04:10,2284.21
03/10/2025 04:15,2207.83
03/10/2025 04:20,2170.84
03/10/2025 04:25,2206.25
03/10/2025 04:30,2208.09
03/10/2025 04:35,2325.38
03/10/2025 04:40,2318.01
03/10/2025 04:45,2349.98
03/10/2025 04:50,2181.1
03/10/2025 04:55,2411.98
03/10/2025 05:00,2614.93
03/10/2025 05:05,2611.84
03/10/2025 05:10,2574.57
03/10/2025 05:15,2622.51
03/10/2025 05:20,2729.37
03/10/2025 05:25,2745.99
03/10/2025 05:30,2719.11
03/10/2025 05:35,2818.16
03/10/2025 05:40,2908.87
03/10/2025 05:45,2949.53
03/10/2025 05:50,2983.78
03/10/2025 05:55,3054.86
03/10/2025 06:00,2954.52
03/10/2025 06:05,3099.58
03/10/2025 06:10,3207.23
03/10/2025 06:15,3128.37
03/10/2025 06:20,3155.69
03/10/2025 06:25,3162.53
03/10/2025 06:30,3161.86
03/10/2025 06:35,3347.3
03/10/2025 06:40,3317.84
03/10/2025 06:45,3343.94
03/10/2025 06:50,3461.16
03/10/2025 06:55,3467.81
03/10/2025 07:00,3614.95
03/10/2025 07:05,3613.88
03/10/2025 07:10,3671.1
03/10/2025 07:15,3698.69
03/10/2025 07:20,3587.73
03/10/2025 07:25,3888.4
03/10/2025 07:30,3711.92
03/10/2025 07:35,3913.09
03/10/2025 07:40,4097.93
03/10/2025 07:45,4063.65
03/10/2025 07:50,4060.13
03/10/2025 07:55,4223.89
03/10/2025 08:00,4350.46
03/10/2025 08:05,4300.48
03/10/2025 08:10,4570.4
03/10/2025 08:15,4515.65
03/10/2025 08:20,4459.85
03/10/2025 08:25,4700.14
03/10/2025 08:30,4573.06
03/10/2025 08:35,4627.57
03/10/2025 08:40,4881.35
03/10/2025 08:45,4701.22
03/10/2025 08:50,4744.5
03/10/2025 08:55,4913.75
03/10/2025 09:00,4945.28
03/10/2025 09:05,4926.19
03/10/2025 09:10,5024.6
03/10/2025 09:15,5027.75
03/10/2025 09:20,5016.95
03/10/2025 09:25,5157.03
03/10/2025 09:30,5151.77
03/10/2025 09:35,5185.72
03/10/2025 09:40,5167.99
03/10/2025 09:45,5271.61
03/10/2025 09:50,5332.75
03/10/2025 09:55,5272.08
03/10/2025 10:00,5276.33
03/10/2025 10:05,5399.62
03/10/2025 10:10,5245.32
03/10/2025 10:15,5336.51
03/10/2025 10:20,5306.73
03/10/2025 10:25,5367.86
03/10/2025 10:30,5420.77
03/10/2025 10:35,5312.25
03/10/2025 10:40,5382.56
03/10/2025 10:45,5339.75
03/10/2025 10:50,5501.02
03/10/2025 10:55,5422.76
03/10/2025 11:00,5140.36
03/10/2025 11:05,5215.74
03/10/2025 11:10,5096.41
03/10/2025 11:15,5240.51
03/10/2025 11:20,5203.37
03/10/2025 11:25,5225.99
03/10/2025 11:30,5133.51
03/10/2025 11:35,5197.97
03/10/2025 11:40,5096.89
03/10/2025 11:45,4938.9
03/10/2025 11:50,5063.43
03/10/2025 11:55,4965.08
03/10/2025 12:00,4852.94
03/10/2025 12:05,4795.71
03/10/2025 12:10,4712.64
03/10/2025 12:15,4894.49
03/10/2025 12:20,4812.74
03/10/2025 12:25,4904.84
03/10/2025 12:30,4678.0
03/10/2025 12:35,4746.67
03/10/2025 12:40,4827.78
03/10/2025 12:45,4820.83
03/10/2025 12:50,4833.24
03/10/2025 12:55,4548.21
03/10/2025 13:00,4733.39
03/10/2025 13:05,4626.01
03/10/2025 13:10,4850.24
03/10/2025 13:15,4807.11
03/10/2025 13:20,4757.07
03/10/2025 13:25,4697.43
03/10/2025 13:30,4654.85
03/10/2025 13:35,4806.64
03/10/2025 13:40,4790.73
03/10/2025 13:45,4522.46
03/10/2025 13:50,4681.52
03/10/2025 13:55,4797.77
03/10/2025 14:00,4593.52
03/10/2025 14:05,4578.78
03/10/2025 14:10,4788.89
03/10/2025 14:15,4710.74
03/10/2025 14:20,4442.57
03/10/2025 14:25,4661.97
03/10/2025 14:30,4545.24
03/10/2025 14:35,4522.46
03/10/2025 14:40,4700.21
03/10/2025 14:45,4618.29
03/10/2025 14:50,4737.66
03/10/2025 14:55,4577.05
03/10/2025 15:00,4552.28
03/10/2025 15:05,4597.14
03/10/2025 15:10,4441.92
03/10/2025 15:15,4636.12
03/10/2025 15:20,4688.56
03/10/2025 15:25,4561.32
03/10/2025 15:30,4613.96
03/10/2025 15:35,4717.58
03/10/2025 15:40,4795.32
03/10/2025 15:45,4702.84
03/10/2025 15:50,4798.6
03/10/2025 15:55,4584.76
03/10/2025 16:00,4901.79
03/10/2025 16:05,4763.98
03/10/2025 16:10,4756.18
03/10/2025 16:15,4719.62
03/10/2025 16:20,4758.28
03/10/2025 16:25,4868.04
03/10/2025 16:30,4899.37
03/10/2025 16:35,4890.17
03/10/2025 16:40,4799.79
03/10/2025 16:45,4902.94
03/10/2025 16:50,4952.6
03/10/2025 16:55,4979.49
03/10/2025 17:00,4932.63
03/10/2025 17:05,4995.22
03/10/2025 17:10,4952.17
03/10/2025 17:15,5074.05
03/10/2025 17:20,5017.99
03/10/2025 17:25,5045.46
03/10/2025 17:30,5012.89
03/10/2025 17:35,5165.91
03/10/2025 17:40,5127.04
03/10/2025 17:45,5096.24
03/10/2025 17:50,5291.57
03/10/2025 17:55,5070.64
03/10/2025 18:00,5147.26
03/10/2025 18:05,5241.59
03/10/2025 18:10,5109.58
03/10/2025 18:15,5254.48
03/10/2025 18:20,5379.86
03/10/2025 18:25,5195.06
03/10/2025 18:30,5326.09
03/10/2025 18:35,5343.97
03/10/2025 18:40,5261.85
03/10/2025 18:45,5389.4
03/10/2025 18:50,5316.66
03/10/2025 18:55,5326.39
03/10/2025 19:00,5444.23
03/10/2025 19:05,5367.45
03/10/2025 19:10,5369.2
03/10/2025 19:15,5458.25
03/10/2025 19:20,5384.81
03/10/2025 19:25,5479.96
03/10/2025 19:30,5373.67
03/10/2025 19:35,5395.16
03/10/2025 19:40,5345.41
03/10/2025 19:45,5384.68
03/10/2025 19:50,5393.51
03/10/2025 19:55,5450.06
03/10/2025 20:00,5486.37
03/10/2025 20:05,5291.08
03/10/2025 20:10,5209.22
03/10/2025 20:15,5351.39
03/10/2025 20:20,5113.52
03/10/2025 20:25,5317.11
03/10/2025 20:30,5407.99
03/10/2025 20:35,5308.12
03/10/2025 20:40,5350.15
03/10/2025 20:45,5294.43
03/10/2025 20:50,5225.2
03/10/2025 20:55,5125.62
03/10/2025 21:00,5099.02
03/10/2025 21:05,5054.32
03/10/2025 21:10,5157.26
03/10/2025 21:15,4984.45
03/10/2025 21:20,5055.78
03/10/2025 21:25,5019.91
03/10/2025 21:30,5023.6
03/10/2025 21:35,4782.55
03/10/2025 21:40,4736.47
03/10/2025 21:45,4743.68
03/10/2025 21:50,4615.22
03/10/2025 21:55,4583.6
03/10/2025 22:00,4440.33
03/10/2025 22:05,4501.81
03/10/2025 22:10,4575.39
03/10/2025 22:15,4575.96
03/10/2025 22:20,4403.85
03/10/2025 22:25,4492.72
03/10/2025 22:30,4307.12
03/10/2025 22:35,4171.25
03/10/2025 22:40,4113.35
03/10/2025 22:45,3967.32
03/10/2025 22:50,3901.89
03/10/2025 22:55,4071.44
03/10/2025 23:00,3962.02
03/10/2025 23:05,3899.94
03/10/2025 23:10,3954.49
03/10/2025 23:15,3801.43
03/10/2025 23:20,3856.28
03/10/2025 23:25,3584.68
03/10/2025 23:30,3651.86
03/10/2025 23:35,3542.95
03/10/2025 23:40,3363.96
03/10/2025 23:45,3591.09
03/10/2025 23:50,3434.43
03/10/2025 23:55,3425.43
04/10/2025 00:00,3063.39
04/10/2025 00:05,3140.06
04/10/2025 00:10,3297.88
04/10/2025 00:15,2961.38
04/10/2025 00:20,3037.32
04/10/2025 00:25,3027.16
04/10/2025 00:30,2799.04
04/10/2025 00:35,2956.91
04/10/2025 00:40,2860.32
04/10/2025 00:45,2863.65
04/10/2025 00:50,2923.79
04/10/2025 00:55,2713.4
04/10/2025 01:00,2866.0
04/10/2025 01:05,2888.02
04/10/2025 01:10,2616.8
04/10/2025 01:15,2754.23
04/10/2025 01:20,2580.36
04/10/2025 01:25,2693.24
04/10/2025 01:30,2703.78
04/10/2025 01:35,2620.33
04/10/2025 01:40,2495.49
04/10/2025 01:45,2585.96
04/10/2025 01:50,2552.06
04/10/2025 01:55,2547.63
04/10/2025 02:00,2233.1
04/10/2025 02:05,2146.44
04/10/2025 02:10,2130.46
04/10/2025 02:15,2066.24
04/10/2025 02:20,2128.5
04/10/2025 02:25,2116.9
04/10/2025 02:30,2081.23
04/10/2025 02:35,2125.71
04/10/2025 02:40,2161.72
04/10/2025 02:45,2137.61
04/10/2025 02:50,2005.5
04/10/2025 02:55,2137.05
04/10/2025 03:00,2061.71
04/10/2025 03:05,2085.91
04/10/2025 03:10,2027.33
04/10/2025 03:15,1949.05
04/10/2025 03:20,2069.93
04/10/2025 03:25,2160.81
04/10/2025 03:30,2217.45
04/10/2025 03:35,2169.58
04/10/2025 03:40,2027.63
04/10/2025 03:45,2133.69
04/10/2025 03:50,2094.62
04/10/2025 03:55,2197.75
04/10/2025 04:00,2264.91
04/10/2025 04:05,2151.63
04/10/2025 04:10,2078.1
04/10/2025 04:15,2035.9
04/10/2025 04:20,2213.81
04/10/2025 04:25,1991.83
04/10/2025 04:30,2092.55
04/10/2025 04:35,2213.73
04/10/2025 04:40,2132.33
04/10/2025 04:45,2002.44
04/10/2025 04:50,2073.84
04/10/2025 04:55,2133.6
04/10/2025 05:00,2354.84
04/10/2025 05:05,2232.36
04/10/2025 05:10,2409.05
04/10/2025 05:15,2350.86
04/10/2025 05:20,2541.07
04/10/2025 05:25,2517.78
04/10/2025 05:30,2336.22
04/10/2025 05:35,2762.64
04/10/2025 05:40,2629.66
04/10/2025 05:45,2539.0
04/10/2025 05:50,2748.67
04/10/2025 05:55,2921.76
04/10/2025 06:00,2898.38
04/10/2025 06:05,2773.17
04/10/2025 06:10,2891.68
04/10/2025 06:15,2864.29
04/10/2025 06:20,3060.99
04/10/2025 06:25,2982.81
04/10/2025 06:30,3093.66
04/10/2025 06:35,3222.43
04/10/2025 06:40,3012.02
04/10/2025 06:45,3281.02
04/10/2025 06:50,3096.56
04/10/2025 06:55,3206.49
04/10/2025 07:00,3237.63
04/10/2025 07:05,3322.13
04/10/2025 07:10,3323.21
04/10/2025 07:15,3496.14
04/10/2025 07:20,3537.37
04/10/2025 07:25,3597.4
04/10/2025 07:30,3742.78
04/10/2025 07:35,3688.87
04/10/2025 07:40,3873.31
04/10/2025 07:45,3848.18
04/10/2025 07:50,3828.91
04/10/2025 07:55,3830.6
04/10/2025 08:00,3904.05
04/10/2025 08:05,3945.78
04/10/2025 08:10,4096.03
04/10/2025 08:15,4116.99
04/10/2025 08:20,4365.89
04/10/2025 08:25,4401.0
04/10/2025 08:30,4299.65
04/10/2025 08:35,4418.72
04/10/2025 08:40,4376.08
04/10/2025 08:45,4504.71
04/10/2025 08:50,4674.25
04/10/2025 08:55,4702.38
04/10/2025 09:00,4541.15
04/10/2025 09:05,4609.44
04/10/2025 09:10,4861.42
04/10/2025 09:15,4860.49
04/10/2025 09:20,4827.33
04/10/2025 09:25,4826.94
04/10/2025 09:30,4895.2
04/10/2025 09:35,4926.03
04/10/2025 09:40,5018.19
04/10/2025 09:45,4950.64
04/10/2025 09:50,4956.9
04/10/2025 09:55,5075.98
04/10/2025 10:00,5006.68
04/10/2025 10:05,5077.02
04/10/2025 10:10,5002.41
04/10/2025 10:15,5101.41
04/10/2025 10:20,5059.55
04/10/2025 10:25,5068.98
04/10/2025 10:30,5072.35
04/10/2025 10:35,5119.08
04/10/2025 10:40,5033.65
04/10/2025 10:45,4925.8
04/10/2025 10:50,5095.96
04/10/2025 10:55,4994.91
04/10/2025 11:00,4936.62
04/10/2025 11:05,5070.92
04/10/2025 11:10,5124.14
04/10/2025 11:15,5112.93
04/10/2025 11:20,4982.68
04/10/2025 11:25,4753.21
04/10/2025 11:30,4730.02
04/10/2025 11:35,4834.71
04/10/2025 11:40,4882.1
04/10/2025 11:45,4779.09
04/10/2025 11:50,4858.9
04/10/2025 11:55,4740.86
04/10/2025 12:00,4710.05
04/10/2025 12:05,4635.36
04/10/2025 12:10,4522.04
04/10/2025 12:15,4553.37
04/10/2025 12:20,4689.5
04/10/2025 12:25,4564.44
04/10/2025 12:30,4595.64
04/10/2025 12:35,4596.87
04/10/2025 12:40,4591.33
04/10/2025 12:45,4526.36
04/10/2025 12:50,4450.7
04/10/2025 12:55,4434.55
04/10/2025 13:00,4526.34
04/10/2025 13:05,4387.25
04/10/2025 13:10,4455.48
04/10/2025 13:15,4478.49
04/10/2025 13:20,4486.96
04/10/2025 13:25,4437.94
04/10/2025 13:30,4359.71
04/10/2025 13:35,4482.17
04/10/2025 13:40,4522.2
04/10/2025 13:45,4651.26
04/10/2025 13:50,4411.74
04/10/2025 13:55,4458.89
04/10/2025 14:00,4394.37
04/10/2025 14:05,4357.86
04/10/2025 14:10,4303.73
04/10/2025 14:15,4519.48
04/10/2025 14:20,4450.23
04/10/2025 14:25,4428.84
04/10/2025 14:30,4279.36
04/10/2025 14:35,4295.26
04/10/2025 14:40,4348.16
04/10/2025 14:45,4291.99
04/10/2025 14:50,4355.87
04/10/2025 14:55,4344.8
04/10/2025 15:00,4324.27
04/10/2025 15:05,4316.34
04/10/2025 15:10,4211.93
04/10/2025 15:15,4323.23
04/10/2025 15:20,4317.46
04/10/2025 15:25,4306.89
04/10/2025 15:30,4310.25
04/10/2025 15:35,4318.09
04/10/2025 15:40,4465.35
04/10/2025 15:45,4608.41
04/10/2025 15:50,4398.64
04/10/2025 15:55,4521.38
04/10/2025 16:00,4509.55
04/10/2025 16:05,4546.78
04/10/2025 16:10,4424.19
04/10/2025 16:15,4558.87
04/10/2025 16:20,4439.34
04/10/2025 16:25,4581.34
04/10/2025 16:30,4688.55
04/10/2025 16:35,4571.68
04/10/2025 16:40,4714.46
04/10/2025 16:45,4765.21
04/10/2025 16:50,4598.64
04/10/2025 16:55,4635.45
04/10/2025 17:00,4645.97
04/10/2025 17:05,4894.53
04/10/2025 17:10,4781.96
04/10/2025 17:15,4745.17
04/10/2025 17:20,4830.63
04/10/2025 17:25,4746.34
04/10/2025 17:30,4818.58
04/10/2025 17:35,4777.13
04/10/2025 17:40,4727.24
04/10/2025 17:45,4788.6
04/10/2025 17:50,4866.3
04/10/2025 17:55,4860.01
04/10/2025 18:00,4994.7
04/10/2025 18:05,5004.31
04/10/2025 18:10,4908.34
04/10/2025 18:15,4817.68
04/10/2025 18:20,5091.67
04/10/2025 18:25,4973.8
04/10/2025 18:30,4983.66
04/10/2025 18:35,5192.41
04/10/2025 18:40,5113.49
04/10/2025 18:45,5123.84
04/10/2025 18:50,5095.6
04/10/2025 18:55,4992.33
04/10/2025 19:00,5301.11
04/10/2025 19:05,5213.75
04/10/2025 19:10,5193.44
04/10/2025 19:15,5178.32
04/10/2025 19:20,5154.93
04/10/2025 19:25,5299.31
04/10/2025 19:30,5069.74
04/10/2025 19:35,5304.88
04/10/2025 19:40,5231.7
04/10/2025 19:45,5062.82
04/10/2025 19:50,5178.63
04/10/2025 19:55,5089.47
04/10/2025 20:00,5258.3
04/10/2025 20:05,5285.8
04/10/2025 20:10,5084.79
04/10/2025 20:15,5178.75
04/10/2025 20:20,5151.51
04/10/2025 20:25,5178.64
04/10/2025 20:30,5099.69
04/10/2025 20:35,4933.84
04/10/2025 20:40,4798.98
04/10/2025 20:45,4993.98
04/10/2025 20:50,5092.6
04/10/2025 20:55,4999.19
04/10/2025 21:00,4949.12
04/10/2025 21:05,4827.63
04/10/2025 21:10,4757.45
04/10/2025 21:15,4643.38
04/10/2025 21:20,4813.57
04/10/2025 21:25,4656.79
04/10/2025 21:30,4585.22
04/10/2025 21:35,4648.66
04/10/2025 21:40,4531.77
04/10/2025 21:45,4590.86
04/10/2025 21:50,4304.81
04/10/2025 21:55,4420.82
04/10/2025 22:00,4362.7
04/10/2025 22:05,4340.86
04/10/2025 22:10,4178.56
04/10/2025 22:15,4182.96
04/10/2025 22:20,4057.84
04/10/2025 22:25,3911.79
04/10/2025 22:30,4013.95
04/10/2025 22:35,3965.1
04/10/2025 22:40,3835.46
04/10/2025 22:45,3801.22
04/10/2025 22:50,3739.46
04/10/2025 22:55,3848.13
04/10/2025 23:00,3625.11
04/10/2025 23:05,3700.31
04/10/2025 23:10,3632.77
04/10/2025 23:15,3714.08
04/10/2025 23:20,3301.16
04/10/2025 23:25,3427.37
04/10/2025 23:30,3477.37
04/10/2025 23:35,3410.19
04/10/2025 23:40,3382.46
04/10/2025 23:45,3244.74
04/10/2025 23:50,3147.77
04/10/2025 23:55,3241.45
05/10/2025 00:00,3089.69
05/10/2025 00:05,3112.05
05/10/2025 00:10,3099.77
05/10/2025 00:15,2957.46
05/10/2025 00:20,2932.9
05/10/2025 00:25,3047.02
05/10/2025 00:30,2842.69
05/10/2025 00:35,3028.24
05/10/2025 00:40,2890.61
05/10/2025 00:45,2777.74
05/10/2025 00:50,2938.22
05/10/2025 00:55,2801.13
05/10/2025 01:00,2846.63
05/10/2025 01:05,2757.08
05/10/2025 01:10,2660.36
05/10/2025 01:15,2723.65
05/10/2025 01:20,2649.04
05/10/2025 01:25,2686.68
05/10/2025 01:30,2688.19
05/10/2025 01:35,2551.65
05/10/2025 01:40,2640.84
05/10/2025 01:45,2600.49
05/10/2025 01:50,2570.32
05/10/2025 01:55,2462.59
05/10/2025 02:00,2157.03
05/10/2025 02:05,2169.52
05/10/2025 02:10,2072.2
05/10/2025 02:15,2153.43
05/10/2025 02:20,2031.62
05/10/2025 02:25,2037.11
05/10/2025 02:30,2167.87
05/10/2025 02:35,2229.56
05/10/2025 02:40,2018.22
05/10/2025 02:45,2150.12
05/10/2025 02:50,1986.02
05/10/2025 02:55,2056.44
05/10/2025 03:00,2104.16
05/10/2025 03:05,2116.83
05/10/2025 03:10,2234.33
05/10/2025 03:15,2181.6
05/10/2025 03:20,2151.44
05/10/2025 03:25,2048.11
05/10/2025 03:30,2226.42
05/10/2025 03:35,2164.18
05/10/2025 03:40,2116.76
05/10/2025 03:45,2311.98
05/10/2025 03:50,1953.28
05/10/2025 03:55,2177.82
05/10/2025 04:00,1965.27
05/10/2025 04:05,2002.62
05/10/2025 04:10,1900.0
05/10/2025 04:15,2254.41
05/10/2025 04:20,2133.9
05/10/2025 04:25,2288.32
05/10/2025 04:30,2098.83
05/10/2025 04:35,2101.76
05/10/2025 04:40,2004.77
05/10/2025 04:45,2102.85
05/10/2025 04:50,2019.56
05/10/2025 04:55,2019.1
05/10/2025 05:00,2311.86
05/10/2025 05:05,2297.4
05/10/2025 05:10,2491.71
05/10/2025 05:15,2444.24
05/10/2025 05:20,2338.57
05/10/2025 05:25,2354.07
05/10/2025 05:30,2427.9
05/10/2025 05:35,2562.37
05/10/2025 05:40,2534.6
05/10/2025 05:45,2718.02
05/10/2025 05:50,2800.0
05/10/2025 05:55,2728.02
05/10/2025 06:00,2892.9
05/10/2025 06:05,2822.0
05/10/2025 06:10,2957.89
05/10/2025 06:15,2924.5
05/10/2025 06:20,2960.01
05/10/2025 06:25,3107.61
05/10/2025 06:30,3044.05
05/10/2025 06:35,3156.15
05/10/2025 06:40,3060.18
05/10/2025 06:45,3036.74
05/10/2025 06:50,3293.01
05/10/2025 06:55,3283.22
05/10/2025 07:00,3243.68
05/10/2025 07:05,3443.64
05/10/2025 07:10,3452.17
05/10/2025 07:15,3455.01
05/10/2025 07:20,3544.53
05/10/2025 07:25,3650.65
05/10/2025 07:30,3795.67
05/10/2025 07:35,3703.18
05/10/2025 07:40,3703.63
05/10/2025 07:45,3704.05
05/10/2025 07:50,3920.59
05/10/2025 07:55,4025.08
05/10/2025 08:00,3827.72
05/10/2025 08:05,4000.53
05/10/2025 08:10,4237.68
05/10/2025 08:15,4151.46
05/10/2025 08:20,4245.55
05/10/2025 08:25,4325.28
05/10/2025 08:30,4366.77
05/10/2025 08:35,4391.05
05/10/2025 08:40,4473.73
05/10/2025 08:45,4571.57
05/10/2025 08:50,4493.02
05/10/2025 08:55,4609.42
05/10/2025 09:00,4868.35
05/10/2025 09:05,4804.8
05/10/2025 09:10,4760.45
05/10/2025 09:15,4797.07
05/10/2025 09:20,4919.26
05/10/2025 09:25,5034.77
05/10/2025 09:30,4884.73
05/10/2025 09:35,5058.71
05/10/2025 09:40,4839.79
05/10/2025 09:45,4855.94
05/10/2025 09:50,5014.46
05/10/2025 09:55,4992.6
05/10/2025 10:00,5082.07
05/10/2025 10:05,5069.64
05/10/2025 10:10,5047.62
05/10/2025 10:15,4975.27
05/10/2025 10:20,5002.37
05/10/2025 10:25,5132.13
05/10/2025 10:30,5059.91
05/10/2025 10:35,5195.53
05/10/2025 10:40,5135.29
05/10/2025 10:45,5101.79
05/10/2025 10:50,5042.44
05/10/2025 10:55,5083.18
05/10/2025 11:00,5055.78
05/10/2025 11:05,5098.65
05/10/2025 11:10,5080.51
05/10/2025 11:15,4807.07
05/10/2025 11:20,5127.85
05/10/2025 11:25,4902.5
05/10/2025 11:30,4907.44
05/10/2025 11:35,4870.01
05/10/2025 11:40,4789.6
05/10/2025 11:45,4795.15
05/10/2025 11:50,4662.72
05/10/2025 11:55,4719.41
05/10/2025 12:00,4579.19
05/10/2025 12:05,4550.2
05/10/2025 12:10,4679.04
05/10/2025 12:15,4559.68
05/10/2025 12:20,4623.98
05/10/2025 12:25,4611.64
05/10/2025 12:30,4728.35
05/10/2025 12:35,4497.12
05/10/2025 12:40,4405.0
05/10/2025 12:45,4457.95
05/10/2025 12:50,4501.92
05/10/2025 12:55,4605.0
05/10/2025 13:00,4433.62
05/10/2025 13:05,4399.72
05/10/2025 13:10,4444.61
05/10/2025 13:15,4478.99
05/10/2025 13:20,4450.87
05/10/2025 13:25,4505.94
05/10/2025 13:30,4501.57
05/10/2025 13:35,4526.93
05/10/2025 13:40,4532.11
05/10/2025 13:45,4431.83
05/10/2025 13:50,4381.58
05/10/2025 13:55,4429.75
05/10/2025 14:00,4488.86
05/10/2025 14:05,4333.49
05/10/2025 14:10,4434.03
05/10/2025 14:15,4201.5
05/10/2025 14:20,4299.66
05/10/2025 14:25,4435.96
05/10/2025 14:30,4360.8
05/10/2025 14:35,4330.67
05/10/2025 14:40,4315.02
05/10/2025 14:45,4345.82
05/10/2025 14:50,4462.17
05/10/2025 14:55,4247.09
05/10/2025 15:00,4414.04
05/10/2025 15:05,4363.18
05/10/2025 15:10,4329.99
05/10/2025 15:15,4476.03
05/10/2025 15:20,4339.68
05/10/2025 15:25,4304.13
05/10/2025 15:30,4526.48
05/10/2025 15:35,4398.25
05/10/2025 15:40,4376.31
05/10/2025 15:45,4407.53
05/10/2025 15:50,4593.13
05/10/2025 15:55,4514.26
05/10/2025 16:00,4509.72
05/10/2025 16:05,4489.96
05/10/2025 16:10,4468.67
05/10/2025 16:15,4585.64
05/10/2025 16:20,4522.05
05/10/2025 16:25,4534.82
05/10/2025 16:30,4670.41
05/10/2025 16:35,4584.29
05/10/2025 16:40,4595.12
05/10/2025 16:45,4626.37
05/10/2025 16:50,4720.68
05/10/2025 16:55,4695.24
05/10/2025 17:00,4684.34
05/10/2025 17:05,4709.43
05/10/2025 17:10,4763.84
05/10/2025 17:15,4786.67
05/10/2025 17:20,4819.42
05/10/2025 17:25,4844.7
05/10/2025 17:30,4827.18
05/10/2025 17:35,4962.25
05/10/2025 17:40,4918.95
05/10/2025 17:45,4793.75
05/10/2025 17:50,4849.69
05/10/2025 17:55,4855.13
05/10/2025 18:00,4817.51
05/10/2025 18:05,4838.07
05/10/2025 18:10,4901.78
05/10/2025 18:15,5027.87
05/10/2025 18:20,5008.81
05/10/2025 18:25,4989.06
05/10/2025 18:30,4997.8
05/10/2025 18:35,5126.77
05/10/2025 18:40,5025.14
05/10/2025 18:45,5163.3
05/10/2025 18:50,5211.76
05/10/2025 18:55,5042.6
05/10/2025 19:00,5162.67
05/10/2025 19:05,5049.99
05/10/2025 19:10,5236.14
05/10/2025 19:15,5238.97
05/10/2025 19:20,5105.05
05/10/2025 19:25,5234.05
05/10/2025 19:30,5132.59
05/10/2025 19:35,5186.16
05/10/2025 19:40,5330.29
05/10/2025 19:45,5207.7
05/10/2025 19:50,5253.77
05/10/2025 19:55,5088.83
05/10/2025 20:00,5161.45
05/10/2025 20:05,5173.17
05/10/2025 20:10,5076.4
05/10/2025 20:15,4984.31
05/10/2025 20:20,5187.18
05/10/2025 20:25,5107.72
05/10/2025 20:30,5055.71
05/10/2025 20:35,5050.09
05/10/2025 20:40,5103.05
05/10/2025 20:45,4887.36
05/10/2025 20:50,5010.19
05/10/2025 20:55,4902.06
05/10/2025 21:00,4922.88
05/10/2025 21:05,5052.54
05/10/2025 21:10,4770.16
05/10/2025 21:15,4663.63
05/10/2025 21:20,4689.37
05/10/2025 21:25,4610.24
05/10/2025 21:30,4428.76
05/10/2025 21:35,4633.47
05/10/2025 21:40,4520.15
05/10/2025 21:45,4432.14
05/10/2025 21:50,4296.85
05/10/2025 21:55,4469.73
05/10/2025 22:00,4225.35
05/10/2025 22:05,4307.29
05/10/2025 22:10,4238.85
05/10/2025 22:15,4139.14
05/10/2025 22:20,4009.46
05/10/2025 22:25,3998.84
05/10/2025 22:30,4112.99
05/10/2025 22:35,3851.53
05/10/2025 22:40,3793.51
05/10/2025 22:45,3887.14
05/10/2025 22:50,3828.3
05/10/2025 22:55,3822.9
05/10/2025 23:00,3653.92
05/10/2025 23:05,3684.59
05/10/2025 23:10,3580.93
05/10/2025 23:15,3491.63
05/10/2025 23:20,3371.76
05/10/2025 23:25,3572.57
05/10/2025 23:30,3441.79
05/10/2025 23:35,3497.43
05/10/2025 23:40,3238.42
05/10/2025 23:45,3247.5
05/10/2025 23:50,3332.48
05/10/2025 23:55,3090.02
06/10/2025 00:00,3319.1
06/10/2025 00:05,3315.14
06/10/2025 00:10,3181.8
06/10/2025 00:15,3204.89
06/10/2025 00:20,3225.07
06/10/2025 00:25,3182.23
06/10/2025 00:30,3361.08
06/10/2025 00:35,3221.74
06/10/2025 00:40,3191.75
06/10/2025 00:45,3067.41
06/10/2025 00:50,3111.01
06/10/2025 00:55,3074.97
06/10/2025 01:00,3091.6
06/10/2025 01:05,3096.62
06/10/2025 01:10,3022.66
06/10/2025 01:15,2987.32
06/10/2025 01:20,2922.54
06/10/2025 01:25,3073.8
06/10/2025 01:30,2865.03
06/10/2025 01:35,2893.33
06/10/2025 01:40,2803.02
06/10/2025 01:45,2846.26
06/10/2025 01:50,2824.64
06/10/2025 01:55,2700.81
06/10/2025 02:00,2423.99
06/10/2025 02:05,2436.02
06/10/2025 02:10,2391.64
06/10/2025 02:15,2381.39
06/10/2025 02:20,2405.52
06/10/2025 02:25,2426.77
06/10/2025 02:30,2430.07
06/10/2025 02:35,2402.88
06/10/2025 02:40,2362.57
06/10/2025 02:45,2324.65
06/10/2025 02:50,2337.56
06/10/2025 02:55,2416.85
06/10/2025 03:00,2469.47
06/10/2025 03:05,2220.93
06/10/2025 03:10,2397.03
06/10/2025 03:15,2296.46
06/10/2025 03:20,2474.46
06/10/2025 03:25,2560.09
06/10/2025 03:30,2234.0
06/10/2025 03:35,2260.01
06/10/2025 03:40,2441.11
06/10/2025 03:45,2197.21
06/10/2025 03:50,2491.18
06/10/2025 03:55,2245.41
06/10/2025 04:00,2509.0
06/10/2025 04:05,2401.77
06/10/2025 04:10,2424.78
06/10/2025 04:15,2459.27
06/10/2025 04:20,2286.14
06/10/2025 04:25,2259.84
06/10/2025 04:30,2287.54
06/10/2025 04:35,2357.03
06/10/2025 04:40,2376.32
06/10/2025 04:45,2320.93
06/10/2025 04:50,2355.66
06/10/2025 04:55,2267.37
06/10/2025 05:00,2635.98
06/10/2025 05:05,2579.78
06/10/2025 05:10,2577.36
06/10/2025 05:15,2546.31
06/10/2025 05:20,2684.78
06/10/2025 05:25,2581.02
06/10/2025 05:30,2932.44
06/10/2025 05:35,2766.47
06/10/2025 05:40,2863.33
06/10/2025 05:45,2983.09
06/10/2025 05:50,2916.62
06/10/2025 05:55,3128.57
06/10/2025 06:00,3064.47
06/10/2025 06:05,2952.61
06/10/2025 06:10,3064.76
06/10/2025 06:15,3251.19
06/10/2025 06:20,3278.14
06/10/2025 06:25,3222.83
06/10/2025 06:30,3420.16
06/10/2025 06:35,3309.57
06/10/2025 06:40,3298.68
06/10/2025 06:45,3411.74
06/10/2025 06:50,3516.41
06/10/2025 06:55,3509.23
06/10/2025 07:00,3518.55
06/10/2025 07:05,3630.6
06/10/2025 07:10,3759.26
06/10/2025 07:15,3803.88
06/10/2025 07:20,3775.51
06/10/2025 07:25,3675.37
06/10/2025 07:30,4015.06
06/10/2025 07:35,3927.55
06/10/2025 07:40,3972.59
06/10/2025 07:45,3901.58
06/10/2025 07:50,4028.88
06/10/2025 07:55,4059.47
06/10/2025 08:00,4429.08
06/10/2025 08:05,4246.16
06/10/2025 08:10,4406.24
06/10/2025 08:15,4495.91
06/10/2025 08:20,4575.73
06/10/2025 08:25,4604.4
06/10/2025 08:30,4759.37
06/10/2025 08:35,4625.22
06/10/2025 08:40,4720.17
06/10/2025 08:45,4754.68
06/10/2025 08:50,4859.89
06/10/2025 08:55,4919.67
06/10/2025 09:00,4894.94
06/10/2025 09:05,5060.83
06/10/2025 09:10,5130.33
06/10/2025 09:15,4957.41
06/10/2025 09:20,5050.19
06/10/2025 09:25,5243.31
06/10/2025 09:30,5221.16
06/10/2025 09:35,5242.33
06/10/2025 09:40,5316.5
06/10/2025 09:45,5279.4
06/10/2025 09:50,5253.17
06/10/2025 09:55,5448.53
06/10/2025 10:00,5329.79
06/10/2025 10:05,5364.24
06/10/2025 10:10,5263.45
06/10/2025 10:15,5378.08
06/10/2025 10:20,5372.03
06/10/2025 10:25,5304.86
06/10/2025 10:30,5323.55
06/10/2025 10:35,5360.74
06/10/2025 10:40,5236.39
06/10/2025 10:45,5192.71
06/10/2025 10:50,5318.53
06/10/2025 10:55,5454.39
06/10/2025 11:00,5375.59
06/10/2025 11:05,5212.44
06/10/2025 11:10,5290.19
06/10/2025 11:15,5201.71
06/10/2025 11:20,5217.85
06/10/2025 11:25,5139.6
06/10/2025 11:30,5254.39
06/10/2025 11:35,5260.85
06/10/2025 11:40,5103.96
06/10/2025 11:45,5052.34
06/10/2025 11:50,5060.17
06/10/2025 11:55,5102.89
06/10/2025 12:00,4852.91
06/10/2025 12:05,4904.08
06/10/2025 12:10,4651.57
06/10/2025 12:15,4935.45
06/10/2025 12:20,4912.82
06/10/2025 12:25,4802.28
06/10/2025 12:30,4813.69
06/10/2025 12:35,4775.18
06/10/2025 12:40,4624.06
06/10/2025 12:45,4754.6
06/10/2025 12:50,4901.13
06/10/2025 12:55,4874.46
06/10/2025 13:00,4651.83
06/10/2025 13:05,4695.45
06/10/2025 13:10,4812.44
06/10/2025 13:15,4634.31
06/10/2025 13:20,4715.42
06/10/2025 13:25,4823.13
06/10/2025 13:30,4667.01
06/10/2025 13:35,4662.21
06/10/2025 13:40,4637.99
06/10/2025 13:45,4725.58
06/10/2025 13:50,4735.11
06/10/2025 13:55,4628.31
06/10/2025 14:00,4473.35
06/10/2025 14:05,4773.28
06/10/2025 14:10,4642.66
06/10/2025 14:15,4666.02
06/10/2025 14:20,4676.73
06/10/2025 14:25,4635.38
06/10/2025 14:30,4649.83
06/10/2025 14:35,4580.47
06/10/2025 14:40,4497.52
06/10/2025 14:45,4556.45
06/10/2025 14:50,4553.49
06/10/2025 14:55,4437.1
06/10/2025 15:00,4482.91
06/10/2025 15:05,4705.37
06/10/2025 15:10,4574.49
06/10/2025 15:15,4604.99
06/10/2025 15:20,4535.18
06/10/2025 15:25,4648.11
06/10/2025 15:30,4641.25
06/10/2025 15:35,4605.53
06/10/2025 15:40,4763.27
06/10/2025 15:45,4720.51
06/10/2025 15:50,4753.14
06/10/2025 15:55,4651.85
06/10/2025 16:00,4799.47
06/10/2025 16:05,4727.17
06/10/2025 16:10,4783.06
06/10/2025 16:15,4876.88
06/10/2025 16:20,4839.95
06/10/2025 16:25,4791.86
06/10/2025 16:30,4830.44
06/10/2025 16:35,4762.16
06/10/2025 16:40,4881.5
06/10/2025 16:45,4931.73
06/10/2025 16:50,4967.8
06/10/2025 16:55,5071.3
06/10/2025 17:00,4890.11
06/10/2025 17:05,4916.69
06/10/2025 17:10,5027.81
06/10/2025 17:15,4928.13
06/10/2025 17:20,5125.82
06/10/2025 17:25,5035.19
06/10/2025 17:30,5104.15
06/10/2025 17:35,5111.35
06/10/2025 17:40,5160.45
06/10/2025 17:45,5064.16
06/10/2025 17:50,5228.27
06/10/2025 17:55,5104.17
06/10/2025 18:00,5248.48
06/10/2025 18:05,5152.49
06/10/2025 18:10,5263.38
06/10/2025 18:15,5253.2
06/10/2025 18:20,5375.42
06/10/2025 18:25,5247.53
06/10/2025 18:30,5281.44
06/10/2025 18:35,5312.3
06/10/2025 18:40,5278.72
06/10/2025 18:45,5466.37
06/10/2025 18:50,5316.57
06/10/2025 18:55,5477.64
06/10/2025 19:00,5450.07
06/10/2025 19:05,5371.77
06/10/2025 19:10,5442.33
06/10/2025 19:15,5527.75
06/10/2025 19:20,5434.64
06/10/2025 19:25,5465.7
06/10/2025 19:30,5510.71
06/10/2025 19:35,5432.52
06/10/2025 19:40,5314.8
06/10/2025 19:45,5520.58
06/10/2025 19:50,5407.38
06/10/2025 19:55,5491.8
06/10/2025 20:00,5340.83
06/10/2025 20:05,5258.31
06/10/2025 20:10,5428.06
06/10/2025 20:15,5384.89
06/10/2025 20:20,5483.52
06/10/2025 20:25,5208.23
06/10/2025 20:30,5317.91
06/10/2025 20:35,5332.26
06/10/2025 20:40,5349.96
06/10/2025 20:45,5218.83
06/10/2025 20:50,5255.39
06/10/2025 20:55,5153.99
06/10/2025 21:00,5139.75
06/10/2025 21:05,5114.89
06/10/2025 21:10,4982.38
06/10/2025 21:15,4855.48
06/10/2025 21:20,4919.47
06/10/2025 21:25,4859.62
06/10/2025 21:30,4908.56
06/10/2025 21:35,4891.57
06/10/2025 21:40,4631.21
06/10/2025 21:45,4717.2
06/10/2025 21:50,4640.3
06/10/2025 21:55,4446.05
06/10/2025 22:00,4627.62
06/10/2025 22:05,4448.14
06/10/2025 22:10,4523.61
06/10/2025 22:15,4330.18
06/10/2025 22:20,4441.03
06/10/2025 22:25,4270.69
06/10/2025 22:30,4295.86
06/10/2025 22:35,4171.1
06/10/2025 22:40,4247.8
06/10/2025 22:45,4215.54
06/10/2025 22:50,3973.73
06/10/2025 22:55,4020.45
06/10/2025 23:00,3848.33
06/10/2025 23:05,4025.19
06/10/2025 23:10,3831.31
06/10/2025 23:15,3699.93
06/10/2025 23:20,3761.02
06/10/2025 23:25,3596.53
06/10/2025 23:30,3631.76
06/10/2025 23:35,3597.11
06/10/2025 23:40,3497.57
06/10/2025 23:45,3359.81
06/10/2025 23:50,3533.01
06/10/2025 23:55,3324.34
07/10/2025 00:00,3373.88
07/10/2025 00:05,3208.79
07/10/2025 00:10,3250.25
07/10/2025 00:15,3247.31
07/10/2025 00:20,3192.85
07/10/2025 00:25,3328.28
07/10/2025 00:30,3064.04
07/10/2025 00:35,3087.0
07/10/2025 00:40,3081.95
07/10/2025 00:45,3131.74
07/10/2025 00:50,3197.6
07/10/2025 00:55,3074.51
07/10/2025 01:00,3133.95
07/10/2025 01:05,2933.39
07/10/2025 01:10,2935.52
07/10/2025 01:15,2845.69
07/10/2025 01:20,2802.95
07/10/2025 01:25,2790.16
07/10/2025 01:30,2789.04
07/10/2025 01:35,2802.28
07/10/2025 01:40,2669.09
07/10/2025 01:45,2925.11
07/10/2025 01:50,2883.09
07/10/2025 01:55,2721.8
07/10/2025 02:00,2346.78
07/10/2025 02:05,2128.13
07/10/2025 02:10,2432.3
07/10/2025 02:15,2315.65
07/10/2025 02:20,2362.63
07/10/2025 02:25,2259.72
07/10/2025 02:30,2421.88
07/10/2025 02:35,2398.92
07/10/2025 02:40,2278.27
07/10/2025 02:45,2324.64
07/10/2025 02:50,2385.36
07/10/2025 02:55,2263.23
07/10/2025 03:00,2380.62
07/10/2025 03:05,2500.41
07/10/2025 03:10,2367.68
07/10/2025 03:15,2436.42
07/10/2025 03:20,2374.14
07/10/2025 03:25,2374.31
07/10/2025 03:30,2287.91
07/10/2025 03:35,2552.29
07/10/2025 03:40,2504.84
07/10/2025 03:45,2586.52
07/10/2025 03:50,2347.55
07/10/2025 03:55,2407.9
07/10/2025 04:00,2301.32
07/10/2025 04:05,2390.44
07/10/2025 04:10,2547.52
07/10/2025 04:15,2301.74
07/10/2025 04:20,2383.31
07/10/2025 04:25,2278.44
07/10/2025 04:30,2370.35
07/10/2025 04:35,2333.04
07/10/2025 04:40,2377.27
07/10/2025 04:45,2420.52
07/10/2025 04:50,2309.25
07/10/2025 04:55,2275.74
07/10/2025 05:00,2422.84
07/10/2025 05:05,2564.21
07/10/2025 05:10,2614.87
07/10/2025 05:15,2657.26
07/10/2025 05:20,2644.41
07/10/2025 05:25,2785.2
07/10/2025 05:30,2815.11
07/10/2025 05:35,2912.07
07/10/2025 05:40,2851.1
07/10/2025 05:45,2885.8
07/10/2025 05:50,3005.76
07/10/2025 05:55,2862.02
07/10/2025 06:00,2958.64
07/10/2025 06:05,3116.71
07/10/2025 06:10,3191.62
07/10/2025 06:15,3050.99
07/10/2025 06:20,3362.16
07/10/2025 06:25,3388.57
07/10/2025 06:30,3422.81
07/10/2025 06:35,3256.14
07/10/2025 06:40,3394.59
07/10/2025 06:45,3477.92
07/10/2025 06:50,3378.15
07/10/2025 06:55,3465.08
07/10/2025 07:00,3502.54
07/10/2025 07:05,3547.12
07/10/2025 07:10,3613.69
07/10/2025 07:15,3555.0
07/10/2025 07:20,3739.38
07/10/2025 07:25,3897.75
07/10/2025 07:30,3748.6
07/10/2025 07:35,3927.03
07/10/2025 07:40,4029.7
07/10/2025 07:45,4112.11
07/10/2025 07:50,4187.75
07/10/2025 07:55,4160.13
07/10/2025 08:00,4207.39
07/10/2025 08:05,4402.33
07/10/2025 08:10,4380.54
07/10/2025 08:15,4535.88
07/10/2025 08:20,4521.96
07/10/2025 08:25,4559.44
07/10/2025 08:30,4567.99
07/10/2025 08:35,4760.7
07/10/2025 08:40,4711.43
07/10/2025 08:45,4797.52
07/10/2025 08:50,4926.2
07/10/2025 08:55,4898.89
07/10/2025 09:00,4958.35
07/10/2025 09:05,5004.2
07/10/2025 09:10,5121.59
07/10/2025 09:15,5033.75
07/10/2025 09:20,5058.03
07/10/2025 09:25,5103.16
07/10/2025 09:30,5092.11
07/10/2025 09:35,5076.73
07/10/2025 09:40,5045.15
07/10/2025 09:45,5256.74
07/10/2025 09:50,5208.2
07/10/2025 09:55,5179.38
07/10/2025 10:00,5310.98
07/10/2025 10:05,5258.1
07/10/2025 10:10,5343.09
07/10/2025 10:15,5312.22
07/10/2025 10:20,5343.76
07/10/2025 10:25,5450.81
07/10/2025 10:30,5132.93
07/10/2025 10:35,5481.86
07/10/2025 10:40,5400.86
07/10/2025 10:45,5360.31
07/10/2025 10:50,5366.69
07/10/2025 10:55,5057.11
07/10/2025 11:00,5209.52
07/10/2025 11:05,5201.81
07/10/2025 11:10,5233.45
07/10/2025 11:15,5202.85
07/10/2025 11:20,5223.44
07/10/2025 11:25,5098.99
07/10/2025 11:30,5189.87
07/10/2025 11:35,5127.69
07/10/2025 11:40,5155.53
07/10/2025 11:45,5024.49
07/10/2025 11:50,4941.81
07/10/2025 11:55,5036.51
07/10/2025 12:00,4806.77
07/10/2025 12:05,4796.01
07/10/2025 12:10,4890.2
07/10/2025 12:15,4916.6
07/10/2025 12:20,4833.33
07/10/2025 12:25,4677.59
07/10/2025 12:30,4739.3
07/10/2025 12:35,4875.49
07/10/2025 12:40,4927.88
07/10/2025 12:45,4799.95
07/10/2025 12:50,4630.17
07/10/2025 12:55,4677.18
07/10/2025 13:00,4630.25
07/10/2025 13:05,4689.19
07/10/2025 13:10,4631.4
07/10/2025 13:15,4621.44
07/10/2025 13:20,4729.99
07/10/2025 13:25,4705.4
07/10/2025 13:30,4631.99
07/10/2025 13:35,4702.81
07/10/2025 13:40,4684.59
07/10/2025 13:45,4676.23
07/10/2025 13:50,4730.0
07/10/2025 13:55,4744.65
07/10/2025 14:00,4540.49
07/10/2025 14:05,4554.26
07/10/2025 14:10,4643.72
07/10/2025 14:15,4594.19
07/10/2025 14:20,4569.01
07/10/2025 14:25,4620.77
07/10/2025 14:30,4594.55
07/10/2025 14:35,4585.47
07/10/2025 14:40,4561.91
07/10/2025 14:45,4401.83
07/10/2025 14:50,4624.19
07/10/2025 14:55,4512.02
07/10/2025 15:00,4593.6
07/10/2025 15:05,4500.05
07/10/2025 15:10,4556.46
07/10/2025 15:15,4631.6
07/10/2025 15:20,4515.63
07/10/2025 15:25,4616.95
07/10/2025 15:30,4670.84
07/10/2025 15:35,4531.0
07/10/2025 15:40,4696.3
07/10/2025 15:45,4689.32
07/10/2025 15:50,4708.32
07/10/2025 15:55,4701.93
07/10/2025 16:00,4700.62
07/10/2025 16:05,4889.47
07/10/2025 16:10,4736.82
07/10/2025 16:15,4679.85
07/10/2025 16:20,4831.53
07/10/2025 16:25,4790.39
07/10/2025 16:30,4653.02
07/10/2025 16:35,4834.35
07/10/2025 16:40,4954.49
07/10/2025 16:45,5000.29
07/10/2025 16:50,4962.06
07/10/2025 16:55,4907.85
07/10/2025 17:00,5141.73
07/10/2025 17:05,5011.64
07/10/2025 17:10,4854.01
07/10/2025 17:15,5174.93
07/10/2025 17:20,5016.39
07/10/2025 17:25,4913.93
07/10/2025 17:30,5063.32
07/10/2025 17:35,5155.97
07/10/2025 17:40,5091.43
07/10/2025 17:45,5224.59
07/10/2025 17:50,5085.91
07/10/2025 17:55,5119.42
07/10/2025 18:00,5087.27
07/10/2025 18:05,5090.69
07/10/2025 18:10,5073.14
07/10/2025 18:15,5244.25
07/10/2025 18:20,5307.26
07/10/2025 18:25,5255.82
07/10/2025 18:30,5361.11
07/10/2025 18:35,5383.75
07/10/2025 18:40,5298.04
07/10/2025 18:45,5528.81
07/10/2025 18:50,5406.34
07/10/2025 18:55,5392.87
07/10/2025 19:00,5330.5
07/10/2025 19:05,5449.54
07/10/2025 19:10,5392.92
07/10/2025 19:15,5326.93
07/10/2025 19:20,5427.83
07/10/2025 19:25,5400.32
07/10/2025 19:30,5407.39
07/10/2025 19:35,5350.62
07/10/2025 19:40,5422.56
07/10/2025 19:45,5464.59
07/10/2025 19:50,5381.42
07/10/2025 19:55,5234.83
07/10/2025 20:00,5438.83
07/10/2025 20:05,5451.88
07/10/2025 20:10,5348.77
07/10/2025 20:15,5388.91
07/10/2025 20:20,5418.99
07/10/2025 20:25,5445.68
07/10/2025 20:30,5279.38
07/10/2025 20:35,5338.08
07/10/2025 20:40,5337.32
07/10/2025 20:45,5158.97
07/10/2025 20:50,5290.98
07/10/2025 20:55,5122.51
07/10/2025 21:00,5165.67
07/10/2025 21:05,4912.01
07/10/2025 21:10,4923.61
07/10/2025 21:15,5038.49
07/10/2025 21:20,4932.1
07/10/2025 21:25,4937.0
07/10/2025 21:30,4851.43
07/10/2025 21:35,4801.95
07/10/2025 21:40,4733.44
07/10/2025 21:45,4672.26
07/10/2025 21:50,4405.18
07/10/2025 21:55,4706.2
07/10/2025 22:00,4574.96
07/10/2025 22:05,4526.66
07/10/2025 22:10,4447.09
07/10/2025 22:15,4358.53
07/10/2025 22:20,4304.47
07/10/2025 22:25,4228.96
07/10/2025 22:30,4274.95
07/10/2025 22:35,4086.18
07/10/2025 22:40,4161.19
07/10/2025 22:45,4071.59
07/10/2025 22:50,3989.7
07/10/2025 22:55,3880.02
07/10/2025 23:00,3913.3
07/10/2025 23:05,4002.38
07/10/2025 23:10,3777.21
07/10/2025 23:15,3757.95
07/10/2025 23:20,3740.08
07/10/2025 23:25,3543.12
07/10/2025 23:30,3594.81
07/10/2025 23:35,3559.45
07/10/2025 23:40,3493.31
07/10/2025 23:45,3437.1
07/10/2025 23:50,3428.16
07/10/2025 23:55,3492.77
08/10/2025 00:00,3421.03
08/10/2025 00:05,3407.61
08/10/2025 00:10,3180.76
08/10/2025 00:15,3271.41
08/10/2025 00:20,3209.2
08/10/2025 00:25,3276.0
08/10/2025 00:30,3244.95
08/10/2025 00:35,3289.52
08/10/2025 00:40,3187.37
08/10/2025 00:45,3139.34
08/10/2025 00:50,3048.92
08/10/2025 00:55,3226.36
08/10/2025 01:00,3083.7
08/10/2025 01:05,3143.54
08/10/2025 01:10,2918.13
08/10/2025 01:15,2974.81
08/10/2025 01:20,2976.29
08/10/2025 01:25,2993.04
08/10/2025 01:30,2773.36
08/10/2025 01:35,2850.97
08/10/2025 01:40,2758.53
08/10/2025 01:45,2795.81
08/10/2025 01:50,2775.08
08/10/2025 01:55,2767.41
08/10/2025 02:00,2245.35
08/10/2025 02:05,2303.06
08/10/2025 02:10,2387.02
08/10/2025 02:15,2196.52
08/10/2025 02:20,2383.76
08/10/2025 02:25,2460.01
08/10/2025 02:30,2352.3
08/10/2025 02:35,2406.36
08/10/2025 02:40,2325.76
08/10/2025 02:45,2211.75
08/10/2025 02:50,2408.98
08/10/2025 02:55,2348.85
08/10/2025 03:00,2494.93
08/10/2025 03:05,2355.89
08/10/2025 03:10,2398.03
08/10/2025 03:15,2434.15
08/10/2025 03:20,2333.64
08/10/2025 03:25,2269.87
08/10/2025 03:30,2458.82
08/10/2025 03:35,2265.24
08/10/2025 03:40,2503.2
08/10/2025 03:45,2351.25
08/10/2025 03:50,2273.86
08/10/2025 03:55,2321.85
08/10/2025 04:00,2424.88
08/10/2025 04:05,2528.23
08/10/2025 04:10,2401.18
08/10/2025 04:15,2367.8
08/10/2025 04:20,2358.52
08/10/2025 04:25,2483.99
08/10/2025 04:30,2365.81
08/10/2025 04:35,2356.65
08/10/2025 04:40,2362.92
08/10/2025 04:45,2246.99
08/10/2025 04:50,2406.38
08/10/2025 04:55,2318.61
08/10/2025 05:00,2466.01
08/10/2025 05:05,2552.64
08/10/2025 05:10,2644.48
08/10/2025 05:15,2639.53
08/10/2025 05:20,2762.25
08/10/2025 05:25,2818.8
08/10/2025 05:30,2719.04
08/10/2025 05:35,2834.13
08/10/2025 05:40,2878.9
08/10/2025 05:45,2780.4
08/10/2025 05:50,2973.14
08/10/2025 05:55,3237.69
08/10/2025 06:00,3080.76
08/10/2025 06:05,3128.77
08/10/2025 06:10,2981.93
08/10/2025 06:15,3132.29
08/10/2025 06:20,3166.29
08/10/2025 06:25,3113.62
08/10/2025 06:30,3151.3
08/10/2025 06:35,3349.05
08/10/2025 06:40,3435.73
08/10/2025 06:45,3375.53
08/10/2025 06:50,3469.62
08/10/2025 06:55,3461.46
08/10/2025 07:00,3646.66
08/10/2025 07:05,3665.11
08/10/2025 07:10,3516.15
08/10/2025 07:15,3635.28
08/10/2025 07:20,3780.54
08/10/2025 07:25,3846.99
08/10/2025 07:30,4033.35
08/10/2025 07:35,3913.21
08/10/2025 07:40,4063.27
08/10/2025 07:45,3946.0
08/10/2025 07:50,4181.42
08/10/2025 07:55,4263.28
08/10/2025 08:00,4335.8
08/10/2025 08:05,4344.02
08/10/2025 08:10,4303.71
08/10/2025 08:15,4421.68
08/10/2025 08:20,4523.36
08/10/2025 08:25,4497.92
08/10/2025 08:30,4797.62
08/10/2025 08:35,4757.09
08/10/2025 08:40,4751.13
08/10/2025 08:45,4884.6
08/10/2025 08:50,4866.45
08/10/2025 08:55,4963.24
08/10/2025 09:00,4985.85
08/10/2025 09:05,5001.46
08/10/2025 09:10,5056.9
08/10/2025 09:15,5107.93
08/10/2025 09:20,5126.51
08/10/2025 09:25,5061.62
08/10/2025 09:30,5306.81
08/10/2025 09:35,5245.68
08/10/2025 09:40,5328.13
08/10/2025 09:45,5173.18
08/10/2025 09:50,5059.52
08/10/2025 09:55,5319.55
08/10/2025 10:00,5282.3
08/10/2025 10:05,5532.98
08/10/2025 10:10,5294.04
08/10/2025 10:15,5160.13
08/10/2025 10:20,5302.97
08/10/2025 10:25,5405.2
08/10/2025 10:30,5319.07
08/10/2025 10:35,5245.63
08/10/2025 10:40,5347.06
08/10/2025 10:45,5374.79
08/10/2025 10:50,5313.08
08/10/2025 10:55,5323.3
08/10/2025 11:00,5228.57
08/10/2025 11:05,5331.43
08/10/2025 11:10,5226.56
08/10/2025 11:15,5140.57
08/10/2025 11:20,5114.42
08/10/2025 11:25,5320.16
08/10/2025 11:30,5218.45
08/10/2025 11:35,5040.18
08/10/2025 11:40,5034.35
08/10/2025 11:45,5184.63
08/10/2025 11:50,5189.57
08/10/2025 11:55,4930.15
08/10/2025 12:00,4989.74
08/10/2025 12:05,5030.66
08/10/2025 12:10,4858.06
08/10/2025 12:15,4831.78
08/10/2025 12:20,4919.91
08/10/2025 12:25,4910.36
08/10/2025 12:30,4643.22
08/10/2025 12:35,4984.88
08/10/2025 12:40,4839.39
08/10/2025 12:45,4647.26
08/10/2025 12:50,4852.95
08/10/2025 12:55,4741.5
08/10/2025 13:00,4701.96
08/10/2025 13:05,4686.96
08/10/2025 13:10,4817.26
08/10/2025 13:15,4616.05
08/10/2025 13:20,4671.63
08/10/2025 13:25,4676.36
08/10/2025 13:30,4643.87
08/10/2025 13:35,4737.49
08/10/2025 13:40,4598.72
08/10/2025 13:45,4761.51
08/10/2025 13:50,4603.2
08/10/2025 13:55,4663.0
08/10/2025 14:00,4634.69
08/10/2025 14:05,4763.59
08/10/2025 14:10,4581.14
08/10/2025 14:15,4628.17
08/10/2025 14:20,4580.83
08/10/2025 14:25,4585.99
08/10/2025 14:30,4686.51
08/10/2025 14:35,4504.33
08/10/2025 14:40,4703.08
08/10/2025 14:45,4482.9
08/10/2025 14:50,4569.22
08/10/2025 14:55,4548.92
08/10/2025 15:00,4591.58
08/10/2025 15:05,4358.02
08/10/2025 15:10,4546.76
08/10/2025 15:15,4588.68
08/10/2025 15:20,4499.33
08/10/2025 15:25,4474.11
08/10/2025 15:30,4579.24
08/10/2025 15:35,4713.05
08/10/2025 15:40,4795.35
08/10/2025 15:45,4530.46
08/10/2025 15:50,4723.58
08/10/2025 15:55,4768.52
08/10/2025 16:00,4809.02
08/10/2025 16:05,4750.99
08/10/2025 16:10,4916.53
08/10/2025 16:15,4909.2
08/10/2025 16:20,4795.16
08/10/2025 16:25,4751.04
08/10/2025 16:30,4613.71
08/10/2025 16:35,4905.64
08/10/2025 16:40,4764.46
08/10/2025 16:45,4888.93
08/10/2025 16:50,4943.65
08/10/2025 16:55,5133.39
08/10/2025 17:00,5042.52
08/10/2025 17:05,4891.71
08/10/2025 17:10,5001.41
08/10/2025 17:15,4964.76
08/10/2025 17:20,4958.17
08/10/2025 17:25,4984.11
08/10/2025 17:30,5036.87
08/10/2025 17:35,5031.26
08/10/2025 17:40,5078.83
08/10/2025 17:45,4962.79
08/10/2025 17:50,5263.48
08/10/2025 17:55,5075.05
08/10/2025 18:00,5229.81
08/10/2025 18:05,5070.72
08/10/2025 18:10,5110.92
08/10/2025 18:15,5221.09
08/10/2025 18:20,4934.54
08/10/2025 18:25,5263.02
08/10/2025 18:30,5268.68
08/10/2025 18:35,5390.15
08/10/2025 18:40,5336.33
08/10/2025 18:45,5370.16
08/10/2025 18:50,5445.85
08/10/2025 18:55,5366.97
08/10/2025 19:00,5475.96
08/10/2025 19:05,5567.64
08/10/2025 19:10,5451.47
08/10/2025 19:15,5397.67
08/10/2025 19:20,5407.36
08/10/2025 19:25,5430.93
08/10/2025 19:30,5444.42
08/10/2025 19:35,5334.89
08/10/2025 19:40,5532.52
08/10/2025 19:45,5512.42
08/10/2025 19:50,5471.58
08/10/2025 19:55,5500.8
08/10/2025 20:00,5451.75
08/10/2025 20:05,5309.66
08/10/2025 20:10,5415.9
08/10/2025 20:15,5397.39
08/10/2025 20:20,5342.3
08/10/2025 20:25,5120.07
08/10/2025 20:30,5425.52
08/10/2025 20:35,5316.2
08/10/2025 20:40,5242.42
08/10/2025 20:45,5173.55
08/10/2025 20:50,5281.22
08/10/2025 20:55,5281.08
08/10/2025 21:00,5213.46
08/10/2025 21:05,5139.45
08/10/2025 21:10,5077.03
08/10/2025 21:15,5032.53
08/10/2025 21:20,4814.9
08/10/2025 21:25,4895.62
08/10/2025 21:30,4908.76
08/10/2025 21:35,4886.93
08/10/2025 21:40,4764.04
08/10/2025 21:45,4670.74
08/10/2025 21:50,4596.91
08/10/2025 21:55,4623.28
08/10/2025 22:00,4578.02
08/10/2025 22:05,4470.8
08/10/2025 22:10,4582.14
08/10/2025 22:15,4465.58
08/10/2025 22:20,4413.43
08/10/2025 22:25,4264.77
08/10/2025 22:30,4153.78
08/10/2025 22:35,4186.55
08/10/2025 22:40,4184.74
08/10/2025 22:45,4128.23
08/10/2025 22:50,3961.65
08/10/2025 22:55,4113.72
08/10/2025 23:00,4248.19
08/10/2025 23:05,3972.51
08/10/2025 23:10,3977.85
08/10/2025 23:15,3779.73
08/10/2025 23:20,3772.06
08/10/2025 23:25,3672.57
08/10/2025 23:30,3680.17
08/10/2025 23:35,3682.2
08/10/2025 23:40,3421.95
08/10/2025 23:45,3427.44
08/10/2025 23:50,3416.51
08/10/2025 23:55,3563.11
09/10/2025 00:00,3362.98
09/10/2025 00:05,3343.0
09/10/2025 00:10,3233.76
09/10/2025 00:15,3325.76
09/10/2025 00:20,3247.51
09/10/2025 00:25,3264.26
09/10/2025 00:30,3248.58
09/10/2025 00:35,3239.43
09/10/2025 00:40,3090.79
09/10/2025 00:45,3255.51
09/10/2025 00:50,3032.67
09/10/2025 00:55,3097.0
09/10/2025 01:00,3165.24
09/10/2025 01:05,3074.41
09/10/2025 01:10,3073.25
09/10/2025 01:15,3058.93
09/10/2025 01:20,2931.5
09/10/2025 01:25,2870.71
09/10/2025 01:30,3006.73
09/10/2025 01:35,2739.53
09/10/2025 01:40,2828.84
09/10/2025 01:45,2968.75
09/10/2025 01:50,2759.86
09/10/2025 01:55,2766.1
09/10/2025 02:00,2239.27
09/10/2025 02:05,2377.85
09/10/2025 02:10,2328.81
09/10/2025 02:15,2490.4
09/10/2025 02:20,2382.51
09/10/2025 02:25,2312.22
09/10/2025 02:30,2341.2
09/10/2025 02:35,2340.51
09/10/2025 02:40,2446.73
09/10/2025 02:45,2250.15
09/10/2025 02:50,2194.65
09/10/2025 02:55,2383.53
09/10/2025 03:00,2469.49
09/10/2025 03:05,2414.63
09/10/2025 03:10,2391.45
09/10/2025 03:15,2201.52
09/10/2025 03:20,2303.81
09/10/2025 03:25,2378.65
09/10/2025 03:30,2415.82
09/10/2025 03:35,2343.13
09/10/2025 03:40,2443.4
09/10/2025 03:45,2282.12
09/10/2025 03:50,2200.57
09/10/2025 03:55,2293.0
09/10/2025 04:00,2270.77
09/10/2025 04:05,2311.0
09/10/2025 04:10,2478.8
09/10/2025 04:15,2319.51
09/10/2025 04:20,2460.5
09/10/2025 04:25,2516.03
09/10/2025 04:30,2225.97
09/10/2025 04:35,2347.95
09/10/2025 04:40,2246.28
09/10/2025 04:45,2383.81
09/10/2025 04:50,2375.05
09/10/2025 04:55,2508.29
09/10/2025 05:00,2408.52
09/10/2025 05:05,2744.51
09/10/2025 05:10,2847.28
09/10/2025 05:15,2702.24
09/10/2025 05:20,2694.88
09/10/2025 05:25,2827.37
09/10/2025 05:30,2897.12
09/10/2025 05:35,2788.36
09/10/2025 05:40,2930.05
09/10/2025 05:45,2855.93
09/10/2025 05:50,2949.53
09/10/2025 05:55,3062.5
09/10/2025 06:00,2979.63
09/10/2025 06:05,3135.07
09/10/2025 06:10,3210.06
09/10/2025 06:15,3187.6
09/10/2025 06:20,3302.93
09/10/2025 06:25,3229.93
09/10/2025 06:30,3297.65
09/10/2025 06:35,3242.2
09/10/2025 06:40,3334.41
09/10/2025 06:45,3510.7
09/10/2025 06:50,3490.88
09/10/2025 06:55,3509.63
09/10/2025 07:00,3447.07
09/10/2025 07:05,3537.41
09/10/2025 07:10,3658.15
09/10/2025 07:15,3711.88
09/10/2025 07:20,3787.15
09/10/2025 07:25,3861.88
09/10/2025 07:30,3971.19
09/10/2025 07:35,3838.86
09/10/2025 07:40,3920.85
09/10/2025 07:45,4116.51
09/10/2025 07:50,4273.81
09/10/2025 07:55,4130.93
09/10/2025 08:00,4308.04
09/10/2025 08:05,4188.63
09/10/2025 08:10,4407.75
09/10/2025 08:15,4465.15
09/10/2025 08:20,4547.1
09/10/2025 08:25,4569.08
09/10/2025 08:30,4665.02
09/10/2025 08:35,4709.13
09/10/2025 08:40,4782.27
09/10/2025 08:45,4743.31
09/10/2025 08:50,4889.37
09/10/2025 08:55,4983.11
09/10/2025 09:00,5019.51
09/10/2025 09:05,5000.04
09/10/2025 09:10,5184.33
09/10/2025 09:15,5038.87
09/10/2025 09:20,5163.56
09/10/2025 09:25,5109.26
09/10/2025 09:30,5202.52
09/10/2025 09:35,5229.0
09/10/2025 09:40,5101.78
09/10/2025 09:45,5166.61
09/10/2025 09:50,5261.01
09/10/2025 09:55,5239.25
09/10/2025 10:00,5340.8
09/10/2025 10:05,5296.12
09/10/2025 10:10,5302.01
09/10/2025 10:15,5225.89
09/10/2025 10:20,5323.88
09/10/2025 10:25,5409.53
09/10/2025 10:30,5144.57
09/10/2025 10:35,5356.59
09/10/2025 10:40,5550.84
09/10/2025 10:45,5146.92
09/10/2025 10:50,5377.36
09/10/2025 10:55,5329.82
09/10/2025 11:00,5266.18
09/10/2025 11:05,5406.62
09/10/2025 11:10,5349.4
09/10/2025 11:15,5221.72
09/10/2025 11:20,5121.97
09/10/2025 11:25,5308.95
09/10/2025 11:30,5174.32
09/10/2025 11:35,5008.21
09/10/2025 11:40,4956.79
09/10/2025 11:45,4973.71
09/10/2025 11:50,5052.27
09/10/2025 11:55,4953.57
09/10/2025 12:00,4819.93
09/10/2025 12:05,4716.56
09/10/2025 12:10,4877.79
09/10/2025 12:15,4791.41
09/10/2025 12:20,4843.82
09/10/2025 12:25,5034.0
09/10/2025 12:30,4857.75
09/10/2025 12:35,4934.44
09/10/2025 12:40,4710.72
09/10/2025 12:45,4785.62
09/10/2025 12:50,4877.0
09/10/2025 12:55,4788.05
09/10/2025 13:00,4742.55
09/10/2025 13:05,4580.08
09/10/2025 13:10,4690.17
09/10/2025 13:15,4617.38
09/10/2025 13:20,4714.26
09/10/2025 13:25,4682.51
09/10/2025 13:30,4716.91
09/10/2025 13:35,4736.45
09/10/2025 13:40,4710.95
09/10/2025 13:45,4571.99
09/10/2025 13:50,4838.17
09/10/2025 13:55,4651.2
09/10/2025 14:00,4492.75
09/10/2025 14:05,4599.74
09/10/2025 14:10,4559.08
09/10/2025 14:15,4590.02
09/10/2025 14:20,4619.01
09/10/2025 14:25,4606.01
09/10/2025 14:30,4452.51
09/10/2025 14:35,4507.45
09/10/2025 14:40,4588.64
09/10/2025 14:45,4623.89
09/10/2025 14:50,4433.35
09/10/2025 14:55,4649.05
09/10/2025 15:00,4533.46
09/10/2025 15:05,4580.99
09/10/2025 15:10,4552.05
09/10/2025 15:15,4649.28
09/10/2025 15:20,4556.83
09/10/2025 15:25,4701.73
09/10/2025 15:30,4703.8
09/10/2025 15:35,4675.47
09/10/2025 15:40,4696.21
09/10/2025 15:45,4657.13
09/10/2025 15:50,4840.09
09/10/2025 15:55,4815.69
09/10/2025 16:00,4850.64
09/10/2025 16:05,4703.27
09/10/2025 16:10,4864.93
09/10/2025 16:15,4869.04
09/10/2025 16:20,4887.52
09/10/2025 16:25,5038.31
09/10/2025 16:30,4883.3
09/10/2025 16:35,4862.9
09/10/2025 16:40,4898.98
09/10/2025 16:45,4859.53
09/10/2025 16:50,4857.1
09/10/2025 16:55,4911.85
09/10/2025 17:00,4945.24
09/10/2025 17:05,5184.94
09/10/2025 17:10,4945.12
09/10/2025 17:15,5166.7
09/10/2025 17:20,4987.09
09/10/2025 17:25,5084.46
09/10/2025 17:30,5054.09
09/10/2025 17:35,4961.52
09/10/2025 17:40,4987.96
09/10/2025 17:45,5107.61
09/10/2025 17:50,5248.05
09/10/2025 17:55,5060.21
09/10/2025 18:00,5107.01
09/10/2025 18:05,5059.65
09/10/2025 18:10,5258.3
09/10/2025 18:15,5320.96
09/10/2025 18:20,5222.36
09/10/2025 18:25,5290.37
09/10/2025 18:30,5111.88
09/10/2025 18:35,5513.42
09/10/2025 18:40,5303.7
09/10/2025 18:45,5447.43
09/10/2025 18:50,5498.5
09/10/2025 18:55,5374.32
09/10/2025 19:00,5402.88
09/10/2025 19:05,5333.18
09/10/2025 19:10,5335.33
09/10/2025 19:15,5513.11
09/10/2025 19:20,5335.36
09/10/2025 19:25,5401.09
09/10/2025 19:30,5426.86
09/10/2025 19:35,5652.01
09/10/2025 19:40,5254.54
09/10/2025 19:45,5326.28
09/10/2025 19:50,5397.0
09/10/2025 19:55,5406.75
09/10/2025 20:00,5371.09
09/10/2025 20:05,5448.7
09/10/2025 20:10,5274.44
09/10/2025 20:15,5415.8
09/10/2025 20:20,5347.5
09/10/2025 20:25,5308.03
09/10/2025 20:30,5272.7
09/10/2025 20:35,5176.6
09/10/2025 20:40,5201.76
09/10/2025 20:45,5132.18
09/10/2025 20:50,5220.21
09/10/2025 20:55,5159.76
09/10/2025 21:00,5143.81
09/10/2025 21:05,5003.95
09/10/2025 21:10,5046.13
09/10/2025 21:15,5088.87
09/10/2025 21:20,4961.25
09/10/2025 21:25,5019.63
09/10/2025 21:30,4839.73
09/10/2025 21:35,4723.74
09/10/2025 21:40,4653.19
09/10/2025 21:45,4709.78
09/10/2025 21:50,4636.82
09/10/2025 21:55,4629.57
09/10/2025 22:00,4588.26
09/10/2025 22:05,4655.47
09/10/2025 22:10,4337.9
09/10/2025 22:15,4280.75
09/10/2025 22:20,4376.29
09/10/2025 22:25,4349.36
09/10/2025 22:30,4331.96
09/10/2025 22:35,3984.77
09/10/2025 22:40,4177.68
09/10/2025 22:45,3999.47
09/10/2025 22:50,4072.22
09/10/2025 22:55,3950.11
09/10/2025 23:00,3909.1
09/10/2025 23:05,3931.77
09/10/2025 23:10,3817.89
09/10/2025 23:15,3860.15
09/10/2025 23:20,3864.9
09/10/2025 23:25,3775.95
09/10/2025 23:30,3593.12
09/10/2025 23:35,3651.15
09/10/2025 23:40,3498.41
09/10/2025 23:45,3568.37
09/10/2025 23:50,3424.06
09/10/2025 23:55,3461.03
10/10/2025 00:00,3373.32
10/10/2025 00:05,3384.39
10/10/2025 00:10,3351.9
10/10/2025 00:15,3297.63
10/10/2025 00:20,3214.99
10/10/2025 00:25,3198.77
10/10/2025 00:30,3168.09
10/10/2025 00:35,3012.96
10/10/2025 00:40,3022.59
10/10/2025 00:45,2993.94
10/10/2025 00:50,3205.91
10/10/2025 00:55,2935.44
10/10/2025 01:00,3061.81
10/10/2025 01:05,3165.47
10/10/2025 01:10,3038.82
10/10/2025 01:15,3036.92
10/10/2025 01:20,3001.36
10/10/2025 01:25,2859.6
10/10/2025 01:30,2884.88
10/10/2025 01:35,2663.56
10/10/2025 01:40,2875.92
10/10/2025 01:45,2979.11
10/10/2025 01:50,2736.33
10/10/2025 01:55,2807.53
10/10/2025 02:00,2331.79
10/10/2025 02:05,2456.44
10/10/2025 02:10,2400.16
10/10/2025 02:15,2352.31
10/10/2025 02:20,2538.37
10/10/2025 02:25,2361.07
10/10/2025 02:30,2249.25
10/10/2025 02:35,2338.99
10/10/2025 02:40,2421.38
10/10/2025 02:45,2377.53
10/10/2025 02:50,2409.67
10/10/2025 02:55,2278.94
10/10/2025 03:00,2297.07
10/10/2025 03:05,2325.51
10/10/2025 03:10,2355.41
10/10/2025 03:15,2386.91
10/10/2025 03:20,2471.55
10/10/2025 03:25,2340.82
10/10/2025 03:30,2387.41
10/10/2025 03:35,2335.6
10/10/2025 03:40,2278.22
10/10/2025 03:45,2290.48
10/10/2025 03:50,2245.21
10/10/2025 03:55,2603.34
10/10/2025 04:00,2495.45
10/10/2025 04:05,2488.15
10/10/2025 04:10,2209.54
10/10/2025 04:15,2256.01
10/10/2025 04:20,2297.69
10/10/2025 04:25,2384.64
10/10/2025 04:30,2420.0
10/10/2025 04:35,2344.6
10/10/2025 04:40,2308.46
10/10/2025 04:45,2372.7
10/10/2025 04:50,2440.52
10/10/2025 04:55,2297.47
10/10/2025 05:00,2563.95
10/10/2025 05:05,2584.6
10/10/2025 05:10,2596.06
10/10/2025 05:15,2772.45
10/10/2025 05:20,2977.0
10/10/2025 05:25,2741.39
10/10/2025 05:30,2864.47
10/10/2025 05:35,2715.46
10/10/2025 05:40,2851.3
10/10/2025 05:45,2927.63
10/10/2025 05:50,2885.2
10/10/2025 05:55,3092.64
10/10/2025 06:00,3044.94
10/10/2025 06:05,2956.57
10/10/2025 06:10,3163.89
10/10/2025 06:15,3238.68
10/10/2025 06:20,3208.81
10/10/2025 06:25,3209.25
10/10/2025 06:30,3188.73
10/10/2025 06:35,3449.96
10/10/2025 06:40,3310.9
10/10/2025 06:45,3421.83
10/10/2025 06:50,3480.85
10/10/2025 06:55,3534.9
10/10/2025 07:00,3655.53
10/10/2025 07:05,3628.51
10/10/2025 07:10,3650.19
10/10/2025 07:15,3666.24
10/10/2025 07:20,3880.7
10/10/2025 07:25,3937.26
10/10/2025 07:30,3917.36
10/10/2025 07:35,3924.4
10/10/2025 07:40,3930.6
10/10/2025 07:45,4052.58
10/10/2025 07:50,4153.88
10/10/2025 07:55,4213.52
10/10/2025 08:00,4199.81
10/10/2025 08:05,4282.54
10/10/2025 08:10,4461.87
10/10/2025 08:15,4395.99
10/10/2025 08:20,4503.53
10/10/2025 08:25,4631.96
10/10/2025 08:30,4536.57
10/10/2025 08:35,4673.62
10/10/2025 08:40,4859.03
10/10/2025 08:45,4962.0
10/10/2025 08:50,4941.58
10/10/2025 08:55,4782.76
10/10/2025 09:00,5056.46
10/10/2025 09:05,4977.54
10/10/2025 09:10,5107.37
10/10/2025 09:15,5069.89
10/10/2025 09:20,5099.45
10/10/2025 09:25,5127.31
10/10/2025 09:30,5033.68
10/10/2025 09:35,5163.27
10/10/2025 09:40,5232.4
10/10/2025 09:45,5181.21
10/10/2025 09:50,5320.29
10/10/2025 09:55,5229.95
10/10/2025 10:00,5246.24
10/10/2025 10:05,5331.81
10/10/2025 10:10,5422.81
10/10/2025 10:15,5314.07
10/10/2025 10:20,5290.41
10/10/2025 10:25,5173.31
10/10/2025 10:30,5329.27
10/10/2025 10:35,5287.06
10/10/2025 10:40,5331.25
10/10/2025 10:45,5317.59
10/10/2025 10:50,5344.07
10/10/2025 10:55,5444.5
10/10/2025 11:00,5221.21
10/10/2025 11:05,5359.2
10/10/2025 11:10,5277.55
10/10/2025 11:15,5428.85
10/10/2025 11:20,5138.7
10/10/2025 11:25,5092.32
10/10/2025 11:30,5205.23
10/10/2025 11:35,4986.46
10/10/2025 11:40,5159.35
10/10/2025 11:45,4927.02
10/10/2025 11:50,4988.56
10/10/2025 11:55,4940.76
10/10/2025 12:00,4845.49
10/10/2025 12:05,4784.98
10/10/2025 12:10,4814.67
10/10/2025 12:15,4891.81
10/10/2025 12:20,4951.13
10/10/2025 12:25,4862.11
10/10/2025 12:30,4774.38
10/10/2025 12:35,4762.61
10/10/2025 12:40,4891.54
10/10/2025 12:45,4735.38
10/10/2025 12:50,4742.48
10/10/2025 12:55,4703.17
10/10/2025 13:00,4734.92
10/10/2025 13:05,4794.26
10/10/2025 13:10,4795.4
10/10/2025 13:15,4813.28
10/10/2025 13:20,4648.52
10/10/2025 13:25,4672.68
10/10/2025 13:30,4690.86
10/10/2025 13:35,4669.69
10/10/2025 13:40,4562.45
10/10/2025 13:45,4644.08
10/10/2025 13:50,4575.29
10/10/2025 13:55,4490.7
10/10/2025 14:00,4842.65
10/10/2025 14:05,4684.74
10/10/2025 14:10,4700.0
10/10/2025 14:15,4739.62
10/10/2025 14:20,4525.9
10/10/2025 14:25,4678.56
10/10/2025 14:30,4456.41
10/10/2025 14:35,4570.35
10/10/2025 14:40,4636.29
10/10/2025 14:45,4515.57
10/10/2025 14:50,4463.76
10/10/2025 14:55,4621.07
10/10/2025 15:00,4653.47
10/10/2025 15:05,4667.69
10/10/2025 15:10,4613.48
10/10/2025 15:15,4628.52
10/10/2025 15:20,4514.44
10/10/2025 15:25,4548.55
10/10/2025 15:30,4719.76
10/10/2025 15:35,4621.71
10/10/2025 15:40,4820.27
10/10/2025 15:45,4610.87
10/10/2025 15:50,4780.75
10/10/2025 15:55,4636.29
10/10/2025 16:00,4705.58
10/10/2025 16:05,4746.06
10/10/2025 16:10,4886.82
10/10/2025 16:15,4723.42
10/10/2025 16:20,4912.96
10/10/2025 16:25,4778.42
10/10/2025 16:30,4743.27
10/10/2025 16:35,4777.22
10/10/2025 16:40,4900.33
10/10/2025 16:45,4899.58
10/10/2025 16:50,4908.94
10/10/2025 16:55,4907.15
10/10/2025 17:00,4899.02
10/10/2025 17:05,4957.76
10/10/2025 17:10,4858.81
10/10/2025 17:15,5147.79
10/10/2025 17:20,5048.8
10/10/2025 17:25,5149.64
10/10/2025 17:30,5055.03
10/10/2025 17:35,4961.43
10/10/2025 17:40,5000.18
10/10/2025 17:45,5065.05
10/10/2025 17:50,5057.63
10/10/2025 17:55,5200.55
10/10/2025 18:00,5085.12
10/10/2025 18:05,5220.49
10/10/2025 18:10,5152.19
10/10/2025 18:15,5348.23
10/10/2025 18:20,5255.02
10/10/2025 18:25,5266.95
10/10/2025 18:30,5379.13
10/10/2025 18:35,5226.99
10/10/2025 18:40,5216.0
10/10/2025 18:45,5415.16
10/10/2025 18:50,5279.08
10/10/2025 18:55,5467.22
10/10/2025 19:00,5402.54
10/10/2025 19:05,5472.24
10/10/2025 19:10,5373.67
10/10/2025 19:15,5403.02
10/10/2025 19:20,5499.09
10/10/2025 19:25,5388.74
10/10/2025 19:30,5481.43
10/10/2025 19:35,5461.31
10/10/2025 19:40,5376.56
10/10/2025 19:45,5431.44
10/10/2025 19:50,5464.74
10/10/2025 19:55,5363.45
10/10/2025 20:00,5416.86
10/10/2025 20:05,5331.59
10/10/2025 20:10,5212.02
10/10/2025 20:15,5266.02
10/10/2025 20:20,5437.36
10/10/2025 20:25,5506.13
10/10/2025 20:30,5186.16
10/10/2025 20:35,5259.3
10/10/2025 20:40,5347.47
10/10/2025 20:45,5122.6
10/10/2025 20:50,5254.8
10/10/2025 20:55,5183.46
10/10/2025 21:00,5008.84
10/10/2025 21:05,5070.92
10/10/2025 21:10,4993.78
10/10/2025 21:15,5067.76
10/10/2025 21:20,4898.32
10/10/2025 21:25,4846.34
10/10/2025 21:30,4814.49
10/10/2025 21:35,4830.85
10/10/2025 21:40,4743.81
10/10/2025 21:45,4764.8
10/10/2025 21:50,4697.12
10/10/2025 21:55,4550.69
10/10/2025 22:00,4637.71
10/10/2025 22:05,4538.62
10/10/2025 22:10,4443.53
10/10/2025 22:15,4296.74
10/10/2025 22:20,4269.14
10/10/2025 22:25,4400.77
10/10/2025 22:30,4304.07
10/10/2025 22:35,4178.19
10/10/2025 22:40,4128.54
10/10/2025 22:45,4123.2
10/10/2025 22:50,4125.36
10/10/2025 22:55,3959.47
10/10/2025 23:00,3731.69
10/10/2025 23:05,3997.25
10/10/2025 23:10,3843.99
10/10/2025 23:15,3746.92
10/10/2025 23:20,3801.91
10/10/2025 23:25,3701.08
10/10/2025 23:30,3732.92
10/10/2025 23:35,3586.44
10/10/2025 23:40,3528.15
10/10/2025 23:45,3723.39
10/10/2025 23:50,3482.67
10/10/2025 23:55,3344.62
11/10/2025 00:00,3075.03
11/10/2025 00:05,2934.71
11/10/2025 00:10,3132.54
11/10/2025 00:15,3107.15
11/10/2025 00:20,2872.77
11/10/2025 00:25,3018.37
11/10/2025 00:30,2970.7
11/10/2025 00:35,2869.0
11/10/2025 00:40,2944.58
11/10/2025 00:45,2830.49
11/10/2025 00:50,2887.66
11/10/2025 00:55,2855.9
11/10/2025 01:00,2792.23
11/10/2025 01:05,2791.11
11/10/2025 01:10,2847.35
11/10/2025 01:15,2760.13
11/10/2025 01:20,2633.57
11/10/2025 01:25,2566.31
11/10/2025 01:30,2729.8
11/10/2025 01:35,2522.74
11/10/2025 01:40,2376.05
11/10/2025 01:45,2453.81
11/10/2025 01:50,2669.93
11/10/2025 01:55,2593.44
11/10/2025 02:00,2236.51
11/10/2025 02:05,2021.3
11/10/2025 02:10,2100.75
11/10/2025 02:15,2070.5
11/10/2025 02:20,1900.0
11/10/2025 02:25,2089.26
11/10/2025 02:30,2020.91
11/10/2025 02:35,2025.12
11/10/2025 02:40,2002.8
11/10/2025 02:45,2136.73
11/10/2025 02:50,2036.6
11/10/2025 02:55,1952.17
11/10/2025 03:00,1967.0
11/10/2025 03:05,2033.93
11/10/2025 03:10,2224.57
11/10/2025 03:15,2004.88
11/10/2025 03:20,2018.68
11/10/2025 03:25,1957.22
11/10/2025 03:30,1900.0
11/10/2025 03:35,2164.89
11/10/2025 03:40,2053.07
11/10/2025 03:45,2165.04
11/10/2025 03:50,2232.46
11/10/2025 03:55,2229.32
11/10/2025 04:00,2057.26
11/10/2025 04:05,2266.13
11/10/2025 04:10,2064.18
11/10/2025 04:15,1959.44
11/10/2025 04:20,2076.96
11/10/2025 04:25,2178.02
11/10/2025 04:30,2213.69
11/10/2025 04:35,2254.48
11/10/2025 04:40,2000.07
11/10/2025 04:45,1971.46
11/10/2025 04:50,2182.53
11/10/2025 04:55,2121.9
11/10/2025 05:00,2196.43
11/10/2025 05:05,2307.17
11/10/2025 05:10,2520.96
11/10/2025 05:15,2431.38
11/10/2025 05:20,2511.75
11/10/2025 05:25,2549.15
11/10/2025 05:30,2491.27
11/10/2025 05:35,2638.69
11/10/2025 05:40,2740.59
11/10/2025 05:45,2484.44
11/10/2025 05:50,2822.83
11/10/2025 05:55,2629.31
11/10/2025 06:00,2827.7
11/10/2025 06:05,2885.44
11/10/2025 06:10,3031.96
11/10/2025 06:15,3066.67
11/10/2025 06:20,2957.42
11/10/2025 06:25,3037.09
11/10/2025 06:30,2908.51
11/10/2025 06:35,2907.7
11/10/2025 06:40,3106.85
11/10/2025 06:45,3102.06
11/10/2025 06:50,3190.91
11/10/2025 06:55,3188.15
11/10/2025 07:00,3291.65
11/10/2025 07:05,3391.02
11/10/2025 07:10,3437.83
11/10/2025 07:15,3346.36
11/10/2025 07:20,3592.64
11/10/2025 07:25,3733.05
11/10/2025 07:30,3553.36
11/10/2025 07:35,3568.65
11/10/2025 07:40,3753.9
11/10/2025 07:45,3804.85
11/10/2025 07:50,3684.43
11/10/2025 07:55,4095.81
11/10/2025 08:00,3950.83
11/10/2025 08:05,4230.11
11/10/2025 08:10,4098.59
11/10/2025 08:15,4013.88
11/10/2025 08:20,4336.55
11/10/2025 08:25,4205.17
11/10/2025 08:30,4302.16
11/10/2025 08:35,4289.51
11/10/2025 08:40,4407.56
11/10/2025 08:45,4555.61
11/10/2025 08:50,4604.47
11/10/2025 08:55,4649.08
11/10/2025 09:00,4743.79
11/10/2025 09:05,4871.78
11/10/2025 09:10,4787.44
11/10/2025 09:15,4837.16
11/10/2025 09:20,4797.52
11/10/2025 09:25,4833.56
11/10/2025 09:30,5090.38
11/10/2025 09:35,4829.18
11/10/2025 09:40,5039.44
11/10/2025 09:45,4909.52
11/10/2025 09:50,4909.87
11/10/2025 09:55,5038.06
11/10/2025 10:00,4878.13
11/10/2025 10:05,5132.74
11/10/2025 10:10,5029.57
11/10/2025 10:15,5065.34
11/10/2025 10:20,5071.09
11/10/2025 10:25,5027.28
11/10/2025 10:30,5212.47
11/10/2025 10:35,5120.25
11/10/2025 10:40,4899.61
11/10/2025 10:45,5119.47
11/10/2025 10:50,5046.6
11/10/2025 10:55,4950.96
11/10/2025 11:00,4899.18
11/10/2025 11:05,5103.26
11/10/2025 11:10,5174.21
11/10/2025 11:15,4772.95
11/10/2025 11:20,4895.13
11/10/2025 11:25,4945.32
11/10/2025 11:30,4948.2
11/10/2025 11:35,4997.39
11/10/2025 11:40,4689.04
11/10/2025 11:45,4694.32
11/10/2025 11:50,4760.82
11/10/2025 11:55,4698.36
11/10/2025 12:00,4542.45
11/10/2025 12:05,4621.42
11/10/2025 12:10,4705.54
11/10/2025 12:15,4299.53
11/10/2025 12:20,4491.63
11/10/2025 12:25,4652.85
11/10/2025 12:30,4781.27
11/10/2025 12:35,4571.6
11/10/2025 12:40,4505.31
11/10/2025 12:45,4618.52
11/10/2025 12:50,4449.1
11/10/2025 12:55,4519.38
11/10/2025 13:00,4588.22
11/10/2025 13:05,4452.36
11/10/2025 13:10,4476.39
11/10/2025 13:15,4313.17
11/10/2025 13:20,4406.53
11/10/2025 13:25,4376.71
11/10/2025 13:30,4547.0
11/10/2025 13:35,4515.59
11/10/2025 13:40,4546.79
11/10/2025 13:45,4275.43
11/10/2025 13:50,4490.78
11/10/2025 13:55,4507.05
11/10/2025 14:00,4443.53
11/10/2025 14:05,4353.25
11/10/2025 14:10,4360.49
11/10/2025 14:15,4353.42
11/10/2025 14:20,4379.33
11/10/2025 14:25,4345.34
11/10/2025 14:30,4332.24
11/10/2025 14:35,4283.59
11/10/2025 14:40,4386.53
11/10/2025 14:45,4179.67
11/10/2025 14:50,4248.36
11/10/2025 14:55,4233.33
11/10/2025 15:00,4249.18
11/10/2025 15:05,4116.27
11/10/2025 15:10,4229.3
11/10/2025 15:15,4288.65
11/10/2025 15:20,4438.8
11/10/2025 15:25,4475.88
11/10/2025 15:30,4342.27
11/10/2025 15:35,4325.92
11/10/2025 15:40,4421.93
11/10/2025 15:45,4414.67
11/10/2025 15:50,4571.86
11/10/2025 15:55,4450.88
11/10/2025 16:00,4477.76
11/10/2025 16:05,4520.57
11/10/2025 16:10,4388.19
11/10/2025 16:15,4482.13
11/10/2025 16:20,4558.25
11/10/2025 16:25,4604.37
11/10/2025 16:30,4598.52
11/10/2025 16:35,4650.49
11/10/2025 16:40,4595.11
11/10/2025 16:45,4651.35
11/10/2025 16:50,4622.97
11/10/2025 16:55,4695.07
11/10/2025 17:00,4577.68
11/10/2025 17:05,4886.43
11/10/2025 17:10,4640.34
11/10/2025 17:15,4679.64
11/10/2025 17:20,4716.34
11/10/2025 17:25,4747.78
11/10/2025 17:30,4808.12
11/10/2025 17:35,4852.82
11/10/2025 17:40,4820.95
11/10/2025 17:45,4803.18
11/10/2025 17:50,4878.0
11/10/2025 17:55,4905.26
11/10/2025 18:00,4936.85
11/10/2025 18:05,4928.44
11/10/2025 18:10,5063.59
11/10/2025 18:15,4993.25
11/10/2025 18:20,5059.2
11/10/2025 18:25,5013.67
11/10/2025 18:30,5071.99
11/10/2025 18:35,5057.62
11/10/2025 18:40,5203.06
11/10/2025 18:45,5170.24
11/10/2025 18:50,5160.56
11/10/2025 18:55,5118.72
11/10/2025 19:00,4932.04
11/10/2025 19:05,5256.12
11/10/2025 19:10,5144.92
11/10/2025 19:15,5377.3
11/10/2025 19:20,5203.94
11/10/2025 19:25,5125.57
11/10/2025 19:30,5147.92
11/10/2025 19:35,5261.63
11/10/2025 19:40,5256.37
11/10/2025 19:45,5239.11
11/10/2025 19:50,5251.43
11/10/2025 19:55,5159.83
11/10/2025 20:00,5094.26
11/10/2025 20:05,5037.08
11/10/2025 20:10,5091.25
11/10/2025 20:15,5118.78
11/10/2025 20:20,5094.64
11/10/2025 20:25,5031.56
11/10/2025 20:30,5200.74
11/10/2025 20:35,5067.44
11/10/2025 20:40,5051.89
11/10/2025 20:45,4938.55
11/10/2025 20:50,4833.77
11/10/2025 20:55,4894.97
11/10/2025 21:00,5010.52
11/10/2025 21:05,4797.57
11/10/2025 21:10,4746.26
11/10/2025 21:15,4712.57
11/10/2025 21:20,4512.5
11/10/2025 21:25,4514.49
11/10/2025 21:30,4553.63
11/10/2025 21:35,4619.64
11/10/2025 21:40,4639.52
11/10/2025 21:45,4274.39
11/10/2025 21:50,4372.33
11/10/2025 21:55,4250.59
11/10/2025 22:00,4242.31
11/10/2025 22:05,4166.09
11/10/2025 22:10,4193.7
11/10/2025 22:15,4128.82
11/10/2025 22:20,4026.45
11/10/2025 22:25,3872.69
11/10/2025 22:30,4076.54
11/10/2025 22:35,4074.84
11/10/2025 22:40,3744.27
11/10/2025 22:45,3906.31
11/10/2025 22:50,3718.99
11/10/2025 22:55,3634.89
11/10/2025 23:00,3740.09
11/10/2025 23:05,3551.83
11/10/2025 23:10,3644.66
11/10/2025 23:15,3688.69
11/10/2025 23:20,3463.41
11/10/2025 23:25,3451.44
11/10/2025 23:30,3490.3
11/10/2025 23:35,3415.54
11/10/2025 23:40,3273.51
11/10/2025 23:45,3181.18
11/10/2025 23:50,3106.87
11/10/2025 23:55,3227.33
12/10/2025 00:00,3023.44
12/10/2025 00:05,3003.91
12/10/2025 00:10,3076.46
12/10/2025 00:15,3095.15
12/10/2025 00:20,3179.36
12/10/2025 00:25,2984.42
12/10/2025 00:30,2897.13
12/10/2025 00:35,2982.13
12/10/2025 00:40,2967.22
12/10/2025 00:45,2839.74
12/10/2025 00:50,2912.96
12/10/2025 00:55,2909.01
12/10/2025 01:00,2615.4
12/10/2025 01:05,2749.11
12/10/2025 01:10,2808.74
12/10/2025 01:15,2675.53
12/10/2025 01:20,2717.01
12/10/2025 01:25,2653.88
12/10/2025 01:30,2651.17
12/10/2025 01:35,2661.88
12/10/2025 01:40,2620.64
12/10/2025 01:45,2647.48
12/10/2025 01:50,2711.42
12/10/2025 01:55,2567.5
12/10/2025 02:00,2212.78
12/10/2025 02:05,2089.6
12/10/2025 02:10,2064.09
12/10/2025 02:15,2091.26
12/10/2025 02:20,2099.99
12/10/2025 02:25,2180.22
12/10/2025 02:30,2219.25
12/10/2025 02:35,2152.8
12/10/2025 02:40,2005.31
12/10/2025 02:45,2168.62
12/10/2025 02:50,1900.0
12/10/2025 02:55,2015.77
12/10/2025 03:00,2275.39
12/10/2025 03:05,2143.16
12/10/2025 03:10,2177.71
12/10/2025 03:15,2062.36
12/10/2025 03:20,2102.41
12/10/2025 03:25,2002.09
12/10/2025 03:30,2006.23
12/10/2025 03:35,1999.04
12/10/2025 03:40,2200.94
12/10/2025 03:45,2103.13
12/10/2025 03:50,2085.76
12/10/2025 03:55,2203.32
12/10/2025 04:00,2249.65
12/10/2025 04:05,2118.22
12/10/2025 04:10,2061.29
12/10/2025 04:15,2101.82
12/10/2025 04:20,2051.25
12/10/2025 04:25,2044.38
12/10/2025 04:30,2211.4
12/10/2025 04:35,2032.88
12/10/2025 04:40,2293.61
12/10/2025 04:45,2018.06
12/10/2025 04:50,2229.08
12/10/2025 04:55,2190.51
12/10/2025 05:00,2372.5
12/10/2025 05:05,2475.23
12/10/2025 05:10,2447.48
12/10/2025 05:15,2483.2
12/10/2025 05:20,2546.96
12/10/2025 05:25,2598.95
12/10/2025 05:30,2400.17
12/10/2025 05:35,2570.17
12/10/2025 05:40,2493.26
12/10/2025 05:45,2738.66
12/10/2025 05:50,2602.71
12/10/2025 05:55,2677.6
12/10/2025 06:00,2880.43
12/10/2025 06:05,2885.85
12/10/2025 06:10,2954.27
12/10/2025 06:15,2996.47
12/10/2025 06:20,3002.02
12/10/2025 06:25,3093.5
12/10/2025 06:30,3063.41
12/10/2025 06:35,3029.94
12/10/2025 06:40,3137.16
12/10/2025 06:45,3231.77
12/10/2025 06:50,3044.9
12/10/2025 06:55,3253.94
12/10/2025 07:00,3269.53
12/10/2025 07:05,3336.89
12/10/2025 07:10,3334.94
12/10/2025 07:15,3431.99
12/10/2025 07:20,3548.22
12/10/2025 07:25,3571.09
12/10/2025 07:30,3528.05
12/10/2025 07:35,3588.33
12/10/2025 07:40,3856.99
12/10/2025 07:45,3776.55
12/10/2025 07:50,3866.13
12/10/2025 07:55,3903.63
12/10/2025 08:00,3911.84
12/10/2025 08:05,4014.42
12/10/2025 08:10,3999.78
12/10/2025 08:15,4227.69
12/10/2025 08:20,4199.82
12/10/2025 08:25,4345.04
12/10/2025 08:30,4282.77
12/10/2025 08:35,4478.68
12/10/2025 08:40,4463.03
12/10/2025 08:45,4477.58
12/10/2025 08:50,4751.28
12/10/2025 08:55,4531.61
12/10/2025 09:00,4770.64
12/10/2025 09:05,4665.02
12/10/2025 09:10,4803.68
12/10/2025 09:15,4739.37
12/10/2025 09:20,4956.13
12/10/2025 09:25,4919.47
12/10/2025 09:30,4914.32
12/10/2025 09:35,4902.4
12/10/2025 09:40,4938.48
12/10/2025 09:45,4934.98
12/10/2025 09:50,5000.13
12/10/2025 09:55,5026.39
12/10/2025 10:00,5022.25
12/10/2025 10:05,5217.17
12/10/2025 10:10,5158.67
12/10/2025 10:15,5088.47
12/10/2025 10:20,5022.26
12/10/2025 10:25,5055.43
12/10/2025 10:30,5158.93
12/10/2025 10:35,4957.49
12/10/2025 10:40,4993.06
12/10/2025 10:45,5079.1
12/10/2025 10:50,5043.46
12/10/2025 10:55,5049.26
12/10/2025 11:00,5083.26
12/10/2025 11:05,5026.0
12/10/2025 11:10,4913.86
12/10/2025 11:15,5023.9
12/10/2025 11:20,5040.89
12/10/2025 11:25,4914.19
12/10/2025 11:30,4969.54
12/10/2025 11:35,4785.09
12/10/2025 11:40,4954.46
12/10/2025 11:45,4751.04
12/10/2025 11:50,4855.97
12/10/2025 11:55,4688.59
12/10/2025 12:00,4613.01
12/10/2025 12:05,4767.37
12/10/2025 12:10,4455.04
12/10/2025 12:15,4611.75
12/10/2025 12:20,4440.89
12/10/2025 12:25,4511.32
12/10/2025 12:30,4559.89
12/10/2025 12:35,4464.81
12/10/2025 12:40,4548.01
12/10/2025 12:45,4592.62
12/10/2025 12:50,4595.33
12/10/2025 12:55,4557.61
12/10/2025 13:00,4557.31
12/10/2025 13:05,4463.27
12/10/2025 13:10,4465.43
12/10/2025 13:15,4408.62
12/10/2025 13:20,4438.42
12/10/2025 13:25,4472.17
12/10/2025 13:30,4428.64
12/10/2025 13:35,4502.14
12/10/2025 13:40,4359.83
12/10/2025 13:45,4489.23
12/10/2025 13:50,4516.08
12/10/2025 13:55,4453.61
12/10/2025 14:00,4343.49
12/10/2025 14:05,4318.04
12/10/2025 14:10,4402.35
12/10/2025 14:15,4378.14
12/10/2025 14:20,4444.36
12/10/2025 14:25,4298.1
12/10/2025 14:30,4351.02
12/10/2025 14:35,4258.18
12/10/2025 14:40,4263.44
12/10/2025 14:45,4422.23
12/10/2025 14:50,4382.06
12/10/2025 14:55,4364.92
12/10/2025 15:00,4320.3
12/10/2025 15:05,4291.84
12/10/2025 15:10,4407.3
12/10/2025 15:15,4243.0
12/10/2025 15:20,4478.09
12/10/2025 15:25,4269.84
12/10/2025 15:30,4238.65
12/10/2025 15:35,4320.84
12/10/2025 15:40,4400.88
12/10/2025 15:45,4248.51
12/10/2025 15:50,4481.15
12/10/2025 15:55,4477.8
12/10/2025 16:00,4483.89
12/10/2025 16:05,4630.8
12/10/2025 16:10,4412.52
12/10/2025 16:15,4665.49
12/10/2025 16:20,4539.65
12/10/2025 16:25,4451.24
12/10/2025 16:30,4634.64
12/10/2025 16:35,4642.53
12/10/2025 16:40,4613.37
12/10/2025 16:45,4545.19
12/10/2025 16:50,4657.11
12/10/2025 16:55,4648.52
12/10/2025 17:00,4707.16
12/10/2025 17:05,4779.74
12/10/2025 17:10,4710.54
12/10/2025 17:15,4621.23
12/10/2025 17:20,4869.41
12/10/2025 17:25,4845.39
12/10/2025 17:30,4684.0
12/10/2025 17:35,4862.75
12/10/2025 17:40,4760.08
12/10/2025 17:45,4802.74
12/10/2025 17:50,4734.38
12/10/2025 17:55,4918.18
12/10/2025 18:00,5022.44
12/10/2025 18:05,4955.78
12/10/2025 18:10,5037.52
12/10/2025 18:15,4953.34
12/10/2025 18:20,5119.05
12/10/2025 18:25,4968.97
12/10/2025 18:30,5024.38
12/10/2025 18:35,4915.91
12/10/2025 18:40,4978.0
12/10/2025 18:45,5098.89
12/10/2025 18:50,5171.93
12/10/2025 18:55,5186.07
12/10/2025 19:00,5189.77
12/10/2025 19:05,5208.47
12/10/2025 19:10,5133.78
12/10/2025 19:15,5059.82
12/10/2025 19:20,5103.15
12/10/2025 19:25,5212.45
12/10/2025 19:30,5252.88
12/10/2025 19:35,5145.79
12/10/2025 19:40,5350.5
12/10/2025 19:45,5276.0
12/10/2025 19:50,5202.34
12/10/2025 19:55,5264.67
12/10/2025 20:00,5199.63
12/10/2025 20:05,5152.54
12/10/2025 20:10,5205.53
12/10/2025 20:15,5024.52
12/10/2025 20:20,5061.56
12/10/2025 20:25,4867.02
12/10/2025 20:30,5081.85
12/10/2025 20:35,5079.09
12/10/2025 20:40,4946.36
12/10/2025 20:45,5101.35
12/10/2025 20:50,4872.78
12/10/2025 20:55,4779.01
12/10/2025 21:00,4917.86
12/10/2025 21:05,4957.53
12/10/2025 21:10,4778.39
12/10/2025 21:15,4714.8
12/10/2025 21:20,4717.22
12/10/2025 21:25,4541.93
12/10/2025 21:30,4559.01
12/10/2025 21:35,4645.16
12/10/2025 21:40,4383.33
12/10/2025 21:45,4495.81
12/10/2025 21:50,4445.76
12/10/2025 21:55,4121.16
12/10/2025 22:00,4272.43
12/10/2025 22:05,4369.96
12/10/2025 22:10,4254.02
12/10/2025 22:15,4190.89
12/10/2025 22:20,3982.39
12/10/2025 22:25,3975.99
12/10/2025 22:30,3952.02
12/10/2025 22:35,3916.36
12/10/2025 22:40,3953.41
12/10/2025 22:45,3759.6
12/10/2025 22:50,3650.65
12/10/2025 22:55,3835.62
12/10/2025 23:00,3703.08
12/10/2025 23:05,3568.11
12/10/2025 23:10,3616.86
12/10/2025 23:15,3505.08
12/10/2025 23:20,3669.12
12/10/2025 23:25,3398.93
12/10/2025 23:30,3405.21
12/10/2025 23:35,3337.64
12/10/2025 23:40,3235.75
12/10/2025 23:45,3136.37
12/10/2025 23:50,3204.94
12/10/2025 23:55,3151.96
13/10/2025 00:00,3360.32
13/10/2025 00:05,3324.13
13/10/2025 00:10,3236.15
13/10/2025 00:15,3286.14
13/10/2025 00:20,3144.0
13/10/2025 00:25,3207.89
13/10/2025 00:30,3183.92
13/10/2025 00:35,3236.55
13/10/2025 00:40,3191.38
13/10/2025 00:45,3104.35
13/10/2025 00:50,3127.63
13/10/2025 00:55,3105.16
13/10/2025 01:00,2902.01
13/10/2025 01:05,3089.21
13/10/2025 01:10,2903.57
13/10/2025 01:15,3029.16
13/10/2025 01:20,3052.52
13/10/2025 01:25,3006.49
13/10/2025 01:30,2831.55
13/10/2025 01:35,2844.16
13/10/2025 01:40,2781.43
13/10/2025 01:45,2923.58
13/10/2025 01:50,2708.42
13/10/2025 01:55,2610.65
13/10/2025 02:00,2287.98
13/10/2025 02:05,2161.07
13/10/2025 02:10,2377.17
13/10/2025 02:15,2190.26
13/10/2025 02:20,2260.5
13/10/2025 02:25,2309.31
13/10/2025 02:30,2401.14
13/10/2025 02:35,2462.56
13/10/2025 02:40,2376.33
13/10/2025 02:45,2372.33
13/10/2025 02:50,2319.61
13/10/2025 02:55,2126.81
13/10/2025 03:00,2273.96
13/10/2025 03:05,2270.92
13/10/2025 03:10,2309.21
13/10/2025 03:15,2330.92
13/10/2025 03:20,2220.91
13/10/2025 03:25,2412.96
13/10/2025 03:30,2380.61
13/10/2025 03:35,2399.97
13/10/2025 03:40,2342.36
13/10/2025 03:45,2219.54
13/10/2025 03:50,2387.29
13/10/2025 03:55,2485.99
13/10/2025 04:00,2446.79
13/10/2025 04:05,2278.95
13/10/2025 04:10,2376.03
13/10/2025 04:15,2370.95
13/10/2025 04:20,2258.96
13/10/2025 04:25,2275.12
13/10/2025 04:30,2347.17
13/10/2025 04:35,2423.11
13/10/2025 04:40,2233.83
13/10/2025 04:45,2433.8
13/10/2025 04:50,2349.36
13/10/2025 04:55,2419.86
13/10/2025 05:00,2667.7
13/10/2025 05:05,2591.5
13/10/2025 05:10,2589.27
13/10/2025 05:15,2585.14
13/10/2025 05:20,2715.64
13/10/2025 05:25,2898.18
13/10/2025 05:30,2796.74
13/10/2025 05:35,2893.17
13/10/2025 05:40,2989.93
13/10/2025 05:45,2953.18
13/10/2025 05:50,2939.12
13/10/2025 05:55,3093.36
13/10/2025 06:00,3160.7
13/10/2025 06:05,3053.55
13/10/2025 06:10,3182.4
13/10/2025 06:15,3089.17
13/10/2025 06:20,3439.87
13/10/2025 06:25,3285.32
13/10/2025 06:30,3316.76
13/10/2025 06:35,3393.35
13/10/2025 06:40,3261.39
13/10/2025 06:45,3372.21
13/10/2025 06:50,3541.66
13/10/2025 06:55,3394.2
13/10/2025 07:00,3492.66
13/10/2025 07:05,3644.93
13/10/2025 07:10,3681.17
13/10/2025 07:15,3796.0
13/10/2025 07:20,3796.44
13/10/2025 07:25,3832.97
13/10/2025 07:30,3865.14
13/10/2025 07:35,4059.76
13/10/2025 07:40,4015.2
13/10/2025 07:45,4043.56
13/10/2025 07:50,4082.04
13/10/2025 07:55,4294.03
13/10/2025 08:00,4188.46
13/10/2025 08:05,4108.19
13/10/2025 08:10,4336.53
13/10/2025 08:15,4463.79
13/10/2025 08:20,4416.78
13/10/2025 08:25,4494.66
13/10/2025 08:30,4658.31
13/10/2025 08:35,4746.1
13/10/2025 08:40,4690.41
13/10/2025 08:45,4829.45
13/10/2025 08:50,4749.21
13/10/2025 08:55,4908.36
13/10/2025 09:00,4813.43
13/10/2025 09:05,5018.87
13/10/2025 09:10,5122.7
13/10/2025 09:15,5100.5
13/10/2025 09:20,5158.26
13/10/2025 09:25,5005.29
13/10/2025 09:30,5186.75
13/10/2025 09:35,5297.36
13/10/2025 09:40,5213.27
13/10/2025 09:45,5254.86
13/10/2025 09:50,5263.58
13/10/2025 09:55,5276.14
13/10/2025 10:00,5349.12
13/10/2025 10:05,5305.2
13/10/2025 10:10,5425.02
13/10/2025 10:15,5494.0
13/10/2025 10:20,5330.46
13/10/2025 10:25,5300.41
13/10/2025 10:30,5454.09
13/10/2025 10:35,5285.55
13/10/2025 10:40,5412.67
13/10/2025 10:45,5501.54
13/10/2025 10:50,5348.45
13/10/2025 10:55,5246.45
13/10/2025 11:00,5454.79
13/10/2025 11:05,5304.77
13/10/2025 11:10,5233.52
13/10/2025 11:15,5313.34
13/10/2025 11:20,5258.54
13/10/2025 11:25,5239.0
13/10/2025 11:30,5278.13
13/10/2025 11:35,5295.34
13/10/2025 11:40,5111.56
13/10/2025 11:45,5129.87
13/10/2025 11:50,5128.22
13/10/2025 11:55,4933.39
13/10/2025 12:00,4888.49
13/10/2025 12:05,4753.93
13/10/2025 12:10,4971.39
13/10/2025 12:15,4803.58
13/10/2025 12:20,4938.89
13/10/2025 12:25,4843.74
13/10/2025 12:30,4851.18
13/10/2025 12:35,4785.91
13/10/2025 12:40,4860.69
13/10/2025 12:45,4827.57
13/10/2025 12:50,4807.09
13/10/2025 12:55,4675.64
13/10/2025 13:00,4694.92
13/10/2025 13:05,4745.78
13/10/2025 13:10,4870.6
13/10/2025 13:15,4868.1
13/10/2025 13:20,4690.0
13/10/2025 13:25,4638.77
13/10/2025 13:30,4564.39
13/10/2025 13:35,4830.36
13/10/2025 13:40,4838.86
13/10/2025 13:45,4632.36
13/10/2025 13:50,4577.09
13/10/2025 13:55,4535.07
13/10/2025 14:00,4583.46
13/10/2025 14:05,4681.11
13/10/2025 14:10,4638.77
13/10/2025 14:15,4655.28
13/10/2025 14:20,4627.23
13/10/2025 14:25,4595.61
13/10/2025 14:30,4645.8
13/10/2025 14:35,4645.34
13/10/2025 14:40,4574.76
13/10/2025 14:45,4596.29
13/10/2025 14:50,4667.87
13/10/2025 14:55,4671.71
13/10/2025 15:00,4604.54
13/10/2025 15:05,4488.05
13/10/2025 15:10,4570.0
13/10/2025 15:15,4631.53
13/10/2025 15:20,4589.22
13/10/2025 15:25,4726.61
13/10/2025 15:30,4495.95
13/10/2025 15:35,4576.97
13/10/2025 15:40,4813.63
13/10/2025 15:45,4670.32
13/10/2025 15:50,4714.79
13/10/2025 15:55,4600.48
13/10/2025 16:00,4779.59
13/10/2025 16:05,4798.35
13/10/2025 16:10,4839.76
13/10/2025 16:15,4751.6
13/10/2025 16:20,4811.71
13/10/2025 16:25,4908.81
13/10/2025 16:30,4856.78
13/10/2025 16:35,4903.38
13/10/2025 16:40,4857.36
13/10/2025 16:45,4818.08
13/10/2025 16:50,4879.08
13/10/2025 16:55,4949.88
13/10/2025 17:00,4863.55
13/10/2025 17:05,4825.7
13/10/2025 17:10,5030.5
13/10/2025 17:15,4937.52
13/10/2025 17:20,5001.35
13/10/2025 17:25,5056.72
13/10/2025 17:30,5119.78
13/10/2025 17:35,5068.21
13/10/2025 17:40,5018.14
13/10/2025 17:45,5072.16
13/10/2025 17:50,5162.94
13/10/2025 17:55,5132.22
13/10/2025 18:00,5118.22
13/10/2025 18:05,5106.25
13/10/2025 18:10,5019.22
13/10/2025 18:15,5298.28
13/10/2025 18:20,5249.57
13/10/2025 18:25,5448.7
13/10/2025 18:30,5295.77
13/10/2025 18:35,5434.62
13/10/2025 18:40,5312.25
13/10/2025 18:45,5345.24
13/10/2025 18:50,5468.16
13/10/2025 18:55,5371.28
13/10/2025 19:00,5440.61
13/10/2025 19:05,5430.59
13/10/2025 19:10,5427.27
13/10/2025 19:15,5416.67
13/10/2025 19:20,5301.12
13/10/2025 19:25,5430.32
13/10/2025 19:30,5603.72
13/10/2025 19:35,5500.94
13/10/2025 19:40,5612.06
13/10/2025 19:45,5738.72
13/10/2025 19:50,5440.95
13/10/2025 19:55,5248.82
13/10/2025 20:00,5346.43
13/10/2025 20:05,5403.06
13/10/2025 20:10,5357.65
13/10/2025 20:15,5413.44
13/10/2025 20:20,5295.06
13/10/2025 20:25,5274.79
13/10/2025 20:30,5189.21
13/10/2025 20:35,5344.89
13/10/2025 20:40,5122.05
13/10/2025 20:45,5171.0
13/10/2025 20:50,5087.81
13/10/2025 20:55,5112.06
13/10/2025 21:00,5126.34
13/10/2025 21:05,5254.46
13/10/2025 21:10,4865.31
13/10/2025 21:15,5029.21
13/10/2025 21:20,4969.37
13/10/2025 21:25,4861.86
13/10/2025 21:30,4855.27
13/10/2025 21:35,4851.72
13/10/2025 21:40,4769.92
13/10/2025 21:45,4659.91
13/10/2025 21:50,4703.79
13/10/2025 21:55,4642.91
13/10/2025 22:00,4596.56
13/10/2025 22:05,4483.64
13/10/2025 22:10,4451.06
13/10/2025 22:15,4404.08
13/10/2025 22:20,4384.74
13/10/2025 22:25,4310.25
13/10/2025 22:30,4429.01
13/10/2025 22:35,4145.04
13/10/2025 22:40,4171.34
13/10/2025 22:45,4012.7
13/10/2025 22:50,4032.5
13/10/2025 22:55,3939.54
13/10/2025 23:00,3881.79
13/10/2025 23:05,4014.4
13/10/2025 23:10,3827.89
13/10/2025 23:15,3735.98
13/10/2025 23:20,3742.87
13/10/2025 23:25,3792.42
13/10/2025 23:30,3671.47
13/10/2025 23:35,3826.65
13/10/2025 23:40,3623.35
13/10/2025 23:45,3350.74
13/10/2025 23:50,3510.0
13/10/2025 23:55,3349.94
14/10/2025 00:00,3337.0
14/10/2025 00:05,3406.5
14/10/2025 00:10,3254.63
14/10/2025 00:15,3375.95
14/10/2025 00:20,3384.67
14/10/2025 00:25,3286.56
14/10/2025 00:30,3395.87
14/10/2025 00:35,3327.19
14/10/2025 00:40,3121.59
14/10/2025 00:45,3245.71
14/10/2025 00:50,3160.39
14/10/2025 00:55,3166.01
14/10/2025 01:00,3137.33
14/10/2025 01:05,3081.3
14/10/2025 01:10,3096.27
14/10/2025 01:15,3013.34
14/10/2025 01:20,3061.73
14/10/2025 01:25,2953.59
14/10/2025 01:30,2954.83
14/10/2025 01:35,2988.02
14/10/2025 01:40,2775.52
14/10/2025 01:45,2922.65
14/10/2025 01:50,2670.08
14/10/2025 01:55,2597.69
14/10/2025 02:00,2277.91
14/10/2025 02:05,2299.6
14/10/2025 02:10,2413.41
14/10/2025 02:15,2292.97
14/10/2025 02:20,2322.57
14/10/2025 02:25,2272.62
14/10/2025 02:30,2321.21
14/10/2025 02:35,2384.99
14/10/2025 02:40,2253.55
14/10/2025 02:45,2362.29
14/10/2025 02:50,2434.26
14/10/2025 02:55,2452.29
14/10/2025 03:00,2380.59
14/10/2025 03:05,2354.45
14/10/2025 03:10,2421.84
14/10/2025 03:15,2492.53
14/10/2025 03:20,2361.03
14/10/2025 03:25,2302.47
14/10/2025 03:30,2315.91
14/10/2025 03:35,2386.32
14/10/2025 03:40,2315.48
14/10/2025 03:45,2383.44
14/10/2025 03:50,2399.72
14/10/2025 03:55,2370.07
14/10/2025 04:00,2429.83
14/10/2025 04:05,2450.34
14/10/2025 04:10,2290.7
14/10/2025 04:15,2277.21
14/10/2025 04:20,2530.17
14/10/2025 04:25,2314.25
14/10/2025 04:30,2431.6
14/10/2025 04:35,2222.88
14/10/2025 04:40,2155.7
14/10/2025 04:45,2356.65
14/10/2025 04:50,2288.36
14/10/2025 04:55,2351.07
14/10/2025 05:00,2472.44
14/10/2025 05:05,2624.0
14/10/2025 05:10,2538.55
14/10/2025 05:15,2669.39
14/10/2025 05:20,2804.99
14/10/2025 05:25,2724.55
14/10/2025 05:30,2916.11
14/10/2025 05:35,2740.68
14/10/2025 05:40,2802.37
14/10/2025 05:45,2871.8
14/10/2025 05:50,3071.64
14/10/2025 05:55,3156.01
14/10/2025 06:00,3139.61
14/10/2025 06:05,3062.26
14/10/2025 06:10,2979.65
14/10/2025 06:15,3208.86
14/10/2025 06:20,3208.33
14/10/2025 06:25,3350.18
14/10/2025 06:30,3240.92
14/10/2025 06:35,3189.2
14/10/2025 06:40,3402.1
14/10/2025 06:45,3423.26
14/10/2025 06:50,3456.95
14/10/2025 06:55,3506.34
14/10/2025 07:00,3477.48
14/10/2025 07:05,3692.88
14/10/2025 07:10,3596.39
14/10/2025 07:15,3642.06
14/10/2025 07:20,3831.73
14/10/2025 07:25,3747.03
14/10/2025 07:30,3943.73
14/10/2025 07:35,3989.76
14/10/2025 07:40,3979.84
14/10/2025 07:45,3979.11
14/10/2025 07:50,4045.51
14/10/2025 07:55,4266.9
14/10/2025 08:00,4183.15
14/10/2025 08:05,4356.53
14/10/2025 08:10,4518.68
14/10/2025 08:15,4328.21
14/10/2025 08:20,4311.27
14/10/2025 08:25,4494.5
14/10/2025 08:30,4367.11
14/10/2025 08:35,4663.68
14/10/2025 08:40,4493.9
14/10/2025 08:45,4795.33
14/10/2025 08:50,4746.73
14/10/2025 08:55,4872.21
14/10/2025 09:00,4946.47
14/10/2025 09:05,5044.74
14/10/2025 09:10,5066.38
14/10/2025 09:15,5079.6
14/10/2025 09:20,5128.45
14/10/2025 09:25,5007.82
14/10/2025 09:30,5071.96
14/10/2025 09:35,5151.77
14/10/2025 09:40,5246.55
14/10/2025 09:45,5259.95
14/10/2025 09:50,5229.08
14/10/2025 09:55,5213.37
14/10/2025 10:00,5280.23
14/10/2025 10:05,5272.86
14/10/2025 10:10,5323.27
14/10/2025 10:15,5448.23
14/10/2025 10:20,5278.85
14/10/2025 10:25,5378.18
14/10/2025 10:30,5405.24
14/10/2025 10:35,5252.75
14/10/2025 10:40,5311.34
14/10/2025 10:45,5339.36
14/10/2025 10:50,5353.45
14/10/2025 10:55,5255.5
14/10/2025 11:00,5349.6
14/10/2025 11:05,5276.23
14/10/2025 11:10,5262.48
14/10/2025 11:15,5213.18
14/10/2025 11:20,5273.49
14/10/2025 11:25,5102.4
14/10/2025 11:30,5208.65
14/10/2025 11:35,5116.03
14/10/2025 11:40,5122.31
14/10/2025 11:45,4984.8
14/10/2025 11:50,5053.23
14/10/2025 11:55,5000.23
14/10/2025 12:00,4947.75
14/10/2025 12:05,4745.0
14/10/2025 12:10,4795.91
14/10/2025 12:15,4865.5
14/10/2025 12:20,4851.64
14/10/2025 12:25,4940.23
14/10/2025 12:30,4894.27
14/10/2025 12:35,4861.54
14/10/2025 12:40,4745.06
14/10/2025 12:45,4711.32
14/10/2025 12:50,4655.05
14/10/2025 12:55,4790.31
14/10/2025 13:00,4733.16
14/10/2025 13:05,4684.22
14/10/2025 13:10,4735.31
14/10/2025 13:15,4788.88
14/10/2025 13:20,4746.7
14/10/2025 13:25,4698.8
14/10/2025 13:30,4691.7
14/10/2025 13:35,4707.12
14/10/2025 13:40,4693.63
14/10/2025 13:45,4760.08
14/10/2025 13:50,4521.19
14/10/2025 13:55,4661.66
14/10/2025 14:00,4758.89
14/10/2025 14:05,4550.89
14/10/2025 14:10,4570.63
14/10/2025 14:15,4712.08
14/10/2025 14:20,4702.51
14/10/2025 14:25,4713.18
14/10/2025 14:30,4567.26
14/10/2025 14:35,4631.72
14/10/2025 14:40,4589.68
14/10/2025 14:45,4528.86
14/10/2025 14:50,4501.27
14/10/2025 14:55,4544.75
14/10/2025 15:00,4495.71
14/10/2025 15:05,4559.29
14/10/2025 15:10,4572.33
14/10/2025 15:15,4635.82
14/10/2025 15:20,4535.26
14/10/2025 15:25,4741.03
14/10/2025 15:30,4752.21
14/10/2025 15:35,4627.72
14/10/2025 15:40,4759.69
14/10/2025 15:45,4709.03
14/10/2025 15:50,4675.02
14/10/2025 15:55,4762.98
14/10/2025 16:00,4837.25
14/10/2025 16:05,4603.69
14/10/2025 16:10,4790.31
14/10/2025 16:15,4769.35
14/10/2025 16:20,4938.06
14/10/2025 16:25,5034.39
14/10/2025 16:30,4921.71
14/10/2025 16:35,4821.64
14/10/2025 16:40,4991.78
14/10/2025 16:45,4769.01
14/10/2025 16:50,4870.49
14/10/2025 16:55,5065.39
14/10/2025 17:00,4944.66
14/10/2025 17:05,4989.64
14/10/2025 17:10,5071.7
14/10/2025 17:15,4901.9
14/10/2025 17:20,5147.42
14/10/2025 17:25,5020.91
14/10/2025 17:30,5035.21
14/10/2025 17:35,5152.52
14/10/2025 17:40,5136.89
14/10/2025 17:45,5072.16
14/10/2025 17:50,5189.71
14/10/2025 17:55,5106.18
14/10/2025 18:00,5127.44
14/10/2025 18:05,5172.8
14/10/2025 18:10,5144.32
14/10/2025 18:15,5273.82
14/10/2025 18:20,5351.5
14/10/2025 18:25,5301.95
14/10/2025 18:30,5162.58
14/10/2025 18:35,5269.37
14/10/2025 18:40,5385.63
14/10/2025 18:45,5393.63
14/10/2025 18:50,5400.99
14/10/2025 18:55,5365.2
14/10/2025 19:00,5422.67
14/10/2025 19:05,5456.43
14/10/2025 19:10,5579.55
14/10/2025 19:15,5428.89
14/10/2025 19:20,5387.06
14/10/2025 19:25,5421.9
14/10/2025 19:30,5437.08
14/10/2025 19:35,5503.99
14/10/2025 19:40,5523.22
14/10/2025 19:45,5541.17
14/10/2025 19:50,5500.97
14/10/2025 19:55,5506.98
14/10/2025 20:00,5484.87
14/10/2025 20:05,5462.8
14/10/2025 20:10,5412.78
14/10/2025 20:15,5254.74
14/10/2025 20:20,5165.29
14/10/2025 20:25,5340.29
14/10/2025 20:30,5237.5
14/10/2025 20:35,5299.64
14/10/2025 20:40,5238.13
14/10/2025 20:45,5087.15
14/10/2025 20:50,5184.67
14/10/2025 20:55,5152.66
14/10/2025 21:00,5187.7
14/10/2025 21:05,5141.25
14/10/2025 21:10,4968.64
14/10/2025 21:15,5097.56
14/10/2025 21:20,5027.85
14/10/2025 21:25,4823.4
14/10/2025 21:30,4830.75
14/10/2025 21:35,4970.11
14/10/2025 21:40,4808.98
14/10/2025 21:45,4717.61
14/10/2025 21:50,4586.23
14/10/2025 21:55,4527.65
14/10/2025 22:00,4326.83
14/10/2025 22:05,4498.18
14/10/2025 22:10,4495.33
14/10/2025 22:15,4564.6
14/10/2025 22:20,4532.53
14/10/2025 22:25,4177.08
14/10/2025 22:30,4256.6
14/10/2025 22:35,4306.43
14/10/2025 22:40,4155.37
14/10/2025 22:45,3999.87
14/10/2025 22:50,4045.71
14/10/2025 22:55,3988.52
14/10/2025 23:00,3905.13
14/10/2025 23:05,3897.45
14/10/2025 23:10,3868.34
14/10/2025 23:15,4007.04
14/10/2025 23:20,3791.38
14/10/2025 23:25,3618.69
14/10/2025 23:30,3721.65
14/10/2025 23:35,3542.25
14/10/2025 23:40,3579.57
14/10/2025 23:45,3513.14
14/10/2025 23:50,3432.55
14/10/2025 23:55,3352.42
15/10/2025 00:00,3358.96
15/10/2025 00:05,3195.74
15/10/2025 00:10,3165.7
15/10/2025 00:15,3321.13
15/10/2025 00:20,3236.48
15/10/2025 00:25,3053.3
15/10/2025 00:30,3178.01
15/10/2025 00:35,3227.7
15/10/2025 00:40,3234.26
15/10/2025 00:45,3176.72
15/10/2025 00:50,2922.81
15/10/2025 00:55,3089.22
15/10/2025 01:00,2951.04
15/10/2025 01:05,3114.7
15/10/2025 01:10,2916.81
15/10/2025 01:15,2929.45
15/10/2025 01:20,2942.01
15/10/2025 01:25,2957.11
15/10/2025 01:30,2940.79
15/10/2025 01:35,2881.81
15/10/2025 01:40,2849.69
15/10/2025 01:45,2776.36
15/10/2025 01:50,2633.36
15/10/2025 01:55,2778.4
15/10/2025 02:00,2350.08
15/10/2025 02:05,2328.4
15/10/2025 02:10,2407.61
15/10/2025 02:15,2411.43
15/10/2025 02:20,2432.36
15/10/2025 02:25,2353.43
15/10/2025 02:30,2486.34
15/10/2025 02:35,2468.66
15/10/2025 02:40,2334.54
15/10/2025 02:45,2502.81
15/10/2025 02:50,2513.58
15/10/2025 02:55,2285.77
15/10/2025 03:00,2348.83
15/10/2025 03:05,2299.48
15/10/2025 03:10,2337.97
15/10/2025 03:15,2475.2
15/10/2025 03:20,2341.28
15/10/2025 03:25,2251.92
15/10/2025 03:30,2365.9
15/10/2025 03:35,2434.08
15/10/2025 03:40,2514.3
15/10/2025 03:45,2350.99
15/10/2025 03:50,2215.79
15/10/2025 03:55,2279.29
15/10/2025 04:00,2445.1
15/10/2025 04:05,2496.09
15/10/2025 04:10,2239.72
15/10/2025 04:15,2457.95
15/10/2025 04:20,2406.73
15/10/2025 04:25,2375.75
15/10/2025 04:30,2305.72
15/10/2025 04:35,2342.69
15/10/2025 04:40,2338.53
15/10/2025 04:45,2170.41
15/10/2025 04:50,2349.3
15/10/2025 04:55,2393.94
15/10/2025 05:00,2601.48
15/10/2025 05:05,2646.0
15/10/2025 05:10,2605.61
15/10/2025 05:15,2731.61
15/10/2025 05:20,2703.07
15/10/2025 05:25,2863.81
15/10/2025 05:30,2853.39
15/10/2025 05:35,2780.57
15/10/2025 05:40,2900.04
15/10/2025 05:45,2907.69
15/10/2025 05:50,2933.5
15/10/2025 05:55,2866.37
15/10/2025 06:00,3011.17
15/10/2025 06:05,3047.44
15/10/2025 06:10,3114.29
15/10/2025 06:15,3249.86
15/10/2025 06:20,3184.91
15/10/2025 06:25,3363.09
15/10/2025 06:30,3350.98
15/10/2025 06:35,3366.89
15/10/2025 06:40,3368.61
15/10/2025 06:45,3465.23
15/10/2025 06:50,3486.26
15/10/2025 06:55,3525.3
15/10/2025 07:00,3533.0
15/10/2025 07:05,3546.21
15/10/2025 07:10,3533.43
15/10/2025 07:15,3676.91
15/10/2025 07:20,3727.65
15/10/2025 07:25,3784.4
15/10/2025 07:30,3782.22
15/10/2025 07:35,3963.98
15/10/2025 07:40,4071.0
15/10/2025 07:45,4081.66
15/10/2025 07:50,4188.24
15/10/2025 07:55,4401.04
15/10/2025 08:00,4294.2
15/10/2025 08:05,4263.22
15/10/2025 08:10,4326.51
15/10/2025 08:15,4348.9
15/10/2025 08:20,4650.82
15/10/2025 08:25,4553.31
15/10/2025 08:30,4648.16
15/10/2025 08:35,4805.75
15/10/2025 08:40,4824.49
15/10/2025 08:45,4676.46
15/10/2025 08:50,4767.86
15/10/2025 08:55,4822.61
15/10/2025 09:00,4894.79
15/10/2025 09:05,4824.4
15/10/2025 09:10,5107.32
15/10/2025 09:15,4950.65
15/10/2025 09:20,5134.73
15/10/2025 09:25,5130.27
15/10/2025 09:30,4994.39
15/10/2025 09:35,5285.23
15/10/2025 09:40,5304.16
15/10/2025 09:45,5261.52
15/10/2025 09:50,5398.74
15/10/2025 09:55,5175.37
15/10/2025 10:00,5118.5
15/10/2025 10:05,5324.94
15/10/2025 10:10,5385.83
15/10/2025 10:15,5389.88
15/10/2025 10:20,5221.46
15/10/2025 10:25,5346.03
15/10/2025 10:30,5257.63
15/10/2025 10:35,5323.21
15/10/2025 10:40,5272.93
15/10/2025 10:45,5404.12
15/10/2025 10:50,5233.88
15/10/2025 10:55,5391.88
15/10/2025 11:00,5337.58
15/10/2025 11:05,5355.44
15/10/2025 11:10,5184.91
15/10/2025 11:15,5161.48
15/10/2025 11:20,5256.31
15/10/2025 11:25,5049.57
15/10/2025 11:30,5073.56
15/10/2025 11:35,5078.89
15/10/2025 11:40,5062.46
15/10/2025 11:45,5067.39
15/10/2025 11:50,5069.96
15/10/2025 11:55,4986.08
15/10/2025 12:00,4880.65
15/10/2025 12:05,4640.22
15/10/2025 12:10,4889.17
15/10/2025 12:15,4714.79
15/10/2025 12:20,4762.02
15/10/2025 12:25,4916.57
15/10/2025 12:30,4595.53
15/10/2025 12:35,4724.26
15/10/2025 12:40,4717.25
15/10/2025 12:45,4799.58
15/10/2025 12:50,4742.45
15/10/2025 12:55,4853.77
15/10/2025 13:00,4737.14
15/10/2025 13:05,4741.64
15/10/2025 13:10,4709.23
15/10/2025 13:15,4893.61
15/10/2025 13:20,4594.08
15/10/2025 13:25,4682.63
15/10/2025 13:30,4838.71
15/10/2025 13:35,4530.31
15/10/2025 13:40,4617.67
15/10/2025 13:45,4641.11
15/10/2025 13:50,4829.69
15/10/2025 13:55,4662.47
15/10/2025 14:00,4585.67
15/10/2025 14:05,4569.96
15/10/2025 14:10,4669.78
15/10/2025 14:15,4659.78
15/10/2025 14:20,4611.51
15/10/2025 14:25,4539.27
15/10/2025 14:30,4610.04
15/10/2025 14:35,4632.17
15/10/2025 14:40,4563.58
15/10/2025 14:45,4711.26
15/10/2025 14:50,4533.79
15/10/2025 14:55,4526.75
15/10/2025 15:00,4443.85
15/10/2025 15:05,4741.17
15/10/2025 15:10,4770.87
15/10/2025 15:15,4689.67
15/10/2025 15:20,4571.23
15/10/2025 15:25,4543.82
15/10/2025 15:30,4640.34
15/10/2025 15:35,4522.66
15/10/2025 15:40,4722.53
15/10/2025 15:45,4742.25
15/10/2025 15:50,4709.82
15/10/2025 15:55,4660.1
15/10/2025 16:00,4667.35
15/10/2025 16:05,4837.08
15/10/2025 16:10,4760.09
15/10/2025 16:15,4836.88
15/10/2025 16:20,4782.89
15/10/2025 16:25,4910.52
15/10/2025 16:30,4834.61
15/10/2025 16:35,4870.96
15/10/2025 16:40,4790.01
15/10/2025 16:45,4960.16
15/10/2025 16:50,4839.78
15/10/2025 16:55,4948.77
15/10/2025 17:00,4962.08
15/10/2025 17:05,5078.55
15/10/2025 17:10,5032.76
15/10/2025 17:15,5127.95
15/10/2025 17:20,4910.56
15/10/2025 17:25,5111.43
15/10/2025 17:30,5000.44
15/10/2025 17:35,5174.52
15/10/2025 17:40,5047.55
15/10/2025 17:45,5192.24
15/10/2025 17:50,5212.06
15/10/2025 17:55,5182.54
15/10/2025 18:00,5256.3
15/10/2025 18:05,5159.49
15/10/2025 18:10,5111.84
15/10/2025 18:15,5390.07
15/10/2025 18:20,5411.8
15/10/2025 18:25,5164.09
15/10/2025 18:30,5373.82
15/10/2025 18:35,5487.74
15/10/2025 18:40,5458.94
15/10/2025 18:45,5371.83
15/10/2025 18:50,5335.49
15/10/2025 18:55,5370.61
15/10/2025 19:00,5378.71
15/10/2025 19:05,5411.2
15/10/2025 19:10,5430.29
15/10/2025 19:15,5363.73
15/10/2025 19:20,5345.94
15/10/2025 19:25,5438.15
15/10/2025 19:30,5434.87
15/10/2025 19:35,5605.96
15/10/2025 19:40,5347.91
15/10/2025 19:45,5423.71
15/10/2025 19:50,5451.25
15/10/2025 19:55,5434.94
15/10/2025 20:00,5457.23
15/10/2025 20:05,5562.19
15/10/2025 20:10,5337.77
15/10/2025 20:15,5386.95
15/10/2025 20:20,5383.58
15/10/2025 20:25,5290.06
15/10/2025 20:30,5360.53
15/10/2025 20:35,5270.93
15/10/2025 20:40,5081.83
15/10/2025 20:45,5349.46
15/10/2025 20:50,5240.8
15/10/2025 20:55,5007.64
15/10/2025 21:00,5155.57
15/10/2025 21:05,5157.48
15/10/2025 21:10,5150.02
15/10/2025 21:15,5002.61
15/10/2025 21:20,4942.12
15/10/2025 21:25,4905.08
15/10/2025 21:30,4932.5
15/10/2025 21:35,4853.38
15/10/2025 21:40,4739.15
15/10/2025 21:45,4716.52
15/10/2025 21:50,4620.9
15/10/2025 21:55,4561.03
15/10/2025 22:00,4559.12
15/10/2025 22:05,4414.19
15/10/2025 22:10,4365.57
15/10/2025 22:15,4450.92
15/10/2025 22:20,4441.13
15/10/2025 22:25,4303.54
15/10/2025 22:30,4325.81
15/10/2025 22:35,4264.56
15/10/2025 22:40,3989.91
15/10/2025 22:45,4077.84
15/10/2025 22:50,4149.67
15/10/2025 22:55,3893.93
15/10/2025 23:00,3953.36
15/10/2025 23:05,3897.55
15/10/2025 23:10,3957.74
15/10/2025 23:15,3831.35
15/10/2025 23:20,3772.89
15/10/2025 23:25,3734.78
15/10/2025 23:30,3461.08
15/10/2025 23:35,3606.33
15/10/2025 23:40,3546.26
15/10/2025 23:45,3503.72
15/10/2025 23:50,3373.62
15/10/2025 23:55,3419.16
16/10/2025 00:00,3218.06
16/10/2025 00:05,3350.4
16/10/2025 00:10,3247.05
16/10/2025 00:15,3195.76
16/10/2025 00:20,3182.48
16/10/2025 00:25,3213.04
16/10/2025 00:30,3205.09
16/10/2025 00:35,3203.89
16/10/2025 00:40,3119.68
16/10/2025 00:45,3284.11
16/10/2025 00:50,2995.01
16/10/2025 00:55,3076.16
16/10/2025 01:00,3058.85
16/10/2025 01:05,3211.52
16/10/2025 01:10,2951.72
16/10/2025 01:15,3058.79
16/10/2025 01:20,3068.76
16/10/2025 01:25,3081.38
16/10/2025 01:30,2886.96
16/10/2025 01:35,2651.93
16/10/2025 01:40,2835.22
16/10/2025 01:45,2778.78
16/10/2025 01:50,2722.78
16/10/2025 01:55,2844.3
16/10/2025 02:00,2467.34
16/10/2025 02:05,2381.61
16/10/2025 02:10,2358.27
16/10/2025 02:15,2318.69
16/10/2025 02:20,2474.05
16/10/2025 02:25,2406.36
16/10/2025 02:30,2416.29
16/10/2025 02:35,2446.08
16/10/2025 02:40,2440.93
16/10/2025 02:45,2363.48
16/10/2025 02:50,2321.56
16/10/2025 02:55,2402.16
16/10/2025 03:00,2216.12
16/10/2025 03:05,2271.91
16/10/2025 03:10,2268.69
16/10/2025 03:15,2407.14
16/10/2025 03:20,2477.88
16/10/2025 03:25,2423.17
16/10/2025 03:30,2272.79
16/10/2025 03:35,2410.45
16/10/2025 03:40,2322.6
16/10/2025 03:45,2379.08
16/10/2025 03:50,2461.3
16/10/2025 03:55,2398.43
16/10/2025 04:00,2327.74
16/10/2025 04:05,2517.73
16/10/2025 04:10,2357.88
16/10/2025 04:15,2234.96
16/10/2025 04:20,2376.97
16/10/2025 04:25,2240.94
16/10/2025 04:30,2489.85
16/10/2025 04:35,2455.53
16/10/2025 04:40,2178.36
16/10/2025 04:45,2279.45
16/10/2025 04:50,2186.99
16/10/2025 04:55,2315.19
16/10/2025 05:00,2485.5
16/10/2025 05:05,2529.91
16/10/2025 05:10,2661.05
16/10/2025 05:15,2689.96
16/10/2025 05:20,2767.21
16/10/2025 05:25,2595.68
16/10/2025 05:30,2720.45
16/10/2025 05:35,2972.8
16/10/2025 05:40,3058.0
16/10/2025 05:45,3050.4
16/10/2025 05:50,2885.53
16/10/2025 05:55,2908.43
16/10/2025 06:00,2983.81
16/10/2025 06:05,3159.84
16/10/2025 06:10,2988.48
16/10/2025 06:15,3352.59
16/10/2025 06:20,3158.64
16/10/2025 06:25,3258.66
16/10/2025 06:30,3461.06
16/10/2025 06:35,3417.58
16/10/2025 06:40,3488.27
16/10/2025 06:45,3206.03
16/10/2025 06:50,3460.26
16/10/2025 06:55,3439.02
16/10/2025 07:00,3510.66
16/10/2025 07:05,3672.74
16/10/2025 07:10,3696.66
16/10/2025 07:15,3754.82
16/10/2025 07:20,3800.39
16/10/2025 07:25,3944.11
16/10/2025 07:30,3943.63
16/10/2025 07:35,3988.12
16/10/2025 07:40,4061.43
16/10/2025 07:45,4025.05
16/10/2025 07:50,4092.9
16/10/2025 07:55,4249.36
16/10/2025 08:00,4198.43
16/10/2025 08:05,4193.54
16/10/2025 08:10,4381.12
16/10/2025 08:15,4430.36
16/10/2025 08:20,4441.18
16/10/2025 08:25,4482.46
16/10/2025 08:30,4446.4
16/10/2025 08:35,4599.71
16/10/2025 08:40,4691.53
16/10/2025 08:45,4797.79
16/10/2025 08:50,4906.13
16/10/2025 08:55,4954.61
16/10/2025 09:00,4942.27
16/10/2025 09:05,4949.43
16/10/2025 09:10,4928.91
16/10/2025 09:15,5133.29
16/10/2025 09:20,5270.13
16/10/2025 09:25,5112.07
16/10/2025 09:30,5025.3
16/10/2025 09:35,5349.85
16/10/2025 09:40,5203.16
16/10/2025 09:45,5254.51
16/10/2025 09:50,5313.05
16/10/2025 09:55,5298.54
16/10/2025 10:00,5243.75
16/10/2025 10:05,5321.87
16/10/2025 10:10,5437.74
16/10/2025 10:15,5255.25
16/10/2025 10:20,5323.79
16/10/2025 10:25,5354.26
16/10/2025 10:30,5382.43
16/10/2025 10:35,5356.62
16/10/2025 10:40,5279.12
16/10/2025 10:45,5382.06
16/10/2025 10:50,5270.25
16/10/2025 10:55,5305.64
16/10/2025 11:00,5337.73
16/10/2025 11:05,5246.54
16/10/2025 11:10,5282.47
16/10/2025 11:15,5289.91
16/10/2025 11:20,5316.09
16/10/2025 11:25,5214.12
16/10/2025 11:30,5142.16
16/10/2025 11:35,5053.93
16/10/2025 11:40,5058.89
16/10/2025 11:45,4970.43
16/10/2025 11:50,4973.85
16/10/2025 11:55,5167.6
16/10/2025 12:00,4936.61
16/10/2025 12:05,4755.56
16/10/2025 12:10,4834.07
16/10/2025 12:15,4944.04
16/10/2025 12:20,4809.18
16/10/2025 12:25,4921.26
16/10/2025 12:30,4775.31
16/10/2025 12:35,4951.46
16/10/2025 12:40,4817.72
16/10/2025 12:45,4961.72
16/10/2025 12:50,4723.01
16/10/2025 12:55,4731.8
16/10/2025 13:00,4696.17
16/10/2025 13:05,4656.75
16/10/2025 13:10,4676.06
16/10/2025 13:15,4720.76
16/10/2025 13:20,4696.13
16/10/2025 13:25,4822.28
16/10/2025 13:30,4748.02
16/10/2025 13:35,4806.74
16/10/2025 13:40,4752.52
16/10/2025 13:45,4729.65
16/10/2025 13:50,4596.36
16/10/2025 13:55,4615.71
16/10/2025 14:00,4689.61
16/10/2025 14:05,4703.72
16/10/2025 14:10,4643.24
16/10/2025 14:15,4652.54
16/10/2025 14:20,4670.02
16/10/2025 14:25,4616.71
16/10/2025 14:30,4536.48
16/10/2025 14:35,4645.95
16/10/2025 14:40,4556.01
16/10/2025 14:45,4557.28
16/10/2025 14:50,4464.68
16/10/2025 14:55,4649.88
16/10/2025 15:00,4513.34
16/10/2025 15:05,4679.33
16/10/2025 15:10,4561.21
16/10/2025 15:15,4640.53
16/10/2025 15:20,4710.6
16/10/2025 15:25,4568.03
16/10/2025 15:30,4733.54
16/10/2025 15:35,4770.56
16/10/2025 15:40,4721.09
16/10/2025 15:45,4832.49
16/10/2025 15:50,4781.57
16/10/2025 15:55,4710.22
16/10/2025 16:00,4836.62
16/10/2025 16:05,4754.75
16/10/2025 16:10,4546.33
16/10/2025 16:15,4722.22
16/10/2025 16:20,4834.9
16/10/2025 16:25,4827.93
16/10/2025 16:30,4907.35
16/10/2025 16:35,4975.92
16/10/2025 16:40,4747.12
16/10/2025 16:45,4930.2
16/10/2025 16:50,4967.05
16/10/2025 16:55,5034.65
16/10/2025 17:00,4939.89
16/10/2025 17:05,5130.72
16/10/2025 17:10,4991.83
16/10/2025 17:15,4945.32
16/10/2025 17:20,5004.54
16/10/2025 17:25,5061.0
16/10/2025 17:30,4908.81
16/10/2025 17:35,5016.94
16/10/2025 17:40,5061.65
16/10/2025 17:45,5044.95
16/10/2025 17:50,5154.8
16/10/2025 17:55,5140.49
16/10/2025 18:00,5003.22
16/10/2025 18:05,5209.95
16/10/2025 18:10,5263.33
16/10/2025 18:15,5289.44
16/10/2025 18:20,5200.95
16/10/2025 18:25,5406.41
16/10/2025 18:30,5363.17
16/10/2025 18:35,5376.94
16/10/2025 18:40,5270.03
16/10/2025 18:45,5500.86
16/10/2025 18:50,5370.55
16/10/2025 18:55,5373.24
16/10/2025 19:00,5396.25
16/10/2025 19:05,5369.67
16/10/2025 19:10,5483.25
16/10/2025 19:15,5550.8
16/10/2025 19:20,5578.03
16/10/2025 19:25,5543.09
16/10/2025 19:30,5521.4
16/10/2025 19:35,5581.34
16/10/2025 19:40,5360.36
16/10/2025 19:45,5562.6
16/10/2025 19:50,5367.66
16/10/2025 19:55,5462.35
16/10/2025 20:00,5290.71
16/10/2025 20:05,5375.64
16/10/2025 20:10,5297.84
16/10/2025 20:15,5387.1
16/10/2025 20:20,5429.62
16/10/2025 20:25,5371.54
16/10/2025 20:30,5371.19
16/10/2025 20:35,5376.91
16/10/2025 20:40,5261.2
16/10/2025 20:45,5222.04
16/10/2025 20:50,5185.08
16/10/2025 20:55,5180.83
16/10/2025 21:00,5030.27
16/10/2025 21:05,5179.68
16/10/2025 21:10,5122.76
16/10/2025 21:15,5072.1
16/10/2025 21:20,5038.87
16/10/2025 21:25,4817.79
16/10/2025 21:30,4811.33
16/10/2025 21:35,4867.92
16/10/2025 21:40,4792.33
16/10/2025 21:45,4816.65
16/10/2025 21:50,4598.4
16/10/2025 21:55,4747.16
16/10/2025 22:00,4496.09
16/10/2025 22:05,4463.55
16/10/2025 22:10,4457.29
16/10/2025 22:15,4471.4
16/10/2025 22:20,4316.61
16/10/2025 22:25,4263.71
16/10/2025 22:30,4273.29
16/10/2025 22:35,4157.23
16/10/2025 22:40,4093.99
16/10/2025 22:45,4099.82
16/10/2025 22:50,3886.8
16/10/2025 22:55,3988.73
16/10/2025 23:00,3879.51
16/10/2025 23:05,4024.01
16/10/2025 23:10,3951.2
16/10/2025 23:15,3847.54
16/10/2025 23:20,3760.03
16/10/2025 23:25,3702.01
16/10/2025 23:30,3607.02
16/10/2025 23:35,3697.38
16/10/2025 23:40,3652.94
16/10/2025 23:45,3500.18
16/10/2025 23:50,3552.9
16/10/2025 23:55,3327.12
17/10/2025 00:00,3298.25
17/10/2025 00:05,3320.78
17/10/2025 00:10,3295.24
17/10/2025 00:15,3129.85
17/10/2025 00:20,3170.87
17/10/2025 00:25,3131.12
17/10/2025 00:30,3340.97
17/10/2025 00:35,3240.5
17/10/2025 00:40,3072.25
17/10/2025 00:45,3177.65
17/10/2025 00:50,3099.11
17/10/2025 00:55,3071.72
17/10/2025 01:00,3116.45
17/10/2025 01:05,3164.7
17/10/2025 01:10,3019.81
17/10/2025 01:15,3092.34
17/10/2025 01:20,2953.74
17/10/2025 01:25,2962.06
17/10/2025 01:30,2883.18
17/10/2025 01:35,2949.97
17/10/2025 01:40,2872.55
17/10/2025 01:45,2739.51
17/10/2025 01:50,2989.05
17/10/2025 01:55,2752.37
17/10/2025 02:00,2326.89
17/10/2025 02:05,2351.21
17/10/2025 02:10,2376.62
17/10/2025 02:15,2326.39
17/10/2025 02:20,2095.51
17/10/2025 02:25,2399.3
17/10/2025 02:30,2271.62
17/10/2025 02:35,2356.73
17/10/2025 02:40,2331.54
17/10/2025 02:45,2475.69
17/10/2025 02:50,2187.21
17/10/2025 02:55,2495.02
17/10/2025 03:00,2301.62
17/10/2025 03:05,2383.23
17/10/2025 03:10,2412.03
17/10/2025 03:15,2407.2
17/10/2025 03:20,2434.62
17/10/2025 03:25,2351.54
17/10/2025 03:30,2485.34
17/10/2025 03:35,2290.85
17/10/2025 03:40,2384.74
17/10/2025 03:45,2141.43
17/10/2025 03:50,2294.56
17/10/2025 03:55,2515.17
17/10/2025 04:00,2376.02
17/10/2025 04:05,2336.13
17/10/2025 04:10,2328.93
17/10/2025 04:15,2272.85
17/10/2025 04:20,2286.04
17/10/2025 04:25,2480.4
17/10/2025 04:30,2413.31
17/10/2025 04:35,2547.39
17/10/2025 04:40,2534.84
17/10/2025 04:45,2400.93
17/10/2025 04:50,2325.97
17/10/2025 04:55,2348.63
17/10/2025 05:00,2583.01
17/10/2025 05:05,2550.08
17/10/2025 05:10,2556.15
17/10/2025 05:15,2632.2
17/10/2025 05:20,2801.08
17/10/2025 05:25,2882.78
17/10/2025 05:30,2830.81
17/10/2025 05:35,2857.12
17/10/2025 05:40,2982.17
17/10/2025 05:45,2851.71
17/10/2025 05:50,3026.43
17/10/2025 05:55,3061.45
17/10/2025 06:00,3155.29
17/10/2025 06:05,3084.12
17/10/2025 06:10,3209.42
17/10/2025 06:15,3046.34
17/10/2025 06:20,3238.86
17/10/2025 06:25,3341.23
17/10/2025 06:30,3314.46
17/10/2025 06:35,3309.85
17/10/2025 06:40,3341.26
17/10/2025 06:45,3492.77
17/10/2025 06:50,3496.88
17/10/2025 06:55,3453.96
17/10/2025 07:00,3555.96
17/10/2025 07:05,3612.39
17/10/2025 07:10,3531.34
17/10/2025 07:15,3709.8
17/10/2025 07:20,3751.48
17/10/2025 07:25,3846.9
17/10/2025 07:30,3806.45
17/10/2025 07:35,4052.18
17/10/2025 07:40,3966.4
17/10/2025 07:45,4188.92
17/10/2025 07:50,4322.64
17/10/2025 07:55,4361.19
17/10/2025 08:00,4244.52
17/10/2025 08:05,4377.52
17/10/2025 08:10,4227.25
17/10/2025 08:15,4447.31
17/10/2025 08:20,4358.15
17/10/2025 08:25,4731.35
17/10/2025 08:30,4798.03
17/10/2025 08:35,4585.9
17/10/2025 08:40,4655.89
17/10/2025 08:45,4768.66
17/10/2025 08:50,4668.51
17/10/2025 08:55,4706.01
17/10/2025 09:00,4721.15
17/10/2025 09:05,4967.78
17/10/2025 09:10,5087.33
17/10/2025 09:15,5123.25
17/10/2025 09:20,5026.33
17/10/2025 09:25,5210.07
17/10/2025 09:30,4991.42
17/10/2025 09:35,5160.56
17/10/2025 09:40,5189.29
17/10/2025 09:45,5248.66
17/10/2025 09:50,5214.22
17/10/2025 09:55,5180.81
17/10/2025 10:00,5271.91
17/10/2025 10:05,5287.81
17/10/2025 10:10,5312.29
17/10/2025 10:15,5418.3
17/10/2025 10:20,5464.69
17/10/2025 10:25,5361.09
17/10/2025 10:30,5269.3
17/10/2025 10:35,5414.61
17/10/2025 10:40,5415.2
17/10/2025 10:45,5386.02
17/10/2025 10:50,5234.71
17/10/2025 10:55,5140.91
17/10/2025 11:00,5301.95
17/10/2025 11:05,5149.0
17/10/2025 11:10,5364.81
17/10/2025 11:15,5215.14
17/10/2025 11:20,5139.6
17/10/2025 11:25,5172.96
17/10/2025 11:30,4976.4
17/10/2025 11:35,5185.13
17/10/2025 11:40,5053.0
17/10/2025 11:45,5033.91
17/10/2025 11:50,4963.52
17/10/2025 11:55,5138.01
17/10/2025 12:00,4847.19
17/10/2025 12:05,4741.02
17/10/2025 12:10,4845.41
17/10/2025 12:15,4911.82
17/10/2025 12:20,4739.73
17/10/2025 12:25,4877.67
17/10/2025 12:30,4787.56
17/10/2025 12:35,4694.0
17/10/2025 12:40,4835.09
17/10/2025 12:45,4741.61
17/10/2025 12:50,4755.45
17/10/2025 12:55,4922.34
17/10/2025 13:00,4679.07
17/10/2025 13:05,4820.66
17/10/2025 13:10,4636.88
17/10/2025 13:15,4663.81
17/10/2025 13:20,4600.94
17/10/2025 13:25,4778.66
17/10/2025 13:30,4619.81
17/10/2025 13:35,4755.39
17/10/2025 13:40,4667.98
17/10/2025 13:45,4629.82
17/10/2025 13:50,4669.19
17/10/2025 13:55,4622.18
17/10/2025 14:00,4720.3
17/10/2025 14:05,4608.26
17/10/2025 14:10,4505.07
17/10/2025 14:15,4516.81
17/10/2025 14:20,4583.49
17/10/2025 14:25,4574.69
17/10/2025 14:30,4585.18
17/10/2025 14:35,4673.73
17/10/2025 14:40,4558.91
17/10/2025 14:45,4701.56
17/10/2025 14:50,4533.05
17/10/2025 14:55,4574.32
17/10/2025 15:00,4411.26
17/10/2025 15:05,4490.1
17/10/2025 15:10,4668.76
17/10/2025 15:15,4536.58
17/10/2025 15:20,4553.82
17/10/2025 15:25,4690.79
17/10/2025 15:30,4689.65
17/10/2025 15:35,4637.97
17/10/2025 15:40,4629.39
17/10/2025 15:45,4667.74
17/10/2025 15:50,4803.31
17/10/2025 15:55,4746.38
17/10/2025 16:00,4800.54
17/10/2025 16:05,4815.25
17/10/2025 16:10,4773.01
17/10/2025 16:15,4805.66
17/10/2025 16:20,4732.5
17/10/2025 16:25,4887.86
17/10/2025 16:30,4784.71
17/10/2025 16:35,4903.25
17/10/2025 16:40,4832.68
17/10/2025 16:45,4756.03
17/10/2025 16:50,4978.46
17/10/2025 16:55,4951.2
17/10/2025 17:00,4883.05
17/10/2025 17:05,4929.5
17/10/2025 17:10,4905.37
17/10/2025 17:15,4951.83
17/10/2025 17:20,4966.69
17/10/2025 17:25,4967.33
17/10/2025 17:30,5177.99
17/10/2025 17:35,5067.24
17/10/2025 17:40,5155.72
17/10/2025 17:45,5024.1
17/10/2025 17:50,5225.56
17/10/2025 17:55,4966.65
17/10/2025 18:00,5238.43
17/10/2025 18:05,4966.31
17/10/2025 18:10,5265.04
17/10/2025 18:15,5046.23
17/10/2025 18:20,5339.64
17/10/2025 18:25,5414.67
17/10/2025 18:30,5293.13
17/10/2025 18:35,5180.17
17/10/2025 18:40,5245.01
17/10/2025 18:45,5498.15
17/10/2025 18:50,5298.66
17/10/2025 18:55,5308.88
17/10/2025 19:00,5419.33
17/10/2025 19:05,5436.6
17/10/2025 19:10,5538.52
17/10/2025 19:15,5434.25
17/10/2025 19:20,5505.18
17/10/2025 19:25,5430.84
17/10/2025 19:30,5536.49
17/10/2025 19:35,5455.72
17/10/2025 19:40,5369.55
17/10/2025 19:45,5332.2
17/10/2025 19:50,5455.93
17/10/2025 19:55,5412.76
17/10/2025 20:00,5437.04
17/10/2025 20:05,5532.7
17/10/2025 20:10,5476.97
17/10/2025 20:15,5356.81
17/10/2025 20:20,5370.41
17/10/2025 20:25,5307.21
17/10/2025 20:30,5349.54
17/10/2025 20:35,5368.03
17/10/2025 20:40,5297.65
17/10/2025 20:45,5267.44
17/10/2025 20:50,5322.62
17/10/2025 20:55,5127.2
17/10/2025 21:00,5049.67
17/10/2025 21:05,5157.37
17/10/2025 21:10,5046.64
17/10/2025 21:15,4950.29
17/10/2025 21:20,4927.6
17/10/2025 21:25,4987.34
17/10/2025 21:30,4975.54
17/10/2025 21:35,4932.26
17/10/2025 21:40,4751.62
17/10/2025 21:45,4786.56
17/10/2025 21:50,4640.14
17/10/2025 21:55,4571.2
17/10/2025 22:00,4577.28
17/10/2025 22:05,4521.13
17/10/2025 22:10,4446.9
17/10/2025 22:15,4543.36
17/10/2025 22:20,4369.26
17/10/2025 22:25,4194.2
17/10/2025 22:30,4251.21
17/10/2025 22:35,4217.65
17/10/2025 22:40,4225.67
17/10/2025 22:45,4209.15
17/10/2025 22:50,4015.18
17/10/2025 22:55,4082.82
17/10/2025 23:00,3784.02
17/10/2025 23:05,3860.95
17/10/2025 23:10,3811.74
17/10/2025 23:15,3896.7
17/10/2025 23:20,3689.76
17/10/2025 23:25,3660.68
17/10/2025 23:30,3594.41
17/10/2025 23:35,3394.05
17/10/2025 23:40,3590.26
17/10/2025 23:45,3510.84
17/10/2025 23:50,3309.92
17/10/2025 23:55,3520.29
18/10/2025 00:00,3163.57
18/10/2025 00:05,3121.13
18/10/2025 00:10,3044.66
18/10/2025 00:15,2965.68
18/10/2025 00:20,3011.74
18/10/2025 00:25,2886.66
18/10/2025 00:30,2951.44
18/10/2025 00:35,2882.35
18/10/2025 00:40,2902.78
18/10/2025 00:45,2827.98
18/10/2025 00:50,2908.5
18/10/2025 00:55,2828.53
18/10/2025 01:00,2810.67
18/10/2025 01:05,2808.0
18/10/2025 01:10,2679.9
18/10/2025 01:15,2859.04
18/10/2025 01:20,2594.82
18/10/2025 01:25,2718.65
18/10/2025 01:30,2579.34
18/10/2025 01:35,2701.5
18/10/2025 01:40,2667.01
18/10/2025 01:45,2697.2
18/10/2025 01:50,2532.97
18/10/2025 01:55,2552.07
18/10/2025 02:00,2164.46
18/10/2025 02:05,2232.13
18/10/2025 02:10,2031.84
18/10/2025 02:15,2091.53
18/10/2025 02:20,2044.98
18/10/2025 02:25,2059.68
18/10/2025 02:30,2116.36
18/10/2025 02:35,2191.48
18/10/2025 02:40,2139.86
18/10/2025 02:45,2143.49
18/10/2025 02:50,2090.92
18/10/2025 02:55,2041.32
18/10/2025 03:00,2264.78
18/10/2025 03:05,1949.0
18/10/2025 03:10,2114.02
18/10/2025 03:15,2114.93
18/10/2025 03:20,2071.15
18/10/2025 03:25,2002.38
18/10/2025 03:30,2103.3
18/10/2025 03:35,2124.91
18/10/2025 03:40,2119.7
18/10/2025 03:45,2029.67
18/10/2025 03:50,2089.86
18/10/2025 03:55,2145.75
18/10/2025 04:00,1998.39
18/10/2025 04:05,2250.24
18/10/2025 04:10,2050.71
18/10/2025 04:15,2114.45
18/10/2025 04:20,2034.89
18/10/2025 04:25,2159.35
18/10/2025 04:30,2277.67
18/10/2025 04:35,1932.35
18/10/2025 04:40,2109.45
18/10/2025 04:45,1928.52
18/10/2025 04:50,2087.46
18/10/2025 04:55,1949.21
18/10/2025 05:00,2389.55
18/10/2025 05:05,2349.32
18/10/2025 05:10,2356.77
18/10/2025 05:15,2566.2
18/10/2025 05:20,2581.96
18/10/2025 05:25,2495.24
18/10/2025 05:30,2554.67
18/10/2025 05:35,2655.73
18/10/2025 05:40,2623.46
18/10/2025 05:45,2657.71
18/10/2025 05:50,2696.55
18/10/2025 05:55,2714.95
18/10/2025 06:00,2820.62
18/10/2025 06:05,2788.85
18/10/2025 06:10,2711.68
18/10/2025 06:15,2963.72
18/10/2025 06:20,3063.75
18/10/2025 06:25,3009.37
18/10/2025 06:30,3086.8
18/10/2025 06:35,3095.05
18/10/2025 06:40,3029.83
18/10/2025 06:45,3178.24
18/10/2025 06:50,3216.96
18/10/2025 06:55,3269.45
18/10/2025 07:00,3303.45
18/10/2025 07:05,3353.12
18/10/2025 07:10,3491.77
18/10/2025 07:15,3589.22
18/10/2025 07:20,3530.42
18/10/2025 07:25,3521.31
18/10/2025 07:30,3623.32
18/10/2025 07:35,3776.19
18/10/2025 07:40,3497.53
18/10/2025 07:45,3830.83
18/10/2025 07:50,3849.07
18/10/2025 07:55,3858.3
18/10/2025 08:00,3966.47
18/10/2025 08:05,4015.7
18/10/2025 08:10,4235.66
18/10/2025 08:15,4315.38
18/10/2025 08:20,4257.87
18/10/2025 08:25,4321.43
18/10/2025 08:30,4300.96
18/10/2025 08:35,4450.95
18/10/2025 08:40,4478.35
18/10/2025 08:45,4438.57
18/10/2025 08:50,4596.51
18/10/2025 08:55,4546.02
18/10/2025 09:00,4601.36
18/10/2025 09:05,4720.85
18/10/2025 09:10,4690.96
18/10/2025 09:15,4835.02
18/10/2025 09:20,4919.27
18/10/2025 09:25,4983.52
18/10/2025 09:30,4947.8
18/10/2025 09:35,4892.72
18/10/2025 09:40,4903.38
18/10/2025 09:45,5102.53
18/10/2025 09:50,4891.9
18/10/2025 09:55,5030.11
18/10/2025 10:00,5067.93
18/10/2025 10:05,5056.09
18/10/2025 10:10,5114.46
18/10/2025 10:15,5169.44
18/10/2025 10:20,5095.01
18/10/2025 10:25,5153.31
18/10/2025 10:30,5161.14
18/10/2025 10:35,5142.85
18/10/2025 10:40,5045.66
18/10/2025 10:45,5030.59
18/10/2025 10:50,4964.89
18/10/2025 10:55,5070.42
18/10/2025 11:00,5074.19
18/10/2025 11:05,5160.25
18/10/2025 11:10,4873.8
18/10/2025 11:15,4910.56
18/10/2025 11:20,4947.74
18/10/2025 11:25,5083.94
18/10/2025 11:30,4909.25
18/10/2025 11:35,4787.74
18/10/2025 11:40,4832.49
18/10/2025 11:45,4863.07
18/10/2025 11:50,4740.61
18/10/2025 11:55,4725.41
18/10/2025 12:00,4526.82
18/10/2025 12:05,4483.02
18/10/2025 12:10,4538.63
18/10/2025 12:15,4559.56
18/10/2025 12:20,4558.4
18/10/2025 12:25,4481.92
18/10/2025 12:30,4509.86
18/10/2025 12:35,4522.01
18/10/2025 12:40,4612.79
18/10/2025 12:45,4616.63
18/10/2025 12:50,4610.39
18/10/2025 12:55,4612.25
18/10/2025 13:00,4462.23
18/10/2025 13:05,4416.5
18/10/2025 13:10,4480.02
18/10/2025 13:15,4534.34
18/10/2025 13:20,4431.47
18/10/2025 13:25,4483.88
18/10/2025 13:30,4433.91
18/10/2025 13:35,4509.22
18/10/2025 13:40,4655.04
18/10/2025 13:45,4481.4
18/10/2025 13:50,4402.17
18/10/2025 13:55,4381.59
18/10/2025 14:00,4512.35
18/10/2025 14:05,4495.82
18/10/2025 14:10,4330.94
18/10/2025 14:15,4504.71
18/10/2025 14:20,4223.47
18/10/2025 14:25,4351.06
18/10/2025 14:30,4283.55
18/10/2025 14:35,4243.47
18/10/2025 14:40,4364.51
18/10/2025 14:45,4383.31
18/10/2025 14:50,4299.81
18/10/2025 14:55,4209.4
18/10/2025 15:00,4270.25
18/10/2025 15:05,4361.28
18/10/2025 15:10,4523.56
18/10/2025 15:15,4284.52
18/10/2025 15:20,4348.23
18/10/2025 15:25,4440.69
18/10/2025 15:30,4348.42
18/10/2025 15:35,4355.98
18/10/2025 15:40,4350.03
18/10/2025 15:45,4504.98
18/10/2025 15:50,4531.84
18/10/2025 15:55,4420.06
18/10/2025 16:00,4444.83
18/10/2025 16:05,4500.57
18/10/2025 16:10,4523.93
18/10/2025 16:15,4595.68
18/10/2025 16:20,4576.17
18/10/2025 16:25,4638.03
18/10/2025 16:30,4581.55
18/10/2025 16:35,4649.36
18/10/2025 16:40,4642.2
18/10/2025 16:45,4664.09
18/10/2025 16:50,4649.36
18/10/2025 16:55,4639.07
18/10/2025 17:00,4748.51
18/10/2025 17:05,4604.21
18/10/2025 17:10,4875.39
18/10/2025 17:15,4680.64
18/10/2025 17:20,4895.86
18/10/2025 17:25,4791.79
18/10/2025 17:30,4756.88
18/10/2025 17:35,4910.36
18/10/2025 17:40,4943.74
18/10/2025 17:45,4988.49
18/10/2025 17:50,4900.79
18/10/2025 17:55,4928.85
18/10/2025 18:00,5025.81
18/10/2025 18:05,4872.39
18/10/2025 18:10,4936.41
18/10/2025 18:15,5018.27
18/10/2025 18:20,5077.63
18/10/2025 18:25,5064.91
18/10/2025 18:30,5078.0
18/10/2025 18:35,5076.57
18/10/2025 18:40,5105.89
18/10/2025 18:45,5169.93
18/10/2025 18:50,5114.56
18/10/2025 18:55,5174.11
18/10/2025 19:00,5228.05
18/10/2025 19:05,5151.74
18/10/2025 19:10,5184.9
18/10/2025 19:15,5116.37
18/10/2025 19:20,5221.91
18/10/2025 19:25,5098.88
18/10/2025 19:30,5198.18
18/10/2025 19:35,5247.6
18/10/2025 19:40,5262.12
18/10/2025 19:45,5141.35
18/10/2025 19:50,5180.3
18/10/2025 19:55,5135.78
18/10/2025 20:00,5223.4
18/10/2025 20:05,5150.9
18/10/2025 20:10,5177.62
18/10/2025 20:15,5123.95
18/10/2025 20:20,5128.18
18/10/2025 20:25,5265.79
18/10/2025 20:30,5237.11
18/10/2025 20:35,5010.83
18/10/2025 20:40,5009.72
18/10/2025 20:45,4925.6
18/10/2025 20:50,4912.54
18/10/2025 20:55,4929.56
18/10/2025 21:00,4893.11
18/10/2025 21:05,4846.59
18/10/2025 21:10,4867.3
18/10/2025 21:15,4842.09
18/10/2025 21:20,4727.35
18/10/2025 21:25,4531.18
18/10/2025 21:30,4641.53
18/10/2025 21:35,4454.16
18/10/2025 21:40,4599.14
18/10/2025 21:45,4417.69
18/10/2025 21:50,4321.43
18/10/2025 21:55,4423.01
18/10/2025 22:00,4227.22
18/10/2025 22:05,4244.66
18/10/2025 22:10,4203.73
18/10/2025 22:15,4109.0
18/10/2025 22:20,4050.2
18/10/2025 22:25,4053.05
18/10/2025 22:30,4054.73
18/10/2025 22:35,3944.18
18/10/2025 22:40,3878.1
18/10/2025 22:45,3867.25
18/10/2025 22:50,3821.85
18/10/2025 22:55,3549.16
18/10/2025 23:00,3624.02
18/10/2025 23:05,3484.66
18/10/2025 23:10,3568.5
18/10/2025 23:15,3518.75
18/10/2025 23:20,3515.55
18/10/2025 23:25,3492.4
18/10/2025 23:30,3432.0
18/10/2025 23:35,3318.98
18/10/2025 23:40,3304.6
18/10/2025 23:45,3242.76
18/10/2025 23:50,3110.34
18/10/2025 23:55,3261.47
19/10/2025 00:00,3053.11
19/10/2025 00:05,3131.23
19/10/2025 00:10,3126.01
19/10/2025 00:15,2966.67
19/10/2025 00:20,3046.04
19/10/2025 00:25,2983.24
19/10/2025 00:30,3091.32
19/10/2025 00:35,2947.57
19/10/2025 00:40,2863.49
19/10/2025 00:45,2882.7
19/10/2025 00:50,2909.54
19/10/2025 00:55,2700.07
19/10/2025 01:00,2818.06
19/10/2025 01:05,2654.14
19/10/2025 01:10,2640.22
19/10/2025 01:15,2668.51
19/10/2025 01:20,2631.58
19/10/2025 01:25,2684.4
19/10/2025 01:30,2631.0
19/10/2025 01:35,2623.84
19/10/2025 01:40,2668.94
19/10/2025 01:45,2665.35
19/10/2025 01:50,2700.46
19/10/2025 01:55,2532.82
19/10/2025 02:00,1979.53
19/10/2025 02:05,2127.99
19/10/2025 02:10,2087.34
19/10/2025 02:15,2215.69
19/10/2025 02:20,2153.45
19/10/2025 02:25,2165.03
19/10/2025 02:30,2214.0
19/10/2025 02:35,2074.28
19/10/2025 02:40,2105.42
19/10/2025 02:45,2065.62
19/10/2025 02:50,2104.95
19/10/2025 02:55,2077.85
19/10/2025 03:00,2065.59
19/10/2025 03:05,2109.11
19/10/2025 03:10,2116.6
19/10/2025 03:15,2179.16
19/10/2025 03:20,2092.9
19/10/2025 03:25,2353.27
19/10/2025 03:30,2060.08
19/10/2025 03:35,2168.56
19/10/2025 03:40,2238.47
19/10/2025 03:45,2305.1
19/10/2025 03:50,1907.06
19/10/2025 03:55,2131.46
19/10/2025 04:00,2207.46
19/10/2025 04:05,2061.68
19/10/2025 04:10,2152.04
19/10/2025 04:15,2105.06
19/10/2025 04:20,1975.63
19/10/2025 04:25,2174.19
19/10/2025 04:30,2158.13
19/10/2025 04:35,2030.45
19/10/2025 04:40,2176.2
19/10/2025 04:45,2285.25
19/10/2025 04:50,2024.27
19/10/2025 04:55,2319.01
19/10/2025 05:00,2235.69
19/10/2025 05:05,2325.35
19/10/2025 05:10,2273.71
19/10/2025 05:15,2337.78
19/10/2025 05:20,2413.65
19/10/2025 05:25,2462.35
19/10/2025 05:30,2554.73
19/10/2025 05:35,2622.15
19/10/2025 05:40,2776.68
19/10/2025 05:45,2666.72
19/10/2025 05:50,2512.96
19/10/2025 05:55,2841.38
19/10/2025 06:00,2799.17
19/10/2025 06:05,2935.58
19/10/2025 06:10,2882.46
19/10/2025 06:15,2955.11
19/10/2025 06:20,2883.15
19/10/2025 06:25,3123.05
19/10/2025 06:30,2984.83
19/10/2025 06:35,3069.8
19/10/2025 06:40,3071.21
19/10/2025 06:45,3103.39
19/10/2025 06:50,3121.21
19/10/2025 06:55,3239.16
19/10/2025 07:00,3348.91
19/10/2025 07:05,3402.56
19/10/2025 07:10,3403.64
19/10/2025 07:15,3560.42
19/10/2025 07:20,3552.75
19/10/2025 07:25,3606.51
19/10/2025 07:30,3780.85
19/10/2025 07:35,3739.46
19/10/2025 07:40,3605.14
19/10/2025 07:45,3899.8
19/10/2025 07:50,3718.36
19/10/2025 07:55,3873.29
19/10/2025 08:00,3816.11
19/10/2025 08:05,3953.15
19/10/2025 08:10,4122.88
19/10/2025 08:15,4050.53
19/10/2025 08:20,4258.13
19/10/2025 08:25,4266.56
19/10/2025 08:30,4289.09
19/10/2025 08:35,4647.07
19/10/2025 08:40,4627.62
19/10/2025 08:45,4580.32
19/10/2025 08:50,4664.56
19/10/2025 08:55,4625.09
19/10/2025 09:00,4752.5
19/10/2025 09:05,4548.87
19/10/2025 09:10,4718.41
19/10/2025 09:15,4798.57
19/10/2025 09:20,4837.59
19/10/2025 09:25,5032.36
19/10/2025 09:30,5012.59
19/10/2025 09:35,4870.87
19/10/2025 09:40,4813.64
19/10/2025 09:45,5025.4
19/10/2025 09:50,4970.72
19/10/2025 09:55,5045.66
19/10/2025 10:00,4987.72
19/10/2025 10:05,5100.57
19/10/2025 10:10,4885.85
19/10/2025 10:15,5145.96
19/10/2025 10:20,5229.62
19/10/2025 10:25,4956.98
19/10/2025 10:30,5100.8
19/10/2025 10:35,5094.2
19/10/2025 10:40,5120.18
19/10/2025 10:45,4984.02
19/10/2025 10:50,5095.89
19/10/2025 10:55,5135.47
19/10/2025 11:00,4897.41
19/10/2025 11:05,5000.76
19/10/2025 11:10,4935.16
19/10/2025 11:15,4995.85
19/10/2025 11:20,4953.89
19/10/2025 11:25,4918.58
19/10/2025 11:30,4911.11
19/10/2025 11:35,4906.15
19/10/2025 11:40,4791.88
19/10/2025 11:45,4808.58
19/10/2025 11:50,4737.2
19/10/2025 11:55,4697.27
19/10/2025 12:00,4679.4
19/10/2025 12:05,4595.79
19/10/2025 12:10,4533.84
19/10/2025 12:15,4551.72
19/10/2025 12:20,4609.59
19/10/2025 12:25,4473.7
19/10/2025 12:30,4572.12
19/10/2025 12:35,4557.45
19/10/2025 12:40,4471.08
19/10/2025 12:45,4474.61
19/10/2025 12:50,4355.58
19/10/2025 12:55,4601.1
19/10/2025 13:00,4583.25
19/10/2025 13:05,4577.61
19/10/2025 13:10,4551.55
19/10/2025 13:15,4482.92
19/10/2025 13:20,4434.36
19/10/2025 13:25,4448.71
19/10/2025 13:30,4464.37
19/10/2025 13:35,4360.28
19/10/2025 13:40,4556.98
19/10/2025 13:45,4391.9
19/10/2025 13:50,4452.89
19/10/2025 13:55,4481.0
19/10/2025 14:00,4306.84
19/10/2025 14:05,4243.14
19/10/2025 14:10,4359.02
19/10/2025 14:15,4294.3
19/10/2025 14:20,4415.84
19/10/2025 14:25,4533.28
19/10/2025 14:30,4364.81
19/10/2025 14:35,4488.26
19/10/2025 14:40,4167.44
19/10/2025 14:45,4207.67
19/10/2025 14:50,4189.86
19/10/2025 14:55,4353.88
19/10/2025 15:00,4284.41
19/10/2025 15:05,4315.41
19/10/2025 15:10,4312.31
19/10/2025 15:15,4400.75
19/10/2025 15:20,4428.49
19/10/2025 15:25,4336.29
19/10/2025 15:30,4381.0
19/10/2025 15:35,4245.08
19/10/2025 15:40,4478.7
19/10/2025 15:45,4473.59
19/10/2025 15:50,4464.96
19/10/2025 15:55,4474.36
19/10/2025 16:00,4510.66
19/10/2025 16:05,4535.37
19/10/2025 16:10,4491.08
19/10/2025 16:15,4523.72
19/10/2025 16:20,4608.47
19/10/2025 16:25,4668.3
19/10/2025 16:30,4495.74
19/10/2025 16:35,4538.15
19/10/2025 16:40,4587.51
19/10/2025 16:45,4543.81
19/10/2025 16:50,4595.58
19/10/2025 16:55,4781.66
19/10/2025 17:00,4640.7
19/10/2025 17:05,4725.49
19/10/2025 17:10,4739.55
19/10/2025 17:15,4708.99
19/10/2025 17:20,4805.79
19/10/2025 17:25,4632.34
19/10/2025 17:30,4998.98
19/10/2025 17:35,4737.59
19/10/2025 17:40,4893.22
19/10/2025 17:45,4850.8
19/10/2025 17:50,4750.68
19/10/2025 17:55,4871.34
19/10/2025 18:00,4931.68
19/10/2025 18:05,4985.85
19/10/2025 18:10,5003.86
19/10/2025 18:15,5049.72
19/10/2025 18:20,4985.96
19/10/2025 18:25,5046.59
19/10/2025 18:30,5063.43
19/10/2025 18:35,5002.26
19/10/2025 18:40,4910.08
19/10/2025 18:45,5123.36
19/10/2025 18:50,5119.13
19/10/2025 18:55,5074.45
19/10/2025 19:00,5178.73
19/10/2025 19:05,5217.98
19/10/2025 19:10,5280.43
19/10/2025 19:15,5229.0
19/10/2025 19:20,5087.23
19/10/2025 19:25,5296.21
19/10/2025 19:30,5022.0
19/10/2025 19:35,5141.55
19/10/2025 19:40,5242.86
19/10/2025 19:45,5157.5
19/10/2025 19:50,5036.72
19/10/2025 19:55,5147.57
19/10/2025 20:00,5137.48
19/10/2025 20:05,5086.84
19/10/2025 20:10,5051.15
19/10/2025 20:15,5120.63
19/10/2025 20:20,5203.94
19/10/2025 20:25,5051.21
19/10/2025 20:30,5213.77
19/10/2025 20:35,4921.48
19/10/2025 20:40,5059.58
19/10/2025 20:45,4911.23
19/10/2025 20:50,4939.16
19/10/2025 20:55,4928.57
19/10/2025 21:00,4860.97
19/10/2025 21:05,4902.88
19/10/2025 21:10,4929.88
19/10/2025 21:15,4694.72
19/10/2025 21:20,4737.97
19/10/2025 21:25,4780.89
19/10/2025 21:30,4621.63
19/10/2025 21:35,4577.71
19/10/2025 21:40,4564.25
19/10/2025 21:45,4433.85
19/10/2025 21:50,4411.57
19/10/2025 21:55,4246.93
19/10/2025 22:00,4407.73
19/10/2025 22:05,4258.78
19/10/2025 22:10,4015.71
19/10/2025 22:15,4130.0
19/10/2025 22:20,4122.91
19/10/2025 22:25,3962.5
19/10/2025 22:30,4042.62
19/10/2025 22:35,3918.94
19/10/2025 22:40,3928.69
19/10/2025 22:45,3800.92
19/10/2025 22:50,3810.32
19/10/2025 22:55,3769.58
19/10/2025 23:00,3698.73
19/10/2025 23:05,3727.84
19/10/2025 23:10,3551.66
19/10/2025 23:15,3358.19
19/10/2025 23:20,3410.34
19/10/2025 23:25,3358.98
19/10/2025 23:30,3411.55
19/10/2025 23:35,3368.07
19/10/2025 23:40,3366.61
19/10/2025 23:45,3298.54
19/10/2025 23:50,3170.5
19/10/2025 23:55,3231.2
20/10/2025 00:00,3296.29
20/10/2025 00:05,3368.55
20/10/2025 00:10,3271.13
20/10/2025 00:15,3291.77
20/10/2025 00:20,3162.63
20/10/2025 00:25,3235.12
20/10/2025 00:30,3187.48
20/10/2025 00:35,3146.89
20/10/2025 00:40,3133.27
20/10/2025 00:45,3075.43
20/10/2025 00:50,3133.76
20/10/2025 00:55,3124.35
20/10/2025 01:00,3059.91
20/10/2025 01:05,3135.11
20/10/2025 01:10,3043.02
20/10/2025 01:15,2955.71
20/10/2025 01:20,2974.72
20/10/2025 01:25,2963.05
20/10/2025 01:30,3029.9
20/10/2025 01:35,2866.79
20/10/2025 01:40,2858.14
20/10/2025 01:45,2910.66
20/10/2025 01:50,2768.25
20/10/2025 01:55,2763.53
20/10/2025 02:00,2447.61
20/10/2025 02:05,2437.81
20/10/2025 02:10,2485.58
20/10/2025 02:15,2278.82
20/10/2025 02:20,2411.64
20/10/2025 02:25,2309.12
20/10/2025 02:30,2508.31
20/10/2025 02:35,2268.73
20/10/2025 02:40,2512.5
20/10/2025 02:45,2328.35
20/10/2025 02:50,2536.4
20/10/2025 02:55,2330.33
20/10/2025 03:00,2384.37
20/10/2025 03:05,2419.87
20/10/2025 03:10,2366.22
20/10/2025 03:15,2407.09
20/10/2025 03:20,2263.9
20/10/2025 03:25,2527.55
20/10/2025 03:30,2349.89
20/10/2025 03:35,2320.67
20/10/2025 03:40,2361.91
20/10/2025 03:45,2364.35
20/10/2025 03:50,2438.74
20/10/2025 03:55,2361.72
20/10/2025 04:00,2288.03
20/10/2025 04:05,2310.09
20/10/2025 04:10,2413.56
20/10/2025 04:15,2337.17
20/10/2025 04:20,2462.21
20/10/2025 04:25,2238.97
20/10/2025 04:30,2312.67
20/10/2025 04:35,2348.45
20/10/2025 04:40,2340.09
20/10/2025 04:45,2293.39
20/10/2025 04:50,2463.67
20/10/2025 04:55,2623.04
20/10/2025 05:00,2491.04
20/10/2025 05:05,2569.87
20/10/2025 05:10,2778.45
20/10/2025 05:15,2684.93
20/10/2025 05:20,2805.49
20/10/2025 05:25,2809.21
20/10/2025 05:30,2787.36
20/10/2025 05:35,2855.34
20/10/2025 05:40,2930.71
20/10/2025 05:45,2919.05
20/10/2025 05:50,2939.34
20/10/2025 05:55,2919.83
20/10/2025 06:00,2909.02
20/10/2025 06:05,3022.42
20/10/2025 06:10,3371.18
20/10/2025 06:15,3137.72
20/10/2025 06:20,3270.44
20/10/2025 06:25,3317.01
20/10/2025 06:30,3295.92
20/10/2025 06:35,3301.23
20/10/2025 06:40,3371.51
20/10/2025 06:45,3348.8
20/10/2025 06:50,3393.1
20/10/2025 06:55,3443.38
20/10/2025 07:00,3524.85
20/10/2025 07:05,3554.49
20/10/2025 07:10,3695.15
20/10/2025 07:15,3742.37
20/10/2025 07:20,3835.29
20/10/2025 07:25,3807.09
20/10/2025 07:30,3865.66
20/10/2025 07:35,3952.13
20/10/2025 07:40,4115.43
20/10/2025 07:45,4163.07
20/10/2025 07:50,4082.58
20/10/2025 07:55,4222.74
20/10/2025 08:00,4176.68
20/10/2025 08:05,4288.85
20/10/2025 08:10,4205.68
20/10/2025 08:15,4364.39
20/10/2025 08:20,4607.74
20/10/2025 08:25,4556.39
20/10/2025 08:30,4577.84
20/10/2025 08:35,4706.73
20/10/2025 08:40,4600.26
20/10/2025 08:45,4642.33
20/10/2025 08:50,4877.45
20/10/2025 08:55,4875.2
20/10/2025 09:00,4992.07
20/10/2025 09:05,4915.85
20/10/2025 09:10,5110.32
20/10/2025 09:15,4967.66
20/10/2025 09:20,5146.2
20/10/2025 09:25,5036.17
20/10/2025 09:30,5249.68
20/10/2025 09:35,5144.51
20/10/2025 09:40,5203.49
20/10/2025 09:45,5249.57
20/10/2025 09:50,5267.5
20/10/2025 09:55,5351.32
20/10/2025 10:00,5294.11
20/10/2025 10:05,5315.2
20/10/2025 10:10,5289.04
20/10/2025 10:15,5442.46
20/10/2025 10:20,5283.93
20/10/2025 10:25,5357.1
20/10/2025 10:30,5339.1
20/10/2025 10:35,5412.37
20/10/2025 10:40,5292.98
20/10/2025 10:45,5235.01
20/10/2025 10:50,5516.98
20/10/2025 10:55,5349.8
20/10/2025 11:00,5370.44
20/10/2025 11:05,5374.9
20/10/2025 11:10,5333.87
20/10/2025 11:15,5263.12
20/10/2025 11:20,5302.21
20/10/2025 11:25,5235.23
20/10/2025 11:30,5065.72
20/10/2025 11:35,4978.59
20/10/2025 11:40,4963.61
20/10/2025 11:45,5241.2
20/10/2025 11:50,5035.65
20/10/2025 11:55,4993.03
20/10/2025 12:00,4845.38
20/10/2025 12:05,4795.96
20/10/2025 12:10,4878.61
20/10/2025 12:15,4882.98
20/10/2025 12:20,4679.81
20/10/2025 12:25,4742.93
20/10/2025 12:30,4800.13
20/10/2025 12:35,4879.46
20/10/2025 12:40,4782.99
20/10/2025 12:45,4800.2
20/10/2025 12:50,4680.45
20/10/2025 12:55,4687.53
20/10/2025 13:00,4742.96
20/10/2025 13:05,4753.9
20/10/2025 13:10,4637.19
20/10/2025 13:15,4713.58
20/10/2025 13:20,4721.2
20/10/2025 13:25,4811.29
20/10/2025 13:30,4666.37
20/10/2025 13:35,4568.93
20/10/2025 13:40,4808.15
20/10/2025 13:45,4678.32
20/10/2025 13:50,4594.74
20/10/2025 13:55,4679.21
20/10/2025 14:00,4742.19
20/10/2025 14:05,4875.36
20/10/2025 14:10,4680.4
20/10/2025 14:15,4519.82
20/10/2025 14:20,4626.39
20/10/2025 14:25,4619.59
20/10/2025 14:30,4606.56
20/10/2025 14:35,4600.43
20/10/2025 14:40,4644.09
20/10/2025 14:45,4641.07
20/10/2025 14:50,4602.75
20/10/2025 14:55,4416.52
20/10/2025 15:00,4403.38
20/10/2025 15:05,4373.35
20/10/2025 15:10,4600.54
20/10/2025 15:15,4617.01
20/10/2025 15:20,4732.83
20/10/2025 15:25,4649.35
20/10/2025 15:30,4762.6
20/10/2025 15:35,4591.64
20/10/2025 15:40,4645.84
20/10/2025 15:45,4814.98
20/10/2025 15:50,4666.74
20/10/2025 15:55,4709.29
20/10/2025 16:00,4626.02
20/10/2025 16:05,4763.1
20/10/2025 16:10,4690.0
20/10/2025 16:15,4795.04
20/10/2025 16:20,4699.27
20/10/2025 16:25,4845.59
20/10/2025 16:30,4860.56
20/10/2025 16:35,4968.07
20/10/2025 16:40,4798.5
20/10/2025 16:45,4837.4
20/10/2025 16:50,4856.43
20/10/2025 16:55,4982.18
20/10/2025 17:00,4945.2
20/10/2025 17:05,4876.07
20/10/2025 17:10,5091.27
20/10/2025 17:15,5012.44
20/10/2025 17:20,5013.38
20/10/2025 17:25,4947.04
20/10/2025 17:30,4979.98
20/10/2025 17:35,5009.12
20/10/2025 17:40,5144.18
20/10/2025 17:45,4997.16
20/10/2025 17:50,5188.93
20/10/2025 17:55,5148.52
20/10/2025 18:00,5231.23
20/10/2025 18:05,5046.38
20/10/2025 18:10,5227.5
20/10/2025 18:15,5271.42
20/10/2025 18:20,5357.64
20/10/2025 18:25,5335.73
20/10/2025 18:30,5409.88
20/10/2025 18:35,5326.22
20/10/2025 18:40,5289.65
20/10/2025 18:45,5208.91
20/10/2025 18:50,5382.82
20/10/2025 18:55,5302.34
20/10/2025 19:00,5374.36
20/10/2025 19:05,5444.47
20/10/2025 19:10,5344.05
20/10/2025 19:15,5451.83
20/10/2025 19:20,5543.83
20/10/2025 19:25,5509.25
20/10/2025 19:30,5339.48
20/10/2025 19:35,5291.66
20/10/2025 19:40,5372.45
20/10/2025 19:45,5343.06
20/10/2025 19:50,5478.29
20/10/2025 19:55,5283.74
20/10/2025 20:00,5486.45
20/10/2025 20:05,5409.92
20/10/2025 20:10,5499.06
20/10/2025 20:15,5371.74
20/10/2025 20:20,5233.93
20/10/2025 20:25,5382.73
20/10/2025 20:30,5383.65
20/10/2025 20:35,5257.85
20/10/2025 20:40,5207.09
20/10/2025 20:45,5218.66
20/10/2025 20:50,5311.05
20/10/2025 20:55,5122.61
20/10/2025 21:00,5238.34
20/10/2025 21:05,5193.54
20/10/2025 21:10,5106.64
20/10/2025 21:15,4982.62
20/10/2025 21:20,4896.7
20/10/2025 21:25,4866.46
20/10/2025 21:30,4886.81
20/10/2025 21:35,4800.52
20/10/2025 21:40,4694.88
20/10/2025 21:45,4770.76
20/10/2025 21:50,4690.23
20/10/2025 21:55,4509.84
20/10/2025 22:00,4577.86
20/10/2025 22:05,4385.25
20/10/2025 22:10,4500.44
20/10/2025 22:15,4421.57
20/10/2025 22:20,4268.99
20/10/2025 22:25,4359.19
20/10/2025 22:30,4226.35
20/10/2025 22:35,4265.08
20/10/2025 22:40,4033.52
20/10/2025 22:45,4191.71
20/10/2025 22:50,3974.59
20/10/2025 22:55,3981.93
20/10/2025 23:00,3801.49
20/10/2025 23:05,4015.94
20/10/2025 23:10,3879.23
20/10/2025 23:15,3852.87
20/10/2025 23:20,3748.93
20/10/2025 23:25,3694.0
20/10/2025 23:30,3549.14
20/10/2025 23:35,3519.37
20/10/2025 23:40,3431.96
20/10/2025 23:45,3562.5
20/10/2025 23:50,3335.16
20/10/2025 23:55,3328.48
21/10/2025 00:00,3155.4
21/10/2025 00:05,3308.82
21/10/2025 00:10,3370.83
21/10/2025 00:15,3256.12
21/10/2025 00:20,3348.88
21/10/2025 00:25,3183.46
21/10/2025 00:30,3080.19
21/10/2025 00:35,3066.18
21/10/2025 00:40,3275.63
21/10/2025 00:45,3107.26
21/10/2025 00:50,3129.5
21/10/2025 00:55,3054.29
21/10/2025 01:00,3058.22
21/10/2025 01:05,2922.48
21/10/2025 01:10,3103.19
21/10/2025 01:15,2917.5
21/10/2025 01:20,2803.27
21/10/2025 01:25,2804.35
21/10/2025 01:30,2820.29
21/10/2025 01:35,2787.54
21/10/2025 01:40,2835.99
21/10/2025 01:45,2990.65
21/10/2025 01:50,2887.2
21/10/2025 01:55,2653.14
21/10/2025 02:00,2453.43
21/10/2025 02:05,2187.05
21/10/2025 02:10,2184.05
21/10/2025 02:15,2454.6
21/10/2025 02:20,2263.84
21/10/2025 02:25,2459.06
21/10/2025 02:30,2485.79
21/10/2025 02:35,2362.34
21/10/2025 02:40,2341.92
21/10/2025 02:45,2411.21
21/10/2025 02:50,2328.55
21/10/2025 02:55,2413.6
21/10/2025 03:00,2283.04
21/10/2025 03:05,2301.02
21/10/2025 03:10,2253.37
21/10/2025 03:15,2245.68
21/10/2025 03:20,2354.77
21/10/2025 03:25,2310.08
21/10/2025 03:30,2265.77
21/10/2025 03:35,2300.49
21/10/2025 03:40,2246.85
21/10/2025 03:45,2444.78
21/10/2025 03:50,2429.3
21/10/2025 03:55,2350.15
21/10/2025 04:00,2162.26
21/10/2025 04:05,2298.8
21/10/2025 04:10,2217.31
21/10/2025 04:15,2408.89
21/10/2025 04:20,2329.19
21/10/2025 04:25,2379.57
21/10/2025 04:30,2368.59
21/10/2025 04:35,2354.02
21/10/2025 04:40,2356.1
21/10/2025 04:45,2341.93
21/10/2025 04:50,2382.39
21/10/2025 04:55,2273.83
21/10/2025 05:00,2600.11
21/10/2025 05:05,2594.61
21/10/2025 05:10,2658.02
21/10/2025 05:15,2568.08
21/10/2025 05:20,2723.65
21/10/2025 05:25,2663.85
21/10/2025 05:30,2828.74
21/10/2025 05:35,2717.5
21/10/2025 05:40,2795.61
21/10/2025 05:45,2862.62
21/10/2025 05:50,2888.9
21/10/2025 05:55,3021.44
21/10/2025 06:00,3035.74
21/10/2025 06:05,3050.98
21/10/2025 06:10,3053.15
21/10/2025 06:15,3286.69
21/10/2025 06:20,3129.02
21/10/2025 06:25,3234.12
21/10/2025 06:30,3230.9
21/10/2025 06:35,3441.33
21/10/2025 06:40,3303.97
21/10/2025 06:45,3426.2
21/10/2025 06:50,3411.18
21/10/2025 06:55,3521.51
21/10/2025 07:00,3297.42
21/10/2025 07:05,3429.66
21/10/2025 07:10,3687.95
21/10/2025 07:15,3648.72
21/10/2025 07:20,3734.2
21/10/2025 07:25,3885.3
21/10/2025 07:30,3817.2
21/10/2025 07:35,4007.64
21/10/2025 07:40,3975.78
21/10/2025 07:45,4068.36
21/10/2025 07:50,4222.11
21/10/2025 07:55,4214.05
21/10/2025 08:00,4387.22
21/10/2025 08:05,4307.13
21/10/2025 08:10,4195.67
21/10/2025 08:15,4449.43
21/10/2025 08:20,4635.78
21/10/2025 08:25,4472.41
21/10/2025 08:30,4653.69
21/10/2025 08:35,4836.41
21/10/2025 08:40,4863.17
21/10/2025 08:45,4677.35
21/10/2025 08:50,4693.74
21/10/2025 08:55,4874.66
21/10/2025 09:00,4829.7
21/10/2025 09:05,4958.45
21/10/2025 09:10,4998.27
21/10/2025 09:15,5125.04
21/10/2025 09:20,4913.42
21/10/2025 09:25,5145.23
21/10/2025 09:30,5171.2
21/10/2025 09:35,5269.93
21/10/2025 09:40,5014.75
21/10/2025 09:45,5129.68
21/10/2025 09:50,5395.81
21/10/2025 09:55,5406.36
21/10/2025 10:00,5340.27
21/10/2025 10:05,5264.43
21/10/2025 10:10,5433.77
21/10/2025 10:15,5297.33
21/10/2025 10:20,5412.99
21/10/2025 10:25,5427.61
21/10/2025 10:30,5236.38
21/10/2025 10:35,5275.36
21/10/2025 10:40,5508.17
21/10/2025 10:45,5307.55
21/10/2025 10:50,5422.33
21/10/2025 10:55,5259.42
21/10/2025 11:00,5204.67
21/10/2025 11:05,5162.49
21/10/2025 11:10,5290.31
21/10/2025 11:15,5313.46
21/10/2025 11:20,5123.07
21/10/2025 11:25,5057.99
21/10/2025 11:30,5125.25
21/10/2025 11:35,5228.92
21/10/2025 11:40,4872.78
21/10/2025 11:45,5021.48
21/10/2025 11:50,4910.28
21/10/2025 11:55,4991.36
21/10/2025 12:00,4775.3
21/10/2025 12:05,4966.26
21/10/2025 12:10,4922.96
21/10/2025 12:15,4939.16
21/10/2025 12:20,4775.93
21/10/2025 12:25,4793.1
21/10/2025 12:30,4784.44
21/10/2025 12:35,4739.3
21/10/2025 12:40,4779.25
21/10/2025 12:45,4757.63
21/10/2025 12:50,4624.14
21/10/2025 12:55,4685.87
21/10/2025 13:00,4856.85
21/10/2025 13:05,4772.69
21/10/2025 13:10,4478.61
21/10/2025 13:15,4776.59
21/10/2025 13:20,4617.03
21/10/2025 13:25,4705.11
21/10/2025 13:30,4698.86
21/10/2025 13:35,4740.92
21/10/2025 13:40,4590.39
21/10/2025 13:45,4684.25
21/10/2025 13:50,4749.43
21/10/2025 13:55,4730.42
21/10/2025 14:00,4641.43
21/10/2025 14:05,4686.11
21/10/2025 14:10,4663.34
21/10/2025 14:15,4701.24
21/10/2025 14:20,4611.37
21/10/2025 14:25,4537.73
21/10/2025 14:30,4623.99
21/10/2025 14:35,4650.84
21/10/2025 14:40,4574.29
21/10/2025 14:45,4566.54
21/10/2025 14:50,4662.22
21/10/2025 14:55,4639.33
21/10/2025 15:00,4590.52
21/10/2025 15:05,4581.97
21/10/2025 15:10,4630.56
21/10/2025 15:15,4679.73
21/10/2025 15:20,4597.13
21/10/2025 15:25,4757.43
21/10/2025 15:30,4629.75
21/10/2025 15:35,4695.87
21/10/2025 15:40,4667.99
21/10/2025 15:45,4684.93
21/10/2025 15:50,4870.44
21/10/2025 15:55,4787.83
21/10/2025 16:00,4878.46
21/10/2025 16:05,4743.04
21/10/2025 16:10,4845.7
21/10/2025 16:15,4740.4
21/10/2025 16:20,4843.21
21/10/2025 16:25,4803.09
21/10/2025 16:30,4689.67
21/10/2025 16:35,4842.23
21/10/2025 16:40,5074.65
21/10/2025 16:45,4916.53
21/10/2025 16:50,4971.23
21/10/2025 16:55,5052.1
21/10/2025 17:00,4901.87
21/10/2025 17:05,4862.7
21/10/2025 17:10,4952.12
21/10/2025 17:15,4955.0
21/10/2025 17:20,4902.68
21/10/2025 17:25,5019.99
21/10/2025 17:30,5073.83
21/10/2025 17:35,5059.59
21/10/2025 17:40,5096.88
21/10/2025 17:45,5092.41
21/10/2025 17:50,5132.28
21/10/2025 17:55,5125.89
21/10/2025 18:00,5182.92
21/10/2025 18:05,5183.8
21/10/2025 18:10,5168.22
21/10/2025 18:15,5304.56
21/10/2025 18:20,5229.46
21/10/2025 18:25,5099.88
21/10/2025 18:30,5199.13
21/10/2025 18:35,5315.38
21/10/2025 18:40,5189.47
21/10/2025 18:45,5349.79
21/10/2025 18:50,5367.26
21/10/2025 18:55,5415.19
21/10/2025 19:00,5303.57
21/10/2025 19:05,5435.25
21/10/2025 19:10,5368.62
21/10/2025 19:15,5592.33
21/10/2025 19:20,5455.11
21/10/2025 19:25,5337.26
21/10/2025 19:30,5498.99
21/10/2025 19:35,5488.13
21/10/2025 19:40,5396.99
21/10/2025 19:45,5465.03
21/10/2025 19:50,5510.8
21/10/2025 19:55,5363.64
21/10/2025 20:00,5517.51
21/10/2025 20:05,5393.74
21/10/2025 20:10,5345.52
21/10/2025 20:15,5399.86
21/10/2025 20:20,5356.89
21/10/2025 20:25,5377.96
21/10/2025 20:30,5475.51
21/10/2025 20:35,5317.62
21/10/2025 20:40,5274.77
21/10/2025 20:45,5153.42
21/10/2025 20:50,5067.93
21/10/2025 20:55,5285.58
21/10/2025 21:00,5081.67
21/10/2025 21:05,5188.91
21/10/2025 21:10,4993.43
21/10/2025 21:15,5123.87
21/10/2025 21:20,5007.2
21/10/2025 21:25,4874.57
21/10/2025 21:30,4963.46
21/10/2025 21:35,4775.05
21/10/2025 21:40,4656.06
21/10/2025 21:45,4666.68
21/10/2025 21:50,4808.38
21/10/2025 21:55,4788.63
21/10/2025 22:00,4662.77
21/10/2025 22:05,4447.1
21/10/2025 22:10,4577.75
21/10/2025 22:15,4453.02
21/10/2025 22:20,4274.49
21/10/2025 22:25,4207.09
21/10/2025 22:30,4261.42
21/10/2025 22:35,4254.33
21/10/2025 22:40,4223.92
21/10/2025 22:45,4000.17
21/10/2025 22:50,4019.84
21/10/2025 22:55,3957.69
21/10/2025 23:00,3951.15
21/10/2025 23:05,3776.91
21/10/2025 23:10,3732.97
21/10/2025 23:15,3808.02
21/10/2025 23:20,3801.16
21/10/2025 23:25,3621.6
21/10/2025 23:30,3625.86
21/10/2025 23:35,3702.02
21/10/2025 23:40,3593.09
21/10/2025 23:45,3283.33
21/10/2025 23:50,3469.73
21/10/2025 23:55,3446.44
22/10/2025 00:00,3506.32
22/10/2025 00:05,3326.44
22/10/2025 00:10,3193.32
22/10/2025 00:15,3300.03
22/10/2025 00:20,3161.75
22/10/2025 00:25,3208.7
22/10/2025 00:30,3200.61
22/10/2025 00:35,3204.71
22/10/2025 00:40,3070.93
22/10/2025 00:45,3102.23
22/10/2025 00:50,3246.7
22/10/2025 00:55,3152.53
22/10/2025 01:00,3023.83
22/10/2025 01:05,3012.77
22/10/2025 01:10,2910.74
22/10/2025 01:15,2942.77
22/10/2025 01:20,3029.77
22/10/2025 01:25,2954.95
22/10/2025 01:30,3021.32
22/10/2025 01:35,3009.39
22/10/2025 01:40,2962.43
22/10/2025 01:45,2849.7
22/10/2025 01:50,2795.5
22/10/2025 01:55,2806.05
22/10/2025 02:00,2176.42
22/10/2025 02:05,2480.79
22/10/2025 02:10,2324.65
22/10/2025 02:15,2387.44
22/10/2025 02:20,2247.89
22/10/2025 02:25,2304.57
22/10/2025 02:30,2322.81
22/10/2025 02:35,2292.05
22/10/2025 02:40,2288.64
22/10/2025 02:45,2389.45
22/10/2025 02:50,2425.9
22/10/2025 02:55,2478.94
22/10/2025 03:00,2224.85
22/10/2025 03:05,2518.22
22/10/2025 03:10,2422.64
22/10/2025 03:15,2458.1
22/10/2025 03:20,2228.86
22/10/2025 03:25,2367.73
22/10/2025 03:30,2450.23
22/10/2025 03:35,2336.51
22/10/2025 03:40,2245.41
22/10/2025 03:45,2353.4
22/10/2025 03:50,2311.66
22/10/2025 03:55,2339.37
22/10/2025 04:00,2498.03
22/10/2025 04:05,2328.82
22/10/2025 04:10,2177.52
22/10/2025 04:15,2101.83
22/10/2025 04:20,2305.56
22/10/2025 04:25,2298.36
22/10/2025 04:30,2330.66
22/10/2025 04:35,2451.62
22/10/2025 04:40,2354.65
22/10/2025 04:45,2285.97
22/10/2025 04:50,2463.06
22/10/2025 04:55,2304.85
22/10/2025 05:00,2507.98
22/10/2025 05:05,2474.04
22/10/2025 05:10,2745.53
22/10/2025 05:15,2639.51
22/10/2025 05:20,2765.36
22/10/2025 05:25,2788.11
22/10/2025 05:30,2870.81
22/10/2025 05:35,2758.96
22/10/2025 05:40,2911.6
22/10/2025 05:45,2880.88
22/10/2025 05:50,2921.27
22/10/2025 05:55,3052.96
22/10/2025 06:00,2989.63
22/10/2025 06:05,3189.63
22/10/2025 06:10,3129.1
22/10/2025 06:15,3154.0
22/10/2025 06:20,3133.3
22/10/2025 06:25,3200.51
22/10/2025 06:30,3250.59
22/10/2025 06:35,3353.53
22/10/2025 06:40,3318.71
22/10/2025 06:45,3317.13
22/10/2025 06:50,3469.38
22/10/2025 06:55,3402.6
22/10/2025 07:00,3591.36
22/10/2025 07:05,3697.84
22/10/2025 07:10,3751.38
22/10/2025 07:15,3733.24
22/10/2025 07:20,3779.6
22/10/2025 07:25,3880.38
22/10/2025 07:30,4046.0
22/10/2025 07:35,3961.34
22/10/2025 07:40,3949.23
22/10/2025 07:45,4075.23
22/10/2025 07:50,4136.22
22/10/2025 07:55,4270.91
22/10/2025 08:00,4284.36
22/10/2025 08:05,4367.69
22/10/2025 08:10,4251.43
22/10/2025 08:15,4400.96
22/10/2025 08:20,4474.43
22/10/2025 08:25,4483.64
22/10/2025 08:30,4703.84
22/10/2025 08:35,4650.62
22/10/2025 08:40,4715.4
22/10/2025 08:45,4890.42
22/10/2025 08:50,4906.97
22/10/2025 08:55,4855.57
22/10/2025 09:00,4999.53
22/10/2025 09:05,4872.51
22/10/2025 09:10,5036.18
22/10/2025 09:15,5162.22
22/10/2025 09:20,5076.05
22/10/2025 09:25,5120.48
22/10/2025 09:30,5205.9
22/10/2025 09:35,5246.53
22/10/2025 09:40,5296.64
22/10/2025 09:45,5265.46
22/10/2025 09:50,5230.2
22/10/2025 09:55,5165.33
22/10/2025 10:00,5382.3
22/10/2025 10:05,5354.71
22/10/2025 10:10,5252.49
22/10/2025 10:15,5243.83
22/10/2025 10:20,5271.86
22/10/2025 10:25,5345.73
22/10/2025 10:30,5379.56
22/10/2025 10:35,5324.1
22/10/2025 10:40,5404.37
22/10/2025 10:45,5394.92
22/10/2025 10:50,5425.35
22/10/2025 10:55,5405.76
22/10/2025 11:00,5408.43
22/10/2025 11:05,5170.46
22/10/2025 11:10,5206.87
22/10/2025 11:15,5087.99
22/10/2025 11:20,5083.98
22/10/2025 11:25,5256.88
22/10/2025 11:30,5178.08
22/10/2025 11:35,5085.2
22/10/2025 11:40,4990.81
22/10/2025 11:45,5163.63
22/10/2025 11:50,5090.69
22/10/2025 11:55,4830.08
22/10/2025 12:00,4766.07
22/10/2025 12:05,4846.71
22/10/2025 12:10,4851.85
22/10/2025 12:15,4861.3
22/10/2025 12:20,4871.83
22/10/2025 12:25,4821.81
22/10/2025 12:30,4894.35
22/10/2025 12:35,4803.32
22/10/2025 12:40,4831.68
22/10/2025 12:45,4792.42
22/10/2025 12:50,4794.76
22/10/2025 12:55,4662.6
22/10/2025 13:00,4591.79
22/10/2025 13:05,4733.76
22/10/2025 13:10,4691.95
22/10/2025 13:15,4757.51
22/10/2025 13:20,4624.95
22/10/2025 13:25,4647.03
22/10/2025 13:30,4679.01
22/10/2025 13:35,4684.65
22/10/2025 13:40,4620.8
22/10/2025 13:45,4576.21
22/10/2025 13:50,4561.93
22/10/2025 13:55,4673.6
22/10/2025 14:00,4607.72
22/10/2025 14:05,4733.41
22/10/2025 14:10,4590.11
22/10/2025 14:15,4693.8
22/10/2025 14:20,4720.64
22/10/2025 14:25,4602.87
22/10/2025 14:30,4661.82
22/10/2025 14:35,4511.78
22/10/2025 14:40,4455.34
22/10/2025 14:45,4571.4
22/10/2025 14:50,4662.74
22/10/2025 14:55,4604.53
22/10/2025 15:00,4625.83
22/10/2025 15:05,4479.95
22/10/2025 15:10,4535.62
22/10/2025 15:15,4482.6
22/10/2025 15:20,4648.66
22/10/2025 15:25,4652.11
22/10/2025 15:30,4655.42
22/10/2025 15:35,4619.75
22/10/2025 15:40,4693.33
22/10/2025 15:45,4523.07
22/10/2025 15:50,4683.29
22/10/2025 15:55,4638.74
22/10/2025 16:00,4783.22
22/10/2025 16:05,4773.21
22/10/2025 16:10,4768.3
22/10/2025 16:15,4758.29
22/10/2025 16:20,4810.03
22/10/2025 16:25,4827.23
22/10/2025 16:30,4867.93
22/10/2025 16:35,4761.02
22/10/2025 16:40,4854.44
22/10/2025 16:45,4927.62
22/10/2025 16:50,4938.46
22/10/2025 16:55,5107.33
22/10/2025 17:00,4959.74
22/10/2025 17:05,5123.39
22/10/2025 17:10,4897.25
22/10/2025 17:15,4888.86
22/10/2025 17:20,4969.26
22/10/2025 17:25,4910.45
22/10/2025 17:30,5015.8
22/10/2025 17:35,5071.44
22/10/2025 17:40,5030.25
22/10/2025 17:45,5118.41
22/10/2025 17:50,5025.88
22/10/2025 17:55,5124.64
22/10/2025 18:00,5067.8
22/10/2025 18:05,5190.63
22/10/2025 18:10,5308.37
22/10/2025 18:15,5177.24
22/10/2025 18:20,5381.19
22/10/2025 18:25,5352.09
22/10/2025 18:30,5334.47
22/10/2025 18:35,5314.08
22/10/2025 18:40,5434.85
22/10/2025 18:45,5317.77
22/10/2025 18:50,5579.8
22/10/2025 18:55,5383.08
22/10/2025 19:00,5357.95
22/10/2025 19:05,5427.49
22/10/2025 19:10,5465.97
22/10/2025 19:15,5300.33
22/10/2025 19:20,5377.48
22/10/2025 19:25,5461.1
22/10/2025 19:30,5430.54
22/10/2025 19:35,5528.74
22/10/2025 19:40,5546.5
22/10/2025 19:45,5369.18
22/10/2025 19:50,5490.91
22/10/2025 19:55,5430.76
22/10/2025 20:00,5216.83
22/10/2025 20:05,5407.96
22/10/2025 20:10,5372.01
22/10/2025 20:15,5492.05
22/10/2025 20:20,5244.68
22/10/2025 20:25,5360.72
22/10/2025 20:30,5328.41
22/10/2025 20:35,5131.16
22/10/2025 20:40,5272.49
22/10/2025 20:45,5193.06
22/10/2025 20:50,5364.32
22/10/2025 20:55,5229.24
22/10/2025 21:00,5106.6
22/10/2025 21:05,5089.26
22/10/2025 21:10,5020.87
22/10/2025 21:15,4958.25
22/10/2025 21:20,5003.23
22/10/2025 21:25,4910.84
22/10/2025 21:30,4947.89
22/10/2025 21:35,4700.79
22/10/2025 21:40,4720.51
22/10/2025 21:45,4664.17
22/10/2025 21:50,4617.51
22/10/2025 21:55,4570.56
22/10/2025 22:00,4462.82
22/10/2025 22:05,4317.67
22/10/2025 22:10,4269.21
22/10/2025 22:15,4549.73
22/10/2025 22:20,4294.33
22/10/2025 22:25,4310.93
22/10/2025 22:30,4122.5
22/10/2025 22:35,4284.12
22/10/2025 22:40,4174.46
22/10/2025 22:45,4071.75
22/10/2025 22:50,4085.11
22/10/2025 22:55,3999.99
22/10/2025 23:00,4113.35
22/10/2025 23:05,3890.2
22/10/2025 23:10,3818.99
22/10/2025 23:15,3844.05
22/10/2025 23:20,3835.88
22/10/2025 23:25,3602.86
22/10/2025 23:30,3609.29
22/10/2025 23:35,3516.43
22/10/2025 23:40,3528.74
22/10/2025 23:45,3641.32
22/10/2025 23:50,3231.36
22/10/2025 23:55,3386.0
23/10/2025 00:00,3309.18
23/10/2025 00:05,3569.03
23/10/2025 00:10,3199.3
23/10/2025 00:15,3203.99
23/10/2025 00:20,3148.86
23/10/2025 00:25,3164.41
23/10/2025 00:30,3190.34
23/10/2025 00:35,3215.1
23/10/2025 00:40,3193.64
23/10/2025 00:45,3127.9
23/10/2025 00:50,3129.24
23/10/2025 00:55,3127.21
23/10/2025 01:00,3199.21
23/10/2025 01:05,3132.8
23/10/2025 01:10,3021.41
23/10/2025 01:15,2775.61
23/10/2025 01:20,3099.41
23/10/2025 01:25,2915.3
23/10/2025 01:30,2746.36
23/10/2025 01:35,3073.99
23/10/2025 01:40,2762.73
23/10/2025 01:45,2775.29
23/10/2025 01:50,2784.31
23/10/2025 01:55,2633.02
23/10/2025 02:00,2327.5
23/10/2025 02:05,2251.96
23/10/2025 02:10,2444.69
23/10/2025 02:15,2371.17
23/10/2025 02:20,2455.03
23/10/2025 02:25,2426.54
23/10/2025 02:30,2430.58
23/10/2025 02:35,2378.19
23/10/2025 02:40,2501.49
23/10/2025 02:45,2412.08
23/10/2025 02:50,2323.48
23/10/2025 02:55,2302.09
23/10/2025 03:00,2338.49
23/10/2025 03:05,2415.85
23/10/2025 03:10,2313.69
23/10/2025 03:15,2412.41
23/10/2025 03:20,2379.98
23/10/2025 03:25,2209.75
23/10/2025 03:30,2427.19
23/10/2025 03:35,2309.5
23/10/2025 03:40,2308.38
23/10/2025 03:45,2323.29
23/10/2025 03:50,2430.81
23/10/2025 03:55,2372.5
23/10/2025 04:00,2417.44
23/10/2025 04:05,2348.54
23/10/2025 04:10,2224.84
23/10/2025 04:15,2438.61
23/10/2025 04:20,2332.66
23/10/2025 04:25,2155.23
23/10/2025 04:30,2273.11
23/10/2025 04:35,2269.06
23/10/2025 04:40,2272.12
23/10/2025 04:45,2130.39
23/10/2025 04:50,2411.34
23/10/2025 04:55,2402.24
23/10/2025 05:00,2522.33
23/10/2025 05:05,2591.76
23/10/2025 05:10,2573.24
23/10/2025 05:15,2808.49
23/10/2025 05:20,2738.84
23/10/2025 05:25,2903.8
23/10/2025 05:30,2711.17
23/10/2025 05:35,2957.34
23/10/2025 05:40,3003.58
23/10/2025 05:45,2991.79
23/10/2025 05:50,2964.97
23/10/2025 05:55,3143.81
23/10/2025 06:00,3012.0
23/10/2025 06:05,2971.72
23/10/2025 06:10,3234.79
23/10/2025 06:15,3156.73
23/10/2025 06:20,3148.33
23/10/2025 06:25,3403.83
23/10/2025 06:30,3151.35
23/10/2025 06:35,3336.85
23/10/2025 06:40,3352.81
23/10/2025 06:45,3564.36
23/10/2025 06:50,3507.55
23/10/2025 06:55,3532.6
23/10/2025 07:00,3545.23
23/10/2025 07:05,3491.62
23/10/2025 07:10,3756.08
23/10/2025 07:15,3737.29
23/10/2025 07:20,3829.93
23/10/2025 07:25,3791.14
23/10/2025 07:30,3936.54
23/10/2025 07:35,3877.83
23/10/2025 07:40,4135.02
23/10/2025 07:45,4087.1
23/10/2025 07:50,4084.73
23/10/2025 07:55,4121.63
23/10/2025 08:00,4131.87
23/10/2025 08:05,4365.87
23/10/2025 08:10,4432.89
23/10/2025 08:15,4343.93
23/10/2025 08:20,4479.76
23/10/2025 08:25,4481.86
23/10/2025 08:30,4700.6
23/10/2025 08:35,4686.79
23/10/2025 08:40,4785.08
23/10/2025 08:45,4820.5
23/10/2025 08:50,4738.03
23/10/2025 08:55,4941.2
23/10/2025 09:00,4986.58
23/10/2025 09:05,4970.8
23/10/2025 09:10,5029.9
23/10/2025 09:15,5216.64
23/10/2025 09:20,5182.45
23/10/2025 09:25,4952.41
23/10/2025 09:30,5026.54
23/10/2025 09:35,5236.89
23/10/2025 09:40,5387.71
23/10/2025 09:45,5334.36
23/10/2025 09:50,5144.42
23/10/2025 09:55,5321.27
23/10/2025 10:00,5236.47
23/10/2025 10:05,5372.37
23/10/2025 10:10,5342.82
23/10/2025 10:15,5429.87
23/10/2025 10:20,5373.98
23/10/2025 10:25,5392.76
23/10/2025 10:30,5314.9
23/10/2025 10:35,5314.67
23/10/2025 10:40,5526.76
23/10/2025 10:45,5380.29
23/10/2025 10:50,5392.96
23/10/2025 10:55,5073.15
23/10/2025 11:00,5136.81
23/10/2025 11:05,5213.5
23/10/2025 11:10,5059.29
23/10/2025 11:15,5266.69
23/10/2025 11:20,5179.44
23/10/2025 11:25,5043.29
23/10/2025 11:30,5141.71
23/10/2025 11:35,5140.03
23/10/2025 11:40,4966.43
23/10/2025 11:45,5060.04
23/10/2025 11:50,5024.15
23/10/2025 11:55,5038.73
23/10/2025 12:00,4817.12
23/10/2025 12:05,4845.61
23/10/2025 12:10,4907.96
23/10/2025 12:15,4745.07
23/10/2025 12:20,4585.77
23/10/2025 12:25,4646.82
23/10/2025 12:30,4775.42
23/10/2025 12:35,4572.54
23/10/2025 12:40,4794.54
23/10/2025 12:45,4673.39
23/10/2025 12:50,4768.65
23/10/2025 12:55,4714.56
23/10/2025 13:00,4701.72
23/10/2025 13:05,4627.83
23/10/2025 13:10,4643.89
23/10/2025 13:15,4650.32
23/10/2025 13:20,4668.95
23/10/2025 13:25,4633.65
23/10/2025 13:30,4666.9
23/10/2025 13:35,4801.49
23/10/2025 13:40,4777.98
23/10/2025 13:45,4662.32
23/10/2025 13:50,4638.92
23/10/2025 13:55,4687.62
23/10/2025 14:00,4557.49
23/10/2025 14:05,4578.54
23/10/2025 14:10,4604.58
23/10/2025 14:15,4679.02
23/10/2025 14:20,4633.16
23/10/2025 14:25,4748.2
23/10/2025 14:30,4633.67
23/10/2025 14:35,4620.1
23/10/2025 14:40,4464.13
23/10/2025 14:45,4455.31
23/10/2025 14:50,4378.75
23/10/2025 14:55,4642.42
23/10/2025 15:00,4676.65
23/10/2025 15:05,4577.67
23/10/2025 15:10,4565.16
23/10/2025 15:15,4627.49
23/10/2025 15:20,4653.82
23/10/2025 15:25,4400.47
23/10/2025 15:30,4627.83
23/10/2025 15:35,4759.62
23/10/2025 15:40,4723.36
23/10/2025 15:45,4626.75
23/10/2025 15:50,4692.09
23/10/2025 15:55,4859.41
23/10/2025 16:00,4799.02
23/10/2025 16:05,4735.98
23/10/2025 16:10,4660.84
23/10/2025 16:15,4824.86
23/10/2025 16:20,4643.11
23/10/2025 16:25,4749.3
23/10/2025 16:30,4858.89
23/10/2025 16:35,4900.32
23/10/2025 16:40,4845.04
23/10/2025 16:45,4797.75
23/10/2025 16:50,4940.4
23/10/2025 16:55,4932.71
23/10/2025 17:00,4864.3
23/10/2025 17:05,5046.67
23/10/2025 17:10,4992.33
23/10/2025 17:15,5075.78
23/10/2025 17:20,5005.22
23/10/2025 17:25,5065.85
23/10/2025 17:30,5167.63
23/10/2025 17:35,4927.27
23/10/2025 17:40,5096.85
23/10/2025 17:45,5048.53
23/10/2025 17:50,5096.87
23/10/2025 17:55,5112.52
23/10/2025 18:00,5220.35
23/10/2025 18:05,5191.96
23/10/2025 18:10,5258.44
23/10/2025 18:15,5186.32
23/10/2025 18:20,5251.64
23/10/2025 18:25,5410.93
23/10/2025 18:30,5268.22
23/10/2025 18:35,5449.2
23/10/2025 18:40,5391.36
23/10/2025 18:45,5328.37
23/10/2025 18:50,5400.1
23/10/2025 18:55,5460.37
23/10/2025 19:00,5570.4
23/10/2025 19:05,5304.49
23/10/2025 19:10,5489.49
23/10/2025 19:15,5540.07
23/10/2025 19:20,5356.26
23/10/2025 19:25,5450.73
23/10/2025 19:30,5414.55
23/10/2025 19:35,5329.08
23/10/2025 19:40,5450.84
23/10/2025 19:45,5453.4
23/10/2025 19:50,5446.42
23/10/2025 19:55,5298.04
23/10/2025 20:00,5301.03
23/10/2025 20:05,5494.79
23/10/2025 20:10,5253.67
23/10/2025 20:15,5421.5
23/10/2025 20:20,5454.63
23/10/2025 20:25,5291.37
23/10/2025 20:30,5107.27
23/10/2025 20:35,5173.61
23/10/2025 20:40,5294.86
23/10/2025 20:45,5137.76
23/10/2025 20:50,5154.99
23/10/2025 20:55,5104.54
23/10/2025 21:00,5234.29
23/10/2025 21:05,5179.18
23/10/2025 21:10,5179.49
23/10/2025 21:15,4897.31
23/10/2025 21:20,4946.04
23/10/2025 21:25,4790.14
23/10/2025 21:30,4750.69
23/10/2025 21:35,4681.61
23/10/2025 21:40,4779.77
23/10/2025 21:45,4853.62
23/10/2025 21:50,4653.16
23/10/2025 21:55,4644.62
23/10/2025 22:00,4471.03
23/10/2025 22:05,4611.07
23/10/2025 22:10,4534.56
23/10/2025 22:15,4427.52
23/10/2025 22:20,4347.5
23/10/2025 22:25,4354.98
23/10/2025 22:30,4262.43
23/10/2025 22:35,4134.45
23/10/2025 22:40,4105.07
23/10/2025 22:45,4276.75
23/10/2025 22:50,4046.4
23/10/2025 22:55,4068.86
23/10/2025 23:00,3828.89
23/10/2025 23:05,3995.97
23/10/2025 23:10,3909.45
23/10/2025 23:15,3786.92
23/10/2025 23:20,3822.97
23/10/2025 23:25,3596.83
23/10/2025 23:30,3555.14
23/10/2025 23:35,3518.7
23/10/2025 23:40,3577.68
23/10/2025 23:45,3346.16
23/10/2025 23:50,3420.4
23/10/2025 23:55,3397.25
24/10/2025 00:00,3334.23
24/10/2025 00:05,3304.94
24/10/2025 00:10,3248.2
24/10/2025 00:15,3291.28
24/10/2025 00:20,3223.37
24/10/2025 00:25,3206.08
24/10/2025 00:30,3350.94
24/10/2025 00:35,3215.66
24/10/2025 00:40,3071.88
24/10/2025 00:45,3037.15
24/10/2025 00:50,3086.58
24/10/2025 00:55,3185.77
24/10/2025 01:00,3088.75
24/10/2025 01:05,3125.78
24/10/2025 01:10,2890.34
24/10/2025 01:15,3015.87
24/10/2025 01:20,3005.53
24/10/2025 01:25,2930.22
24/10/2025 01:30,2995.15
24/10/2025 01:35,2914.0
24/10/2025 01:40,2825.77
24/10/2025 01:45,2834.5
24/10/2025 01:50,2758.66
24/10/2025 01:55,2907.71
24/10/2025 02:00,2442.23
24/10/2025 02:05,2414.95
24/10/2025 02:10,2285.84
24/10/2025 02:15,2436.31
24/10/2025 02:20,2226.73
24/10/2025 02:25,2390.6
24/10/2025 02:30,2368.15
24/10/2025 02:35,2244.67
24/10/2025 02:40,2291.17
24/10/2025 02:45,2288.03
24/10/2025 02:50,2294.71
24/10/2025 02:55,2373.91
24/10/2025 03:00,2374.55
24/10/2025 03:05,2313.25
24/10/2025 03:10,2289.22
24/10/2025 03:15,2347.84
24/10/2025 03:20,2290.54
24/10/2025 03:25,2226.13
24/10/2025 03:30,2389.37
24/10/2025 03:35,2354.68
24/10/2025 03:40,2327.85
24/10/2025 03:45,2267.98
24/10/2025 03:50,2363.34
24/10/2025 03:55,2125.63
24/10/2025 04:00,2270.59
24/10/2025 04:05,2403.79
24/10/2025 04:10,2417.16
24/10/2025 04:15,2359.36
24/10/2025 04:20,2432.06
24/10/2025 04:25,2311.5
24/10/2025 04:30,2378.5
24/10/2025 04:35,2203.79
24/10/2025 04:40,2475.42
24/10/2025 04:45,2220.33
24/10/2025 04:50,2368.53
24/10/2025 04:55,2390.52
24/10/2025 05:00,2529.7
24/10/2025 05:05,2674.85
24/10/2025 05:10,2624.83
24/10/2025 05:15,2715.82
24/10/2025 05:20,2744.09
24/10/2025 05:25,2698.32
24/10/2025 05:30,2862.89
24/10/2025 05:35,2726.91
24/10/2025 05:40,2815.92
24/10/2025 05:45,2936.78
24/10/2025 05:50,2954.03
24/10/2025 05:55,3206.6
24/10/2025 06:00,2975.43
24/10/2025 06:05,3021.11
24/10/2025 06:10,3094.37
24/10/2025 06:15,3291.31
24/10/2025 06:20,3286.29
24/10/2025 06:25,3214.42
24/10/2025 06:30,3374.4
24/10/2025 06:35,3297.77
24/10/2025 06:40,3470.07
24/10/2025 06:45,3484.79
24/10/2025 06:50,3599.12
24/10/2025 06:55,3451.02
24/10/2025 07:00,3605.12
24/10/2025 07:05,3747.28
24/10/2025 07:10,3772.08
24/10/2025 07:15,3722.25
24/10/2025 07:20,3787.13
24/10/2025 07:25,3863.72
24/10/2025 07:30,3814.96
24/10/2025 07:35,4112.92
24/10/2025 07:40,3953.99
24/10/2025 07:45,4067.7
24/10/2025 07:50,4128.96
24/10/2025 07:55,4244.26
24/10/2025 08:00,4300.15
24/10/2025 08:05,4334.08
24/10/2025 08:10,4278.13
24/10/2025 08:15,4380.43
24/10/2025 08:20,4462.92
24/10/2025 08:25,4618.33
24/10/2025 08:30,4665.68
24/10/2025 08:35,4704.48
24/10/2025 08:40,4686.35
24/10/2025 08:45,4783.25
24/10/2025 08:50,4809.73
24/10/2025 08:55,4959.89
24/10/2025 09:00,4935.45
24/10/2025 09:05,5114.25
24/10/2025 09:10,4966.89
24/10/2025 09:15,5103.83
24/10/2025 09:20,5039.53
24/10/2025 09:25,5296.6
24/10/2025 09:30,5221.38
24/10/2025 09:35,5297.72
24/10/2025 09:40,5229.33
24/10/2025 09:45,5225.54
24/10/2025 09:50,5281.97
24/10/2025 09:55,5314.99
24/10/2025 10:00,5361.47
24/10/2025 10:05,5186.95
24/10/2025 10:10,5253.32
24/10/2025 10:15,5462.07
24/10/2025 10:20,5466.5
24/10/2025 10:25,5210.89
24/10/2025 10:30,5200.77
24/10/2025 10:35,5400.96
24/10/2025 10:40,5280.21
24/10/2025 10:45,5352.83
24/10/2025 10:50,5361.45
24/10/2025 10:55,5202.44
24/10/2025 11:00,5248.15
24/10/2025 11:05,5198.31
24/10/2025 11:10,5344.42
24/10/2025 11:15,5116.92
24/10/2025 11:20,5163.62
24/10/2025 11:25,5338.75
24/10/2025 11:30,5296.55
24/10/2025 11:35,4958.39
24/10/2025 11:40,5080.36
24/10/2025 11:45,5081.18
24/10/2025 11:50,5142.29
24/10/2025 11:55,5163.07
24/10/2025 12:00,4903.96
24/10/2025 12:05,4974.37
24/10/2025 12:10,4836.28
24/10/2025 12:15,4887.3
24/10/2025 12:20,4771.12
24/10/2025 12:25,4761.82
24/10/2025 12:30,4850.71
24/10/2025 12:35,4855.51
24/10/2025 12:40,4764.15
24/10/2025 12:45,4761.95
24/10/2025 12:50,4755.31
24/10/2025 12:55,4647.92
24/10/2025 13:00,4693.51
24/10/2025 13:05,4857.07
24/10/2025 13:10,4832.38
24/10/2025 13:15,4690.93
24/10/2025 13:20,4706.03
24/10/2025 13:25,4576.19
24/10/2025 13:30,4679.74
24/10/2025 13:35,4658.88
24/10/2025 13:40,4669.75
24/10/2025 13:45,4527.23
24/10/2025 13:50,4777.08
24/10/2025 13:55,4740.09
24/10/2025 14:00,4696.93
24/10/2025 14:05,4670.79
24/10/2025 14:10,4691.88
24/10/2025 14:15,4741.79
24/10/2025 14:20,4462.19
24/10/2025 14:25,4577.49
24/10/2025 14:30,4413.46
24/10/2025 14:35,4514.78
24/10/2025 14:40,4720.91
24/10/2025 14:45,4580.02
24/10/2025 14:50,4612.03
24/10/2025 14:55,4720.94
24/10/2025 15:00,4505.69
24/10/2025 15:05,4565.92
24/10/2025 15:10,4721.8
24/10/2025 15:15,4649.49
24/10/2025 15:20,4534.24
24/10/2025 15:25,4722.01
24/10/2025 15:30,4596.4
24/10/2025 15:35,4651.45
24/10/2025 15:40,4666.9
24/10/2025 15:45,4664.56
24/10/2025 15:50,4700.92
24/10/2025 15:55,4771.93
24/10/2025 16:00,4756.35
24/10/2025 16:05,4719.15
24/10/2025 16:10,4805.55
24/10/2025 16:15,4842.17
24/10/2025 16:20,4960.75
24/10/2025 16:25,5010.85
24/10/2025 16:30,4813.51
24/10/2025 16:35,4913.3
24/10/2025 16:40,4955.11
24/10/2025 16:45,4982.78
24/10/2025 16:50,4928.62
24/10/2025 16:55,4910.77
24/10/2025 17:00,4862.23
24/10/2025 17:05,4945.58
24/10/2025 17:10,4818.85
24/10/2025 17:15,5010.94
24/10/2025 17:20,4976.33
24/10/2025 17:25,5112.74
24/10/2025 17:30,5172.07
24/10/2025 17:35,5092.27
24/10/2025 17:40,5086.67
24/10/2025 17:45,4993.59
24/10/2025 17:50,5111.65
24/10/2025 17:55,5115.27
24/10/2025 18:00,5107.29
24/10/2025 18:05,5176.37
24/10/2025 18:10,5121.51
24/10/2025 18:15,5234.24
24/10/2025 18:20,5342.69
24/10/2025 18:25,5575.16
24/10/2025 18:30,5310.75
24/10/2025 18:35,5355.65
24/10/2025 18:40,5452.24
24/10/2025 18:45,5360.34
24/10/2025 18:50,5359.26
24/10/2025 18:55,5437.1
24/10/2025 19:00,5365.76
24/10/2025 19:05,5480.39
24/10/2025 19:10,5412.94
24/10/2025 19:15,5421.01
24/10/2025 19:20,5460.37
24/10/2025 19:25,5419.07
24/10/2025 19:30,5366.36
24/10/2025 19:35,5431.26
24/10/2025 19:40,5452.79
24/10/2025 19:45,5558.45
24/10/2025 19:50,5277.75
24/10/2025 19:55,5464.64
24/10/2025 20:00,5387.73
24/10/2025 20:05,5388.05
24/10/2025 20:10,5443.97
24/10/2025 20:15,5387.2
24/10/2025 20:20,5329.35
24/10/2025 20:25,5309.31
24/10/2025 20:30,5322.23
24/10/2025 20:35,5197.96
24/10/2025 20:40,5158.7
24/10/2025 20:45,5257.67
24/10/2025 20:50,5299.01
24/10/2025 20:55,5125.57
24/10/2025 21:00,5063.31
24/10/2025 21:05,5122.71
24/10/2025 21:10,5077.39
24/10/2025 21:15,5036.45
24/10/2025 21:20,4944.17
24/10/2025 21:25,4911.0
24/10/2025 21:30,4790.1
24/10/2025 21:35,4758.11
24/10/2025 21:40,4879.02
24/10/2025 21:45,4759.55
24/10/2025 21:50,4701.46
24/10/2025 21:55,4739.83
24/10/2025 22:00,4516.13
24/10/2025 22:05,4486.14
24/10/2025 22:10,4481.69
24/10/2025 22:15,4387.05
24/10/2025 22:20,4253.55
24/10/2025 22:25,4317.1
24/10/2025 22:30,4314.97
24/10/2025 22:35,4275.63
24/10/2025 22:40,4165.8
24/10/2025 22:45,4054.35
24/10/2025 22:50,3881.36
24/10/2025 22:55,4040.4
24/10/2025 23:00,3957.36
24/10/2025 23:05,3847.1
24/10/2025 23:10,3961.19
24/10/2025 23:15,3821.53
24/10/2025 23:20,3820.36
24/10/2025 23:25,3596.34
24/10/2025 23:30,3700.06
24/10/2025 23:35,3568.84
24/10/2025 23:40,3588.05
24/10/2025 23:45,3547.03
24/10/2025 23:50,3466.63
24/10/2025 23:55,3335.56
25/10/2025 00:00,3328.51
25/10/2025 00:05,3160.37
25/10/2025 00:10,3101.4
25/10/2025 00:15,2880.36
25/10/2025 00:20,2898.17
25/10/2025 00:25,2985.28
25/10/2025 00:30,2932.65
25/10/2025 00:35,3044.83
25/10/2025 00:40,2842.1
25/10/2025 00:45,2802.27
25/10/2025 00:50,2884.34
25/10/2025 00:55,2869.87
25/10/2025 01:00,2750.55
25/10/2025 01:05,2767.77
25/10/2025 01:10,2706.38
25/10/2025 01:15,2693.52
25/10/2025 01:20,2706.7
25/10/2025 01:25,2761.66
25/10/2025 01:30,2538.79
25/10/2025 01:35,2500.44
25/10/2025 01:40,2674.86
25/10/2025 01:45,2511.98
25/10/2025 01:50,2545.87
25/10/2025 01:55,2481.43
25/10/2025 02:00,2027.65
25/10/2025 02:05,2091.14
25/10/2025 02:10,2235.01
25/10/2025 02:15,2107.2
25/10/2025 02:20,2192.05
25/10/2025 02:25,2100.03
25/10/2025 02:30,2109.21
25/10/2025 02:35,2007.41
25/10/2025 02:40,2138.69
25/10/2025 02:45,2048.18
25/10/2025 02:50,2158.47
25/10/2025 02:55,2173.46
25/10/2025 03:00,1990.5
25/10/2025 03:05,2116.14
25/10/2025 03:10,1951.63
25/10/2025 03:15,2085.97
25/10/2025 03:20,2268.19
25/10/2025 03:25,2051.09
25/10/2025 03:30,1960.38
25/10/2025 03:35,2159.81
25/10/2025 03:40,2148.35
25/10/2025 03:45,2191.67
25/10/2025 03:50,2152.52
25/10/2025 03:55,2054.61
25/10/2025 04:00,2242.97
25/10/2025 04:05,2148.01
25/10/2025 04:10,2153.44
25/10/2025 04:15,2204.48
25/10/2025 04:20,2135.61
25/10/2025 04:25,2129.5
25/10/2025 04:30,1990.73
25/10/2025 04:35,2220.22
25/10/2025 04:40,2216.82
25/10/2025 04:45,2066.17
25/10/2025 04:50,2066.6
25/10/2025 04:55,2163.17
25/10/2025 05:00,2276.54
25/10/2025 05:05,2338.87
25/10/2025 05:10,2245.26
25/10/2025 05:15,2275.13
25/10/2025 05:20,2540.84
25/10/2025 05:25,2606.02
25/10/2025 05:30,2583.38
25/10/2025 05:35,2532.88
25/10/2025 05:40,2576.97
25/10/2025 05:45,2630.29
25/10/2025 05:50,2720.69
25/10/2025 05:55,2853.66
25/10/2025 06:00,2892.67
25/10/2025 06:05,2794.95
25/10/2025 06:10,2987.74
25/10/2025 06:15,2903.55
25/10/2025 06:20,3030.24
25/10/2025 06:25,2922.69
25/10/2025 06:30,3052.08
25/10/2025 06:35,2991.38
25/10/2025 06:40,3146.84
25/10/2025 06:45,3141.86
25/10/2025 06:50,3268.14
25/10/2025 06:55,3234.66
25/10/2025 07:00,3453.45
25/10/2025 07:05,3348.08
25/10/2025 07:10,3515.22
25/10/2025 07:15,3323.23
25/10/2025 07:20,3419.22
25/10/2025 07:25,3644.49
25/10/2025 07:30,3534.71
25/10/2025 07:35,3602.62
25/10/2025 07:40,3690.12
25/10/2025 07:45,3793.33
25/10/2025 07:50,4043.89
25/10/2025 07:55,3991.02
25/10/2025 08:00,3947.81
25/10/2025 08:05,3984.6
25/10/2025 08:10,3988.97
25/10/2025 08:15,4191.18
25/10/2025 08:20,4240.19
25/10/2025 08:25,4443.69
25/10/2025 08:30,4359.01
25/10/2025 08:35,4456.98
25/10/2025 08:40,4562.85
25/10/2025 08:45,4505.33
25/10/2025 08:50,4571.4
25/10/2025 08:55,4657.14
25/10/2025 09:00,4650.78
25/10/2025 09:05,4766.53
25/10/2025 09:10,4810.88
25/10/2025 09:15,4714.15
25/10/2025 09:20,4991.22
25/10/2025 09:25,4830.42
25/10/2025 09:30,4735.51
25/10/2025 09:35,5049.62
25/10/2025 09:40,4990.07
25/10/2025 09:45,4898.29
25/10/2025 09:50,5158.65
25/10/2025 09:55,5078.02
25/10/2025 10:00,5008.95
25/10/2025 10:05,5133.91
25/10/2025 10:10,5026.12
25/10/2025 10:15,5102.69
25/10/2025 10:20,5101.68
25/10/2025 10:25,5076.38
25/10/2025 10:30,4947.41
25/10/2025 10:35,5240.09
25/10/2025 10:40,5001.94
25/10/2025 10:45,5121.56
25/10/2025 10:50,5151.05
25/10/2025 10:55,5073.91
25/10/2025 11:00,5059.71
25/10/2025 11:05,5081.58
25/10/2025 11:10,4992.78
25/10/2025 11:15,5076.87
25/10/2025 11:20,4972.37
25/10/2025 11:25,4976.81
25/10/2025 11:30,5010.36
25/10/2025 11:35,4824.03
25/10/2025 11:40,4826.2
25/10/2025 11:45,4799.41
25/10/2025 11:50,4761.27
25/10/2025 11:55,4636.25
25/10/2025 12:00,4547.94
25/10/2025 12:05,4647.24
25/10/2025 12:10,4480.5
25/10/2025 12:15,4604.62
25/10/2025 12:20,4660.16
25/10/2025 12:25,4563.29
25/10/2025 12:30,4490.63
25/10/2025 12:35,4459.04
25/10/2025 12:40,4537.1
25/10/2025 12:45,4519.48
25/10/2025 12:50,4488.37
25/10/2025 12:55,4541.23
25/10/2025 13:00,4368.09
25/10/2025 13:05,4586.84
25/10/2025 13:10,4425.25
25/10/2025 13:15,4498.49
25/10/2025 13:20,4663.97
25/10/2025 13:25,4373.81
25/10/2025 13:30,4415.24
25/10/2025 13:35,4350.11
25/10/2025 13:40,4412.4
25/10/2025 13:45,4358.02
25/10/2025 13:50,4388.61
25/10/2025 13:55,4552.39
25/10/2025 14:00,4248.42
25/10/2025 14:05,4467.2
25/10/2025 14:10,4352.13
25/10/2025 14:15,4317.52
25/10/2025 14:20,4551.86
25/10/2025 14:25,4393.88
25/10/2025 14:30,4382.15
25/10/2025 14:35,4258.52
25/10/2025 14:40,4506.21
25/10/2025 14:45,4382.78
25/10/2025 14:50,4370.28
25/10/2025 14:55,4165.46
25/10/2025 15:00,4142.56
25/10/2025 15:05,4322.37
25/10/2025 15:10,4365.8
25/10/2025 15:15,4386.39
25/10/2025 15:20,4360.64
25/10/2025 15:25,4376.99
25/10/2025 15:30,4432.29
25/10/2025 15:35,4430.38
25/10/2025 15:40,4450.46
25/10/2025 15:45,4414.02
25/10/2025 15:50,4503.56
25/10/2025 15:55,4586.03
25/10/2025 16:00,4467.95
25/10/2025 16:05,4522.18
25/10/2025 16:10,4568.16
25/10/2025 16:15,4536.86
25/10/2025 16:20,4430.72
25/10/2025 16:25,4582.18
25/10/2025 16:30,4609.97
25/10/2025 16:35,4658.05
25/10/2025 16:40,4673.87
25/10/2025 16:45,4521.27
25/10/2025 16:50,4622.42
25/10/2025 16:55,4766.2
25/10/2025 17:00,4719.97
25/10/2025 17:05,4573.69
25/10/2025 17:10,4780.51
25/10/2025 17:15,4793.05
25/10/2025 17:20,4774.09
25/10/2025 17:25,4762.28
25/10/2025 17:30,4741.4
25/10/2025 17:35,4847.93
25/10/2025 17:40,4922.47
25/10/2025 17:45,4802.62
25/10/2025 17:50,4897.51
25/10/2025 17:55,4977.97
25/10/2025 18:00,4935.64
25/10/2025 18:05,4931.53
25/10/2025 18:10,4956.37
25/10/2025 18:15,5091.01
25/10/2025 18:20,4839.09
25/10/2025 18:25,5002.6
25/10/2025 18:30,5204.39
25/10/2025 18:35,5208.19
25/10/2025 18:40,5145.83
25/10/2025 18:45,5147.9
25/10/2025 18:50,5073.54
25/10/2025 18:55,5107.22
25/10/2025 19:00,5108.82
25/10/2025 19:05,5145.46
25/10/2025 19:10,5185.21
25/10/2025 19:15,5136.71
25/10/2025 19:20,5200.96
25/10/2025 19:25,5261.66
25/10/2025 19:30,5185.67
25/10/2025 19:35,5197.35
25/10/2025 19:40,5287.44
25/10/2025 19:45,5195.82
25/10/2025 19:50,5073.72
25/10/2025 19:55,5024.67
25/10/2025 20:00,5103.96
25/10/2025 20:05,5049.81
25/10/2025 20:10,5102.35
25/10/2025 20:15,5154.4
25/10/2025 20:20,5077.96
25/10/2025 20:25,5045.45
25/10/2025 20:30,5184.37
25/10/2025 20:35,5034.47
25/10/2025 20:40,4993.11
25/10/2025 20:45,4945.14
25/10/2025 20:50,4832.63
25/10/2025 20:55,5061.05
25/10/2025 21:00,5000.81
25/10/2025 21:05,4925.08
25/10/2025 21:10,4852.56
25/10/2025 21:15,4794.74
25/10/2025 21:20,4582.42
25/10/2025 21:25,4537.31
25/10/2025 21:30,4582.47
25/10/2025 21:35,4459.84
25/10/2025 21:40,4480.17
25/10/2025 21:45,4431.46
25/10/2025 21:50,4332.02
25/10/2025 21:55,4180.43
25/10/2025 22:00,4102.42
25/10/2025 22:05,4297.3
25/10/2025 22:10,4239.24
25/10/2025 22:15,4099.6
25/10/2025 22:20,4189.29
25/10/2025 22:25,3998.86
25/10/2025 22:30,3928.71
25/10/2025 22:35,3824.66
25/10/2025 22:40,3965.5
25/10/2025 22:45,3866.07
25/10/2025 22:50,3963.31
25/10/2025 22:55,3721.56
25/10/2025 23:00,3672.03
25/10/2025 23:05,3713.35
25/10/2025 23:10,3549.62
25/10/2025 23:15,3586.83
25/10/2025 23:20,3624.36
25/10/2025 23:25,3565.18
25/10/2025 23:30,3351.66
25/10/2025 23:35,3353.95
25/10/2025 23:40,3160.02
25/10/2025 23:45,3158.4
25/10/2025 23:50,3456.67
25/10/2025 23:55,3084.2
26/10/2025 00:00,3187.12
26/10/2025 00:05,3140.66
26/10/2025 00:10,3046.23
26/10/2025 00:15,3051.02
26/10/2025 00:20,2946.96
26/10/2025 00:25,2956.42
26/10/2025 00:30,3188.75
26/10/2025 00:35,2946.05
26/10/2025 00:40,2845.48
26/10/2025 00:45,2848.18
26/10/2025 00:50,2865.13
26/10/2025 00:55,2871.9
26/10/2025 01:00,2877.97
26/10/2025 01:05,2794.93
26/10/2025 01:10,2891.67
26/10/2025 01:15,2734.23
26/10/2025 01:20,2520.71
26/10/2025 01:25,2662.71
26/10/2025 01:30,2552.11
26/10/2025 01:35,2615.13
26/10/2025 01:40,2651.27
26/10/2025 01:45,2472.15
26/10/2025 01:50,2561.57
26/10/2025 01:55,2617.24
26/10/2025 02:00,2286.52
26/10/2025 02:05,2085.27
26/10/2025 02:10,1990.13
26/10/2025 02:15,2165.11
26/10/2025 02:20,2238.47
26/10/2025 02:25,1940.59
26/10/2025 02:30,2200.88
26/10/2025 02:35,2122.83
26/10/2025 02:40,2155.64
26/10/2025 02:45,2013.32
26/10/2025 02:50,2190.4
26/10/2025 02:55,2130.85
26/10/2025 03:00,2086.66
26/10/2025 03:05,2149.94
26/10/2025 03:10,2279.45
26/10/2025 03:15,2036.44
26/10/2025 03:20,2221.02
26/10/2025 03:25,2182.45
26/10/2025 03:30,2095.27
26/10/2025 03:35,2146.47
26/10/2025 03:40,2153.22
26/10/2025 03:45,2222.35
26/10/2025 03:50,2194.16
26/10/2025 03:55,2048.13
26/10/2025 04:00,1977.5
26/10/2025 04:05,2231.6
26/10/2025 04:10,2186.67
26/10/2025 04:15,2036.66
26/10/2025 04:20,2014.24
26/10/2025 04:25,2198.22
26/10/2025 04:30,2035.56
26/10/2025 04:35,2183.98
26/10/2025 04:40,2086.77
26/10/2025 04:45,2088.66
26/10/2025 04:50,2128.31
26/10/2025 04:55,2123.86
26/10/2025 05:00,2404.82
26/10/2025 05:05,2369.1
26/10/2025 05:10,2242.37
26/10/2025 05:15,2451.18
26/10/2025 05:20,2588.43
26/10/2025 05:25,2424.16
26/10/2025 05:30,2553.78
26/10/2025 05:35,2526.09
26/10/2025 05:40,2566.97
26/10/2025 05:45,2628.21
26/10/2025 05:50,2972.65
26/10/2025 05:55,2830.78
26/10/2025 06:00,2734.37
26/10/2025 06:05,2879.93
26/10/2025 06:10,2837.7
26/10/2025 06:15,2964.99
26/10/2025 06:20,3075.1
26/10/2025 06:25,3105.75
26/10/2025 06:30,3032.81
26/10/2025 06:35,3070.27
26/10/2025 06:40,3058.48
26/10/2025 06:45,3145.34
26/10/2025 06:50,3333.61
26/10/2025 06:55,3270.6
26/10/2025 07:00,3419.05
26/10/2025 07:05,3428.0
26/10/2025 07:10,3376.97
26/10/2025 07:15,3447.1
26/10/2025 07:20,3457.64
26/10/2025 07:25,3568.99
26/10/2025 07:30,3753.18
26/10/2025 07:35,3734.13
26/10/2025 07:40,3763.9
26/10/2025 07:45,3774.67
26/10/2025 07:50,3897.44
26/10/2025 07:55,3996.23
26/10/2025 08:00,3872.01
26/10/2025 08:05,4033.56
26/10/2025 08:10,4041.89
26/10/2025 08:15,4321.49
26/10/2025 08:20,4159.2
26/10/2025 08:25,4350.99
26/10/2025 08:30,4418.52
26/10/2025 08:35,4246.83
26/10/2025 08:40,4516.41
26/10/2025 08:45,4385.57
26/10/2025 08:50,4589.27
26/10/2025 08:55,4623.67
26/10/2025 09:00,4676.35
26/10/2025 09:05,4862.26
26/10/2025 09:10,4832.93
26/10/2025 09:15,4849.35
26/10/2025 09:20,4825.16
26/10/2025 09:25,4904.54
26/10/2025 09:30,4861.01
26/10/2025 09:35,4803.54
26/10/2025 09:40,4921.78
26/10/2025 09:45,5062.13
26/10/2025 09:50,5019.88
26/10/2025 09:55,5057.34
26/10/2025 10:00,4954.09
26/10/2025 10:05,5065.56
26/10/2025 10:10,5016.76
26/10/2025 10:15,5077.84
26/10/2025 10:20,5071.49
26/10/2025 10:25,5139.33
26/10/2025 10:30,5151.44
26/10/2025 10:35,5200.13
26/10/2025 10:40,5202.48
26/10/2025 10:45,5025.11
26/10/2025 10:50,5008.72
26/10/2025 10:55,5180.74
26/10/2025 11:00,5108.76
26/10/2025 11:05,5092.48
26/10/2025 11:10,5069.09
26/10/2025 11:15,4911.46
26/10/2025 11:20,5068.95
26/10/2025 11:25,5020.49
26/10/2025 11:30,5110.27
26/10/2025 11:35,4793.76
26/10/2025 11:40,4901.35
26/10/2025 11:45,4806.25
26/10/2025 11:50,4795.85
26/10/2025 11:55,4743.47
26/10/2025 12:00,4709.24
26/10/2025 12:05,4494.27
26/10/2025 12:10,4580.5
26/10/2025 12:15,4497.75
26/10/2025 12:20,4461.64
26/10/2025 12:25,4614.65
26/10/2025 12:30,4461.45
26/10/2025 12:35,4244.82
26/10/2025 12:40,4608.23
26/10/2025 12:45,4443.3
26/10/2025 12:50,4458.34
26/10/2025 12:55,4499.75
26/10/2025 13:00,4621.58
26/10/2025 13:05,4568.36
26/10/2025 13:10,4589.11
26/10/2025 13:15,4555.22
26/10/2025 13:20,4459.58
26/10/2025 13:25,4616.33
26/10/2025 13:30,4466.01
26/10/2025 13:35,4563.0
26/10/2025 13:40,4450.32
26/10/2025 13:45,4298.96
26/10/2025 13:50,4478.98
26/10/2025 13:55,4391.25
26/10/2025 14:00,4456.92
26/10/2025 14:05,4435.24
26/10/2025 14:10,4365.17
26/10/2025 14:15,4345.01
26/10/2025 14:20,4379.51
26/10/2025 14:25,4283.92
26/10/2025 14:30,4254.9
26/10/2025 14:35,4206.53
26/10/2025 14:40,4435.21
26/10/2025 14:45,4317.44
26/10/2025 14:50,4273.44
26/10/2025 14:55,4358.18
26/10/2025 15:00,4301.58
26/10/2025 15:05,4239.65
26/10/2025 15:10,4272.15
26/10/2025 15:15,4331.3
26/10/2025 15:20,4396.81
26/10/2025 15:25,4366.07
26/10/2025 15:30,4228.99
26/10/2025 15:35,4357.07
26/10/2025 15:40,4454.61
26/10/2025 15:45,4488.03
26/10/2025 15:50,4496.17
26/10/2025 15:55,4614.27
26/10/2025 16:00,4453.28
26/10/2025 16:05,4409.19
26/10/2025 16:10,4381.94
26/10/2025 16:15,4495.16
26/10/2025 16:20,4603.44
26/10/2025 16:25,4517.45
26/10/2025 16:30,4588.94
26/10/2025 16:35,4626.07
26/10/2025 16:40,4565.1
26/10/2025 16:45,4590.57
26/10/2025 16:50,4671.48
26/10/2025 16:55,4677.28
26/10/2025 17:00,4843.96
26/10/2025 17:05,4810.55
26/10/2025 17:10,4808.39
26/10/2025 17:15,4612.59
26/10/2025 17:20,4753.35
26/10/2025 17:25,4721.41
26/10/2025 17:30,4766.2
26/10/2025 17:35,4844.58
26/10/2025 17:40,4830.16
26/10/2025 17:45,4853.44
26/10/2025 17:50,4723.66
26/10/2025 17:55,4908.7
26/10/2025 18:00,4963.94
26/10/2025 18:05,4978.46
26/10/2025 18:10,4930.69
26/10/2025 18:15,4966.72
26/10/2025 18:20,5060.46
26/10/2025 18:25,4948.81
26/10/2025 18:30,4956.17
26/10/2025 18:35,5105.67
26/10/2025 18:40,5079.7
26/10/2025 18:45,5046.89
26/10/2025 18:50,5050.01
26/10/2025 18:55,5125.14
26/10/2025 19:00,5237.58
26/10/2025 19:05,5086.27
26/10/2025 19:10,5213.55
26/10/2025 19:15,5282.1
26/10/2025 19:20,5329.91
26/10/2025 19:25,5063.84
26/10/2025 19:30,5364.08
26/10/2025 19:35,5201.67
26/10/2025 19:40,5189.51
26/10/2025 19:45,5097.08
26/10/2025 19:50,5229.74
26/10/2025 19:55,5083.79
26/10/2025 20:00,5227.84
26/10/2025 20:05,5217.96
26/10/2025 20:10,5137.37
26/10/2025 20:15,5109.36
26/10/2025 20:20,5172.66
26/10/2025 20:25,4973.23
26/10/2025 20:30,5120.39
26/10/2025 20:35,4896.85
26/10/2025 20:40,5065.9
26/10/2025 20:45,5069.32
26/10/2025 20:50,5059.73
26/10/2025 20:55,5027.23
26/10/2025 21:00,5035.36
26/10/2025 21:05,4745.93
26/10/2025 21:10,4944.0
26/10/2025 21:15,4876.6
26/10/2025 21:20,4507.3
26/10/2025 21:25,4759.41
26/10/2025 21:30,4640.9
26/10/2025 21:35,4539.39
26/10/2025 21:40,4563.1
26/10/2025 21:45,4371.83
26/10/2025 21:50,4400.03
26/10/2025 21:55,4351.05
26/10/2025 22:00,4339.75
26/10/2025 22:05,4175.26
26/10/2025 22:10,4136.49
26/10/2025 22:15,4257.64
26/10/2025 22:20,4081.34
26/10/2025 22:25,4115.27
26/10/2025 22:30,4021.66
26/10/2025 22:35,4025.66
26/10/2025 22:40,3943.95
26/10/2025 22:45,3851.08
26/10/2025 22:50,3732.26
26/10/2025 22:55,3787.14
26/10/2025 23:00,3577.94
26/10/2025 23:05,3696.98
26/10/2025 23:10,3539.06
26/10/2025 23:15,3413.75
26/10/2025 23:20,3415.34
26/10/2025 23:25,3441.79
26/10/2025 23:30,3480.86
26/10/2025 23:35,3289.72
26/10/2025 23:40,3194.9
26/10/2025 23:45,3214.17
26/10/2025 23:50,3309.06
26/10/2025 23:55,3173.83
27/10/2025 00:00,3257.03
27/10/2025 00:05,3348.72
27/10/2025 00:10,3186.6
27/10/2025 00:15,3270.46
27/10/2025 00:20,3206.5
27/10/2025 00:25,3142.63
27/10/2025 00:30,3311.23
27/10/2025 00:35,3272.49
27/10/2025 00:40,3009.75
27/10/2025 00:45,2993.32
27/10/2025 00:50,3113.09
27/10/2025 00:55,3108.17
27/10/2025 01:00,3019.8
27/10/2025 01:05,3041.04
27/10/2025 01:10,3034.05
27/10/2025 01:15,2985.7
27/10/2025 01:20,2924.15
27/10/2025 01:25,3034.03
27/10/2025 01:30,2992.3
27/10/2025 01:35,2746.75
27/10/2025 01:40,2788.48
27/10/2025 01:45,2776.29
27/10/2025 01:50,2829.86
27/10/2025 01:55,2765.54
27/10/2025 02:00,2227.48
27/10/2025 02:05,2277.59
27/10/2025 02:10,2391.11
27/10/2025 02:15,2396.59
27/10/2025 02:20,2215.17
27/10/2025 02:25,2368.33
27/10/2025 02:30,2326.6
27/10/2025 02:35,2384.29
27/10/2025 02:40,2493.8
27/10/2025 02:45,2416.56
27/10/2025 02:50,2148.72
27/10/2025 02:55,2306.92
27/10/2025 03:00,2307.18
27/10/2025 03:05,2430.14
27/10/2025 03:10,2340.28
27/10/2025 03:15,2308.6
27/10/2025 03:20,2276.66
27/10/2025 03:25,2284.43
27/10/2025 03:30,2216.94
27/10/2025 03:35,2372.82
27/10/2025 03:40,2343.57
27/10/2025 03:45,2300.83
27/10/2025 03:50,2421.9
27/10/2025 03:55,2385.67
27/10/2025 04:00,2311.91
27/10/2025 04:05,2295.63
27/10/2025 04:10,2322.34
27/10/2025 04:15,2240.82
27/10/2025 04:20,2099.12
27/10/2025 04:25,2372.53
27/10/2025 04:30,2548.54
27/10/2025 04:35,2309.42
27/10/2025 04:40,2362.16
27/10/2025 04:45,2283.01
27/10/2025 04:50,2377.98
27/10/2025 04:55,2143.8
27/10/2025 05:00,2502.92
27/10/2025 05:05,2664.36
27/10/2025 05:10,2542.74
27/10/2025 05:15,2723.29
27/10/2025 05:20,2668.6
27/10/2025 05:25,2823.56
27/10/2025 05:30,2860.93
27/10/2025 05:35,2900.84
27/10/2025 05:40,3047.77
27/10/2025 05:45,3022.08
27/10/2025 05:50,2961.1
27/10/2025 05:55,3033.42
27/10/2025 06:00,2847.4
27/10/2025 06:05,3155.2
27/10/2025 06:10,3042.74
27/10/2025 06:15,3152.27
27/10/2025 06:20,3243.74
27/10/2025 06:25,3107.18
27/10/2025 06:30,3283.54
27/10/2025 06:35,3314.07
27/10/2025 06:40,3227.8
27/10/2025 06:45,3571.77
27/10/2025 06:50,3332.99
27/10/2025 06:55,3490.24
27/10/2025 07:00,3562.07
27/10/2025 07:05,3623.31
27/10/2025 07:10,3626.82
27/10/2025 07:15,3802.3
27/10/2025 07:20,3859.66
27/10/2025 07:25,3745.78
27/10/2025 07:30,3858.38
27/10/2025 07:35,3867.77
27/10/2025 07:40,3876.6
27/10/2025 07:45,4070.6
27/10/2025 07:50,4204.29
27/10/2025 07:55,4207.03
27/10/2025 08:00,4381.99
27/10/2025 08:05,4348.3
27/10/2025 08:10,4381.65
27/10/2025 08:15,4503.61
27/10/2025 08:20,4448.3
27/10/2025 08:25,4525.1
27/10/2025 08:30,4563.28
27/10/2025 08:35,4654.0
27/10/2025 08:40,4768.7
27/10/2025 08:45,4741.51
27/10/2025 08:50,4845.52
27/10/2025 08:55,4919.56
27/10/2025 09:00,4974.52
27/10/2025 09:05,4980.82
27/10/2025 09:10,4972.06
27/10/2025 09:15,4941.43
27/10/2025 09:20,5193.88
27/10/2025 09:25,5117.34
27/10/2025 09:30,5182.1
27/10/2025 09:35,5212.3
27/10/2025 09:40,5197.59
27/10/2025 09:45,5241.75
27/10/2025 09:50,5314.27
27/10/2025 09:55,5234.22
27/10/2025 10:00,5199.35
27/10/2025 10:05,5380.73
27/10/2025 10:10,5292.86
27/10/2025 10:15,5399.59
27/10/2025 10:20,5312.44
27/10/2025 10:25,5283.33
27/10/2025 10:30,5356.33
27/10/2025 10:35,5352.4
27/10/2025 10:40,5334.17
27/10/2025 10:45,5391.74
27/10/2025 10:50,5295.69
27/10/2025 10:55,5370.15
27/10/2025 11:00,5317.2
27/10/2025 11:05,5200.57
27/10/2025 11:10,5415.75
27/10/2025 11:15,5303.43
27/10/2025 11:20,5269.26
27/10/2025 11:25,5208.47
27/10/2025 11:30,5142.37
27/10/2025 11:35,4926.69
27/10/2025 11:40,5064.82
27/10/2025 11:45,4919.15
27/10/2025 11:50,5042.63
27/10/2025 11:55,5064.1
27/10/2025 12:00,4929.24
27/10/2025 12:05,4902.03
27/10/2025 12:10,4770.57
27/10/2025 12:15,4949.55
27/10/2025 12:20,4955.2
27/10/2025 12:25,4776.46
27/10/2025 12:30,4827.53
27/10/2025 12:35,4792.67
27/10/2025 12:40,4741.52
27/10/2025 12:45,4824.22
27/10/2025 12:50,4841.96
27/10/2025 12:55,4787.49
27/10/2025 13:00,4791.96
27/10/2025 13:05,4847.39
27/10/2025 13:10,4589.76
27/10/2025 13:15,4625.3
27/10/2025 13:20,4852.68
27/10/2025 13:25,4776.26
27/10/2025 13:30,4743.8
27/10/2025 13:35,4834.47
27/10/2025 13:40,4582.69
27/10/2025 13:45,4675.42
27/10/2025 13:50,4726.7
27/10/2025 13:55,4727.2
27/10/2025 14:00,4581.98
27/10/2025 14:05,4547.07
27/10/2025 14:10,4526.32
27/10/2025 14:15,4479.03
27/10/2025 14:20,4593.92
27/10/2025 14:25,4570.06
27/10/2025 14:30,4524.15
27/10/2025 14:35,4607.49
27/10/2025 14:40,4528.99
27/10/2025 14:45,4572.11
27/10/2025 14:50,4572.88
27/10/2025 14:55,4615.65
27/10/2025 15:00,4697.44
27/10/2025 15:05,4546.48
27/10/2025 15:10,4596.76
27/10/2025 15:15,4518.71
27/10/2025 15:20,4534.5
27/10/2025 15:25,4726.26
27/10/2025 15:30,4642.87
27/10/2025 15:35,4770.19
27/10/2025 15:40,4725.81
27/10/2025 15:45,4711.66
27/10/2025 15:50,4872.07
27/10/2025 15:55,4515.09
27/10/2025 16:00,4692.46
27/10/2025 16:05,4781.85
27/10/2025 16:10,4815.39
27/10/2025 16:15,4875.07
27/10/2025 16:20,4807.74
27/10/2025 16:25,4679.44
27/10/2025 16:30,4857.68
27/10/2025 16:35,4782.09
27/10/2025 16:40,4952.66
27/10/2025 16:45,4871.17
27/10/2025 16:50,4997.15
27/10/2025 16:55,4833.87
27/10/2025 17:00,4974.59
27/10/2025 17:05,5046.33
27/10/2025 17:10,4837.01
27/10/2025 17:15,4963.47
27/10/2025 17:20,4998.97
27/10/2025 17:25,5017.25
27/10/2025 17:30,5164.6
27/10/2025 17:35,5077.57
27/10/2025 17:40,5134.24
27/10/2025 17:45,5269.07
27/10/2025 17:50,5112.09
27/10/2025 17:55,5044.21
27/10/2025 18:00,5145.66
27/10/2025 18:05,5204.04
27/10/2025 18:10,5305.33
27/10/2025 18:15,5167.54
27/10/2025 18:20,5320.89
27/10/2025 18:25,5309.28
27/10/2025 18:30,5221.56
27/10/2025 18:35,5301.45
27/10/2025 18:40,5396.33
27/10/2025 18:45,5294.8
27/10/2025 18:50,5457.53
27/10/2025 18:55,5243.01
27/10/2025 19:00,5513.27
27/10/2025 19:05,5295.41
27/10/2025 19:10,5486.31
27/10/2025 19:15,5550.5
27/10/2025 19:20,5456.58
27/10/2025 19:25,5396.09
27/10/2025 19:30,5352.55
27/10/2025 19:35,5328.1
27/10/2025 19:40,5366.49
27/10/2025 19:45,5482.75
27/10/2025 19:50,5394.16
27/10/2025 19:55,5469.27
27/10/2025 20:00,5296.78
27/10/2025 20:05,5465.64
27/10/2025 20:10,5390.26
27/10/2025 20:15,5410.52
27/10/2025 20:20,5333.93
27/10/2025 20:25,5413.05
27/10/2025 20:30,5285.27
27/10/2025 20:35,5072.14
27/10/2025 20:40,5245.62
27/10/2025 20:45,5287.02
27/10/2025 20:50,5109.0
27/10/2025 20:55,5014.5
27/10/2025 21:00,5133.08
27/10/2025 21:05,5157.33
27/10/2025 21:10,5074.84
27/10/2025 21:15,5047.54
27/10/2025 21:20,5015.83
27/10/2025 21:25,5113.45
27/10/2025 21:30,4905.95
27/10/2025 21:35,4859.78
27/10/2025 21:40,4732.27
27/10/2025 21:45,4682.04
27/10/2025 21:50,4629.2
27/10/2025 21:55,4714.85
27/10/2025 22:00,4619.99
27/10/2025 22:05,4486.6
27/10/2025 22:10,4502.15
27/10/2025 22:15,4458.85
27/10/2025 22:20,4306.1
27/10/2025 22:25,4174.57
27/10/2025 22:30,4109.77
27/10/2025 22:35,4227.62
27/10/2025 22:40,3981.68
27/10/2025 22:45,4177.01
27/10/2025 22:50,4059.6
27/10/2025 22:55,4018.69
27/10/2025 23:00,3951.49
27/10/2025 23:05,3821.57
27/10/2025 23:10,3893.2
27/10/2025 23:15,3748.14
27/10/2025 23:20,3734.92
27/10/2025 23:25,3673.97
27/10/2025 23:30,3610.89
27/10/2025 23:35,3536.61
27/10/2025 23:40,3555.94
27/10/2025 23:45,3617.05
27/10/2025 23:50,3370.96
27/10/2025 23:55,3386.34
28/10/2025 00:00,3362.1
28/10/2025 00:05,3261.4
28/10/2025 00:10,3347.59
28/10/2025 00:15,3278.2
28/10/2025 00:20,3206.44
28/10/2025 00:25,3193.34
28/10/2025 00:30,3216.21
28/10/2025 00:35,3196.01
28/10/2025 00:40,3238.83
28/10/2025 00:45,3140.27
28/10/2025 00:50,3165.21
28/10/2025 00:55,2968.49
28/10/2025 01:00,3050.5
28/10/2025 01:05,2990.53
28/10/2025 01:10,3061.59
28/10/2025 01:15,3041.37
28/10/2025 01:20,2903.9
28/10/2025 01:25,2926.03
28/10/2025 01:30,2914.96
28/10/2025 01:35,2923.63
28/10/2025 01:40,2802.74
28/10/2025 01:45,2896.38
28/10/2025 01:50,2848.62
28/10/2025 01:55,2857.84
28/10/2025 02:00,2428.83
28/10/2025 02:05,2180.76
28/10/2025 02:10,2357.24
28/10/2025 02:15,2449.34
28/10/2025 02:20,2331.7
28/10/2025 02:25,2399.23
28/10/2025 02:30,2465.48
28/10/2025 02:35,2320.37
28/10/2025 02:40,2360.26
28/10/2025 02:45,2385.97
28/10/2025 02:50,2442.58
28/10/2025 02:55,2342.54
28/10/2025 03:00,2341.68
28/10/2025 03:05,2322.22
28/10/2025 03:10,2452.85
28/10/2025 03:15,2384.47
28/10/2025 03:20,2433.59
28/10/2025 03:25,2311.52
28/10/2025 03:30,2264.7
28/10/2025 03:35,2503.83
28/10/2025 03:40,2323.23
28/10/2025 03:45,2303.51
28/10/2025 03:50,2411.96
28/10/2025 03:55,2229.47
28/10/2025 04:00,2509.37
28/10/2025 04:05,2331.29
28/10/2025 04:10,2379.26
28/10/2025 04:15,2365.46
28/10/2025 04:20,2327.01
28/10/2025 04:25,2433.16
28/10/2025 04:30,2454.09
28/10/2025 04:35,2504.54
28/10/2025 04:40,2261.05
28/10/2025 04:45,2464.4
28/10/2025 04:50,2336.73
28/10/2025 04:55,2354.29
28/10/2025 05:00,2679.64
28/10/2025 05:05,2519.92
28/10/2025 05:10,2666.91
28/10/2025 05:15,2728.23
28/10/2025 05:20,2604.06
28/10/2025 05:25,2818.37
28/10/2025 05:30,2748.07
28/10/2025 05:35,2822.9
28/10/2025 05:40,2880.67
28/10/2025 05:45,2890.0
28/10/2025 05:50,2998.25
28/10/2025 05:55,2965.46
28/10/2025 06:00,3001.55
28/10/2025 06:05,3043.83
28/10/2025 06:10,3060.68
28/10/2025 06:15,3129.24
28/10/2025 06:20,3220.54
28/10/2025 06:25,3169.52
28/10/2025 06:30,3377.79
28/10/2025 06:35,3240.01
28/10/2025 06:40,3322.99
28/10/2025 06:45,3372.3
28/10/2025 06:50,3381.53
28/10/2025 06:55,3536.62
28/10/2025 07:00,3455.33
28/10/2025 07:05,3496.59
28/10/2025 07:10,3741.66
28/10/2025 07:15,3642.83
28/10/2025 07:20,3733.56
28/10/2025 07:25,3831.01
28/10/2025 07:30,3916.33
28/10/2025 07:35,3868.03
28/10/2025 07:40,4073.46
28/10/2025 07:45,4068.41
28/10/2025 07:50,4217.06
28/10/2025 07:55,4213.25
28/10/2025 08:00,4359.27
28/10/2025 08:05,4268.86
28/10/2025 08:10,4185.38
28/10/2025 08:15,4311.18
28/10/2025 08:20,4483.75
28/10/2025 08:25,4643.34
28/10/2025 08:30,4533.58
28/10/2025 08:35,4599.69
28/10/2025 08:40,4573.05
28/10/2025 08:45,4875.75
28/10/2025 08:50,4909.23
28/10/2025 08:55,4827.86
28/10/2025 09:00,4836.71
28/10/2025 09:05,5071.35
28/10/2025 09:10,5031.61
28/10/2025 09:15,4937.85
28/10/2025 09:20,5102.75
28/10/2025 09:25,5157.65
28/10/2025 09:30,5137.35
28/10/2025 09:35,5142.45
28/10/2025 09:40,5242.01
28/10/2025 09:45,5276.75
28/10/2025 09:50,5231.42
28/10/2025 09:55,5207.82
28/10/2025 10:00,5349.46
28/10/2025 10:05,5269.46
28/10/2025 10:10,5344.18
28/10/2025 10:15,5465.64
28/10/2025 10:20,5097.47
28/10/2025 10:25,5247.93
28/10/2025 10:30,5323.94
28/10/2025 10:35,5340.89
28/10/2025 10:40,5331.91
28/10/2025 10:45,5296.02
28/10/2025 10:50,5306.94
28/10/2025 10:55,5458.98
28/10/2025 11:00,5247.62
28/10/2025 11:05,5285.69
28/10/2025 11:10,5138.13
28/10/2025 11:15,5076.27
28/10/2025 11:20,5206.25
28/10/2025 11:25,5357.82
28/10/2025 11:30,5236.49
28/10/2025 11:35,5118.79
28/10/2025 11:40,5081.32
28/10/2025 11:45,4959.17
28/10/2025 11:50,5069.66
28/10/2025 11:55,4916.29
28/10/2025 12:00,4676.26
28/10/2025 12:05,4857.59
28/10/2025 12:10,4828.25
28/10/2025 12:15,4807.38
28/10/2025 12:20,4911.64
28/10/2025 12:25,4912.83
28/10/2025 12:30,4726.9
28/10/2025 12:35,4970.92
28/10/2025 12:40,4832.17
28/10/2025 12:45,4926.04
28/10/2025 12:50,4799.96
28/10/2025 12:55,4632.26
28/10/2025 13:00,4754.88
28/10/2025 13:05,4775.09
28/10/2025 13:10,4661.45
28/10/2025 13:15,4693.45
28/10/2025 13:20,4610.77
28/10/2025 13:25,4636.42
28/10/2025 13:30,4747.4
28/10/2025 13:35,4714.89
28/10/2025 13:40,4699.59
28/10/2025 13:45,4648.46
28/10/2025 13:50,4778.74
28/10/2025 13:55,4766.59
28/10/2025 14:00,4594.96
28/10/2025 14:05,4570.47
28/10/2025 14:10,4736.18
28/10/2025 14:15,4640.13
28/10/2025 14:20,4387.57
28/10/2025 14:25,4798.64
28/10/2025 14:30,4712.62
28/10/2025 14:35,4543.69
28/10/2025 14:40,4650.22
28/10/2025 14:45,4540.0
28/10/2025 14:50,4581.69
28/10/2025 14:55,4553.0
28/10/2025 15:00,4588.84
28/10/2025 15:05,4669.94
28/10/2025 15:10,4552.49
28/10/2025 15:15,4655.67
28/10/2025 15:20,4735.81
28/10/2025 15:25,4641.49
28/10/2025 15:30,4817.17
28/10/2025 15:35,4636.03
28/10/2025 15:40,4607.34
28/10/2025 15:45,4648.2
28/10/2025 15:50,4700.31
28/10/2025 15:55,4662.79
28/10/2025 16:00,4729.6
28/10/2025 16:05,4742.71
28/10/2025 16:10,4746.19
28/10/2025 16:15,4736.48
28/10/2025 16:20,4773.28
28/10/2025 16:25,4981.17
28/10/2025 16:30,4757.9
28/10/2025 16:35,4825.81
28/10/2025 16:40,4901.99
28/10/2025 16:45,4867.31
28/10/2025 16:50,5008.99
28/10/2025 16:55,4865.82
28/10/2025 17:00,4981.48
28/10/2025 17:05,5011.01
28/10/2025 17:10,5036.97
28/10/2025 17:15,5046.5
28/10/2025 17:20,4931.5
28/10/2025 17:25,5089.61
28/10/2025 17:30,4951.54
28/10/2025 17:35,4948.48
28/10/2025 17:40,5147.84
28/10/2025 17:45,5164.95
28/10/2025 17:50,5135.72
28/10/2025 17:55,5215.19
28/10/2025 18:00,5120.17
28/10/2025 18:05,5157.3
28/10/2025 18:10,5225.17
28/10/2025 18:15,5189.23
28/10/2025 18:20,5162.47
28/10/2025 18:25,5299.71
28/10/2025 18:30,5331.98
28/10/2025 18:35,5462.16
28/10/2025 18:40,5397.13
28/10/2025 18:45,5336.27
28/10/2025 18:50,5447.78
28/10/2025 18:55,5394.03
28/10/2025 19:00,5415.59
28/10/2025 19:05,5438.97
28/10/2025 19:10,5400.14
28/10/2025 19:15,5390.72
28/10/2025 19:20,5424.09
28/10/2025 19:25,5505.58
28/10/2025 19:30,5351.57
28/10/2025 19:35,5462.37
28/10/2025 19:40,5187.94
28/10/2025 19:45,5497.79
28/10/2025 19:50,5372.98
28/10/2025 19:55,5328.51
28/10/2025 20:00,5477.22
28/10/2025 20:05,5385.55
28/10/2025 20:10,5371.33
28/10/2025 20:15,5455.69
28/10/2025 20:20,5397.1
28/10/2025 20:25,5299.23
28/10/2025 20:30,5428.83
28/10/2025 20:35,5248.85
28/10/2025 20:40,5230.59
28/10/2025 20:45,5209.79
28/10/2025 20:50,5302.91
28/10/2025 20:55,5151.47
28/10/2025 21:00,5060.64
28/10/2025 21:05,5039.61
28/10/2025 21:10,5050.15
28/10/2025 21:15,4832.66
28/10/2025 21:20,4892.83
28/10/2025 21:25,4908.92
28/10/2025 21:30,4831.48
28/10/2025 21:35,4700.21
28/10/2025 21:40,4832.53
28/10/2025 21:45,4716.31
28/10/2025 21:50,4653.6
28/10/2025 21:55,4638.47
28/10/2025 22:00,4450.85
28/10/2025 22:05,4554.44
28/10/2025 22:10,4467.29
28/10/2025 22:15,4519.72
28/10/2025 22:20,4221.75
28/10/2025 22:25,4274.31
28/10/2025 22:30,4329.93
28/10/2025 22:35,4221.65
28/10/2025 22:40,4113.55
28/10/2025 22:45,4064.22
28/10/2025 22:50,4068.41
28/10/2025 22:55,3924.69
28/10/2025 23:00,3972.11
28/10/2025 23:05,3920.49
28/10/2025 23:10,3724.65
28/10/2025 23:15,3780.9
28/10/2025 23:20,3686.02
28/10/2025 23:25,3728.54
28/10/2025 23:30,3618.25
28/10/2025 23:35,3611.28
28/10/2025 23:40,3580.59
28/10/2025 23:45,3435.95
28/10/2025 23:50,3549.59
28/10/2025 23:55,3567.93
29/10/2025 00:00,3243.37
29/10/2025 00:05,3336.48
29/10/2025 00:10,3303.66
29/10/2025 00:15,3170.61
29/10/2025 00:20,3094.03
29/10/2025 00:25,3148.63
29/10/2025 00:30,3114.81
29/10/2025 00:35,3222.8
29/10/2025 00:40,3011.96
29/10/2025 00:45,3145.83
29/10/2025 00:50,3127.05
29/10/2025 00:55,3059.5
29/10/2025 01:00,3163.13
29/10/2025 01:05,3005.78
29/10/2025 01:10,3035.24
29/10/2025 01:15,3149.43
29/10/2025 01:20,2979.9
29/10/2025 01:25,2884.73
29/10/2025 01:30,2848.73
29/10/2025 01:35,2777.09
29/10/2025 01:40,2925.13
29/10/2025 01:45,2773.54
29/10/2025 01:50,2720.6
29/10/2025 01:55,2694.61
29/10/2025 02:00,2354.27
29/10/2025 02:05,2290.34
29/10/2025 02:10,2259.26
29/10/2025 02:15,2241.27
29/10/2025 02:20,2332.26
29/10/2025 02:25,2543.39
29/10/2025 02:30,2403.57
29/10/2025 02:35,2239.6
29/10/2025 02:40,2431.18
29/10/2025 02:45,2346.47
29/10/2025 02:50,2294.87
29/10/2025 02:55,2501.52
29/10/2025 03:00,2329.86
29/10/2025 03:05,2389.8
29/10/2025 03:10,2104.82
29/10/2025 03:15,2381.76
29/10/2025 03:20,2418.45
29/10/2025 03:25,2277.72
29/10/2025 03:30,2317.03
29/10/2025 03:35,2172.35
29/10/2025 03:40,2435.76
29/10/2025 03:45,2356.04
29/10/2025 03:50,2329.15
29/10/2025 03:55,2404.21
29/10/2025 04:00,2339.26
29/10/2025 04:05,2426.22
29/10/2025 04:10,2286.36
29/10/2025 04:15,2363.22
29/10/2025 04:20,2246.68
29/10/2025 04:25,2325.97
29/10/2025 04:30,2284.84
29/10/2025 04:35,2344.55
29/10/2025 04:40,2432.02
29/10/2025 04:45,2393.73
29/10/2025 04:50,2434.63
29/10/2025 04:55,2306.04
29/10/2025 05:00,2446.42
29/10/2025 05:05,2748.02
29/10/2025 05:10,2685.3
29/10/2025 05:15,2747.65
29/10/2025 05:20,2680.27
29/10/2025 05:25,2708.04
29/10/2025 05:30,2930.35
29/10/2025 05:35,2824.48
29/10/2025 05:40,3023.49
29/10/2025 05:45,2936.74
29/10/2025 05:50,2920.27
29/10/2025 05:55,3048.15
29/10/2025 06:00,2984.53
29/10/2025 06:05,3178.29
29/10/2025 06:10,2970.27
29/10/2025 06:15,3137.91
29/10/2025 06:20,3366.48
29/10/2025 06:25,3164.48
29/10/2025 06:30,3249.34
29/10/2025 06:35,3333.35
29/10/2025 06:40,3421.0
29/10/2025 06:45,3369.64
29/10/2025 06:50,3378.91
29/10/2025 06:55,3588.1
29/10/2025 07:00,3532.21
29/10/2025 07:05,3701.84
29/10/2025 07:10,3570.64
29/10/2025 07:15,3718.75
29/10/2025 07:20,3604.74
29/10/2025 07:25,3785.17
29/10/2025 07:30,4030.24
29/10/2025 07:35,3868.2
29/10/2025 07:40,3949.0
29/10/2025 07:45,4000.82
29/10/2025 07:50,4111.68
29/10/2025 07:55,4084.04
29/10/2025 08:00,3998.57
29/10/2025 08:05,4369.7
29/10/2025 08:10,4322.12
29/10/2025 08:15,4320.15
29/10/2025 08:20,4501.66
29/10/2025 08:25,4592.97
29/10/2025 08:30,4593.84
29/10/2025 08:35,4725.07
29/10/2025 08:40,4821.26
29/10/2025 08:45,4766.56
29/10/2025 08:50,4821.78
29/10/2025 08:55,5025.57
29/10/2025 09:00,5050.85
29/10/2025 09:05,4897.82
29/10/2025 09:10,5086.0
29/10/2025 09:15,5028.87
29/10/2025 09:20,4926.82
29/10/2025 09:25,5151.81
29/10/2025 09:30,5177.28
29/10/2025 09:35,5216.4
29/10/2025 09:40,5121.88
29/10/2025 09:45,5207.85
29/10/2025 09:50,5260.33
29/10/2025 09:55,5346.33
29/10/2025 10:00,5336.79
29/10/2025 10:05,5407.32
29/10/2025 10:10,5325.32
29/10/2025 10:15,5417.75
29/10/2025 10:20,5160.98
29/10/2025 10:25,5346.31
29/10/2025 10:30,5294.46
29/10/2025 10:35,5359.58
29/10/2025 10:40,5398.6
29/10/2025 10:45,5253.74
29/10/2025 10:50,5389.46
29/10/2025 10:55,5421.2
29/10/2025 11:00,5319.45
29/10/2025 11:05,5040.62
29/10/2025 11:10,5335.23
29/10/2025 11:15,5220.81
29/10/2025 11:20,5276.9
29/10/2025 11:25,5283.71
29/10/2025 11:30,5035.75
29/10/2025 11:35,5158.26
29/10/2025 11:40,5014.64
29/10/2025 11:45,5007.3
29/10/2025 11:50,5120.48
29/10/2025 11:55,5054.63
29/10/2025 12:00,4830.33
29/10/2025 12:05,4930.33
29/10/2025 12:10,4890.85
29/10/2025 12:15,4765.7
29/10/2025 12:20,4756.5
29/10/2025 12:25,4724.26
29/10/2025 12:30,4759.12
29/10/2025 12:35,4843.38
29/10/2025 12:40,4673.77
29/10/2025 12:45,4810.58
29/10/2025 12:50,4750.63
29/10/2025 12:55,4775.9
29/10/2025 13:00,4794.51
29/10/2025 13:05,4740.0
29/10/2025 13:10,4684.87
29/10/2025 13:15,4784.84
29/10/2025 13:20,4875.73
29/10/2025 13:25,4828.13
29/10/2025 13:30,4773.75
29/10/2025 13:35,4684.15
29/10/2025 13:40,4727.98
29/10/2025 13:45,4611.24
29/10/2025 13:50,4622.71
29/10/2025 13:55,4676.5
29/10/2025 14:00,4657.1
29/10/2025 14:05,4644.26
29/10/2025 14:10,4622.15
29/10/2025 14:15,4608.27
29/10/2025 14:20,4743.97
29/10/2025 14:25,4540.37
29/10/2025 14:30,4618.51
29/10/2025 14:35,4636.62
29/10/2025 14:40,4461.94
29/10/2025 14:45,4557.38
29/10/2025 14:50,4533.26
29/10/2025 14:55,4518.12
29/10/2025 15:00,4514.03
29/10/2025 15:05,4553.33
29/10/2025 15:10,4570.5
29/10/2025 15:15,4395.06
29/10/2025 15:20,4548.82
29/10/2025 15:25,4712.25
29/10/2025 15:30,4665.47
29/10/2025 15:35,4543.88
29/10/2025 15:40,4692.42
29/10/2025 15:45,4680.52
29/10/2025 15:50,4708.95
29/10/2025 15:55,4693.87
29/10/2025 16:00,4647.33
29/10/2025 16:05,4809.13
29/10/2025 16:10,4745.22
29/10/2025 16:15,4909.85
29/10/2025 16:20,4693.24
29/10/2025 16:25,4734.79
29/10/2025 16:30,4919.94
29/10/2025 16:35,4816.84
29/10/2025 16:40,4994.11
29/10/2025 16:45,4987.74
29/10/2025 16:50,4969.1
29/10/2025 16:55,4868.61
29/10/2025 17:00,4908.3
29/10/2025 17:05,4760.38
29/10/2025 17:10,4966.24
29/10/2025 17:15,5191.72
29/10/2025 17:20,4994.48
29/10/2025 17:25,5179.07
29/10/2025 17:30,4975.27
29/10/2025 17:35,5077.67
29/10/2025 17:40,5125.97
29/10/2025 17:45,5059.35
29/10/2025 17:50,5192.31
29/10/2025 17:55,5198.3
29/10/2025 18:00,5172.11
29/10/2025 18:05,5153.31
29/10/2025 18:10,5140.99
29/10/2025 18:15,5173.99
29/10/2025 18:20,5280.09
29/10/2025 18:25,5148.1
29/10/2025 18:30,5459.55
29/10/2025 18:35,5227.39
29/10/2025 18:40,5419.17
29/10/2025 18:45,5446.77
29/10/2025 18:50,5309.28
29/10/2025 18:55,5453.86
29/10/2025 19:00,5403.71
29/10/2025 19:05,5335.11
29/10/2025 19:10,5306.74
29/10/2025 19:15,5404.47
29/10/2025 19:20,5407.36
29/10/2025 19:25,5444.26
29/10/2025 19:30,5486.26
29/10/2025 19:35,5297.55
29/10/2025 19:40,5442.51
29/10/2025 19:45,5437.39
29/10/2025 19:50,5479.89
29/10/2025 19:55,5464.88
29/10/2025 20:00,5291.88
29/10/2025 20:05,5290.95
29/10/2025 20:10,5483.93
29/10/2025 20:15,5197.93
29/10/2025 20:20,5300.68
29/10/2025 20:25,5399.61
29/10/2025 20:30,5304.07
29/10/2025 20:35,5327.38
29/10/2025 20:40,5255.57
29/10/2025 20:45,5185.3
29/10/2025 20:50,5294.68
29/10/2025 20:55,5218.68
29/10/2025 21:00,5013.01
29/10/2025 21:05,5160.81
29/10/2025 21:10,5305.57
29/10/2025 21:15,4894.55
29/10/2025 21:20,4946.3
29/10/2025 21:25,5028.64
29/10/2025 21:30,4926.76
29/10/2025 21:35,4721.97
29/10/2025 21:40,4808.55
29/10/2025 21:45,4711.46
29/10/2025 21:50,4733.22
29/10/2025 21:55,4618.79
29/10/2025 22:00,4621.71
29/10/2025 22:05,4438.55
29/10/2025 22:10,4468.23
29/10/2025 22:15,4415.92
29/10/2025 22:20,4277.85
29/10/2025 22:25,4335.23
29/10/2025 22:30,4255.53
29/10/2025 22:35,4075.21
29/10/2025 22:40,3937.1
29/10/2025 22:45,4024.81
29/10/2025 22:50,3974.47
29/10/2025 22:55,4161.01
29/10/2025 23:00,4003.68
29/10/2025 23:05,3913.17
29/10/2025 23:10,3824.46
29/10/2025 23:15,3863.37
29/10/2025 23:20,3617.46
29/10/2025 23:25,3629.73
29/10/2025 23:30,3600.74
29/10/2025 23:35,3418.23
29/10/2025 23:40,3596.94
29/10/2025 23:45,3477.6
29/10/2025 23:50,3342.39
29/10/2025 23:55,3493.77
30/10/2025 00:00,3379.29
30/10/2025 00:05,3189.43
30/10/2025 00:10,3417.76
30/10/2025 00:15,3267.33
30/10/2025 00:20,3201.19
30/10/2025 00:25,3264.57
30/10/2025 00:30,3252.4
30/10/2025 00:35,3208.63
30/10/2025 00:40,3096.1
30/10/2025 00:45,3062.7
30/10/2025 00:50,3131.41
30/10/2025 00:55,3138.46
30/10/2025 01:00,2968.88
30/10/2025 01:05,3032.62
30/10/2025 01:10,2896.05
30/10/2025 01:15,2954.67
30/10/2025 01:20,2941.55
30/10/2025 01:25,2975.3
30/10/2025 01:30,2790.03
30/10/2025 01:35,3038.93
30/10/2025 01:40,2818.44
30/10/2025 01:45,2913.24
30/10/2025 01:50,2873.03
30/10/2025 01:55,2818.03
30/10/2025 02:00,2468.2
30/10/2025 02:05,2382.89
30/10/2025 02:10,2398.8
30/10/2025 02:15,2496.59
30/10/2025 02:20,2432.99
30/10/2025 02:25,2318.95
30/10/2025 02:30,2453.91
30/10/2025 02:35,2487.36
30/10/2025 02:40,2209.84
30/10/2025 02:45,2274.55
30/10/2025 02:50,2302.05
30/10/2025 02:55,2313.57
30/10/2025 03:00,2184.86
30/10/2025 03:05,2573.73
30/10/2025 03:10,2287.46
30/10/2025 03:15,2350.4
30/10/2025 03:20,2217.6
30/10/2025 03:25,2240.17
30/10/2025 03:30,2388.6
30/10/2025 03:35,2341.49
30/10/2025 03:40,2443.5
30/10/2025 03:45,2481.47
30/10/2025 03:50,2320.6
30/10/2025 03:55,2445.67
30/10/2025 04:00,2315.27
30/10/2025 04:05,2378.82
30/10/2025 04:10,2252.38
30/10/2025 04:15,2423.85
30/10/2025 04:20,2463.71
30/10/2025 04:25,2367.38
30/10/2025 04:30,2368.29
30/10/2025 04:35,2439.02
30/10/2025 04:40,2338.91
30/10/2025 04:45,2308.76
30/10/2025 04:50,2365.47
30/10/2025 04:55,2278.76
30/10/2025 05:00,2508.39
30/10/2025 05:05,2750.77
30/10/2025 05:10,2627.68
30/10/2025 05:15,2731.59
30/10/2025 05:20,2705.23
30/10/2025 05:25,2622.11
30/10/2025 05:30,2836.54
30/10/2025 05:35,2998.85
30/10/2025 05:40,2879.95
30/10/2025 05:45,2826.89
30/10/2025 05:50,2846.56
30/10/2025 05:55,2978.56
30/10/2025 06:00,2890.25
30/10/2025 06:05,3062.89
30/10/2025 06:10,3242.58
30/10/2025 06:15,3179.1
30/10/2025 06:20,3099.96
30/10/2025 06:25,3081.71
30/10/2025 06:30,3238.64
30/10/2025 06:35,3305.31
30/10/2025 06:40,3222.38
30/10/2025 06:45,3490.79
30/10/2025 06:50,3455.04
30/10/2025 06:55,3415.61
30/10/2025 07:00,3647.19
30/10/2025 07:05,3707.65
30/10/2025 07:10,3714.2
30/10/2025 07:15,3670.26
30/10/2025 07:20,3807.14
30/10/2025 07:25,3754.48
30/10/2025 07:30,3833.81
30/10/2025 07:35,3979.32
30/10/2025 07:40,4072.81
30/10/2025 07:45,4119.87
30/10/2025 07:50,4158.9
30/10/2025 07:55,4024.35
30/10/2025 08:00,4243.49
30/10/2025 08:05,4161.13
30/10/2025 08:10,4283.03
30/10/2025 08:15,4378.11
30/10/2025 08:20,4545.23
30/10/2025 08:25,4468.77
30/10/2025 08:30,4625.74
30/10/2025 08:35,4539.66
30/10/2025 08:40,4910.56
30/10/2025 08:45,4954.19
30/10/2025 08:50,4870.03
30/10/2025 08:55,4839.67
30/10/2025 09:00,4890.59
30/10/2025 09:05,4987.25
30/10/2025 09:10,5147.49
30/10/2025 09:15,4929.07
30/10/2025 09:20,5078.65
30/10/2025 09:25,5062.81
30/10/2025 09:30,5176.41
30/10/2025 09:35,5160.88
30/10/2025 09:40,5242.98
30/10/2025 09:45,5325.62
30/10/2025 09:50,5191.71
30/10/2025 09:55,5159.76
30/10/2025 10:00,5263.91
30/10/2025 10:05,5329.71
30/10/2025 10:10,5276.54
30/10/2025 10:15,5348.12
30/10/2025 10:20,5453.64
30/10/2025 10:25,5266.97
30/10/2025 10:30,5331.63
30/10/2025 10:35,5277.78
30/10/2025 10:40,5307.22
30/10/2025 10:45,5377.89
30/10/2025 10:50,5343.67
30/10/2025 10:55,5233.31
30/10/2025 11:00,5368.48
30/10/2025 11:05,5195.47
30/10/2025 11:10,5182.97
30/10/2025 11:15,5257.5
30/10/2025 11:20,5199.51
30/10/2025 11:25,5196.68
30/10/2025 11:30,5200.38
30/10/2025 11:35,5079.61
30/10/2025 11:40,5115.98
30/10/2025 11:45,5151.63
30/10/2025 11:50,4859.9
30/10/2025 11:55,5042.61
30/10/2025 12:00,4740.64
30/10/2025 12:05,4876.28
30/10/2025 12:10,4860.8
30/10/2025 12:15,4898.28
30/10/2025 12:20,4865.15
30/10/2025 12:25,5060.09
30/10/2025 12:30,4649.11
30/10/2025 12:35,4708.26
30/10/2025 12:40,4885.89
30/10/2025 12:45,4839.37
30/10/2025 12:50,4705.91
30/10/2025 12:55,4840.03
30/10/2025 13:00,4754.86
30/10/2025 13:05,4903.16
30/10/2025 13:10,4711.59
30/10/2025 13:15,4864.55
30/10/2025 13:20,4718.82
30/10/2025 13:25,4725.7
30/10/2025 13:30,4763.71
30/10/2025 13:35,4693.85
30/10/2025 13:40,4690.31
30/10/2025 13:45,4551.69
30/10/2025 13:50,4540.49
30/10/2025 13:55,4644.47
30/10/2025 14:00,4617.11
30/10/2025 14:05,4519.15
30/10/2025 14:10,4625.56
30/10/2025 14:15,4742.26
30/10/2025 14:20,4619.26
30/10/2025 14:25,4534.16
30/10/2025 14:30,4612.65
30/10/2025 14:35,4542.96
30/10/2025 14:40,4685.33
30/10/2025 14:45,4598.71
30/10/2025 14:50,4575.8
30/10/2025 14:55,4565.1
30/10/2025 15:00,4528.88
30/10/2025 15:05,4599.16
30/10/2025 15:10,4692.72
30/10/2025 15:15,4552.75
30/10/2025 15:20,4543.37
30/10/2025 15:25,4641.44
30/10/2025 15:30,4517.24
30/10/2025 15:35,4628.7
30/10/2025 15:40,4652.42
30/10/2025 15:45,4681.67
30/10/2025 15:50,4759.19
30/10/2025 15:55,4812.2
30/10/2025 16:00,4811.36
30/10/2025 16:05,4636.35
30/10/2025 16:10,4935.48
30/10/2025 16:15,4763.57
30/10/2025 16:20,4808.85
30/10/2025 16:25,4851.02
30/10/2025 16:30,4717.2
30/10/2025 16:35,4883.56
30/10/2025 16:40,4877.66
30/10/2025 16:45,4864.32
30/10/2025 16:50,5030.19
30/10/2025 16:55,5046.93
30/10/2025 17:00,4828.62
30/10/2025 17:05,4901.69
30/10/2025 17:10,5050.18
30/10/2025 17:15,5049.19
30/10/2025 17:20,5040.61
30/10/2025 17:25,5046.75
30/10/2025 17:30,5037.42
30/10/2025 17:35,5005.07
30/10/2025 17:40,5026.24
30/10/2025 17:45,5075.09
30/10/2025 17:50,5215.06
30/10/2025 17:55,5146.98
30/10/2025 18:00,5070.05
30/10/2025 18:05,5253.94
30/10/2025 18:10,5049.16
30/10/2025 18:15,5266.92
30/10/2025 18:20,5200.91
30/10/2025 18:25,5256.27
30/10/2025 18:30,5296.3
30/10/2025 18:35,5366.01
30/10/2025 18:40,5307.11
30/10/2025 18:45,5342.81
30/10/2025 18:50,5403.08
30/10/2025 18:55,5309.29
30/10/2025 19:00,5358.84
30/10/2025 19:05,5483.47
30/10/2025 19:10,5517.06
30/10/2025 19:15,5308.35
30/10/2025 19:20,5520.88
30/10/2025 19:25,5399.9
30/10/2025 19:30,5362.84
30/10/2025 19:35,5403.01
30/10/2025 19:40,5507.88
30/10/2025 19:45,5430.18
30/10/2025 19:50,5584.84
30/10/2025 19:55,5442.43
30/10/2025 20:00,5386.85
30/10/2025 20:05,5389.23
30/10/2025 20:10,5283.54
30/10/2025 20:15,5359.4
30/10/2025 20:20,5383.2
30/10/2025 20:25,5502.07
30/10/2025 20:30,5324.45
30/10/2025 20:35,5278.67
30/10/2025 20:40,5368.61
30/10/2025 20:45,5230.66
30/10/2025 20:50,5102.34
30/10/2025 20:55,5111.12
30/10/2025 21:00,5021.24
30/10/2025 21:05,5110.6
30/10/2025 21:10,5032.09
30/10/2025 21:15,5025.83
30/10/2025 21:20,4918.06
30/10/2025 21:25,4997.14
30/10/2025 21:30,4865.72
30/10/2025 21:35,4851.86
30/10/2025 21:40,4809.04
30/10/2025 21:45,4678.7
30/10/2025 21:50,4616.03
30/10/2025 21:55,4638.14
30/10/2025 22:00,4719.98
30/10/2025 22:05,4682.41
30/10/2025 22:10,4305.79
30/10/2025 22:15,4386.91
30/10/2025 22:20,4452.9
30/10/2025 22:25,4162.34
30/10/2025 22:30,4170.99
30/10/2025 22:35,4320.58
30/10/2025 22:40,4035.65
30/10/2025 22:45,4068.52
30/10/2025 22:50,4031.66
30/10/2025 22:55,3872.59
30/10/2025 23:00,3836.34
30/10/2025 23:05,3911.56
30/10/2025 23:10,3847.25
30/10/2025 23:15,3823.76
30/10/2025 23:20,3920.3
30/10/2025 23:25,3610.94
30/10/2025 23:30,3728.51
30/10/2025 23:35,3611.7
30/10/2025 23:40,3592.24
30/10/2025 23:45,3518.64
30/10/2025 23:50,3307.8
30/10/2025 23:55,3379.84
31/10/2025 00:00,3268.77
31/10/2025 00:05,3269.91
31/10/2025 00:10,3248.41
31/10/2025 00:15,3276.45
31/10/2025 00:20,3227.92
31/10/2025 00:25,3132.37
31/10/2025 00:30,3294.52
31/10/2025 00:35,3128.16
31/10/2025 00:40,3157.48
31/10/2025 00:45,3157.38
31/10/2025 00:50,2970.93
31/10/2025 00:55,3091.65
31/10/2025 01:00,3098.95
31/10/2025 01:05,2934.41
31/10/2025 01:10,3091.28
31/10/2025 01:15,2986.97
31/10/2025 01:20,3060.79
31/10/2025 01:25,2853.19
31/10/2025 01:30,2993.9
31/10/2025 01:35,2879.28
31/10/2025 01:40,2795.63
31/10/2025 01:45,2834.26
31/10/2025 01:50,2873.83
31/10/2025 01:55,2781.02
31/10/2025 02:00,2418.52
31/10/2025 02:05,2522.98
31/10/2025 02:10,2346.05
31/10/2025 02:15,2430.07
31/10/2025 02:20,2261.87
31/10/2025 02:25,2168.15
31/10/2025 02:30,2225.58
31/10/2025 02:35,2422.27
31/10/2025 02:40,2285.96
31/10/2025 02:45,2444.85
31/10/2025 02:50,2384.46
31/10/2025 02:55,2317.53
31/10/2025 03:00,2330.26
31/10/2025 03:05,2186.93
31/10/2025 03:10,2238.82
31/10/2025 03:15,2446.08
31/10/2025 03:20,2326.01
31/10/2025 03:25,2361.75
31/10/2025 03:30,2476.42
31/10/2025 03:35,2438.18
31/10/2025 03:40,2274.42
31/10/2025 03:45,2374.17
31/10/2025 03:50,2496.28
31/10/2025 03:55,2369.02
31/10/2025 04:00,2187.47
31/10/2025 04:05,2374.83
31/10/2025 04:10,2265.05
31/10/2025 04:15,2337.17
31/10/2025 04:20,2264.03
31/10/2025 04:25,2461.14
31/10/2025 04:30,2253.72
31/10/2025 04:35,2372.4
31/10/2025 04:40,2214.67
31/10/2025 04:45,2258.04
31/10/2025 04:50,2426.52
31/10/2025 04:55,2444.77
31/10/2025 05:00,2553.95
31/10/2025 05:05,2467.28
31/10/2025 05:10,2783.55
31/10/2025 05:15,2720.44
31/10/2025 05:20,2791.8
31/10/2025 05:25,2846.05
31/10/2025 05:30,2688.53
31/10/2025 05:35,2844.92
31/10/2025 05:40,2805.07
31/10/2025 05:45,3030.59
31/10/2025 05:50,3012.69
31/10/2025 05:55,3017.24
31/10/2025 06:00,3180.09
31/10/2025 06:05,3132.83
31/10/2025 06:10,3175.85
31/10/2025 06:15,3106.46
31/10/2025 06:20,3236.67
31/10/2025 06:25,3235.59
31/10/2025 06:30,3328.81
31/10/2025 06:35,3285.57
31/10/2025 06:40,3402.12
31/10/2025 06:45,3479.79
31/10/2025 06:50,3626.29
31/10/2025 06:55,3442.44
31/10/2025 07:00,3676.26
31/10/2025 07:05,3708.63
31/10/2025 07:10,3805.88
31/10/2025 07:15,3879.21
31/10/2025 07:20,3694.34
31/10/2025 07:25,3795.93
31/10/2025 07:30,3797.69
31/10/2025 07:35,3895.66
31/10/2025 07:40,3806.35
31/10/2025 07:45,4127.49
31/10/2025 07:50,4091.14
31/10/2025 07:55,4196.9
31/10/2025 08:00,4200.96
31/10/2025 08:05,4371.47
31/10/2025 08:10,4338.79
31/10/2025 08:15,4410.31
31/10/2025 08:20,4411.01
31/10/2025 08:25,4525.46
31/10/2025 08:30,4497.38
31/10/2025 08:35,4557.81
31/10/2025 08:40,4858.84
31/10/2025 08:45,4788.02
31/10/2025 08:50,4802.08
31/10/2025 08:55,4850.89
31/10/2025 09:00,4995.14
31/10/2025 09:05,4906.15
31/10/2025 09:10,5177.83
31/10/2025 09:15,5008.3
31/10/2025 09:20,5093.08
31/10/2025 09:25,5217.13
31/10/2025 09:30,5218.29
31/10/2025 09:35,5240.39
31/10/2025 09:40,5120.95
31/10/2025 09:45,5167.04
31/10/2025 09:50,5349.14
31/10/2025 09:55,5375.09
31/10/2025 10:00,5142.06
31/10/2025 10:05,5300.79
31/10/2025 10:10,5192.34
31/10/2025 10:15,5301.37
31/10/2025 10:20,5256.76
31/10/2025 10:25,5400.37
31/10/2025 10:30,5264.85
31/10/2025 10:35,5484.33
31/10/2025 10:40,5238.86
31/10/2025 10:45,5336.14
31/10/2025 10:50,5395.97
31/10/2025 10:55,5402.81
31/10/2025 11:00,5265.85
31/10/2025 11:05,5248.96
31/10/2025 11:10,5234.31
31/10/2025 11:15,5353.51
31/10/2025 11:20,5183.74
31/10/2025 11:25,5192.51
31/10/2025 11:30,5190.7
31/10/2025 11:35,5075.35
31/10/2025 11:40,5118.6
31/10/2025 11:45,5147.5
31/10/2025 11:50,4852.87
31/10/2025 11:55,4971.45
31/10/2025 12:00,4738.8
31/10/2025 12:05,4899.84
31/10/2025 12:10,4888.6
31/10/2025 12:15,4841.47
31/10/2025 12:20,4840.98
31/10/2025 12:25,4819.75
31/10/2025 12:30,4696.89
31/10/2025 12:35,4661.17
31/10/2025 12:40,4693.94
31/10/2025 12:45,5026.77
31/10/2025 12:50,4731.92
31/10/2025 12:55,4754.7
31/10/2025 13:00,4816.17
31/10/2025 13:05,4700.35
31/10/2025 13:10,4610.04
31/10/2025 13:15,4629.69
31/10/2025 13:20,4755.41
31/10/2025 13:25,4736.33
31/10/2025 13:30,4643.2
31/10/2025 13:35,4678.23
31/10/2025 13:40,4721.01
31/10/2025 13:45,4541.04
31/10/2025 13:50,4769.41
31/10/2025 13:55,4626.7
31/10/2025 14:00,4614.44
31/10/2025 14:05,4461.99
31/10/2025 14:10,4614.84
31/10/2025 14:15,4658.44
31/10/2025 14:20,4695.6
31/10/2025 14:25,4638.88
31/10/2025 14:30,4599.37
31/10/2025 14:35,4727.46
31/10/2025 14:40,4562.09
31/10/2025 14:45,4553.81
31/10/2025 14:50,4517.41
31/10/2025 14:55,4465.7
31/10/2025 15:00,4540.34
31/10/2025 15:05,4575.76
31/10/2025 15:10,4604.12
31/10/2025 15:15,4646.23
31/10/2025 15:20,4589.84
31/10/2025 15:25,4582.65
31/10/2025 15:30,4727.13
31/10/2025 15:35,4455.59
31/10/2025 15:40,4679.94
31/10/2025 15:45,4779.11
31/10/2025 15:50,4733.44
31/10/2025 15:55,4783.78
31/10/2025 16:00,4802.38
31/10/2025 16:05,4764.72
31/10/2025 16:10,4759.92
31/10/2025 16:15,4833.31
31/10/2025 16:20,4806.81
31/10/2025 16:25,4820.17
31/10/2025 16:30,4861.1
31/10/2025 16:35,4726.25
31/10/2025 16:40,4801.14
31/10/2025 16:45,4874.94
31/10/2025 16:50,4862.1
31/10/2025 16:55,4987.53
31/10/2025 17:00,4956.37
31/10/2025 17:05,4931.0
31/10/2025 17:10,4845.0
31/10/2025 17:15,4844.0
31/10/2025 17:20,4903.59
31/10/2025 17:25,4965.86
31/10/2025 17:30,4996.1
31/10/2025 17:35,4945.35
31/10/2025 17:40,5039.92
31/10/2025 17:45,5134.31
31/10/2025 17:50,5152.16
31/10/2025 17:55,5136.66
31/10/2025 18:00,5010.12
31/10/2025 18:05,5126.13
31/10/2025 18:10,5148.31
31/10/2025 18:15,5375.74
31/10/2025 18:20,5209.76
31/10/2025 18:25,5221.44
31/10/2025 18:30,5348.77
31/10/2025 18:35,5349.0
31/10/2025 18:40,5268.69
31/10/2025 18:45,5184.68
31/10/2025 18:50,5246.41
31/10/2025 18:55,5237.26
31/10/2025 19:00,5441.68
31/10/2025 19:05,5487.28
31/10/2025 19:10,5495.74
31/10/2025 19:15,5310.72
31/10/2025 19:20,5479.75
31/10/2025 19:25,5468.17
31/10/2025 19:30,5387.8
31/10/2025 19:35,5468.75
31/10/2025 19:40,5456.81
31/10/2025 19:45,5393.91
31/10/2025 19:50,5396.97
31/10/2025 19:55,5308.61
31/10/2025 20:00,5513.19
31/10/2025 20:05,5425.2
31/10/2025 20:10,5423.49
31/10/2025 20:15,5375.82
31/10/2025 20:20,5346.28
31/10/2025 20:25,5371.79
31/10/2025 20:30,5310.02
31/10/2025 20:35,5251.67
31/10/2025 20:40,5251.84
31/10/2025 20:45,5288.1
31/10/2025 20:50,5131.04
31/10/2025 20:55,5200.81
31/10/2025 21:00,5212.0
31/10/2025 21:05,5097.91
31/10/2025 21:10,5073.6
31/10/2025 21:15,4906.77
31/10/2025 21:20,4903.18
31/10/2025 21:25,5069.26
31/10/2025 21:30,4920.0
31/10/2025 21:35,4760.06
31/10/2025 21:40,4793.39
31/10/2025 21:45,4550.13
31/10/2025 21:50,4633.37
31/10/2025 21:55,4760.97
31/10/2025 22:00,4472.14
31/10/2025 22:05,4418.74
31/10/2025 22:10,4421.95
31/10/2025 22:15,4242.82
31/10/2025 22:20,4280.52
31/10/2025 22:25,4412.86
31/10/2025 22:30,4149.74
31/10/2025 22:35,4238.68
31/10/2025 22:40,4275.09
31/10/2025 22:45,4199.96
31/10/2025 22:50,3886.01
31/10/2025 22:55,4016.17
31/10/2025 23:00,4050.75
31/10/2025 23:05,3800.11
31/10/2025 23:10,3926.17
31/10/2025 23:15,3606.46
31/10/2025 23:20,3848.6
31/10/2025 23:25,3676.39
31/10/2025 23:30,3617.59
31/10/2025 23:35,3630.63
31/10/2025 23:40,3552.85
31/10/2025 23:45,3632.63
31/10/2025 23:50,3529.7
31/10/2025 23:55,3542.4
01/11/2025 00:00,2660.04
01/11/2025 00:05,2606.4
01/11/2025 00:10,2856.05
01/11/2025 00:15,2708.47
01/11/2025 00:20,2670.65
01/11/2025 00:25,2732.87
01/11/2025 00:30,2681.32
01/11/2025 00:35,2630.16
01/11/2025 00:40,2642.23
01/11/2025 00:45,2553.22
01/11/2025 00:50,2506.61
01/11/2025 00:55,2399.46
01/11/2025 01:00,2526.67
01/11/2025 01:05,2496.53
01/11/2025 01:10,2412.28
01/11/2025 01:15,2389.91
01/11/2025 01:20,2370.3
01/11/2025 01:25,2302.98
01/11/2025 01:30,2249.73
01/11/2025 01:35,2289.78
01/11/2025 01:40,2239.72
01/11/2025 01:45,2233.94
01/11/2025 01:50,2468.01
01/11/2025 01:55,2256.29
01/11/2025 02:00,1900.0
01/11/2025 02:05,1900.0
01/11/2025 02:10,1900.0
01/11/2025 02:15,1918.38
01/11/2025 02:20,1900.0
01/11/2025 02:25,1900.0
01/11/2025 02:30,1900.0
01/11/2025 02:35,1900.0
01/11/2025 02:40,1900.0
01/11/2025 02:45,1900.0
01/11/2025 02:50,1900.0
01/11/2025 02:55,1900.0
01/11/2025 03:00,1900.0
01/11/2025 03:05,2015.58
01/11/2025 03:10,1900.0
01/11/2025 03:15,1974.84
01/11/2025 03:20,1900.0
01/11/2025 03:25,1900.0
01/11/2025 03:30,1981.54
01/11/2025 03:35,1900.0
01/11/2025 03:40,1900.0
01/11/2025 03:45,1983.22
01/11/2025 03:50,1900.0
01/11/2025 03:55,1900.0
01/11/2025 04:00,1900.0
01/11/2025 04:05,1900.0
01/11/2025 04:10,1900.0
01/11/2025 04:15,1900.0
01/11/2025 04:20,1900.0
01/11/2025 04:25,1900.0
01/11/2025 04:30,1900.0
01/11/2025 04:35,1900.0
01/11/2025 04:40,2018.11
01/11/2025 04:45,1900.0
01/11/2025 04:50,1900.0
01/11/2025 04:55,1900.0
01/11/2025 05:00,2150.47
01/11/2025 05:05,2138.02
01/11/2025 05:10,2020.06
01/11/2025 05:15,2283.73
01/11/2025 05:20,2182.68
01/11/2025 05:25,2208.74
01/11/2025 05:30,2402.4
01/11/2025 05:35,2330.91
01/11/2025 05:40,2474.82
01/11/2025 05:45,2350.46
01/11/2025 05:50,2458.02
01/11/2025 05:55,2592.96
01/11/2025 06:00,2524.49
01/11/2025 06:05,2537.15
01/11/2025 06:10,2706.72
01/11/2025 06:15,2663.88
01/11/2025 06:20,2591.9
01/11/2025 06:25,2618.41
01/11/2025 06:30,2609.41
01/11/2025 06:35,2815.77
01/11/2025 06:40,2761.89
01/11/2025 06:45,2877.24
01/11/2025 06:50,2969.4
01/11/2025 06:55,3021.18
01/11/2025 07:00,2963.99
01/11/2025 07:05,2919.66
01/11/2025 07:10,3153.55
01/11/2025 07:15,3006.44
01/11/2025 07:20,3369.67
01/11/2025 07:25,3273.82
01/11/2025 07:30,3341.71
01/11/2025 07:35,3421.8
01/11/2025 07:40,3405.71
01/11/2025 07:45,3616.45
01/11/2025 07:50,3706.81
01/11/2025 07:55,3632.13
01/11/2025 08:00,3678.71
01/11/2025 08:05,3642.46
01/11/2025 08:10,3787.62
01/11/2025 08:15,4101.7
01/11/2025 08:20,3823.1
01/11/2025 08:25,3907.93
01/11/2025 08:30,3970.73
01/11/2025 08:35,4014.52
01/11/2025 08:40,4270.64
01/11/2025 08:45,4329.71
01/11/2025 08:50,4438.21
01/11/2025 08:55,4323.2
01/11/2025 09:00,4444.85
01/11/2025 09:05,4335.25
01/11/2025 09:10,4479.67
01/11/2025 09:15,4435.65
01/11/2025 09:20,4507.55
01/11/2025 09:25,4700.74
01/11/2025 09:30,4623.84
01/11/2025 09:35,4777.79
01/11/2025 09:40,4752.03
01/11/2025 09:45,4726.89
01/11/2025 09:50,4620.55
01/11/2025 09:55,4682.3
01/11/2025 10:00,4854.18
01/11/2025 10:05,4793.54
01/11/2025 10:10,4849.19
01/11/2025 10:15,4776.26
01/11/2025 10:20,4641.15
01/11/2025 10:25,4706.74
01/11/2025 10:30,4835.2
01/11/2025 10:35,4900.69
01/11/2025 10:40,4708.14
01/11/2025 10:45,4766.03
01/11/2025 10:50,4683.67
01/11/2025 10:55,4575.64
01/11/2025 11:00,4881.8
01/11/2025 11:05,4742.37
01/11/2025 11:10,4591.58
01/11/2025 11:15,4631.41
01/11/2025 11:20,4672.75
01/11/2025 11:25,4607.91
01/11/2025 11:30,4684.5
01/11/2025 11:35,4546.27
01/11/2025 11:40,4538.76
01/11/2025 11:45,4555.91
01/11/2025 11:50,4353.93
01/11/2025 11:55,4339.82
01/11/2025 12:00,4296.35
01/11/2025 12:05,4233.06
01/11/2025 12:10,4351.46
01/11/2025 12:15,4338.29
01/11/2025 12:20,4222.16
01/11/2025 12:25,4297.87
01/11/2025 12:30,4174.66
01/11/2025 12:35,4216.94
01/11/2025 12:40,4020.01
01/11/2025 12:45,4208.54
01/11/2025 12:50,4293.21
01/11/2025 12:55,4195.74
01/11/2025 13:00,4153.59
01/11/2025 13:05,4354.6
01/11/2025 13:10,4127.1
01/11/2025 13:15,4057.5
01/11/2025 13:20,4146.71
01/11/2025 13:25,4213.77
01/11/2025 13:30,4007.77
01/11/2025 13:35,4117.64
01/11/2025 13:40,4137.75
01/11/2025 13:45,4137.42
01/11/2025 13:50,4176.44
01/11/2025 13:55,4114.91
01/11/2025 14:00,4165.4
01/11/2025 14:05,4113.92
01/11/2025 14:10,4114.13
01/11/2025 14:15,4084.5
01/11/2025 14:20,4124.77
01/11/2025 14:25,4075.34
01/11/2025 14:30,4066.28
01/11/2025 14:35,3974.44
01/11/2025 14:40,4017.34
01/11/2025 14:45,4072.16
01/11/2025 14:50,4085.55
01/11/2025 14:55,4055.24
01/11/2025 15:00,4033.84
01/11/2025 15:05,4047.72
01/11/2025 15:10,3934.38
01/11/2025 15:15,4005.88
01/11/2025 15:20,3921.47
01/11/2025 15:25,4152.17
01/11/2025 15:30,4076.37
01/11/2025 15:35,4116.81
01/11/2025 15:40,4118.81
01/11/2025 15:45,4125.26
01/11/2025 15:50,4141.48
01/11/2025 15:55,4273.4
01/11/2025 16:00,4104.0
01/11/2025 16:05,4218.33
01/11/2025 16:10,4139.52
01/11/2025 16:15,4131.11
01/11/2025 16:20,4390.99
01/11/2025 16:25,4303.76
01/11/2025 16:30,4213.15
01/11/2025 16:35,4178.76
01/11/2025 16:40,4321.35
01/11/2025 16:45,4270.63
01/11/2025 16:50,4455.46
01/11/2025 16:55,4357.38
01/11/2025 17:00,4441.6
01/11/2025 17:05,4339.71
01/11/2025 17:10,4300.96
01/11/2025 17:15,4476.93
01/11/2025 17:20,4362.96
01/11/2025 17:25,4496.28
01/11/2025 17:30,4452.51
01/11/2025 17:35,4522.82
01/11/2025 17:40,4339.16
01/11/2025 17:45,4566.24
01/11/2025 17:50,4596.58
01/11/2025 17:55,4563.56
01/11/2025 18:00,4542.9
01/11/2025 18:05,4605.86
01/11/2025 18:10,4672.53
01/11/2025 18:15,4650.75
01/11/2025 18:20,4642.36
01/11/2025 18:25,4706.41
01/11/2025 18:30,4815.77
01/11/2025 18:35,4727.81
01/11/2025 18:40,4725.34
01/11/2025 18:45,4829.56
01/11/2025 18:50,4834.91
01/11/2025 18:55,4769.05
01/11/2025 19:00,4909.11
01/11/2025 19:05,4792.56
01/11/2025 19:10,4904.86
01/11/2025 19:15,4811.97
01/11/2025 19:20,4791.14
01/11/2025 19:25,4979.0
01/11/2025 19:30,4948.77
01/11/2025 19:35,4917.12
01/11/2025 19:40,4835.31
01/11/2025 19:45,4835.24
01/11/2025 19:50,4858.02
01/11/2025 19:55,4870.19
01/11/2025 20:00,4791.89
01/11/2025 20:05,4823.27
01/11/2025 20:10,4776.71
01/11/2025 20:15,4844.71
01/11/2025 20:20,4654.67
01/11/2025 20:25,4736.56
01/11/2025 20:30,4685.39
01/11/2025 20:35,4843.66
01/11/2025 20:40,4744.7
01/11/2025 20:45,4726.53
01/11/2025 20:50,4491.17
01/11/2025 20:55,4542.72
01/11/2025 21:00,4699.55
01/11/2025 21:05,4521.42
01/11/2025 21:10,4499.26
01/11/2025 21:15,4336.08
01/11/2025 21:20,4415.89
01/11/2025 21:25,4343.25
01/11/2025 21:30,4347.01
01/11/2025 21:35,4228.92
01/11/2025 21:40,4361.98
01/11/2025 21:45,4380.63
01/11/2025 21:50,3998.85
01/11/2025 21:55,4066.54
01/11/2025 22:00,4019.23
01/11/2025 22:05,3968.58
01/11/2025 22:10,3853.34
01/11/2025 22:15,3912.59
01/11/2025 22:20,3826.88
01/11/2025 22:25,3925.25
01/11/2025 22:30,3727.29
01/11/2025 22:35,3690.96
01/11/2025 22:40,3570.53
01/11/2025 22:45,3492.98
01/11/2025 22:50,3625.8
01/11/2025 22:55,3432.57
01/11/2025 23:00,3404.66
01/11/2025 23:05,3369.53
01/11/2025 23:10,3143.62
01/11/2025 23:15,3103.85
01/11/2025 23:20,3048.17
01/11/2025 23:25,3243.7
01/11/2025 23:30,2972.4
01/11/2025 23:35,3020.58
01/11/2025 23:40,3148.32
01/11/2025 23:45,2891.95
01/11/2025 23:50,2947.56
01/11/2025 23:55,2847.81
02/11/2025 00:00,2717.95
02/11/2025 00:05,2852.22
02/11/2025 00:10,2571.31
02/11/2025 00:15,2654.11
02/11/2025 00:20,2643.43
02/11/2025 00:25,2657.85
02/11/2025 00:30,2523.75
02/11/2025 00:35,2562.79
02/11/2025 00:40,2524.45
02/11/2025 00:45,2578.04
02/11/2025 00:50,2524.05
02/11/2025 00:55,2467.12
02/11/2025 01:00,2478.61
02/11/2025 01:05,2365.98
02/11/2025 01:10,2493.22
02/11/2025 01:15,2597.37
02/11/2025 01:20,2591.91
02/11/2025 01:25,2360.82
02/11/2025 01:30,2187.22
02/11/2025 01:35,2274.03
02/11/2025 01:40,2286.09
02/11/2025 01:45,2262.36
02/11/2025 01:50,2212.46
02/11/2025 01:55,2247.45
02/11/2025 02:00,1900.0
02/11/2025 02:05,1900.0
02/11/2025 02:10,1900.0
02/11/2025 02:15,1900.0
02/11/2025 02:20,1949.5
02/11/2025 02:25,1900.0
02/11/2025 02:30,1900.0
02/11/2025 02:35,1900.0
02/11/2025 02:40,1900.0
02/11/2025 02:45,1900.0
02/11/2025 02:50,1900.0
02/11/2025 02:55,1900.0
02/11/2025 03:00,1900.0
02/11/2025 03:05,1900.0
02/11/2025 03:10,1900.0
02/11/2025 03:15,1900.0
02/11/2025 03:20,1900.0
02/11/2025 03:25,1900.0
02/11/2025 03:30,1900.0
02/11/2025 03:35,1900.0
02/11/2025 03:40,1900.0
02/11/2025 03:45,1971.98
02/11/2025 03:50,1900.0
02/11/2025 03:55,1900.0
02/11/2025 04:00,1900.0
02/11/2025 04:05,1900.0
02/11/2025 04:10,1900.0
02/11/2025 04:15,1966.65
02/11/2025 04:20,1900.0
02/11/2025 04:25,1900.0
02/11/2025 04:30,1900.0
02/11/2025 04:35,1900.0
02/11/2025 04:40,1900.0
02/11/2025 04:45,1900.0
02/11/2025 04:50,1911.32
02/11/2025 04:55,1900.0
02/11/2025 05:00,2047.99
02/11/2025 05:05,2051.52
02/11/2025 05:10,2141.24
02/11/2025 05:15,2127.74
02/11/2025 05:20,2207.37
02/11/2025 05:25,2201.77
02/11/2025 05:30,2289.11
02/11/2025 05:35,2270.93
02/11/2025 05:40,2412.07
02/11/2025 05:45,2440.16
02/11/2025 05:50,2347.57
02/11/2025 05:55,2478.94
02/11/2025 06:00,2507.29
02/11/2025 06:05,2635.92
02/11/2025 06:10,2558.12
02/11/2025 06:15,2644.21
02/11/2025 06:20,2538.64
02/11/2025 06:25,2735.05
02/11/2025 06:30,2799.07
02/11/2025 06:35,2859.69
02/11/2025 06:40,2801.01
02/11/2025 06:45,2834.11
02/11/2025 06:50,3062.05
02/11/2025 06:55,2910.22
02/11/2025 07:00,2906.55
02/11/2025 07:05,3200.7
02/11/2025 07:10,3159.24
02/11/2025 07:15,3223.14
02/11/2025 07:20,3120.34
02/11/2025 07:25,3296.67
02/11/2025 07:30,3450.91
02/11/2025 07:35,3397.13
02/11/2025 07:40,3465.13
02/11/2025 07:45,3527.21
02/11/2025 07:50,3547.55
02/11/2025 07:55,3532.93
02/11/2025 08:00,3762.35
02/11/2025 08:05,3780.54
02/11/2025 08:10,3793.35
02/11/2025 08:15,3898.08
02/11/2025 08:20,4004.24
02/11/2025 08:25,3915.22
02/11/2025 08:30,4172.44
02/11/2025 08:35,4137.6
02/11/2025 08:40,4211.88
02/11/2025 08:45,4196.43
02/11/2025 08:50,4307.29
02/11/2025 08:55,4338.28
02/11/2025 09:00,4414.47
02/11/2025 09:05,4521.09
02/11/2025 09:10,4481.71
02/11/2025 09:15,4514.17
02/11/2025 09:20,4527.19
02/11/2025 09:25,4447.35
02/11/2025 09:30,4614.58
02/11/2025 09:35,4598.11
02/11/2025 09:40,4628.17
02/11/2025 09:45,4763.06
02/11/2025 09:50,4702.94
02/11/2025 09:55,4621.73
02/11/2025 10:00,4701.61
02/11/2025 10:05,4725.84
02/11/2025 10:10,4780.89
02/11/2025 10:15,4855.89
02/11/2025 10:20,4810.29
02/11/2025 10:25,4908.65
02/11/2025 10:30,4681.08
02/11/2025 10:35,4802.92
02/11/2025 10:40,4953.91
02/11/2025 10:45,4814.83
02/11/2025 10:50,4717.15
02/11/2025 10:55,4791.54
02/11/2025 11:00,4608.15
02/11/2025 11:05,4708.81
02/11/2025 11:10,4580.37
02/11/2025 11:15,4725.33
02/11/2025 11:20,4616.89
02/11/2025 11:25,4733.17
02/11/2025 11:30,4626.62
02/11/2025 11:35,4660.35
02/11/2025 11:40,4440.94
02/11/2025 11:45,4453.12
02/11/2025 11:50,4317.75
02/11/2025 11:55,4406.59
02/11/2025 12:00,4288.96
02/11/2025 12:05,4318.57
02/11/2025 12:10,4262.73
02/11/2025 12:15,4230.6
02/11/2025 12:20,4267.98
02/11/2025 12:25,4343.59
02/11/2025 12:30,4234.22
02/11/2025 12:35,4326.08
02/11/2025 12:40,4279.08
02/11/2025 12:45,4199.63
02/11/2025 12:50,4034.7
02/11/2025 12:55,4044.25
02/11/2025 13:00,4177.3
02/11/2025 13:05,4214.1
02/11/2025 13:10,4175.05
02/11/2025 13:15,4186.77
02/11/2025 13:20,4242.89
02/11/2025 13:25,4249.46
02/11/2025 13:30,4178.37
02/11/2025 13:35,4085.92
02/11/2025 13:40,4120.41
02/11/2025 13:45,4053.86
02/11/2025 13:50,4056.31
02/11/2025 13:55,4133.65
02/11/2025 14:00,3940.2
02/11/2025 14:05,4116.35
02/11/2025 14:10,4280.25
02/11/2025 14:15,3964.86
02/11/2025 14:20,4112.6
02/11/2025 14:25,4053.18
02/11/2025 14:30,4192.16
02/11/2025 14:35,3989.59
02/11/2025 14:40,4018.26
02/11/2025 14:45,4098.24
02/11/2025 14:50,4068.36
02/11/2025 14:55,3872.39
02/11/2025 15:00,4010.48
02/11/2025 15:05,4049.94
02/11/2025 15:10,4172.66
02/11/2025 15:15,4047.62
02/11/2025 15:20,3944.86
02/11/2025 15:25,4075.09
02/11/2025 15:30,4161.27
02/11/2025 15:35,4164.27
02/11/2025 15:40,4162.44
02/11/2025 15:45,4064.11
02/11/2025 15:50,4101.53
02/11/2025 15:55,4136.02
02/11/2025 16:00,4165.45
02/11/2025 16:05,4209.37
02/11/2025 16:10,4225.26
02/11/2025 16:15,4086.93
02/11/2025 16:20,4285.81
02/11/2025 16:25,4314.42
02/11/2025 16:30,4390.07
02/11/2025 16:35,4141.86
02/11/2025 16:40,4376.82
02/11/2025 16:45,4477.66
02/11/2025 16:50,4381.6
02/11/2025 16:55,4405.97
02/11/2025 17:00,4367.32
02/11/2025 17:05,4501.01
02/11/2025 17:10,4386.27
02/11/2025 17:15,4536.03
02/11/2025 17:20,4556.33
02/11/2025 17:25,4587.99
02/11/2025 17:30,4544.15
02/11/2025 17:35,4550.86
02/11/2025 17:40,4425.82
02/11/2025 17:45,4518.75
02/11/2025 17:50,4525.34
02/11/2025 17:55,4586.51
02/11/2025 18:00,4720.52
02/11/2025 18:05,4686.92
02/11/2025 18:10,4630.49
02/11/2025 18:15,4702.66
02/11/2025 18:20,4800.47
02/11/2025 18:25,4808.93
02/11/2025 18:30,4602.42
02/11/2025 18:35,4705.96
02/11/2025 18:40,4845.31
02/11/2025 18:45,4803.61
02/11/2025 18:50,4835.68
02/11/2025 18:55,4863.5
02/11/2025 19:00,4782.87
02/11/2025 19:05,4851.08
02/11/2025 19:10,4928.71
02/11/2025 19:15,4906.51
02/11/2025 19:20,4870.59
02/11/2025 19:25,4915.83
02/11/2025 19:30,4940.68
02/11/2025 19:35,4997.68
02/11/2025 19:40,4853.25
02/11/2025 19:45,4835.06
02/11/2025 19:50,5017.43
02/11/2025 19:55,4797.26
02/11/2025 20:00,4790.37
02/11/2025 20:05,4859.16
02/11/2025 20:10,4771.42
02/11/2025 20:15,4911.79
02/11/2025 20:20,4878.89
02/11/2025 20:25,4906.75
02/11/2025 20:30,4763.81
02/11/2025 20:35,4817.01
02/11/2025 20:40,4628.32
02/11/2025 20:45,4771.7
02/11/2025 20:50,4662.97
02/11/2025 20:55,4579.72
02/11/2025 21:00,4523.16
02/11/2025 21:05,4564.72
02/11/2025 21:10,4368.12
02/11/2025 21:15,4428.4
02/11/2025 21:20,4303.37
02/11/2025 21:25,4313.81
02/11/2025 21:30,4382.44
02/11/2025 21:35,4254.9
02/11/2025 21:40,4198.43
02/11/2025 21:45,4201.91
02/11/2025 21:50,4141.28
02/11/2025 21:55,4117.99
02/11/2025 22:00,4053.01
02/11/2025 22:05,3988.56
02/11/2025 22:10,3850.13
02/11/2025 22:15,3915.79
02/11/2025 22:20,3696.62
02/11/2025 22:25,3863.29
02/11/2025 22:30,3653.28
02/11/2025 22:35,3611.0
02/11/2025 22:40,3544.06
02/11/2025 22:45,3547.78
02/11/2025 22:50,3428.61
02/11/2025 22:55,3404.99
02/11/2025 23:00,3523.1
02/11/2025 23:05,3527.56
02/11/2025 23:10,3150.63
02/11/2025 23:15,3263.86
02/11/2025 23:20,3291.67
02/11/2025 23:25,3024.6
02/11/2025 23:30,3057.66
02/11/2025 23:35,2925.04
02/11/2025 23:40,3004.32
02/11/2025 23:45,3064.04
02/11/2025 23:50,2749.98
02/11/2025 23:55,2798.02
03/11/2025 00:00,3159.47
03/11/2025 00:05,2953.33
03/11/2025 00:10,3015.64
03/11/2025 00:15,3104.78
03/11/2025 00:20,3028.04
03/11/2025 00:25,2839.1
03/11/2025 00:30,2921.25
03/11/2025 00:35,2797.51
03/11/2025 00:40,2864.48
03/11/2025 00:45,2725.07
03/11/2025 00:50,2850.83
03/11/2025 00:55,2740.73
03/11/2025 01:00,2809.95
03/11/2025 01:05,2724.06
03/11/2025 01:10,2717.36
03/11/2025 01:15,2626.31
03/11/2025 01:20,2614.21
03/11/2025 01:25,2647.55
03/11/2025 01:30,2560.05
03/11/2025 01:35,2615.02
03/11/2025 01:40,2576.78
03/11/2025 01:45,2453.44
03/11/2025 01:50,2446.47
03/11/2025 01:55,2313.19
03/11/2025 02:00,1900.0
03/11/2025 02:05,2071.7
03/11/2025 02:10,2033.28
03/11/2025 02:15,2018.23
03/11/2025 02:20,2105.09
03/11/2025 02:25,1927.95
03/11/2025 02:30,2229.2
03/11/2025 02:35,2076.56
03/11/2025 02:40,2031.15
03/11/2025 02:45,2014.42
03/11/2025 02:50,1914.81
03/11/2025 02:55,2069.62
03/11/2025 03:00,1900.0
03/11/2025 03:05,2062.09
03/11/2025 03:10,1949.69
03/11/2025 03:15,2031.64
03/11/2025 03:20,2049.54
03/11/2025 03:25,2082.54
03/11/2025 03:30,2050.27
03/11/2025 03:35,2037.1
03/11/2025 03:40,2057.62
03/11/2025 03:45,1900.0
03/11/2025 03:50,1972.74
03/11/2025 03:55,1956.5
03/11/2025 04:00,2108.52
03/11/2025 04:05,2077.35
03/11/2025 04:10,2018.88
03/11/2025 04:15,2064.51
03/11/2025 04:20,2050.81
03/11/2025 04:25,1991.25
03/11/2025 04:30,2018.71
03/11/2025 04:35,1980.46
03/11/2025 04:40,2146.79
03/11/2025 04:45,2045.09
03/11/2025 04:50,2315.02
03/11/2025 04:55,2176.59
03/11/2025 05:00,2316.12
03/11/2025 05:05,2330.74
03/11/2025 05:10,2323.73
03/11/2025 05:15,2303.7
03/11/2025 05:20,2429.83
03/11/2025 05:25,2402.43
03/11/2025 05:30,2626.35
03/11/2025 05:35,2531.67
03/11/2025 05:40,2640.22
03/11/2025 05:45,2424.44
03/11/2025 05:50,2666.87
03/11/2025 05:55,2869.9
03/11/2025 06:00,2800.17
03/11/2025 06:05,2745.32
03/11/2025 06:10,2843.48
03/11/2025 06:15,2947.17
03/11/2025 06:20,2825.08
03/11/2025 06:25,2940.58
03/11/2025 06:30,3139.27
03/11/2025 06:35,3037.41
03/11/2025 06:40,3304.24
03/11/2025 06:45,3110.6
03/11/2025 06:50,3144.23
03/11/2025 06:55,3236.28
03/11/2025 07:00,3352.61
03/11/2025 07:05,3438.81
03/11/2025 07:10,3386.58
03/11/2025 07:15,3261.74
03/11/2025 07:20,3612.95
03/11/2025 07:25,3556.4
03/11/2025 07:30,3511.5
03/11/2025 07:35,3665.36
03/11/2025 07:40,3813.39
03/11/2025 07:45,3764.76
03/11/2025 07:50,3862.68
03/11/2025 07:55,3898.83
03/11/2025 08:00,3947.25
03/11/2025 08:05,3906.04
03/11/2025 08:10,4193.26
03/11/2025 08:15,4066.92
03/11/2025 08:20,4297.17
03/11/2025 08:25,4277.02
03/11/2025 08:30,4236.42
03/11/2025 08:35,4240.09
03/11/2025 08:40,4453.25
03/11/2025 08:45,4472.67
03/11/2025 08:50,4496.82
03/11/2025 08:55,4592.01
03/11/2025 09:00,4828.49
03/11/2025 09:05,4715.71
03/11/2025 09:10,4808.02
03/11/2025 09:15,4748.22
03/11/2025 09:20,4699.33
03/11/2025 09:25,4809.49
03/11/2025 09:30,4781.52
03/11/2025 09:35,4788.89
03/11/2025 09:40,4865.07
03/11/2025 09:45,4856.92
03/11/2025 09:50,4987.04
03/11/2025 09:55,4864.93
03/11/2025 10:00,5157.48
03/11/2025 10:05,5120.25
03/11/2025 10:10,5034.32
03/11/2025 10:15,5001.55
03/11/2025 10:20,5145.28
03/11/2025 10:25,5176.85
03/11/2025 10:30,4987.6
03/11/2025 10:35,5056.35
03/11/2025 10:40,5088.87
03/11/2025 10:45,5083.1
03/11/2025 10:50,4974.94
03/11/2025 10:55,4834.39
03/11/2025 11:00,4879.08
03/11/2025 11:05,4872.7
03/11/2025 11:10,5052.16
03/11/2025 11:15,5028.75
03/11/2025 11:20,5029.55
03/11/2025 11:25,4842.91
03/11/2025 11:30,4842.49
03/11/2025 11:35,4744.89
03/11/2025 11:40,4738.23
03/11/2025 11:45,4789.3
03/11/2025 11:50,4813.05
03/11/2025 11:55,4727.35
03/11/2025 12:00,4633.06
03/11/2025 12:05,4511.32
03/11/2025 12:10,4567.09
03/11/2025 12:15,4483.39
03/11/2025 12:20,4631.93
03/11/2025 12:25,4449.1
03/11/2025 12:30,4487.09
03/11/2025 12:35,4525.8
03/11/2025 12:40,4648.58
03/11/2025 12:45,4468.28
03/11/2025 12:50,4510.25
03/11/2025 12:55,4399.9
03/11/2025 13:00,4431.16
03/11/2025 13:05,4464.56
03/11/2025 13:10,4496.91
03/11/2025 13:15,4483.58
03/11/2025 13:20,4287.64
03/11/2025 13:25,4300.26
03/11/2025 13:30,4458.15
03/11/2025 13:35,4254.34
03/11/2025 13:40,4468.32
03/11/2025 13:45,4390.26
03/11/2025 13:50,4372.55
03/11/2025 13:55,4422.61
03/11/2025 14:00,4303.65
03/11/2025 14:05,4367.3
03/11/2025 14:10,4399.72
03/11/2025 14:15,4560.35
03/11/2025 14:20,4204.19
03/11/2025 14:25,4268.88
03/11/2025 14:30,4292.47
03/11/2025 14:35,4321.7
03/11/2025 14:40,4352.0
03/11/2025 14:45,4255.27
03/11/2025 14:50,4190.84
03/11/2025 14:55,4159.74
03/11/2025 15:00,4303.45
03/11/2025 15:05,4237.14
03/11/2025 15:10,4233.74
03/11/2025 15:15,4115.71
03/11/2025 15:20,4372.53
03/11/2025 15:25,4371.44
03/11/2025 15:30,4554.95
03/11/2025 15:35,4371.31
03/11/2025 15:40,4313.52
03/11/2025 15:45,4346.18
03/11/2025 15:50,4405.1
03/11/2025 15:55,4364.39
03/11/2025 16:00,4332.66
03/11/2025 16:05,4489.4
03/11/2025 16:10,4480.74
03/11/2025 16:15,4456.95
03/11/2025 16:20,4587.59
03/11/2025 16:25,4591.37
03/11/2025 16:30,4481.33
03/11/2025 16:35,4491.76
03/11/2025 16:40,4418.81
03/11/2025 16:45,4645.22
03/11/2025 16:50,4593.95
03/11/2025 16:55,4674.95
03/11/2025 17:00,4627.28
03/11/2025 17:05,4702.46
03/11/2025 17:10,4843.17
03/11/2025 17:15,4680.51
03/11/2025 17:20,4693.49
03/11/2025 17:25,4516.52
03/11/2025 17:30,4807.19
03/11/2025 17:35,4570.54
03/11/2025 17:40,4803.94
03/11/2025 17:45,4733.64
03/11/2025 17:50,4750.15
03/11/2025 17:55,4954.51
03/11/2025 18:00,4947.53
03/11/2025 18:05,4909.41
03/11/2025 18:10,4911.9
03/11/2025 18:15,4839.39
03/11/2025 18:20,4901.35
03/11/2025 18:25,4967.16
03/11/2025 18:30,5247.32
03/11/2025 18:35,5026.93
03/11/2025 18:40,5043.38
03/11/2025 18:45,4932.84
03/11/2025 18:50,5075.04
03/11/2025 18:55,5046.2
03/11/2025 19:00,5087.35
03/11/2025 19:05,5068.94
03/11/2025 19:10,5104.15
03/11/2025 19:15,5270.59
03/11/2025 19:20,5001.72
03/11/2025 19:25,5166.61
03/11/2025 19:30,5124.92
03/11/2025 19:35,5386.33
03/11/2025 19:40,5099.75
03/11/2025 19:45,5188.81
03/11/2025 19:50,5253.36
03/11/2025 19:55,5234.84
03/11/2025 20:00,5192.36
03/11/2025 20:05,5093.78
03/11/2025 20:10,5217.1
03/11/2025 20:15,5105.35
03/11/2025 20:20,5155.77
03/11/2025 20:25,4944.66
03/11/2025 20:30,5019.82
03/11/2025 20:35,5103.28
03/11/2025 20:40,4970.03
03/11/2025 20:45,4847.05
03/11/2025 20:50,4952.89
03/11/2025 20:55,5009.71
03/11/2025 21:00,4887.7
03/11/2025 21:05,4787.97
03/11/2025 21:10,4883.34
03/11/2025 21:15,4714.22
03/11/2025 21:20,4600.21
03/11/2025 21:25,4534.92
03/11/2025 21:30,4585.3
03/11/2025 21:35,4488.04
03/11/2025 21:40,4431.65
03/11/2025 21:45,4464.65
03/11/2025 21:50,4324.6
03/11/2025 21:55,4190.34
03/11/2025 22:00,4262.67
03/11/2025 22:05,4200.33
03/11/2025 22:10,4204.32
03/11/2025 22:15,4055.42
03/11/2025 22:20,4123.97
03/11/2025 22:25,3958.19
03/11/2025 22:30,4083.77
03/11/2025 22:35,3909.11
03/11/2025 22:40,3896.68
03/11/2025 22:45,3709.97
03/11/2025 22:50,3681.97
03/11/2025 22:55,3794.3
03/11/2025 23:00,3651.12
03/11/2025 23:05,3479.91
03/11/2025 23:10,3520.85
03/11/2025 23:15,3572.78
03/11/2025 23:20,3422.59
03/11/2025 23:25,3388.45
03/11/2025 23:30,3358.15
03/11/2025 23:35,3130.93
03/11/2025 23:40,3061.91
03/11/2025 23:45,3155.94
03/11/2025 23:50,3119.25
03/11/2025 23:55,2965.78
04/11/2025 00:00,3027.5
04/11/2025 00:05,3023.89
04/11/2025 00:10,2911.04
04/11/2025 00:15,2972.72
04/11/2025 00:20,3000.15
04/11/2025 00:25,2756.29
04/11/2025 00:30,2897.19
04/11/2025 00:35,2955.07
04/11/2025 00:40,2845.72
04/11/2025 00:45,2918.11
04/11/2025 00:50,2773.76
04/11/2025 00:55,2730.0
04/11/2025 01:00,2693.88
04/11/2025 01:05,2828.88
04/11/2025 01:10,2759.34
04/11/2025 01:15,2571.67
04/11/2025 01:20,2648.08
04/11/2025 01:25,2641.16
04/11/2025 01:30,2521.51
04/11/2025 01:35,2479.12
04/11/2025 01:40,2625.74
04/11/2025 01:45,2562.68
04/11/2025 01:50,2528.54
04/11/2025 01:55,2434.74
04/11/2025 02:00,2092.37
04/11/2025 02:05,1914.2
04/11/2025 02:10,1900.0
04/11/2025 02:15,2012.72
04/11/2025 02:20,2163.06
04/11/2025 02:25,2028.18
04/11/2025 02:30,2067.41
04/11/2025 02:35,1955.36
04/11/2025 02:40,2108.59
04/11/2025 02:45,2014.45
04/11/2025 02:50,1995.53
04/11/2025 02:55,2001.39
04/11/2025 03:00,2038.76
04/11/2025 03:05,2003.02
04/11/2025 03:10,2002.66
04/11/2025 03:15,2168.31
04/11/2025 03:20,2002.81
04/11/2025 03:25,1995.67
04/11/2025 03:30,2013.26
04/11/2025 03:35,2028.75
04/11/2025 03:40,2052.91
04/11/2025 03:45,2004.55
04/11/2025 03:50,2079.26
04/11/2025 03:55,2003.98
04/11/2025 04:00,2155.12
04/11/2025 04:05,1922.44
04/11/2025 04:10,2084.56
04/11/2025 04:15,1900.0
04/11/2025 04:20,2159.36
04/11/2025 04:25,2173.67
04/11/2025 04:30,2061.24
04/11/2025 04:35,1900.0
04/11/2025 04:40,1923.18
04/11/2025 04:45,2055.53
04/11/2025 04:50,2135.43
04/11/2025 04:55,1900.0
04/11/2025 05:00,2227.38
04/11/2025 05:05,2175.97
04/11/2025 05:10,2302.32
04/11/2025 05:15,2470.52
04/11/2025 05:20,2573.26
04/11/2025 05:25,2483.07
04/11/2025 05:30,2454.22
04/11/2025 05:35,2608.77
04/11/2025 05:40,2545.34
04/11/2025 05:45,2548.73
04/11/2025 05:50,2695.42
04/11/2025 05:55,2575.05
04/11/2025 06:00,2764.52
04/11/2025 06:05,2915.65
04/11/2025 06:10,2815.0
04/11/2025 06:15,2968.65
04/11/2025 06:20,2718.8
04/11/2025 06:25,2889.68
04/11/2025 06:30,3022.89
04/11/2025 06:35,2903.69
04/11/2025 06:40,3009.31
04/11/2025 06:45,3100.0
04/11/2025 06:50,3061.17
04/11/2025 06:55,3327.02
04/11/2025 07:00,3290.81
04/11/2025 07:05,3359.99
04/11/2025 07:10,3406.28
04/11/2025 07:15,3564.56
04/11/2025 07:20,3384.3
04/11/2025 07:25,3501.48
04/11/2025 07:30,3547.61
04/11/2025 07:35,3671.02
04/11/2025 07:40,3607.24
04/11/2025 07:45,3781.58
04/11/2025 07:50,3881.98
04/11/2025 07:55,3916.97
04/11/2025 08:00,3909.3
04/11/2025 08:05,3878.0
04/11/2025 08:10,4154.61
04/11/2025 08:15,4235.95
04/11/2025 08:20,4198.43
04/11/2025 08:25,4162.64
04/11/2025 08:30,4412.98
04/11/2025 08:35,4506.73
04/11/2025 08:40,4403.29
04/11/2025 08:45,4341.07
04/11/2025 08:50,4473.84
04/11/2025 08:55,4595.81
04/11/2025 09:00,4659.26
04/11/2025 09:05,4796.68
04/11/2025 09:10,4644.64
04/11/2025 09:15,4699.23
04/11/2025 09:20,4687.54
04/11/2025 09:25,4821.55
04/11/2025 09:30,4780.16
04/11/2025 09:35,4953.28
04/11/2025 09:40,4788.31
04/11/2025 09:45,4849.39
04/11/2025 09:50,5031.02
04/11/2025 09:55,4961.92
04/11/2025 10:00,4942.11
04/11/2025 10:05,5052.64
04/11/2025 10:10,4983.29
04/11/2025 10:15,5067.52
04/11/2025 10:20,4967.45
04/11/2025 10:25,5041.41
04/11/2025 10:30,5137.62
04/11/2025 10:35,5043.42
04/11/2025 10:40,5017.92
04/11/2025 10:45,5035.82
04/11/2025 10:50,5000.41
04/11/2025 10:55,5024.13
04/11/2025 11:00,5084.44
04/11/2025 11:05,4999.37
04/11/2025 11:10,5129.38
04/11/2025 11:15,4965.32
04/11/2025 11:20,5042.69
04/11/2025 11:25,4839.75
04/11/2025 11:30,4912.67
04/11/2025 11:35,4749.87
04/11/2025 11:40,4895.58
04/11/2025 11:45,4869.73
04/11/2025 11:50,4761.65
04/11/2025 11:55,4583.94
04/11/2025 12:00,4518.82
04/11/2025 12:05,4437.79
04/11/2025 12:10,4619.43
04/11/2025 12:15,4734.19
04/11/2025 12:20,4463.05
04/11/2025 12:25,4478.15
04/11/2025 12:30,4522.12
04/11/2025 12:35,4486.68
04/11/2025 12:40,4417.79
04/11/2025 12:45,4570.79
04/11/2025 12:50,4570.89
04/11/2025 12:55,4324.53
04/11/2025 13:00,4543.1
04/11/2025 13:05,4378.69
04/11/2025 13:10,4333.34
04/11/2025 13:15,4362.68
04/11/2025 13:20,4398.3
04/11/2025 13:25,4481.58
04/11/2025 13:30,4427.01
04/11/2025 13:35,4279.07
04/11/2025 13:40,4400.57
04/11/2025 13:45,4358.02
04/11/2025 13:50,4358.34
04/11/2025 13:55,4437.69
04/11/2025 14:00,4388.1
04/11/2025 14:05,4451.8
04/11/2025 14:10,4344.3
04/11/2025 14:15,4355.61
04/11/2025 14:20,4362.0
04/11/2025 14:25,4427.19
04/11/2025 14:30,4351.78
04/11/2025 14:35,4358.12
04/11/2025 14:40,4160.12
04/11/2025 14:45,4319.26
04/11/2025 14:50,4329.95
04/11/2025 14:55,4396.51
04/11/2025 15:00,4148.42
04/11/2025 15:05,4291.14
04/11/2025 15:10,4171.29
04/11/2025 15:15,4425.0
04/11/2025 15:20,4388.07
04/11/2025 15:25,4352.69
04/11/2025 15:30,4442.76
04/11/2025 15:35,4334.28
04/11/2025 15:40,4361.48
04/11/2025 15:45,4331.52
04/11/2025 15:50,4348.72
04/11/2025 15:55,4340.12
04/11/2025 16:00,4438.54
04/11/2025 16:05,4539.98
04/11/2025 16:10,4451.97
04/11/2025 16:15,4375.69
04/11/2025 16:20,4579.44
04/11/2025 16:25,4625.0
04/11/2025 16:30,4553.04
04/11/2025 16:35,4528.71
04/11/2025 16:40,4524.51
04/11/2025 16:45,4582.89
04/11/2025 16:50,4644.17
04/11/2025 16:55,4533.81
04/11/2025 17:00,4502.35
04/11/2025 17:05,4718.38
04/11/2025 17:10,4651.82
04/11/2025 17:15,4796.1
04/11/2025 17:20,4792.98
04/11/2025 17:25,4830.85
04/11/2025 17:30,4708.41
04/11/2025 17:35,4818.91
04/11/2025 17:40,4755.48
04/11/2025 17:45,4740.96
04/11/2025 17:50,4928.81
04/11/2025 17:55,4780.11
04/11/2025 18:00,4878.84
04/11/2025 18:05,4924.82
04/11/2025 18:10,4960.96
04/11/2025 18:15,4897.57
04/11/2025 18:20,4920.48
04/11/2025 18:25,5090.22
04/11/2025 18:30,4971.43
04/11/2025 18:35,5024.47
04/11/2025 18:40,5121.74
04/11/2025 18:45,5251.4
04/11/2025 18:50,5062.21
04/11/2025 18:55,5127.39
04/11/2025 19:00,5096.9
04/11/2025 19:05,5104.25
04/11/2025 19:10,5015.93
04/11/2025 19:15,5114.56
04/11/2025 19:20,5324.99
04/11/2025 19:25,5283.35
04/11/2025 19:30,4975.87
04/11/2025 19:35,5090.37
04/11/2025 19:40,5176.36
04/11/2025 19:45,5061.05
04/11/2025 19:50,5181.84
04/11/2025 19:55,5302.94
04/11/2025 20:00,5162.04
04/11/2025 20:05,5125.71
04/11/2025 20:10,5008.65
04/11/2025 20:15,5033.13
04/11/2025 20:20,4975.82
04/11/2025 20:25,4953.42
04/11/2025 20:30,5012.53
04/11/2025 20:35,4947.04
04/11/2025 20:40,4955.86
04/11/2025 20:45,4819.08
04/11/2025 20:50,4843.56
04/11/2025 20:55,4889.19
04/11/2025 21:00,4966.99
04/11/2025 21:05,4864.06
04/11/2025 21:10,4784.92
04/11/2025 21:15,4766.61
04/11/2025 21:20,4637.43
04/11/2025 21:25,4646.23
04/11/2025 21:30,4639.44
04/11/2025 21:35,4391.32
04/11/2025 21:40,4427.04
04/11/2025 21:45,4351.38
04/11/2025 21:50,4430.47
04/11/2025 21:55,4278.56
04/11/2025 22:00,4227.44
04/11/2025 22:05,4360.09
04/11/2025 22:10,4186.19
04/11/2025 22:15,3968.4
04/11/2025 22:20,4103.43
04/11/2025 22:25,4042.25
04/11/2025 22:30,4022.34
04/11/2025 22:35,3892.01
04/11/2025 22:40,3921.73
04/11/2025 22:45,3889.6
04/11/2025 22:50,3753.59
04/11/2025 22:55,3779.86
04/11/2025 23:00,3658.88
04/11/2025 23:05,3551.37
04/11/2025 23:10,3538.42
04/11/2025 23:15,3376.68
04/11/2025 23:20,3374.51
04/11/2025 23:25,3396.54
04/11/2025 23:30,3293.3
04/11/2025 23:35,3203.01
04/11/2025 23:40,3172.9
04/11/2025 23:45,3135.12
04/11/2025 23:50,3008.69
04/11/2025 23:55,3264.01
05/11/2025 00:00,2923.15
05/11/2025 00:05,3027.45
05/11/2025 00:10,2998.46
05/11/2025 00:15,2966.71
05/11/2025 00:20,2963.35
05/11/2025 00:25,2812.02
05/11/2025 00:30,2873.52
05/11/2025 00:35,2812.58
05/11/2025 00:40,2694.33
05/11/2025 00:45,2698.82
05/11/2025 00:50,2797.14
05/11/2025 00:55,2564.16
05/11/2025 01:00,2849.57
05/11/2025 01:05,2718.1
05/11/2025 01:10,2708.49
05/11/2025 01:15,2771.83
05/11/2025 01:20,2583.93
05/11/2025 01:25,2538.2
05/11/2025 01:30,2501.85
05/11/2025 01:35,2643.72
05/11/2025 01:40,2514.05
05/11/2025 01:45,2456.2
05/11/2025 01:50,2547.92
05/11/2025 01:55,2483.15
05/11/2025 02:00,2099.07
05/11/2025 02:05,1900.0
05/11/2025 02:10,2003.95
05/11/2025 02:15,2083.87
05/11/2025 02:20,1973.57
05/11/2025 02:25,1947.82
05/11/2025 02:30,2113.77
05/11/2025 02:35,2083.62
05/11/2025 02:40,2190.04
05/11/2025 02:45,2232.94
05/11/2025 02:50,2139.14
05/11/2025 02:55,2007.75
05/11/2025 03:00,1931.74
05/11/2025 03:05,1900.0
05/11/2025 03:10,1995.01
05/11/2025 03:15,1991.5
05/11/2025 03:20,2177.3
05/11/2025 03:25,2060.11
05/11/2025 03:30,2137.09
05/11/2025 03:35,2036.57
05/11/2025 03:40,1981.62
05/11/2025 03:45,2140.31
05/11/2025 03:50,2007.47
05/11/2025 03:55,2052.29
05/11/2025 04:00,1961.47
05/11/2025 04:05,2116.92
05/11/2025 04:10,2025.61
05/11/2025 04:15,2047.52
05/11/2025 04:20,1900.0
05/11/2025 04:25,2108.06
05/11/2025 04:30,2098.86
05/11/2025 04:35,2172.33
05/11/2025 04:40,2127.23
05/11/2025 04:45,2174.44
05/11/2025 04:50,2080.59
05/11/2025 04:55,2089.45
05/11/2025 05:00,2257.19
05/11/2025 05:05,2278.44
05/11/2025 05:10,2410.33
05/11/2025 05:15,2336.91
05/11/2025 05:20,2405.96
05/11/2025 05:25,2349.8
05/11/2025 05:30,2506.91
05/11/2025 05:35,2652.73
05/11/2025 05:40,2669.5
05/11/2025 05:45,2620.81
05/11/2025 05:50,2856.6
05/11/2025 05:55,2601.15
05/11/2025 06:00,2918.09
05/11/2025 06:05,2776.98
05/11/2025 06:10,2891.28
05/11/2025 06:15,2914.59
05/11/2025 06:20,2839.54
05/11/2025 06:25,2937.27
05/11/2025 06:30,3043.64
05/11/2025 06:35,3142.22
05/11/2025 06:40,3087.43
05/11/2025 06:45,3181.43
05/11/2025 06:50,3056.97
05/11/2025 06:55,2979.07
05/11/2025 07:00,3270.34
05/11/2025 07:05,3270.59
05/11/2025 07:10,3389.95
05/11/2025 07:15,3437.96
05/11/2025 07:20,3512.46
05/11/2025 07:25,3487.15
05/11/2025 07:30,3663.4
05/11/2025 07:35,3772.07
05/11/2025 07:40,3688.09
05/11/2025 07:45,3694.19
05/11/2025 07:50,3779.46
05/11/2025 07:55,3768.75
05/11/2025 08:00,3891.36
05/11/2025 08:05,3936.78
05/11/2025 08:10,4033.02
05/11/2025 08:15,4058.76
05/11/2025 08:20,4187.7
05/11/2025 08:25,4298.59
05/11/2025 08:30,4324.58
05/11/2025 08:35,4493.04
05/11/2025 08:40,4359.05
05/11/2025 08:45,4559.43
05/11/2025 08:50,4548.2
05/11/2025 08:55,4609.29
05/11/2025 09:00,4651.91
05/11/2025 09:05,4648.4
05/11/2025 09:10,4573.44
05/11/2025 09:15,4867.97
05/11/2025 09:20,4757.53
05/11/2025 09:25,4831.9
05/11/2025 09:30,4897.57
05/11/2025 09:35,4865.15
05/11/2025 09:40,4876.22
05/11/2025 09:45,4901.75
05/11/2025 09:50,4986.13
05/11/2025 09:55,4971.39
05/11/2025 10:00,4961.13
05/11/2025 10:05,5002.22
05/11/2025 10:10,5052.01
05/11/2025 10:15,5024.54
05/11/2025 10:20,5069.55
05/11/2025 10:25,4977.46
05/11/2025 10:30,5121.41
05/11/2025 10:35,5129.65
05/11/2025 10:40,5083.2
05/11/2025 10:45,5068.36
05/11/2025 10:50,4989.81
05/11/2025 10:55,4926.68
05/11/2025 11:00,4970.49
05/11/2025 11:05,4833.41
05/11/2025 11:10,4879.19
05/11/2025 11:15,4994.82
05/11/2025 11:20,5056.32
05/11/2025 11:25,5153.41
05/11/2025 11:30,4787.36
05/11/2025 11:35,4890.6
05/11/2025 11:40,4597.74
05/11/2025 11:45,4750.64
05/11/2025 11:50,4630.69
05/11/2025 11:55,4611.01
05/11/2025 12:00,4465.49
05/11/2025 12:05,4527.61
05/11/2025 12:10,4512.71
05/11/2025 12:15,4596.79
05/11/2025 12:20,4538.83
05/11/2025 12:25,4408.04
05/11/2025 12:30,4463.25
05/11/2025 12:35,4541.99
05/11/2025 12:40,4504.99
05/11/2025 12:45,4451.9
05/11/2025 12:50,4474.6
05/11/2025 12:55,4399.72
05/11/2025 13:00,4573.99
05/11/2025 13:05,4348.14
05/11/2025 13:10,4314.02
05/11/2025 13:15,4483.36
05/11/2025 13:20,4335.02
05/11/2025 13:25,4504.17
05/11/2025 13:30,4421.06
05/11/2025 13:35,4425.04
05/11/2025 13:40,4391.53
05/11/2025 13:45,4330.14
05/11/2025 13:50,4378.95
05/11/2025 13:55,4405.31
05/11/2025 14:00,4425.71
05/11/2025 14:05,4349.41
05/11/2025 14:10,4296.67
05/11/2025 14:15,4369.54
05/11/2025 14:20,4281.93
05/11/2025 14:25,4294.57
05/11/2025 14:30,4301.43
05/11/2025 14:35,4277.96
05/11/2025 14:40,4342.73
05/11/2025 14:45,4361.95
05/11/2025 14:50,4246.72
05/11/2025 14:55,4217.21
05/11/2025 15:00,4207.77
05/11/2025 15:05,4096.2
05/11/2025 15:10,4334.9
05/11/2025 15:15,4404.62
05/11/2025 15:20,4282.4
05/11/2025 15:25,4454.65
05/11/2025 15:30,4402.72
05/11/2025 15:35,4331.66
05/11/2025 15:40,4283.77
05/11/2025 15:45,4468.51
05/11/2025 15:50,4463.76
05/11/2025 15:55,4459.01
05/11/2025 16:00,4523.75
05/11/2025 16:05,4536.94
05/11/2025 16:10,4548.98
05/11/2025 16:15,4449.26
05/11/2025 16:20,4624.24
05/11/2025 16:25,4632.26
05/11/2025 16:30,4461.97
05/11/2025 16:35,4510.53
05/11/2025 16:40,4664.56
05/11/2025 16:45,4519.43
05/11/2025 16:50,4654.2
05/11/2025 16:55,4708.05
05/11/2025 17:00,4652.51
05/11/2025 17:05,4591.19
05/11/2025 17:10,4717.58
05/11/2025 17:15,4705.82
05/11/2025 17:20,4880.13
05/11/2025 17:25,4714.92
05/11/2025 17:30,4724.73
05/11/2025 17:35,4842.9
05/11/2025 17:40,4884.86
05/11/2025 17:45,4918.99
05/11/2025 17:50,4678.71
05/11/2025 17:55,4778.39
05/11/2025 18:00,4671.05
05/11/2025 18:05,5000.76
05/11/2025 18:10,5050.98
05/11/2025 18:15,5029.61
05/11/2025 18:20,4981.11
05/11/2025 18:25,4899.08
05/11/2025 18:30,4914.3
05/11/2025 18:35,5004.95
05/11/2025 18:40,5109.37
05/11/2025 18:45,5065.01
05/11/2025 18:50,5161.77
05/11/2025 18:55,5045.17
05/11/2025 19:00,5032.43
05/11/2025 19:05,5107.34
05/11/2025 19:10,5044.84
05/11/2025 19:15,5102.29
05/11/2025 19:20,5259.79
05/11/2025 19:25,5041.44
05/11/2025 19:30,5066.73
05/11/2025 19:35,5027.05
05/11/2025 19:40,5099.26
05/11/2025 19:45,5233.67
05/11/2025 19:50,5181.17
05/11/2025 19:55,5148.81
05/11/2025 20:00,5032.49
05/11/2025 20:05,5052.06
05/11/2025 20:10,5064.44
05/11/2025 20:15,5110.69
05/11/2025 20:20,5113.3
05/11/2025 20:25,5138.05
05/11/2025 20:30,4877.53
05/11/2025 20:35,4931.79
05/11/2025 20:40,4881.29
05/11/2025 20:45,4926.94
05/11/2025 20:50,4970.08
05/11/2025 20:55,5060.68
05/11/2025 21:00,4981.03
05/11/2025 21:05,4806.96
05/11/2025 21:10,4774.47
05/11/2025 21:15,4759.24
05/11/2025 21:20,4603.87
05/11/2025 21:25,4588.73
05/11/2025 21:30,4611.1
05/11/2025 21:35,4620.86
05/11/2025 21:40,4457.04
05/11/2025 21:45,4376.58
05/11/2025 21:50,4333.05
05/11/2025 21:55,4129.95
05/11/2025 22:00,4166.11
05/11/2025 22:05,4116.97
05/11/2025 22:10,4127.02
05/11/2025 22:15,4102.6
05/11/2025 22:20,4052.35
05/11/2025 22:25,4103.53
05/11/2025 22:30,3925.23
05/11/2025 22:35,3915.39
05/11/2025 22:40,3818.46
05/11/2025 22:45,3824.3
05/11/2025 22:50,3849.6
05/11/2025 22:55,3655.01
05/11/2025 23:00,3601.18
05/11/2025 23:05,3535.63
05/11/2025 23:10,3691.64
05/11/2025 23:15,3490.92
05/11/2025 23:20,3390.81
05/11/2025 23:25,3385.68
05/11/2025 23:30,3480.97
05/11/2025 23:35,3312.49
05/11/2025 23:40,3209.13
05/11/2025 23:45,3227.08
05/11/2025 23:50,3109.1
05/11/2025 23:55,3106.01
06/11/2025 00:00,3015.73
06/11/2025 00:05,3006.57
06/11/2025 00:10,2860.21
06/11/2025 00:15,2914.64
06/11/2025 00:20,2941.45
06/11/2025 00:25,2718.54
06/11/2025 00:30,2883.36
06/11/2025 00:35,2779.23
06/11/2025 00:40,3030.76
06/11/2025 00:45,2862.91
06/11/2025 00:50,2871.17
06/11/2025 00:55,2714.09
06/11/2025 01:00,2745.03
06/11/2025 01:05,2602.74
06/11/2025 01:10,2662.57
06/11/2025 01:15,2602.39
06/11/2025 01:20,2553.28
06/11/2025 01:25,2694.58
06/11/2025 01:30,2462.25
06/11/2025 01:35,2570.53
06/11/2025 01:40,2548.56
06/11/2025 01:45,2520.48
06/11/2025 01:50,2556.49
06/11/2025 01:55,2545.16
06/11/2025 02:00,2155.41
06/11/2025 02:05,2073.23
06/11/2025 02:10,2021.87
06/11/2025 02:15,2032.15
06/11/2025 02:20,1900.0
06/11/2025 02:25,2048.29
06/11/2025 02:30,2185.82
06/11/2025 02:35,2111.99
06/11/2025 02:40,2145.7
06/11/2025 02:45,1990.45
06/11/2025 02:50,1983.09
06/11/2025 02:55,2072.31
06/11/2025 03:00,1915.51
06/11/2025 03:05,2077.85
06/11/2025 03:10,1900.0
06/11/2025 03:15,1995.55
06/11/2025 03:20,2143.0
06/11/2025 03:25,1900.0
06/11/2025 03:30,2052.83
06/11/2025 03:35,2107.8
06/11/2025 03:40,2044.99
06/11/2025 03:45,2043.92
06/11/2025 03:50,1942.5
06/11/2025 03:55,2022.56
06/11/2025 04:00,1900.0
06/11/2025 04:05,2055.18
06/11/2025 04:10,2099.79
06/11/2025 04:15,2015.28
06/11/2025 04:20,2029.9
06/11/2025 04:25,2070.62
06/11/2025 04:30,1922.74
06/11/2025 04:35,2011.51
06/11/2025 04:40,2043.91
06/11/2025 04:45,2139.57
06/11/2025 04:50,1988.9
06/11/2025 04:55,1993.59
06/11/2025 05:00,2414.33
06/11/2025 05:05,2258.67
06/11/2025 05:10,2327.6
06/11/2025 05:15,2318.72
06/11/2025 05:20,2382.41
06/11/2025 05:25,2500.9
06/11/2025 05:30,2406.43
06/11/2025 05:35,2441.06
06/11/2025 05:40,2617.68
06/11/2025 05:45,2632.16
06/11/2025 05:50,2712.94
06/11/2025 05:55,2809.25
06/11/2025 06:00,2750.69
06/11/2025 06:05,2720.36
06/11/2025 06:10,2882.72
06/11/2025 06:15,2840.75
06/11/2025 06:20,2838.18
06/11/2025 06:25,2966.84
06/11/2025 06:30,3040.05
06/11/2025 06:35,3081.3
06/11/2025 06:40,3049.91
06/11/2025 06:45,3256.55
06/11/2025 06:50,2980.05
06/11/2025 06:55,3271.81
06/11/2025 07:00,3204.31
06/11/2025 07:05,3328.17
06/11/2025 07:10,3368.57
06/11/2025 07:15,3427.53
06/11/2025 07:20,3466.63
06/11/2025 07:25,3531.94
06/11/2025 07:30,3738.4
06/11/2025 07:35,3701.66
06/11/2025 07:40,3823.63
06/11/2025 07:45,3812.02
06/11/2025 07:50,3762.72
06/11/2025 07:55,3864.98
06/11/2025 08:00,3949.27
06/11/2025 08:05,4086.96
06/11/2025 08:10,3977.68
06/11/2025 08:15,4052.77
06/11/2025 08:20,4251.58
06/11/2025 08:25,4447.59
06/11/2025 08:30,4341.87
06/11/2025 08:35,4452.83
06/11/2025 08:40,4438.0
06/11/2025 08:45,4525.5
06/11/2025 08:50,4427.41
06/11/2025 08:55,4551.55
06/11/2025 09:00,4769.5
06/11/2025 09:05,4730.86
06/11/2025 09:10,4767.55
06/11/2025 09:15,4802.81
06/11/2025 09:20,4667.45
06/11/2025 09:25,4772.5
06/11/2025 09:30,4718.25
06/11/2025 09:35,4697.39
06/11/2025 09:40,4793.56
06/11/2025 09:45,4825.79
06/11/2025 09:50,4987.69
06/11/2025 09:55,4914.82
06/11/2025 10:00,5088.35
06/11/2025 10:05,4994.36
06/11/2025 10:10,5158.98
06/11/2025 10:15,5170.51
06/11/2025 10:20,5048.84
06/11/2025 10:25,4955.14
06/11/2025 10:30,5235.68
06/11/2025 10:35,5069.99
06/11/2025 10:40,4980.19
06/11/2025 10:45,4920.1
06/11/2025 10:50,4965.66
06/11/2025 10:55,5018.57
06/11/2025 11:00,4941.6
06/11/2025 11:05,4886.1
06/11/2025 11:10,4947.78
06/11/2025 11:15,4900.97
06/11/2025 11:20,4855.89
06/11/2025 11:25,4828.05
06/11/2025 11:30,4881.99
06/11/2025 11:35,4806.9
06/11/2025 11:40,4767.69
06/11/2025 11:45,4883.84
06/11/2025 11:50,4676.58
06/11/2025 11:55,4699.74
06/11/2025 12:00,4541.85
06/11/2025 12:05,4663.1
06/11/2025 12:10,4657.83
06/11/2025 12:15,4632.62
06/11/2025 12:20,4614.81
06/11/2025 12:25,4478.57
06/11/2025 12:30,4434.84
06/11/2025 12:35,4417.22
06/11/2025 12:40,4601.68
06/11/2025 12:45,4368.03
06/11/2025 12:50,4724.92
06/11/2025 12:55,4330.43
06/11/2025 13:00,4262.51
06/11/2025 13:05,4480.01
06/11/2025 13:10,4468.05
06/11/2025 13:15,4327.23
06/11/2025 13:20,4336.19
06/11/2025 13:25,4334.6
06/11/2025 13:30,4359.2
06/11/2025 13:35,4438.26
06/11/2025 13:40,4287.58
06/11/2025 13:45,4281.91
06/11/2025 13:50,4342.96
06/11/2025 13:55,4339.19
06/11/2025 14:00,4452.46
06/11/2025 14:05,4304.44
06/11/2025 14:10,4398.24
06/11/2025 14:15,4189.86
06/11/2025 14:20,4516.52
06/11/2025 14:25,4401.83
06/11/2025 14:30,4311.34
06/11/2025 14:35,4272.98
06/11/2025 14:40,4227.89
06/11/2025 14:45,4226.71
06/11/2025 14:50,4291.07
06/11/2025 14:55,4238.88
06/11/2025 15:00,4203.28
06/11/2025 15:05,4274.04
06/11/2025 15:10,4231.97
06/11/2025 15:15,4282.96
06/11/2025 15:20,4400.8
06/11/2025 15:25,4392.24
06/11/2025 15:30,4305.99
06/11/2025 15:35,4276.62
06/11/2025 15:40,4337.08
06/11/2025 15:45,4492.82
06/11/2025 15:50,4345.61
06/11/2025 15:55,4537.94
06/11/2025 16:00,4317.97
06/11/2025 16:05,4420.59
06/11/2025 16:10,4577.07
06/11/2025 16:15,4516.06
06/11/2025 16:20,4575.06
06/11/2025 16:25,4531.2
06/11/2025 16:30,4525.44
06/11/2025 16:35,4539.66
06/11/2025 16:40,4559.65
06/11/2025 16:45,4606.31
06/11/2025 16:50,4556.95
06/11/2025 16:55,4669.1
06/11/2025 17:00,4700.28
06/11/2025 17:05,4711.35
06/11/2025 17:10,4737.55
06/11/2025 17:15,4712.94
06/11/2025 17:20,4755.78
06/11/2025 17:25,4709.47
06/11/2025 17:30,4642.54
06/11/2025 17:35,4768.55
06/11/2025 17:40,4812.38
06/11/2025 17:45,4750.79
06/11/2025 17:50,4879.97
06/11/2025 17:55,4919.28
06/11/2025 18:00,5006.58
06/11/2025 18:05,4903.45
06/11/2025 18:10,4712.11
06/11/2025 18:15,4807.87
06/11/2025 18:20,4999.42
06/11/2025 18:25,4816.4
06/11/2025 18:30,5060.84
06/11/2025 18:35,4994.24
06/11/2025 18:40,5034.67
06/11/2025 18:45,5027.3
06/11/2025 18:50,5149.34
06/11/2025 18:55,4964.89
06/11/2025 19:00,5045.69
06/11/2025 19:05,5200.45
06/11/2025 19:10,5078.83
06/11/2025 19:15,4989.83
06/11/2025 19:20,5332.92
06/11/2025 19:25,5150.7
06/11/2025 19:30,5043.71
06/11/2025 19:35,5079.27
06/11/2025 19:40,5249.49
06/11/2025 19:45,4994.51
06/11/2025 19:50,5020.87
06/11/2025 19:55,5138.55
06/11/2025 20:00,5068.53
06/11/2025 20:05,5100.9
06/11/2025 20:10,5122.59
06/11/2025 20:15,5034.6
06/11/2025 20:20,5036.21
06/11/2025 20:25,4960.29
06/11/2025 20:30,4973.87
06/11/2025 20:35,4992.72
06/11/2025 20:40,5024.07
06/11/2025 20:45,5049.17
06/11/2025 20:50,4876.33
06/11/2025 20:55,4980.29
06/11/2025 21:00,4772.03
06/11/2025 21:05,4759.04
06/11/2025 21:10,4709.97
06/11/2025 21:15,4688.21
06/11/2025 21:20,4580.64
06/11/2025 21:25,4558.83
06/11/2025 21:30,4722.29
06/11/2025 21:35,4608.32
06/11/2025 21:40,4405.86
06/11/2025 21:45,4363.47
06/11/2025 21:50,4380.08
06/11/2025 21:55,4424.22
06/11/2025 22:00,4187.14
06/11/2025 22:05,4168.36
06/11/2025 22:10,4183.9
06/11/2025 22:15,4088.95
06/11/2025 22:20,3981.59
06/11/2025 22:25,4102.69
06/11/2025 22:30,3956.3
06/11/2025 22:35,4077.46
06/11/2025 22:40,3796.41
06/11/2025 22:45,3876.64
06/11/2025 22:50,3682.53
06/11/2025 22:55,3682.34
06/11/2025 23:00,3658.79
06/11/2025 23:05,3601.07
06/11/2025 23:10,3516.74
06/11/2025 23:15,3466.13
06/11/2025 23:20,3603.96
06/11/2025 23:25,3406.24
06/11/2025 23:30,3368.51
06/11/2025 23:35,3354.11
06/11/2025 23:40,3277.89
06/11/2025 23:45,3154.0
06/11/2025 23:50,3124.77
06/11/2025 23:55,3102.57
07/11/2025 00:00,2993.37
07/11/2025 00:05,2843.42
07/11/2025 00:10,2906.7
07/11/2025 00:15,3048.0
07/11/2025 00:20,2897.69
07/11/2025 00:25,3029.46
07/11/2025 00:30,3046.98
07/11/2025 00:35,2977.97
07/11/2025 00:40,2705.22
07/11/2025 00:45,2841.44
07/11/2025 00:50,2780.78
07/11/2025 00:55,2809.58
07/11/2025 01:00,2705.1
07/11/2025 01:05,2731.67
07/11/2025 01:10,2785.5
07/11/2025 01:15,2756.84
07/11/2025 01:20,2506.14
07/11/2025 01:25,2462.56
07/11/2025 01:30,2688.74
07/11/2025 01:35,2577.21
07/11/2025 01:40,2509.23
07/11/2025 01:45,2492.4
07/11/2025 01:50,2506.75
07/11/2025 01:55,2469.31
07/11/2025 02:00,2114.55
07/11/2025 02:05,1974.85
07/11/2025 02:10,2042.13
07/11/2025 02:15,1910.68
07/11/2025 02:20,2040.41
07/11/2025 02:25,1958.92
07/11/2025 02:30,1916.64
07/11/2025 02:35,2040.9
07/11/2025 02:40,2175.15
07/11/2025 02:45,2029.11
07/11/2025 02:50,1912.23
07/11/2025 02:55,2051.75
07/11/2025 03:00,1968.9
07/11/2025 03:05,2040.19
07/11/2025 03:10,1985.72
07/11/2025 03:15,2004.94
07/11/2025 03:20,2072.29
07/11/2025 03:25,2154.15
07/11/2025 03:30,2085.06
07/11/2025 03:35,2026.25
07/11/2025 03:40,2030.64
07/11/2025 03:45,2047.11
07/11/2025 03:50,2127.45
07/11/2025 03:55,2066.01
07/11/2025 04:00,1967.75
07/11/2025 04:05,1944.67
07/11/2025 04:10,2194.45
07/11/2025 04:15,2097.03
07/11/2025 04:20,2027.99
07/11/2025 04:25,2076.32
07/11/2025 04:30,2013.76
07/11/2025 04:35,2016.71
07/11/2025 04:40,2053.2
07/11/2025 04:45,2021.78
07/11/2025 04:50,1957.81
07/11/2025 04:55,2221.13
07/11/2025 05:00,2184.17
07/11/2025 05:05,2289.98
07/11/2025 05:10,2412.53
07/11/2025 05:15,2331.14
07/11/2025 05:20,2541.61
07/11/2025 05:25,2251.07
07/11/2025 05:30,2447.25
07/11/2025 05:35,2620.84
07/11/2025 05:40,2713.38
07/11/2025 05:45,2565.92
07/11/2025 05:50,2613.06
07/11/2025 05:55,2764.71
07/11/2025 06:00,2838.51
07/11/2025 06:05,2790.03
07/11/2025 06:10,2845.09
07/11/2025 06:15,3058.96
07/11/2025 06:20,2928.41
07/11/2025 06:25,2913.36
07/11/2025 06:30,2900.16
07/11/2025 06:35,3022.9
07/11/2025 06:40,3076.4
07/11/2025 06:45,3052.31
07/11/2025 06:50,3158.18
07/11/2025 06:55,3090.6
07/11/2025 07:00,3223.71
07/11/2025 07:05,3358.34
07/11/2025 07:10,3368.4
07/11/2025 07:15,3363.49
07/11/2025 07:20,3396.42
07/11/2025 07:25,3328.69
07/11/2025 07:30,3653.99
07/11/2025 07:35,3739.36
07/11/2025 07:40,3609.33
07/11/2025 07:45,3721.26
07/11/2025 07:50,3847.25
07/11/2025 07:55,3912.64
07/11/2025 08:00,3900.08
07/11/2025 08:05,3997.1
07/11/2025 08:10,3882.71
07/11/2025 08:15,4209.72
07/11/2025 08:20,4145.72
07/11/2025 08:25,4302.69
07/11/2025 08:30,4254.46
07/11/2025 08:35,4184.79
07/11/2025 08:40,4473.31
07/11/2025 08:45,4586.34
07/11/2025 08:50,4590.13
07/11/2025 08:55,4489.41
07/11/2025 09:00,4628.88
07/11/2025 09:05,4766.18
07/11/2025 09:10,4708.06
07/11/2025 09:15,4788.15
07/11/2025 09:20,4685.53
07/11/2025 09:25,4883.08
07/11/2025 09:30,4876.18
07/11/2025 09:35,4901.33
07/11/2025 09:40,4910.95
07/11/2025 09:45,4696.67
07/11/2025 09:50,4873.53
07/11/2025 09:55,4910.85
07/11/2025 10:00,4955.17
07/11/2025 10:05,5109.62
07/11/2025 10:10,5002.89
07/11/2025 10:15,5083.83
07/11/2025 10:20,5077.36
07/11/2025 10:25,5119.21
07/11/2025 10:30,5052.18
07/11/2025 10:35,4984.9
07/11/2025 10:40,5200.45
07/11/2025 10:45,5041.07
07/11/2025 10:50,5089.12
07/11/2025 10:55,4924.13
07/11/2025 11:00,4941.6
07/11/2025 11:05,4764.61
07/11/2025 11:10,4926.86
07/11/2025 11:15,4869.95
07/11/2025 11:20,4902.76
07/11/2025 11:25,4968.25
07/11/2025 11:30,4895.61
07/11/2025 11:35,4882.01
07/11/2025 11:40,4867.72
07/11/2025 11:45,4844.33
07/11/2025 11:50,4817.04
07/11/2025 11:55,4615.98
07/11/2025 12:00,4522.46
07/11/2025 12:05,4441.55
07/11/2025 12:10,4562.53
07/11/2025 12:15,4551.44
07/11/2025 12:20,4427.44
07/11/2025 12:25,4462.72
07/11/2025 12:30,4536.49
07/11/2025 12:35,4462.71
07/11/2025 12:40,4525.54
07/11/2025 12:45,4621.32
07/11/2025 12:50,4480.38
07/11/2025 12:55,4422.74
07/11/2025 13:00,4316.59
07/11/2025 13:05,4618.38
07/11/2025 13:10,4500.54
07/11/2025 13:15,4419.48
07/11/2025 13:20,4445.2
07/11/2025 13:25,4300.77
07/11/2025 13:30,4561.94
07/11/2025 13:35,4415.88
07/11/2025 13:40,4281.48
07/11/2025 13:45,4430.55
07/11/2025 13:50,4435.34
07/11/2025 13:55,4428.39
07/11/2025 14:00,4304.56
07/11/2025 14:05,4375.55
07/11/2025 14:10,4306.62
07/11/2025 14:15,4280.38
07/11/2025 14:20,4175.45
07/11/2025 14:25,4437.51
07/11/2025 14:30,4368.9
07/11/2025 14:35,4339.98
07/11/2025 14:40,4371.37
07/11/2025 14:45,4317.86
07/11/2025 14:50,4137.78
07/11/2025 14:55,4339.81
07/11/2025 15:00,4240.6
07/11/2025 15:05,4246.41
07/11/2025 15:10,4316.12
07/11/2025 15:15,4184.99
07/11/2025 15:20,4338.0
07/11/2025 15:25,4339.54
07/11/2025 15:30,4392.2
07/11/2025 15:35,4223.25
07/11/2025 15:40,4299.96
07/11/2025 15:45,4371.11
07/11/2025 15:50,4379.48
07/11/2025 15:55,4349.35
07/11/2025 16:00,4491.89
07/11/2025 16:05,4273.58
07/11/2025 16:10,4521.78
07/11/2025 16:15,4549.19
07/11/2025 16:20,4461.88
07/11/2025 16:25,4546.91
07/11/2025 16:30,4587.6
07/11/2025 16:35,4506.4
07/11/2025 16:40,4598.8
07/11/2025 16:45,4618.88
07/11/2025 16:50,4626.63
07/11/2025 16:55,4636.42
07/11/2025 17:00,4628.05
07/11/2025 17:05,4741.73
07/11/2025 17:10,4521.41
07/11/2025 17:15,4585.35
07/11/2025 17:20,4657.99
07/11/2025 17:25,4600.69
07/11/2025 17:30,4769.23
07/11/2025 17:35,4844.79
07/11/2025 17:40,4773.06
07/11/2025 17:45,4768.21
07/11/2025 17:50,4874.44
07/11/2025 17:55,4852.44
07/11/2025 18:00,4798.13
07/11/2025 18:05,4952.9
07/11/2025 18:10,4803.96
07/11/2025 18:15,5021.66
07/11/2025 18:20,4849.0
07/11/2025 18:25,4951.83
07/11/2025 18:30,5019.04
07/11/2025 18:35,5233.01
07/11/2025 18:40,5005.81
07/11/2025 18:45,5011.69
07/11/2025 18:50,5119.33
07/11/2025 18:55,5168.6
07/11/2025 19:00,5201.27
07/11/2025 19:05,5157.39
07/11/2025 19:10,5149.16
07/11/2025 19:15,5259.91
07/11/2025 19:20,5167.92
07/11/2025 19:25,5173.24
07/11/2025 19:30,5074.43
07/11/2025 19:35,5103.06
07/11/2025 19:40,5114.8
07/11/2025 19:45,5184.81
07/11/2025 19:50,5315.65
07/11/2025 19:55,5152.42
07/11/2025 20:00,4965.12
07/11/2025 20:05,4978.4
07/11/2025 20:10,5156.43
07/11/2025 20:15,5095.53
07/11/2025 20:20,5098.65
07/11/2025 20:25,5183.68
07/11/2025 20:30,4898.98
07/11/2025 20:35,5045.35
07/11/2025 20:40,4925.29
07/11/2025 20:45,4986.4
07/11/2025 20:50,5022.55
07/11/2025 20:55,4716.76
07/11/2025 21:00,4933.65
07/11/2025 21:05,4754.85
07/11/2025 21:10,4628.02
07/11/2025 21:15,4762.62
07/11/2025 21:20,4619.3
07/11/2025 21:25,4784.52
07/11/2025 21:30,4563.91
07/11/2025 21:35,4471.05
07/11/2025 21:40,4425.97
07/11/2025 21:45,4412.63
07/11/2025 21:50,4296.88
07/11/2025 21:55,4280.57
07/11/2025 22:00,4358.11
07/11/2025 22:05,4115.99
07/11/2025 22:10,4073.87
07/11/2025 22:15,4146.81
07/11/2025 22:20,4043.1
07/11/2025 22:25,3965.86
07/11/2025 22:30,3912.82
07/11/2025 22:35,3969.06
07/11/2025 22:40,3863.89
07/11/2025 22:45,3845.36
07/11/2025 22:50,3702.84
07/11/2025 22:55,3667.88
07/11/2025 23:00,3536.07
07/11/2025 23:05,3615.76
07/11/2025 23:10,3515.68
07/11/2025 23:15,3585.83
07/11/2025 23:20,3484.9
07/11/2025 23:25,3391.93
07/11/2025 23:30,3570.57
07/11/2025 23:35,3360.16
07/11/2025 23:40,3297.08
07/11/2025 23:45,3312.01
07/11/2025 23:50,3192.81
07/11/2025 23:55,3128.19
08/11/2025 00:00,2877.29
08/11/2025 00:05,2692.61
08/11/2025 00:10,2662.88
08/11/2025 00:15,2735.99
08/11/2025 00:20,2626.54
08/11/2025 00:25,2725.59
08/11/2025 00:30,2615.87
08/11/2025 00:35,2685.31
08/11/2025 00:40,2550.9
08/11/2025 00:45,2661.41
08/11/2025 00:50,2571.83
08/11/2025 00:55,2435.72
08/11/2025 01:00,2464.67
08/11/2025 01:05,2453.64
08/11/2025 01:10,2510.31
08/11/2025 01:15,2430.59
08/11/2025 01:20,2381.98
08/11/2025 01:25,2357.25
08/11/2025 01:30,2443.42
08/11/2025 01:35,2318.76
08/11/2025 01:40,2315.66
08/11/2025 01:45,2166.58
08/11/2025 01:50,2359.55
08/11/2025 01:55,2230.0
08/11/2025 02:00,2017.89
08/11/2025 02:05,1900.0
08/11/2025 02:10,1900.0
08/11/2025 02:15,1900.0
08/11/2025 02:20,1900.0
08/11/2025 02:25,1900.0
08/11/2025 02:30,1900.0
08/11/2025 02:35,1900.0
08/11/2025 02:40,1900.0
08/11/2025 02:45,1900.0
08/11/2025 02:50,1900.0
08/11/2025 02:55,1900.0
08/11/2025 03:00,1900.0
08/11/2025 03:05,1900.0
08/11/2025 03:10,1900.0
08/11/2025 03:15,1956.85
08/11/2025 03:20,1900.0
08/11/2025 03:25,1900.0
08/11/2025 03:30,1900.0
08/11/2025 03:35,1900.0
08/11/2025 03:40,1900.0
08/11/2025 03:45,1900.0
08/11/2025 03:50,1900.0
08/11/2025 03:55,1900.0
08/11/2025 04:00,1981.18
08/11/2025 04:05,1900.0
08/11/2025 04:10,1900.0
08/11/2025 04:15,1900.0
08/11/2025 04:20,1900.0
08/11/2025 04:25,1900.0
08/11/2025 04:30,1900.0
08/11/2025 04:35,1917.22
08/11/2025 04:40,1900.0
08/11/2025 04:45,1900.0
08/11/2025 04:50,1900.0
08/11/2025 04:55,1900.0
08/11/2025 05:00,1990.02
08/11/2025 05:05,1996.26
08/11/2025 05:10,1999.97
08/11/2025 05:15,2076.5
08/11/2025 05:20,2155.26
08/11/2025 05:25,2144.32
08/11/2025 05:30,2309.85
08/11/2025 05:35,2309.74
08/11/2025 05:40,2360.29
08/11/2025 05:45,2358.4
08/11/2025 05:50,2365.5
08/11/2025 05:55,2499.87
08/11/2025 06:00,2531.28
08/11/2025 06:05,2657.03
08/11/2025 06:10,2687.77
08/11/2025 06:15,2640.84
08/11/2025 06:20,2713.26
08/11/2025 06:25,2729.75
08/11/2025 06:30,2808.78
08/11/2025 06:35,2773.5
08/11/2025 06:40,2819.97
08/11/2025 06:45,2898.08
08/11/2025 06:50,2822.64
08/11/2025 06:55,2887.98
08/11/2025 07:00,3090.23
08/11/2025 07:05,2917.29
08/11/2025 07:10,3088.62
08/11/2025 07:15,3236.93
08/11/2025 07:20,3257.6
08/11/2025 07:25,3261.68
08/11/2025 07:30,3306.12
08/11/2025 07:35,3545.96
08/11/2025 07:40,3494.56
08/11/2025 07:45,3589.31
08/11/2025 07:50,3513.21
08/11/2025 07:55,3732.07
08/11/2025 08:00,3782.2
08/11/2025 08:05,3721.17
08/11/2025 08:10,3805.86
08/11/2025 08:15,4030.69
08/11/2025 08:20,3984.61
08/11/2025 08:25,4146.85
08/11/2025 08:30,3919.77
08/11/2025 08:35,4114.2
08/11/2025 08:40,4172.26
08/11/2025 08:45,4282.23
08/11/2025 08:50,4358.86
08/11/2025 08:55,4395.51
08/11/2025 09:00,4529.69
08/11/2025 09:05,4417.39
08/11/2025 09:10,4446.49
08/11/2025 09:15,4518.62
08/11/2025 09:20,4664.45
08/11/2025 09:25,4631.97
08/11/2025 09:30,4570.73
08/11/2025 09:35,4664.16
08/11/2025 09:40,4456.94
08/11/2025 09:45,4611.27
08/11/2025 09:50,4722.67
08/11/2025 09:55,4769.46
08/11/2025 10:00,4602.15
08/11/2025 10:05,4767.76
08/11/2025 10:10,4676.76
08/11/2025 10:15,4955.44
08/11/2025 10:20,4937.86
08/11/2025 10:25,4703.22
08/11/2025 10:30,4775.13
08/11/2025 10:35,4708.56
08/11/2025 10:40,4731.88
08/11/2025 10:45,4839.24
08/11/2025 10:50,4670.74
08/11/2025 10:55,4876.73
08/11/2025 11:00,4750.09
08/11/2025 11:05,4731.05
08/11/2025 11:10,4679.45
08/11/2025 11:15,4681.38
08/11/2025 11:20,4598.92
08/11/2025 11:25,4531.19
08/11/2025 11:30,4538.75
08/11/2025 11:35,4329.93
08/11/2025 11:40,4630.92
08/11/2025 11:45,4620.86
08/11/2025 11:50,4385.72
08/11/2025 11:55,4381.78
08/11/2025 12:00,4325.57
08/11/2025 12:05,4298.2
08/11/2025 12:10,4335.03
08/11/2025 12:15,4227.12
08/11/2025 12:20,4247.94
08/11/2025 12:25,4185.46
08/11/2025 12:30,4153.97
08/11/2025 12:35,4236.15
08/11/2025 12:40,4379.29
08/11/2025 12:45,4180.17
08/11/2025 12:50,4193.48
08/11/2025 12:55,4309.56
08/11/2025 13:00,4064.27
08/11/2025 13:05,4334.07
08/11/2025 13:10,4170.67
08/11/2025 13:15,4251.29
08/11/2025 13:20,4134.71
08/11/2025 13:25,3943.1
08/11/2025 13:30,4073.84
08/11/2025 13:35,4113.62
08/11/2025 13:40,4235.32
08/11/2025 13:45,4184.42
08/11/2025 13:50,4053.8
08/11/2025 13:55,4151.01
08/11/2025 14:00,4201.34
08/11/2025 14:05,3987.13
08/11/2025 14:10,4160.48
08/11/2025 14:15,4161.27
08/11/2025 14:20,4053.31
08/11/2025 14:25,4021.09
08/11/2025 14:30,4036.51
08/11/2025 14:35,4176.39
08/11/2025 14:40,4087.41
08/11/2025 14:45,4016.66
08/11/2025 14:50,4049.79
08/11/2025 14:55,4179.19
08/11/2025 15:00,3969.39
08/11/2025 15:05,4145.11
08/11/2025 15:10,3984.09
08/11/2025 15:15,3868.16
08/11/2025 15:20,4063.73
08/11/2025 15:25,4012.33
08/11/2025 15:30,4096.6
08/11/2025 15:35,4168.98
08/11/2025 15:40,4156.11
08/11/2025 15:45,4185.04
08/11/2025 15:50,4121.81
08/11/2025 15:55,4117.58
08/11/2025 16:00,4210.77
08/11/2025 16:05,4214.02
08/11/2025 16:10,4205.98
08/11/2025 16:15,4134.21
08/11/2025 16:20,4210.19
08/11/2025 16:25,4340.03
08/11/2025 16:30,4403.17
08/11/2025 16:35,4208.79
08/11/2025 16:40,4139.37
08/11/2025 16:45,4382.93
08/11/2025 16:50,4380.53
08/11/2025 16:55,4387.0
08/11/2025 17:00,4388.84
08/11/2025 17:05,4381.35
08/11/2025 17:10,4411.5
08/11/2025 17:15,4292.19
08/11/2025 17:20,4454.33
08/11/2025 17:25,4560.52
08/11/2025 17:30,4480.89
08/11/2025 17:35,4607.29
08/11/2025 17:40,4594.32
08/11/2025 17:45,4574.02
08/11/2025 17:50,4687.18
08/11/2025 17:55,4645.25
08/11/2025 18:00,4581.54
08/11/2025 18:05,4582.58
08/11/2025 18:10,4519.74
08/11/2025 18:15,4603.92
08/11/2025 18:20,4770.92
08/11/2025 18:25,4782.74
08/11/2025 18:30,4920.89
08/11/2025 18:35,4725.37
08/11/2025 18:40,4679.15
08/11/2025 18:45,4878.89
08/11/2025 18:50,4848.68
08/11/2025 18:55,4850.15
08/11/2025 19:00,4852.07
08/11/2025 19:05,4800.78
08/11/2025 19:10,4818.74
08/11/2025 19:15,4886.98
08/11/2025 19:20,4827.74
08/11/2025 19:25,4794.45
08/11/2025 19:30,4916.9
08/11/2025 19:35,4860.78
08/11/2025 19:40,4819.38
08/11/2025 19:45,4698.35
08/11/2025 19:50,4854.51
08/11/2025 19:55,4984.64
08/11/2025 20:00,4742.09
08/11/2025 20:05,4905.91
08/11/2025 20:10,4800.88
08/11/2025 20:15,4681.92
08/11/2025 20:20,4820.21
08/11/2025 20:25,4621.88
08/11/2025 20:30,4625.97
08/11/2025 20:35,4646.71
08/11/2025 20:40,4726.34
08/11/2025 20:45,4670.44
08/11/2025 20:50,4582.1
08/11/2025 20:55,4547.54
08/11/2025 21:00,4645.19
08/11/2025 21:05,4666.22
08/11/2025 21:10,4488.36
08/11/2025 21:15,4371.42
08/11/2025 21:20,4355.61
08/11/2025 21:25,4332.49
08/11/2025 21:30,4324.1
08/11/2025 21:35,4143.81
08/11/2025 21:40,4119.56
08/11/2025 21:45,4015.1
08/11/2025 21:50,4134.29
08/11/2025 21:55,4025.78
08/11/2025 22:00,3933.63
08/11/2025 22:05,4109.88
08/11/2025 22:10,3845.3
08/11/2025 22:15,3921.77
08/11/2025 22:20,3909.86
08/11/2025 22:25,3703.21
08/11/2025 22:30,3665.01
08/11/2025 22:35,3542.2
08/11/2025 22:40,3610.48
08/11/2025 22:45,3575.68
08/11/2025 22:50,3514.8
08/11/2025 22:55,3486.68
08/11/2025 23:00,3340.09
08/11/2025 23:05,3395.11
08/11/2025 23:10,3333.66
08/11/2025 23:15,3260.98
08/11/2025 23:20,3256.75
08/11/2025 23:25,3234.13
08/11/2025 23:30,3105.75
08/11/2025 23:35,3018.93
08/11/2025 23:40,2854.81
08/11/2025 23:45,2942.91
08/11/2025 23:50,2828.72
08/11/2025 23:55,2917.53
09/11/2025 00:00,2944.4
09/11/2025 00:05,2846.19
09/11/2025 00:10,2793.16
09/11/2025 00:15,2691.74
09/11/2025 00:20,2830.45
09/11/2025 00:25,2665.95
09/11/2025 00:30,2661.37
09/11/2025 00:35,2732.21
09/11/2025 00:40,2605.86
09/11/2025 00:45,2523.97
09/11/2025 00:50,2606.55
09/11/2025 00:55,2410.71
09/11/2025 01:00,2608.03
09/11/2025 01:05,2354.16
09/11/2025 01:10,2413.12
09/11/2025 01:15,2299.07
09/11/2025 01:20,2448.48
09/11/2025 01:25,2351.4
09/11/2025 01:30,2381.54
09/11/2025 01:35,2386.24
09/11/2025 01:40,2459.39
09/11/2025 01:45,2277.76
09/11/2025 01:50,2246.9
09/11/2025 01:55,2236.55
09/11/2025 02:00,1916.75
09/11/2025 02:05,1937.93
09/11/2025 02:10,1900.0
09/11/2025 02:15,1900.0
09/11/2025 02:20,1900.0
09/11/2025 02:25,1912.94
09/11/2025 02:30,1900.0
09/11/2025 02:35,1900.0
09/11/2025 02:40,1900.0
09/11/2025 02:45,1938.5
09/11/2025 02:50,1900.0
09/11/2025 02:55,1908.65
09/11/2025 03:00,1900.0
09/11/2025 03:05,1900.0
09/11/2025 03:10,2052.61
09/11/2025 03:15,1900.0
09/11/2025 03:20,1900.0
09/11/2025 03:25,1900.0
09/11/2025 03:30,1928.34
09/11/2025 03:35,1900.0
09/11/2025 03:40,1900.0
09/11/2025 03:45,1900.0
09/11/2025 03:50,1916.46
09/11/2025 03:55,1900.0
09/11/2025 04:00,1900.0
09/11/2025 04:05,1900.0
09/11/2025 04:10,1933.97
09/11/2025 04:15,1905.61
09/11/2025 04:20,1900.0
09/11/2025 04:25,1900.0
09/11/2025 04:30,1900.0
09/11/2025 04:35,1900.0
09/11/2025 04:40,1945.09
09/11/2025 04:45,1998.32
09/11/2025 04:50,1900.0
09/11/2025 04:55,1900.0
09/11/2025 05:00,2019.49
09/11/2025 05:05,1915.66
09/11/2025 05:10,2020.19
09/11/2025 05:15,2286.86
09/11/2025 05:20,2063.36
09/11/2025 05:25,2069.48
09/11/2025 05:30,2309.34
09/11/2025 05:35,2376.54
09/11/2025 05:40,2440.37
09/11/2025 05:45,2410.1
09/11/2025 05:50,2547.93
09/11/2025 05:55,2376.49
09/11/2025 06:00,2600.58
09/11/2025 06:05,2596.66
09/11/2025 06:10,2573.83
09/11/2025 06:15,2513.06
09/11/2025 06:20,2603.72
09/11/2025 06:25,2676.88
09/11/2025 06:30,2660.13
09/11/2025 06:35,2747.79
09/11/2025 06:40,2735.32
09/11/2025 06:45,2892.7
09/11/2025 06:50,2932.52
09/11/2025 06:55,2864.88
09/11/2025 07:00,3023.01
09/11/2025 07:05,3155.81
09/11/2025 07:10,3163.28
09/11/2025 07:15,3184.14
09/11/2025 07:20,3329.28
09/11/2025 07:25,3199.44
09/11/2025 07:30,3252.08
09/11/2025 07:35,3458.81
09/11/2025 07:40,3569.98
09/11/2025 07:45,3593.83
09/11/2025 07:50,3468.44
09/11/2025 07:55,3553.97
09/11/2025 08:00,3644.79
09/11/2025 08:05,3763.95
09/11/2025 08:10,3842.38
09/11/2025 08:15,3788.96
09/11/2025 08:20,3968.29
09/11/2025 08:25,4036.66
09/11/2025 08:30,3920.11
09/11/2025 08:35,4260.09
09/11/2025 08:40,4175.06
09/11/2025 08:45,4250.05
09/11/2025 08:50,4264.33
09/11/2025 08:55,4265.41
09/11/2025 09:00,4417.78
09/11/2025 09:05,4411.2
09/11/2025 09:10,4523.96
09/11/2025 09:15,4639.05
09/11/2025 09:20,4669.77
09/11/2025 09:25,4510.74
09/11/2025 09:30,4603.21
09/11/2025 09:35,4634.21
09/11/2025 09:40,4605.97
09/11/2025 09:45,4753.63
09/11/2025 09:50,4671.27
09/11/2025 09:55,4713.0
09/11/2025 10:00,4654.03
09/11/2025 10:05,4690.22
09/11/2025 10:10,4858.19
09/11/2025 10:15,4795.26
09/11/2025 10:20,4846.79
09/11/2025 10:25,4761.73
09/11/2025 10:30,4803.83
09/11/2025 10:35,4950.29
09/11/2025 10:40,4753.82
09/11/2025 10:45,4769.4
09/11/2025 10:50,4780.4
09/11/2025 10:55,4812.14
09/11/2025 11:00,4687.61
09/11/2025 11:05,4794.69
09/11/2025 11:10,4787.9
09/11/2025 11:15,4623.58
09/11/2025 11:20,4558.41
09/11/2025 11:25,4788.95
09/11/2025 11:30,4612.93
09/11/2025 11:35,4494.49
09/11/2025 11:40,4528.26
09/11/2025 11:45,4547.95
09/11/2025 11:50,4473.15
09/11/2025 11:55,4459.63
09/11/2025 12:00,4315.53
09/11/2025 12:05,4321.51
09/11/2025 12:10,4256.87
09/11/2025 12:15,4268.02
09/11/2025 12:20,4300.92
09/11/2025 12:25,4304.17
09/11/2025 12:30,4120.78
09/11/2025 12:35,4222.26
09/11/2025 12:40,4099.39
09/11/2025 12:45,4308.53
09/11/2025 12:50,4290.61
09/11/2025 12:55,4119.27
09/11/2025 13:00,4183.6
09/11/2025 13:05,4281.69
09/11/2025 13:10,4213.69
09/11/2025 13:15,4231.99
09/11/2025 13:20,4174.04
09/11/2025 13:25,4203.68
09/11/2025 13:30,4079.71
09/11/2025 13:35,4295.78
09/11/2025 13:40,4006.94
09/11/2025 13:45,4187.03
09/11/2025 13:50,4096.12
09/11/2025 13:55,3995.1
09/11/2025 14:00,4149.29
09/11/2025 14:05,4209.42
09/11/2025 14:10,3996.22
09/11/2025 14:15,4207.74
09/11/2025 14:20,4087.32
09/11/2025 14:25,4225.77
09/11/2025 14:30,4085.83
09/11/2025 14:35,4098.17
09/11/2025 14:40,3972.87
09/11/2025 14:45,4140.51
09/11/2025 14:50,4090.97
09/11/2025 14:55,4230.34
09/11/2025 15:00,4070.51
09/11/2025 15:05,3928.69
09/11/2025 15:10,4079.22
09/11/2025 15:15,4024.91
09/11/2025 15:20,3981.07
09/11/2025 15:25,4077.15
09/11/2025 15:30,4189.12
09/11/2025 15:35,4106.66
09/11/2025 15:40,4088.85
09/11/2025 15:45,4185.98
09/11/2025 15:50,4066.24
09/11/2025 15:55,4178.56
09/11/2025 16:00,4170.6
09/11/2025 16:05,4187.2
09/11/2025 16:10,4229.62
09/11/2025 16:15,4223.58
09/11/2025 16:20,4291.86
09/11/2025 16:25,4478.71
09/11/2025 16:30,4310.92
09/11/2025 16:35,4260.05
09/11/2025 16:40,4377.74
09/11/2025 16:45,4335.13
09/11/2025 16:50,4266.32
09/11/2025 16:55,4494.96
09/11/2025 17:00,4320.64
09/11/2025 17:05,4329.58
09/11/2025 17:10,4565.21
09/11/2025 17:15,4478.13
09/11/2025 17:20,4504.46
09/11/2025 17:25,4506.43
09/11/2025 17:30,4527.05
09/11/2025 17:35,4581.57
09/11/2025 17:40,4450.98
09/11/2025 17:45,4533.88
09/11/2025 17:50,4688.41
09/11/2025 17:55,4580.46
09/11/2025 18:00,4625.81
09/11/2025 18:05,4595.9
09/11/2025 18:10,4642.93
09/11/2025 18:15,4778.28
09/11/2025 18:20,4583.61
09/11/2025 18:25,4649.98
09/11/2025 18:30,4857.44
09/11/2025 18:35,4806.74
09/11/2025 18:40,4837.1
09/11/2025 18:45,4849.01
09/11/2025 18:50,4906.92
09/11/2025 18:55,4879.42
09/11/2025 19:00,4679.61
09/11/2025 19:05,5029.5
09/11/2025 19:10,4743.89
09/11/2025 19:15,4918.36
09/11/2025 19:20,4970.25
09/11/2025 19:25,4909.09
09/11/2025 19:30,4910.8
09/11/2025 19:35,4915.37
09/11/2025 19:40,4863.01
09/11/2025 19:45,4847.75
09/11/2025 19:50,4776.94
09/11/2025 19:55,4878.13
09/11/2025 20:00,4816.07
09/11/2025 20:05,4702.74
09/11/2025 20:10,4822.0
09/11/2025 20:15,4768.04
09/11/2025 20:20,4749.45
09/11/2025 20:25,4833.7
09/11/2025 20:30,4813.49
09/11/2025 20:35,4883.21
09/11/2025 20:40,4672.09
09/11/2025 20:45,4721.7
09/11/2025 20:50,4676.48
09/11/2025 20:55,4611.45
09/11/2025 21:00,4757.6
09/11/2025 21:05,4552.7
09/11/2025 21:10,4582.48
09/11/2025 21:15,4613.77
09/11/2025 21:20,4420.01
09/11/2025 21:25,4410.47
09/11/2025 21:30,4194.71
09/11/2025 21:35,4301.5
09/11/2025 21:40,4285.28
09/11/2025 21:45,4227.71
09/11/2025 21:50,4013.58
09/11/2025 21:55,4141.97
09/11/2025 22:00,3963.21
09/11/2025 22:05,4008.17
09/11/2025 22:10,3853.84
09/11/2025 22:15,3951.42
09/11/2025 22:20,3838.09
09/11/2025 22:25,3809.86
09/11/2025 22:30,3659.56
09/11/2025 22:35,3669.93
09/11/2025 22:40,3699.25
09/11/2025 22:45,3510.92
09/11/2025 22:50,3329.29
09/11/2025 22:55,3600.13
09/11/2025 23:00,3454.69
09/11/2025 23:05,3336.87
09/11/2025 23:10,3282.74
09/11/2025 23:15,3194.06
09/11/2025 23:20,3187.28
09/11/2025 23:25,3337.93
09/11/2025 23:30,3190.33
09/11/2025 23:35,2984.84
09/11/2025 23:40,3095.15
09/11/2025 23:45,3052.39
09/11/2025 23:50,3067.92
09/11/2025 23:55,2739.29
10/11/2025 00:00,3098.99
10/11/2025 00:05,3054.14
10/11/2025 00:10,2999.08
10/11/2025 00:15,3091.6
10/11/2025 00:20,2964.17
10/11/2025 00:25,2989.05
10/11/2025 00:30,2987.88
10/11/2025 00:35,2855.84
10/11/2025 00:40,2853.4
10/11/2025 00:45,2986.25
10/11/2025 00:50,2860.17
10/11/2025 00:55,2714.17
10/11/2025 01:00,2627.22
10/11/2025 01:05,2694.27
10/11/2025 01:10,2735.66
10/11/2025 01:15,2791.76
10/11/2025 01:20,2721.94
10/11/2025 01:25,2554.75
10/11/2025 01:30,2708.94
10/11/2025 01:35,2811.45
10/11/2025 01:40,2452.26
10/11/2025 01:45,2458.41
10/11/2025 01:50,2476.06
10/11/2025 01:55,2446.83
10/11/2025 02:00,2051.21
10/11/2025 02:05,2027.45
10/11/2025 02:10,1966.72
10/11/2025 02:15,2040.22
10/11/2025 02:20,2033.85
10/11/2025 02:25,2058.14
10/11/2025 02:30,1900.0
10/11/2025 02:35,2155.74
10/11/2025 02:40,1959.24
10/11/2025 02:45,2118.54
10/11/2025 02:50,1925.7
10/11/2025 02:55,2230.37
10/11/2025 03:00,2260.26
10/11/2025 03:05,2041.25
10/11/2025 03:10,2202.63
10/11/2025 03:15,1980.82
10/11/2025 03:20,2271.5
10/11/2025 03:25,1900.0
10/11/2025 03:30,2077.49
10/11/2025 03:35,2163.17
10/11/2025 03:40,1900.0
10/11/2025 03:45,2131.53
10/11/2025 03:50,1951.01
10/11/2025 03:55,2046.13
10/11/2025 04:00,2200.42
10/11/2025 04:05,1973.82
10/11/2025 04:10,1997.73
10/11/2025 04:15,2040.84
10/11/2025 04:20,2205.29
10/11/2025 04:25,1972.76
10/11/2025 04:30,2088.25
10/11/2025 04:35,2163.83
10/11/2025 04:40,2021.87
10/11/2025 04:45,2171.75
10/11/2025 04:50,2090.19
10/11/2025 04:55,1933.17
10/11/2025 05:00,2351.59
10/11/2025 05:05,2349.82
10/11/2025 05:10,2386.28
10/11/2025 05:15,2258.97
10/11/2025 05:20,2349.64
10/11/2025 05:25,2539.56
10/11/2025 05:30,2572.89
10/11/2025 05:35,2644.92
10/11/2025 05:40,2545.32
10/11/2025 05:45,2701.92
10/11/2025 05:50,2666.97
10/11/2025 05:55,2663.64
10/11/2025 06:00,2736.93
10/11/2025 06:05,2810.94
10/11/2025 06:10,2948.03
10/11/2025 06:15,2943.25
10/11/2025 06:20,2857.44
10/11/2025 06:25,3148.71
10/11/2025 06:30,3012.31
10/11/2025 06:35,3026.04
10/11/2025 06:40,3100.54
10/11/2025 06:45,3288.86
10/11/2025 06:50,3110.66
10/11/2025 06:55,3216.25
10/11/2025 07:00,3163.71
10/11/2025 07:05,3400.86
10/11/2025 07:10,3319.69
10/11/2025 07:15,3599.16
10/11/2025 07:20,3486.77
10/11/2025 07:25,3547.67
10/11/2025 07:30,3531.26
10/11/2025 07:35,3680.25
10/11/2025 07:40,3638.92
10/11/2025 07:45,3913.62
10/11/2025 07:50,3793.01
10/11/2025 07:55,4101.4
10/11/2025 08:00,3959.68
10/11/2025 08:05,3978.44
10/11/2025 08:10,4069.6
10/11/2025 08:15,3943.7
10/11/2025 08:20,4055.42
10/11/2025 08:25,4183.7
10/11/2025 08:30,4345.05
10/11/2025 08:35,4343.15
10/11/2025 08:40,4310.17
10/11/2025 08:45,4534.04
10/11/2025 08:50,4629.33
10/11/2025 08:55,4573.27
10/11/2025 09:00,4569.23
10/11/2025 09:05,4680.88
10/11/2025 09:10,4651.16
10/11/2025 09:15,4777.76
10/11/2025 09:20,4808.31
10/11/2025 09:25,4832.46
10/11/2025 09:30,4735.93
10/11/2025 09:35,4833.85
10/11/2025 09:40,4933.65
10/11/2025 09:45,4932.78
10/11/2025 09:50,4947.5
10/11/2025 09:55,4938.94
10/11/2025 10:00,5034.55
10/11/2025 10:05,5010.74
10/11/2025 10:10,4941.79
10/11/2025 10:15,5093.47
10/11/2025 10:20,4980.11
10/11/2025 10:25,5137.21
10/11/2025 10:30,5133.95
10/11/2025 10:35,5021.32
10/11/2025 10:40,5042.39
10/11/2025 10:45,5046.26
10/11/2025 10:50,5045.48
10/11/2025 10:55,4908.43
10/11/2025 11:00,4904.0
10/11/2025 11:05,5012.49
10/11/2025 11:10,4744.22
10/11/2025 11:15,4919.29
10/11/2025 11:20,4859.47
10/11/2025 11:25,4965.69
10/11/2025 11:30,4838.16
10/11/2025 11:35,4907.48
10/11/2025 11:40,4776.12
10/11/2025 11:45,4759.63
10/11/2025 11:50,4762.67
10/11/2025 11:55,4682.11
10/11/2025 12:00,4461.82
10/11/2025 12:05,4546.25
10/11/2025 12:10,4467.13
10/11/2025 12:15,4501.57
10/11/2025 12:20,4477.51
10/11/2025 12:25,4622.84
10/11/2025 12:30,4525.96
10/11/2025 12:35,4610.37
10/11/2025 12:40,4382.41
10/11/2025 12:45,4367.48
10/11/2025 12:50,4555.57
10/11/2025 12:55,4467.47
10/11/2025 13:00,4335.51
10/11/2025 13:05,4333.04
10/11/2025 13:10,4211.9
10/11/2025 13:15,4400.72
10/11/2025 13:20,4344.53
10/11/2025 13:25,4433.36
10/11/2025 13:30,4372.83
10/11/2025 13:35,4367.6
10/11/2025 13:40,4339.88
10/11/2025 13:45,4506.67
10/11/2025 13:50,4326.48
10/11/2025 13:55,4355.87
10/11/2025 14:00,4366.39
10/11/2025 14:05,4348.7
10/11/2025 14:10,4377.12
10/11/2025 14:15,4423.79
10/11/2025 14:20,4353.65
10/11/2025 14:25,4175.49
10/11/2025 14:30,4309.27
10/11/2025 14:35,4248.47
10/11/2025 14:40,4070.02
10/11/2025 14:45,4296.52
10/11/2025 14:50,4293.92
10/11/2025 14:55,4175.11
10/11/2025 15:00,4274.73
10/11/2025 15:05,4337.49
10/11/2025 15:10,4217.21
10/11/2025 15:15,4397.68
10/11/2025 15:20,4311.37
10/11/2025 15:25,4352.05
10/11/2025 15:30,4519.62
10/11/2025 15:35,4328.05
10/11/2025 15:40,4431.67
10/11/2025 15:45,4388.97
10/11/2025 15:50,4349.09
10/11/2025 15:55,4286.85
10/11/2025 16:00,4477.26
10/11/2025 16:05,4491.57
10/11/2025 16:10,4440.98
10/11/2025 16:15,4410.26
10/11/2025 16:20,4543.99
10/11/2025 16:25,4441.01
10/11/2025 16:30,4542.15
10/11/2025 16:35,4739.59
10/11/2025 16:40,4712.48
10/11/2025 16:45,4651.56
10/11/2025 16:50,4628.01
10/11/2025 16:55,4709.39
10/11/2025 17:00,4547.74
10/11/2025 17:05,4733.64
10/11/2025 17:10,4667.46
10/11/2025 17:15,4715.43
10/11/2025 17:20,4717.99
10/11/2025 17:25,4660.89
10/11/2025 17:30,4866.15
10/11/2025 17:35,4688.55
10/11/2025 17:40,4547.2
10/11/2025 17:45,4759.81
10/11/2025 17:50,4828.33
10/11/2025 17:55,4708.03
10/11/2025 18:00,4807.24
10/11/2025 18:05,4849.09
10/11/2025 18:10,4890.35
10/11/2025 18:15,4895.69
10/11/2025 18:20,4860.94
10/11/2025 18:25,4983.0
10/11/2025 18:30,4942.36
10/11/2025 18:35,5152.61
10/11/2025 18:40,5111.97
10/11/2025 18:45,5205.01
10/11/2025 18:50,5152.57
10/11/2025 18:55,5150.42
10/11/2025 19:00,5057.26
10/11/2025 19:05,5158.54
10/11/2025 19:10,5166.53
10/11/2025 19:15,5314.52
10/11/2025 19:20,5013.72
10/11/2025 19:25,5045.2
10/11/2025 19:30,5142.2
10/11/2025 19:35,4993.24
10/11/2025 19:40,5180.69
10/11/2025 19:45,5174.22
10/11/2025 19:50,5158.17
10/11/2025 19:55,5114.21
10/11/2025 20:00,4946.69
10/11/2025 20:05,5110.75
10/11/2025 20:10,5094.41
10/11/2025 20:15,4993.22
10/11/2025 20:20,5092.47
10/11/2025 20:25,4915.72
10/11/2025 20:30,5056.63
10/11/2025 20:35,4901.76
10/11/2025 20:40,4911.5
10/11/2025 20:45,4962.27
10/11/2025 20:50,4996.58
10/11/2025 20:55,4895.27
10/11/2025 21:00,4712.7
10/11/2025 21:05,4684.79
10/11/2025 21:10,4740.64
10/11/2025 21:15,4473.76
10/11/2025 21:20,4701.19
10/11/2025 21:25,4508.63
10/11/2025 21:30,4532.12
10/11/2025 21:35,4617.67
10/11/2025 21:40,4370.21
10/11/2025 21:45,4497.08
10/11/2025 21:50,4308.71
10/11/2025 21:55,4224.89
10/11/2025 22:00,4327.76
10/11/2025 22:05,4343.27
10/11/2025 22:10,4105.18
10/11/2025 22:15,4162.26
10/11/2025 22:20,3954.14
10/11/2025 22:25,4005.39
10/11/2025 22:30,3885.5
10/11/2025 22:35,3759.35
10/11/2025 22:40,3834.84
10/11/2025 22:45,3767.8
10/11/2025 22:50,3734.7
10/11/2025 22:55,3842.95
10/11/2025 23:00,3682.23
10/11/2025 23:05,3501.38
10/11/2025 23:10,3585.57
10/11/2025 23:15,3524.19
10/11/2025 23:20,3390.42
10/11/2025 23:25,3269.32
10/11/2025 23:30,3323.68
10/11/2025 23:35,3268.43
10/11/2025 23:40,3280.05
10/11/2025 23:45,3268.82
10/11/2025 23:50,3285.96
10/11/2025 23:55,3099.84
11/11/2025 00:00,2966.69
11/11/2025 00:05,2997.29
11/11/2025 00:10,2996.1
11/11/2025 00:15,2928.79
11/11/2025 00:20,2970.93
11/11/2025 00:25,2929.3
11/11/2025 00:30,2826.12
11/11/2025 00:35,3000.7
11/11/2025 00:40,2670.75
11/11/2025 00:45,2611.57
11/11/2025 00:50,2714.25
11/11/2025 00:55,2756.7
11/11/2025 01:00,2741.63
11/11/2025 01:05,2863.31
11/11/2025 01:10,2744.58
11/11/2025 01:15,2671.36
11/11/2025 01:20,2683.07
11/11/2025 01:25,2646.97
11/11/2025 01:30,2595.66
11/11/2025 01:35,2505.0
11/11/2025 01:40,2578.27
11/11/2025 01:45,2561.28
11/11/2025 01:50,2511.68
11/11/2025 01:55,2364.34
11/11/2025 02:00,1984.21
11/11/2025 02:05,1945.76
11/11/2025 02:10,2137.37
11/11/2025 02:15,2046.81
11/11/2025 02:20,2089.67
11/11/2025 02:25,2144.13
11/11/2025 02:30,1976.25
11/11/2025 02:35,1937.1
11/11/2025 02:40,2057.4
11/11/2025 02:45,1975.58
11/11/2025 02:50,2121.02
11/11/2025 02:55,2059.48
11/11/2025 03:00,1956.55
11/11/2025 03:05,2068.17
11/11/2025 03:10,2021.93
11/11/2025 03:15,2023.21
11/11/2025 03:20,2080.7
11/11/2025 03:25,2081.24
11/11/2025 03:30,2098.14
11/11/2025 03:35,2153.7
11/11/2025 03:40,1996.12
11/11/2025 03:45,2061.62
11/11/2025 03:50,2021.86
11/11/2025 03:55,1934.44
11/11/2025 04:00,2154.1
11/11/2025 04:05,2121.2
11/11/2025 04:10,2091.92
11/11/2025 04:15,2063.79
11/11/2025 04:20,2180.41
11/11/2025 04:25,2070.05
11/11/2025 04:30,2090.93
11/11/2025 04:35,2090.29
11/11/2025 04:40,2060.66
11/11/2025 04:45,2057.58
11/11/2025 04:50,2073.71
11/11/2025 04:55,2039.49
11/11/2025 05:00,2238.51
11/11/2025 05:05,2269.98
11/11/2025 05:10,2268.28
11/11/2025 05:15,2322.12
11/11/2025 05:20,2366.63
11/11/2025 05:25,2489.84
11/11/2025 05:30,2496.78
11/11/2025 05:35,2545.43
11/11/2025 05:40,2615.22
11/11/2025 05:45,2647.78
11/11/2025 05:50,2428.67
11/11/2025 05:55,2766.88
11/11/2025 06:00,2761.28
11/11/2025 06:05,2830.95
11/11/2025 06:10,2867.45
11/11/2025 06:15,2758.92
11/11/2025 06:20,2847.42
11/11/2025 06:25,2929.26
11/11/2025 06:30,2953.25
11/11/2025 06:35,3038.15
11/11/2025 06:40,3081.8
11/11/2025 06:45,3091.33
11/11/2025 06:50,3272.4
11/11/2025 06:55,3170.83
11/11/2025 07:00,3294.63
11/11/2025 07:05,3325.06
11/11/2025 07:10,3444.04
11/11/2025 07:15,3421.91
11/11/2025 07:20,3322.67
11/11/2025 07:25,3481.97
11/11/2025 07:30,3640.48
11/11/2025 07:35,3710.55
11/11/2025 07:40,3773.14
11/11/2025 07:45,3818.0
11/11/2025 07:50,3686.4
11/11/2025 07:55,3869.95
11/11/2025 08:00,3998.01
11/11/2025 08:05,4022.66
11/11/2025 08:10,3942.62
11/11/2025 08:15,4017.73
11/11/2025 08:20,4188.51
11/11/2025 08:25,4276.72
11/11/2025 08:30,4280.07
11/11/2025 08:35,4352.3
11/11/2025 08:40,4306.03
11/11/2025 08:45,4458.84
11/11/2025 08:50,4616.83
11/11/2025 08:55,4646.55
11/11/2025 09:00,4482.45
11/11/2025 09:05,4748.86
11/11/2025 09:10,4747.87
11/11/2025 09:15,4708.92
11/11/2025 09:20,4709.9
11/11/2025 09:25,4791.61
11/11/2025 09:30,4874.68
11/11/2025 09:35,4823.71
11/11/2025 09:40,4839.4
11/11/2025 09:45,4825.21
11/11/2025 09:50,5086.56
11/11/2025 09:55,5007.1
11/11/2025 10:00,4911.27
11/11/2025 10:05,4935.02
11/11/2025 10:10,5099.0
11/11/2025 10:15,5039.59
11/11/2025 10:20,5010.03
11/11/2025 10:25,5046.97
11/11/2025 10:30,5181.31
11/11/2025 10:35,5147.09
11/11/2025 10:40,5095.42
11/11/2025 10:45,5128.74
11/11/2025 10:50,5009.9
11/11/2025 10:55,4969.17
11/11/2025 11:00,4952.22
11/11/2025 11:05,4903.65
11/11/2025 11:10,5070.22
11/11/2025 11:15,4910.09
11/11/2025 11:20,4837.83
11/11/2025 11:25,4950.77
11/11/2025 11:30,4825.79
11/11/2025 11:35,4736.39
11/11/2025 11:40,4739.25
11/11/2025 11:45,4851.41
11/11/2025 11:50,4879.25
11/11/2025 11:55,4763.48
11/11/2025 12:00,4567.71
11/11/2025 12:05,4539.31
11/11/2025 12:10,4448.48
11/11/2025 12:15,4691.33
11/11/2025 12:20,4502.7
11/11/2025 12:25,4400.21
11/11/2025 12:30,4426.71
11/11/2025 12:35,4422.34
11/11/2025 12:40,4440.59
11/11/2025 12:45,4434.96
11/11/2025 12:50,4365.46
11/11/2025 12:55,4450.2
11/11/2025 13:00,4376.89
11/11/2025 13:05,4539.6
11/11/2025 13:10,4512.83
11/11/2025 13:15,4392.55
11/11/2025 13:20,4473.41
11/11/2025 13:25,4449.81
11/11/2025 13:30,4431.0
11/11/2025 13:35,4323.97
11/11/2025 13:40,4275.61
11/11/2025 13:45,4402.24
11/11/2025 13:50,4367.85
11/11/2025 13:55,4243.15
11/11/2025 14:00,4353.93
11/11/2025 14:05,4420.99
11/11/2025 14:10,4278.99
11/11/2025 14:15,4323.47
11/11/2025 14:20,4418.92
11/11/2025 14:25,4381.32
11/11/2025 14:30,4284.72
11/11/2025 14:35,4401.0
11/11/2025 14:40,4306.37
11/11/2025 14:45,4163.8
11/11/2025 14:50,4365.44
11/11/2025 14:55,4191.29
11/11/2025 15:00,4233.72
11/11/2025 15:05,4306.64
11/11/2025 15:10,4278.24
11/11/2025 15:15,4271.29
11/11/2025 15:20,4374.81
11/11/2025 15:25,4489.85
11/11/2025 15:30,4262.42
11/11/2025 15:35,4343.91
11/11/2025 15:40,4520.33
11/11/2025 15:45,4391.44
11/11/2025 15:50,4438.86
11/11/2025 15:55,4371.66
11/11/2025 16:00,4449.9
11/11/2025 16:05,4412.34
11/11/2025 16:10,4381.93
11/11/2025 16:15,4295.94
11/11/2025 16:20,4418.29
11/11/2025 16:25,4534.92
11/11/2025 16:30,4643.02
11/11/2025 16:35,4582.51
11/11/2025 16:40,4692.38
11/11/2025 16:45,4477.55
11/11/2025 16:50,4655.4
11/11/2025 16:55,4702.38
11/11/2025 17:00,4728.0
11/11/2025 17:05,4675.42
11/11/2025 17:10,4528.17
11/11/2025 17:15,4631.58
11/11/2025 17:20,4708.7
11/11/2025 17:25,4664.89
11/11/2025 17:30,4735.35
11/11/2025 17:35,4679.95
11/11/2025 17:40,4744.02
11/11/2025 17:45,4753.82
11/11/2025 17:50,4822.24
11/11/2025 17:55,4795.93
11/11/2025 18:00,4856.68
11/11/2025 18:05,4901.64
11/11/2025 18:10,4887.05
11/11/2025 18:15,4876.75
11/11/2025 18:20,4896.66
11/11/2025 18:25,4941.14
11/11/2025 18:30,5032.68
11/11/2025 18:35,5031.15
11/11/2025 18:40,4934.98
11/11/2025 18:45,5093.21
11/11/2025 18:50,5045.97
11/11/2025 18:55,5046.35
11/11/2025 19:00,5076.23
11/11/2025 19:05,5048.64
11/11/2025 19:10,5215.65
11/11/2025 19:15,5122.03
11/11/2025 19:20,5061.71
11/11/2025 19:25,5306.22
11/11/2025 19:30,5161.31
11/11/2025 19:35,5129.92
11/11/2025 19:40,5201.13
11/11/2025 19:45,5174.98
11/11/2025 19:50,5061.82
11/11/2025 19:55,5077.52
11/11/2025 20:00,5084.86
11/11/2025 20:05,5229.65
11/11/2025 20:10,5022.92
11/11/2025 20:15,5011.72
11/11/2025 20:20,5007.44
11/11/2025 20:25,5002.2
11/11/2025 20:30,4935.28
11/11/2025 20:35,4928.05
11/11/2025 20:40,4765.97
11/11/2025 20:45,4796.18
11/11/2025 20:50,4931.95
11/11/2025 20:55,4853.01
11/11/2025 21:00,4832.41
11/11/2025 21:05,4929.03
11/11/2025 21:10,4667.55
11/11/2025 21:15,4660.31
11/11/2025 21:20,4644.29
11/11/2025 21:25,4654.24
11/11/2025 21:30,4583.29
11/11/2025 21:35,4482.58
11/11/2025 21:40,4403.75
11/11/2025 21:45,4349.71
11/11/2025 21:50,4328.41
11/11/2025 21:55,4229.83
11/11/2025 22:00,4326.89
11/11/2025 22:05,4071.85
11/11/2025 22:10,4087.44
11/11/2025 22:15,4152.51
11/11/2025 22:20,4084.93
11/11/2025 22:25,4008.0
11/11/2025 22:30,3925.84
11/11/2025 22:35,3954.37
11/11/2025 22:40,4021.9
11/11/2025 22:45,3872.5
11/11/2025 22:50,3661.28
11/11/2025 22:55,3707.87
11/11/2025 23:00,3627.59
11/11/2025 23:05,3538.23
11/11/2025 23:10,3556.25
11/11/2025 23:15,3439.23
11/11/2025 23:20,3458.6
11/11/2025 23:25,3331.1
11/11/2025 23:30,3341.09
11/11/2025 23:35,3277.84
11/11/2025 23:40,3218.18
11/11/2025 23:45,3259.97
11/11/2025 23:50,3055.27
11/11/2025 23:55,3150.87
12/11/2025 00:00,2904.43
12/11/2025 00:05,2937.16
12/11/2025 00:10,2933.53
12/11/2025 00:15,2923.82
12/11/2025 00:20,2949.09
12/11/2025 00:25,2987.71
12/11/2025 00:30,2867.43
12/11/2025 00:35,2784.5
12/11/2025 00:40,2940.57
12/11/2025 00:45,2807.1
12/11/2025 00:50,2732.21
12/11/2025 00:55,2742.44
12/11/2025 01:00,2807.45
12/11/2025 01:05,2718.9
12/11/2025 01:10,2656.69
12/11/2025 01:15,2669.01
12/11/2025 01:20,2652.98
12/11/2025 01:25,2552.07
12/11/2025 01:30,2609.72
12/11/2025 01:35,2456.38
12/11/2025 01:40,2633.31
12/11/2025 01:45,2638.75
12/11/2025 01:50,2546.49
12/11/2025 01:55,2389.86
12/11/2025 02:00,2139.31
12/11/2025 02:05,2040.57
12/11/2025 02:10,2227.72
12/11/2025 02:15,1911.71
12/11/2025 02:20,1998.38
12/11/2025 02:25,1971.58
12/11/2025 02:30,1920.28
12/11/2025 02:35,1900.0
12/11/2025 02:40,1955.57
12/11/2025 02:45,2061.92
12/11/2025 02:50,1919.07
12/11/2025 02:55,2176.81
12/11/2025 03:00,2019.68
12/11/2025 03:05,2114.45
12/11/2025 03:10,2012.57
12/11/2025 03:15,2153.44
12/11/2025 03:20,2164.42
12/11/2025 03:25,1988.69
12/11/2025 03:30,2082.55
12/11/2025 03:35,2100.31
12/11/2025 03:40,1944.7
12/11/2025 03:45,1972.15
12/11/2025 03:50,2114.08
12/11/2025 03:55,1907.07
12/11/2025 04:00,2162.62
12/11/2025 04:05,2033.97
12/11/2025 04:10,2051.85
12/11/2025 04:15,2076.49
12/11/2025 04:20,2044.2
12/11/2025 04:25,2016.01
12/11/2025 04:30,1981.35
12/11/2025 04:35,2097.45
12/11/2025 04:40,2173.66
12/11/2025 04:45,1952.76
12/11/2025 04:50,2012.94
12/11/2025 04:55,2075.5
12/11/2025 05:00,2268.05
12/11/2025 05:05,2370.35
12/11/2025 05:10,2407.27
12/11/2025 05:15,2436.09
12/11/2025 05:20,2359.74
12/11/2025 05:25,2484.49
12/11/2025 05:30,2540.95
12/11/2025 05:35,2525.5
12/11/2025 05:40,2575.46
12/11/2025 05:45,2540.84
12/11/2025 05:50,2644.16
12/11/2025 05:55,2646.69
12/11/2025 06:00,2685.51
12/11/2025 06:05,2644.25
12/11/2025 06:10,2830.14
12/11/2025 06:15,2620.6
12/11/2025 06:20,2941.12
12/11/2025 06:25,2726.03
12/11/2025 06:30,3063.1
12/11/2025 06:35,3041.8
12/11/2025 06:40,3043.36
12/11/2025 06:45,3079.18
12/11/2025 06:50,3113.28
12/11/2025 06:55,3282.71
12/11/2025 07:00,3287.14
12/11/2025 07:05,3174.23
12/11/2025 07:10,3259.92
12/11/2025 07:15,3437.3
12/11/2025 07:20,3512.96
12/11/2025 07:25,3517.16
12/11/2025 07:30,3693.81
12/11/2025 07:35,3824.0
12/11/2025 07:40,3711.34
12/11/2025 07:45,3721.01
12/11/2025 07:50,3749.97
12/11/2025 07:55,3920.83
12/11/2025 08:00,3904.4
12/11/2025 08:05,4050.64
12/11/2025 08:10,4043.66
12/11/2025 08:15,4032.66
12/11/2025 08:20,4055.49
12/11/2025 08:25,4260.82
12/11/2025 08:30,4305.38
12/11/2025 08:35,4213.9
12/11/2025 08:40,4473.71
12/11/2025 08:45,4464.54
12/11/2025 08:50,4591.61
12/11/2025 08:55,4545.52
12/11/2025 09:00,4584.9
12/11/2025 09:05,4557.78
12/11/2025 09:10,4730.9
12/11/2025 09:15,4645.0
12/11/2025 09:20,4794.97
12/11/2025 09:25,4920.53
12/11/2025 09:30,4759.48
12/11/2025 09:35,4773.11
12/11/2025 09:40,5086.05
12/11/2025 09:45,4999.33
12/11/2025 09:50,4968.71
12/11/2025 09:55,4981.8
12/11/2025 10:00,5045.51
12/11/2025 10:05,5126.66
12/11/2025 10:10,5100.39
12/11/2025 10:15,5035.85
12/11/2025 10:20,5027.08
12/11/2025 10:25,5102.1
12/11/2025 10:30,5010.35
12/11/2025 10:35,5041.61
12/11/2025 10:40,4931.04
12/11/2025 10:45,4979.54
12/11/2025 10:50,5034.98
12/11/2025 10:55,4945.84
12/11/2025 11:00,4999.17
12/11/2025 11:05,4820.74
12/11/2025 11:10,5061.67
12/11/2025 11:15,4862.13
12/11/2025 11:20,5131.32
12/11/2025 11:25,5047.71
12/11/2025 11:30,4993.67
12/11/2025 11:35,4742.19
12/11/2025 11:40,4834.97
12/11/2025 11:45,4730.77
12/11/2025 11:50,4811.5
12/11/2025 11:55,4805.32
12/11/2025 12:00,4653.88
12/11/2025 12:05,4537.05
12/11/2025 12:10,4580.06
12/11/2025 12:15,4605.59
12/11/2025 12:20,4413.86
12/11/2025 12:25,4454.98
12/11/2025 12:30,4547.97
12/11/2025 12:35,4534.98
12/11/2025 12:40,4362.37
12/11/2025 12:45,4513.65
12/11/2025 12:50,4392.19
12/11/2025 12:55,4379.98
12/11/2025 13:00,4356.51
12/11/2025 13:05,4610.21
12/11/2025 13:10,4426.47
12/11/2025 13:15,4428.65
12/11/2025 13:20,4636.16
12/11/2025 13:25,4294.8
12/11/2025 13:30,4346.63
12/11/2025 13:35,4479.09
12/11/2025 13:40,4442.96
12/11/2025 13:45,4285.48
12/11/2025 13:50,4307.39
12/11/2025 13:55,4452.08
12/11/2025 14:00,4330.63
12/11/2025 14:05,4208.97
12/11/2025 14:10,4402.12
12/11/2025 14:15,4361.74
12/11/2025 14:20,4322.21
12/11/2025 14:25,4236.99
12/11/2025 14:30,4350.16
12/11/2025 14:35,4203.1
12/11/2025 14:40,4121.65
12/11/2025 14:45,4306.28
12/11/2025 14:50,4300.22
12/11/2025 14:55,4304.97
12/11/2025 15:00,4224.0
12/11/2025 15:05,4295.86
12/11/2025 15:10,4296.61
12/11/2025 15:15,4218.92
12/11/2025 15:20,4267.28
12/11/2025 15:25,4374.83
12/11/2025 15:30,4438.1
12/11/2025 15:35,4333.04
12/11/2025 15:40,4440.23
12/11/2025 15:45,4393.11
12/11/2025 15:50,4424.37
12/11/2025 15:55,4341.28
12/11/2025 16:00,4434.75
12/11/2025 16:05,4426.97
12/11/2025 16:10,4367.81
12/11/2025 16:15,4409.9
12/11/2025 16:20,4546.4
12/11/2025 16:25,4471.16
12/11/2025 16:30,4575.36
12/11/2025 16:35,4563.66
12/11/2025 16:40,4569.2
12/11/2025 16:45,4502.65
12/11/2025 16:50,4582.69
12/11/2025 16:55,4727.73
12/11/2025 17:00,4633.77
12/11/2025 17:05,4654.86
12/11/2025 17:10,4545.68
12/11/2025 17:15,4647.98
12/11/2025 17:20,4649.21
12/11/2025 17:25,4704.72
12/11/2025 17:30,4747.09
12/11/2025 17:35,4794.63
12/11/2025 17:40,4705.21
12/11/2025 17:45,4746.95
12/11/2025 17:50,4861.95
12/11/2025 17:55,4901.38
12/11/2025 18:00,4947.09
12/11/2025 18:05,4787.51
12/11/2025 18:10,4859.62
12/11/2025 18:15,5015.96
12/11/2025 18:20,5053.82
12/11/2025 18:25,5120.22
12/11/2025 18:30,5023.95
12/11/2025 18:35,4941.59
12/11/2025 18:40,5108.82
12/11/2025 18:45,5033.8
12/11/2025 18:50,5220.23
12/11/2025 18:55,4936.88
12/11/2025 19:00,5096.63
12/11/2025 19:05,5078.46
12/11/2025 19:10,5026.61
12/11/2025 19:15,5150.66
12/11/2025 19:20,5228.43
12/11/2025 19:25,5089.51
12/11/2025 19:30,5172.91
12/11/2025 19:35,5013.77
12/11/2025 19:40,5054.31
12/11/2025 19:45,5105.52
12/11/2025 19:50,5053.19
12/11/2025 19:55,5043.79
12/11/2025 20:00,5151.65
12/11/2025 20:05,5033.71
12/11/2025 20:10,5105.17
12/11/2025 20:15,5008.1
12/11/2025 20:20,5093.91
12/11/2025 20:25,5049.17
12/11/2025 20:30,5014.95
12/11/2025 20:35,5049.74
12/11/2025 20:40,4945.77
12/11/2025 20:45,4932.58
12/11/2025 20:50,4880.69
12/11/2025 20:55,4909.78
12/11/2025 21:00,5004.07
12/11/2025 21:05,4730.11
12/11/2025 21:10,4794.2
12/11/2025 21:15,4837.23
12/11/2025 21:20,4696.69
12/11/2025 21:25,4663.15
12/11/2025 21:30,4637.08
12/11/2025 21:35,4481.01
12/11/2025 21:40,4494.94
12/11/2025 21:45,4542.05
12/11/2025 21:50,4282.14
12/11/2025 21:55,4265.59
12/11/2025 22:00,4303.85
12/11/2025 22:05,4281.64
12/11/2025 22:10,4112.66
12/11/2025 22:15,4096.03
12/11/2025 22:20,4213.67
12/11/2025 22:25,4053.0
12/11/2025 22:30,3902.46
12/11/2025 22:35,3738.5
12/11/2025 22:40,3806.33
12/11/2025 22:45,3984.48
12/11/2025 22:50,3818.82
12/11/2025 22:55,3758.36
12/11/2025 23:00,3750.96
12/11/2025 23:05,3555.86
12/11/2025 23:10,3628.42
12/11/2025 23:15,3354.65
12/11/2025 23:20,3414.61
12/11/2025 23:25,3367.96
12/11/2025 23:30,3254.73
12/11/2025 23:35,3400.86
12/11/2025 23:40,3178.14
12/11/2025 23:45,3140.34
12/11/2025 23:50,3115.67
12/11/2025 23:55,3158.9
13/11/2025 00:00,3035.67
13/11/2025 00:05,3096.16
13/11/2025 00:10,2926.36
13/11/2025 00:15,3078.62
13/11/2025 00:20,2995.95
13/11/2025 00:25,2845.55
13/11/2025 00:30,2967.86
13/11/2025 00:35,2842.89
13/11/2025 00:40,2825.55
13/11/2025 00:45,2854.08
13/11/2025 00:50,2770.04
13/11/2025 00:55,2774.1
13/11/2025 01:00,2849.31
13/11/2025 01:05,2615.07
13/11/2025 01:10,2660.11
13/11/2025 01:15,2646.21
13/11/2025 01:20,2546.53
13/11/2025 01:25,2603.01
13/11/2025 01:30,2486.17
13/11/2025 01:35,2416.46
13/11/2025 01:40,2631.66
13/11/2025 01:45,2499.66
13/11/2025 01:50,2541.44
13/11/2025 01:55,2461.61
13/11/2025 02:00,2097.53
13/11/2025 02:05,2027.47
13/11/2025 02:10,2078.53
13/11/2025 02:15,1900.0
13/11/2025 02:20,1980.21
13/11/2025 02:25,2109.41
13/11/2025 02:30,2090.15
13/11/2025 02:35,2194.31
13/11/2025 02:40,2024.34
13/11/2025 02:45,1930.99
13/11/2025 02:50,1920.69
13/11/2025 02:55,1955.79
13/11/2025 03:00,2019.36
13/11/2025 03:05,1976.46
13/11/2025 03:10,1986.47
13/11/2025 03:15,1900.0
13/11/2025 03:20,2068.99
13/11/2025 03:25,2107.75
13/11/2025 03:30,1900.0
13/11/2025 03:35,1971.92
13/11/2025 03:40,1975.01
13/11/2025 03:45,2092.97
13/11/2025 03:50,2127.25
13/11/2025 03:55,2031.72
13/11/2025 04:00,2207.36
13/11/2025 04:05,2091.25
13/11/2025 04:10,2091.72
13/11/2025 04:15,2351.36
13/11/2025 04:20,2264.69
13/11/2025 04:25,2179.24
13/11/2025 04:30,2107.85
13/11/2025 04:35,1900.0
13/11/2025 04:40,2011.51
13/11/2025 04:45,2160.62
13/11/2025 04:50,1980.87
13/11/2025 04:55,2052.97
13/11/2025 05:00,2182.55
13/11/2025 05:05,2348.31
13/11/2025 05:10,2457.95
13/11/2025 05:15,2327.37
13/11/2025 05:20,2396.92
13/11/2025 05:25,2481.13
13/11/2025 05:30,2475.6
13/11/2025 05:35,2508.68
13/11/2025 05:40,2575.47
13/11/2025 05:45,2653.36
13/11/2025 05:50,2649.16
13/11/2025 05:55,2709.72
13/11/2025 06:00,2835.67
13/11/2025 06:05,2793.71
13/11/2025 06:10,2669.21
13/11/2025 06:15,2888.54
13/11/2025 06:20,2802.33
13/11/2025 06:25,2958.12
13/11/2025 06:30,3190.03
13/11/2025 06:35,3097.17
13/11/2025 06:40,2986.35
13/11/2025 06:45,3117.75
13/11/2025 06:50,3158.41
13/11/2025 06:55,3073.91
13/11/2025 07:00,3216.53
13/11/2025 07:05,3450.7
13/11/2025 07:10,3137.66
13/11/2025 07:15,3351.99
13/11/2025 07:20,3570.47
13/11/2025 07:25,3645.35
13/11/2025 07:30,3702.28
13/11/2025 07:35,3658.8
13/11/2025 07:40,3588.22
13/11/2025 07:45,3826.21
13/11/2025 07:50,3832.69
13/11/2025 07:55,3837.43
13/11/2025 08:00,3945.14
13/11/2025 08:05,3987.84
13/11/2025 08:10,4147.45
13/11/2025 08:15,4146.58
13/11/2025 08:20,4029.71
13/11/2025 08:25,4173.11
13/11/2025 08:30,4407.97
13/11/2025 08:35,4264.04
13/11/2025 08:40,4469.22
13/11/2025 08:45,4589.63
13/11/2025 08:50,4511.1
13/11/2025 08:55,4655.74
13/11/2025 09:00,4585.13
13/11/2025 09:05,4867.58
13/11/2025 09:10,4708.41
13/11/2025 09:15,4793.25
13/11/2025 09:20,4786.06
13/11/2025 09:25,4679.89
13/11/2025 09:30,4896.52
13/11/2025 09:35,4867.29
13/11/2025 09:40,5027.4
13/11/2025 09:45,4795.47
13/11/2025 09:50,4930.47
13/11/2025 09:55,4976.98
13/11/2025 10:00,4908.76
13/11/2025 10:05,5075.56
13/11/2025 10:10,4990.38
13/11/2025 10:15,5122.04
13/11/2025 10:20,5062.45
13/11/2025 10:25,5216.25
13/11/2025 10:30,5145.3
13/11/2025 10:35,5044.83
13/11/2025 10:40,5038.08
13/11/2025 10:45,4876.72
13/11/2025 10:50,4969.17
13/11/2025 10:55,4880.38
13/11/2025 11:00,5014.24
13/11/2025 11:05,4988.41
13/11/2025 11:10,5012.82
13/11/2025 11:15,4894.65
13/11/2025 11:20,4949.04
13/11/2025 11:25,4823.94
13/11/2025 11:30,4939.45
13/11/2025 11:35,4895.9
13/11/2025 11:40,4736.52
13/11/2025 11:45,4852.25
13/11/2025 11:50,4697.76
13/11/2025 11:55,4800.85
13/11/2025 12:00,4510.44
13/11/2025 12:05,4589.09
13/11/2025 12:10,4483.2
13/11/2025 12:15,4560.88
13/11/2025 12:20,4453.48
13/11/2025 12:25,4550.23
13/11/2025 12:30,4567.01
13/11/2025 12:35,4522.99
13/11/2025 12:40,4519.45
13/11/2025 12:45,4390.05
13/11/2025 12:50,4471.75
13/11/2025 12:55,4606.89
13/11/2025 13:00,4376.48
13/11/2025 13:05,4423.1
13/11/2025 13:10,4617.84
13/11/2025 13:15,4430.0
13/11/2025 13:20,4361.56
13/11/2025 13:25,4468.2
13/11/2025 13:30,4434.25
13/11/2025 13:35,4383.24
13/11/2025 13:40,4411.64
13/11/2025 13:45,4361.76
13/11/2025 13:50,4419.15
13/11/2025 13:55,4250.69
13/11/2025 14:00,4337.67
13/11/2025 14:05,4326.47
13/11/2025 14:10,4268.39
13/11/2025 14:15,4339.71
13/11/2025 14:20,4376.13
13/11/2025 14:25,4400.47
13/11/2025 14:30,4393.75
13/11/2025 14:35,4147.67
13/11/2025 14:40,4415.86
13/11/2025 14:45,4261.45
13/11/2025 14:50,4316.98
13/11/2025 14:55,4154.11
13/11/2025 15:00,4249.37
13/11/2025 15:05,4129.48
13/11/2025 15:10,4339.76
13/11/2025 15:15,4216.04
13/11/2025 15:20,4389.29
13/11/2025 15:25,4296.76
13/11/2025 15:30,4356.33
13/11/2025 15:35,4265.5
13/11/2025 15:40,4410.74
13/11/2025 15:45,4373.03
13/11/2025 15:50,4516.17
13/11/2025 15:55,4395.35
13/11/2025 16:00,4500.23
13/11/2025 16:05,4464.86
13/11/2025 16:10,4455.81
13/11/2025 16:15,4591.27
13/11/2025 16:20,4462.32
13/11/2025 16:25,4460.28
13/11/2025 16:30,4665.14
13/11/2025 16:35,4603.23
13/11/2025 16:40,4664.39
13/11/2025 16:45,4687.67
13/11/2025 16:50,4624.91
13/11/2025 16:55,4630.42
13/11/2025 17:00,4670.14
13/11/2025 17:05,4698.75
13/11/2025 17:10,4686.45
13/11/2025 17:15,4779.74
13/11/2025 17:20,4662.79
13/11/2025 17:25,4645.85
13/11/2025 17:30,4743.44
13/11/2025 17:35,4676.92
13/11/2025 17:40,4681.61
13/11/2025 17:45,4886.47
13/11/2025 17:50,4816.35
13/11/2025 17:55,4855.88
13/11/2025 18:00,4936.92
13/11/2025 18:05,4939.61
13/11/2025 18:10,4970.18
13/11/2025 18:15,4919.38
13/11/2025 18:20,4952.16
13/11/2025 18:25,5092.59
13/11/2025 18:30,4997.9
13/11/2025 18:35,5069.07
13/11/2025 18:40,5011.72
13/11/2025 18:45,5036.81
13/11/2025 18:50,5214.35
13/11/2025 18:55,5099.17
13/11/2025 19:00,5196.91
13/11/2025 19:05,5104.05
13/11/2025 19:10,5134.91
13/11/2025 19:15,5158.58
13/11/2025 19:20,5039.05
13/11/2025 19:25,5283.96
13/11/2025 19:30,5061.79
13/11/2025 19:35,5035.48
13/11/2025 19:40,5085.88
13/11/2025 19:45,5168.82
13/11/2025 19:50,5171.04
13/11/2025 19:55,5089.02
13/11/2025 20:00,4917.3
13/11/2025 20:05,5155.1
13/11/2025 20:10,5004.35
13/11/2025 20:15,4941.18
13/11/2025 20:20,5082.33
13/11/2025 20:25,4953.51
13/11/2025 20:30,5014.25
13/11/2025 20:35,4945.84
13/11/2025 20:40,4801.89
13/11/2025 20:45,4975.05
13/11/2025 20:50,5068.14
13/11/2025 20:55,4792.11
13/11/2025 21:00,4995.84
13/11/2025 21:05,4816.98
13/11/2025 21:10,4677.8
13/11/2025 21:15,4753.42
13/11/2025 21:20,4667.81
13/11/2025 21:25,4716.41
13/11/2025 21:30,4496.65
13/11/2025 21:35,4427.04
13/11/2025 21:40,4523.68
13/11/2025 21:45,4257.91
13/11/2025 21:50,4276.55
13/11/2025 21:55,4194.48
13/11/2025 22:00,4401.22
13/11/2025 22:05,4247.33
13/11/2025 22:10,4242.09
13/11/2025 22:15,4134.18
13/11/2025 22:20,4088.16
13/11/2025 22:25,3891.94
13/11/2025 22:30,3931.96
13/11/2025 22:35,3963.16
13/11/2025 22:40,3844.83
13/11/2025 22:45,3791.61
13/11/2025 22:50,3693.7
13/11/2025 22:55,3759.54
13/11/2025 23:00,3616.69
13/11/2025 23:05,3606.28
13/11/2025 23:10,3409.25
13/11/2025 23:15,3557.01
13/11/2025 23:20,3396.1
13/11/2025 23:25,3379.01
13/11/2025 23:30,3401.02
13/11/2025 23:35,3300.4
13/11/2025 23:40,3381.52
13/11/2025 23:45,3142.55
13/11/2025 23:50,3129.77
13/11/2025 23:55,2997.31
14/11/2025 00:00,2863.27
14/11/2025 00:05,3025.15
14/11/2025 00:10,3038.8
14/11/2025 00:15,2922.53
14/11/2025 00:20,2875.8
14/11/2025 00:25,3007.55
14/11/2025 00:30,2870.57
14/11/2025 00:35,2965.51
14/11/2025 00:40,2846.23
14/11/2025 00:45,2789.04
14/11/2025 00:50,2763.15
14/11/2025 00:55,2620.84
14/11/2025 01:00,2640.91
14/11/2025 01:05,2779.58
14/11/2025 01:10,2741.6
14/11/2025 01:15,2571.32
14/11/2025 01:20,2781.01
14/11/2025 01:25,2755.78
14/11/2025 01:30,2484.87
14/11/2025 01:35,2728.67
14/11/2025 01:40,2565.68
14/11/2025 01:45,2694.63
14/11/2025 01:50,2516.54
14/11/2025 01:55,2503.32
14/11/2025 02:00,2036.42
14/11/2025 02:05,1919.44
14/11/2025 02:10,1932.52
14/11/2025 02:15,2084.54
14/11/2025 02:20,2086.61
14/11/2025 02:25,2119.76
14/11/2025 02:30,1996.17
14/11/2025 02:35,2009.13
14/11/2025 02:40,2092.14
14/11/2025 02:45,1900.0
14/11/2025 02:50,2191.35
14/11/2025 02:55,2080.17
14/11/2025 03:00,1988.38
14/11/2025 03:05,2072.33
14/11/2025 03:10,1967.19
14/11/2025 03:15,2043.8
14/11/2025 03:20,1987.4
14/11/2025 03:25,2095.7
14/11/2025 03:30,2013.86
14/11/2025 03:35,1900.0
14/11/2025 03:40,2154.78
14/11/2025 03:45,2035.0
14/11/2025 03:50,2058.66
14/11/2025 03:55,2201.31
14/11/2025 04:00,2057.0
14/11/2025 04:05,2029.44
14/11/2025 04:10,2078.97
14/11/2025 04:15,2008.41
14/11/2025 04:20,2017.39
14/11/2025 04:25,1996.16
14/11/2025 04:30,1933.71
14/11/2025 04:35,2072.44
14/11/2025 04:40,1974.46
14/11/2025 04:45,1922.15
14/11/2025 04:50,2225.71
14/11/2025 04:55,2081.58
14/11/2025 05:00,2203.43
14/11/2025 05:05,2209.62
14/11/2025 05:10,2249.21
14/11/2025 05:15,2327.26
14/11/2025 05:20,2577.97
14/11/2025 05:25,2550.9
14/11/2025 05:30,2576.57
14/11/2025 05:35,2492.39
14/11/2025 05:40,2412.04
14/11/2025 05:45,2660.66
14/11/2025 05:50,2677.12
14/11/2025 05:55,2758.14
14/11/2025 06:00,2815.54
14/11/2025 06:05,2722.14
14/11/2025 06:10,2833.79
14/11/2025 06:15,2827.48
14/11/2025 06:20,2860.55
14/11/2025 06:25,2955.58
14/11/2025 06:30,3163.02
14/11/2025 06:35,2960.62
14/11/2025 06:40,2965.45
14/11/2025 06:45,3180.09
14/11/2025 06:50,3131.98
14/11/2025 06:55,3299.37
14/11/2025 07:00,3206.2
14/11/2025 07:05,3335.82
14/11/2025 07:10,3371.22
14/11/2025 07:15,3283.11
14/11/2025 07:20,3434.84
14/11/2025 07:25,3480.49
14/11/2025 07:30,3586.29
14/11/2025 07:35,3450.7
14/11/2025 07:40,3647.07
14/11/2025 07:45,3816.04
14/11/2025 07:50,3972.49
14/11/2025 07:55,3899.27
14/11/2025 08:00,3909.91
14/11/2025 08:05,3976.39
14/11/2025 08:10,4163.59
14/11/2025 08:15,4118.5
14/11/2025 08:20,4274.4
14/11/2025 08:25,4307.51
14/11/2025 08:30,4262.71
14/11/2025 08:35,4404.34
14/11/2025 08:40,4440.05
14/11/2025 08:45,4475.28
14/11/2025 08:50,4554.38
14/11/2025 08:55,4675.34
14/11/2025 09:00,4726.14
14/11/2025 09:05,4777.93
14/11/2025 09:10,4844.55
14/11/2025 09:15,4687.71
14/11/2025 09:20,4905.14
14/11/2025 09:25,4672.14
14/11/2025 09:30,4900.26
14/11/2025 09:35,4794.77
14/11/2025 09:40,4886.65
14/11/2025 09:45,4938.67
14/11/2025 09:50,5007.3
14/11/2025 09:55,4988.86
14/11/2025 10:00,5090.77
14/11/2025 10:05,4973.31
14/11/2025 10:10,5065.44
14/11/2025 10:15,5016.55
14/11/2025 10:20,5079.6
14/11/2025 10:25,5150.06
14/11/2025 10:30,5110.23
14/11/2025 10:35,5007.83
14/11/2025 10:40,5133.41
14/11/2025 10:45,5113.77
14/11/2025 10:50,4955.95
14/11/2025 10:55,4985.49
14/11/2025 11:00,4978.63
14/11/2025 11:05,4988.92
14/11/2025 11:10,5108.86
14/11/2025 11:15,4977.43
14/11/2025 11:20,5074.63
14/11/2025 11:25,4870.07
14/11/2025 11:30,4775.18
14/11/2025 11:35,4731.64
14/11/2025 11:40,4843.78
14/11/2025 11:45,4759.11
14/11/2025 11:50,4705.2
14/11/2025 11:55,4565.47
14/11/2025 12:00,4592.89
14/11/2025 12:05,4603.4
14/11/2025 12:10,4488.16
14/11/2025 12:15,4427.15
14/11/2025 12:20,4526.99
14/11/2025 12:25,4420.67
14/11/2025 12:30,4395.09
14/11/2025 12:35,4686.44
14/11/2025 12:40,4592.89
14/11/2025 12:45,4399.15
14/11/2025 12:50,4489.98
14/11/2025 12:55,4325.34
14/11/2025 13:00,4359.99
14/11/2025 13:05,4362.08
14/11/2025 13:10,4390.5
14/11/2025 13:15,4362.02
14/11/2025 13:20,4304.98
14/11/2025 13:25,4381.95
14/11/2025 13:30,4364.34
14/11/2025 13:35,4350.22
14/11/2025 13:40,4346.78
14/11/2025 13:45,4249.78
14/11/2025 13:50,4303.67
14/11/2025 13:55,4410.33
14/11/2025 14:00,4436.2
14/11/2025 14:05,4391.51
14/11/2025 14:10,4421.68
14/11/2025 14:15,4371.35
14/11/2025 14:20,4372.46
14/11/2025 14:25,4369.6
14/11/2025 14:30,4199.87
14/11/2025 14:35,4359.53
14/11/2025 14:40,4265.3
14/11/2025 14:45,4267.9
14/11/2025 14:50,4232.19
14/11/2025 14:55,4253.61
14/11/2025 15:00,4256.46
14/11/2025 15:05,4397.08
14/11/2025 15:10,4241.82
14/11/2025 15:15,4341.88
14/11/2025 15:20,4245.31
14/11/2025 15:25,4363.48
14/11/2025 15:30,4297.51
14/11/2025 15:35,4282.37
14/11/2025 15:40,4507.1
14/11/2025 15:45,4438.17
14/11/2025 15:50,4535.03
14/11/2025 15:55,4389.93
14/11/2025 16:00,4519.95
14/11/2025 16:05,4358.52
14/11/2025 16:10,4360.46
14/11/2025 16:15,4656.19
14/11/2025 16:20,4570.18
14/11/2025 16:25,4447.22
14/11/2025 16:30,4513.13
14/11/2025 16:35,4608.16
14/11/2025 16:40,4552.17
14/11/2025 16:45,4437.28
14/11/2025 16:50,4665.13
14/11/2025 16:55,4754.57
14/11/2025 17:00,4541.63
14/11/2025 17:05,4480.46
14/11/2025 17:10,4591.74
14/11/2025 17:15,4594.31
14/11/2025 17:20,4591.97
14/11/2025 17:25,4823.77
14/11/2025 17:30,4686.86
14/11/2025 17:35,4767.57
14/11/2025 17:40,4771.23
14/11/2025 17:45,4809.15
14/11/2025 17:50,4802.82
14/11/2025 17:55,4828.21
14/11/2025 18:00,4836.82
14/11/2025 18:05,4868.39
14/11/2025 18:10,5031.84
14/11/2025 18:15,5025.36
14/11/2025 18:20,5085.97
14/11/2025 18:25,4880.3
14/11/2025 18:30,4686.73
14/11/2025 18:35,5152.5
14/11/2025 18:40,5101.12
14/11/2025 18:45,5240.75
14/11/2025 18:50,5159.79
14/11/2025 18:55,5194.79
14/11/2025 19:00,5128.99
14/11/2025 19:05,5118.36
14/11/2025 19:10,5153.05
14/11/2025 19:15,5129.98
14/11/2025 19:20,5295.13
14/11/2025 19:25,5282.87
14/11/2025 19:30,5137.4
14/11/2025 19:35,5195.86
14/11/2025 19:40,5029.76
14/11/2025 19:45,5144.58
14/11/2025 19:50,5164.17
14/11/2025 19:55,5143.36
14/11/2025 20:00,5075.88
14/11/2025 20:05,5244.84
14/11/2025 20:10,4861.14
14/11/2025 20:15,5085.0
14/11/2025 20:20,5066.46
14/11/2025 20:25,5061.07
14/11/2025 20:30,4919.61
14/11/2025 20:35,4974.33
14/11/2025 20:40,4838.72
14/11/2025 20:45,4893.35
14/11/2025 20:50,4899.26
14/11/2025 20:55,5021.16
14/11/2025 21:00,4808.06
14/11/2025 21:05,4813.87
14/11/2025 21:10,4801.96
14/11/2025 21:15,4597.42
14/11/2025 21:20,4610.44
14/11/2025 21:25,4588.1
14/11/2025 21:30,4495.44
14/11/2025 21:35,4501.36
14/11/2025 21:40,4631.47
14/11/2025 21:45,4451.86
14/11/2025 21:50,4277.01
14/11/2025 21:55,4197.42
14/11/2025 22:00,4254.63
14/11/2025 22:05,4148.4
14/11/2025 22:10,4114.68
14/11/2025 22:15,4093.6
14/11/2025 22:20,4109.45
14/11/2025 22:25,4082.46
14/11/2025 22:30,3947.22
14/11/2025 22:35,3865.66
14/11/2025 22:40,3876.62
14/11/2025 22:45,3754.84
14/11/2025 22:50,3786.68
14/11/2025 22:55,3715.61
14/11/2025 23:00,3611.74
14/11/2025 23:05,3488.48
14/11/2025 23:10,3614.01
14/11/2025 23:15,3556.96
14/11/2025 23:20,3509.58
14/11/2025 23:25,3383.97
14/11/2025 23:30,3374.46
14/11/2025 23:35,3252.6
14/11/2025 23:40,3179.34
14/11/2025 23:45,3115.19
14/11/2025 23:50,3200.56
14/11/2025 23:55,3100.81
15/11/2025 00:00,2720.19
15/11/2025 00:05,2891.34
15/11/2025 00:10,2754.94
15/11/2025 00:15,2647.97
15/11/2025 00:20,2692.34
15/11/2025 00:25,2679.67
15/11/2025 00:30,2598.21
15/11/2025 00:35,2517.7
15/11/2025 00:40,2554.56
15/11/2025 00:45,2598.37
15/11/2025 00:50,2432.11
15/11/2025 00:55,2609.44
15/11/2025 01:00,2617.77
15/11/2025 01:05,2467.88
15/11/2025 01:10,2544.23
15/11/2025 01:15,2486.69
15/11/2025 01:20,2434.19
15/11/2025 01:25,2296.64
15/11/2025 01:30,2347.0
15/11/2025 01:35,2374.27
15/11/2025 01:40,2322.81
15/11/2025 01:45,2104.04
15/11/2025 01:50,2224.47
15/11/2025 01:55,2216.21
15/11/2025 02:00,1900.0
15/11/2025 02:05,1900.0
15/11/2025 02:10,1993.59
15/11/2025 02:15,1900.0
15/11/2025 02:20,1900.0
15/11/2025 02:25,1900.0
15/11/2025 02:30,1900.0
15/11/2025 02:35,1900.0
15/11/2025 02:40,1900.0
15/11/2025 02:45,1900.62
15/11/2025 02:50,1900.0
15/11/2025 02:55,1900.0
15/11/2025 03:00,1900.0
15/11/2025 03:05,1900.0
15/11/2025 03:10,1900.0
15/11/2025 03:15,1900.0
15/11/2025 03:20,1900.0
15/11/2025 03:25,1900.0
15/11/2025 03:30,1900.0
15/11/2025 03:35,1900.0
15/11/2025 03:40,1900.0
15/11/2025 03:45,1939.32
15/11/2025 03:50,1900.0
15/11/2025 03:55,1900.0
15/11/2025 04:00,1900.0
15/11/2025 04:05,1900.0
15/11/2025 04:10,1900.0
15/11/2025 04:15,1900.0
15/11/2025 04:20,1900.0
15/11/2025 04:25,1900.0
15/11/2025 04:30,1900.0
15/11/2025 04:35,1900.0
15/11/2025 04:40,1900.0
15/11/2025 04:45,1900.0
15/11/2025 04:50,1900.0
15/11/2025 04:55,1900.0
15/11/2025 05:00,1974.55
15/11/2025 05:05,2006.85
15/11/2025 05:10,2015.01
15/11/2025 05:15,2110.61
15/11/2025 05:20,2228.79
15/11/2025 05:25,2060.73
15/11/2025 05:30,2141.36
15/11/2025 05:35,2400.94
15/11/2025 05:40,2448.75
15/11/2025 05:45,2359.68
15/11/2025 05:50,2429.51
15/11/2025 05:55,2523.8
15/11/2025 06:00,2523.19
15/11/2025 06:05,2536.39
15/11/2025 06:10,2533.17
15/11/2025 06:15,2668.03
15/11/2025 06:20,2654.09
15/11/2025 06:25,2665.37
15/11/2025 06:30,2799.22
15/11/2025 06:35,2918.71
15/11/2025 06:40,2873.58
15/11/2025 06:45,2927.17
15/11/2025 06:50,2880.96
15/11/2025 06:55,3164.53
15/11/2025 07:00,3026.04
15/11/2025 07:05,3141.54
15/11/2025 07:10,3133.88
15/11/2025 07:15,3264.73
15/11/2025 07:20,3296.5
15/11/2025 07:25,3282.62
15/11/2025 07:30,3420.55
15/11/2025 07:35,3447.61
15/11/2025 07:40,3423.59
15/11/2025 07:45,3476.43
15/11/2025 07:50,3571.11
15/11/2025 07:55,3704.22
15/11/2025 08:00,3698.0
15/11/2025 08:05,3868.14
15/11/2025 08:10,3883.7
15/11/2025 08:15,3838.94
15/11/2025 08:20,3844.14
15/11/2025 08:25,4069.17
15/11/2025 08:30,4079.21
15/11/2025 08:35,4223.72
15/11/2025 08:40,4262.48
15/11/2025 08:45,4083.32
15/11/2025 08:50,4275.76
15/11/2025 08:55,4301.9
15/11/2025 09:00,4429.94
15/11/2025 09:05,4622.4
15/11/2025 09:10,4402.9
15/11/2025 09:15,4537.36
15/11/2025 09:20,4550.74
15/11/2025 09:25,4653.7
15/11/2025 09:30,4467.07
15/11/2025 09:35,4632.15
15/11/2025 09:40,4666.36
15/11/2025 09:45,4748.69
15/11/2025 09:50,4498.4
15/11/2025 09:55,4687.23
15/11/2025 10:00,4694.14
15/11/2025 10:05,4626.56
15/11/2025 10:10,4812.6
15/11/2025 10:15,4795.59
15/11/2025 10:20,4825.82
15/11/2025 10:25,4806.09
15/11/2025 10:30,4798.57
15/11/2025 10:35,4796.05
15/11/2025 10:40,4828.42
15/11/2025 10:45,4753.22
15/11/2025 10:50,4827.21
15/11/2025 10:55,4736.91
15/11/2025 11:00,4794.88
15/11/2025 11:05,4957.35
15/11/2025 11:10,4652.09
15/11/2025 11:15,4600.7
15/11/2025 11:20,4668.86
15/11/2025 11:25,4630.26
15/11/2025 11:30,4676.98
15/11/2025 11:35,4646.39
15/11/2025 11:40,4566.33
15/11/2025 11:45,4374.78
15/11/2025 11:50,4559.64
15/11/2025 11:55,4410.5
15/11/2025 12:00,4196.51
15/11/2025 12:05,4185.43
15/11/2025 12:10,4285.76
15/11/2025 12:15,4492.42
15/11/2025 12:20,4332.14
15/11/2025 12:25,4192.89
15/11/2025 12:30,4187.53
15/11/2025 12:35,4354.94
15/11/2025 12:40,4115.02
15/11/2025 12:45,4166.34
15/11/2025 12:50,4202.78
15/11/2025 12:55,4215.56
15/11/2025 13:00,4261.7
15/11/2025 13:05,4208.23
15/11/2025 13:10,4242.05
15/11/2025 13:15,4156.76
15/11/2025 13:20,4085.52
15/11/2025 13:25,4165.95
15/11/2025 13:30,4150.78
15/11/2025 13:35,4170.51
15/11/2025 13:40,4123.47
15/11/2025 13:45,4139.74
15/11/2025 13:50,4089.2
15/11/2025 13:55,4215.93
15/11/2025 14:00,4169.59
15/11/2025 14:05,4137.28
15/11/2025 14:10,4117.89
15/11/2025 14:15,4143.13
15/11/2025 14:20,3913.87
15/11/2025 14:25,4043.12
15/11/2025 14:30,3999.73
15/11/2025 14:35,4029.45
15/11/2025 14:40,4031.87
15/11/2025 14:45,3943.62
15/11/2025 14:50,4173.04
15/11/2025 14:55,3907.68
15/11/2025 15:00,4102.63
15/11/2025 15:05,3949.72
15/11/2025 15:10,4079.34
15/11/2025 15:15,4037.35
15/11/2025 15:20,4222.57
15/11/2025 15:25,4109.22
15/11/2025 15:30,4210.39
15/11/2025 15:35,4051.54
15/11/2025 15:40,4218.33
15/11/2025 15:45,4192.42
15/11/2025 15:50,4213.39
15/11/2025 15:55,4221.82
15/11/2025 16:00,4096.22
15/11/2025 16:05,4135.54
15/11/2025 16:10,4302.65
15/11/2025 16:15,4201.42
15/11/2025 16:20,4233.01
15/11/2025 16:25,4168.76
15/11/2025 16:30,4254.38
15/11/2025 16:35,4307.16
15/11/2025 16:40,4237.25
15/11/2025 16:45,4506.89
15/11/2025 16:50,4401.28
15/11/2025 16:55,4236.0
15/11/2025 17:00,4424.01
15/11/2025 17:05,4445.89
15/11/2025 17:10,4407.31
15/11/2025 17:15,4567.5
15/11/2025 17:20,4438.53
15/11/2025 17:25,4453.43
15/11/2025 17:30,4415.87
15/11/2025 17:35,4481.26
15/11/2025 17:40,4533.7
15/11/2025 17:45,4457.11
15/11/2025 17:50,4694.14
15/11/2025 17:55,4615.28
15/11/2025 18:00,4617.68
15/11/2025 18:05,4557.39
15/11/2025 18:10,4704.24
15/11/2025 18:15,4608.68
15/11/2025 18:20,4652.13
15/11/2025 18:25,4725.46
15/11/2025 18:30,4588.52
15/11/2025 18:35,4805.03
15/11/2025 18:40,4769.38
15/11/2025 18:45,5029.88
15/11/2025 18:50,4750.75
15/11/2025 18:55,4829.5
15/11/2025 19:00,4909.18
15/11/2025 19:05,4796.23
15/11/2025 19:10,4822.05
15/11/2025 19:15,4846.53
15/11/2025 19:20,5085.33
15/11/2025 19:25,5075.54
15/11/2025 19:30,4814.74
15/11/2025 19:35,4940.32
15/11/2025 19:40,4937.49
15/11/2025 19:45,4969.92
15/11/2025 19:50,4825.72
15/11/2025 19:55,4819.88
15/11/2025 20:00,4875.65
15/11/2025 20:05,4875.38
15/11/2025 20:10,4777.18
15/11/2025 20:15,4707.12
15/11/2025 20:20,4713.91
15/11/2025 20:25,4792.5
15/11/2025 20:30,4905.41
15/11/2025 20:35,4719.2
15/11/2025 20:40,4603.58
15/11/2025 20:45,4507.79
15/11/2025 20:50,4631.92
15/11/2025 20:55,4646.67
15/11/2025 21:00,4558.27
15/11/2025 21:05,4543.7
15/11/2025 21:10,4434.63
15/11/2025 21:15,4348.45
15/11/2025 21:20,4387.28
15/11/2025 21:25,4348.15
15/11/2025 21:30,4117.63
15/11/2025 21:35,4219.37
15/11/2025 21:40,4172.65
15/11/2025 21:45,4134.09
15/11/2025 21:50,4105.29
15/11/2025 21:55,4054.34
15/11/2025 22:00,4030.57
15/11/2025 22:05,3974.02
15/11/2025 22:10,3847.25
15/11/2025 22:15,3831.35
15/11/2025 22:20,3849.29
15/11/2025 22:25,3759.28
15/11/2025 22:30,3686.5
15/11/2025 22:35,3591.7
15/11/2025 22:40,3627.83
15/11/2025 22:45,3521.4
15/11/2025 22:50,3448.15
15/11/2025 22:55,3233.26
15/11/2025 23:00,3329.19
15/11/2025 23:05,3307.88
15/11/2025 23:10,3178.72
15/11/2025 23:15,3172.78
15/11/2025 23:20,3335.69
15/11/2025 23:25,3108.79
15/11/2025 23:30,3173.53
15/11/2025 23:35,2942.41
15/11/2025 23:40,2830.95
15/11/2025 23:45,2990.46
15/11/2025 23:50,2844.94
15/11/2025 23:55,2869.37
16/11/2025 00:00,2784.15
16/11/2025 00:05,2652.45
16/11/2025 00:10,2730.14
16/11/2025 00:15,2706.48
16/11/2025 00:20,2653.67
16/11/2025 00:25,2651.5
16/11/2025 00:30,2743.77
16/11/2025 00:35,2518.92
16/11/2025 00:40,2620.88
16/11/2025 00:45,2604.73
16/11/2025 00:50,2632.81
16/11/2025 00:55,2638.7
16/11/2025 01:00,2299.98
16/11/2025 01:05,2465.0
16/11/2025 01:10,2464.34
16/11/2025 01:15,2227.11
16/11/2025 01:20,2425.05
16/11/2025 01:25,2360.93
16/11/2025 01:30,2363.57
16/11/2025 01:35,2403.35
16/11/2025 01:40,2334.94
16/11/2025 01:45,2281.0
16/11/2025 01:50,2254.86
16/11/2025 01:55,2128.05
16/11/2025 02:00,1900.0
16/11/2025 02:05,1900.0
16/11/2025 02:10,1900.0
16/11/2025 02:15,1900.0
16/11/2025 02:20,1900.0
16/11/2025 02:25,1900.0
16/11/2025 02:30,1900.0
16/11/2025 02:35,1940.62
16/11/2025 02:40,1900.0
16/11/2025 02:45,1900.0
16/11/2025 02:50,1900.0
16/11/2025 02:55,1900.0
16/11/2025 03:00,1900.0
16/11/2025 03:05,1900.0
16/11/2025 03:10,1900.0
16/11/2025 03:15,1900.0
16/11/2025 03:20,1900.0
16/11/2025 03:25,1900.0
16/11/2025 03:30,1900.0
16/11/2025 03:35,1900.0
16/11/2025 03:40,1900.0
16/11/2025 03:45,1900.0
16/11/2025 03:50,1900.0
16/11/2025 03:55,1900.0
16/11/2025 04:00,1900.0
16/11/2025 04:05,1900.0
16/11/2025 04:10,1900.0
16/11/2025 04:15,1900.0
16/11/2025 04:20,1900.0
16/11/2025 04:25,1900.0
16/11/2025 04:30,1900.0
16/11/2025 04:35,1900.0
16/11/2025 04:40,1900.0
16/11/2025 04:45,1900.0
16/11/2025 04:50,1900.0
16/11/2025 04:55,1900.0
16/11/2025 05:00,1960.65
16/11/2025 05:05,1999.13
16/11/2025 05:10,2027.53
16/11/2025 05:15,2049.1
16/11/2025 05:20,2092.71
16/11/2025 05:25,2307.64
16/11/2025 05:30,2221.9
16/11/2025 05:35,2349.31
16/11/2025 05:40,2343.44
16/11/2025 05:45,2444.39
16/11/2025 05:50,2553.77
16/11/2025 05:55,2408.18
16/11/2025 06:00,2541.64
16/11/2025 06:05,2531.85
16/11/2025 06:10,2569.31
16/11/2025 06:15,2568.58
16/11/2025 06:20,2785.02
16/11/2025 06:25,2618.32
16/11/2025 06:30,2693.09
16/11/2025 06:35,2692.55
16/11/2025 06:40,2739.92
16/11/2025 06:45,2897.5
16/11/2025 06:50,2995.17
16/11/2025 06:55,2949.31
16/11/2025 07:00,2862.92
16/11/2025 07:05,2930.5
16/11/2025 07:10,3079.69
16/11/2025 07:15,3286.85
16/11/2025 07:20,3039.71
16/11/2025 07:25,3332.62
16/11/2025 07:30,3402.65
16/11/2025 07:35,3217.61
16/11/2025 07:40,3537.53
16/11/2025 07:45,3538.6
16/11/2025 07:50,3552.83
16/11/2025 07:55,3605.23
16/11/2025 08:00,3756.95
16/11/2025 08:05,3706.24
16/11/2025 08:10,3789.13
16/11/2025 08:15,3877.36
16/11/2025 08:20,3846.42
16/11/2025 08:25,3911.29
16/11/2025 08:30,3945.55
16/11/2025 08:35,4179.02
16/11/2025 08:40,4040.39
16/11/2025 08:45,4294.01
16/11/2025 08:50,4179.59
16/11/2025 08:55,4352.65
16/11/2025 09:00,4349.94
16/11/2025 09:05,4444.54
16/11/2025 09:10,4448.46
16/11/2025 09:15,4486.62
16/11/2025 09:20,4421.85
16/11/2025 09:25,4383.0
16/11/2025 09:30,4442.86
16/11/2025 09:35,4723.14
16/11/2025 09:40,4668.59
16/11/2025 09:45,4693.61
16/11/2025 09:50,4853.75
16/11/2025 09:55,4705.64
16/11/2025 10:00,4528.9
16/11/2025 10:05,4620.34
16/11/2025 10:10,4785.91
16/11/2025 10:15,4756.06
16/11/2025 10:20,4806.76
16/11/2025 10:25,4787.56
16/11/2025 10:30,4919.15
16/11/2025 10:35,4862.86
16/11/2025 10:40,4699.04
16/11/2025 10:45,4781.66
16/11/2025 10:50,4855.0
16/11/2025 10:55,4743.17
16/11/2025 11:00,4873.83
16/11/2025 11:05,4804.08
16/11/2025 11:10,4734.69
16/11/2025 11:15,4652.02
16/11/2025 11:20,4824.07
16/11/2025 11:25,4638.26
16/11/2025 11:30,4567.17
16/11/2025 11:35,4604.54
16/11/2025 11:40,4400.97
16/11/2025 11:45,4341.54
16/11/2025 11:50,4499.23
16/11/2025 11:55,4562.55
16/11/2025 12:00,4242.07
16/11/2025 12:05,4277.42
16/11/2025 12:10,4187.05
16/11/2025 12:15,4128.07
16/11/2025 12:20,4372.63
16/11/2025 12:25,4439.53
16/11/2025 12:30,4353.72
16/11/2025 12:35,4258.89
16/11/2025 12:40,4295.73
16/11/2025 12:45,4179.95
16/11/2025 12:50,4176.65
16/11/2025 12:55,3969.23
16/11/2025 13:00,4138.58
16/11/2025 13:05,4130.44
16/11/2025 13:10,4111.38
16/11/2025 13:15,4212.43
16/11/2025 13:20,4081.62
16/11/2025 13:25,4102.78
16/11/2025 13:30,4136.2
16/11/2025 13:35,4181.31
16/11/2025 13:40,4046.26
16/11/2025 13:45,4185.47
16/11/2025 13:50,4171.73
16/11/2025 13:55,4145.24
16/11/2025 14:00,4167.7
16/11/2025 14:05,4111.8
16/11/2025 14:10,4065.81
16/11/2025 14:15,3963.84
16/11/2025 14:20,4232.79
16/11/2025 14:25,4028.77
16/11/2025 14:30,3904.22
16/11/2025 14:35,4044.64
16/11/2025 14:40,4235.62
16/11/2025 14:45,3914.15
16/11/2025 14:50,3961.82
16/11/2025 14:55,4017.59
16/11/2025 15:00,4066.67
16/11/2025 15:05,3903.98
16/11/2025 15:10,4044.89
16/11/2025 15:15,4032.27
16/11/2025 15:20,4059.82
16/11/2025 15:25,4046.46
16/11/2025 15:30,4118.51
16/11/2025 15:35,4177.09
16/11/2025 15:40,4189.12
16/11/2025 15:45,4199.95
16/11/2025 15:50,4134.62
16/11/2025 15:55,4117.8
16/11/2025 16:00,4278.44
16/11/2025 16:05,4196.08
16/11/2025 16:10,4317.66
16/11/2025 16:15,4102.14
16/11/2025 16:20,4241.05
16/11/2025 16:25,4416.59
16/11/2025 16:30,4196.15
16/11/2025 16:35,4218.24
16/11/2025 16:40,4378.8
16/11/2025 16:45,4336.96
16/11/2025 16:50,4434.35
16/11/2025 16:55,4285.15
16/11/2025 17:00,4208.64
16/11/2025 17:05,4435.52
16/11/2025 17:10,4462.58
16/11/2025 17:15,4465.7
16/11/2025 17:20,4428.45
16/11/2025 17:25,4553.57
16/11/2025 17:30,4481.79
16/11/2025 17:35,4447.68
16/11/2025 17:40,4372.25
16/11/2025 17:45,4551.09
16/11/2025 17:50,4567.26
16/11/2025 17:55,4606.51
16/11/2025 18:00,4531.34
16/11/2025 18:05,4657.68
16/11/2025 18:10,4701.69
16/11/2025 18:15,4623.43
16/11/2025 18:20,4795.37
16/11/2025 18:25,4805.67
16/11/2025 18:30,4745.01
16/11/2025 18:35,4833.11
16/11/2025 18:40,5066.65
16/11/2025 18:45,4838.68
16/11/2025 18:50,4928.49
16/11/2025 18:55,4937.26
16/11/2025 19:00,4848.43
16/11/2025 19:05,4689.73
16/11/2025 19:10,4896.5
16/11/2025 19:15,4796.25
16/11/2025 19:20,4911.28
16/11/2025 19:25,4867.61
16/11/2025 19:30,4832.55
16/11/2025 19:35,4927.22
16/11/2025 19:40,4875.08
16/11/2025 19:45,4873.54
16/11/2025 19:50,4956.2
16/11/2025 19:55,4908.76
16/11/2025 20:00,4902.27
16/11/2025 20:05,4799.96
16/11/2025 20:10,4732.6
16/11/2025 20:15,4828.51
16/11/2025 20:20,4751.95
16/11/2025 20:25,4824.62
16/11/2025 20:30,4802.59
16/11/2025 20:35,4656.2
16/11/2025 20:40,4799.56
16/11/2025 20:45,4676.55
16/11/2025 20:50,4699.31
16/11/2025 20:55,4694.23
16/11/2025 21:00,4612.74
16/11/2025 21:05,4625.83
16/11/2025 21:10,4569.97
16/11/2025 21:15,4547.45
16/11/2025 21:20,4431.6
16/11/2025 21:25,4380.33
16/11/2025 21:30,4293.66
16/11/2025 21:35,4388.21
16/11/2025 21:40,4094.21
16/11/2025 21:45,4025.28
16/11/2025 21:50,4210.87
16/11/2025 21:55,3892.54
16/11/2025 22:00,3913.72
16/11/2025 22:05,3836.21
16/11/2025 22:10,3894.45
16/11/2025 22:15,3888.01
16/11/2025 22:20,3794.73
16/11/2025 22:25,3681.84
16/11/2025 22:30,3708.33
16/11/2025 22:35,3589.29
16/11/2025 22:40,3762.2
16/11/2025 22:45,3541.87
16/11/2025 22:50,3576.7
16/11/2025 22:55,3385.2
16/11/2025 23:00,3535.24
16/11/2025 23:05,3349.78
16/11/2025 23:10,3168.4
16/11/2025 23:15,3239.04
16/11/2025 23:20,3137.12
16/11/2025 23:25,3155.1
16/11/2025 23:30,3244.01
16/11/2025 23:35,3091.94
16/11/2025 23:40,3024.47
16/11/2025 23:45,2916.43
16/11/2025 23:50,2983.0
16/11/2025 23:55,2780.96
17/11/2025 00:00,2935.35
17/11/2025 00:05,3174.32
17/11/2025 00:10,2947.14
17/11/2025 00:15,2959.45
17/11/2025 00:20,2951.27
17/11/2025 00:25,2942.87
17/11/2025 00:30,2970.26
17/11/2025 00:35,2843.31
17/11/2025 00:40,2845.29
17/11/2025 00:45,2741.06
17/11/2025 00:50,2877.24
17/11/2025 00:55,2752.87
17/11/2025 01:00,2780.28
17/11/2025 01:05,2629.91
17/11/2025 01:10,2617.39
17/11/2025 01:15,2711.86
17/11/2025 01:20,2572.67
17/11/2025 01:25,2530.94
17/11/2025 01:30,2729.35
17/11/2025 01:35,2524.11
17/11/2025 01:40,2617.3
17/11/2025 01:45,2558.36
17/11/2025 01:50,2628.31
17/11/2025 01:55,2293.67
17/11/2025 02:00,2166.93
17/11/2025 02:05,2275.43
17/11/2025 02:10,2130.88
17/11/2025 02:15,2230.76
17/11/2025 02:20,1910.15
17/11/2025 02:25,2174.43
17/11/2025 02:30,1900.0
17/11/2025 02:35,1900.0
17/11/2025 02:40,2207.25
17/11/2025 02:45,1982.67
17/11/2025 02:50,2168.27
17/11/2025 02:55,2106.84
17/11/2025 03:00,2076.63
17/11/2025 03:05,1987.69
17/11/2025 03:10,2038.51
17/11/2025 03:15,1976.77
17/11/2025 03:20,2113.54
17/11/2025 03:25,2096.54
17/11/2025 03:30,2126.01
17/11/2025 03:35,2083.94
17/11/2025 03:40,2129.98
17/11/2025 03:45,2111.8
17/11/2025 03:50,2152.7
17/11/2025 03:55,2080.91
17/11/2025 04:00,1964.18
17/11/2025 04:05,1968.41
17/11/2025 04:10,2046.05
17/11/2025 04:15,2066.51
17/11/2025 04:20,2037.05
17/11/2025 04:25,2001.33
17/11/2025 04:30,1978.27
17/11/2025 04:35,2199.72
17/11/2025 04:40,2035.62
17/11/2025 04:45,2045.66
17/11/2025 04:50,2115.33
17/11/2025 04:55,1971.37
17/11/2025 05:00,2200.31
17/11/2025 05:05,2209.96
17/11/2025 05:10,2441.3
17/11/2025 05:15,2186.75
17/11/2025 05:20,2322.85
17/11/2025 05:25,2480.65
17/11/2025 05:30,2522.75
17/11/2025 05:35,2458.14
17/11/2025 05:40,2531.74
17/11/2025 05:45,2749.62
17/11/2025 05:50,2631.75
17/11/2025 05:55,2691.11
17/11/2025 06:00,2626.92
17/11/2025 06:05,2708.55
17/11/2025 06:10,2844.1
17/11/2025 06:15,2908.34
17/11/2025 06:20,2866.77
17/11/2025 06:25,2884.3
17/11/2025 06:30,2988.9
17/11/2025 06:35,2999.68
17/11/2025 06:40,3148.89
17/11/2025 06:45,3209.54
17/11/2025 06:50,3261.48
17/11/2025 06:55,3136.87
17/11/2025 07:00,3224.95
17/11/2025 07:05,3430.63
17/11/2025 07:10,3464.63
17/11/2025 07:15,3427.56
17/11/2025 07:20,3525.39
17/11/2025 07:25,3496.94
17/11/2025 07:30,3655.08
17/11/2025 07:35,3689.35
17/11/2025 07:40,3739.3
17/11/2025 07:45,3585.52
17/11/2025 07:50,3825.64
17/11/2025 07:55,3872.97
17/11/2025 08:00,4100.73
17/11/2025 08:05,4143.52
17/11/2025 08:10,4039.11
17/11/2025 08:15,4052.52
17/11/2025 08:20,4151.06
17/11/2025 08:25,4138.29
17/11/2025 08:30,4410.6
17/11/2025 08:35,4311.01
17/11/2025 08:40,4490.14
17/11/2025 08:45,4344.7
17/11/2025 08:50,4515.28
17/11/2025 08:55,4670.32
17/11/2025 09:00,4657.81
17/11/2025 09:05,4522.21
17/11/2025 09:10,4686.3
17/11/2025 09:15,4666.8
17/11/2025 09:20,4756.27
17/11/2025 09:25,4916.06
17/11/2025 09:30,4886.82
17/11/2025 09:35,4910.97
17/11/2025 09:40,4839.36
17/11/2025 09:45,5015.09
17/11/2025 09:50,5051.49
17/11/2025 09:55,4986.58
17/11/2025 10:00,5040.56
17/11/2025 10:05,4981.22
17/11/2025 10:10,5002.54
17/11/2025 10:15,5070.94
17/11/2025 10:20,4958.42
17/11/2025 10:25,5031.32
17/11/2025 10:30,5083.21
17/11/2025 10:35,4978.07
17/11/2025 10:40,5098.98
17/11/2025 10:45,5057.52
17/11/2025 10:50,4917.37
17/11/2025 10:55,5100.04
17/11/2025 11:00,4992.23
17/11/2025 11:05,5143.59
17/11/2025 11:10,5060.58
17/11/2025 11:15,5019.2
17/11/2025 11:20,5026.05
17/11/2025 11:25,4889.9
17/11/2025 11:30,4806.39
17/11/2025 11:35,4937.06
17/11/2025 11:40,4899.04
17/11/2025 11:45,4615.75
17/11/2025 11:50,4606.79
17/11/2025 11:55,4673.75
17/11/2025 12:00,4661.64
17/11/2025 12:05,4711.63
17/11/2025 12:10,4543.4
17/11/2025 12:15,4545.76
17/11/2025 12:20,4430.68
17/11/2025 12:25,4600.64
17/11/2025 12:30,4555.14
17/11/2025 12:35,4443.94
17/11/2025 12:40,4538.23
17/11/2025 12:45,4504.05
17/11/2025 12:50,4382.26
17/11/2025 12:55,4407.25
17/11/2025 13:00,4530.38
17/11/2025 13:05,4434.07
17/11/2025 13:10,4393.15
17/11/2025 13:15,4508.45
17/11/2025 13:20,4537.21
17/11/2025 13:25,4461.12
17/11/2025 13:30,4355.44
17/11/2025 13:35,4376.96
17/11/2025 13:40,4351.23
17/11/2025 13:45,4333.74
17/11/2025 13:50,4456.98
17/11/2025 13:55,4479.25
17/11/2025 14:00,4254.78
17/11/2025 14:05,4442.47
17/11/2025 14:10,4329.7
17/11/2025 14:15,4314.52
17/11/2025 14:20,4307.02
17/11/2025 14:25,4336.03
17/11/2025 14:30,4215.97
17/11/2025 14:35,4235.79
17/11/2025 14:40,4408.15
17/11/2025 14:45,4363.02
17/11/2025 14:50,4290.7
17/11/2025 14:55,4252.0
17/11/2025 15:00,4184.46
17/11/2025 15:05,4369.83
17/11/2025 15:10,4420.25
17/11/2025 15:15,4255.78
17/11/2025 15:20,4349.09
17/11/2025 15:25,4304.33
17/11/2025 15:30,4373.77
17/11/2025 15:35,4382.34
17/11/2025 15:40,4510.53
17/11/2025 15:45,4267.48
17/11/2025 15:50,4395.81
17/11/2025 15:55,4530.16
17/11/2025 16:00,4573.35
17/11/2025 16:05,4321.17
17/11/2025 16:10,4511.75
17/11/2025 16:15,4325.92
17/11/2025 16:20,4537.77
17/11/2025 16:25,4659.18
17/11/2025 16:30,4564.29
17/11/2025 16:35,4649.74
17/11/2025 16:40,4695.68
17/11/2025 16:45,4595.78
17/11/2025 16:50,4561.5
17/11/2025 16:55,4649.74
17/11/2025 17:00,4614.78
17/11/2025 17:05,4681.09
17/11/2025 17:10,4657.36
17/11/2025 17:15,4620.52
17/11/2025 17:20,4665.24
17/11/2025 17:25,4768.95
17/11/2025 17:30,4811.47
17/11/2025 17:35,4707.71
17/11/2025 17:40,4751.41
17/11/2025 17:45,4817.11
17/11/2025 17:50,4814.61
17/11/2025 17:55,4998.44
17/11/2025 18:00,4749.76
17/11/2025 18:05,4943.73
17/11/2025 18:10,4831.04
17/11/2025 18:15,4837.16
17/11/2025 18:20,5068.33
17/11/2025 18:25,5020.39
17/11/2025 18:30,4918.22
17/11/2025 18:35,4998.67
17/11/2025 18:40,5045.81
17/11/2025 18:45,4860.9
17/11/2025 18:50,5144.72
17/11/2025 18:55,5043.01
17/11/2025 19:00,5079.61
17/11/2025 19:05,4944.27
17/11/2025 19:10,5170.28
17/11/2025 19:15,5076.32
17/11/2025 19:20,5295.33
17/11/2025 19:25,5068.35
17/11/2025 19:30,5031.01
17/11/2025 19:35,5155.31
17/11/2025 19:40,5249.52
17/11/2025 19:45,5127.74
17/11/2025 19:50,5029.67
17/11/2025 19:55,5021.36
17/11/2025 20:00,5078.79
17/11/2025 20:05,5126.58
17/11/2025 20:10,5113.46
17/11/2025 20:15,5046.3
17/11/2025 20:20,5210.22
17/11/2025 20:25,4983.44
17/11/2025 20:30,4979.63
17/11/2025 20:35,4864.6
17/11/2025 20:40,4975.54
17/11/2025 20:45,4917.5
17/11/2025 20:50,4819.9
17/11/2025 20:55,4894.81
17/11/2025 21:00,4832.82
17/11/2025 21:05,4712.9
17/11/2025 21:10,4732.43
17/11/2025 21:15,4824.62
17/11/2025 21:20,4708.82
17/11/2025 21:25,4563.48
17/11/2025 21:30,4514.59
17/11/2025 21:35,4539.82
17/11/2025 21:40,4605.12
17/11/2025 21:45,4393.62
17/11/2025 21:50,4373.63
17/11/2025 21:55,4373.13
17/11/2025 22:00,4215.86
17/11/2025 22:05,4302.14
17/11/2025 22:10,4323.29
17/11/2025 22:15,4065.08
17/11/2025 22:20,3974.46
17/11/2025 22:25,4140.79
17/11/2025 22:30,3977.58
17/11/2025 22:35,3811.74
17/11/2025 22:40,3853.79
17/11/2025 22:45,3707.26
17/11/2025 22:50,3678.58
17/11/2025 22:55,3730.04
17/11/2025 23:00,3748.31
17/11/2025 23:05,3593.69
17/11/2025 23:10,3543.45
17/11/2025 23:15,3499.33
17/11/2025 23:20,3401.84
17/11/2025 23:25,3399.62
17/11/2025 23:30,3270.57
17/11/2025 23:35,3281.93
17/11/2025 23:40,3265.72
17/11/2025 23:45,3332.7
17/11/2025 23:50,3311.16
17/11/2025 23:55,3059.16
18/11/2025 00:00,3117.45
18/11/2025 00:05,3167.49
18/11/2025 00:10,2997.71
18/11/2025 00:15,3086.82
18/11/2025 00:20,3042.21
18/11/2025 00:25,2986.39
18/11/2025 00:30,2868.69
18/11/2025 00:35,2870.2
18/11/2025 00:40,2910.07
18/11/2025 00:45,2730.55
18/11/2025 00:50,2840.47
18/11/2025 00:55,2857.58
18/11/2025 01:00,2601.68
18/11/2025 01:05,2888.96
18/11/2025 01:10,2668.25
18/11/2025 01:15,2693.62
18/11/2025 01:20,2697.73
18/11/2025 01:25,2580.72
18/11/2025 01:30,2697.92
18/11/2025 01:35,2586.69
18/11/2025 01:40,2604.42
18/11/2025 01:45,2625.5
18/11/2025 01:50,2423.21
18/11/2025 01:55,2482.21
18/11/2025 02:00,2144.56
18/11/2025 02:05,2065.12
18/11/2025 02:10,2027.25
18/11/2025 02:15,2038.65
18/11/2025 02:20,1915.47
18/11/2025 02:25,2108.11
18/11/2025 02:30,1988.99
18/11/2025 02:35,2227.83
18/11/2025 02:40,1900.0
18/11/2025 02:45,1989.96
18/11/2025 02:50,2131.65
18/11/2025 02:55,2013.2
18/11/2025 03:00,2081.14
18/11/2025 03:05,2080.9
18/11/2025 03:10,2086.49
18/11/2025 03:15,2063.88
18/11/2025 03:20,2009.32
18/11/2025 03:25,2029.2
18/11/2025 03:30,2075.6
18/11/2025 03:35,2142.44
18/11/2025 03:40,1912.43
18/11/2025 03:45,1900.0
18/11/2025 03:50,1990.32
18/11/2025 03:55,2126.65
18/11/2025 04:00,1900.0
18/11/2025 04:05,1977.74
18/11/2025 04:10,2064.46
18/11/2025 04:15,2133.74
18/11/2025 04:20,2143.85
18/11/2025 04:25,2130.62
18/11/2025 04:30,2075.31
18/11/2025 04:35,2167.08
18/11/2025 04:40,2184.98
18/11/2025 04:45,2263.37
18/11/2025 04:50,1918.76
18/11/2025 04:55,1990.21
18/11/2025 05:00,2330.85
18/11/2025 05:05,2330.08
18/11/2025 05:10,2369.45
18/11/2025 05:15,2489.95
18/11/2025 05:20,2469.77
18/11/2025 05:25,2423.21
18/11/2025 05:30,2458.06
18/11/2025 05:35,2585.59
18/11/2025 05:40,2816.15
18/11/2025 05:45,2727.0
18/11/2025 05:50,2658.44
18/11/2025 05:55,2655.73
18/11/2025 06:00,2758.49
18/11/2025 06:05,2785.52
18/11/2025 06:10,2762.72
18/11/2025 06:15,2867.62
18/11/2025 06:20,2982.97
18/11/2025 06:25,2955.62
18/11/2025 06:30,3107.2
18/11/2025 06:35,3194.95
18/11/2025 06:40,3086.89
18/11/2025 06:45,3082.76
18/11/2025 06:50,3092.08
18/11/2025 06:55,3207.41
18/11/2025 07:00,3138.31
18/11/2025 07:05,3302.49
18/11/2025 07:10,3256.46
18/11/2025 07:15,3506.47
18/11/2025 07:20,3364.7
18/11/2025 07:25,3619.85
18/11/2025 07:30,3592.63
18/11/2025 07:35,3606.5
18/11/2025 07:40,3703.24
18/11/2025 07:45,3751.83
18/11/2025 07:50,4002.05
18/11/2025 07:55,3925.69
18/11/2025 08:00,3986.37
18/11/2025 08:05,4126.41
18/11/2025 08:10,4090.09
18/11/2025 08:15,4096.22
18/11/2025 08:20,4154.98
18/11/2025 08:25,4239.25
18/11/2025 08:30,4415.5
18/11/2025 08:35,4259.16
18/11/2025 08:40,4548.47
18/11/2025 08:45,4431.24
18/11/2025 08:50,4593.52
18/11/2025 08:55,4584.96
18/11/2025 09:00,4703.2
18/11/2025 09:05,4508.44
18/11/2025 09:10,4859.5
18/11/2025 09:15,4746.05
18/11/2025 09:20,4793.42
18/11/2025 09:25,4879.62
18/11/2025 09:30,4852.1
18/11/2025 09:35,4884.9
18/11/2025 09:40,4965.19
18/11/2025 09:45,4786.09
18/11/2025 09:50,5052.59
18/11/2025 09:55,4964.45
18/11/2025 10:00,4997.83
18/11/2025 10:05,4942.06
18/11/2025 10:10,4891.55
18/11/2025 10:15,4959.89
18/11/2025 10:20,5038.95
18/11/2025 10:25,5143.27
18/11/2025 10:30,5167.66
18/11/2025 10:35,5008.63
18/11/2025 10:40,5047.37
18/11/2025 10:45,5030.85
18/11/2025 10:50,5008.88
18/11/2025 10:55,5034.33
18/11/2025 11:00,4964.81
18/11/2025 11:05,4954.22
18/11/2025 11:10,4995.68
18/11/2025 11:15,4876.18
18/11/2025 11:20,5012.1
18/11/2025 11:25,4662.78
18/11/2025 11:30,4766.38
18/11/2025 11:35,4900.92
18/11/2025 11:40,4697.69
18/11/2025 11:45,4750.91
18/11/2025 11:50,4738.56
18/11/2025 11:55,4656.35
18/11/2025 12:00,4608.62
18/11/2025 12:05,4522.75
18/11/2025 12:10,4591.67
18/11/2025 12:15,4623.25
18/11/2025 12:20,4562.4
18/11/2025 12:25,4618.93
18/11/2025 12:30,4386.68
18/11/2025 12:35,4511.02
18/11/2025 12:40,4514.14
18/11/2025 12:45,4544.16
18/11/2025 12:50,4417.63
18/11/2025 12:55,4455.35
18/11/2025 13:00,4388.82
18/11/2025 13:05,4422.6
18/11/2025 13:10,4384.55
18/11/2025 13:15,4359.66
18/11/2025 13:20,4396.3
18/11/2025 13:25,4363.13
18/11/2025 13:30,4377.21
18/11/2025 13:35,4452.54
18/11/2025 13:40,4398.14
18/11/2025 13:45,4444.48
18/11/2025 13:50,4448.36
18/11/2025 13:55,4306.85
18/11/2025 14:00,4329.51
18/11/2025 14:05,4246.5
18/11/2025 14:10,4320.26
18/11/2025 14:15,4348.17
18/11/2025 14:20,4439.66
18/11/2025 14:25,4268.0
18/11/2025 14:30,4126.3
18/11/2025 14:35,4281.74
18/11/2025 14:40,4364.68
18/11/2025 14:45,4264.52
18/11/2025 14:50,4367.62
18/11/2025 14:55,4284.99
18/11/2025 15:00,4301.05
18/11/2025 15:05,4134.8
18/11/2025 15:10,4288.47
18/11/2025 15:15,4240.05
18/11/2025 15:20,4280.71
18/11/2025 15:25,4247.28
18/11/2025 15:30,4357.8
18/11/2025 15:35,4374.74
18/11/2025 15:40,4409.8
18/11/2025 15:45,4422.93
18/11/2025 15:50,4419.26
18/11/2025 15:55,4515.16
18/11/2025 16:00,4566.2
18/11/2025 16:05,4352.95
18/11/2025 16:10,4565.32
18/11/2025 16:15,4488.02
18/11/2025 16:20,4463.71
18/11/2025 16:25,4440.37
18/11/2025 16:30,4783.31
18/11/2025 16:35,4674.47
18/11/2025 16:40,4619.81
18/11/2025 16:45,4560.33
18/11/2025 16:50,4507.52
18/11/2025 16:55,4638.36
18/11/2025 17:00,4633.49
18/11/2025 17:05,4772.05
18/11/2025 17:10,4548.76
18/11/2025 17:15,4536.08
18/11/2025 17:20,4965.11
18/11/2025 17:25,4577.15
18/11/2025 17:30,4705.97
18/11/2025 17:35,4865.91
18/11/2025 17:40,4690.35
18/11/2025 17:45,4798.23
18/11/2025 17:50,4872.84
18/11/2025 17:55,4873.35
18/11/2025 18:00,4888.83
18/11/2025 18:05,4858.67
18/11/2025 18:10,4849.95
18/11/2025 18:15,4934.84
18/11/2025 18:20,4974.56
18/11/2025 18:25,4966.13
18/11/2025 18:30,5067.04
18/11/2025 18:35,4994.97
18/11/2025 18:40,5130.94
18/11/2025 18:45,5116.94
18/11/2025 18:50,5106.38
18/11/2025 18:55,5169.31
18/11/2025 19:00,5195.16
18/11/2025 19:05,5166.35
18/11/2025 19:10,5075.64
18/11/2025 19:15,5065.01
18/11/2025 19:20,5074.62
18/11/2025 19:25,5249.42
18/11/2025 19:30,5043.84
18/11/2025 19:35,5209.78
18/11/2025 19:40,5243.98
18/11/2025 19:45,5217.94
18/11/2025 19:50,5073.49
18/11/2025 19:55,5181.22
18/11/2025 20:00,5029.73
18/11/2025 20:05,5226.46
18/11/2025 20:10,5153.97
18/11/2025 20:15,5061.18
18/11/2025 20:20,4921.4
18/11/2025 20:25,5015.29
18/11/2025 20:30,4925.08
18/11/2025 20:35,5043.7
18/11/2025 20:40,5031.85
18/11/2025 20:45,4855.84
18/11/2025 20:50,4870.78
18/11/2025 20:55,4929.85
18/11/2025 21:00,4852.53
18/11/2025 21:05,4798.24
18/11/2025 21:10,4726.6
18/11/2025 21:15,4799.59
18/11/2025 21:20,4552.65
18/11/2025 21:25,4619.93
18/11/2025 21:30,4603.29
18/11/2025 21:35,4316.95
18/11/2025 21:40,4311.11
18/11/2025 21:45,4400.59
18/11/2025 21:50,4351.63
18/11/2025 21:55,4343.56
18/11/2025 22:00,4228.39
18/11/2025 22:05,4214.02
18/11/2025 22:10,4129.54
18/11/2025 22:15,3987.79
18/11/2025 22:20,4021.15
18/11/2025 22:25,4001.03
18/11/2025 22:30,3874.99
18/11/2025 22:35,3731.79
18/11/2025 22:40,3736.95
18/11/2025 22:45,3732.06
18/11/2025 22:50,3697.66
18/11/2025 22:55,3691.05
18/11/2025 23:00,3633.84
18/11/2025 23:05,3604.6
18/11/2025 23:10,3568.15
18/11/2025 23:15,3576.99
18/11/2025 23:20,3627.88
18/11/2025 23:25,3376.69
18/11/2025 23:30,3303.66
18/11/2025 23:35,3255.31
18/11/2025 23:40,3185.64
18/11/2025 23:45,3235.25
18/11/2025 23:50,3134.35
18/11/2025 23:55,2981.26
19/11/2025 00:00,2994.54
19/11/2025 00:05,3021.52
19/11/2025 00:10,2939.98
19/11/2025 00:15,2921.1
19/11/2025 00:20,2972.57
19/11/2025 00:25,2787.71
19/11/2025 00:30,2932.14
19/11/2025 00:35,2886.66
19/11/2025 00:40,2921.52
19/11/2025 00:45,2725.76
19/11/2025 00:50,2755.44
19/11/2025 00:55,2829.39
19/11/2025 01:00,2775.8
19/11/2025 01:05,2716.59
19/11/2025 01:10,2676.49
19/11/2025 01:15,2742.45
19/11/2025 01:20,2612.44
19/11/2025 01:25,2673.36
19/11/2025 01:30,2602.91
19/11/2025 01:35,2593.74
19/11/2025 01:40,2575.12
19/11/2025 01:45,2350.57
19/11/2025 01:50,2553.46
19/11/2025 01:55,2481.43
19/11/2025 02:00,1945.03
19/11/2025 02:05,2093.67
19/11/2025 02:10,2083.98
19/11/2025 02:15,1945.06
19/11/2025 02:20,2023.23
19/11/2025 02:25,2077.76
19/11/2025 02:30,2140.74
19/11/2025 02:35,1983.12
19/11/2025 02:40,1995.01
19/11/2025 02:45,2281.88
19/11/2025 02:50,2100.29
19/11/2025 02:55,2139.15
19/11/2025 03:00,1931.95
19/11/2025 03:05,1900.0
19/11/2025 03:10,1910.55
19/11/2025 03:15,2087.27
19/11/2025 03:20,1984.17
19/11/2025 03:25,1975.57
19/11/2025 03:30,1900.0
19/11/2025 03:35,2216.05
19/11/2025 03:40,2183.31
19/11/2025 03:45,2058.65
19/11/2025 03:50,2045.35
19/11/2025 03:55,2085.73
19/11/2025 04:00,1950.99
19/11/2025 04:05,2021.67
19/11/2025 04:10,2001.93
19/11/2025 04:15,2090.53
19/11/2025 04:20,2010.85
19/11/2025 04:25,1980.62
19/11/2025 04:30,2163.11
19/11/2025 04:35,2025.91
19/11/2025 04:40,2093.83
19/11/2025 04:45,2157.64
19/11/2025 04:50,1900.0
19/11/2025 04:55,1956.28
19/11/2025 05:00,2193.64
19/11/2025 05:05,2248.03
19/11/2025 05:10,2200.48
19/11/2025 05:15,2299.41
19/11/2025 05:20,2505.74
19/11/2025 05:25,2618.34
19/11/2025 05:30,2455.4
19/11/2025 05:35,2653.16
19/11/2025 05:40,2738.85
19/11/2025 05:45,2564.23
19/11/2025 05:50,2643.65
19/11/2025 05:55,2656.31
19/11/2025 06:00,2813.44
19/11/2025 06:05,2799.49
19/11/2025 06:10,2762.7
19/11/2025 06:15,2827.83
19/11/2025 06:20,2832.4
19/11/2025 06:25,2887.43
19/11/2025 06:30,3056.21
19/11/2025 06:35,2985.39
19/11/2025 06:40,2993.54
19/11/2025 06:45,3126.37
19/11/2025 06:50,3216.53
19/11/2025 06:55,3131.86
19/11/2025 07:00,3282.81
19/11/2025 07:05,3350.14
19/11/2025 07:10,3364.89
19/11/2025 07:15,3463.49
19/11/2025 07:20,3637.09
19/11/2025 07:25,3559.37
19/11/2025 07:30,3649.53
19/11/2025 07:35,3576.2
19/11/2025 07:40,3700.83
19/11/2025 07:45,3667.85
19/11/2025 07:50,3808.84
19/11/2025 07:55,3771.18
19/11/2025 08:00,3921.17
19/11/2025 08:05,3886.39
19/11/2025 08:10,4110.4
19/11/2025 08:15,4181.05
19/11/2025 08:20,4104.07
19/11/2025 08:25,4271.43
19/11/2025 08:30,4484.46
19/11/2025 08:35,4461.2
19/11/2025 08:40,4257.59
19/11/2025 08:45,4522.91
19/11/2025 08:50,4533.76
19/11/2025 08:55,4699.29
19/11/2025 09:00,4624.84
19/11/2025 09:05,4685.88
19/11/2025 09:10,4692.01
19/11/2025 09:15,4968.16
19/11/2025 09:20,4773.18
19/11/2025 09:25,4805.18
19/11/2025 09:30,4765.91
19/11/2025 09:35,4796.71
19/11/2025 09:40,4932.53
19/11/2025 09:45,4770.6
19/11/2025 09:50,5022.42
19/11/2025 09:55,4868.83
19/11/2025 10:00,4923.26
19/11/2025 10:05,5009.44
19/11/2025 10:10,5107.73
19/11/2025 10:15,4896.75
19/11/2025 10:20,5011.52
19/11/2025 10:25,5067.15
19/11/2025 10:30,5083.39
19/11/2025 10:35,5146.96
19/11/2025 10:40,5065.52
19/11/2025 10:45,5182.52
19/11/2025 10:50,4998.02
19/11/2025 10:55,5015.76
19/11/2025 11:00,5072.53
19/11/2025 11:05,5054.75
19/11/2025 11:10,4811.21
19/11/2025 11:15,4994.28
19/11/2025 11:20,4940.47
19/11/2025 11:25,4804.87
19/11/2025 11:30,4928.56
19/11/2025 11:35,4745.95
19/11/2025 11:40,4798.84
19/11/2025 11:45,4804.04
19/11/2025 11:50,4629.17
19/11/2025 11:55,4589.35
19/11/2025 12:00,4589.09
19/11/2025 12:05,4617.5
19/11/2025 12:10,4519.57
19/11/2025 12:15,4323.46
19/11/2025 12:20,4434.49
19/11/2025 12:25,4485.37
19/11/2025 12:30,4463.69
19/11/2025 12:35,4558.84
19/11/2025 12:40,4469.6
19/11/2025 12:45,4569.82
19/11/2025 12:50,4580.51
19/11/2025 12:55,4411.41
19/11/2025 13:00,4461.23
19/11/2025 13:05,4467.18
19/11/2025 13:10,4553.33
19/11/2025 13:15,4365.46
19/11/2025 13:20,4508.36
19/11/2025 13:25,4485.03
19/11/2025 13:30,4491.29
19/11/2025 13:35,4306.22
19/11/2025 13:40,4435.47
19/11/2025 13:45,4393.96
19/11/2025 13:50,4528.08
19/11/2025 13:55,4350.86
19/11/2025 14:00,4422.9
19/11/2025 14:05,4368.25
19/11/2025 14:10,4393.18
19/11/2025 14:15,4303.06
19/11/2025 14:20,4365.74
19/11/2025 14:25,4310.02
19/11/2025 14:30,4416.57
19/11/2025 14:35,4158.77
19/11/2025 14:40,4366.07
19/11/2025 14:45,4322.92
19/11/2025 14:50,4313.54
19/11/2025 14:55,4297.5
19/11/2025 15:00,4133.31
19/11/2025 15:05,4231.68
19/11/2025 15:10,4179.73
19/11/2025 15:15,4359.04
19/11/2025 15:20,4499.03
19/11/2025 15:25,4265.54
19/11/2025 15:30,4306.04
19/11/2025 15:35,4431.38
19/11/2025 15:40,4511.39
19/11/2025 15:45,4356.63
19/11/2025 15:50,4396.47
19/11/2025 15:55,4525.73
19/11/2025 16:00,4353.08
19/11/2025 16:05,4299.14
19/11/2025 16:10,4433.74
19/11/2025 16:15,4329.31
19/11/2025 16:20,4427.94
19/11/2025 16:25,4687.75
19/11/2025 16:30,4531.68
19/11/2025 16:35,4562.7
19/11/2025 16:40,4576.97
19/11/2025 16:45,4494.39
19/11/2025 16:50,4616.82
19/11/2025 16:55,4650.7
19/11/2025 17:00,4610.05
19/11/2025 17:05,4732.51
19/11/2025 17:10,4680.97
19/11/2025 17:15,4720.22
19/11/2025 17:20,4727.57
19/11/2025 17:25,4794.45
19/11/2025 17:30,4879.8
19/11/2025 17:35,4776.3
19/11/2025 17:40,4835.63
19/11/2025 17:45,4827.1
19/11/2025 17:50,4771.76
19/11/2025 17:55,4829.38
19/11/2025 18:00,4991.24
19/11/2025 18:05,4883.75
19/11/2025 18:10,4763.77
19/11/2025 18:15,4854.47
19/11/2025 18:20,4842.3
19/11/2025 18:25,5001.25
19/11/2025 18:30,4912.39
19/11/2025 18:35,4876.44
19/11/2025 18:40,4983.09
19/11/2025 18:45,5221.48
19/11/2025 18:50,5047.23
19/11/2025 18:55,5062.63
19/11/2025 19:00,5106.5
19/11/2025 19:05,5227.77
19/11/2025 19:10,4961.41
19/11/2025 19:15,5083.66
19/11/2025 19:20,5153.69
19/11/2025 19:25,5143.04
19/11/2025 19:30,5296.99
19/11/2025 19:35,5300.44
19/11/2025 19:40,4994.6
19/11/2025 19:45,5172.36
19/11/2025 19:50,5069.82
19/11/2025 19:55,5079.13
19/11/2025 20:00,5026.16
19/11/2025 20:05,5116.72
19/11/2025 20:10,5029.94
19/11/2025 20:15,5109.66
19/11/2025 20:20,5198.0
19/11/2025 20:25,4969.98
19/11/2025 20:30,4868.91
19/11/2025 20:35,5099.56
19/11/2025 20:40,4842.01
19/11/2025 20:45,4879.5
19/11/2025 20:50,4766.3
19/11/2025 20:55,4804.4
19/11/2025 21:00,4584.83
19/11/2025 21:05,4766.34
19/11/2025 21:10,4881.71
19/11/2025 21:15,4665.21
19/11/2025 21:20,4697.19
19/11/2025 21:25,4676.77
19/11/2025 21:30,4509.64
19/11/2025 21:35,4445.03
19/11/2025 21:40,4475.65
19/11/2025 21:45,4267.38
19/11/2025 21:50,4299.06
19/11/2025 21:55,4323.0
19/11/2025 22:00,4264.44
19/11/2025 22:05,4144.25
19/11/2025 22:10,4173.46
19/11/2025 22:15,4163.09
19/11/2025 22:20,4090.46
19/11/2025 22:25,4007.28
19/11/2025 22:30,3944.71
19/11/2025 22:35,3824.94
19/11/2025 22:40,3967.15
19/11/2025 22:45,3731.58
19/11/2025 22:50,3741.28
19/11/2025 22:55,3671.15
19/11/2025 23:00,3680.89
19/11/2025 23:05,3672.84
19/11/2025 23:10,3506.56
19/11/2025 23:15,3381.59
19/11/2025 23:20,3445.02
19/11/2025 23:25,3445.57
19/11/2025 23:30,3305.9
19/11/2025 23:35,3398.72
19/11/2025 23:40,3295.4
19/11/2025 23:45,3188.7
19/11/2025 23:50,3177.09
19/11/2025 23:55,3099.7
20/11/2025 00:00,3115.06
20/11/2025 00:05,3124.4
20/11/2025 00:10,3042.96
20/11/2025 00:15,3111.25
20/11/2025 00:20,3049.46
20/11/2025 00:25,2945.65
20/11/2025 00:30,2972.5
20/11/2025 00:35,2985.65
20/11/2025 00:40,2915.62
20/11/2025 00:45,2785.67
20/11/2025 00:50,2802.22
20/11/2025 00:55,2988.52
20/11/2025 01:00,2763.48
20/11/2025 01:05,2680.89
20/11/2025 01:10,2838.89
20/11/2025 01:15,2765.73
20/11/2025 01:20,2682.54
20/11/2025 01:25,2592.68
20/11/2025 01:30,2613.76
20/11/2025 01:35,2513.03
20/11/2025 01:40,2676.81
20/11/2025 01:45,2548.81
20/11/2025 01:50,2499.94
20/11/2025 01:55,2569.94
20/11/2025 02:00,2182.94
20/11/2025 02:05,2078.05
20/11/2025 02:10,1929.21
20/11/2025 02:15,1911.26
20/11/2025 02:20,1972.98
20/11/2025 02:25,2165.38
20/11/2025 02:30,2107.37
20/11/2025 02:35,1988.47
20/11/2025 02:40,1900.0
20/11/2025 02:45,2071.85
20/11/2025 02:50,2028.91
20/11/2025 02:55,1920.2
20/11/2025 03:00,1900.0
20/11/2025 03:05,1969.29
20/11/2025 03:10,2067.79
20/11/2025 03:15,2065.55
20/11/2025 03:20,2106.53
20/11/2025 03:25,2004.94
20/11/2025 03:30,1978.57
20/11/2025 03:35,2077.29
20/11/2025 03:40,2024.38
20/11/2025 03:45,2101.58
20/11/2025 03:50,2099.66
20/11/2025 03:55,1932.68
20/11/2025 04:00,2078.18
20/11/2025 04:05,2109.24
20/11/2025 04:10,2106.34
20/11/2025 04:15,1900.0
20/11/2025 04:20,1922.81
20/11/2025 04:25,2043.97
20/11/2025 04:30,1996.41
20/11/2025 04:35,1900.0
20/11/2025 04:40,1984.78
20/11/2025 04:45,2139.32
20/11/2025 04:50,2134.75
20/11/2025 04:55,2059.42
20/11/2025 05:00,2265.75
20/11/2025 05:05,2373.34
20/11/2025 05:10,2397.05
20/11/2025 05:15,2393.03
20/11/2025 05:20,2406.76
20/11/2025 05:25,2398.97
20/11/2025 05:30,2503.95
20/11/2025 05:35,2603.31
20/11/2025 05:40,2566.76
20/11/2025 05:45,2685.57
20/11/2025 05:50,2523.79
20/11/2025 05:55,2705.61
20/11/2025 06:00,2762.99
20/11/2025 06:05,2789.3
20/11/2025 06:10,2945.92
20/11/2025 06:15,2835.9
20/11/2025 06:20,2789.66
20/11/2025 06:25,2920.86
20/11/2025 06:30,2970.13
20/11/2025 06:35,3082.83
20/11/2025 06:40,3144.21
20/11/2025 06:45,3007.78
20/11/2025 06:50,3074.01
20/11/2025 06:55,3259.17
20/11/2025 07:00,3247.74
20/11/2025 07:05,3199.32
20/11/2025 07:10,3342.24
20/11/2025 07:15,3524.24
20/11/2025 07:20,3484.78
20/11/2025 07:25,3464.63
20/11/2025 07:30,3416.8
20/11/2025 07:35,3577.51
20/11/2025 07:40,3764.66
20/11/2025 07:45,3832.92
20/11/2025 07:50,3887.51
20/11/2025 07:55,3924.05
20/11/2025 08:00,4039.99
20/11/2025 08:05,3954.09
20/11/2025 08:10,4019.34
20/11/2025 08:15,4197.57
20/11/2025 08:20,4173.53
20/11/2025 08:25,4304.28
20/11/2025 08:30,4336.8
20/11/2025 08:35,4431.5
20/11/2025 08:40,4382.18
20/11/2025 08:45,4624.13
20/11/2025 08:50,4588.95
20/11/2025 08:55,4558.83
20/11/2025 09:00,4772.84
20/11/2025 09:05,4656.16
20/11/2025 09:10,4568.39
20/11/2025 09:15,4729.6
20/11/2025 09:20,4602.1
20/11/2025 09:25,4813.75
20/11/2025 09:30,4828.36
20/11/2025 09:35,4885.46
20/11/2025 09:40,4811.18
20/11/2025 09:45,4891.25
20/11/2025 09:50,4903.15
20/11/2025 09:55,4943.72
20/11/2025 10:00,4981.21
20/11/2025 10:05,5007.46
20/11/2025 10:10,5042.33
20/11/2025 10:15,5150.39
20/11/2025 10:20,5031.63
20/11/2025 10:25,5062.73
20/11/2025 10:30,4892.62
20/11/2025 10:35,5122.17
20/11/2025 10:40,5058.61
20/11/2025 10:45,4915.01
20/11/2025 10:50,5032.26
20/11/2025 10:55,5028.51
20/11/2025 11:00,4984.86
20/11/2025 11:05,4908.37
20/11/2025 11:10,5021.91
20/11/2025 11:15,4786.78
20/11/2025 11:20,4909.15
20/11/2025 11:25,5027.03
20/11/2025 11:30,4889.5
20/11/2025 11:35,4846.54
20/11/2025 11:40,4757.51
20/11/2025 11:45,4758.47
20/11/2025 11:50,4809.25
20/11/2025 11:55,4649.89
20/11/2025 12:00,4514.41
20/11/2025 12:05,4637.7
20/11/2025 12:10,4559.09
20/11/2025 12:15,4452.36
20/11/2025 12:20,4431.76
20/11/2025 12:25,4490.0
20/11/2025 12:30,4497.69
20/11/2025 12:35,4446.48
20/11/2025 12:40,4583.7
20/11/2025 12:45,4629.83
20/11/2025 12:50,4477.16
20/11/2025 12:55,4431.08
20/11/2025 13:00,4558.13
20/11/2025 13:05,4482.48
20/11/2025 13:10,4387.34
20/11/2025 13:15,4465.52
20/11/2025 13:20,4405.79
20/11/2025 13:25,4424.4
20/11/2025 13:30,4223.63
20/11/2025 13:35,4353.95
20/11/2025 13:40,4440.19
20/11/2025 13:45,4303.55
20/11/2025 13:50,4357.65
20/11/2025 13:55,4431.35
20/11/2025 14:00,4248.82
20/11/2025 14:05,4505.48
20/11/2025 14:10,4341.45
20/11/2025 14:15,4328.27
20/11/2025 14:20,4334.74
20/11/2025 14:25,4327.3
20/11/2025 14:30,4412.25
20/11/2025 14:35,4243.38
20/11/2025 14:40,4266.68
20/11/2025 14:45,4442.13
20/11/2025 14:50,4249.3
20/11/2025 14:55,4400.65
20/11/2025 15:00,4218.33
20/11/2025 15:05,4224.63
20/11/2025 15:10,4336.17
20/11/2025 15:15,4399.47
20/11/2025 15:20,4283.6
20/11/2025 15:25,4301.49
20/11/2025 15:30,4293.89
20/11/2025 15:35,4443.35
20/11/2025 15:40,4354.17
20/11/2025 15:45,4391.54
20/11/2025 15:50,4383.31
20/11/2025 15:55,4271.98
20/11/2025 16:00,4485.52
20/11/2025 16:05,4514.11
20/11/2025 16:10,4477.62
20/11/2025 16:15,4594.61
20/11/2025 16:20,4537.44
20/11/2025 16:25,4527.47
20/11/2025 16:30,4589.44
20/11/2025 16:35,4553.36
20/11/2025 16:40,4629.34
20/11/2025 16:45,4763.29
20/11/2025 16:50,4551.42
20/11/2025 16:55,4516.99
20/11/2025 17:00,4609.99
20/11/2025 17:05,4717.2
20/11/2025 17:10,4740.88
20/11/2025 17:15,4794.35
20/11/2025 17:20,4644.93
20/11/2025 17:25,4778.88
20/11/2025 17:30,4770.97
20/11/2025 17:35,4625.9
20/11/2025 17:40,4753.12
20/11/2025 17:45,4809.84
20/11/2025 17:50,4776.29
20/11/2025 17:55,4921.81
20/11/2025 18:00,4811.07
20/11/2025 18:05,4801.91
20/11/2025 18:10,4928.5
20/11/2025 18:15,4892.68
20/11/2025 18:20,5033.02
20/11/2025 18:25,4952.32
20/11/2025 18:30,5018.61
20/11/2025 18:35,5157.11
20/11/2025 18:40,5007.1
20/11/2025 18:45,4995.5
20/11/2025 18:50,5094.14
20/11/2025 18:55,5067.36
20/11/2025 19:00,5046.43
20/11/2025 19:05,5202.39
20/11/2025 19:10,5154.29
20/11/2025 19:15,5190.87
20/11/2025 19:20,5176.03
20/11/2025 19:25,5083.87
20/11/2025 19:30,5142.26
20/11/2025 19:35,5148.8
20/11/2025 19:40,5024.3
20/11/2025 19:45,5051.59
20/11/2025 19:50,5193.37
20/11/2025 19:55,5093.56
20/11/2025 20:00,5222.6
20/11/2025 20:05,5008.44
20/11/2025 20:10,5122.2
20/11/2025 20:15,4959.86
20/11/2025 20:20,5110.36
20/11/2025 20:25,5076.91
20/11/2025 20:30,5077.56
20/11/2025 20:35,4963.38
20/11/2025 20:40,4968.79
20/11/2025 20:45,5068.39
20/11/2025 20:50,4907.58
20/11/2025 20:55,5109.94
20/11/2025 21:00,4885.51
20/11/2025 21:05,4769.71
20/11/2025 21:10,4812.72
20/11/2025 21:15,4772.65
20/11/2025 21:20,4637.26
20/11/2025 21:25,4598.42
20/11/2025 21:30,4515.68
20/11/2025 21:35,4421.44
20/11/2025 21:40,4536.13
20/11/2025 21:45,4323.89
20/11/2025 21:50,4362.73
20/11/2025 21:55,4460.4
20/11/2025 22:00,4311.01
20/11/2025 22:05,4302.81
20/11/2025 22:10,4108.44
20/11/2025 22:15,4137.73
20/11/2025 22:20,4142.95
20/11/2025 22:25,3948.33
20/11/2025 22:30,3881.36
20/11/2025 22:35,3851.95
20/11/2025 22:40,3855.93
20/11/2025 22:45,3781.32
20/11/2025 22:50,3778.75
20/11/2025 22:55,3671.49
20/11/2025 23:00,3714.45
20/11/2025 23:05,3706.17
20/11/2025 23:10,3656.26
20/11/2025 23:15,3519.86
20/11/2025 23:20,3452.34
20/11/2025 23:25,3395.12
20/11/2025 23:30,3455.37
20/11/2025 23:35,3293.88
20/11/2025 23:40,3261.73
20/11/2025 23:45,3251.9
20/11/2025 23:50,3189.63
20/11/2025 23:55,3119.86
21/11/2025 00:00,3030.05
21/11/2025 00:05,3036.77
21/11/2025 00:10,3139.9
21/11/2025 00:15,2954.62
21/11/2025 00:20,2895.36
21/11/2025 00:25,2962.78
21/11/2025 00:30,2847.35
21/11/2025 00:35,2883.81
21/11/2025 00:40,2882.42
21/11/2025 00:45,2809.71
21/11/2025 00:50,2624.09
21/11/2025 00:55,2740.09
21/11/2025 01:00,2628.21
21/11/2025 01:05,2799.18
21/11/2025 01:10,2815.99
21/11/2025 01:15,2783.77
21/11/2025 01:20,2612.98
21/11/2025 01:25,2696.18
21/11/2025 01:30,2447.55
21/11/2025 01:35,2550.11
21/11/2025 01:40,2504.5
21/11/2025 01:45,2425.15
21/11/2025 01:50,2431.17
21/11/2025 01:55,2430.89
21/11/2025 02:00,2053.37
21/11/2025 02:05,1977.69
21/11/2025 02:10,2122.1
21/11/2025 02:15,1900.0
21/11/2025 02:20,2046.27
21/11/2025 02:25,2010.28
21/11/2025 02:30,1983.06
21/11/2025 02:35,2017.42
21/11/2025 02:40,2034.87
21/11/2025 02:45,2046.57
21/11/2025 02:50,2087.35
21/11/2025 02:55,1900.0
21/11/2025 03:00,2002.06
21/11/2025 03:05,2067.55
21/11/2025 03:10,2021.3
21/11/2025 03:15,1953.11
21/11/2025 03:20,2186.12
21/11/2025 03:25,2140.45
21/11/2025 03:30,1925.68
21/11/2025 03:35,1900.0
21/11/2025 03:40,2039.93
21/11/2025 03:45,1977.56
21/11/2025 03:50,2100.4
21/11/2025 03:55,1912.26
21/11/2025 04:00,2109.34
21/11/2025 04:05,1900.0
21/11/2025 04:10,2022.71
21/11/2025 04:15,2107.27
21/11/2025 04:20,2095.05
21/11/2025 04:25,1979.01
21/11/2025 04:30,2133.22
21/11/2025 04:35,2194.72
21/11/2025 04:40,2134.37
21/11/2025 04:45,2104.09
21/11/2025 04:50,1985.53
21/11/2025 04:55,2057.48
21/11/2025 05:00,2334.57
21/11/2025 05:05,2325.74
21/11/2025 05:10,2433.02
21/11/2025 05:15,2312.44
21/11/2025 05:20,2369.71
21/11/2025 05:25,2303.91
21/11/2025 05:30,2187.04
21/11/2025 05:35,2674.79
21/11/2025 05:40,2678.36
21/11/2025 05:45,2561.09
21/11/2025 05:50,2651.16
21/11/2025 05:55,2820.19
21/11/2025 06:00,2827.39
21/11/2025 06:05,2819.52
21/11/2025 06:10,2711.74
21/11/2025 06:15,2925.11
21/11/2025 06:20,2852.5
21/11/2025 06:25,2940.1
21/11/2025 06:30,3085.02
21/11/2025 06:35,3187.85
21/11/2025 06:40,3000.01
21/11/2025 06:45,3109.25
21/11/2025 06:50,3139.11
21/11/2025 06:55,3045.38
21/11/2025 07:00,3145.86
21/11/2025 07:05,3256.91
21/11/2025 07:10,3354.78
21/11/2025 07:15,3447.49
21/11/2025 07:20,3567.02
21/11/2025 07:25,3531.31
21/11/2025 07:30,3567.47
21/11/2025 07:35,3677.27
21/11/2025 07:40,3785.55
21/11/2025 07:45,3873.95
21/11/2025 07:50,3784.16
21/11/2025 07:55,3798.11
21/11/2025 08:00,3987.37
21/11/2025 08:05,4055.71
21/11/2025 08:10,4055.02
21/11/2025 08:15,4040.78
21/11/2025 08:20,4172.49
21/11/2025 08:25,4143.0
21/11/2025 08:30,4280.01
21/11/2025 08:35,4185.04
21/11/2025 08:40,4309.67
21/11/2025 08:45,4489.24
21/11/2025 08:50,4479.59
21/11/2025 08:55,4685.75
21/11/2025 09:00,4574.23
21/11/2025 09:05,4686.2
21/11/2025 09:10,4748.09
21/11/2025 09:15,4772.06
21/11/2025 09:20,4695.07
21/11/2025 09:25,4843.42
21/11/2025 09:30,4903.44
21/11/2025 09:35,4832.47
21/11/2025 09:40,4914.56
21/11/2025 09:45,4978.18
21/11/2025 09:50,4944.58
21/11/2025 09:55,4840.82
21/11/2025 10:00,4963.73
21/11/2025 10:05,5106.23
21/11/2025 10:10,4888.27
21/11/2025 10:15,4918.79
21/11/2025 10:20,4996.59
21/11/2025 10:25,5023.13
21/11/2025 10:30,5101.18
21/11/2025 10:35,4959.31
21/11/2025 10:40,4865.81
21/11/2025 10:45,5021.05
21/11/2025 10:50,5101.8
21/11/2025 10:55,4952.28
21/11/2025 11:00,4936.4
21/11/2025 11:05,4880.71
21/11/2025 11:10,4948.09
21/11/2025 11:15,4862.64
21/11/2025 11:20,4907.26
21/11/2025 11:25,5021.57
21/11/2025 11:30,4843.03
21/11/2025 11:35,4719.68
21/11/2025 11:40,4813.93
21/11/2025 11:45,4675.75
21/11/2025 11:50,4710.11
21/11/2025 11:55,4643.27
21/11/2025 12:00,4505.11
21/11/2025 12:05,4530.95
21/11/2025 12:10,4551.89
21/11/2025 12:15,4588.98
21/11/2025 12:20,4460.22
21/11/2025 12:25,4477.33
21/11/2025 12:30,4492.56
21/11/2025 12:35,4464.96
21/11/2025 12:40,4481.06
21/11/2025 12:45,4430.37
21/11/2025 12:50,4488.84
21/11/2025 12:55,4500.06
21/11/2025 13:00,4493.79
21/11/2025 13:05,4411.93
21/11/2025 13:10,4440.75
21/11/2025 13:15,4384.73
21/11/2025 13:20,4263.27
21/11/2025 13:25,4312.09
21/11/2025 13:30,4337.78
21/11/2025 13:35,4300.64
21/11/2025 13:40,4478.66
21/11/2025 13:45,4319.52
21/11/2025 13:50,4288.15
21/11/2025 13:55,4326.63
21/11/2025 14:00,4352.44
21/11/2025 14:05,4322.91
21/11/2025 14:10,4278.88
21/11/2025 14:15,4250.93
21/11/2025 14:20,4484.31
21/11/2025 14:25,4320.02
21/11/2025 14:30,4171.16
21/11/2025 14:35,4158.65
21/11/2025 14:40,4331.17
21/11/2025 14:45,4204.81
21/11/2025 14:50,4187.76
21/11/2025 14:55,4320.62
21/11/2025 15:00,4385.21
21/11/2025 15:05,4376.85
21/11/2025 15:10,4234.77
21/11/2025 15:15,4460.66
21/11/2025 15:20,4296.52
21/11/2025 15:25,4229.31
21/11/2025 15:30,4388.18
21/11/2025 15:35,4395.09
21/11/2025 15:40,4397.89
21/11/2025 15:45,4394.02
21/11/2025 15:50,4521.58
21/11/2025 15:55,4349.14
21/11/2025 16:00,4484.55
21/11/2025 16:05,4516.81
21/11/2025 16:10,4497.32
21/11/2025 16:15,4647.88
21/11/2025 16:20,4415.4
21/11/2025 16:25,4448.6
21/11/2025 16:30,4496.81
21/11/2025 16:35,4474.06
21/11/2025 16:40,4664.27
21/11/2025 16:45,4532.31
21/11/2025 16:50,4547.23
21/11/2025 16:55,4591.09
21/11/2025 17:00,4603.16
21/11/2025 17:05,4693.93
21/11/2025 17:10,4713.79
21/11/2025 17:15,4657.82
21/11/2025 17:20,4661.25
21/11/2025 17:25,4698.54
21/11/2025 17:30,4713.7
21/11/2025 17:35,4756.84
21/11/2025 17:40,4765.33
21/11/2025 17:45,4849.09
21/11/2025 17:50,4934.53
21/11/2025 17:55,4822.26
21/11/2025 18:00,4948.95
21/11/2025 18:05,4884.12
21/11/2025 18:10,4881.95
21/11/2025 18:15,4889.3
21/11/2025 18:20,4826.02
21/11/2025 18:25,4992.14
21/11/2025 18:30,5112.46
21/11/2025 18:35,5066.4
21/11/2025 18:40,5099.06
21/11/2025 18:45,5030.73
21/11/2025 18:50,4978.45
21/11/2025 18:55,5085.93
21/11/2025 19:00,5159.1
21/11/2025 19:05,5151.42
21/11/2025 19:10,5028.11
21/11/2025 19:15,5304.05
21/11/2025 19:20,5080.19
21/11/2025 19:25,5081.97
21/11/2025 19:30,5232.17
21/11/2025 19:35,5012.23
21/11/2025 19:40,5159.53
21/11/2025 19:45,5199.1
21/11/2025 19:50,5215.03
21/11/2025 19:55,5188.31
21/11/2025 20:00,5038.76
21/11/2025 20:05,5096.87
21/11/2025 20:10,5082.41
21/11/2025 20:15,5023.87
21/11/2025 20:20,5165.37
21/11/2025 20:25,5054.76
21/11/2025 20:30,5088.4
21/11/2025 20:35,4858.87
21/11/2025 20:40,4975.42
21/11/2025 20:45,4882.95
21/11/2025 20:50,4910.4
21/11/2025 20:55,5036.5
21/11/2025 21:00,4800.19
21/11/2025 21:05,4833.06
21/11/2025 21:10,4710.35
21/11/2025 21:15,4838.18
21/11/2025 21:20,4560.79
21/11/2025 21:25,4630.5
21/11/2025 21:30,4435.63
21/11/2025 21:35,4602.84
21/11/2025 21:40,4486.66
21/11/2025 21:45,4358.16
21/11/2025 21:50,4517.31
21/11/2025 21:55,4226.43
21/11/2025 22:00,4390.61
21/11/2025 22:05,4001.63
21/11/2025 22:10,4151.32
21/11/2025 22:15,3979.26
21/11/2025 22:20,4166.53
21/11/2025 22:25,3911.73
21/11/2025 22:30,4014.02
21/11/2025 22:35,4042.51
21/11/2025 22:40,3783.57
21/11/2025 22:45,3856.82
21/11/2025 22:50,3779.99
21/11/2025 22:55,3623.56
21/11/2025 23:00,3750.24
21/11/2025 23:05,3801.26
21/11/2025 23:10,3577.37
21/11/2025 23:15,3443.82
21/11/2025 23:20,3456.67
21/11/2025 23:25,3265.68
21/11/2025 23:30,3330.04
21/11/2025 23:35,3291.44
21/11/2025 23:40,3331.68
21/11/2025 23:45,3178.11
21/11/2025 23:50,3259.93
21/11/2025 23:55,3047.37
22/11/2025 00:00,2895.15
22/11/2025 00:05,2798.71
22/11/2025 00:10,2649.94
22/11/2025 00:15,2632.2
22/11/2025 00:20,2647.28
22/11/2025 00:25,2625.63
22/11/2025 00:30,2597.56
22/11/2025 00:35,2583.46
22/11/2025 00:40,2569.4
22/11/2025 00:45,2562.67
22/11/2025 00:50,2527.25
22/11/2025 00:55,2414.47
22/11/2025 01:00,2485.28
22/11/2025 01:05,2456.68
22/11/2025 01:10,2369.14
22/11/2025 01:15,2453.21
22/11/2025 01:20,2411.29
22/11/2025 01:25,2420.6
22/11/2025 01:30,2342.56
22/11/2025 01:35,2397.1
22/11/2025 01:40,2448.33
22/11/2025 01:45,2254.96
22/11/2025 01:50,2165.29
22/11/2025 01:55,2204.14
22/11/2025 02:00,1900.0
22/11/2025 02:05,1900.0
22/11/2025 02:10,1900.0
22/11/2025 02:15,1900.0
22/11/2025 02:20,1900.0
22/11/2025 02:25,1900.0
22/11/2025 02:30,1900.0
22/11/2025 02:35,1900.0
22/11/2025 02:40,1976.45
22/11/2025 02:45,1900.0
22/11/2025 02:50,1900.0
22/11/2025 02:55,1900.0
22/11/2025 03:00,1913.63
22/11/2025 03:05,1900.0
22/11/2025 03:10,1900.0
22/11/2025 03:15,1900.0
22/11/2025 03:20,1900.0
22/11/2025 03:25,1900.0
22/11/2025 03:30,1900.0
22/11/2025 03:35,1900.0
22/11/2025 03:40,1900.0
22/11/2025 03:45,1900.0
22/11/2025 03:50,1928.88
22/11/2025 03:55,1900.0
22/11/2025 04:00,1900.0
22/11/2025 04:05,1900.0
22/11/2025 04:10,1900.0
22/11/2025 04:15,1900.0
22/11/2025 04:20,1900.0
22/11/2025 04:25,1900.0
22/11/2025 04:30,1900.0
22/11/2025 04:35,1900.0
22/11/2025 04:40,1908.4
22/11/2025 04:45,1900.0
22/11/2025 04:50,1900.0
22/11/2025 04:55,1900.0
22/11/2025 05:00,2080.44
22/11/2025 05:05,2134.5
22/11/2025 05:10,2071.84
22/11/2025 05:15,2357.65
22/11/2025 05:20,2273.56
22/11/2025 05:25,2334.13
22/11/2025 05:30,2265.85
22/11/2025 05:35,2291.22
22/11/2025 05:40,2314.39
22/11/2025 05:45,2218.05
22/11/2025 05:50,2444.88
22/11/2025 05:55,2466.09
22/11/2025 06:00,2606.1
22/11/2025 06:05,2614.69
22/11/2025 06:10,2636.09
22/11/2025 06:15,2492.12
22/11/2025 06:20,2621.63
22/11/2025 06:25,2737.1
22/11/2025 06:30,2707.72
22/11/2025 06:35,2817.05
22/11/2025 06:40,2811.59
22/11/2025 06:45,2964.62
22/11/2025 06:50,2898.99
22/11/2025 06:55,3032.41
22/11/2025 07:00,3106.1
22/11/2025 07:05,3070.09
22/11/2025 07:10,3078.63
22/11/2025 07:15,3157.9
22/11/2025 07:20,3193.17
22/11/2025 07:25,3227.08
22/11/2025 07:30,3424.83
22/11/2025 07:35,3429.17
22/11/2025 07:40,3457.43
22/11/2025 07:45,3541.81
22/11/2025 07:50,3742.34
22/11/2025 07:55,3668.72
22/11/2025 08:00,3831.23
22/11/2025 08:05,3693.27
22/11/2025 08:10,3859.38
22/11/2025 08:15,3888.89
22/11/2025 08:20,3899.66
22/11/2025 08:25,4035.59
22/11/2025 08:30,4222.42
22/11/2025 08:35,4286.1
22/11/2025 08:40,4201.58
22/11/2025 08:45,4438.18
22/11/2025 08:50,4371.29
22/11/2025 08:55,4321.34
22/11/2025 09:00,4357.13
22/11/2025 09:05,4458.99
22/11/2025 09:10,4446.44
22/11/2025 09:15,4471.82
22/11/2025 09:20,4510.13
22/11/2025 09:25,4452.11
22/11/2025 09:30,4592.12
22/11/2025 09:35,4568.78
22/11/2025 09:40,4585.05
22/11/2025 09:45,4787.18
22/11/2025 09:50,4674.84
22/11/2025 09:55,4566.05
22/11/2025 10:00,4564.71
22/11/2025 10:05,4752.65
22/11/2025 10:10,4833.85
22/11/2025 10:15,4728.91
22/11/2025 10:20,4777.71
22/11/2025 10:25,4872.95
22/11/2025 10:30,4836.86
22/11/2025 10:35,4961.52
22/11/2025 10:40,4767.75
22/11/2025 10:45,4751.4
22/11/2025 10:50,4720.84
22/11/2025 10:55,4818.07
22/11/2025 11:00,4809.05
22/11/2025 11:05,4643.13
22/11/2025 11:10,4731.3
22/11/2025 11:15,4540.41
22/11/2025 11:20,4701.75
22/11/2025 11:25,4698.88
22/11/2025 11:30,4623.35
22/11/2025 11:35,4595.51
22/11/2025 11:40,4479.32
22/11/2025 11:45,4566.49
22/11/2025 11:50,4362.3
22/11/2025 11:55,4364.95
22/11/2025 12:00,4198.76
22/11/2025 12:05,4333.89
22/11/2025 12:10,4436.98
22/11/2025 12:15,4210.81
22/11/2025 12:20,4184.71
22/11/2025 12:25,4174.59
22/11/2025 12:30,4111.25
22/11/2025 12:35,4209.68
22/11/2025 12:40,4303.58
22/11/2025 12:45,4249.33
22/11/2025 12:50,4172.95
22/11/2025 12:55,4091.6
22/11/2025 13:00,4293.29
22/11/2025 13:05,4190.66
22/11/2025 13:10,4236.39
22/11/2025 13:15,4117.17
22/11/2025 13:20,4003.14
22/11/2025 13:25,3972.24
22/11/2025 13:30,4152.73
22/11/2025 13:35,4221.82
22/11/2025 13:40,4182.22
22/11/2025 13:45,4121.89
22/11/2025 13:50,4125.48
22/11/2025 13:55,4067.74
22/11/2025 14:00,3908.6
22/11/2025 14:05,3937.08
22/11/2025 14:10,4033.77
22/11/2025 14:15,4106.27
22/11/2025 14:20,3968.86
22/11/2025 14:25,4166.86
22/11/2025 14:30,3971.34
22/11/2025 14:35,3992.42
22/11/2025 14:40,4051.55
22/11/2025 14:45,4037.71
22/11/2025 14:50,3912.74
22/11/2025 14:55,4093.36
22/11/2025 15:00,4060.7
22/11/2025 15:05,4026.55
22/11/2025 15:10,4037.82
22/11/2025 15:15,4052.44
22/11/2025 15:20,3947.85
22/11/2025 15:25,4104.96
22/11/2025 15:30,3981.95
22/11/2025 15:35,4155.42
22/11/2025 15:40,4200.83
22/11/2025 15:45,4235.19
22/11/2025 15:50,4256.78
22/11/2025 15:55,4311.88
22/11/2025 16:00,4187.55
22/11/2025 16:05,4190.41
22/11/2025 16:10,4347.89
22/11/2025 16:15,4126.51
22/11/2025 16:20,4306.67
22/11/2025 16:25,4221.21
22/11/2025 16:30,4398.67
22/11/2025 16:35,4308.57
22/11/2025 16:40,4452.82
22/11/2025 16:45,4330.09
22/11/2025 16:50,4347.43
22/11/2025 16:55,4248.63
22/11/2025 17:00,4560.55
22/11/2025 17:05,4487.75
22/11/2025 17:10,4456.25
22/11/2025 17:15,4498.4
22/11/2025 17:20,4478.1
22/11/2025 17:25,4404.12
22/11/2025 17:30,4439.75
22/11/2025 17:35,4469.17
22/11/2025 17:40,4589.96
22/11/2025 17:45,4536.53
22/11/2025 17:50,4627.4
22/11/2025 17:55,4676.99
22/11/2025 18:00,4706.78
22/11/2025 18:05,4562.32
22/11/2025 18:10,4638.72
22/11/2025 18:15,4749.68
22/11/2025 18:20,4597.12
22/11/2025 18:25,4765.79
22/11/2025 18:30,4822.36
22/11/2025 18:35,4703.81
22/11/2025 18:40,4692.86
22/11/2025 18:45,4682.95
22/11/2025 18:50,4842.72
22/11/2025 18:55,4776.07
22/11/2025 19:00,4829.04
22/11/2025 19:05,4731.32
22/11/2025 19:10,4817.24
22/11/2025 19:15,4788.61
22/11/2025 19:20,4857.02
22/11/2025 19:25,4778.82
22/11/2025 19:30,4803.99
22/11/2025 19:35,4987.87
22/11/2025 19:40,4920.34
22/11/2025 19:45,4958.78
22/11/2025 19:50,4933.5
22/11/2025 19:55,4926.0
22/11/2025 20:00,4729.97
22/11/2025 20:05,4969.28
22/11/2025 20:10,4743.26
22/11/2025 20:15,4840.67
22/11/2025 20:20,4754.5
22/11/2025 20:25,4723.47
22/11/2025 20:30,4690.77
22/11/2025 20:35,4669.22
22/11/2025 20:40,4827.68
22/11/2025 20:45,4673.18
22/11/2025 20:50,4704.05
22/11/2025 20:55,4640.9
22/11/2025 21:00,4619.52
22/11/2025 21:05,4770.01
22/11/2025 21:10,4506.95
22/11/2025 21:15,4427.58
22/11/2025 21:20,4383.4
22/11/2025 21:25,4237.15
22/11/2025 21:30,4281.79
22/11/2025 21:35,4262.8
22/11/2025 21:40,4176.1
22/11/2025 21:45,4189.15
22/11/2025 21:50,3894.3
22/11/2025 21:55,4055.49
22/11/2025 22:00,4014.85
22/11/2025 22:05,4069.17
22/11/2025 22:10,3884.89
22/11/2025 22:15,3815.22
22/11/2025 22:20,3818.73
22/11/2025 22:25,3804.44
22/11/2025 22:30,3724.11
22/11/2025 22:35,3720.47
22/11/2025 22:40,3666.37
22/11/2025 22:45,3481.91
22/11/2025 22:50,3469.18
22/11/2025 22:55,3473.39
22/11/2025 23:00,3329.49
22/11/2025 23:05,3391.09
22/11/2025 23:10,3195.67
22/11/2025 23:15,3100.17
22/11/2025 23:20,3114.72
22/11/2025 23:25,3174.84
22/11/2025 23:30,3165.9
22/11/2025 23:35,2977.79
22/11/2025 23:40,2843.97
22/11/2025 23:45,3002.79
22/11/2025 23:50,2938.47
22/11/2025 23:55,2829.67
23/11/2025 00:00,2815.12
23/11/2025 00:05,2876.83
23/11/2025 00:10,2727.62
23/11/2025 00:15,2798.14
23/11/2025 00:20,2903.15
23/11/2025 00:25,2662.47
23/11/2025 00:30,2619.16
23/11/2025 00:35,2642.62
23/11/2025 00:40,2565.64
23/11/2025 00:45,2644.94
23/11/2025 00:50,2525.94
23/11/2025 00:55,2551.37
23/11/2025 01:00,2506.18
23/11/2025 01:05,2393.31
23/11/2025 01:10,2414.73
23/11/2025 01:15,2432.42
23/11/2025 01:20,2457.35
23/11/2025 01:25,2438.83
23/11/2025 01:30,2224.44
23/11/2025 01:35,2375.84
23/11/2025 01:40,2495.24
23/11/2025 01:45,2223.14
23/11/2025 01:50,2240.76
23/11/2025 01:55,2257.54
23/11/2025 02:00,1900.0
23/11/2025 02:05,1900.0
23/11/2025 02:10,1900.0
23/11/2025 02:15,1900.0
23/11/2025 02:20,1900.0
23/11/2025 02:25,1900.0
23/11/2025 02:30,1900.0
23/11/2025 02:35,2025.87
23/11/2025 02:40,1900.0
23/11/2025 02:45,1900.0
23/11/2025 02:50,1900.0
23/11/2025 02:55,1900.0
23/11/2025 03:00,1900.0
23/11/2025 03:05,1900.0
23/11/2025 03:10,2021.45
23/11/2025 03:15,1957.43
23/11/2025 03:20,1900.0
23/11/2025 03:25,1900.0
23/11/2025 03:30,1971.14
23/11/2025 03:35,1900.0
23/11/2025 03:40,1900.0
23/11/2025 03:45,1900.0
23/11/2025 03:50,1901.03
23/11/2025 03:55,1900.0
23/11/2025 04:00,1900.0
23/11/2025 04:05,1900.0
23/11/2025 04:10,1900.0
23/11/2025 04:15,1900.0
23/11/2025 04:20,1900.0
23/11/2025 04:25,1900.0
23/11/2025 04:30,1900.0
23/11/2025 04:35,1900.0
23/11/2025 04:40,1900.0
23/11/2025 04:45,1900.0
23/11/2025 04:50,1900.0
23/11/2025 04:55,1900.0
23/11/2025 05:00,1934.06
23/11/2025 05:05,2020.32
23/11/2025 05:10,2013.02
23/11/2025 05:15,2123.07
23/11/2025 05:20,2052.86
23/11/2025 05:25,2314.37
23/11/2025 05:30,2286.88
23/11/2025 05:35,2376.14
23/11/2025 05:40,2399.56
23/11/2025 05:45,2368.77
23/11/2025 05:50,2524.56
23/11/2025 05:55,2360.65
23/11/2025 06:00,2447.68
23/11/2025 06:05,2461.09
23/11/2025 06:10,2629.57
23/11/2025 06:15,2575.82
23/11/2025 06:20,2781.76
23/11/2025 06:25,2749.03
23/11/2025 06:30,2777.11
23/11/2025 06:35,2729.42
23/11/2025 06:40,2714.94
23/11/2025 06:45,2831.74
23/11/2025 06:50,2855.05
23/11/2025 06:55,2974.84
23/11/2025 07:00,3110.87
23/11/2025 07:05,3127.19
23/11/2025 07:10,3215.94
23/11/2025 07:15,3080.48
23/11/2025 07:20,3145.38
23/11/2025 07:25,3358.75
23/11/2025 07:30,3560.11
23/11/2025 07:35,3533.25
23/11/2025 07:40,3470.82
23/11/2025 07:45,3542.35
23/11/2025 07:50,3553.89
23/11/2025 07:55,3717.45
23/11/2025 08:00,3702.37
23/11/2025 08:05,3861.27
23/11/2025 08:10,3899.95
23/11/2025 08:15,3850.41
23/11/2025 08:20,3950.85
23/11/2025 08:25,4005.55
23/11/2025 08:30,4031.47
23/11/2025 08:35,4066.82
23/11/2025 08:40,4109.87
23/11/2025 08:45,4150.1
23/11/2025 08:50,4370.28
23/11/2025 08:55,4225.16
23/11/2025 09:00,4359.78
23/11/2025 09:05,4505.43
23/11/2025 09:10,4598.04
23/11/2025 09:15,4489.14
23/11/2025 09:20,4542.65
23/11/2025 09:25,4386.66
23/11/2025 09:30,4619.35
23/11/2025 09:35,4733.44
23/11/2025 09:40,4646.96
23/11/2025 09:45,4778.52
23/11/2025 09:50,4679.3
23/11/2025 09:55,4670.37
23/11/2025 10:00,4595.18
23/11/2025 10:05,4788.84
23/11/2025 10:10,4803.7
23/11/2025 10:15,4911.5
23/11/2025 10:20,4680.58
23/11/2025 10:25,4761.34
23/11/2025 10:30,4899.11
23/11/2025 10:35,4725.38
23/11/2025 10:40,4857.94
23/11/2025 10:45,4732.94
23/11/2025 10:50,4820.57
23/11/2025 10:55,4573.61
23/11/2025 11:00,4818.09
23/11/2025 11:05,4714.57
23/11/2025 11:10,4663.3
23/11/2025 11:15,4728.09
23/11/2025 11:20,4558.66
23/11/2025 11:25,4730.8
23/11/2025 11:30,4560.81
23/11/2025 11:35,4571.93
23/11/2025 11:40,4664.76
23/11/2025 11:45,4490.0
23/11/2025 11:50,4453.21
23/11/2025 11:55,4496.54
23/11/2025 12:00,4088.72
23/11/2025 12:05,4327.59
23/11/2025 12:10,4293.68
23/11/2025 12:15,4236.97
23/11/2025 12:20,4190.79
23/11/2025 12:25,4331.07
23/11/2025 12:30,4244.96
23/11/2025 12:35,4145.66
23/11/2025 12:40,4244.88
23/11/2025 12:45,4129.7
23/11/2025 12:50,4364.89
23/11/2025 12:55,4166.72
23/11/2025 13:00,4244.22
23/11/2025 13:05,4187.81
23/11/2025 13:10,4174.34
23/11/2025 13:15,4184.4
23/11/2025 13:20,4250.64
23/11/2025 13:25,4164.21
23/11/2025 13:30,4020.01
23/11/2025 13:35,4143.52
23/11/2025 13:40,4152.78
23/11/2025 13:45,4307.24
23/11/2025 13:50,4157.28
23/11/2025 13:55,4158.61
23/11/2025 14:00,3937.76
23/11/2025 14:05,4111.1
23/11/2025 14:10,3902.62
23/11/2025 14:15,4041.17
23/11/2025 14:20,4019.79
23/11/2025 14:25,4020.21
23/11/2025 14:30,4154.35
23/11/2025 14:35,3960.66
23/11/2025 14:40,3949.4
23/11/2025 14:45,3925.68
23/11/2025 14:50,4088.07
23/11/2025 14:55,3961.51
23/11/2025 15:00,3953.21
23/11/2025 15:05,4070.5
23/11/2025 15:10,4092.26
23/11/2025 15:15,3917.56
23/11/2025 15:20,4057.29
23/11/2025 15:25,4093.18
23/11/2025 15:30,4031.46
23/11/2025 15:35,4036.82
23/11/2025 15:40,4146.33
23/11/2025 15:45,4064.38
23/11/2025 15:50,4209.42
23/11/2025 15:55,4112.53
23/11/2025 16:00,4244.08
23/11/2025 16:05,4251.34
23/11/2025 16:10,4316.44
23/11/2025 16:15,4355.14
23/11/2025 16:20,4190.29
23/11/2025 16:25,4226.52
23/11/2025 16:30,4245.74
23/11/2025 16:35,4214.32
23/11/2025 16:40,4264.34
23/11/2025 16:45,4438.67
23/11/2025 16:50,4396.02
23/11/2025 16:55,4318.05
23/11/2025 17:00,4510.96
23/11/2025 17:05,4518.61
23/11/2025 17:10,4358.15
23/11/2025 17:15,4461.39
23/11/2025 17:20,4299.71
23/11/2025 17:25,4547.31
23/11/2025 17:30,4678.34
23/11/2025 17:35,4510.53
23/11/2025 17:40,4456.3
23/11/2025 17:45,4643.52
23/11/2025 17:50,4545.56
23/11/2025 17:55,4797.74
23/11/2025 18:00,4702.36
23/11/2025 18:05,4732.98
23/11/2025 18:10,4498.33
23/11/2025 18:15,4634.5
23/11/2025 18:20,4587.24
23/11/2025 18:25,4747.76
23/11/2025 18:30,4760.97
23/11/2025 18:35,4842.9
23/11/2025 18:40,4995.01
23/11/2025 18:45,4808.16
23/11/2025 18:50,4763.2
23/11/2025 18:55,4829.16
23/11/2025 19:00,4847.42
23/11/2025 19:05,4820.67
23/11/2025 19:10,4859.71
23/11/2025 19:15,4835.98
23/11/2025 19:20,4843.48
23/11/2025 19:25,5005.8
23/11/2025 19:30,4839.33
23/11/2025 19:35,5011.74
23/11/2025 19:40,4984.56
23/11/2025 19:45,4676.96
23/11/2025 19:50,4886.66
23/11/2025 19:55,5043.18
23/11/2025 20:00,4827.15
23/11/2025 20:05,4753.88
23/11/2025 20:10,4712.23
23/11/2025 20:15,4859.2
23/11/2025 20:20,4733.91
23/11/2025 20:25,4771.49
23/11/2025 20:30,4753.64
23/11/2025 20:35,4620.07
23/11/2025 20:40,4602.85
23/11/2025 20:45,4836.85
23/11/2025 20:50,4616.51
23/11/2025 20:55,4625.38
23/11/2025 21:00,4656.22
23/11/2025 21:05,4570.19
23/11/2025 21:10,4447.93
23/11/2025 21:15,4302.09
23/11/2025 21:20,4210.39
23/11/2025 21:25,4266.07
23/11/2025 21:30,4346.82
23/11/2025 21:35,4332.07
23/11/2025 21:40,4110.91
23/11/2025 21:45,4078.09
23/11/2025 21:50,4149.19
23/11/2025 21:55,4216.61
23/11/2025 22:00,4048.86
23/11/2025 22:05,3935.18
23/11/2025 22:10,3819.08
23/11/2025 22:15,3821.14
23/11/2025 22:20,3836.32
23/11/2025 22:25,3701.17
23/11/2025 22:30,3664.71
23/11/2025 22:35,3640.25
23/11/2025 22:40,3485.59
23/11/2025 22:45,3639.74
23/11/2025 22:50,3365.68
23/11/2025 22:55,3409.62
23/11/2025 23:00,3385.96
23/11/2025 23:05,3354.83
23/11/2025 23:10,3349.04
23/11/2025 23:15,3206.28
23/11/2025 23:20,3171.44
23/11/2025 23:25,3053.25
23/11/2025 23:30,2918.94
23/11/2025 23:35,3074.55
23/11/2025 23:40,3083.93
23/11/2025 23:45,2987.58
23/11/2025 23:50,2935.19
23/11/2025 23:55,2800.96
24/11/2025 00:00,2992.65
24/11/2025 00:05,2916.35
24/11/2025 00:10,2981.91
24/11/2025 00:15,2976.64
24/11/2025 00:20,2865.9
24/11/2025 00:25,3035.52
24/11/2025 00:30,2870.37
24/11/2025 00:35,2851.6
24/11/2025 00:40,2755.26
24/11/2025 00:45,2891.45
24/11/2025 00:50,2882.8
24/11/2025 00:55,2778.64
24/11/2025 01:00,2932.92
24/11/2025 01:05,2790.44
24/11/2025 01:10,2600.97
24/11/2025 01:15,2712.41
24/11/2025 01:20,2682.91
24/11/2025 01:25,2679.69
24/11/2025 01:30,2563.9
24/11/2025 01:35,2352.33
24/11/2025 01:40,2659.22
24/11/2025 01:45,2625.21
24/11/2025 01:50,2603.15
24/11/2025 01:55,2521.54
24/11/2025 02:00,2111.19
24/11/2025 02:05,2018.49
24/11/2025 02:10,2042.97
24/11/2025 02:15,2158.93
24/11/2025 02:20,1943.45
24/11/2025 02:25,2154.46
24/11/2025 02:30,2059.22
24/11/2025 02:35,2050.53
24/11/2025 02:40,2100.0
24/11/2025 02:45,1975.96
24/11/2025 02:50,2048.21
24/11/2025 02:55,2170.26
24/11/2025 03:00,2008.43
24/11/2025 03:05,2058.32
24/11/2025 03:10,2194.65
24/11/2025 03:15,2142.92
24/11/2025 03:20,1959.2
24/11/2025 03:25,2022.69
24/11/2025 03:30,2209.3
24/11/2025 03:35,2027.24
24/11/2025 03:40,1904.68
24/11/2025 03:45,2051.3
24/11/2025 03:50,1974.13
24/11/2025 03:55,1902.82
24/11/2025 04:00,1993.61
24/11/2025 04:05,2086.76
24/11/2025 04:10,1914.98
24/11/2025 04:15,2090.16
24/11/2025 04:20,1966.61
24/11/2025 04:25,1902.31
24/11/2025 04:30,2216.23
24/11/2025 04:35,1984.58
24/11/2025 04:40,2084.83
24/11/2025 04:45,2068.69
24/11/2025 04:50,2020.85
24/11/2025 04:55,2083.23
24/11/2025 05:00,2143.48
24/11/2025 05:05,2122.71
24/11/2025 05:10,2249.32
24/11/2025 05:15,2340.56
24/11/2025 05:20,2264.3
24/11/2025 05:25,2500.49
24/11/2025 05:30,2580.98
24/11/2025 05:35,2619.97
24/11/2025 05:40,2602.17
24/11/2025 05:45,2715.87
24/11/2025 05:50,2815.85
24/11/2025 05:55,2719.12
24/11/2025 06:00,2737.23
24/11/2025 06:05,2842.43
24/11/2025 06:10,2941.91
24/11/2025 06:15,2938.77
24/11/2025 06:20,2878.09
24/11/2025 06:25,3001.06
24/11/2025 06:30,3103.87
24/11/2025 06:35,3045.47
24/11/2025 06:40,3084.35
24/11/2025 06:45,3014.53
24/11/2025 06:50,3029.01
24/11/2025 06:55,3117.04
24/11/2025 07:00,3064.87
24/11/2025 07:05,3292.26
24/11/2025 07:10,3503.44
24/11/2025 07:15,3245.62
24/11/2025 07:20,3688.75
24/11/2025 07:25,3532.16
24/11/2025 07:30,3697.68
24/11/2025 07:35,3670.72
24/11/2025 07:40,3766.82
24/11/2025 07:45,3638.05
24/11/2025 07:50,3719.96
24/11/2025 07:55,3903.04
24/11/2025 08:00,3967.63
24/11/2025 08:05,4015.83
24/11/2025 08:10,4072.81
24/11/2025 08:15,4145.75
24/11/2025 08:20,4224.01
24/11/2025 08:25,4395.61
24/11/2025 08:30,4144.73
24/11/2025 08:35,4370.41
24/11/2025 08:40,4445.84
24/11/2025 08:45,4434.82
24/11/2025 08:50,4580.0
24/11/2025 08:55,4630.5
24/11/2025 09:00,4696.1
24/11/2025 09:05,4703.32
24/11/2025 09:10,4784.15
24/11/2025 09:15,4767.42
24/11/2025 09:20,4757.35
24/11/2025 09:25,4825.84
24/11/2025 09:30,4748.23
24/11/2025 09:35,4868.18
24/11/2025 09:40,4957.86
24/11/2025 09:45,5001.77
24/11/2025 09:50,5005.68
24/11/2025 09:55,5015.92
24/11/2025 10:00,4968.61
24/11/2025 10:05,5046.84
24/11/2025 10:10,5004.66
24/11/2025 10:15,5028.84
24/11/2025 10:20,4934.05
24/11/2025 10:25,5074.91
24/11/2025 10:30,5034.26
24/11/2025 10:35,5085.0
24/11/2025 10:40,5154.31
24/11/2025 10:45,5000.18
24/11/2025 10:50,5107.25
24/11/2025 10:55,5129.66
24/11/2025 11:00,4956.74
24/11/2025 11:05,5048.27
24/11/2025 11:10,4911.47
24/11/2025 11:15,4965.53
24/11/2025 11:20,4757.81
24/11/2025 11:25,4930.43
24/11/2025 11:30,4854.65
24/11/2025 11:35,4815.56
24/11/2025 11:40,4815.57
24/11/2025 11:45,4895.0
24/11/2025 11:50,4835.68
24/11/2025 11:55,4757.52
24/11/2025 12:00,4523.32
24/11/2025 12:05,4560.26
24/11/2025 12:10,4554.22
24/11/2025 12:15,4536.73
24/11/2025 12:20,4476.25
24/11/2025 12:25,4460.84
24/11/2025 12:30,4449.85
24/11/2025 12:35,4405.45
24/11/2025 12:40,4435.73
24/11/2025 12:45,4475.36
24/11/2025 12:50,4383.82
24/11/2025 12:55,4415.86
24/11/2025 13:00,4359.47
24/11/2025 13:05,4393.83
24/11/2025 13:10,4437.32
24/11/2025 13:15,4380.56
24/11/2025 13:20,4561.13
24/11/2025 13:25,4453.91
24/11/2025 13:30,4298.71
24/11/2025 13:35,4372.5
24/11/2025 13:40,4449.43
24/11/2025 13:45,4386.36
24/11/2025 13:50,4452.92
24/11/2025 13:55,4277.95
24/11/2025 14:00,4244.21
24/11/2025 14:05,4570.95
24/11/2025 14:10,4202.75
24/11/2025 14:15,4223.84
24/11/2025 14:20,4349.48
24/11/2025 14:25,4245.85
24/11/2025 14:30,4434.81
24/11/2025 14:35,4457.45
24/11/2025 14:40,4235.38
24/11/2025 14:45,4218.91
24/11/2025 14:50,4219.76
24/11/2025 14:55,4322.42
24/11/2025 15:00,4195.93
24/11/2025 15:05,4383.56
24/11/2025 15:10,4273.21
24/11/2025 15:15,4276.07
24/11/2025 15:20,4495.92
24/11/2025 15:25,4265.78
24/11/2025 15:30,4324.02
24/11/2025 15:35,4315.44
24/11/2025 15:40,4343.32
24/11/2025 15:45,4435.19
24/11/2025 15:50,4362.57
24/11/2025 15:55,4384.27
24/11/2025 16:00,4372.44
24/11/2025 16:05,4488.03
24/11/2025 16:10,4527.6
24/11/2025 16:15,4518.61
24/11/2025 16:20,4488.65
24/11/2025 16:25,4460.69
24/11/2025 16:30,4645.29
24/11/2025 16:35,4555.93
24/11/2025 16:40,4510.61
24/11/2025 16:45,4500.93
24/11/2025 16:50,4695.41
24/11/2025 16:55,4727.59
24/11/2025 17:00,4674.64
24/11/2025 17:05,4746.1
24/11/2025 17:10,4627.13
24/11/2025 17:15,4681.31
24/11/2025 17:20,4674.58
24/11/2025 17:25,4854.93
24/11/2025 17:30,4739.71
24/11/2025 17:35,4789.7
24/11/2025 17:40,4653.2
24/11/2025 17:45,4847.74
24/11/2025 17:50,4967.37
24/11/2025 17:55,4791.1
24/11/2025 18:00,4794.96
24/11/2025 18:05,4809.82
24/11/2025 18:10,4981.11
24/11/2025 18:15,4985.56
24/11/2025 18:20,4889.07
24/11/2025 18:25,4835.84
24/11/2025 18:30,5045.62
24/11/2025 18:35,5086.15
24/11/2025 18:40,5103.12
24/11/2025 18:45,5052.44
24/11/2025 18:50,5095.54
24/11/2025 18:55,5108.15
24/11/2025 19:00,5020.91
24/11/2025 19:05,5106.69
24/11/2025 19:10,4998.92
24/11/2025 19:15,5083.45
24/11/2025 19:20,4955.72
24/11/2025 19:25,5004.24
24/11/2025 19:30,5021.33
24/11/2025 19:35,5221.48
24/11/2025 19:40,5163.41
24/11/2025 19:45,5075.94
24/11/2025 19:50,5030.43
24/11/2025 19:55,5108.4
24/11/2025 20:00,5107.26
24/11/2025 20:05,5202.81
24/11/2025 20:10,5023.41
24/11/2025 20:15,5176.55
24/11/2025 20:20,4986.0
24/11/2025 20:25,5036.59
24/11/2025 20:30,4965.58
24/11/2025 20:35,5026.75
24/11/2025 20:40,4885.52
24/11/2025 20:45,4855.41
24/11/2025 20:50,4973.25
24/11/2025 20:55,4861.92
24/11/2025 21:00,4794.84
24/11/2025 21:05,4774.35
24/11/2025 21:10,4794.62
24/11/2025 21:15,4623.26
24/11/2025 21:20,4595.73
24/11/2025 21:25,4598.35
24/11/2025 21:30,4455.47
24/11/2025 21:35,4456.14
24/11/2025 21:40,4473.36
24/11/2025 21:45,4400.34
24/11/2025 21:50,4386.25
24/11/2025 21:55,4251.14
24/11/2025 22:00,4338.76
24/11/2025 22:05,4182.57
24/11/2025 22:10,4236.79
24/11/2025 22:15,4205.75
24/11/2025 22:20,3993.8
24/11/2025 22:25,4152.48
24/11/2025 22:30,3841.41
24/11/2025 22:35,3713.13
24/11/2025 22:40,3807.09
24/11/2025 22:45,3649.44
24/11/2025 22:50,3768.59
24/11/2025 22:55,3763.39
24/11/2025 23:00,3684.43
24/11/2025 23:05,3680.85
24/11/2025 23:10,3441.98
24/11/2025 23:15,3591.23
24/11/2025 23:20,3587.94
24/11/2025 23:25,3231.85
24/11/2025 23:30,3236.81
24/11/2025 23:35,3362.78
24/11/2025 23:40,3350.46
24/11/2025 23:45,3250.96
24/11/2025 23:50,3241.35
24/11/2025 23:55,2965.77
25/11/2025 00:00,3165.54
25/11/2025 00:05,2893.98
25/11/2025 00:10,2952.16
25/11/2025 00:15,2883.88
25/11/2025 00:20,3055.51
25/11/2025 00:25,2977.42
25/11/2025 00:30,2834.81
25/11/2025 00:35,2813.03
25/11/2025 00:40,2864.31
25/11/2025 00:45,2897.5
25/11/2025 00:50,2848.13
25/11/2025 00:55,2827.93
25/11/2025 01:00,2709.17
25/11/2025 01:05,2781.06
25/11/2025 01:10,2662.1
25/11/2025 01:15,2613.79
25/11/2025 01:20,2607.62
25/11/2025 01:25,2671.01
25/11/2025 01:30,2529.82
25/11/2025 01:35,2560.07
25/11/2025 01:40,2463.06
25/11/2025 01:45,2370.17
25/11/2025 01:50,2451.28
25/11/2025 01:55,2510.49
25/11/2025 02:00,2113.22
25/11/2025 02:05,2168.29
25/11/2025 02:10,1900.0
25/11/2025 02:15,2070.86
25/11/2025 02:20,2024.03
25/11/2025 02:25,2067.24
25/11/2025 02:30,2163.22
25/11/2025 02:35,1923.75
25/11/2025 02:40,2140.16
25/11/2025 02:45,2053.15
25/11/2025 02:50,2072.02
25/11/2025 02:55,2043.56
25/11/2025 03:00,2181.37
25/11/2025 03:05,2100.11
25/11/2025 03:10,2026.6
25/11/2025 03:15,2040.56
25/11/2025 03:20,2130.14
25/11/2025 03:25,2005.41
25/11/2025 03:30,2127.87
25/11/2025 03:35,1999.65
25/11/2025 03:40,2139.48
25/11/2025 03:45,2044.69
25/11/2025 03:50,2068.37
25/11/2025 03:55,2021.16
25/11/2025 04:00,1967.01
25/11/2025 04:05,2120.47
25/11/2025 04:10,1970.93
25/11/2025 04:15,2070.6
25/11/2025 04:20,2115.51
25/11/2025 04:25,2088.88
25/11/2025 04:30,2061.66
25/11/2025 04:35,2088.08
25/11/2025 04:40,2098.9
25/11/2025 04:45,1969.02
25/11/2025 04:50,1989.15
25/11/2025 04:55,2083.75
25/11/2025 05:00,2243.37
25/11/2025 05:05,2281.92
25/11/2025 05:10,2375.15
25/11/2025 05:15,2340.9
25/11/2025 05:20,2388.57
25/11/2025 05:25,2417.12
25/11/2025 05:30,2633.65
25/11/2025 05:35,2535.77
25/11/2025 05:40,2596.09
25/11/2025 05:45,2535.19
25/11/2025 05:50,2656.04
25/11/2025 05:55,2650.72
25/11/2025 06:00,2706.42
25/11/2025 06:05,2823.48
25/11/2025 06:10,2693.99
25/11/2025 06:15,2975.08
25/11/2025 06:20,2943.95
25/11/2025 06:25,3127.05
25/11/2025 06:30,3057.62
25/11/2025 06:35,3051.96
25/11/2025 06:40,3068.35
25/11/2025 06:45,3247.61
25/11/2025 06:50,3150.99
25/11/2025 06:55,3166.81
25/11/2025 07:00,3324.17
25/11/2025 07:05,3393.29
25/11/2025 07:10,3374.04
25/11/2025 07:15,3434.71
25/11/2025 07:20,3505.02
25/11/2025 07:25,3516.59
25/11/2025 07:30,3577.55
25/11/2025 07:35,3538.74
25/11/2025 07:40,3816.29
25/11/2025 07:45,3918.62
25/11/2025 07:50,3819.57
25/11/2025 07:55,3843.38
25/11/2025 08:00,3951.19
25/11/2025 08:05,4056.35
25/11/2025 08:10,4188.25
25/11/2025 08:15,4252.12
25/11/2025 08:20,4234.77
25/11/2025 08:25,4225.9
25/11/2025 08:30,4230.21
25/11/2025 08:35,4421.23
25/11/2025 08:40,4488.14
25/11/2025 08:45,4507.54
25/11/2025 08:50,4469.24
25/11/2025 08:55,4549.52
25/11/2025 09:00,4482.68
25/11/2025 09:05,4616.74
25/11/2025 09:10,4770.8
25/11/2025 09:15,4632.06
25/11/2025 09:20,4798.23
25/11/2025 09:25,4804.97
25/11/2025 09:30,4749.64
25/11/2025 09:35,4921.97
25/11/2025 09:40,4918.17
25/11/2025 09:45,4967.73
25/11/2025 09:50,4983.29
25/11/2025 09:55,5005.53
25/11/2025 10:00,4758.12
25/11/2025 10:05,4935.53
25/11/2025 10:10,4891.53
25/11/2025 10:15,5035.46
25/11/2025 10:20,5063.91
25/11/2025 10:25,5009.8
25/11/2025 10:30,5122.95
25/11/2025 10:35,4973.38
25/11/2025 10:40,4881.84
25/11/2025 10:45,5085.58
25/11/2025 10:50,4962.53
25/11/2025 10:55,4982.2
25/11/2025 11:00,4891.36
25/11/2025 11:05,5013.89
25/11/2025 11:10,4874.85
25/11/2025 11:15,4993.87
25/11/2025 11:20,4922.08
25/11/2025 11:25,4771.58
25/11/2025 11:30,4951.34
25/11/2025 11:35,4861.91
25/11/2025 11:40,4774.77
25/11/2025 11:45,4791.8
25/11/2025 11:50,4718.62
25/11/2025 11:55,4720.19
25/11/2025 12:00,4646.16
25/11/2025 12:05,4442.96
25/11/2025 12:10,4344.3
25/11/2025 12:15,4634.68
25/11/2025 12:20,4558.58
25/11/2025 12:25,4488.8
25/11/2025 12:30,4420.5
25/11/2025 12:35,4553.26
25/11/2025 12:40,4514.71
25/11/2025 12:45,4431.22
25/11/2025 12:50,4374.83
25/11/2025 12:55,4410.69
25/11/2025 13:00,4344.9
25/11/2025 13:05,4429.18
25/11/2025 13:10,4516.16
25/11/2025 13:15,4329.38
25/11/2025 13:20,4390.65
25/11/2025 13:25,4317.04
25/11/2025 13:30,4346.42
25/11/2025 13:35,4338.93
25/11/2025 13:40,4402.55
25/11/2025 13:45,4440.71
25/11/2025 13:50,4358.99
25/11/2025 13:55,4308.41
25/11/2025 14:00,4431.93
25/11/2025 14:05,4326.01
25/11/2025 14:10,4379.78
25/11/2025 14:15,4322.51
25/11/2025 14:20,4345.87
25/11/2025 14:25,4426.71
25/11/2025 14:30,4191.98
25/11/2025 14:35,4327.92
25/11/2025 14:40,4227.35
25/11/2025 14:45,4258.1
25/11/2025 14:50,4235.85
25/11/2025 14:55,4164.39
25/11/2025 15:00,4307.34
25/11/2025 15:05,4253.22
25/11/2025 15:10,4202.73
25/11/2025 15:15,4324.19
25/11/2025 15:20,4331.41
25/11/2025 15:25,4419.91
25/11/2025 15:30,4376.78
25/11/2025 15:35,4354.4
25/11/2025 15:40,4311.3
25/11/2025 15:45,4505.53
25/11/2025 15:50,4271.0
25/11/2025 15:55,4628.46
25/11/2025 16:00,4427.03
25/11/2025 16:05,4418.53
25/11/2025 16:10,4461.34
25/11/2025 16:15,4526.67
25/11/2025 16:20,4646.49
25/11/2025 16:25,4445.9
25/11/2025 16:30,4534.3
25/11/2025 16:35,4489.27
25/11/2025 16:40,4448.23
25/11/2025 16:45,4646.3
25/11/2025 16:50,4487.59
25/11/2025 16:55,4551.57
25/11/2025 17:00,4632.68
25/11/2025 17:05,4668.21
25/11/2025 17:10,4774.66
25/11/2025 17:15,4839.89
25/11/2025 17:20,4658.7
25/11/2025 17:25,4776.18
25/11/2025 17:30,4832.31
25/11/2025 17:35,4828.08
25/11/2025 17:40,4893.63
25/11/2025 17:45,4749.06
25/11/2025 17:50,5000.37
25/11/2025 17:55,4928.03
25/11/2025 18:00,4749.57
25/11/2025 18:05,4882.32
25/11/2025 18:10,5009.9
25/11/2025 18:15,4871.37
25/11/2025 18:20,4883.35
25/11/2025 18:25,5017.82
25/11/2025 18:30,5148.1
25/11/2025 18:35,5014.92
25/11/2025 18:40,4888.69
25/11/2025 18:45,5174.18
25/11/2025 18:50,5090.45
25/11/2025 18:55,5034.41
25/11/2025 19:00,5034.25
25/11/2025 19:05,5001.7
25/11/2025 19:10,5158.36
25/11/2025 19:15,5198.58
25/11/2025 19:20,5057.86
25/11/2025 19:25,5022.24
25/11/2025 19:30,5076.68
25/11/2025 19:35,5127.52
25/11/2025 19:40,5239.36
25/11/2025 19:45,5134.83
25/11/2025 19:50,5179.33
25/11/2025 19:55,5022.43
25/11/2025 20:00,5107.44
25/11/2025 20:05,5171.37
25/11/2025 20:10,5065.22
25/11/2025 20:15,4813.27
25/11/2025 20:20,4952.78
25/11/2025 20:25,5105.23
25/11/2025 20:30,4949.84
25/11/2025 20:35,5014.59
25/11/2025 20:40,4863.83
25/11/2025 20:45,4930.32
25/11/2025 20:50,4904.82
25/11/2025 20:55,4950.78
25/11/2025 21:00,4790.14
25/11/2025 21:05,4853.99
25/11/2025 21:10,4684.58
25/11/2025 21:15,4642.9
25/11/2025 21:20,4628.52
25/11/2025 21:25,4340.57
25/11/2025 21:30,4541.42
25/11/2025 21:35,4578.22
25/11/2025 21:40,4416.69
25/11/2025 21:45,4365.47
25/11/2025 21:50,4318.82
25/11/2025 21:55,4227.84
25/11/2025 22:00,4323.81
25/11/2025 22:05,4202.67
25/11/2025 22:10,4141.63
25/11/2025 22:15,4150.46
25/11/2025 22:20,4089.36
25/11/2025 22:25,4042.54
25/11/2025 22:30,4008.84
25/11/2025 22:35,3964.76
25/11/2025 22:40,3824.79
25/11/2025 22:45,3677.08
25/11/2025 22:50,3854.47
25/11/2025 22:55,3698.56
25/11/2025 23:00,3637.71
25/11/2025 23:05,3686.74
25/11/2025 23:10,3512.41
25/11/2025 23:15,3419.69
25/11/2025 23:20,3398.4
25/11/2025 23:25,3330.32
25/11/2025 23:30,3455.66
25/11/2025 23:35,3248.98
25/11/2025 23:40,3203.59
25/11/2025 23:45,3101.02
25/11/2025 23:50,3064.58
25/11/2025 23:55,3074.46
26/11/2025 00:00,3019.21
26/11/2025 00:05,2966.18
26/11/2025 00:10,3037.41
26/11/2025 00:15,3024.31
26/11/2025 00:20,2944.87
26/11/2025 00:25,3004.68
26/11/2025 00:30,2805.35
26/11/2025 00:35,2872.67
26/11/2025 00:40,2708.05
26/11/2025 00:45,2750.32
26/11/2025 00:50,2798.69
26/11/2025 00:55,2754.07
26/11/2025 01:00,2851.82
26/11/2025 01:05,2702.65
26/11/2025 01:10,2797.25
26/11/2025 01:15,2625.88
26/11/2025 01:20,2697.92
26/11/2025 01:25,2528.59
26/11/2025 01:30,2672.6
26/11/2025 01:35,2581.19
26/11/2025 01:40,2388.86
26/11/2025 01:45,2415.16
26/11/2025 01:50,2427.47
26/11/2025 01:55,2401.23
26/11/2025 02:00,2201.73
26/11/2025 02:05,1958.09
26/11/2025 02:10,1907.98
26/11/2025 02:15,2121.84
26/11/2025 02:20,1964.41
26/11/2025 02:25,2262.21
26/11/2025 02:30,2207.13
26/11/2025 02:35,2174.17
26/11/2025 02:40,2003.3
26/11/2025 02:45,2185.08
26/11/2025 02:50,2005.95
26/11/2025 02:55,2150.26
26/11/2025 03:00,2163.16
26/11/2025 03:05,2116.15
26/11/2025 03:10,1999.96
26/11/2025 03:15,2153.49
26/11/2025 03:20,2114.77
26/11/2025 03:25,2113.4
26/11/2025 03:30,1992.72
26/11/2025 03:35,2028.22
26/11/2025 03:40,2074.3
26/11/2025 03:45,2096.13
26/11/2025 03:50,2117.33
26/11/2025 03:55,2148.1
26/11/2025 04:00,2159.81
26/11/2025 04:05,1963.06
26/11/2025 04:10,2065.53
26/11/2025 04:15,2093.75
26/11/2025 04:20,2159.2
26/11/2025 04:25,2129.96
26/11/2025 04:30,2097.53
26/11/2025 04:35,2083.31
26/11/2025 04:40,2115.07
26/11/2025 04:45,2100.06
26/11/2025 04:50,2127.31
26/11/2025 04:55,2101.91
26/11/2025 05:00,2313.2
26/11/2025 05:05,2228.37
26/11/2025 05:10,2203.65
26/11/2025 05:15,2403.62
26/11/2025 05:20,2363.09
26/11/2025 05:25,2364.11
26/11/2025 05:30,2704.09
26/11/2025 05:35,2703.08
26/11/2025 05:40,2449.4
26/11/2025 05:45,2620.85
26/11/2025 05:50,2855.95
26/11/2025 05:55,2730.95
26/11/2025 06:00,2818.24
26/11/2025 06:05,2778.63
26/11/2025 06:10,2949.68
26/11/2025 06:15,2904.59
26/11/2025 06:20,2960.55
26/11/2025 06:25,2970.84
26/11/2025 06:30,3135.4
26/11/2025 06:35,2963.24
26/11/2025 06:40,2963.82
26/11/2025 06:45,3164.48
26/11/2025 06:50,3073.84
26/11/2025 06:55,3213.85
26/11/2025 07:00,3352.11
26/11/2025 07:05,3215.95
26/11/2025 07:10,3432.75
26/11/2025 07:15,3393.38
26/11/2025 07:20,3442.94
26/11/2025 07:25,3408.68
26/11/2025 07:30,3506.07
26/11/2025 07:35,3657.91
26/11/2025 07:40,3692.85
26/11/2025 07:45,3740.51
26/11/2025 07:50,3842.94
26/11/2025 07:55,3844.69
26/11/2025 08:00,3876.17
26/11/2025 08:05,4102.2
26/11/2025 08:10,4118.7
26/11/2025 08:15,4206.74
26/11/2025 08:20,4036.46
26/11/2025 08:25,4324.66
26/11/2025 08:30,4365.71
26/11/2025 08:35,4416.86
26/11/2025 08:40,4487.06
26/11/2025 08:45,4557.57
26/11/2025 08:50,4627.48
26/11/2025 08:55,4628.65
26/11/2025 09:00,4549.84
26/11/2025 09:05,4750.78
26/11/2025 09:10,4593.41
26/11/2025 09:15,4822.34
26/11/2025 09:20,4761.39
26/11/2025 09:25,4877.8
26/11/2025 09:30,4817.25
26/11/2025 09:35,4854.54
26/11/2025 09:40,4807.0
26/11/2025 09:45,5096.77
26/11/2025 09:50,4874.72
26/11/2025 09:55,4890.62
26/11/2025 10:00,5042.77
26/11/2025 10:05,5080.59
26/11/2025 10:10,5053.05
26/11/2025 10:15,5076.23
26/11/2025 10:20,5101.55
26/11/2025 10:25,5010.63
26/11/2025 10:30,5108.14
26/11/2025 10:35,5042.85
26/11/2025 10:40,5068.06
26/11/2025 10:45,4952.01
26/11/2025 10:50,5111.51
26/11/2025 10:55,5133.45
26/11/2025 11:00,4887.78
26/11/2025 11:05,5065.75
26/11/2025 11:10,5004.95
26/11/2025 11:15,4799.87
26/11/2025 11:20,4894.72
26/11/2025 11:25,4744.8
26/11/2025 11:30,4934.06
26/11/2025 11:35,4797.32
26/11/2025 11:40,4658.14
26/11/2025 11:45,4780.02
26/11/2025 11:50,4653.16
26/11/2025 11:55,4726.98
26/11/2025 12:00,4477.49
26/11/2025 12:05,4415.49
26/11/2025 12:10,4630.05
26/11/2025 12:15,4469.35
26/11/2025 12:20,4606.3
26/11/2025 12:25,4461.84
26/11/2025 12:30,4512.47
26/11/2025 12:35,4559.47
26/11/2025 12:40,4435.49
26/11/2025 12:45,4395.81
26/11/2025 12:50,4439.32
26/11/2025 12:55,4551.01
26/11/2025 13:00,4500.78
26/11/2025 13:05,4488.8
26/11/2025 13:10,4503.12
26/11/2025 13:15,4428.94
26/11/2025 13:20,4416.44
26/11/2025 13:25,4415.47
26/11/2025 13:30,4510.28
26/11/2025 13:35,4417.29
26/11/2025 13:40,4479.5
26/11/2025 13:45,4369.97
26/11/2025 13:50,4421.25
26/11/2025 13:55,4426.79
26/11/2025 14:00,4218.39
26/11/2025 14:05,4466.53
26/11/2025 14:10,4333.31
26/11/2025 14:15,4330.33
26/11/2025 14:20,4378.33
26/11/2025 14:25,4375.58
26/11/2025 14:30,4226.51
26/11/2025 14:35,4200.44
26/11/2025 14:40,4389.01
26/11/2025 14:45,4321.31
26/11/2025 14:50,4295.94
26/11/2025 14:55,4341.1
26/11/2025 15:00,4355.98
26/11/2025 15:05,4294.2
26/11/2025 15:10,4154.63
26/11/2025 15:15,4281.14
26/11/2025 15:20,4331.24
26/11/2025 15:25,4397.83
26/11/2025 15:30,4293.54
26/11/2025 15:35,4338.1
26/11/2025 15:40,4241.25
26/11/2025 15:45,4488.33
26/11/2025 15:50,4609.22
26/11/2025 15:55,4337.33
26/11/2025 16:00,4494.61
26/11/2025 16:05,4365.62
26/11/2025 16:10,4368.69
26/11/2025 16:15,4432.13
26/11/2025 16:20,4543.2
26/11/2025 16:25,4490.13
26/11/2025 16:30,4567.01
26/11/2025 16:35,4702.17
26/11/2025 16:40,4533.66
26/11/2025 16:45,4604.2
26/11/2025 16:50,4578.0
26/11/2025 16:55,4835.57
26/11/2025 17:00,4607.9
26/11/2025 17:05,4739.5
26/11/2025 17:10,4665.94
26/11/2025 17:15,4786.0
26/11/2025 17:20,4649.01
26/11/2025 17:25,4711.43
26/11/2025 17:30,4866.04
26/11/2025 17:35,4612.15
26/11/2025 17:40,4760.98
26/11/2025 17:45,4886.23
26/11/2025 17:50,4819.6
26/11/2025 17:55,4681.64
26/11/2025 18:00,4726.04
26/11/2025 18:05,4893.11
26/11/2025 18:10,4705.13
26/11/2025 18:15,4891.93
26/11/2025 18:20,5068.09
26/11/2025 18:25,4947.64
26/11/2025 18:30,4930.76
26/11/2025 18:35,5062.39
26/11/2025 18:40,5225.57
26/11/2025 18:45,5132.45
26/11/2025 18:50,5121.12
26/11/2025 18:55,5230.7
26/11/2025 19:00,5129.26
26/11/2025 19:05,5060.06
26/11/2025 19:10,5136.28
26/11/2025 19:15,5097.28
26/11/2025 19:20,5130.49
26/11/2025 19:25,4998.75
26/11/2025 19:30,5163.54
26/11/2025 19:35,5199.6
26/11/2025 19:40,5218.25
26/11/2025 19:45,5159.18
26/11/2025 19:50,5121.93
26/11/2025 19:55,5238.48
26/11/2025 20:00,5139.46
26/11/2025 20:05,5017.74
26/11/2025 20:10,5026.12
26/11/2025 20:15,4992.54
26/11/2025 20:20,5059.97
26/11/2025 20:25,5127.41
26/11/2025 20:30,4984.61
26/11/2025 20:35,4825.98
26/11/2025 20:40,5052.07
26/11/2025 20:45,4972.34
26/11/2025 20:50,5046.36
26/11/2025 20:55,4914.73
26/11/2025 21:00,4919.08
26/11/2025 21:05,4820.31
26/11/2025 21:10,4707.5
26/11/2025 21:15,4677.74
26/11/2025 21:20,4493.2
26/11/2025 21:25,4709.42
26/11/2025 21:30,4553.92
26/11/2025 21:35,4582.2
26/11/2025 21:40,4471.02
26/11/2025 21:45,4475.03
26/11/2025 21:50,4494.95
26/11/2025 21:55,4421.15
26/11/2025 22:00,4321.23
26/11/2025 22:05,4220.96
26/11/2025 22:10,4339.07
26/11/2025 22:15,3926.24
26/11/2025 22:20,3987.03
26/11/2025 22:25,4042.51
26/11/2025 22:30,3872.01
26/11/2025 22:35,3959.4
26/11/2025 22:40,3877.67
26/11/2025 22:45,3882.52
26/11/2025 22:50,3677.93
26/11/2025 22:55,3629.18
26/11/2025 23:00,3678.16
26/11/2025 23:05,3481.79
26/11/2025 23:10,3620.21
26/11/2025 23:15,3431.45
26/11/2025 23:20,3493.36
26/11/2025 23:25,3375.55
26/11/2025 23:30,3259.65
26/11/2025 23:35,3208.16
26/11/2025 23:40,3125.09
26/11/2025 23:45,3200.86
26/11/2025 23:50,3107.77
26/11/2025 23:55,2991.2
27/11/2025 00:00,3020.02
27/11/2025 00:05,2924.27
27/11/2025 00:10,2946.79
27/11/2025 00:15,2852.76
27/11/2025 00:20,2822.69
27/11/2025 00:25,2910.92
27/11/2025 00:30,2827.23
27/11/2025 00:35,3035.25
27/11/2025 00:40,2817.45
27/11/2025 00:45,2777.14
27/11/2025 00:50,2812.23
27/11/2025 00:55,2886.07
27/11/2025 01:00,2807.0
27/11/2025 01:05,2661.5
27/11/2025 01:10,2634.16
27/11/2025 01:15,2584.84
27/11/2025 01:20,2620.05
27/11/2025 01:25,2751.64
27/11/2025 01:30,2504.06
27/11/2025 01:35,2608.94
27/11/2025 01:40,2431.76
27/11/2025 01:45,2550.73
27/11/2025 01:50,2569.87
27/11/2025 01:55,2548.38
27/11/2025 02:00,1980.53
27/11/2025 02:05,2002.81
27/11/2025 02:10,1918.97
27/11/2025 02:15,2001.98
27/11/2025 02:20,2057.06
27/11/2025 02:25,1988.34
27/11/2025 02:30,2356.0
27/11/2025 02:35,2055.18
27/11/2025 02:40,2147.38
27/11/2025 02:45,2116.59
27/11/2025 02:50,1952.25
27/11/2025 02:55,2002.87
27/11/2025 03:00,2174.6
27/11/2025 03:05,2079.4
27/11/2025 03:10,2100.52
27/11/2025 03:15,2049.69
27/11/2025 03:20,2064.59
27/11/2025 03:25,2250.2
27/11/2025 03:30,2008.28
27/11/2025 03:35,2063.87
27/11/2025 03:40,2096.76
27/11/2025 03:45,2066.1
27/11/2025 03:50,2037.53
27/11/2025 03:55,1965.56
27/11/2025 04:00,1991.64
27/11/2025 04:05,2082.42
27/11/2025 04:10,2063.28
27/11/2025 04:15,2185.89
27/11/2025 04:20,2127.72
27/11/2025 04:25,2159.17
27/11/2025 04:30,1971.87
27/11/2025 04:35,1918.57
27/11/2025 04:40,2075.38
27/11/2025 04:45,2029.04
27/11/2025 04:50,2124.21
27/11/2025 04:55,1988.0
27/11/2025 05:00,2420.61
27/11/2025 05:05,2352.79
27/11/2025 05:10,2268.87
27/11/2025 05:15,2444.1
27/11/2025 05:20,2363.3
27/11/2025 05:25,2616.72
27/11/2025 05:30,2399.43
27/11/2025 05:35,2586.85
27/11/2025 05:40,2424.98
27/11/2025 05:45,2653.85
27/11/2025 05:50,2572.98
27/11/2025 05:55,2645.32
27/11/2025 06:00,2746.84
27/11/2025 06:05,2719.87
27/11/2025 06:10,2844.37
27/11/2025 06:15,2922.59
27/11/2025 06:20,2935.76
27/11/2025 06:25,3070.29
27/11/2025 06:30,3003.13
27/11/2025 06:35,2978.88
27/11/2025 06:40,3071.05
27/11/2025 06:45,3237.53
27/11/2025 06:50,3119.96
27/11/2025 06:55,3175.83
27/11/2025 07:00,3238.69
27/11/2025 07:05,3423.15
27/11/2025 07:10,3309.79
27/11/2025 07:15,3335.87
27/11/2025 07:20,3466.38
27/11/2025 07:25,3542.69
27/11/2025 07:30,3687.19
27/11/2025 07:35,3650.48
27/11/2025 07:40,3665.99
27/11/2025 07:45,3737.47
27/11/2025 07:50,3972.13
27/11/2025 07:55,3939.59
27/11/2025 08:00,4127.53
27/11/2025 08:05,3976.56
27/11/2025 08:10,4027.52
27/11/2025 08:15,4164.53
27/11/2025 08:20,4189.97
27/11/2025 08:25,4371.6
27/11/2025 08:30,4294.58
27/11/2025 08:35,4184.01
27/11/2025 08:40,4417.76
27/11/2025 08:45,4598.44
27/11/2025 08:50,4462.29
27/11/2025 08:55,4541.44
27/11/2025 09:00,4663.06
27/11/2025 09:05,4610.86
27/11/2025 09:10,4693.31
27/11/2025 09:15,4793.57
27/11/2025 09:20,4801.83
27/11/2025 09:25,4864.02
27/11/2025 09:30,4844.38
27/11/2025 09:35,4861.93
27/11/2025 09:40,4975.36
27/11/2025 09:45,4944.24
27/11/2025 09:50,4862.73
27/11/2025 09:55,5020.08
27/11/2025 10:00,4930.32
27/11/2025 10:05,5117.09
27/11/2025 10:10,4994.18
27/11/2025 10:15,4977.27
27/11/2025 10:20,5079.72
27/11/2025 10:25,5035.39
27/11/2025 10:30,5026.17
27/11/2025 10:35,5084.07
27/11/2025 10:40,5021.0
27/11/2025 10:45,5150.51
27/11/2025 10:50,4951.66
27/11/2025 10:55,5100.18
27/11/2025 11:00,4963.75
27/11/2025 11:05,4808.53
27/11/2025 11:10,5032.94
27/11/2025 11:15,4889.91
27/11/2025 11:20,4851.24
27/11/2025 11:25,5006.74
27/11/2025 11:30,4789.76
27/11/2025 11:35,4869.18
27/11/2025 11:40,4964.36
27/11/2025 11:45,4849.96
27/11/2025 11:50,4790.85
27/11/2025 11:55,4588.59
27/11/2025 12:00,4577.54
27/11/2025 12:05,4617.12
27/11/2025 12:10,4489.45
27/11/2025 12:15,4458.42
27/11/2025 12:20,4486.24
27/11/2025 12:25,4405.21
27/11/2025 12:30,4512.42
27/11/2025 12:35,4470.45
27/11/2025 12:40,4493.4
27/11/2025 12:45,4455.07
27/11/2025 12:50,4536.27
27/11/2025 12:55,4478.16
27/11/2025 13:00,4436.14
27/11/2025 13:05,4547.97
27/11/2025 13:10,4477.57
27/11/2025 13:15,4345.29
27/11/2025 13:20,4576.28
27/11/2025 13:25,4331.39
27/11/2025 13:30,4447.66
27/11/2025 13:35,4381.13
27/11/2025 13:40,4388.08
27/11/2025 13:45,4409.3
27/11/2025 13:50,4446.42
27/11/2025 13:55,4352.78
27/11/2025 14:00,4216.36
27/11/2025 14:05,4249.79
27/11/2025 14:10,4392.94
27/11/2025 14:15,4416.8
27/11/2025 14:20,4186.25
27/11/2025 14:25,4485.23
27/11/2025 14:30,4566.98
27/11/2025 14:35,4312.69
27/11/2025 14:40,4338.17
27/11/2025 14:45,4261.48
27/11/2025 14:50,4230.62
27/11/2025 14:55,4151.14
27/11/2025 15:00,4237.71
27/11/2025 15:05,4276.62
27/11/2025 15:10,4220.81
27/11/2025 15:15,4198.22
27/11/2025 15:20,4307.58
27/11/2025 15:25,4416.41
27/11/2025 15:30,4304.11
27/11/2025 15:35,4298.09
27/11/2025 15:40,4265.47
27/11/2025 15:45,4464.43
27/11/2025 15:50,4361.98
27/11/2025 15:55,4461.81
27/11/2025 16:00,4569.02
27/11/2025 16:05,4413.82
27/11/2025 16:10,4471.31
27/11/2025 16:15,4642.3
27/11/2025 16:20,4702.41
27/11/2025 16:25,4633.6
27/11/2025 16:30,4497.56
27/11/2025 16:35,4495.0
27/11/2025 16:40,4615.27
27/11/2025 16:45,4520.79
27/11/2025 16:50,4698.83
27/11/2025 16:55,4529.23
27/11/2025 17:00,4663.3
27/11/2025 17:05,4626.46
27/11/2025 17:10,4680.35
27/11/2025 17:15,4704.17
27/11/2025 17:20,4732.07
27/11/2025 17:25,4749.54
27/11/2025 17:30,4721.29
27/11/2025 17:35,4799.02
27/11/2025 17:40,4779.07
27/11/2025 17:45,4840.21
27/11/2025 17:50,4879.08
27/11/2025 17:55,4769.07
27/11/2025 18:00,4766.33
27/11/2025 18:05,4971.39
27/11/2025 18:10,4792.03
27/11/2025 18:15,5048.23
27/11/2025 18:20,4906.44
27/11/2025 18:25,5040.88
27/11/2025 18:30,4918.25
27/11/2025 18:35,5307.35
27/11/2025 18:40,5049.0
27/11/2025 18:45,5061.79
27/11/2025 18:50,5177.11
27/11/2025 18:55,5087.75
27/11/2025 19:00,5173.1
27/11/2025 19:05,5275.82
27/11/2025 19:10,5080.17
27/11/2025 19:15,5093.34
27/11/2025 19:20,5125.15
27/11/2025 19:25,5149.73
27/11/2025 19:30,5226.92
27/11/2025 19:35,5166.12
27/11/2025 19:40,5191.51
27/11/2025 19:45,5130.55
27/11/2025 19:50,5156.01
27/11/2025 19:55,5167.29
27/11/2025 20:00,5122.73
27/11/2025 20:05,5219.31
27/11/2025 20:10,5136.46
27/11/2025 20:15,5010.08
27/11/2025 20:20,5045.42
27/11/2025 20:25,5056.81
27/11/2025 20:30,4901.88
27/11/2025 20:35,5074.97
27/11/2025 20:40,4968.27
27/11/2025 20:45,4941.13
27/11/2025 20:50,4892.56
27/11/2025 20:55,4979.71
27/11/2025 21:00,4865.63
27/11/2025 21:05,4679.61
27/11/2025 21:10,4829.54
27/11/2025 21:15,4676.81
27/11/2025 21:20,4698.02
27/11/2025 21:25,4673.28
27/11/2025 21:30,4548.16
27/11/2025 21:35,4382.86
27/11/2025 21:40,4497.87
27/11/2025 21:45,4223.27
27/11/2025 21:50,4306.22
27/11/2025 21:55,4306.1
27/11/2025 22:00,4313.92
27/11/2025 22:05,4230.7
27/11/2025 22:10,4150.43
27/11/2025 22:15,4240.78
27/11/2025 22:20,4122.32
27/11/2025 22:25,4035.87
27/11/2025 22:30,4057.39
27/11/2025 22:35,3806.95
27/11/2025 22:40,3824.33
27/11/2025 22:45,3958.25
27/11/2025 22:50,3651.23
27/11/2025 22:55,3750.05
27/11/2025 23:00,3564.9
27/11/2025 23:05,3426.38
27/11/2025 23:10,3446.51
27/11/2025 23:15,3505.87
27/11/2025 23:20,3583.64
27/11/2025 23:25,3469.44
27/11/2025 23:30,3332.72
27/11/2025 23:35,3298.79
27/11/2025 23:40,3280.6
27/11/2025 23:45,3291.35
27/11/2025 23:50,3157.87
27/11/2025 23:55,3016.15
28/11/2025 00:00,3074.02
28/11/2025 00:05,2918.18
28/11/2025 00:10,2936.87
28/11/2025 00:15,2982.61
28/11/2025 00:20,2891.52
28/11/2025 00:25,2927.9
28/11/2025 00:30,3018.39
28/11/2025 00:35,2942.38
28/11/2025 00:40,2763.13
28/11/2025 00:45,2716.87
28/11/2025 00:50,2722.91
28/11/2025 00:55,2813.78
28/11/2025 01:00,2796.47
28/11/2025 01:05,2753.6
28/11/2025 01:10,2584.97
28/11/2025 01:15,2691.46
28/11/2025 01:20,2727.71
28/11/2025 01:25,2616.96
28/11/2025 01:30,2556.9
28/11/2025 01:35,2497.05
28/11/2025 01:40,2615.67
28/11/2025 01:45,2499.57
28/11/2025 01:50,2428.17
28/11/2025 01:55,2448.81
28/11/2025 02:00,2138.4
28/11/2025 02:05,2008.38
28/11/2025 02:10,2115.1
28/11/2025 02:15,2232.18
28/11/2025 02:20,2004.94
28/11/2025 02:25,2011.13
28/11/2025 02:30,1956.7
28/11/2025 02:35,2024.53
28/11/2025 02:40,2041.97
28/11/2025 02:45,1994.53
28/11/2025 02:50,1916.24
28/11/2025 02:55,2002.55
28/11/2025 03:00,1900.0
28/11/2025 03:05,2112.28
28/11/2025 03:10,1942.16
28/11/2025 03:15,1900.33
28/11/2025 03:20,1991.95
28/11/2025 03:25,1900.0
28/11/2025 03:30,2204.71
28/11/2025 03:35,2317.2
28/11/2025 03:40,2042.31
28/11/2025 03:45,1975.93
28/11/2025 03:50,1957.77
28/11/2025 03:55,2041.47
28/11/2025 04:00,1978.07
28/11/2025 04:05,1995.1
28/11/2025 04:10,2012.81
28/11/2025 04:15,1979.84
28/11/2025 04:20,2161.77
28/11/2025 04:25,2081.31
28/11/2025 04:30,1978.97
28/11/2025 04:35,1997.22
28/11/2025 04:40,1982.66
28/11/2025 04:45,2089.08
28/11/2025 04:50,1932.56
28/11/2025 04:55,1900.0
28/11/2025 05:00,2252.69
28/11/2025 05:05,2239.48
28/11/2025 05:10,2267.8
28/11/2025 05:15,2330.18
28/11/2025 05:20,2400.1
28/11/2025 05:25,2317.22
28/11/2025 05:30,2460.31
28/11/2025 05:35,2601.51
28/11/2025 05:40,2557.87
28/11/2025 05:45,2594.83
28/11/2025 05:50,2634.75
28/11/2025 05:55,2619.8
28/11/2025 06:00,2796.35
28/11/2025 06:05,2851.96
28/11/2025 06:10,2711.09
28/11/2025 06:15,2682.99
28/11/2025 06:20,2864.81
28/11/2025 06:25,2912.27
28/11/2025 06:30,3043.01
28/11/2025 06:35,2956.49
28/11/2025 06:40,3152.83
28/11/2025 06:45,3001.01
28/11/2025 06:50,3035.95
28/11/2025 06:55,3104.93
28/11/2025 07:00,3271.5
28/11/2025 07:05,3268.1
28/11/2025 07:10,3536.12
28/11/2025 07:15,3460.95
28/11/2025 07:20,3458.85
28/11/2025 07:25,3411.03
28/11/2025 07:30,3682.8
28/11/2025 07:35,3640.58
28/11/2025 07:40,3740.67
28/11/2025 07:45,3871.03
28/11/2025 07:50,3821.82
28/11/2025 07:55,3906.72
28/11/2025 08:00,3956.32
28/11/2025 08:05,4048.64
28/11/2025 08:10,4060.26
28/11/2025 08:15,4157.21
28/11/2025 08:20,4205.99
28/11/2025 08:25,4276.73
28/11/2025 08:30,4285.96
28/11/2025 08:35,4306.87
28/11/2025 08:40,4419.3
28/11/2025 08:45,4542.84
28/11/2025 08:50,4552.43
28/11/2025 08:55,4548.9
28/11/2025 09:00,4515.8
28/11/2025 09:05,4647.07
28/11/2025 09:10,4820.67
28/11/2025 09:15,4646.02
28/11/2025 09:20,4709.86
28/11/2025 09:25,4889.09
28/11/2025 09:30,4920.86
28/11/2025 09:35,4754.41
28/11/2025 09:40,5023.09
28/11/2025 09:45,4901.99
28/11/2025 09:50,4909.23
28/11/2025 09:55,4976.7
28/11/2025 10:00,4948.08
28/11/2025 10:05,5032.84
28/11/2025 10:10,4983.18
28/11/2025 10:15,5065.1
28/11/2025 10:20,5041.14
28/11/2025 10:25,4957.83
28/11/2025 10:30,5051.94
28/11/2025 10:35,5065.11
28/11/2025 10:40,5029.98
28/11/2025 10:45,5046.52
28/11/2025 10:50,4974.57
28/11/2025 10:55,5021.28
28/11/2025 11:00,4896.69
28/11/2025 11:05,4933.28
28/11/2025 11:10,4883.24
28/11/2025 11:15,5019.06
28/11/2025 11:20,4895.42
28/11/2025 11:25,4888.96
28/11/2025 11:30,4752.43
28/11/2025 11:35,4768.08
28/11/2025 11:40,4809.34
28/11/2025 11:45,4764.21
28/11/2025 11:50,4621.46
28/11/2025 11:55,4574.76
28/11/2025 12:00,4748.65
28/11/2025 12:05,4463.31
28/11/2025 12:10,4548.38
28/11/2025 12:15,4663.22
28/11/2025 12:20,4561.92
28/11/2025 12:25,4456.8
28/11/2025 12:30,4478.42
28/11/2025 12:35,4304.76
28/11/2025 12:40,4502.56
28/11/2025 12:45,4324.34
28/11/2025 12:50,4520.77
28/11/2025 12:55,4431.87
28/11/2025 13:00,4486.17
28/11/2025 13:05,4438.8
28/11/2025 13:10,4455.46
28/11/2025 13:15,4540.91
28/11/2025 13:20,4475.96
28/11/2025 13:25,4428.11
28/11/2025 13:30,4297.46
28/11/2025 13:35,4307.76
28/11/2025 13:40,4390.1
28/11/2025 13:45,4133.44
28/11/2025 13:50,4453.05
28/11/2025 13:55,4279.77
28/11/2025 14:00,4349.46
28/11/2025 14:05,4373.21
28/11/2025 14:10,4332.57
28/11/2025 14:15,4400.99
28/11/2025 14:20,4339.76
28/11/2025 14:25,4365.02
28/11/2025 14:30,4253.52
28/11/2025 14:35,4181.14
28/11/2025 14:40,4312.31
28/11/2025 14:45,4235.73
28/11/2025 14:50,4240.73
28/11/2025 14:55,4164.4
28/11/2025 15:00,4309.69
28/11/2025 15:05,4110.61
28/11/2025 15:10,4235.15
28/11/2025 15:15,4266.16
28/11/2025 15:20,4216.37
28/11/2025 15:25,4419.92
28/11/2025 15:30,4324.88
28/11/2025 15:35,4454.81
28/11/2025 15:40,4384.92
28/11/2025 15:45,4404.99
28/11/2025 15:50,4339.74
28/11/2025 15:55,4279.91
28/11/2025 16:00,4563.16
28/11/2025 16:05,4413.2
28/11/2025 16:10,4460.05
28/11/2025 16:15,4628.06
28/11/2025 16:20,4518.03
28/11/2025 16:25,4504.49
28/11/2025 16:30,4620.71
28/11/2025 16:35,4530.63
28/11/2025 16:40,4622.54
28/11/2025 16:45,4612.32
28/11/2025 16:50,4539.13
28/11/2025 16:55,4680.89
28/11/2025 17:00,4703.23
28/11/2025 17:05,4695.01
28/11/2025 17:10,4599.11
28/11/2025 17:15,4676.43
28/11/2025 17:20,4648.38
28/11/2025 17:25,4760.36
28/11/2025 17:30,4770.75
28/11/2025 17:35,4772.07
28/11/2025 17:40,4826.94
28/11/2025 17:45,4682.54
28/11/2025 17:50,4949.61
28/11/2025 17:55,4905.84
28/11/2025 18:00,4817.94
28/11/2025 18:05,4884.78
28/11/2025 18:10,4951.69
28/11/2025 18:15,4956.53
28/11/2025 18:20,4975.11
28/11/2025 18:25,5079.29
28/11/2025 18:30,4962.35
28/11/2025 18:35,5045.49
28/11/2025 18:40,5042.47
28/11/2025 18:45,5140.82
28/11/2025 18:50,5069.33
28/11/2025 18:55,5037.8
28/11/2025 19:00,5151.67
28/11/2025 19:05,5228.09
28/11/2025 19:10,5086.49
28/11/2025 19:15,5199.97
28/11/2025 19:20,5209.4
28/11/2025 19:25,5234.99
28/11/2025 19:30,4917.0
28/11/2025 19:35,5174.78
28/11/2025 19:40,5154.27
28/11/2025 19:45,5009.73
28/11/2025 19:50,5097.74
28/11/2025 19:55,5096.39
28/11/2025 20:00,5099.2
28/11/2025 20:05,5080.38
28/11/2025 20:10,5049.6
28/11/2025 20:15,5059.59
28/11/2025 20:20,5147.06
28/11/2025 20:25,5015.21
28/11/2025 20:30,5131.89
28/11/2025 20:35,4940.2
28/11/2025 20:40,4809.95
28/11/2025 20:45,5054.0
28/11/2025 20:50,4952.01
28/11/2025 20:55,4721.53
28/11/2025 21:00,4808.8
28/11/2025 21:05,4768.3
28/11/2025 21:10,4767.84
28/11/2025 21:15,4632.34
28/11/2025 21:20,4582.76
28/11/2025 21:25,4697.76
28/11/2025 21:30,4552.95
28/11/2025 21:35,4532.77
28/11/2025 21:40,4558.75
28/11/2025 21:45,4364.88
28/11/2025 21:50,4393.7
28/11/2025 21:55,4276.74
28/11/2025 22:00,4145.32
28/11/2025 22:05,4209.66
28/11/2025 22:10,4221.15
28/11/2025 22:15,4089.27
28/11/2025 22:20,4095.54
28/11/2025 22:25,3924.57
28/11/2025 22:30,3937.9
28/11/2025 22:35,3967.66
28/11/2025 22:40,3939.89
28/11/2025 22:45,3744.38
28/11/2025 22:50,3847.12
28/11/2025 22:55,3749.04
28/11/2025 23:00,3636.47
28/11/2025 23:05,3602.05
28/11/2025 23:10,3536.82
28/11/2025 23:15,3522.07
28/11/2025 23:20,3403.12
28/11/2025 23:25,3408.95
28/11/2025 23:30,3304.08
28/11/2025 23:35,3327.57
28/11/2025 23:40,3248.91
28/11/2025 23:45,3183.02
28/11/2025 23:50,3370.27
28/11/2025 23:55,3147.84
29/11/2025 00:00,2749.71
29/11/2025 00:05,2822.6
29/11/2025 00:10,2761.13
29/11/2025 00:15,2620.77
29/11/2025 00:20,2753.12
29/11/2025 00:25,2857.22
29/11/2025 00:30,2829.2
29/11/2025 00:35,2796.27
29/11/2025 00:40,2655.33
29/11/2025 00:45,2672.84
29/11/2025 00:50,2569.64
29/11/2025 00:55,2459.46
29/11/2025 01:00,2638.1
29/11/2025 01:05,2533.88
29/11/2025 01:10,2274.52
29/11/2025 01:15,2532.18
29/11/2025 01:20,2402.43
29/11/2025 01:25,2472.41
29/11/2025 01:30,2205.97
29/11/2025 01:35,2340.03
29/11/2025 01:40,2355.98
29/11/2025 01:45,2218.4
29/11/2025 01:50,2118.59
29/11/2025 01:55,2322.42
29/11/2025 02:00,1900.0
29/11/2025 02:05,1900.0
29/11/2025 02:10,1900.0
29/11/2025 02:15,1903.03
29/11/2025 02:20,2006.24
29/11/2025 02:25,1900.0
29/11/2025 02:30,1900.0
29/11/2025 02:35,1931.61
29/11/2025 02:40,1900.0
29/11/2025 02:45,1900.0
29/11/2025 02:50,1900.0
29/11/2025 02:55,1900.0
29/11/2025 03:00,1900.0
29/11/2025 03:05,1900.0
29/11/2025 03:10,1900.0
29/11/2025 03:15,1900.0
29/11/2025 03:20,1929.75
29/11/2025 03:25,1942.35
29/11/2025 03:30,1900.0
29/11/2025 03:35,1900.0
29/11/2025 03:40,1900.0
29/11/2025 03:45,1900.0
29/11/2025 03:50,1900.0
29/11/2025 03:55,1972.87
29/11/2025 04:00,1959.36
29/11/2025 04:05,1935.23
29/11/2025 04:10,1900.0
29/11/2025 04:15,1935.44
29/11/2025 04:20,1900.0
29/11/2025 04:25,1900.0
29/11/2025 04:30,1900.0
29/11/2025 04:35,1900.0
29/11/2025 04:40,1900.0
29/11/2025 04:45,1959.85
29/11/2025 04:50,1900.0
29/11/2025 04:55,1900.0
29/11/2025 05:00,2016.62
29/11/2025 05:05,2040.34
29/11/2025 05:10,2151.58
29/11/2025 05:15,2305.49
29/11/2025 05:20,2232.24
29/11/2025 05:25,2180.38
29/11/2025 05:30,2167.81
29/11/2025 05:35,2294.37
29/11/2025 05:40,2232.6
29/11/2025 05:45,2481.01
29/11/2025 05:50,2448.4
29/11/2025 05:55,2558.02
29/11/2025 06:00,2333.62
29/11/2025 06:05,2628.45
29/11/2025 06:10,2690.84
29/11/2025 06:15,2604.23
29/11/2025 06:20,2848.72
29/11/2025 06:25,2765.74
29/11/2025 06:30,2593.39
29/11/2025 06:35,2748.26
29/11/2025 06:40,2754.19
29/11/2025 06:45,2838.35
29/11/2025 06:50,2893.39
29/11/2025 06:55,3085.99
29/11/2025 07:00,3018.6
29/11/2025 07:05,2983.84
29/11/2025 07:10,3096.08
29/11/2025 07:15,3110.67
29/11/2025 07:20,3219.07
29/11/2025 07:25,3185.51
29/11/2025 07:30,3310.53
29/11/2025 07:35,3423.62
29/11/2025 07:40,3382.3
29/11/2025 07:45,3612.37
29/11/2025 07:50,3390.61
29/11/2025 07:55,3775.61
29/11/2025 08:00,3737.78
29/11/2025 08:05,3803.19
29/11/2025 08:10,3708.5
29/11/2025 08:15,3906.56
29/11/2025 08:20,3881.81
29/11/2025 08:25,4162.48
29/11/2025 08:30,4017.12
29/11/2025 08:35,4072.61
29/11/2025 08:40,4038.02
29/11/2025 08:45,4288.12
29/11/2025 08:50,4140.54
29/11/2025 08:55,4257.08
29/11/2025 09:00,4246.54
29/11/2025 09:05,4384.42
29/11/2025 09:10,4421.64
29/11/2025 09:15,4485.31
29/11/2025 09:20,4658.35
29/11/2025 09:25,4587.24
29/11/2025 09:30,4663.14
29/11/2025 09:35,4650.12
29/11/2025 09:40,4792.25
29/11/2025 09:45,4668.83
29/11/2025 09:50,4746.89
29/11/2025 09:55,4783.42
29/11/2025 10:00,4780.81
29/11/2025 10:05,4803.89
29/11/2025 10:10,4664.84
29/11/2025 10:15,4679.23
29/11/2025 10:20,4747.93
29/11/2025 10:25,4800.09
29/11/2025 10:30,4757.3
29/11/2025 10:35,4739.25
29/11/2025 10:40,4813.15
29/11/2025 10:45,4803.81
29/11/2025 10:50,4660.49
29/11/2025 10:55,4801.49
29/11/2025 11:00,4800.21
29/11/2025 11:05,4794.84
29/11/2025 11:10,4760.47
29/11/2025 11:15,4582.02
29/11/2025 11:20,4677.55
29/11/2025 11:25,4616.82
29/11/2025 11:30,4625.72
29/11/2025 11:35,4660.06
29/11/2025 11:40,4402.01
29/11/2025 11:45,4657.81
29/11/2025 11:50,4418.41
29/11/2025 11:55,4479.21
29/11/2025 12:00,4330.24
29/11/2025 12:05,4328.53
29/11/2025 12:10,4256.93
29/11/2025 12:15,4293.85
29/11/2025 12:20,4106.93
29/11/2025 12:25,4273.53
29/11/2025 12:30,4314.2
29/11/2025 12:35,4335.09
29/11/2025 12:40,4251.14
29/11/2025 12:45,4324.41
29/11/2025 12:50,4219.98
29/11/2025 12:55,4275.37
29/11/2025 13:00,4190.1
29/11/2025 13:05,4211.44
29/11/2025 13:10,4140.81
29/11/2025 13:15,4229.25
29/11/2025 13:20,4189.18
29/11/2025 13:25,4067.29
29/11/2025 13:30,4061.1
29/11/2025 13:35,4126.81
29/11/2025 13:40,4060.85
29/11/2025 13:45,4206.76
29/11/2025 13:50,4058.64
29/11/2025 13:55,4116.45
29/11/2025 14:00,4108.99
29/11/2025 14:05,3944.26
29/11/2025 14:10,4078.79
29/11/2025 14:15,3906.72
29/11/2025 14:20,4080.64
29/11/2025 14:25,4068.59
29/11/2025 14:30,4006.19
29/11/2025 14:35,4086.72
29/11/2025 14:40,4004.78
29/11/2025 14:45,3998.8
29/11/2025 14:50,3936.89
29/11/2025 14:55,4107.47
29/11/2025 15:00,4129.32
29/11/2025 15:05,4083.62
29/11/2025 15:10,4146.18
29/11/2025 15:15,4073.1
29/11/2025 15:20,4199.13
29/11/2025 15:25,4106.44
29/11/2025 15:30,4156.27
29/11/2025 15:35,4211.51
29/11/2025 15:40,4063.67
29/11/2025 15:45,4076.5
29/11/2025 15:50,4165.94
29/11/2025 15:55,4267.57
29/11/2025 16:00,4144.31
29/11/2025 16:05,4141.44
29/11/2025 16:10,4027.54
29/11/2025 16:15,4273.74
29/11/2025 16:20,4226.03
29/11/2025 16:25,4170.13
29/11/2025 16:30,4326.79
29/11/2025 16:35,4301.79
29/11/2025 16:40,4376.59
29/11/2025 16:45,4430.02
29/11/2025 16:50,4376.81
29/11/2025 16:55,4394.81
29/11/2025 17:00,4318.42
29/11/2025 17:05,4290.6
29/11/2025 17:10,4433.88
29/11/2025 17:15,4489.05
29/11/2025 17:20,4386.49
29/11/2025 17:25,4426.17
29/11/2025 17:30,4550.93
29/11/2025 17:35,4355.86
29/11/2025 17:40,4575.55
29/11/2025 17:45,4480.49
29/11/2025 17:50,4443.08
29/11/2025 17:55,4706.37
29/11/2025 18:00,4606.24
29/11/2025 18:05,4539.9
29/11/2025 18:10,4576.97
29/11/2025 18:15,4641.34
29/11/2025 18:20,4736.23
29/11/2025 18:25,4647.41
29/11/2025 18:30,4685.88
29/11/2025 18:35,4944.18
29/11/2025 18:40,4667.39
29/11/2025 18:45,4754.27
29/11/2025 18:50,4775.58
29/11/2025 18:55,4861.77
29/11/2025 19:00,4835.36
29/11/2025 19:05,4844.55
29/11/2025 19:10,4805.54
29/11/2025 19:15,4857.34
29/11/2025 19:20,4900.27
29/11/2025 19:25,4928.67
29/11/2025 19:30,4856.04
29/11/2025 19:35,4970.28
29/11/2025 19:40,4846.31
29/11/2025 19:45,4823.19
29/11/2025 19:50,4813.27
29/11/2025 19:55,4908.0
29/11/2025 20:00,4940.88
29/11/2025 20:05,4875.17
29/11/2025 20:10,4811.71
29/11/2025 20:15,4703.13
29/11/2025 20:20,4776.84
29/11/2025 20:25,4770.74
29/11/2025 20:30,4834.28
29/11/2025 20:35,4752.64
29/11/2025 20:40,4594.33
29/11/2025 20:45,4804.68
29/11/2025 20:50,4663.55
29/11/2025 20:55,4719.85
29/11/2025 21:00,4670.98
29/11/2025 21:05,4578.55
29/11/2025 21:10,4524.08
29/11/2025 21:15,4395.49
29/11/2025 21:20,4285.17
29/11/2025 21:25,4419.67
29/11/2025 21:30,4288.72
29/11/2025 21:35,4249.58
29/11/2025 21:40,4233.01
29/11/2025 21:45,4150.68
29/11/2025 21:50,4192.94
29/11/2025 21:55,4066.87
29/11/2025 22:00,3909.72
29/11/2025 22:05,3875.48
29/11/2025 22:10,3925.28
29/11/2025 22:15,3845.03
29/11/2025 22:20,3890.82
29/11/2025 22:25,3764.82
29/11/2025 22:30,3725.73
29/11/2025 22:35,3532.94
29/11/2025 22:40,3563.97
29/11/2025 22:45,3549.62
29/11/2025 22:50,3539.93
29/11/2025 22:55,3511.62
29/11/2025 23:00,3495.98
29/11/2025 23:05,3313.63
29/11/2025 23:10,3243.97
29/11/2025 23:15,3075.43
29/11/2025 23:20,3231.04
29/11/2025 23:25,3284.94
29/11/2025 23:30,3076.41
29/11/2025 23:35,3180.93
29/11/2025 23:40,3009.6
29/11/2025 23:45,3055.85
29/11/2025 23:50,2779.73
29/11/2025 23:55,2813.27
30/11/2025 00:00,2805.6
30/11/2025 00:05,2740.03
30/11/2025 00:10,2769.97
30/11/2025 00:15,2800.13
30/11/2025 00:20,2577.96
30/11/2025 00:25,2734.03
30/11/2025 00:30,2699.94
30/11/2025 00:35,2680.24
30/11/2025 00:40,2676.85
30/11/2025 00:45,2611.76
30/11/2025 00:50,2552.25
30/11/2025 00:55,2643.67
30/11/2025 01:00,2455.66
30/11/2025 01:05,2602.71
30/11/2025 01:10,2431.86
30/11/2025 01:15,2458.51
30/11/2025 01:20,2409.88
30/11/2025 01:25,2283.89
30/11/2025 01:30,2242.24
30/11/2025 01:35,2237.35
30/11/2025 01:40,2372.47
30/11/2025 01:45,2304.13
30/11/2025 01:50,2168.39
30/11/2025 01:55,2114.72
30/11/2025 02:00,1900.0
30/11/2025 02:05,1900.0
30/11/2025 02:10,1900.0
30/11/2025 02:15,1900.0
30/11/2025 02:20,1900.0
30/11/2025 02:25,1900.0
30/11/2025 02:30,1900.0
30/11/2025 02:35,1900.0
30/11/2025 02:40,1900.0
30/11/2025 02:45,1900.0
30/11/2025 02:50,1900.0
30/11/2025 02:55,1900.0
30/11/2025 03:00,1900.0
30/11/2025 03:05,1900.0
30/11/2025 03:10,1900.0
30/11/2025 03:15,1917.58
30/11/2025 03:20,1900.0
30/11/2025 03:25,1900.0
30/11/2025 03:30,1900.0
30/11/2025 03:35,1900.0
30/11/2025 03:40,1900.0
30/11/2025 03:45,1900.0
30/11/2025 03:50,1900.0
30/11/2025 03:55,1900.0
30/11/2025 04:00,1900.0
30/11/2025 04:05,1900.0
30/11/2025 04:10,1900.0
30/11/2025 04:15,1900.0
30/11/2025 04:20,1900.0
30/11/2025 04:25,1900.0
30/11/2025 04:30,1900.0
30/11/2025 04:35,1962.13
30/11/2025 04:40,1900.0
30/11/2025 04:45,1922.02
30/11/2025 04:50,1900.0
30/11/2025 04:55,1900.0
30/11/2025 05:00,1975.76
30/11/2025 05:05,2128.99
30/11/2025 05:10,2043.45
30/11/2025 05:15,2137.42
30/11/2025 05:20,2222.72
30/11/2025 05:25,2262.04
30/11/2025 05:30,2315.5
30/11/2025 05:35,2386.97
30/11/2025 05:40,2360.57
30/11/2025 05:45,2294.22
30/11/2025 05:50,2389.67
30/11/2025 05:55,2389.31
30/11/2025 06:00,2459.78
30/11/2025 06:05,2503.53
30/11/2025 06:10,2465.57
30/11/2025 06:15,2568.73
30/11/2025 06:20,2628.03
30/11/2025 06:25,2800.72
30/11/2025 06:30,2753.38
30/11/2025 06:35,2748.04
30/11/2025 06:40,2751.73
30/11/2025 06:45,2822.69
30/11/2025 06:50,2951.36
30/11/2025 06:55,3058.8
30/11/2025 07:00,3054.41
30/11/2025 07:05,3154.41
30/11/2025 07:10,2990.81
30/11/2025 07:15,3119.79
30/11/2025 07:20,3285.66
30/11/2025 07:25,3285.62
30/11/2025 07:30,3309.88
30/11/2025 07:35,3452.43
30/11/2025 07:40,3387.7
30/11/2025 07:45,3531.56
30/11/2025 07:50,3533.7
30/11/2025 07:55,3538.26
30/11/2025 08:00,3640.81
30/11/2025 08:05,3741.71
30/11/2025 08:10,3815.4
30/11/2025 08:15,3888.15
30/11/2025 08:20,3898.84
30/11/2025 08:25,4021.88
30/11/2025 08:30,4113.18
30/11/2025 08:35,4123.26
30/11/2025 08:40,4165.9
30/11/2025 08:45,4288.41
30/11/2025 08:50,4267.53
30/11/2025 08:55,4304.18
30/11/2025 09:00,4312.3
30/11/2025 09:05,4477.94
30/11/2025 09:10,4549.96
30/11/2025 09:15,4687.66
30/11/2025 09:20,4506.68
30/11/2025 09:25,4400.65
30/11/2025 09:30,4622.26
30/11/2025 09:35,4648.57
30/11/2025 09:40,4745.97
30/11/2025 09:45,4668.45
30/11/2025 09:50,4699.99
30/11/2025 09:55,4738.59
30/11/2025 10:00,4729.8
30/11/2025 10:05,4701.31
30/11/2025 10:10,4799.73
30/11/2025 10:15,4900.89
30/11/2025 10:20,4720.71
30/11/2025 10:25,4813.8
30/11/2025 10:30,4775.2
30/11/2025 10:35,4752.38
30/11/2025 10:40,4929.75
30/11/2025 10:45,4742.64
30/11/2025 10:50,4773.66
30/11/2025 10:55,4894.07
30/11/2025 11:00,4866.35
30/11/2025 11:05,4825.22
30/11/2025 11:10,4684.34
30/11/2025 11:15,4642.15
30/11/2025 11:20,4652.07
30/11/2025 11:25,4673.4
30/11/2025 11:30,4647.84
30/11/2025 11:35,4548.24
30/11/2025 11:40,4405.05
30/11/2025 11:45,4598.37
30/11/2025 11:50,4426.66
30/11/2025 11:55,4510.33
30/11/2025 12:00,4304.69
30/11/2025 12:05,4232.21
30/11/2025 12:10,4333.94
30/11/2025 12:15,4259.4
30/11/2025 12:20,4272.69
30/11/2025 12:25,4131.18
30/11/2025 12:30,4255.29
30/11/2025 12:35,4271.34
30/11/2025 12:40,4352.3
30/11/2025 12:45,4171.63
30/11/2025 12:50,4216.17
30/11/2025 12:55,4087.74
30/11/2025 13:00,4115.21
30/11/2025 13:05,4235.73
30/11/2025 13:10,4076.46
30/11/2025 13:15,4178.59
30/11/2025 13:20,4136.0
30/11/2025 13:25,4179.81
30/11/2025 13:30,4015.12
30/11/2025 13:35,4174.81
30/11/2025 13:40,4200.56
30/11/2025 13:45,3970.9
30/11/2025 13:50,4094.35
30/11/2025 13:55,4076.31
30/11/2025 14:00,4107.52
30/11/2025 14:05,4132.53
30/11/2025 14:10,4097.98
30/11/2025 14:15,4163.63
30/11/2025 14:20,4119.75
30/11/2025 14:25,3899.57
30/11/2025 14:30,4204.61
30/11/2025 14:35,4016.86
30/11/2025 14:40,4126.01
30/11/2025 14:45,3976.14
30/11/2025 14:50,4048.29
30/11/2025 14:55,4161.96
30/11/2025 15:00,4129.34
30/11/2025 15:05,4028.97
30/11/2025 15:10,4158.02
30/11/2025 15:15,4156.66
30/11/2025 15:20,4018.47
30/11/2025 15:25,4107.36
30/11/2025 15:30,4039.2
30/11/2025 15:35,4145.48
30/11/2025 15:40,4184.56
30/11/2025 15:45,4252.77
30/11/2025 15:50,4096.23
30/11/2025 15:55,4130.48
30/11/2025 16:00,4222.66
30/11/2025 16:05,4238.22
30/11/2025 16:10,4217.4
30/11/2025 16:15,4142.49
30/11/2025 16:20,4178.52
30/11/2025 16:25,4339.1
30/11/2025 16:30,4363.64
30/11/2025 16:35,4295.37
30/11/2025 16:40,4359.11
30/11/2025 16:45,4292.74
30/11/2025 16:50,4283.15
30/11/2025 16:55,4456.41
30/11/2025 17:00,4307.92
30/11/2025 17:05,4403.16
30/11/2025 17:10,4289.96
30/11/2025 17:15,4319.12
30/11/2025 17:20,4530.5
30/11/2025 17:25,4440.0
30/11/2025 17:30,4484.62
30/11/2025 17:35,4475.35
30/11/2025 17:40,4511.25
30/11/2025 17:45,4602.55
30/11/2025 17:50,4572.39
30/11/2025 17:55,4567.06
30/11/2025 18:00,4519.54
30/11/2025 18:05,4679.71
30/11/2025 18:10,4651.74
30/11/2025 18:15,4736.24
30/11/2025 18:20,4771.8
30/11/2025 18:25,4769.11
30/11/2025 18:30,4678.14
30/11/2025 18:35,4651.58
30/11/2025 18:40,4855.4
30/11/2025 18:45,5015.59
30/11/2025 18:50,4866.87
30/11/2025 18:55,4793.69
30/11/2025 19:00,4873.98
30/11/2025 19:05,4927.19
30/11/2025 19:10,4799.42
30/11/2025 19:15,4931.71
30/11/2025 19:20,4831.39
30/11/2025 19:25,4829.79
30/11/2025 19:30,4783.18
30/11/2025 19:35,4858.17
30/11/2025 19:40,4881.87
30/11/2025 19:45,4764.75
30/11/2025 19:50,4888.86
30/11/2025 19:55,4777.21
30/11/2025 20:00,4827.08
30/11/2025 20:05,4758.88
30/11/2025 20:10,4857.98
30/11/2025 20:15,4782.22
30/11/2025 20:20,4813.01
30/11/2025 20:25,4758.38
30/11/2025 20:30,4726.98
30/11/2025 20:35,4700.26
30/11/2025 20:40,4563.31
30/11/2025 20:45,4715.86
30/11/2025 20:50,4661.58
30/11/2025 20:55,4636.69
30/11/2025 21:00,4639.12
30/11/2025 21:05,4546.71
30/11/2025 21:10,4451.25
30/11/2025 21:15,4410.81
30/11/2025 21:20,4287.65
30/11/2025 21:25,4382.76
30/11/2025 21:30,4314.47
30/11/2025 21:35,4206.43
30/11/2025 21:40,4174.86
30/11/2025 21:45,4090.02
30/11/2025 21:50,4179.98
30/11/2025 21:55,4053.56
30/11/2025 22:00,4043.07
30/11/2025 22:05,3809.52
30/11/2025 22:10,3957.52
30/11/2025 22:15,3687.86
30/11/2025 22:20,3924.89
30/11/2025 22:25,3779.85
30/11/2025 22:30,3630.31
30/11/2025 22:35,3666.29
30/11/2025 22:40,3523.62
30/11/2025 22:45,3544.01
30/11/2025 22:50,3605.06
30/11/2025 22:55,3317.23
30/11/2025 23:00,3412.63
30/11/2025 23:05,3475.2
30/11/2025 23:10,3307.69
30/11/2025 23:15,3388.02
30/11/2025 23:20,3127.46
30/11/2025 23:25,3285.31
30/11/2025 23:30,3136.63
30/11/2025 23:35,3081.36
30/11/2025 23:40,3034.43
30/11/2025 23:45,2923.88
30/11/2025 23:50,2852.89
30/11/2025 23:55,2856.53
01/12/2025 00:00,3007.16
01/12/2025 00:05,2972.18
01/12/2025 00:10,3003.68
01/12/2025 00:15,2992.97
01/12/2025 00:20,2828.09
01/12/2025 00:25,2814.04
01/12/2025 00:30,2941.94
01/12/2025 00:35,2781.03
01/12/2025 00:40,2908.15
01/12/2025 00:45,2798.38
01/12/2025 00:50,2859.1
01/12/2025 00:55,2810.5
01/12/2025 01:00,2749.04
01/12/2025 01:05,2745.12
01/12/2025 01:10,2699.56
01/12/2025 01:15,2681.88
01/12/2025 01:20,2705.84
01/12/2025 01:25,2600.11
01/12/2025 01:30,2632.74
01/12/2025 01:35,2602.73
01/12/2025 01:40,2644.81
01/12/2025 01:45,2489.3
01/12/2025 01:50,2410.41
01/12/2025 01:55,2636.07
01/12/2025 02:00,2237.99
01/12/2025 02:05,2003.96
01/12/2025 02:10,2095.47
01/12/2025 02:15,2117.51
01/12/2025 02:20,1984.51
01/12/2025 02:25,2004.99
01/12/2025 02:30,2227.02
01/12/2025 02:35,2188.51
01/12/2025 02:40,2140.5
01/12/2025 02:45,2042.84
01/12/2025 02:50,1981.66
01/12/2025 02:55,1990.3
01/12/2025 03:00,1900.0
01/12/2025 03:05,2190.04
01/12/2025 03:10,2185.29
01/12/2025 03:15,2105.96
01/12/2025 03:20,1900.0
01/12/2025 03:25,2068.1
01/12/2025 03:30,2069.41
01/12/2025 03:35,2119.18
01/12/2025 03:40,2044.85
01/12/2025 03:45,2095.37
01/12/2025 03:50,1920.96
01/12/2025 03:55,2089.54
01/12/2025 04:00,2161.01
01/12/2025 04:05,2222.1
01/12/2025 04:10,2279.15
01/12/2025 04:15,2102.98
01/12/2025 04:20,2119.95
01/12/2025 04:25,2042.72
01/12/2025 04:30,1900.0
01/12/2025 04:35,2344.45
01/12/2025 04:40,2131.82
01/12/2025 04:45,2055.37
01/12/2025 04:50,2093.49
01/12/2025 04:55,2118.06
01/12/2025 05:00,2298.49
01/12/2025 05:05,2290.87
01/12/2025 05:10,2150.41
01/12/2025 05:15,2385.11
01/12/2025 05:20,2360.27
01/12/2025 05:25,2478.98
01/12/2025 05:30,2607.63
01/12/2025 05:35,2566.06
01/12/2025 05:40,2663.1
01/12/2025 05:45,2503.74
01/12/2025 05:50,2772.74
01/12/2025 05:55,2639.93
01/12/2025 06:00,2745.83
01/12/2025 06:05,2811.19
01/12/2025 06:10,2826.76
01/12/2025 06:15,2771.25
01/12/2025 06:20,2928.94
01/12/2025 06:25,2884.19
01/12/2025 06:30,3135.57
01/12/2025 06:35,3043.08
01/12/2025 06:40,2928.33
01/12/2025 06:45,3227.4
01/12/2025 06:50,3225.46
01/12/2025 06:55,3165.72
01/12/2025 07:00,3208.16
01/12/2025 07:05,3343.1
01/12/2025 07:10,3302.61
01/12/2025 07:15,3550.64
01/12/2025 07:20,3369.79
01/12/2025 07:25,3716.34
01/12/2025 07:30,3576.92
01/12/2025 07:35,3529.52
01/12/2025 07:40,3760.96
01/12/2025 07:45,3767.92
01/12/2025 07:50,3794.96
01/12/2025 07:55,3829.54
01/12/2025 08:00,3979.1
01/12/2025 08:05,4091.4
01/12/2025 08:10,3991.02
01/12/2025 08:15,3881.37
01/12/2025 08:20,4134.46
01/12/2025 08:25,4337.69
01/12/2025 08:30,4438.97
01/12/2025 08:35,4291.99
01/12/2025 08:40,4421.02
01/12/2025 08:45,4609.02
01/12/2025 08:50,4559.19
01/12/2025 08:55,4648.81
01/12/2025 09:00,4641.84
01/12/2025 09:05,4642.82
01/12/2025 09:10,4615.49
01/12/2025 09:15,4735.81
01/12/2025 09:20,4853.6
01/12/2025 09:25,4807.87
01/12/2025 09:30,4645.03
01/12/2025 09:35,4985.44
01/12/2025 09:40,4962.06
01/12/2025 09:45,4869.54
01/12/2025 09:50,4926.36
01/12/2025 09:55,4849.39
01/12/2025 10:00,5129.45
01/12/2025 10:05,5095.9
01/12/2025 10:10,5094.5
01/12/2025 10:15,4972.12
01/12/2025 10:20,5024.45
01/12/2025 10:25,4986.76
01/12/2025 10:30,4918.16
01/12/2025 10:35,4938.54
01/12/2025 10:40,4943.72
01/12/2025 10:45,5081.12
01/12/2025 10:50,5001.99
01/12/2025 10:55,4811.98
01/12/2025 11:00,4978.8
01/12/2025 11:05,4830.0
01/12/2025 11:10,5047.81
01/12/2025 11:15,4798.26
01/12/2025 11:20,4964.5
01/12/2025 11:25,4769.26
01/12/2025 11:30,4900.27
01/12/2025 11:35,4904.7
01/12/2025 11:40,4810.26
01/12/2025 11:45,4740.44
01/12/2025 11:50,4693.9
01/12/2025 11:55,4661.52
01/12/2025 12:00,4591.68
01/12/2025 12:05,4576.73
01/12/2025 12:10,4276.83
01/12/2025 12:15,4484.55
01/12/2025 12:20,4479.95
01/12/2025 12:25,4456.04
01/12/2025 12:30,4390.73
01/12/2025 12:35,4394.0
01/12/2025 12:40,4340.41
01/12/2025 12:45,4596.92
01/12/2025 12:50,4499.88
01/12/2025 12:55,4361.89
01/12/2025 13:00,4474.37
01/12/2025 13:05,4447.99
01/12/2025 13:10,4530.8
01/12/2025 13:15,4511.03
01/12/2025 13:20,4377.11
01/12/2025 13:25,4444.88
01/12/2025 13:30,4264.09
01/12/2025 13:35,4208.02
01/12/2025 13:40,4461.95
01/12/2025 13:45,4409.66
01/12/2025 13:50,4465.81
01/12/2025 13:55,4396.77
01/12/2025 14:00,4323.18
01/12/2025 14:05,4459.61
01/12/2025 14:10,4348.7
01/12/2025 14:15,4495.45
01/12/2025 14:20,4269.5
01/12/2025 14:25,4357.0
01/12/2025 14:30,4248.0
01/12/2025 14:35,4307.45
01/12/2025 14:40,4322.53
01/12/2025 14:45,4318.28
01/12/2025 14:50,4253.19
01/12/2025 14:55,4117.68
01/12/2025 15:00,4287.95
01/12/2025 15:05,4191.18
01/12/2025 15:10,4250.33
01/12/2025 15:15,4262.06
01/12/2025 15:20,4461.47
01/12/2025 15:25,4402.03
01/12/2025 15:30,4227.69
01/12/2025 15:35,4384.01
01/12/2025 15:40,4319.6
01/12/2025 15:45,4429.57
01/12/2025 15:50,4500.51
01/12/2025 15:55,4503.71
01/12/2025 16:00,4285.74
01/12/2025 16:05,4424.4
01/12/2025 16:10,4434.13
01/12/2025 16:15,4418.49
01/12/2025 16:20,4477.89
01/12/2025 16:25,4552.46
01/12/2025 16:30,4589.71
01/12/2025 16:35,4661.76
01/12/2025 16:40,4568.95
01/12/2025 16:45,4589.55
01/12/2025 16:50,4568.23
01/12/2025 16:55,4714.65
01/12/2025 17:00,4694.48
01/12/2025 17:05,4649.49
01/12/2025 17:10,4724.43
01/12/2025 17:15,4740.97
01/12/2025 17:20,4714.45
01/12/2025 17:25,4627.82
01/12/2025 17:30,4868.85
01/12/2025 17:35,4737.44
01/12/2025 17:40,4823.14
01/12/2025 17:45,4824.21
01/12/2025 17:50,4745.96
01/12/2025 17:55,4735.24
01/12/2025 18:00,4808.57
01/12/2025 18:05,4732.79
01/12/2025 18:10,4989.9
01/12/2025 18:15,5011.72
01/12/2025 18:20,4979.45
01/12/2025 18:25,5033.68
01/12/2025 18:30,4996.03
01/12/2025 18:35,4991.26
01/12/2025 18:40,5093.56
01/12/2025 18:45,4989.65
01/12/2025 18:50,5128.0
01/12/2025 18:55,5074.88
01/12/2025 19:00,4989.36
01/12/2025 19:05,5077.08
01/12/2025 19:10,5064.57
01/12/2025 19:15,5184.87
01/12/2025 19:20,5151.65
01/12/2025 19:25,5116.48
01/12/2025 19:30,5081.14
01/12/2025 19:35,5110.26
01/12/2025 19:40,5014.84
01/12/2025 19:45,5104.37
01/12/2025 19:50,5178.37
01/12/2025 19:55,5208.42
01/12/2025 20:00,5272.33
01/12/2025 20:05,5076.73
01/12/2025 20:10,5022.04
01/12/2025 20:15,5076.94
01/12/2025 20:20,5031.62
01/12/2025 20:25,4951.52
01/12/2025 20:30,4890.58
01/12/2025 20:35,5015.13
01/12/2025 20:40,4916.34
01/12/2025 20:45,5004.57
01/12/2025 20:50,4961.98
01/12/2025 20:55,4905.53
01/12/2025 21:00,4816.3
01/12/2025 21:05,4858.31
01/12/2025 21:10,4827.73
01/12/2025 21:15,4683.35
01/12/2025 21:20,4556.91
01/12/2025 21:25,4647.95
01/12/2025 21:30,4561.75
01/12/2025 21:35,4481.02
01/12/2025 21:40,4265.19
01/12/2025 21:45,4524.18
01/12/2025 21:50,4321.71
01/12/2025 21:55,4251.26
01/12/2025 22:00,4298.02
01/12/2025 22:05,4047.69
01/12/2025 22:10,4210.91
01/12/2025 22:15,4057.01
01/12/2025 22:20,4122.14
01/12/2025 22:25,3999.92
01/12/2025 22:30,4026.51
01/12/2025 22:35,3835.07
01/12/2025 22:40,3838.1
01/12/2025 22:45,3860.12
01/12/2025 22:50,3834.8
01/12/2025 22:55,3678.05
01/12/2025 23:00,3685.01
01/12/2025 23:05,3674.63
01/12/2025 23:10,3467.5
01/12/2025 23:15,3610.47
01/12/2025 23:20,3560.84
01/12/2025 23:25,3446.7
01/12/2025 23:30,3363.24
01/12/2025 23:35,3456.12
01/12/2025 23:40,3226.45
01/12/2025 23:45,3194.4
01/12/2025 23:50,3203.35
01/12/2025 23:55,3068.59
02/12/2025 00:00,3042.0
02/12/2025 00:05,2926.71
02/12/2025 00:10,2822.32
02/12/2025 00:15,3050.04
02/12/2025 00:20,2893.93
02/12/2025 00:25,2850.85
02/12/2025 00:30,2898.44
02/12/2025 00:35,2807.41
02/12/2025 00:40,2868.78
02/12/2025 00:45,2875.21
02/12/2025 00:50,2861.45
02/12/2025 00:55,2842.22
02/12/2025 01:00,2733.38
02/12/2025 01:05,2597.5
02/12/2025 01:10,2799.12
02/12/2025 01:15,2636.74
02/12/2025 01:20,2630.76
02/12/2025 01:25,2651.71
02/12/2025 01:30,2692.19
02/12/2025 01:35,2695.57
02/12/2025 01:40,2547.05
02/12/2025 01:45,2497.62
02/12/2025 01:50,2465.59
02/12/2025 01:55,2474.57
02/12/2025 02:00,2139.36
02/12/2025 02:05,2002.87
02/12/2025 02:10,2140.07
02/12/2025 02:15,2013.09
02/12/2025 02:20,1954.1
02/12/2025 02:25,2186.72
02/12/2025 02:30,2063.41
02/12/2025 02:35,2053.62
02/12/2025 02:40,1952.66
02/12/2025 02:45,1900.0
02/12/2025 02:50,1979.27
02/12/2025 02:55,2030.04
02/12/2025 03:00,2070.44
02/12/2025 03:05,1950.0
02/12/2025 03:10,2072.35
02/12/2025 03:15,1976.19
02/12/2025 03:20,2068.46
02/12/2025 03:25,2298.16
02/12/2025 03:30,2059.61
02/12/2025 03:35,1929.37
02/12/2025 03:40,1930.66
02/12/2025 03:45,2050.96
02/12/2025 03:50,2058.71
02/12/2025 03:55,1977.19
02/12/2025 04:00,2195.92
02/12/2025 04:05,2053.88
02/12/2025 04:10,2115.02
02/12/2025 04:15,1962.15
02/12/2025 04:20,2165.14
02/12/2025 04:25,2055.93
02/12/2025 04:30,2146.95
02/12/2025 04:35,2217.43
02/12/2025 04:40,2119.5
02/12/2025 04:45,2054.54
02/12/2025 04:50,2082.89
02/12/2025 04:55,2033.22
02/12/2025 05:00,2292.85
02/12/2025 05:05,2252.18
02/12/2025 05:10,2247.15
02/12/2025 05:15,2321.72
02/12/2025 05:20,2452.38
02/12/2025 05:25,2446.41
02/12/2025 05:30,2509.9
02/12/2025 05:35,2536.09
02/12/2025 05:40,2572.77
02/12/2025 05:45,2594.35
02/12/2025 05:50,2559.91
02/12/2025 05:55,2672.9
02/12/2025 06:00,2593.08
02/12/2025 06:05,2956.61
02/12/2025 06:10,2770.6
02/12/2025 06:15,2787.78
02/12/2025 06:20,2950.41
02/12/2025 06:25,3013.68
02/12/2025 06:30,3114.33
02/12/2025 06:35,3145.92
02/12/2025 06:40,3136.27
02/12/2025 06:45,2981.91
02/12/2025 06:50,3183.59
02/12/2025 06:55,3304.06
02/12/2025 07:00,3292.6
02/12/2025 07:05,3291.78
02/12/2025 07:10,3365.39
02/12/2025 07:15,3412.6
02/12/2025 07:20,3449.86
02/12/2025 07:25,3614.98
02/12/2025 07:30,3526.93
02/12/2025 07:35,3616.85
02/12/2025 07:40,3749.87
02/12/2025 07:45,3831.82
02/12/2025 07:50,4004.97
02/12/2025 07:55,3974.04
02/12/2025 08:00,3960.64
02/12/2025 08:05,3976.2
02/12/2025 08:10,4088.2
02/12/2025 08:15,4116.81
02/12/2025 08:20,4161.9
02/12/2025 08:25,4217.01
02/12/2025 08:30,4378.88
02/12/2025 08:35,4245.27
02/12/2025 08:40,4460.96
02/12/2025 08:45,4521.13
02/12/2025 08:50,4572.57
02/12/2025 08:55,4691.13
02/12/2025 09:00,4756.9
02/12/2025 09:05,4739.63
02/12/2025 09:10,4592.22
02/12/2025 09:15,4712.47
02/12/2025 09:20,4707.76
02/12/2025 09:25,4899.14
02/12/2025 09:30,4737.34
02/12/2025 09:35,4841.04
02/12/2025 09:40,4933.71
02/12/2025 09:45,4936.0
02/12/2025 09:50,5125.54
02/12/2025 09:55,4931.98
02/12/2025 10:00,4981.15
02/12/2025 10:05,4791.77
02/12/2025 10:10,5038.99
02/12/2025 10:15,4970.58
02/12/2025 10:20,5050.31
02/12/2025 10:25,5054.9
02/12/2025 10:30,5245.02
02/12/2025 10:35,5040.03
02/12/2025 10:40,4935.87
02/12/2025 10:45,5064.48
02/12/2025 10:50,4983.35
02/12/2025 10:55,5042.0
02/12/2025 11:00,4899.74
02/12/2025 11:05,4996.11
02/12/2025 11:10,4968.51
02/12/2025 11:15,4839.71
02/12/2025 11:20,4847.84
02/12/2025 11:25,4936.65
02/12/2025 11:30,4878.4
02/12/2025 11:35,4759.93
02/12/2025 11:40,4789.17
02/12/2025 11:45,4784.4
02/12/2025 11:50,4811.68
02/12/2025 11:55,4783.83
02/12/2025 12:00,4474.54
02/12/2025 12:05,4555.83
02/12/2025 12:10,4472.88
02/12/2025 12:15,4415.13
02/12/2025 12:20,4535.63
02/12/2025 12:25,4602.24
02/12/2025 12:30,4490.62
02/12/2025 12:35,4491.02
02/12/2025 12:40,4584.61
02/12/2025 12:45,4421.5
02/12/2025 12:50,4459.68
02/12/2025 12:55,4542.64
02/12/2025 13:00,4458.49
02/12/2025 13:05,4517.53
02/12/2025 13:10,4369.71
02/12/2025 13:15,4563.91
02/12/2025 13:20,4408.9
02/12/2025 13:25,4441.99
02/12/2025 13:30,4367.27
02/12/2025 13:35,4472.21
02/12/2025 13:40,4311.8
02/12/2025 13:45,4388.26
02/12/2025 13:50,4363.06
02/12/2025 13:55,4280.39
02/12/2025 14:00,4356.84
02/12/2025 14:05,4365.68
02/12/2025 14:10,4377.37
02/12/2025 14:15,4263.14
02/12/2025 14:20,4276.43
02/12/2025 14:25,4403.89
02/12/2025 14:30,4274.74
02/12/2025 14:35,4360.72
02/12/2025 14:40,4187.08
02/12/2025 14:45,4258.16
02/12/2025 14:50,4360.36
02/12/2025 14:55,4419.39
02/12/2025 15:00,4378.28
02/12/2025 15:05,4236.18
02/12/2025 15:10,4300.74
02/12/2025 15:15,4278.99
02/12/2025 15:20,4200.36
02/12/2025 15:25,4391.51
02/12/2025 15:30,4355.41
02/12/2025 15:35,4327.6
02/12/2025 15:40,4431.06
02/12/2025 15:45,4474.68
02/12/2025 15:50,4469.05
02/12/2025 15:55,4428.86
02/12/2025 16:00,4448.18
02/12/2025 16:05,4527.27
02/12/2025 16:10,4488.91
02/12/2025 16:15,4408.84
02/12/2025 16:20,4520.53
02/12/2025 16:25,4570.31
02/12/2025 16:30,4573.74
02/12/2025 16:35,4470.4
02/12/2025 16:40,4686.56
02/12/2025 16:45,4657.79
02/12/2025 16:50,4648.23
02/12/2025 16:55,4682.04
02/12/2025 17:00,4681.69
02/12/2025 17:05,4728.84
02/12/2025 17:10,4684.1
02/12/2025 17:15,4902.67
02/12/2025 17:20,4754.57
02/12/2025 17:25,4549.47
02/12/2025 17:30,4660.92
02/12/2025 17:35,4916.17
02/12/2025 17:40,4826.09
02/12/2025 17:45,4808.3
02/12/2025 17:50,4805.48
02/12/2025 17:55,4614.18
02/12/2025 18:00,4921.48
02/12/2025 18:05,4848.61
02/12/2025 18:10,4863.07
02/12/2025 18:15,4758.55
02/12/2025 18:20,4861.67
02/12/2025 18:25,5033.78
02/12/2025 18:30,4992.46
02/12/2025 18:35,5056.21
02/12/2025 18:40,4933.23
02/12/2025 18:45,5100.34
02/12/2025 18:50,5034.47
02/12/2025 18:55,5093.58
02/12/2025 19:00,5171.08
02/12/2025 19:05,5082.14
02/12/2025 19:10,5240.5
02/12/2025 19:15,5214.46
02/12/2025 19:20,5185.8
02/12/2025 19:25,5064.15
02/12/2025 19:30,5155.07
02/12/2025 19:35,5089.75
02/12/2025 19:40,5270.52
02/12/2025 19:45,5321.31
02/12/2025 19:50,5172.12
02/12/2025 19:55,5165.01
02/12/2025 20:00,5030.72
02/12/2025 20:05,5067.49
02/12/2025 20:10,5132.11
02/12/2025 20:15,5024.98
02/12/2025 20:20,5017.49
02/12/2025 20:25,5023.31
02/12/2025 20:30,5019.74
02/12/2025 20:35,4849.74
02/12/2025 20:40,4913.39
02/12/2025 20:45,4935.77
02/12/2025 20:50,5000.28
02/12/2025 20:55,4897.56
02/12/2025 21:00,4822.99
02/12/2025 21:05,4842.26
02/12/2025 21:10,4730.37
02/12/2025 21:15,4603.03
02/12/2025 21:20,4701.1
02/12/2025 21:25,4575.48
02/12/2025 21:30,4656.32
02/12/2025 21:35,4469.46
02/12/2025 21:40,4522.22
02/12/2025 21:45,4334.8
02/12/2025 21:50,4348.02
02/12/2025 21:55,4301.1
02/12/2025 22:00,4169.11
02/12/2025 22:05,4056.15
02/12/2025 22:10,4195.4
02/12/2025 22:15,3905.09
02/12/2025 22:20,4169.99
02/12/2025 22:25,4019.63
02/12/2025 22:30,3966.95
02/12/2025 22:35,3828.73
02/12/2025 22:40,3850.42
02/12/2025 22:45,3804.85
02/12/2025 22:50,3817.3
02/12/2025 22:55,3633.67
02/12/2025 23:00,3512.99
02/12/2025 23:05,3599.2
02/12/2025 23:10,3444.31
02/12/2025 23:15,3458.57
02/12/2025 23:20,3513.32
02/12/2025 23:25,3276.5
02/12/2025 23:30,3375.74
02/12/2025 23:35,3350.36
02/12/2025 23:40,3393.55
02/12/2025 23:45,3170.36
02/12/2025 23:50,3219.84
02/12/2025 23:55,3083.07
03/12/2025 00:00,3017.52
03/12/2025 00:05,3093.53
03/12/2025 00:10,2960.35
03/12/2025 00:15,2930.04
03/12/2025 00:20,2958.38
03/12/2025 00:25,3107.02
03/12/2025 00:30,2781.62
03/12/2025 00:35,2787.01
03/12/2025 00:40,2867.48
03/12/2025 00:45,2808.84
03/12/2025 00:50,2658.28
03/12/2025 00:55,2875.61
03/12/2025 01:00,2769.26
03/12/2025 01:05,2722.19
03/12/2025 01:10,2602.77
03/12/2025 01:15,2520.62
03/12/2025 01:20,2725.66
03/12/2025 01:25,2578.7
03/12/2025 01:30,2611.45
03/12/2025 01:35,2534.74
03/12/2025 01:40,2439.86
03/12/2025 01:45,2540.16
03/12/2025 01:50,2424.44
03/12/2025 01:55,2383.58
03/12/2025 02:00,2266.68
03/12/2025 02:05,1980.25
03/12/2025 02:10,1970.07
03/12/2025 02:15,2126.41
03/12/2025 02:20,2019.11
03/12/2025 02:25,2052.85
03/12/2025 02:30,1936.7
03/12/2025 02:35,2066.08
03/12/2025 02:40,2030.78
03/12/2025 02:45,2109.77
03/12/2025 02:50,2130.28
03/12/2025 02:55,2023.51
03/12/2025 03:00,2104.9
03/12/2025 03:05,2068.35
03/12/2025 03:10,2097.74
03/12/2025 03:15,2190.46
03/12/2025 03:20,1966.02
03/12/2025 03:25,2002.17
03/12/2025 03:30,2074.34
03/12/2025 03:35,2010.03
03/12/2025 03:40,2238.96
03/12/2025 03:45,2177.85
03/12/2025 03:50,2081.17
03/12/2025 03:55,2168.12
03/12/2025 04:00,2129.52
03/12/2025 04:05,2047.69
03/12/2025 04:10,2320.49
03/12/2025 04:15,2189.2
03/12/2025 04:20,2081.08
03/12/2025 04:25,1906.05
03/12/2025 04:30,1903.98
03/12/2025 04:35,2131.62
03/12/2025 04:40,2153.43
03/12/2025 04:45,2014.33
03/12/2025 04:50,1973.0
03/12/2025 04:55,2145.63
03/12/2025 05:00,2333.77
03/12/2025 05:05,2350.58
03/12/2025 05:10,2340.04
03/12/2025 05:15,2541.7
03/12/2025 05:20,2430.15
03/12/2025 05:25,2506.3
03/12/2025 05:30,2519.09
03/12/2025 05:35,2569.66
03/12/2025 05:40,2595.32
03/12/2025 05:45,2664.27
03/12/2025 05:50,2701.99
03/12/2025 05:55,2671.32
03/12/2025 06:00,2619.29
03/12/2025 06:05,2840.54
03/12/2025 06:10,2828.31
03/12/2025 06:15,2805.16
03/12/2025 06:20,2914.82
03/12/2025 06:25,2830.41
03/12/2025 06:30,2932.39
03/12/2025 06:35,3023.06
03/12/2025 06:40,3062.82
03/12/2025 06:45,3136.42
03/12/2025 06:50,3094.82
03/12/2025 06:55,3253.35
03/12/2025 07:00,3273.83
03/12/2025 07:05,3143.8
03/12/2025 07:10,3414.15
03/12/2025 07:15,3464.19
03/12/2025 07:20,3498.48
03/12/2025 07:25,3572.76
03/12/2025 07:30,3560.98
03/12/2025 07:35,3530.96
03/12/2025 07:40,3716.92
03/12/2025 07:45,3856.56
03/12/2025 07:50,3823.98
03/12/2025 07:55,3912.29
03/12/2025 08:00,3834.11
03/12/2025 08:05,3892.81
03/12/2025 08:10,4115.32
03/12/2025 08:15,4082.58
03/12/2025 08:20,4286.69
03/12/2025 08:25,4164.08
03/12/2025 08:30,4221.05
03/12/2025 08:35,4372.5
03/12/2025 08:40,4430.62
03/12/2025 08:45,4463.54
03/12/2025 08:50,4498.09
03/12/2025 08:55,4579.62
03/12/2025 09:00,4678.77
03/12/2025 09:05,4593.09
03/12/2025 09:10,4721.53
03/12/2025 09:15,4761.74
03/12/2025 09:20,4703.83
03/12/2025 09:25,4913.49
03/12/2025 09:30,4668.07
03/12/2025 09:35,4914.41
03/12/2025 09:40,4933.47
03/12/2025 09:45,4953.13
03/12/2025 09:50,4962.57
03/12/2025 09:55,4866.98
03/12/2025 10:00,5157.61
03/12/2025 10:05,4980.27
03/12/2025 10:10,5098.15
03/12/2025 10:15,5127.55
03/12/2025 10:20,5149.21
03/12/2025 10:25,5083.08
03/12/2025 10:30,5097.45
03/12/2025 10:35,5143.51
03/12/2025 10:40,5033.49
03/12/2025 10:45,4885.71
03/12/2025 10:50,4974.36
03/12/2025 10:55,4976.99
03/12/2025 11:00,4834.54
03/12/2025 11:05,4888.57
03/12/2025 11:10,5128.96
03/12/2025 11:15,4913.81
03/12/2025 11:20,4943.0
03/12/2025 11:25,4787.88
03/12/2025 11:30,4797.27
03/12/2025 11:35,4731.26
03/12/2025 11:40,4865.14
03/12/2025 11:45,4762.67
03/12/2025 11:50,4671.02
03/12/2025 11:55,4744.42
03/12/2025 12:00,4643.13
03/12/2025 12:05,4558.17
03/12/2025 12:10,4641.18
03/12/2025 12:15,4485.29
03/12/2025 12:20,4371.25
03/12/2025 12:25,4432.99
03/12/2025 12:30,4653.97
03/12/2025 12:35,4451.64
03/12/2025 12:40,4541.26
03/12/2025 12:45,4477.59
03/12/2025 12:50,4555.97
03/12/2025 12:55,4470.71
03/12/2025 13:00,4534.21
03/12/2025 13:05,4606.15
03/12/2025 13:10,4530.94
03/12/2025 13:15,4287.79
03/12/2025 13:20,4290.84
03/12/2025 13:25,4452.08
03/12/2025 13:30,4361.15
03/12/2025 13:35,4369.94
03/12/2025 13:40,4375.21
03/12/2025 13:45,4356.91
03/12/2025 13:50,4348.91
03/12/2025 13:55,4371.14
03/12/2025 14:00,4417.67
03/12/2025 14:05,4325.51
03/12/2025 14:10,4349.4
03/12/2025 14:15,4348.62
03/12/2025 14:20,4247.92
03/12/2025 14:25,4211.18
03/12/2025 14:30,4344.05
03/12/2025 14:35,4090.2
03/12/2025 14:40,4278.69
03/12/2025 14:45,4374.78
03/12/2025 14:50,4121.04
03/12/2025 14:55,4202.39
03/12/2025 15:00,4241.89
03/12/2025 15:05,4361.58
03/12/2025 15:10,4262.72
03/12/2025 15:15,4230.65
03/12/2025 15:20,4353.02
03/12/2025 15:25,4319.11
03/12/2025 15:30,4231.26
03/12/2025 15:35,4240.45
03/12/2025 15:40,4386.05
03/12/2025 15:45,4374.94
03/12/2025 15:50,4472.6
03/12/2025 15:55,4443.08
03/12/2025 16:00,4496.52
03/12/2025 16:05,4551.13
03/12/2025 16:10,4465.77
03/12/2025 16:15,4453.95
03/12/2025 16:20,4411.93
03/12/2025 16:25,4505.57
03/12/2025 16:30,4722.88
03/12/2025 16:35,4629.56
03/12/2025 16:40,4711.97
03/12/2025 16:45,4547.46
03/12/2025 16:50,4667.3
03/12/2025 16:55,4658.12
03/12/2025 17:00,4769.95
03/12/2025 17:05,4521.82
03/12/2025 17:10,4586.39
03/12/2025 17:15,4614.06
03/12/2025 17:20,4612.16
03/12/2025 17:25,4657.64
03/12/2025 17:30,4863.91
03/12/2025 17:35,4710.87
03/12/2025 17:40,4778.63
03/12/2025 17:45,4788.14
03/12/2025 17:50,4806.09
03/12/2025 17:55,4876.64
03/12/2025 18:00,4965.86
03/12/2025 18:05,5053.44
03/12/2025 18:10,4876.34
03/12/2025 18:15,4879.62
03/12/2025 18:20,5088.61
03/12/2025 18:25,5004.51
03/12/2025 18:30,4981.71
03/12/2025 18:35,5155.44
03/12/2025 18:40,5038.32
03/12/2025 18:45,5053.09
03/12/2025 18:50,5110.58
03/12/2025 18:55,4993.06
03/12/2025 19:00,5122.79
03/12/2025 19:05,5025.12
03/12/2025 19:10,5109.48
03/12/2025 19:15,5292.39
03/12/2025 19:20,5048.78
03/12/2025 19:25,5162.0
03/12/2025 19:30,5161.36
03/12/2025 19:35,5243.38
03/12/2025 19:40,5071.88
03/12/2025 19:45,5104.65
03/12/2025 19:50,5128.48
03/12/2025 19:55,5166.16
03/12/2025 20:00,4913.86
03/12/2025 20:05,5110.09
03/12/2025 20:10,5200.66
03/12/2025 20:15,5143.43
03/12/2025 20:20,5131.63
03/12/2025 20:25,5144.12
03/12/2025 20:30,4915.96
03/12/2025 20:35,4880.4
03/12/2025 20:40,4874.38
03/12/2025 20:45,4838.83
03/12/2025 20:50,5009.27
03/12/2025 20:55,4905.53
03/12/2025 21:00,4946.01
03/12/2025 21:05,4906.98
03/12/2025 21:10,4772.79
03/12/2025 21:15,4767.27
03/12/2025 21:20,4824.25
03/12/2025 21:25,4656.25
03/12/2025 21:30,4459.23
03/12/2025 21:35,4481.59
03/12/2025 21:40,4470.05
03/12/2025 21:45,4370.39
03/12/2025 21:50,4347.5
03/12/2025 21:55,4294.42
03/12/2025 22:00,4313.3
03/12/2025 22:05,4341.71
03/12/2025 22:10,4209.82
03/12/2025 22:15,3995.96
03/12/2025 22:20,4219.56
03/12/2025 22:25,3972.14
03/12/2025 22:30,4068.99
03/12/2025 22:35,3968.08
03/12/2025 22:40,3865.16
03/12/2025 22:45,3877.03
03/12/2025 22:50,3710.74
03/12/2025 22:55,3675.56
03/12/2025 23:00,3591.46
03/12/2025 23:05,3566.27
03/12/2025 23:10,3583.33
03/12/2025 23:15,3491.18
03/12/2025 23:20,3287.35
03/12/2025 23:25,3433.41
03/12/2025 23:30,3282.37
03/12/2025 23:35,3313.0
03/12/2025 23:40,3250.24
03/12/2025 23:45,3246.96
03/12/2025 23:50,3013.9
03/12/2025 23:55,3222.62
04/12/2025 00:00,2892.05
04/12/2025 00:05,3042.38
04/12/2025 00:10,2959.21
04/12/2025 00:15,3029.35
04/12/2025 00:20,3041.88
04/12/2025 00:25,3021.38
04/12/2025 00:30,2780.41
04/12/2025 00:35,2788.65
04/12/2025 00:40,2911.89
04/12/2025 00:45,2841.67
04/12/2025 00:50,2742.41
04/12/2025 00:55,2807.14
04/12/2025 01:00,2796.39
04/12/2025 01:05,2760.8
04/12/2025 01:10,2697.04
04/12/2025 01:15,2656.89
04/12/2025 01:20,2659.44
04/12/2025 01:25,2632.26
04/12/2025 01:30,2610.88
04/12/2025 01:35,2490.52
04/12/2025 01:40,2496.74
04/12/2025 01:45,2567.64
04/12/2025 01:50,2517.82
04/12/2025 01:55,2480.29
04/12/2025 02:00,1904.0
04/12/2025 02:05,2129.68
04/12/2025 02:10,2215.19
04/12/2025 02:15,2067.36
04/12/2025 02:20,2123.69
04/12/2025 02:25,1900.0
04/12/2025 02:30,2012.81
04/12/2025 02:35,1996.6
04/12/2025 02:40,1944.74
04/12/2025 02:45,1900.0
04/12/2025 02:50,2160.01
04/12/2025 02:55,2213.82
04/12/2025 03:00,2056.23
04/12/2025 03:05,2152.16
04/12/2025 03:10,2102.79
04/12/2025 03:15,2193.57
04/12/2025 03:20,2042.66
04/12/2025 03:25,1960.72
04/12/2025 03:30,2147.63
04/12/2025 03:35,1948.39
04/12/2025 03:40,1921.63
04/12/2025 03:45,2244.02
04/12/2025 03:50,2099.25
04/12/2025 03:55,2177.94
04/12/2025 04:00,1966.75
04/12/2025 04:05,1944.39
04/12/2025 04:10,2049.73
04/12/2025 04:15,2013.25
04/12/2025 04:20,2211.52
04/12/2025 04:25,1940.87
04/12/2025 04:30,2243.07
04/12/2025 04:35,2019.24
04/12/2025 04:40,2071.25
04/12/2025 04:45,2173.77
04/12/2025 04:50,1974.87
04/12/2025 04:55,2113.74
04/12/2025 05:00,2189.87
04/12/2025 05:05,2377.53
04/12/2025 05:10,2492.43
04/12/2025 05:15,2464.82
04/12/2025 05:20,2359.55
04/12/2025 05:25,2449.97
04/12/2025 05:30,2474.31
04/12/2025 05:35,2618.31
04/12/2025 05:40,2634.8
04/12/2025 05:45,2578.85
04/12/2025 05:50,2768.31
04/12/2025 05:55,2673.13
04/12/2025 06:00,2713.9
04/12/2025 06:05,2674.6
04/12/2025 06:10,2768.01
04/12/2025 06:15,2793.61
04/12/2025 06:20,2731.17
04/12/2025 06:25,2968.1
04/12/2025 06:30,2930.68
04/12/2025 06:35,3018.57
04/12/2025 06:40,3206.34
04/12/2025 06:45,3104.7
04/12/2025 06:50,3105.53
04/12/2025 06:55,3145.79
04/12/2025 07:00,3229.8
04/12/2025 07:05,3157.51
04/12/2025 07:10,3402.63
04/12/2025 07:15,3428.14
04/12/2025 07:20,3536.82
04/12/2025 07:25,3624.23
04/12/2025 07:30,3496.89
04/12/2025 07:35,3711.34
04/12/2025 07:40,3723.94
04/12/2025 07:45,3792.09
04/12/2025 07:50,3937.96
04/12/2025 07:55,3911.7
04/12/2025 08:00,4017.17
04/12/2025 08:05,4012.38
04/12/2025 08:10,4071.3
04/12/2025 08:15,4159.65
04/12/2025 08:20,4289.25
04/12/2025 08:25,4209.31
04/12/2025 08:30,4204.57
04/12/2025 08:35,4393.59
04/12/2025 08:40,4380.95
04/12/2025 08:45,4423.8
04/12/2025 08:50,4390.37
04/12/2025 08:55,4675.22
04/12/2025 09:00,4639.71
04/12/2025 09:05,4827.21
04/12/2025 09:10,4641.49
04/12/2025 09:15,4752.7
04/12/2025 09:20,4855.15
04/12/2025 09:25,4707.35
04/12/2025 09:30,4986.58
04/12/2025 09:35,4830.27
04/12/2025 09:40,4880.22
04/12/2025 09:45,4799.08
04/12/2025 09:50,4827.88
04/12/2025 09:55,4763.36
04/12/2025 10:00,4861.49
04/12/2025 10:05,4944.0
04/12/2025 10:10,5091.34
04/12/2025 10:15,5064.69
04/12/2025 10:20,5017.04
04/12/2025 10:25,5134.56
04/12/2025 10:30,4961.59
04/12/2025 10:35,5096.68
04/12/2025 10:40,5237.64
04/12/2025 10:45,5012.55
04/12/2025 10:50,5011.66
04/12/2025 10:55,4988.27
04/12/2025 11:00,4958.33
04/12/2025 11:05,4862.97
04/12/2025 11:10,5033.49
04/12/2025 11:15,4869.71
04/12/2025 11:20,4990.52
04/12/2025 11:25,5023.1
04/12/2025 11:30,4870.08
04/12/2025 11:35,4986.72
04/12/2025 11:40,4801.47
04/12/2025 11:45,4666.57
04/12/2025 11:50,4671.66
04/12/2025 11:55,4759.68
04/12/2025 12:00,4593.32
04/12/2025 12:05,4516.9
04/12/2025 12:10,4652.73
04/12/2025 12:15,4532.94
04/12/2025 12:20,4492.57
04/12/2025 12:25,4555.84
04/12/2025 12:30,4492.36
04/12/2025 12:35,4610.49
04/12/2025 12:40,4523.37
04/12/2025 12:45,4458.46
04/12/2025 12:50,4376.32
04/12/2025 12:55,4303.41
04/12/2025 13:00,4322.55
04/12/2025 13:05,4567.9
04/12/2025 13:10,4404.96
04/12/2025 13:15,4402.47
04/12/2025 13:20,4456.74
04/12/2025 13:25,4330.96
04/12/2025 13:30,4311.43
04/12/2025 13:35,4390.19
04/12/2025 13:40,4442.46
04/12/2025 13:45,4326.69
04/12/2025 13:50,4378.26
04/12/2025 13:55,4456.53
04/12/2025 14:00,4341.6
04/12/2025 14:05,4343.81
04/12/2025 14:10,4282.4
04/12/2025 14:15,4388.44
04/12/2025 14:20,4292.62
04/12/2025 14:25,4258.88
04/12/2025 14:30,4294.21
04/12/2025 14:35,4253.13
04/12/2025 14:40,4196.02
04/12/2025 14:45,4384.1
04/12/2025 14:50,4235.19
04/12/2025 14:55,4321.71
04/12/2025 15:00,4275.46
04/12/2025 15:05,4237.97
04/12/2025 15:10,4270.21
04/12/2025 15:15,4246.77
04/12/2025 15:20,4338.82
04/12/2025 15:25,4318.96
04/12/2025 15:30,4309.38
04/12/2025 15:35,4335.39
04/12/2025 15:40,4401.43
04/12/2025 15:45,4461.11
04/12/2025 15:50,4452.86
04/12/2025 15:55,4328.59
04/12/2025 16:00,4501.72
04/12/2025 16:05,4379.05
04/12/2025 16:10,4532.82
04/12/2025 16:15,4366.53
04/12/2025 16:20,4524.82
04/12/2025 16:25,4589.99
04/12/2025 16:30,4488.12
04/12/2025 16:35,4601.0
04/12/2025 16:40,4567.69
04/12/2025 16:45,4659.9
04/12/2025 16:50,4504.13
04/12/2025 16:55,4663.58
04/12/2025 17:00,4771.08
04/12/2025 17:05,4764.58
04/12/2025 17:10,4736.4
04/12/2025 17:15,4648.0
04/12/2025 17:20,4708.61
04/12/2025 17:25,4835.39
04/12/2025 17:30,4761.0
04/12/2025 17:35,4679.32
04/12/2025 17:40,4685.29
04/12/2025 17:45,4787.55
04/12/2025 17:50,4925.26
04/12/2025 17:55,4912.5
04/12/2025 18:00,4972.78
04/12/2025 18:05,4958.67
04/12/2025 18:10,4952.63
04/12/2025 18:15,4886.33
04/12/2025 18:20,4851.54
04/12/2025 18:25,4967.05
04/12/2025 18:30,4953.79
04/12/2025 18:35,5042.73
04/12/2025 18:40,5062.12
04/12/2025 18:45,4918.59
04/12/2025 18:50,5244.13
04/12/2025 18:55,5315.86
04/12/2025 19:00,5178.86
04/12/2025 19:05,5107.48
04/12/2025 19:10,5165.1
04/12/2025 19:15,5043.5
04/12/2025 19:20,5238.39
04/12/2025 19:25,5219.38
04/12/2025 19:30,5084.92
04/12/2025 19:35,5257.22
04/12/2025 19:40,5283.84
04/12/2025 19:45,5160.5
04/12/2025 19:50,5183.86
04/12/2025 19:55,5123.72
04/12/2025 20:00,5040.72
04/12/2025 20:05,5161.44
04/12/2025 20:10,5113.2
04/12/2025 20:15,5088.32
04/12/2025 20:20,5017.09
04/12/2025 20:25,5057.66
04/12/2025 20:30,5032.5
04/12/2025 20:35,5000.97
04/12/2025 20:40,4930.34
04/12/2025 20:45,5040.39
04/12/2025 20:50,4892.35
04/12/2025 20:55,4926.1
04/12/2025 21:00,4863.37
04/12/2025 21:05,4726.76
04/12/2025 21:10,4821.7
04/12/2025 21:15,4725.86
04/12/2025 21:20,4602.54
04/12/2025 21:25,4647.56
04/12/2025 21:30,4501.51
04/12/2025 21:35,4591.22
04/12/2025 21:40,4394.14
04/12/2025 21:45,4480.55
04/12/2025 21:50,4307.48
04/12/2025 21:55,4316.98
04/12/2025 22:00,4339.1
04/12/2025 22:05,4240.04
04/12/2025 22:10,4248.97
04/12/2025 22:15,4029.63
04/12/2025 22:20,4105.65
04/12/2025 22:25,3873.58
04/12/2025 22:30,3786.14
04/12/2025 22:35,3830.83
04/12/2025 22:40,3928.75
04/12/2025 22:45,3751.31
04/12/2025 22:50,3651.58
04/12/2025 22:55,3670.75
04/12/2025 23:00,3615.78
04/12/2025 23:05,3739.72
04/12/2025 23:10,3301.76
04/12/2025 23:15,3518.52
04/12/2025 23:20,3512.25
04/12/2025 23:25,3494.69
04/12/2025 23:30,3353.59
04/12/2025 23:35,3452.6
04/12/2025 23:40,3345.74
04/12/2025 23:45,3319.37
04/12/2025 23:50,3115.38
04/12/2025 23:55,3062.12
05/12/2025 00:00,3094.66
05/12/2025 00:05,3013.37
05/12/2025 00:10,3037.7
05/12/2025 00:15,2779.37
05/12/2025 00:20,2931.97
05/12/2025 00:25,2930.82
05/12/2025 00:30,2870.26
05/12/2025 00:35,2831.18
05/12/2025 00:40,2781.0
05/12/2025 00:45,2755.51
05/12/2025 00:50,2763.78
05/12/2025 00:55,2763.21
05/12/2025 01:00,2709.2
05/12/2025 01:05,2682.93
05/12/2025 01:10,2777.22
05/12/2025 01:15,2527.3
05/12/2025 01:20,2667.64
05/12/2025 01:25,2692.06
05/12/2025 01:30,2695.6
05/12/2025 01:35,2491.12
05/12/2025 01:40,2522.13
05/12/2025 01:45,2543.43
05/12/2025 01:50,2487.8
05/12/2025 01:55,2493.43
05/12/2025 02:00,2056.79
05/12/2025 02:05,2140.29
05/12/2025 02:10,2074.43
05/12/2025 02:15,2201.29
05/12/2025 02:20,2074.83
05/12/2025 02:25,2185.44
05/12/2025 02:30,2114.52
05/12/2025 02:35,2003.18
05/12/2025 02:40,2012.84
05/12/2025 02:45,2037.73
05/12/2025 02:50,1938.85
05/12/2025 02:55,2078.75
05/12/2025 03:00,2067.58
05/12/2025 03:05,2156.77
05/12/2025 03:10,2011.75
05/12/2025 03:15,2082.6
05/12/2025 03:20,2117.28
05/12/2025 03:25,1917.87
05/12/2025 03:30,2013.53
05/12/2025 03:35,2093.75
05/12/2025 03:40,2166.23
05/12/2025 03:45,2164.49
05/12/2025 03:50,1917.33
05/12/2025 03:55,2121.17
05/12/2025 04:00,1900.0
05/12/2025 04:05,2068.35
05/12/2025 04:10,1954.6
05/12/2025 04:15,2180.43
05/12/2025 04:20,1964.68
05/12/2025 04:25,2109.18
05/12/2025 04:30,2050.08
05/12/2025 04:35,2094.19
05/12/2025 04:40,1950.1
05/12/2025 04:45,1956.49
05/12/2025 04:50,1968.2
05/12/2025 04:55,2028.34
05/12/2025 05:00,2085.77
05/12/2025 05:05,2285.13
05/12/2025 05:10,2402.42
05/12/2025 05:15,2342.39
05/12/2025 05:20,2360.14
05/12/2025 05:25,2398.8
05/12/2025 05:30,2606.31
05/12/2025 05:35,2676.04
05/12/2025 05:40,2497.45
05/12/2025 05:45,2760.69
05/12/2025 05:50,2607.82
05/12/2025 05:55,2756.36
05/12/2025 06:00,2818.65
05/12/2025 06:05,2895.9
05/12/2025 06:10,2906.16
05/12/2025 06:15,2763.94
05/12/2025 06:20,2965.63
05/12/2025 06:25,2938.43
05/12/2025 06:30,2963.2
05/12/2025 06:35,3108.62
05/12/2025 06:40,3012.71
05/12/2025 06:45,3057.69
05/12/2025 06:50,3233.93
05/12/2025 06:55,3216.13
05/12/2025 07:00,3095.66
05/12/2025 07:05,3278.12
05/12/2025 07:10,3345.42
05/12/2025 07:15,3458.84
05/12/2025 07:20,3471.58
05/12/2025 07:25,3464.8
05/12/2025 07:30,3645.33
05/12/2025 07:35,3699.3
05/12/2025 07:40,3601.26
05/12/2025 07:45,3915.18
05/12/2025 07:50,3794.3
05/12/2025 07:55,3917.71
05/12/2025 08:00,3992.96
05/12/2025 08:05,4020.11
05/12/2025 08:10,4086.04
05/12/2025 08:15,4170.87
05/12/2025 08:20,4333.88
05/12/2025 08:25,4300.63
05/12/2025 08:30,4260.7
05/12/2025 08:35,4331.42
05/12/2025 08:40,4401.0
05/12/2025 08:45,4432.41
05/12/2025 08:50,4505.1
05/12/2025 08:55,4633.39
05/12/2025 09:00,4693.33
05/12/2025 09:05,4708.72
05/12/2025 09:10,4686.36
05/12/2025 09:15,4648.2
05/12/2025 09:20,4686.53
05/12/2025 09:25,4724.16
05/12/2025 09:30,4977.51
05/12/2025 09:35,5006.31
05/12/2025 09:40,4972.41
05/12/2025 09:45,4984.16
05/12/2025 09:50,4817.46
05/12/2025 09:55,5035.78
05/12/2025 10:00,5108.3
05/12/2025 10:05,5116.37
05/12/2025 10:10,4969.15
05/12/2025 10:15,5146.59
05/12/2025 10:20,4998.38
05/12/2025 10:25,4993.37
05/12/2025 10:30,5256.54
05/12/2025 10:35,4996.12
05/12/2025 10:40,4940.98
05/12/2025 10:45,4912.45
05/12/2025 10:50,4980.66
05/12/2025 10:55,5018.7
05/12/2025 11:00,4989.08
05/12/2025 11:05,5140.32
05/12/2025 11:10,4860.49
05/12/2025 11:15,4892.07
05/12/2025 11:20,4945.01
05/12/2025 11:25,4814.93
05/12/2025 11:30,4893.66
05/12/2025 11:35,4908.12
05/12/2025 11:40,4814.69
05/12/2025 11:45,4785.06
05/12/2025 11:50,4719.77
05/12/2025 11:55,4778.54
05/12/2025 12:00,4488.08
05/12/2025 12:05,4580.54
05/12/2025 12:10,4427.89
05/12/2025 12:15,4544.62
05/12/2025 12:20,4427.91
05/12/2025 12:25,4531.15
05/12/2025 12:30,4445.12
05/12/2025 12:35,4517.65
05/12/2025 12:40,4413.44
05/12/2025 12:45,4416.57
05/12/2025 12:50,4458.58
05/12/2025 12:55,4516.27
05/12/2025 13:00,4444.02
05/12/2025 13:05,4549.16
05/12/2025 13:10,4463.44
05/12/2025 13:15,4610.37
05/12/2025 13:20,4348.44
05/12/2025 13:25,4402.64
05/12/2025 13:30,4477.5
05/12/2025 13:35,4364.83
05/12/2025 13:40,4504.28
05/12/2025 13:45,4390.56
05/12/2025 13:50,4269.2
05/12/2025 13:55,4222.55
05/12/2025 14:00,4326.88
05/12/2025 14:05,4221.1
05/12/2025 14:10,4423.65
05/12/2025 14:15,4476.43
05/12/2025 14:20,4269.89
05/12/2025 14:25,4290.93
05/12/2025 14:30,4381.57
05/12/2025 14:35,4222.52
05/12/2025 14:40,4238.57
05/12/2025 14:45,4412.37
05/12/2025 14:50,4230.62
05/12/2025 14:55,4271.21
05/12/2025 15:00,4268.07
05/12/2025 15:05,4285.9
05/12/2025 15:10,4277.98
05/12/2025 15:15,4463.71
05/12/2025 15:20,4332.38
05/12/2025 15:25,4410.84
05/12/2025 15:30,4426.08
05/12/2025 15:35,4401.97
05/12/2025 15:40,4386.21
05/12/2025 15:45,4430.18
05/12/2025 15:50,4290.56
05/12/2025 15:55,4537.35
05/12/2025 16:00,4397.42
05/12/2025 16:05,4603.78
05/12/2025 16:10,4585.28
05/12/2025 16:15,4359.74
05/12/2025 16:20,4432.11
05/12/2025 16:25,4375.13
05/12/2025 16:30,4581.7
05/12/2025 16:35,4651.93
05/12/2025 16:40,4553.32
05/12/2025 16:45,4546.2
05/12/2025 16:50,4583.5
05/12/2025 16:55,4655.78
05/12/2025 17:00,4494.28
05/12/2025 17:05,4734.16
05/12/2025 17:10,4670.75
05/12/2025 17:15,4715.82
05/12/2025 17:20,4669.94
05/12/2025 17:25,4817.54
05/12/2025 17:30,4898.42
05/12/2025 17:35,4654.3
05/12/2025 17:40,4785.4
05/12/2025 17:45,4880.52
05/12/2025 17:50,4871.34
05/12/2025 17:55,4837.52
05/12/2025 18:00,5074.66
05/12/2025 18:05,4853.31
05/12/2025 18:10,4921.28
05/12/2025 18:15,4807.31
05/12/2025 18:20,4909.62
05/12/2025 18:25,4944.77
05/12/2025 18:30,5022.6
05/12/2025 18:35,4968.49
05/12/2025 18:40,5104.28
05/12/2025 18:45,4858.38
05/12/2025 18:50,5122.09
05/12/2025 18:55,5080.88
05/12/2025 19:00,5092.92
05/12/2025 19:05,5148.77
05/12/2025 19:10,5067.77
05/12/2025 19:15,5187.09
05/12/2025 19:20,5165.08
05/12/2025 19:25,5141.26
05/12/2025 19:30,5204.85
05/12/2025 19:35,5125.94
05/12/2025 19:40,5038.65
05/12/2025 19:45,5200.69
05/12/2025 19:50,5091.79
05/12/2025 19:55,5123.52
05/12/2025 20:00,5114.74
05/12/2025 20:05,5171.47
05/12/2025 20:10,5070.68
05/12/2025 20:15,5064.87
05/12/2025 20:20,4949.6
05/12/2025 20:25,5154.0
05/12/2025 20:30,5142.2
05/12/2025 20:35,5122.52
05/12/2025 20:40,4880.64
05/12/2025 20:45,4910.81
05/12/2025 20:50,5015.65
05/12/2025 20:55,5089.43
05/12/2025 21:00,4931.72
05/12/2025 21:05,4864.04
05/12/2025 21:10,4795.25
05/12/2025 21:15,4635.12
05/12/2025 21:20,4609.33
05/12/2025 21:25,4706.15
05/12/2025 21:30,4626.86
05/12/2025 21:35,4417.02
05/12/2025 21:40,4528.17
05/12/2025 21:45,4396.23
05/12/2025 21:50,4283.36
05/12/2025 21:55,4279.06
05/12/2025 22:00,4198.9
05/12/2025 22:05,4186.19
05/12/2025 22:10,4247.34
05/12/2025 22:15,4034.16
05/12/2025 22:20,3970.53
05/12/2025 22:25,4004.56
05/12/2025 22:30,4004.38
05/12/2025 22:35,4025.46
05/12/2025 22:40,3836.2
05/12/2025 22:45,3833.85
05/12/2025 22:50,3718.49
05/12/2025 22:55,3664.55
05/12/2025 23:00,3740.42
05/12/2025 23:05,3666.28
05/12/2025 23:10,3606.91
05/12/2025 23:15,3506.46
05/12/2025 23:20,3379.24
05/12/2025 23:25,3428.8
05/12/2025 23:30,3414.57
05/12/2025 23:35,3301.96
05/12/2025 23:40,3357.39
05/12/2025 23:45,3059.92
05/12/2025 23:50,3138.31
05/12/2025 23:55,3058.14
06/12/2025 00:00,2904.29
06/12/2025 00:05,2693.25
06/12/2025 00:10,2990.64
06/12/2025 00:15,2699.2
06/12/2025 00:20,2713.38
06/12/2025 00:25,2806.22
06/12/2025 00:30,2614.12
06/12/2025 00:35,2586.53
06/12/2025 00:40,2744.34
06/12/2025 00:45,2531.96
06/12/2025 00:50,2613.0
06/12/2025 00:55,2434.63
06/12/2025 01:00,2518.36
06/12/2025 01:05,2494.85
06/12/2025 01:10,2429.24
06/12/2025 01:15,2471.71
06/12/2025 01:20,2582.68
06/12/2025 01:25,2403.6
06/12/2025 01:30,2412.82
06/12/2025 01:35,2151.95
06/12/2025 01:40,2340.32
06/12/2025 01:45,2223.47
06/12/2025 01:50,2280.7
06/12/2025 01:55,2290.33
06/12/2025 02:00,1900.0
06/12/2025 02:05,1900.0
06/12/2025 02:10,1900.0
06/12/2025 02:15,1900.0
06/12/2025 02:20,1900.0
06/12/2025 02:25,1913.59
06/12/2025 02:30,1900.0
06/12/2025 02:35,1900.0
06/12/2025 02:40,1900.0
06/12/2025 02:45,1900.0
06/12/2025 02:50,1900.0
06/12/2025 02:55,1900.0
06/12/2025 03:00,2027.12
06/12/2025 03:05,1903.38
06/12/2025 03:10,1900.0
06/12/2025 03:15,1900.0
06/12/2025 03:20,1910.55
06/12/2025 03:25,1900.0
06/12/2025 03:30,1900.0
06/12/2025 03:35,1900.0
06/12/2025 03:40,1900.0
06/12/2025 03:45,1900.0
06/12/2025 03:50,1900.0
06/12/2025 03:55,1900.0
06/12/2025 04:00,1900.0
06/12/2025 04:05,1900.0
06/12/2025 04:10,1900.0
06/12/2025 04:15,1973.83
06/12/2025 04:20,1900.0
06/12/2025 04:25,1900.0
06/12/2025 04:30,1954.83
06/12/2025 04:35,1900.0
06/12/2025 04:40,1900.0
06/12/2025 04:45,1900.0
06/12/2025 04:50,1900.0
06/12/2025 04:55,1900.0
06/12/2025 05:00,1900.0
06/12/2025 05:05,1971.96
06/12/2025 05:10,2067.23
06/12/2025 05:15,2117.77
06/12/2025 05:20,2047.46
06/12/2025 05:25,2192.15
06/12/2025 05:30,2364.04
06/12/2025 05:35,2371.8
06/12/2025 05:40,2245.21
06/12/2025 05:45,2338.55
06/12/2025 05:50,2480.62
06/12/2025 05:55,2366.16
06/12/2025 06:00,2613.95
06/12/2025 06:05,2489.74
06/12/2025 06:10,2573.49
06/12/2025 06:15,2605.18
06/12/2025 06:20,2529.23
06/12/2025 06:25,2627.54
06/12/2025 06:30,2683.61
06/12/2025 06:35,2807.78
06/12/2025 06:40,2882.9
06/12/2025 06:45,2750.03
06/12/2025 06:50,2901.14
06/12/2025 06:55,2957.76
06/12/2025 07:00,2830.74
06/12/2025 07:05,3113.97
06/12/2025 07:10,3122.43
06/12/2025 07:15,3183.43
06/12/2025 07:20,3151.32
06/12/2025 07:25,3293.16
06/12/2025 07:30,3348.18
06/12/2025 07:35,3393.6
06/12/2025 07:40,3506.9
06/12/2025 07:45,3467.28
06/12/2025 07:50,3607.86
06/12/2025 07:55,3692.23
06/12/2025 08:00,3545.56
06/12/2025 08:05,3721.21
06/12/2025 08:10,3830.48
06/12/2025 08:15,3991.24
06/12/2025 08:20,3879.72
06/12/2025 08:25,3961.09
06/12/2025 08:30,4072.76
06/12/2025 08:35,4112.34
06/12/2025 08:40,4274.54
06/12/2025 08:45,4318.34
06/12/2025 08:50,4169.76
06/12/2025 08:55,4419.86
06/12/2025 09:00,4489.2
06/12/2025 09:05,4515.58
06/12/2025 09:10,4485.22
06/12/2025 09:15,4579.54
06/12/2025 09:20,4609.32
06/12/2025 09:25,4527.38
06/12/2025 09:30,4562.7
06/12/2025 09:35,4602.42
06/12/2025 09:40,4692.56
06/12/2025 09:45,4794.71
06/12/2025 09:50,4685.5
06/12/2025 09:55,4738.36
06/12/2025 10:00,4705.2
06/12/2025 10:05,4792.97
06/12/2025 10:10,4611.11
06/12/2025 10:15,4847.72
06/12/2025 10:20,4842.36
06/12/2025 10:25,4901.76
06/12/2025 10:30,4790.17
06/12/2025 10:35,4731.64
06/12/2025 10:40,4872.95
06/12/2025 10:45,4711.4
06/12/2025 10:50,4680.6
06/12/2025 10:55,4929.04
06/12/2025 11:00,4725.2
06/12/2025 11:05,4740.46
06/12/2025 11:10,4833.93
06/12/2025 11:15,4537.66
06/12/2025 11:20,4686.64
06/12/2025 11:25,4659.0
06/12/2025 11:30,4620.68
06/12/2025 11:35,4550.27
06/12/2025 11:40,4476.45
06/12/2025 11:45,4591.12
06/12/2025 11:50,4481.18
06/12/2025 11:55,4419.33
06/12/2025 12:00,4291.13
06/12/2025 12:05,4064.2
06/12/2025 12:10,4279.74
06/12/2025 12:15,4276.19
06/12/2025 12:20,4258.52
06/12/2025 12:25,4297.88
06/12/2025 12:30,4228.71
06/12/2025 12:35,4310.15
06/12/2025 12:40,4255.72
06/12/2025 12:45,4222.4
06/12/2025 12:50,4299.76
06/12/2025 12:55,4204.01
06/12/2025 13:00,4142.76
06/12/2025 13:05,4291.56
06/12/2025 13:10,4394.55
06/12/2025 13:15,4225.89
06/12/2025 13:20,4100.6
06/12/2025 13:25,4174.71
06/12/2025 13:30,4123.33
06/12/2025 13:35,4211.98
06/12/2025 13:40,4082.63
06/12/2025 13:45,4240.31
06/12/2025 13:50,4119.62
06/12/2025 13:55,4171.04
06/12/2025 14:00,3909.87
06/12/2025 14:05,4045.08
06/12/2025 14:10,3996.9
06/12/2025 14:15,4090.11
06/12/2025 14:20,4030.07
06/12/2025 14:25,4034.23
06/12/2025 14:30,4212.87
06/12/2025 14:35,4047.09
06/12/2025 14:40,4101.96
06/12/2025 14:45,3931.32
06/12/2025 14:50,4111.48
06/12/2025 14:55,4017.91
06/12/2025 15:00,3956.26
06/12/2025 15:05,4085.27
06/12/2025 15:10,4108.2
06/12/2025 15:15,4168.41
06/12/2025 15:20,4004.31
06/12/2025 15:25,4068.74
06/12/2025 15:30,4062.35
06/12/2025 15:35,4280.49
06/12/2025 15:40,4038.91
06/12/2025 15:45,4273.48
06/12/2025 15:50,4171.89
06/12/2025 15:55,4083.61
06/12/2025 16:00,4191.32
06/12/2025 16:05,4233.58
06/12/2025 16:10,4272.19
06/12/2025 16:15,4250.84
06/12/2025 16:20,4233.68
06/12/2025 16:25,4133.93
06/12/2025 16:30,4270.68
06/12/2025 16:35,4436.05
06/12/2025 16:40,4279.68
06/12/2025 16:45,4244.91
06/12/2025 16:50,4402.11
06/12/2025 16:55,4355.16
06/12/2025 17:00,4386.67
06/12/2025 17:05,4513.3
06/12/2025 17:10,4426.51
06/12/2025 17:15,4357.25
06/12/2025 17:20,4443.99
06/12/2025 17:25,4523.01
06/12/2025 17:30,4498.75
06/12/2025 17:35,4714.18
06/12/2025 17:40,4387.44
06/12/2025 17:45,4609.48
06/12/2025 17:50,4612.42
06/12/2025 17:55,4753.8
06/12/2025 18:00,4485.26
06/12/2025 18:05,4564.6
06/12/2025 18:10,4721.6
06/12/2025 18:15,4742.21
06/12/2025 18:20,4617.95
06/12/2025 18:25,4798.49
06/12/2025 18:30,4704.52
06/12/2025 18:35,4791.2
06/12/2025 18:40,4688.53
06/12/2025 18:45,4808.24
06/12/2025 18:50,4741.71
06/12/2025 18:55,4810.26
06/12/2025 19:00,4850.36
06/12/2025 19:05,4852.24
06/12/2025 19:10,5056.81
06/12/2025 19:15,4895.36
06/12/2025 19:20,4897.29
06/12/2025 19:25,4701.54
06/12/2025 19:30,4923.52
06/12/2025 19:35,4807.23
06/12/2025 19:40,4959.27
06/12/2025 19:45,4887.56
06/12/2025 19:50,4911.41
06/12/2025 19:55,4943.91
06/12/2025 20:00,4733.41
06/12/2025 20:05,4822.72
06/12/2025 20:10,4919.58
06/12/2025 20:15,4798.59
06/12/2025 20:20,4827.31
06/12/2025 20:25,4747.28
06/12/2025 20:30,4698.34
06/12/2025 20:35,4621.45
06/12/2025 20:40,4634.01
06/12/2025 20:45,4704.57
06/12/2025 20:50,4773.54
06/12/2025 20:55,4645.25
06/12/2025 21:00,4515.34
06/12/2025 21:05,4542.06
06/12/2025 21:10,4488.14
06/12/2025 21:15,4465.0
06/12/2025 21:20,4289.2
06/12/2025 21:25,4385.67
06/12/2025 21:30,4368.5
06/12/2025 21:35,4146.23
06/12/2025 21:40,4243.6
06/12/2025 21:45,4158.38
06/12/2025 21:50,4080.14
06/12/2025 21:55,3902.32
06/12/2025 22:00,4111.75
06/12/2025 22:05,3946.61
06/12/2025 22:10,3887.92
06/12/2025 22:15,3951.75
06/12/2025 22:20,3678.22
06/12/2025 22:25,3765.03
06/12/2025 22:30,3727.99
06/12/2025 22:35,3640.67
06/12/2025 22:40,3698.18
06/12/2025 22:45,3640.47
06/12/2025 22:50,3443.45
06/12/2025 22:55,3447.54
06/12/2025 23:00,3371.74
06/12/2025 23:05,3263.28
06/12/2025 23:10,3334.18
06/12/2025 23:15,3097.03
06/12/2025 23:20,3114.09
06/12/2025 23:25,3025.19
06/12/2025 23:30,3141.82
06/12/2025 23:35,2942.44
06/12/2025 23:40,2910.0
06/12/2025 23:45,3027.3
06/12/2025 23:50,2875.81
06/12/2025 23:55,2856.01
07/12/2025 00:00,2769.08
07/12/2025 00:05,2790.66
07/12/2025 00:10,2793.98
07/12/2025 00:15,2713.69
07/12/2025 00:20,2797.88
07/12/2025 00:25,2617.54
07/12/2025 00:30,2600.35
07/12/2025 00:35,2616.25
07/12/2025 00:40,2730.33
07/12/2025 00:45,2496.3
07/12/2025 00:50,2404.81
07/12/2025 00:55,2712.98
07/12/2025 01:00,2515.46
07/12/2025 01:05,2537.38
07/12/2025 01:10,2629.89
07/12/2025 01:15,2517.99
07/12/2025 01:20,2465.13
07/12/2025 01:25,2295.04
07/12/2025 01:30,2360.91
07/12/2025 01:35,2228.28
07/12/2025 01:40,2341.58
07/12/2025 01:45,2148.96
07/12/2025 01:50,2229.38
07/12/2025 01:55,2095.35
07/12/2025 02:00,1900.0
07/12/2025 02:05,1900.0
07/12/2025 02:10,1900.0
07/12/2025 02:15,1900.0
07/12/2025 02:20,1900.0
07/12/2025 02:25,1900.0
07/12/2025 02:30,1900.0
07/12/2025 02:35,1900.0
07/12/2025 02:40,1900.0
07/12/2025 02:45,1913.21
07/12/2025 02:50,1900.0
07/12/2025 02:55,1954.35
07/12/2025 03:00,1900.0
07/12/2025 03:05,1900.0
07/12/2025 03:10,1925.56
07/12/2025 03:15,1900.0
07/12/2025 03:20,1900.0
07/12/2025 03:25,1900.0
07/12/2025 03:30,2044.84
07/12/2025 03:35,1914.61
07/12/2025 03:40,1912.53
07/12/2025 03:45,1900.0
07/12/2025 03:50,1900.0
07/12/2025 03:55,1900.0
07/12/2025 04:00,1900.0
07/12/2025 04:05,1900.0
07/12/2025 04:10,2007.19
07/12/2025 04:15,1900.0
07/12/2025 04:20,1900.0
07/12/2025 04:25,1900.0
07/12/2025 04:30,1900.0
07/12/2025 04:35,1900.0
07/12/2025 04:40,1944.44
07/12/2025 04:45,1900.0
07/12/2025 04:50,1900.0
07/12/2025 04:55,1900.0
07/12/2025 05:00,2061.55
07/12/2025 05:05,2062.05
07/12/2025 05:10,1985.84
07/12/2025 05:15,2208.17
07/12/2025 05:20,2076.12
07/12/2025 05:25,2215.38
07/12/2025 05:30,2174.66
07/12/2025 05:35,2148.23
07/12/2025 05:40,2352.72
07/12/2025 05:45,2481.52
07/12/2025 05:50,2468.12
07/12/2025 05:55,2329.82
07/12/2025 06:00,2563.57
07/12/2025 06:05,2653.27
07/12/2025 06:10,2536.66
07/12/2025 06:15,2522.17
07/12/2025 06:20,2523.41
07/12/2025 06:25,2755.02
07/12/2025 06:30,2829.57
07/12/2025 06:35,2822.03
07/12/2025 06:40,2859.89
07/12/2025 06:45,2813.88
07/12/2025 06:50,2981.69
07/12/2025 06:55,3022.78
07/12/2025 07:00,3000.58
07/12/2025 07:05,3171.4
07/12/2025 07:10,3104.01
07/12/2025 07:15,3261.32
07/12/2025 07:20,3250.35
07/12/2025 07:25,3147.61
07/12/2025 07:30,3464.44
07/12/2025 07:35,3329.45
07/12/2025 07:40,3403.73
07/12/2025 07:45,3476.71
07/12/2025 07:50,3629.15
07/12/2025 07:55,3602.25
07/12/2025 08:00,3701.3
07/12/2025 08:05,3690.34
07/12/2025 08:10,3865.91
07/12/2025 08:15,3946.48
07/12/2025 08:20,3856.54
07/12/2025 08:25,3935.33
07/12/2025 08:30,4110.57
07/12/2025 08:35,4146.98
07/12/2025 08:40,4164.41
07/12/2025 08:45,4385.71
07/12/2025 08:50,4392.66
07/12/2025 08:55,4434.26
07/12/2025 09:00,4342.78
07/12/2025 09:05,4495.42
07/12/2025 09:10,4481.87
07/12/2025 09:15,4489.62
07/12/2025 09:20,4511.94
07/12/2025 09:25,4514.49
07/12/2025 09:30,4746.71
07/12/2025 09:35,4611.0
07/12/2025 09:40,4613.52
07/12/2025 09:45,4643.4
07/12/2025 09:50,4641.19
07/12/2025 09:55,4737.29
07/12/2025 10:00,4693.09
07/12/2025 10:05,4759.81
07/12/2025 10:10,4780.11
07/12/2025 10:15,4739.37
07/12/2025 10:20,4834.4
07/12/2025 10:25,4736.82
07/12/2025 10:30,4869.46
07/12/2025 10:35,4706.16
07/12/2025 10:40,4782.46
07/12/2025 10:45,4709.6
07/12/2025 10:50,4678.66
07/12/2025 10:55,4828.67
07/12/2025 11:00,4848.04
07/12/2025 11:05,4647.95
07/12/2025 11:10,4567.63
07/12/2025 11:15,4753.03
07/12/2025 11:20,4669.98
07/12/2025 11:25,4742.38
07/12/2025 11:30,4516.27
07/12/2025 11:35,4499.05
07/12/2025 11:40,4434.53
07/12/2025 11:45,4522.79
07/12/2025 11:50,4504.67
07/12/2025 11:55,4431.89
07/12/2025 12:00,4348.38
07/12/2025 12:05,4262.4
07/12/2025 12:10,4287.79
07/12/2025 12:15,4268.22
07/12/2025 12:20,4197.94
07/12/2025 12:25,4314.95
07/12/2025 12:30,4111.81
07/12/2025 12:35,4280.61
07/12/2025 12:40,4200.65
07/12/2025 12:45,4294.21
07/12/2025 12:50,4254.85
07/12/2025 12:55,4268.12
07/12/2025 13:00,4164.02
07/12/2025 13:05,4213.26
07/12/2025 13:10,4121.14
07/12/2025 13:15,4082.0
07/12/2025 13:20,4260.85
07/12/2025 13:25,4208.26
07/12/2025 13:30,4268.79
07/12/2025 13:35,4067.69
07/12/2025 13:40,4169.75
07/12/2025 13:45,4126.42
07/12/2025 13:50,4122.2
07/12/2025 13:55,4133.36
07/12/2025 14:00,4217.72
07/12/2025 14:05,4135.97
07/12/2025 14:10,4092.3
07/12/2025 14:15,4024.86
07/12/2025 14:20,4039.93
07/12/2025 14:25,4087.86
07/12/2025 14:30,4076.29
07/12/2025 14:35,4054.91
07/12/2025 14:40,3937.14
07/12/2025 14:45,3969.32
07/12/2025 14:50,4075.94
07/12/2025 14:55,3978.24
07/12/2025 15:00,3919.72
07/12/2025 15:05,4132.22
07/12/2025 15:10,4056.03
07/12/2025 15:15,3964.48
07/12/2025 15:20,4074.04
07/12/2025 15:25,4205.8
07/12/2025 15:30,4137.37
07/12/2025 15:35,4126.5
07/12/2025 15:40,4067.18
07/12/2025 15:45,4162.51
07/12/2025 15:50,4157.83
07/12/2025 15:55,4213.44
07/12/2025 16:00,4157.69
07/12/2025 16:05,4186.15
07/12/2025 16:10,4407.98
07/12/2025 16:15,4132.62
07/12/2025 16:20,4276.63
07/12/2025 16:25,4173.65
07/12/2025 16:30,4263.71
07/12/2025 16:35,4294.93
07/12/2025 16:40,4325.13
07/12/2025 16:45,4323.28
07/12/2025 16:50,4522.56
07/12/2025 16:55,4433.99
07/12/2025 17:00,4346.09
07/12/2025 17:05,4573.65
07/12/2025 17:10,4440.36
07/12/2025 17:15,4397.09
07/12/2025 17:20,4417.8
07/12/2025 17:25,4443.39
07/12/2025 17:30,4631.01
07/12/2025 17:35,4436.73
07/12/2025 17:40,4563.32
07/12/2025 17:45,4531.08
07/12/2025 17:50,4466.06
07/12/2025 17:55,4601.28
07/12/2025 18:00,4488.93
07/12/2025 18:05,4562.0
07/12/2025 18:10,4607.77
07/12/2025 18:15,4688.45
07/12/2025 18:20,4575.6
07/12/2025 18:25,4675.28
07/12/2025 18:30,4713.0
07/12/2025 18:35,4696.76
07/12/2025 18:40,4795.28
07/12/2025 18:45,4822.22
07/12/2025 18:50,4806.11
07/12/2025 18:55,4779.61
07/12/2025 19:00,4845.68
07/12/2025 19:05,4939.34
07/12/2025 19:10,4740.97
07/12/2025 19:15,5003.9
07/12/2025 19:20,4837.31
07/12/2025 19:25,5021.03
07/12/2025 19:30,4818.67
07/12/2025 19:35,4883.73
07/12/2025 19:40,4902.74
07/12/2025 19:45,4967.43
07/12/2025 19:50,4859.4
07/12/2025 19:55,4865.46
07/12/2025 20:00,4921.13
07/12/2025 20:05,4851.62
07/12/2025 20:10,4806.68
07/12/2025 20:15,4987.15
07/12/2025 20:20,4968.68
07/12/2025 20:25,4689.12
07/12/2025 20:30,4824.75
07/12/2025 20:35,4801.76
07/12/2025 20:40,4681.12
07/12/2025 20:45,4674.05
07/12/2025 20:50,4826.02
07/12/2025 20:55,4693.17
07/12/2025 21:00,4532.98
07/12/2025 21:05,4446.97
07/12/2025 21:10,4327.37
07/12/2025 21:15,4433.28
07/12/2025 21:20,4383.73
07/12/2025 21:25,4321.5
07/12/2025 21:30,4389.81
07/12/2025 21:35,4418.49
07/12/2025 21:40,4015.62
07/12/2025 21:45,4239.55
07/12/2025 21:50,4109.09
07/12/2025 21:55,4229.27
07/12/2025 22:00,4018.67
07/12/2025 22:05,3953.62
07/12/2025 22:10,4018.12
07/12/2025 22:15,3791.98
07/12/2025 22:20,3766.07
07/12/2025 22:25,3951.03
07/12/2025 22:30,3684.69
07/12/2025 22:35,3743.63
07/12/2025 22:40,3558.68
07/12/2025 22:45,3562.58
07/12/2025 22:50,3445.24
07/12/2025 22:55,3406.26
07/12/2025 23:00,3410.4
07/12/2025 23:05,3367.22
07/12/2025 23:10,3275.12
07/12/2025 23:15,3354.51
07/12/2025 23:20,3155.98
07/12/2025 23:25,3086.43
07/12/2025 23:30,3147.5
07/12/2025 23:35,3100.01
07/12/2025 23:40,3103.07
07/12/2025 23:45,2896.58
07/12/2025 23:50,2887.42
07/12/2025 23:55,2922.06
08/12/2025 00:00,3039.91
08/12/2025 00:05,2979.0
08/12/2025 00:10,3036.78
08/12/2025 00:15,2798.45
08/12/2025 00:20,3001.55
08/12/2025 00:25,3044.94
08/12/2025 00:30,2836.57
08/12/2025 00:35,3019.86
08/12/2025 00:40,2949.93
08/12/2025 00:45,2844.0
08/12/2025 00:50,2835.32
08/12/2025 00:55,2761.59
08/12/2025 01:00,2684.8
08/12/2025 01:05,2762.62
08/12/2025 01:10,2789.17
08/12/2025 01:15,2716.41
08/12/2025 01:20,2580.85
08/12/2025 01:25,2627.31
08/12/2025 01:30,2634.24
08/12/2025 01:35,2525.18
08/12/2025 01:40,2462.1
08/12/2025 01:45,2433.7
08/12/2025 01:50,2401.62
08/12/2025 01:55,2450.72
08/12/2025 02:00,1900.0
08/12/2025 02:05,2143.89
08/12/2025 02:10,1904.61
08/12/2025 02:15,1957.07
08/12/2025 02:20,2114.4
08/12/2025 02:25,2086.85
08/12/2025 02:30,2212.76
08/12/2025 02:35,2134.07
08/12/2025 02:40,2043.43
08/12/2025 02:45,2007.4
08/12/2025 02:50,1942.39
08/12/2025 02:55,1900.0
08/12/2025 03:00,1950.41
08/12/2025 03:05,1987.83
08/12/2025 03:10,1938.97
08/12/2025 03:15,2003.45
08/12/2025 03:20,2005.54
08/12/2025 03:25,2091.03
08/12/2025 03:30,1981.84
08/12/2025 03:35,2057.21
08/12/2025 03:40,2106.46
08/12/2025 03:45,2150.64
08/12/2025 03:50,2175.89
08/12/2025 03:55,2045.09
08/12/2025 04:00,2055.37
08/12/2025 04:05,2101.49
08/12/2025 04:10,2007.55
08/12/2025 04:15,2021.83
08/12/2025 04:20,1957.24
08/12/2025 04:25,2053.25
08/12/2025 04:30,2065.61
08/12/2025 04:35,2024.64
08/12/2025 04:40,2016.56
08/12/2025 04:45,1978.13
08/12/2025 04:50,1956.58
08/12/2025 04:55,2145.54
08/12/2025 05:00,2276.25
08/12/2025 05:05,2306.49
08/12/2025 05:10,2392.43
08/12/2025 05:15,2317.07
08/12/2025 05:20,2480.5
08/12/2025 05:25,2396.69
08/12/2025 05:30,2583.02
08/12/2025 05:35,2421.04
08/12/2025 05:40,2571.42
08/12/2025 05:45,2572.63
08/12/2025 05:50,2551.31
08/12/2025 05:55,2876.54
08/12/2025 06:00,2796.6
08/12/2025 06:05,2803.47
08/12/2025 06:10,2765.48
08/12/2025 06:15,2811.39
08/12/2025 06:20,2958.83
08/12/2025 06:25,2916.89
08/12/2025 06:30,2900.53
08/12/2025 06:35,2986.54
08/12/2025 06:40,2992.33
08/12/2025 06:45,3106.66
08/12/2025 06:50,3141.35
08/12/2025 06:55,3209.27
08/12/2025 07:00,3292.53
08/12/2025 07:05,3253.9
08/12/2025 07:10,3451.77
08/12/2025 07:15,3452.15
08/12/2025 07:20,3619.38
08/12/2025 07:25,3540.1
08/12/2025 07:30,3518.48
08/12/2025 07:35,3638.57
08/12/2025 07:40,3642.67
08/12/2025 07:45,3630.49
08/12/2025 07:50,3826.86
08/12/2025 07:55,4055.15
08/12/2025 08:00,3859.96
08/12/2025 08:05,3983.28
08/12/2025 08:10,4143.72
08/12/2025 08:15,4125.34
08/12/2025 08:20,4018.51
08/12/2025 08:25,4292.14
08/12/2025 08:30,4202.21
08/12/2025 08:35,4337.34
08/12/2025 08:40,4331.2
08/12/2025 08:45,4570.0
08/12/2025 08:50,4641.65
08/12/2025 08:55,4567.93
08/12/2025 09:00,4650.97
08/12/2025 09:05,4704.79
08/12/2025 09:10,4751.4
08/12/2025 09:15,4694.26
08/12/2025 09:20,4750.13
08/12/2025 09:25,4692.54
08/12/2025 09:30,4838.52
08/12/2025 09:35,4764.76
08/12/2025 09:40,4902.98
08/12/2025 09:45,4835.43
08/12/2025 09:50,4979.44
08/12/2025 09:55,4874.08
08/12/2025 10:00,5071.16
08/12/2025 10:05,5145.76
08/12/2025 10:10,5111.74
08/12/2025 10:15,4976.21
08/12/2025 10:20,5114.12
08/12/2025 10:25,5095.76
08/12/2025 10:30,5126.24
08/12/2025 10:35,5054.71
08/12/2025 10:40,5106.36
08/12/2025 10:45,5005.67
08/12/2025 10:50,5133.88
08/12/2025 10:55,4963.96
08/12/2025 11:00,4975.07
08/12/2025 11:05,5041.84
08/12/2025 11:10,4851.27
08/12/2025 11:15,5043.16
08/12/2025 11:20,4936.89
08/12/2025 11:25,4775.19
08/12/2025 11:30,4793.29
08/12/2025 11:35,4834.83
08/12/2025 11:40,4780.22
08/12/2025 11:45,4782.03
08/12/2025 11:50,4788.13
08/12/2025 11:55,4645.98
08/12/2025 12:00,4524.62
08/12/2025 12:05,4602.09
08/12/2025 12:10,4550.98
08/12/2025 12:15,4575.6
08/12/2025 12:20,4389.06
08/12/2025 12:25,4589.63
08/12/2025 12:30,4501.75
08/12/2025 12:35,4408.78
08/12/2025 12:40,4443.36
08/12/2025 12:45,4443.08
08/12/2025 12:50,4404.77
08/12/2025 12:55,4447.85
08/12/2025 13:00,4303.91
08/12/2025 13:05,4502.62
08/12/2025 13:10,4473.88
08/12/2025 13:15,4403.26
08/12/2025 13:20,4354.96
08/12/2025 13:25,4447.24
08/12/2025 13:30,4376.96
08/12/2025 13:35,4505.19
08/12/2025 13:40,4420.36
08/12/2025 13:45,4295.17
08/12/2025 13:50,4453.49
08/12/2025 13:55,4488.73
08/12/2025 14:00,4380.64
08/12/2025 14:05,4356.02
08/12/2025 14:10,4334.87
08/12/2025 14:15,4262.29
08/12/2025 14:20,4338.74
08/12/2025 14:25,4383.87
08/12/2025 14:30,4382.53
08/12/2025 14:35,4268.02
08/12/2025 14:40,4308.52
08/12/2025 14:45,4270.97
08/12/2025 14:50,4182.66
08/12/2025 14:55,4098.77
08/12/2025 15:00,4198.56
08/12/2025 15:05,4150.2
08/12/2025 15:10,4381.33
08/12/2025 15:15,4323.33
08/12/2025 15:20,4262.95
08/12/2025 15:25,4327.93
08/12/2025 15:30,4373.42
08/12/2025 15:35,4331.47
08/12/2025 15:40,4228.51
08/12/2025 15:45,4366.88
08/12/2025 15:50,4454.61
08/12/2025 15:55,4515.63
08/12/2025 16:00,4389.93
08/12/2025 16:05,4587.14
08/12/2025 16:10,4498.94
08/12/2025 16:15,4545.22
08/12/2025 16:20,4544.06
08/12/2025 16:25,4486.48
08/12/2025 16:30,4546.14
08/12/2025 16:35,4550.63
08/12/2025 16:40,4563.5
08/12/2025 16:45,4512.66
08/12/2025 16:50,4543.86
08/12/2025 16:55,4797.57
08/12/2025 17:00,4642.07
08/12/2025 17:05,4785.06
08/12/2025 17:10,4643.06
08/12/2025 17:15,4895.87
08/12/2025 17:20,4724.52
08/12/2025 17:25,4692.3
08/12/2025 17:30,4807.36
08/12/2025 17:35,4695.51
08/12/2025 17:40,4840.39
08/12/2025 17:45,4758.91
08/12/2025 17:50,4904.19
08/12/2025 17:55,4800.21
08/12/2025 18:00,4632.74
08/12/2025 18:05,5046.93
08/12/2025 18:10,4915.26
08/12/2025 18:15,4800.3
08/12/2025 18:20,4991.68
08/12/2025 18:25,4843.85
08/12/2025 18:30,4904.89
08/12/2025 18:35,4995.48
08/12/2025 18:40,5176.82
08/12/2025 18:45,5082.48
08/12/2025 18:50,5143.52
08/12/2025 18:55,5185.73
08/12/2025 19:00,5108.61
08/12/2025 19:05,5243.47
08/12/2025 19:10,5165.39
08/12/2025 19:15,5090.01
08/12/2025 19:20,5057.31
08/12/2025 19:25,5063.0
08/12/2025 19:30,5196.47
08/12/2025 19:35,5201.13
08/12/2025 19:40,5196.03
08/12/2025 19:45,5124.74
08/12/2025 19:50,5064.65
08/12/2025 19:55,5131.69
08/12/2025 20:00,5049.71
08/12/2025 20:05,5096.68
08/12/2025 20:10,5029.83
08/12/2025 20:15,5076.99
08/12/2025 20:20,5063.86
08/12/2025 20:25,5075.76
08/12/2025 20:30,4864.21
08/12/2025 20:35,5061.05
08/12/2025 20:40,4899.32
08/12/2025 20:45,4924.43
08/12/2025 20:50,4911.47
08/12/2025 20:55,4966.16
08/12/2025 21:00,4846.54
08/12/2025 21:05,4679.11
08/12/2025 21:10,4694.51
08/12/2025 21:15,4611.67
08/12/2025 21:20,4542.56
08/12/2025 21:25,4567.0
08/12/2025 21:30,4630.42
08/12/2025 21:35,4639.04
08/12/2025 21:40,4520.69
08/12/2025 21:45,4302.38
08/12/2025 21:50,4247.38
08/12/2025 21:55,4046.64
08/12/2025 22:00,4277.27
08/12/2025 22:05,4261.98
08/12/2025 22:10,4189.38
08/12/2025 22:15,4190.11
08/12/2025 22:20,4013.52
08/12/2025 22:25,4139.65
08/12/2025 22:30,3845.76
08/12/2025 22:35,3829.69
08/12/2025 22:40,4020.92
08/12/2025 22:45,3967.72
08/12/2025 22:50,3855.24
08/12/2025 22:55,3647.17
08/12/2025 23:00,3548.64
08/12/2025 23:05,3801.91
08/12/2025 23:10,3588.72
08/12/2025 23:15,3452.25
08/12/2025 23:20,3488.9
08/12/2025 23:25,3234.35
08/12/2025 23:30,3382.05
08/12/2025 23:35,3183.19
08/12/2025 23:40,3146.56
08/12/2025 23:45,3198.63
08/12/2025 23:50,3152.87
08/12/2025 23:55,3137.17
09/12/2025 00:00,3046.66
09/12/2025 00:05,3097.99
09/12/2025 00:10,2954.09
09/12/2025 00:15,2935.41
09/12/2025 00:20,2889.68
09/12/2025 00:25,3047.29
09/12/2025 00:30,2902.03
09/12/2025 00:35,2960.92
09/12/2025 00:40,2900.21
09/12/2025 00:45,2808.54
09/12/2025 00:50,2824.81
09/12/2025 00:55,2819.47
09/12/2025 01:00,2601.17
09/12/2025 01:05,2689.45
09/12/2025 01:10,2811.76
09/12/2025 01:15,2554.32
09/12/2025 01:20,2683.2
09/12/2025 01:25,2476.56
09/12/2025 01:30,2665.63
09/12/2025 01:35,2611.0
09/12/2025 01:40,2456.41
09/12/2025 01:45,2477.84
09/12/2025 01:50,2509.32
09/12/2025 01:55,2565.97
09/12/2025 02:00,1923.9
09/12/2025 02:05,2110.4
09/12/2025 02:10,1900.0
09/12/2025 02:15,1951.95
09/12/2025 02:20,1900.0
09/12/2025 02:25,2056.15
09/12/2025 02:30,2020.27
09/12/2025 02:35,1976.0
09/12/2025 02:40,2074.45
09/12/2025 02:45,2129.55
09/12/2025 02:50,2087.8
09/12/2025 02:55,2060.09
09/12/2025 03:00,2149.61
09/12/2025 03:05,2101.8
09/12/2025 03:10,2046.82
09/12/2025 03:15,1956.9
09/12/2025 03:20,2087.88
09/12/2025 03:25,1928.71
09/12/2025 03:30,2122.81
09/12/2025 03:35,2124.8
09/12/2025 03:40,2041.83
09/12/2025 03:45,1985.74
09/12/2025 03:50,2062.07
09/12/2025 03:55,1900.0
09/12/2025 04:00,2054.44
09/12/2025 04:05,2146.75
09/12/2025 04:10,2100.59
09/12/2025 04:15,2006.43
09/12/2025 04:20,2000.86
09/12/2025 04:25,1975.42
09/12/2025 04:30,1927.92
09/12/2025 04:35,2098.86
09/12/2025 04:40,2189.47
09/12/2025 04:45,2214.48
09/12/2025 04:50,2101.09
09/12/2025 04:55,1947.44
09/12/2025 05:00,2310.93
09/12/2025 05:05,2398.26
09/12/2025 05:10,2433.72
09/12/2025 05:15,2286.79
09/12/2025 05:20,2450.47
09/12/2025 05:25,2417.34
09/12/2025 05:30,2412.85
09/12/2025 05:35,2610.01
09/12/2025 05:40,2628.97
09/12/2025 05:45,2691.86
09/12/2025 05:50,2505.41
09/12/2025 05:55,2770.61
09/12/2025 06:00,2812.07
09/12/2025 06:05,2784.61
09/12/2025 06:10,2904.39
09/12/2025 06:15,2853.84
09/12/2025 06:20,2928.45
09/12/2025 06:25,2791.67
09/12/2025 06:30,2989.59
09/12/2025 06:35,2984.77
09/12/2025 06:40,3050.43
09/12/2025 06:45,3198.38
09/12/2025 06:50,3261.56
09/12/2025 06:55,3185.47
09/12/2025 07:00,3276.24
09/12/2025 07:05,3312.85
09/12/2025 07:10,3420.6
09/12/2025 07:15,3324.22
09/12/2025 07:20,3367.43
09/12/2025 07:25,3480.64
09/12/2025 07:30,3568.39
09/12/2025 07:35,3792.97
09/12/2025 07:40,3706.96
09/12/2025 07:45,3774.89
09/12/2025 07:50,3840.06
09/12/2025 07:55,3867.87
09/12/2025 08:00,3969.23
09/12/2025 08:05,3868.37
09/12/2025 08:10,3938.96
09/12/2025 08:15,4115.72
09/12/2025 08:20,4304.32
09/12/2025 08:25,4264.78
09/12/2025 08:30,4228.62
09/12/2025 08:35,4543.27
09/12/2025 08:40,4386.04
09/12/2025 08:45,4437.21
09/12/2025 08:50,4579.15
09/12/2025 08:55,4540.58
09/12/2025 09:00,4721.05
09/12/2025 09:05,4627.18
09/12/2025 09:10,4910.45
09/12/2025 09:15,4700.62
09/12/2025 09:20,4849.56
09/12/2025 09:25,4740.14
09/12/2025 09:30,4888.15
09/12/2025 09:35,4869.68
09/12/2025 09:40,4812.42
09/12/2025 09:45,4997.38
09/12/2025 09:50,4972.12
09/12/2025 09:55,4929.7
09/12/2025 10:00,4978.12
09/12/2025 10:05,4931.7
09/12/2025 10:10,5145.63
09/12/2025 10:15,4984.8
09/12/2025 10:20,5011.17
09/12/2025 10:25,4904.21
09/12/2025 10:30,4985.22
09/12/2025 10:35,5178.13
09/12/2025 10:40,5018.1
09/12/2025 10:45,4967.08
09/12/2025 10:50,4882.54
09/12/2025 10:55,4941.04
09/12/2025 11:00,4978.16
09/12/2025 11:05,5046.03
09/12/2025 11:10,4782.49
09/12/2025 11:15,4922.23
09/12/2025 11:20,4887.43
09/12/2025 11:25,4901.36
09/12/2025 11:30,4880.09
09/12/2025 11:35,4840.18
09/12/2025 11:40,4647.3
09/12/2025 11:45,4706.54
09/12/2025 11:50,4578.13
09/12/2025 11:55,4822.97
09/12/2025 12:00,4522.04
09/12/2025 12:05,4660.98
09/12/2025 12:10,4642.74
09/12/2025 12:15,4544.14
09/12/2025 12:20,4457.76
09/12/2025 12:25,4489.2
09/12/2025 12:30,4600.83
09/12/2025 12:35,4597.42
09/12/2025 12:40,4462.53
09/12/2025 12:45,4447.39
09/12/2025 12:50,4363.04
09/12/2025 12:55,4504.3
09/12/2025 13:00,4384.29
09/12/2025 13:05,4404.82
09/12/2025 13:10,4453.91
09/12/2025 13:15,4589.01
09/12/2025 13:20,4426.16
09/12/2025 13:25,4391.16
09/12/2025 13:30,4304.87
09/12/2025 13:35,4325.56
09/12/2025 13:40,4397.66
09/12/2025 13:45,4352.24
09/12/2025 13:50,4376.64
09/12/2025 13:55,4432.96
09/12/2025 14:00,4207.67
09/12/2025 14:05,4292.24
09/12/2025 14:10,4301.49
09/12/2025 14:15,4262.42
09/12/2025 14:20,4402.58
09/12/2025 14:25,4382.37
09/12/2025 14:30,4172.23
09/12/2025 14:35,4307.88
09/12/2025 14:40,4142.45
09/12/2025 14:45,4324.63
09/12/2025 14:50,4267.97
09/12/2025 14:55,4191.3
09/12/2025 15:00,4303.28
09/12/2025 15:05,4231.26
09/12/2025 15:10,4361.08
09/12/2025 15:15,4194.55
09/12/2025 15:20,4319.35
09/12/2025 15:25,4302.07
09/12/2025 15:30,4311.8
09/12/2025 15:35,4516.67
09/12/2025 15:40,4348.18
09/12/2025 15:45,4501.23
09/12/2025 15:50,4467.25
09/12/2025 15:55,4573.09
09/12/2025 16:00,4622.25
09/12/2025 16:05,4454.89
09/12/2025 16:10,4351.57
09/12/2025 16:15,4580.59
09/12/2025 16:20,4655.54
09/12/2025 16:25,4643.42
09/12/2025 16:30,4672.46
09/12/2025 16:35,4509.78
09/12/2025 16:40,4714.39
09/12/2025 16:45,4599.58
09/12/2025 16:50,4530.93
09/12/2025 16:55,4629.84
09/12/2025 17:00,4750.06
09/12/2025 17:05,4668.31
09/12/2025 17:10,4638.8
09/12/2025 17:15,4582.79
09/12/2025 17:20,4719.68
09/12/2025 17:25,4690.43
09/12/2025 17:30,4635.7
09/12/2025 17:35,4711.68
09/12/2025 17:40,4804.39
09/12/2025 17:45,4744.08
09/12/2025 17:50,4790.74
09/12/2025 17:55,4860.79
09/12/2025 18:00,4911.0
09/12/2025 18:05,4869.78
09/12/2025 18:10,4837.31
09/12/2025 18:15,4868.67
09/12/2025 18:20,5071.77
09/12/2025 18:25,5058.32
09/12/2025 18:30,5023.22
09/12/2025 18:35,4933.45
09/12/2025 18:40,5035.44
09/12/2025 18:45,5137.51
09/12/2025 18:50,4984.26
09/12/2025 18:55,5064.11
09/12/2025 19:00,5027.78
09/12/2025 19:05,5077.74
09/12/2025 19:10,5070.76
09/12/2025 19:15,5190.76
09/12/2025 19:20,5200.98
09/12/2025 19:25,5138.74
09/12/2025 19:30,5134.0
09/12/2025 19:35,5110.14
09/12/2025 19:40,5093.96
09/12/2025 19:45,5102.88
09/12/2025 19:50,5004.85
09/12/2025 19:55,5188.5
09/12/2025 20:00,5113.06
09/12/2025 20:05,5100.59
09/12/2025 20:10,5129.13
09/12/2025 20:15,5098.41
09/12/2025 20:20,5126.87
09/12/2025 20:25,5085.25
09/12/2025 20:30,4961.82
09/12/2025 20:35,5029.65
09/12/2025 20:40,5001.18
09/12/2025 20:45,4912.41
09/12/2025 20:50,4908.77
09/12/2025 20:55,4940.62
09/12/2025 21:00,4756.92
09/12/2025 21:05,4958.72
09/12/2025 21:10,4690.52
09/12/2025 21:15,4666.58
09/12/2025 21:20,4629.62
09/12/2025 21:25,4699.16
09/12/2025 21:30,4442.41
09/12/2025 21:35,4426.31
09/12/2025 21:40,4431.75
09/12/2025 21:45,4364.65
09/12/2025 21:50,4408.47
09/12/2025 21:55,4523.9
09/12/2025 22:00,4298.54
09/12/2025 22:05,4192.68
09/12/2025 22:10,4129.34
09/12/2025 22:15,4160.18
09/12/2025 22:20,4152.32
09/12/2025 22:25,3984.89
09/12/2025 22:30,3975.83
09/12/2025 22:35,3972.21
09/12/2025 22:40,3968.12
09/12/2025 22:45,3711.99
09/12/2025 22:50,3803.01
09/12/2025 22:55,3657.82
09/12/2025 23:00,3697.1
09/12/2025 23:05,3671.97
09/12/2025 23:10,3572.39
09/12/2025 23:15,3517.17
09/12/2025 23:20,3596.22
09/12/2025 23:25,3400.07
09/12/2025 23:30,3313.54
09/12/2025 23:35,3413.92
09/12/2025 23:40,3021.71
09/12/2025 23:45,3158.95
09/12/2025 23:50,3181.69
09/12/2025 23:55,3241.26
10/12/2025 00:00,2996.91
10/12/2025 00:05,2928.89
10/12/2025 00:10,2967.04
10/12/2025 00:15,3080.03
10/12/2025 00:20,3054.75
10/12/2025 00:25,2902.45
10/12/2025 00:30,2806.18
10/12/2025 00:35,2897.81
10/12/2025 00:40,2825.35
10/12/2025 00:45,2796.21
10/12/2025 00:50,2803.8
10/12/2025 00:55,2819.76
10/12/2025 01:00,2734.06
10/12/2025 01:05,2845.22
10/12/2025 01:10,2871.27
10/12/2025 01:15,2764.44
10/12/2025 01:20,2683.07
10/12/2025 01:25,2588.95
10/12/2025 01:30,2490.8
10/12/2025 01:35,2537.3
10/12/2025 01:40,2481.67
10/12/2025 01:45,2448.05
10/12/2025 01:50,2482.99
10/12/2025 01:55,2490.75
10/12/2025 02:00,1900.0
10/12/2025 02:05,1925.76
10/12/2025 02:10,2145.1
10/12/2025 02:15,2056.5
10/12/2025 02:20,2123.83
10/12/2025 02:25,2004.84
10/12/2025 02:30,1981.3
10/12/2025 02:35,2057.26
10/12/2025 02:40,1930.76
10/12/2025 02:45,1953.02
10/12/2025 02:50,2228.93
10/12/2025 02:55,2104.69
10/12/2025 03:00,2039.66
10/12/2025 03:05,1989.95
10/12/2025 03:10,2039.18
10/12/2025 03:15,1900.0
10/12/2025 03:20,2122.61
10/12/2025 03:25,1927.9
10/12/2025 03:30,2006.89
10/12/2025 03:35,1918.25
10/12/2025 03:40,2022.63
10/12/2025 03:45,1991.82
10/12/2025 03:50,2138.11
10/12/2025 03:55,2054.13
10/12/2025 04:00,1900.0
10/12/2025 04:05,1989.56
10/12/2025 04:10,2039.93
10/12/2025 04:15,2180.19
10/12/2025 04:20,2105.57
10/12/2025 04:25,2133.87
10/12/2025 04:30,2013.15
10/12/2025 04:35,2041.74
10/12/2025 04:40,2129.49
10/12/2025 04:45,1929.59
10/12/2025 04:50,1919.32
10/12/2025 04:55,2134.43
10/12/2025 05:00,2352.56
10/12/2025 05:05,2348.1
10/12/2025 05:10,2466.47
10/12/2025 05:15,2472.79
10/12/2025 05:20,2565.49
10/12/2025 05:25,2229.53
10/12/2025 05:30,2520.07
10/12/2025 05:35,2545.51
10/12/2025 05:40,2547.63
10/12/2025 05:45,2652.57
10/12/2025 05:50,2696.26
10/12/2025 05:55,2635.92
10/12/2025 06:00,2665.65
10/12/2025 06:05,2814.52
10/12/2025 06:10,2820.72
10/12/2025 06:15,2786.48
10/12/2025 06:20,2848.63
10/12/2025 06:25,3017.59
10/12/2025 06:30,2919.85
10/12/2025 06:35,3097.36
10/12/2025 06:40,3134.3
10/12/2025 06:45,3039.73
10/12/2025 06:50,3119.05
10/12/2025 06:55,3222.09
10/12/2025 07:00,3180.32
10/12/2025 07:05,3350.25
10/12/2025 07:10,3490.79
10/12/2025 07:15,3372.21
10/12/2025 07:20,3527.74
10/12/2025 07:25,3453.96
10/12/2025 07:30,3707.66
10/12/2025 07:35,3737.11
10/12/2025 07:40,3710.82
10/12/2025 07:45,3745.57
10/12/2025 07:50,3790.39
10/12/2025 07:55,3817.26
10/12/2025 08:00,3830.93
10/12/2025 08:05,4046.5
10/12/2025 08:10,4097.54
10/12/2025 08:15,4196.04
10/12/2025 08:20,4310.43
10/12/2025 08:25,4243.16
10/12/2025 08:30,4268.72
10/12/2025 08:35,4293.02
10/12/2025 08:40,4463.61
10/12/2025 08:45,4600.11
10/12/2025 08:50,4581.65
10/12/2025 08:55,4484.45
10/12/2025 09:00,4648.4
10/12/2025 09:05,4807.75
10/12/2025 09:10,4691.7
10/12/2025 09:15,4748.34
10/12/2025 09:20,4690.07
10/12/2025 09:25,4893.78
10/12/2025 09:30,4918.42
10/12/2025 09:35,5041.98
10/12/2025 09:40,4878.33
10/12/2025 09:45,4896.84
10/12/2025 09:50,4977.36
10/12/2025 09:55,5144.99
10/12/2025 10:00,4971.83
10/12/2025 10:05,4899.29
10/12/2025 10:10,4899.23
10/12/2025 10:15,5118.44
10/12/2025 10:20,4977.37
10/12/2025 10:25,4875.92
10/12/2025 10:30,5086.29
10/12/2025 10:35,5108.16
10/12/2025 10:40,5003.73
10/12/2025 10:45,5067.04
10/12/2025 10:50,5105.96
10/12/2025 10:55,5049.7
10/12/2025 11:00,4809.56
10/12/2025 11:05,4981.12
10/12/2025 11:10,5004.99
10/12/2025 11:15,5037.65
10/12/2025 11:20,4947.96
10/12/2025 11:25,4971.34
10/12/2025 11:30,4879.67
10/12/2025 11:35,4842.66
10/12/2025 11:40,4833.14
10/12/2025 11:45,4883.08
10/12/2025 11:50,4811.77
10/12/2025 11:55,4697.78
10/12/2025 12:00,4490.31
10/12/2025 12:05,4528.54
10/12/2025 12:10,4413.86
10/12/2025 12:15,4413.61
10/12/2025 12:20,4542.78
10/12/2025 12:25,4446.94
10/12/2025 12:30,4416.24
10/12/2025 12:35,4624.44
10/12/2025 12:40,4564.03
10/12/2025 12:45,4453.5
10/12/2025 12:50,4472.24
10/12/2025 12:55,4438.78
10/12/2025 13:00,4637.44
10/12/2025 13:05,4276.27
10/12/2025 13:10,4348.72
10/12/2025 13:15,4275.01
10/12/2025 13:20,4466.33
10/12/2025 13:25,4532.56
10/12/2025 13:30,4342.06
10/12/2025 13:35,4371.43
10/12/2025 13:40,4477.75
10/12/2025 13:45,4396.37
10/12/2025 13:50,4290.95
10/12/2025 13:55,4242.74
10/12/2025 14:00,4260.07
10/12/2025 14:05,4505.59
10/12/2025 14:10,4284.01
10/12/2025 14:15,4359.53
10/12/2025 14:20,4576.64
10/12/2025 14:25,4346.07
10/12/2025 14:30,4430.55
10/12/2025 14:35,4392.71
10/12/2025 14:40,4175.75
10/12/2025 14:45,4304.3
10/12/2025 14:50,4102.79
10/12/2025 14:55,4254.36
10/12/2025 15:00,4259.59
10/12/2025 15:05,4254.55
10/12/2025 15:10,4361.64
10/12/2025 15:15,4309.43
10/12/2025 15:20,4337.49
10/12/2025 15:25,4271.35
10/12/2025 15:30,4419.84
10/12/2025 15:35,4293.98
10/12/2025 15:40,4419.19
10/12/2025 15:45,4419.06
10/12/2025 15:50,4368.88
10/12/2025 15:55,4527.08
10/12/2025 16:00,4522.42
10/12/2025 16:05,4445.3
10/12/2025 16:10,4549.19
10/12/2025 16:15,4401.88
10/12/2025 16:20,4580.72
10/12/2025 16:25,4661.48
10/12/2025 16:30,4424.44
10/12/2025 16:35,4667.77
10/12/2025 16:40,4752.64
10/12/2025 16:45,4551.43
10/12/2025 16:50,4691.75
10/12/2025 16:55,4613.66
10/12/2025 17:00,4681.44
10/12/2025 17:05,4630.9
10/12/2025 17:10,4695.87
10/12/2025 17:15,4629.96
10/12/2025 17:20,4782.43
10/12/2025 17:25,4739.93
10/12/2025 17:30,4898.33
10/12/2025 17:35,4797.56
10/12/2025 17:40,4871.33
10/12/2025 17:45,4929.06
10/12/2025 17:50,4833.17
10/12/2025 17:55,4675.26
10/12/2025 18:00,4846.48
10/12/2025 18:05,5064.77
10/12/2025 18:10,4858.48
10/12/2025 18:15,4985.78
10/12/2025 18:20,4961.57
10/12/2025 18:25,5060.81
10/12/2025 18:30,4991.9
10/12/2025 18:35,5023.59
10/12/2025 18:40,4992.07
10/12/2025 18:45,5097.23
10/12/2025 18:50,5180.0
10/12/2025 18:55,5055.52
10/12/2025 19:00,5101.47
10/12/2025 19:05,5067.88
10/12/2025 19:10,5143.44
10/12/2025 19:15,5225.11
10/12/2025 19:20,5162.66
10/12/2025 19:25,5024.78
10/12/2025 19:30,5106.03
10/12/2025 19:35,5069.05
10/12/2025 19:40,5026.53
10/12/2025 19:45,5210.47
10/12/2025 19:50,5226.52
10/12/2025 19:55,5012.02
10/12/2025 20:00,4959.66
10/12/2025 20:05,5075.57
10/12/2025 20:10,5056.44
10/12/2025 20:15,4988.32
10/12/2025 20:20,4937.73
10/12/2025 20:25,5044.17
10/12/2025 20:30,4968.14
10/12/2025 20:35,4999.34
10/12/2025 20:40,4984.38
10/12/2025 20:45,4844.33
10/12/2025 20:50,4869.78
10/12/2025 20:55,4992.28
10/12/2025 21:00,4727.47
10/12/2025 21:05,4934.17
10/12/2025 21:10,4608.13
10/12/2025 21:15,4757.71
10/12/2025 21:20,4619.52
10/12/2025 21:25,4592.2
10/12/2025 21:30,4544.33
10/12/2025 21:35,4403.61
10/12/2025 21:40,4429.02
10/12/2025 21:45,4359.81
10/12/2025 21:50,4265.22
10/12/2025 21:55,4193.63
10/12/2025 22:00,4254.48
10/12/2025 22:05,4147.44
10/12/2025 22:10,4067.83
10/12/2025 22:15,4145.79
10/12/2025 22:20,3944.63
10/12/2025 22:25,3958.22
10/12/2025 22:30,4036.08
10/12/2025 22:35,3863.56
10/12/2025 22:40,3807.99
10/12/2025 22:45,3860.3
10/12/2025 22:50,3636.2
10/12/2025 22:55,3780.64
10/12/2025 23:00,3628.64
10/12/2025 23:05,3634.13
10/12/2025 23:10,3641.79
10/12/2025 23:15,3425.07
10/12/2025 23:20,3533.22
10/12/2025 23:25,3332.61
10/12/2025 23:30,3315.7
10/12/2025 23:35,3314.95
10/12/2025 23:40,3093.51
10/12/2025 23:45,3326.01
10/12/2025 23:50,3121.94
10/12/2025 23:55,3203.89
11/12/2025 00:00,2978.96
11/12/2025 00:05,2978.39
11/12/2025 00:10,3068.57
11/12/2025 00:15,2957.82
11/12/2025 00:20,2920.16
11/12/2025 00:25,2929.16
11/12/2025 00:30,2934.68
11/12/2025 00:35,2739.95
11/12/2025 00:40,2938.84
11/12/2025 00:45,2744.76
11/12/2025 00:50,2679.65
11/12/2025 00:55,2806.5
11/12/2025 01:00,2675.14
11/12/2025 01:05,2739.52
11/12/2025 01:10,2591.04
11/12/2025 01:15,2568.87
11/12/2025 01:20,2747.86
11/12/2025 01:25,2716.95
11/12/2025 01:30,2677.69
11/12/2025 01:35,2614.73
11/12/2025 01:40,2591.33
11/12/2025 01:45,2510.66
11/12/2025 01:50,2544.62
11/12/2025 01:55,2224.47
11/12/2025 02:00,2017.15
11/12/2025 02:05,2060.44
11/12/2025 02:10,2038.99
11/12/2025 02:15,2091.99
11/12/2025 02:20,2028.44
11/12/2025 02:25,2064.6
11/12/2025 02:30,2088.89
11/12/2025 02:35,1900.0
11/12/2025 02:40,2074.73
11/12/2025 02:45,2201.91
11/12/2025 02:50,2084.13
11/12/2025 02:55,2116.9
11/12/2025 03:00,1974.51
11/12/2025 03:05,2032.96
11/12/2025 03:10,2145.13
11/12/2025 03:15,2151.03
11/12/2025 03:20,1900.0
11/12/2025 03:25,2032.78
11/12/2025 03:30,2131.76
11/12/2025 03:35,2107.98
11/12/2025 03:40,2018.24
11/12/2025 03:45,1947.64
11/12/2025 03:50,1947.87
11/12/2025 03:55,2169.85
11/12/2025 04:00,1900.0
11/12/2025 04:05,2080.74
11/12/2025 04:10,2075.68
11/12/2025 04:15,1998.43
11/12/2025 04:20,1954.66
11/12/2025 04:25,2125.56
11/12/2025 04:30,1951.18
11/12/2025 04:35,2093.9
11/12/2025 04:40,1900.0
11/12/2025 04:45,2145.79
11/12/2025 04:50,1985.48
11/12/2025 04:55,2113.52
11/12/2025 05:00,2132.08
11/12/2025 05:05,2254.76
11/12/2025 05:10,2338.81
11/12/2025 05:15,2371.53
11/12/2025 05:20,2460.32
11/12/2025 05:25,2371.14
11/12/2025 05:30,2485.48
11/12/2025 05:35,2592.17
11/12/2025 05:40,2631.37
11/12/2025 05:45,2826.15
11/12/2025 05:50,2772.51
11/12/2025 05:55,2597.82
11/12/2025 06:00,2785.2
11/12/2025 06:05,2610.68
11/12/2025 06:10,2863.23
11/12/2025 06:15,2854.96
11/12/2025 06:20,2825.53
11/12/2025 06:25,3050.34
11/12/2025 06:30,3071.87
11/12/2025 06:35,2982.83
11/12/2025 06:40,3067.07
11/12/2025 06:45,3010.35
11/12/2025 06:50,3166.18
11/12/2025 06:55,3216.56
11/12/2025 07:00,3356.69
11/12/2025 07:05,3359.0
11/12/2025 07:10,3489.11
11/12/2025 07:15,3283.55
11/12/2025 07:20,3458.68
11/12/2025 07:25,3483.62
11/12/2025 07:30,3602.04
11/12/2025 07:35,3513.25
11/12/2025 07:40,3680.87
11/12/2025 07:45,3835.47
11/12/2025 07:50,3800.2
11/12/2025 07:55,4031.32
11/12/2025 08:00,3957.78
11/12/2025 08:05,4005.48
11/12/2025 08:10,3975.59
11/12/2025 08:15,4077.75
11/12/2025 08:20,4169.22
11/12/2025 08:25,4080.52
11/12/2025 08:30,4248.66
11/12/2025 08:35,4405.71
11/12/2025 08:40,4390.55
11/12/2025 08:45,4471.92
11/12/2025 08:50,4450.74
11/12/2025 08:55,4736.87
11/12/2025 09:00,4647.36
11/12/2025 09:05,4722.04
11/12/2025 09:10,4601.82
11/12/2025 09:15,4778.19
11/12/2025 09:20,4787.02
11/12/2025 09:25,4804.46
11/12/2025 09:30,4906.18
11/12/2025 09:35,4875.98
11/12/2025 09:40,4906.53
11/12/2025 09:45,5006.38
11/12/2025 09:50,4955.54
11/12/2025 09:55,4937.88
11/12/2025 10:00,5028.93
11/12/2025 10:05,5049.25
11/12/2025 10:10,5033.92
11/12/2025 10:15,5044.37
11/12/2025 10:20,5030.16
11/12/2025 10:25,5278.1
11/12/2025 10:30,5144.7
11/12/2025 10:35,5132.38
11/12/2025 10:40,5100.24
11/12/2025 10:45,4950.35
11/12/2025 10:50,5062.11
11/12/2025 10:55,4916.0
11/12/2025 11:00,4987.75
11/12/2025 11:05,4919.46
11/12/2025 11:10,4898.33
11/12/2025 11:15,4812.21
11/12/2025 11:20,4852.88
11/12/2025 11:25,4807.91
11/12/2025 11:30,4808.69
11/12/2025 11:35,4896.6
11/12/2025 11:40,4818.83
11/12/2025 11:45,4746.19
11/12/2025 11:50,4699.88
11/12/2025 11:55,4708.37
11/12/2025 12:00,4570.2
11/12/2025 12:05,4433.23
11/12/2025 12:10,4532.47
11/12/2025 12:15,4510.14
11/12/2025 12:20,4519.85
11/12/2025 12:25,4443.51
11/12/2025 12:30,4496.93
11/12/2025 12:35,4588.46
11/12/2025 12:40,4471.99
11/12/2025 12:45,4535.67
11/12/2025 12:50,4490.14
11/12/2025 12:55,4401.63
11/12/2025 13:00,4469.4
11/12/2025 13:05,4607.0
11/12/2025 13:10,4418.31
11/12/2025 13:15,4466.3
11/12/2025 13:20,4360.61
11/12/2025 13:25,4319.8
11/12/2025 13:30,4373.84
11/12/2025 13:35,4394.89
11/12/2025 13:40,4478.05
11/12/2025 13:45,4312.14
11/12/2025 13:50,4298.21
11/12/2025 13:55,4367.58
11/12/2025 14:00,4367.78
11/12/2025 14:05,4477.86
11/12/2025 14:10,4294.61
11/12/2025 14:15,4230.53
11/12/2025 14:20,4298.21
11/12/2025 14:25,4294.31
11/12/2025 14:30,4268.4
11/12/2025 14:35,4241.85
11/12/2025 14:40,4311.07
11/12/2025 14:45,4261.8
11/12/2025 14:50,4347.55
11/12/2025 14:55,4320.45
11/12/2025 15:00,4327.71
11/12/2025 15:05,4283.73
11/12/2025 15:10,4288.45
11/12/2025 15:15,4356.78
11/12/2025 15:20,4356.44
11/12/2025 15:25,4306.65
11/12/2025 15:30,4395.14
11/12/2025 15:35,4329.65
11/12/2025 15:40,4401.14
11/12/2025 15:45,4369.58
11/12/2025 15:50,4496.68
11/12/2025 15:55,4309.9
11/12/2025 16:00,4494.95
11/12/2025 16:05,4526.12
11/12/2025 16:10,4426.33
11/12/2025 16:15,4420.34
11/12/2025 16:20,4407.55
11/12/2025 16:25,4436.51
11/12/2025 16:30,4522.14
11/12/2025 16:35,4533.74
11/12/2025 16:40,4581.33
11/12/2025 16:45,4716.18
11/12/2025 16:50,4705.02
11/12/2025 16:55,4671.72
11/12/2025 17:00,4697.78
11/12/2025 17:05,4534.53
11/12/2025 17:10,4775.4
11/12/2025 17:15,4715.01
11/12/2025 17:20,4726.37
11/12/2025 17:25,4649.82
11/12/2025 17:30,4595.01
11/12/2025 17:35,4585.64
11/12/2025 17:40,4797.51
11/12/2025 17:45,4829.27
11/12/2025 17:50,4748.29
11/12/2025 17:55,4853.74
11/12/2025 18:00,4831.29
11/12/2025 18:05,4865.27
11/12/2025 18:10,5011.37
11/12/2025 18:15,4894.9
11/12/2025 18:20,4832.63
11/12/2025 18:25,5015.87
11/12/2025 18:30,5055.69
11/12/2025 18:35,4996.79
11/12/2025 18:40,4938.95
11/12/2025 18:45,4991.35
11/12/2025 18:50,5024.01
11/12/2025 18:55,5101.99
11/12/2025 19:00,5140.24
11/12/2025 19:05,5082.39
11/12/2025 19:10,5133.57
11/12/2025 19:15,4974.39
11/12/2025 19:20,5032.65
11/12/2025 19:25,5274.03
11/12/2025 19:30,5149.23
11/12/2025 19:35,5173.93
11/12/2025 19:40,5254.82
11/12/2025 19:45,5103.59
11/12/2025 19:50,5067.73
11/12/2025 19:55,5293.19
11/12/2025 20:00,5073.53
11/12/2025 20:05,5043.28
11/12/2025 20:10,5045.54
11/12/2025 20:15,5016.14
11/12/2025 20:20,5087.44
11/12/2025 20:25,4978.39
11/12/2025 20:30,4903.84
11/12/2025 20:35,4972.54
11/12/2025 20:40,5015.07
11/12/2025 20:45,4857.44
11/12/2025 20:50,4950.73
11/12/2025 20:55,4951.23
11/12/2025 21:00,4761.7
11/12/2025 21:05,5029.32
11/12/2025 21:10,4668.07
11/12/2025 21:15,4693.93
11/12/2025 21:20,4692.85
11/12/2025 21:25,4540.4
11/12/2025 21:30,4475.57
11/12/2025 21:35,4485.28
11/12/2025 21:40,4281.95
11/12/2025 21:45,4382.93
11/12/2025 21:50,4314.77
11/12/2025 21:55,4191.08
11/12/2025 22:00,4299.33
11/12/2025 22:05,4139.95
11/12/2025 22:10,4156.37
11/12/2025 22:15,4114.45
11/12/2025 22:20,4082.13
11/12/2025 22:25,3954.12
11/12/2025 22:30,4029.14
11/12/2025 22:35,3910.34
11/12/2025 22:40,3746.11
11/12/2025 22:45,3818.55
11/12/2025 22:50,3677.43
11/12/2025 22:55,3804.24
11/12/2025 23:00,3500.09
11/12/2025 23:05,3548.66
11/12/2025 23:10,3636.2
11/12/2025 23:15,3556.34
11/12/2025 23:20,3380.7
11/12/2025 23:25,3406.99
11/12/2025 23:30,3309.31
11/12/2025 23:35,3395.08
11/12/2025 23:40,3312.96
11/12/2025 23:45,3115.6
11/12/2025 23:50,3121.95
11/12/2025 23:55,2953.95
12/12/2025 00:00,2817.13
12/12/2025 00:05,3014.43
12/12/2025 00:10,2841.01
12/12/2025 00:15,2911.5
12/12/2025 00:20,3017.06
12/12/2025 00:25,2914.6
12/12/2025 00:30,2949.53
12/12/2025 00:35,2883.98
12/12/2025 00:40,2740.3
12/12/2025 00:45,3051.39
12/12/2025 00:50,2958.65
12/12/2025 00:55,2857.27
12/12/2025 01:00,2762.45
12/12/2025 01:05,2672.1
12/12/2025 01:10,2774.13
12/12/2025 01:15,2855.7
12/12/2025 01:20,2723.92
12/12/2025 01:25,2569.51
12/12/2025 01:30,2467.47
12/12/2025 01:35,2642.17
12/12/2025 01:40,2595.2
12/12/2025 01:45,2541.21
12/12/2025 01:50,2530.21
12/12/2025 01:55,2492.21
12/12/2025 02:00,2107.72
12/12/2025 02:05,1954.33
12/12/2025 02:10,1900.0
12/12/2025 02:15,2157.3
12/12/2025 02:20,2164.38
12/12/2025 02:25,2142.31
12/12/2025 02:30,2182.03
12/12/2025 02:35,2014.19
12/12/2025 02:40,2149.83
12/12/2025 02:45,2046.3
12/12/2025 02:50,2114.59
12/12/2025 02:55,2002.06
12/12/2025 03:00,2093.24
12/12/2025 03:05,2276.1
12/12/2025 03:10,2020.71
12/12/2025 03:15,1939.33
12/12/2025 03:20,1979.15
12/12/2025 03:25,1900.0
12/12/2025 03:30,2070.63
12/12/2025 03:35,2103.16
12/12/2025 03:40,1900.0
12/12/2025 03:45,2105.1
12/12/2025 03:50,2158.79
12/12/2025 03:55,2082.1
12/12/2025 04:00,2063.98
12/12/2025 04:05,2015.89
12/12/2025 04:10,1947.62
12/12/2025 04:15,2047.81
12/12/2025 04:20,2044.27
12/12/2025 04:25,2145.94
12/12/2025 04:30,2103.45
12/12/2025 04:35,1900.0
12/12/2025 04:40,2264.13
12/12/2025 04:45,1914.2
12/12/2025 04:50,2047.58
12/12/2025 04:55,1962.53
12/12/2025 05:00,2212.97
12/12/2025 05:05,2252.96
12/12/2025 05:10,2373.09
12/12/2025 05:15,2399.33
12/12/2025 05:20,2301.42
12/12/2025 05:25,2445.23
12/12/2025 05:30,2681.99
12/12/2025 05:35,2556.98
12/12/2025 05:40,2612.36
12/12/2025 05:45,2600.33
12/12/2025 05:50,2646.73
12/12/2025 05:55,2654.99
12/12/2025 06:00,2875.7
12/12/2025 06:05,2709.69
12/12/2025 06:10,2685.94
12/12/2025 06:15,3017.94
12/12/2025 06:20,2988.87
12/12/2025 06:25,2980.38
12/12/2025 06:30,3004.1
12/12/2025 06:35,2903.72
12/12/2025 06:40,3125.0
12/12/2025 06:45,3055.33
12/12/2025 06:50,3209.64
12/12/2025 06:55,3200.91
12/12/2025 07:00,3241.03
12/12/2025 07:05,3319.98
12/12/2025 07:10,3439.82
12/12/2025 07:15,3400.68
12/12/2025 07:20,3585.32
12/12/2025 07:25,3513.05
12/12/2025 07:30,3649.33
12/12/2025 07:35,3671.75
12/12/2025 07:40,3589.1
12/12/2025 07:45,3837.04
12/12/2025 07:50,3792.27
12/12/2025 07:55,3786.06
12/12/2025 08:00,3849.1
12/12/2025 08:05,4104.54
12/12/2025 08:10,4090.15
12/12/2025 08:15,3920.51
12/12/2025 08:20,4195.92
12/12/2025 08:25,4230.97
12/12/2025 08:30,4211.46
12/12/2025 08:35,4222.83
12/12/2025 08:40,4312.95
12/12/2025 08:45,4509.11
12/12/2025 08:50,4483.84
12/12/2025 08:55,4547.56
12/12/2025 09:00,4553.17
12/12/2025 09:05,4676.47
12/12/2025 09:10,4653.9
12/12/2025 09:15,4702.32
12/12/2025 09:20,4707.61
12/12/2025 09:25,4783.2
12/12/2025 09:30,4906.48
12/12/2025 09:35,4846.95
12/12/2025 09:40,5024.51
12/12/2025 09:45,5016.86
12/12/2025 09:50,4946.58
12/12/2025 09:55,4960.71
12/12/2025 10:00,5038.34
12/12/2025 10:05,5056.75
12/12/2025 10:10,4929.88
12/12/2025 10:15,5149.07
12/12/2025 10:20,4991.3
12/12/2025 10:25,5045.73
12/12/2025 10:30,5058.43
12/12/2025 10:35,5082.01
12/12/2025 10:40,4966.52
12/12/2025 10:45,4992.94
12/12/2025 10:50,5049.38
12/12/2025 10:55,4963.84
12/12/2025 11:00,5070.91
12/12/2025 11:05,5042.98
12/12/2025 11:10,4998.15
12/12/2025 11:15,4846.92
12/12/2025 11:20,4977.94
12/12/2025 11:25,4921.59
12/12/2025 11:30,4929.48
12/12/2025 11:35,4860.31
12/12/2025 11:40,4878.26
12/12/2025 11:45,4752.8
12/12/2025 11:50,4671.85
12/12/2025 11:55,4704.05
12/12/2025 12:00,4487.09
12/12/2025 12:05,4619.22
12/12/2025 12:10,4452.7
12/12/2025 12:15,4500.63
12/12/2025 12:20,4619.08
12/12/2025 12:25,4540.53
12/12/2025 12:30,4504.41
12/12/2025 12:35,4495.99
12/12/2025 12:40,4484.67
12/12/2025 12:45,4552.92
12/12/2025 12:50,4376.88
12/12/2025 12:55,4406.95
12/12/2025 13:00,4446.91
12/12/2025 13:05,4389.42
12/12/2025 13:10,4573.32
12/12/2025 13:15,4390.77
12/12/2025 13:20,4401.43
12/12/2025 13:25,4331.61
12/12/2025 13:30,4498.37
12/12/2025 13:35,4430.6
12/12/2025 13:40,4409.58
12/12/2025 13:45,4291.61
12/12/2025 13:50,4331.52
12/12/2025 13:55,4344.86
12/12/2025 14:00,4452.92
12/12/2025 14:05,4339.55
12/12/2025 14:10,4227.84
12/12/2025 14:15,4342.33
12/12/2025 14:20,4442.81
12/12/2025 14:25,4224.08
12/12/2025 14:30,4272.34
12/12/2025 14:35,4397.23
12/12/2025 14:40,4311.11
12/12/2025 14:45,4373.74
12/12/2025 14:50,4248.25
12/12/2025 14:55,4215.28
12/12/2025 15:00,4387.89
12/12/2025 15:05,4289.92
12/12/2025 15:10,4384.18
12/12/2025 15:15,4291.77
12/12/2025 15:20,4397.63
12/12/2025 15:25,4430.52
12/12/2025 15:30,4332.63
12/12/2025 15:35,4401.66
12/12/2025 15:40,4312.91
12/12/2025 15:45,4316.49
12/12/2025 15:50,4383.98
12/12/2025 15:55,4403.33
12/12/2025 16:00,4522.76
12/12/2025 16:05,4466.39
12/12/2025 16:10,4547.1
12/12/2025 16:15,4444.04
12/12/2025 16:20,4495.72
12/12/2025 16:25,4500.8
12/12/2025 16:30,4642.39
12/12/2025 16:35,4554.08
12/12/2025 16:40,4499.54
12/12/2025 16:45,4549.61
12/12/2025 16:50,4620.82
12/12/2025 16:55,4517.0
12/12/2025 17:00,4717.16
12/12/2025 17:05,4676.96
12/12/2025 17:10,4598.76
12/12/2025 17:15,4710.77
12/12/2025 17:20,4718.97
12/12/2025 17:25,4704.67
12/12/2025 17:30,4742.15
12/12/2025 17:35,4748.47
12/12/2025 17:40,4893.71
12/12/2025 17:45,4675.44
12/12/2025 17:50,4660.18
12/12/2025 17:55,4995.37
12/12/2025 18:00,4767.01
12/12/2025 18:05,4872.51
12/12/2025 18:10,5001.49
12/12/2025 18:15,4912.39
12/12/2025 18:20,5044.33
12/12/2025 18:25,4910.76
12/12/2025 18:30,5035.61
12/12/2025 18:35,4975.16
12/12/2025 18:40,5222.44
12/12/2025 18:45,4984.4
12/12/2025 18:50,5005.69
12/12/2025 18:55,5123.42
12/12/2025 19:00,5291.52
12/12/2025 19:05,5231.82
12/12/2025 19:10,5145.25
12/12/2025 19:15,5072.17
12/12/2025 19:20,5125.45
12/12/2025 19:25,5155.72
12/12/2025 19:30,4979.03
12/12/2025 19:35,5293.45
12/12/2025 19:40,5015.7
12/12/2025 19:45,5139.95
12/12/2025 19:50,5215.65
12/12/2025 19:55,5088.79
12/12/2025 20:00,5217.34
12/12/2025 20:05,5126.43
12/12/2025 20:10,5039.63
12/12/2025 20:15,5167.07
12/12/2025 20:20,5054.06
12/12/2025 20:25,5116.55
12/12/2025 20:30,4939.77
12/12/2025 20:35,5002.51
12/12/2025 20:40,4923.48
12/12/2025 20:45,4980.38
12/12/2025 20:50,4853.43
12/12/2025 20:55,4820.27
12/12/2025 21:00,4859.23
12/12/2025 21:05,4650.92
12/12/2025 21:10,4823.53
12/12/2025 21:15,4654.59
12/12/2025 21:20,4724.88
12/12/2025 21:25,4539.5
12/12/2025 21:30,4522.76
12/12/2025 21:35,4576.67
12/12/2025 21:40,4431.7
12/12/2025 21:45,4336.03
12/12/2025 21:50,4559.16
12/12/2025 21:55,4318.49
12/12/2025 22:00,4297.37
12/12/2025 22:05,4169.23
12/12/2025 22:10,4120.45
12/12/2025 22:15,4215.28
12/12/2025 22:20,3915.21
12/12/2025 22:25,3938.27
12/12/2025 22:30,3987.12
12/12/2025 22:35,4009.75
12/12/2025 22:40,3910.64
12/12/2025 22:45,3642.37
12/12/2025 22:50,3749.41
12/12/2025 22:55,3724.81
12/12/2025 23:00,3578.26
12/12/2025 23:05,3749.95
12/12/2025 23:10,3574.91
12/12/2025 23:15,3528.77
12/12/2025 23:20,3478.84
12/12/2025 23:25,3423.99
12/12/2025 23:30,3451.35
12/12/2025 23:35,3242.11
12/12/2025 23:40,3327.98
12/12/2025 23:45,3128.9
12/12/2025 23:50,3118.27
12/12/2025 23:55,3156.15
13/12/2025 00:00,2800.19
13/12/2025 00:05,2840.75
13/12/2025 00:10,2729.03
13/12/2025 00:15,2810.1
13/12/2025 00:20,2734.47
13/12/2025 00:25,2734.47
13/12/2025 00:30,2656.96
13/12/2025 00:35,2618.51
13/12/2025 00:40,2625.57
13/12/2025 00:45,2665.63
13/12/2025 00:50,2548.99
13/12/2025 00:55,2576.2
13/12/2025 01:00,2467.32
13/12/2025 01:05,2475.64
13/12/2025 01:10,2368.87
13/12/2025 01:15,2281.44
13/12/2025 01:20,2290.85
13/12/2025 01:25,2244.07
13/12/2025 01:30,2414.72
13/12/2025 01:35,2314.79
13/12/2025 01:40,2266.23
13/12/2025 01:45,2320.28
13/12/2025 01:50,2112.34
13/12/2025 01:55,2185.45
13/12/2025 02:00,1900.0
13/12/2025 02:05,1900.0
13/12/2025 02:10,1900.0
13/12/2025 02:15,1900.0
13/12/2025 02:20,1909.17
13/12/2025 02:25,1900.0
13/12/2025 02:30,1958.77
13/12/2025 02:35,1900.0
13/12/2025 02:40,1900.0
13/12/2025 02:45,1900.0
13/12/2025 02:50,1900.0
13/12/2025 02:55,1900.0
13/12/2025 03:00,1900.0
13/12/2025 03:05,1900.0
13/12/2025 03:10,1900.0
13/12/2025 03:15,1900.0
13/12/2025 03:20,1900.0
13/12/2025 03:25,1900.0
13/12/2025 03:30,1900.0
13/12/2025 03:35,1900.0
13/12/2025 03:40,1919.32
13/12/2025 03:45,1900.0
13/12/2025 03:50,1928.01
13/12/2025 03:55,1971.8
13/12/2025 04:00,1900.0
13/12/2025 04:05,1900.0
13/12/2025 04:10,1900.0
13/12/2025 04:15,1900.0
13/12/2025 04:20,1900.0
13/12/2025 04:25,1987.93
13/12/2025 04:30,1900.0
13/12/2025 04:35,1900.0
13/12/2025 04:40,1900.0
13/12/2025 04:45,1900.0
13/12/2025 04:50,1956.57
13/12/2025 04:55,1900.0
13/12/2025 05:00,1968.78
13/12/2025 05:05,2094.06
13/12/2025 05:10,2051.92
13/12/2025 05:15,2014.04
13/12/2025 05:20,2263.9
13/12/2025 05:25,2197.73
13/12/2025 05:30,2243.7
13/12/2025 05:35,2301.09
13/12/2025 05:40,2317.11
13/12/2025 05:45,2433.71
13/12/2025 05:50,2428.84
13/12/2025 05:55,2436.43
13/12/2025 06:00,2330.04
13/12/2025 06:05,2462.98
13/12/2025 06:10,2532.4
13/12/2025 06:15,2545.86
13/12/2025 06:20,2529.06
13/12/2025 06:25,2695.78
13/12/2025 06:30,2791.96
13/12/2025 06:35,2745.69
13/12/2025 06:40,2968.86
13/12/2025 06:45,2845.89
13/12/2025 06:50,2974.81
13/12/2025 06:55,3033.09
13/12/2025 07:00,3003.09
13/12/2025 07:05,3075.27
13/12/2025 07:10,3170.3
13/12/2025 07:15,3155.09
13/12/2025 07:20,3200.75
13/12/2025 07:25,3154.32
13/12/2025 07:30,3597.04
13/12/2025 07:35,3339.33
13/12/2025 07:40,3394.22
13/12/2025 07:45,3576.66
13/12/2025 07:50,3462.69
13/12/2025 07:55,3649.47
13/12/2025 08:00,3815.94
13/12/2025 08:05,3781.46
13/12/2025 08:10,3750.92
13/12/2025 08:15,3859.97
13/12/2025 08:20,3954.18
13/12/2025 08:25,3917.31
13/12/2025 08:30,4001.48
13/12/2025 08:35,4174.04
13/12/2025 08:40,4181.99
13/12/2025 08:45,4280.64
13/12/2025 08:50,4170.43
13/12/2025 08:55,4454.17
13/12/2025 09:00,4245.41
13/12/2025 09:05,4586.65
13/12/2025 09:10,4366.34
13/12/2025 09:15,4507.59
13/12/2025 09:20,4424.28
13/12/2025 09:25,4469.53
13/12/2025 09:30,4657.06
13/12/2025 09:35,4795.25
13/12/2025 09:40,4539.03
13/12/2025 09:45,4695.07
13/12/2025 09:50,4747.5
13/12/2025 09:55,4754.34
13/12/2025 10:00,4835.39
13/12/2025 10:05,4846.52
13/12/2025 10:10,4687.86
13/12/2025 10:15,4661.0
13/12/2025 10:20,4898.67
13/12/2025 10:25,4804.71
13/12/2025 10:30,4745.73
13/12/2025 10:35,4775.22
13/12/2025 10:40,4797.78
13/12/2025 10:45,4911.49
13/12/2025 10:50,4924.79
13/12/2025 10:55,4539.35
13/12/2025 11:00,4809.79
13/12/2025 11:05,4706.75
13/12/2025 11:10,4797.0
13/12/2025 11:15,4562.63
13/12/2025 11:20,4727.9
13/12/2025 11:25,4618.65
13/12/2025 11:30,4481.2
13/12/2025 11:35,4531.12
13/12/2025 11:40,4392.48
13/12/2025 11:45,4465.22
13/12/2025 11:50,4528.85
13/12/2025 11:55,4477.27
13/12/2025 12:00,4295.6
13/12/2025 12:05,4258.05
13/12/2025 12:10,4267.67
13/12/2025 12:15,4349.19
13/12/2025 12:20,4216.51
13/12/2025 12:25,4362.33
13/12/2025 12:30,4287.34
13/12/2025 12:35,4117.4
13/12/2025 12:40,4390.86
13/12/2025 12:45,4288.21
13/12/2025 12:50,4215.3
13/12/2025 12:55,4204.67
13/12/2025 13:00,4201.52
13/12/2025 13:05,4293.61
13/12/2025 13:10,4220.88
13/12/2025 13:15,4108.85
13/12/2025 13:20,4142.35
13/12/2025 13:25,4120.07
13/12/2025 13:30,4175.24
13/12/2025 13:35,3989.03
13/12/2025 13:40,4091.43
13/12/2025 13:45,4209.41
13/12/2025 13:50,4121.99
13/12/2025 13:55,4068.98
13/12/2025 14:00,4153.5
13/12/2025 14:05,4066.58
13/12/2025 14:10,4132.89
13/12/2025 14:15,4087.51
13/12/2025 14:20,4149.34
13/12/2025 14:25,4003.78
13/12/2025 14:30,4055.1
13/12/2025 14:35,4024.35
13/12/2025 14:40,4076.53
13/12/2025 14:45,3941.28
13/12/2025 14:50,4040.37
13/12/2025 14:55,4012.87
13/12/2025 15:00,4050.49
13/12/2025 15:05,4136.49
13/12/2025 15:10,4002.47
13/12/2025 15:15,4066.74
13/12/2025 15:20,3890.0
13/12/2025 15:25,3958.4
13/12/2025 15:30,4102.18
13/12/2025 15:35,4172.73
13/12/2025 15:40,4229.66
13/12/2025 15:45,4052.51
13/12/2025 15:50,4047.17
13/12/2025 15:55,4148.6
13/12/2025 16:00,4373.11
13/12/2025 16:05,4187.47
13/12/2025 16:10,4220.72
13/12/2025 16:15,4420.48
13/12/2025 16:20,4364.63
13/12/2025 16:25,4144.11
13/12/2025 16:30,4221.9
13/12/2025 16:35,4382.96
13/12/2025 16:40,4314.48
13/12/2025 16:45,4248.7
13/12/2025 16:50,4347.88
13/12/2025 16:55,4388.02
13/12/2025 17:00,4336.27
13/12/2025 17:05,4548.91
13/12/2025 17:10,4392.73
13/12/2025 17:15,4521.35
13/12/2025 17:20,4458.53
13/12/2025 17:25,4469.96
13/12/2025 17:30,4661.95
13/12/2025 17:35,4445.54
13/12/2025 17:40,4642.33
13/12/2025 17:45,4540.29
13/12/2025 17:50,4427.65
13/12/2025 17:55,4577.82
13/12/2025 18:00,4635.91
13/12/2025 18:05,4694.4
13/12/2025 18:10,4652.99
13/12/2025 18:15,4564.48
13/12/2025 18:20,4757.57
13/12/2025 18:25,4884.09
13/12/2025 18:30,4776.07
13/12/2025 18:35,4828.93
13/12/2025 18:40,4849.87
13/12/2025 18:45,4868.25
13/12/2025 18:50,4871.85
13/12/2025 18:55,4899.03
13/12/2025 19:00,5002.12
13/12/2025 19:05,4948.59
13/12/2025 19:10,4840.28
13/12/2025 19:15,4954.31
13/12/2025 19:20,4720.82
13/12/2025 19:25,4832.65
13/12/2025 19:30,4857.61
13/12/2025 19:35,4838.5
13/12/2025 19:40,4947.72
13/12/2025 19:45,4618.75
13/12/2025 19:50,5040.87
13/12/2025 19:55,4957.5
13/12/2025 20:00,4930.8
13/12/2025 20:05,4868.75
13/12/2025 20:10,4800.79
13/12/2025 20:15,4902.36
13/12/2025 20:20,4724.4
13/12/2025 20:25,4708.56
13/12/2025 20:30,4670.87
13/12/2025 20:35,4657.38
13/12/2025 20:40,4699.99
13/12/2025 20:45,4665.63
13/12/2025 20:50,4656.6
13/12/2025 20:55,4592.65
13/12/2025 21:00,4596.96
13/12/2025 21:05,4548.24
13/12/2025 21:10,4471.63
13/12/2025 21:15,4379.22
13/12/2025 21:20,4389.82
13/12/2025 21:25,4362.08
13/12/2025 21:30,4333.41
13/12/2025 21:35,4180.43
13/12/2025 21:40,4148.3
13/12/2025 21:45,4104.54
13/12/2025 21:50,4003.38
13/12/2025 21:55,4131.99
13/12/2025 22:00,3904.88
13/12/2025 22:05,3866.24
13/12/2025 22:10,3723.51
13/12/2025 22:15,3800.61
13/12/2025 22:20,3725.06
13/12/2025 22:25,3727.48
13/12/2025 22:30,3648.98
13/12/2025 22:35,3624.44
13/12/2025 22:40,3649.66
13/12/2025 22:45,3549.68
13/12/2025 22:50,3471.58
13/12/2025 22:55,3316.64
13/12/2025 23:00,3429.32
13/12/2025 23:05,3359.37
13/12/2025 23:10,3273.92
13/12/2025 23:15,3291.62
13/12/2025 23:20,3220.24
13/12/2025 23:25,3053.55
13/12/2025 23:30,3207.38
13/12/2025 23:35,3258.23
13/12/2025 23:40,2935.84
13/12/2025 23:45,3070.7
13/12/2025 23:50,2997.37
13/12/2025 23:55,2798.68
14/12/2025 00:00,2701.11
14/12/2025 00:05,2882.38
14/12/2025 00:10,2729.79
14/12/2025 00:15,2729.89
14/12/2025 00:20,2699.07
14/12/2025 00:25,2615.38
14/12/2025 00:30,2539.58
14/12/2025 00:35,2634.43
14/12/2025 00:40,2617.69
14/12/2025 00:45,2570.56
14/12/2025 00:50,2379.47
14/12/2025 00:55,2494.26
14/12/2025 01:00,2589.94
14/12/2025 01:05,2376.25
14/12/2025 01:10,2496.47
14/12/2025 01:15,2315.67
14/12/2025 01:20,2413.85
14/12/2025 01:25,2334.19
14/12/2025 01:30,2403.38
14/12/2025 01:35,2347.1
14/12/2025 01:40,2266.67
14/12/2025 01:45,2277.18
14/12/2025 01:50,2123.97
14/12/2025 01:55,2182.74
14/12/2025 02:00,1900.0
14/12/2025 02:05,1900.0
14/12/2025 02:10,1900.0
14/12/2025 02:15,1900.0
14/12/2025 02:20,1900.0
14/12/2025 02:25,1900.0
14/12/2025 02:30,1900.0
14/12/2025 02:35,1900.0
14/12/2025 02:40,1917.47
14/12/2025 02:45,1944.9
14/12/2025 02:50,1900.0
14/12/2025 02:55,1900.0
14/12/2025 03:00,1900.0
14/12/2025 03:05,1900.0
14/12/2025 03:10,1906.76
14/12/2025 03:15,1900.0
14/12/2025 03:20,1903.78
14/12/2025 03:25,1900.0
14/12/2025 03:30,1900.0
14/12/2025 03:35,1900.0
14/12/2025 03:40,1900.0
14/12/2025 03:45,1900.0
14/12/2025 03:50,1995.81
14/12/2025 03:55,1900.0
14/12/2025 04:00,1900.0
14/12/2025 04:05,1900.0
14/12/2025 04:10,1900.0
14/12/2025 04:15,1900.0
14/12/2025 04:20,1900.0
14/12/2025 04:25,1900.0
14/12/2025 04:30,1900.0
14/12/2025 04:35,1900.0
14/12/2025 04:40,1900.0
14/12/2025 04:45,1900.0
14/12/2025 04:50,1900.0
14/12/2025 04:55,1949.03
14/12/2025 05:00,1900.0
14/12/2025 05:05,2035.07
14/12/2025 05:10,2118.0
14/12/2025 05:15,1949.16
14/12/2025 05:20,2173.95
14/12/2025 05:25,2120.87
14/12/2025 05:30,2276.07
14/12/2025 05:35,2272.28
14/12/2025 05:40,2414.17
14/12/2025 05:45,2438.5
14/12/2025 05:50,2311.87
14/12/2025 05:55,2553.46
14/12/2025 06:00,2638.29
14/12/2025 06:05,2538.51
14/12/2025 06:10,2605.55
14/12/2025 06:15,2544.94
14/12/2025 06:20,2637.72
14/12/2025 06:25,2689.12
14/12/2025 06:30,2749.19
14/12/2025 06:35,2757.59
14/12/2025 06:40,2769.2
14/12/2025 06:45,2822.09
14/12/2025 06:50,2858.1
14/12/2025 06:55,2907.81
14/12/2025 07:00,3030.2
14/12/2025 07:05,2917.09
14/12/2025 07:10,3174.71
14/12/2025 07:15,3184.34
14/12/2025 07:20,3239.9
14/12/2025 07:25,3198.48
14/12/2025 07:30,3223.5
14/12/2025 07:35,3351.56
14/12/2025 07:40,3431.57
14/12/2025 07:45,3554.97
14/12/2025 07:50,3599.51
14/12/2025 07:55,3475.94
14/12/2025 08:00,3729.72
14/12/2025 08:05,3813.3
14/12/2025 08:10,3825.77
14/12/2025 08:15,3860.99
14/12/2025 08:20,3797.76
14/12/2025 08:25,3941.35
14/12/2025 08:30,3945.45
14/12/2025 08:35,4135.33
14/12/2025 08:40,3998.15
14/12/2025 08:45,4306.05
14/12/2025 08:50,4277.37
14/12/2025 08:55,4395.86
14/12/2025 09:00,4457.98
14/12/2025 09:05,4309.13
14/12/2025 09:10,4554.35
14/12/2025 09:15,4518.64
14/12/2025 09:20,4474.25
14/12/2025 09:25,4488.58
14/12/2025 09:30,4587.08
14/12/2025 09:35,4756.12
14/12/2025 09:40,4748.53
14/12/2025 09:45,4755.69
14/12/2025 09:50,4569.38
14/12/2025 09:55,4646.5
14/12/2025 10:00,4838.35
14/12/2025 10:05,4801.81
14/12/2025 10:10,4858.17
14/12/2025 10:15,4768.45
14/12/2025 10:20,4822.02
14/12/2025 10:25,4831.0
14/12/2025 10:30,4860.84
14/12/2025 10:35,4758.82
14/12/2025 10:40,4818.18
14/12/2025 10:45,4751.12
14/12/2025 10:50,4710.18
14/12/2025 10:55,4928.7
14/12/2025 11:00,4635.56
14/12/2025 11:05,4779.23
14/12/2025 11:10,4710.11
14/12/2025 11:15,4751.56
14/12/2025 11:20,4610.49
14/12/2025 11:25,4482.1
14/12/2025 11:30,4612.99
14/12/2025 11:35,4472.46
14/12/2025 11:40,4464.78
14/12/2025 11:45,4550.73
14/12/2025 11:50,4456.16
14/12/2025 11:55,4619.18
14/12/2025 12:00,4349.65
14/12/2025 12:05,4274.33
14/12/2025 12:10,4220.72
14/12/2025 12:15,4278.12
14/12/2025 12:20,4383.15
14/12/2025 12:25,4088.51
14/12/2025 12:30,4389.65
14/12/2025 12:35,4305.36
14/12/2025 12:40,4226.14
14/12/2025 12:45,4214.36
14/12/2025 12:50,4236.89
14/12/2025 12:55,4137.68
14/12/2025 13:00,4198.35
14/12/2025 13:05,4078.65
14/12/2025 13:10,4333.6
14/12/2025 13:15,4183.26
14/12/2025 13:20,4097.72
14/12/2025 13:25,4093.9
14/12/2025 13:30,4053.8
14/12/2025 13:35,4129.52
14/12/2025 13:40,4154.32
14/12/2025 13:45,3904.88
14/12/2025 13:50,4045.2
14/12/2025 13:55,4062.59
14/12/2025 14:00,4136.13
14/12/2025 14:05,4044.88
14/12/2025 14:10,4037.84
14/12/2025 14:15,4191.62
14/12/2025 14:20,4042.26
14/12/2025 14:25,3895.4
14/12/2025 14:30,3920.02
14/12/2025 14:35,4128.14
14/12/2025 14:40,4053.86
14/12/2025 14:45,4180.28
14/12/2025 14:50,4113.69
14/12/2025 14:55,4065.01
14/12/2025 15:00,3933.18
14/12/2025 15:05,3963.74
14/12/2025 15:10,4026.06
14/12/2025 15:15,4041.86
14/12/2025 15:20,4040.94
14/12/2025 15:25,3954.54
14/12/2025 15:30,4120.15
14/12/2025 15:35,4162.27
14/12/2025 15:40,4181.78
14/12/2025 15:45,4097.85
14/12/2025 15:50,4194.5
14/12/2025 15:55,4171.04
14/12/2025 16:00,4246.47
14/12/2025 16:05,4189.03
14/12/2025 16:10,4302.96
14/12/2025 16:15,4319.72
14/12/2025 16:20,4341.7
14/12/2025 16:25,4316.15
14/12/2025 16:30,4341.99
14/12/2025 16:35,4371.22
14/12/2025 16:40,4424.07
14/12/2025 16:45,4405.87
14/12/2025 16:50,4406.78
14/12/2025 16:55,4329.95
14/12/2025 17:00,4417.09
14/12/2025 17:05,4339.47
14/12/2025 17:10,4435.61
14/12/2025 17:15,4227.38
14/12/2025 17:20,4463.14
14/12/2025 17:25,4567.67
14/12/2025 17:30,4451.95
14/12/2025 17:35,4423.44
14/12/2025 17:40,4514.6
14/12/2025 17:45,4442.78
14/12/2025 17:50,4563.26
14/12/2025 17:55,4456.96
14/12/2025 18:00,4611.47
14/12/2025 18:05,4681.03
14/12/2025 18:10,4767.56
14/12/2025 18:15,4774.32
14/12/2025 18:20,4698.77
14/12/2025 18:25,4723.16
14/12/2025 18:30,4596.91
14/12/2025 18:35,4703.58
14/12/2025 18:40,4756.58
14/12/2025 18:45,4799.32
14/12/2025 18:50,4723.24
14/12/2025 18:55,4826.74
14/12/2025 19:00,4828.14
14/12/2025 19:05,4872.73
14/12/2025 19:10,4839.31
14/12/2025 19:15,4859.75
14/12/2025 19:20,5015.92
14/12/2025 19:25,4822.84
14/12/2025 19:30,4884.33
14/12/2025 19:35,4844.07
14/12/2025 19:40,4887.32
14/12/2025 19:45,4940.71
14/12/2025 19:50,4814.76
14/12/2025 19:55,4855.38
14/12/2025 20:00,4887.34
14/12/2025 20:05,4849.9
14/12/2025 20:10,4881.15
14/12/2025 20:15,4748.49
14/12/2025 20:20,4776.96
14/12/2025 20:25,4580.01
14/12/2025 20:30,4811.66
14/12/2025 20:35,4697.53
14/12/2025 20:40,4759.97
14/12/2025 20:45,4703.47
14/12/2025 20:50,4736.64
14/12/2025 20:55,4635.77
14/12/2025 21:00,4659.09
14/12/2025 21:05,4558.0
14/12/2025 21:10,4449.61
14/12/2025 21:15,4498.95
14/12/2025 21:20,4408.21
14/12/2025 21:25,4364.58
14/12/2025 21:30,4434.27
14/12/2025 21:35,4326.12
14/12/2025 21:40,4077.65
14/12/2025 21:45,4157.73
14/12/2025 21:50,3989.88
14/12/2025 21:55,4349.38
14/12/2025 22:00,3929.82
14/12/2025 22:05,3984.93
14/12/2025 22:10,3769.74
14/12/2025 22:15,3832.88
14/12/2025 22:20,3895.02
14/12/2025 22:25,3861.64
14/12/2025 22:30,3751.23
14/12/2025 22:35,3693.04
14/12/2025 22:40,3651.0
14/12/2025 22:45,3415.66
14/12/2025 22:50,3536.1
14/12/2025 22:55,3517.74
14/12/2025 23:00,3353.93
14/12/2025 23:05,3410.22
14/12/2025 23:10,3114.15
14/12/2025 23:15,3344.15
14/12/2025 23:20,3383.05
14/12/2025 23:25,3160.87
14/12/2025 23:30,3119.98
14/12/2025 23:35,3026.66
14/12/2025 23:40,3048.11
14/12/2025 23:45,2855.26
14/12/2025 23:50,2777.81
14/12/2025 23:55,2771.01
15/12/2025 00:00,3081.09
15/12/2025 00:05,3072.4
15/12/2025 00:10,2844.13
15/12/2025 00:15,2986.06
15/12/2025 00:20,2899.88
15/12/2025 00:25,3006.39
15/12/2025 00:30,2904.97
15/12/2025 00:35,2962.45
15/12/2025 00:40,2984.42
15/12/2025 00:45,2784.29
15/12/2025 00:50,2844.18
15/12/2025 00:55,2667.71
15/12/2025 01:00,2699.54
15/12/2025 01:05,2560.68
15/12/2025 01:10,2685.36
15/12/2025 01:15,2728.97
15/12/2025 01:20,2731.01
15/12/2025 01:25,2576.51
15/12/2025 01:30,2572.3
15/12/2025 01:35,2778.23
15/12/2025 01:40,2488.66
15/12/2025 01:45,2491.99
15/12/2025 01:50,2587.45
15/12/2025 01:55,2454.56
15/12/2025 02:00,2070.84
15/12/2025 02:05,1976.4
15/12/2025 02:10,1996.0
15/12/2025 02:15,1937.49
15/12/2025 02:20,2196.74
15/12/2025 02:25,2039.82
15/12/2025 02:30,1945.23
15/12/2025 02:35,2186.87
15/12/2025 02:40,2079.2
15/12/2025 02:45,2124.61
15/12/2025 02:50,2046.1
15/12/2025 02:55,1960.55
15/12/2025 03:00,2161.51
15/12/2025 03:05,2041.83
15/12/2025 03:10,2043.42
15/12/2025 03:15,2116.23
15/12/2025 03:20,2174.49
15/12/2025 03:25,2038.03
15/12/2025 03:30,2076.26
15/12/2025 03:35,2114.22
15/12/2025 03:40,2186.43
15/12/2025 03:45,1900.0
15/12/2025 03:50,2046.48
15/12/2025 03:55,1922.37
15/12/2025 04:00,2034.43
15/12/2025 04:05,1953.33
15/12/2025 04:10,2017.62
15/12/2025 04:15,2020.72
15/12/2025 04:20,1935.88
15/12/2025 04:25,2049.2
15/12/2025 04:30,2177.31
15/12/2025 04:35,1900.0
15/12/2025 04:40,1978.01
15/12/2025 04:45,1934.34
15/12/2025 04:50,2090.46
15/12/2025 04:55,2006.54
15/12/2025 05:00,2188.54
15/12/2025 05:05,2328.12
15/12/2025 05:10,2375.47
15/12/2025 05:15,2391.77
15/12/2025 05:20,2582.73
15/12/2025 05:25,2433.68
15/12/2025 05:30,2612.17
15/12/2025 05:35,2600.58
15/12/2025 05:40,2537.15
15/12/2025 05:45,2641.31
15/12/2025 05:50,2659.02
15/12/2025 05:55,2723.49
15/12/2025 06:00,2734.12
15/12/2025 06:05,2870.83
15/12/2025 06:10,2946.5
15/12/2025 06:15,2854.54
15/12/2025 06:20,2968.86
15/12/2025 06:25,2903.56
15/12/2025 06:30,2947.94
15/12/2025 06:35,2936.84
15/12/2025 06:40,3119.86
15/12/2025 06:45,3112.79
15/12/2025 06:50,3050.83
15/12/2025 06:55,3223.32
15/12/2025 07:00,3052.53
15/12/2025 07:05,3405.87
15/12/2025 07:10,3234.93
15/12/2025 07:15,3347.45
15/12/2025 07:20,3700.84
15/12/2025 07:25,3604.88
15/12/2025 07:30,3569.53
15/12/2025 07:35,3624.44
15/12/2025 07:40,3810.54
15/12/2025 07:45,3824.48
15/12/2025 07:50,3834.34
15/12/2025 07:55,3835.8
15/12/2025 08:00,3983.66
15/12/2025 08:05,4046.48
15/12/2025 08:10,4049.76
15/12/2025 08:15,4156.71
15/12/2025 08:20,4208.36
15/12/2025 08:25,4182.39
15/12/2025 08:30,4406.4
15/12/2025 08:35,4312.04
15/12/2025 08:40,4292.11
15/12/2025 08:45,4402.29
15/12/2025 08:50,4655.33
15/12/2025 08:55,4564.6
15/12/2025 09:00,4639.9
15/12/2025 09:05,4665.59
15/12/2025 09:10,4603.83
15/12/2025 09:15,4699.96
15/12/2025 09:20,4948.16
15/12/2025 09:25,4718.71
15/12/2025 09:30,4872.75
15/12/2025 09:35,4932.3
15/12/2025 09:40,4944.04
15/12/2025 09:45,4870.42
15/12/2025 09:50,5087.41
15/12/2025 09:55,4960.77
15/12/2025 10:00,5010.73
15/12/2025 10:05,5000.91
15/12/2025 10:10,4950.14
15/12/2025 10:15,4990.21
15/12/2025 10:20,5016.96
15/12/2025 10:25,5098.55
15/12/2025 10:30,5104.22
15/12/2025 10:35,4951.92
15/12/2025 10:40,4999.76
15/12/2025 10:45,5033.91
15/12/2025 10:50,5228.86
15/12/2025 10:55,5119.64
15/12/2025 11:00,4948.07
15/12/2025 11:05,5060.41
15/12/2025 11:10,4927.41
15/12/2025 11:15,5013.41
15/12/2025 11:20,5023.1
15/12/2025 11:25,4882.53
15/12/2025 11:30,4838.5
15/12/2025 11:35,4782.62
15/12/2025 11:40,4799.37
15/12/2025 11:45,4733.73
15/12/2025 11:50,4814.68
15/12/2025 11:55,4824.84
15/12/2025 12:00,4402.66
15/12/2025 12:05,4533.0
15/12/2025 12:10,4584.59
15/12/2025 12:15,4541.64
15/12/2025 12:20,4568.91
15/12/2025 12:25,4638.88
15/12/2025 12:30,4584.88
15/12/2025 12:35,4570.9
15/12/2025 12:40,4515.6
15/12/2025 12:45,4544.44
15/12/2025 12:50,4348.64
15/12/2025 12:55,4508.87
15/12/2025 13:00,4411.55
15/12/2025 13:05,4592.86
15/12/2025 13:10,4417.94
15/12/2025 13:15,4445.89
15/12/2025 13:20,4555.05
15/12/2025 13:25,4477.94
15/12/2025 13:30,4453.82
15/12/2025 13:35,4516.61
15/12/2025 13:40,4269.94
15/12/2025 13:45,4310.98
15/12/2025 13:50,4487.82
15/12/2025 13:55,4255.62
15/12/2025 14:00,4228.67
15/12/2025 14:05,4339.99
15/12/2025 14:10,4267.52
15/12/2025 14:15,4335.39
15/12/2025 14:20,4339.4
15/12/2025 14:25,4373.29
15/12/2025 14:30,4392.97
15/12/2025 14:35,4331.73
15/12/2025 14:40,4215.73
15/12/2025 14:45,4242.84
15/12/2025 14:50,4329.01
15/12/2025 14:55,4195.88
15/12/2025 15:00,4355.45
15/12/2025 15:05,4302.52
15/12/2025 15:10,4065.34
15/12/2025 15:15,4242.48
15/12/2025 15:20,4277.76
15/12/2025 15:25,4267.16
15/12/2025 15:30,4202.0
15/12/2025 15:35,4317.2
15/12/2025 15:40,4414.64
15/12/2025 15:45,4284.8
15/12/2025 15:50,4330.62
15/12/2025 15:55,4502.28
15/12/2025 16:00,4340.29
15/12/2025 16:05,4442.94
15/12/2025 16:10,4499.88
15/12/2025 16:15,4571.91
15/12/2025 16:20,4464.9
15/12/2025 16:25,4348.58
15/12/2025 16:30,4478.54
15/12/2025 16:35,4443.72
15/12/2025 16:40,4638.95
15/12/2025 16:45,4552.44
15/12/2025 16:50,4531.64
15/12/2025 16:55,4582.98
15/12/2025 17:00,4685.91
15/12/2025 17:05,4540.42
15/12/2025 17:10,4710.37
15/12/2025 17:15,4735.97
15/12/2025 17:20,4715.04
15/12/2025 17:25,4637.31
15/12/2025 17:30,4748.23
15/12/2025 17:35,4839.93
15/12/2025 17:40,4790.2
15/12/2025 17:45,4837.58
15/12/2025 17:50,4898.8
15/12/2025 17:55,4730.25
15/12/2025 18:00,4850.23
15/12/2025 18:05,4850.76
15/12/2025 18:10,4792.94
15/12/2025 18:15,4904.77
15/12/2025 18:20,4836.82
15/12/2025 18:25,4958.89
15/12/2025 18:30,5028.97
15/12/2025 18:35,5111.66
15/12/2025 18:40,4958.56
15/12/2025 18:45,5101.71
15/12/2025 18:50,5004.08
15/12/2025 18:55,5223.07
15/12/2025 19:00,5039.84
15/12/2025 19:05,5092.29
15/12/2025 19:10,5047.81
15/12/2025 19:15,5171.99
15/12/2025 19:20,5070.24
15/12/2025 19:25,5196.86
15/12/2025 19:30,5030.84
15/12/2025 19:35,5162.95
15/12/2025 19:40,5115.99
15/12/2025 19:45,5171.21
15/12/2025 19:50,5018.46
15/12/2025 19:55,5183.04
15/12/2025 20:00,5059.26
15/12/2025 20:05,5048.54
15/12/2025 20:10,5111.67
15/12/2025 20:15,4980.09
15/12/2025 20:20,4991.45
15/12/2025 20:25,4908.45
15/12/2025 20:30,5156.32
15/12/2025 20:35,4918.76
15/12/2025 20:40,4938.82
15/12/2025 20:45,4850.65
15/12/2025 20:50,4964.45
15/12/2025 20:55,4857.95
15/12/2025 21:00,4875.5
15/12/2025 21:05,4837.7
15/12/2025 21:10,4698.08
15/12/2025 21:15,4657.62
15/12/2025 21:20,4679.79
15/12/2025 21:25,4703.61
15/12/2025 21:30,4413.76
15/12/2025 21:35,4556.38
15/12/2025 21:40,4455.23
15/12/2025 21:45,4453.13
15/12/2025 21:50,4317.34
15/12/2025 21:55,4191.18
15/12/2025 22:00,4255.74
15/12/2025 22:05,4333.49
15/12/2025 22:10,4290.89
15/12/2025 22:15,4119.07
15/12/2025 22:20,4087.86
15/12/2025 22:25,4064.55
15/12/2025 22:30,3924.72
15/12/2025 22:35,3845.87
15/12/2025 22:40,3977.45
15/12/2025 22:45,3906.04
15/12/2025 22:50,3723.55
15/12/2025 22:55,3703.38
15/12/2025 23:00,3759.03
15/12/2025 23:05,3507.13
15/12/2025 23:10,3558.89
15/12/2025 23:15,3535.76
15/12/2025 23:20,3559.65
15/12/2025 23:25,3224.66
15/12/2025 23:30,3377.11
15/12/2025 23:35,3273.91
15/12/2025 23:40,3260.28
15/12/2025 23:45,3146.29
15/12/2025 23:50,3228.94
15/12/2025 23:55,3182.68
16/12/2025 00:00,3093.09
16/12/2025 00:05,3050.56
16/12/2025 00:10,2942.12
16/12/2025 00:15,2963.14
16/12/2025 00:20,2962.17
16/12/2025 00:25,2853.17
16/12/2025 00:30,2868.11
16/12/2025 00:35,2862.5
16/12/2025 00:40,2878.3
16/12/2025 00:45,2718.16
16/12/2025 00:50,2856.21
16/12/2025 00:55,2783.14
16/12/2025 01:00,2828.87
16/12/2025 01:05,2587.82
16/12/2025 01:10,2757.34
16/12/2025 01:15,2622.82
16/12/2025 01:20,2666.18
16/12/2025 01:25,2718.67
16/12/2025 01:30,2706.45
16/12/2025 01:35,2567.32
16/12/2025 01:40,2561.46
16/12/2025 01:45,2412.82
16/12/2025 01:50,2662.96
16/12/2025 01:55,2537.79
16/12/2025 02:00,2011.94
16/12/2025 02:05,2064.33
16/12/2025 02:10,2072.34
16/12/2025 02:15,1959.03
16/12/2025 02:20,2109.93
16/12/2025 02:25,2077.25
16/12/2025 02:30,2258.73
16/12/2025 02:35,2024.88
16/12/2025 02:40,2140.94
16/12/2025 02:45,2067.29
16/12/2025 02:50,2005.84
16/12/2025 02:55,2037.09
16/12/2025 03:00,1900.0
16/12/2025 03:05,2191.24
16/12/2025 03:10,2029.32
16/12/2025 03:15,2220.21
16/12/2025 03:20,2148.76
16/12/2025 03:25,2115.22
16/12/2025 03:30,1992.21
16/12/2025 03:35,2000.78
16/12/2025 03:40,1900.0
16/12/2025 03:45,1900.0
16/12/2025 03:50,1913.64
16/12/2025 03:55,1999.13
16/12/2025 04:00,2051.13
16/12/2025 04:05,2041.65
16/12/2025 04:10,2202.56
16/12/2025 04:15,1903.01
16/12/2025 04:20,1905.66
16/12/2025 04:25,2026.63
16/12/2025 04:30,2085.23
16/12/2025 04:35,1971.96
16/12/2025 04:40,1992.3
16/12/2025 04:45,2231.53
16/12/2025 04:50,2076.24
16/12/2025 04:55,2171.8
16/12/2025 05:00,2179.64
16/12/2025 05:05,2325.74
16/12/2025 05:10,2155.08
16/12/2025 05:15,2467.12
16/12/2025 05:20,2497.54
16/12/2025 05:25,2520.76
16/12/2025 05:30,2689.99
16/12/2025 05:35,2570.42
16/12/2025 05:40,2548.4
16/12/2025 05:45,2678.4
16/12/2025 05:50,2500.81
16/12/2025 05:55,2686.02
16/12/2025 06:00,2786.63
16/12/2025 06:05,2976.82
16/12/2025 06:10,2741.62
16/12/2025 06:15,2860.39
16/12/2025 06:20,2719.77
16/12/2025 06:25,2972.18
16/12/2025 06:30,3122.0
16/12/2025 06:35,3158.27
16/12/2025 06:40,3106.93
16/12/2025 06:45,3222.72
16/12/2025 06:50,3081.59
16/12/2025 06:55,3186.15
16/12/2025 07:00,3146.66
16/12/2025 07:05,3360.28
16/12/2025 07:10,3344.33
16/12/2025 07:15,3373.65
16/12/2025 07:20,3545.37
16/12/2025 07:25,3491.61
16/12/2025 07:30,3660.77
16/12/2025 07:35,3525.25
16/12/2025 07:40,3730.2
16/12/2025 07:45,3711.89
16/12/2025 07:50,3837.44
16/12/2025 07:55,3807.85
16/12/2025 08:00,4088.44
16/12/2025 08:05,3872.37
16/12/2025 08:10,4077.48
16/12/2025 08:15,4100.67
16/12/2025 08:20,4090.75
16/12/2025 08:25,4202.88
16/12/2025 08:30,4363.53
16/12/2025 08:35,4429.7
16/12/2025 08:40,4408.75
16/12/2025 08:45,4503.24
16/12/2025 08:50,4405.83
16/12/2025 08:55,4694.57
16/12/2025 09:00,4650.19
16/12/2025 09:05,4718.29
16/12/2025 09:10,4737.6
16/12/2025 09:15,4746.18
16/12/2025 09:20,4900.58
16/12/2025 09:25,4821.69
16/12/2025 09:30,4805.5
16/12/2025 09:35,4941.73
16/12/2025 09:40,4945.0
16/12/2025 09:45,5003.48
16/12/2025 09:50,5211.55
16/12/2025 09:55,4992.23
16/12/2025 10:00,4945.81
16/12/2025 10:05,4871.29
16/12/2025 10:10,5021.39
16/12/2025 10:15,4975.23
16/12/2025 10:20,5005.83
16/12/2025 10:25,5107.52
16/12/2025 10:30,4840.35
16/12/2025 10:35,4994.62
16/12/2025 10:40,5003.3
16/12/2025 10:45,5067.63
16/12/2025 10:50,5012.15
16/12/2025 10:55,4886.38
16/12/2025 11:00,4973.59
16/12/2025 11:05,4889.16
16/12/2025 11:10,5051.37
16/12/2025 11:15,4813.1
16/12/2025 11:20,4912.79
16/12/2025 11:25,4991.42
16/12/2025 11:30,4793.0
16/12/2025 11:35,4781.58
16/12/2025 11:40,4783.57
16/12/2025 11:45,4772.74
16/12/2025 11:50,4692.37
16/12/2025 11:55,4765.65
16/12/2025 12:00,4656.86
16/12/2025 12:05,4443.54
16/12/2025 12:10,4584.11
16/12/2025 12:15,4497.89
16/12/2025 12:20,4450.05
16/12/2025 12:25,4438.51
16/12/2025 12:30,4461.78
16/12/2025 12:35,4402.39
16/12/2025 12:40,4557.71
16/12/2025 12:45,4455.62
16/12/2025 12:50,4356.83
16/12/2025 12:55,4451.86
16/12/2025 13:00,4485.56
16/12/2025 13:05,4449.49
16/12/2025 13:10,4227.13
16/12/2025 13:15,4547.59
16/12/2025 13:20,4330.99
16/12/2025 13:25,4367.18
16/12/2025 13:30,4279.03
16/12/2025 13:35,4457.18
16/12/2025 13:40,4409.36
16/12/2025 13:45,4502.35
16/12/2025 13:50,4484.56
16/12/2025 13:55,4343.44
16/12/2025 14:00,4300.81
16/12/2025 14:05,4402.88
16/12/2025 14:10,4452.88
16/12/2025 14:15,4232.39
16/12/2025 14:20,4309.05
16/12/2025 14:25,4275.76
16/12/2025 14:30,4270.15
16/12/2025 14:35,4396.15
16/12/2025 14:40,4396.88
16/12/2025 14:45,4202.65
16/12/2025 14:50,4339.91
16/12/2025 14:55,4426.87
16/12/2025 15:00,4250.58
16/12/2025 15:05,4449.72
16/12/2025 15:10,4187.41
16/12/2025 15:15,4201.9
16/12/2025 15:20,4312.75
16/12/2025 15:25,4413.94
16/12/2025 15:30,4221.39
16/12/2025 15:35,4277.47
16/12/2025 15:40,4408.45
16/12/2025 15:45,4429.87
16/12/2025 15:50,4420.36
16/12/2025 15:55,4415.6
16/12/2025 16:00,4495.07
16/12/2025 16:05,4418.68
16/12/2025 16:10,4551.03
16/12/2025 16:15,4524.53
16/12/2025 16:20,4457.02
16/12/2025 16:25,4581.15
16/12/2025 16:30,4519.05
16/12/2025 16:35,4418.59
16/12/2025 16:40,4648.3
16/12/2025 16:45,4588.41
16/12/2025 16:50,4629.21
16/12/2025 16:55,4785.66
16/12/2025 17:00,4712.81
16/12/2025 17:05,4749.99
16/12/2025 17:10,4733.95
16/12/2025 17:15,4766.61
16/12/2025 17:20,4689.23
16/12/2025 17:25,4812.16
16/12/2025 17:30,4622.46
16/12/2025 17:35,4711.69
16/12/2025 17:40,4830.29
16/12/2025 17:45,4799.14
16/12/2025 17:50,4904.42
16/12/2025 17:55,4843.08
16/12/2025 18:00,4835.63
16/12/2025 18:05,4956.4
16/12/2025 18:10,4958.08
16/12/2025 18:15,4851.45
16/12/2025 18:20,4913.79
16/12/2025 18:25,4922.62
16/12/2025 18:30,4951.59
16/12/2025 18:35,5167.62
16/12/2025 18:40,5083.8
16/12/2025 18:45,5083.6
16/12/2025 18:50,5187.21
16/12/2025 18:55,5144.57
16/12/2025 19:00,5114.37
16/12/2025 19:05,5012.97
16/12/2025 19:10,5077.07
16/12/2025 19:15,5215.14
16/12/2025 19:20,5171.24
16/12/2025 19:25,5076.27
16/12/2025 19:30,5096.31
16/12/2025 19:35,5265.64
16/12/2025 19:40,5116.14
16/12/2025 19:45,5146.74
16/12/2025 19:50,5098.35
16/12/2025 19:55,5071.29
16/12/2025 20:00,5109.01
16/12/2025 20:05,5008.4
16/12/2025 20:10,5145.09
16/12/2025 20:15,5010.68
16/12/2025 20:20,5166.68
16/12/2025 20:25,4922.93
16/12/2025 20:30,4839.13
16/12/2025 20:35,4847.78
16/12/2025 20:40,4969.52
16/12/2025 20:45,4909.64
16/12/2025 20:50,4888.31
16/12/2025 20:55,4922.45
16/12/2025 21:00,4951.42
16/12/2025 21:05,4898.33
16/12/2025 21:10,4877.79
16/12/2025 21:15,4677.88
16/12/2025 21:20,4576.87
16/12/2025 21:25,4608.31
16/12/2025 21:30,4623.73
16/12/2025 21:35,4656.07
16/12/2025 21:40,4567.34
16/12/2025 21:45,4407.77
16/12/2025 21:50,4268.35
16/12/2025 21:55,4297.39
16/12/2025 22:00,4441.02
16/12/2025 22:05,4136.61
16/12/2025 22:10,4253.08
16/12/2025 22:15,4278.29
16/12/2025 22:20,4094.81
16/12/2025 22:25,4057.18
16/12/2025 22:30,4076.81
16/12/2025 22:35,3905.8
16/12/2025 22:40,3973.19
16/12/2025 22:45,3825.4
16/12/2025 22:50,3794.65
16/12/2025 22:55,3644.82
16/12/2025 23:00,3644.87
16/12/2025 23:05,3500.74
16/12/2025 23:10,3671.36
16/12/2025 23:15,3481.56
16/12/2025 23:20,3489.22
16/12/2025 23:25,3401.62
16/12/2025 23:30,3323.09
16/12/2025 23:35,3284.65
16/12/2025 23:40,3250.7
16/12/2025 23:45,3287.29
16/12/2025 23:50,3255.57
16/12/2025 23:55,3103.95
17/12/2025 00:00,3070.29
17/12/2025 00:05,3037.55
17/12/2025 00:10,2947.99
17/12/2025 00:15,3169.9
17/12/2025 00:20,2972.89
17/12/2025 00:25,2775.33
17/12/2025 00:30,3009.95
17/12/2025 00:35,2751.74
17/12/2025 00:40,2853.86
17/12/2025 00:45,2836.97
17/12/2025 00:50,3013.12
17/12/2025 00:55,2765.32
17/12/2025 01:00,2659.76
17/12/2025 01:05,2824.41
17/12/2025 01:10,2772.17
17/12/2025 01:15,2552.5
17/12/2025 01:20,2604.27
17/12/2025 01:25,2499.33
17/12/2025 01:30,2500.29
17/12/2025 01:35,2565.76
17/12/2025 01:40,2650.97
17/12/2025 01:45,2388.62
17/12/2025 01:50,2533.83
17/12/2025 01:55,2515.03
17/12/2025 02:00,2032.71
17/12/2025 02:05,2072.79
17/12/2025 02:10,1986.53
17/12/2025 02:15,1982.83
17/12/2025 02:20,1910.73
17/12/2025 02:25,2059.26
17/12/2025 02:30,2040.87
17/12/2025 02:35,2124.23
17/12/2025 02:40,2017.64
17/12/2025 02:45,2233.51
17/12/2025 02:50,2168.31
17/12/2025 02:55,1977.57
17/12/2025 03:00,2112.51
17/12/2025 03:05,2137.0
17/12/2025 03:10,2071.97
17/12/2025 03:15,1960.34
17/12/2025 03:20,2122.64
17/12/2025 03:25,2188.11
17/12/2025 03:30,2020.86
17/12/2025 03:35,2079.76
17/12/2025 03:40,2074.35
17/12/2025 03:45,2130.96
17/12/2025 03:50,1968.02
17/12/2025 03:55,2172.21
17/12/2025 04:00,2028.64
17/12/2025 04:05,2139.36
17/12/2025 04:10,2057.39
17/12/2025 04:15,2191.33
17/12/2025 04:20,2171.05
17/12/2025 04:25,2205.52
17/12/2025 04:30,2047.71
17/12/2025 04:35,2149.93
17/12/2025 04:40,1900.0
17/12/2025 04:45,2120.72
17/12/2025 04:50,2142.33
17/12/2025 04:55,2133.54
17/12/2025 05:00,2248.71
17/12/2025 05:05,2265.69
17/12/2025 05:10,2429.37
17/12/2025 05:15,2528.83
17/12/2025 05:20,2386.94
17/12/2025 05:25,2417.18
17/12/2025 05:30,2506.52
17/12/2025 05:35,2445.89
17/12/2025 05:40,2535.78
17/12/2025 05:45,2708.35
17/12/2025 05:50,2672.31
17/12/2025 05:55,2665.62
17/12/2025 06:00,2861.15
17/12/2025 06:05,2807.23
17/12/2025 06:10,2811.8
17/12/2025 06:15,2951.99
17/12/2025 06:20,2872.56
17/12/2025 06:25,2944.6
17/12/2025 06:30,3039.4
17/12/2025 06:35,3074.61
17/12/2025 06:40,3234.12
17/12/2025 06:45,3062.2
17/12/2025 06:50,3354.43
17/12/2025 06:55,3271.03
17/12/2025 07:00,3250.44
17/12/2025 07:05,3268.89
17/12/2025 07:10,3292.87
17/12/2025 07:15,3490.42
17/12/2025 07:20,3404.99
17/12/2025 07:25,3418.76
17/12/2025 07:30,3740.63
17/12/2025 07:35,3718.28
17/12/2025 07:40,3778.2
17/12/2025 07:45,3846.52
17/12/2025 07:50,3749.91
17/12/2025 07:55,4069.49
17/12/2025 08:00,3962.24
17/12/2025 08:05,3974.76
17/12/2025 08:10,3941.0
17/12/2025 08:15,4366.5
17/12/2025 08:20,4259.52
17/12/2025 08:25,4093.95
17/12/2025 08:30,4205.61
17/12/2025 08:35,4397.52
17/12/2025 08:40,4335.9
17/12/2025 08:45,4369.81
17/12/2025 08:50,4527.36
17/12/2025 08:55,4503.38
17/12/2025 09:00,4623.76
17/12/2025 09:05,4598.9
17/12/2025 09:10,4867.07
17/12/2025 09:15,4830.58
17/12/2025 09:20,4824.1
17/12/2025 09:25,4944.14
17/12/2025 09:30,4902.15
17/12/2025 09:35,4895.92
17/12/2025 09:40,4884.29
17/12/2025 09:45,5119.3
17/12/2025 09:50,4800.34
17/12/2025 09:55,5063.49
17/12/2025 10:00,4893.77
17/12/2025 10:05,5007.71
17/12/2025 10:10,4943.12
17/12/2025 10:15,5064.6
17/12/2025 10:20,5069.15
17/12/2025 10:25,5055.76
17/12/2025 10:30,5105.69
17/12/2025 10:35,5094.72
17/12/2025 10:40,4945.38
17/12/2025 10:45,5015.49
17/12/2025 10:50,4945.13
17/12/2025 10:55,5106.69
17/12/2025 11:00,5107.02
17/12/2025 11:05,4867.0
17/12/2025 11:10,4899.48
17/12/2025 11:15,4995.67
17/12/2025 11:20,4890.43
17/12/2025 11:25,4894.25
17/12/2025 11:30,4950.75
17/12/2025 11:35,4853.65
17/12/2025 11:40,4855.05
17/12/2025 11:45,4736.43
17/12/2025 11:50,4754.72
17/12/2025 11:55,4564.44
17/12/2025 12:00,4621.66
17/12/2025 12:05,4579.99
17/12/2025 12:10,4572.96
17/12/2025 12:15,4478.88
17/12/2025 12:20,4486.01
17/12/2025 12:25,4566.92
17/12/2025 12:30,4484.04
17/12/2025 12:35,4528.52
17/12/2025 12:40,4547.43
17/12/2025 12:45,4428.91
17/12/2025 12:50,4525.03
17/12/2025 12:55,4301.74
17/12/2025 13:00,4439.91
17/12/2025 13:05,4434.47
17/12/2025 13:10,4481.87
17/12/2025 13:15,4533.59
17/12/2025 13:20,4267.03
17/12/2025 13:25,4461.55
17/12/2025 13:30,4434.53
17/12/2025 13:35,4422.05
17/12/2025 13:40,4392.7
17/12/2025 13:45,4357.03
17/12/2025 13:50,4356.15
17/12/2025 13:55,4378.06
17/12/2025 14:00,4304.95
17/12/2025 14:05,4273.98
17/12/2025 14:10,4244.68
17/12/2025 14:15,4216.77
17/12/2025 14:20,4388.22
17/12/2025 14:25,4378.08
17/12/2025 14:30,4238.91
17/12/2025 14:35,4263.87
17/12/2025 14:40,4329.99
17/12/2025 14:45,4348.2
17/12/2025 14:50,4243.24
17/12/2025 14:55,4262.16
17/12/2025 15:00,4284.27
17/12/2025 15:05,4355.3
17/12/2025 15:10,4329.71
17/12/2025 15:15,4363.21
17/12/2025 15:20,4325.31
17/12/2025 15:25,4288.61
17/12/2025 15:30,4266.16
17/12/2025 15:35,4369.52
17/12/2025 15:40,4315.47
17/12/2025 15:45,4360.55
17/12/2025 15:50,4455.49
17/12/2025 15:55,4406.5
17/12/2025 16:00,4331.7
17/12/2025 16:05,4429.28
17/12/2025 16:10,4443.07
17/12/2025 16:15,4489.9
17/12/2025 16:20,4621.51
17/12/2025 16:25,4570.75
17/12/2025 16:30,4585.29
17/12/2025 16:35,4589.63
17/12/2025 16:40,4626.49
17/12/2025 16:45,4740.72
17/12/2025 16:50,4646.18
17/12/2025 16:55,4712.12
17/12/2025 17:00,4611.23
17/12/2025 17:05,4624.57
17/12/2025 17:10,4774.82
17/12/2025 17:15,4757.46
17/12/2025 17:20,4757.96
17/12/2025 17:25,4797.99
17/12/2025 17:30,4650.59
17/12/2025 17:35,4825.38
17/12/2025 17:40,4517.86
17/12/2025 17:45,4766.23
17/12/2025 17:50,4980.28
17/12/2025 17:55,4851.56
17/12/2025 18:00,4889.71
17/12/2025 18:05,4900.93
17/12/2025 18:10,4671.74
17/12/2025 18:15,5021.46
17/12/2025 18:20,4957.78
17/12/2025 18:25,4981.66
17/12/2025 18:30,4962.39
17/12/2025 18:35,5113.68
17/12/2025 18:40,4985.88
17/12/2025 18:45,4987.25
17/12/2025 18:50,5090.33
17/12/2025 18:55,5133.04
17/12/2025 19:00,5033.38
17/12/2025 19:05,5122.15
17/12/2025 19:10,5124.05
17/12/2025 19:15,5170.25
17/12/2025 19:20,5182.8
17/12/2025 19:25,5234.15
17/12/2025 19:30,5114.63
17/12/2025 19:35,5154.39
17/12/2025 19:40,5169.1
17/12/2025 19:45,5030.83
17/12/2025 19:50,5109.65
17/12/2025 19:55,4986.07
17/12/2025 20:00,5116.94
17/12/2025 20:05,5188.04
17/12/2025 20:10,5101.72
17/12/2025 20:15,5166.88
17/12/2025 20:20,4921.15
17/12/2025 20:25,5062.58
17/12/2025 20:30,4889.9
17/12/2025 20:35,5034.82
17/12/2025 20:40,4914.31
17/12/2025 20:45,4942.71
17/12/2025 20:50,4793.46
17/12/2025 20:55,4795.06
17/12/2025 21:00,4820.35
17/12/2025 21:05,4828.95
17/12/2025 21:10,4740.15
17/12/2025 21:15,4716.87
17/12/2025 21:20,4599.32
17/12/2025 21:25,4599.44
17/12/2025 21:30,4536.69
17/12/2025 21:35,4372.1
17/12/2025 21:40,4319.53
17/12/2025 21:45,4389.38
17/12/2025 21:50,4271.88
17/12/2025 21:55,4361.27
17/12/2025 22:00,4337.25
17/12/2025 22:05,4187.21
17/12/2025 22:10,4145.82
17/12/2025 22:15,3975.3
17/12/2025 22:20,4159.6
17/12/2025 22:25,4029.83
17/12/2025 22:30,3845.53
17/12/2025 22:35,3878.08
17/12/2025 22:40,3849.5
17/12/2025 22:45,3826.05
17/12/2025 22:50,3666.49
17/12/2025 22:55,3661.68
17/12/2025 23:00,3691.25
17/12/2025 23:05,3509.41
17/12/2025 23:10,3463.02
17/12/2025 23:15,3577.63
17/12/2025 23:20,3480.79
17/12/2025 23:25,3318.88
17/12/2025 23:30,3309.06
17/12/2025 23:35,3372.75
17/12/2025 23:40,3277.62
17/12/2025 23:45,3076.56
17/12/2025 23:50,3107.68
17/12/2025 23:55,3292.46
18/12/2025 00:00,3022.07
18/12/2025 00:05,3006.4
18/12/2025 00:10,2998.76
18/12/2025 00:15,3009.77
18/12/2025 00:20,3040.45
18/12/2025 00:25,2923.27
18/12/2025 00:30,2854.03
18/12/2025 00:35,2884.42
18/12/2025 00:40,2869.07
18/12/2025 00:45,2858.04
18/12/2025 00:50,2785.95
18/12/2025 00:55,2729.34
18/12/2025 01:00,2688.4
18/12/2025 01:05,2637.73
18/12/2025 01:10,2727.34
18/12/2025 01:15,2717.28
18/12/2025 01:20,2558.48
18/12/2025 01:25,2708.19
18/12/2025 01:30,2543.47
18/12/2025 01:35,2595.34
18/12/2025 01:40,2477.59
18/12/2025 01:45,2351.32
18/12/2025 01:50,2596.14
18/12/2025 01:55,2432.22
18/12/2025 02:00,2198.47
18/12/2025 02:05,2146.1
18/12/2025 02:10,2218.31
18/12/2025 02:15,2033.14
18/12/2025 02:20,1949.24
18/12/2025 02:25,1987.36
18/12/2025 02:30,1994.83
18/12/2025 02:35,1900.0
18/12/2025 02:40,2085.67
18/12/2025 02:45,2108.67
18/12/2025 02:50,1978.78
18/12/2025 02:55,2100.49
18/12/2025 03:00,2065.4
18/12/2025 03:05,1936.74
18/12/2025 03:10,2012.66
18/12/2025 03:15,2128.11
18/12/2025 03:20,1980.88
18/12/2025 03:25,2013.78
18/12/2025 03:30,1981.46
18/12/2025 03:35,2128.66
18/12/2025 03:40,2072.01
18/12/2025 03:45,2304.29
18/12/2025 03:50,2113.92
18/12/2025 03:55,2096.51
18/12/2025 04:00,2129.68
18/12/2025 04:05,2160.07
18/12/2025 04:10,2113.75
18/12/2025 04:15,2092.35
18/12/2025 04:20,2054.95
18/12/2025 04:25,2144.1
18/12/2025 04:30,2105.8
18/12/2025 04:35,2012.94
18/12/2025 04:40,2187.98
18/12/2025 04:45,2076.51
18/12/2025 04:50,2094.3
18/12/2025 04:55,2192.9
18/12/2025 05:00,2323.33
18/12/2025 05:05,2204.57
18/12/2025 05:10,2547.19
18/12/2025 05:15,2207.72
18/12/2025 05:20,2445.33
18/12/2025 05:25,2415.69
18/12/2025 05:30,2507.75
18/12/2025 05:35,2538.14
18/12/2025 05:40,2703.27
18/12/2025 05:45,2642.43
18/12/2025 05:50,2590.31
18/12/2025 05:55,2872.34
18/12/2025 06:00,2849.8
18/12/2025 06:05,2886.37
18/12/2025 06:10,2669.93
18/12/2025 06:15,2957.55
18/12/2025 06:20,3024.78
18/12/2025 06:25,2894.44
18/12/2025 06:30,3005.8
18/12/2025 06:35,3112.81
18/12/2025 06:40,3075.63
18/12/2025 06:45,3092.9
18/12/2025 06:50,3236.2
18/12/2025 06:55,3228.78
18/12/2025 07:00,3242.61
18/12/2025 07:05,3270.07
18/12/2025 07:10,3296.77
18/12/2025 07:15,3387.9
18/12/2025 07:20,3412.4
18/12/2025 07:25,3467.55
18/12/2025 07:30,3613.88
18/12/2025 07:35,3695.52
18/12/2025 07:40,3737.53
18/12/2025 07:45,3747.11
18/12/2025 07:50,3845.72
18/12/2025 07:55,3925.55
18/12/2025 08:00,3987.56
18/12/2025 08:05,4039.99
18/12/2025 08:10,4157.01
18/12/2025 08:15,4003.02
18/12/2025 08:20,4223.45
18/12/2025 08:25,4173.07
18/12/2025 08:30,4216.02
18/12/2025 08:35,4386.52
18/12/2025 08:40,4450.04
18/12/2025 08:45,4459.35
18/12/2025 08:50,4504.54
18/12/2025 08:55,4695.26
18/12/2025 09:00,4688.72
18/12/2025 09:05,4682.01
18/12/2025 09:10,4759.58
18/12/2025 09:15,4971.37
18/12/2025 09:20,4793.25
18/12/2025 09:25,4801.3
18/12/2025 09:30,4798.67
18/12/2025 09:35,4886.04
18/12/2025 09:40,4895.99
18/12/2025 09:45,4947.8
18/12/2025 09:50,4833.2
18/12/2025 09:55,5006.94
18/12/2025 10:00,5083.33
18/12/2025 10:05,5136.36
18/12/2025 10:10,5070.51
18/12/2025 10:15,5032.83
18/12/2025 10:20,4910.53
18/12/2025 10:25,4995.81
18/12/2025 10:30,5083.98
18/12/2025 10:35,5018.88
18/12/2025 10:40,5017.94
18/12/2025 10:45,4964.46
18/12/2025 10:50,4961.67
18/12/2025 10:55,5149.77
18/12/2025 11:00,5040.0
18/12/2025 11:05,5003.19
18/12/2025 11:10,4876.73
18/12/2025 11:15,4899.17
18/12/2025 11:20,4938.58
18/12/2025 11:25,4950.56
18/12/2025 11:30,4998.8
18/12/2025 11:35,4752.63
18/12/2025 11:40,4708.88
18/12/2025 11:45,4763.73
18/12/2025 11:50,4811.17
18/12/2025 11:55,4779.06
18/12/2025 12:00,4588.11
18/12/2025 12:05,4549.38
18/12/2025 12:10,4446.53
18/12/2025 12:15,4459.73
18/12/2025 12:20,4415.73
18/12/2025 12:25,4498.99
18/12/2025 12:30,4592.32
18/12/2025 12:35,4532.8
18/12/2025 12:40,4773.6
18/12/2025 12:45,4531.42
18/12/2025 12:50,4482.58
18/12/2025 12:55,4517.46
18/12/2025 13:00,4366.95
18/12/2025 13:05,4441.51
18/12/2025 13:10,4589.47
18/12/2025 13:15,4536.12
18/12/2025 13:20,4517.23
18/12/2025 13:25,4386.29
18/12/2025 13:30,4411.56
18/12/2025 13:35,4553.2
18/12/2025 13:40,4364.24
18/12/2025 13:45,4371.95
18/12/2025 13:50,4321.9
18/12/2025 13:55,4496.04
18/12/2025 14:00,4310.86
18/12/2025 14:05,4496.24
18/12/2025 14:10,4210.28
18/12/2025 14:15,4320.7
18/12/2025 14:20,4027.3
18/12/2025 14:25,4294.11
18/12/2025 14:30,4203.93
18/12/2025 14:35,4413.94
18/12/2025 14:40,4245.21
18/12/2025 14:45,4343.95
18/12/2025 14:50,4298.17
18/12/2025 14:55,4286.7
18/12/2025 15:00,4199.9
18/12/2025 15:05,4245.42
18/12/2025 15:10,4400.54
18/12/2025 15:15,4438.33
18/12/2025 15:20,4362.11
18/12/2025 15:25,4307.21
18/12/2025 15:30,4359.56
18/12/2025 15:35,4281.68
18/12/2025 15:40,4433.52
18/12/2025 15:45,4536.97
18/12/2025 15:50,4429.38
18/12/2025 15:55,4414.89
18/12/2025 16:00,4534.4
18/12/2025 16:05,4428.3
18/12/2025 16:10,4388.23
18/12/2025 16:15,4580.02
18/12/2025 16:20,4588.07
18/12/2025 16:25,4723.32
18/12/2025 16:30,4680.71
18/12/2025 16:35,4555.76
18/12/2025 16:40,4578.04
18/12/2025 16:45,4577.97
18/12/2025 16:50,4723.35
18/12/2025 16:55,4643.42
18/12/2025 17:00,4646.41
18/12/2025 17:05,4606.1
18/12/2025 17:10,4745.15
18/12/2025 17:15,4571.58
18/12/2025 17:20,4707.5
18/12/2025 17:25,4749.75
18/12/2025 17:30,4691.66
18/12/2025 17:35,4682.0
18/12/2025 17:40,4822.71
18/12/2025 17:45,4865.18
18/12/2025 17:50,4793.61
18/12/2025 17:55,4848.98
18/12/2025 18:00,4877.2
18/12/2025 18:05,4809.52
18/12/2025 18:10,4865.91
18/12/2025 18:15,5038.6
18/12/2025 18:20,4941.14
18/12/2025 18:25,5045.34
18/12/2025 18:30,5050.79
18/12/2025 18:35,4935.19
18/12/2025 18:40,4997.57
18/12/2025 18:45,5107.4
18/12/2025 18:50,4941.13
18/12/2025 18:55,5024.54
18/12/2025 19:00,5057.21
18/12/2025 19:05,5052.06
18/12/2025 19:10,4984.28
18/12/2025 19:15,5219.37
18/12/2025 19:20,4993.04
18/12/2025 19:25,5210.21
18/12/2025 19:30,5147.08
18/12/2025 19:35,5191.06
18/12/2025 19:40,5039.22
18/12/2025 19:45,5152.09
18/12/2025 19:50,5222.83
18/12/2025 19:55,5274.29
18/12/2025 20:00,5123.71
18/12/2025 20:05,5109.32
18/12/2025 20:10,5144.36
18/12/2025 20:15,5285.14
18/12/2025 20:20,5074.0
18/12/2025 20:25,5075.6
18/12/2025 20:30,4918.38
18/12/2025 20:35,4944.75
18/12/2025 20:40,4709.46
18/12/2025 20:45,4975.36
18/12/2025 20:50,4852.72
18/12/2025 20:55,4750.12
18/12/2025 21:00,4726.24
18/12/2025 21:05,4783.37
18/12/2025 21:10,4880.99
18/12/2025 21:15,4686.53
18/12/2025 21:20,4825.73
18/12/2025 21:25,4462.71
18/12/2025 21:30,4710.08
18/12/2025 21:35,4553.07
18/12/2025 21:40,4409.57
18/12/2025 21:45,4406.78
18/12/2025 21:50,4201.16
18/12/2025 21:55,4316.5
18/12/2025 22:00,4246.48
18/12/2025 22:05,4095.61
18/12/2025 22:10,4068.26
18/12/2025 22:15,4152.23
18/12/2025 22:20,3970.03
18/12/2025 22:25,3994.88
18/12/2025 22:30,3919.0
18/12/2025 22:35,3875.76
18/12/2025 22:40,3914.44
18/12/2025 22:45,3649.78
18/12/2025 22:50,3787.85
18/12/2025 22:55,3705.75
18/12/2025 23:00,3617.56
18/12/2025 23:05,3518.81
18/12/2025 23:10,3576.35
18/12/2025 23:15,3664.6
18/12/2025 23:20,3397.13
18/12/2025 23:25,3350.77
18/12/2025 23:30,3347.23
18/12/2025 23:35,3348.71
18/12/2025 23:40,3200.32
18/12/2025 23:45,3147.91
18/12/2025 23:50,3194.78
18/12/2025 23:55,2913.96
19/12/2025 00:00,3021.06
19/12/2025 00:05,3042.58
19/12/2025 00:10,3027.56
19/12/2025 00:15,2845.14
19/12/2025 00:20,2865.43
19/12/2025 00:25,2991.87
19/12/2025 00:30,3059.0
19/12/2025 00:35,2937.47
19/12/2025 00:40,2771.35
19/12/2025 00:45,2843.06
19/12/2025 00:50,2719.69
19/12/2025 00:55,2744.54
19/12/2025 01:00,2821.55
19/12/2025 01:05,2547.46
19/12/2025 01:10,2735.57
19/12/2025 01:15,2563.07
19/12/2025 01:20,2660.32
19/12/2025 01:25,2741.5
19/12/2025 01:30,2607.99
19/12/2025 01:35,2538.86
19/12/2025 01:40,2475.77
19/12/2025 01:45,2469.48
19/12/2025 01:50,2451.63
19/12/2025 01:55,2464.86
19/12/2025 02:00,2199.96
19/12/2025 02:05,2175.52
19/12/2025 02:10,2113.94
19/12/2025 02:15,1948.74
19/12/2025 02:20,2096.42
19/12/2025 02:25,1992.6
19/12/2025 02:30,2088.21
19/12/2025 02:35,2181.94
19/12/2025 02:40,2217.66
19/12/2025 02:45,1954.15
19/12/2025 02:50,2140.42
19/12/2025 02:55,2013.19
19/12/2025 03:00,2103.5
19/12/2025 03:05,2106.81
19/12/2025 03:10,2011.35
19/12/2025 03:15,2013.94
19/12/2025 03:20,2060.55
19/12/2025 03:25,1980.84
19/12/2025 03:30,1900.0
19/12/2025 03:35,2081.9
19/12/2025 03:40,1931.55
19/12/2025 03:45,1943.63
19/12/2025 03:50,2036.33
19/12/2025 03:55,2117.52
19/12/2025 04:00,2042.15
19/12/2025 04:05,2180.27
19/12/2025 04:10,2045.54
19/12/2025 04:15,2292.35
19/12/2025 04:20,1914.05
19/12/2025 04:25,1954.14
19/12/2025 04:30,2002.25
19/12/2025 04:35,2176.3
19/12/2025 04:40,2045.8
19/12/2025 04:45,1968.77
19/12/2025 04:50,2188.34
19/12/2025 04:55,2180.34
19/12/2025 05:00,2335.05
19/12/2025 05:05,2309.93
19/12/2025 05:10,2455.61
19/12/2025 05:15,2312.74
19/12/2025 05:20,2406.86
19/12/2025 05:25,2402.61
19/12/2025 05:30,2480.62
19/12/2025 05:35,2633.14
19/12/2025 05:40,2543.17
19/12/2025 05:45,2644.15
19/12/2025 05:50,2619.3
19/12/2025 05:55,2856.1
19/12/2025 06:00,2735.53
19/12/2025 06:05,2833.83
19/12/2025 06:10,2929.49
19/12/2025 06:15,2975.28
19/12/2025 06:20,2831.63
19/12/2025 06:25,2877.97
19/12/2025 06:30,3063.08
19/12/2025 06:35,3084.1
19/12/2025 06:40,2934.31
19/12/2025 06:45,3139.15
19/12/2025 06:50,3048.19
19/12/2025 06:55,3157.16
19/12/2025 07:00,3166.1
19/12/2025 07:05,3174.57
19/12/2025 07:10,3362.84
19/12/2025 07:15,3482.01
19/12/2025 07:20,3355.45
19/12/2025 07:25,3521.36
19/12/2025 07:30,3692.29
19/12/2025 07:35,3593.32
19/12/2025 07:40,3641.05
19/12/2025 07:45,3721.01
19/12/2025 07:50,3791.76
19/12/2025 07:55,3903.39
19/12/2025 08:00,3949.86
19/12/2025 08:05,3987.29
19/12/2025 08:10,4096.59
19/12/2025 08:15,4131.3
19/12/2025 08:20,4201.44
19/12/2025 08:25,4137.07
19/12/2025 08:30,4198.67
19/12/2025 08:35,4363.74
19/12/2025 08:40,4429.16
19/12/2025 08:45,4388.71
19/12/2025 08:50,4491.75
19/12/2025 08:55,4543.18
19/12/2025 09:00,4660.56
19/12/2025 09:05,4673.32
19/12/2025 09:10,4722.06
19/12/2025 09:15,4744.12
19/12/2025 09:20,4852.08
19/12/2025 09:25,4828.66
19/12/2025 09:30,4851.96
19/12/2025 09:35,4981.68
19/12/2025 09:40,4807.7
19/12/2025 09:45,4794.56
19/12/2025 09:50,4823.49
19/12/2025 09:55,4951.34
19/12/2025 10:00,5013.42
19/12/2025 10:05,5154.25
19/12/2025 10:10,5097.18
19/12/2025 10:15,5096.4
19/12/2025 10:20,5079.8
19/12/2025 10:25,4913.39
19/12/2025 10:30,5038.02
19/12/2025 10:35,4972.36
19/12/2025 10:40,4978.65
19/12/2025 10:45,5294.92
19/12/2025 10:50,4994.09
19/12/2025 10:55,5000.17
19/12/2025 11:00,4981.2
19/12/2025 11:05,4818.49
19/12/2025 11:10,4915.24
19/12/2025 11:15,4834.29
19/12/2025 11:20,4932.37
19/12/2025 11:25,4837.95
19/12/2025 11:30,4734.67
19/12/2025 11:35,5005.27
19/12/2025 11:40,4790.12
19/12/2025 11:45,4904.69
19/12/2025 11:50,4703.74
19/12/2025 11:55,4751.45
19/12/2025 12:00,4547.91
19/12/2025 12:05,4536.02
19/12/2025 12:10,4642.19
19/12/2025 12:15,4496.02
19/12/2025 12:20,4569.57
19/12/2025 12:25,4561.16
19/12/2025 12:30,4594.39
19/12/2025 12:35,4544.22
19/12/2025 12:40,4416.79
19/12/2025 12:45,4477.99
19/12/2025 12:50,4458.18
19/12/2025 12:55,4426.63
19/12/2025 13:00,4424.67
19/12/2025 13:05,4391.82
19/12/2025 13:10,4471.52
19/12/2025 13:15,4415.72
19/12/2025 13:20,4383.61
19/12/2025 13:25,4380.12
19/12/2025 13:30,4419.82
19/12/2025 13:35,4413.7
19/12/2025 13:40,4487.2
19/12/2025 13:45,4399.25
19/12/2025 13:50,4393.9
19/12/2025 13:55,4452.97
19/12/2025 14:00,4440.08
19/12/2025 14:05,4344.83
19/12/2025 14:10,4195.17
19/12/2025 14:15,4231.52
19/12/2025 14:20,4404.26
19/12/2025 14:25,4389.22
19/12/2025 14:30,4227.87
19/12/2025 14:35,4251.11
19/12/2025 14:40,4225.29
19/12/2025 14:45,4344.42
19/12/2025 14:50,4237.75
19/12/2025 14:55,4265.0
19/12/2025 15:00,4269.68
19/12/2025 15:05,4306.93
19/12/2025 15:10,4352.22
19/12/2025 15:15,4234.75
19/12/2025 15:20,4425.7
19/12/2025 15:25,4503.81
19/12/2025 15:30,4387.31
19/12/2025 15:35,4306.74
19/12/2025 15:40,4361.53
19/12/2025 15:45,4418.86
19/12/2025 15:50,4525.23
19/12/2025 15:55,4495.27
19/12/2025 16:00,4446.39
19/12/2025 16:05,4515.95
19/12/2025 16:10,4358.91
19/12/2025 16:15,4581.05
19/12/2025 16:20,4482.84
19/12/2025 16:25,4561.44
19/12/2025 16:30,4471.86
19/12/2025 16:35,4599.83
19/12/2025 16:40,4661.09
19/12/2025 16:45,4729.34
19/12/2025 16:50,4629.24
19/12/2025 16:55,4657.99
19/12/2025 17:00,4734.1
19/12/2025 17:05,4734.03
19/12/2025 17:10,4627.1
19/12/2025 17:15,4679.12
19/12/2025 17:20,4656.58
19/12/2025 17:25,4727.69
19/12/2025 17:30,4769.02
19/12/2025 17:35,4823.03
19/12/2025 17:40,4861.94
19/12/2025 17:45,4806.31
19/12/2025 17:50,4748.95
19/12/2025 17:55,4907.78
19/12/2025 18:00,4705.19
19/12/2025 18:05,4852.5
19/12/2025 18:10,5037.43
19/12/2025 18:15,4949.46
19/12/2025 18:20,4962.09
19/12/2025 18:25,4827.38
19/12/2025 18:30,5103.86
19/12/2025 18:35,5035.65
19/12/2025 18:40,5045.09
19/12/2025 18:45,5047.53
19/12/2025 18:50,4863.71
19/12/2025 18:55,5166.15
19/12/2025 19:00,5179.31
19/12/2025 19:05,5271.51
19/12/2025 19:10,5215.27
19/12/2025 19:15,5160.25
19/12/2025 19:20,5156.7
19/12/2025 19:25,5109.14
19/12/2025 19:30,5204.33
19/12/2025 19:35,5027.27
19/12/2025 19:40,4990.73
19/12/2025 19:45,5109.85
19/12/2025 19:50,5114.41
19/12/2025 19:55,5213.05
19/12/2025 20:00,5179.24
19/12/2025 20:05,4979.74
19/12/2025 20:10,5031.02
19/12/2025 20:15,5153.81
19/12/2025 20:20,4957.01
19/12/2025 20:25,4985.23
19/12/2025 20:30,4899.09
19/12/2025 20:35,5130.39
19/12/2025 20:40,4900.31
19/12/2025 20:45,4991.03
19/12/2025 20:50,4794.26
19/12/2025 20:55,4841.49
19/12/2025 21:00,4808.79
19/12/2025 21:05,4804.13
19/12/2025 21:10,4694.15
19/12/2025 21:15,4496.1
19/12/2025 21:20,4557.87
19/12/2025 21:25,4704.08
19/12/2025 21:30,4386.58
19/12/2025 21:35,4547.25
19/12/2025 21:40,4534.62
19/12/2025 21:45,4547.72
19/12/2025 21:50,4300.08
19/12/2025 21:55,4295.97
19/12/2025 22:00,4203.44
19/12/2025 22:05,4193.62
19/12/2025 22:10,4168.25
19/12/2025 22:15,4113.1
19/12/2025 22:20,4088.92
19/12/2025 22:25,3868.23
19/12/2025 22:30,3961.31
19/12/2025 22:35,3982.69
19/12/2025 22:40,3840.83
19/12/2025 22:45,3798.07
19/12/2025 22:50,3854.29
19/12/2025 22:55,3551.19
19/12/2025 23:00,3650.15
19/12/2025 23:05,3475.83
19/12/2025 23:10,3504.19
19/12/2025 23:15,3552.62
19/12/2025 23:20,3512.79
19/12/2025 23:25,3358.33
19/12/2025 23:30,3363.82
19/12/2025 23:35,3338.01
19/12/2025 23:40,3176.3
19/12/2025 23:45,3292.34
19/12/2025 23:50,3118.27
19/12/2025 23:55,3130.79
20/12/2025 00:00,2897.45
20/12/2025 00:05,2656.44
20/12/2025 00:10,2754.22
20/12/2025 00:15,2752.69
20/12/2025 00:20,2638.63
20/12/2025 00:25,2730.2
20/12/2025 00:30,2559.09
20/12/2025 00:35,2583.16
20/12/2025 00:40,2440.21
20/12/2025 00:45,2543.67
20/12/2025 00:50,2683.97
20/12/2025 00:55,2475.73
20/12/2025 01:00,2401.0
20/12/2025 01:05,2450.85
20/12/2025 01:10,2421.26
20/12/2025 01:15,2458.39
20/12/2025 01:20,2600.62
20/12/2025 01:25,2421.44
20/12/2025 01:30,2267.66
20/12/2025 01:35,2348.28
20/12/2025 01:40,2359.32
20/12/2025 01:45,2312.82
20/12/2025 01:50,2264.93
20/12/2025 01:55,2265.37
20/12/2025 02:00,1900.0
20/12/2025 02:05,1900.0
20/12/2025 02:10,1950.56
20/12/2025 02:15,1900.0
20/12/2025 02:20,1900.0
20/12/2025 02:25,1900.0
20/12/2025 02:30,1900.0
20/12/2025 02:35,1900.0
20/12/2025 02:40,1900.0
20/12/2025 02:45,1900.0
20/12/2025 02:50,1900.0
20/12/2025 02:55,1900.0
20/12/2025 03:00,1900.0
20/12/2025 03:05,1900.0
20/12/2025 03:10,1900.0
20/12/2025 03:15,1900.0
20/12/2025 03:20,1900.0
20/12/2025 03:25,1909.48
20/12/2025 03:30,1970.23
20/12/2025 03:35,1900.0
20/12/2025 03:40,1900.0
20/12/2025 03:45,1900.0
20/12/2025 03:50,1900.0
20/12/2025 03:55,1900.0
20/12/2025 04:00,1900.0
20/12/2025 04:05,1900.0
20/12/2025 04:10,1955.98
20/12/2025 04:15,1900.0
20/12/2025 04:20,1900.0
20/12/2025 04:25,1900.0
20/12/2025 04:30,1900.0
20/12/2025 04:35,1900.0
20/12/2025 04:40,1900.0
20/12/2025 04:45,1900.0
20/12/2025 04:50,1900.0
20/12/2025 04:55,1900.0
20/12/2025 05:00,2078.65
20/12/2025 05:05,2084.67
20/12/2025 05:10,2138.54
20/12/2025 05:15,2118.96
20/12/2025 05:20,2208.43
20/12/2025 05:25,2419.38
20/12/2025 05:30,2229.43
20/12/2025 05:35,2254.53
20/12/2025 05:40,2274.11
20/12/2025 05:45,2360.44
20/12/2025 05:50,2392.52
20/12/2025 05:55,2525.22
20/12/2025 06:00,2509.54
20/12/2025 06:05,2631.69
20/12/2025 06:10,2725.41
20/12/2025 06:15,2641.93
20/12/2025 06:20,2730.19
20/12/2025 06:25,2686.05
20/12/2025 06:30,2693.68
20/12/2025 06:35,2913.16
20/12/2025 06:40,2870.85
20/12/2025 06:45,2660.9
20/12/2025 06:50,2797.24
20/12/2025 06:55,2828.84
20/12/2025 07:00,2999.35
20/12/2025 07:05,3036.78
20/12/2025 07:10,3212.56
20/12/2025 07:15,3230.66
20/12/2025 07:20,3224.75
20/12/2025 07:25,3334.47
20/12/2025 07:30,3341.82
20/12/2025 07:35,3463.42
20/12/2025 07:40,3410.83
20/12/2025 07:45,3477.42
20/12/2025 07:50,3562.58
20/12/2025 07:55,3695.7
20/12/2025 08:00,3627.51
20/12/2025 08:05,3866.72
20/12/2025 08:10,3866.43
20/12/2025 08:15,3886.2
20/12/2025 08:20,4019.08
20/12/2025 08:25,3971.97
20/12/2025 08:30,4108.45
20/12/2025 08:35,4112.32
20/12/2025 08:40,4282.09
20/12/2025 08:45,4256.9
20/12/2025 08:50,4452.16
20/12/2025 08:55,4167.43
20/12/2025 09:00,4587.53
20/12/2025 09:05,4501.59
20/12/2025 09:10,4474.15
20/12/2025 09:15,4482.14
20/12/2025 09:20,4540.3
20/12/2025 09:25,4765.75
20/12/2025 09:30,4510.53
20/12/2025 09:35,4611.72
20/12/2025 09:40,4634.82
20/12/2025 09:45,4725.08
20/12/2025 09:50,4758.2
20/12/2025 09:55,4742.32
20/12/2025 10:00,4906.94
20/12/2025 10:05,4587.22
20/12/2025 10:10,4884.57
20/12/2025 10:15,4892.03
20/12/2025 10:20,4823.18
20/12/2025 10:25,4811.16
20/12/2025 10:30,4860.59
20/12/2025 10:35,4875.26
20/12/2025 10:40,4774.76
20/12/2025 10:45,4840.11
20/12/2025 10:50,4889.09
20/12/2025 10:55,4688.89
20/12/2025 11:00,4669.11
20/12/2025 11:05,4719.58
20/12/2025 11:10,4657.53
20/12/2025 11:15,4772.83
20/12/2025 11:20,4686.2
20/12/2025 11:25,4628.1
20/12/2025 11:30,4696.05
20/12/2025 11:35,4434.71
20/12/2025 11:40,4464.09
20/12/2025 11:45,4648.6
20/12/2025 11:50,4495.57
20/12/2025 11:55,4381.13
20/12/2025 12:00,4297.2
20/12/2025 12:05,4422.09
20/12/2025 12:10,4190.85
20/12/2025 12:15,4229.13
20/12/2025 12:20,4325.55
20/12/2025 12:25,4242.39
20/12/2025 12:30,4219.39
20/12/2025 12:35,4212.5
20/12/2025 12:40,4191.66
20/12/2025 12:45,4269.62
20/12/2025 12:50,4354.06
20/12/2025 12:55,4096.14
20/12/2025 13:00,4280.49
20/12/2025 13:05,4106.92
20/12/2025 13:10,4260.41
20/12/2025 13:15,4203.97
20/12/2025 13:20,4122.42
20/12/2025 13:25,4202.29
20/12/2025 13:30,4123.24
20/12/2025 13:35,4095.45
20/12/2025 13:40,4239.1
20/12/2025 13:45,4125.43
20/12/2025 13:50,4205.76
20/12/2025 13:55,4044.6
20/12/2025 14:00,4079.93
20/12/2025 14:05,4157.06
20/12/2025 14:10,4105.21
20/12/2025 14:15,4080.76
20/12/2025 14:20,4089.15
20/12/2025 14:25,4146.75
20/12/2025 14:30,4136.95
20/12/2025 14:35,4036.18
20/12/2025 14:40,3992.25
20/12/2025 14:45,4086.13
20/12/2025 14:50,3925.79
20/12/2025 14:55,3997.06
20/12/2025 15:00,4046.58
20/12/2025 15:05,3921.81
20/12/2025 15:10,3901.07
20/12/2025 15:15,3996.31
20/12/2025 15:20,4009.34
20/12/2025 15:25,4027.82
20/12/2025 15:30,3954.55
20/12/2025 15:35,3942.63
20/12/2025 15:40,4165.2
20/12/2025 15:45,4189.09
20/12/2025 15:50,4124.9
20/12/2025 15:55,4165.23
20/12/2025 16:00,4226.35
20/12/2025 16:05,4233.87
20/12/2025 16:10,4200.64
20/12/2025 16:15,4142.34
20/12/2025 16:20,4325.15
20/12/2025 16:25,4319.09
20/12/2025 16:30,4235.28
20/12/2025 16:35,4257.09
20/12/2025 16:40,4290.53
20/12/2025 16:45,4304.39
20/12/2025 16:50,4244.05
20/12/2025 16:55,4383.81
20/12/2025 17:00,4449.76
20/12/2025 17:05,4323.66
20/12/2025 17:10,4499.59
20/12/2025 17:15,4566.13
20/12/2025 17:20,4432.79
20/12/2025 17:25,4527.79
20/12/2025 17:30,4722.59
20/12/2025 17:35,4571.41
20/12/2025 17:40,4526.38
20/12/2025 17:45,4583.52
20/12/2025 17:50,4541.86
20/12/2025 17:55,4711.7
20/12/2025 18:00,4524.43
20/12/2025 18:05,4646.57
20/12/2025 18:10,4684.96
20/12/2025 18:15,4811.16
20/12/2025 18:20,4639.15
20/12/2025 18:25,4697.11
20/12/2025 18:30,4686.36
20/12/2025 18:35,4869.26
20/12/2025 18:40,4741.2
20/12/2025 18:45,4821.37
20/12/2025 18:50,4942.78
20/12/2025 18:55,4665.09
20/12/2025 19:00,4814.55
20/12/2025 19:05,4935.72
20/12/2025 19:10,4758.72
20/12/2025 19:15,4960.95
20/12/2025 19:20,4852.53
20/12/2025 19:25,4974.58
20/12/2025 19:30,4849.65
20/12/2025 19:35,4853.98
20/12/2025 19:40,4870.91
20/12/2025 19:45,4681.66
20/12/2025 19:50,4925.73
20/12/2025 19:55,4850.38
20/12/2025 20:00,4781.48
20/12/2025 20:05,4768.08
20/12/2025 20:10,4889.72
20/12/2025 20:15,4839.29
20/12/2025 20:20,4764.01
20/12/2025 20:25,4698.52
20/12/2025 20:30,4699.47
20/12/2025 20:35,4782.92
20/12/2025 20:40,4797.32
20/12/2025 20:45,4758.3
20/12/2025 20:50,4786.48
20/12/2025 20:55,4785.28
20/12/2025 21:00,4573.77
20/12/2025 21:05,4423.73
20/12/2025 21:10,4586.52
20/12/2025 21:15,4479.03
20/12/2025 21:20,4388.01
20/12/2025 21:25,4372.88
20/12/2025 21:30,4312.87
20/12/2025 21:35,4286.99
20/12/2025 21:40,4252.76
20/12/2025 21:45,4125.9
20/12/2025 21:50,4326.09
20/12/2025 21:55,4089.0
20/12/2025 22:00,4104.98
20/12/2025 22:05,4056.03
20/12/2025 22:10,3901.4
20/12/2025 22:15,3921.82
20/12/2025 22:20,3810.15
20/12/2025 22:25,3665.83
20/12/2025 22:30,3697.5
20/12/2025 22:35,3636.62
20/12/2025 22:40,3496.53
20/12/2025 22:45,3488.91
20/12/2025 22:50,3461.93
20/12/2025 22:55,3613.65
20/12/2025 23:00,3375.14
20/12/2025 23:05,3360.42
20/12/2025 23:10,3322.69
20/12/2025 23:15,3179.44
20/12/2025 23:20,3224.95
20/12/2025 23:25,3113.72
20/12/2025 23:30,3235.26
20/12/2025 23:35,3051.41
20/12/2025 23:40,3073.0
20/12/2025 23:45,2980.81
20/12/2025 23:50,2942.59
20/12/2025 23:55,2763.6
21/12/2025 00:00,2705.42
21/12/2025 00:05,2780.92
21/12/2025 00:10,2747.98
21/12/2025 00:15,2661.77
21/12/2025 00:20,2770.8
21/12/2025 00:25,2789.95
21/12/2025 00:30,2702.21
21/12/2025 00:35,2562.4
21/12/2025 00:40,2483.79
21/12/2025 00:45,2484.39
21/12/2025 00:50,2536.09
21/12/2025 00:55,2559.16
21/12/2025 01:00,2442.41
21/12/2025 01:05,2539.76
21/12/2025 01:10,2400.91
21/12/2025 01:15,2372.44
21/12/2025 01:20,2479.43
21/12/2025 01:25,2348.2
21/12/2025 01:30,2354.61
21/12/2025 01:35,2293.7
21/12/2025 01:40,2363.04
21/12/2025 01:45,2286.94
21/12/2025 01:50,2253.29
21/12/2025 01:55,2183.29
21/12/2025 02:00,1900.0
21/12/2025 02:05,1900.0
21/12/2025 02:10,1900.0
21/12/2025 02:15,1900.0
21/12/2025 02:20,1900.0
21/12/2025 02:25,1900.0
21/12/2025 02:30,1900.0
21/12/2025 02:35,1993.72
21/12/2025 02:40,1900.0
21/12/2025 02:45,1900.0
21/12/2025 02:50,1900.0
21/12/2025 02:55,1900.0
21/12/2025 03:00,1900.0
21/12/2025 03:05,1900.0
21/12/2025 03:10,1900.0
21/12/2025 03:15,1900.0
21/12/2025 03:20,1900.0
21/12/2025 03:25,1900.0
21/12/2025 03:30,1900.0
21/12/2025 03:35,1900.0
21/12/2025 03:40,1900.0
21/12/2025 03:45,1900.0
21/12/2025 03:50,1900.0
21/12/2025 03:55,1900.0
21/12/2025 04:00,1900.0
21/12/2025 04:05,1900.0
21/12/2025 04:10,1971.81
21/12/2025 04:15,1900.0
21/12/2025 04:20,1900.0
21/12/2025 04:25,1900.0
21/12/2025 04:30,1900.0
21/12/2025 04:35,1900.0
21/12/2025 04:40,1900.0
21/12/2025 04:45,1900.0
21/12/2025 04:50,1900.0
21/12/2025 04:55,1900.0
21/12/2025 05:00,2138.57
21/12/2025 05:05,2152.88
21/12/2025 05:10,2058.12
21/12/2025 05:15,2003.7
21/12/2025 05:20,2120.03
21/12/2025 05:25,2114.83
21/12/2025 05:30,2174.39
21/12/2025 05:35,2240.92
21/12/2025 05:40,2274.1
21/12/2025 05:45,2318.51
21/12/2025 05:50,2581.66
21/12/2025 05:55,2373.11
21/12/2025 06:00,2589.99
21/12/2025 06:05,2347.29
21/12/2025 06:10,2524.39
21/12/2025 06:15,2587.64
21/12/2025 06:20,2803.89
21/12/2025 06:25,2650.41
21/12/2025 06:30,2701.07
21/12/2025 06:35,2805.57
21/12/2025 06:40,2751.51
21/12/2025 06:45,2881.98
21/12/2025 06:50,2869.62
21/12/2025 06:55,2950.89
21/12/2025 07:00,3079.92
21/12/2025 07:05,3000.37
21/12/2025 07:10,3074.73
21/12/2025 07:15,3332.19
21/12/2025 07:20,3252.74
21/12/2025 07:25,3246.44
21/12/2025 07:30,3470.9
21/12/2025 07:35,3435.48
21/12/2025 07:40,3421.3
21/12/2025 07:45,3337.41
21/12/2025 07:50,3511.29
21/12/2025 07:55,3619.44
21/12/2025 08:00,3694.8
21/12/2025 08:05,3752.09
21/12/2025 08:10,3915.58
21/12/2025 08:15,3823.01
21/12/2025 08:20,4006.18
21/12/2025 08:25,4015.31
21/12/2025 08:30,4080.25
21/12/2025 08:35,3988.7
21/12/2025 08:40,4170.91
21/12/2025 08:45,4110.65
21/12/2025 08:50,4140.58
21/12/2025 08:55,4386.66
21/12/2025 09:00,4298.02
21/12/2025 09:05,4376.25
21/12/2025 09:10,4470.65
21/12/2025 09:15,4508.75
21/12/2025 09:20,4456.25
21/12/2025 09:25,4537.7
21/12/2025 09:30,4672.8
21/12/2025 09:35,4668.03
21/12/2025 09:40,4585.93
21/12/2025 09:45,4684.93
21/12/2025 09:50,4620.66
21/12/2025 09:55,4794.19
21/12/2025 10:00,4675.57
21/12/2025 10:05,4648.01
21/12/2025 10:10,4749.42
21/12/2025 10:15,4766.57
21/12/2025 10:20,4928.79
21/12/2025 10:25,4918.71
21/12/2025 10:30,4811.46
21/12/2025 10:35,4761.7
21/12/2025 10:40,4703.43
21/12/2025 10:45,4827.64
21/12/2025 10:50,4766.24
21/12/2025 10:55,4718.98
21/12/2025 11:00,4702.92
21/12/2025 11:05,4667.72
21/12/2025 11:10,4628.14
21/12/2025 11:15,4640.91
21/12/2025 11:20,4611.73
21/12/2025 11:25,4698.13
21/12/2025 11:30,4608.95
21/12/2025 11:35,4514.79
21/12/2025 11:40,4452.43
21/12/2025 11:45,4499.97
21/12/2025 11:50,4469.76
21/12/2025 11:55,4497.92
21/12/2025 12:00,4164.77
21/12/2025 12:05,4230.37
21/12/2025 12:10,4270.8
21/12/2025 12:15,4252.4
21/12/2025 12:20,4214.36
21/12/2025 12:25,4103.72
21/12/2025 12:30,4237.99
21/12/2025 12:35,4288.21
21/12/2025 12:40,4165.27
21/12/2025 12:45,4169.56
21/12/2025 12:50,4256.23
21/12/2025 12:55,4197.93
21/12/2025 13:00,4216.54
21/12/2025 13:05,4033.07
21/12/2025 13:10,4158.68
21/12/2025 13:15,4118.91
21/12/2025 13:20,4291.23
21/12/2025 13:25,4097.09
21/12/2025 13:30,4209.25
21/12/2025 13:35,4260.56
21/12/2025 13:40,4248.1
21/12/2025 13:45,4056.25
21/12/2025 13:50,4198.12
21/12/2025 13:55,4217.2
21/12/2025 14:00,3970.86
21/12/2025 14:05,4072.0
21/12/2025 14:10,4089.81
21/12/2025 14:15,4156.58
21/12/2025 14:20,4086.19
21/12/2025 14:25,4041.88
21/12/2025 14:30,3996.92
21/12/2025 14:35,3974.29
21/12/2025 14:40,4200.06
21/12/2025 14:45,3965.37
21/12/2025 14:50,4077.63
21/12/2025 14:55,3922.57
21/12/2025 15:00,4011.59
21/12/2025 15:05,4044.22
21/12/2025 15:10,4035.79
21/12/2025 15:15,4142.87
21/12/2025 15:20,4052.01
21/12/2025 15:25,4124.85
21/12/2025 15:30,4061.45
21/12/2025 15:35,4165.77
21/12/2025 15:40,4223.8
21/12/2025 15:45,4155.27
21/12/2025 15:50,4177.32
21/12/2025 15:55,4280.8
21/12/2025 16:00,4382.82
21/12/2025 16:05,4178.12
21/12/2025 16:10,4333.2
21/12/2025 16:15,4254.72
21/12/2025 16:20,4285.45
21/12/2025 16:25,4251.93
21/12/2025 16:30,4336.9
21/12/2025 16:35,4253.53
21/12/2025 16:40,4229.55
21/12/2025 16:45,4375.98
21/12/2025 16:50,4355.34
21/12/2025 16:55,4346.64
21/12/2025 17:00,4509.21
21/12/2025 17:05,4500.12
21/12/2025 17:10,4410.81
21/12/2025 17:15,4550.54
21/12/2025 17:20,4495.16
21/12/2025 17:25,4571.75
21/12/2025 17:30,4550.29
21/12/2025 17:35,4551.38
21/12/2025 17:40,4559.19
21/12/2025 17:45,4587.73
21/12/2025 17:50,4455.58
21/12/2025 17:55,4691.68
21/12/2025 18:00,4734.48
21/12/2025 18:05,4642.92
21/12/2025 18:10,4430.79
21/12/2025 18:15,4681.34
21/12/2025 18:20,4688.45
21/12/2025 18:25,4657.03
21/12/2025 18:30,4725.07
21/12/2025 18:35,4790.62
21/12/2025 18:40,4731.33
21/12/2025 18:45,4790.53
21/12/2025 18:50,4840.31
21/12/2025 18:55,4753.15
21/12/2025 19:00,4857.41
21/12/2025 19:05,4841.73
21/12/2025 19:10,4908.21
21/12/2025 19:15,4786.59
21/12/2025 19:20,4910.73
21/12/2025 19:25,4923.26
21/12/2025 19:30,4912.83
21/12/2025 19:35,4853.99
21/12/2025 19:40,4838.44
21/12/2025 19:45,4855.66
21/12/2025 19:50,4747.43
21/12/2025 19:55,4934.45
21/12/2025 20:00,4706.43
21/12/2025 20:05,4889.97
21/12/2025 20:10,4901.51
21/12/2025 20:15,4824.23
21/12/2025 20:20,4715.18
21/12/2025 20:25,4803.15
21/12/2025 20:30,4758.49
21/12/2025 20:35,4647.17
21/12/2025 20:40,4730.77
21/12/2025 20:45,4611.17
21/12/2025 20:50,4503.11
21/12/2025 20:55,4660.49
21/12/2025 21:00,4562.07
21/12/2025 21:05,4507.75
21/12/2025 21:10,4523.09
21/12/2025 21:15,4401.77
21/12/2025 21:20,4227.67
21/12/2025 21:25,4339.59
21/12/2025 21:30,4340.4
21/12/2025 21:35,4235.82
21/12/2025 21:40,4316.62
21/12/2025 21:45,4344.87
21/12/2025 21:50,4089.66
21/12/2025 21:55,4046.68
21/12/2025 22:00,4080.18
21/12/2025 22:05,3913.26
21/12/2025 22:10,3893.14
21/12/2025 22:15,3760.34
21/12/2025 22:20,3740.39
21/12/2025 22:25,3704.86
21/12/2025 22:30,3569.32
21/12/2025 22:35,3686.38
21/12/2025 22:40,3606.41
21/12/2025 22:45,3584.43
21/12/2025 22:50,3498.74
21/12/2025 22:55,3515.69
21/12/2025 23:00,3296.79
21/12/2025 23:05,3283.47
21/12/2025 23:10,3372.87
21/12/2025 23:15,3327.45
21/12/2025 23:20,3216.33
21/12/2025 23:25,3114.83
21/12/2025 23:30,3057.48
21/12/2025 23:35,3029.12
21/12/2025 23:40,3014.4
21/12/2025 23:45,3020.29
21/12/2025 23:50,2924.14
21/12/2025 23:55,3040.83
22/12/2025 00:00,3172.39
22/12/2025 00:05,2967.18
22/12/2025 00:10,2999.87
22/12/2025 00:15,2902.21
22/12/2025 00:20,3025.16
22/12/2025 00:25,2932.82
22/12/2025 00:30,2894.99
22/12/2025 00:35,3024.89
22/12/2025 00:40,2815.95
22/12/2025 00:45,2761.48
22/12/2025 00:50,2811.81
22/12/2025 00:55,2911.6
22/12/2025 01:00,2726.64
22/12/2025 01:05,2817.76
22/12/2025 01:10,2721.02
22/12/2025 01:15,2609.92
22/12/2025 01:20,2662.54
22/12/2025 01:25,2721.55
22/12/2025 01:30,2678.43
22/12/2025 01:35,2612.86
22/12/2025 01:40,2555.51
22/12/2025 01:45,2589.58
22/12/2025 01:50,2454.57
22/12/2025 01:55,2445.05
22/12/2025 02:00,2082.68
22/12/2025 02:05,2118.54
22/12/2025 02:10,2036.31
22/12/2025 02:15,2051.3
22/12/2025 02:20,1984.9
22/12/2025 02:25,2089.49
22/12/2025 02:30,1942.88
22/12/2025 02:35,2095.08
22/12/2025 02:40,2155.01
22/12/2025 02:45,2309.15
22/12/2025 02:50,2002.22
22/12/2025 02:55,2176.67
22/12/2025 03:00,2128.74
22/12/2025 03:05,2215.33
22/12/2025 03:10,2093.14
22/12/2025 03:15,1926.39
22/12/2025 03:20,2062.56
22/12/2025 03:25,2039.47
22/12/2025 03:30,1985.82
22/12/2025 03:35,2050.69
22/12/2025 03:40,2049.53
22/12/2025 03:45,1900.0
22/12/2025 03:50,2013.03
22/12/2025 03:55,1900.0
22/12/2025 04:00,2294.57
22/12/2025 04:05,2131.41
22/12/2025 04:10,2196.7
22/12/2025 04:15,2147.98
22/12/2025 04:20,1983.39
22/12/2025 04:25,2254.29
22/12/2025 04:30,2103.58
22/12/2025 04:35,2028.61
22/12/2025 04:40,2155.67
22/12/2025 04:45,2056.33
22/12/2025 04:50,2198.22
22/12/2025 04:55,2037.79
22/12/2025 05:00,2082.73
22/12/2025 05:05,2235.05
22/12/2025 05:10,2354.36
22/12/2025 05:15,2307.53
22/12/2025 05:20,2360.84
22/12/2025 05:25,2403.36
22/12/2025 05:30,2561.92
22/12/2025 05:35,2535.22
22/12/2025 05:40,2615.67
22/12/2025 05:45,2670.49
22/12/2025 05:50,2652.62
22/12/2025 05:55,2549.58
22/12/2025 06:00,2661.13
22/12/2025 06:05,2859.12
22/12/2025 06:10,2772.21
22/12/2025 06:15,2989.51
22/12/2025 06:20,2907.97
22/12/2025 06:25,2872.01
22/12/2025 06:30,3000.62
22/12/2025 06:35,3049.9
22/12/2025 06:40,2971.41
22/12/2025 06:45,3127.79
22/12/2025 06:50,3153.77
22/12/2025 06:55,3159.46
22/12/2025 07:00,3203.24
22/12/2025 07:05,3278.96
22/12/2025 07:10,3165.65
22/12/2025 07:15,3465.69
22/12/2025 07:20,3537.06
22/12/2025 07:25,3586.36
22/12/2025 07:30,3639.63
22/12/2025 07:35,3595.54
22/12/2025 07:40,3733.8
22/12/2025 07:45,3852.45
22/12/2025 07:50,3827.2
22/12/2025 07:55,3815.57
22/12/2025 08:00,3941.35
22/12/2025 08:05,4011.32
22/12/2025 08:10,4085.73
22/12/2025 08:15,4105.29
22/12/2025 08:20,4041.4
22/12/2025 08:25,4122.44
22/12/2025 08:30,4474.27
22/12/2025 08:35,4352.66
22/12/2025 08:40,4441.32
22/12/2025 08:45,4504.73
22/12/2025 08:50,4501.19
22/12/2025 08:55,4597.95
22/12/2025 09:00,4644.43
22/12/2025 09:05,4699.32
22/12/2025 09:10,4705.42
22/12/2025 09:15,4712.35
22/12/2025 09:20,4734.59
22/12/2025 09:25,4707.45
22/12/2025 09:30,4844.28
22/12/2025 09:35,5015.35
22/12/2025 09:40,4901.43
22/12/2025 09:45,4863.08
22/12/2025 09:50,5047.97
22/12/2025 09:55,4885.53
22/12/2025 10:00,4922.96
22/12/2025 10:05,5006.93
22/12/2025 10:10,5164.68
22/12/2025 10:15,5077.62
22/12/2025 10:20,5044.43
22/12/2025 10:25,5044.62
22/12/2025 10:30,5099.02
22/12/2025 10:35,5087.49
22/12/2025 10:40,5136.52
22/12/2025 10:45,5158.51
22/12/2025 10:50,5076.82
22/12/2025 10:55,5011.32
22/12/2025 11:00,5092.1
22/12/2025 11:05,4874.34
22/12/2025 11:10,4792.81
22/12/2025 11:15,4966.6
22/12/2025 11:20,4832.81
22/12/2025 11:25,4955.32
22/12/2025 11:30,4813.44
22/12/2025 11:35,4867.13
22/12/2025 11:40,4697.66
22/12/2025 11:45,4724.94
22/12/2025 11:50,4808.88
22/12/2025 11:55,4614.77
22/12/2025 12:00,4521.24
22/12/2025 12:05,4627.18
22/12/2025 12:10,4436.14
22/12/2025 12:15,4483.98
22/12/2025 12:20,4599.7
22/12/2025 12:25,4557.97
22/12/2025 12:30,4610.28
22/12/2025 12:35,4509.19
22/12/2025 12:40,4474.36
22/12/2025 12:45,4578.44
22/12/2025 12:50,4415.59
22/12/2025 12:55,4466.54
22/12/2025 13:00,4506.47
22/12/2025 13:05,4439.52
22/12/2025 13:10,4474.14
22/12/2025 13:15,4363.3
22/12/2025 13:20,4600.93
22/12/2025 13:25,4421.09
22/12/2025 13:30,4400.64
22/12/2025 13:35,4594.77
22/12/2025 13:40,4399.34
22/12/2025 13:45,4395.43
22/12/2025 13:50,4347.24
22/12/2025 13:55,4305.79
22/12/2025 14:00,4382.27
22/12/2025 14:05,4379.62
22/12/2025 14:10,4402.4
22/12/2025 14:15,4507.9
22/12/2025 14:20,4358.1
22/12/2025 14:25,4151.25
22/12/2025 14:30,4278.28
22/12/2025 14:35,4329.02
22/12/2025 14:40,4209.77
22/12/2025 14:45,4327.06
22/12/2025 14:50,4236.64
22/12/2025 14:55,4203.4
22/12/2025 15:00,4095.96
22/12/2025 15:05,4243.35
22/12/2025 15:10,4196.67
22/12/2025 15:15,4241.75
22/12/2025 15:20,4326.22
22/12/2025 15:25,4212.57
22/12/2025 15:30,4292.4
22/12/2025 15:35,4442.99
22/12/2025 15:40,4504.87
22/12/2025 15:45,4464.5
22/12/2025 15:50,4448.82
22/12/2025 15:55,4450.29
22/12/2025 16:00,4597.48
22/12/2025 16:05,4659.53
22/12/2025 16:10,4372.06
22/12/2025 16:15,4315.11
22/12/2025 16:20,4458.38
22/12/2025 16:25,4590.74
22/12/2025 16:30,4511.32
22/12/2025 16:35,4708.87
22/12/2025 16:40,4621.81
22/12/2025 16:45,4639.69
22/12/2025 16:50,4587.18
22/12/2025 16:55,4611.51
22/12/2025 17:00,4606.15
22/12/2025 17:05,4822.87
22/12/2025 17:10,4704.69
22/12/2025 17:15,4756.95
22/12/2025 17:20,4734.52
22/12/2025 17:25,4768.6
22/12/2025 17:30,4707.45
22/12/2025 17:35,4677.6
22/12/2025 17:40,4805.83
22/12/2025 17:45,4789.47
22/12/2025 17:50,4840.06
22/12/2025 17:55,4838.17
22/12/2025 18:00,4692.37
22/12/2025 18:05,4872.37
22/12/2025 18:10,4971.04
22/12/2025 18:15,4958.74
22/12/2025 18:20,4868.48
22/12/2025 18:25,5099.57
22/12/2025 18:30,5245.04
22/12/2025 18:35,4929.5
22/12/2025 18:40,4886.86
22/12/2025 18:45,4897.99
22/12/2025 18:50,5051.44
22/12/2025 18:55,5054.78
22/12/2025 19:00,5144.19
22/12/2025 19:05,5023.91
22/12/2025 19:10,5150.13
22/12/2025 19:15,5120.7
22/12/2025 19:20,5068.51
22/12/2025 19:25,5186.95
22/12/2025 19:30,5153.81
22/12/2025 19:35,5126.64
22/12/2025 19:40,5194.23
22/12/2025 19:45,5015.78
22/12/2025 19:50,5102.12
22/12/2025 19:55,5166.65
22/12/2025 20:00,5069.83
22/12/2025 20:05,5050.41
22/12/2025 20:10,5018.62
22/12/2025 20:15,5069.35
22/12/2025 20:20,5083.82
22/12/2025 20:25,5100.88
22/12/2025 20:30,5001.87
22/12/2025 20:35,4792.74
22/12/2025 20:40,5052.9
22/12/2025 20:45,4894.76
22/12/2025 20:50,5080.76
22/12/2025 20:55,4789.81
22/12/2025 21:00,5046.96
22/12/2025 21:05,4830.61
22/12/2025 21:10,4835.72
22/12/2025 21:15,4753.39
22/12/2025 21:20,4708.18
22/12/2025 21:25,4579.61
22/12/2025 21:30,4624.39
22/12/2025 21:35,4517.08
22/12/2025 21:40,4281.55
22/12/2025 21:45,4226.26
22/12/2025 21:50,4411.28
22/12/2025 21:55,4309.14
22/12/2025 22:00,4273.46
22/12/2025 22:05,4151.46
22/12/2025 22:10,4106.38
22/12/2025 22:15,3886.71
22/12/2025 22:20,3973.6
22/12/2025 22:25,3901.75
22/12/2025 22:30,3880.21
22/12/2025 22:35,3872.9
22/12/2025 22:40,3870.17
22/12/2025 22:45,3892.16
22/12/2025 22:50,3923.03
22/12/2025 22:55,3776.87
22/12/2025 23:00,3657.19
22/12/2025 23:05,3650.49
22/12/2025 23:10,3586.83
22/12/2025 23:15,3497.57
22/12/2025 23:20,3405.87
22/12/2025 23:25,3296.49
22/12/2025 23:30,3432.88
22/12/2025 23:35,3337.1
22/12/2025 23:40,3407.35
22/12/2025 23:45,3132.48
22/12/2025 23:50,3091.33
22/12/2025 23:55,3218.86
23/12/2025 00:00,3082.98
23/12/2025 00:05,3097.57
23/12/2025 00:10,2963.65
23/12/2025 00:15,2994.92
23/12/2025 00:20,2962.29
23/12/2025 00:25,2886.64
23/12/2025 00:30,2828.5
23/12/2025 00:35,2887.66
23/12/2025 00:40,2765.35
23/12/2025 00:45,2999.58
23/12/2025 00:50,2770.28
23/12/2025 00:55,2819.83
23/12/2025 01:00,2641.88
23/12/2025 01:05,2742.18
23/12/2025 01:10,2684.6
23/12/2025 01:15,2650.41
23/12/2025 01:20,2689.46
23/12/2025 01:25,2682.9
23/12/2025 01:30,2508.58
23/12/2025 01:35,2655.68
23/12/2025 01:40,2474.72
23/12/2025 01:45,2574.43
23/12/2025 01:50,2490.66
23/12/2025 01:55,2464.23
23/12/2025 02:00,1990.4
23/12/2025 02:05,2002.03
23/12/2025 02:10,2135.07
23/12/2025 02:15,1900.0
23/12/2025 02:20,2038.08
23/12/2025 02:25,1975.57
23/12/2025 02:30,2117.19
23/12/2025 02:35,2125.52
23/12/2025 02:40,2009.21
23/12/2025 02:45,2171.51
23/12/2025 02:50,2046.51
23/12/2025 02:55,1926.45
23/12/2025 03:00,2034.99
23/12/2025 03:05,1959.55
23/12/2025 03:10,2089.97
23/12/2025 03:15,2234.65
23/12/2025 03:20,1930.51
23/12/2025 03:25,1991.23
23/12/2025 03:30,1933.76
23/12/2025 03:35,2178.48
23/12/2025 03:40,2004.18
23/12/2025 03:45,2117.65
23/12/2025 03:50,1968.85
23/12/2025 03:55,2013.11
23/12/2025 04:00,2224.85
23/12/2025 04:05,2027.6
23/12/2025 04:10,1935.58
23/12/2025 04:15,2056.12
23/12/2025 04:20,2054.1
23/12/2025 04:25,2102.98
23/12/2025 04:30,1982.59
23/12/2025 04:35,2020.12
23/12/2025 04:40,1974.96
23/12/2025 04:45,1900.0
23/12/2025 04:50,2156.03
23/12/2025 04:55,2069.5
23/12/2025 05:00,2283.79
23/12/2025 05:05,2296.81
23/12/2025 05:10,2245.71
23/12/2025 05:15,2458.28
23/12/2025 05:20,2382.52
23/12/2025 05:25,2487.97
23/12/2025 05:30,2527.28
23/12/2025 05:35,2549.54
23/12/2025 05:40,2601.21
23/12/2025 05:45,2705.92
23/12/2025 05:50,2750.77
23/12/2025 05:55,2704.26
23/12/2025 06:00,2924.09
23/12/2025 06:05,2837.28
23/12/2025 06:10,2910.25
23/12/2025 06:15,2969.11
23/12/2025 06:20,3052.17
23/12/2025 06:25,3079.08
23/12/2025 06:30,2964.84
23/12/2025 06:35,2996.74
23/12/2025 06:40,3129.55
23/12/2025 06:45,3105.6
23/12/2025 06:50,3016.08
23/12/2025 06:55,3201.64
23/12/2025 07:00,3277.1
23/12/2025 07:05,3208.9
23/12/2025 07:10,3457.34
23/12/2025 07:15,3438.51
23/12/2025 07:20,3448.57
23/12/2025 07:25,3545.35
23/12/2025 07:30,3613.14
23/12/2025 07:35,3875.37
23/12/2025 07:40,3734.62
23/12/2025 07:45,3786.25
23/12/2025 07:50,3818.55
23/12/2025 07:55,3579.49
23/12/2025 08:00,3915.05
23/12/2025 08:05,4081.04
23/12/2025 08:10,4055.97
23/12/2025 08:15,4075.09
23/12/2025 08:20,4143.31
23/12/2025 08:25,4199.74
23/12/2025 08:30,4352.86
23/12/2025 08:35,4221.75
23/12/2025 08:40,4612.68
23/12/2025 08:45,4604.03
23/12/2025 08:50,4596.16
23/12/2025 08:55,4550.13
23/12/2025 09:00,4690.3
23/12/2025 09:05,4650.33
23/12/2025 09:10,4725.15
23/12/2025 09:15,4800.25
23/12/2025 09:20,4817.31
23/12/2025 09:25,4777.08
23/12/2025 09:30,4917.9
23/12/2025 09:35,4827.42
23/12/2025 09:40,4948.25
23/12/2025 09:45,4777.5
23/12/2025 09:50,4987.51
23/12/2025 09:55,5119.48
23/12/2025 10:00,5070.16
23/12/2025 10:05,5140.31
23/12/2025 10:10,4914.54
23/12/2025 10:15,4990.61
23/12/2025 10:20,5123.89
23/12/2025 10:25,5063.51
23/12/2025 10:30,5006.73
23/12/2025 10:35,5136.42
23/12/2025 10:40,4982.78
23/12/2025 10:45,4993.28
23/12/2025 10:50,5036.66
23/12/2025 10:55,4894.49
23/12/2025 11:00,4955.31
23/12/2025 11:05,4891.53
23/12/2025 11:10,4980.44
23/12/2025 11:15,4996.35
23/12/2025 11:20,4869.74
23/12/2025 11:25,4870.29
23/12/2025 11:30,4922.09
23/12/2025 11:35,4871.44
23/12/2025 11:40,4919.1
23/12/2025 11:45,4580.44
23/12/2025 11:50,4779.35
23/12/2025 11:55,4676.41
23/12/2025 12:00,4522.72
23/12/2025 12:05,4513.4
23/12/2025 12:10,4501.9
23/12/2025 12:15,4480.1
23/12/2025 12:20,4412.47
23/12/2025 12:25,4577.1
23/12/2025 12:30,4551.94
23/12/2025 12:35,4551.06
23/12/2025 12:40,4597.81
23/12/2025 12:45,4618.2
23/12/2025 12:50,4322.95
23/12/2025 12:55,4499.66
23/12/2025 13:00,4532.3
23/12/2025 13:05,4503.63
23/12/2025 13:10,4568.47
23/12/2025 13:15,4579.67
23/12/2025 13:20,4327.28
23/12/2025 13:25,4361.36
23/12/2025 13:30,4576.03
23/12/2025 13:35,4438.97
23/12/2025 13:40,4357.13
23/12/2025 13:45,4380.47
23/12/2025 13:50,4267.51
23/12/2025 13:55,4358.09
23/12/2025 14:00,4191.75
23/12/2025 14:05,4341.93
23/12/2025 14:10,4341.43
23/12/2025 14:15,4398.05
23/12/2025 14:20,4324.74
23/12/2025 14:25,4288.19
23/12/2025 14:30,4145.57
23/12/2025 14:35,4187.12
23/12/2025 14:40,4192.38
23/12/2025 14:45,4260.92
23/12/2025 14:50,4334.19
23/12/2025 14:55,4267.8
23/12/2025 15:00,4324.55
23/12/2025 15:05,4238.25
23/12/2025 15:10,4188.84
23/12/2025 15:15,4415.62
23/12/2025 15:20,4359.6
23/12/2025 15:25,4369.86
23/12/2025 15:30,4394.41
23/12/2025 15:35,4477.77
23/12/2025 15:40,4410.28
23/12/2025 15:45,4431.55
23/12/2025 15:50,4478.35
23/12/2025 15:55,4561.21
23/12/2025 16:00,4572.76
23/12/2025 16:05,4508.77
23/12/2025 16:10,4515.19
23/12/2025 16:15,4583.78
23/12/2025 16:20,4470.28
23/12/2025 16:25,4521.41
23/12/2025 16:30,4460.73
23/12/2025 16:35,4524.95
23/12/2025 16:40,4563.33
23/12/2025 16:45,4590.43
23/12/2025 16:50,4648.85
23/12/2025 16:55,4608.14
23/12/2025 17:00,4678.9
23/12/2025 17:05,4685.5
23/12/2025 17:10,4773.08
23/12/2025 17:15,4572.7
23/12/2025 17:20,4668.84
23/12/2025 17:25,4778.98
23/12/2025 17:30,4684.29
23/12/2025 17:35,4776.07
23/12/2025 17:40,4769.75
23/12/2025 17:45,4899.84
23/12/2025 17:50,4868.31
23/12/2025 17:55,4895.32
23/12/2025 18:00,4819.74
23/12/2025 18:05,4871.61
23/12/2025 18:10,5001.9
23/12/2025 18:15,4892.44
23/12/2025 18:20,5076.96
23/12/2025 18:25,4975.93
23/12/2025 18:30,4999.05
23/12/2025 18:35,4966.03
23/12/2025 18:40,5206.33
23/12/2025 18:45,4957.8
23/12/2025 18:50,5166.95
23/12/2025 18:55,5217.12
23/12/2025 19:00,5154.08
23/12/2025 19:05,5103.17
23/12/2025 19:10,5107.74
23/12/2025 19:15,5110.79
23/12/2025 19:20,5067.29
23/12/2025 19:25,5176.19
23/12/2025 19:30,5149.91
23/12/2025 19:35,5347.06
23/12/2025 19:40,5073.55
23/12/2025 19:45,5098.06
23/12/2025 19:50,5036.71
23/12/2025 19:55,5315.43
23/12/2025 20:00,5020.8
23/12/2025 20:05,5018.5
23/12/2025 20:10,5167.77
23/12/2025 20:15,5087.11
23/12/2025 20:20,4984.52
23/12/2025 20:25,4858.96
23/12/2025 20:30,4917.09
23/12/2025 20:35,4928.47
23/12/2025 20:40,4952.69
23/12/2025 20:45,4926.4
23/12/2025 20:50,4845.39
23/12/2025 20:55,4812.73
23/12/2025 21:00,4803.08
23/12/2025 21:05,4949.06
23/12/2025 21:10,4656.17
23/12/2025 21:15,4719.37
23/12/2025 21:20,4602.33
23/12/2025 21:25,4548.39
23/12/2025 21:30,4627.58
23/12/2025 21:35,4571.21
23/12/2025 21:40,4424.59
23/12/2025 21:45,4391.01
23/12/2025 21:50,4292.68
23/12/2025 21:55,4368.13
23/12/2025 22:00,4247.49
23/12/2025 22:05,4308.04
23/12/2025 22:10,4173.47
23/12/2025 22:15,4078.23
23/12/2025 22:20,4007.03
23/12/2025 22:25,3962.09
23/12/2025 22:30,3994.85
23/12/2025 22:35,3809.48
23/12/2025 22:40,3826.11
23/12/2025 22:45,3791.16
23/12/2025 22:50,3745.4
23/12/2025 22:55,3633.1
23/12/2025 23:00,3663.03
23/12/2025 23:05,3563.73
23/12/2025 23:10,3561.39
23/12/2025 23:15,3460.02
23/12/2025 23:20,3461.49
23/12/2025 23:25,3430.72
23/12/2025 23:30,3343.31
23/12/2025 23:35,3259.55
23/12/2025 23:40,3189.25
23/12/2025 23:45,3141.21
23/12/2025 23:50,3156.85
23/12/2025 23:55,3133.38
24/12/2025 00:00,2997.55
24/12/2025 00:05,3027.91
24/12/2025 00:10,2972.08
24/12/2025 00:15,2934.42
24/12/2025 00:20,3106.54
24/12/2025 00:25,3060.36
24/12/2025 00:30,2945.9
24/12/2025 00:35,2978.93
24/12/2025 00:40,2851.16
24/12/2025 00:45,2845.64
24/12/2025 00:50,2868.22
24/12/2025 00:55,2781.55
24/12/2025 01:00,2782.8
24/12/2025 01:05,2596.9
24/12/2025 01:10,2711.37
24/12/2025 01:15,2654.4
24/12/2025 01:20,2601.98
24/12/2025 01:25,2615.12
24/12/2025 01:30,2633.27
24/12/2025 01:35,2684.4
24/12/2025 01:40,2554.5
24/12/2025 01:45,2577.4
24/12/2025 01:50,2471.58
24/12/2025 01:55,2426.45
24/12/2025 02:00,1939.24
24/12/2025 02:05,2201.2
24/12/2025 02:10,1950.14
24/12/2025 02:15,1954.72
24/12/2025 02:20,2033.97
24/12/2025 02:25,2050.67
24/12/2025 02:30,2109.23
24/12/2025 02:35,1960.75
24/12/2025 02:40,2175.92
24/12/2025 02:45,2096.97
24/12/2025 02:50,1941.94
24/12/2025 02:55,2137.26
24/12/2025 03:00,1900.0
24/12/2025 03:05,2111.7
24/12/2025 03:10,2149.98
24/12/2025 03:15,1947.36
24/12/2025 03:20,2123.37
24/12/2025 03:25,1900.0
24/12/2025 03:30,1912.04
24/12/2025 03:35,2114.44
24/12/2025 03:40,2238.25
24/12/2025 03:45,2229.56
24/12/2025 03:50,1990.46
24/12/2025 03:55,1962.45
24/12/2025 04:00,2106.7
24/12/2025 04:05,2179.82
24/12/2025 04:10,2088.03
24/12/2025 04:15,2094.7
24/12/2025 04:20,1977.81
24/12/2025 04:25,2180.26
24/12/2025 04:30,2163.12
24/12/2025 04:35,2121.47
24/12/2025 04:40,1935.25
24/12/2025 04:45,2065.45
24/12/2025 04:50,2146.94
24/12/2025 04:55,2026.59
24/12/2025 05:00,2293.18
24/12/2025 05:05,2333.19
24/12/2025 05:10,2418.87
24/12/2025 05:15,2450.77
24/12/2025 05:20,2548.11
24/12/2025 05:25,2439.4
24/12/2025 05:30,2400.84
24/12/2025 05:35,2419.0
24/12/2025 05:40,2490.97
24/12/2025 05:45,2798.33
24/12/2025 05:50,2698.52
24/12/2025 05:55,2649.06
24/12/2025 06:00,2839.61
24/12/2025 06:05,2793.29
24/12/2025 06:10,2779.44
24/12/2025 06:15,2909.4
24/12/2025 06:20,2949.11
24/12/2025 06:25,2865.9
24/12/2025 06:30,2880.17
24/12/2025 06:35,3027.25
24/12/2025 06:40,3065.2
24/12/2025 06:45,2948.93
24/12/2025 06:50,3131.0
24/12/2025 06:55,3108.22
24/12/2025 07:00,3284.19
24/12/2025 07:05,3395.02
24/12/2025 07:10,3307.45
24/12/2025 07:15,3320.81
24/12/2025 07:20,3344.23
24/12/2025 07:25,3625.71
24/12/2025 07:30,3532.31
24/12/2025 07:35,3616.35
24/12/2025 07:40,3656.63
24/12/2025 07:45,3922.69
24/12/2025 07:50,3721.87
24/12/2025 07:55,3787.8
24/12/2025 08:00,3996.35
24/12/2025 08:05,3997.08
24/12/2025 08:10,4069.6
24/12/2025 08:15,4211.29
24/12/2025 08:20,4215.88
24/12/2025 08:25,4346.25
24/12/2025 08:30,4351.14
24/12/2025 08:35,4379.85
24/12/2025 08:40,4436.1
24/12/2025 08:45,4638.36
24/12/2025 08:50,4400.53
24/12/2025 08:55,4550.95
24/12/2025 09:00,4575.15
24/12/2025 09:05,4645.94
24/12/2025 09:10,4728.94
24/12/2025 09:15,4734.17
24/12/2025 09:20,4807.68
24/12/2025 09:25,4616.34
24/12/2025 09:30,4894.76
24/12/2025 09:35,4767.62
24/12/2025 09:40,5027.0
24/12/2025 09:45,5023.95
24/12/2025 09:50,5162.45
24/12/2025 09:55,4892.9
24/12/2025 10:00,5030.11
24/12/2025 10:05,4987.86
24/12/2025 10:10,5013.67
24/12/2025 10:15,5163.76
24/12/2025 10:20,5176.36
24/12/2025 10:25,5167.06
24/12/2025 10:30,5094.0
24/12/2025 10:35,4998.25
24/12/2025 10:40,4940.14
24/12/2025 10:45,5093.62
24/12/2025 10:50,5094.21
24/12/2025 10:55,4851.57
24/12/2025 11:00,5017.97
24/12/2025 11:05,5035.87
24/12/2025 11:10,5014.31
24/12/2025 11:15,5013.36
24/12/2025 11:20,4931.37
24/12/2025 11:25,4979.89
24/12/2025 11:30,4839.48
24/12/2025 11:35,4910.54
24/12/2025 11:40,4886.71
24/12/2025 11:45,4868.67
24/12/2025 11:50,4687.29
24/12/2025 11:55,4746.48
24/12/2025 12:00,4463.22
24/12/2025 12:05,4602.32
24/12/2025 12:10,4580.34
24/12/2025 12:15,4606.68
24/12/2025 12:20,4515.39
24/12/2025 12:25,4478.9
24/12/2025 12:30,4563.78
24/12/2025 12:35,4405.33
24/12/2025 12:40,4465.15
24/12/2025 12:45,4553.74
24/12/2025 12:50,4607.23
24/12/2025 12:55,4364.88
24/12/2025 13:00,4458.11
24/12/2025 13:05,4376.06
24/12/2025 13:10,4601.74
24/12/2025 13:15,4301.58
24/12/2025 13:20,4333.11
24/12/2025 13:25,4430.65
24/12/2025 13:30,4336.21
24/12/2025 13:35,4426.21
24/12/2025 13:40,4283.92
24/12/2025 13:45,4222.75
24/12/2025 13:50,4230.97
24/12/2025 13:55,4491.13
24/12/2025 14:00,4284.78
24/12/2025 14:05,4416.46
24/12/2025 14:10,4286.37
24/12/2025 14:15,4370.44
24/12/2025 14:20,4352.66
24/12/2025 14:25,4233.47
24/12/2025 14:30,4315.91
24/12/2025 14:35,4230.72
24/12/2025 14:40,4291.33
24/12/2025 14:45,4277.16
24/12/2025 14:50,4323.28
24/12/2025 14:55,4298.58
24/12/2025 15:00,4277.17
24/12/2025 15:05,4151.41
24/12/2025 15:10,4449.1
24/12/2025 15:15,4263.34
24/12/2025 15:20,4416.45
24/12/2025 15:25,4422.69
24/12/2025 15:30,4311.42
24/12/2025 15:35,4342.23
24/12/2025 15:40,4429.88
24/12/2025 15:45,4369.34
24/12/2025 15:50,4430.74
24/12/2025 15:55,4365.62
24/12/2025 16:00,4449.49
24/12/2025 16:05,4561.45
24/12/2025 16:10,4533.65
24/12/2025 16:15,4440.09
24/12/2025 16:20,4459.2
24/12/2025 16:25,4478.23
24/12/2025 16:30,4623.01
24/12/2025 16:35,4663.01
24/12/2025 16:40,4611.67
24/12/2025 16:45,4565.82
24/12/2025 16:50,4469.4
24/12/2025 16:55,4709.39
24/12/2025 17:00,4722.96
24/12/2025 17:05,4654.42
24/12/2025 17:10,4696.17
24/12/2025 17:15,4831.84
24/12/2025 17:20,4749.05
24/12/2025 17:25,4665.7
24/12/2025 17:30,4775.0
24/12/2025 17:35,4925.08
24/12/2025 17:40,4683.1
24/12/2025 17:45,4796.33
24/12/2025 17:50,4747.17
24/12/2025 17:55,4839.42
24/12/2025 18:00,4905.73
24/12/2025 18:05,4923.7
24/12/2025 18:10,4853.86
24/12/2025 18:15,4976.13
24/12/2025 18:20,5063.83
24/12/2025 18:25,4978.62
24/12/2025 18:30,4901.67
24/12/2025 18:35,4853.11
24/12/2025 18:40,5072.71
24/12/2025 18:45,5048.24
24/12/2025 18:50,5159.22
24/12/2025 18:55,4983.68
24/12/2025 19:00,4952.79
24/12/2025 19:05,5063.66
24/12/2025 19:10,5192.47
24/12/2025 19:15,5076.94
24/12/2025 19:20,5163.08
24/12/2025 19:25,5136.59
24/12/2025 19:30,5128.83
24/12/2025 19:35,5127.3
24/12/2025 19:40,5276.73
24/12/2025 19:45,5086.55
24/12/2025 19:50,5079.87
24/12/2025 19:55,5185.98
24/12/2025 20:00,5203.07
24/12/2025 20:05,5015.21
24/12/2025 20:10,5033.39
24/12/2025 20:15,5038.44
24/12/2025 20:20,5109.28
24/12/2025 20:25,4964.33
24/12/2025 20:30,4942.72
24/12/2025 20:35,4987.89
24/12/2025 20:40,4923.87
24/12/2025 20:45,4953.69
24/12/2025 20:50,4915.72
24/12/2025 20:55,4715.57
24/12/2025 21:00,4846.59
24/12/2025 21:05,4819.19
24/12/2025 21:10,4860.17
24/12/2025 21:15,4681.9
24/12/2025 21:20,4655.8
24/12/2025 21:25,4580.61
24/12/2025 21:30,4492.18
24/12/2025 21:35,4586.87
24/12/2025 21:40,4451.06
24/12/2025 21:45,4467.45
24/12/2025 21:50,4286.52
24/12/2025 21:55,4381.38
24/12/2025 22:00,4204.26
24/12/2025 22:05,4078.23
24/12/2025 22:10,4117.9
24/12/2025 22:15,4231.57
24/12/2025 22:20,4070.44
24/12/2025 22:25,4009.48
24/12/2025 22:30,3895.53
24/12/2025 22:35,3984.42
24/12/2025 22:40,3885.1
24/12/2025 22:45,3725.28
24/12/2025 22:50,3641.01
24/12/2025 22:55,3673.69
24/12/2025 23:00,3525.89
24/12/2025 23:05,3703.38
24/12/2025 23:10,3609.96
24/12/2025 23:15,3428.86
24/12/2025 23:20,3494.64
24/12/2025 23:25,3428.94
24/12/2025 23:30,3213.86
24/12/2025 23:35,3185.28
24/12/2025 23:40,3248.64
24/12/2025 23:45,3346.99
24/12/2025 23:50,3165.05
24/12/2025 23:55,2898.41
25/12/2025 00:00,3117.06
25/12/2025 00:05,3078.9
25/12/2025 00:10,3107.57
25/12/2025 00:15,2939.34
25/12/2025 00:20,2825.75
25/12/2025 00:25,3104.07
25/12/2025 00:30,2817.64
25/12/2025 00:35,2763.01
25/12/2025 00:40,2780.37
25/12/2025 00:45,2587.66
25/12/2025 00:50,2741.16
25/12/2025 00:55,2713.65
25/12/2025 01:00,2620.21
25/12/2025 01:05,2709.75
25/12/2025 01:10,2843.82
25/12/2025 01:15,2717.31
25/12/2025 01:20,2582.16
25/12/2025 01:25,2745.89
25/12/2025 01:30,2580.25
25/12/2025 01:35,2760.54
25/12/2025 01:40,2733.03
25/12/2025 01:45,2535.02
25/12/2025 01:50,2496.72
25/12/2025 01:55,2499.44
25/12/2025 02:00,2068.78
25/12/2025 02:05,2001.59
25/12/2025 02:10,2134.64
25/12/2025 02:15,2080.99
25/12/2025 02:20,2118.28
25/12/2025 02:25,1900.0
25/12/2025 02:30,1900.58
25/12/2025 02:35,2131.25
25/12/2025 02:40,1908.94
25/12/2025 02:45,1912.41
25/12/2025 02:50,1981.92
25/12/2025 02:55,2087.7
25/12/2025 03:00,2062.74
25/12/2025 03:05,2017.04
25/12/2025 03:10,2001.31
25/12/2025 03:15,2119.33
25/12/2025 03:20,2008.72
25/12/2025 03:25,1953.43
25/12/2025 03:30,2092.87
25/12/2025 03:35,2080.27
25/12/2025 03:40,2034.02
25/12/2025 03:45,2084.91
25/12/2025 03:50,2073.71
25/12/2025 03:55,2047.0
25/12/2025 04:00,1983.17
25/12/2025 04:05,2020.63
25/12/2025 04:10,2150.36
25/12/2025 04:15,2144.14
25/12/2025 04:20,1992.75
25/12/2025 04:25,2057.48
25/12/2025 04:30,2054.81
25/12/2025 04:35,2143.25
25/12/2025 04:40,1947.95
25/12/2025 04:45,1900.0
25/12/2025 04:50,2151.62
25/12/2025 04:55,2088.87
25/12/2025 05:00,2303.58
25/12/2025 05:05,2260.28
25/12/2025 05:10,2247.87
25/12/2025 05:15,2368.14
25/12/2025 05:20,2418.38
25/12/2025 05:25,2476.79
25/12/2025 05:30,2617.96
25/12/2025 05:35,2624.23
25/12/2025 05:40,2491.15
25/12/2025 05:45,2726.53
25/12/2025 05:50,2791.63
25/12/2025 05:55,2639.84
25/12/2025 06:00,2903.01
25/12/2025 06:05,2849.6
25/12/2025 06:10,2815.04
25/12/2025 06:15,2893.85
25/12/2025 06:20,3078.59
25/12/2025 06:25,3007.55
25/12/2025 06:30,2916.52
25/12/2025 06:35,3180.1
25/12/2025 06:40,3066.0
25/12/2025 06:45,3044.9
25/12/2025 06:50,3129.15
25/12/2025 06:55,3194.79
25/12/2025 07:00,3456.78
25/12/2025 07:05,3198.4
25/12/2025 07:10,3371.17
25/12/2025 07:15,3434.08
25/12/2025 07:20,3442.32
25/12/2025 07:25,3570.11
25/12/2025 07:30,3601.08
25/12/2025 07:35,3581.96
25/12/2025 07:40,3792.01
25/12/2025 07:45,3599.33
25/12/2025 07:50,3818.47
25/12/2025 07:55,3818.41
25/12/2025 08:00,3977.6
25/12/2025 08:05,4010.9
25/12/2025 08:10,4050.01
25/12/2025 08:15,4097.83
25/12/2025 08:20,4108.82
25/12/2025 08:25,4394.19
25/12/2025 08:30,4325.83
25/12/2025 08:35,4478.11
25/12/2025 08:40,4453.79
25/12/2025 08:45,4571.97
25/12/2025 08:50,4589.36
25/12/2025 08:55,4613.26
25/12/2025 09:00,4749.53
25/12/2025 09:05,4613.29
25/12/2025 09:10,4787.72
25/12/2025 09:15,4773.02
25/12/2025 09:20,4707.22
25/12/2025 09:25,4923.88
25/12/2025 09:30,4728.62
25/12/2025 09:35,4860.58
25/12/2025 09:40,4953.13
25/12/2025 09:45,5004.29
25/12/2025 09:50,4875.3
25/12/2025 09:55,4960.01
25/12/2025 10:00,4958.72
25/12/2025 10:05,5011.42
25/12/2025 10:10,4980.83
25/12/2025 10:15,4911.49
25/12/2025 10:20,5140.05
25/12/2025 10:25,4975.93
25/12/2025 10:30,5076.53
25/12/2025 10:35,5069.98
25/12/2025 10:40,4975.52
25/12/2025 10:45,4995.01
25/12/2025 10:50,5094.04
25/12/2025 10:55,5112.02
25/12/2025 11:00,4974.8
25/12/2025 11:05,4906.15
25/12/2025 11:10,5059.32
25/12/2025 11:15,4894.88
25/12/2025 11:20,4977.24
25/12/2025 11:25,5006.36
25/12/2025 11:30,4833.95
25/12/2025 11:35,4772.69
25/12/2025 11:40,4762.41
25/12/2025 11:45,4782.69
25/12/2025 11:50,4655.51
25/12/2025 11:55,4661.54
25/12/2025 12:00,4580.23
25/12/2025 12:05,4741.77
25/12/2025 12:10,4595.54
25/12/2025 12:15,4528.21
25/12/2025 12:20,4408.68
25/12/2025 12:25,4445.63
25/12/2025 12:30,4464.12
25/12/2025 12:35,4564.27
25/12/2025 12:40,4512.25
25/12/2025 12:45,4514.37
25/12/2025 12:50,4524.4
25/12/2025 12:55,4466.51
25/12/2025 13:00,4370.82
25/12/2025 13:05,4377.79
25/12/2025 13:10,4417.75
25/12/2025 13:15,4656.4
25/12/2025 13:20,4292.05
25/12/2025 13:25,4459.92
25/12/2025 13:30,4430.17
25/12/2025 13:35,4266.72
25/12/2025 13:40,4367.69
25/12/2025 13:45,4346.36
25/12/2025 13:50,4319.22
25/12/2025 13:55,4326.08
25/12/2025 14:00,4236.61
25/12/2025 14:05,4325.98
25/12/2025 14:10,4443.08
25/12/2025 14:15,4394.34
25/12/2025 14:20,4146.22
25/12/2025 14:25,4301.94
25/12/2025 14:30,4119.15
25/12/2025 14:35,4322.39
25/12/2025 14:40,4366.58
25/12/2025 14:45,4056.15
25/12/2025 14:50,4345.99
25/12/2025 14:55,4085.03
25/12/2025 15:00,4247.36
25/12/2025 15:05,4197.92
25/12/2025 15:10,4321.66
25/12/2025 15:15,4434.76
25/12/2025 15:20,4411.99
25/12/2025 15:25,4351.11
25/12/2025 15:30,4471.3
25/12/2025 15:35,4235.89
25/12/2025 15:40,4349.3
25/12/2025 15:45,4485.1
25/12/2025 15:50,4483.02
25/12/2025 15:55,4465.94
25/12/2025 16:00,4362.93
25/12/2025 16:05,4272.38
25/12/2025 16:10,4683.06
25/12/2025 16:15,4612.9
25/12/2025 16:20,4438.8
25/12/2025 16:25,4401.12
25/12/2025 16:30,4569.78
25/12/2025 16:35,4462.23
25/12/2025 16:40,4572.78
25/12/2025 16:45,4570.47
25/12/2025 16:50,4739.35
25/12/2025 16:55,4428.47
25/12/2025 17:00,4787.17
25/12/2025 17:05,4682.65
25/12/2025 17:10,4620.4
25/12/2025 17:15,4642.27
25/12/2025 17:20,4706.81
25/12/2025 17:25,4728.2
25/12/2025 17:30,4872.75
25/12/2025 17:35,4729.16
25/12/2025 17:40,4710.69
25/12/2025 17:45,4842.11
25/12/2025 17:50,4859.72
25/12/2025 17:55,4895.45
25/12/2025 18:00,4923.01
25/12/2025 18:05,4849.68
25/12/2025 18:10,4897.69
25/12/2025 18:15,5030.56
25/12/2025 18:20,4860.14
25/12/2025 18:25,4986.27
25/12/2025 18:30,5018.66
25/12/2025 18:35,5041.45
25/12/2025 18:40,4941.9
25/12/2025 18:45,5031.68
25/12/2025 18:50,5084.1
25/12/2025 18:55,5115.16
25/12/2025 19:00,5020.48
25/12/2025 19:05,5113.73
25/12/2025 19:10,5235.32
25/12/2025 19:15,5142.87
25/12/2025 19:20,5263.48
25/12/2025 19:25,5078.03
25/12/2025 19:30,5332.07
25/12/2025 19:35,5205.65
25/12/2025 19:40,5090.79
25/12/2025 19:45,5207.2
25/12/2025 19:50,5256.12
25/12/2025 19:55,5150.91
25/12/2025 20:00,5206.19
25/12/2025 20:05,5120.3
25/12/2025 20:10,5104.48
25/12/2025 20:15,5080.88
25/12/2025 20:20,4970.03
25/12/2025 20:25,4902.6
25/12/2025 20:30,5007.37
25/12/2025 20:35,4863.06
25/12/2025 20:40,4967.89
25/12/2025 20:45,4860.25
25/12/2025 20:50,4935.23
25/12/2025 20:55,4963.31
25/12/2025 21:00,4762.26
25/12/2025 21:05,4736.66
25/12/2025 21:10,4599.97
25/12/2025 21:15,4581.73
25/12/2025 21:20,4776.42
25/12/2025 21:25,4643.36
25/12/2025 21:30,4430.35
25/12/2025 21:35,4641.37
25/12/2025 21:40,4420.54
25/12/2025 21:45,4364.22
25/12/2025 21:50,4314.54
25/12/2025 21:55,4330.29
25/12/2025 22:00,4295.22
25/12/2025 22:05,4092.32
25/12/2025 22:10,4156.88
25/12/2025 22:15,3974.55
25/12/2025 22:20,4103.26
25/12/2025 22:25,4090.05
25/12/2025 22:30,3920.82
25/12/2025 22:35,3889.86
25/12/2025 22:40,3919.81
25/12/2025 22:45,3898.94
25/12/2025 22:50,3913.45
25/12/2025 22:55,3859.59
25/12/2025 23:00,3639.23
25/12/2025 23:05,3549.95
25/12/2025 23:10,3551.06
25/12/2025 23:15,3509.44
25/12/2025 23:20,3299.37
25/12/2025 23:25,3363.6
25/12/2025 23:30,3341.82
25/12/2025 23:35,3193.22
25/12/2025 23:40,3489.45
25/12/2025 23:45,3266.66
25/12/2025 23:50,3021.05
25/12/2025 23:55,3180.46
26/12/2025 00:00,3084.7
26/12/2025 00:05,2963.81
26/12/2025 00:10,3179.39
26/12/2025 00:15,2865.07
26/12/2025 00:20,2999.26
26/12/2025 00:25,2936.9
26/12/2025 00:30,2981.39
26/12/2025 00:35,2767.5
26/12/2025 00:40,2838.03
26/12/2025 00:45,2784.92
26/12/2025 00:50,2751.04
26/12/2025 00:55,2911.14
26/12/2025 01:00,2699.09
26/12/2025 01:05,2686.23
26/12/2025 01:10,2759.56
26/12/2025 01:15,2707.19
26/12/2025 01:20,2678.11
26/12/2025 01:25,2541.76
26/12/2025 01:30,2490.86
26/12/2025 01:35,2635.12
26/12/2025 01:40,2534.19
26/12/2025 01:45,2452.03
26/12/2025 01:50,2625.75
26/12/2025 01:55,2541.31
26/12/2025 02:00,2009.54
26/12/2025 02:05,2198.8
26/12/2025 02:10,2079.75
26/12/2025 02:15,2040.84
26/12/2025 02:20,2126.9
26/12/2025 02:25,2050.74
26/12/2025 02:30,2115.18
26/12/2025 02:35,2102.42
26/12/2025 02:40,2184.18
26/12/2025 02:45,1957.48
26/12/2025 02:50,2127.08
26/12/2025 02:55,1948.64
26/12/2025 03:00,2047.53
26/12/2025 03:05,2112.96
26/12/2025 03:10,2233.13
26/12/2025 03:15,1900.0
26/12/2025 03:20,1956.28
26/12/2025 03:25,2144.78
26/12/2025 03:30,1968.1
26/12/2025 03:35,2200.27
26/12/2025 03:40,2204.86
26/12/2025 03:45,2252.17
26/12/2025 03:50,2104.28
26/12/2025 03:55,2181.24
26/12/2025 04:00,1992.2
26/12/2025 04:05,2152.73
26/12/2025 04:10,2035.96
26/12/2025 04:15,2009.92
26/12/2025 04:20,2042.87
26/12/2025 04:25,2001.58
26/12/2025 04:30,1936.67
26/12/2025 04:35,2019.32
26/12/2025 04:40,2086.97
26/12/2025 04:45,1960.36
26/12/2025 04:50,2054.13
26/12/2025 04:55,2090.56
26/12/2025 05:00,2219.04
26/12/2025 05:05,2181.75
26/12/2025 05:10,2349.13
26/12/2025 05:15,2409.6
26/12/2025 05:20,2458.9
26/12/2025 05:25,2484.43
26/12/2025 05:30,2430.96
26/12/2025 05:35,2426.87
26/12/2025 05:40,2521.69
26/12/2025 05:45,2665.63
26/12/2025 05:50,2642.7
26/12/2025 05:55,2766.82
26/12/2025 06:00,2762.62
26/12/2025 06:05,2956.85
26/12/2025 06:10,2813.5
26/12/2025 06:15,2876.82
26/12/2025 06:20,2969.24
26/12/2025 06:25,2948.0
26/12/2025 06:30,3045.92
26/12/2025 06:35,3046.31
26/12/2025 06:40,3054.01
26/12/2025 06:45,3102.57
26/12/2025 06:50,3149.56
26/12/2025 06:55,3271.94
26/12/2025 07:00,3457.19
26/12/2025 07:05,3340.45
26/12/2025 07:10,3400.36
26/12/2025 07:15,3550.27
26/12/2025 07:20,3524.66
26/12/2025 07:25,3635.07
26/12/2025 07:30,3654.52
26/12/2025 07:35,3701.52
26/12/2025 07:40,3782.5
26/12/2025 07:45,3705.23
26/12/2025 07:50,3817.31
26/12/2025 07:55,3861.23
26/12/2025 08:00,3984.04
26/12/2025 08:05,3948.14
26/12/2025 08:10,4004.04
26/12/2025 08:15,4000.08
26/12/2025 08:20,4074.18
26/12/2025 08:25,4293.9
26/12/2025 08:30,4408.07
26/12/2025 08:35,4447.47
26/12/2025 08:40,4355.6
26/12/2025 08:45,4547.31
26/12/2025 08:50,4545.93
26/12/2025 08:55,4473.24
26/12/2025 09:00,4721.47
26/12/2025 09:05,4632.69
26/12/2025 09:10,4869.38
26/12/2025 09:15,4716.76
26/12/2025 09:20,4807.02
26/12/2025 09:25,4775.02
26/12/2025 09:30,4807.45
26/12/2025 09:35,4903.08
26/12/2025 09:40,4870.64
26/12/2025 09:45,4844.79
26/12/2025 09:50,5007.89
26/12/2025 09:55,5085.25
26/12/2025 10:00,4991.76
26/12/2025 10:05,5006.11
26/12/2025 10:10,5049.56
26/12/2025 10:15,5086.55
26/12/2025 10:20,4928.31
26/12/2025 10:25,5078.15
26/12/2025 10:30,4943.2
26/12/2025 10:35,5116.0
26/12/2025 10:40,4988.57
26/12/2025 10:45,5085.92
26/12/2025 10:50,5170.63
26/12/2025 10:55,5100.99
26/12/2025 11:00,5065.97
26/12/2025 11:05,5017.05
26/12/2025 11:10,4914.92
26/12/2025 11:15,5035.16
26/12/2025 11:20,4771.18
26/12/2025 11:25,4875.79
26/12/2025 11:30,4789.15
26/12/2025 11:35,4854.15
26/12/2025 11:40,4624.64
26/12/2025 11:45,4687.01
26/12/2025 11:50,4731.02
26/12/2025 11:55,4845.29
26/12/2025 12:00,4411.78
26/12/2025 12:05,4395.18
26/12/2025 12:10,4469.29
26/12/2025 12:15,4439.09
26/12/2025 12:20,4576.75
26/12/2025 12:25,4496.49
26/12/2025 12:30,4624.31
26/12/2025 12:35,4596.74
26/12/2025 12:40,4483.11
26/12/2025 12:45,4577.72
26/12/2025 12:50,4486.14
26/12/2025 12:55,4439.73
26/12/2025 13:00,4497.25
26/12/2025 13:05,4478.54
26/12/2025 13:10,4434.86
26/12/2025 13:15,4469.23
26/12/2025 13:20,4375.76
26/12/2025 13:25,4540.65
26/12/2025 13:30,4360.1
26/12/2025 13:35,4352.5
26/12/2025 13:40,4439.46
26/12/2025 13:45,4352.5
26/12/2025 13:50,4409.69
26/12/2025 13:55,4370.5
26/12/2025 14:00,4356.1
26/12/2025 14:05,4441.6
26/12/2025 14:10,4261.31
26/12/2025 14:15,4472.57
26/12/2025 14:20,4284.27
26/12/2025 14:25,4219.11
26/12/2025 14:30,4378.03
26/12/2025 14:35,4220.44
26/12/2025 14:40,4336.46
26/12/2025 14:45,4354.62
26/12/2025 14:50,4211.56
26/12/2025 14:55,4315.46
26/12/2025 15:00,4265.41
26/12/2025 15:05,4253.75
26/12/2025 15:10,4351.0
26/12/2025 15:15,4271.18
26/12/2025 15:20,4348.36
26/12/2025 15:25,4373.99
26/12/2025 15:30,4386.79
26/12/2025 15:35,4250.44
26/12/2025 15:40,4342.12
26/12/2025 15:45,4224.74
26/12/2025 15:50,4482.7
26/12/2025 15:55,4450.53
26/12/2025 16:00,4362.24
26/12/2025 16:05,4249.93
26/12/2025 16:10,4447.99
26/12/2025 16:15,4463.42
26/12/2025 16:20,4583.62
26/12/2025 16:25,4514.65
26/12/2025 16:30,4547.63
26/12/2025 16:35,4455.76
26/12/2025 16:40,4562.49
26/12/2025 16:45,4498.11
26/12/2025 16:50,4563.1
26/12/2025 16:55,4767.38
26/12/2025 17:00,4512.72
26/12/2025 17:05,4690.73
26/12/2025 17:10,4702.3
26/12/2025 17:15,4810.49
26/12/2025 17:20,4649.5
26/12/2025 17:25,4740.69
26/12/2025 17:30,4630.06
26/12/2025 17:35,4782.02
26/12/2025 17:40,4760.78
26/12/2025 17:45,4769.7
26/12/2025 17:50,4856.29
26/12/2025 17:55,4782.36
26/12/2025 18:00,4703.71
26/12/2025 18:05,4915.28
26/12/2025 18:10,4953.02
26/12/2025 18:15,4878.95
26/12/2025 18:20,4941.35
26/12/2025 18:25,4882.73
26/12/2025 18:30,5000.36
26/12/2025 18:35,5065.05
26/12/2025 18:40,5133.58
26/12/2025 18:45,5039.25
26/12/2025 18:50,5158.03
26/12/2025 18:55,5020.67
26/12/2025 19:00,5018.46
26/12/2025 19:05,5013.93
26/12/2025 19:10,4986.54
26/12/2025 19:15,5124.08
26/12/2025 19:20,5263.71
26/12/2025 19:25,5187.03
26/12/2025 19:30,5012.01
26/12/2025 19:35,5054.26
26/12/2025 19:40,5087.82
26/12/2025 19:45,5234.78
26/12/2025 19:50,4951.55
26/12/2025 19:55,5146.57
26/12/2025 20:00,5225.36
26/12/2025 20:05,5018.1
26/12/2025 20:10,5095.9
26/12/2025 20:15,5135.19
26/12/2025 20:20,4996.37
26/12/2025 20:25,4974.11
26/12/2025 20:30,5090.93
26/12/2025 20:35,4942.1
26/12/2025 20:40,5013.09
26/12/2025 20:45,4942.12
26/12/2025 20:50,4990.7
26/12/2025 20:55,4889.63
26/12/2025 21:00,4899.32
26/12/2025 21:05,4694.28
26/12/2025 21:10,4886.66
26/12/2025 21:15,4834.84
26/12/2025 21:20,4501.39
26/12/2025 21:25,4451.52
26/12/2025 21:30,4597.36
26/12/2025 21:35,4437.53
26/12/2025 21:40,4492.15
26/12/2025 21:45,4379.97
26/12/2025 21:50,4336.47
26/12/2025 21:55,4283.76
26/12/2025 22:00,4204.11
26/12/2025 22:05,4148.39
26/12/2025 22:10,4158.32
26/12/2025 22:15,4198.47
26/12/2025 22:20,4025.6
26/12/2025 22:25,4082.9
26/12/2025 22:30,3881.14
26/12/2025 22:35,3938.52
26/12/2025 22:40,3948.91
26/12/2025 22:45,4035.77
26/12/2025 22:50,3832.98
26/12/2025 22:55,3676.52
26/12/2025 23:00,3631.59
26/12/2025 23:05,3562.89
26/12/2025 23:10,3659.59
26/12/2025 23:15,3515.77
26/12/2025 23:20,3323.7
26/12/2025 23:25,3386.55
26/12/2025 23:30,3383.58
26/12/2025 23:35,3200.08
26/12/2025 23:40,3210.17
26/12/2025 23:45,3170.88
26/12/2025 23:50,3045.71
26/12/2025 23:55,3105.33
27/12/2025 00:00,2956.92
27/12/2025 00:05,2709.35
27/12/2025 00:10,2839.55
27/12/2025 00:15,2687.2
27/12/2025 00:20,2743.21
27/12/2025 00:25,2756.79
27/12/2025 00:30,2724.32
27/12/2025 00:35,2708.3
27/12/2025 00:40,2721.88
27/12/2025 00:45,2517.39
27/12/2025 00:50,2376.66
27/12/2025 00:55,2564.73
27/12/2025 01:00,2575.31
27/12/2025 01:05,2530.23
27/12/2025 01:10,2457.23
27/12/2025 01:15,2587.1
27/12/2025 01:20,2361.94
27/12/2025 01:25,2322.24
27/12/2025 01:30,2300.46
27/12/2025 01:35,2424.23
27/12/2025 01:40,2301.69
27/12/2025 01:45,2153.75
27/12/2025 01:50,2087.84
27/12/2025 01:55,2194.01
27/12/2025 02:00,1900.0
27/12/2025 02:05,2038.81
27/12/2025 02:10,1900.0
27/12/2025 02:15,1900.0
27/12/2025 02:20,1900.0
27/12/2025 02:25,1900.0
27/12/2025 02:30,1900.0
27/12/2025 02:35,1992.05
27/12/2025 02:40,1900.0
27/12/2025 02:45,1900.0
27/12/2025 02:50,1900.0
27/12/2025 02:55,2025.35
27/12/2025 03:00,1900.0
27/12/2025 03:05,1900.0
27/12/2025 03:10,1900.0
27/12/2025 03:15,1900.0
27/12/2025 03:20,1900.0
27/12/2025 03:25,1900.0
27/12/2025 03:30,1900.0
27/12/2025 03:35,1900.0
27/12/2025 03:40,1900.0
27/12/2025 03:45,1900.0
27/12/2025 03:50,1900.0
27/12/2025 03:55,1900.0
27/12/2025 04:00,1951.6
27/12/2025 04:05,1900.0
27/12/2025 04:10,1900.0
27/12/2025 04:15,1900.0
27/12/2025 04:20,1900.0
27/12/2025 04:25,1990.07
27/12/2025 04:30,1900.0
27/12/2025 04:35,1900.0
27/12/2025 04:40,1900.0
27/12/2025 04:45,1900.0
27/12/2025 04:50,1900.0
27/12/2025 04:55,1900.0
27/12/2025 05:00,1928.23
27/12/2025 05:05,1956.38
27/12/2025 05:10,2049.56
27/12/2025 05:15,1945.79
27/12/2025 05:20,2314.46
27/12/2025 05:25,2190.89
27/12/2025 05:30,2204.07
27/12/2025 05:35,2192.69
27/12/2025 05:40,2440.44
27/12/2025 05:45,2245.23
27/12/2025 05:50,2365.44
27/12/2025 05:55,2466.44
27/12/2025 06:00,2482.91
27/12/2025 06:05,2552.84
27/12/2025 06:10,2575.61
27/12/2025 06:15,2522.46
27/12/2025 06:20,2591.58
27/12/2025 06:25,2674.75
27/12/2025 06:30,2852.29
27/12/2025 06:35,2820.84
27/12/2025 06:40,2880.78
27/12/2025 06:45,2972.31
27/12/2025 06:50,2855.54
27/12/2025 06:55,2949.94
27/12/2025 07:00,2993.3
27/12/2025 07:05,3034.37
27/12/2025 07:10,3034.46
27/12/2025 07:15,3105.01
27/12/2025 07:20,3301.14
27/12/2025 07:25,3092.69
27/12/2025 07:30,3377.04
27/12/2025 07:35,3351.12
27/12/2025 07:40,3397.31
27/12/2025 07:45,3448.54
27/12/2025 07:50,3568.53
27/12/2025 07:55,3715.4
27/12/2025 08:00,3678.38
27/12/2025 08:05,3882.02
27/12/2025 08:10,3822.4
27/12/2025 08:15,3896.86
27/12/2025 08:20,4005.95
27/12/2025 08:25,4096.45
27/12/2025 08:30,4129.34
27/12/2025 08:35,4112.6
27/12/2025 08:40,4181.99
27/12/2025 08:45,4252.21
27/12/2025 08:50,4236.74
27/12/2025 08:55,4300.57
27/12/2025 09:00,4408.16
27/12/2025 09:05,4448.11
27/12/2025 09:10,4538.78
27/12/2025 09:15,4468.39
27/12/2025 09:20,4562.71
27/12/2025 09:25,4656.25
27/12/2025 09:30,4539.31
27/12/2025 09:35,4665.47
27/12/2025 09:40,4625.03
27/12/2025 09:45,4590.63
27/12/2025 09:50,4698.3
27/12/2025 09:55,4662.19
27/12/2025 10:00,4612.09
27/12/2025 10:05,4775.05
27/12/2025 10:10,4703.54
27/12/2025 10:15,4883.01
27/12/2025 10:20,4789.57
27/12/2025 10:25,4781.83
27/12/2025 10:30,4831.3
27/12/2025 10:35,4861.88
27/12/2025 10:40,4779.96
27/12/2025 10:45,4747.46
27/12/2025 10:50,4721.65
27/12/2025 10:55,4732.62
27/12/2025 11:00,4778.77
27/12/2025 11:05,4871.73
27/12/2025 11:10,4684.43
27/12/2025 11:15,4764.99
27/12/2025 11:20,4581.48
27/12/2025 11:25,4626.12
27/12/2025 11:30,4555.72
27/12/2025 11:35,4479.51
27/12/2025 11:40,4492.56
27/12/2025 11:45,4436.71
27/12/2025 11:50,4573.16
27/12/2025 11:55,4450.45
27/12/2025 12:00,4228.31
27/12/2025 12:05,4379.21
27/12/2025 12:10,4285.19
27/12/2025 12:15,4351.06
27/12/2025 12:20,4312.81
27/12/2025 12:25,4184.96
27/12/2025 12:30,4182.36
27/12/2025 12:35,4225.57
27/12/2025 12:40,4075.48
27/12/2025 12:45,4281.54
27/12/2025 12:50,4357.5
27/12/2025 12:55,4272.63
27/12/2025 13:00,4136.6
27/12/2025 13:05,4081.15
27/12/2025 13:10,4167.15
27/12/2025 13:15,4147.97
27/12/2025 13:20,4111.75
27/12/2025 13:25,4061.41
27/12/2025 13:30,4169.46
27/12/2025 13:35,4199.55
27/12/2025 13:40,4301.6
27/12/2025 13:45,4197.12
27/12/2025 13:50,4063.35
27/12/2025 13:55,4119.9
27/12/2025 14:00,3949.88
27/12/2025 14:05,4153.03
27/12/2025 14:10,4039.44
27/12/2025 14:15,4159.04
27/12/2025 14:20,4180.75
27/12/2025 14:25,4111.86
27/12/2025 14:30,4006.39
27/12/2025 14:35,3980.4
27/12/2025 14:40,4071.91
27/12/2025 14:45,4050.84
27/12/2025 14:50,3925.53
27/12/2025 14:55,4002.03
27/12/2025 15:00,4068.95
27/12/2025 15:05,3877.36
27/12/2025 15:10,3993.79
27/12/2025 15:15,4116.99
27/12/2025 15:20,4023.62
27/12/2025 15:25,3894.12
27/12/2025 15:30,4156.38
27/12/2025 15:35,4121.31
27/12/2025 15:40,4192.98
27/12/2025 15:45,4077.51
27/12/2025 15:50,4189.78
27/12/2025 15:55,4208.96
27/12/2025 16:00,4055.1
27/12/2025 16:05,4164.47
27/12/2025 16:10,4307.25
27/12/2025 16:15,4273.75
27/12/2025 16:20,4152.17
27/12/2025 16:25,4402.24
27/12/2025 16:30,4210.5
27/12/2025 16:35,4497.03
27/12/2025 16:40,4337.91
27/12/2025 16:45,4475.5
27/12/2025 16:50,4332.6
27/12/2025 16:55,4355.57
27/12/2025 17:00,4449.14
27/12/2025 17:05,4437.84
27/12/2025 17:10,4497.37
27/12/2025 17:15,4529.31
27/12/2025 17:20,4495.81
27/12/2025 17:25,4559.96
27/12/2025 17:30,4530.82
27/12/2025 17:35,4516.42
27/12/2025 17:40,4494.55
27/12/2025 17:45,4461.03
27/12/2025 17:50,4475.76
27/12/2025 17:55,4682.53
27/12/2025 18:00,4510.98
27/12/2025 18:05,4705.04
27/12/2025 18:10,4698.05
27/12/2025 18:15,4596.29
27/12/2025 18:20,4668.84
27/12/2025 18:25,4582.05
27/12/2025 18:30,4833.78
27/12/2025 18:35,4819.55
27/12/2025 18:40,4835.35
27/12/2025 18:45,4875.37
27/12/2025 18:50,4830.69
27/12/2025 18:55,4834.9
27/12/2025 19:00,4768.75
27/12/2025 19:05,4920.5
27/12/2025 19:10,4926.42
27/12/2025 19:15,4909.26
27/12/2025 19:20,4871.32
27/12/2025 19:25,4861.66
27/12/2025 19:30,4898.0
27/12/2025 19:35,4819.29
27/12/2025 19:40,4929.77
27/12/2025 19:45,4999.18
27/12/2025 19:50,4808.34
27/12/2025 19:55,4854.92
27/12/2025 20:00,4846.37
27/12/2025 20:05,4824.26
27/12/2025 20:10,4819.74
27/12/2025 20:15,4789.84
27/12/2025 20:20,4799.59
27/12/2025 20:25,4708.7
27/12/2025 20:30,4829.12
27/12/2025 20:35,4661.7
27/12/2025 20:40,4615.7
27/12/2025 20:45,4642.88
27/12/2025 20:50,4662.75
27/12/2025 20:55,4738.09
27/12/2025 21:00,4678.31
27/12/2025 21:05,4481.08
27/12/2025 21:10,4400.28
27/12/2025 21:15,4395.42
27/12/2025 21:20,4445.21
27/12/2025 21:25,4472.55
27/12/2025 21:30,4278.58
27/12/2025 21:35,4180.77
27/12/2025 21:40,4087.66
27/12/2025 21:45,4074.34
27/12/2025 21:50,4124.0
27/12/2025 21:55,4092.72
27/12/2025 22:00,4007.97
27/12/2025 22:05,3936.65
27/12/2025 22:10,3843.32
27/12/2025 22:15,3879.4
27/12/2025 22:20,3847.01
27/12/2025 22:25,3766.6
27/12/2025 22:30,3736.59
27/12/2025 22:35,3667.1
27/12/2025 22:40,3594.33
27/12/2025 22:45,3563.25
27/12/2025 22:50,3522.79
27/12/2025 22:55,3535.57
27/12/2025 23:00,3434.41
27/12/2025 23:05,3399.45
27/12/2025 23:10,3338.5
27/12/2025 23:15,3212.6
27/12/2025 23:20,3305.4
27/12/2025 23:25,3111.81
27/12/2025 23:30,3123.64
27/12/2025 23:35,3125.43
27/12/2025 23:40,2942.8
27/12/2025 23:45,2927.52
27/12/2025 23:50,2844.84
27/12/2025 23:55,2889.39
28/12/2025 00:00,2745.96
28/12/2025 00:05,2759.2
28/12/2025 00:10,2849.97
28/12/2025 00:15,2565.5
28/12/2025 00:20,2724.6
28/12/2025 00:25,2729.8
28/12/2025 00:30,2622.66
28/12/2025 00:35,2522.84
28/12/2025 00:40,2521.1
28/12/2025 00:45,2503.89
28/12/2025 00:50,2632.95
28/12/2025 00:55,2522.1
28/12/2025 01:00,2527.6
28/12/2025 01:05,2504.06
28/12/2025 01:10,2426.29
28/12/2025 01:15,2354.79
28/12/2025 01:20,2523.26
28/12/2025 01:25,2316.39
28/12/2025 01:30,2479.69
28/12/2025 01:35,2252.26
28/12/2025 01:40,2269.24
28/12/2025 01:45,2393.67
28/12/2025 01:50,2198.51
28/12/2025 01:55,2261.26
28/12/2025 02:00,1900.0
28/12/2025 02:05,1900.0
28/12/2025 02:10,1900.0
28/12/2025 02:15,1900.0
28/12/2025 02:20,1900.0
28/12/2025 02:25,1900.0
28/12/2025 02:30,1900.0
28/12/2025 02:35,1900.0
28/12/2025 02:40,1900.0
28/12/2025 02:45,1900.0
28/12/2025 02:50,1900.0
28/12/2025 02:55,1900.0
28/12/2025 03:00,1900.0
28/12/2025 03:05,1914.95
28/12/2025 03:10,1900.0
28/12/2025 03:15,1900.0
28/12/2025 03:20,1900.0
28/12/2025 03:25,1900.0
28/12/2025 03:30,1900.0
28/12/2025 03:35,1900.0
28/12/2025 03:40,1935.27
28/12/2025 03:45,1900.0
28/12/2025 03:50,1900.0
28/12/2025 03:55,1900.0
28/12/2025 04:00,1900.0
28/12/2025 04:05,1900.0
28/12/2025 04:10,1900.0
28/12/2025 04:15,1900.0
28/12/2025 04:20,1900.0
28/12/2025 04:25,1900.0
28/12/2025 04:30,1900.0
28/12/2025 04:35,1981.57
28/12/2025 04:40,1900.0
28/12/2025 04:45,1900.0
28/12/2025 04:50,1900.0
28/12/2025 04:55,1900.0
28/12/2025 05:00,2012.38
28/12/2025 05:05,2108.63
28/12/2025 05:10,2086.48
28/12/2025 05:15,2105.56
28/12/2025 05:20,2293.72
28/12/2025 05:25,2218.3
28/12/2025 05:30,2195.13
28/12/2025 05:35,2257.81
28/12/2025 05:40,2265.39
28/12/2025 05:45,2302.44
28/12/2025 05:50,2555.85
28/12/2025 05:55,2516.5
28/12/2025 06:00,2433.7
28/12/2025 06:05,2498.23
28/12/2025 06:10,2632.25
28/12/2025 06:15,2628.39
28/12/2025 06:20,2741.71
28/12/2025 06:25,2610.56
28/12/2025 06:30,2739.18
28/12/2025 06:35,2892.16
28/12/2025 06:40,2935.12
28/12/2025 06:45,2714.49
28/12/2025 06:50,2959.2
28/12/2025 06:55,3006.65
28/12/2025 07:00,3099.27
28/12/2025 07:05,3094.29
28/12/2025 07:10,3201.54
28/12/2025 07:15,3115.55
28/12/2025 07:20,3207.22
28/12/2025 07:25,3269.94
28/12/2025 07:30,3296.86
28/12/2025 07:35,3494.23
28/12/2025 07:40,3456.72
28/12/2025 07:45,3576.24
28/12/2025 07:50,3527.99
28/12/2025 07:55,3559.78
28/12/2025 08:00,3669.04
28/12/2025 08:05,3710.05
28/12/2025 08:10,3734.77
28/12/2025 08:15,3940.46
28/12/2025 08:20,4030.73
28/12/2025 08:25,3831.42
28/12/2025 08:30,3928.14
28/12/2025 08:35,4191.78
28/12/2025 08:40,4289.98
28/12/2025 08:45,4087.71
28/12/2025 08:50,4461.59
28/12/2025 08:55,4376.03
28/12/2025 09:00,4273.69
28/12/2025 09:05,4523.44
28/12/2025 09:10,4423.35
28/12/2025 09:15,4450.03
28/12/2025 09:20,4586.45
28/12/2025 09:25,4533.92
28/12/2025 09:30,4556.06
28/12/2025 09:35,4612.66
28/12/2025 09:40,4516.2
28/12/2025 09:45,4594.85
28/12/2025 09:50,4502.69
28/12/2025 09:55,4702.69
28/12/2025 10:00,4716.09
28/12/2025 10:05,4765.94
28/12/2025 10:10,4717.63
28/12/2025 10:15,4740.04
28/12/2025 10:20,4948.91
28/12/2025 10:25,4830.37
28/12/2025 10:30,4752.82
28/12/2025 10:35,4780.17
28/12/2025 10:40,4879.21
28/12/2025 10:45,4804.11
28/12/2025 10:50,4896.77
28/12/2025 10:55,4737.27
28/12/2025 11:00,4730.66
28/12/2025 11:05,4649.91
28/12/2025 11:10,4787.73
28/12/2025 11:15,4731.12
28/12/2025 11:20,4662.98
28/12/2025 11:25,4740.12
28/12/2025 11:30,4726.74
28/12/2025 11:35,4611.14
28/12/2025 11:40,4548.6
28/12/2025 11:45,4522.72
28/12/2025 11:50,4415.52
28/12/2025 11:55,4342.19
28/12/2025 12:00,4235.83
28/12/2025 12:05,4302.85
28/12/2025 12:10,4219.35
28/12/2025 12:15,4179.68
28/12/2025 12:20,4287.29
28/12/2025 12:25,4292.01
28/12/2025 12:30,4195.65
28/12/2025 12:35,4366.35
28/12/2025 12:40,4199.2
28/12/2025 12:45,4135.82
28/12/2025 12:50,4281.48
28/12/2025 12:55,4193.46
28/12/2025 13:00,4263.6
28/12/2025 13:05,4287.1
28/12/2025 13:10,4107.17
28/12/2025 13:15,4142.55
28/12/2025 13:20,4149.9
28/12/2025 13:25,4210.79
28/12/2025 13:30,4248.35
28/12/2025 13:35,4137.49
28/12/2025 13:40,4052.93
28/12/2025 13:45,4304.18
28/12/2025 13:50,4131.31
28/12/2025 13:55,3981.3
28/12/2025 14:00,4095.3
28/12/2025 14:05,3971.87
28/12/2025 14:10,4118.9
28/12/2025 14:15,4118.93
28/12/2025 14:20,4087.25
28/12/2025 14:25,4070.57
28/12/2025 14:30,4105.15
28/12/2025 14:35,4051.85
28/12/2025 14:40,3981.66
28/12/2025 14:45,4020.88
28/12/2025 14:50,4147.82
28/12/2025 14:55,4024.01
28/12/2025 15:00,3923.02
28/12/2025 15:05,3937.33
28/12/2025 15:10,3916.27
28/12/2025 15:15,4068.41
28/12/2025 15:20,4173.85
28/12/2025 15:25,4165.75
28/12/2025 15:30,4204.93
28/12/2025 15:35,4109.81
28/12/2025 15:40,4064.55
28/12/2025 15:45,4041.55
28/12/2025 15:50,4123.86
28/12/2025 15:55,4153.15
28/12/2025 16:00,4271.34
28/12/2025 16:05,4203.86
28/12/2025 16:10,4166.08
28/12/2025 16:15,4246.79
28/12/2025 16:20,4324.99
28/12/2025 16:25,4387.42
28/12/2025 16:30,4360.29
28/12/2025 16:35,4386.82
28/12/2025 16:40,4454.48
28/12/2025 16:45,4422.56
28/12/2025 16:50,4203.95
28/12/2025 16:55,4401.14
28/12/2025 17:00,4423.58
28/12/2025 17:05,4361.56
28/12/2025 17:10,4325.8
28/12/2025 17:15,4428.92
28/12/2025 17:20,4402.26
28/12/2025 17:25,4446.19
28/12/2025 17:30,4443.37
28/12/2025 17:35,4510.51
28/12/2025 17:40,4527.95
28/12/2025 17:45,4533.84
28/12/2025 17:50,4485.46
28/12/2025 17:55,4600.46
28/12/2025 18:00,4758.74
28/12/2025 18:05,4657.88
28/12/2025 18:10,4656.16
28/12/2025 18:15,4602.41
28/12/2025 18:20,4729.57
28/12/2025 18:25,4854.59
28/12/2025 18:30,4721.02
28/12/2025 18:35,4728.19
28/12/2025 18:40,4805.95
28/12/2025 18:45,4774.34
28/12/2025 18:50,4849.3
28/12/2025 18:55,4801.69
28/12/2025 19:00,4888.57
28/12/2025 19:05,4912.8
28/12/2025 19:10,4735.04
28/12/2025 19:15,4829.82
28/12/2025 19:20,4797.47
28/12/2025 19:25,4888.04
28/12/2025 19:30,4954.9
28/12/2025 19:35,4954.5
28/12/2025 19:40,4806.24
28/12/2025 19:45,4920.89
28/12/2025 19:50,4898.63
28/12/2025 19:55,4765.86
28/12/2025 20:00,4921.97
28/12/2025 20:05,4891.56
28/12/2025 20:10,4925.46
28/12/2025 20:15,4628.45
28/12/2025 20:20,4799.43
28/12/2025 20:25,4782.04
28/12/2025 20:30,4768.66
28/12/2025 20:35,4699.75
28/12/2025 20:40,4722.51
28/12/2025 20:45,4683.78
28/12/2025 20:50,4736.43
28/12/2025 20:55,4520.85
28/12/2025 21:00,4594.78
28/12/2025 21:05,4502.83
28/12/2025 21:10,4392.12
28/12/2025 21:15,4430.6
28/12/2025 21:20,4270.91
28/12/2025 21:25,4358.94
28/12/2025 21:30,4232.79
28/12/2025 21:35,4394.04
28/12/2025 21:40,4177.94
28/12/2025 21:45,4189.57
28/12/2025 21:50,4195.82
28/12/2025 21:55,4106.34
28/12/2025 22:00,4006.75
28/12/2025 22:05,3914.81
28/12/2025 22:10,3885.15
28/12/2025 22:15,3843.29
28/12/2025 22:20,3843.54
28/12/2025 22:25,3820.36
28/12/2025 22:30,3685.12
28/12/2025 22:35,3514.75
28/12/2025 22:40,3695.72
28/12/2025 22:45,3465.99
28/12/2025 22:50,3586.78
28/12/2025 22:55,3400.57
28/12/2025 23:00,3512.52
28/12/2025 23:05,3384.72
28/12/2025 23:10,3309.95
28/12/2025 23:15,3289.3
28/12/2025 23:20,3135.6
28/12/2025 23:25,3217.96
28/12/2025 23:30,3008.5
28/12/2025 23:35,3051.2
28/12/2025 23:40,2994.06
28/12/2025 23:45,2975.69
28/12/2025 23:50,2752.12
28/12/2025 23:55,2902.95
29/12/2025 00:00,3116.66
29/12/2025 00:05,3025.96
29/12/2025 00:10,2858.48
29/12/2025 00:15,3151.1
29/12/2025 00:20,2735.98
29/12/2025 00:25,2954.42
29/12/2025 00:30,2953.18
29/12/2025 00:35,3015.47
29/12/2025 00:40,2838.56
29/12/2025 00:45,2880.29
29/12/2025 00:50,2911.7
29/12/2025 00:55,2689.06
29/12/2025 01:00,2639.49
29/12/2025 01:05,2716.36
29/12/2025 01:10,2521.78
29/12/2025 01:15,2688.93
29/12/2025 01:20,2702.43
29/12/2025 01:25,2654.46
29/12/2025 01:30,2648.84
29/12/2025 01:35,2594.19
29/12/2025 01:40,2665.22
29/12/2025 01:45,2507.47
29/12/2025 01:50,2539.24
29/12/2025 01:55,2534.8
29/12/2025 02:00,2285.14
29/12/2025 02:05,2070.73
29/12/2025 02:10,2078.32
29/12/2025 02:15,2173.23
29/12/2025 02:20,1994.51
29/12/2025 02:25,2012.44
29/12/2025 02:30,2094.11
29/12/2025 02:35,1978.68
29/12/2025 02:40,2109.64
29/12/2025 02:45,2072.98
29/12/2025 02:50,2037.69
29/12/2025 02:55,2059.37
29/12/2025 03:00,2157.19
29/12/2025 03:05,2144.03
29/12/2025 03:10,2140.83
29/12/2025 03:15,2202.9
29/12/2025 03:20,2233.22
29/12/2025 03:25,2173.39
29/12/2025 03:30,1970.05
29/12/2025 03:35,1926.31
29/12/2025 03:40,2042.56
29/12/2025 03:45,2069.31
29/12/2025 03:50,1964.57
29/12/2025 03:55,2027.47
29/12/2025 04:00,1934.47
29/12/2025 04:05,2026.52
29/12/2025 04:10,2117.31
29/12/2025 04:15,2076.89
29/12/2025 04:20,2146.8
29/12/2025 04:25,2080.95
29/12/2025 04:30,2048.77
29/12/2025 04:35,2040.82
29/12/2025 04:40,2022.34
29/12/2025 04:45,1970.61
29/12/2025 04:50,1979.03
29/12/2025 04:55,2103.39
29/12/2025 05:00,2270.85
29/12/2025 05:05,2349.62
29/12/2025 05:10,2336.38
29/12/2025 05:15,2295.27
29/12/2025 05:20,2477.98
29/12/2025 05:25,2477.09
29/12/2025 05:30,2370.73
29/12/2025 05:35,2289.5
29/12/2025 05:40,2421.88
29/12/2025 05:45,2636.91
29/12/2025 05:50,2744.63
29/12/2025 05:55,2651.83
29/12/2025 06:00,2832.82
29/12/2025 06:05,2755.84
29/12/2025 06:10,2745.93
29/12/2025 06:15,2909.69
29/12/2025 06:20,2821.88
29/12/2025 06:25,2966.18
29/12/2025 06:30,2883.71
29/12/2025 06:35,3016.46
29/12/2025 06:40,3075.99
29/12/2025 06:45,3190.29
29/12/2025 06:50,3083.4
29/12/2025 06:55,3190.88
29/12/2025 07:00,3173.0
29/12/2025 07:05,3397.03
29/12/2025 07:10,3347.11
29/12/2025 07:15,3372.91
29/12/2025 07:20,3494.22
29/12/2025 07:25,3568.23
29/12/2025 07:30,3640.8
29/12/2025 07:35,3667.49
29/12/2025 07:40,3689.17
29/12/2025 07:45,3724.77
29/12/2025 07:50,3771.24
29/12/2025 07:55,3850.07
29/12/2025 08:00,3866.26
29/12/2025 08:05,3887.69
29/12/2025 08:10,4141.57
29/12/2025 08:15,4224.94
29/12/2025 08:20,4201.45
29/12/2025 08:25,4151.23
29/12/2025 08:30,4249.1
29/12/2025 08:35,4267.97
29/12/2025 08:40,4466.84
29/12/2025 08:45,4376.39
29/12/2025 08:50,4568.56
29/12/2025 08:55,4520.35
29/12/2025 09:00,4525.15
29/12/2025 09:05,4755.18
29/12/2025 09:10,4695.06
29/12/2025 09:15,4839.63
29/12/2025 09:20,4609.0
29/12/2025 09:25,4900.31
29/12/2025 09:30,4888.95
29/12/2025 09:35,4895.41
29/12/2025 09:40,5025.34
29/12/2025 09:45,4989.32
29/12/2025 09:50,4984.62
29/12/2025 09:55,4910.67
29/12/2025 10:00,4942.28
29/12/2025 10:05,4960.56
29/12/2025 10:10,4941.03
29/12/2025 10:15,5153.73
29/12/2025 10:20,5015.4
29/12/2025 10:25,4975.48
29/12/2025 10:30,5173.14
29/12/2025 10:35,5040.92
29/12/2025 10:40,5034.87
29/12/2025 10:45,5085.0
29/12/2025 10:50,4861.65
29/12/2025 10:55,5009.45
29/12/2025 11:00,4997.73
29/12/2025 11:05,4972.57
29/12/2025 11:10,4858.19
29/12/2025 11:15,4946.52
29/12/2025 11:20,4912.36
29/12/2025 11:25,4847.35
29/12/2025 11:30,4724.41
29/12/2025 11:35,4666.49
29/12/2025 11:40,4871.39
29/12/2025 11:45,4715.34
29/12/2025 11:50,4755.14
29/12/2025 11:55,4604.1
29/12/2025 12:00,4627.73
29/12/2025 12:05,4621.53
29/12/2025 12:10,4541.49
29/12/2025 12:15,4624.33
29/12/2025 12:20,4446.56
29/12/2025 12:25,4461.33
29/12/2025 12:30,4407.93
29/12/2025 12:35,4442.46
29/12/2025 12:40,4406.82
29/12/2025 12:45,4419.37
29/12/2025 12:50,4404.55
29/12/2025 12:55,4226.48
29/12/2025 13:00,4411.97
29/12/2025 13:05,4437.14
29/12/2025 13:10,4515.91
29/12/2025 13:15,4394.1
29/12/2025 13:20,4433.53
29/12/2025 13:25,4264.39
29/12/2025 13:30,4363.33
29/12/2025 13:35,4444.26
29/12/2025 13:40,4446.13
29/12/2025 13:45,4232.4
29/12/2025 13:50,4348.83
29/12/2025 13:55,4305.42
29/12/2025 14:00,4416.36
29/12/2025 14:05,4260.88
29/12/2025 14:10,4307.8
29/12/2025 14:15,4461.29
29/12/2025 14:20,4313.43
29/12/2025 14:25,4447.09
29/12/2025 14:30,4215.9
29/12/2025 14:35,4170.13
29/12/2025 14:40,4260.31
29/12/2025 14:45,4363.38
29/12/2025 14:50,4202.25
29/12/2025 14:55,4279.41
29/12/2025 15:00,4260.28
29/12/2025 15:05,4408.07
29/12/2025 15:10,4196.08
29/12/2025 15:15,4219.75
29/12/2025 15:20,4177.08
29/12/2025 15:25,4507.98
29/12/2025 15:30,4483.8
29/12/2025 15:35,4307.01
29/12/2025 15:40,4463.23
29/12/2025 15:45,4259.29
29/12/2025 15:50,4362.95
29/12/2025 15:55,4422.76
29/12/2025 16:00,4363.84
29/12/2025 16:05,4422.42
29/12/2025 16:10,4372.54
29/12/2025 16:15,4424.28
29/12/2025 16:20,4580.46
29/12/2025 16:25,4600.51
29/12/2025 16:30,4593.25
29/12/2025 16:35,4630.06
29/12/2025 16:40,4609.19
29/12/2025 16:45,4653.49
29/12/2025 16:50,4679.22
29/12/2025 16:55,4744.39
29/12/2025 17:00,4790.14
29/12/2025 17:05,4622.56
29/12/2025 17:10,4717.92
29/12/2025 17:15,4821.57
29/12/2025 17:20,4729.69
29/12/2025 17:25,4602.52
29/12/2025 17:30,4720.18
29/12/2025 17:35,4821.69
29/12/2025 17:40,4869.35
29/12/2025 17:45,4753.79
29/12/2025 17:50,4983.66
29/12/2025 17:55,4752.11
29/12/2025 18:00,4881.35
29/12/2025 18:05,4935.85
29/12/2025 18:10,4871.17
29/12/2025 18:15,4821.83
29/12/2025 18:20,4979.81
29/12/2025 18:25,4945.2
29/12/2025 18:30,5107.6
29/12/2025 18:35,4989.37
29/12/2025 18:40,4923.41
29/12/2025 18:45,5146.02
29/12/2025 18:50,5087.2
29/12/2025 18:55,5193.61
29/12/2025 19:00,5091.89
29/12/2025 19:05,5297.84
29/12/2025 19:10,5158.55
29/12/2025 19:15,5032.86
29/12/2025 19:20,5139.27
29/12/2025 19:25,5098.45
29/12/2025 19:30,5129.39
29/12/2025 19:35,5051.95
29/12/2025 19:40,5192.23
29/12/2025 19:45,5182.57
29/12/2025 19:50,5114.96
29/12/2025 19:55,5199.29
29/12/2025 20:00,5138.47
29/12/2025 20:05,5215.31
29/12/2025 20:10,4836.24
29/12/2025 20:15,5213.94
29/12/2025 20:20,5059.5
29/12/2025 20:25,5238.2
29/12/2025 20:30,4976.51
29/12/2025 20:35,5039.97
29/12/2025 20:40,4906.8
29/12/2025 20:45,5042.08
29/12/2025 20:50,4936.18
29/12/2025 20:55,4962.99
29/12/2025 21:00,4790.89
29/12/2025 21:05,4804.5
29/12/2025 21:10,4753.72
29/12/2025 21:15,4622.26
29/12/2025 21:20,4685.46
29/12/2025 21:25,4577.46
29/12/2025 21:30,4531.28
29/12/2025 21:35,4415.31
29/12/2025 21:40,4452.48
29/12/2025 21:45,4258.11
29/12/2025 21:50,4294.92
29/12/2025 21:55,4338.6
29/12/2025 22:00,4331.84
29/12/2025 22:05,4192.93
29/12/2025 22:10,3951.5
29/12/2025 22:15,3922.77
29/12/2025 22:20,4003.28
29/12/2025 22:25,3968.21
29/12/2025 22:30,3965.29
29/12/2025 22:35,3890.75
29/12/2025 22:40,3867.88
29/12/2025 22:45,3897.89
29/12/2025 22:50,3721.67
29/12/2025 22:55,3785.17
29/12/2025 23:00,3567.6
29/12/2025 23:05,3765.07
29/12/2025 23:10,3709.95
29/12/2025 23:15,3590.29
29/12/2025 23:20,3463.68
29/12/2025 23:25,3537.33
29/12/2025 23:30,3328.62
29/12/2025 23:35,3348.61
29/12/2025 23:40,3291.29
29/12/2025 23:45,3338.71
29/12/2025 23:50,3178.94
29/12/2025 23:55,3151.89
30/12/2025 00:00,3057.95
30/12/2025 00:05,2969.61
30/12/2025 00:10,2779.55
30/12/2025 00:15,2962.41
30/12/2025 00:20,3072.2
30/12/2025 00:25,3068.08
30/12/2025 00:30,2943.39
30/12/2025 00:35,2962.06
30/12/2025 00:40,2859.7
30/12/2025 00:45,2831.63
30/12/2025 00:50,2777.15
30/12/2025 00:55,2845.22
30/12/2025 01:00,2817.96
30/12/2025 01:05,2717.62
30/12/2025 01:10,2773.33
30/12/2025 01:15,2628.99
30/12/2025 01:20,2585.54
30/12/2025 01:25,2656.93
30/12/2025 01:30,2606.14
30/12/2025 01:35,2636.2
30/12/2025 01:40,2496.01
30/12/2025 01:45,2422.25
30/12/2025 01:50,2473.04
30/12/2025 01:55,2409.26
30/12/2025 02:00,1939.29
30/12/2025 02:05,1960.4
30/12/2025 02:10,2055.8
30/12/2025 02:15,2036.68
30/12/2025 02:20,1984.06
30/12/2025 02:25,2215.33
30/12/2025 02:30,1900.0
30/12/2025 02:35,2096.84
30/12/2025 02:40,1970.65
30/12/2025 02:45,1982.36
30/12/2025 02:50,1971.73
30/12/2025 02:55,2039.41
30/12/2025 03:00,1900.0
30/12/2025 03:05,2092.02
30/12/2025 03:10,2238.51
30/12/2025 03:15,2063.16
30/12/2025 03:20,1900.0
30/12/2025 03:25,2257.09
30/12/2025 03:30,1983.87
30/12/2025 03:35,2187.64
30/12/2025 03:40,1978.74
30/12/2025 03:45,2117.48
30/12/2025 03:50,1900.0
30/12/2025 03:55,2108.08
30/12/2025 04:00,2064.59
30/12/2025 04:05,2054.6
30/12/2025 04:10,2169.11
30/12/2025 04:15,2011.04
30/12/2025 04:20,1995.62
30/12/2025 04:25,1961.34
30/12/2025 04:30,2005.07
30/12/2025 04:35,2152.84
30/12/2025 04:40,2001.22
30/12/2025 04:45,2034.6
30/12/2025 04:50,2011.64
30/12/2025 04:55,2090.45
30/12/2025 05:00,2136.14
30/12/2025 05:05,2182.74
30/12/2025 05:10,2333.34
30/12/2025 05:15,2436.53
30/12/2025 05:20,2523.83
30/12/2025 05:25,2428.66
30/12/2025 05:30,2486.73
30/12/2025 05:35,2493.68
30/12/2025 05:40,2673.94
30/12/2025 05:45,2760.73
30/12/2025 05:50,2502.21
30/12/2025 05:55,2719.12
30/12/2025 06:00,2774.75
30/12/2025 06:05,2826.22
30/12/2025 06:10,2771.74
30/12/2025 06:15,2820.21
30/12/2025 06:20,2963.41
30/12/2025 06:25,2991.82
30/12/2025 06:30,3044.89
30/12/2025 06:35,3019.38
30/12/2025 06:40,3127.94
30/12/2025 06:45,3103.29
30/12/2025 06:50,3182.76
30/12/2025 06:55,3333.22
30/12/2025 07:00,3342.53
30/12/2025 07:05,3370.28
30/12/2025 07:10,3313.07
30/12/2025 07:15,3500.75
30/12/2025 07:20,3537.56
30/12/2025 07:25,3484.56
30/12/2025 07:30,3710.54
30/12/2025 07:35,3566.3
30/12/2025 07:40,3638.69
30/12/2025 07:45,3647.82
30/12/2025 07:50,3790.87
30/12/2025 07:55,3992.91
30/12/2025 08:00,3965.36
30/12/2025 08:05,4117.88
30/12/2025 08:10,4149.85
30/12/2025 08:15,4153.92
30/12/2025 08:20,4170.05
30/12/2025 08:25,4123.06
30/12/2025 08:30,4381.81
30/12/2025 08:35,4344.02
30/12/2025 08:40,4439.34
30/12/2025 08:45,4517.09
30/12/2025 08:50,4502.72
30/12/2025 08:55,4506.26
30/12/2025 09:00,4578.45
30/12/2025 09:05,4560.44
30/12/2025 09:10,4618.2
30/12/2025 09:15,4698.52
30/12/2025 09:20,4802.93
30/12/2025 09:25,4859.55
30/12/2025 09:30,4792.4
30/12/2025 09:35,4857.33
30/12/2025 09:40,4942.31
30/12/2025 09:45,4946.11
30/12/2025 09:50,4973.45
30/12/2025 09:55,4844.86
30/12/2025 10:00,4934.67
30/12/2025 10:05,5015.06
30/12/2025 10:10,5077.88
30/12/2025 10:15,4927.73
30/12/2025 10:20,5193.57
30/12/2025 10:25,5048.54
30/12/2025 10:30,4956.04
30/12/2025 10:35,5030.83
30/12/2025 10:40,5058.53
30/12/2025 10:45,5033.86
30/12/2025 10:50,5033.73
30/12/2025 10:55,5099.29
30/12/2025 11:00,5122.52
30/12/2025 11:05,4939.91
30/12/2025 11:10,5072.04
30/12/2025 11:15,5121.59
30/12/2025 11:20,4906.67
30/12/2025 11:25,5077.09
30/12/2025 11:30,4717.74
30/12/2025 11:35,4861.86
30/12/2025 11:40,4701.66
30/12/2025 11:45,4917.41
30/12/2025 11:50,4737.65
30/12/2025 11:55,4630.08
30/12/2025 12:00,4656.58
30/12/2025 12:05,4465.42
30/12/2025 12:10,4532.77
30/12/2025 12:15,4520.29
30/12/2025 12:20,4515.02
30/12/2025 12:25,4599.89
30/12/2025 12:30,4557.34
30/12/2025 12:35,4436.04
30/12/2025 12:40,4427.83
30/12/2025 12:45,4593.7
30/12/2025 12:50,4537.95
30/12/2025 12:55,4389.65
30/12/2025 13:00,4346.85
30/12/2025 13:05,4422.01
30/12/2025 13:10,4386.78
30/12/2025 13:15,4479.05
30/12/2025 13:20,4477.54
30/12/2025 13:25,4510.58
30/12/2025 13:30,4507.79
30/12/2025 13:35,4386.19
30/12/2025 13:40,4475.83
30/12/2025 13:45,4309.32
30/12/2025 13:50,4423.6
30/12/2025 13:55,4377.58
30/12/2025 14:00,4279.47
30/12/2025 14:05,4370.54
30/12/2025 14:10,4268.19
30/12/2025 14:15,4401.28
30/12/2025 14:20,4302.83
30/12/2025 14:25,4455.36
30/12/2025 14:30,4296.51
30/12/2025 14:35,4341.23
30/12/2025 14:40,4153.62
30/12/2025 14:45,4175.79
30/12/2025 14:50,4277.6
30/12/2025 14:55,4203.7
30/12/2025 15:00,4205.62
30/12/2025 15:05,4200.14
30/12/2025 15:10,4184.79
30/12/2025 15:15,4326.23
30/12/2025 15:20,4347.27
30/12/2025 15:25,4373.62
30/12/2025 15:30,4369.91
30/12/2025 15:35,4503.03
30/12/2025 15:40,4522.42
30/12/2025 15:45,4460.74
30/12/2025 15:50,4389.21
30/12/2025 15:55,4486.18
30/12/2025 16:00,4445.72
30/12/2025 16:05,4495.55
30/12/2025 16:10,4606.56
30/12/2025 16:15,4473.13
30/12/2025 16:20,4483.41
30/12/2025 16:25,4469.27
30/12/2025 16:30,4484.88
30/12/2025 16:35,4566.28
30/12/2025 16:40,4730.46
30/12/2025 16:45,4672.94
30/12/2025 16:50,4588.94
30/12/2025 16:55,4629.57
30/12/2025 17:00,4644.21
30/12/2025 17:05,4552.43
30/12/2025 17:10,4692.51
30/12/2025 17:15,4615.4
30/12/2025 17:20,4522.31
30/12/2025 17:25,4698.21
30/12/2025 17:30,4903.59
30/12/2025 17:35,4960.12
30/12/2025 17:40,4858.08
30/12/2025 17:45,4770.44
30/12/2025 17:50,4810.54
30/12/2025 17:55,4930.28
30/12/2025 18:00,4937.08
30/12/2025 18:05,4851.13
30/12/2025 18:10,4896.75
30/12/2025 18:15,4787.54
30/12/2025 18:20,4874.33
30/12/2025 18:25,5108.48
30/12/2025 18:30,5060.49
30/12/2025 18:35,5106.67
30/12/2025 18:40,4972.81
30/12/2025 18:45,4862.83
30/12/2025 18:50,5054.96
30/12/2025 18:55,5147.01
30/12/2025 19:00,5221.05
30/12/2025 19:05,5131.28
30/12/2025 19:10,5155.3
30/12/2025 19:15,5106.01
30/12/2025 19:20,5069.98
30/12/2025 19:25,5064.49
30/12/2025 19:30,5065.19
30/12/2025 19:35,5311.18
30/12/2025 19:40,5140.69
30/12/2025 19:45,5127.67
30/12/2025 19:50,5056.52
30/12/2025 19:55,5209.31
30/12/2025 20:00,4987.48
30/12/2025 20:05,5131.83
30/12/2025 20:10,5162.07
30/12/2025 20:15,5177.93
30/12/2025 20:20,5104.25
30/12/2025 20:25,4855.19
30/12/2025 20:30,5006.9
30/12/2025 20:35,5050.52
30/12/2025 20:40,4906.95
30/12/2025 20:45,4840.6
30/12/2025 20:50,4927.59
30/12/2025 20:55,4824.72
30/12/2025 21:00,4837.2
30/12/2025 21:05,4729.28
30/12/2025 21:10,4662.18
30/12/2025 21:15,4768.81
30/12/2025 21:20,4503.57
30/12/2025 21:25,4654.51
30/12/2025 21:30,4637.88
30/12/2025 21:35,4319.36
30/12/2025 21:40,4448.28
30/12/2025 21:45,4475.05
30/12/2025 21:50,4347.92
30/12/2025 21:55,4385.87
30/12/2025 22:00,4181.64
30/12/2025 22:05,4224.74
30/12/2025 22:10,4184.9
30/12/2025 22:15,4190.7
30/12/2025 22:20,4069.54
30/12/2025 22:25,4122.05
30/12/2025 22:30,3812.08
30/12/2025 22:35,3812.05
30/12/2025 22:40,3836.95
30/12/2025 22:45,3941.47
30/12/2025 22:50,3750.96
30/12/2025 22:55,3678.78
30/12/2025 23:00,3630.07
30/12/2025 23:05,3450.53
30/12/2025 23:10,3552.5
30/12/2025 23:15,3539.88
30/12/2025 23:20,3476.68
30/12/2025 23:25,3318.38
30/12/2025 23:30,3265.86
30/12/2025 23:35,3247.87
30/12/2025 23:40,3068.79
30/12/2025 23:45,3309.38
30/12/2025 23:50,3146.43
30/12/2025 23:55,3022.33
31/12/2025 00:00,2936.18
31/12/2025 00:05,3039.6
31/12/2025 00:10,2872.46
31/12/2025 00:15,2946.91
31/12/2025 00:20,2936.94
31/12/2025 00:25,2911.99
31/12/2025 00:30,2958.12
31/12/2025 00:35,2920.93
31/12/2025 00:40,2903.42
31/12/2025 00:45,2708.32
31/12/2025 00:50,2936.88
31/12/2025 00:55,2878.98
31/12/2025 01:00,2788.22
31/12/2025 01:05,2665.82
31/12/2025 01:10,2623.22
31/12/2025 01:15,2674.26
31/12/2025 01:20,2695.92
31/12/2025 01:25,2633.94
31/12/2025 01:30,2577.81
31/12/2025 01:35,2659.08
31/12/2025 01:40,2521.73
31/12/2025 01:45,2530.94
31/12/2025 01:50,2519.42
31/12/2025 01:55,2607.87
31/12/2025 02:00,2030.58
31/12/2025 02:05,2053.55
31/12/2025 02:10,2146.47
31/12/2025 02:15,2088.45
31/12/2025 02:20,2102.67
31/12/2025 02:25,2172.45
31/12/2025 02:30,2056.99
31/12/2025 02:35,1948.17
31/12/2025 02:40,2017.81
31/12/2025 02:45,1922.68
31/12/2025 02:50,2051.48
31/12/2025 02:55,1938.69
31/12/2025 03:00,1932.43
31/12/2025 03:05,2062.33
31/12/2025 03:10,2018.38
31/12/2025 03:15,2023.85
31/12/2025 03:20,2076.13
31/12/2025 03:25,1988.43
31/12/2025 03:30,2094.71
31/12/2025 03:35,1943.42
31/12/2025 03:40,2077.52
31/12/2025 03:45,2313.15
31/12/2025 03:50,2050.57
31/12/2025 03:55,2055.79
31/12/2025 04:00,2008.0
31/12/2025 04:05,1900.0
31/12/2025 04:10,2163.62
31/12/2025 04:15,2025.73
31/12/2025 04:20,2131.54
31/12/2025 04:25,1950.16
31/12/2025 04:30,2027.82
31/12/2025 04:35,1996.83
31/12/2025 04:40,2069.97
31/12/2025 04:45,1900.0
31/12/2025 04:50,2215.84
31/12/2025 04:55,1918.79
31/12/2025 05:00,2380.76
31/12/2025 05:05,2285.27
31/12/2025 05:10,2286.12
31/12/2025 05:15,2465.9
31/12/2025 05:20,2431.83
31/12/2025 05:25,2497.97
31/12/2025 05:30,2434.65
31/12/2025 05:35,2362.95
31/12/2025 05:40,2413.83
31/12/2025 05:45,2604.8
31/12/2025 05:50,2742.12
31/12/2025 05:55,2661.82
31/12/2025 06:00,2652.97
31/12/2025 06:05,2909.85
31/12/2025 06:10,2945.73
31/12/2025 06:15,2944.64
31/12/2025 06:20,2792.6
31/12/2025 06:25,2958.17
31/12/2025 06:30,3067.72
31/12/2025 06:35,3073.5
31/12/2025 06:40,3104.73
31/12/2025 06:45,3173.38
31/12/2025 06:50,3202.07
31/12/2025 06:55,3098.29
31/12/2025 07:00,3381.27
31/12/2025 07:05,3161.81
31/12/2025 07:10,3351.77
31/12/2025 07:15,3407.29
31/12/2025 07:20,3470.82
31/12/2025 07:25,3426.93
31/12/2025 07:30,3575.89
31/12/2025 07:35,3761.72
31/12/2025 07:40,3805.38
31/12/2025 07:45,3734.09
31/12/2025 07:50,3915.49
31/12/2025 07:55,3991.92
31/12/2025 08:00,3959.14
31/12/2025 08:05,3940.24
31/12/2025 08:10,4069.31
31/12/2025 08:15,3998.71
31/12/2025 08:20,4225.8
31/12/2025 08:25,4223.15
31/12/2025 08:30,4247.26
31/12/2025 08:35,4358.98
31/12/2025 08:40,4440.68
31/12/2025 08:45,4478.38
31/12/2025 08:50,4512.45
31/12/2025 08:55,4671.91
31/12/2025 09:00,4638.09
31/12/2025 09:05,4712.34
31/12/2025 09:10,4653.21
31/12/2025 09:15,4695.0
31/12/2025 09:20,4852.55
31/12/2025 09:25,4719.11
31/12/2025 09:30,4927.18
31/12/2025 09:35,5065.59
31/12/2025 09:40,4777.38
31/12/2025 09:45,4939.84
31/12/2025 09:50,4781.43
31/12/2025 09:55,5001.75
31/12/2025 10:00,4997.84
31/12/2025 10:05,5127.91
31/12/2025 10:10,4975.02
31/12/2025 10:15,4988.06
31/12/2025 10:20,5032.61
31/12/2025 10:25,5089.3
31/12/2025 10:30,5037.37
31/12/2025 10:35,5061.75
31/12/2025 10:40,5043.11
31/12/2025 10:45,4960.26
31/12/2025 10:50,5196.89
31/12/2025 10:55,4981.57
31/12/2025 11:00,5012.34
31/12/2025 11:05,5006.27
31/12/2025 11:10,4869.1
31/12/2025 11:15,4958.93
31/12/2025 11:20,5059.09
31/12/2025 11:25,4909.25
31/12/2025 11:30,4903.59
31/12/2025 11:35,4837.8
31/12/2025 11:40,4787.34
31/12/2025 11:45,4775.83
31/12/2025 11:50,4727.05
31/12/2025 11:55,4572.5
31/12/2025 12:00,4531.75
31/12/2025 12:05,4656.4
31/12/2025 12:10,4584.22
31/12/2025 12:15,4610.86
31/12/2025 12:20,4424.41
31/12/2025 12:25,4585.22
31/12/2025 12:30,4481.38
31/12/2025 12:35,4516.21
31/12/2025 12:40,4404.67
31/12/2025 12:45,4343.23
31/12/2025 12:50,4430.7
31/12/2025 12:55,4555.46
31/12/2025 13:00,4401.69
31/12/2025 13:05,4538.11
31/12/2025 13:10,4362.06
31/12/2025 13:15,4403.51
31/12/2025 13:20,4406.0
31/12/2025 13:25,4356.81
31/12/2025 13:30,4470.07
31/12/2025 13:35,4412.84
31/12/2025 13:40,4345.73
31/12/2025 13:45,4353.46
31/12/2025 13:50,4334.35
31/12/2025 13:55,4399.32
31/12/2025 14:00,4294.33
31/12/2025 14:05,4342.64
31/12/2025 14:10,4480.96
31/12/2025 14:15,4451.28
31/12/2025 14:20,4273.97
31/12/2025 14:25,4378.2
31/12/2025 14:30,4221.8
31/12/2025 14:35,4202.88
31/12/2025 14:40,4246.18
31/12/2025 14:45,4261.82
31/12/2025 14:50,4210.23
31/12/2025 14:55,4323.03
31/12/2025 15:00,4271.76
31/12/2025 15:05,4269.64
31/12/2025 15:10,4371.75
31/12/2025 15:15,4294.38
31/12/2025 15:20,4120.08
31/12/2025 15:25,4409.82
31/12/2025 15:30,4417.53
31/12/2025 15:35,4385.76
31/12/2025 15:40,4358.47
31/12/2025 15:45,4376.26
31/12/2025 15:50,4462.69
31/12/2025 15:55,4394.49
31/12/2025 16:00,4453.55
31/12/2025 16:05,4496.99
31/12/2025 16:10,4464.5
31/12/2025 16:15,4568.54
31/12/2025 16:20,4625.15
31/12/2025 16:25,4569.68
31/12/2025 16:30,4627.08
31/12/2025 16:35,4540.07
31/12/2025 16:40,4551.74
31/12/2025 16:45,4457.83
31/12/2025 16:50,4623.81
31/12/2025 16:55,4770.18
31/12/2025 17:00,4659.62
31/12/2025 17:05,4627.51
31/12/2025 17:10,4574.08
31/12/2025 17:15,4678.12
31/12/2025 17:20,4827.29
31/12/2025 17:25,4687.85
31/12/2025 17:30,4791.37
31/12/2025 17:35,4823.84
31/12/2025 17:40,4705.65
31/12/2025 17:45,4683.97
31/12/2025 17:50,4894.89
31/12/2025 17:55,4842.91
31/12/2025 18:00,4840.65
31/12/2025 18:05,4937.06
31/12/2025 18:10,4936.59
31/12/2025 18:15,4906.89
31/12/2025 18:20,4882.33
31/12/2025 18:25,4965.76
31/12/2025 18:30,4947.91
31/12/2025 18:35,4987.32
31/12/2025 18:40,5225.6
31/12/2025 18:45,5101.84
31/12/2025 18:50,4974.78
31/12/2025 18:55,5166.66
31/12/2025 19:00,5066.5
31/12/2025 19:05,4998.85
31/12/2025 19:10,4992.38
31/12/2025 19:15,5228.18
31/12/2025 19:20,5263.66
31/12/2025 19:25,4990.1
31/12/2025 19:30,5201.66
31/12/2025 19:35,5059.87
31/12/2025 19:40,5101.73
31/12/2025 19:45,5124.79
31/12/2025 19:50,5157.72
31/12/2025 19:55,4912.26
31/12/2025 20:00,5235.12
31/12/2025 20:05,5099.75
31/12/2025 20:10,5299.51
31/12/2025 20:15,5082.22
31/12/2025 20:20,5104.42
31/12/2025 20:25,5025.18
31/12/2025 20:30,4958.1
31/12/2025 20:35,5017.48
31/12/2025 20:40,4932.34
31/12/2025 20:45,4859.33
31/12/2025 20:50,4948.57
31/12/2025 20:55,4790.75
31/12/2025 21:00,4680.99
31/12/2025 21:05,4914.26
31/12/2025 21:10,4785.94
31/12/2025 21:15,4744.92
31/12/2025 21:20,4579.48
31/12/2025 21:25,4635.94
31/12/2025 21:30,4548.26
31/12/2025 21:35,4309.96
31/12/2025 21:40,4461.28
31/12/2025 21:45,4397.39
31/12/2025 21:50,4317.71
31/12/2025 21:55,4361.97
31/12/2025 22:00,4226.02
31/12/2025 22:05,4230.93
31/12/2025 22:10,4107.91
31/12/2025 22:15,3998.68
31/12/2025 22:20,4094.39
31/12/2025 22:25,3914.89
31/12/2025 22:30,3866.2
31/12/2025 22:35,3903.7
31/12/2025 22:40,3980.22
31/12/2025 22:45,3870.12
31/12/2025 22:50,3795.06
31/12/2025 22:55,3609.38
31/12/2025 23:00,3531.76
31/12/2025 23:05,3515.95
31/12/2025 23:10,3509.0
31/12/2025 23:15,3586.84
31/12/2025 23:20,3520.01
31/12/2025 23:25,3480.09
31/12/2025 23:30,3316.31
31/12/2025 23:35,3308.29
31/12/2025 23:40,3233.15
31/12/2025 23:45,3215.84
31/12/2025 23:50,3217.9
31/12/2025 23:55,3224.77
01/01/2026 00:00,3041.94
01/01/2026 00:05,3022.13
01/01/2026 00:10,3056.3
01/01/2026 00:15,2952.91
01/01/2026 00:20,3114.26
01/01/2026 00:25,2914.7
01/01/2026 00:30,3018.76
01/01/2026 00:35,2880.33
01/01/2026 00:40,2904.03
01/01/2026 00:45,2736.97
01/01/2026 00:50,2758.2
01/01/2026 00:55,2748.94
01/01/2026 01:00,2790.94
01/01/2026 01:05,2708.18
01/01/2026 01:10,2725.1
01/01/2026 01:15,2637.83
01/01/2026 01:20,2672.69
01/01/2026 01:25,2740.89
01/01/2026 01:30,2520.91
01/01/2026 01:35,2558.17
01/01/2026 01:40,2444.9
01/01/2026 01:45,2414.62
01/01/2026 01:50,2675.6
01/01/2026 01:55,2370.33
01/01/2026 02:00,2006.24
01/01/2026 02:05,1900.0
01/01/2026 02:10,2084.82
01/01/2026 02:15,2145.6
01/01/2026 02:20,1970.17
01/01/2026 02:25,2285.17
01/01/2026 02:30,1948.64
01/01/2026 02:35,2061.05
01/01/2026 02:40,2036.33
01/01/2026 02:45,2137.56
01/01/2026 02:50,1981.93
01/01/2026 02:55,2096.25
01/01/2026 03:00,2137.92
01/01/2026 03:05,2101.37
01/01/2026 03:10,2173.23
01/01/2026 03:15,1900.0
01/01/2026 03:20,2212.82
01/01/2026 03:25,2113.95
01/01/2026 03:30,1948.3
01/01/2026 03:35,1966.84
01/01/2026 03:40,2052.27
01/01/2026 03:45,2128.59
01/01/2026 03:50,2078.7
01/01/2026 03:55,2020.75
01/01/2026 04:00,2038.52
01/01/2026 04:05,2112.28
01/01/2026 04:10,2000.52
01/01/2026 04:15,2031.0
01/01/2026 04:20,2147.49
01/01/2026 04:25,2192.25
01/01/2026 04:30,1987.5
01/01/2026 04:35,2100.33
01/01/2026 04:40,2049.67
01/01/2026 04:45,2114.72
01/01/2026 04:50,1966.38
01/01/2026 04:55,1963.22
01/01/2026 05:00,2328.07
01/01/2026 05:05,2295.31
01/01/2026 05:10,2353.69
01/01/2026 05:15,2324.45
01/01/2026 05:20,2395.28
01/01/2026 05:25,2315.01
01/01/2026 05:30,2371.5
01/01/2026 05:35,2531.61
01/01/2026 05:40,2483.74
01/01/2026 05:45,2446.42
01/01/2026 05:50,2552.87
01/01/2026 05:55,2687.25
01/01/2026 06:00,2750.26
01/01/2026 06:05,2945.5
01/01/2026 06:10,3038.35
01/01/2026 06:15,2740.25
01/01/2026 06:20,2875.21
01/01/2026 06:25,3129.3
01/01/2026 06:30,2938.83
01/01/2026 06:35,3078.24
01/01/2026 06:40,3142.06
01/01/2026 06:45,3261.92
01/01/2026 06:50,3312.91
01/01/2026 06:55,3231.13
01/01/2026 07:00,3243.11
01/01/2026 07:05,3352.35
01/01/2026 07:10,3549.67
01/01/2026 07:15,3313.65
01/01/2026 07:20,3670.78
01/01/2026 07:25,3751.13
01/01/2026 07:30,3465.1
01/01/2026 07:35,3850.75
01/01/2026 07:40,3770.97
01/01/2026 07:45,3814.44
01/01/2026 07:50,3961.95
01/01/2026 07:55,3920.72
01/01/2026 08:00,3965.11
01/01/2026 08:05,3984.35
01/01/2026 08:10,4049.62
01/01/2026 08:15,4077.64
01/01/2026 08:20,4165.25
01/01/2026 08:25,4127.28
01/01/2026 08:30,4304.85
01/01/2026 08:35,4204.87
01/01/2026 08:40,4472.68
01/01/2026 08:45,4612.33
01/01/2026 08:50,4476.39
01/01/2026 08:55,4415.86
01/01/2026 09:00,4644.08
01/01/2026 09:05,4651.94
01/01/2026 09:10,4759.52
01/01/2026 09:15,4950.77
01/01/2026 09:20,4769.9
01/01/2026 09:25,4929.05
01/01/2026 09:30,4812.45
01/01/2026 09:35,4857.25
01/01/2026 09:40,4769.43
01/01/2026 09:45,4793.17
01/01/2026 09:50,4961.71
01/01/2026 09:55,5021.28
01/01/2026 10:00,4933.97
01/01/2026 10:05,5001.71
01/01/2026 10:10,5098.51
01/01/2026 10:15,4985.17
01/01/2026 10:20,5065.6
01/01/2026 10:25,4938.13
01/01/2026 10:30,5019.2
01/01/2026 10:35,5262.86
01/01/2026 10:40,5024.4
01/01/2026 10:45,4990.16
01/01/2026 10:50,5051.63
01/01/2026 10:55,4965.21
01/01/2026 11:00,4979.02
01/01/2026 11:05,4941.68
01/01/2026 11:10,4977.14
01/01/2026 11:15,4912.16
01/01/2026 11:20,4868.1
01/01/2026 11:25,4990.72
01/01/2026 11:30,4842.97
01/01/2026 11:35,4835.39
01/01/2026 11:40,4801.38
01/01/2026 11:45,4698.73
01/01/2026 11:50,4674.5
01/01/2026 11:55,4663.57
01/01/2026 12:00,4440.14
01/01/2026 12:05,4438.43
01/01/2026 12:10,4596.43
01/01/2026 12:15,4521.95
01/01/2026 12:20,4578.04
01/01/2026 12:25,4490.73
01/01/2026 12:30,4549.23
01/01/2026 12:35,4482.91
01/01/2026 12:40,4471.66
01/01/2026 12:45,4433.12
01/01/2026 12:50,4482.89
01/01/2026 12:55,4502.27
01/01/2026 13:00,4392.63
01/01/2026 13:05,4467.8
01/01/2026 13:10,4418.58
01/01/2026 13:15,4315.16
01/01/2026 13:20,4364.72
01/01/2026 13:25,4268.75
01/01/2026 13:30,4504.48
01/01/2026 13:35,4385.79
01/01/2026 13:40,4347.8
01/01/2026 13:45,4417.19
01/01/2026 13:50,4275.98
01/01/2026 13:55,4386.04
01/01/2026 14:00,4347.8
01/01/2026 14:05,4309.31
01/01/2026 14:10,4351.73
01/01/2026 14:15,4221.28
01/01/2026 14:20,4306.44
01/01/2026 14:25,4447.54
01/01/2026 14:30,4469.71
01/01/2026 14:35,4220.25
01/01/2026 14:40,4387.33
01/01/2026 14:45,4295.39
01/01/2026 14:50,4334.72
01/01/2026 14:55,4233.02
01/01/2026 15:00,4425.53
01/01/2026 15:05,4322.41
01/01/2026 15:10,4422.47
01/01/2026 15:15,4284.11
01/01/2026 15:20,4297.78
01/01/2026 15:25,4428.94
01/01/2026 15:30,4403.55
01/01/2026 15:35,4424.63
01/01/2026 15:40,4441.02
01/01/2026 15:45,4450.44
01/01/2026 15:50,4355.53
01/01/2026 15:55,4524.09
01/01/2026 16:00,4574.7
01/01/2026 16:05,4583.63
01/01/2026 16:10,4432.72
01/01/2026 16:15,4433.98
01/01/2026 16:20,4574.12
01/01/2026 16:25,4487.95
01/01/2026 16:30,4637.25
01/01/2026 16:35,4673.72
01/01/2026 16:40,4654.67
01/01/2026 16:45,4534.16
01/01/2026 16:50,4634.94
01/01/2026 16:55,4588.3
01/01/2026 17:00,4710.51
01/01/2026 17:05,4641.1
01/01/2026 17:10,4781.12
01/01/2026 17:15,4814.24
01/01/2026 17:20,4732.51
01/01/2026 17:25,4627.85
01/01/2026 17:30,4646.41
01/01/2026 17:35,4755.87
01/01/2026 17:40,4743.98
01/01/2026 17:45,4939.64
01/01/2026 17:50,4792.48
01/01/2026 17:55,4840.18
01/01/2026 18:00,4811.45
01/01/2026 18:05,4862.62
01/01/2026 18:10,5034.2
01/01/2026 18:15,4980.32
01/01/2026 18:20,4930.46
01/01/2026 18:25,4883.84
01/01/2026 18:30,4938.34
01/01/2026 18:35,5035.63
01/01/2026 18:40,4896.32
01/01/2026 18:45,5096.91
01/01/2026 18:50,5058.25
01/01/2026 18:55,5080.1
01/01/2026 19:00,5064.23
01/01/2026 19:05,5032.76
01/01/2026 19:10,5162.0
01/01/2026 19:15,5091.94
01/01/2026 19:20,5117.3
01/01/2026 19:25,5124.01
01/01/2026 19:30,5182.38
01/01/2026 19:35,5127.29
01/01/2026 19:40,5062.23
01/01/2026 19:45,5150.94
01/01/2026 19:50,5193.24
01/01/2026 19:55,5176.79
01/01/2026 20:00,5142.71
01/01/2026 20:05,5129.64
01/01/2026 20:10,5090.98
01/01/2026 20:15,4957.05
01/01/2026 20:20,5095.26
01/01/2026 20:25,5025.35
01/01/2026 20:30,4931.07
01/01/2026 20:35,4950.1
01/01/2026 20:40,4925.95
01/01/2026 20:45,4884.89
01/01/2026 20:50,4774.14
01/01/2026 20:55,4958.93
01/01/2026 21:00,4831.15
01/01/2026 21:05,4874.52
01/01/2026 21:10,4827.33
01/01/2026 21:15,4710.1
01/01/2026 21:20,4662.01
01/01/2026 21:25,4493.51
01/01/2026 21:30,4379.63
01/01/2026 21:35,4440.49
01/01/2026 21:40,4475.53
01/01/2026 21:45,4261.98
01/01/2026 21:50,4353.6
01/01/2026 21:55,4299.96
01/01/2026 22:00,4213.95
01/01/2026 22:05,4246.49
01/01/2026 22:10,4196.54
01/01/2026 22:15,4064.01
01/01/2026 22:20,4064.8
01/01/2026 22:25,4085.41
01/01/2026 22:30,3879.62
01/01/2026 22:35,3940.94
01/01/2026 22:40,3969.44
01/01/2026 22:45,3913.03
01/01/2026 22:50,3696.4
01/01/2026 22:55,3780.95
01/01/2026 23:00,3639.2
01/01/2026 23:05,3584.45
01/01/2026 23:10,3380.43
01/01/2026 23:15,3372.85
01/01/2026 23:20,3436.77
01/01/2026 23:25,3491.61
01/01/2026 23:30,3253.77
01/01/2026 23:35,3436.11
01/01/2026 23:40,3205.53
01/01/2026 23:45,3176.85
01/01/2026 23:50,3138.0
01/01/2026 23:55,3047.69
02/01/2026 00:00,3065.29
02/01/2026 00:05,2982.08
02/01/2026 00:10,2974.92
02/01/2026 00:15,2932.3
02/01/2026 00:20,2931.85
02/01/2026 00:25,2993.52
02/01/2026 00:30,2774.54
02/01/2026 00:35,3022.92
02/01/2026 00:40,2730.83
02/01/2026 00:45,2739.59
02/01/2026 00:50,2695.63
02/01/2026 00:55,2559.7
02/01/2026 01:00,2715.14
02/01/2026 01:05,2858.85
02/01/2026 01:10,2805.01
02/01/2026 01:15,2568.31
02/01/2026 01:20,2663.45
02/01/2026 01:25,2814.77
02/01/2026 01:30,2430.3
02/01/2026 01:35,2518.32
02/01/2026 01:40,2539.37
02/01/2026 01:45,2501.99
02/01/2026 01:50,2488.57
02/01/2026 01:55,2522.84
02/01/2026 02:00,1958.77
02/01/2026 02:05,2026.07
02/01/2026 02:10,2026.61
02/01/2026 02:15,2123.5
02/01/2026 02:20,2057.65
02/01/2026 02:25,2098.91
02/01/2026 02:30,1900.0
02/01/2026 02:35,2274.07
02/01/2026 02:40,2295.67
02/01/2026 02:45,2160.49
02/01/2026 02:50,1925.24
02/01/2026 02:55,1959.1
02/01/2026 03:00,2182.5
02/01/2026 03:05,2050.09
02/01/2026 03:10,2243.3
02/01/2026 03:15,2059.05
02/01/2026 03:20,2071.01
02/01/2026 03:25,2100.86
02/01/2026 03:30,1995.13
02/01/2026 03:35,2064.08
02/01/2026 03:40,2097.0
02/01/2026 03:45,2115.84
02/01/2026 03:50,2016.26
02/01/2026 03:55,2096.63
02/01/2026 04:00,2123.19
02/01/2026 04:05,2271.58
02/01/2026 04:10,2004.42
02/01/2026 04:15,2144.08
02/01/2026 04:20,2206.75
02/01/2026 04:25,2195.46
02/01/2026 04:30,1940.1
02/01/2026 04:35,1903.79
02/01/2026 04:40,2039.21
02/01/2026 04:45,1919.1
02/01/2026 04:50,2179.65
02/01/2026 04:55,1907.91
02/01/2026 05:00,2193.91
02/01/2026 05:05,2221.26
02/01/2026 05:10,2496.85
02/01/2026 05:15,2506.53
02/01/2026 05:20,2503.43
02/01/2026 05:25,2485.24
02/01/2026 05:30,2369.92
02/01/2026 05:35,2488.16
02/01/2026 05:40,2589.2
02/01/2026 05:45,2601.01
02/01/2026 05:50,2636.89
02/01/2026 05:55,2675.58
02/01/2026 06:00,2767.49
02/01/2026 06:05,2791.77
02/01/2026 06:10,2869.22
02/01/2026 06:15,2772.75
02/01/2026 06:20,2956.37
02/01/2026 06:25,3095.35
02/01/2026 06:30,3054.78
02/01/2026 06:35,3184.74
02/01/2026 06:40,2997.01
02/01/2026 06:45,3116.18
02/01/2026 06:50,3209.87
02/01/2026 06:55,3261.37
02/01/2026 07:00,3407.46
02/01/2026 07:05,3292.23
02/01/2026 07:10,3405.51
02/01/2026 07:15,3460.37
02/01/2026 07:20,3464.51
02/01/2026 07:25,3567.57
02/01/2026 07:30,3651.69
02/01/2026 07:35,3616.22
02/01/2026 07:40,3729.49
02/01/2026 07:45,3808.69
02/01/2026 07:50,3837.36
02/01/2026 07:55,3866.06
02/01/2026 08:00,3908.61
02/01/2026 08:05,3980.76
02/01/2026 08:10,4042.99
02/01/2026 08:15,4195.96
02/01/2026 08:20,4208.78
02/01/2026 08:25,4201.42
02/01/2026 08:30,4322.03
02/01/2026 08:35,4431.84
02/01/2026 08:40,4378.32
02/01/2026 08:45,4396.71
02/01/2026 08:50,4524.68
02/01/2026 08:55,4724.86
02/01/2026 09:00,4624.73
02/01/2026 09:05,4855.15
02/01/2026 09:10,4764.8
02/01/2026 09:15,4621.65
02/01/2026 09:20,4720.34
02/01/2026 09:25,4859.59
02/01/2026 09:30,4774.17
02/01/2026 09:35,4842.63
02/01/2026 09:40,4932.01
02/01/2026 09:45,4865.55
02/01/2026 09:50,4949.45
02/01/2026 09:55,4937.03
02/01/2026 10:00,4944.2
02/01/2026 10:05,4960.89
02/01/2026 10:10,5062.15
02/01/2026 10:15,5071.49
02/01/2026 10:20,5073.51
02/01/2026 10:25,5038.75
02/01/2026 10:30,5141.02
02/01/2026 10:35,5057.76
02/01/2026 10:40,4868.27
02/01/2026 10:45,4992.41
02/01/2026 10:50,5058.32
02/01/2026 10:55,5069.13
02/01/2026 11:00,4980.32
02/01/2026 11:05,5099.6
02/01/2026 11:10,5042.1
02/01/2026 11:15,5105.71
02/01/2026 11:20,4916.94
02/01/2026 11:25,4877.39
02/01/2026 11:30,4960.31
02/01/2026 11:35,4938.91
02/01/2026 11:40,4844.47
02/01/2026 11:45,4826.61
02/01/2026 11:50,4688.1
02/01/2026 11:55,4696.71
02/01/2026 12:00,4459.62
02/01/2026 12:05,4626.1
02/01/2026 12:10,4547.38
02/01/2026 12:15,4531.28
02/01/2026 12:20,4542.51
02/01/2026 12:25,4465.73
02/01/2026 12:30,4505.79
02/01/2026 12:35,4484.3
02/01/2026 12:40,4474.22
02/01/2026 12:45,4367.28
02/01/2026 12:50,4326.95
02/01/2026 12:55,4540.28
02/01/2026 13:00,4537.32
02/01/2026 13:05,4574.03
02/01/2026 13:10,4426.65
02/01/2026 13:15,4410.04
02/01/2026 13:20,4461.99
02/01/2026 13:25,4397.42
02/01/2026 13:30,4381.22
02/01/2026 13:35,4380.51
02/01/2026 13:40,4281.73
02/01/2026 13:45,4482.54
02/01/2026 13:50,4302.39
02/01/2026 13:55,4389.34
02/01/2026 14:00,4346.76
02/01/2026 14:05,4337.34
02/01/2026 14:10,4540.3
02/01/2026 14:15,4345.39
02/01/2026 14:20,4304.1
02/01/2026 14:25,4288.76
02/01/2026 14:30,4328.02
02/01/2026 14:35,4261.55
02/01/2026 14:40,4291.74
02/01/2026 14:45,4358.92
02/01/2026 14:50,4141.87
02/01/2026 14:55,4384.94
02/01/2026 15:00,4303.15
02/01/2026 15:05,4411.82
02/01/2026 15:10,4257.25
02/01/2026 15:15,4355.32
02/01/2026 15:20,4219.02
02/01/2026 15:25,4290.59
02/01/2026 15:30,4164.8
02/01/2026 15:35,4401.18
02/01/2026 15:40,4490.95
02/01/2026 15:45,4308.48
02/01/2026 15:50,4370.8
02/01/2026 15:55,4279.28
02/01/2026 16:00,4546.57
02/01/2026 16:05,4386.37
02/01/2026 16:10,4539.65
02/01/2026 16:15,4515.29
02/01/2026 16:20,4449.13
02/01/2026 16:25,4462.75
02/01/2026 16:30,4414.62
02/01/2026 16:35,4562.12
02/01/2026 16:40,4540.94
02/01/2026 16:45,4513.91
02/01/2026 16:50,4551.11
02/01/2026 16:55,4700.63
02/01/2026 17:00,4682.9
02/01/2026 17:05,4663.85
02/01/2026 17:10,4788.13
02/01/2026 17:15,4777.51
02/01/2026 17:20,4687.91
02/01/2026 17:25,4753.02
02/01/2026 17:30,4770.68
02/01/2026 17:35,4828.3
02/01/2026 17:40,4739.13
02/01/2026 17:45,4826.19
02/01/2026 17:50,4783.53
02/01/2026 17:55,4718.15
02/01/2026 18:00,4825.56
02/01/2026 18:05,4839.73
02/01/2026 18:10,4987.97
02/01/2026 18:15,4937.12
02/01/2026 18:20,4995.29
02/01/2026 18:25,4939.65
02/01/2026 18:30,4978.82
02/01/2026 18:35,5125.53
02/01/2026 18:40,5136.3
02/01/2026 18:45,5125.38
02/01/2026 18:50,5058.24
02/01/2026 18:55,5080.41
02/01/2026 19:00,5126.15
02/01/2026 19:05,5179.62
02/01/2026 19:10,5131.51
02/01/2026 19:15,5290.91
02/01/2026 19:20,5087.15
02/01/2026 19:25,4992.83
02/01/2026 19:30,5192.67
02/01/2026 19:35,5219.01
02/01/2026 19:40,5116.12
02/01/2026 19:45,5205.94
02/01/2026 19:50,5119.69
02/01/2026 19:55,5268.03
02/01/2026 20:00,5045.7
02/01/2026 20:05,5045.49
02/01/2026 20:10,5157.41
02/01/2026 20:15,5053.46
02/01/2026 20:20,5066.81
02/01/2026 20:25,5021.8
02/01/2026 20:30,5062.76
02/01/2026 20:35,5098.94
02/01/2026 20:40,4808.98
02/01/2026 20:45,4920.04
02/01/2026 20:50,4889.14
02/01/2026 20:55,4811.48
02/01/2026 21:00,4962.37
02/01/2026 21:05,4848.23
02/01/2026 21:10,4780.56
02/01/2026 21:15,4615.86
02/01/2026 21:20,4439.13
02/01/2026 21:25,4695.0
02/01/2026 21:30,4560.94
02/01/2026 21:35,4470.72
02/01/2026 21:40,4475.62
02/01/2026 21:45,4286.2
02/01/2026 21:50,4500.27
02/01/2026 21:55,4239.24
02/01/2026 22:00,4323.28
02/01/2026 22:05,4171.26
02/01/2026 22:10,4249.98
02/01/2026 22:15,4062.77
02/01/2026 22:20,4029.85
02/01/2026 22:25,4058.18
02/01/2026 22:30,3867.15
02/01/2026 22:35,3846.42
02/01/2026 22:40,3807.84
02/01/2026 22:45,3825.96
02/01/2026 22:50,3735.7
02/01/2026 22:55,3816.75
02/01/2026 23:00,3707.91
02/01/2026 23:05,3560.1
02/01/2026 23:10,3450.1
02/01/2026 23:15,3425.39
02/01/2026 23:20,3512.72
02/01/2026 23:25,3488.97
02/01/2026 23:30,3293.73
02/01/2026 23:35,3140.61
02/01/2026 23:40,3201.72
02/01/2026 23:45,3407.04
02/01/2026 23:50,3117.25
02/01/2026 23:55,3014.59
03/01/2026 00:00,2770.79
03/01/2026 00:05,2658.21
03/01/2026 00:10,2702.54
03/01/2026 00:15,2768.33
03/01/2026 00:20,2779.16
03/01/2026 00:25,2650.69
03/01/2026 00:30,2713.45
03/01/2026 00:35,2709.98
03/01/2026 00:40,2505.09
03/01/2026 00:45,2590.49
03/01/2026 00:50,2390.29
03/01/2026 00:55,2575.31
03/01/2026 01:00,2314.67
03/01/2026 01:05,2365.28
03/01/2026 01:10,2474.98
03/01/2026 01:15,2443.62
03/01/2026 01:20,2434.39
03/01/2026 01:25,2360.33
03/01/2026 01:30,2227.58
03/01/2026 01:35,2388.08
03/01/2026 01:40,2354.34
03/01/2026 01:45,2237.8
03/01/2026 01:50,2150.94
03/01/2026 01:55,2219.23
03/01/2026 02:00,1900.0
03/01/2026 02:05,1900.0
03/01/2026 02:10,1917.58
03/01/2026 02:15,1948.2
03/01/2026 02:20,1900.0
03/01/2026 02:25,1900.0
03/01/2026 02:30,1900.0
03/01/2026 02:35,1900.0
03/01/2026 02:40,1900.0
03/01/2026 02:45,1900.0
03/01/2026 02:50,1900.0
03/01/2026 02:55,1900.0
03/01/2026 03:00,1900.0
03/01/2026 03:05,1900.0
03/01/2026 03:10,1904.95
03/01/2026 03:15,1900.0
03/01/2026 03:20,1900.0
03/01/2026 03:25,1900.0
03/01/2026 03:30,1900.0
03/01/2026 03:35,1900.0
03/01/2026 03:40,1900.0
03/01/2026 03:45,1900.0
03/01/2026 03:50,1900.0
03/01/2026 03:55,1900.0
03/01/2026 04:00,1900.0
03/01/2026 04:05,1900.0
03/01/2026 04:10,1900.0
03/01/2026 04:15,1900.59
03/01/2026 04:20,1900.0
03/01/2026 04:25,1900.0
03/01/2026 04:30,1900.0
03/01/2026 04:35,1900.0
03/01/2026 04:40,1900.0
03/01/2026 04:45,1971.2
03/01/2026 04:50,1900.0
03/01/2026 04:55,1900.0
03/01/2026 05:00,2148.37
03/01/2026 05:05,2242.2
03/01/2026 05:10,1950.16
03/01/2026 05:15,2065.79
03/01/2026 05:20,2234.83
03/01/2026 05:25,2070.28
03/01/2026 05:30,2312.24
03/01/2026 05:35,2144.67
03/01/2026 05:40,2216.3
03/01/2026 05:45,2372.7
03/01/2026 05:50,2288.75
03/01/2026 05:55,2441.77
03/01/2026 06:00,2377.54
03/01/2026 06:05,2411.09
03/01/2026 06:10,2487.55
03/01/2026 06:15,2731.1
03/01/2026 06:20,2826.19
03/01/2026 06:25,2712.53
03/01/2026 06:30,2843.19
03/01/2026 06:35,2575.13
03/01/2026 06:40,2822.14
03/01/2026 06:45,2936.66
03/01/2026 06:50,2879.99
03/01/2026 06:55,2779.16
03/01/2026 07:00,3042.35
03/01/2026 07:05,2989.83
03/01/2026 07:10,3074.34
03/01/2026 07:15,3146.59
03/01/2026 07:20,3270.16
03/01/2026 07:25,3330.27
03/01/2026 07:30,3395.38
03/01/2026 07:35,3400.63
03/01/2026 07:40,3400.8
03/01/2026 07:45,3513.84
03/01/2026 07:50,3632.83
03/01/2026 07:55,3618.2
03/01/2026 08:00,3700.79
03/01/2026 08:05,3752.43
03/01/2026 08:10,3740.89
03/01/2026 08:15,3821.61
03/01/2026 08:20,3881.29
03/01/2026 08:25,3994.11
03/01/2026 08:30,4107.61
03/01/2026 08:35,4154.95
03/01/2026 08:40,4185.37
03/01/2026 08:45,4113.79
03/01/2026 08:50,4497.66
03/01/2026 08:55,4371.52
03/01/2026 09:00,4348.41
03/01/2026 09:05,4519.2
03/01/2026 09:10,4583.87
03/01/2026 09:15,4531.63
03/01/2026 09:20,4502.82
03/01/2026 09:25,4629.94
03/01/2026 09:30,4606.51
03/01/2026 09:35,4598.89
03/01/2026 09:40,4636.81
03/01/2026 09:45,4805.67
03/01/2026 09:50,4694.98
03/01/2026 09:55,4643.9
03/01/2026 10:00,4825.89
03/01/2026 10:05,4764.32
03/01/2026 10:10,4708.16
03/01/2026 10:15,4856.08
03/01/2026 10:20,4817.36
03/01/2026 10:25,4857.44
03/01/2026 10:30,4849.2
03/01/2026 10:35,4828.76
03/01/2026 10:40,4842.76
03/01/2026 10:45,4811.09
03/01/2026 10:50,4857.44
03/01/2026 10:55,4692.85
03/01/2026 11:00,4746.12
03/01/2026 11:05,4896.74
03/01/2026 11:10,4632.27
03/01/2026 11:15,4698.16
03/01/2026 11:20,4608.35
03/01/2026 11:25,4587.27
03/01/2026 11:30,4638.02
03/01/2026 11:35,4618.13
03/01/2026 11:40,4459.36
03/01/2026 11:45,4461.26
03/01/2026 11:50,4449.34
03/01/2026 11:55,4397.49
03/01/2026 12:00,4319.76
03/01/2026 12:05,4407.78
03/01/2026 12:10,4334.32
03/01/2026 12:15,4274.31
03/01/2026 12:20,4277.64
03/01/2026 12:25,4276.62
03/01/2026 12:30,4334.03
03/01/2026 12:35,4163.16
03/01/2026 12:40,4170.43
03/01/2026 12:45,4191.59
03/01/2026 12:50,4124.17
03/01/2026 12:55,4264.75
03/01/2026 13:00,4259.14
03/01/2026 13:05,4017.8
03/01/2026 13:10,4231.86
03/01/2026 13:15,4084.58
03/01/2026 13:20,4139.72
03/01/2026 13:25,4242.68
03/01/2026 13:30,4218.2
03/01/2026 13:35,4115.39
03/01/2026 13:40,4215.5
03/01/2026 13:45,4147.43
03/01/2026 13:50,4128.1
03/01/2026 13:55,4073.7
03/01/2026 14:00,4032.52
03/01/2026 14:05,3987.83
03/01/2026 14:10,4031.99
03/01/2026 14:15,4014.33
03/01/2026 14:20,4113.1
03/01/2026 14:25,4078.09
03/01/2026 14:30,3894.02
03/01/2026 14:35,4040.41
03/01/2026 14:40,3906.11
03/01/2026 14:45,3962.36
03/01/2026 14:50,3993.69
03/01/2026 14:55,4016.06
03/01/2026 15:00,4090.51
03/01/2026 15:05,3937.04
03/01/2026 15:10,3858.89
03/01/2026 15:15,4075.95
03/01/2026 15:20,4025.43
03/01/2026 15:25,4073.72
03/01/2026 15:30,4140.17
03/01/2026 15:35,4019.6
03/01/2026 15:40,4052.93
03/01/2026 15:45,4077.1
03/01/2026 15:50,4074.26
03/01/2026 15:55,4060.31
03/01/2026 16:00,4092.97
03/01/2026 16:05,4226.86
03/01/2026 16:10,4297.41
03/01/2026 16:15,4108.81
03/01/2026 16:20,4420.05
03/01/2026 16:25,4455.91
03/01/2026 16:30,4419.34
03/01/2026 16:35,4254.74
03/01/2026 16:40,4418.34
03/01/2026 16:45,4309.23
03/01/2026 16:50,4470.08
03/01/2026 16:55,4374.3
03/01/2026 17:00,4428.92
03/01/2026 17:05,4454.81
03/01/2026 17:10,4432.42
03/01/2026 17:15,4452.41
03/01/2026 17:20,4555.36
03/01/2026 17:25,4617.11
03/01/2026 17:30,4468.39
03/01/2026 17:35,4526.24
03/01/2026 17:40,4370.71
03/01/2026 17:45,4571.07
03/01/2026 17:50,4702.19
03/01/2026 17:55,4616.19
03/01/2026 18:00,4678.79
03/01/2026 18:05,4663.36
03/01/2026 18:10,4597.34
03/01/2026 18:15,4555.02
03/01/2026 18:20,4522.64
03/01/2026 18:25,4691.28
03/01/2026 18:30,4700.76
03/01/2026 18:35,4943.58
03/01/2026 18:40,4816.64
03/01/2026 18:45,5071.93
03/01/2026 18:50,4783.03
03/01/2026 18:55,4868.54
03/01/2026 19:00,4829.28
03/01/2026 19:05,5069.48
03/01/2026 19:10,4933.7
03/01/2026 19:15,4924.79
03/01/2026 19:20,4948.95
03/01/2026 19:25,4934.02
03/01/2026 19:30,4857.84
03/01/2026 19:35,4861.65
03/01/2026 19:40,4898.78
03/01/2026 19:45,4922.22
03/01/2026 19:50,4958.8
03/01/2026 19:55,4913.87
03/01/2026 20:00,4832.42
03/01/2026 20:05,4887.07
03/01/2026 20:10,4778.18
03/01/2026 20:15,4914.74
03/01/2026 20:20,4723.12
03/01/2026 20:25,4759.62
03/01/2026 20:30,4726.96
03/01/2026 20:35,4706.02
03/01/2026 20:40,4795.24
03/01/2026 20:45,4725.96
03/01/2026 20:50,4700.5
03/01/2026 20:55,4624.32
03/01/2026 21:00,4763.28
03/01/2026 21:05,4528.42
03/01/2026 21:10,4410.56
03/01/2026 21:15,4498.13
03/01/2026 21:20,4414.65
03/01/2026 21:25,4502.05
03/01/2026 21:30,4261.01
03/01/2026 21:35,4257.97
03/01/2026 21:40,4047.33
03/01/2026 21:45,4133.55
03/01/2026 21:50,4004.29
03/01/2026 21:55,3911.11
03/01/2026 22:00,4055.72
03/01/2026 22:05,4035.13
03/01/2026 22:10,3807.92
03/01/2026 22:15,3933.71
03/01/2026 22:20,3772.96
03/01/2026 22:25,3775.78
03/01/2026 22:30,3589.43
03/01/2026 22:35,3590.06
03/01/2026 22:40,3588.18
03/01/2026 22:45,3544.05
03/01/2026 22:50,3409.21
03/01/2026 22:55,3519.67
03/01/2026 23:00,3454.44
03/01/2026 23:05,3464.32
03/01/2026 23:10,3326.24
03/01/2026 23:15,3163.76
03/01/2026 23:20,3106.49
03/01/2026 23:25,3155.96
03/01/2026 23:30,3077.77
03/01/2026 23:35,3052.55
03/01/2026 23:40,2956.05
03/01/2026 23:45,2807.9
03/01/2026 23:50,2907.46
03/01/2026 23:55,2823.88
04/01/2026 00:00,2849.94
04/01/2026 00:05,2854.59
04/01/2026 00:10,2656.77
04/01/2026 00:15,2803.19
04/01/2026 00:20,2763.29
04/01/2026 00:25,2678.15
04/01/2026 00:30,2768.13
04/01/2026 00:35,2589.17
04/01/2026 00:40,2649.55
04/01/2026 00:45,2598.63
04/01/2026 00:50,2632.64
04/01/2026 00:55,2684.38
04/01/2026 01:00,2323.29
04/01/2026 01:05,2492.78
04/01/2026 01:10,2403.23
04/01/2026 01:15,2605.19
04/01/2026 01:20,2308.89
04/01/2026 01:25,2404.89
04/01/2026 01:30,2470.89
04/01/2026 01:35,2365.83
04/01/2026 01:40,2354.6
04/01/2026 01:45,2348.56
04/01/2026 01:50,2165.69
04/01/2026 01:55,2163.44
04/01/2026 02:00,1900.0
04/01/2026 02:05,1900.0
04/01/2026 02:10,1900.0
04/01/2026 02:15,1900.0
04/01/2026 02:20,1900.0
04/01/2026 02:25,1900.0
04/01/2026 02:30,1900.0
04/01/2026 02:35,1900.0
04/01/2026 02:40,1900.0
04/01/2026 02:45,1900.0
04/01/2026 02:50,1900.0
04/01/2026 02:55,1900.0
04/01/2026 03:00,1900.0
04/01/2026 03:05,1900.0
04/01/2026 03:10,1900.0
04/01/2026 03:15,2026.66
04/01/2026 03:20,1900.0
04/01/2026 03:25,1900.0
04/01/2026 03:30,1900.0
04/01/2026 03:35,1900.0
04/01/2026 03:40,1900.0
04/01/2026 03:45,1900.0
04/01/2026 03:50,1900.0
04/01/2026 03:55,1900.0
04/01/2026 04:00,1900.0
04/01/2026 04:05,1900.0
04/01/2026 04:10,1900.0
04/01/2026 04:15,1900.0
04/01/2026 04:20,1900.0
04/01/2026 04:25,1900.0
04/01/2026 04:30,1900.0
04/01/2026 04:35,1900.0
04/01/2026 04:40,1900.0
04/01/2026 04:45,1900.0
04/01/2026 04:50,1900.0
04/01/2026 04:55,1900.0
04/01/2026 05:00,1900.0
04/01/2026 05:05,2061.97
04/01/2026 05:10,1900.0
04/01/2026 05:15,2260.67
04/01/2026 05:20,2230.1
04/01/2026 05:25,2120.66
04/01/2026 05:30,2359.4
04/01/2026 05:35,2255.34
04/01/2026 05:40,2205.35
04/01/2026 05:45,2372.86
04/01/2026 05:50,2436.87
04/01/2026 05:55,2427.93
04/01/2026 06:00,2593.83
04/01/2026 06:05,2586.42
04/01/2026 06:10,2604.3
04/01/2026 06:15,2736.3
04/01/2026 06:20,2724.4
04/01/2026 06:25,2772.43
04/01/2026 06:30,2809.45
04/01/2026 06:35,2957.47
04/01/2026 06:40,2898.89
04/01/2026 06:45,2841.4
04/01/2026 06:50,3045.56
04/01/2026 06:55,3069.74
04/01/2026 07:00,3037.19
04/01/2026 07:05,2980.24
04/01/2026 07:10,3115.58
04/01/2026 07:15,3094.97
04/01/2026 07:20,3169.5
04/01/2026 07:25,3284.23
04/01/2026 07:30,3486.15
04/01/2026 07:35,3467.39
04/01/2026 07:40,3322.67
04/01/2026 07:45,3582.14
04/01/2026 07:50,3638.81
04/01/2026 07:55,3718.51
04/01/2026 08:00,3670.97
04/01/2026 08:05,3728.61
04/01/2026 08:10,3741.65
04/01/2026 08:15,3961.24
04/01/2026 08:20,3992.07
04/01/2026 08:25,4046.56
04/01/2026 08:30,4042.7
04/01/2026 08:35,4165.94
04/01/2026 08:40,4168.23
04/01/2026 08:45,4256.56
04/01/2026 08:50,4287.75
04/01/2026 08:55,4257.07
04/01/2026 09:00,4433.4
04/01/2026 09:05,4620.13
04/01/2026 09:10,4442.95
04/01/2026 09:15,4393.4
04/01/2026 09:20,4591.18
04/01/2026 09:25,4523.23
04/01/2026 09:30,4717.58
04/01/2026 09:35,4630.85
04/01/2026 09:40,4614.22
04/01/2026 09:45,4669.79
04/01/2026 09:50,4637.27
04/01/2026 09:55,4811.05
04/01/2026 10:00,4744.68
04/01/2026 10:05,4668.31
04/01/2026 10:10,4645.93
04/01/2026 10:15,4934.72
04/01/2026 10:20,4695.53
04/01/2026 10:25,4587.96
04/01/2026 10:30,4687.99
04/01/2026 10:35,4887.5
04/01/2026 10:40,4753.74
04/01/2026 10:45,4822.02
04/01/2026 10:50,4661.18
04/01/2026 10:55,4771.79
04/01/2026 11:00,4737.05
04/01/2026 11:05,4764.37
04/01/2026 11:10,4712.13
04/01/2026 11:15,4630.45
04/01/2026 11:20,4598.73
04/01/2026 11:25,4612.9
04/01/2026 11:30,4705.31
04/01/2026 11:35,4540.17
04/01/2026 11:40,4609.4
04/01/2026 11:45,4551.93
04/01/2026 11:50,4596.21
04/01/2026 11:55,4447.47
04/01/2026 12:00,4204.55
04/01/2026 12:05,4281.08
04/01/2026 12:10,4349.68
04/01/2026 12:15,4193.11
04/01/2026 12:20,4363.77
04/01/2026 12:25,4162.23
04/01/2026 12:30,4137.94
04/01/2026 12:35,4316.95
04/01/2026 12:40,4252.44
04/01/2026 12:45,4128.66
04/01/2026 12:50,4174.78
04/01/2026 12:55,4217.25
04/01/2026 13:00,4203.46
04/01/2026 13:05,4106.98
04/01/2026 13:10,4022.65
04/01/2026 13:15,4176.94
04/01/2026 13:20,4271.17
04/01/2026 13:25,4128.04
04/01/2026 13:30,4132.74
04/01/2026 13:35,4243.03
04/01/2026 13:40,4124.28
04/01/2026 13:45,4109.84
04/01/2026 13:50,4166.64
04/01/2026 13:55,4179.94
04/01/2026 14:00,4119.91
04/01/2026 14:05,4139.91
04/01/2026 14:10,3872.66
04/01/2026 14:15,4174.79
04/01/2026 14:20,3979.59
04/01/2026 14:25,4060.62
04/01/2026 14:30,4136.59
04/01/2026 14:35,4055.33
04/01/2026 14:40,3994.32
04/01/2026 14:45,4065.96
04/01/2026 14:50,4096.8
04/01/2026 14:55,3862.94
04/01/2026 15:00,4013.78
04/01/2026 15:05,4143.29
04/01/2026 15:10,3966.62
04/01/2026 15:15,4123.69
04/01/2026 15:20,4051.17
04/01/2026 15:25,3979.16
04/01/2026 15:30,4162.81
04/01/2026 15:35,4249.08
04/01/2026 15:40,4214.5
04/01/2026 15:45,4193.5
04/01/2026 15:50,4228.27
04/01/2026 15:55,4166.64
04/01/2026 16:00,4285.33
04/01/2026 16:05,4127.21
04/01/2026 16:10,4064.32
04/01/2026 16:15,4337.21
04/01/2026 16:20,4254.08
04/01/2026 16:25,4252.23
04/01/2026 16:30,4366.35
04/01/2026 16:35,4310.98
04/01/2026 16:40,4277.27
04/01/2026 16:45,4193.89
04/01/2026 16:50,4248.76
04/01/2026 16:55,4360.64
04/01/2026 17:00,4496.35
04/01/2026 17:05,4417.3
04/01/2026 17:10,4505.99
04/01/2026 17:15,4537.97
04/01/2026 17:20,4404.97
04/01/2026 17:25,4419.88
04/01/2026 17:30,4574.47
04/01/2026 17:35,4522.05
04/01/2026 17:40,4406.22
04/01/2026 17:45,4514.3
04/01/2026 17:50,4489.9
04/01/2026 17:55,4706.17
04/01/2026 18:00,4634.14
04/01/2026 18:05,4567.65
04/01/2026 18:10,4694.4
04/01/2026 18:15,4779.71
04/01/2026 18:20,4641.8
04/01/2026 18:25,4623.42
04/01/2026 18:30,4858.55
04/01/2026 18:35,4723.62
04/01/2026 18:40,4867.42
04/01/2026 18:45,4846.11
04/01/2026 18:50,4866.09
04/01/2026 18:55,4922.81
04/01/2026 19:00,4804.59
04/01/2026 19:05,4986.25
04/01/2026 19:10,4782.31
04/01/2026 19:15,4979.39
04/01/2026 19:20,4898.64
04/01/2026 19:25,4736.69
04/01/2026 19:30,5014.71
04/01/2026 19:35,4888.49
04/01/2026 19:40,4861.46
04/01/2026 19:45,4925.0
04/01/2026 19:50,4820.96
04/01/2026 19:55,4896.5
04/01/2026 20:00,4909.84
04/01/2026 20:05,4861.1
04/01/2026 20:10,4773.31
04/01/2026 20:15,4743.38
04/01/2026 20:20,4852.87
04/01/2026 20:25,4827.11
04/01/2026 20:30,4977.68
04/01/2026 20:35,4697.49
04/01/2026 20:40,4679.14
04/01/2026 20:45,4583.32
04/01/2026 20:50,4753.2
04/01/2026 20:55,4628.29
04/01/2026 21:00,4557.25
04/01/2026 21:05,4489.4
04/01/2026 21:10,4517.3
04/01/2026 21:15,4473.46
04/01/2026 21:20,4427.76
04/01/2026 21:25,4371.79
04/01/2026 21:30,4268.24
04/01/2026 21:35,4188.95
04/01/2026 21:40,4206.83
04/01/2026 21:45,4148.9
04/01/2026 21:50,4201.5
04/01/2026 21:55,3983.52
04/01/2026 22:00,4011.43
04/01/2026 22:05,3970.56
04/01/2026 22:10,3886.16
04/01/2026 22:15,3922.06
04/01/2026 22:20,3916.7
04/01/2026 22:25,3832.74
04/01/2026 22:30,3772.1
04/01/2026 22:35,3603.97
04/01/2026 22:40,3757.57
04/01/2026 22:45,3430.21
04/01/2026 22:50,3427.06
04/01/2026 22:55,3477.44
04/01/2026 23:00,3543.75
04/01/2026 23:05,3322.72
04/01/2026 23:10,3353.22
04/01/2026 23:15,3255.84
04/01/2026 23:20,3179.67
04/01/2026 23:25,3049.51
04/01/2026 23:30,3178.46
04/01/2026 23:35,2875.39
04/01/2026 23:40,2951.57
04/01/2026 23:45,2928.67
04/01/2026 23:50,2935.21
04/01/2026 23:55,2887.19
05/01/2026 00:00,3051.3
05/01/2026 00:05,3129.94
05/01/2026 00:10,3026.62
05/01/2026 00:15,2880.96
05/01/2026 00:20,3107.88
05/01/2026 00:25,2941.39
05/01/2026 00:30,2938.37
05/01/2026 00:35,2682.94
05/01/2026 00:40,2818.22
05/01/2026 00:45,2817.16
05/01/2026 00:50,2836.85
05/01/2026 00:55,2705.0
05/01/2026 01:00,2749.69
05/01/2026 01:05,2696.45
05/01/2026 01:10,2711.01
05/01/2026 01:15,2653.04
05/01/2026 01:20,2644.15
05/01/2026 01:25,2688.14
05/01/2026 01:30,2622.53
05/01/2026 01:35,2716.45
05/01/2026 01:40,2555.68
05/01/2026 01:45,2449.53
05/01/2026 01:50,2607.99
05/01/2026 01:55,2313.47
05/01/2026 02:00,2160.66
05/01/2026 02:05,2047.69
05/01/2026 02:10,2100.27
05/01/2026 02:15,1917.12
05/01/2026 02:20,2148.46
05/01/2026 02:25,2040.01
05/01/2026 02:30,2283.3
05/01/2026 02:35,2098.51
05/01/2026 02:40,2018.48
05/01/2026 02:45,2123.39
05/01/2026 02:50,1900.0
05/01/2026 02:55,1994.14
05/01/2026 03:00,1971.23
05/01/2026 03:05,1900.0
05/01/2026 03:10,1970.68
05/01/2026 03:15,1970.45
05/01/2026 03:20,2065.96
05/01/2026 03:25,1949.9
05/01/2026 03:30,2303.64
05/01/2026 03:35,2071.45
05/01/2026 03:40,2052.92
05/01/2026 03:45,2204.25
05/01/2026 03:50,2028.34
05/01/2026 03:55,2096.7
05/01/2026 04:00,2023.58
05/01/2026 04:05,2100.08
05/01/2026 04:10,1983.29
05/01/2026 04:15,2069.77
05/01/2026 04:20,2049.45
05/01/2026 04:25,2043.09
05/01/2026 04:30,1987.47
05/01/2026 04:35,2195.28
05/01/2026 04:40,2052.43
05/01/2026 04:45,1945.27
05/01/2026 04:50,2159.89
05/01/2026 04:55,2092.2
05/01/2026 05:00,2228.38
05/01/2026 05:05,2352.4
05/01/2026 05:10,2270.66
05/01/2026 05:15,2314.66
05/01/2026 05:20,2314.92
05/01/2026 05:25,2590.66
05/01/2026 05:30,2479.97
05/01/2026 05:35,2534.56
05/01/2026 05:40,2660.89
05/01/2026 05:45,2701.08
05/01/2026 05:50,2688.65
05/01/2026 05:55,2677.29
05/01/2026 06:00,2687.81
05/01/2026 06:05,2766.05
05/01/2026 06:10,2877.12
05/01/2026 06:15,3016.91
05/01/2026 06:20,2939.05
05/01/2026 06:25,2925.96
05/01/2026 06:30,2920.76
05/01/2026 06:35,3034.04
05/01/2026 06:40,3195.75
05/01/2026 06:45,3167.97
05/01/2026 06:50,3245.87
05/01/2026 06:55,3316.37
05/01/2026 07:00,3265.11
05/01/2026 07:05,3267.67
05/01/2026 07:10,3394.92
05/01/2026 07:15,3460.39
05/01/2026 07:20,3523.8
05/01/2026 07:25,3530.88
05/01/2026 07:30,3648.3
05/01/2026 07:35,3652.27
05/01/2026 07:40,3636.45
05/01/2026 07:45,3806.11
05/01/2026 07:50,3905.84
05/01/2026 07:55,3872.57
05/01/2026 08:00,3934.22
05/01/2026 08:05,3954.38
05/01/2026 08:10,4130.12
05/01/2026 08:15,4026.21
05/01/2026 08:20,4142.09
05/01/2026 08:25,4239.08
05/01/2026 08:30,4270.38
05/01/2026 08:35,4278.49
05/01/2026 08:40,4546.01
05/01/2026 08:45,4545.48
05/01/2026 08:50,4466.93
05/01/2026 08:55,4473.38
05/01/2026 09:00,4873.08
05/01/2026 09:05,4684.49
05/01/2026 09:10,4873.79
05/01/2026 09:15,4774.43
05/01/2026 09:20,4877.68
05/01/2026 09:25,4758.45
05/01/2026 09:30,4802.48
05/01/2026 09:35,4762.22
05/01/2026 09:40,4989.59
05/01/2026 09:45,4913.67
05/01/2026 09:50,4880.11
05/01/2026 09:55,5147.3
05/01/2026 10:00,4935.98
05/01/2026 10:05,5048.13
05/01/2026 10:10,4970.18
05/01/2026 10:15,5006.74
05/01/2026 10:20,4897.17
05/01/2026 10:25,4968.87
05/01/2026 10:30,5112.21
05/01/2026 10:35,5005.38
05/01/2026 10:40,5195.16
05/01/2026 10:45,5067.4
05/01/2026 10:50,5107.89
05/01/2026 10:55,4987.13
05/01/2026 11:00,4941.08
05/01/2026 11:05,5082.02
05/01/2026 11:10,4830.77
05/01/2026 11:15,4796.24
05/01/2026 11:20,5156.23
05/01/2026 11:25,4805.8
05/01/2026 11:30,5050.13
05/01/2026 11:35,4683.27
05/01/2026 11:40,4825.51
05/01/2026 11:45,4844.65
05/01/2026 11:50,4607.18
05/01/2026 11:55,4653.54
05/01/2026 12:00,4463.79
05/01/2026 12:05,4482.32
05/01/2026 12:10,4502.62
05/01/2026 12:15,4534.86
05/01/2026 12:20,4496.37
05/01/2026 12:25,4528.27
05/01/2026 12:30,4573.52
05/01/2026 12:35,4414.15
05/01/2026 12:40,4489.79
05/01/2026 12:45,4383.07
05/01/2026 12:50,4474.33
05/01/2026 12:55,4448.21
05/01/2026 13:00,4582.75
05/01/2026 13:05,4519.03
05/01/2026 13:10,4444.74
05/01/2026 13:15,4347.04
05/01/2026 13:20,4467.41
05/01/2026 13:25,4413.37
05/01/2026 13:30,4290.86
05/01/2026 13:35,4490.01
05/01/2026 13:40,4349.12
05/01/2026 13:45,4292.53
05/01/2026 13:50,4285.38
05/01/2026 13:55,4381.15
05/01/2026 14:00,4331.29
05/01/2026 14:05,4411.5
05/01/2026 14:10,4396.92
05/01/2026 14:15,4518.95
05/01/2026 14:20,4245.67
05/01/2026 14:25,4315.81
05/01/2026 14:30,4407.09
05/01/2026 14:35,4340.07
05/01/2026 14:40,4227.13
05/01/2026 14:45,4205.26
05/01/2026 14:50,4209.02
05/01/2026 14:55,4364.48
05/01/2026 15:00,4118.58
05/01/2026 15:05,4247.47
05/01/2026 15:10,4314.75
05/01/2026 15:15,4263.29
05/01/2026 15:20,4328.48
05/01/2026 15:25,4243.16
05/01/2026 15:30,4353.75
05/01/2026 15:35,4368.36
05/01/2026 15:40,4317.72
05/01/2026 15:45,4473.47
05/01/2026 15:50,4616.87
05/01/2026 15:55,4395.76
05/01/2026 16:00,4572.94
05/01/2026 16:05,4516.73
05/01/2026 16:10,4587.11
05/01/2026 16:15,4496.73
05/01/2026 16:20,4467.19
05/01/2026 16:25,4442.26
05/01/2026 16:30,4564.06
05/01/2026 16:35,4546.18
05/01/2026 16:40,4493.83
05/01/2026 16:45,4545.32
05/01/2026 16:50,4777.54
05/01/2026 16:55,4662.37
05/01/2026 17:00,4589.85
05/01/2026 17:05,4733.27
05/01/2026 17:10,4666.47
05/01/2026 17:15,4652.01
05/01/2026 17:20,4740.85
05/01/2026 17:25,4824.23
05/01/2026 17:30,4755.07
05/01/2026 17:35,4749.83
05/01/2026 17:40,4814.68
05/01/2026 17:45,4809.02
05/01/2026 17:50,4667.2
05/01/2026 17:55,4896.76
05/01/2026 18:00,4834.08
05/01/2026 18:05,4827.35
05/01/2026 18:10,4852.59
05/01/2026 18:15,4851.53
05/01/2026 18:20,5002.02
05/01/2026 18:25,5104.39
05/01/2026 18:30,4949.96
05/01/2026 18:35,5022.91
05/01/2026 18:40,4975.69
05/01/2026 18:45,5226.64
05/01/2026 18:50,4973.39
05/01/2026 18:55,5018.6
05/01/2026 19:00,5062.67
05/01/2026 19:05,5126.01
05/01/2026 19:10,4984.61
05/01/2026 19:15,5119.3
05/01/2026 19:20,5117.11
05/01/2026 19:25,5190.53
05/01/2026 19:30,5093.3
05/01/2026 19:35,5281.25
05/01/2026 19:40,5183.58
05/01/2026 19:45,5135.63
05/01/2026 19:50,5208.26
05/01/2026 19:55,5139.5
05/01/2026 20:00,5172.36
05/01/2026 20:05,5196.7
05/01/2026 20:10,5109.86
05/01/2026 20:15,5128.19
05/01/2026 20:20,5016.29
05/01/2026 20:25,4933.71
05/01/2026 20:30,5076.08
05/01/2026 20:35,4893.32
05/01/2026 20:40,4951.7
05/01/2026 20:45,4946.2
05/01/2026 20:50,5116.82
05/01/2026 20:55,4947.93
05/01/2026 21:00,4789.94
05/01/2026 21:05,4928.28
05/01/2026 21:10,4767.82
05/01/2026 21:15,4749.23
05/01/2026 21:20,4669.11
05/01/2026 21:25,4564.63
05/01/2026 21:30,4575.38
05/01/2026 21:35,4383.16
05/01/2026 21:40,4412.81
05/01/2026 21:45,4402.45
05/01/2026 21:50,4407.68
05/01/2026 21:55,4341.29
05/01/2026 22:00,4147.3
05/01/2026 22:05,4202.78
05/01/2026 22:10,4063.92
05/01/2026 22:15,4075.22
05/01/2026 22:20,4073.16
05/01/2026 22:25,4054.94
05/01/2026 22:30,3958.86
05/01/2026 22:35,3877.73
05/01/2026 22:40,3777.34
05/01/2026 22:45,3711.17
05/01/2026 22:50,3737.81
05/01/2026 22:55,3553.75
05/01/2026 23:00,3707.24
05/01/2026 23:05,3557.73
05/01/2026 23:10,3591.0
05/01/2026 23:15,3412.59
05/01/2026 23:20,3366.46
05/01/2026 23:25,3319.89
05/01/2026 23:30,3259.33
05/01/2026 23:35,3350.25
05/01/2026 23:40,3293.95
05/01/2026 23:45,3230.1
05/01/2026 23:50,3225.16
05/01/2026 23:55,3070.27
06/01/2026 00:00,3037.75
06/01/2026 00:05,3029.45
06/01/2026 00:10,2878.31
06/01/2026 00:15,2967.23
06/01/2026 00:20,2924.51
06/01/2026 00:25,2947.23
06/01/2026 00:30,2897.52
06/01/2026 00:35,2878.66
06/01/2026 00:40,2797.92
06/01/2026 00:45,2840.53
06/01/2026 00:50,2732.15
06/01/2026 00:55,2551.26
06/01/2026 01:00,2789.81
06/01/2026 01:05,2853.99
06/01/2026 01:10,2813.81
06/01/2026 01:15,2736.32
06/01/2026 01:20,2604.3
06/01/2026 01:25,2660.8
06/01/2026 01:30,2701.2
06/01/2026 01:35,2514.77
06/01/2026 01:40,2528.5
06/01/2026 01:45,2556.43
06/01/2026 01:50,2517.1
06/01/2026 01:55,2416.93
06/01/2026 02:00,2076.25
06/01/2026 02:05,1934.98
06/01/2026 02:10,1920.68
06/01/2026 02:15,2135.85
06/01/2026 02:20,2007.77
06/01/2026 02:25,1918.32
06/01/2026 02:30,2151.01
06/01/2026 02:35,2322.2
06/01/2026 02:40,1955.34
06/01/2026 02:45,2206.08
06/01/2026 02:50,2087.06
06/01/2026 02:55,2111.57
06/01/2026 03:00,2110.18
06/01/2026 03:05,1911.1
06/01/2026 03:10,2176.19
06/01/2026 03:15,2062.98
06/01/2026 03:20,1995.49
06/01/2026 03:25,1953.66
06/01/2026 03:30,2021.29
06/01/2026 03:35,2121.78
06/01/2026 03:40,1980.66
06/01/2026 03:45,1996.2
06/01/2026 03:50,2198.51
06/01/2026 03:55,2025.26
06/01/2026 04:00,2036.19
06/01/2026 04:05,2001.94
06/01/2026 04:10,2008.43
06/01/2026 04:15,2115.44
06/01/2026 04:20,1958.57
06/01/2026 04:25,2063.9
06/01/2026 04:30,2087.13
06/01/2026 04:35,2049.65
06/01/2026 04:40,2123.32
06/01/2026 04:45,2075.31
06/01/2026 04:50,2090.77
06/01/2026 04:55,2101.91
06/01/2026 05:00,2340.0
06/01/2026 05:05,2285.74
06/01/2026 05:10,2153.31
06/01/2026 05:15,2437.33
06/01/2026 05:20,2397.13
06/01/2026 05:25,2585.85
06/01/2026 05:30,2495.59
06/01/2026 05:35,2445.4
06/01/2026 05:40,2667.43
06/01/2026 05:45,2567.07
06/01/2026 05:50,2728.54
06/01/2026 05:55,2641.1
06/01/2026 06:00,2800.29
06/01/2026 06:05,2754.42
06/01/2026 06:10,2821.42
06/01/2026 06:15,2913.56
06/01/2026 06:20,2892.73
06/01/2026 06:25,2739.27
06/01/2026 06:30,2912.19
06/01/2026 06:35,2995.31
06/01/2026 06:40,3090.55
06/01/2026 06:45,3084.81
06/01/2026 06:50,3138.65
06/01/2026 06:55,3122.25
06/01/2026 07:00,3347.82
06/01/2026 07:05,3527.56
06/01/2026 07:10,3518.2
06/01/2026 07:15,3375.85
06/01/2026 07:20,3587.62
06/01/2026 07:25,3552.86
06/01/2026 07:30,3608.33
06/01/2026 07:35,3687.3
06/01/2026 07:40,3673.31
06/01/2026 07:45,3804.78
06/01/2026 07:50,3864.45
06/01/2026 07:55,3905.36
06/01/2026 08:00,3962.39
06/01/2026 08:05,4030.83
06/01/2026 08:10,4034.75
06/01/2026 08:15,4112.52
06/01/2026 08:20,4164.64
06/01/2026 08:25,4187.21
06/01/2026 08:30,4299.62
06/01/2026 08:35,4325.9
06/01/2026 08:40,4420.62
06/01/2026 08:45,4368.1
06/01/2026 08:50,4530.92
06/01/2026 08:55,4675.72
06/01/2026 09:00,4590.32
06/01/2026 09:05,4769.9
06/01/2026 09:10,4775.79
06/01/2026 09:15,4815.1
06/01/2026 09:20,4763.27
06/01/2026 09:25,4795.78
06/01/2026 09:30,4795.09
06/01/2026 09:35,4921.61
06/01/2026 09:40,4821.84
06/01/2026 09:45,4975.84
06/01/2026 09:50,5002.17
06/01/2026 09:55,5024.44
06/01/2026 10:00,4899.49
06/01/2026 10:05,4920.89
06/01/2026 10:10,4981.85
06/01/2026 10:15,5128.75
06/01/2026 10:20,5011.56
06/01/2026 10:25,5151.53
06/01/2026 10:30,5050.11
06/01/2026 10:35,4887.8
06/01/2026 10:40,5246.89
06/01/2026 10:45,5038.84
06/01/2026 10:50,5036.46
06/01/2026 10:55,4986.4
06/01/2026 11:00,4890.21
06/01/2026 11:05,5016.43
06/01/2026 11:10,4898.87
06/01/2026 11:15,4956.92
06/01/2026 11:20,4902.31
06/01/2026 11:25,4950.45
06/01/2026 11:30,4807.57
06/01/2026 11:35,4847.45
06/01/2026 11:40,4857.17
06/01/2026 11:45,4715.03
06/01/2026 11:50,4778.5
06/01/2026 11:55,4753.7
06/01/2026 12:00,4586.89
06/01/2026 12:05,4557.24
06/01/2026 12:10,4494.44
06/01/2026 12:15,4577.44
06/01/2026 12:20,4664.04
06/01/2026 12:25,4566.88
06/01/2026 12:30,4571.71
06/01/2026 12:35,4432.12
06/01/2026 12:40,4462.53
06/01/2026 12:45,4529.22
06/01/2026 12:50,4407.91
06/01/2026 12:55,4367.74
06/01/2026 13:00,4390.48
06/01/2026 13:05,4298.96
06/01/2026 13:10,4438.53
06/01/2026 13:15,4398.87
06/01/2026 13:20,4366.46
06/01/2026 13:25,4342.97
06/01/2026 13:30,4410.26
06/01/2026 13:35,4287.45
06/01/2026 13:40,4413.44
06/01/2026 13:45,4368.7
06/01/2026 13:50,4412.71
06/01/2026 13:55,4355.1
06/01/2026 14:00,4447.84
06/01/2026 14:05,4421.96
06/01/2026 14:10,4235.64
06/01/2026 14:15,4187.85
06/01/2026 14:20,4408.02
06/01/2026 14:25,4390.56
06/01/2026 14:30,4265.87
06/01/2026 14:35,4297.5
06/01/2026 14:40,4200.06
06/01/2026 14:45,4214.87
06/01/2026 14:50,4153.52
06/01/2026 14:55,4107.17
06/01/2026 15:00,4325.7
06/01/2026 15:05,4256.13
06/01/2026 15:10,4242.03
06/01/2026 15:15,4311.32
06/01/2026 15:20,4304.87
06/01/2026 15:25,4397.97
06/01/2026 15:30,4293.52
06/01/2026 15:35,4362.32
06/01/2026 15:40,4374.27
06/01/2026 15:45,4182.82
06/01/2026 15:50,4439.44
06/01/2026 15:55,4407.6
06/01/2026 16:00,4566.55
06/01/2026 16:05,4458.31
06/01/2026 16:10,4520.43
06/01/2026 16:15,4538.71
06/01/2026 16:20,4433.35
06/01/2026 16:25,4544.65
06/01/2026 16:30,4606.56
06/01/2026 16:35,4588.37
06/01/2026 16:40,4528.8
06/01/2026 16:45,4639.94
06/01/2026 16:50,4564.29
06/01/2026 16:55,4648.8
06/01/2026 17:00,4700.35
06/01/2026 17:05,4723.93
06/01/2026 17:10,4622.02
06/01/2026 17:15,4717.5
06/01/2026 17:20,4830.93
06/01/2026 17:25,4802.95
06/01/2026 17:30,4888.95
06/01/2026 17:35,4813.18
06/01/2026 17:40,4668.93
06/01/2026 17:45,4659.93
06/01/2026 17:50,4828.23
06/01/2026 17:55,4930.31
06/01/2026 18:00,5047.86
06/01/2026 18:05,4873.03
06/01/2026 18:10,4847.89
06/01/2026 18:15,4887.96
06/01/2026 18:20,4932.97
06/01/2026 18:25,4863.62
06/01/2026 18:30,4988.56
06/01/2026 18:35,4991.92
06/01/2026 18:40,5056.29
06/01/2026 18:45,5089.75
06/01/2026 18:50,5103.55
06/01/2026 18:55,5195.85
06/01/2026 19:00,5131.21
06/01/2026 19:05,5081.31
06/01/2026 19:10,5260.38
06/01/2026 19:15,5216.43
06/01/2026 19:20,5158.13
06/01/2026 19:25,5118.45
06/01/2026 19:30,5081.95
06/01/2026 19:35,5151.55
06/01/2026 19:40,5099.54
06/01/2026 19:45,5201.26
06/01/2026 19:50,5313.82
06/01/2026 19:55,5149.02
06/01/2026 20:00,5260.96
06/01/2026 20:05,5050.91
06/01/2026 20:10,5138.46
06/01/2026 20:15,5079.56
06/01/2026 20:20,5228.1
06/01/2026 20:25,4907.65
06/01/2026 20:30,4870.11
06/01/2026 20:35,5022.81
06/01/2026 20:40,4994.62
06/01/2026 20:45,4822.74
06/01/2026 20:50,4878.31
06/01/2026 20:55,4841.6
06/01/2026 21:00,4881.54
06/01/2026 21:05,4785.15
06/01/2026 21:10,4774.96
06/01/2026 21:15,4750.4
06/01/2026 21:20,4658.2
06/01/2026 21:25,4537.75
06/01/2026 21:30,4498.18
06/01/2026 21:35,4333.21
06/01/2026 21:40,4569.37
06/01/2026 21:45,4556.53
06/01/2026 21:50,4474.04
06/01/2026 21:55,4279.45
06/01/2026 22:00,4243.29
06/01/2026 22:05,4153.33
06/01/2026 22:10,4165.0
06/01/2026 22:15,4152.16
06/01/2026 22:20,3978.65
06/01/2026 22:25,3948.51
06/01/2026 22:30,4138.43
06/01/2026 22:35,3898.43
06/01/2026 22:40,3952.54
06/01/2026 22:45,3809.11
06/01/2026 22:50,3722.09
06/01/2026 22:55,3636.1
06/01/2026 23:00,3548.98
06/01/2026 23:05,3685.81
06/01/2026 23:10,3473.48
06/01/2026 23:15,3478.91
06/01/2026 23:20,3457.67
06/01/2026 23:25,3420.88
06/01/2026 23:30,3347.52
06/01/2026 23:35,3336.52
06/01/2026 23:40,3201.79
06/01/2026 23:45,3308.69
06/01/2026 23:50,3277.66
06/01/2026 23:55,3046.57
07/01/2026 00:00,2996.34
07/01/2026 00:05,3135.66
07/01/2026 00:10,3051.82
07/01/2026 00:15,2974.29
07/01/2026 00:20,3014.09
07/01/2026 00:25,2745.9
07/01/2026 00:30,2886.75
07/01/2026 00:35,2747.91
07/01/2026 00:40,2950.79
07/01/2026 00:45,2681.96
07/01/2026 00:50,2873.47
07/01/2026 00:55,2709.43
07/01/2026 01:00,2752.96
07/01/2026 01:05,2773.36
07/01/2026 01:10,2758.04
07/01/2026 01:15,2436.04
07/01/2026 01:20,2627.38
07/01/2026 01:25,2786.94
07/01/2026 01:30,2593.25
07/01/2026 01:35,2500.0
07/01/2026 01:40,2649.04
07/01/2026 01:45,2625.95
07/01/2026 01:50,2465.58
07/01/2026 01:55,2407.84
07/01/2026 02:00,1905.23
07/01/2026 02:05,1970.51
07/01/2026 02:10,2228.46
07/01/2026 02:15,2168.03
07/01/2026 02:20,1993.56
07/01/2026 02:25,1994.41
07/01/2026 02:30,2039.46
07/01/2026 02:35,2004.02
07/01/2026 02:40,1900.0
07/01/2026 02:45,2195.57
07/01/2026 02:50,1938.55
07/01/2026 02:55,2090.23
07/01/2026 03:00,2059.64
07/01/2026 03:05,2004.71
07/01/2026 03:10,2090.55
07/01/2026 03:15,2214.58
07/01/2026 03:20,2068.9
07/01/2026 03:25,2054.88
07/01/2026 03:30,2136.11
07/01/2026 03:35,2094.14
07/01/2026 03:40,2004.76
07/01/2026 03:45,2006.49
07/01/2026 03:50,2172.22
07/01/2026 03:55,2129.39
07/01/2026 04:00,2170.03
07/01/2026 04:05,2087.36
07/01/2026 04:10,2130.22
07/01/2026 04:15,1980.39
07/01/2026 04:20,1975.0
07/01/2026 04:25,2166.5
07/01/2026 04:30,2192.35
07/01/2026 04:35,2155.28
07/01/2026 04:40,2001.81
07/01/2026 04:45,2061.44
07/01/2026 04:50,2127.5
07/01/2026 04:55,2206.13
07/01/2026 05:00,2054.5
07/01/2026 05:05,2330.99
07/01/2026 05:10,2269.19
07/01/2026 05:15,2531.02
07/01/2026 05:20,2315.96
07/01/2026 05:25,2485.2
07/01/2026 05:30,2667.36
07/01/2026 05:35,2557.76
07/01/2026 05:40,2609.19
07/01/2026 05:45,2647.87
07/01/2026 05:50,2574.16
07/01/2026 05:55,2854.42
07/01/2026 06:00,2752.06
07/01/2026 06:05,2779.7
07/01/2026 06:10,2695.09
07/01/2026 06:15,2941.09
07/01/2026 06:20,2829.92
07/01/2026 06:25,2935.09
07/01/2026 06:30,3098.5
07/01/2026 06:35,3047.55
07/01/2026 06:40,3035.99
07/01/2026 06:45,3086.99
07/01/2026 06:50,3069.76
07/01/2026 06:55,3286.87
07/01/2026 07:00,3183.75
07/01/2026 07:05,3440.92
07/01/2026 07:10,3429.79
07/01/2026 07:15,3333.35
07/01/2026 07:20,3522.63
07/01/2026 07:25,3589.01
07/01/2026 07:30,3757.67
07/01/2026 07:35,3604.88
07/01/2026 07:40,3703.47
07/01/2026 07:45,3862.73
07/01/2026 07:50,4056.47
07/01/2026 07:55,3816.47
07/01/2026 08:00,3977.73
07/01/2026 08:05,4032.68
07/01/2026 08:10,4055.28
07/01/2026 08:15,4165.51
07/01/2026 08:20,4292.22
07/01/2026 08:25,4284.2
07/01/2026 08:30,4361.42
07/01/2026 08:35,4478.68
07/01/2026 08:40,4339.69
07/01/2026 08:45,4577.55
07/01/2026 08:50,4497.16
07/01/2026 08:55,4519.51
07/01/2026 09:00,4647.56
07/01/2026 09:05,4658.13
07/01/2026 09:10,4743.51
07/01/2026 09:15,4739.44
07/01/2026 09:20,4657.23
07/01/2026 09:25,4855.81
07/01/2026 09:30,4751.34
07/01/2026 09:35,4903.94
07/01/2026 09:40,4873.61
07/01/2026 09:45,4784.13
07/01/2026 09:50,5072.19
07/01/2026 09:55,5052.64
07/01/2026 10:00,4868.04
07/01/2026 10:05,4993.84
07/01/2026 10:10,4887.7
07/01/2026 10:15,5012.73
07/01/2026 10:20,5089.82
07/01/2026 10:25,4933.64
07/01/2026 10:30,5192.78
07/01/2026 10:35,4945.32
07/01/2026 10:40,5011.47
07/01/2026 10:45,5074.77
07/01/2026 10:50,5147.84
07/01/2026 10:55,4940.78
07/01/2026 11:00,4920.4
07/01/2026 11:05,5048.4
07/01/2026 11:10,4994.34
07/01/2026 11:15,4739.98
07/01/2026 11:20,4976.78
07/01/2026 11:25,4803.95
07/01/2026 11:30,4695.26
07/01/2026 11:35,4739.1
07/01/2026 11:40,4786.57
07/01/2026 11:45,4852.62
07/01/2026 11:50,4641.23
07/01/2026 11:55,4722.33
07/01/2026 12:00,4450.58
07/01/2026 12:05,4514.73
07/01/2026 12:10,4600.13
07/01/2026 12:15,4489.36
07/01/2026 12:20,4488.55
07/01/2026 12:25,4638.68
07/01/2026 12:30,4555.29
07/01/2026 12:35,4571.93
07/01/2026 12:40,4492.04
07/01/2026 12:45,4532.51
07/01/2026 12:50,4343.42
07/01/2026 12:55,4374.0
07/01/2026 13:00,4506.69
07/01/2026 13:05,4476.62
07/01/2026 13:10,4401.15
07/01/2026 13:15,4386.92
07/01/2026 13:20,4512.92
07/01/2026 13:25,4311.06
07/01/2026 13:30,4406.72
07/01/2026 13:35,4263.82
07/01/2026 13:40,4405.83
07/01/2026 13:45,4364.18
07/01/2026 13:50,4439.94
07/01/2026 13:55,4373.1
07/01/2026 14:00,4544.92
07/01/2026 14:05,4421.79
07/01/2026 14:10,4320.32
07/01/2026 14:15,4301.03
07/01/2026 14:20,4245.92
07/01/2026 14:25,4165.94
07/01/2026 14:30,4283.8
07/01/2026 14:35,4362.32
07/01/2026 14:40,4310.96
07/01/2026 14:45,4240.45
07/01/2026 14:50,4350.23
07/01/2026 14:55,4317.9
07/01/2026 15:00,4246.32
07/01/2026 15:05,4361.21
07/01/2026 15:10,4325.78
07/01/2026 15:15,4312.27
07/01/2026 15:20,4290.88
07/01/2026 15:25,4302.2
07/01/2026 15:30,4333.12
07/01/2026 15:35,4220.17
07/01/2026 15:40,4405.16
07/01/2026 15:45,4422.14
07/01/2026 15:50,4453.38
07/01/2026 15:55,4446.72
07/01/2026 16:00,4487.64
07/01/2026 16:05,4399.88
07/01/2026 16:10,4571.59
07/01/2026 16:15,4532.2
07/01/2026 16:20,4315.93
07/01/2026 16:25,4497.26
07/01/2026 16:30,4578.58
07/01/2026 16:35,4562.01
07/01/2026 16:40,4687.83
07/01/2026 16:45,4672.36
07/01/2026 16:50,4543.21
07/01/2026 16:55,4585.15
07/01/2026 17:00,4762.55
07/01/2026 17:05,4722.78
07/01/2026 17:10,4623.45
07/01/2026 17:15,4707.86
07/01/2026 17:20,4643.89
07/01/2026 17:25,4688.64
07/01/2026 17:30,4628.21
07/01/2026 17:35,4862.73
07/01/2026 17:40,4865.9
07/01/2026 17:45,4758.38
07/01/2026 17:50,4847.42
07/01/2026 17:55,4941.39
07/01/2026 18:00,4837.18
07/01/2026 18:05,4844.86
07/01/2026 18:10,4819.58
07/01/2026 18:15,4819.16
07/01/2026 18:20,4973.03
07/01/2026 18:25,4941.04
07/01/2026 18:30,5049.18
07/01/2026 18:35,5065.03
07/01/2026 18:40,5096.31
07/01/2026 18:45,5201.19
07/01/2026 18:50,5150.26
07/01/2026 18:55,5110.59
07/01/2026 19:00,5081.92
07/01/2026 19:05,5123.45
07/01/2026 19:10,5111.26
07/01/2026 19:15,5151.89
07/01/2026 19:20,5288.89
07/01/2026 19:25,5134.01
07/01/2026 19:30,5130.79
07/01/2026 19:35,5056.42
07/01/2026 19:40,5127.39
07/01/2026 19:45,5177.35
07/01/2026 19:50,5133.75
07/01/2026 19:55,5104.85
07/01/2026 20:00,5020.0
07/01/2026 20:05,5226.68
07/01/2026 20:10,5070.53
07/01/2026 20:15,5061.26
07/01/2026 20:20,5012.57
07/01/2026 20:25,4905.88
07/01/2026 20:30,4981.4
07/01/2026 20:35,5054.72
07/01/2026 20:40,5012.6
07/01/2026 20:45,4789.54
07/01/2026 20:50,4782.73
07/01/2026 20:55,4736.67
07/01/2026 21:00,4766.72
07/01/2026 21:05,4778.01
07/01/2026 21:10,4721.22
07/01/2026 21:15,4480.96
07/01/2026 21:20,4724.31
07/01/2026 21:25,4523.86
07/01/2026 21:30,4555.86
07/01/2026 21:35,4393.0
07/01/2026 21:40,4512.47
07/01/2026 21:45,4446.35
07/01/2026 21:50,4207.01
07/01/2026 21:55,4324.4
07/01/2026 22:00,4240.44
07/01/2026 22:05,4274.52
07/01/2026 22:10,4302.81
07/01/2026 22:15,4090.33
07/01/2026 22:20,3938.14
07/01/2026 22:25,4043.47
07/01/2026 22:30,3854.77
07/01/2026 22:35,3875.88
07/01/2026 22:40,3870.62
07/01/2026 22:45,3840.58
07/01/2026 22:50,3757.8
07/01/2026 22:55,3624.75
07/01/2026 23:00,3688.27
07/01/2026 23:05,3590.61
07/01/2026 23:10,3578.65
07/01/2026 23:15,3505.27
07/01/2026 23:20,3342.51
07/01/2026 23:25,3389.35
07/01/2026 23:30,3388.23
07/01/2026 23:35,3259.66
07/01/2026 23:40,3115.79
07/01/2026 23:45,3305.83
07/01/2026 23:50,3101.68
07/01/2026 23:55,2940.14
08/01/2026 00:00,3004.33
08/01/2026 00:05,2911.89
08/01/2026 00:10,2915.24
08/01/2026 00:15,2905.94
08/01/2026 00:20,2953.31
08/01/2026 00:25,2866.7
08/01/2026 00:30,2870.62
08/01/2026 00:35,2801.67
08/01/2026 00:40,2791.05
08/01/2026 00:45,2866.76
08/01/2026 00:50,2787.79
08/01/2026 00:55,2809.27
08/01/2026 01:00,2698.91
08/01/2026 01:05,2724.89
08/01/2026 01:10,2584.02
08/01/2026 01:15,2701.92
08/01/2026 01:20,2669.45
08/01/2026 01:25,2747.12
08/01/2026 01:30,2633.04
08/01/2026 01:35,2464.08
08/01/2026 01:40,2620.39
08/01/2026 01:45,2478.92
08/01/2026 01:50,2504.56
08/01/2026 01:55,2399.35
08/01/2026 02:00,2127.66
08/01/2026 02:05,1955.89
08/01/2026 02:10,2022.81
08/01/2026 02:15,2072.37
08/01/2026 02:20,2229.88
08/01/2026 02:25,2095.0
08/01/2026 02:30,2045.95
08/01/2026 02:35,2172.75
08/01/2026 02:40,1937.44
08/01/2026 02:45,2011.49
08/01/2026 02:50,1979.75
08/01/2026 02:55,2023.84
08/01/2026 03:00,2154.88
08/01/2026 03:05,1947.31
08/01/2026 03:10,2141.02
08/01/2026 03:15,2005.79
08/01/2026 03:20,2145.01
08/01/2026 03:25,1975.39
08/01/2026 03:30,2089.49
08/01/2026 03:35,2089.82
08/01/2026 03:40,1985.63
08/01/2026 03:45,2104.1
08/01/2026 03:50,2130.19
08/01/2026 03:55,2138.13
08/01/2026 04:00,1969.29
08/01/2026 04:05,2131.84
08/01/2026 04:10,2023.0
08/01/2026 04:15,2096.02
08/01/2026 04:20,2231.04
08/01/2026 04:25,2061.9
08/01/2026 04:30,2124.28
08/01/2026 04:35,2031.23
08/01/2026 04:40,1960.54
08/01/2026 04:45,1917.4
08/01/2026 04:50,2025.59
08/01/2026 04:55,1948.25
08/01/2026 05:00,2375.55
08/01/2026 05:05,2251.26
08/01/2026 05:10,2509.33
08/01/2026 05:15,2277.49
08/01/2026 05:20,2514.17
08/01/2026 05:25,2497.16
08/01/2026 05:30,2461.58
08/01/2026 05:35,2594.55
08/01/2026 05:40,2686.49
08/01/2026 05:45,2642.86
08/01/2026 05:50,2544.27
08/01/2026 05:55,2702.69
08/01/2026 06:00,2674.5
08/01/2026 06:05,2792.25
08/01/2026 06:10,2873.72
08/01/2026 06:15,2930.48
08/01/2026 06:20,2967.83
08/01/2026 06:25,3014.92
08/01/2026 06:30,3121.65
08/01/2026 06:35,2981.23
08/01/2026 06:40,2976.03
08/01/2026 06:45,3126.19
08/01/2026 06:50,3189.82
08/01/2026 06:55,3290.75
08/01/2026 07:00,3220.01
08/01/2026 07:05,3245.7
08/01/2026 07:10,3264.47
08/01/2026 07:15,3471.92
08/01/2026 07:20,3485.26
08/01/2026 07:25,3690.6
08/01/2026 07:30,3541.51
08/01/2026 07:35,3495.95
08/01/2026 07:40,3804.41
08/01/2026 07:45,3774.03
08/01/2026 07:50,3755.93
08/01/2026 07:55,3861.33
08/01/2026 08:00,3967.7
08/01/2026 08:05,4084.72
08/01/2026 08:10,4075.44
08/01/2026 08:15,4100.82
08/01/2026 08:20,4233.3
08/01/2026 08:25,4367.07
08/01/2026 08:30,4157.39
08/01/2026 08:35,4306.54
08/01/2026 08:40,4348.4
08/01/2026 08:45,4491.45
08/01/2026 08:50,4444.47
08/01/2026 08:55,4619.29
08/01/2026 09:00,4583.94
08/01/2026 09:05,4661.6
08/01/2026 09:10,4659.08
08/01/2026 09:15,4823.63
08/01/2026 09:20,4846.66
08/01/2026 09:25,4944.07
08/01/2026 09:30,4815.49
08/01/2026 09:35,4949.52
08/01/2026 09:40,5046.48
08/01/2026 09:45,5037.06
08/01/2026 09:50,4888.21
08/01/2026 09:55,5058.96
08/01/2026 10:00,5088.4
08/01/2026 10:05,4933.42
08/01/2026 10:10,5072.77
08/01/2026 10:15,5099.88
08/01/2026 10:20,5005.24
08/01/2026 10:25,5115.8
08/01/2026 10:30,5099.23
08/01/2026 10:35,5202.62
08/01/2026 10:40,4879.89
08/01/2026 10:45,4912.86
08/01/2026 10:50,4979.92
08/01/2026 10:55,4997.46
08/01/2026 11:00,5120.76
08/01/2026 11:05,4959.81
08/01/2026 11:10,5020.92
08/01/2026 11:15,5149.23
08/01/2026 11:20,4856.36
08/01/2026 11:25,4909.74
08/01/2026 11:30,4754.86
08/01/2026 11:35,4809.96
08/01/2026 11:40,4851.51
08/01/2026 11:45,4836.88
08/01/2026 11:50,4780.53
08/01/2026 11:55,4724.66
08/01/2026 12:00,4587.07
08/01/2026 12:05,4588.45
08/01/2026 12:10,4697.62
08/01/2026 12:15,4538.13
08/01/2026 12:20,4528.22
08/01/2026 12:25,4467.56
08/01/2026 12:30,4457.0
08/01/2026 12:35,4533.88
08/01/2026 12:40,4429.72
08/01/2026 12:45,4372.62
08/01/2026 12:50,4488.14
08/01/2026 12:55,4524.95
08/01/2026 13:00,4346.77
08/01/2026 13:05,4482.79
08/01/2026 13:10,4493.32
08/01/2026 13:15,4467.46
08/01/2026 13:20,4385.41
08/01/2026 13:25,4431.76
08/01/2026 13:30,4391.83
08/01/2026 13:35,4425.31
08/01/2026 13:40,4315.05
08/01/2026 13:45,4416.12
08/01/2026 13:50,4168.22
08/01/2026 13:55,4324.18
08/01/2026 14:00,4171.83
08/01/2026 14:05,4298.09
08/01/2026 14:10,4272.8
08/01/2026 14:15,4341.61
08/01/2026 14:20,4281.61
08/01/2026 14:25,4306.51
08/01/2026 14:30,4222.0
08/01/2026 14:35,4297.23
08/01/2026 14:40,4098.35
08/01/2026 14:45,4346.12
08/01/2026 14:50,4262.63
08/01/2026 14:55,4262.54
08/01/2026 15:00,4371.01
08/01/2026 15:05,4208.82
08/01/2026 15:10,4256.57
08/01/2026 15:15,4424.85
08/01/2026 15:20,4330.84
08/01/2026 15:25,4376.63
08/01/2026 15:30,4412.74
08/01/2026 15:35,4336.82
08/01/2026 15:40,4282.47
08/01/2026 15:45,4352.52
08/01/2026 15:50,4468.84
08/01/2026 15:55,4448.33
08/01/2026 16:00,4450.01
08/01/2026 16:05,4370.61
08/01/2026 16:10,4694.01
08/01/2026 16:15,4528.27
08/01/2026 16:20,4545.95
08/01/2026 16:25,4582.46
08/01/2026 16:30,4458.1
08/01/2026 16:35,4513.35
08/01/2026 16:40,4583.88
08/01/2026 16:45,4524.5
08/01/2026 16:50,4723.91
08/01/2026 16:55,4629.22
08/01/2026 17:00,4555.4
08/01/2026 17:05,4818.07
08/01/2026 17:10,4688.37
08/01/2026 17:15,4779.97
08/01/2026 17:20,4850.91
08/01/2026 17:25,4838.06
08/01/2026 17:30,4732.34
08/01/2026 17:35,4762.51
08/01/2026 17:40,4899.17
08/01/2026 17:45,4775.39
08/01/2026 17:50,4766.52
08/01/2026 17:55,4739.46
08/01/2026 18:00,4840.65
08/01/2026 18:05,4899.16
08/01/2026 18:10,4868.92
08/01/2026 18:15,4872.36
08/01/2026 18:20,4845.59
08/01/2026 18:25,4907.87
08/01/2026 18:30,5187.36
08/01/2026 18:35,5053.52
08/01/2026 18:40,4937.5
08/01/2026 18:45,4954.58
08/01/2026 18:50,5183.97
08/01/2026 18:55,5079.19
08/01/2026 19:00,5150.34
08/01/2026 19:05,4957.36
08/01/2026 19:10,5184.15
08/01/2026 19:15,5160.22
08/01/2026 19:20,5056.04
08/01/2026 19:25,5089.79
08/01/2026 19:30,5196.86
08/01/2026 19:35,5107.51
08/01/2026 19:40,5139.97
08/01/2026 19:45,5047.04
08/01/2026 19:50,5157.07
08/01/2026 19:55,5179.01
08/01/2026 20:00,4999.94
08/01/2026 20:05,5170.57
08/01/2026 20:10,5056.39
08/01/2026 20:15,5095.66
08/01/2026 20:20,4971.2
08/01/2026 20:25,4955.33
08/01/2026 20:30,5036.8
08/01/2026 20:35,4988.94
08/01/2026 20:40,5023.46
08/01/2026 20:45,5026.27
08/01/2026 20:50,4809.37
08/01/2026 20:55,4823.89
08/01/2026 21:00,4892.73
08/01/2026 21:05,4764.56
08/01/2026 21:10,4667.74
08/01/2026 21:15,4744.6
08/01/2026 21:20,4557.59
08/01/2026 21:25,4548.39
08/01/2026 21:30,4498.92
08/01/2026 21:35,4436.27
08/01/2026 21:40,4534.52
08/01/2026 21:45,4416.35
08/01/2026 21:50,4346.84
08/01/2026 21:55,4228.59
08/01/2026 22:00,4336.22
08/01/2026 22:05,4305.39
08/01/2026 22:10,4129.57
08/01/2026 22:15,4276.55
08/01/2026 22:20,4040.86
08/01/2026 22:25,3981.99
08/01/2026 22:30,3993.26
08/01/2026 22:35,3914.18
08/01/2026 22:40,3912.41
08/01/2026 22:45,3854.38
08/01/2026 22:50,3794.54
08/01/2026 22:55,3684.15
08/01/2026 23:00,3676.61
08/01/2026 23:05,3591.24
08/01/2026 23:10,3563.63
08/01/2026 23:15,3485.63
08/01/2026 23:20,3601.65
08/01/2026 23:25,3585.77
08/01/2026 23:30,3235.14
08/01/2026 23:35,3343.8
08/01/2026 23:40,3318.95
08/01/2026 23:45,3259.09
08/01/2026 23:50,3089.89
08/01/2026 23:55,3258.33
09/01/2026 00:00,3047.58
09/01/2026 00:05,2952.14
09/01/2026 00:10,3067.55
09/01/2026 00:15,2900.39
09/01/2026 00:20,3052.86
09/01/2026 00:25,2940.59
09/01/2026 00:30,2916.04
09/01/2026 00:35,2945.92
09/01/2026 00:40,2896.71
09/01/2026 00:45,2797.88
09/01/2026 00:50,2669.31
09/01/2026 00:55,2738.2
09/01/2026 01:00,2864.98
09/01/2026 01:05,2729.07
09/01/2026 01:10,2569.33
09/01/2026 01:15,2808.72
09/01/2026 01:20,2500.47
09/01/2026 01:25,2764.22
09/01/2026 01:30,2631.55
09/01/2026 01:35,2619.95
09/01/2026 01:40,2552.89
09/01/2026 01:45,2635.89
09/01/2026 01:50,2409.55
09/01/2026 01:55,2437.94
09/01/2026 02:00,2019.3
09/01/2026 02:05,1900.0
09/01/2026 02:10,2041.72
09/01/2026 02:15,1999.12
09/01/2026 02:20,1985.56
09/01/2026 02:25,2075.9
09/01/2026 02:30,2091.13
09/01/2026 02:35,2013.54
09/01/2026 02:40,2007.55
09/01/2026 02:45,2092.42
09/01/2026 02:50,1964.73
09/01/2026 02:55,2092.39
09/01/2026 03:00,2050.72
09/01/2026 03:05,2045.49
09/01/2026 03:10,1900.0
09/01/2026 03:15,2103.47
09/01/2026 03:20,2104.25
09/01/2026 03:25,1934.9
09/01/2026 03:30,2035.33
09/01/2026 03:35,2001.12
09/01/2026 03:40,1923.13
09/01/2026 03:45,1985.47
09/01/2026 03:50,1900.0
09/01/2026 03:55,1951.87
09/01/2026 04:00,2194.34
09/01/2026 04:05,2327.03
09/01/2026 04:10,2019.51
09/01/2026 04:15,2085.53
09/01/2026 04:20,2143.02
09/01/2026 04:25,2306.11
09/01/2026 04:30,2023.62
09/01/2026 04:35,2066.41
09/01/2026 04:40,2112.54
09/01/2026 04:45,2102.75
09/01/2026 04:50,2086.41
09/01/2026 04:55,2144.22
09/01/2026 05:00,2214.85
09/01/2026 05:05,2240.72
09/01/2026 05:10,2235.46
09/01/2026 05:15,2409.81
09/01/2026 05:20,2478.3
09/01/2026 05:25,2485.36
09/01/2026 05:30,2538.85
09/01/2026 05:35,2638.71
09/01/2026 05:40,2664.05
09/01/2026 05:45,2654.81
09/01/2026 05:50,2621.83
09/01/2026 05:55,2672.81
09/01/2026 06:00,2680.72
09/01/2026 06:05,2800.16
09/01/2026 06:10,2753.95
09/01/2026 06:15,2894.79
09/01/2026 06:20,2991.29
09/01/2026 06:25,3053.18
09/01/2026 06:30,3056.01
09/01/2026 06:35,3168.68
09/01/2026 06:40,3156.82
09/01/2026 06:45,3228.51
09/01/2026 06:50,3067.23
09/01/2026 06:55,3261.79
09/01/2026 07:00,3268.56
09/01/2026 07:05,3267.78
09/01/2026 07:10,3343.38
09/01/2026 07:15,3449.97
09/01/2026 07:20,3466.38
09/01/2026 07:25,3437.36
09/01/2026 07:30,3670.77
09/01/2026 07:35,3811.08
09/01/2026 07:40,3728.84
09/01/2026 07:45,3896.49
09/01/2026 07:50,3818.86
09/01/2026 07:55,3769.07
09/01/2026 08:00,4091.72
09/01/2026 08:05,3979.81
09/01/2026 08:10,4123.29
09/01/2026 08:15,4118.91
09/01/2026 08:20,4056.97
09/01/2026 08:25,4377.67
09/01/2026 08:30,4357.74
09/01/2026 08:35,4363.64
09/01/2026 08:40,4559.06
09/01/2026 08:45,4470.13
09/01/2026 08:50,4642.45
09/01/2026 08:55,4699.03
09/01/2026 09:00,4566.21
09/01/2026 09:05,4728.62
09/01/2026 09:10,4700.28
09/01/2026 09:15,4638.51
09/01/2026 09:20,4700.35
09/01/2026 09:25,4857.46
09/01/2026 09:30,4731.0
09/01/2026 09:35,4788.51
09/01/2026 09:40,4832.22
09/01/2026 09:45,4953.8
09/01/2026 09:50,4834.9
09/01/2026 09:55,4916.12
09/01/2026 10:00,4960.18
09/01/2026 10:05,5004.62
09/01/2026 10:10,4882.76
09/01/2026 10:15,5042.29
09/01/2026 10:20,5016.67
09/01/2026 10:25,5200.8
09/01/2026 10:30,5004.96
09/01/2026 10:35,4995.09
09/01/2026 10:40,5097.78
09/01/2026 10:45,4950.47
09/01/2026 10:50,5101.3
09/01/2026 10:55,4908.23
09/01/2026 11:00,5096.02
09/01/2026 11:05,5017.42
09/01/2026 11:10,4890.77
09/01/2026 11:15,4949.67
09/01/2026 11:20,4903.28
09/01/2026 11:25,4717.61
09/01/2026 11:30,4786.52
09/01/2026 11:35,4954.34
09/01/2026 11:40,4728.09
09/01/2026 11:45,4715.62
09/01/2026 11:50,4743.06
09/01/2026 11:55,4688.96
09/01/2026 12:00,4427.69
09/01/2026 12:05,4508.85
09/01/2026 12:10,4532.28
09/01/2026 12:15,4446.42
09/01/2026 12:20,4550.58
09/01/2026 12:25,4424.68
09/01/2026 12:30,4610.91
09/01/2026 12:35,4395.44
09/01/2026 12:40,4470.21
09/01/2026 12:45,4527.88
09/01/2026 12:50,4448.09
09/01/2026 12:55,4465.48
09/01/2026 13:00,4516.43
09/01/2026 13:05,4423.67
09/01/2026 13:10,4342.39
09/01/2026 13:15,4471.82
09/01/2026 13:20,4508.93
09/01/2026 13:25,4333.66
09/01/2026 13:30,4276.35
09/01/2026 13:35,4477.18
09/01/2026 13:40,4413.36
09/01/2026 13:45,4348.36
09/01/2026 13:50,4334.18
09/01/2026 13:55,4401.4
09/01/2026 14:00,4257.99
09/01/2026 14:05,4281.02
09/01/2026 14:10,4244.22
09/01/2026 14:15,4340.06
09/01/2026 14:20,4264.27
09/01/2026 14:25,4266.57
09/01/2026 14:30,4417.43
09/01/2026 14:35,4247.28
09/01/2026 14:40,4267.3
09/01/2026 14:45,4282.5
09/01/2026 14:50,4253.62
09/01/2026 14:55,4495.81
09/01/2026 15:00,4188.8
09/01/2026 15:05,4369.63
09/01/2026 15:10,4222.94
09/01/2026 15:15,4374.26
09/01/2026 15:20,4237.48
09/01/2026 15:25,4221.55
09/01/2026 15:30,4440.91
09/01/2026 15:35,4459.28
09/01/2026 15:40,4414.68
09/01/2026 15:45,4395.73
09/01/2026 15:50,4467.15
09/01/2026 15:55,4522.32
09/01/2026 16:00,4460.58
09/01/2026 16:05,4407.73
09/01/2026 16:10,4479.24
09/01/2026 16:15,4510.04
09/01/2026 16:20,4456.07
09/01/2026 16:25,4568.67
09/01/2026 16:30,4415.64
09/01/2026 16:35,4453.28
09/01/2026 16:40,4649.08
09/01/2026 16:45,4709.45
09/01/2026 16:50,4695.62
09/01/2026 16:55,4731.1
09/01/2026 17:00,4664.0
09/01/2026 17:05,4720.47
09/01/2026 17:10,4802.51
09/01/2026 17:15,4792.09
09/01/2026 17:20,4786.63
09/01/2026 17:25,4818.59
09/01/2026 17:30,4692.75
09/01/2026 17:35,4889.99
09/01/2026 17:40,4724.04
09/01/2026 17:45,4893.13
09/01/2026 17:50,4876.64
09/01/2026 17:55,4849.83
09/01/2026 18:00,4802.66
09/01/2026 18:05,4852.72
09/01/2026 18:10,4945.02
09/01/2026 18:15,4942.86
09/01/2026 18:20,5023.53
09/01/2026 18:25,4995.68
09/01/2026 18:30,5232.75
09/01/2026 18:35,5057.06
09/01/2026 18:40,5081.93
09/01/2026 18:45,5088.52
09/01/2026 18:50,5107.62
09/01/2026 18:55,4985.58
09/01/2026 19:00,5290.28
09/01/2026 19:05,5153.05
09/01/2026 19:10,5164.52
09/01/2026 19:15,5179.94
09/01/2026 19:20,5023.84
09/01/2026 19:25,5116.47
09/01/2026 19:30,5041.12
09/01/2026 19:35,5197.9
09/01/2026 19:40,5118.81
09/01/2026 19:45,5199.68
09/01/2026 19:50,5236.53
09/01/2026 19:55,5170.93
09/01/2026 20:00,5103.45
09/01/2026 20:05,5060.06
09/01/2026 20:10,5110.86
09/01/2026 20:15,5140.71
09/01/2026 20:20,5100.22
09/01/2026 20:25,5072.97
09/01/2026 20:30,4981.34
09/01/2026 20:35,5042.08
09/01/2026 20:40,4928.45
09/01/2026 20:45,4981.46
09/01/2026 20:50,4910.17
09/01/2026 20:55,4803.51
09/01/2026 21:00,4747.09
09/01/2026 21:05,4802.15
09/01/2026 21:10,4752.93
09/01/2026 21:15,4697.14
09/01/2026 21:20,4678.38
09/01/2026 21:25,4678.3
09/01/2026 21:30,4516.93
09/01/2026 21:35,4349.83
09/01/2026 21:40,4495.49
09/01/2026 21:45,4325.42
09/01/2026 21:50,4262.72
09/01/2026 21:55,4254.29
09/01/2026 22:00,4180.57
09/01/2026 22:05,4197.3
09/01/2026 22:10,4215.32
09/01/2026 22:15,4227.92
09/01/2026 22:20,4139.07
09/01/2026 22:25,3992.3
09/01/2026 22:30,3833.27
09/01/2026 22:35,3824.15
09/01/2026 22:40,3746.02
09/01/2026 22:45,3699.79
09/01/2026 22:50,3759.07
09/01/2026 22:55,3730.51
09/01/2026 23:00,3681.4
09/01/2026 23:05,3621.32
09/01/2026 23:10,3518.23
09/01/2026 23:15,3488.3
09/01/2026 23:20,3470.27
09/01/2026 23:25,3432.66
09/01/2026 23:30,3337.15
09/01/2026 23:35,3353.39
09/01/2026 23:40,3158.99
09/01/2026 23:45,3185.7
09/01/2026 23:50,3041.07
09/01/2026 23:55,3116.47
10/01/2026 00:00,3010.44
10/01/2026 00:05,2544.67
10/01/2026 00:10,2706.51
10/01/2026 00:15,2768.73
10/01/2026 00:20,2661.06
10/01/2026 00:25,2753.1
10/01/2026 00:30,2665.02
10/01/2026 00:35,2660.48
10/01/2026 00:40,2628.69
10/01/2026 00:45,2502.31
10/01/2026 00:50,2362.4
10/01/2026 00:55,2452.99
10/01/2026 01:00,2613.91
10/01/2026 01:05,2429.47
10/01/2026 01:10,2527.61
10/01/2026 01:15,2460.85
10/01/2026 01:20,2339.86
10/01/2026 01:25,2563.56
10/01/2026 01:30,2311.85
10/01/2026 01:35,2408.49
10/01/2026 01:40,2274.64
10/01/2026 01:45,2339.06
10/01/2026 01:50,2101.62
10/01/2026 01:55,2405.3
10/01/2026 02:00,1900.0
10/01/2026 02:05,1900.0
10/01/2026 02:10,1900.0
10/01/2026 02:15,1900.0
10/01/2026 02:20,1921.97
10/01/2026 02:25,1900.0
10/01/2026 02:30,1900.0
10/01/2026 02:35,1900.0
10/01/2026 02:40,1900.0
10/01/2026 02:45,1900.0
10/01/2026 02:50,1900.0
10/01/2026 02:55,1900.0
10/01/2026 03:00,1900.0
10/01/2026 03:05,1900.0
10/01/2026 03:10,1900.0
10/01/2026 03:15,1900.0
10/01/2026 03:20,1900.0
10/01/2026 03:25,1900.0
10/01/2026 03:30,1900.0
10/01/2026 03:35,1900.0
10/01/2026 03:40,1900.0
10/01/2026 03:45,1900.0
10/01/2026 03:50,1900.0
10/01/2026 03:55,1900.0
10/01/2026 04:00,1900.0
10/01/2026 04:05,1985.35
10/01/2026 04:10,1900.0
10/01/2026 04:15,1900.0
10/01/2026 04:20,1900.0
10/01/2026 04:25,1900.0
10/01/2026 04:30,1900.0
10/01/2026 04:35,1900.0
10/01/2026 04:40,1900.0
10/01/2026 04:45,1939.26
10/01/2026 04:50,1900.0
10/01/2026 04:55,1900.0
10/01/2026 05:00,2027.36
10/01/2026 05:05,2015.61
10/01/2026 05:10,2090.52
10/01/2026 05:15,2085.49
10/01/2026 05:20,2114.51
10/01/2026 05:25,2198.1
10/01/2026 05:30,2169.82
10/01/2026 05:35,2423.15
10/01/2026 05:40,2322.25
10/01/2026 05:45,2530.21
10/01/2026 05:50,2386.51
10/01/2026 05:55,2360.75
10/01/2026 06:00,2513.53
10/01/2026 06:05,2709.54
10/01/2026 06:10,2463.21
10/01/2026 06:15,2618.71
10/01/2026 06:20,2662.84
10/01/2026 06:25,2710.02
10/01/2026 06:30,2759.09
10/01/2026 06:35,2781.42
10/01/2026 06:40,2842.95
10/01/2026 06:45,2823.98
10/01/2026 06:50,2976.69
10/01/2026 06:55,2914.72
10/01/2026 07:00,2982.7
10/01/2026 07:05,3083.99
10/01/2026 07:10,3107.99
10/01/2026 07:15,3223.33
10/01/2026 07:20,3278.52
10/01/2026 07:25,3116.02
10/01/2026 07:30,3345.42
10/01/2026 07:35,3484.58
10/01/2026 07:40,3453.61
10/01/2026 07:45,3607.84
10/01/2026 07:50,3552.54
10/01/2026 07:55,3705.41
10/01/2026 08:00,3540.87
10/01/2026 08:05,3770.72
10/01/2026 08:10,3743.22
10/01/2026 08:15,3922.52
10/01/2026 08:20,3857.37
10/01/2026 08:25,3937.95
10/01/2026 08:30,4163.56
10/01/2026 08:35,4151.88
10/01/2026 08:40,4173.51
10/01/2026 08:45,4117.35
10/01/2026 08:50,4198.25
10/01/2026 08:55,4247.42
10/01/2026 09:00,4326.98
10/01/2026 09:05,4504.56
10/01/2026 09:10,4393.3
10/01/2026 09:15,4456.74
10/01/2026 09:20,4496.12
10/01/2026 09:25,4599.35
10/01/2026 09:30,4578.59
10/01/2026 09:35,4510.05
10/01/2026 09:40,4523.75
10/01/2026 09:45,4672.04
10/01/2026 09:50,4728.84
10/01/2026 09:55,4690.79
10/01/2026 10:00,4760.21
10/01/2026 10:05,4746.99
10/01/2026 10:10,4659.06
10/01/2026 10:15,4822.78
10/01/2026 10:20,4812.44
10/01/2026 10:25,4706.68
10/01/2026 10:30,4901.64
10/01/2026 10:35,4835.44
10/01/2026 10:40,4757.53
10/01/2026 10:45,4697.58
10/01/2026 10:50,4799.99
10/01/2026 10:55,4792.52
10/01/2026 11:00,4797.22
10/01/2026 11:05,4751.32
10/01/2026 11:10,4811.66
10/01/2026 11:15,4661.33
10/01/2026 11:20,4698.48
10/01/2026 11:25,4527.05
10/01/2026 11:30,4544.51
10/01/2026 11:35,4555.18
10/01/2026 11:40,4570.96
10/01/2026 11:45,4512.5
10/01/2026 11:50,4498.74
10/01/2026 11:55,4343.75
10/01/2026 12:00,4123.45
10/01/2026 12:05,4262.7
10/01/2026 12:10,4372.21
10/01/2026 12:15,4218.42
10/01/2026 12:20,4271.24
10/01/2026 12:25,4259.01
10/01/2026 12:30,4293.74
10/01/2026 12:35,4273.29
10/01/2026 12:40,4309.95
10/01/2026 12:45,4192.39
10/01/2026 12:50,4270.03
10/01/2026 12:55,4236.99
10/01/2026 13:00,4153.51
10/01/2026 13:05,4203.57
10/01/2026 13:10,4199.22
10/01/2026 13:15,4188.68
10/01/2026 13:20,4068.82
10/01/2026 13:25,4172.83
10/01/2026 13:30,4269.62
10/01/2026 13:35,4103.82
10/01/2026 13:40,4119.46
10/01/2026 13:45,4080.6
10/01/2026 13:50,4189.48
10/01/2026 13:55,4011.11
10/01/2026 14:00,4159.13
10/01/2026 14:05,4104.88
10/01/2026 14:10,4134.35
10/01/2026 14:15,3919.13
10/01/2026 14:20,4027.04
10/01/2026 14:25,4176.92
10/01/2026 14:30,4051.96
10/01/2026 14:35,4004.67
10/01/2026 14:40,4182.83
10/01/2026 14:45,4097.09
10/01/2026 14:50,4080.43
10/01/2026 14:55,3972.76
10/01/2026 15:00,3951.2
10/01/2026 15:05,4011.07
10/01/2026 15:10,4071.51
10/01/2026 15:15,4064.41
10/01/2026 15:20,3971.01
10/01/2026 15:25,4140.04
10/01/2026 15:30,4188.99
10/01/2026 15:35,4013.41
10/01/2026 15:40,3985.62
10/01/2026 15:45,4187.95
10/01/2026 15:50,4181.74
10/01/2026 15:55,4285.4
10/01/2026 16:00,4276.75
10/01/2026 16:05,4280.78
10/01/2026 16:10,4181.26
10/01/2026 16:15,4401.35
10/01/2026 16:20,4307.05
10/01/2026 16:25,4260.42
10/01/2026 16:30,4179.12
10/01/2026 16:35,4430.28
10/01/2026 16:40,4323.83
10/01/2026 16:45,4267.35
10/01/2026 16:50,4408.13
10/01/2026 16:55,4408.32
10/01/2026 17:00,4377.74
10/01/2026 17:05,4356.39
10/01/2026 17:10,4314.57
10/01/2026 17:15,4541.02
10/01/2026 17:20,4483.22
10/01/2026 17:25,4626.62
10/01/2026 17:30,4546.84
10/01/2026 17:35,4434.22
10/01/2026 17:40,4368.02
10/01/2026 17:45,4523.88
10/01/2026 17:50,4587.27
10/01/2026 17:55,4604.93
10/01/2026 18:00,4548.37
10/01/2026 18:05,4722.77
10/01/2026 18:10,4739.74
10/01/2026 18:15,4772.91
10/01/2026 18:20,4692.41
10/01/2026 18:25,4733.07
10/01/2026 18:30,4608.88
10/01/2026 18:35,4768.0
10/01/2026 18:40,4846.46
10/01/2026 18:45,4899.49
10/01/2026 18:50,4729.16
10/01/2026 18:55,4764.17
10/01/2026 19:00,4872.8
10/01/2026 19:05,4830.95
10/01/2026 19:10,4946.99
10/01/2026 19:15,4818.91
10/01/2026 19:20,4903.34
10/01/2026 19:25,4994.24
10/01/2026 19:30,4902.81
10/01/2026 19:35,4851.71
10/01/2026 19:40,4973.91
10/01/2026 19:45,4987.54
10/01/2026 19:50,4739.34
10/01/2026 19:55,4737.93
10/01/2026 20:00,4814.72
10/01/2026 20:05,5019.92
10/01/2026 20:10,4790.19
10/01/2026 20:15,4738.19
10/01/2026 20:20,4751.83
10/01/2026 20:25,4785.3
10/01/2026 20:30,4730.33
10/01/2026 20:35,4605.53
10/01/2026 20:40,4619.15
10/01/2026 20:45,4573.17
10/01/2026 20:50,4466.33
10/01/2026 20:55,4655.66
10/01/2026 21:00,4753.42
10/01/2026 21:05,4563.96
10/01/2026 21:10,4569.84
10/01/2026 21:15,4471.72
10/01/2026 21:20,4394.07
10/01/2026 21:25,4475.16
10/01/2026 21:30,4205.93
10/01/2026 21:35,4253.92
10/01/2026 21:40,4174.14
10/01/2026 21:45,4169.25
10/01/2026 21:50,4019.01
10/01/2026 21:55,4082.74
10/01/2026 22:00,3948.66
10/01/2026 22:05,3913.2
10/01/2026 22:10,3916.03
10/01/2026 22:15,3929.28
10/01/2026 22:20,3698.66
10/01/2026 22:25,3890.38
10/01/2026 22:30,3618.93
10/01/2026 22:35,3608.26
10/01/2026 22:40,3555.51
10/01/2026 22:45,3587.4
10/01/2026 22:50,3361.44
10/01/2026 22:55,3450.67
10/01/2026 23:00,3469.49
10/01/2026 23:05,3278.57
10/01/2026 23:10,3353.23
10/01/2026 23:15,3307.76
10/01/2026 23:20,3248.4
10/01/2026 23:25,3090.14
10/01/2026 23:30,2937.44
10/01/2026 23:35,2911.02
10/01/2026 23:40,3063.67
10/01/2026 23:45,3065.21
10/01/2026 23:50,2860.87
10/01/2026 23:55,2845.55
11/01/2026 00:00,2963.06
11/01/2026 00:05,2819.9
11/01/2026 00:10,2621.03
11/01/2026 00:15,2764.88
11/01/2026 00:20,2573.14
11/01/2026 00:25,2618.28
11/01/2026 00:30,2649.1
11/01/2026 00:35,2623.87
11/01/2026 00:40,2697.48
11/01/2026 00:45,2614.27
11/01/2026 00:50,2583.31
11/01/2026 00:55,2445.64
11/01/2026 01:00,2543.83
11/01/2026 01:05,2514.0
11/01/2026 01:10,2352.96
11/01/2026 01:15,2285.79
11/01/2026 01:20,2442.43
11/01/2026 01:25,2403.99
11/01/2026 01:30,2478.36
11/01/2026 01:35,2163.46
11/01/2026 01:40,2309.28
11/01/2026 01:45,2208.4
11/01/2026 01:50,2336.05
11/01/2026 01:55,2245.8
11/01/2026 02:00,1975.22
11/01/2026 02:05,1900.0
11/01/2026 02:10,1900.0
11/01/2026 02:15,1900.0
11/01/2026 02:20,1900.0
11/01/2026 02:25,1900.0
11/01/2026 02:30,1900.0
11/01/2026 02:35,1900.0
11/01/2026 02:40,1900.0
11/01/2026 02:45,1900.0
11/01/2026 02:50,1900.0
11/01/2026 02:55,1900.0
11/01/2026 03:00,1900.0
11/01/2026 03:05,1900.0
11/01/2026 03:10,1900.0
11/01/2026 03:15,1900.0
11/01/2026 03:20,1900.0
11/01/2026 03:25,1900.0
11/01/2026 03:30,1900.0
11/01/2026 03:35,1900.0
11/01/2026 03:40,1900.0
11/01/2026 03:45,1900.0
11/01/2026 03:50,1913.99
11/01/2026 03:55,1900.0
11/01/2026 04:00,1900.0
11/01/2026 04:05,1900.0
11/01/2026 04:10,1900.0
11/01/2026 04:15,1900.0
11/01/2026 04:20,1900.0
11/01/2026 04:25,1900.0
11/01/2026 04:30,1900.0
11/01/2026 04:35,1900.0
11/01/2026 04:40,1900.0
11/01/2026 04:45,1900.0
11/01/2026 04:50,1900.0
11/01/2026 04:55,1900.0
11/01/2026 05:00,1988.52
11/01/2026 05:05,2004.61
11/01/2026 05:10,2238.33
11/01/2026 05:15,2079.41
11/01/2026 05:20,2266.89
11/01/2026 05:25,2119.88
11/01/2026 05:30,2142.06
11/01/2026 05:35,2315.0
11/01/2026 05:40,2475.96
11/01/2026 05:45,2364.38
11/01/2026 05:50,2425.68
11/01/2026 05:55,2420.04
11/01/2026 06:00,2554.25
11/01/2026 06:05,2390.24
11/01/2026 06:10,2620.56
11/01/2026 06:15,2554.04
11/01/2026 06:20,2710.17
11/01/2026 06:25,2827.8
11/01/2026 06:30,2624.2
11/01/2026 06:35,2726.13
11/01/2026 06:40,2909.79
11/01/2026 06:45,2886.26
11/01/2026 06:50,3057.93
11/01/2026 06:55,2974.37
11/01/2026 07:00,2937.07
11/01/2026 07:05,3115.95
11/01/2026 07:10,3107.99
11/01/2026 07:15,3199.96
11/01/2026 07:20,3264.14
11/01/2026 07:25,3269.94
11/01/2026 07:30,3462.99
11/01/2026 07:35,3414.26
11/01/2026 07:40,3579.23
11/01/2026 07:45,3481.83
11/01/2026 07:50,3820.03
11/01/2026 07:55,3638.78
11/01/2026 08:00,3736.31
11/01/2026 08:05,3776.88
11/01/2026 08:10,3854.49
11/01/2026 08:15,3796.01
11/01/2026 08:20,3994.54
11/01/2026 08:25,4198.47
11/01/2026 08:30,4151.53
11/01/2026 08:35,3934.59
11/01/2026 08:40,4345.13
11/01/2026 08:45,4219.25
11/01/2026 08:50,4270.81
11/01/2026 08:55,4429.99
11/01/2026 09:00,4346.75
11/01/2026 09:05,4384.14
11/01/2026 09:10,4345.33
11/01/2026 09:15,4414.71
11/01/2026 09:20,4503.98
11/01/2026 09:25,4580.57
11/01/2026 09:30,4671.8
11/01/2026 09:35,4696.45
11/01/2026 09:40,4753.32
11/01/2026 09:45,4673.75
11/01/2026 09:50,4806.71
11/01/2026 09:55,4806.07
11/01/2026 10:00,4664.87
11/01/2026 10:05,4700.28
11/01/2026 10:10,4747.75
11/01/2026 10:15,4678.8
11/01/2026 10:20,4791.81
11/01/2026 10:25,4748.55
11/01/2026 10:30,4799.52
11/01/2026 10:35,4721.72
11/01/2026 10:40,4816.04
11/01/2026 10:45,4837.79
11/01/2026 10:50,4786.32
11/01/2026 10:55,4870.32
11/01/2026 11:00,4783.11
11/01/2026 11:05,4766.28
11/01/2026 11:10,4636.42
11/01/2026 11:15,4578.25
11/01/2026 11:20,4560.96
11/01/2026 11:25,4636.71
11/01/2026 11:30,4660.18
11/01/2026 11:35,4574.15
11/01/2026 11:40,4437.95
11/01/2026 11:45,4585.72
11/01/2026 11:50,4545.93
11/01/2026 11:55,4507.62
11/01/2026 12:00,4375.35
11/01/2026 12:05,4303.23
11/01/2026 12:10,4193.42
11/01/2026 12:15,4287.49
11/01/2026 12:20,4191.22
11/01/2026 12:25,4297.34
11/01/2026 12:30,4506.08
11/01/2026 12:35,4339.13
11/01/2026 12:40,4300.97
11/01/2026 12:45,4192.5
11/01/2026 12:50,4069.22
11/01/2026 12:55,4089.34
11/01/2026 13:00,4144.29
11/01/2026 13:05,4281.74
11/01/2026 13:10,4095.74
11/01/2026 13:15,4196.82
11/01/2026 13:20,3977.01
11/01/2026 13:25,4148.3
11/01/2026 13:30,4127.65
11/01/2026 13:35,4087.47
11/01/2026 13:40,4150.12
11/01/2026 13:45,4129.43
11/01/2026 13:50,4067.72
11/01/2026 13:55,4048.14
11/01/2026 14:00,4071.73
11/01/2026 14:05,4025.11
11/01/2026 14:10,3887.74
11/01/2026 14:15,4095.05
11/01/2026 14:20,3873.76
11/01/2026 14:25,4003.27
11/01/2026 14:30,4026.88
11/01/2026 14:35,3998.12
11/01/2026 14:40,3978.37
11/01/2026 14:45,3992.73
11/01/2026 14:50,4030.26
11/01/2026 14:55,4160.69
11/01/2026 15:00,4019.09
11/01/2026 15:05,4110.0
11/01/2026 15:10,4029.31
11/01/2026 15:15,4008.23
11/01/2026 15:20,4058.17
11/01/2026 15:25,4194.96
11/01/2026 15:30,4063.02
11/01/2026 15:35,4196.7
11/01/2026 15:40,4183.5
11/01/2026 15:45,4155.49
11/01/2026 15:50,4216.92
11/01/2026 15:55,4170.41
11/01/2026 16:00,4282.73
11/01/2026 16:05,4267.63
11/01/2026 16:10,4345.58
11/01/2026 16:15,4399.68
11/01/2026 16:20,4217.09
11/01/2026 16:25,4527.35
11/01/2026 16:30,4289.67
11/01/2026 16:35,4233.05
11/01/2026 16:40,4308.2
11/01/2026 16:45,4359.68
11/01/2026 16:50,4374.18
11/01/2026 16:55,4310.36
11/01/2026 17:00,4348.15
11/01/2026 17:05,4405.62
11/01/2026 17:10,4484.51
11/01/2026 17:15,4572.48
11/01/2026 17:20,4590.04
11/01/2026 17:25,4349.63
11/01/2026 17:30,4506.96
11/01/2026 17:35,4487.55
11/01/2026 17:40,4582.03
11/01/2026 17:45,4476.24
11/01/2026 17:50,4496.99
11/01/2026 17:55,4700.04
11/01/2026 18:00,4581.52
11/01/2026 18:05,4782.98
11/01/2026 18:10,4689.29
11/01/2026 18:15,4689.89
11/01/2026 18:20,4867.72
11/01/2026 18:25,4777.87
11/01/2026 18:30,4849.87
11/01/2026 18:35,4704.11
11/01/2026 18:40,4874.54
11/01/2026 18:45,4755.02
11/01/2026 18:50,4958.98
11/01/2026 18:55,5044.33
11/01/2026 19:00,4782.47
11/01/2026 19:05,4940.52
11/01/2026 19:10,4816.42
11/01/2026 19:15,4890.43
11/01/2026 19:20,4772.75
11/01/2026 19:25,4959.63
11/01/2026 19:30,4975.56
11/01/2026 19:35,4971.9
11/01/2026 19:40,5018.21
11/01/2026 19:45,4763.13
11/01/2026 19:50,4884.89
11/01/2026 19:55,4927.31
11/01/2026 20:00,4901.69
11/01/2026 20:05,4927.17
11/01/2026 20:10,4753.73
11/01/2026 20:15,4789.85
11/01/2026 20:20,4798.1
11/01/2026 20:25,4811.14
11/01/2026 20:30,4799.77
11/01/2026 20:35,4848.22
11/01/2026 20:40,4707.02
11/01/2026 20:45,4548.91
11/01/2026 20:50,4648.29
11/01/2026 20:55,4584.06
11/01/2026 21:00,4621.36
11/01/2026 21:05,4498.0
11/01/2026 21:10,4509.37
11/01/2026 21:15,4256.22
11/01/2026 21:20,4296.6
11/01/2026 21:25,4325.23
11/01/2026 21:30,4237.82
11/01/2026 21:35,4263.97
11/01/2026 21:40,4349.99
11/01/2026 21:45,4276.19
11/01/2026 21:50,4135.6
11/01/2026 21:55,4205.08
11/01/2026 22:00,4014.92
11/01/2026 22:05,3896.4
11/01/2026 22:10,3935.72
11/01/2026 22:15,3786.18
11/01/2026 22:20,3774.05
11/01/2026 22:25,3732.38
11/01/2026 22:30,3751.09
11/01/2026 22:35,3543.96
11/01/2026 22:40,3641.23
11/01/2026 22:45,3562.94
11/01/2026 22:50,3411.53
11/01/2026 22:55,3493.35
11/01/2026 23:00,3384.58
11/01/2026 23:05,3446.68
11/01/2026 23:10,3225.9
11/01/2026 23:15,3259.35
11/01/2026 23:20,3346.2
11/01/2026 23:25,3189.44
11/01/2026 23:30,3145.65
11/01/2026 23:35,2963.49
11/01/2026 23:40,3056.38
11/01/2026 23:45,2933.67
11/01/2026 23:50,2891.3
11/01/2026 23:55,2803.3
12/01/2026 00:00,3079.05
12/01/2026 00:05,3126.42
12/01/2026 00:10,3090.56
12/01/2026 00:15,3043.92
12/01/2026 00:20,2892.74
12/01/2026 00:25,2917.22
12/01/2026 00:30,2829.71
12/01/2026 00:35,2813.1
12/01/2026 00:40,2769.32
12/01/2026 00:45,2779.47
12/01/2026 00:50,2787.37
12/01/2026 00:55,2789.28
12/01/2026 01:00,2744.66
12/01/2026 01:05,2697.43
12/01/2026 01:10,2744.12
12/01/2026 01:15,2850.59
12/01/2026 01:20,2751.47
12/01/2026 01:25,2611.82
12/01/2026 01:30,2659.79
12/01/2026 01:35,2501.2
12/01/2026 01:40,2566.75
12/01/2026 01:45,2490.67
12/01/2026 01:50,2539.61
12/01/2026 01:55,2373.08
12/01/2026 02:00,2037.59
12/01/2026 02:05,1900.0
12/01/2026 02:10,1945.64
12/01/2026 02:15,2057.1
12/01/2026 02:20,2129.54
12/01/2026 02:25,2144.3
12/01/2026 02:30,2026.07
12/01/2026 02:35,2013.12
12/01/2026 02:40,1900.0
12/01/2026 02:45,2045.87
12/01/2026 02:50,2114.01
12/01/2026 02:55,2105.18
12/01/2026 03:00,2058.0
12/01/2026 03:05,2015.39
12/01/2026 03:10,2064.08
12/01/2026 03:15,2161.68
12/01/2026 03:20,2034.41
12/01/2026 03:25,1933.93
12/01/2026 03:30,2052.83
12/01/2026 03:35,2017.75
12/01/2026 03:40,2040.84
12/01/2026 03:45,1900.0
12/01/2026 03:50,2146.29
12/01/2026 03:55,1936.64
12/01/2026 04:00,2126.44
12/01/2026 04:05,1900.0
12/01/2026 04:10,2110.81
12/01/2026 04:15,2054.51
12/01/2026 04:20,2130.63
12/01/2026 04:25,2057.14
12/01/2026 04:30,2068.24
12/01/2026 04:35,2065.34
12/01/2026 04:40,2064.8
12/01/2026 04:45,2191.6
12/01/2026 04:50,2021.47
12/01/2026 04:55,1973.32
12/01/2026 05:00,2281.19
12/01/2026 05:05,2249.83
12/01/2026 05:10,2306.35
12/01/2026 05:15,2400.62
12/01/2026 05:20,2308.86
12/01/2026 05:25,2401.57
12/01/2026 05:30,2452.37
12/01/2026 05:35,2451.81
12/01/2026 05:40,2651.68
12/01/2026 05:45,2559.48
12/01/2026 05:50,2664.57
12/01/2026 05:55,2689.68
12/01/2026 06:00,2779.73
12/01/2026 06:05,2749.95
12/01/2026 06:10,2865.25
12/01/2026 06:15,2795.56
12/01/2026 06:20,2898.48
12/01/2026 06:25,2857.95
12/01/2026 06:30,3038.84
12/01/2026 06:35,2973.96
12/01/2026 06:40,3023.44
12/01/2026 06:45,2958.79
12/01/2026 06:50,3244.67
12/01/2026 06:55,3286.75
12/01/2026 07:00,3238.81
12/01/2026 07:05,3290.42
12/01/2026 07:10,3280.65
12/01/2026 07:15,3464.78
12/01/2026 07:20,3449.4
12/01/2026 07:25,3463.77
12/01/2026 07:30,3592.52
12/01/2026 07:35,3493.81
12/01/2026 07:40,3717.03
12/01/2026 07:45,4002.05
12/01/2026 07:50,3840.73
12/01/2026 07:55,3712.02
12/01/2026 08:00,3911.5
12/01/2026 08:05,4056.5
12/01/2026 08:10,4070.11
12/01/2026 08:15,4092.07
12/01/2026 08:20,4171.97
12/01/2026 08:25,3996.65
12/01/2026 08:30,4444.02
12/01/2026 08:35,4282.17
12/01/2026 08:40,4388.12
12/01/2026 08:45,4459.26
12/01/2026 08:50,4572.21
12/01/2026 08:55,4584.53
12/01/2026 09:00,4660.64
12/01/2026 09:05,4624.49
12/01/2026 09:10,4673.38
12/01/2026 09:15,4777.66
12/01/2026 09:20,4739.91
12/01/2026 09:25,4802.62
12/01/2026 09:30,4903.43
12/01/2026 09:35,4821.6
12/01/2026 09:40,5002.89
12/01/2026 09:45,4967.58
12/01/2026 09:50,5119.02
12/01/2026 09:55,4931.94
12/01/2026 10:00,4957.38
12/01/2026 10:05,5022.09
12/01/2026 10:10,5029.44
12/01/2026 10:15,4912.34
12/01/2026 10:20,5073.55
12/01/2026 10:25,5124.68
12/01/2026 10:30,4880.05
12/01/2026 10:35,5117.72
12/01/2026 10:40,5062.97
12/01/2026 10:45,4958.38
12/01/2026 10:50,5071.7
12/01/2026 10:55,4994.75
12/01/2026 11:00,4980.69
12/01/2026 11:05,4990.33
12/01/2026 11:10,4883.36
12/01/2026 11:15,4932.47
12/01/2026 11:20,4779.57
12/01/2026 11:25,4998.1
12/01/2026 11:30,4877.61
12/01/2026 11:35,4744.96
12/01/2026 11:40,4813.78
12/01/2026 11:45,4798.22
12/01/2026 11:50,4668.57
12/01/2026 11:55,4809.02
12/01/2026 12:00,4570.23
12/01/2026 12:05,4468.78
12/01/2026 12:10,4574.43
12/01/2026 12:15,4587.51
12/01/2026 12:20,4420.24
12/01/2026 12:25,4489.17
12/01/2026 12:30,4509.04
12/01/2026 12:35,4655.73
12/01/2026 12:40,4564.86
12/01/2026 12:45,4337.3
12/01/2026 12:50,4480.39
12/01/2026 12:55,4492.44
12/01/2026 13:00,4427.05
12/01/2026 13:05,4513.82
12/01/2026 13:10,4479.39
12/01/2026 13:15,4292.65
12/01/2026 13:20,4531.47
12/01/2026 13:25,4417.58
12/01/2026 13:30,4370.09
12/01/2026 13:35,4380.09
12/01/2026 13:40,4444.18
12/01/2026 13:45,4308.14
12/01/2026 13:50,4614.79
12/01/2026 13:55,4435.89
12/01/2026 14:00,4297.77
12/01/2026 14:05,4251.36
12/01/2026 14:10,4352.63
12/01/2026 14:15,4434.88
12/01/2026 14:20,4275.9
12/01/2026 14:25,4394.33
12/01/2026 14:30,4248.88
12/01/2026 14:35,4346.03
12/01/2026 14:40,4334.3
12/01/2026 14:45,4305.47
12/01/2026 14:50,4299.2
12/01/2026 14:55,4346.79
12/01/2026 15:00,4266.67
12/01/2026 15:05,4125.71
12/01/2026 15:10,4329.81
12/01/2026 15:15,4327.64
12/01/2026 15:20,4233.03
12/01/2026 15:25,4344.21
12/01/2026 15:30,4278.89
12/01/2026 15:35,4381.45
12/01/2026 15:40,4561.44
12/01/2026 15:45,4224.45
12/01/2026 15:50,4435.89
12/01/2026 15:55,4578.07
12/01/2026 16:00,4354.13
12/01/2026 16:05,4541.53
12/01/2026 16:10,4484.7
12/01/2026 16:15,4595.2
12/01/2026 16:20,4557.95
12/01/2026 16:25,4432.34
12/01/2026 16:30,4564.44
12/01/2026 16:35,4615.14
12/01/2026 16:40,4576.08
12/01/2026 16:45,4558.48
12/01/2026 16:50,4632.68
12/01/2026 16:55,4630.9
12/01/2026 17:00,4698.04
12/01/2026 17:05,4542.87
12/01/2026 17:10,4549.92
12/01/2026 17:15,4669.4
12/01/2026 17:20,4581.64
12/01/2026 17:25,4763.57
12/01/2026 17:30,4821.32
12/01/2026 17:35,4670.07
12/01/2026 17:40,4722.1
12/01/2026 17:45,4595.91
12/01/2026 17:50,4779.15
12/01/2026 17:55,4715.08
12/01/2026 18:00,4749.26
12/01/2026 18:05,4805.5
12/01/2026 18:10,4929.73
12/01/2026 18:15,5001.12
12/01/2026 18:20,4875.96
12/01/2026 18:25,4866.05
12/01/2026 18:30,5091.22
12/01/2026 18:35,5058.1
12/01/2026 18:40,5058.24
12/01/2026 18:45,5292.28
12/01/2026 18:50,5110.93
12/01/2026 18:55,4992.58
12/01/2026 19:00,5091.2
12/01/2026 19:05,5141.36
12/01/2026 19:10,5206.5
12/01/2026 19:15,5126.19
12/01/2026 19:20,5043.26
12/01/2026 19:25,5217.86
12/01/2026 19:30,5191.29
12/01/2026 19:35,5242.11
12/01/2026 19:40,5123.12
12/01/2026 19:45,5042.42
12/01/2026 19:50,5178.84
12/01/2026 19:55,5113.21
12/01/2026 20:00,5025.1
12/01/2026 20:05,5062.62
12/01/2026 20:10,5043.68
12/01/2026 20:15,4994.32
12/01/2026 20:20,5042.02
12/01/2026 20:25,5113.28
12/01/2026 20:30,4966.45
12/01/2026 20:35,5122.36
12/01/2026 20:40,4993.07
12/01/2026 20:45,4995.76
12/01/2026 20:50,5017.5
12/01/2026 20:55,4944.24
12/01/2026 21:00,4894.91
12/01/2026 21:05,4764.25
12/01/2026 21:10,4813.55
12/01/2026 21:15,4694.01
12/01/2026 21:20,4795.96
12/01/2026 21:25,4620.83
12/01/2026 21:30,4571.92
12/01/2026 21:35,4471.44
12/01/2026 21:40,4520.72
12/01/2026 21:45,4397.34
12/01/2026 21:50,4390.63
12/01/2026 21:55,4296.38
12/01/2026 22:00,4265.27
12/01/2026 22:05,4204.65
12/01/2026 22:10,4051.67
12/01/2026 22:15,4139.67
12/01/2026 22:20,3942.29
12/01/2026 22:25,3993.4
12/01/2026 22:30,3904.34
12/01/2026 22:35,3835.71
12/01/2026 22:40,3962.38
12/01/2026 22:45,3691.47
12/01/2026 22:50,3752.03
12/01/2026 22:55,3611.1
12/01/2026 23:00,3585.17
12/01/2026 23:05,3721.06
12/01/2026 23:10,3547.38
12/01/2026 23:15,3445.66
12/01/2026 23:20,3458.55
12/01/2026 23:25,3335.57
12/01/2026 23:30,3434.68
12/01/2026 23:35,3464.67
12/01/2026 23:40,3127.69
12/01/2026 23:45,3167.71
12/01/2026 23:50,3165.98
12/01/2026 23:55,3194.07
13/01/2026 00:00,3071.11
13/01/2026 00:05,3034.03
13/01/2026 00:10,2850.82
13/01/2026 00:15,3047.5
13/01/2026 00:20,2862.31
13/01/2026 00:25,2997.52
13/01/2026 00:30,2797.51
13/01/2026 00:35,2749.01
13/01/2026 00:40,2663.93
13/01/2026 00:45,2703.93
13/01/2026 00:50,2729.44
13/01/2026 00:55,2831.58
13/01/2026 01:00,2610.03
13/01/2026 01:05,2679.79
13/01/2026 01:10,2676.63
13/01/2026 01:15,2775.44
13/01/2026 01:20,2651.26
13/01/2026 01:25,2868.87
13/01/2026 01:30,2708.09
13/01/2026 01:35,2626.24
13/01/2026 01:40,2428.22
13/01/2026 01:45,2468.66
13/01/2026 01:50,2544.13
13/01/2026 01:55,2613.6
13/01/2026 02:00,2005.01
13/01/2026 02:05,2090.54
13/01/2026 02:10,2093.52
13/01/2026 02:15,2191.29
13/01/2026 02:20,2101.95
13/01/2026 02:25,2043.9
13/01/2026 02:30,2211.64
13/01/2026 02:35,1963.0
13/01/2026 02:40,2088.45
13/01/2026 02:45,1956.5
13/01/2026 02:50,1960.37
13/01/2026 02:55,2166.41
13/01/2026 03:00,2039.54
13/01/2026 03:05,2092.85
13/01/2026 03:10,1983.77
13/01/2026 03:15,2013.07
13/01/2026 03:20,2038.06
13/01/2026 03:25,1934.37
13/01/2026 03:30,2190.95
13/01/2026 03:35,2116.07
13/01/2026 03:40,2002.96
13/01/2026 03:45,2016.76
13/01/2026 03:50,2098.68
13/01/2026 03:55,1962.29
13/01/2026 04:00,1956.92
13/01/2026 04:05,1957.19
13/01/2026 04:10,2023.53
13/01/2026 04:15,2066.71
13/01/2026 04:20,1900.0
13/01/2026 04:25,2032.24
13/01/2026 04:30,2149.41
13/01/2026 04:35,2165.47
13/01/2026 04:40,1949.4
13/01/2026 04:45,2020.54
13/01/2026 04:50,2283.51
13/01/2026 04:55,1996.03
13/01/2026 05:00,2295.58
13/01/2026 05:05,2365.29
13/01/2026 05:10,2289.68
13/01/2026 05:15,2438.39
13/01/2026 05:20,2462.64
13/01/2026 05:25,2534.64
13/01/2026 05:30,2520.55
13/01/2026 05:35,2464.28
13/01/2026 05:40,2471.98
13/01/2026 05:45,2480.71
13/01/2026 05:50,2813.77
13/01/2026 05:55,2689.39
13/01/2026 06:00,2867.64
13/01/2026 06:05,3002.57
13/01/2026 06:10,2862.69
13/01/2026 06:15,3036.73
13/01/2026 06:20,2832.87
13/01/2026 06:25,2976.59
13/01/2026 06:30,3086.02
13/01/2026 06:35,3208.59
13/01/2026 06:40,3100.77
13/01/2026 06:45,2984.19
13/01/2026 06:50,3150.77
13/01/2026 06:55,3219.77
13/01/2026 07:00,3366.16
13/01/2026 07:05,3252.75
13/01/2026 07:10,3438.73
13/01/2026 07:15,3477.46
13/01/2026 07:20,3387.77
13/01/2026 07:25,3563.94
13/01/2026 07:30,3558.79
13/01/2026 07:35,3517.82
13/01/2026 07:40,3764.51
13/01/2026 07:45,3690.97
13/01/2026 07:50,3897.93
13/01/2026 07:55,3813.21
13/01/2026 08:00,3923.46
13/01/2026 08:05,4045.26
13/01/2026 08:10,4070.77
13/01/2026 08:15,4193.86
13/01/2026 08:20,4148.79
13/01/2026 08:25,4181.65
13/01/2026 08:30,4232.01
13/01/2026 08:35,4315.79
13/01/2026 08:40,4564.01
13/01/2026 08:45,4580.07
13/01/2026 08:50,4470.78
13/01/2026 08:55,4667.69
13/01/2026 09:00,4729.73
13/01/2026 09:05,4799.38
13/01/2026 09:10,4805.62
13/01/2026 09:15,4839.62
13/01/2026 09:20,4809.81
13/01/2026 09:25,4806.41
13/01/2026 09:30,4803.58
13/01/2026 09:35,4956.99
13/01/2026 09:40,4889.85
13/01/2026 09:45,4842.93
13/01/2026 09:50,5008.32
13/01/2026 09:55,5114.44
13/01/2026 10:00,4924.57
13/01/2026 10:05,5021.04
13/01/2026 10:10,5145.97
13/01/2026 10:15,5103.76
13/01/2026 10:20,4964.11
13/01/2026 10:25,4998.78
13/01/2026 10:30,5002.95
13/01/2026 10:35,5204.8
13/01/2026 10:40,5160.63
13/01/2026 10:45,5194.57
13/01/2026 10:50,5105.48
13/01/2026 10:55,4964.73
13/01/2026 11:00,5035.46
13/01/2026 11:05,4986.32
13/01/2026 11:10,4991.37
13/01/2026 11:15,4833.21
13/01/2026 11:20,4871.49
13/01/2026 11:25,4976.85
13/01/2026 11:30,4860.59
13/01/2026 11:35,4934.44
13/01/2026 11:40,4819.23
13/01/2026 11:45,4700.69
13/01/2026 11:50,4653.83
13/01/2026 11:55,4726.85
13/01/2026 12:00,4504.03
13/01/2026 12:05,4536.14
13/01/2026 12:10,4567.99
13/01/2026 12:15,4687.96
13/01/2026 12:20,4452.38
13/01/2026 12:25,4523.13
13/01/2026 12:30,4479.08
13/01/2026 12:35,4459.76
13/01/2026 12:40,4543.55
13/01/2026 12:45,4570.13
13/01/2026 12:50,4460.93
13/01/2026 12:55,4423.24
13/01/2026 13:00,4418.33
13/01/2026 13:05,4557.96
13/01/2026 13:10,4510.1
13/01/2026 13:15,4404.87
13/01/2026 13:20,4574.92
13/01/2026 13:25,4447.69
13/01/2026 13:30,4457.83
13/01/2026 13:35,4295.34
13/01/2026 13:40,4168.26
13/01/2026 13:45,4407.66
13/01/2026 13:50,4381.02
13/01/2026 13:55,4306.43
13/01/2026 14:00,4323.07
13/01/2026 14:05,4130.92
13/01/2026 14:10,4413.58
13/01/2026 14:15,4181.14
13/01/2026 14:20,4425.68
13/01/2026 14:25,4360.22
13/01/2026 14:30,4133.93
13/01/2026 14:35,4326.39
13/01/2026 14:40,4243.74
13/01/2026 14:45,4338.64
13/01/2026 14:50,4330.63
13/01/2026 14:55,4354.79
13/01/2026 15:00,4128.31
13/01/2026 15:05,4326.3
13/01/2026 15:10,4266.52
13/01/2026 15:15,4270.03
13/01/2026 15:20,4348.69
13/01/2026 15:25,4327.36
13/01/2026 15:30,4496.42
13/01/2026 15:35,4226.35
13/01/2026 15:40,4334.91
13/01/2026 15:45,4386.23
13/01/2026 15:50,4302.11
13/01/2026 15:55,4477.13
13/01/2026 16:00,4299.57
13/01/2026 16:05,4417.37
13/01/2026 16:10,4603.14
13/01/2026 16:15,4611.96
13/01/2026 16:20,4553.03
13/01/2026 16:25,4469.3
13/01/2026 16:30,4568.78
13/01/2026 16:35,4545.13
13/01/2026 16:40,4666.67
13/01/2026 16:45,4542.3
13/01/2026 16:50,4572.87
13/01/2026 16:55,4681.99
13/01/2026 17:00,4487.84
13/01/2026 17:05,4647.2
13/01/2026 17:10,4571.6
13/01/2026 17:15,4693.61
13/01/2026 17:20,4840.78
13/01/2026 17:25,4722.89
13/01/2026 17:30,4680.18
13/01/2026 17:35,4843.0
13/01/2026 17:40,4778.21
13/01/2026 17:45,4867.67
13/01/2026 17:50,4772.81
13/01/2026 17:55,4783.47
13/01/2026 18:00,4962.66
13/01/2026 18:05,4961.11
13/01/2026 18:10,4801.05
13/01/2026 18:15,4920.93
13/01/2026 18:20,5072.79
13/01/2026 18:25,5024.74
13/01/2026 18:30,5030.21
13/01/2026 18:35,5027.11
13/01/2026 18:40,5027.37
13/01/2026 18:45,5065.31
13/01/2026 18:50,5088.47
13/01/2026 18:55,5140.94
13/01/2026 19:00,5215.21
13/01/2026 19:05,5170.49
13/01/2026 19:10,5028.9
13/01/2026 19:15,5147.24
13/01/2026 19:20,5202.19
13/01/2026 19:25,5340.31
13/01/2026 19:30,5083.14
13/01/2026 19:35,5314.06
13/01/2026 19:40,5177.85
13/01/2026 19:45,5076.24
13/01/2026 19:50,5169.18
13/01/2026 19:55,5046.2
13/01/2026 20:00,5097.25
13/01/2026 20:05,5161.29
13/01/2026 20:10,5235.87
13/01/2026 20:15,4994.42
13/01/2026 20:20,5161.47
13/01/2026 20:25,4945.16
13/01/2026 20:30,5080.66
13/01/2026 20:35,4944.1
13/01/2026 20:40,5064.33
13/01/2026 20:45,4969.35
13/01/2026 20:50,5003.15
13/01/2026 20:55,4851.59
13/01/2026 21:00,4947.86
13/01/2026 21:05,4758.28
13/01/2026 21:10,4737.34
13/01/2026 21:15,4653.47
13/01/2026 21:20,4624.46
13/01/2026 21:25,4531.92
13/01/2026 21:30,4403.03
13/01/2026 21:35,4597.24
13/01/2026 21:40,4441.42
13/01/2026 21:45,4305.84
13/01/2026 21:50,4350.8
13/01/2026 21:55,4461.33
13/01/2026 22:00,4068.9
13/01/2026 22:05,4192.53
13/01/2026 22:10,4214.67
13/01/2026 22:15,4194.34
13/01/2026 22:20,4213.36
13/01/2026 22:25,4003.44
13/01/2026 22:30,3990.84
13/01/2026 22:35,3694.78
13/01/2026 22:40,3878.2
13/01/2026 22:45,3779.2
13/01/2026 22:50,3777.31
13/01/2026 22:55,3668.44
13/01/2026 23:00,3673.16
13/01/2026 23:05,3542.42
13/01/2026 23:10,3664.96
13/01/2026 23:15,3530.11
13/01/2026 23:20,3405.09
13/01/2026 23:25,3373.79
13/01/2026 23:30,3447.28
13/01/2026 23:35,3238.6
13/01/2026 23:40,3247.97
13/01/2026 23:45,3126.89
13/01/2026 23:50,3236.0
13/01/2026 23:55,3206.8
14/01/2026 00:00,3103.77
14/01/2026 00:05,3037.37
14/01/2026 00:10,2847.88
14/01/2026 00:15,2839.81
14/01/2026 00:20,2902.63
14/01/2026 00:25,2951.26
14/01/2026 00:30,2936.28
14/01/2026 00:35,2886.18
14/01/2026 00:40,2739.47
14/01/2026 00:45,2888.28
14/01/2026 00:50,2896.15
14/01/2026 00:55,2951.98
14/01/2026 01:00,2727.31
14/01/2026 01:05,2670.99
14/01/2026 01:10,2626.67
14/01/2026 01:15,2619.96
14/01/2026 01:20,2754.19
14/01/2026 01:25,2499.2
14/01/2026 01:30,2468.8
14/01/2026 01:35,2675.84
14/01/2026 01:40,2456.65
14/01/2026 01:45,2588.94
14/01/2026 01:50,2461.99
14/01/2026 01:55,2433.18
14/01/2026 02:00,2088.1
14/01/2026 02:05,2014.92
14/01/2026 02:10,1946.14
14/01/2026 02:15,1999.75
14/01/2026 02:20,2109.43
14/01/2026 02:25,2061.65
14/01/2026 02:30,2015.92
14/01/2026 02:35,2026.77
14/01/2026 02:40,2092.57
14/01/2026 02:45,2065.95
14/01/2026 02:50,2130.25
14/01/2026 02:55,2052.51
14/01/2026 03:00,1900.0
14/01/2026 03:05,2177.55
14/01/2026 03:10,1900.0
14/01/2026 03:15,2152.0
14/01/2026 03:20,2045.15
14/01/2026 03:25,2088.98
14/01/2026 03:30,2074.92
14/01/2026 03:35,2030.43
14/01/2026 03:40,2072.92
14/01/2026 03:45,2161.29
14/01/2026 03:50,2038.94
14/01/2026 03:55,2057.38
14/01/2026 04:00,2067.91
14/01/2026 04:05,1952.27
14/01/2026 04:10,2261.41
14/01/2026 04:15,2000.51
14/01/2026 04:20,2049.09
14/01/2026 04:25,2102.71
14/01/2026 04:30,2056.5
14/01/2026 04:35,2098.93
14/01/2026 04:40,1946.05
14/01/2026 04:45,1990.17
14/01/2026 04:50,1945.96
14/01/2026 04:55,2171.88
14/01/2026 05:00,2145.75
14/01/2026 05:05,2262.65
14/01/2026 05:10,2369.05
14/01/2026 05:15,2251.72
14/01/2026 05:20,2560.9
14/01/2026 05:25,2410.15
14/01/2026 05:30,2469.05
14/01/2026 05:35,2355.74
14/01/2026 05:40,2602.36
14/01/2026 05:45,2735.75
14/01/2026 05:50,2703.46
14/01/2026 05:55,2798.06
14/01/2026 06:00,2809.41
14/01/2026 06:05,2812.03
14/01/2026 06:10,2922.33
14/01/2026 06:15,2955.61
14/01/2026 06:20,3076.71
14/01/2026 06:25,2970.03
14/01/2026 06:30,3108.84
14/01/2026 06:35,3127.54
14/01/2026 06:40,3145.93
14/01/2026 06:45,3138.74
14/01/2026 06:50,3240.4
14/01/2026 06:55,3251.63
14/01/2026 07:00,3188.63
14/01/2026 07:05,3330.38
14/01/2026 07:10,3404.97
14/01/2026 07:15,3448.4
14/01/2026 07:20,3388.27
14/01/2026 07:25,3654.14
14/01/2026 07:30,3618.31
14/01/2026 07:35,3655.07
14/01/2026 07:40,3662.69
14/01/2026 07:45,3727.69
14/01/2026 07:50,3760.64
14/01/2026 07:55,3809.87
14/01/2026 08:00,4010.29
14/01/2026 08:05,3981.32
14/01/2026 08:10,4162.58
14/01/2026 08:15,4103.04
14/01/2026 08:20,4234.26
14/01/2026 08:25,4261.29
14/01/2026 08:30,4240.13
14/01/2026 08:35,4350.32
14/01/2026 08:40,4302.65
14/01/2026 08:45,4438.66
14/01/2026 08:50,4674.86
14/01/2026 08:55,4696.37
14/01/2026 09:00,4630.42
14/01/2026 09:05,4736.22
14/01/2026 09:10,4666.45
14/01/2026 09:15,4740.75
14/01/2026 09:20,4894.66
14/01/2026 09:25,4926.46
14/01/2026 09:30,4817.32
14/01/2026 09:35,4740.79
14/01/2026 09:40,4841.47
14/01/2026 09:45,5132.44
14/01/2026 09:50,4911.7
14/01/2026 09:55,5070.33
14/01/2026 10:00,5024.05
14/01/2026 10:05,4914.66
14/01/2026 10:10,4947.92
14/01/2026 10:15,4856.19
14/01/2026 10:20,5033.41
14/01/2026 10:25,5017.46
14/01/2026 10:30,4874.87
14/01/2026 10:35,5050.51
14/01/2026 10:40,5143.22
14/01/2026 10:45,5100.53
14/01/2026 10:50,4989.55
14/01/2026 10:55,5022.05
14/01/2026 11:00,4840.11
14/01/2026 11:05,4974.23
14/01/2026 11:10,5010.82
14/01/2026 11:15,4843.95
14/01/2026 11:20,4862.18
14/01/2026 11:25,4962.19
14/01/2026 11:30,4909.83
14/01/2026 11:35,4805.11
14/01/2026 11:40,4713.12
14/01/2026 11:45,4757.91
14/01/2026 11:50,4741.52
14/01/2026 11:55,4661.84
14/01/2026 12:00,4635.07
14/01/2026 12:05,4541.81
14/01/2026 12:10,4560.34
14/01/2026 12:15,4481.94
14/01/2026 12:20,4594.03
14/01/2026 12:25,4456.2
14/01/2026 12:30,4488.37
14/01/2026 12:35,4501.12
14/01/2026 12:40,4515.8
14/01/2026 12:45,4457.76
14/01/2026 12:50,4414.06
14/01/2026 12:55,4420.97
14/01/2026 13:00,4477.78
14/01/2026 13:05,4423.1
14/01/2026 13:10,4571.19
14/01/2026 13:15,4292.46
14/01/2026 13:20,4325.54
14/01/2026 13:25,4365.51
14/01/2026 13:30,4378.57
14/01/2026 13:35,4329.1
14/01/2026 13:40,4296.62
14/01/2026 13:45,4319.83
14/01/2026 13:50,4302.4
14/01/2026 13:55,4321.11
14/01/2026 14:00,4186.55
14/01/2026 14:05,4407.74
14/01/2026 14:10,4276.64
14/01/2026 14:15,4274.58
14/01/2026 14:20,4298.25
14/01/2026 14:25,4290.46
14/01/2026 14:30,4231.09
14/01/2026 14:35,4260.83
14/01/2026 14:40,4243.65
14/01/2026 14:45,4305.25
14/01/2026 14:50,4318.5
14/01/2026 14:55,4249.92
14/01/2026 15:00,4238.89
14/01/2026 15:05,4192.01
14/01/2026 15:10,4176.28
14/01/2026 15:15,4313.09
14/01/2026 15:20,4186.53
14/01/2026 15:25,4347.61
14/01/2026 15:30,4396.88
14/01/2026 15:35,4411.69
14/01/2026 15:40,4356.55
14/01/2026 15:45,4488.21
14/01/2026 15:50,4364.73
14/01/2026 15:55,4378.94
14/01/2026 16:00,4294.29
14/01/2026 16:05,4479.16
14/01/2026 16:10,4416.49
14/01/2026 16:15,4539.84
14/01/2026 16:20,4442.92
14/01/2026 16:25,4497.56
14/01/2026 16:30,4606.37
14/01/2026 16:35,4416.38
14/01/2026 16:40,4586.69
14/01/2026 16:45,4567.96
14/01/2026 16:50,4755.07
14/01/2026 16:55,4545.96
14/01/2026 17:00,4581.45
14/01/2026 17:05,4564.42
14/01/2026 17:10,4626.94
14/01/2026 17:15,4817.46
14/01/2026 17:20,4578.23
14/01/2026 17:25,4814.88
14/01/2026 17:30,4741.36
14/01/2026 17:35,4678.1
14/01/2026 17:40,4746.55
14/01/2026 17:45,4745.44
14/01/2026 17:50,4879.37
14/01/2026 17:55,4818.61
14/01/2026 18:00,5123.67
14/01/2026 18:05,4888.67
14/01/2026 18:10,4913.5
14/01/2026 18:15,4864.54
14/01/2026 18:20,5056.01
14/01/2026 18:25,4895.12
14/01/2026 18:30,5067.4
14/01/2026 18:35,5086.11
14/01/2026 18:40,5008.33
14/01/2026 18:45,4978.14
14/01/2026 18:50,5103.84
14/01/2026 18:55,5134.86
14/01/2026 19:00,4980.46
14/01/2026 19:05,5084.01
14/01/2026 19:10,5252.56
14/01/2026 19:15,4959.45
14/01/2026 19:20,5091.55
14/01/2026 19:25,5225.48
14/01/2026 19:30,5089.33
14/01/2026 19:35,5098.74
14/01/2026 19:40,5154.96
14/01/2026 19:45,5185.01
14/01/2026 19:50,5028.25
14/01/2026 19:55,5098.74
14/01/2026 20:00,5030.08
14/01/2026 20:05,5039.75
14/01/2026 20:10,5025.14
14/01/2026 20:15,5109.94
14/01/2026 20:20,4973.43
14/01/2026 20:25,4951.29
14/01/2026 20:30,5076.23
14/01/2026 20:35,5081.09
14/01/2026 20:40,4883.85
14/01/2026 20:45,4903.37
14/01/2026 20:50,4888.69
14/01/2026 20:55,4803.92
14/01/2026 21:00,4772.36
14/01/2026 21:05,4791.73
14/01/2026 21:10,4726.95
14/01/2026 21:15,4673.5
14/01/2026 21:20,4699.49
14/01/2026 21:25,4598.0
14/01/2026 21:30,4620.57
14/01/2026 21:35,4412.71
14/01/2026 21:40,4504.57
14/01/2026 21:45,4323.21
14/01/2026 21:50,4294.79
14/01/2026 21:55,4227.35
14/01/2026 22:00,4226.48
14/01/2026 22:05,4320.68
14/01/2026 22:10,4205.36
14/01/2026 22:15,4095.17
14/01/2026 22:20,3998.32
14/01/2026 22:25,4050.15
14/01/2026 22:30,3843.37
14/01/2026 22:35,3970.08
14/01/2026 22:40,3851.28
14/01/2026 22:45,3757.09
14/01/2026 22:50,3732.96
14/01/2026 22:55,3796.45
14/01/2026 23:00,3599.15
14/01/2026 23:05,3615.17
14/01/2026 23:10,3597.29
14/01/2026 23:15,3498.99
14/01/2026 23:20,3349.36
14/01/2026 23:25,3529.64
14/01/2026 23:30,3488.6
14/01/2026 23:35,3395.18
14/01/2026 23:40,3291.4
14/01/2026 23:45,3189.23
14/01/2026 23:50,3111.97
14/01/2026 23:55,3151.65
15/01/2026 00:00,3028.02
15/01/2026 00:05,3134.35
15/01/2026 00:10,3112.75
15/01/2026 00:15,3066.15
15/01/2026 00:20,2884.78
15/01/2026 00:25,2857.54
15/01/2026 00:30,3097.76
15/01/2026 00:35,2914.79
15/01/2026 00:40,2901.27
15/01/2026 00:45,2821.66
15/01/2026 00:50,2839.19
15/01/2026 00:55,2700.02
15/01/2026 01:00,2813.37
15/01/2026 01:05,2727.3
15/01/2026 01:10,2703.62
15/01/2026 01:15,2753.99
15/01/2026 01:20,2674.93
15/01/2026 01:25,2743.47
15/01/2026 01:30,2637.72
15/01/2026 01:35,2567.62
15/01/2026 01:40,2606.53
15/01/2026 01:45,2396.4
15/01/2026 01:50,2641.9
15/01/2026 01:55,2317.43
15/01/2026 02:00,1900.0
15/01/2026 02:05,2027.34
15/01/2026 02:10,1992.92
15/01/2026 02:15,2105.67
15/01/2026 02:20,1900.0
15/01/2026 02:25,2146.72
15/01/2026 02:30,2052.87
15/01/2026 02:35,1904.88
15/01/2026 02:40,2050.77
15/01/2026 02:45,2087.93
15/01/2026 02:50,2035.63
15/01/2026 02:55,2127.19
15/01/2026 03:00,1977.87
15/01/2026 03:05,2079.05
15/01/2026 03:10,1979.64
15/01/2026 03:15,2215.97
15/01/2026 03:20,2068.67
15/01/2026 03:25,2043.51
15/01/2026 03:30,2084.14
15/01/2026 03:35,1900.36
15/01/2026 03:40,2138.97
15/01/2026 03:45,2075.26
15/01/2026 03:50,1952.73
15/01/2026 03:55,1900.0
15/01/2026 04:00,2100.82
15/01/2026 04:05,2197.23
15/01/2026 04:10,1950.45
15/01/2026 04:15,1900.0
15/01/2026 04:20,1900.0
15/01/2026 04:25,2006.36
15/01/2026 04:30,1998.38
15/01/2026 04:35,1940.47
15/01/2026 04:40,2103.53
15/01/2026 04:45,1966.24
15/01/2026 04:50,1992.28
15/01/2026 04:55,1943.03
15/01/2026 05:00,2319.21
15/01/2026 05:05,2303.11
15/01/2026 05:10,2322.99
15/01/2026 05:15,2397.89
15/01/2026 05:20,2450.22
15/01/2026 05:25,2340.63
15/01/2026 05:30,2591.79
15/01/2026 05:35,2483.88
15/01/2026 05:40,2616.29
15/01/2026 05:45,2556.5
15/01/2026 05:50,2696.28
15/01/2026 05:55,2685.24
15/01/2026 06:00,2877.89
15/01/2026 06:05,2845.45
15/01/2026 06:10,2791.02
15/01/2026 06:15,2880.73
15/01/2026 06:20,2917.5
15/01/2026 06:25,2955.15
15/01/2026 06:30,3068.1
15/01/2026 06:35,3115.51
15/01/2026 06:40,3024.85
15/01/2026 06:45,3034.27
15/01/2026 06:50,3226.72
15/01/2026 06:55,3187.89
15/01/2026 07:00,3234.94
15/01/2026 07:05,3441.96
15/01/2026 07:10,3415.66
15/01/2026 07:15,3411.52
15/01/2026 07:20,3343.9
15/01/2026 07:25,3591.02
15/01/2026 07:30,3567.5
15/01/2026 07:35,3702.51
15/01/2026 07:40,3697.37
15/01/2026 07:45,3717.16
15/01/2026 07:50,3901.81
15/01/2026 07:55,3864.02
15/01/2026 08:00,3913.82
15/01/2026 08:05,4016.69
15/01/2026 08:10,4031.51
15/01/2026 08:15,4125.13
15/01/2026 08:20,4139.56
15/01/2026 08:25,4188.8
15/01/2026 08:30,4225.24
15/01/2026 08:35,4334.54
15/01/2026 08:40,4535.08
15/01/2026 08:45,4470.51
15/01/2026 08:50,4552.17
15/01/2026 08:55,4592.74
15/01/2026 09:00,4658.96
15/01/2026 09:05,4673.36
15/01/2026 09:10,4851.52
15/01/2026 09:15,4708.59
15/01/2026 09:20,4753.34
15/01/2026 09:25,4869.41
15/01/2026 09:30,4704.46
15/01/2026 09:35,4938.83
15/01/2026 09:40,5076.64
15/01/2026 09:45,4848.95
15/01/2026 09:50,4916.36
15/01/2026 09:55,5023.88
15/01/2026 10:00,4988.93
15/01/2026 10:05,4855.33
15/01/2026 10:10,4844.7
15/01/2026 10:15,5043.17
15/01/2026 10:20,4827.75
15/01/2026 10:25,5111.25
15/01/2026 10:30,5180.87
15/01/2026 10:35,5056.42
15/01/2026 10:40,5240.61
15/01/2026 10:45,5013.17
15/01/2026 10:50,5093.25
15/01/2026 10:55,5183.6
15/01/2026 11:00,4946.14
15/01/2026 11:05,4993.25
15/01/2026 11:10,4957.52
15/01/2026 11:15,4948.21
15/01/2026 11:20,5008.71
15/01/2026 11:25,4948.38
15/01/2026 11:30,4793.61
15/01/2026 11:35,4830.11
15/01/2026 11:40,4822.37
15/01/2026 11:45,4771.98
15/01/2026 11:50,4718.63
15/01/2026 11:55,4630.77
15/01/2026 12:00,4508.22
15/01/2026 12:05,4568.38
15/01/2026 12:10,4488.85
15/01/2026 12:15,4556.27
15/01/2026 12:20,4485.62
15/01/2026 12:25,4624.74
15/01/2026 12:30,4684.59
15/01/2026 12:35,4449.27
15/01/2026 12:40,4420.35
15/01/2026 12:45,4469.19
15/01/2026 12:50,4259.03
15/01/2026 12:55,4463.12
15/01/2026 13:00,4527.83
15/01/2026 13:05,4434.78
15/01/2026 13:10,4441.25
15/01/2026 13:15,4473.31
15/01/2026 13:20,4443.47
15/01/2026 13:25,4424.52
15/01/2026 13:30,4430.44
15/01/2026 13:35,4429.64
15/01/2026 13:40,4392.61
15/01/2026 13:45,4276.97
15/01/2026 13:50,4253.73
15/01/2026 13:55,4413.63
15/01/2026 14:00,4359.63
15/01/2026 14:05,4378.67
15/01/2026 14:10,4337.91
15/01/2026 14:15,4306.83
15/01/2026 14:20,4227.24
15/01/2026 14:25,4287.13
15/01/2026 14:30,4322.71
15/01/2026 14:35,4338.81
15/01/2026 14:40,4300.95
15/01/2026 14:45,4176.28
15/01/2026 14:50,4196.14
15/01/2026 14:55,4295.13
15/01/2026 15:00,4156.36
15/01/2026 15:05,4195.32
15/01/2026 15:10,4135.01
15/01/2026 15:15,4241.67
15/01/2026 15:20,4264.25
15/01/2026 15:25,4349.73
15/01/2026 15:30,4467.98
15/01/2026 15:35,4382.27
15/01/2026 15:40,4443.18
15/01/2026 15:45,4277.16
15/01/2026 15:50,4555.92
15/01/2026 15:55,4448.4
15/01/2026 16:00,4465.6
15/01/2026 16:05,4370.98
15/01/2026 16:10,4480.4
15/01/2026 16:15,4578.54
15/01/2026 16:20,4633.99
15/01/2026 16:25,4658.05
15/01/2026 16:30,4342.31
15/01/2026 16:35,4519.04
15/01/2026 16:40,4664.61
15/01/2026 16:45,4647.31
15/01/2026 16:50,4648.88
15/01/2026 16:55,4705.92
15/01/2026 17:00,4618.94
15/01/2026 17:05,4788.56
15/01/2026 17:10,4696.57
15/01/2026 17:15,4622.01
15/01/2026 17:20,4661.63
15/01/2026 17:25,4632.6
15/01/2026 17:30,4744.89
15/01/2026 17:35,4807.74
15/01/2026 17:40,4845.6
15/01/2026 17:45,4787.57
15/01/2026 17:50,4718.46
15/01/2026 17:55,4820.28
15/01/2026 18:00,4844.9
15/01/2026 18:05,4995.34
15/01/2026 18:10,4975.85
15/01/2026 18:15,5024.69
15/01/2026 18:20,4875.1
15/01/2026 18:25,4931.54
15/01/2026 18:30,5078.76
15/01/2026 18:35,5057.12
15/01/2026 18:40,5041.16
15/01/2026 18:45,4892.31
15/01/2026 18:50,5151.45
15/01/2026 18:55,5030.31
15/01/2026 19:00,5066.33
15/01/2026 19:05,5105.6
15/01/2026 19:10,5119.16
15/01/2026 19:15,5117.37
15/01/2026 19:20,5106.69
15/01/2026 19:25,5056.94
15/01/2026 19:30,5167.17
15/01/2026 19:35,5077.37
15/01/2026 19:40,5156.12
15/01/2026 19:45,5213.53
15/01/2026 19:50,5037.94
15/01/2026 19:55,5145.64
15/01/2026 20:00,5048.88
15/01/2026 20:05,5121.46
15/01/2026 20:10,5127.08
15/01/2026 20:15,5109.14
15/01/2026 20:20,5090.42
15/01/2026 20:25,4907.73
15/01/2026 20:30,5077.1
15/01/2026 20:35,4908.36
15/01/2026 20:40,5032.58
15/01/2026 20:45,4927.74
15/01/2026 20:50,4935.5
15/01/2026 20:55,5028.35
15/01/2026 21:00,4987.96
15/01/2026 21:05,4783.8
15/01/2026 21:10,4805.17
15/01/2026 21:15,4690.29
15/01/2026 21:20,4622.92
15/01/2026 21:25,4386.44
15/01/2026 21:30,4470.82
15/01/2026 21:35,4431.25
15/01/2026 21:40,4463.87
15/01/2026 21:45,4413.39
15/01/2026 21:50,4265.86
15/01/2026 21:55,4220.28
15/01/2026 22:00,4193.25
15/01/2026 22:05,4078.86
15/01/2026 22:10,4126.48
15/01/2026 22:15,4126.78
15/01/2026 22:20,4242.92
15/01/2026 22:25,3925.01
15/01/2026 22:30,3974.06
15/01/2026 22:35,3860.51
15/01/2026 22:40,3834.99
15/01/2026 22:45,3747.48
15/01/2026 22:50,3851.56
15/01/2026 22:55,3611.0
15/01/2026 23:00,3666.26
15/01/2026 23:05,3582.38
15/01/2026 23:10,3512.84
15/01/2026 23:15,3595.77
15/01/2026 23:20,3472.94
15/01/2026 23:25,3295.58
15/01/2026 23:30,3220.62
15/01/2026 23:35,3403.52
15/01/2026 23:40,3299.38
15/01/2026 23:45,3204.93
15/01/2026 23:50,3079.95
15/01/2026 23:55,3308.73
16/01/2026 00:00,2964.6
16/01/2026 00:05,2970.52
16/01/2026 00:10,2990.23
16/01/2026 00:15,2944.47
16/01/2026 00:20,3009.38
16/01/2026 00:25,2864.94
16/01/2026 00:30,3066.6
16/01/2026 00:35,2927.29
16/01/2026 00:40,2987.72
16/01/2026 00:45,2878.48
16/01/2026 00:50,2792.61
16/01/2026 00:55,2682.73
16/01/2026 01:00,2684.95
16/01/2026 01:05,2791.1
16/01/2026 01:10,2700.29
16/01/2026 01:15,2766.54
16/01/2026 01:20,2601.62
16/01/2026 01:25,2551.8
16/01/2026 01:30,2674.36
16/01/2026 01:35,2571.31
16/01/2026 01:40,2464.2
16/01/2026 01:45,2612.62
16/01/2026 01:50,2537.55
16/01/2026 01:55,2473.1
16/01/2026 02:00,2179.3
16/01/2026 02:05,1950.34
16/01/2026 02:10,1991.32
16/01/2026 02:15,2130.69
16/01/2026 02:20,2000.55
16/01/2026 02:25,2060.11
16/01/2026 02:30,2101.21
16/01/2026 02:35,2100.61
16/01/2026 02:40,2088.73
16/01/2026 02:45,1900.0
16/01/2026 02:50,2021.64
16/01/2026 02:55,1906.74
16/01/2026 03:00,1954.21
16/01/2026 03:05,2059.05
16/01/2026 03:10,1961.76
16/01/2026 03:15,2049.19
16/01/2026 03:20,2214.64
16/01/2026 03:25,2196.55
16/01/2026 03:30,2039.48
16/01/2026 03:35,2103.43
16/01/2026 03:40,2079.65
16/01/2026 03:45,2093.49
16/01/2026 03:50,2109.87
16/01/2026 03:55,1965.66
16/01/2026 04:00,2138.57
16/01/2026 04:05,2040.42
16/01/2026 04:10,1992.73
16/01/2026 04:15,2020.4
16/01/2026 04:20,2028.02
16/01/2026 04:25,2017.0
16/01/2026 04:30,2153.86
16/01/2026 04:35,2037.78
16/01/2026 04:40,1929.15
16/01/2026 04:45,2099.6
16/01/2026 04:50,2089.15
16/01/2026 04:55,1900.0
16/01/2026 05:00,2259.7
16/01/2026 05:05,2342.39
16/01/2026 05:10,2407.74
16/01/2026 05:15,2538.14
16/01/2026 05:20,2368.8
16/01/2026 05:25,2337.82
16/01/2026 05:30,2382.03
16/01/2026 05:35,2595.8
16/01/2026 05:40,2451.93
16/01/2026 05:45,2530.5
16/01/2026 05:50,2685.9
16/01/2026 05:55,2628.47
16/01/2026 06:00,2830.71
16/01/2026 06:05,2718.45
16/01/2026 06:10,2860.98
16/01/2026 06:15,2901.69
16/01/2026 06:20,2890.03
16/01/2026 06:25,2841.38
16/01/2026 06:30,3000.64
16/01/2026 06:35,3035.38
16/01/2026 06:40,3132.64
16/01/2026 06:45,3001.79
16/01/2026 06:50,3114.57
16/01/2026 06:55,3155.69
16/01/2026 07:00,3406.95
16/01/2026 07:05,3193.71
16/01/2026 07:10,3358.87
16/01/2026 07:15,3504.84
16/01/2026 07:20,3510.59
16/01/2026 07:25,3522.56
16/01/2026 07:30,3461.88
16/01/2026 07:35,3669.95
16/01/2026 07:40,3759.75
16/01/2026 07:45,3784.92
16/01/2026 07:50,3787.01
16/01/2026 07:55,4025.52
16/01/2026 08:00,3993.46
16/01/2026 08:05,3936.35
16/01/2026 08:10,4058.76
16/01/2026 08:15,4167.94
16/01/2026 08:20,4171.27
16/01/2026 08:25,4201.04
16/01/2026 08:30,4257.8
16/01/2026 08:35,4445.16
16/01/2026 08:40,4386.64
16/01/2026 08:45,4523.99
16/01/2026 08:50,4617.78
16/01/2026 08:55,4586.97
16/01/2026 09:00,4647.2
16/01/2026 09:05,4811.22
16/01/2026 09:10,4721.14
16/01/2026 09:15,4688.78
16/01/2026 09:20,4872.45
16/01/2026 09:25,4765.78
16/01/2026 09:30,4765.79
16/01/2026 09:35,5011.89
16/01/2026 09:40,4823.39
16/01/2026 09:45,4863.77
16/01/2026 09:50,5009.84
16/01/2026 09:55,4987.83
16/01/2026 10:00,4935.83
16/01/2026 10:05,5069.62
16/01/2026 10:10,5050.64
16/01/2026 10:15,4966.12
16/01/2026 10:20,5159.41
16/01/2026 10:25,5147.55
16/01/2026 10:30,4997.8
16/01/2026 10:35,5070.36
16/01/2026 10:40,5123.15
16/01/2026 10:45,5151.51
16/01/2026 10:50,4876.64
16/01/2026 10:55,5055.04
16/01/2026 11:00,4994.24
16/01/2026 11:05,4967.05
16/01/2026 11:10,4968.56
16/01/2026 11:15,4794.46
16/01/2026 11:20,4901.92
16/01/2026 11:25,4731.31
16/01/2026 11:30,4759.62
16/01/2026 11:35,4733.49
16/01/2026 11:40,4767.76
16/01/2026 11:45,4540.84
16/01/2026 11:50,4809.04
16/01/2026 11:55,4713.34
16/01/2026 12:00,4548.85
16/01/2026 12:05,4468.2
16/01/2026 12:10,4580.59
16/01/2026 12:15,4531.35
16/01/2026 12:20,4551.69
16/01/2026 12:25,4501.84
16/01/2026 12:30,4377.59
16/01/2026 12:35,4556.37
16/01/2026 12:40,4500.83
16/01/2026 12:45,4335.63
16/01/2026 12:50,4316.1
16/01/2026 12:55,4456.97
16/01/2026 13:00,4579.23
16/01/2026 13:05,4489.37
16/01/2026 13:10,4488.95
16/01/2026 13:15,4549.98
16/01/2026 13:20,4355.5
16/01/2026 13:25,4397.99
16/01/2026 13:30,4307.04
16/01/2026 13:35,4342.48
16/01/2026 13:40,4334.53
16/01/2026 13:45,4383.17
16/01/2026 13:50,4430.5
16/01/2026 13:55,4411.67
16/01/2026 14:00,4440.31
16/01/2026 14:05,4215.26
16/01/2026 14:10,4284.07
16/01/2026 14:15,4298.69
16/01/2026 14:20,4327.97
16/01/2026 14:25,4277.25
16/01/2026 14:30,4309.58
16/01/2026 14:35,4254.7
16/01/2026 14:40,4235.81
16/01/2026 14:45,4365.34
16/01/2026 14:50,4205.56
16/01/2026 14:55,4121.65
16/01/2026 15:00,4284.13
16/01/2026 15:05,4249.02
16/01/2026 15:10,4272.41
16/01/2026 15:15,4099.7
16/01/2026 15:20,4429.68
16/01/2026 15:25,4181.89
16/01/2026 15:30,4319.33
16/01/2026 15:35,4247.17
16/01/2026 15:40,4288.48
16/01/2026 15:45,4532.63
16/01/2026 15:50,4608.19
16/01/2026 15:55,4482.68
16/01/2026 16:00,4428.57
16/01/2026 16:05,4504.33
16/01/2026 16:10,4556.49
16/01/2026 16:15,4554.14
16/01/2026 16:20,4589.47
16/01/2026 16:25,4515.68
16/01/2026 16:30,4594.32
16/01/2026 16:35,4576.91
16/01/2026 16:40,4526.04
16/01/2026 16:45,4657.95
16/01/2026 16:50,4682.41
16/01/2026 16:55,4492.16
16/01/2026 17:00,4517.86
16/01/2026 17:05,4740.18
16/01/2026 17:10,4810.98
16/01/2026 17:15,4566.9
16/01/2026 17:20,4743.96
16/01/2026 17:25,4622.93
16/01/2026 17:30,4717.18
16/01/2026 17:35,4796.42
16/01/2026 17:40,4885.39
16/01/2026 17:45,4755.46
16/01/2026 17:50,4913.68
16/01/2026 17:55,4852.67
16/01/2026 18:00,4790.2
16/01/2026 18:05,4836.38
16/01/2026 18:10,4940.79
16/01/2026 18:15,4973.82
16/01/2026 18:20,4863.81
16/01/2026 18:25,5106.62
16/01/2026 18:30,5012.77
16/01/2026 18:35,5107.65
16/01/2026 18:40,5034.45
16/01/2026 18:45,4917.94
16/01/2026 18:50,5150.68
16/01/2026 18:55,5114.78
16/01/2026 19:00,5047.96
16/01/2026 19:05,5211.68
16/01/2026 19:10,5158.85
16/01/2026 19:15,5087.15
16/01/2026 19:20,5119.26
16/01/2026 19:25,5126.48
16/01/2026 19:30,5278.64
16/01/2026 19:35,5214.02
16/01/2026 19:40,5105.52
16/01/2026 19:45,5132.17
16/01/2026 19:50,5177.85
16/01/2026 19:55,5280.58
16/01/2026 20:00,5097.9
16/01/2026 20:05,4980.19
16/01/2026 20:10,5072.98
16/01/2026 20:15,5190.77
16/01/2026 20:20,5082.52
16/01/2026 20:25,5053.58
16/01/2026 20:30,4912.56
16/01/2026 20:35,4957.86
16/01/2026 20:40,5052.5
16/01/2026 20:45,4882.72
16/01/2026 20:50,4805.4
16/01/2026 20:55,4919.74
16/01/2026 21:00,4892.17
16/01/2026 21:05,4823.52
16/01/2026 21:10,4738.45
16/01/2026 21:15,4667.92
16/01/2026 21:20,4861.63
16/01/2026 21:25,4656.69
16/01/2026 21:30,4583.76
16/01/2026 21:35,4485.79
16/01/2026 21:40,4449.89
16/01/2026 21:45,4341.2
16/01/2026 21:50,4356.75
16/01/2026 21:55,4391.27
16/01/2026 22:00,4165.11
16/01/2026 22:05,4113.69
16/01/2026 22:10,4122.5
16/01/2026 22:15,4158.23
16/01/2026 22:20,4017.26
16/01/2026 22:25,3945.6
16/01/2026 22:30,3861.44
16/01/2026 22:35,3767.22
16/01/2026 22:40,3832.57
16/01/2026 22:45,3651.88
16/01/2026 22:50,3775.9
16/01/2026 22:55,3510.15
16/01/2026 23:00,3779.74
16/01/2026 23:05,3576.99
16/01/2026 23:10,3363.33
16/01/2026 23:15,3577.15
16/01/2026 23:20,3494.81
16/01/2026 23:25,3311.61
16/01/2026 23:30,3240.9
16/01/2026 23:35,3271.88
16/01/2026 23:40,3219.06
16/01/2026 23:45,3183.51
16/01/2026 23:50,3098.56
16/01/2026 23:55,3061.41
17/01/2026 00:00,2995.17
17/01/2026 00:05,2708.73
17/01/2026 00:10,2694.46
17/01/2026 00:15,2683.41
17/01/2026 00:20,2744.18
17/01/2026 00:25,2634.46
17/01/2026 00:30,2643.51
17/01/2026 00:35,2623.55
17/01/2026 00:40,2638.97
17/01/2026 00:45,2704.72
17/01/2026 00:50,2525.87
17/01/2026 00:55,2563.42
17/01/2026 01:00,2407.46
17/01/2026 01:05,2554.88
17/01/2026 01:10,2503.03
17/01/2026 01:15,2597.13
17/01/2026 01:20,2390.67
17/01/2026 01:25,2325.15
17/01/2026 01:30,2237.95
17/01/2026 01:35,2238.12
17/01/2026 01:40,2319.67
17/01/2026 01:45,2335.25
17/01/2026 01:50,2131.14
17/01/2026 01:55,2072.63
17/01/2026 02:00,1908.43
17/01/2026 02:05,1900.0
17/01/2026 02:10,1900.0
17/01/2026 02:15,1900.0
17/01/2026 02:20,1900.0
17/01/2026 02:25,1900.0
17/01/2026 02:30,1900.0
17/01/2026 02:35,1900.0
17/01/2026 02:40,1990.09
17/01/2026 02:45,1900.0
17/01/2026 02:50,1900.0
17/01/2026 02:55,1900.0
17/01/2026 03:00,1900.0
17/01/2026 03:05,1973.52
17/01/2026 03:10,1900.0
17/01/2026 03:15,1900.0
17/01/2026 03:20,1900.0
17/01/2026 03:25,1900.0
17/01/2026 03:30,1900.0
17/01/2026 03:35,1900.0
17/01/2026 03:40,1900.0
17/01/2026 03:45,1900.0
17/01/2026 03:50,1900.0
17/01/2026 03:55,1900.0
17/01/2026 04:00,1906.96
17/01/2026 04:05,1900.0
17/01/2026 04:10,1900.0
17/01/2026 04:15,1900.0
17/01/2026 04:20,1975.56
17/01/2026 04:25,1970.07
17/01/2026 04:30,1900.0
17/01/2026 04:35,1900.0
17/01/2026 04:40,1902.76
17/01/2026 04:45,1900.0
17/01/2026 04:50,1900.0
17/01/2026 04:55,1900.0
17/01/2026 05:00,2002.22
17/01/2026 05:05,2056.45
17/01/2026 05:10,2018.34
17/01/2026 05:15,2143.73
17/01/2026 05:20,2236.8
17/01/2026 05:25,2268.96
17/01/2026 05:30,2254.74
17/01/2026 05:35,2288.12
17/01/2026 05:40,2369.96
17/01/2026 05:45,2243.1
17/01/2026 05:50,2360.9
17/01/2026 05:55,2481.48
17/01/2026 06:00,2340.63
17/01/2026 06:05,2380.44
17/01/2026 06:10,2407.73
17/01/2026 06:15,2595.23
17/01/2026 06:20,2761.53
17/01/2026 06:25,2785.89
17/01/2026 06:30,2842.25
17/01/2026 06:35,2757.13
17/01/2026 06:40,2824.21
17/01/2026 06:45,2938.78
17/01/2026 06:50,2929.7
17/01/2026 06:55,3119.29
17/01/2026 07:00,3022.38
17/01/2026 07:05,3208.34
17/01/2026 07:10,3064.53
17/01/2026 07:15,3252.98
17/01/2026 07:20,3214.0
17/01/2026 07:25,3259.53
17/01/2026 07:30,3224.19
17/01/2026 07:35,3277.86
17/01/2026 07:40,3491.52
17/01/2026 07:45,3645.16
17/01/2026 07:50,3573.3
17/01/2026 07:55,3659.97
17/01/2026 08:00,3742.27
17/01/2026 08:05,3896.69
17/01/2026 08:10,3889.92
17/01/2026 08:15,3877.57
17/01/2026 08:20,3883.88
17/01/2026 08:25,3890.42
17/01/2026 08:30,3809.42
17/01/2026 08:35,4073.49
17/01/2026 08:40,4056.93
17/01/2026 08:45,4012.89
17/01/2026 08:50,4515.53
17/01/2026 08:55,4337.4
17/01/2026 09:00,4596.24
17/01/2026 09:05,4407.71
17/01/2026 09:10,4477.55
17/01/2026 09:15,4492.96
17/01/2026 09:20,4454.05
17/01/2026 09:25,4723.5
17/01/2026 09:30,4664.11
17/01/2026 09:35,4650.14
17/01/2026 09:40,4721.08
17/01/2026 09:45,4584.77
17/01/2026 09:50,4696.25
17/01/2026 09:55,4773.28
17/01/2026 10:00,4678.44
17/01/2026 10:05,4753.67
17/01/2026 10:10,4769.85
17/01/2026 10:15,4878.18
17/01/2026 10:20,4787.63
17/01/2026 10:25,4844.49
17/01/2026 10:30,4883.53
17/01/2026 10:35,4857.18
17/01/2026 10:40,4831.04
17/01/2026 10:45,4949.71
17/01/2026 10:50,4675.61
17/01/2026 10:55,4827.69
17/01/2026 11:00,4711.42
17/01/2026 11:05,4674.86
17/01/2026 11:10,4604.95
17/01/2026 11:15,4656.58
17/01/2026 11:20,4475.52
17/01/2026 11:25,4694.2
17/01/2026 11:30,4591.12
17/01/2026 11:35,4431.44
17/01/2026 11:40,4486.88
17/01/2026 11:45,4541.75
17/01/2026 11:50,4434.08
17/01/2026 11:55,4390.76
17/01/2026 12:00,4265.04
17/01/2026 12:05,4348.93
17/01/2026 12:10,4364.22
17/01/2026 12:15,4185.53
17/01/2026 12:20,4194.95
17/01/2026 12:25,4171.69
17/01/2026 12:30,4318.18
17/01/2026 12:35,4201.29
17/01/2026 12:40,4176.98
17/01/2026 12:45,4177.59
17/01/2026 12:50,4364.53
17/01/2026 12:55,4202.72
17/01/2026 13:00,4258.82
17/01/2026 13:05,4209.73
17/01/2026 13:10,4265.66
17/01/2026 13:15,4213.56
17/01/2026 13:20,4197.37
17/01/2026 13:25,3995.3
17/01/2026 13:30,4139.44
17/01/2026 13:35,4206.7
17/01/2026 13:40,4187.91
17/01/2026 13:45,4179.57
17/01/2026 13:50,4087.13
17/01/2026 13:55,4062.06
17/01/2026 14:00,4090.25
17/01/2026 14:05,4065.44
17/01/2026 14:10,4097.18
17/01/2026 14:15,4098.77
17/01/2026 14:20,4124.11
17/01/2026 14:25,3993.01
17/01/2026 14:30,4028.97
17/01/2026 14:35,4082.93
17/01/2026 14:40,4071.23
17/01/2026 14:45,3991.86
17/01/2026 14:50,3902.56
17/01/2026 14:55,4011.87
17/01/2026 15:00,4048.39
17/01/2026 15:05,4137.77
17/01/2026 15:10,4124.97
17/01/2026 15:15,4071.33
17/01/2026 15:20,3990.34
17/01/2026 15:25,4138.95
17/01/2026 15:30,4062.16
17/01/2026 15:35,4057.33
17/01/2026 15:40,4134.56
17/01/2026 15:45,4085.07
17/01/2026 15:50,4043.7
17/01/2026 15:55,4306.99
17/01/2026 16:00,4210.98
17/01/2026 16:05,4204.04
17/01/2026 16:10,4315.95
17/01/2026 16:15,4250.31
17/01/2026 16:20,4260.34
17/01/2026 16:25,4360.77
17/01/2026 16:30,4316.48
17/01/2026 16:35,4313.44
17/01/2026 16:40,4275.79
17/01/2026 16:45,4306.98
17/01/2026 16:50,4356.74
17/01/2026 16:55,4404.1
17/01/2026 17:00,4301.81
17/01/2026 17:05,4440.93
17/01/2026 17:10,4507.7
17/01/2026 17:15,4554.62
17/01/2026 17:20,4507.87
17/01/2026 17:25,4465.45
17/01/2026 17:30,4482.09
17/01/2026 17:35,4689.43
17/01/2026 17:40,4414.3
17/01/2026 17:45,4693.36
17/01/2026 17:50,4511.86
17/01/2026 17:55,4546.02
17/01/2026 18:00,4644.67
17/01/2026 18:05,4729.49
17/01/2026 18:10,4761.16
17/01/2026 18:15,4649.07
17/01/2026 18:20,4820.58
17/01/2026 18:25,4860.97
17/01/2026 18:30,4709.99
17/01/2026 18:35,4738.11
17/01/2026 18:40,4856.3
17/01/2026 18:45,4887.23
17/01/2026 18:50,4875.88
17/01/2026 18:55,4891.47
17/01/2026 19:00,4947.7
17/01/2026 19:05,4885.2
17/01/2026 19:10,4934.54
17/01/2026 19:15,4822.3
17/01/2026 19:20,5027.8
17/01/2026 19:25,4739.99
17/01/2026 19:30,4789.37
17/01/2026 19:35,4974.03
17/01/2026 19:40,4924.52
17/01/2026 19:45,4811.88
17/01/2026 19:50,4767.07
17/01/2026 19:55,4845.5
17/01/2026 20:00,4843.87
17/01/2026 20:05,4837.62
17/01/2026 20:10,4837.76
17/01/2026 20:15,4795.41
17/01/2026 20:20,4870.08
17/01/2026 20:25,4700.49
17/01/2026 20:30,4740.71
17/01/2026 20:35,4711.13
17/01/2026 20:40,4805.93
17/01/2026 20:45,4746.43
17/01/2026 20:50,4622.71
17/01/2026 20:55,4566.74
17/01/2026 21:00,4513.57
17/01/2026 21:05,4546.03
17/01/2026 21:10,4709.85
17/01/2026 21:15,4295.21
17/01/2026 21:20,4232.34
17/01/2026 21:25,4237.92
17/01/2026 21:30,4460.05
17/01/2026 21:35,4322.75
17/01/2026 21:40,4302.14
17/01/2026 21:45,4100.84
17/01/2026 21:50,4031.8
17/01/2026 21:55,3992.41
17/01/2026 22:00,4043.37
17/01/2026 22:05,3878.14
17/01/2026 22:10,3938.98
17/01/2026 22:15,3917.46
17/01/2026 22:20,3798.45
17/01/2026 22:25,3694.43
17/01/2026 22:30,3678.56
17/01/2026 22:35,3566.19
17/01/2026 22:40,3639.34
17/01/2026 22:45,3533.19
17/01/2026 22:50,3432.71
17/01/2026 22:55,3311.1
17/01/2026 23:00,3521.16
17/01/2026 23:05,3442.18
17/01/2026 23:10,3341.93
17/01/2026 23:15,3148.81
17/01/2026 23:20,3269.62
17/01/2026 23:25,3149.25
17/01/2026 23:30,3171.13
17/01/2026 23:35,2969.57
17/01/2026 23:40,2987.75
17/01/2026 23:45,2962.49
17/01/2026 23:50,2971.99
17/01/2026 23:55,2898.41
18/01/2026 00:00,2843.74
18/01/2026 00:05,2706.62
18/01/2026 00:10,2709.21
18/01/2026 00:15,2790.74
18/01/2026 00:20,2707.91
18/01/2026 00:25,2589.5
18/01/2026 00:30,2747.11
18/01/2026 00:35,2769.33
18/01/2026 00:40,2621.08
18/01/2026 00:45,2552.78
18/01/2026 00:50,2421.48
18/01/2026 00:55,2572.57
18/01/2026 01:00,2494.79
18/01/2026 01:05,2484.1
18/01/2026 01:10,2386.43
18/01/2026 01:15,2490.37
18/01/2026 01:20,2474.05
18/01/2026 01:25,2490.49
18/01/2026 01:30,2352.32
18/01/2026 01:35,2414.03
18/01/2026 01:40,2236.41
18/01/2026 01:45,2289.48
18/01/2026 01:50,2185.32
18/01/2026 01:55,2301.65
18/01/2026 02:00,1900.0
18/01/2026 02:05,1900.0
18/01/2026 02:10,1937.73
18/01/2026 02:15,1900.0
18/01/2026 02:20,1900.0
18/01/2026 02:25,1950.04
18/01/2026 02:30,1900.0
18/01/2026 02:35,1900.0
18/01/2026 02:40,1900.0
18/01/2026 02:45,1900.0
18/01/2026 02:50,1900.0
18/01/2026 02:55,1900.0
18/01/2026 03:00,1900.0
18/01/2026 03:05,1900.0
18/01/2026 03:10,1900.0
18/01/2026 03:15,1900.0
18/01/2026 03:20,1900.0
18/01/2026 03:25,1900.0
18/01/2026 03:30,1900.0
18/01/2026 03:35,1900.0
18/01/2026 03:40,2005.36
18/01/2026 03:45,1927.28
18/01/2026 03:50,1900.0
18/01/2026 03:55,1900.0
18/01/2026 04:00,1900.0
18/01/2026 04:05,1900.0
18/01/2026 04:10,1900.0
18/01/2026 04:15,1900.0
18/01/2026 04:20,1900.0
18/01/2026 04:25,1900.0
18/01/2026 04:30,1900.0
18/01/2026 04:35,1900.0
18/01/2026 04:40,1900.0
18/01/2026 04:45,1900.0
18/01/2026 04:50,1900.0
18/01/2026 04:55,1900.0
18/01/2026 05:00,2082.86
18/01/2026 05:05,2102.77
18/01/2026 05:10,2105.24
18/01/2026 05:15,2122.92
18/01/2026 05:20,2170.61
18/01/2026 05:25,2175.19
18/01/2026 05:30,2120.48
18/01/2026 05:35,2229.29
18/01/2026 05:40,2260.26
18/01/2026 05:45,2356.67
18/01/2026 05:50,2439.43
18/01/2026 05:55,2513.72
18/01/2026 06:00,2395.74
18/01/2026 06:05,2568.32
18/01/2026 06:10,2585.26
18/01/2026 06:15,2677.92
18/01/2026 06:20,2740.32
18/01/2026 06:25,2799.55
18/01/2026 06:30,2587.94
18/01/2026 06:35,2774.29
18/01/2026 06:40,2699.28
18/01/2026 06:45,2793.22
18/01/2026 06:50,2759.78
18/01/2026 06:55,2953.22
18/01/2026 07:00,3025.65
18/01/2026 07:05,3029.26
18/01/2026 07:10,3371.23
18/01/2026 07:15,3108.22
18/01/2026 07:20,3258.66
18/01/2026 07:25,3340.76
18/01/2026 07:30,3347.75
18/01/2026 07:35,3411.42
18/01/2026 07:40,3454.39
18/01/2026 07:45,3512.94
18/01/2026 07:50,3531.85
18/01/2026 07:55,3677.68
18/01/2026 08:00,3957.15
18/01/2026 08:05,3832.77
18/01/2026 08:10,3889.11
18/01/2026 08:15,3929.44
18/01/2026 08:20,3871.35
18/01/2026 08:25,3923.24
18/01/2026 08:30,4069.49
18/01/2026 08:35,4178.25
18/01/2026 08:40,3987.34
18/01/2026 08:45,4126.07
18/01/2026 08:50,4284.58
18/01/2026 08:55,4334.47
18/01/2026 09:00,4377.92
18/01/2026 09:05,4563.97
18/01/2026 09:10,4436.4
18/01/2026 09:15,4479.87
18/01/2026 09:20,4531.63
18/01/2026 09:25,4620.73
18/01/2026 09:30,4528.68
18/01/2026 09:35,4624.77
18/01/2026 09:40,4753.38
18/01/2026 09:45,4649.5
18/01/2026 09:50,4577.93
18/01/2026 09:55,4649.88
18/01/2026 10:00,4643.69
18/01/2026 10:05,4687.05
18/01/2026 10:10,4838.11
18/01/2026 10:15,4875.15
18/01/2026 10:20,4831.49
18/01/2026 10:25,4778.78
18/01/2026 10:30,4728.15
18/01/2026 10:35,4813.01
18/01/2026 10:40,4958.63
18/01/2026 10:45,4835.58
18/01/2026 10:50,4892.34
18/01/2026 10:55,4589.24
18/01/2026 11:00,4608.08
18/01/2026 11:05,4715.58
18/01/2026 11:10,4717.04
18/01/2026 11:15,4716.84
18/01/2026 11:20,4742.49
18/01/2026 11:25,4707.46
18/01/2026 11:30,4587.88
18/01/2026 11:35,4469.52
18/01/2026 11:40,4373.64
18/01/2026 11:45,4609.28
18/01/2026 11:50,4363.99
18/01/2026 11:55,4475.36
18/01/2026 12:00,4158.62
18/01/2026 12:05,4135.12
18/01/2026 12:10,4211.14
18/01/2026 12:15,4315.05
18/01/2026 12:20,4341.8
18/01/2026 12:25,4147.24
18/01/2026 12:30,4346.68
18/01/2026 12:35,4163.56
18/01/2026 12:40,4259.04
18/01/2026 12:45,4099.27
18/01/2026 12:50,4147.0
18/01/2026 12:55,4081.95
18/01/2026 13:00,4125.3
18/01/2026 13:05,4181.96
18/01/2026 13:10,4159.21
18/01/2026 13:15,4133.53
18/01/2026 13:20,4093.64
18/01/2026 13:25,4083.28
18/01/2026 13:30,4127.7
18/01/2026 13:35,4105.34
18/01/2026 13:40,4007.17
18/01/2026 13:45,4050.45
18/01/2026 13:50,4073.15
18/01/2026 13:55,4046.21
18/01/2026 14:00,4059.6
18/01/2026 14:05,3969.35
18/01/2026 14:10,3996.0
18/01/2026 14:15,3981.81
18/01/2026 14:20,3989.18
18/01/2026 14:25,4115.14
18/01/2026 14:30,4005.78
18/01/2026 14:35,3935.97
18/01/2026 14:40,3977.76
18/01/2026 14:45,4080.54
18/01/2026 14:50,3949.29
18/01/2026 14:55,3937.26
18/01/2026 15:00,4104.66
18/01/2026 15:05,4071.6
18/01/2026 15:10,4102.6
18/01/2026 15:15,4046.66
18/01/2026 15:20,4129.73
18/01/2026 15:25,4177.21
18/01/2026 15:30,4124.47
18/01/2026 15:35,4104.56
18/01/2026 15:40,4307.9
18/01/2026 15:45,4062.36
18/01/2026 15:50,4216.26
18/01/2026 15:55,4246.29
18/01/2026 16:00,4347.01
18/01/2026 16:05,4187.29
18/01/2026 16:10,4163.94
18/01/2026 16:15,4236.37
18/01/2026 16:20,4349.92
18/01/2026 16:25,4433.75
18/01/2026 16:30,4254.24
18/01/2026 16:35,4329.59
18/01/2026 16:40,4312.16
18/01/2026 16:45,4369.47
18/01/2026 16:50,4447.65
18/01/2026 16:55,4470.42
18/01/2026 17:00,4451.47
18/01/2026 17:05,4385.13
18/01/2026 17:10,4337.59
18/01/2026 17:15,4402.72
18/01/2026 17:20,4393.44
18/01/2026 17:25,4539.89
18/01/2026 17:30,4427.5
18/01/2026 17:35,4370.54
18/01/2026 17:40,4574.02
18/01/2026 17:45,4449.91
18/01/2026 17:50,4499.1
18/01/2026 17:55,4691.58
18/01/2026 18:00,4694.37
18/01/2026 18:05,4698.03
18/01/2026 18:10,4495.08
18/01/2026 18:15,4642.32
18/01/2026 18:20,4912.21
18/01/2026 18:25,4660.55
18/01/2026 18:30,4580.01
18/01/2026 18:35,4777.28
18/01/2026 18:40,4775.45
18/01/2026 18:45,4973.37
18/01/2026 18:50,4921.01
18/01/2026 18:55,4702.11
18/01/2026 19:00,5006.55
18/01/2026 19:05,5025.03
18/01/2026 19:10,4923.7
18/01/2026 19:15,4839.16
18/01/2026 19:20,4759.52
18/01/2026 19:25,4816.94
18/01/2026 19:30,4871.2
18/01/2026 19:35,4880.27
18/01/2026 19:40,5012.17
18/01/2026 19:45,4753.83
18/01/2026 19:50,4948.9
18/01/2026 19:55,4841.88
18/01/2026 20:00,4863.56
18/01/2026 20:05,4847.37
18/01/2026 20:10,4708.24
18/01/2026 20:15,4906.01
18/01/2026 20:20,4837.64
18/01/2026 20:25,4666.48
18/01/2026 20:30,4607.81
18/01/2026 20:35,4670.76
18/01/2026 20:40,4783.11
18/01/2026 20:45,4605.4
18/01/2026 20:50,4533.11
18/01/2026 20:55,4569.32
18/01/2026 21:00,4619.82
18/01/2026 21:05,4530.3
18/01/2026 21:10,4379.16
18/01/2026 21:15,4352.43
18/01/2026 21:20,4365.67
18/01/2026 21:25,4423.58
18/01/2026 21:30,4346.36
18/01/2026 21:35,4277.14
18/01/2026 21:40,4182.59
18/01/2026 21:45,4048.24
18/01/2026 21:50,3984.53
18/01/2026 21:55,4008.54
18/01/2026 22:00,3810.93
18/01/2026 22:05,4003.45
18/01/2026 22:10,3887.87
18/01/2026 22:15,3869.92
18/01/2026 22:20,3736.15
18/01/2026 22:25,3829.37
18/01/2026 22:30,3680.25
18/01/2026 22:35,3523.73
18/01/2026 22:40,3579.06
18/01/2026 22:45,3544.13
18/01/2026 22:50,3422.8
18/01/2026 22:55,3540.38
18/01/2026 23:00,3443.45
18/01/2026 23:05,3088.29
18/01/2026 23:10,3271.48
18/01/2026 23:15,3164.27
18/01/2026 23:20,3139.63
18/01/2026 23:25,3182.41
18/01/2026 23:30,3020.44
18/01/2026 23:35,3061.79
18/01/2026 23:40,2949.27
18/01/2026 23:45,3061.55
18/01/2026 23:50,2826.35
18/01/2026 23:55,2735.18
19/01/2026 00:00,3063.96
19/01/2026 00:05,3056.82
19/01/2026 00:10,2937.74
19/01/2026 00:15,3058.44
19/01/2026 00:20,2953.41
19/01/2026 00:25,3009.37
19/01/2026 00:30,2949.11
19/01/2026 00:35,3077.57
19/01/2026 00:40,2823.27
19/01/2026 00:45,2833.83
19/01/2026 00:50,2854.69
19/01/2026 00:55,2698.68
19/01/2026 01:00,2882.86
19/01/2026 01:05,2701.08
19/01/2026 01:10,2615.98
19/01/2026 01:15,2744.5
19/01/2026 01:20,2788.59
19/01/2026 01:25,2735.92
19/01/2026 01:30,2693.81
19/01/2026 01:35,2561.65
19/01/2026 01:40,2558.61
19/01/2026 01:45,2539.33
19/01/2026 01:50,2377.51
19/01/2026 01:55,2486.04
19/01/2026 02:00,1900.0
19/01/2026 02:05,2021.15
19/01/2026 02:10,2080.81
19/01/2026 02:15,2203.78
19/01/2026 02:20,1943.31
19/01/2026 02:25,1988.12
19/01/2026 02:30,2179.14
19/01/2026 02:35,2096.22
19/01/2026 02:40,1970.83
19/01/2026 02:45,1900.0
19/01/2026 02:50,2138.04
19/01/2026 02:55,2158.01
19/01/2026 03:00,2027.31
19/01/2026 03:05,2090.03
19/01/2026 03:10,2101.01
19/01/2026 03:15,2224.0
19/01/2026 03:20,2095.0
19/01/2026 03:25,1935.74
19/01/2026 03:30,2020.66
19/01/2026 03:35,2069.09
19/01/2026 03:40,2040.13
19/01/2026 03:45,1951.04
19/01/2026 03:50,2153.65
19/01/2026 03:55,2294.85
19/01/2026 04:00,2175.77
19/01/2026 04:05,2030.1
19/01/2026 04:10,2075.72
19/01/2026 04:15,1900.0
19/01/2026 04:20,2051.43
19/01/2026 04:25,2008.71
19/01/2026 04:30,1948.14
19/01/2026 04:35,2088.15
19/01/2026 04:40,2054.44
19/01/2026 04:45,2115.23
19/01/2026 04:50,2094.13
19/01/2026 04:55,1979.52
19/01/2026 05:00,2218.51
19/01/2026 05:05,2139.66
19/01/2026 05:10,2342.81
19/01/2026 05:15,2393.34
19/01/2026 05:20,2223.89
19/01/2026 05:25,2537.22
19/01/2026 05:30,2650.51
19/01/2026 05:35,2486.5
19/01/2026 05:40,2566.25
19/01/2026 05:45,2577.76
19/01/2026 05:50,2659.14
19/01/2026 05:55,2668.81
19/01/2026 06:00,2797.48
19/01/2026 06:05,2666.43
19/01/2026 06:10,2873.79
19/01/2026 06:15,2889.16
19/01/2026 06:20,2817.15
19/01/2026 06:25,3002.0
19/01/2026 06:30,2976.77
19/01/2026 06:35,3183.8
19/01/2026 06:40,3126.36
19/01/2026 06:45,3055.79
19/01/2026 06:50,3164.15
19/01/2026 06:55,3379.88
19/01/2026 07:00,3311.21
19/01/2026 07:05,3403.58
19/01/2026 07:10,3328.47
19/01/2026 07:15,3424.84
19/01/2026 07:20,3442.71
19/01/2026 07:25,3466.42
19/01/2026 07:30,3585.57
19/01/2026 07:35,3593.04
19/01/2026 07:40,3644.94
19/01/2026 07:45,3785.36
19/01/2026 07:50,3743.56
19/01/2026 07:55,3932.31
19/01/2026 08:00,4057.04
19/01/2026 08:05,4031.04
19/01/2026 08:10,4109.08
19/01/2026 08:15,4308.2
19/01/2026 08:20,4126.9
19/01/2026 08:25,4226.69
19/01/2026 08:30,4213.15
19/01/2026 08:35,4362.82
19/01/2026 08:40,4459.96
19/01/2026 08:45,4470.87
19/01/2026 08:50,4586.59
19/01/2026 08:55,4483.84
19/01/2026 09:00,4781.76
19/01/2026 09:05,4699.7
19/01/2026 09:10,4706.2
19/01/2026 09:15,4719.27
19/01/2026 09:20,4841.75
19/01/2026 09:25,4714.47
19/01/2026 09:30,4818.68
19/01/2026 09:35,5070.12
19/01/2026 09:40,4906.59
19/01/2026 09:45,4747.8
19/01/2026 09:50,5026.88
19/01/2026 09:55,4897.78
19/01/2026 10:00,5018.18
19/01/2026 10:05,4951.52
19/01/2026 10:10,5036.73
19/01/2026 10:15,5081.76
19/01/2026 10:20,5084.89
19/01/2026 10:25,5009.42
19/01/2026 10:30,5069.99
19/01/2026 10:35,5065.48
19/01/2026 10:40,5087.56
19/01/2026 10:45,5004.75
19/01/2026 10:50,5088.33
19/01/2026 10:55,5057.63
19/01/2026 11:00,4997.61
19/01/2026 11:05,4982.5
19/01/2026 11:10,5021.42
19/01/2026 11:15,5100.73
19/01/2026 11:20,4829.57
19/01/2026 11:25,4871.1
19/01/2026 11:30,4812.15
19/01/2026 11:35,4801.18
19/01/2026 11:40,4931.84
19/01/2026 11:45,4856.02
19/01/2026 11:50,4569.42
19/01/2026 11:55,4667.44
19/01/2026 12:00,4505.72
19/01/2026 12:05,4418.77
19/01/2026 12:10,4460.95
19/01/2026 12:15,4562.12
19/01/2026 12:20,4596.52
19/01/2026 12:25,4545.46
19/01/2026 12:30,4492.79
19/01/2026 12:35,4393.49
19/01/2026 12:40,4579.4
19/01/2026 12:45,4541.96
19/01/2026 12:50,4401.36
19/01/2026 12:55,4507.09
19/01/2026 13:00,4477.95
19/01/2026 13:05,4501.27
19/01/2026 13:10,4524.68
19/01/2026 13:15,4316.23
19/01/2026 13:20,4440.08
19/01/2026 13:25,4374.44
19/01/2026 13:30,4373.74
19/01/2026 13:35,4518.39
19/01/2026 13:40,4431.65
19/01/2026 13:45,4224.27
19/01/2026 13:50,4275.96
19/01/2026 13:55,4378.46
19/01/2026 14:00,4355.44
19/01/2026 14:05,4418.34
19/01/2026 14:10,4413.52
19/01/2026 14:15,4347.98
19/01/2026 14:20,4301.61
19/01/2026 14:25,4282.34
19/01/2026 14:30,4362.7
19/01/2026 14:35,4329.36
19/01/2026 14:40,4193.81
19/01/2026 14:45,4258.07
19/01/2026 14:50,4313.18
19/01/2026 14:55,4422.69
19/01/2026 15:00,4230.5
19/01/2026 15:05,4325.24
19/01/2026 15:10,4537.61
19/01/2026 15:15,4139.86
19/01/2026 15:20,4263.91
19/01/2026 15:25,4310.79
19/01/2026 15:30,4350.55
19/01/2026 15:35,4314.84
19/01/2026 15:40,4449.9
19/01/2026 15:45,4479.86
19/01/2026 15:50,4429.68
19/01/2026 15:55,4452.73
19/01/2026 16:00,4295.3
19/01/2026 16:05,4566.32
19/01/2026 16:10,4477.98
19/01/2026 16:15,4475.27
19/01/2026 16:20,4325.37
19/01/2026 16:25,4544.87
19/01/2026 16:30,4673.55
19/01/2026 16:35,4532.27
19/01/2026 16:40,4623.07
19/01/2026 16:45,4612.23
19/01/2026 16:50,4668.13
19/01/2026 16:55,4701.51
19/01/2026 17:00,4624.83
19/01/2026 17:05,4725.72
19/01/2026 17:10,4703.25
