tree
version=v4
num_class=1
num_tree_per_iteration=1
label_index=0
max_feature_idx=53
objective=regression
feature_names=hour minute dayofweek dayofmonth month dayofyear is_weekend time_slot hour_sin hour_cos day_sin day_cos month_sin month_cos dayofyear_sin dayofyear_cos lag_1 lag_2 lag_3 lag_6 lag_12 lag_24 lag_168 rolling_mean_6 rolling_std_6 rolling_min_6 rolling_max_6 rolling_mean_12 rolling_std_12 rolling_min_12 rolling_max_12 rolling_mean_24 rolling_std_24 rolling_min_24 rolling_max_24 diff_1 diff_24 temperature_celsius temperature_celsius_lag_1 temperature_celsius_rolling_mean_6 temperature_celsius_rolling_mean_12 humidity_percent humidity_percent_lag_1 humidity_percent_rolling_mean_6 humidity_percent_rolling_mean_12 precipitation_mm precipitation_mm_lag_1 precipitation_mm_rolling_mean_6 precipitation_mm_rolling_mean_12 weather_code weather_code_lag_1 weather_code_rolling_mean_6 weather_code_rolling_mean_12 is_holiday
feature_infos=[0:23] none [0:6] [1:31] [4:12] [119:349] [0:1] [0:23] [-1:1] [-1:1] [-0.97492791218182362:0.97492791218182362] [-0.90096886790241903:1] [-1:0.86602540378443871] [-1:1] [-0.9999631612477099:0.89061650932674052] [-1:0.95771554328878028] [4734.0999999999995:16230.315000000001] [4734.0999999999995:16230.315000000001] [4734.0999999999995:16230.315000000001] [4734.0999999999995:16230.315000000001] [4734.0999999999995:16230.315000000001] [4734.0999999999995:16230.315000000001] [4734.0999999999995:16230.315000000001] [5010.0725000000002:15766.52375] [56.420136047447251:2605.7144599837097] [4734.0999999999995:15445.397499999999] [5214.0874999999996:16230.315000000001] [5728.7218750000002:14724.999374999999] [215.94349568594751:3336.0574661367386] [4734.0999999999995:12884.620000000001] [7084.9250000000002:16230.315000000001] [6331.5736458333331:12945.636458333334] [639.12170748184258:3150.9038639610244] [4734.0999999999995:10368.635] [8175.3999999999996:16230.315000000001] [-2543.125:2701.4325000000008] [-3275.2375000000011:3836.6274999999996] [13.9:35.299999999999997] [13.9:35.299999999999997] [14.583333333333334:34.550000000000004] [15.75:32.216666666666669] [17:100] [17:100] [19.333333333333332:98.333333333333329] [28.25:97.583333333333329] [0:11.9] [0:11.9] [0:4.083333333333333] [0:3.2166666666666663] [0:65] [0:65] [0:62.666666666666664] [0:61.666666666666664] [0:1]
tree_sizes=1428 1452 1447 1452 1442 1450 1441 1443 1438 1445 1447 1450 1441 1449 1445 1442 1431 1444 1450 1439 1429 1432 1450 1437 1438 1440 1451 1453 1443 1446 1424 1443 1448 1438 1442 1435 1436 1445 1429 1430 1455 1438 1446 1442 1442 1446 1425 1423 1436 1438 1451 1440 1439 1451 1434 1443 1448 1449 1454 1449 1431 1434 1445 1438 1452 1447 1452 1453 1450 1445 1432 1446 1445 1438 1443 1449 1438 1451 1448 1447 1451 1449 1454 1431 1444 1454 1453 1443 1449 1446 1442 1451 1455 1454 1449 1454 1450 1449 1447 1437 1459 1448 1460 1455 1445 1454 1446 1457 1448 1442 1454 1442 1457 1434 1450 1464 1461 1457 1459 1454 1445 1458 1455 1459 1446 1462 1451 1463 1458 1446 1451 1448 1443 1463 1446 1456 1438 1461 1460 1447 1467 1463 1444 1445 1440 1458 1445 1459 1463 1456 1443 1440 1435 1440 1466 1432 1428 1406 1408 1413 1424 1410 1427 1413 1344 1415 1411 1404 1405 1394 1436 1414 1399 1403 1424 1436 1407 1405 1419 1416 1423 1440 1402 1414 1398 1385 1413 1392 1398 1398 1303 1303 1397 1382 1296 1393 1398 1390 1410 1401 1140 1415 1390 1394 1403 1397 1389 1378 1407 1396 1397 913 1393 1400 1401 1068 1227 1398 1398 1392 1392 1389 1403 1408 1386 1311 1316 1054 1224 1406 1219 1395 979 1383 1069 1400 1388 1388 1385 1396 1445 1432 1406 1418 1408 1309 1407 1409 1404 1398 1397 1396 1392 1410 819 1141 982 978 1080 1391 1391 1061 1396 1229 1234 1385 1301 1388 1386 1394 1376 1393 1385 1406 1396 1412 971 1387 1392 1382 1404 1396 1383 1383 1391 1388 1057 1399 1378 1137 1394 1405 1386 1378 1384 1395 1408 1402 1399 1383 1377 1375 1379 1382 1375 1398 1405 1396 1224 1389 1400 1223 1402 1214 1303 1142 1062 1369 1400 1219 1400 1380 1396 1385 1400 1402 1392 1401 1388 1409 1390 1385 1403 1401 1145 1394 1403 1392 1403 1408 1373 1379 1384 1378 892 1387 1386 1380 1376 1386 1060 1408 1062 1060 1223 1371 1402 1387 1398 1391 1395 1385 1388 1401 1396 1228 1312 1397 1227 1148 1392 1314 1390 1399 1410 1400 1386 1383 1399 1387 960 891 905 974 962 1401 1409 1390 1404 1392 1224 1372 1383 1380 1384 1394 1389 1392 1381 1392 1400 1395 1372 1373 1382 1070 1062 900 900 900 1400 1388 1381 1055 1390 1384 1393 1386 1396 1403 1388 885 1398 1388 1388 1393 1396 1385 1397 1401 881 967 1376 968 980 1136 1061 978 1220 1379 1387 1390 1373 1373 1366 1075 909 1383 1394 902 1389 1378 1388 1385 1377 901 1307 1390 1386 1226 1232 1226 1062 1383 1394 1396 1316 1319 1370 1388 1394 1388 1224 972 1227 1392 1384 1402 1397 1395 1150 1384 1375 1312 1400 1384 1387 1393 1387 1232 1057 1384 1219 1386 1388 1310 1309 1388 1393 984 1223 1135 1131 1294 1304 1396 1148 903 1390 898 1394 1394 1404 1390 1394 1387 1403 1154 1148 1385 1390 1225 1390

Tree=0
num_leaves=15
num_cat=0
split_feature=16 16 16 21 21 16 21 16 35 16 35 16 16 0
split_gain=1.2806e+10 2.29407e+09 1.87531e+09 3.66133e+08 3.6473e+08 2.8569e+08 2.5036e+08 1.24717e+08 1.23739e+08 9.45166e+07 8.30193e+07 8.29492e+07 6.48126e+07 6.45549e+07
threshold=10238.503750000002 12656.721250000001 8122.6737500000008 11032.932500000003 9428.9687500000018 7172.3699999999999 13654.248750000002 8987.1200000000008 566.40875000000062 11555.743750000003 161.68125000000057 11142.622500000001 6447.4287500000019 10.500000000000002
decision_type=2 2 2 2 2 2 2 2 2 2 2 2 2 2
left_child=2 3 5 11 7 12 -3 -4 -6 -5 -7 -2 -1 -11
right_child=1 6 4 9 8 10 -8 -9 -10 13 -12 -13 -14 -15
leaf_value=9773.448798023217 9902.2764971898323 9983.9025121335362 9846.0131982024777 9932.5513410823005 9875.3340320421248 9818.9346798445949 10026.388543450083 9867.0933955797973 9905.0360419666013 9975.6775307997214 9847.0836477737648 9928.4033182583735 9801.7546223673016 9946.1626064931588
leaf_weight=136 334 253 588 253 392 409 276 449 185 117 130 163 221 185
leaf_count=136 334 253 588 253 392 409 276 449 185 117 130 163 221 185
internal_value=9888.52 9955.37 9846.4 9929.68 9865.74 9811.61 10006.3 9855.11 9884.87 9946.42 9825.63 9910.91 9790.68 9957.85
internal_weight=4091 1581 2510 1052 1614 896 529 1037 577 555 539 497 357 302
internal_count=4091 1581 2510 1052 1614 896 529 1037 577 555 539 497 357 302
is_linear=0
shrinkage=1


Tree=1
num_leaves=15
num_cat=0
split_feature=16 16 16 21 21 16 21 35 16 16 8 16 16 0
split_gain=1.20522e+10 2.15885e+09 1.76556e+09 3.46167e+08 3.28276e+08 2.875e+08 2.35604e+08 1.15975e+08 1.09353e+08 1.00251e+08 8.76622e+07 6.88222e+07 6.10481e+07 4.93326e+07
threshold=10238.503750000002 12656.721250000001 8162.4762500000006 11268.626250000003 9428.9687500000018 7172.3699999999999 13654.248750000002 566.40875000000062 9063.5387500000015 11212.011250000001 0.91597561503675362 11555.743750000003 6447.4287500000019 10.500000000000002
decision_type=2 2 2 2 2 2 2 2 2 2 2 2 2 2
left_child=2 3 5 9 8 12 -3 -6 -4 -2 -7 -5 -1 -13
right_child=1 6 4 11 7 10 -8 -9 -10 -11 -12 13 -14 -15
leaf_value=-111.63461608886719 15.249384481781162 92.541944404662132 -39.902244832919614 45.317383727293745 -12.659343978093595 -66.670114506361983 133.75706535036383 16.213327614885308 -19.631847843945913 41.884966144561766 -38.015467307457556 84.824896075274481 -84.164499012715112 57.514783799913197
leaf_weight=136 383 253 607 207 391 442 276 183 401 191 129 110 221 161
leaf_count=136 383 253 607 207 391 442 276 183 401 191 129 110 221 161
internal_value=0.00632978 64.8629 -40.8551 39.9399 -21.5615 -73.6872 114.257 -3.44208 -31.8658 24.1699 -60.2743 58.7871 -94.9119 68.8712
internal_weight=4091 1581 2510 1052 1582 928 529 574 1008 574 571 478 357 271
internal_count=4091 1581 2510 1052 1582 928 529 574 1008 574 571 478 357 271
is_linear=0
shrinkage=0.03


Tree=2
num_leaves=15
num_cat=0
split_feature=16 16 16 21 16 35 21 16 8 16 16 16 0 16
split_gain=1.13428e+10 2.03159e+09 1.66374e+09 3.26144e+08 3.06415e+08 2.86492e+08 2.21719e+08 1.86898e+08 9.58673e+07 8.36778e+07 7.36923e+07 5.75023e+07 5.75007e+07 5.26569e+07
threshold=10238.503750000002 12656.721250000001 8245.1975000000002 11032.932500000003 7172.3699999999999 472.95625000000024 13654.248750000002 9299.7200000000012 0.91597561503675362 11555.743750000003 11174.822500000002 6447.4287500000019 10.500000000000002 9243.9275000000016
decision_type=2 2 2 2 2 2 2 2 2 2 2 2 2 2
left_child=2 3 4 10 11 7 -3 -4 -6 -5 -2 -1 -11 -7
right_child=1 6 5 9 8 13 -8 -9 -10 12 -12 -13 -14 -15
leaf_value=-108.31002450316493 13.117940197829975 89.77662097360205 -35.355729658702877 41.499831462469622 -63.41960102204353 -5.8666848989812337 129.75884437753834 -11.696483219608048 -35.170016519382081 82.127844527939615 37.984724167449563 -81.650936110212996 54.276603619975425 20.925175806859155
leaf_weight=136 340 253 744 253 495 122 276 506 144 117 157 221 185 142
leaf_count=136 340 253 744 253 495 122 276 506 144 117 157 221 185 142
internal_value=0.0069803 62.9259 -39.6337 38.7487 -69.73 -19.8016 110.842 -25.7955 -57.1184 54.5459 21.0338 -92.081 65.3021 8.56861
internal_weight=4091 1581 2510 1052 996 1514 529 1250 639 555 497 357 302 264
internal_count=4091 1581 2510 1052 996 1514 529 1250 639 555 497 357 302 264
is_linear=0
shrinkage=0.03


Tree=3
num_leaves=15
num_cat=0
split_feature=16 16 16 16 16 16 21 8 8 8 7 8 16 16
split_gain=1.06751e+10 1.91228e+09 1.56928e+09 3.24761e+08 3.22534e+08 2.26251e+08 1.92022e+08 1.52861e+08 1.42736e+08 1.41087e+08 9.69165e+07 8.36374e+07 4.80591e+07 3.50303e+07
threshold=10238.503750000002 12714.451250000002 8077.2887500000006 11488.001250000001 9243.9275000000016 6777.2100000000019 13654.248750000002 0.91597561503675362 0.78656609248549325 0.37940952255126054 10.500000000000002 0.91597561503675362 8824.3950000000004 7671.1950000000006
decision_type=2 2 2 2 2 2 2 2 2 2 2 2 2 2
left_child=2 3 5 9 7 -1 -3 12 -6 -2 -5 13 -4 -7
right_child=1 6 4 10 8 11 -8 -9 -10 -11 -12 -13 -14 -15
leaf_value=-97.132288497050951 14.486513326237505 88.049843124389653 -43.735281661756105 79.822268822513408 -11.990309785615064 -74.908299695245148 125.96902367633322 -6.248814904903937 23.336984915506271 44.264324769050845 48.426849019437924 -41.732859995633561 -28.267170388221739 -57.436696701049804
leaf_weight=226 426 239 494 133 562 289 275 166 125 216 292 150 299 199
leaf_count=226 426 239 494 133 562 289 275 166 125 216 292 150 299 199
internal_value=0.00770865 61.0467 -38.4485 38.0865 -21.2403 -71.1693 108.543 -32.4716 -5.53789 24.5585 58.4161 -61.8348 -37.946 -67.9157
internal_weight=4091 1581 2510 1067 1646 864 514 959 687 642 425 638 793 488
internal_count=4091 1581 2510 1067 1646 864 514 959 687 642 425 638 793 488
is_linear=0
shrinkage=0.03


Tree=4
num_leaves=15
num_cat=0
split_feature=16 16 16 16 21 21 21 35 35 16 16 16 0 16
split_gain=1.00467e+10 1.8034e+09 1.47733e+09 2.73734e+08 2.70007e+08 2.58167e+08 2.4563e+08 1.00615e+08 8.35754e+07 7.85841e+07 6.46777e+07 6.08271e+07 5.47744e+07 3.5014e+07
threshold=10238.503750000002 12409.361250000004 8245.1975000000002 7234.263750000001 13654.248750000002 9389.8725000000031 11148.630000000003 566.40875000000062 161.68125000000057 9322.5387500000015 11142.622500000001 6447.4287500000019 10.500000000000002 11369.388750000002
decision_type=2 2 2 2 2 2 2 2 2 2 2 2 2 2
left_child=2 6 3 11 -3 9 10 -7 -5 -4 -2 -1 13 -8
right_child=1 4 5 8 -6 7 12 -9 -10 -11 -12 -13 -14 -15
leaf_value=-102.1917428210182 12.565274025141182 80.642755426477493 -33.916136020233381 -59.225540988796361 121.56538086800187 -11.408536476568841 48.76442538948946 15.294944762768953 -32.930178479337691 -14.207578020133372 34.894193630543626 -75.871468257460478 38.734213287886853 73.029142538534629
leaf_weight=136 353 323 669 454 282 409 128 183 149 253 175 257 210 110
leaf_count=136 353 323 669 454 282 409 128 183 149 253 175 257 210 110
internal_value=0.00793836 59.2229 -37.2991 -65.6593 99.8866 -18.6111 33.9399 -3.14202 -52.7933 -28.5293 20.018 -85.216 50.2668 60.2379
internal_weight=4091 1581 2510 996 605 1514 976 592 603 922 528 393 448 238
internal_count=4091 1581 2510 996 605 1514 976 592 603 922 528 393 448 238
is_linear=0
shrinkage=0.03


Tree=5
num_leaves=15
num_cat=0
split_feature=16 16 16 21 16 16 35 22 35 16 16 35 21 16
split_gain=9.49863e+09 1.69312e+09 1.45627e+09 3.13802e+08 3.09451e+08 1.84178e+08 1.51035e+08 1.43537e+08 1.12463e+08 7.29995e+07 6.6681e+07 5.87596e+07 4.15847e+07 4.12408e+07
threshold=10260.601250000002 12858.251250000003 7981.8962500000007 11294.566250000002 9024.228750000002 7036.3137500000003 628.41750000000059 13335.221250000002 459.08500000000009 11142.622500000001 11984.917500000001 135.58875000000037 13123.745000000001 9508.9625000000015
decision_type=2 2 2 2 2 2 2 2 2 2 2 2 2 2
left_child=2 3 5 9 8 -1 13 12 -4 -2 -5 -7 -3 -6
right_child=1 7 4 10 6 11 -8 -9 -10 -11 -12 -13 -14 -15
leaf_value=-88.255428816851435 14.226946412770403 74.671392312907486 -38.287761789300014 44.776138424953089 -20.976089305453382 -63.982820333646032 21.277741243622522 121.00702859042552 -6.7384262062311171 35.522341406895563 67.428489558880145 -38.827952036693176 101.40840817128057 -6.8579518541400919
leaf_weight=305 387 138 718 298 353 380 131 234 119 233 207 115 114 396
leaf_count=305 387 138 718 298 353 380 131 234 119 233 207 115 114 396
internal_value=0.0384514 56.9004 -36.3641 36.6301 -20.7666 -69.7724 -8.33085 103.651 -33.8157 22.2742 54.1763 -58.2289 87.1198 -13.5309
internal_weight=4128 1611 2517 1125 1717 800 880 486 837 620 505 495 252 749
internal_count=4128 1611 2517 1125 1717 800 880 486 837 620 505 495 252 749
is_linear=0
shrinkage=0.03


Tree=6
num_leaves=15
num_cat=0
split_feature=16 16 16 16 21 16 8 21 8 16 35 16 16 7
split_gain=8.93952e+09 1.59374e+09 1.37088e+09 2.985e+08 2.95337e+08 1.69738e+08 1.48877e+08 1.36255e+08 1.30395e+08 6.89178e+07 6.75901e+07 6.27707e+07 4.79953e+07 3.97887e+07
threshold=10260.601250000002 12858.251250000003 7956.7287500000011 9211.5200000000023 11294.566250000002 6777.2100000000019 0.91597561503675362 13654.248750000002 0.78656609248549325 11212.011250000001 259.42749999999984 11984.917500000001 8625.621250000002 10.500000000000002
decision_type=2 2 2 2 2 2 2 2 2 2 2 2 2 2
left_child=2 4 5 6 9 -1 12 -3 -5 -2 -7 13 -4 -6
right_child=1 7 3 8 11 10 -8 -9 -10 -11 -12 -13 -14 -15
leaf_value=-90.474837136949816 14.340154048702827 83.029826857468166 -43.400758910552902 -11.440725521634119 52.830841503801011 -64.046599671995494 -5.59048050255611 116.053175740242 22.328935672390845 35.463305552307986 -36.300433726591223 65.415359811049242 -28.780823901324595 30.120518432798839
leaf_weight=223 408 231 420 605 173 461 173 255 123 212 101 207 411 125
leaf_count=223 408 231 420 605 173 461 173 255 123 212 101 207 411 125
internal_value=0.0388703 55.202 -35.276 -20.35 35.5355 -68.1407 -30.9475 100.56 -5.71231 21.6084 -59.1335 52.5577 -36.2133 43.4373
internal_weight=4128 1611 2517 1732 1125 785 1004 486 728 620 562 505 831 298
internal_count=4128 1611 2517 1732 1125 785 1004 486 728 620 562 505 831 298
is_linear=0
shrinkage=0.03


Tree=7
num_leaves=15
num_cat=0
split_feature=16 16 16 21 21 21 16 16 39 8 8 16 7 7
split_gain=8.4132e+09 1.50195e+09 1.29039e+09 2.80217e+08 2.49796e+08 1.79239e+08 1.65199e+08 1.36471e+08 6.82881e+07 6.05217e+07 5.60416e+07 4.7359e+07 4.60279e+07 4.57701e+07
threshold=10260.601250000002 12321.621250000002 7981.8962500000007 9725.7212500000005 13654.248750000002 11268.626250000003 6868.0737500000005 8874.3237500000014 21.458333333333339 0.91597561503675362 0.78656609248549325 10915.528750000001 10.500000000000002 16.500000000000004
decision_type=2 2 2 2 2 2 2 2 2 2 2 2 2 2
left_child=2 5 6 7 13 11 -1 10 -5 -8 -4 -2 -7 -3
right_child=1 4 3 8 -6 12 9 -9 -10 -11 -12 -13 -14 -15
leaf_value=-85.471705343312223 10.905541195798628 78.608057705044331 -40.913751260139357 14.208014068094272 111.07404448565315 54.891079561435674 -61.417143435806672 -16.756876639872566 -10.074843671762547 -36.661180763559891 -19.236762841407288 28.141653358927702 33.598660416824877 52.363855133056639
leaf_weight=260 302 288 502 205 271 216 420 660 210 120 140 276 171 87
leaf_count=260 302 288 502 205 271 216 420 660 210 120 140 276 171 87
internal_value=0.038718 53.5533 -34.2208 -19.5386 88.9303 29.8033 -65.6689 -26.3763 1.92559 -55.9938 -36.224 19.1703 45.5937 72.6749
internal_weight=4128 1611 2517 1717 646 965 800 1302 415 540 642 578 387 375
internal_count=4128 1611 2517 1717 646 965 800 1302 415 540 642 578 387 375
is_linear=0
shrinkage=0.03


Tree=8
num_leaves=15
num_cat=0
split_feature=21 21 21 17 25 35 30 17 17 21 25 22 17 21
split_gain=7.78119e+09 1.35606e+09 1.09275e+09 3.70951e+08 1.99703e+08 1.65898e+08 1.23875e+08 1.1294e+08 7.94817e+07 7.29053e+07 6.37768e+07 6.25699e+07 5.38884e+07 4.18478e+07
threshold=10542.706250000001 8002.71 12719.961250000002 10083.698750000001 7197.5462500000003 628.41750000000059 13203.297500000002 12954.251250000003 9104.8887500000019 11601.123750000002 8841.9675000000007 13278.558750000002 11087.528750000001 6868.0737500000005
decision_type=2 2 2 2 2 2 2 2 2 2 2 2 2 2
left_child=1 4 7 5 13 8 -4 9 -3 -2 -6 -8 -5 -1
right_child=2 3 6 12 10 -7 11 -9 -10 -11 -12 -13 -14 -15
leaf_value=-87.987202458168142 24.924602079437822 -34.387127290281136 69.50103619939631 -0.74170802035800565 -52.672324142279031 4.4423270083325246 85.608770315987726 62.378705870684456 -18.772433136924406 44.023368471750359 -19.230896470116786 113.49836815102587 19.695252934455873 -65.614250409526207
leaf_weight=200 462 664 164 327 430 167 146 135 534 301 60 205 179 154
leaf_count=200 462 664 164 327 430 167 146 135 534 301 60 205 179 154
internal_value=0.0383793 -29.6734 57.1086 -15.418 -61.2196 -23.5464 91.9241 37.0619 -27.4485 32.5068 -48.625 102.174 6.51253 -78.4666
internal_weight=4128 2715 1413 1871 844 1365 515 898 1198 763 490 351 506 354
internal_count=4128 2715 1413 1871 844 1365 515 898 1198 763 490 351 506 354
is_linear=0
shrinkage=0.03


Tree=9
num_leaves=15
num_cat=0
split_feature=16 16 16 16 35 16 16 22 8 0 8 16 21 21
split_gain=7.47416e+09 1.34082e+09 1.15215e+09 2.49619e+08 2.16057e+08 2.12382e+08 1.38019e+08 1.18946e+08 1.0474e+08 9.19202e+07 6.52455e+07 5.78953e+07 3.49188e+07 3.41668e+07
threshold=10260.601250000002 12858.251250000003 8217.2625000000025 11488.001250000001 640.3412499999996 7308.1237500000007 9426.4687500000018 13335.221250000002 0.37940952255126054 10.500000000000002 0.91597561503675362 6307.8249999999998 8826.7925000000014 12954.251250000003
decision_type=2 2 2 2 2 2 2 2 2 2 2 2 2 2
left_child=2 3 5 8 6 11 12 13 -2 -5 -7 -1 -4 -3
right_child=1 7 4 9 -6 10 -8 -9 -10 -11 -12 -13 -14 -15
leaf_value=-93.636760561934139 11.96450422919489 63.655805108958276 -32.436560271835326 69.362370122273759 13.786928546410055 -50.64382251059228 -6.8816202139551548 107.8561390043218 37.306243878184134 40.137150159058748 -25.10487083152189 -66.818517150878904 -20.302773152976922 87.776589156441062
leaf_weight=106 438 115 499 143 191 442 459 234 221 323 117 316 387 137
leaf_count=106 438 115 499 143 191 442 459 234 221 323 117 316 387 137
internal_value=0.0382791 50.478 -32.2528 32.4397 -16.0145 -57.6357 -20.2536 92.081 20.5067 49.2348 -45.3529 -73.7603 -27.1655 77.0643
internal_weight=4128 1611 2517 1125 1536 981 1345 486 659 466 559 422 886 252
internal_count=4128 1611 2517 1125 1536 981 1345 486 659 466 559 422 886 252
is_linear=0
shrinkage=0.03


Tree=10
num_leaves=15
num_cat=0
split_feature=16 16 16 16 21 8 16 22 8 8 16 21 16 16
split_gain=7.00763e+09 1.35216e+09 9.54939e+08 2.54473e+08 2.29534e+08 1.60252e+08 9.95836e+07 9.5118e+07 8.14937e+07 7.88916e+07 7.7628e+07 5.63034e+07 4.81764e+07 3.44601e+07
threshold=10665.548750000002 8475.1862500000007 12899.341250000001 7402.4075000000012 9725.7212500000005 0.37940952255126054 11769.981250000003 13278.558750000002 0.37940952255126054 0.78656609248549325 9594.6512500000008 7172.3699999999999 11598.648750000002 9570.9100000000017
decision_type=2 2 2 2 2 2 2 2 2 2 2 2 2 2
left_child=1 3 5 11 10 6 -2 -4 -6 -5 -3 -1 -7 -10
right_child=2 4 7 9 8 12 -8 -9 13 -11 -12 -13 -14 -15
leaf_value=-77.572177299664176 17.829674042118764 -23.321625385060496 75.452795346123821 -46.970059100943551 -5.3624152843975939 42.92451499127327 42.150177483663072 103.89937133789063 5.212889192235612 -25.447116994732852 -4.7002683191706707 -55.942020371446326 68.512914484197452 26.315648546083917
leaf_weight=277 345 723 223 496 300 140 273 239 125 228 280 205 142 158
leaf_count=277 345 723 223 496 300 140 273 239 125 228 280 205 142 158
internal_value=-0.441423 -27.6546 55.323 -51.583 -9.43838 37.2563 28.624 90.3613 5.52556 -40.2366 -18.1331 -68.5075 56.0061 17.0459
internal_weight=4154 2792 1362 1206 1586 900 618 462 583 724 1003 482 282 283
internal_count=4154 2792 1362 1206 1586 900 618 462 583 724 1003 482 282 283
is_linear=0
shrinkage=0.03


Tree=11
num_leaves=15
num_cat=0
split_feature=21 21 21 21 36 36 21 34 36 36 36 17 36 36
split_gain=6.4639e+09 1.12858e+09 8.87022e+08 2.56402e+08 2.08576e+08 1.72073e+08 1.2529e+08 1.21543e+08 1.01278e+08 7.03861e+07 6.58125e+07 6.09941e+07 5.29876e+07 4.9144e+07
threshold=10608.891250000002 8496.845000000003 12612.525000000001 7402.4075000000012 477.63500000000028 -24.838750000000797 9725.7212500000005 15204.307500000001 242.64999999999966 -470.77625000000029 -419.85499999999951 7234.263750000001 962.7025000000009 -629.69249999999909
decision_type=2 2 2 2 2 2 2 2 2 2 2 2 2 2
left_child=1 3 5 11 6 -2 9 10 -5 -3 -4 -1 -7 -8
right_child=2 4 7 8 -6 12 13 -9 -10 -11 -12 -13 -14 -15
leaf_value=-76.935331739342729 19.528419048155541 -35.96221185231613 53.890945017423554 -46.317742712714448 13.013295959102695 40.780524901907611 -18.419314063072203 100.95441725090367 -23.380555175896795 -16.483321091398949 81.602121983119417 -54.95754163086869 67.236648418719938 4.1725410774006289
leaf_weight=229 430 235 138 439 289 327 119 200 292 585 209 261 90 311
leaf_count=229 430 235 138 439 289 327 119 200 292 585 209 261 90 311
internal_value=-0.427148 -27.0211 52.2082 -48.5469 -9.92269 32.9143 -15.2317 81.9693 -37.1999 -22.1027 70.7681 -65.3646 46.6377 -2.10782
internal_weight=4154 2760 1394 1221 1539 847 1250 547 731 820 347 490 417 430
internal_count=4154 2760 1394 1221 1539 847 1250 547 731 820 347 490 417 430
is_linear=0
shrinkage=0.03


Tree=12
num_leaves=15
num_cat=0
split_feature=16 16 16 16 16 21 8 8 8 22 16 16 8 8
split_gain=6.23023e+09 1.20167e+09 8.52593e+08 2.27134e+08 2.055e+08 1.58388e+08 1.07205e+08 9.396e+07 7.02266e+07 6.79773e+07 5.29909e+07 4.88929e+07 3.7554e+07 3.66435e+07
threshold=10665.548750000002 8475.1862500000007 13081.543750000003 7402.4075000000012 9465.1112500000017 12024.830000000002 0.37940952255126054 0.91597561503675362 0.78656609248549325 13278.558750000002 6307.8249999999998 11769.981250000003 0.37940952255126054 0.91597561503675362
decision_type=2 2 2 2 2 2 2 2 2 2 2 2 2 2
left_child=1 3 5 10 7 11 -6 -3 -5 -4 -1 12 -2 -12
right_child=2 4 9 8 6 -7 -8 -9 -10 -11 13 -13 -14 -15
leaf_value=-84.15254638671874 16.418352522850036 -23.488626542098142 73.660838330720594 -44.264090212662694 -4.4833654540470977 53.103789062701068 20.877692273734272 3.9782997473674033 -23.958097689890966 99.444324870862459 -64.616885460088611 39.71617621129873 37.755998485331631 -42.152000385363074
leaf_weight=104 323 703 189 496 544 331 206 133 228 227 282 195 97 96
leaf_count=104 323 703 189 496 544 331 206 133 228 227 282 195 97 96
internal_value=-0.413548 -26.0729 52.1668 -48.6305 -8.90021 36.3617 2.50098 -19.1193 -37.9113 87.935 -64.6198 27.2793 21.4243 -59.0378
internal_weight=4154 2792 1362 1206 1586 946 750 836 724 416 482 615 420 378
internal_count=4154 2792 1362 1206 1586 946 750 836 724 416 482 615 420 378
is_linear=0
shrinkage=0.03


Tree=13
num_leaves=15
num_cat=0
split_feature=16 16 16 16 16 8 8 16 8 8 21 16 26 8
split_gain=5.86355e+09 1.13144e+09 8.02454e+08 2.20122e+08 1.87285e+08 1.50285e+08 1.00896e+08 9.63488e+07 8.5303e+07 6.72367e+07 6.58498e+07 5.77773e+07 5.05521e+07 3.89216e+07
threshold=10665.548750000002 8493.3775000000023 13081.543750000003 7524.5275000000011 9465.1112500000017 0.37940952255126054 0.37940952255126054 11769.981250000003 0.91597561503675362 0.91597561503675362 13574.406250000002 6307.8249999999998 11566.703750000002 0.91597561503675362
decision_type=2 2 2 2 2 2 2 2 2 2 2 2 2 2
left_child=1 3 5 11 8 7 -6 -2 -3 -5 -4 -1 -7 -13
right_child=2 4 10 9 6 12 -8 -9 -10 -11 -12 13 -14 -15
leaf_value=-81.652012695312493 16.179653814025006 -22.537897123666696 68.839149063499107 -40.066622076719504 -4.3491112543967887 38.994296642801032 20.25438723453577 39.426069250985194 3.9325156326148343 -16.236586284146586 94.889831655217307 -61.336594407414815 64.450248763472942 -40.129693739539697
leaf_weight=104 345 687 156 542 544 137 206 303 130 135 260 331 161 113
leaf_count=104 345 687 156 542 544 137 206 303 130 135 260 331 161 113
internal_value=-0.400724 -25.2936 50.6089 -46.8812 -8.39828 35.2755 2.4266 27.0935 -18.3263 -35.3457 85.3094 -61.0419 52.917 -56.0417
internal_weight=4154 2792 1362 1225 1567 946 750 648 817 677 416 548 298 444
internal_count=4154 2792 1362 1225 1567 946 750 648 817 677 416 548 298 444
is_linear=0
shrinkage=0.03


Tree=14
num_leaves=15
num_cat=0
split_feature=16 16 16 16 21 8 8 16 8 16 16 26 8 0
split_gain=5.51868e+09 1.04854e+09 7.74454e+08 1.9744e+08 1.81256e+08 1.32825e+08 1.05053e+08 8.22118e+07 7.8588e+07 7.56321e+07 5.21717e+07 4.12464e+07 4.06015e+07 3.21824e+07
threshold=10629.640000000001 8386.4612500000021 12899.341250000001 9387.3987500000021 7402.4075000000012 0.37940952255126054 0.78656609248549325 11769.981250000003 0.91597561503675362 14646.105000000001 6973.0687500000013 11566.703750000002 0.78656609248549325 10.500000000000002
decision_type=2 2 2 2 2 2 2 2 2 2 2 2 2 2
left_child=1 4 5 8 10 7 -5 -2 -3 13 -1 -7 -6 -4
right_child=2 3 9 6 12 11 -8 -9 -10 -11 -12 -13 -14 -15
leaf_value=-71.728938879925266 15.325463403420196 -23.593135015175424 91.156176818847655 -3.7009821980340138 -43.307192009819879 37.544795139552825 25.06215097385904 37.236943668971094 1.4620994329452512 103.10724806043837 -50.973298428484014 60.948336871421503 -28.126466518284118 67.649824950428211
leaf_weight=229 358 703 79 664 377 142 137 273 134 107 240 145 290 276
leaf_count=229 358 703 79 664 377 142 137 273 134 107 240 145 290 276
internal_value=-0.388119 -24.7755 48.6164 -9.40497 -46.9105 32.6139 1.24365 24.8493 -19.5849 80.2745 -61.2388 49.5395 -36.7589 73.1222
internal_weight=4154 2774 1380 1638 1136 918 801 631 837 462 469 287 667 355
internal_count=4154 2774 1380 1638 1136 918 801 631 837 462 469 287 667 355
is_linear=0
shrinkage=0.03


Tree=15
num_leaves=15
num_cat=0
split_feature=16 16 16 21 16 8 21 16 16 35 35 16 16 8
split_gain=5.12757e+09 8.9814e+08 7.75943e+08 1.87191e+08 1.39067e+08 1.22578e+08 8.81052e+07 7.66671e+07 6.89918e+07 5.33048e+07 4.90005e+07 4.09941e+07 3.95786e+07 3.50383e+07
threshold=10511.917500000001 8245.1975000000002 12714.451250000002 9725.7212500000005 7339.8525000000009 0.37940952255126054 13574.406250000002 11769.981250000003 9387.3987500000021 735.01124999999968 483.4674999999998 11952.371250000002 6058.8950000000013 0.91597561503675362
decision_type=2 2 2 2 2 2 2 2 2 2 2 2 2 2
left_child=1 4 5 8 12 7 -4 -2 13 -5 -6 -7 -1 -3
right_child=2 3 6 9 10 11 -8 -9 -10 -11 -12 -13 -14 -15
leaf_value=-82.55625216397371 13.68023330599871 -25.005106825126045 61.393691956623485 -2.2679112601022609 -40.718986130665414 37.532466138567237 87.061148914808641 34.973651255549214 -7.2081562873793805 19.146515872429156 -13.685652497452748 62.685444251751072 -56.029187780539196 -3.5319469523739504
leaf_weight=65 408 716 248 375 505 209 266 244 368 144 70 86 359 76
leaf_count=65 408 716 248 375 505 209 266 244 368 144 70 86 359 76
internal_value=-0.0241696 -24.6852 45.1653 -11.272 -47.1948 29.0077 74.8201 21.6903 -17.9677 3.69903 -37.4575 45.0523 -60.2806 -22.9516
internal_weight=4139 2678 1461 1679 999 947 514 652 1160 519 575 295 424 792
internal_count=4139 2678 1461 1679 999 947 514 652 1160 519 575 295 424 792
is_linear=0
shrinkage=0.03


Tree=16
num_leaves=15
num_cat=0
split_feature=16 16 16 16 16 16 18 21 0 18 0 18 16 16
split_gain=4.82693e+09 9.1514e+08 6.57185e+08 1.79329e+08 1.60016e+08 1.19115e+08 6.73204e+07 6.60623e+07 5.77767e+07 5.37677e+07 5.29189e+07 4.13551e+07 4.12506e+07 2.54242e+07
threshold=10665.548750000002 8386.4612500000021 13024.608750000003 9387.3987500000021 7402.4075000000012 11907.385 9121.9550000000017 13574.406250000002 10.500000000000002 8297.2325000000019 10.500000000000002 7308.1237500000007 6367.4412500000008 9917.5112500000014
decision_type=2 2 2 2 2 2 2 2 2 2 2 2 2 2
left_child=1 4 5 9 12 8 -5 -4 -2 -3 -7 -6 -1 -8
right_child=2 3 7 6 11 10 13 -9 -10 -11 -12 -13 -14 -15
leaf_value=-74.542768463419975 36.625981502433099 -2.6644886390668043 62.030894916057584 17.27846281911506 -14.590434605798055 61.86827180506819 -9.7152314032793026 86.53948006347656 16.375597961708941 -22.086631464688281 36.863505749761316 -37.28483485303606 -52.357215652465818 2.328779607597772
leaf_weight=106 190 158 191 182 85 117 299 249 388 688 242 559 353 332
leaf_count=106 190 158 191 182 85 117 299 249 388 688 242 559 353 332
internal_value=-0.022825 -22.8966 45.841 -8.80631 -44.0624 31.5821 1.2566 76.0653 23.0841 -18.4668 45.162 -34.3167 -57.6316 -3.38461
internal_weight=4139 2762 1377 1659 1103 937 813 440 578 846 359 644 459 631
internal_count=4139 2762 1377 1659 1103 937 813 440 578 846 359 644 459 631
is_linear=0
shrinkage=0.03


Tree=17
num_leaves=15
num_cat=0
split_feature=16 16 16 21 21 21 16 35 35 16 0 16 0 16
split_gain=4.54464e+09 7.86291e+08 6.99599e+08 1.64522e+08 1.24778e+08 1.13297e+08 8.1584e+07 6.92134e+07 4.41886e+07 4.17484e+07 3.90304e+07 3.85562e+07 3.06087e+07 2.96063e+07
threshold=10479.172500000002 8245.1975000000002 12714.451250000002 9195.1975000000002 7524.5275000000011 11771.136250000001 13913.702500000001 763.11374999999964 496.73874999999958 6367.4412500000008 16.500000000000004 9043.7362500000017 10.500000000000002 11488.001250000001
decision_type=2 2 2 2 2 2 2 2 2 2 2 2 2 2
left_child=1 4 5 11 9 10 12 -5 -6 -1 13 -3 -4 -2
right_child=2 3 6 7 8 -7 -8 -9 -10 -11 -12 -13 -14 -15
leaf_value=-73.219715217141541 19.351900667583241 -25.910921668076416 74.556474331240111 -5.6142445158369956 -38.122295078286278 41.066816281425879 82.868476697597572 16.575268653213204 -14.489736526445908 -50.694222385998074 9.4141236741322238 -12.447343422621488 50.921136573585308 37.053537633419033
leaf_weight=101 271 481 78 708 438 337 252 153 87 373 226 323 184 127
leaf_count=101 271 481 78 708 438 337 252 153 87 373 226 323 184 127
internal_value=-0.0213671 -23.4104 42.2089 -10.7743 -44.4389 27.0522 70.4391 -1.65649 -34.2411 -55.638 19.4298 -20.5242 58.2144 25.0792
internal_weight=4139 2664 1475 1665 999 961 514 861 525 474 624 804 262 398
internal_count=4139 2664 1475 1665 999 961 514 861 525 474 624 804 262 398
is_linear=0
shrinkage=0.03


Tree=18
num_leaves=15
num_cat=0
split_feature=16 16 16 16 8 8 16 8 16 21 16 16 8 16
split_gain=4.27866e+09 8.129e+08 5.83543e+08 2.31213e+08 1.28963e+08 1.07357e+08 7.4346e+07 7.43402e+07 6.5331e+07 6.00426e+07 4.41775e+07 4.20139e+07 3.19608e+07 3.16364e+07
threshold=10665.548750000002 8773.6125000000011 13024.608750000003 7587.8900000000003 0.78656609248549325 0.37940952255126054 9656.4525000000012 0.78656609248549325 11769.981250000003 13574.406250000002 6367.4412500000008 11952.371250000002 0.91597561503675362 9758.3387500000008
decision_type=2 2 2 2 2 2 2 2 2 2 2 2 2 2
left_child=1 3 5 10 6 8 -3 -5 -2 -4 -1 -7 -12 -6
right_child=2 4 9 7 13 11 -8 -9 -10 -11 12 -13 -14 -15
leaf_value=-70.207151517778911 13.884467255877903 -16.161482493472512 58.277525317668911 -33.279197648808925 7.2559587345637517 35.375790178852696 -0.34950187859226423 -14.39060834172027 33.217845215551627 81.617984501953117 -52.807753007368603 59.039484343155571 -33.660014285288355 30.093451290574183
leaf_weight=106 348 579 191 631 152 185 497 270 290 249 329 114 113 85
leaf_count=106 348 579 191 631 152 185 497 270 290 249 329 114 113 85
internal_value=-0.0199193 -21.5555 43.1606 -37.0402 -4.45167 29.7245 -8.86511 -27.6412 22.7106 71.6413 -52.4153 44.5648 -47.9996 15.5387
internal_weight=4139 2762 1377 1449 1313 937 1076 901 638 440 548 299 442 237
internal_count=4139 2762 1377 1449 1313 937 1076 901 638 440 548 299 442 237
is_linear=0
shrinkage=0.03


Tree=19
num_leaves=15
num_cat=0
split_feature=16 16 16 21 16 8 21 8 16 7 16 24 16 16
split_gain=4.02781e+09 7.65113e+08 5.97794e+08 1.43407e+08 1.3173e+08 1.00591e+08 7.27348e+07 6.04e+07 5.395e+07 4.78742e+07 4.06676e+07 3.76625e+07 3.09272e+07 2.56556e+07
threshold=10166.415000000003 12223.357500000002 7956.7287500000011 8965.7300000000014 13574.406250000002 0.37940952255126054 7172.3699999999999 0.91597561503675362 11087.858750000001 10.500000000000002 9143.2437500000015 589.13080840392138 14907.170000000002 9426.4687500000018
decision_type=2 2 2 2 2 2 2 2 2 2 2 2 2 2
left_child=2 5 6 10 9 8 -1 13 -2 -3 -4 -9 -6 -5
right_child=1 4 3 7 12 -7 -8 11 -10 -11 -12 -13 -14 -15
leaf_value=-57.598333569903708 4.7616385000517161 64.647924630301347 -26.759392733081405 -16.939417412137022 69.179179077148433 33.733382899575417 -38.455793803759988 -0.4057598869005839 21.736929594336488 40.231639764288893 -11.205191868130523 25.871871353232343 92.915934517775909 -4.8855266225337983
leaf_weight=300 348 111 638 297 239 307 475 170 327 237 201 68 78 343
leaf_count=300 348 111 638 297 239 307 475 170 327 237 201 68 78 343
internal_value=-0.0186121 36.3717 -24.0745 -14.1883 61.1999 19.5132 -45.9305 -5.70285 13.0052 48.1826 -23.0509 7.17891 75.2936 -10.497
internal_weight=4139 1647 2492 1717 665 982 775 878 675 348 839 238 317 640
internal_count=4139 1647 2492 1717 665 982 775 878 675 348 839 238 317 640
is_linear=0
shrinkage=0.03


Tree=20
num_leaves=15
num_cat=0
split_feature=16 16 16 21 16 21 35 16 0 16 0 35 21 36
split_gain=3.82914e+09 7.70394e+08 5.56475e+08 1.63847e+08 1.3253e+08 1.02243e+08 6.9985e+07 5.63185e+07 3.92344e+07 3.83131e+07 3.50125e+07 3.21255e+07 2.61442e+07 1.9764e+07
threshold=10166.415000000003 12370.81875 7765.5700000000006 9044.251250000003 13574.406250000002 10844.830000000002 669.00125000000037 6447.4287500000019 10.500000000000002 8824.3950000000004 10.500000000000002 126.88749999999983 14189.243750000003 -441.01124999999951
decision_type=2 2 2 2 2 2 2 2 2 2 2 2 2 2
left_child=2 5 7 9 8 -2 13 -1 -3 -4 -7 -9 -6 -5
right_child=1 4 3 6 12 10 -8 11 -10 -11 -12 -13 -14 -15
leaf_value=-65.099132705316308 9.4125625125533645 64.26694921875 -27.22464949193208 -15.17715959067214 65.615823545102728 36.128377997033731 11.278626717222922 -46.288049433091111 40.63999273907055 -14.875588062129669 21.137916663748317 -28.594173773832097 84.686597981003104 -4.7727697864896372
leaf_weight=122 474 94 620 291 161 271 190 407 230 363 304 128 158 379
leaf_count=122 474 94 620 291 161 271 190 407 230 363 304 128 158 379
internal_value=0.796406 35.6368 -22.7884 -14.3234 61.4723 19.7571 -4.75164 -46.4763 47.6714 -22.6842 28.2535 -42.116 75.2967 -9.3076
internal_weight=4192 1692 2500 1843 643 1049 860 657 324 983 575 535 319 670
internal_count=4192 1692 2500 1843 643 1049 860 657 324 983 575 535 319 670
is_linear=0
shrinkage=0.03


Tree=21
num_leaves=15
num_cat=0
split_feature=16 16 16 35 16 16 9 16 31 35 0 16 9 22
split_gain=3.6045e+09 6.88718e+08 5.47354e+08 1.42825e+08 1.24738e+08 1.00159e+08 8.75498e+07 6.61342e+07 5.88733e+07 4.06471e+07 3.69661e+07 2.80429e+07 2.46861e+07 2.40262e+07
threshold=10260.601250000002 12370.81875 7956.7287500000011 591.33875000000091 13574.406250000002 9163.9037500000031 -0.25881904510252068 6447.4287500000019 10212.964114583336 143.23374999999945 10.500000000000002 11174.822500000002 0.60355339059327384 12954.251250000003
decision_type=2 2 2 2 2 2 2 2 2 2 2 2 2 2
left_child=2 6 7 5 10 12 8 -1 11 -9 -3 -2 -4 -6
right_child=1 4 3 -5 13 -7 -8 9 -10 -11 -12 -13 -14 -15
leaf_value=-63.162036750607371 13.419652600220658 62.359235788445716 -16.726394432242959 8.099765759240622 59.003513376664138 -6.9669995001670202 6.3921475464427004 -43.161259606101289 39.988831073961755 -25.406036874048457 39.426071136152586 27.67262806927862 -26.97318197310932 78.897980289202621
leaf_weight=122 263 94 383 260 97 648 305 483 189 160 230 241 495 222
leaf_count=122 263 94 383 260 97 648 305 483 189 160 230 241 495 222
internal_value=0.773452 35.4456 -21.5355 -12.4282 59.64 -15.9288 19.8133 -42.7538 25.7024 -38.7895 46.251 20.2764 -22.5275 73.0519
internal_weight=4192 1641 2551 1786 643 1526 998 765 693 643 324 504 878 319
internal_count=4192 1641 2551 1786 643 1526 998 765 693 643 324 504 878 319
is_linear=0
shrinkage=0.03


Tree=22
num_leaves=15
num_cat=0
split_feature=21 21 21 21 36 36 36 36 21 21 36 25 21 21
split_gain=3.36317e+09 5.76716e+08 5.12138e+08 1.33332e+08 1.24645e+08 1.1956e+08 6.72239e+07 6.05147e+07 4.91006e+07 4.39506e+07 3.89423e+07 3.74171e+07 3.69002e+07 3.20076e+07
threshold=10542.706250000001 8505.8150000000023 12954.251250000003 7367.451250000001 226.99375000000148 -24.838750000000797 -292.19250000000005 242.64999999999966 9195.1975000000002 11601.123750000002 -641.0074999999996 6933.3562500000007 14189.243750000003 11799.026250000001
decision_type=2 2 2 2 2 2 2 2 2 2 2 2 2 2
left_child=1 3 5 11 8 13 -4 -5 -3 -7 -10 -1 -8 -2
right_child=2 4 6 7 -6 9 12 -9 10 -11 -12 -13 -14 -15
leaf_value=-57.650973866525 8.917742759386698 -21.206389493015074 48.497266098927646 -33.754755494044382 5.7834419564957518 27.492599637218067 63.150491744640256 -16.483776214076023 -18.910692015062903 45.675252674959829 -2.9014714471541763 -39.345675826481994 86.909866187171588 24.252619492351144
leaf_weight=198 305 377 176 467 489 270 171 305 193 226 465 232 112 206
leaf_count=198 305 377 176 467 489 270 171 305 193 226 465 232 112 206
internal_value=0.751342 -18.9528 37.3788 -34.4816 -6.69043 25.365 63.6234 -26.9615 -12.5838 35.8527 -7.61878 -47.8889 72.8265 15.135
internal_weight=4192 2726 1466 1202 1524 1007 459 772 1035 496 658 430 283 511
internal_count=4192 2726 1466 1202 1524 1007 459 772 1035 496 658 430 283 511
is_linear=0
shrinkage=0.03


Tree=23
num_leaves=15
num_cat=0
split_feature=16 16 16 35 16 9 16 31 16 0 16 8 8 16
split_gain=3.20899e+09 6.9889e+08 4.32902e+08 1.23261e+08 1.11437e+08 9.60142e+07 7.97516e+07 6.10452e+07 4.72724e+07 3.34176e+07 3.00736e+07 2.93488e+07 2.82675e+07 2.28155e+07
threshold=9999.7537500000017 12370.81875 7765.5700000000006 591.33875000000091 13574.406250000002 -0.25881904510252068 8824.3950000000004 10092.926822916668 6447.4287500000019 10.500000000000002 10915.528750000001 0.91597561503675362 0.78656609248549325 15071.457500000002
decision_type=2 2 2 2 2 2 2 2 2 2 2 2 2 2
left_child=2 5 8 6 9 7 12 10 -1 -3 -2 -10 -4 -6
right_child=1 4 3 -5 13 -7 -8 -9 11 -11 -12 -13 -14 -15
leaf_value=-59.634285516506282 9.2403340802351632 58.905537404913652 -27.401064422358633 5.9781962928771968 64.198032476088585 4.9588912940025329 -10.527908482627311 36.157748665871026 -42.703745974115009 37.112106609220625 23.884972555136276 -26.128808058079549 -12.87239911824275 86.152931130149142
leaf_weight=122 224 94 574 239 254 387 786 232 400 230 294 135 156 65
leaf_count=122 224 94 574 239 254 387 786 232 400 230 294 135 156 65
internal_value=0.729663 31.2743 -21.8152 -14.0247 56.2509 17.1125 -17.18 23.3687 -42.5726 43.5967 17.5822 -38.5779 -24.3182 68.9269
internal_weight=4192 1780 2412 1755 643 1137 1516 750 657 324 518 535 730 319
internal_count=4192 1780 2412 1755 643 1137 1516 750 657 324 518 535 730 319
is_linear=0
shrinkage=0.03


Tree=24
num_leaves=15
num_cat=0
split_feature=16 16 16 21 16 35 16 21 0 0 21 35 16 9
split_gain=3.02034e+09 7.14767e+08 3.70629e+08 1.13203e+08 1.04896e+08 1.00184e+08 6.04478e+07 4.62171e+07 3.14853e+07 2.97883e+07 2.24918e+07 2.20838e+07 2.02731e+07 1.91131e+07
threshold=9838.7075000000023 12370.81875 7765.5700000000006 10844.830000000002 13574.406250000002 591.33875000000091 8824.3950000000004 6868.0737500000005 10.500000000000002 10.500000000000002 14189.243750000003 417.62000000000086 11028.085000000001 0.60355339059327384
decision_type=2 2 2 2 2 2 2 2 2 2 2 2 2 2
left_child=2 3 7 12 8 6 13 -1 -3 -5 -6 -9 -2 -4
right_child=1 4 5 9 10 -7 -8 11 -10 -11 -12 -13 -14 -15
leaf_value=-52.927476311799516 3.5990231168450544 57.156973003186678 -17.697316213614574 31.600383481309567 57.973987573694302 4.3173434504237749 -11.261075583622384 -38.278087482402853 36.003563051595314 18.187642278947248 75.519613129237911 -18.240415672865069 16.189223704745896 -27.697442175591739
leaf_weight=213 478 94 302 298 161 217 708 384 230 310 158 60 151 428
leaf_count=213 478 94 302 298 161 217 708 384 230 310 158 60 151 428
internal_value=0.708828 28.9398 -22.2498 15.5813 54.5748 -14.6663 -17.5321 -41.3013 42.2977 24.8028 66.8732 -35.6174 6.6424 -23.5903
internal_weight=4192 1880 2312 1237 643 1655 1438 657 324 608 319 444 629 730
internal_count=4192 1880 2312 1237 643 1655 1438 657 324 608 319 444 629 730
is_linear=0
shrinkage=0.03


Tree=25
num_leaves=15
num_cat=0
split_feature=16 16 16 16 22 8 16 8 8 0 35 16 34 16
split_gain=2.8073e+09 5.2325e+08 4.47511e+08 1.15512e+08 1.09371e+08 6.49228e+07 5.67112e+07 5.6088e+07 5.49157e+07 4.66595e+07 3.78632e+07 3.01912e+07 2.5977e+07 1.97493e+07
threshold=10238.503750000002 12087.386250000001 7956.7287500000011 9299.7200000000012 13278.558750000002 0.91597561503675362 6307.8249999999998 0.37940952255126054 0.91597561503675362 16.500000000000004 143.23374999999945 10985.798750000002 14654.395000000002 8773.6125000000011
decision_type=2 2 2 2 2 2 2 2 2 2 2 2 2 2
left_child=2 7 6 5 9 13 -1 11 -5 -3 -8 -2 -6 -4
right_child=1 4 3 8 12 -7 10 -9 -10 -11 -12 -13 -14 -15
leaf_value=-59.456253004351858 3.2644053269117963 45.776131569625981 -24.143767504665238 -4.3729435099054257 50.634954873361892 -1.1525785796344281 -39.20041499454549 26.615378673865699 22.178627083539961 22.096181215667723 -22.334487928495818 16.682097357388969 71.763808743020761 -15.109280738282763
leaf_weight=102 286 350 532 566 92 191 520 280 79 99 162 320 183 382
leaf_count=102 286 350 532 566 92 191 520 280 79 99 162 320 183 382
internal_value=0.0462033 31.0127 -19.6331 -11.1833 49.9182 -17.0676 -38.456 15.5251 -1.09157 40.6157 -35.2327 10.3655 64.9044 -20.3885
internal_weight=4144 1610 2534 1750 724 1105 784 886 645 449 682 606 275 914
internal_count=4144 1610 2534 1750 724 1105 784 886 645 449 682 606 275 914
is_linear=0
shrinkage=0.03


Tree=26
num_leaves=15
num_cat=0
split_feature=17 35 17 17 35 22 9 26 35 0 9 17 17 34
split_gain=2.21671e+09 4.72283e+08 4.16837e+08 2.62169e+08 1.92407e+08 1.38336e+08 5.44574e+07 5.38049e+07 5.3698e+07 5.15188e+07 4.15872e+07 3.55542e+07 2.56711e+07 2.43923e+07
threshold=10238.503750000002 601.72750000000099 12464.450000000001 8141.0187500000002 377.66125000000108 13278.558750000002 0.60355339059327384 9356.0450000000019 34.931250000000553 16.500000000000004 -0.25881904510252068 6973.0687500000013 9024.228750000002 13202.743750000001
decision_type=2 2 2 2 2 2 2 2 2 2 2 2 2 2
left_child=1 3 4 8 10 9 -5 -3 11 -4 -2 -1 -8 -6
right_child=2 7 5 6 13 -7 12 -9 -10 -11 -12 -13 -14 -15
leaf_value=-56.025315325543595 14.956254021218419 -0.56879587278603028 43.864297316701787 -8.7677627648067951 27.865965539563085 66.104433487955717 -26.703966957618452 22.061287252128896 -26.547920762814972 19.70659629634169 0.97913521531151559 -37.716241014170087 -15.313848964985567 46.727476864406036
leaf_weight=142 399 160 246 640 123 224 347 230 284 121 368 343 378 139
leaf_count=142 399 160 246 640 123 224 347 230 284 121 368 343 378 139
internal_value=0.045492 -17.5306 27.4234 -23.077 15.8651 47.4868 -15.1662 12.7994 -37.0808 35.9747 8.26018 -43.1811 -20.7947 38.0123
internal_weight=4144 2524 1620 2134 1029 591 1365 390 769 367 767 485 725 262
internal_count=4144 2524 1620 2134 1029 591 1365 390 769 367 767 485 725 262
is_linear=0
shrinkage=0.03


Tree=27
num_leaves=15
num_cat=0
split_feature=17 35 17 17 35 22 9 26 35 9 0 17 17 29
split_gain=2.08626e+09 4.44475e+08 3.93394e+08 2.46758e+08 1.91148e+08 1.14641e+08 5.12506e+07 5.06388e+07 5.05433e+07 4.54815e+07 3.47058e+07 3.34861e+07 2.90714e+07 2.55447e+07
threshold=10238.503750000002 601.72750000000099 12656.721250000001 8141.0187500000002 276.38249999999977 12954.251250000003 0.60355339059327384 9356.0450000000019 34.931250000000553 -0.25881904510252068 16.500000000000004 6973.0687500000013 11419.881250000002 8709.0300000000007
decision_type=2 2 2 2 2 2 2 2 2 2 2 2 2 2
left_child=1 3 4 8 9 10 -5 -3 11 12 -4 -1 -2 -8
right_child=2 7 5 6 -6 -7 13 -9 -10 -11 -12 -13 -14 -15
leaf_value=-54.356308043153135 7.8303709334448586 -0.55183800694364937 42.56127233111669 -8.5051402105332912 36.701286289501191 63.262408874511721 -25.794476884162592 21.402313776685819 -25.754277770996094 0.99739703573148197 20.42857161129222 -36.588043018607209 23.729965948697291 -14.448336688938719
leaf_weight=142 220 160 188 640 299 239 364 230 284 376 101 343 197 361
leaf_count=142 220 160 188 640 299 239 364 230 284 376 101 343 197 361
internal_value=0.0446385 -17.0064 26.6048 -22.3871 16.2996 47.8465 -14.7124 12.4171 -35.973 8.57065 34.9235 -41.8915 15.3805 -20.1726
internal_weight=4144 2524 1620 2134 1092 528 1365 390 769 793 289 485 417 725
internal_count=4144 2524 1620 2134 1092 528 1365 390 769 793 289 485 417 725
is_linear=0
shrinkage=0.03


Tree=28
num_leaves=15
num_cat=0
split_feature=16 16 16 16 8 8 16 0 16 16 35 24 16 16
split_gain=2.35701e+09 5.64231e+08 2.96009e+08 9.52616e+07 8.58311e+07 7.12723e+07 5.09376e+07 4.90649e+07 4.50933e+07 4.16227e+07 3.26909e+07 2.71992e+07 2.28365e+07 1.63392e+07
threshold=9818.4375000000018 12087.386250000001 7833.1562500000009 13574.406250000002 0.91597561503675362 0.37940952255126054 8824.3950000000004 10.500000000000002 6058.8950000000013 10985.798750000002 314.22249999999946 581.66454945001828 14646.105000000001 7234.263750000001
decision_type=2 2 2 2 2 2 2 2 2 2 2 2 2 2
left_child=2 5 8 7 6 9 -4 -3 -1 -2 13 -6 -5 -10
right_child=1 3 4 12 11 -7 -8 -9 10 -11 -12 -13 -14 -15
leaf_value=-59.626277379855303 1.209421817194986 51.108671438398154 -22.375916280984875 51.720538180958137 -2.4178173510737535 23.163842300851002 -10.566706056856273 28.901842788533962 -42.182680924193882 15.2206141085491 -17.089968340111817 21.344418323863636 70.076838106722448 -31.286063839382596
leaf_weight=70 471 136 639 197 204 349 683 281 270 320 91 54 110 269
leaf_count=70 471 136 639 197 204 349 683 281 270 320 91 54 110 269
internal_value=0.0436677 25.0593 -20.4097 45.7537 -13.2005 11.8879 -16.2874 36.2493 -36.6398 6.88975 -33.9953 2.61882 58.5039 -36.8125
internal_weight=4144 1864 2280 724 1580 1140 1322 417 700 791 630 258 307 539
internal_count=4144 1864 2280 724 1580 1140 1322 417 700 791 630 258 307 539
is_linear=0
shrinkage=0.03


Tree=29
num_leaves=15
num_cat=0
split_feature=21 16 16 16 16 16 22 8 16 0 8 36 8 21
split_gain=2.22808e+09 4.17436e+08 3.50799e+08 1.22362e+08 6.90275e+07 6.24277e+07 4.17378e+07 3.6687e+07 3.34778e+07 3.04657e+07 2.76011e+07 2.62456e+07 2.62162e+07 2.08613e+07
threshold=10515.940000000002 8773.6125000000011 13024.608750000003 7587.8900000000003 11855.052500000002 9864.8112500000025 13395.125000000002 0.78656609248549325 6058.8950000000013 10.500000000000002 0.78656609248549325 -822.63874999999996 0.78656609248549325 11953.165000000003
decision_type=2 2 2 2 2 2 2 2 2 2 2 2 2 2
left_child=1 3 4 8 11 10 -4 -5 -1 -6 -3 -2 -10 -13
right_child=2 5 6 7 9 -7 -8 -9 12 -11 -12 13 -14 -15
leaf_value=-57.862683105468747 4.7815735092370408 -10.931197665984657 42.865295646794856 -24.045476451071963 43.458893163648696 4.8493213093086167 62.120954390631773 -10.353664181462252 -41.542995696015403 24.636324712454552 6.6061218717953425 15.193980127591306 -27.172615697372791 31.735972288243907
leaf_weight=70 183 678 218 627 117 489 215 248 272 248 91 390 214 84
leaf_count=70 183 678 218 627 117 489 215 248 272 248 91 390 214 84
internal_value=0.0429165 -16.137 29.9358 -27.2139 20.3137 -3.52528 52.5476 -20.1811 -38.2255 30.7722 -8.85001 14.4654 -35.2841 18.1861
internal_weight=4144 2689 1455 1431 1022 1258 433 875 556 365 769 657 486 474
internal_count=4144 2689 1455 1431 1022 1258 433 875 556 365 769 657 486 474
is_linear=0
shrinkage=0.03


Tree=30
num_leaves=15
num_cat=0
split_feature=21 16 16 21 16 21 21 8 16 35 2 9 16 33
split_gain=2.11239e+09 3.90165e+08 3.33483e+08 9.53477e+07 7.42541e+07 5.89559e+07 4.23863e+07 3.07215e+07 3.06733e+07 2.9894e+07 2.0822e+07 1.59037e+07 1.44601e+07 1.1251e+07
threshold=10583.641249999999 8584.1987500000014 13024.608750000003 7721.5362500000019 9838.7075000000023 12024.830000000002 14189.243750000003 0.91597561503675362 7036.3137500000003 483.4674999999998 4.5000000000000009 -0.5 11087.858750000001 7654.3612500000008
decision_type=2 2 2 2 2 2 2 2 2 2 2 2 2 2
left_child=1 3 5 8 7 10 11 -3 -1 13 -2 -4 -6 -5
right_child=2 4 6 9 12 -7 -8 -9 -10 -11 -12 -13 -14 -15
leaf_value=-44.221868258714672 18.175328040390298 -11.713900808351484 47.277697060721259 -26.272119523862312 2.0227497105318464 29.591889954254405 63.328528258583759 6.0881264196366676 -30.228766705094912 -7.0014332741409984 6.3376326557039055 27.24441155319214 14.958451525121927 -17.371257989569887
leaf_weight=255 392 820 209 347 412 356 175 97 348 133 205 49 95 218
leaf_count=255 392 820 209 347 412 356 175 97 348 133 205 49 95 218
internal_value=-0.256742 -15.5924 29.8841 -27.4623 -4.73616 19.9296 51.6967 -9.82621 -36.2097 -19.8644 14.1279 43.5929 4.4713 -22.8746
internal_weight=4111 2725 1386 1301 1424 953 433 917 603 698 597 258 507 565
internal_count=4111 2725 1386 1301 1424 953 433 917 603 698 597 258 507 565
is_linear=0
shrinkage=0.03


Tree=31
num_leaves=15
num_cat=0
split_feature=21 21 21 21 11 25 21 21 17 11 9 21 25 17
split_gain=1.98804e+09 3.39621e+08 3.1155e+08 9.08961e+07 4.429e+07 4.34346e+07 4.0066e+07 3.54035e+07 2.53988e+07 2.47664e+07 1.91085e+07 1.69657e+07 1.63791e+07 1.63089e+07
threshold=10583.641249999999 7982.5900000000011 12954.251250000003 9148.0725000000002 0.81174490092936691 7197.5462500000003 11799.026250000001 14542.665000000003 9864.8112500000025 0.81174490092936691 0.37940952255126048 9961.2500000000018 8841.9675000000007 14646.105000000001
decision_type=2 2 2 2 2 2 2 2 2 2 2 2 2 2
left_child=1 5 4 8 6 10 -2 13 -3 11 -1 -5 -7 -4
right_child=2 3 7 9 -6 12 -8 -9 -10 -11 -12 -13 -14 -15
leaf_value=-28.252160613116096 11.329669890669203 -16.662816161652525 40.601140355804084 -6.5734487281712317 37.948312825323306 -27.439067784907142 24.551134576352087 63.238380053527372 -1.6662017113734513 13.31046531602238 -44.476700678958167 1.9877774318876351 -9.5010275480482314 60.520542993164057
leaf_weight=101 484 834 256 543 102 417 363 132 116 88 236 337 53 49
leaf_count=101 484 834 256 543 102 417 363 132 116 88 236 337 53 49
internal_value=-0.248469 -15.1259 28.9917 -8.24797 19.3055 -31.4422 17.0183 49.9344 -14.8353 -1.77443 -39.7122 -3.29634 -25.4408 43.9887
internal_weight=4111 2725 1386 1918 949 807 847 437 950 968 337 880 470 305
internal_count=4111 2725 1386 1918 949 807 847 437 950 968 337 880 470 305
is_linear=0
shrinkage=0.03


Tree=32
num_leaves=15
num_cat=0
split_feature=16 16 16 16 8 8 16 8 35 22 0 31 16 16
split_gain=1.87474e+09 4.17858e+08 2.30844e+08 9.74476e+07 8.29031e+07 5.08168e+07 4.48397e+07 4.30645e+07 2.62693e+07 2.49514e+07 2.30356e+07 1.81451e+07 1.73465e+07 1.71475e+07
threshold=10915.528750000001 8756.8000000000011 13345.380000000003 7402.4075000000012 0.60355339059327384 0.37940952255126054 9864.8112500000025 0.91597561503675362 390.47249999999991 13638.490000000002 16.500000000000004 7861.7007291666678 11984.917500000001 11795.730000000001
decision_type=2 2 2 2 2 2 2 2 2 2 2 2 2 2
left_child=1 3 5 8 6 10 -3 -5 11 -4 13 -1 -7 -2
right_child=2 4 9 7 -6 12 -8 -9 -10 -11 -12 -13 -14 -15
leaf_value=-49.34951951768663 14.063690472334443 -10.638698829485021 42.664525226635874 -22.435753636728382 11.087177531428239 26.254165756652405 1.5143022440285081 -6.7824210552671058 -14.5354612926561 59.206864529564271 8.3247168678820458 -34.453949799170857 42.346045454639494 26.881757837378462
leaf_weight=107 166 689 177 776 337 142 452 200 48 188 172 311 117 229
leaf_count=107 166 689 177 776 337 142 452 200 48 188 172 311 117 229
internal_value=-0.240147 -13.1786 31.4658 -24.6622 -1.96567 22.6395 -5.82724 -19.2383 -35.9564 51.3235 17.5557 -38.3756 33.6584 21.5441
internal_weight=4111 2920 1191 1442 1478 826 1141 976 466 365 567 418 259 395
internal_count=4111 2920 1191 1442 1478 826 1141 976 466 365 567 418 259 395
is_linear=0
shrinkage=0.03


Tree=33
num_leaves=15
num_cat=0
split_feature=16 16 16 16 35 0 16 35 35 16 0 0 16 31
split_gain=1.7645e+09 3.9341e+08 2.17264e+08 8.58894e+07 7.37429e+07 4.6435e+07 4.39906e+07 3.13384e+07 2.47097e+07 2.45364e+07 2.47843e+07 2.17846e+07 1.73185e+07 1.7099e+07
threshold=10915.528750000001 8685.1562500000018 13345.380000000003 7402.4075000000012 690.76124999999968 10.500000000000002 9794.0650000000023 483.4674999999998 390.47249999999991 14907.170000000002 10.500000000000002 16.500000000000004 11984.917500000001 7861.7007291666678
decision_type=2 2 2 2 2 2 2 2 2 2 2 2 2 2
left_child=1 3 5 8 6 12 -3 -5 13 10 -4 -7 -2 -1
right_child=2 4 9 7 -6 11 -8 -9 -10 -11 -12 -13 -14 -15
leaf_value=-47.882741021050343 25.170940091932142 -9.4637141913953364 64.727540940504809 -21.232346934405239 13.619456118014828 20.956380031322276 1.7565062693540867 -5.0767875867002594 -14.108296696215259 65.027088012695316 40.812196324125246 8.0764189056302769 41.086429914054222 -33.423643860450163
leaf_weight=107 147 796 51 791 222 390 519 126 48 80 234 172 117 311
leaf_count=107 147 796 51 791 222 390 519 126 48 80 234 172 117 311
internal_value=-0.232255 -12.7846 30.5274 -24.387 -2.33552 21.9646 -5.03737 -19.0205 -34.884 49.7921 45.3032 17.0358 32.3529 -37.2304
internal_weight=4111 2920 1191 1383 1537 826 1315 917 466 365 285 562 264 418
internal_count=4111 2920 1191 1383 1537 826 1315 917 466 365 285 562 264 418
is_linear=0
shrinkage=0.03


Tree=34
num_leaves=15
num_cat=0
split_feature=17 35 17 17 35 0 34 26 9 35 25 0 34 17
split_gain=1.37845e+09 3.16957e+08 2.56719e+08 1.73383e+08 1.23491e+08 6.24294e+07 4.44342e+07 4.14908e+07 4.02143e+07 3.70231e+07 3.17812e+07 2.76842e+07 2.52566e+07 1.87082e+07
threshold=10409.557500000001 601.72750000000099 12899.341250000001 8245.1975000000002 161.68125000000057 16.500000000000004 15204.307500000001 9827.7425000000021 0.60355339059327384 143.23374999999945 6983.2787500000004 16.500000000000004 13202.743750000001 9322.5387500000015
decision_type=2 2 2 2 2 2 2 2 2 2 2 2 2 2
left_child=1 3 4 9 11 6 -4 -3 -5 10 -1 -2 -6 -10
right_child=2 7 5 8 12 -7 -8 -9 13 -11 -12 -13 -14 -15
leaf_value=-41.199929448074535 13.050133018858078 1.9366980441825943 38.190756136631862 -5.601457473959 21.206996720719012 18.854460031675252 59.807379117620066 20.585160168716587 -19.73756225039164 -18.328166519260012 -26.835689766845704 1.068670490090692 38.864186652461186 -9.7974817214063048
leaf_weight=232 376 241 228 635 145 91 148 193 449 240 374 322 157 280
leaf_count=232 376 241 228 635 145 91 148 193 449 240 374 322 157 280
internal_value=-0.224192 -13.1627 23.0882 -17.7647 14.4874 41.4351 46.8355 10.258 -11.1337 -28.4299 -32.3937 7.53233 30.4844 -15.9384
internal_weight=4111 2644 1467 2210 1000 467 376 434 1364 846 606 698 302 729
internal_count=4111 2644 1467 2210 1000 467 376 434 1364 846 606 698 302 729
is_linear=0
shrinkage=0.03


Tree=35
num_leaves=15
num_cat=0
split_feature=21 21 21 36 36 21 36 21 21 36 36 36 21 36
split_gain=1.57019e+09 2.85552e+08 2.39e+08 7.77285e+07 6.59858e+07 4.9086e+07 3.69412e+07 3.6644e+07 3.04244e+07 2.36781e+07 2.22509e+07 2.03534e+07 1.99818e+07 1.76586e+07
threshold=10542.706250000001 8002.71 12954.251250000003 -107.91749999999955 -69.952500000000313 9006.4075000000012 -431.11749999999932 6777.2100000000019 9148.0725000000002 867.12375000000077 829.07124999999962 516.03375000000062 14189.243750000003 1270.4824999999994
decision_type=2 2 2 2 2 2 2 2 2 2 2 2 2 2
left_child=1 7 4 8 -2 13 -4 -1 -3 -7 -6 -9 -8 -5
right_child=2 3 6 5 10 9 12 11 -10 -11 -12 -13 -14 -15
leaf_value=-38.553999947031166 9.0657496323382283 -20.359517799971282 30.90480494817098 -10.943194048282219 20.886082143959246 1.041435592609067 43.299923471304091 -27.460693024778678 -8.8101769807836519 16.197886670622331 35.608438288545976 -14.686757112195414 60.533068996120143 5.1264307773113247
leaf_weight=226 480 378 143 437 379 464 181 458 454 115 126 154 110 71
leaf_count=226 480 378 143 437 379 464 181 458 454 115 126 154 110 71
internal_value=-0.370751 -13.5672 25.2604 -7.18003 17.0585 -1.89407 43.7933 -28.1677 -14.0755 4.07455 24.6225 -24.2756 49.9992 -8.69155
internal_weight=4176 2757 1419 1919 985 1087 434 838 832 579 505 612 291 508
internal_count=4176 2757 1419 1919 985 1087 434 838 832 579 505 612 291 508
is_linear=0
shrinkage=0.03


Tree=36
num_leaves=15
num_cat=0
split_feature=21 21 21 36 36 21 36 21 21 36 36 21 21 36
split_gain=1.47781e+09 2.68745e+08 2.25002e+08 7.31517e+07 6.23159e+07 4.61942e+07 3.47738e+07 3.46491e+07 2.86371e+07 2.22912e+07 2.11577e+07 2.10463e+07 1.88233e+07 1.66212e+07
threshold=10542.706250000001 8002.71 12954.251250000003 -107.91749999999955 134.29125000000025 9006.4075000000012 -431.11749999999932 6609.3362500000012 9195.1975000000002 867.12375000000077 516.03375000000062 11953.165000000003 14189.243750000003 1270.4824999999994
decision_type=2 2 2 2 2 2 2 2 2 2 2 2 2 2
left_child=1 7 4 8 11 13 -4 -1 -3 -7 -9 -2 -8 -5
right_child=2 3 6 5 -6 9 12 10 -10 -11 -12 -13 -14 -15
leaf_value=-39.183059610088215 6.6167118216973764 -19.533776137332627 29.984099553426105 -10.615647709728918 26.226977256437408 1.01025972954304 42.008063069437881 -27.19106728749103 -8.3584282732165676 15.716139253254592 -14.608293286930431 18.355029487677982 58.733437565983955 4.9747738456726074
leaf_weight=177 404 393 143 437 372 464 181 497 439 115 164 209 110 71
leaf_count=177 404 393 143 437 372 464 181 497 439 115 164 209 110 71
internal_value=-0.358897 -13.1613 24.5068 -6.96491 16.5487 -1.83693 42.4888 -27.3255 -13.6543 3.9532 -24.096 10.6422 48.5099 -8.43115
internal_weight=4176 2757 1419 1919 985 1087 434 838 832 579 661 613 291 508
internal_count=4176 2757 1419 1919 985 1087 434 838 832 579 661 613 291 508
is_linear=0
shrinkage=0.03


Tree=37
num_leaves=15
num_cat=0
split_feature=16 16 16 0 8 8 16 16 21 16 0 8 0 16
split_gain=1.41267e+09 3.28476e+08 1.78574e+08 6.21342e+07 5.52222e+07 5.37711e+07 4.34805e+07 3.02622e+07 2.74024e+07 2.62181e+07 2.13515e+07 1.61126e+07 1.21282e+07 9.62924e+06
threshold=9818.4375000000018 12087.386250000001 7833.1562500000009 16.500000000000004 0.91597561503675362 0.37940952255126054 14003.603750000002 8889.7075000000023 6609.3362500000012 11028.085000000001 10.500000000000002 0.78656609248549325 6.5000000000000009 11419.881250000002
decision_type=2 2 2 2 2 2 2 2 2 2 2 2 2 2
left_child=2 5 8 6 7 9 10 -4 -1 -2 -3 -10 -6 -7
right_child=1 3 4 -5 12 13 -8 -9 11 -11 -12 -13 -14 -15
leaf_value=-39.119488900007596 0.52366912938530508 41.910822723578221 -17.179105981096818 13.785421227531613 -2.4830423254558016 16.411392431937866 50.782608802208536 -8.1298350210020303 -29.586243195762268 11.60040990283556 27.495181623711645 -19.070279545489651 10.974141450653905 28.861424931706608
leaf_weight=166 480 160 692 105 174 273 194 646 312 320 248 242 91 73
leaf_count=166 480 160 692 105 174 273 194 646 312 320 248 242 91 73
internal_value=-0.347525 19.1834 -15.9284 35.2512 -10.3429 9.24859 38.9661 -12.8194 -28.3323 4.96334 33.2371 -25.0353 2.16193 19.1138
internal_weight=4176 1853 2323 707 1603 1146 602 1338 720 800 408 554 265 346
internal_count=4176 1853 2323 707 1603 1146 602 1338 720 800 408 554 265 346
is_linear=0
shrinkage=0.03


Tree=38
num_leaves=15
num_cat=0
split_feature=16 16 16 0 8 8 16 16 16 16 8 0 24 34
split_gain=1.32953e+09 3.09232e+08 1.68614e+08 6.02169e+07 5.43777e+07 4.86855e+07 4.47363e+07 3.31828e+07 2.3317e+07 2.21293e+07 1.99906e+07 1.72062e+07 1.63373e+07 1.36584e+07
threshold=9818.4375000000018 12024.460000000001 7700.2725 16.500000000000004 0.91597561503675362 0.37940952255126054 13574.406250000002 8824.3950000000004 5864.036250000001 11028.085000000001 0.78656609248549325 10.500000000000002 544.2390488003258 15555.775000000003
decision_type=2 2 2 2 2 2 2 2 2 2 2 2 2 2
left_child=2 5 8 6 7 9 11 -4 -1 -2 -10 -3 -6 -8
right_child=1 3 4 -5 12 -7 13 -9 10 -11 -12 -13 -14 -15
leaf_value=-48.896398016481982 0.5079917092048204 38.060351822097573 -17.376354826111577 13.141916907280683 -2.3702687647833742 18.176557740228517 41.87129217594228 -8.1486724558938146 -31.521835671125139 10.885070250095223 -19.984064184224351 24.500577828749169 14.852471415996551 58.148909840769583
leaf_weight=48 480 153 726 111 219 335 187 684 349 300 234 211 63 76
leaf_count=48 480 153 726 111 219 335 187 684 349 300 234 211 63 76
internal_value=-0.336476 18.611 -15.4519 33.6626 -10.5052 8.62733 37.2687 -12.9089 -28.6786 4.50802 -26.9331 30.2889 1.5162 46.7776
internal_weight=4176 1853 2323 738 1692 1115 627 1410 631 780 583 364 282 263
internal_count=4176 1853 2323 738 1692 1115 627 1410 631 780 583 364 282 263
is_linear=0
shrinkage=0.03


Tree=39
num_leaves=15
num_cat=0
split_feature=16 16 16 0 8 8 16 16 16 16 0 8 24 16
split_gain=1.25132e+09 2.91405e+08 1.58731e+08 5.19472e+07 5.11776e+07 5.00663e+07 3.77564e+07 3.1309e+07 2.35995e+07 2.1997e+07 1.96099e+07 1.88095e+07 1.54033e+07 1.02359e+07
threshold=9818.4375000000018 12135.375000000002 7700.2725 16.500000000000004 0.91597561503675362 0.37940952255126054 14003.603750000002 8889.7075000000023 11087.858750000001 5864.036250000001 10.500000000000002 0.78656609248549325 537.25634559736625 11419.881250000002
decision_type=2 2 2 2 2 2 2 2 2 2 2 2 2 2
left_child=2 5 9 6 7 8 10 -4 -2 -1 -3 -11 -6 -7
right_child=1 3 4 -5 12 13 -8 -9 -10 11 -12 -13 -14 -15
leaf_value=-47.459442200952644 0.75876285358615547 39.977352935192627 -16.633015786619747 13.415812018198126 -2.491380400624386 15.377540964801815 47.836940460205078 -7.6422345515049219 11.339931158941042 -30.578882416207449 25.911825864519393 -19.387093392635911 13.800685896251512 27.675673247546683
leaf_weight=48 505 152 764 101 214 273 194 646 303 349 244 234 68 81
leaf_count=48 505 152 764 101 214 273 194 646 303 349 244 234 68 81
internal_value=-0.325721 18.056 -14.9898 33.4705 -10.1903 8.86859 36.8751 -12.5222 4.73583 -27.823 31.3979 -26.1277 1.47203 18.2616
internal_weight=4176 1853 2323 691 1692 1162 590 1410 808 631 396 583 282 354
internal_count=4176 1853 2323 691 1692 1162 590 1410 808 631 396 583 282 354
is_linear=0
shrinkage=0.03


Tree=40
num_leaves=15
num_cat=0
split_feature=21 21 21 21 25 6 34 6 48 11 17 8 17 21
split_gain=1.19979e+09 2.42448e+08 1.42952e+08 5.92442e+07 3.25749e+07 3.17159e+07 2.83814e+07 2.7511e+07 1.88007e+07 1.81418e+07 1.70629e+07 1.57717e+07 1.24315e+07 1.20971e+07
threshold=10844.830000000002 8033.6087500000012 12954.251250000003 9195.1975000000002 6983.2787500000004 1.0000000180025095e-35 15291.220000000003 1.0000000180025095e-35 0.016666666666666656 0.81174490092936691 10023.146250000002 0.91597561503675362 9279.0300000000007 9961.2500000000018
decision_type=2 2 2 2 2 2 2 2 2 2 2 2 2 2
left_child=1 4 7 10 11 9 -4 8 -2 13 -3 -1 -6 -5
right_child=2 3 6 5 12 -7 -8 -9 -10 -11 -12 -13 -14 -15
leaf_value=-37.211532796223956 26.106474573546713 -11.868757070658473 31.455203255752036 -2.7119706666683081 -21.21410053382732 -7.7760249404513893 46.979415033361406 8.3757692540931696 15.110967226802117 14.291413249209919 0.5874028283515863 -21.454893186333475 -5.0925055385609062 5.4644699493041173
leaf_weight=197 272 844 289 334 490 343 181 249 301 112 112 88 48 316
leaf_count=197 272 844 289 334 490 343 181 249 301 112 112 88 48 316
internal_value=0.314757 -10.4479 24.3286 -4.94617 -24.2028 -0.213636 37.5208 16.7492 20.3669 3.19614 -10.4104 -32.4384 -19.7879 1.2653
internal_weight=4176 2884 1292 2061 823 1105 470 822 573 762 956 285 538 650
internal_count=4176 2884 1292 2061 823 1105 470 822 573 762 956 285 538 650
is_linear=0
shrinkage=0.03


Tree=41
num_leaves=15
num_cat=0
split_feature=16 16 16 35 16 16 7 16 35 7 16 16 16 7
split_gain=1.13168e+09 2.37616e+08 1.52878e+08 5.77169e+07 4.46361e+07 3.46373e+07 3.42535e+07 1.99153e+07 1.93908e+07 1.82388e+07 1.78841e+07 1.31913e+07 1.16973e+07 9.90423e+06
threshold=10772.676250000002 8386.4612500000021 13123.745000000001 792.0225000000006 6868.0737500000005 9611.4087500000005 10.500000000000002 15071.457500000002 628.41750000000059 10.500000000000002 11769.981250000003 11855.052500000002 5864.036250000001 7.5000000000000009
decision_type=2 2 2 2 2 2 2 2 2 2 2 2 2 2
left_child=1 4 6 5 12 -3 11 9 -6 -4 -8 -2 -1 -5
right_child=2 3 7 13 8 -7 10 -9 -10 -11 -12 -13 -14 -15
leaf_value=-45.319208221435545 18.953912875119375 -9.0352973791278597 49.462395446777336 18.236368862865042 -19.213786564376377 0.041207296658253324 6.7582234653266697 54.787921747757217 -0.10478362523592435 31.813544480712622 17.090832030544647 32.114690760498043 -28.862407892180649 4.5466866937574446
leaf_weight=53 169 970 69 102 762 620 295 58 51 297 312 124 204 90
leaf_count=53 169 970 69 102 762 620 295 58 51 297 312 124 204 90
internal_value=0.305609 -10.3348 23.2164 -3.62061 -21.5029 -5.49822 16.1891 38.0596 -18.0167 35.2665 12.0886 24.614 -32.4188 11.8762
internal_weight=4176 2852 1324 1782 1070 1590 900 424 813 366 607 293 257 192
internal_count=4176 2852 1324 1782 1070 1590 900 424 813 366 607 293 257 192
is_linear=0
shrinkage=0.03


Tree=42
num_leaves=15
num_cat=0
split_feature=16 16 16 16 35 9 16 9 16 16 16 7 9 7
split_gain=1.06516e+09 2.23988e+08 1.43939e+08 5.61457e+07 4.87637e+07 3.24859e+07 2.18207e+07 2.11234e+07 2.10464e+07 1.87828e+07 1.84957e+07 1.71991e+07 1.43313e+07 1.22056e+07
threshold=10772.676250000002 8685.1562500000018 13123.745000000001 7476.0812500000011 459.08500000000009 -0.25881904510252068 9656.4525000000012 0.60355339059327384 11452.192500000003 15071.457500000002 5864.036250000001 10.500000000000002 0.60355339059327384 10.500000000000002
decision_type=2 2 2 2 2 2 2 2 2 2 2 2 2 2
left_child=1 3 5 10 6 8 -3 -5 -2 11 -1 -4 -12 -10
right_child=2 4 9 7 -6 -7 -8 -9 13 -11 12 -13 -14 -15
leaf_value=-43.984809553358289 11.596678023407566 -8.4627297880136361 47.999721627371656 -9.2204413343730725 8.5122579950209953 5.3421298206699968 -0.35088506869475045 -18.727932618854464 28.917574721514168 53.172142639160157 -19.764404645554563 30.862340850318034 -30.965966304223144 18.584084025712446
leaf_weight=53 240 668 69 398 308 210 539 454 176 58 234 297 198 274
leaf_count=53 240 668 69 398 308 210 539 454 176 58 234 297 198 274
internal_value=0.297384 -10.0256 22.5247 -18.9703 -2.12451 15.706 -4.84359 -14.3027 18.8478 36.9274 -27.1236 34.2152 -24.9581 22.6808
internal_weight=4176 2852 1324 1337 1515 900 1207 852 690 424 485 366 432 450
internal_count=4176 2852 1324 1337 1515 900 1207 852 690 424 485 366 432 450
is_linear=0
shrinkage=0.03


Tree=43
num_leaves=15
num_cat=0
split_feature=21 21 21 36 21 36 36 25 36 36 21 36 9 21
split_gain=1.00612e+09 2.04857e+08 1.19843e+08 5.71065e+07 5.16629e+07 4.39409e+07 2.69129e+07 2.55212e+07 2.3365e+07 1.58303e+07 1.5605e+07 1.37685e+07 1.36031e+07 1.1531e+07
threshold=10844.830000000002 7982.5900000000011 12954.251250000003 -470.77625000000029 9195.1975000000002 140.05249999999981 -292.19250000000005 6933.3562500000007 422.54625000000038 904.94499999999982 14448.857500000002 -841.06499999999994 0.37940952255126048 14738.936250000002
decision_type=2 2 2 2 2 2 2 2 2 2 2 2 2 2
left_child=1 7 5 -3 9 11 13 12 -6 -5 -8 -2 -1 -4
right_child=2 3 6 4 8 -7 10 -9 -10 -11 -12 -13 -14 -15
leaf_value=-20.289672755789248 2.4278626822218112 -13.673357065496621 20.342259299123988 -9.2717307158455053 0.32206179977269117 24.108252486791521 35.457041683653323 -18.573632859089027 11.829259291887283 2.0201233113474317 51.905190238952635 13.138661030025142 -34.836344389368271 37.82163637745137
leaf_weight=93 157 485 135 662 600 316 208 513 215 134 79 349 182 48
leaf_count=93 157 485 135 662 600 316 208 513 215 134 79 349 182 48
internal_value=0.288991 -9.56678 22.2794 -4.65951 -1.93903 15.3396 34.3584 -22.5972 3.3685 -7.37067 40.1491 9.82672 -30.0083 25.1077
internal_weight=4176 2884 1292 2096 1611 822 470 788 815 796 287 506 275 183
internal_count=4176 2884 1292 2096 1611 822 470 788 815 796 287 506 275 183
is_linear=0
shrinkage=0.03


Tree=44
num_leaves=15
num_cat=0
split_feature=21 16 16 21 9 36 21 36 16 16 7 21 35 36
split_gain=9.46971e+08 2.06132e+08 1.23144e+08 5.83705e+07 3.31061e+07 2.31995e+07 2.22741e+07 2.2135e+07 1.94617e+07 1.67152e+07 1.53722e+07 1.36983e+07 1.35276e+07 1.12139e+07
threshold=10844.830000000002 8773.6125000000011 13123.745000000001 7765.5700000000006 0.60355339059327384 -214.99875000000154 12612.525000000001 457.70999999999964 5864.036250000001 15071.457500000002 10.500000000000002 11601.123750000002 628.41750000000059 -490.41125000000005
decision_type=2 2 2 2 2 2 2 2 2 2 2 2 2 2
left_child=1 3 5 8 7 6 -2 13 -1 10 -4 -7 -5 -3
right_child=2 4 9 12 -6 11 -8 -9 -10 -11 -12 -13 -14 -15
leaf_value=-41.793269500732421 5.5884099665922067 -8.7636713159398028 45.394971051897322 -13.384493512377309 -8.0544895635457969 14.107392844261208 20.383544876091459 7.6808303687438153 -22.632263278278188 50.290272620249596 29.165726962170908 24.844856967137865 -0.7134036127633826 0.53604095793890194
leaf_weight=53 298 151 69 711 460 202 132 354 568 58 292 241 85 502
leaf_count=53 298 151 69 711 460 202 132 354 568 58 292 241 85 502
internal_value=0.281059 -9.28063 21.6153 -17.4371 -1.39568 15.1696 10.167 1.65104 -24.3322 34.9771 32.3846 19.9916 -12.034 -1.62452
internal_weight=4176 2884 1292 1417 1467 873 430 1007 621 419 361 443 796 653
internal_count=4176 2884 1292 1417 1467 873 430 1007 621 419 361 443 796 653
is_linear=0
shrinkage=0.03


Tree=45
num_leaves=15
num_cat=0
split_feature=16 16 16 21 9 16 34 9 9 16 35 16 27 16
split_gain=8.89051e+08 1.85098e+08 1.15733e+08 4.62864e+07 3.38925e+07 3.23329e+07 2.71306e+07 2.29175e+07 1.51229e+07 1.49792e+07 1.48142e+07 9.0887e+06 8.83267e+06 8.46338e+06
threshold=10745.42375 8297.2325000000019 13498.230000000001 9870.7750000000033 -0.25881904510252068 6777.2100000000019 13200.958750000003 0.60355339059327384 0.60355339059327384 14646.105000000001 703.1462499999999 5864.036250000001 11468.038333333336 11369.388750000002
decision_type=2 2 2 2 2 2 2 2 2 2 2 2 2 2
left_child=1 5 4 8 6 11 13 -7 -3 -4 -5 -1 -10 -2
right_child=2 3 9 10 -6 7 -8 -9 12 -11 -12 -13 -14 -15
leaf_value=-41.881620941162105 8.3454166644843859 -3.3814845338801747 31.337711625099182 0.40488808531102122 5.0180276818141074 -11.589012057935918 24.753371936228735 -21.583661778484071 -12.819459362188072 45.850880303016076 11.201840861922644 -26.396557723245802 -5.2848826731114364 16.974352832176873
leaf_weight=49 184 581 215 368 223 392 334 447 395 103 165 156 220 240
leaf_count=49 184 581 215 368 223 392 334 447 395 103 165 156 220 240
internal_value=-0.0189728 -9.61281 20.4528 -3.58588 15.3271 -19.5812 18.3493 -16.9333 -6.86092 36.1676 3.76203 -30.2833 -10.1371 13.2582
internal_weight=4072 2773 1299 1729 981 1044 758 839 1196 318 533 205 615 424
internal_count=4072 2773 1299 1729 981 1044 758 839 1196 318 533 205 615 424
is_linear=0
shrinkage=0.03


Tree=46
num_leaves=15
num_cat=0
split_feature=16 16 16 16 9 16 8 8 16 9 16 7 16 31
split_gain=8.36752e+08 1.7422e+08 1.08953e+08 4.43111e+07 3.18958e+07 3.04636e+07 2.59739e+07 2.4419e+07 2.18844e+07 2.15656e+07 1.4235e+07 9.03076e+06 8.57632e+06 7.57208e+06
threshold=10745.42375 8297.2325000000019 13498.230000000001 9611.4087500000005 -0.25881904510252068 6777.2100000000019 0.91597561503675362 0.91597561503675362 11907.385 0.60355339059327384 15310.590000000002 10.500000000000002 5864.036250000001 10455.333750000002
decision_type=2 2 2 2 2 2 2 2 2 2 2 2 2 2
left_child=1 5 4 7 8 12 -5 -3 13 -7 -4 -10 -1 -2
right_child=2 3 10 6 -6 9 -8 -9 11 -11 -12 -13 -14 -15
leaf_value=-40.650302032470698 10.573491277160464 -9.2845399032864684 31.995639585552357 0.50121784281249493 4.8681589136790713 -11.242226323171426 19.680854008500003 3.2960422923348167 28.638957449762444 -20.937597236228839 49.68128954569498 18.967658298702563 -25.609705177112748 22.110003194241298
leaf_weight=49 310 889 265 606 223 392 70 164 151 447 53 235 156 62
leaf_count=49 310 889 265 606 223 392 70 164 151 447 53 235 156 62
internal_value=-0.0182491 -9.32563 19.8423 -3.47848 14.8689 -18.9967 2.51343 -7.32389 17.8008 -16.4265 35.0898 22.8153 -29.3847 12.5504
internal_weight=4072 2773 1299 1729 981 1044 676 1053 758 839 318 386 205 372
internal_count=4072 2773 1299 1729 981 1044 676 1053 758 839 318 386 205 372
is_linear=0
shrinkage=0.03


Tree=47
num_leaves=15
num_cat=0
split_feature=16 21 16 21 21 16 36 36 16 0 0 21 16 16
split_gain=7.87565e+08 1.6512e+08 1.02567e+08 4.89393e+07 2.89806e+07 2.61613e+07 2.4383e+07 2.12229e+07 1.36147e+07 1.13695e+07 1.072e+07 1.01779e+07 9.64734e+06 9.48621e+06
threshold=10745.42375 8096.5762500000001 13498.230000000001 9725.7212500000005 12087.771250000002 7132.6725000000015 -315.4724999999998 -344.43749999999994 14646.105000000001 16.500000000000004 10.500000000000002 10819.521250000003 11907.385 5864.036250000001
decision_type=2 2 2 2 2 2 2 2 2 2 2 2 2 2
left_child=1 5 4 6 9 13 -3 -5 -4 12 -6 -9 -2 -1
right_child=2 3 8 7 10 -7 -8 11 -10 -11 -12 -13 -14 -15
leaf_value=-39.455183743286135 10.066232637995602 -13.760851580083678 29.446507591274049 -2.9416257515107431 25.903903837009349 -16.083513208039665 -4.6816470177831677 5.2858515528013115 43.267554060129015 4.1661495011854681 15.53485837459564 18.341544987454135 20.07523271833147 -24.495944162548078
leaf_weight=49 295 385 215 309 195 594 864 264 103 187 179 67 125 241
leaf_count=49 295 385 215 309 195 594 864 264 103 187 179 67 125 241
internal_value=-0.0170927 -9.04678 19.2509 -4.03452 14.4255 -19.7407 -7.48906 2.70838 34.0448 10.3493 20.9959 7.97588 13.0857 -27.1505
internal_weight=4072 2773 1299 1889 981 884 1249 640 318 607 374 331 420 290
internal_count=4072 2773 1299 1889 981 884 1249 640 318 607 374 331 420 290
is_linear=0
shrinkage=0.03


Tree=48
num_leaves=15
num_cat=0
split_feature=16 16 16 8 16 8 0 9 31 16 16 0 0 0
split_gain=7.42692e+08 1.76972e+08 9.21498e+07 3.49399e+07 3.28364e+07 3.0869e+07 2.19832e+07 1.91398e+07 1.796e+07 1.52723e+07 1.49433e+07 1.06298e+07 9.89793e+06 7.63406e+06
threshold=9794.0650000000023 12223.357500000002 7860.3950000000004 0.37940952255126054 14646.105000000001 0.91597561503675362 10.500000000000002 0.37940952255126048 7696.8862500000014 11028.085000000001 8987.1200000000008 9.5000000000000018 16.500000000000004 6.5000000000000009
decision_type=2 2 2 2 2 2 2 2 2 2 2 2 2 2
left_child=2 3 7 9 6 10 11 -1 -9 -2 -4 -3 -8 -7
right_child=1 4 5 -5 -6 13 12 8 -10 -11 -12 -13 -14 -15
leaf_value=-13.380346862409123 0.036462756257669614 25.340982714044042 -12.129936554403274 14.653975524786356 41.982007845365082 -1.3504918301547015 22.129305773829838 -37.530268115234371 -21.303551446107718 8.4268824880939341 -5.5099073663524374 42.03663699297838 10.46159986113393 9.9340559662712948
leaf_weight=240 472 82 717 369 103 161 331 74 415 332 541 70 85 80
leaf_count=240 472 82 717 369 103 161 331 74 415 332 541 70 85 80
internal_value=-0.0160589 14.0629 -11.6696 7.02334 26.3404 -7.40653 23.4351 -20.4133 -23.8307 3.50735 -9.28966 33.2544 19.7761 2.42093
internal_weight=4072 1844 2228 1173 671 1499 568 729 489 804 1258 152 416 241
internal_count=4072 1844 2228 1173 671 1499 568 729 489 804 1258 152 416 241
is_linear=0
shrinkage=0.03


Tree=49
num_leaves=15
num_cat=0
split_feature=21 21 21 36 36 36 21 21 25 36 36 9 21 31
split_gain=6.96172e+08 1.20051e+08 1.19287e+08 3.86851e+07 3.06928e+07 2.79025e+07 2.46544e+07 2.41229e+07 1.8148e+07 1.35171e+07 1.03815e+07 9.77016e+06 8.45191e+06 8.22064e+06
threshold=10316.268750000001 12372.1075 7909.3587500000003 -315.4724999999998 -369.3474999999998 -677.5000000000008 8926.2437499999996 14189.243750000003 7216.4437500000013 1024.5787499999999 754.17124999999953 0.60355339059327384 11218.200000000003 7578.8710416666663
decision_type=2 2 2 2 2 2 2 2 2 2 2 2 2 2
left_child=2 4 8 -4 -2 -3 -5 -7 13 -8 12 -10 -6 -1
right_child=1 5 3 6 10 7 9 -9 11 -11 -12 -13 -14 -15
leaf_value=-33.550734800024877 1.0096184831304649 15.138925396743094 -12.249791774478515 -7.0774256112526377 7.326483791303291 25.326728829713623 -0.24198067058995365 40.632559802843176 -7.6327709779143333 12.675863431218158 20.760633270641989 -18.099818790142354 15.160945241611937 -22.050937198712276
leaf_weight=78 290 156 522 581 277 320 599 137 111 82 120 311 229 259
leaf_count=78 290 156 522 581 277 320 599 137 111 82 120 311 229 259
internal_value=-0.0149595 15.9763 -9.63233 -5.38869 9.0836 26.2443 -2.54327 29.9939 -19.5866 1.32976 12.8163 -15.3712 10.8951 -24.804
internal_weight=4072 1529 2543 1784 916 613 1262 457 759 681 626 422 506 337
internal_count=4072 1529 2543 1784 916 613 1262 457 759 681 626 422 506 337
is_linear=0
shrinkage=0.03


Tree=50
num_leaves=15
num_cat=0
split_feature=21 21 21 36 36 36 36 21 21 36 36 21 21 21
split_gain=6.63254e+08 1.24537e+08 9.82666e+07 4.53871e+07 3.62393e+07 2.25052e+07 2.01543e+07 1.76414e+07 1.51556e+07 1.29109e+07 1.17244e+07 1.08372e+07 1.01422e+07 1.00937e+07
threshold=10138.885000000004 12467.418750000001 7765.5700000000006 157.86374999999956 235.72000000000028 -292.19250000000005 -1164.0624999999989 8741.8250000000025 14189.243750000003 -397.41124999999914 -750.36749999999927 9228.4950000000026 14630.412500000002 6058.8950000000013
decision_type=2 2 2 2 2 2 2 2 2 2 2 2 2 2
left_child=2 3 9 6 7 12 -2 -4 -7 -1 -9 -6 -3 -11
right_child=1 5 4 -5 11 8 -8 10 -10 13 -12 -13 -14 -15
leaf_value=-28.106950761079787 -8.2595405261493422 14.722581242303164 -13.737100425180719 16.834942031257835 -2.7170936490386723 26.211455261527803 6.1271718463770632 -12.838843726038933 40.032998877631293 -28.744127154350281 -4.019574890674253 6.0158145853179565 29.91312932428324 -15.877650157364322
leaf_weight=127 102 180 448 386 399 258 590 179 107 63 558 187 52 496
leaf_count=127 102 180 448 386 399 258 590 179 107 63 558 187 52 496
internal_value=0.154312 14.7065 -9.76824 8.6057 -6.0281 25.6899 3.99771 -9.04378 30.3616 -19.4011 -6.17608 0.075163 18.2412 -17.3765
internal_weight=4132 1675 2457 1078 1771 597 692 1185 365 686 737 586 232 559
internal_count=4132 1675 2457 1078 1771 597 692 1185 365 686 737 586 232 559
is_linear=0
shrinkage=0.03


Tree=51
num_leaves=15
num_cat=0
split_feature=16 16 16 8 8 16 0 16 35 35 34 0 16 19
split_gain=6.34753e+08 1.36723e+08 8.14173e+07 3.43307e+07 3.11627e+07 2.98574e+07 2.03898e+07 1.88138e+07 1.3326e+07 1.24811e+07 1.09479e+07 1.06696e+07 9.4587e+06 7.45552e+06
threshold=9864.8112500000025 12223.357500000002 7587.8900000000003 0.91597561503675362 0.37940952255126054 14646.105000000001 16.500000000000004 8843.7312500000025 434.97875000000028 888.68500000000051 9729.7062500000011 10.500000000000002 11292.610000000002 7195.4437500000004
decision_type=2 2 2 2 2 2 2 2 2 2 2 2 2 2
left_child=2 4 8 7 12 6 11 -4 10 -5 -1 -3 -2 -6
right_child=1 5 3 9 13 -7 -8 -9 -10 -11 -12 -13 -14 -15
leaf_value=-28.983141981895933 1.3011060315262135 30.495529927073658 -12.212136353675147 -0.96768821304084873 7.1424562343429114 38.056555683507327 7.8746248819905782 -5.3084857236988539 -5.6677961955880223 14.245405343477842 -18.933969551247934 20.478628304321642 8.3921498009238018 16.834139103889463
leaf_weight=140 535 142 778 237 101 112 91 658 52 60 371 345 247 263
leaf_count=140 535 142 778 237 101 112 91 658 52 60 371 345 247 263
internal_value=0.149868 13.2949 -10.3628 -7.13547 6.93238 23.837 21.0207 -9.05467 -20.2668 2.1431 -21.7384 23.4559 3.54874 14.1719
internal_weight=4132 1836 2296 1733 1146 690 578 1436 563 297 511 487 782 364
internal_count=4132 1836 2296 1733 1146 690 578 1436 563 297 511 487 782 364
is_linear=0
shrinkage=0.03


Tree=52
num_leaves=15
num_cat=0
split_feature=16 16 16 8 8 16 0 16 8 0 16 35 31 8
split_gain=5.97589e+08 1.3231e+08 7.44055e+07 3.21798e+07 3.03059e+07 2.81171e+07 1.91861e+07 1.67487e+07 1.27641e+07 1.0049e+07 9.77955e+06 9.49401e+06 9.41918e+06 7.49239e+06
threshold=9818.4375000000018 12223.357500000002 7587.8900000000003 0.37940952255126054 0.91597561503675362 14646.105000000001 16.500000000000004 8843.7312500000025 0.91597561503675362 10.500000000000002 10836.891250000001 853.6774999999999 8051.3959895833332 0.91597561503675362
decision_type=2 2 2 2 2 2 2 2 2 2 2 2 2 2
left_child=2 3 8 10 7 6 9 -4 12 -3 -2 -6 -1 -5
right_child=1 5 4 13 11 -7 -8 -9 -10 -11 -12 -13 -14 -15
leaf_value=-29.134464693936433 -0.12494246143355334 29.587061595249843 -11.846242571522856 11.67537303240004 -1.2227440108161927 36.924962112291723 7.6409538968231363 -5.2561892888874189 -11.966780931069547 19.866045037363303 6.4799801970553341 11.631379748102443 -19.159112817061573 22.430254582071306
leaf_weight=131 400 142 778 298 226 112 91 631 148 345 406 66 284 74
leaf_count=131 400 142 778 298 226 112 91 631 148 345 406 66 284 74
internal_value=0.1459 12.7023 -10.2153 6.58225 -7.07897 23.1261 20.3931 -8.90082 -19.6617 22.7554 3.20599 1.71237 -22.3705 13.8692
internal_weight=4132 1868 2264 1178 1701 690 578 1409 563 487 806 292 415 372
internal_count=4132 1868 2264 1178 1701 690 578 1409 563 487 806 292 415 372
is_linear=0
shrinkage=0.03


Tree=53
num_leaves=15
num_cat=0
split_feature=21 21 21 36 36 36 36 21 25 21 21 36 21 36
split_gain=5.55123e+08 1.02231e+08 8.49759e+07 3.89926e+07 3.19443e+07 1.87797e+07 1.67667e+07 1.5639e+07 1.27042e+07 1.25062e+07 1.02729e+07 1.00665e+07 9.87819e+06 8.31528e+06
threshold=10205.963750000001 12719.961250000002 7765.5700000000006 -386.16875000000022 235.72000000000028 -292.19250000000005 776.24374999999975 8965.7300000000014 7216.4437500000013 11218.200000000003 9698.0087500000027 -750.36749999999927 14630.412500000002 1112.9949999999997
decision_type=2 2 2 2 2 2 2 2 2 2 2 2 2 2
left_child=2 3 8 -2 7 -3 9 -4 -1 -5 13 -9 -7 -6
right_child=1 5 4 6 10 12 -8 11 -10 -11 -12 -13 -14 -15
leaf_value=-22.075969800689005 -0.10883892380565136 17.421882425419337 -11.794187972313885 6.0908136227164933 -3.6868035918425472 26.46938203665789 21.093583500940422 -11.419499588168186 -13.803682641217994 14.471338659501233 9.9080445190363147 -2.7275859436511989 40.540097020884026 4.8636589622497555
leaf_weight=329 331 205 570 347 366 254 152 160 357 301 85 474 60 141
leaf_count=329 331 205 570 347 366 254 152 160 357 301 85 474 60 141
internal_value=0.142013 13.6237 -8.8223 8.55225 -5.38618 24.6376 12.1315 -8.18975 -17.7974 9.99994 0.319856 -4.93568 29.2783 -1.30394
internal_weight=4132 1650 2482 1131 1796 519 800 1204 686 648 592 634 314 507
internal_count=4132 1650 2482 1131 1796 519 800 1204 686 648 592 634 314 507
is_linear=0
shrinkage=0.03


Tree=54
num_leaves=15
num_cat=0
split_feature=16 16 16 8 8 16 0 16 35 31 24 0 16 0
split_gain=5.29987e+08 1.17344e+08 6.62969e+07 2.89553e+07 2.73956e+07 2.55219e+07 1.74753e+07 1.48786e+07 1.19924e+07 1.15135e+07 1.06959e+07 9.24292e+06 8.76448e+06 7.04074e+06
threshold=9818.4375000000018 12223.357500000002 7587.8900000000003 0.37940952255126054 0.91597561503675362 14646.105000000001 16.500000000000004 8843.7312500000025 434.97875000000028 7861.7007291666678 557.6417111977097 10.500000000000002 11292.610000000002 9.5000000000000018
decision_type=2 2 2 2 2 2 2 2 2 2 2 2 2 2
left_child=2 3 8 12 7 6 11 -4 9 -1 -6 13 -2 -3
right_child=1 5 4 -5 10 -7 -8 -9 -10 -11 -12 -13 -14 -15
leaf_value=-28.318076160382002 0.91288664529632246 20.850979780432297 -11.167080272877916 13.111857564404568 -1.3852685657222019 34.923644588774287 7.0111900320130847 -4.955815174921498 -4.7041061994714557 -17.403440035545465 12.330759981328789 18.66351075704387 7.691165142868674 34.910550307152974
leaf_weight=116 559 72 778 372 227 112 91 631 52 395 65 345 247 70
leaf_count=116 559 72 778 372 227 112 91 631 52 395 65 345 247 70
internal_value=0.138299 11.9632 -9.61925 6.19964 -6.65879 21.7797 19.1769 -8.39095 -18.536 -19.9316 1.69957 21.4311 2.99708 27.9775
internal_weight=4132 1868 2264 1178 1701 690 578 1409 563 511 292 487 806 142
internal_count=4132 1868 2264 1178 1701 690 578 1409 563 511 292 487 806 142
is_linear=0
shrinkage=0.03


Tree=55
num_leaves=15
num_cat=0
split_feature=16 16 16 16 35 0 9 35 9 9 0 31 16 0
split_gain=4.88818e+08 1.07377e+08 7.60137e+07 2.85185e+07 2.39497e+07 1.94053e+07 1.49568e+07 1.15763e+07 1.15733e+07 1.02283e+07 8.19916e+06 7.09222e+06 6.94466e+06 6.76221e+06
threshold=10724.788750000002 8663.3062500000015 13345.380000000003 7132.6725000000015 735.01124999999968 10.500000000000002 0.60355339059327384 227.85874999999945 0.60355339059327384 -0.60355339059327384 16.500000000000004 7633.4837500000003 11769.981250000003 7.5000000000000009
decision_type=2 2 2 2 2 2 2 2 2 2 2 2 2 2
left_child=1 3 5 7 8 12 -5 11 -3 -4 -7 -1 -2 -6
right_child=2 4 9 6 13 10 -8 -9 -10 -11 -12 -13 -14 -15
leaf_value=-31.157306345426118 12.460873204171657 -0.52525571721036046 29.315697054128123 -6.7940420877033345 13.869687412096043 10.056222892385872 -14.132508806327863 -7.509664794940214 -6.2842436017130696 16.35262130904842 2.8937629538472347 -20.034417649471397 21.391280509350349 2.0204528888903166
leaf_weight=77 175 803 291 489 103 436 518 51 515 73 216 197 152 75
leaf_count=77 175 803 291 489 103 436 518 51 515 73 216 197 152 75
internal_value=0.17698 -6.90013 15.0735 -13.0919 -1.38207 10.7026 -10.5792 -20.8209 -2.77861 26.7679 7.69147 -23.2622 16.6646 8.9163
internal_weight=4171 2828 1343 1332 1496 979 1007 325 1318 364 652 274 327 178
internal_count=4171 2828 1343 1332 1496 979 1007 325 1318 364 652 274 327 178
is_linear=0
shrinkage=0.03


Tree=56
num_leaves=15
num_cat=0
split_feature=21 21 21 36 21 36 36 36 36 21 21 36 36 30
split_gain=4.59331e+08 1.05509e+08 6.00187e+07 3.2756e+07 2.35474e+07 2.07117e+07 1.81025e+07 1.61999e+07 1.51418e+07 1.31056e+07 1.0663e+07 8.82243e+06 6.82232e+06 6.22311e+06
threshold=10844.830000000002 8505.8150000000023 12954.251250000003 -470.77625000000029 6922.5437500000007 -227.08875000000077 543.98374999999953 -42.714999999999229 210.42874999999961 14872.922500000002 9679.3837500000027 644.12500000000102 -1446.5950000000005 8553.7475000000013
decision_type=2 2 2 2 2 2 2 2 2 2 2 2 2 2
left_child=1 4 5 -3 13 12 10 9 -6 -4 -5 -7 -2 -1
right_child=2 3 7 6 8 11 -8 -9 -10 -11 -12 -13 -14 -15
leaf_value=-29.258973328416996 -5.6771971533929602 -8.8573059990966687 13.808536690002263 -3.5908347533805531 -14.21944786817668 11.738524443093182 7.5484433797867068 29.369939410746596 -6.4587555413327227 31.491795666503904 2.7542558902365557 20.994328668283863 6.2749686589612752 -18.271964536507923
leaf_weight=65 50 420 171 605 536 360 278 237 396 49 392 128 278 206
leaf_count=65 50 420 171 605 536 360 278 237 396 49 392 128 278 206
internal_value=0.171828 -6.42633 15.1859 -1.60172 -13.2171 10.2902 0.793411 23.8859 -10.9325 17.8718 -1.0958 14.2043 4.44123 -21.0052
internal_weight=4171 2898 1273 1695 1203 816 1275 457 932 220 997 488 328 271
internal_count=4171 2898 1273 1695 1203 816 1275 457 932 220 997 488 328 271
is_linear=0
shrinkage=0.03


Tree=57
num_leaves=15
num_cat=0
split_feature=16 16 21 9 34 35 16 16 9 52 16 9 8 34
split_gain=4.33844e+08 9.98998e+07 6.68912e+07 3.23175e+07 2.30528e+07 2.28591e+07 1.37018e+07 1.20373e+07 9.31352e+06 8.49582e+06 7.84859e+06 7.28275e+06 6.89765e+06 6.33057e+06
threshold=9917.5112500000014 13345.380000000003 7765.5700000000006 -0.25881904510252068 13200.958750000003 815.52250000000015 8773.6125000000011 6666.2412500000009 -0.60355339059327384 26.958333333333339 11369.388750000002 0.60355339059327384 0.60355339059327384 15350.802500000002
decision_type=2 2 2 2 2 2 2 2 2 2 2 2 2 2
left_child=2 3 7 4 10 6 9 -1 13 -4 -2 -9 -8 -3
right_child=1 8 5 -5 -6 -7 12 11 -10 -11 -12 -13 -14 -15
leaf_value=-23.441376066322785 4.608398702026923 23.844413814544676 -6.5907827625153166 1.0534548575421347 16.751974072562028 6.7552669694530429 -4.6165579895811435 -8.0215924760051394 15.300499589894267 -13.210217122930162 11.521413752523923 -16.238281986536073 3.1031302775987766 33.4915976816363
leaf_weight=165 394 179 470 457 360 133 688 137 73 281 238 362 122 112
leaf_count=165 394 179 470 457 360 133 688 137 73 281 238 362 122 112
internal_value=0.166944 11.1978 -8.31549 7.65788 10.6963 -5.14658 -6.16433 -16.3801 25.2296 -9.08185 7.22583 -14.003 -3.45143 27.6595
internal_weight=4171 1813 2358 1449 992 1694 1561 664 364 751 632 499 810 291
internal_count=4171 1813 2358 1449 992 1694 1561 664 364 751 632 499 810 291
is_linear=0
shrinkage=0.03


Tree=58
num_leaves=15
num_cat=0
split_feature=16 21 16 21 16 8 36 36 9 24 8 28 9 25
split_gain=4.08579e+08 8.94117e+07 6.4956e+07 2.24388e+07 1.8525e+07 1.79113e+07 1.74281e+07 1.64266e+07 9.51961e+06 8.90218e+06 7.74316e+06 7.01165e+06 6.54593e+06 6.43496e+06
threshold=10702.990000000002 8247.9875000000011 13345.380000000003 9845.8800000000028 7132.6725000000015 0.37940952255126054 -470.77625000000029 -203.36625000000001 0.60355339059327384 717.36587664512183 0.78656609248549325 1739.5153372971806 0.60355339059327384 7593.6712500000003
decision_type=2 2 2 2 2 2 2 2 2 2 2 2 2 2
left_child=1 4 5 6 10 11 -3 -5 -6 -4 -1 -2 -8 -7
right_child=2 3 9 7 8 13 12 -9 -10 -11 -12 -13 -14 -15
leaf_value=-24.163579646519253 3.7367191146958514 -10.931036340782516 17.677037321319578 -1.8208720429971283 -5.7541063392795291 9.4504064596550812 -0.41884671897038644 8.4075685385053536 -13.303402407994636 27.904908536222464 -14.287813170593585 9.8752521859344675 -5.4801067532439829 18.499342199813487
leaf_weight=167 332 303 124 337 225 111 521 242 467 240 136 341 411 214
leaf_count=167 332 303 124 337 225 111 521 242 467 240 136 341 411 214
internal_value=0.162254 -6.37556 13.6407 -2.40877 -13.5978 9.66718 -4.69216 2.46133 -10.8607 24.4787 -19.7925 6.85709 -2.65429 15.4473
internal_weight=4171 2809 1362 1814 995 998 1235 579 692 364 303 673 932 325
internal_count=4171 2809 1362 1814 995 998 1235 579 692 364 303 673 932 325
is_linear=0
shrinkage=0.03


Tree=59
num_leaves=15
num_cat=0
split_feature=21 21 21 36 9 36 21 36 36 36 36 21 21 21
split_gain=3.85296e+08 8.83442e+07 5.01471e+07 3.10371e+07 1.81698e+07 1.79918e+07 1.58656e+07 1.45091e+07 1.08729e+07 1.05752e+07 1.04532e+07 8.97398e+06 6.69514e+06 5.81452e+06
threshold=10844.830000000002 8247.9875000000011 12954.251250000003 -470.77625000000029 0.60355339059327384 -785.8262499999995 6868.0737500000005 -292.19250000000005 644.12500000000102 267.11749999999944 536.54624999999953 14630.412500000002 11953.165000000003 14542.665000000003
decision_type=2 2 2 2 2 2 2 2 2 2 2 2 2 2
left_child=1 6 5 -3 10 -2 -1 13 12 -8 -5 -9 -7 -4
right_child=2 3 7 4 -6 8 9 11 -10 -11 -12 -13 -14 -15
leaf_value=-19.600995060946996 0.15784284311455565 -8.7780832578975758 11.049138106826909 0.38546663371688228 -4.9923348976651187 6.8063855182329815 -13.804697456423868 23.205052804738674 19.425709566515543 -6.4927545688286523 7.1580950763811284 37.054397165398846 13.661211725896274 23.134335980945163
leaf_weight=253 153 468 120 707 435 314 446 228 128 301 288 56 221 53
leaf_count=253 153 468 120 707 435 314 446 228 128 301 288 56 221 53
internal_value=0.157526 -5.88554 13.9085 -2.08108 0.115263 9.43338 -13.0971 21.8609 11.5704 -10.871 2.35102 26.0564 9.65824 14.8633
internal_weight=4171 2898 1273 1898 1430 816 1000 457 663 747 995 284 535 173
internal_count=4171 2898 1273 1898 1430 816 1000 457 663 747 995 284 535 173
is_linear=0
shrinkage=0.03


Tree=60
num_leaves=15
num_cat=0
split_feature=16 21 21 16 0 21 16 8 36 16 36 36 21 21
split_gain=3.58525e+08 8.36485e+07 4.91476e+07 1.70812e+07 1.64579e+07 1.46124e+07 1.31792e+07 1.25284e+07 1.23315e+07 1.00082e+07 9.86968e+06 9.09096e+06 5.56614e+06 5.5183e+06
threshold=9794.0650000000023 12467.418750000001 7700.2725 15071.457500000002 16.500000000000004 8965.7300000000014 11598.648750000002 0.91597561503675362 -234.78499999999983 5864.036250000001 -268.33749999999958 -352.69374999999985 14360.946250000003 9601.058750000002
decision_type=2 2 2 2 2 2 2 2 2 2 2 2 2 2
left_child=2 4 9 10 6 11 7 -2 -7 -1 -3 -4 -12 -10
right_child=1 3 5 -5 -6 8 -8 -9 13 -11 12 -13 -14 -15
leaf_value=-27.99362182025726 3.7598482512133531 12.633757529607633 -12.725609955578685 34.121321651271131 0.72164376903267491 -5.7646607031067711 13.6464975729104 18.282818858861923 -1.0340706987311874 -14.064316395344244 18.857260527610777 -6.0146347053384286 30.120037378164437 6.8007783391601162
leaf_weight=51 501 245 250 60 450 394 247 59 206 565 245 675 51 132
leaf_count=51 501 245 250 60 450 394 247 59 206 565 245 675 51 132
internal_value=-0.0421065 9.73036 -8.03111 18.9277 5.32134 -5.33573 7.88215 5.31984 -2.16452 -15.2611 17.1828 -7.84021 20.8927 2.03668
internal_weight=4131 1858 2273 601 1257 1657 807 560 732 616 541 925 296 338
internal_count=4131 1858 2273 601 1257 1657 807 560 732 616 541 925 296 338
is_linear=0
shrinkage=0.03


Tree=61
num_leaves=15
num_cat=0
split_feature=21 21 21 2 21 2 17 21 26 9 30 8 17 33
split_gain=3.37114e+08 7.74927e+07 4.57647e+07 1.98298e+07 1.56317e+07 1.24347e+07 1.172e+07 9.59353e+06 9.35102e+06 8.11412e+06 9.80917e+06 7.19968e+06 5.25801e+06 5.0407e+06
threshold=9845.8800000000028 12467.418750000001 7700.2725 5.5000000000000009 15252.253750000002 1.0000000180025095e-35 9633.4350000000013 11218.200000000003 15305.202500000001 0.25881904510252057 8598.090000000002 0.78656609248549325 8439.4162500000002 7184.0250000000015
decision_type=2 2 2 2 2 2 2 2 2 2 2 2 2 2
left_child=2 3 9 5 8 -2 11 -7 -3 -1 -11 12 -4 -9
right_child=1 4 6 -5 -6 7 -8 13 -10 10 -12 -13 -14 -15
leaf_value=-4.3712286539375782 15.830674665585036 14.9787799275104 -12.003094751312361 -4.0892681615231394 34.743062906070634 3.2510705906606563 -0.96883607966862706 3.3651250060574038 25.276277675628663 -26.437362645557947 -14.262898516657401 -3.008724748502372 -6.6896507716141809 11.650612054391548
leaf_weight=63 120 456 230 176 48 590 448 90 99 69 489 352 642 259
leaf_count=63 120 456 230 176 48 590 448 90 99 69 489 352 642 259
internal_value=-0.0403248 9.52903 -7.71165 5.21724 18.3367 6.76634 -5.12331 5.59234 16.8578 -14.6611 -15.813 -6.64185 -8.10329 9.52972
internal_weight=4131 1838 2293 1235 603 1059 1672 939 555 621 558 1224 872 349
internal_count=4131 1838 2293 1235 603 1059 1672 939 555 621 558 1224 872 349
is_linear=0
shrinkage=0.03


Tree=62
num_leaves=15
num_cat=0
split_feature=21 21 21 2 34 2 17 21 25 9 8 9 17 9
split_gain=3.17289e+08 7.29472e+07 4.30765e+07 1.86637e+07 1.69696e+07 1.17077e+07 1.10292e+07 9.02988e+06 7.81358e+06 6.89485e+06 6.77524e+06 6.12801e+06 4.94967e+06 4.88487e+06
threshold=9845.8800000000028 12467.418750000001 7700.2725 5.5000000000000009 15291.220000000003 1.0000000180025095e-35 9633.4350000000013 11218.200000000003 6438.4162500000011 0.60355339059327384 0.78656609248549325 -0.78656609248549303 8439.4162500000002 0.37940952255126048
decision_type=2 2 2 2 2 2 2 2 2 2 2 2 2 2
left_child=2 3 8 5 -3 -2 10 -7 13 -10 12 -6 -4 -1
right_child=1 4 6 -5 11 7 -8 -9 9 -11 -12 -13 -14 -15
leaf_value=-12.419117387265576 15.3596792749531 14.233648784931967 -11.644560703259783 -3.9672832233218824 30.508564961751301 3.1537035056419178 -0.93983572841487106 9.2451125800405229 -6.6072687545030009 -14.632274782582043 -2.9187187178327409 19.370235647143737 -6.4892733656144284 -24.716663929027515
leaf_weight=48 120 407 230 176 98 590 448 349 137 346 352 98 642 90
leaf_count=48 120 407 230 176 98 590 448 349 137 346 352 98 642 90
internal_value=-0.0388445 9.24488 -7.48119 5.06145 17.7903 6.56432 -4.97002 5.42515 -14.2235 -12.3744 -6.44313 25.0661 -7.86084 -20.5595
internal_weight=4131 1838 2293 1235 603 1059 1672 939 621 483 1224 196 872 138
internal_count=4131 1838 2293 1235 603 1059 1672 939 621 483 1224 196 872 138
is_linear=0
shrinkage=0.03


Tree=63
num_leaves=15
num_cat=0
split_feature=16 16 16 9 7 34 7 35 2 34 35 16 36 16
split_gain=3.00758e+08 7.07118e+07 4.2253e+07 1.80446e+07 1.69852e+07 1.61337e+07 1.60466e+07 9.23932e+06 8.82246e+06 8.10423e+06 7.54307e+06 6.78843e+06 6.18391e+06 4.87513e+06
threshold=9794.0650000000023 12223.357500000002 7587.8900000000003 0.60355339059327384 16.500000000000004 15317.462500000001 10.500000000000002 434.97875000000028 5.5000000000000009 12608.063750000003 828.4899999999999 5864.036250000001 -42.714999999999229 11488.001250000001
decision_type=2 2 2 2 2 2 2 2 2 2 2 2 2 2
left_child=2 6 7 8 5 12 -2 11 10 -5 -4 -1 -3 -8
right_child=1 4 3 9 -6 -7 13 -9 -10 -11 -12 -13 -14 -15
leaf_value=-26.399342395558076 9.438190449415421 10.303879512755238 -1.8004150462245485 -11.757888733651326 4.884600735743021 26.709574357500728 0.68463710596395089 -2.2713534791329328 -8.0748878684472505 -5.7175040642273274 7.3119607982990589 -14.6129536630639 18.082194403131368 6.1991183316707605
leaf_weight=50 391 146 627 344 96 160 601 50 177 485 93 447 275 189
leaf_count=50 391 146 627 344 96 160 601 50 177 485 93 447 275 189
internal_value=-0.0376247 8.91299 -7.35476 -5.04683 16.6364 18.5664 4.47528 -14.6147 -2.09428 -8.23517 -0.61487 -15.8494 15.4156 2.01011
internal_weight=4131 1858 2273 1726 677 581 1181 547 897 829 720 497 421 790
internal_count=4131 1858 2273 1726 677 581 1181 547 897 829 720 497 421 790
is_linear=0
shrinkage=0.03


Tree=64
num_leaves=15
num_cat=0
split_feature=21 21 21 36 36 36 21 36 21 36 36 36 36 36
split_gain=2.82484e+08 6.24478e+07 3.79308e+07 2.01866e+07 1.72616e+07 1.53648e+07 1.42558e+07 1.23387e+07 8.18891e+06 6.79412e+06 5.9952e+06 5.33497e+06 5.07623e+06 4.86326e+06
threshold=10844.830000000002 8625.621250000002 13200.643750000003 -214.99875000000154 -82.707499999999968 867.12375000000077 7132.6725000000015 -300.01749999999987 9679.3837500000027 -361.28499999999798 983.08875000000091 -1136.6050000000002 -1446.5950000000005 904.94499999999982
decision_type=2 2 2 2 2 2 2 2 2 2 2 2 2 2
left_child=1 5 4 11 12 6 -1 -4 13 -8 -6 -3 -2 -5
right_child=2 3 7 8 10 -7 9 -9 -10 -11 -12 -13 -14 -15
leaf_value=-17.334755602299083 -4.7335801506042481 -10.897590700981761 12.908398493806757 -2.2861702244658644 10.511940920473776 -2.05363276042084 -13.979829117161277 23.722806757918924 4.6203762050643915 -7.8536059388420387 19.396654263200432 -4.0201196260679337 5.0530070914668226 5.0346006043910974
leaf_weight=274 54 132 166 445 364 186 222 237 421 638 86 440 367 99
leaf_count=274 54 132 166 445 364 186 222 237 421 638 86 440 367 99
internal_value=-0.0364015 -5.27492 11.7061 -1.16296 8.1692 -10.0584 -11.3683 19.3113 1.48409 -9.44944 12.2492 -5.6235 3.78944 -0.947077
internal_weight=4131 2857 1274 1537 871 1320 1134 403 965 860 450 572 421 544
internal_count=4131 2857 1274 1537 871 1320 1134 403 965 860 450 572 421 544
is_linear=0
shrinkage=0.03


Tree=65
num_leaves=15
num_cat=0
split_feature=16 21 16 35 16 8 7 36 21 2 9 8 21 25
split_gain=2.74421e+08 6.17746e+07 3.50335e+07 1.60519e+07 1.5051e+07 1.03727e+07 1.0128e+07 9.09966e+06 8.92047e+06 1.11673e+07 8.90754e+06 8.53348e+06 7.59866e+06 4.44624e+06
threshold=10915.528750000001 8560.9350000000031 13123.745000000001 792.0225000000006 7234.263750000001 0.37940952255126054 7.5000000000000009 -799.86124999999936 14872.922500000002 1.0000000180025095e-35 0.78656609248549303 0.78656609248549325 9923.7300000000014 7616.4712500000014
decision_type=2 2 2 2 2 2 2 2 2 2 2 2 2 2
left_child=1 4 5 7 11 -2 -5 -3 9 -4 -6 -1 -9 -7
right_child=2 3 8 6 10 13 -8 12 -10 -11 -12 -13 -14 -15
leaf_value=-19.59134304189427 5.9891185280749228 -6.9228201975072903 27.607660874111552 11.943182468564492 -4.8722676272081298 7.6939821189314452 -0.84883299837112425 -2.5063315024852755 28.774469388326008 14.068816358782078 -10.745915903471552 -10.091684899937023 3.1040649068113098 16.062641885349514
leaf_weight=186 564 298 70 126 459 90 99 824 71 273 476 164 294 172
leaf_count=186 564 298 70 126 459 90 99 824 71 273 476 164 294 172
internal_value=0.0633074 -4.94905 11.8853 -1.09016 -9.87232 8.29851 6.33578 -2.27378 19.0043 16.9041 -7.87079 -15.1816 -1.0295 13.2282
internal_weight=4166 2926 1240 1641 1285 826 225 1416 414 343 935 350 1118 262
internal_count=4166 2926 1240 1641 1285 826 225 1416 414 343 935 350 1118 262
is_linear=0
shrinkage=0.03


Tree=66
num_leaves=15
num_cat=0
split_feature=21 21 21 36 36 36 36 21 9 36 31 36 21 36
split_gain=2.52516e+08 4.97116e+07 4.22157e+07 1.74881e+07 1.66229e+07 1.30632e+07 1.28495e+07 1.15194e+07 1.05048e+07 8.23915e+06 7.99456e+06 6.58488e+06 5.47552e+06 4.73623e+06
threshold=10316.268750000001 12556.532500000003 8496.845000000003 -505.55374999999998 134.29125000000025 -352.69374999999985 261.44874999999962 15012.613750000002 0.25881904510252057 688.65624999999966 8869.6463020833344 -785.8262499999995 11734.361250000002 -1164.0624999999989
decision_type=2 2 2 2 2 2 2 2 2 2 2 2 2 2
left_child=2 3 5 13 11 -1 7 -3 -7 12 -10 -4 -5 -2
right_child=1 6 4 9 -6 8 -8 -9 10 -11 -12 -13 -14 -15
leaf_value=-15.757744058010189 -5.8441725917174434 11.514247897538892 -9.6225393195023408 4.4176317986897224 2.2474308479680372 -1.6688852635154852 23.369928841157392 26.78263097322904 -14.182237537319276 14.365034684016786 -7.5894450276660388 -3.2275284221809741 10.827913442822389 2.1687116464887342
leaf_weight=257 106 348 184 406 505 184 175 51 242 144 540 679 171 174
leaf_count=257 106 348 184 406 505 184 175 51 242 144 540 679 171 174
internal_value=0.0618377 9.53164 -5.69605 5.48656 -2.07282 -9.74384 16.564 13.528 -8.12921 7.95476 -9.6452 -4.60058 6.33286 -0.874687
internal_weight=4166 1575 2591 1001 1368 1223 574 399 966 721 782 863 577 280
internal_count=4166 1575 2591 1001 1368 1223 574 399 966 721 782 863 577 280
is_linear=0
shrinkage=0.03


Tree=67
num_leaves=15
num_cat=0
split_feature=16 21 21 8 24 16 9 36 34 16 21 9 8 36
split_gain=2.43309e+08 5.487e+07 3.18724e+07 1.45176e+07 1.53232e+07 1.43299e+07 1.05284e+07 9.3354e+06 8.47647e+06 8.38763e+06 8.30366e+06 7.97518e+06 7.89645e+06 4.74999e+06
threshold=10915.528750000001 8625.621250000002 13123.745000000001 0.91597561503675362 589.13080840392138 7234.263750000001 -0.25881904510252068 261.44874999999962 13200.958750000003 9444.7675000000017 15012.613750000002 0.60355339059327384 0.78656609248549325 -1136.6050000000002
decision_type=2 2 2 2 2 2 2 2 2 2 2 2 2 2
left_child=1 5 6 9 -5 12 8 10 -2 13 -4 -7 -1 -3
right_child=2 3 7 4 -6 11 -8 -9 -10 -11 -12 -13 -14 -15
leaf_value=-18.585969602207449 7.0456481776034181 -10.835150131734933 12.542328664706302 0.38430035030790444 14.299890587769665 -3.5641501921363496 2.0985609725448819 25.178583129378389 14.304837465811584 -0.30969853299477101 25.994603189321662 -9.2328472447984922 -9.4524194895137441 -3.7858749865498895
leaf_weight=186 386 109 233 231 102 344 215 120 235 738 51 646 164 406
leaf_count=186 386 109 233 231 102 344 215 120 235 738 51 646 164 406
internal_value=0.0602547 -4.65942 11.1919 -0.881877 4.67683 -9.12644 7.83265 18.1068 9.81129 -2.36173 15.0408 -7.26872 -14.3454 -5.29599
internal_weight=4166 2926 1240 1586 333 1340 836 404 621 1253 284 990 350 515
internal_count=4166 2926 1240 1586 333 1340 836 404 621 1253 284 990 350 515
is_linear=0
shrinkage=0.03


Tree=68
num_leaves=15
num_cat=0
split_feature=21 21 21 36 36 36 21 36 36 21 9 36 36 21
split_gain=2.24254e+08 4.39938e+07 3.73715e+07 1.5848e+07 1.47912e+07 1.28868e+07 1.17972e+07 1.24525e+07 7.50494e+06 7.39397e+06 6.59941e+06 5.45731e+06 5.30668e+06 4.90193e+06
threshold=10316.268750000001 12556.532500000003 8560.9350000000031 -505.55374999999998 134.29125000000025 109.09874999999876 14872.922500000002 669.56499999999971 688.65624999999966 7172.3699999999999 0.25881904510252057 -42.714999999999229 -785.8262499999995 11734.361250000002
decision_type=2 2 2 2 2 2 2 2 2 2 2 2 2 2
left_child=2 3 5 -2 12 9 7 11 13 -1 -7 -3 -4 -5
right_child=1 6 4 8 -6 10 -8 -9 -10 -11 -12 -13 -14 -15
leaf_value=-18.049293505708935 -0.87793078996532747 8.7693653406106034 -8.8043717314025098 4.16732711435243 2.4530156263299525 -0.60551131266467972 26.709211813274184 26.205018365126389 13.644813466959985 -10.234745028925174 -7.687504398805844 15.583287073113384 -2.9409900769115036 10.232472969307455
leaf_weight=141 280 230 176 406 472 158 75 64 144 514 474 205 656 171
leaf_count=141 280 230 176 406 472 158 75 64 144 514 474 205 656 171
internal_value=0.0587789 8.98291 -5.36733 5.17755 -1.78569 -8.99206 15.5985 13.8785 7.52717 -11.9419 -5.92078 12.0089 -4.19042 5.97942
internal_weight=4166 1575 2591 1001 1304 1287 574 499 721 655 632 435 832 577
internal_count=4166 1575 2591 1001 1304 1287 574 499 721 655 632 435 832 577
is_linear=0
shrinkage=0.03


Tree=69
num_leaves=15
num_cat=0
split_feature=16 16 21 8 35 16 2 21 16 0 8 8 0 31
split_gain=2.15781e+08 4.93848e+07 2.85289e+07 2.04268e+07 1.40412e+07 1.20633e+07 9.33433e+06 7.86471e+06 7.80685e+06 6.6006e+06 5.92539e+06 5.8035e+06 5.75262e+06 4.36674e+06
threshold=10915.528750000001 8625.621250000002 13123.745000000001 0.91597561503675362 828.4899999999999 7234.263750000001 1.0000000180025095e-35 14872.922500000002 9444.7675000000017 6.5000000000000009 0.78656609248549325 0.12940952255126045 16.500000000000004 10405.077864583334
decision_type=2 2 2 2 2 2 2 2 2 2 2 2 2 2
left_child=1 4 6 8 5 10 -2 -4 -3 -5 -1 -7 13 -8
right_child=2 3 7 9 -6 11 12 -9 -10 -11 -12 -13 -14 -15
leaf_value=-17.605417112250077 14.101692026359469 -4.7398792202245081 14.995818771535701 2.7483952334375661 6.8501750107372503 -10.24695775140192 5.2808014341657978 25.918478905527216 -0.19047216130154471 13.738650393729307 -9.7193131028249589 -5.4191171137177765 1.1386321468080793 11.03473486727229
leaf_weight=189 151 583 329 100 50 387 319 75 811 97 166 543 174 192
leaf_count=189 151 583 329 100 50 387 319 75 811 97 166 543 174 192
internal_value=0.0574371 -4.38723 10.5405 -0.815805 -8.6397 -9.24729 7.36239 17.0826 -2.09517 8.20197 -13.9555 -7.43699 5.85838 7.46011
internal_weight=4166 2926 1240 1591 1335 1285 836 404 1394 197 355 930 685 511
internal_count=4166 2926 1240 1591 1335 1285 836 404 1394 197 355 930 685 511
is_linear=0
shrinkage=0.03


Tree=70
num_leaves=15
num_cat=0
split_feature=16 21 16 16 36 21 0 22 16 0 36 0 16 0
split_gain=2.12028e+08 5.81334e+07 2.52578e+07 1.59558e+07 1.2467e+07 1.14184e+07 1.10714e+07 9.09034e+06 6.17366e+06 6.01931e+06 5.98472e+06 5.21989e+06 4.58547e+06 4.04614e+06
threshold=11257.176250000002 8875.5250000000033 13654.248750000002 7833.1562500000009 -1164.0624999999989 10112.025000000003 16.500000000000004 14791.635000000002 6058.8950000000013 7.5000000000000009 1308.62625 10.500000000000002 9758.3387500000008 1.0000000180025095e-35
decision_type=2 2 2 2 2 2 2 2 2 2 2 2 2 2
left_child=1 3 6 8 -3 -6 11 -4 -1 12 -5 -2 -7 -10
right_child=2 4 7 10 5 9 -8 -9 13 -11 -12 -13 -14 -15
leaf_value=-20.418796617239714 13.949246949089899 -6.9607648402514881 16.652566618016991 -6.0894013216031837 -1.0043036958951386 4.8200563283120426 1.2248941910266875 31.089291724380182 -18.452311977810329 2.4961082935066599 2.5006786889500088 8.2566202814560228 14.932594608616183 -9.7225912333047511
leaf_weight=63 242 190 250 778 825 92 143 48 53 379 80 380 73 557
leaf_count=63 242 190 250 778 825 92 143 48 53 379 80 380 73 557
internal_value=0.117535 -3.85856 11.6683 -8.00885 0.219703 1.22063 8.76221 19.0742 -11.4666 4.59051 -5.28647 10.4903 9.35718 -10.5101
internal_weight=4153 3090 1063 1531 1559 1369 765 298 673 544 858 622 165 610
internal_count=4153 3090 1063 1531 1559 1369 765 298 673 544 858 622 165 610
is_linear=0
shrinkage=0.03


Tree=71
num_leaves=15
num_cat=0
split_feature=16 21 22 16 0 2 8 24 8 25 34 16 0 0
split_gain=1.9956e+08 5.47155e+07 2.39324e+07 1.5023e+07 1.16299e+07 1.07319e+07 1.09501e+07 1.12032e+07 7.0909e+06 5.59717e+06 5.52962e+06 4.7947e+06 4.22576e+06 4.9543e+06
threshold=11257.176250000002 8875.5250000000033 13732.845000000003 7833.1562500000009 16.500000000000004 5.5000000000000009 0.91597561503675362 589.13080840392138 0.78656609248549325 6856.0400000000018 15555.775000000003 14003.603750000002 1.0000000180025095e-35 20.500000000000004
decision_type=2 2 2 2 2 2 2 2 2 2 2 2 2 2
left_child=1 3 4 8 11 6 -3 -8 9 -1 -4 -2 -5 -14
right_child=2 5 10 12 -6 -7 7 -9 -10 -11 -12 -13 13 -15
leaf_value=-18.84061241736779 9.6663077033088012 -0.039441279942913736 15.861209099582011 -10.906812594291008 1.6870589069170612 -5.0388254322622199 1.9869077403245572 14.673124695674026 -7.3176813994507501 -11.147881007298556 25.358484267350079 18.202408639963934 -2.6368681128991871 -7.7928634221780868
leaf_weight=129 570 1008 169 100 167 285 166 100 270 274 90 67 507 251
leaf_count=129 570 1008 169 100 167 285 166 100 270 274 90 67 507 251
internal_value=0.114249 -3.74317 11.3202 -7.7696 8.74619 0.213387 1.39137 6.79331 -11.1247 -13.6509 19.2463 10.5913 -5.128 -4.35223
internal_weight=4153 3090 1063 1531 804 1559 1274 266 673 403 259 637 858 758
internal_count=4153 3090 1063 1531 804 1559 1274 266 673 403 259 637 858 758
is_linear=0
shrinkage=0.03


Tree=72
num_leaves=15
num_cat=0
split_feature=16 21 16 16 36 8 21 22 8 9 8 24 16 9
split_gain=1.87958e+08 4.94172e+07 2.44626e+07 1.4466e+07 1.11966e+07 1.02117e+07 9.52996e+06 8.38299e+06 6.76898e+06 6.43635e+06 5.83291e+06 6.19851e+06 4.56345e+06 4.4714e+06
threshold=11142.622500000001 8926.2437499999996 13654.248750000002 7833.1562500000009 -1164.0624999999989 0.37940952255126054 10112.025000000003 14791.635000000002 0.78656609248549325 0.60355339059327384 0.91597561503675362 682.49197382102238 6973.0687500000013 -0.25881904510252068
decision_type=2 2 2 2 2 2 2 2 2 2 2 2 2 2
left_child=1 3 5 8 -3 13 -6 -4 12 -5 -8 -12 -1 -2
right_child=2 4 7 9 6 -7 10 -9 -10 -11 11 -13 -14 -15
leaf_value=-17.641452034889383 7.2805232660209436 -6.6996002475787764 15.670100496945629 -1.4825736198799937 -0.8925323334270483 12.872627501699455 2.297231257922304 29.523453018811281 -7.0520345536889613 -6.8002704939647947 4.4396920102707886 16.941293422246382 -10.820450321390943 1.2428877028180103
leaf_weight=140 407 183 250 316 769 258 358 48 272 585 93 58 264 152
leaf_count=140 407 183 250 316 769 258 358 48 272 585 93 58 264 152
internal_value=0.110993 -3.75566 10.6403 -7.43667 0.219971 7.93968 1.21528 17.9928 -10.7535 -4.93897 4.3953 9.32159 -13.2219 5.64398
internal_weight=4153 3038 1115 1577 1461 817 1278 298 676 901 509 151 404 559
internal_count=4153 3038 1115 1577 1461 817 1278 298 676 901 509 151 404 559
is_linear=0
shrinkage=0.03


Tree=73
num_leaves=15
num_cat=0
split_feature=16 16 16 8 16 0 8 35 24 37 36 16 0 8
split_gain=1.77011e+08 4.90446e+07 2.07953e+07 1.87834e+07 1.31408e+07 1.16574e+07 8.37243e+06 7.36284e+06 6.89096e+06 6.12771e+06 5.28077e+06 5.04711e+06 4.93563e+06 5.477e+06
threshold=11292.610000000002 8874.3237500000014 14003.603750000002 0.91597561503675362 7587.8900000000003 10.500000000000002 0.12940952255126045 434.97875000000028 682.49197382102238 21.150000000000002 368.46374999999904 6058.8950000000013 16.500000000000004 -0.98296291314453399
decision_type=2 2 2 2 2 2 2 2 2 2 2 2 2 2
left_child=1 4 5 9 7 -2 -6 11 -5 -3 -4 -1 -7 -14
right_child=2 3 10 8 6 12 -8 -9 -10 -11 -12 -13 13 -15
leaf_value=-20.2362207140688 13.843609746566331 -4.719589691750155 14.698108288827418 5.0954796605025017 -8.2781551765773251 7.6888083432051069 -2.6636441012636829 -0.47145625795636853 17.719753947961525 0.12910306368215668 24.08876226100725 -10.900098776816007 9.2460646981716152 -3.0224816436014676
leaf_weight=60 250 297 142 111 430 414 540 55 60 1102 96 453 49 94
leaf_count=60 250 297 142 111 430 414 540 55 60 1102 96 453 49 94
internal_value=0.107944 -3.48371 10.7832 0.246707 -7.28943 8.46632 -5.15853 -10.913 9.60241 -0.902873 18.5709 -12.0293 6.0323 1.21634
internal_weight=4153 3108 1045 1570 1538 807 970 568 171 1399 238 513 557 143
internal_count=4153 3108 1045 1570 1538 807 970 568 171 1399 238 513 557 143
is_linear=0
shrinkage=0.03


Tree=74
num_leaves=15
num_cat=0
split_feature=16 16 16 8 16 0 8 8 24 9 8 16 5 35
split_gain=1.66731e+08 4.74516e+07 1.86238e+07 1.73936e+07 1.23701e+07 1.08961e+07 7.87885e+06 7.20755e+06 6.49151e+06 6.2958e+06 4.96404e+06 4.44665e+06 3.94713e+06 3.92311e+06
threshold=11369.388750000002 8874.3237500000014 14003.603750000002 0.91597561503675362 7587.8900000000003 10.500000000000002 0.12940952255126045 0.78656609248549325 682.49197382102238 0.60355339059327384 -0.9159756150367534 15310.590000000002 311.50000000000006 447.23750000000069
decision_type=2 2 2 2 2 2 2 2 2 2 2 2 2 2
left_child=1 4 5 9 7 12 -6 -1 -5 -3 -7 -4 -2 -9
right_child=2 3 11 8 6 10 -8 13 -10 -11 -12 -13 -14 -15
leaf_value=-13.565398643150507 10.976070036127522 0.50034386993159907 15.574124039821935 4.943980159993683 -8.0303867165505753 1.0339258585431996 -2.5838824748816642 -8.5694966159015884 17.196876087345061 -3.8715148075042305 7.6892892367427903 25.550616704037314 19.433949169059854 0.88483766026496891
leaf_weight=320 162 1013 182 111 430 135 540 199 60 418 402 56 76 49
leaf_count=320 162 1013 182 111 430 135 540 199 60 418 402 56 76 49
internal_value=0.10501 -3.30952 10.6819 0.304388 -7.07158 8.40845 -5.00411 -10.5873 9.31832 -0.778492 6.02121 18.0187 13.747 -6.70539
internal_weight=4153 3140 1013 1602 1538 775 970 568 171 1431 537 238 238 248
internal_count=4153 3140 1013 1602 1538 775 970 568 171 1431 537 238 238 248
is_linear=0
shrinkage=0.03


Tree=75
num_leaves=15
num_cat=0
split_feature=21 21 36 36 36 21 21 36 21 11 36 21 21 21
split_gain=1.51551e+08 3.68336e+07 2.14701e+07 1.76522e+07 9.32959e+06 9.15364e+06 8.747e+06 8.00194e+06 6.17372e+06 5.8397e+06 5.50944e+06 4.63526e+06 4.33566e+06 4.27918e+06
threshold=10898.795000000002 8247.9875000000011 24.081250000000185 422.54625000000038 -612.80499999999972 14542.665000000003 14872.922500000002 -470.77625000000029 6973.0687500000013 0.81174490092936691 829.07124999999962 8926.2437499999996 12087.771250000002 9764.5475000000024
decision_type=2 2 2 2 2 2 2 2 2 2 2 2 2 2
left_child=1 4 6 7 -1 9 12 -3 -6 -4 -10 -9 -2 -5
right_child=2 3 5 13 8 -7 -8 11 10 -11 -12 -13 -14 -15
leaf_value=-17.238619692149914 1.5799107460756605 -5.8862769518320608 10.395208369664626 1.9083317213257154 -11.344190513420104 25.65595143585205 16.961854847768944 -4.4060162133713288 -7.0209424694921188 18.571112779862808 0.2786003793973838 0.057546792895764559 6.5700677376826038 8.1512447353381265
leaf_weight=94 282 482 403 269 249 49 53 291 547 100 112 740 354 156
leaf_count=94 282 482 403 269 249 49 53 291 547 100 112 740 354 156
internal_value=0.112848 -3.59799 8.89988 -1.18203 -8.26493 13.3059 5.35574 -2.69946 -7.31798 12.0543 -5.78179 -1.20533 4.36343 4.21364
internal_weight=4181 2940 1241 1938 1002 552 689 1513 908 503 659 1031 636 425
internal_count=4181 2940 1241 1938 1002 552 689 1513 908 503 659 1031 636 425
is_linear=0
shrinkage=0.03


Tree=76
num_leaves=15
num_cat=0
split_feature=16 21 16 36 8 0 36 8 0 21 24 21 33 11
split_gain=1.45421e+08 3.52555e+07 2.14753e+07 1.2766e+07 9.30564e+06 9.0453e+06 6.7718e+06 6.44457e+06 5.96856e+06 5.67043e+06 5.56199e+06 5.43716e+06 5.2665e+06 5.25015e+06
threshold=9717.6162500000009 12024.830000000002 7671.1950000000006 24.081250000000185 0.91597561503675362 16.500000000000004 700.81000000000006 0.91597561503675362 1.0000000180025095e-35 14542.665000000003 557.6417111977097 14872.922500000002 6210.5037500000008 0.81174490092936691
decision_type=2 2 2 2 2 2 2 2 2 2 2 2 2 2
left_child=2 5 7 11 8 6 -2 12 -4 13 -6 -3 -1 -5
right_child=1 3 4 9 10 -7 -8 -9 -10 -11 -12 -13 -14 -15
leaf_value=-16.19360410246253 3.0978250484442227 6.1964522667406667 -10.674693619169172 11.87851261207307 -0.43894704100290932 -0.31368778517878065 9.5502369722979399 -4.6865536536672447 -3.7094164047772624 24.901666598510744 10.12978881086622 16.462422479523553 -9.2888629935828728 22.645373548619887
leaf_weight=159 489 360 121 250 224 478 209 157 1244 49 55 53 283 50
leaf_count=159 489 360 121 250 224 478 209 157 1244 49 55 53 283 50
internal_value=0.10978 6.12723 -5.08983 11.15 -3.31431 2.86595 5.04077 -9.9492 -4.33422 15.3758 1.67318 7.5505 -11.8037 13.7423
internal_weight=4181 1938 2243 762 1644 1176 698 599 1365 349 279 413 442 300
internal_count=4181 1938 2243 762 1644 1176 698 599 1365 349 279 413 442 300
is_linear=0
shrinkage=0.03


Tree=77
num_leaves=15
num_cat=0
split_feature=21 21 36 36 36 21 21 36 21 2 36 21 36 21
split_gain=1.34733e+08 3.28595e+07 1.92418e+07 1.58909e+07 8.54697e+06 8.08301e+06 7.79151e+06 7.36708e+06 5.46146e+06 5.24016e+06 5.0222e+06 4.98529e+06 4.16933e+06 3.89057e+06
threshold=10898.795000000002 8247.9875000000011 24.081250000000185 422.54625000000038 -612.80499999999972 14542.665000000003 14738.936250000002 -799.86124999999936 6973.0687500000013 1.0000000180025095e-35 829.07124999999962 8945.2350000000024 -1446.5950000000005 9764.5475000000024
decision_type=2 2 2 2 2 2 2 2 2 2 2 2 2 2
left_child=1 4 6 7 -1 9 12 -3 -6 -4 -10 -9 -2 -5
right_child=2 3 5 13 8 -7 -8 11 10 -11 -12 -13 -14 -15
leaf_value=-16.388165197472823 -2.4930683759542611 -7.0325045316850563 17.559605265891197 1.8112214158905877 -10.680693101634979 24.169557508850097 15.105674465724398 -4.5127120497957112 -6.6319978193806852 9.815324466393724 0.33669417870783169 -0.34461537025690892 4.9333707690336306 7.763862761642522
leaf_weight=94 77 270 100 269 249 49 62 365 547 403 112 878 550 156
leaf_count=94 77 270 100 269 249 49 62 365 547 403 112 878 550 156
internal_value=0.106914 -3.39197 8.39204 -1.11007 -7.79995 12.5631 5.03694 -2.54981 -6.8938 11.3868 -5.4489 -1.57121 4.01881 4.00932
internal_weight=4181 2940 1241 1938 1002 552 689 1513 908 503 659 1243 627 425
internal_count=4181 2940 1241 1938 1002 552 689 1513 908 503 659 1243 627 425
is_linear=0
shrinkage=0.03


Tree=78
num_leaves=15
num_cat=0
split_feature=21 21 21 2 9 2 9 31 2 2 47 21 0 29
split_gain=1.26815e+08 3.09266e+07 1.4424e+07 1.12109e+07 9.24656e+06 8.63482e+06 8.23918e+06 1.01811e+07 6.2603e+06 5.71933e+06 5.03088e+06 5.07868e+06 4.43464e+06 4.1405e+06
threshold=10898.795000000002 8247.9875000000011 13123.745000000001 5.5000000000000009 0.60355339059327384 1.0000000180025095e-35 0.25881904510252057 9099.4844791666674 5.5000000000000009 1.0000000180025095e-35 0.083333333333333023 14630.412500000002 7.5000000000000009 5943.7312500000016
decision_type=2 2 2 2 2 2 2 2 2 2 2 2 2 2
left_child=1 6 5 4 9 -2 -1 13 12 -3 11 -4 -7 -8
right_child=2 3 10 -5 -6 8 7 -9 -10 -11 -12 -13 -14 -15
leaf_value=-1.3850779349047961 14.697052868939517 5.8928393338735292 11.914275821300654 -6.3773875466549752 -3.5052732266324114 12.691669430365929 -20.28034118203556 -5.5215369834811394 -1.5706531072067003 0.39049314531865992 4.7630759687650777 20.326821241064383 5.0128760208360479 -10.967709792574245
leaf_weight=163 88 207 259 302 497 77 50 430 117 932 62 90 548 359
leaf_count=163 88 207 259 302 497 77 50 430 117 932 62 90 548 359
internal_value=0.103946 -3.29058 8.14195 -1.0768 -0.0950247 5.85407 -7.56695 -8.76486 4.78692 1.39479 12.7368 14.1356 5.97769 -12.1529
internal_weight=4181 2940 1241 1938 1636 830 1002 839 742 1139 411 349 625 409
internal_count=4181 2940 1241 1938 1636 830 1002 839 742 1139 411 349 625 409
is_linear=0
shrinkage=0.03


Tree=79
num_leaves=15
num_cat=0
split_feature=16 21 16 36 8 0 21 36 2 8 0 24 25 8
split_gain=1.22141e+08 3.02231e+07 1.81481e+07 1.13417e+07 8.00376e+06 7.8451e+06 7.38208e+06 5.98749e+06 5.80724e+06 5.7792e+06 5.44078e+06 4.99152e+06 3.8047e+06 3.05601e+06
threshold=9717.6162500000009 12024.830000000002 7671.1950000000006 -292.19250000000005 0.91597561503675362 16.500000000000004 14630.412500000002 796.46375000000091 1.0000000180025095e-35 0.78656609248549325 1.0000000180025095e-35 557.6417111977097 6679.5337500000014 -0.98296291314453399
decision_type=2 2 2 2 2 2 2 2 2 2 2 2 2 2
left_child=2 5 9 -3 10 7 8 -2 -5 12 -4 -6 -1 -7
right_child=1 3 4 6 11 13 -8 -9 -10 -11 -12 -13 -14 -15
leaf_value=-16.830873012542725 2.9427173486804219 5.6330135597842368 -10.030932679840776 20.981020867689601 -0.4076238455613454 4.7237264807470911 22.737602194547652 9.2365932427106365 10.194203112456346 -5.7085797489861667 -3.3816171242878381 9.6044820172446119 -9.6537792872996455 -1.4902984280008396
leaf_weight=95 513 295 121 52 224 86 63 185 352 258 1244 55 246 392
leaf_count=95 513 295 121 52 224 86 63 185 352 258 1244 55 246 392
internal_value=0.101015 5.6158 -4.66425 10.2663 -3.03208 2.59631 13.1748 4.62171 11.631 -9.13133 -3.97797 1.59329 -11.6967 -0.364735
internal_weight=4181 1938 2243 762 1644 1176 467 698 404 599 1365 279 341 478
internal_count=4181 1938 2243 762 1644 1176 467 698 404 599 1365 279 341 478
is_linear=0
shrinkage=0.03


Tree=80
num_leaves=15
num_cat=0
split_feature=21 21 21 2 36 36 21 36 9 31 36 36 21 36
split_gain=1.09763e+08 2.47325e+07 1.80221e+07 1.26161e+07 1.09814e+07 1.08739e+07 9.22966e+06 6.28174e+06 5.75958e+06 8.06223e+06 5.20054e+06 4.8761e+06 4.33584e+06 3.418e+06
threshold=9923.7300000000014 11799.026250000001 7671.1950000000006 1.0000000180025095e-35 -344.43749999999994 543.98374999999953 14542.665000000003 -1408.3250000000005 0.25881904510252057 7633.4837500000003 -799.86124999999936 867.12375000000077 8926.2437499999996 -1408.3250000000005
decision_type=2 2 2 2 2 2 2 2 2 2 2 2 2 2
left_child=2 4 8 -3 13 10 7 -5 -1 -10 -4 -6 -12 -2
right_child=1 3 5 6 11 -7 -8 -9 9 -11 12 -13 -14 -15
leaf_value=-0.59806591342872295 -9.3366931835810334 22.457373245739547 -8.5336893531680111 -2.4128042079190735 3.2102095987103865 2.0328914481803468 15.89256463289261 7.7415688713944819 -18.340704868861607 -8.1875891477639886 -4.8251665346763497 10.00407289981842 -1.2212142527905794 -1.0111683802377609
leaf_weight=70 53 60 191 60 562 340 119 588 83 471 671 114 545 251
leaf_count=70 53 60 191 60 562 340 119 588 83 471 671 114 545 251
internal_value=-0.0990118 5.46927 -4.34327 9.28699 2.24139 -2.77721 8.22879 6.79906 -8.71625 -9.73906 -3.94019 4.36903 -3.21225 -2.48856
internal_weight=4178 1807 2371 827 980 1747 767 648 624 554 1407 676 1216 304
internal_count=4178 1807 2371 827 980 1747 767 648 624 554 1407 676 1216 304
is_linear=0
shrinkage=0.03


Tree=81
num_leaves=15
num_cat=0
split_feature=21 21 21 2 36 36 21 36 9 31 36 36 21 36
split_gain=1.03304e+08 2.3281e+07 1.69634e+07 1.18881e+07 1.03374e+07 1.0233e+07 8.69157e+06 5.9187e+06 5.42062e+06 7.59513e+06 4.89543e+06 4.59132e+06 4.07994e+06 3.43318e+06
threshold=9923.7300000000014 11799.026250000001 7671.1950000000006 1.0000000180025095e-35 -344.43749999999994 543.98374999999953 14542.665000000003 -1446.5950000000005 0.25881904510252057 7633.4837500000003 -799.86124999999936 867.12375000000077 8926.2437499999996 24.081250000000185
decision_type=2 2 2 2 2 2 2 2 2 2 2 2 2 2
left_child=2 4 8 -3 -2 10 7 -5 -1 -10 -4 -6 -12 -9
right_child=1 3 5 6 11 -7 -8 13 9 -11 12 -13 -14 -15
leaf_value=-0.58037667556547778 -2.4149226819335436 21.794696500809465 -8.2790120524913071 -2.9638254027896456 3.1140743633908867 1.9720835597629596 15.419760894894599 5.3450557559216678 -17.797034090587069 -7.9424818549147345 -4.68062695529711 9.7065605156110664 -1.1846449349272055 9.9554546173263301
leaf_weight=70 304 60 191 53 562 340 119 325 83 471 671 114 545 270
leaf_count=70 304 60 191 53 562 340 119 325 83 471 671 114 545 270
internal_value=-0.0959923 5.30597 -4.21347 9.00996 2.17424 -2.69411 7.98276 6.59533 -8.45606 -9.44832 -3.8223 4.23854 -3.11603 7.45039
internal_weight=4178 1807 2371 827 980 1747 767 648 624 554 1407 676 1216 595
internal_count=4178 1807 2371 827 980 1747 767 648 624 554 1407 676 1216 595
is_linear=0
shrinkage=0.03


Tree=82
num_leaves=15
num_cat=0
split_feature=16 9 34 16 8 8 16 52 27 0 8 51 24 34
split_gain=1.01823e+08 2.51129e+07 2.25272e+07 1.3784e+07 6.56012e+06 5.60965e+06 5.479e+06 4.68316e+06 4.24729e+06 4.244e+06 3.92148e+06 3.39674e+06 2.86747e+06 2.74571e+06
threshold=9656.4525000000012 -0.25881904510252068 13200.958750000003 7587.8900000000003 0.91597561503675362 0.78656609248549325 15071.457500000002 2.9583333333333335 7608.8309375000017 1.0000000180025095e-35 -0.98296291314453399 10.583333333333334 581.66454945001828 13404.011250000001
decision_type=2 2 2 2 2 2 2 2 2 2 2 2 2 2
left_child=3 2 7 5 9 8 11 -2 -1 -5 -3 -4 -6 -11
right_child=1 10 6 4 12 -7 -8 -9 -10 13 -12 -13 -14 -15
leaf_value=-18.904860475328235 8.8957622745742491 4.80861255964248 11.882156147167125 -9.1744664585406959 -0.46867931468219592 -5.1146013267803188 19.981217471659182 2.1024396019543592 -9.5545356156479215 -4.3645958624160457 -1.3274631390134259 7.3425743521191178 7.1515272320834073 -1.1834882812531189
leaf_weight=53 108 114 381 129 231 249 55 571 274 855 506 255 54 343
leaf_count=53 108 114 381 129 231 249 55 571 274 855 506 255 54 343
internal_value=-0.0929584 4.81662 7.08237 -4.55842 -3.13163 -8.53906 10.8926 3.19448 -11.1231 -4.01802 -0.193266 10.0764 0.995054 -3.45557
internal_weight=4178 1990 1370 2188 1612 576 691 679 327 1327 620 636 285 1198
internal_count=4178 1990 1370 2188 1612 576 691 679 327 1327 620 636 285 1198
is_linear=0
shrinkage=0.03


Tree=83
num_leaves=15
num_cat=0
split_feature=16 9 34 16 9 11 16 33 6 31 18 34 11 9
split_gain=9.5834e+07 2.36349e+07 2.12027e+07 1.29772e+07 6.20937e+06 6.03624e+06 5.47886e+06 5.04806e+06 4.9799e+06 4.43677e+06 4.01122e+06 3.26281e+06 3.01811e+06 2.99782e+06
threshold=9656.4525000000012 -0.25881904510252068 13200.958750000003 7587.8900000000003 0.60355339059327384 0.81174490092936691 5864.036250000001 7728.79 1.0000000180025095e-35 10004.103125000003 6307.8249999999998 15291.220000000003 0.81174490092936691 -0.78656609248549303
decision_type=2 2 2 2 2 2 2 2 2 2 2 2 2 2
left_child=3 2 12 6 8 11 -1 -7 13 -6 -8 -4 -2 -5
right_child=1 -3 5 4 9 7 10 -9 -10 -11 -12 -13 -14 -15
leaf_value=-17.249755767754145 2.2021756288766023 -0.1872993949242836 7.928860281099241 -6.1280308626095454 -7.40489901708158 10.065008403539657 0.75823344581267416 23.720249023437496 -4.2943725057416318 -2.8888893781541141 -8.1629673125657991 12.944115127325057 7.5801834702280768 1.3367322605454337
leaf_weight=55 567 620 422 53 357 49 50 53 297 437 471 167 112 468
leaf_count=55 567 620 422 53 357 49 50 53 297 437 471 167 112 468
internal_value=-0.090083 4.67293 6.871 -4.42224 -3.03783 10.5675 -8.28464 17.3219 -1.20111 -4.92617 -7.30696 9.3704 3.09913 0.567047
internal_weight=4178 1990 1370 2188 1612 691 576 102 818 794 521 589 679 521
internal_count=4178 1990 1370 2188 1612 691 576 102 818 794 521 589 679 521
is_linear=0
shrinkage=0.03


Tree=84
num_leaves=15
num_cat=0
split_feature=16 16 21 0 8 36 21 52 16 2 9 36 9 36
split_gain=9.02024e+07 2.23625e+07 1.25665e+07 8.24051e+06 7.56581e+06 7.019e+06 6.1374e+06 5.76698e+06 5.35346e+06 4.89495e+06 3.88795e+06 3.8764e+06 3.69991e+06 3.07232e+06
threshold=9656.4525000000012 12057.686250000002 7747.7200000000012 16.500000000000004 0.91597561503675362 -1206.7075000000002 9148.0725000000002 6.8750000000000009 5864.036250000001 1.0000000180025095e-35 -0.25881904510252068 -50.778749999999484 0.60355339059327384 962.7025000000009
decision_type=2 2 2 2 2 2 2 2 2 2 2 2 2 2
left_child=2 4 8 7 10 -4 11 9 -1 -3 13 -7 -10 -2
right_child=1 3 5 -5 -6 6 -8 -9 12 -11 -12 -13 -14 -15
leaf_value=-16.756900851163 2.0641261405711404 19.850806068567667 -9.5798618187223159 0.92178513115699134 10.631412439484929 -5.681496141880058 0.62041119553387036 6.8192161911076834 -3.4146559554275715 10.712320814475738 -0.63114891967323961 -1.803788938244262 -8.50182394025137 7.9254131812935169
leaf_weight=54 571 67 125 108 85 429 468 302 189 277 487 507 416 93
leaf_count=54 571 67 125 108 85 429 468 302 189 277 487 507 416 93
internal_value=-0.0872352 4.53371 -4.29017 8.60215 2.04688 -2.79443 -2.18391 9.88274 -7.75107 12.5446 1.40423 -3.58525 -6.92089 2.89577
internal_weight=4178 1990 2188 754 1236 1529 1404 646 659 344 1151 936 605 664
internal_count=4178 1990 2188 754 1236 1529 1404 646 659 344 1151 936 605 664
is_linear=0
shrinkage=0.03


Tree=85
num_leaves=15
num_cat=0
split_feature=9 31 25 36 2 9 9 32 9 31 34 20 2 38
split_gain=7.8812e+07 3.33671e+07 1.72531e+07 8.60061e+06 8.12193e+06 5.88029e+06 5.64787e+06 5.16747e+06 4.92486e+06 4.8104e+06 4.44212e+06 4.22173e+06 3.95841e+06 3.88811e+06
threshold=-0.25881904510252068 10139.757343750001 8133.1975000000011 -431.11749999999932 1.0000000180025095e-35 0.60355339059327384 0.60355339059327384 1238.3317324492493 -0.12940952255126037 8892.7053125000039 15447.477500000003 7132.6725000000015 1.0000000180025095e-35 23.750000000000004
decision_type=2 2 2 2 2 2 2 2 2 2 2 2 2 2
left_child=1 3 6 7 -3 8 -2 -1 -4 -8 -6 -5 -13 -7
right_child=2 4 5 11 10 13 9 -9 -10 -11 -12 12 -14 -15
leaf_value=-10.428771446462887 -4.1586252606925207 19.548060571125575 -4.3756316499149097 -0.93358034053091277 7.5478420293166186 -4.0640468936165171 -11.673359354965301 -0.86061555816879809 1.6461032118280663 -5.8118504644494786 13.965716582684477 9.4110954988319264 3.045091841133504 3.5393784816229519
leaf_weight=66 474 69 152 176 541 647 252 211 607 259 120 112 405 66
leaf_count=66 474 69 152 176 541 647 252 211 607 259 120 112 405 66
internal_value=-0.024605 4.93974 -3.46006 1.29074 9.77999 -1.40189 -6.53126 -3.16976 0.435979 -8.71964 8.73232 3.07567 4.43972 -3.35623
internal_weight=4157 1700 2457 970 730 1472 985 277 759 511 661 693 517 713
internal_count=4157 1700 2457 970 730 1472 985 277 759 511 661 693 517 713
is_linear=0
shrinkage=0.03


Tree=86
num_leaves=15
num_cat=0
split_feature=16 16 16 8 35 8 22 31 36 38 9 9 8 8
split_gain=7.98953e+07 1.96682e+07 1.10343e+07 9.96487e+06 6.10212e+06 5.80064e+06 5.21406e+06 4.97992e+06 3.45918e+06 3.31148e+06 3.24972e+06 3.33651e+06 4.29438e+06 3.23109e+06
threshold=9695.4975000000031 13200.643750000003 7833.1562500000009 0.37940952255126054 483.4674999999998 0.60355339059327384 14791.635000000002 7861.7007291666678 24.081250000000185 22.050000000000004 0.98296291314453421 0.91597561503675362 -0.78656609248549292 0.91597561503675362
decision_type=2 2 2 2 2 2 2 2 2 2 2 2 2 2
left_child=2 3 4 9 7 10 8 -1 -3 -2 11 12 -4 -5
right_child=1 6 5 13 -6 -7 -8 -9 -10 -11 -12 -13 -14 -15
leaf_value=-12.83710540898641 -3.4681349036632438 5.0258766300201412 -1.0798870754901773 5.3433764584536476 2.8674442897902592 0.47249755214148037 19.395506558418273 -6.3613409290899963 11.378849525675177 1.8865578250737429 -8.4967765445709222 0.028973450548946858 -5.8845931400967508 11.808457775614983
leaf_weight=134 116 124 270 393 53 445 51 546 215 935 109 239 442 85
leaf_count=134 116 124 270 393 53 445 51 546 215 935 109 239 442 85
internal_value=-0.0237485 4.46644 -3.87419 2.92868 -6.89076 -2.40138 10.4723 -7.65445 9.07671 1.29281 -3.60719 -3.03841 -4.06667 6.51531
internal_weight=4157 1919 2238 1529 733 1505 390 680 339 1051 1060 951 712 478
internal_count=4157 1919 2238 1529 733 1505 390 680 339 1051 1060 951 712 478
is_linear=0
shrinkage=0.03


Tree=87
num_leaves=15
num_cat=0
split_feature=21 22 36 33 36 21 36 36 35 36 21 8 34 21
split_gain=7.49457e+07 1.88677e+07 1.1414e+07 8.41941e+06 7.39876e+06 7.38147e+06 4.72767e+06 4.43817e+06 4.4209e+06 4.08426e+06 3.72423e+06 3.30415e+06 3.0155e+06 2.9468e+06
threshold=10962.120000000001 8740.8325000000023 -268.33749999999958 6058.8950000000013 235.72000000000028 14105.055000000002 -1206.7075000000002 1147.2712500000009 947.86125000000004 129.12750000000054 12139.006250000002 0.91597561503675362 12851.607500000002 9601.058750000002
decision_type=2 2 2 2 2 2 2 2 2 2 2 2 2 2
left_child=1 3 10 -1 6 7 -3 11 -6 12 -2 -4 -5 -8
right_child=2 4 5 9 8 -7 13 -9 -10 -11 -12 -13 -14 -15
leaf_value=-10.975747907161711 -0.54871213765814897 -8.339641437885609 5.6087140891287062 -6.9429342586721905 1.4295962972107512 15.485801334065838 -2.9236286132758664 14.896594341368901 10.081981323856418 -1.8899491223151033 4.897720647927212 13.296470516982831 -2.9373713309114629 0.51458533793001138
leaf_weight=191 191 93 485 485 542 120 464 62 58 439 275 56 263 433
leaf_count=191 191 93 485 485 542 120 464 62 58 439 275 56 263 433
internal_value=-0.0228907 -2.57247 6.33821 -5.14046 -0.345032 8.6962 -1.93752 7.3216 2.2814 -4.19305 2.66896 6.42758 -5.54038 -1.26519
internal_weight=4157 2968 1189 1378 1590 723 990 603 600 1187 466 541 748 897
internal_count=4157 2968 1189 1378 1590 723 990 603 600 1187 466 541 748 897
is_linear=0
shrinkage=0.03


Tree=88
num_leaves=15
num_cat=0
split_feature=16 21 21 36 21 36 35 36 21 9 37 36 21 36
split_gain=7.09685e+07 1.97831e+07 1.031e+07 7.41949e+06 6.19027e+06 6.05535e+06 5.78007e+06 4.56588e+06 3.86115e+06 3.62365e+06 3.45044e+06 3.33524e+06 3.00672e+06 2.97975e+06
threshold=9695.4975000000031 12087.771250000002 7587.8900000000003 814.6312499999982 15252.253750000002 -50.778749999999484 815.52250000000015 -658.39624999999967 8965.7300000000014 0.60355339059327384 23.350000000000005 -873.63625000000036 9006.4075000000012 -1206.7075000000002
decision_type=2 2 2 2 2 2 2 2 2 2 2 2 2 2
left_child=2 6 7 4 11 12 10 -1 -7 -9 -2 -3 -4 -14
right_child=1 3 5 -5 -6 8 -8 9 -10 -11 -12 -13 13 -15
leaf_value=-15.140782179174751 -1.1672697758031074 2.1525335287442431 -5.7666499377979799 17.865049002720756 17.361312970733643 -1.759348107763343 7.3947513632326309 -2.7975010581606106 3.1029595389611582 -8.0742561159047987 2.3855542241815311 7.526553101036737 -6.7715204769205819 -1.0812415429434261
leaf_weight=57 388 135 463 64 49 525 148 183 203 332 669 466 106 369
leaf_count=57 388 135 463 64 49 525 148 183 203 332 669 466 106 369
internal_value=-0.0219754 4.20993 -3.65094 8.16361 7.1824 -2.45518 1.86241 -7.12332 -0.401095 -6.2083 1.08151 6.32502 -4.04725 -2.36266
internal_weight=4157 1919 2238 714 650 1666 1205 572 728 515 1057 601 938 475
internal_count=4157 1919 2238 714 650 1666 1205 572 728 515 1057 601 938 475
is_linear=0
shrinkage=0.03


Tree=89
num_leaves=15
num_cat=0
split_feature=21 21 16 36 36 21 16 8 36 36 36 0 0 23
split_gain=6.6811e+07 1.69682e+07 1.1018e+07 9.16616e+06 7.02994e+06 5.86321e+06 5.57131e+06 5.04691e+06 4.5376e+06 4.5288e+06 3.33021e+06 3.28883e+06 2.77215e+06 2.67893e+06
threshold=9870.7750000000033 12087.771250000002 8122.6737500000008 73.438750000000269 814.6312499999982 15252.253750000002 6058.8950000000013 0.78656609248549325 -1164.0624999999989 996.77375000000131 -841.06499999999994 1.0000000180025095e-35 1.5000000000000002 6669.4275000000007
decision_type=2 2 2 2 2 2 2 2 2 2 2 2 2 2
left_child=2 3 6 8 5 10 -1 -8 -2 11 -3 -4 -13 -9
right_child=1 4 9 -5 -6 -7 7 13 -10 -11 -12 12 -14 -15
leaf_value=-13.742574029445649 -5.6788563394857485 2.1122219288040851 -7.6935835681502347 5.372514418876059 17.337342903283925 16.850890390419959 -6.9552080434830197 4.1980262054443358 0.87484012430890001 2.3633892302179955 7.3560258298880088 4.2427414680488651 -2.2907268643831795 -3.3627249443662035
leaf_weight=74 114 144 96 427 64 49 541 49 548 211 461 61 1046 272
leaf_count=74 114 144 96 427 64 49 541 49 548 211 461 61 1046 272
internal_value=-0.0212063 4.31468 -3.35565 1.95106 7.8919 6.94249 -5.87893 -5.1887 -0.260583 -1.68238 6.11348 -2.39337 -1.92719 -2.19909
internal_weight=4157 1807 2350 1089 718 654 936 862 662 1414 605 1203 1107 321
internal_count=4157 1807 2350 1089 718 654 936 862 662 1414 605 1203 1107 321
is_linear=0
shrinkage=0.03


Tree=90
num_leaves=15
num_cat=0
split_feature=21 16 34 35 52 11 24 20 0 34 21 16 47 30
split_gain=6.5104e+07 1.92267e+07 7.8248e+06 6.83896e+06 6.76547e+06 5.75897e+06 4.88552e+06 4.05316e+06 3.52213e+06 3.32282e+06 3.28691e+06 3.13751e+06 2.86558e+06 2.63594e+06
threshold=11218.200000000003 8923.6187500000033 13202.743750000001 853.6774999999999 18.958333333333339 0.81174490092936691 2061.3021323600296 10197.567500000003 16.500000000000004 12117.763750000002 9148.0725000000002 14572.411250000001 0.016666666666666236 8431.0362500000028
decision_type=2 2 2 2 2 2 2 2 2 2 2 2 2 2
left_child=1 3 -2 4 9 10 8 12 11 -1 -3 -4 -7 -6
right_child=2 5 6 -5 13 7 -8 -9 -10 -11 -12 -13 -14 -15
leaf_value=-4.8319090170426797 2.3983618978516059 -3.6785379248083108 7.2299541396235005 5.7050697120867273 -12.726330339431762 11.361314213180542 16.848593483690944 -0.64754843986860589 1.6242577930976605 -0.8478514424657243 0.15775740521453724 13.352109233220418 3.5490021027668868 -6.3451403253776713
leaf_weight=384 318 253 537 56 64 74 52 100 86 370 963 89 100 693
leaf_count=384 318 253 537 56 64 74 52 100 86 370 963 89 100 693
internal_value=0.0418564 -2.19671 6.36272 -4.51557 -4.8979 0.243377 8.0075 4.16417 7.33905 -2.8806 -0.642774 8.12029 6.9175 -6.90073
internal_weight=4139 3057 1082 1567 1511 1490 764 274 712 754 1216 626 174 757
internal_count=4139 3057 1082 1567 1511 1490 764 274 712 754 1216 626 174 757
is_linear=0
shrinkage=0.03


Tree=91
num_leaves=15
num_cat=0
split_feature=21 16 21 2 2 35 20 2 35 33 31 9 21 2
split_gain=6.12745e+07 1.81542e+07 6.8308e+06 6.73172e+06 5.90309e+06 5.20059e+06 4.95606e+06 4.30264e+06 4.10191e+06 3.94783e+06 3.87737e+06 4.29617e+06 3.47164e+06 4.01612e+06
threshold=11218.200000000003 8343.8175000000028 14630.412500000002 1.0000000180025095e-35 1.0000000180025095e-35 628.41750000000059 10083.698750000001 5.5000000000000009 342.1262499999994 7199.9375000000009 9130.6730208333338 0.37940952255126048 9148.0725000000002 5.5000000000000009
decision_type=2 2 2 2 2 2 2 2 2 2 2 2 2 2
left_child=1 5 3 -2 6 10 -3 9 -4 -5 11 -1 -6 -14
right_child=2 4 8 7 12 -7 -8 -9 -10 -11 -12 -13 13 -15
leaf_value=-3.9451530943047528 13.06300042121641 6.334708019853255 6.87271460757536 0.033717408697560153 -3.02565257170972 3.272173264925597 -1.2697233102487961 -0.45699142586101182 18.812456945386426 6.3048809521148597 -3.7262585283951326 -9.4589688167127512 0.58146728269906756 -4.720609439667439
leaf_weight=202 92 192 50 105 576 60 128 131 57 647 461 353 937 148
leaf_count=202 92 192 50 105 576 60 128 131 57 647 461 353 937 148
internal_value=0.0408412 -2.13089 6.17299 5.37263 -0.426313 -5.26582 3.29841 4.55748 13.3486 5.43048 -5.77277 -7.46287 -1.14546 -0.145432
internal_weight=4139 3057 1082 975 1981 1076 320 883 107 752 1016 555 1661 1085
internal_count=4139 3057 1082 975 1981 1076 320 883 107 752 1016 555 1661 1085
is_linear=0
shrinkage=0.03


Tree=92
num_leaves=15
num_cat=0
split_feature=21 21 36 36 36 21 2 36 33 34 2 36 28 36
split_gain=5.76732e+07 1.49993e+07 8.92438e+06 7.9178e+06 6.91919e+06 5.61078e+06 3.73259e+06 3.55577e+06 3.39594e+06 3.08088e+06 2.86144e+06 2.71579e+06 2.37579e+06 1.99569e+06
threshold=11218.200000000003 8875.5250000000033 -242.55875000000103 -214.99875000000154 134.29125000000025 14105.055000000002 1.0000000180025095e-35 1077.0350000000001 7131.7762500000008 15291.220000000003 1.0000000180025095e-35 -1164.0624999999989 956.16938154884815 -1043.0187499999986
decision_type=2 2 2 2 2 2 2 2 2 2 2 2 2 2
left_child=1 4 9 11 8 7 -5 12 13 -2 -6 -3 -4 -1
right_child=2 3 5 6 10 -7 -8 -9 -10 -11 -12 -13 -14 -15
leaf_value=-13.298560331517999 1.6751995854161854 -6.8190673727866926 12.255803976619944 6.0676520426988603 1.0747884207438929 14.644054050718033 0.90883813519826095 13.857162621294867 -3.9110350455092582 8.5739421048371689 -3.1723916977255238 -1.6898800739776099 5.3402426127073603 -7.0835144283901892
leaf_weight=54 380 116 50 149 192 104 800 60 355 68 551 457 420 383
leaf_count=54 380 116 50 149 192 104 800 60 355 68 551 457 420 383
internal_value=0.0398237 -2.06712 5.98904 0.0435431 -4.15858 8.27755 1.72436 7.00302 -6.10826 2.73913 -2.07488 -2.73835 6.10043 -7.88015
internal_weight=4139 3057 1082 1522 1535 634 949 530 792 448 743 573 470 437
internal_count=4139 3057 1082 1522 1535 634 949 530 792 448 743 573 470 437
is_linear=0
shrinkage=0.03


Tree=93
num_leaves=15
num_cat=0
split_feature=21 16 36 36 21 40 0 52 36 36 21 21 25 23
split_gain=5.42902e+07 1.61525e+07 8.40161e+06 5.94814e+06 5.28261e+06 4.82793e+06 3.70455e+06 3.51315e+06 3.43284e+06 3.35073e+06 3.30835e+06 2.21432e+06 2.19784e+06 1.83608e+06
threshold=11218.200000000003 8343.8175000000028 -242.55875000000103 1270.4824999999994 14105.055000000002 20.570833333333336 1.0000000180025095e-35 18.958333333333339 -873.63625000000036 1077.0350000000001 9661.1800000000021 14630.412500000002 6612.2375000000002 13213.874583333336
decision_type=2 2 2 2 2 2 2 2 2 2 2 2 2 2
left_child=1 5 11 6 9 -1 -3 -7 -8 -4 -10 -2 -9 -6
right_child=2 3 4 -5 13 7 8 12 10 -11 -12 -13 -14 -15
leaf_value=1.3383864129066467 1.8650292160495927 -6.5933267452765474 5.91854008021628 4.7557534230537097 18.584041461555326 -3.6215235800566692 -5.1846674500438903 -10.956682424130648 -1.4150974567325747 13.448262741272567 1.3604625421095378 8.3014253463636738 -6.2127556768152195 10.198301709827623
leaf_weight=99 394 97 470 182 48 445 134 114 881 60 687 54 418 56
leaf_count=99 394 97 470 182 48 445 134 114 881 60 687 54 418 56
internal_value=0.0388352 -2.00538 5.81093 -0.397523 8.03141 -4.96243 -0.921227 -5.60163 -0.594274 6.79471 -0.198918 2.65764 -7.24799 14.2089
internal_weight=4139 3057 1082 1981 634 1076 1799 977 1702 530 1568 448 532 104
internal_count=4139 3057 1082 1981 634 1076 1799 977 1702 530 1568 448 532 104
is_linear=0
shrinkage=0.03


Tree=94
num_leaves=15
num_cat=0
split_feature=21 22 36 36 33 21 9 36 34 11 36 36 20 9
split_gain=5.1107e+07 1.44602e+07 7.90992e+06 6.71136e+06 5.09336e+06 4.98036e+06 3.80993e+06 3.15815e+06 2.82953e+06 2.74176e+06 2.73078e+06 2.72567e+06 2.46618e+06 2.44869e+06
threshold=11218.200000000003 8620.3012500000004 -242.55875000000103 -214.99875000000154 6427.4025000000011 14105.055000000002 0.60355339059327384 1077.0350000000001 15291.220000000003 0.81174490092936691 -1164.0624999999989 140.05249999999981 14270.237500000001 0.37940952255126048
decision_type=2 2 2 2 2 2 2 2 2 2 2 2 2 2
left_child=1 4 8 10 13 7 9 -4 -2 -5 -3 -6 -8 -1
right_child=2 3 5 6 11 -7 12 -9 -10 -11 -12 -13 -14 -15
leaf_value=-2.9552300742392736 1.5591354135077768 -7.2954500324909501 5.7413608489294718 1.0427250537682469 -4.586076418931162 13.790876778466361 -3.7274647570061448 13.051428698242686 8.1701648448861164 4.8048655092908081 -1.9097889054665749 -1.3163132897019385 2.2772437244653703 -9.4070864164495145
leaf_weight=71 380 103 470 696 605 104 205 60 68 232 465 371 87 222
leaf_count=71 380 103 470 696 605 104 205 60 68 232 465 371 87 222
internal_value=0.0379007 -1.94548 5.63822 -0.206719 -4.39325 7.79274 1.04739 6.59196 2.57859 1.98744 -2.89755 -3.3458 -1.93667 -7.85909
internal_weight=4139 3057 1082 1788 1269 634 1220 530 448 928 568 976 292 293
internal_count=4139 3057 1082 1788 1269 634 1220 530 448 928 568 976 292 293
is_linear=0
shrinkage=0.03


Tree=95
num_leaves=15
num_cat=0
split_feature=16 22 9 34 31 36 21 8 7 36 22 31 25 36
split_gain=4.87048e+07 1.21223e+07 7.49076e+06 7.52153e+06 5.4711e+06 5.29798e+06 3.69787e+06 3.68606e+06 3.59675e+06 3.39953e+06 3.10403e+06 2.93608e+06 2.80824e+06 2.70527e+06
threshold=10836.891250000001 8927.8100000000031 -0.25881904510252068 14318.781250000002 7578.8710416666663 -720.09249999999872 10112.025000000003 -0.98296291314453399 1.0000000180025095e-35 754.17124999999953 7618.1475 9919.2442187500019 6228.6325000000006 -352.69374999999985
decision_type=2 2 2 2 2 2 2 2 2 2 2 2 2 2
left_child=1 4 3 9 10 -3 12 -4 -6 -2 -1 -10 -7 -5
right_child=2 5 7 13 8 6 -8 -9 11 -11 -12 -13 -14 -15
leaf_value=-15.732298861809495 2.8048138561455103 -3.9330346458432448 6.0545649349506077 5.0253930449972346 -8.1175122420584902 6.0121927499297563 3.6847624959183243 -2.318228261121388 -4.2201377751774398 7.7046199487517857 -5.7661723952293391 -1.2565940802248128 -0.78193929669264894 10.969745429806384
leaf_weight=52 519 273 64 97 140 58 282 173 766 169 64 497 760 262
leaf_count=52 519 273 64 97 140 58 282 173 766 169 64 497 760 262
internal_value=-0.0849932 -2.24372 4.77513 5.86438 -4.08939 -0.20028 0.728839 -0.0412185 -3.5664 4.01786 -10.3302 -3.05589 -0.293433 9.38207
internal_weight=4176 2892 1284 1047 1519 1373 1100 237 1403 688 116 1263 818 359
internal_count=4176 2892 1284 1047 1519 1373 1100 237 1403 688 116 1263 818 359
is_linear=0
shrinkage=0.03


Tree=96
num_leaves=15
num_cat=0
split_feature=9 34 29 2 0 0 30 36 9 31 12 0 9 2
split_gain=4.45394e+07 1.98127e+07 9.10745e+06 8.36212e+06 5.44843e+06 4.29248e+06 4.01311e+06 3.78764e+06 3.5381e+06 3.06011e+06 2.79596e+06 2.49379e+06 4.13482e+06 3.2594e+06
threshold=-0.25881904510252068 13200.958750000003 7978.6712500000003 5.5000000000000009 7.5000000000000009 1.0000000180025095e-35 10966.792500000001 -306.26750000000078 0.60355339059327384 7578.8710416666663 -0.24999999999999994 1.5000000000000002 0.60355339059327384 5.5000000000000009
decision_type=2 2 2 2 2 2 2 2 2 2 2 2 2 2
left_child=1 3 8 4 -1 -4 -6 -3 -2 -10 -9 -7 13 -13
right_child=2 7 5 -5 6 11 -8 10 9 -11 -12 12 -14 -15
leaf_value=9.2408770447156634 -3.3042881217525926 4.1091149711690536 -6.6941721408032189 -4.8972272856753376 -1.1989214783240549 4.1785311712377213 3.1970501473666304 7.2326905570117699 -13.138436272144316 -5.9670270181042335 12.07821037663671 1.1120464171936744 -3.0418736232060368 -4.8944429350668388
leaf_weight=87 489 218 120 182 321 84 445 326 63 367 166 646 570 92
leaf_count=87 489 218 120 182 321 84 445 326 63 367 166 646 570 92
internal_value=-0.0824425 3.57326 -2.70695 0.923573 2.16982 -1.27391 1.35569 7.42908 -5.06071 -7.0458 8.88877 -0.80216 -1.12498 0.35764
internal_weight=4176 1745 2431 1035 853 1512 766 710 919 430 492 1392 1308 738
internal_count=4176 1745 2431 1035 853 1512 766 710 919 430 492 1392 1308 738
is_linear=0
shrinkage=0.03


Tree=97
num_leaves=15
num_cat=0
split_feature=16 16 21 8 36 22 16 0 51 8 36 21 39 37
split_gain=4.32849e+07 1.26926e+07 6.45315e+06 6.3752e+06 4.77093e+06 4.59117e+06 3.56867e+06 2.92247e+06 3.15949e+06 2.51288e+06 2.03753e+06 2.0071e+06 1.97936e+06 2.32335e+06
threshold=9594.6512500000008 12135.375000000002 8193.9887500000023 0.91597561503675362 -470.77625000000029 14791.635000000002 5864.036250000001 16.500000000000004 10.750000000000002 0.60355339059327384 754.17124999999953 9148.0725000000002 19.775000000000006 21.350000000000005
decision_type=2 2 2 2 2 2 2 2 2 2 2 2 2 2
left_child=2 3 6 12 -4 7 -1 8 -3 10 -8 -6 -2 -14
right_child=1 5 4 -5 11 -7 9 -9 -10 -11 -12 -13 13 -15
leaf_value=-12.567042816418867 5.8421142275883602 8.2421790252222085 -4.1517620313916161 9.1060208960554814 -1.2825533666022837 13.833217121254314 -6.6127368267806794 0.40079674095250245 3.6817052360245439 -2.4200238486950667 -2.06079822648943 1.9388658852739766 -3.4207154158262476 0.92276467756349501
leaf_weight=51 64 320 421 87 510 65 443 88 243 342 112 263 123 1044
leaf_count=51 64 320 421 87 510 65 443 88 243 342 112 263 123 1044
internal_value=-0.0799835 3.05356 -3.05558 1.30493 -1.58625 6.26609 -4.90256 5.49045 6.28385 -4.45326 -5.69953 -0.185412 0.746638 0.462419
internal_weight=4176 2034 2142 1318 1194 716 948 651 563 897 555 773 1231 1167
internal_count=4176 2034 2142 1318 1194 716 948 651 563 897 555 773 1231 1167
is_linear=0
shrinkage=0.03


Tree=98
num_leaves=15
num_cat=0
split_feature=16 21 21 36 36 36 9 31 22 35 21 33 35 36
split_gain=4.09202e+07 1.03244e+07 6.76055e+06 6.02227e+06 5.72505e+06 5.41161e+06 5.21809e+06 3.44067e+06 3.38925e+06 3.2054e+06 2.4435e+06 2.37617e+06 2.27167e+06 1.9702e+06
threshold=10836.891250000001 8965.7300000000014 14872.922500000002 754.17124999999953 -419.85499999999951 -1010.8174999999991 0.60355339059327384 9216.9881770833363 13125.268750000001 135.58875000000037 10962.120000000001 8258.3100000000031 -252.9812500000007 1024.5787499999999
decision_type=2 2 2 2 2 2 2 2 2 2 2 2 2 2
left_child=1 5 3 9 -3 -1 13 -8 -5 -2 -6 -11 -9 -7
right_child=2 4 -4 8 10 6 7 12 -10 11 -12 -13 -14 -15
leaf_value=-11.418239241637192 1.2040406067801965 -2.6981510255896834 12.563086129356833 5.5979074021951467 0.97170864950230451 -1.8848416390103169 -7.0014348307684813 -1.664393297517617 13.106772876789696 3.1189409516534581 6.8371168000357487 8.3073240585487422 -5.5912632649540903 2.6718850000465619
leaf_weight=76 561 463 84 200 744 526 357 337 75 246 69 118 219 101
leaf_count=76 561 463 84 200 744 526 357 337 75 246 69 118 219 101
internal_value=-0.0775015 -2.0562 4.37732 3.79432 -0.0386773 -3.64823 -3.2576 -4.70371 7.6859 2.63029 1.47732 4.81908 -3.21842 -1.14771
internal_weight=4176 2892 1284 1200 1276 1616 1540 913 275 925 813 364 556 627
internal_count=4176 2892 1284 1200 1276 1616 1540 913 275 925 813 364 556 627
is_linear=0
shrinkage=0.03


Tree=99
num_leaves=15
num_cat=0
split_feature=16 22 21 36 52 35 2 28 16 21 22 27 0 20
split_gain=3.8517e+07 9.82773e+06 6.40006e+06 5.20807e+06 5.15069e+06 4.99536e+06 4.57317e+06 3.98267e+06 3.52445e+06 2.94695e+06 2.48724e+06 2.44926e+06 2.28898e+06 2.79849e+06
threshold=10836.891250000001 8927.8100000000031 14630.412500000002 754.17124999999953 23.208333333333339 746.83000000000186 4.5000000000000009 2156.9409714193966 8610.2337500000012 11858.086250000002 13125.268750000001 7635.9491666666681 7.5000000000000009 9717.6162500000009
decision_type=2 2 2 2 2 2 2 2 2 2 2 2 2 2
left_child=1 4 3 9 -1 8 12 -4 -3 -2 -5 -6 13 -7
right_child=2 5 7 10 11 6 -8 -9 -10 -11 -12 -13 -14 -15
leaf_value=-2.3100934883708981 0.27976017754492549 -4.0469166251883664 16.940823328759933 5.4308056815346673 -10.930674284804951 13.562134758276597 -3.590498842932961 5.736498215565315 -0.061032413971094809 3.8183069408346859 11.970676566084771 -5.1284724582484893 1.0542879707996662 4.2087967274302525
leaf_weight=955 344 256 53 200 76 55 54 64 895 551 72 488 51 62
leaf_count=955 344 256 53 200 76 55 54 64 895 551 72 488 51 62
internal_value=-0.0750028 -1.99472 4.24702 3.56996 -3.65656 -0.154839 3.95513 10.9126 -0.95031 2.46009 7.19951 -5.92832 6.3875 8.68346
internal_weight=4176 2892 1284 1167 1519 1373 222 117 1151 895 272 564 168 117
internal_count=4176 2892 1284 1167 1519 1373 222 117 1151 895 272 564 168 117
is_linear=0
shrinkage=0.03


Tree=100
num_leaves=15
num_cat=0
split_feature=9 34 25 2 7 34 36 7 33 48 30 7 9 34
split_gain=3.73269e+07 1.69358e+07 8.08765e+06 5.4012e+06 5.68764e+06 4.32674e+06 3.86427e+06 3.34138e+06 3.12129e+06 3.10983e+06 2.90493e+06 2.50403e+06 3.43396e+06 2.46511e+06
threshold=-0.25881904510252068 13200.958750000003 8133.1975000000011 5.5000000000000009 7.5000000000000009 10837.015000000003 -300.01749999999987 1.0000000180025095e-35 8586.9937500000015 0.024999999999999977 8674.7050000000036 20.500000000000004 -0.12940952255126037 14719.385000000002
decision_type=2 2 2 2 2 2 2 2 2 2 2 2 2 2
left_child=1 3 9 4 -1 -6 -3 -4 11 -2 -11 12 -9 -8
right_child=2 6 7 -5 5 -7 13 8 -10 10 -12 -13 -14 -15
leaf_value=8.8954796026063985 -1.9882318037945703 3.6823107305206828 -6.0896574872230813 -3.9387331451347891 -2.3926055292670543 2.5397149390828679 6.6565790869472057 -4.458421411412103 3.170804379849598 -10.614031014288624 -4.8583113808039 -3.122160753742441 0.70567993985043409 11.081027471404326
leaf_weight=91 301 236 106 174 233 506 303 139 173 92 566 384 672 189
leaf_count=91 301 236 106 174 233 506 303 139 173 92 566 384 672 189
internal_value=0.0156432 3.38061 -2.38021 0.852594 1.86059 0.983447 6.86109 -0.983838 -0.584042 -4.52317 -5.67797 -1.12984 -0.183795 8.37527
internal_weight=4165 1732 2433 1004 830 739 728 1474 1368 959 658 1195 811 492
internal_count=4165 1732 2433 1004 830 739 728 1474 1368 959 658 1195 811 492
is_linear=0
shrinkage=0.03


Tree=101
num_leaves=15
num_cat=0
split_feature=21 36 21 21 36 2 21 16 2 35 46 20 0 32
split_gain=3.84255e+07 7.69566e+06 7.55096e+06 7.19647e+06 5.23921e+06 3.30081e+06 3.91992e+06 3.11518e+06 2.95066e+06 2.74249e+06 2.20308e+06 1.98649e+06 1.92357e+06 1.75134e+06
threshold=10138.885000000004 -1164.0624999999989 11858.086250000002 7765.5700000000006 134.29125000000025 1.0000000180025095e-35 15012.613750000002 5864.036250000001 1.0000000180025095e-35 -37.489999999998865 0.15000000000000005 8756.8000000000011 1.0000000180025095e-35 1463.6974048099707
decision_type=2 2 2 2 2 2 2 2 2 2 2 2 2 2
left_child=3 9 8 7 10 -4 11 -1 -3 -2 -5 -7 -9 -12
right_child=1 2 5 4 -6 6 -8 12 -10 -11 13 -13 -14 -15
leaf_value=-12.07961617638083 -5.6133434188244289 7.0786694923712279 13.235769329579151 -1.9399831711074751 0.60151025264015123 2.8378709065318106 13.147900606999633 -8.8480512533689808 1.4980332595217334 1.5460798308472883 -8.2782359118533861 6.4677329404085224 -3.740867134469966 -3.0353793914049443
leaf_weight=50 97 97 60 826 744 219 60 75 665 94 98 367 572 141
leaf_count=50 97 97 60 826 744 219 60 75 665 94 98 367 572 141
internal_value=0.0151684 3.55549 4.29226 -2.32904 -1.32974 6.52603 5.88332 -4.91699 2.2168 -2.10008 -2.6782 5.11835 -4.34565 -5.21077
internal_weight=4165 1659 1468 2506 1809 706 646 697 762 191 1065 586 647 239
internal_count=4165 1659 1468 2506 1809 706 646 697 762 191 1065 586 647 239
is_linear=0
shrinkage=0.03


Tree=102
num_leaves=15
num_cat=0
split_feature=21 9 36 36 31 21 21 35 2 2 7 9 52 14
split_gain=3.61694e+07 7.50102e+06 7.37224e+06 6.12863e+06 6.03467e+06 4.64439e+06 4.30964e+06 3.06127e+06 2.67964e+06 2.67509e+06 1.85755e+06 4.51548e+06 2.00243e+06 1.82213e+06
threshold=10138.885000000004 0.60355339059327384 58.269999999999534 -419.85499999999951 9130.6730208333338 13123.745000000001 12139.006250000002 259.42749999999984 1.0000000180025095e-35 5.5000000000000009 1.0000000180025095e-35 0.91597561503675362 19.125000000000004 0.79462857753386984
decision_type=2 2 2 2 2 2 2 2 2 2 2 2 2 2
left_child=1 3 6 -1 -3 13 9 -8 -5 -2 -6 -12 -13 -4
right_child=2 4 5 8 10 -7 7 -9 -10 -11 11 12 -14 -15
leaf_value=-4.4924695930540564 1.1741142510952916 -7.2764516231342098 3.7606029200336453 3.2020360481433379 -6.0245648153951343 9.9848540219115147 1.6073317715753284 6.801133671871253 -0.44732761308941499 -3.7502612606297401 -3.6526124213331626 4.0863229620965509 -1.557610495362963 9.8774622791640603
leaf_weight=299 430 354 465 233 120 178 215 195 800 128 474 122 104 48
leaf_count=299 430 354 465 233 120 178 215 195 800 128 474 122 104 48
internal_value=0.0147341 -2.25961 3.44955 -0.71776 -4.00686 5.81468 1.75695 4.08813 0.378097 0.0397935 -2.5882 -1.99133 1.49363 4.35107
internal_weight=4165 2506 1659 1332 1174 691 968 410 1033 558 820 700 226 513
internal_count=4165 2506 1659 1332 1174 691 968 410 1033 558 820 700 226 513
is_linear=0
shrinkage=0.03


Tree=103
num_leaves=15
num_cat=0
split_feature=21 36 9 21 36 31 2 21 2 2 35 46 20 0
split_gain=3.40407e+07 7.07498e+06 7.05917e+06 6.78844e+06 5.76772e+06 5.6789e+06 3.08241e+06 3.67e+06 2.71236e+06 2.52188e+06 2.51739e+06 2.01647e+06 1.79482e+06 1.74907e+06
threshold=10138.885000000004 -1164.0624999999989 0.60355339059327384 11858.086250000002 -419.85499999999951 9130.6730208333338 1.0000000180025095e-35 15012.613750000002 1.0000000180025095e-35 1.0000000180025095e-35 -37.489999999998865 0.15000000000000005 8756.8000000000011 1.0000000180025095e-35
decision_type=2 2 2 2 2 2 2 2 2 2 2 2 2 2
left_child=2 10 4 8 11 -4 -5 12 -3 -6 -2 -1 -8 -7
right_child=1 3 5 6 9 13 7 -9 -10 -11 -12 -13 -14 -15
leaf_value=-2.65449304116063 -5.4417389786547536 6.7465050493941012 -7.0587729594035888 12.653223428882535 3.1063854961441111 -5.8453215614035106 2.643291200410236 12.578023196673783 1.3961454466482002 -0.43392454475052789 1.4179548818688643 -7.9505974871665241 6.0930382174731275 -1.9316381343304643
leaf_weight=204 97 97 354 60 233 120 219 60 665 800 94 95 367 700
leaf_count=204 97 97 354 60 233 120 219 60 665 800 94 95 367 700
internal_value=0.0143878 3.3466 -2.19202 4.05305 -0.696266 -3.88703 6.17102 5.55031 2.0852 0.366833 -2.07588 -4.35814 4.81052 -2.51081
internal_weight=4165 1659 2506 1468 1332 1174 706 646 762 1033 191 299 586 820
internal_count=4165 1659 2506 1468 1332 1174 706 646 762 1033 191 299 586 820
is_linear=0
shrinkage=0.03


Tree=104
num_leaves=15
num_cat=0
split_feature=21 21 21 16 35 11 16 35 52 21 11 14 0 38
split_gain=3.20404e+07 6.41581e+06 6.32513e+06 3.76332e+06 3.73742e+06 3.27076e+06 2.93828e+06 2.9108e+06 3.03224e+06 2.4644e+06 1.79869e+06 1.66826e+06 1.66592e+06 1.65005e+06
threshold=10138.885000000004 11858.086250000002 7765.5700000000006 15310.590000000002 152.31999999999974 0.81174490092936691 5864.036250000001 872.61374999999964 25.833333333333339 14542.665000000003 1.0000000180025095e-35 -0.95768026224311653 1.0000000180025095e-35 26.950000000000003
decision_type=2 2 2 2 2 2 2 2 2 2 2 2 2 2
left_child=2 5 6 4 13 10 -1 8 -4 -6 -2 -12 -8 -3
right_child=1 3 7 -5 9 -7 12 -9 -10 -11 11 -13 -14 -15
leaf_value=-11.506615814882165 1.7391914870810508 0.74054323268952682 -0.49926406355699626 13.04565660196192 5.6413252004103995 6.5461751173467047 -8.1879795676156082 4.559041142529856 -3.1123238681691885 12.539180748159234 3.3607594303099009 -2.7040714864924311 -3.435690960068821 4.8210179518390168
leaf_weight=50 499 219 1110 50 349 97 75 75 624 54 51 190 572 150
leaf_count=50 499 219 1110 50 349 97 75 75 624 54 51 190 572 150
internal_value=0.0140664 3.24689 -2.12653 5.12807 4.59904 1.39549 -4.55273 -1.18972 -1.44086 6.59439 0.712385 -1.412 -3.99838 2.40786
internal_weight=4165 1659 2506 822 772 837 697 1809 1734 403 740 241 647 369
internal_count=4165 1659 2506 822 772 837 697 1809 1734 403 740 241 647 369
is_linear=0
shrinkage=0.03


Tree=105
num_leaves=15
num_cat=0
split_feature=21 21 11 48 0 6 30 52 52 22 8 8 18 11
split_gain=2.8494e+07 6.43254e+06 6.08655e+06 5.09683e+06 4.11396e+06 3.22239e+06 3.15847e+06 2.79643e+06 2.48943e+06 2.2534e+06 2.1169e+06 1.62362e+06 2.08146e+06 1.48059e+06
threshold=9896.4475000000002 14630.412500000002 0.81174490092936691 0.083333333333333301 11.500000000000002 1.0000000180025095e-35 8431.0362500000028 6.791666666666667 6.8750000000000009 8555.7387500000023 -0.78656609248549292 -0.9159756150367534 8122.6737500000008 0.81174490092936691
decision_type=2 2 2 2 2 2 2 2 2 2 2 2 2 2
left_child=3 2 5 9 -3 7 -5 -2 -4 -1 -8 -7 -13 -11
right_child=1 4 8 6 -6 11 10 -9 -10 13 -12 12 -14 -15
leaf_value=-2.0768148971101499 4.5727872532916853 15.600611515093934 11.348891724486684 -10.465331022759615 4.0993617763221266 -4.1547536416053772 -0.78811974286650999 1.4063641427901501 3.8727026292945763 -0.2822974712804362 -4.0334116561806468 -5.0623221474773477 1.2906002128952965 3.4987704327955083
leaf_weight=656 421 54 85 58 59 79 233 623 78 443 817 52 373 117
leaf_count=656 421 54 85 58 59 79 233 623 78 443 817 52 373 117
internal_value=-0.0248001 2.78098 2.31967 -2.22718 9.6843 1.73614 -3.69814 2.68641 7.81685 -0.884924 -3.31472 -0.233661 0.503208 0.512477
internal_weight=4148 1824 1711 2324 113 1548 1108 1044 163 1216 1050 504 425 560
internal_count=4148 1824 1711 2324 113 1548 1108 1044 163 1216 1050 504 425 560
is_linear=0
shrinkage=0.03


Tree=106
num_leaves=15
num_cat=0
split_feature=21 36 9 31 36 21 36 21 21 37 36 52 35 0
split_gain=2.6818e+07 7.52599e+06 5.30002e+06 5.48307e+06 4.15037e+06 4.04838e+06 3.84321e+06 3.94104e+06 1.79797e+06 1.7824e+06 1.7815e+06 1.64105e+06 2.09846e+06 1.98742e+06
threshold=9896.4475000000002 184.80874999999926 0.60355339059327384 9130.6730208333338 -470.77625000000029 14189.243750000003 -1164.0624999999989 15012.613750000002 11563.066250000002 21.750000000000004 983.08875000000091 24.041666666666668 -238.53250000000023 2.5000000000000004
decision_type=2 2 2 2 2 2 2 2 2 2 2 2 2 2
left_child=2 6 4 -4 -1 -3 -2 8 -8 -10 -6 12 -5 -14
right_child=1 5 3 11 10 -7 7 -9 9 -11 -12 -13 13 -15
leaf_value=-4.3663272519343721 -2.6324193223296328 4.5744932370807261 -6.735963109352527 0.13980952109720396 -0.4732650108639378 12.803741858005523 0.3587562896123152 10.341495943410054 7.830371595479674 2.2399900222707139 2.855983761499048 -4.1425442024590549 -5.6845439573551744 0.67992734962243306
leaf_weight=225 187 563 348 344 753 59 498 48 58 411 178 272 140 64
leaf_count=225 187 563 348 344 753 59 498 48 58 411 178 272 140 64
internal_value=-0.0239198 2.6981 -2.16055 -3.58499 -0.719456 5.3744 1.30986 2.03806 1.61562 2.94656 0.165627 -2.24116 -1.29155 -3.6942
internal_weight=4148 1824 2324 1168 1156 622 1202 1015 967 469 931 820 548 204
internal_count=4148 1824 2324 1168 1156 622 1202 1015 967 469 931 820 548 204
is_linear=0
shrinkage=0.03


Tree=107
num_leaves=15
num_cat=0
split_feature=9 33 25 2 0 31 8 33 0 30 9 35 5 31
split_gain=2.36374e+07 1.00201e+07 6.04259e+06 5.62794e+06 3.32181e+06 2.85e+06 2.64949e+06 2.65395e+06 2.58058e+06 2.58156e+06 2.2906e+06 2.27149e+06 2.09231e+06 2.04966e+06
threshold=-0.25881904510252068 7165.4662500000004 6983.2787500000004 1.0000000180025095e-35 1.0000000180025095e-35 11016.273072916671 -0.98296291314453399 8586.9937500000015 7.5000000000000009 10001.862500000001 0.37940952255126048 -114.99624999999922 240.50000000000003 7578.8710416666663
decision_type=2 2 2 2 2 2 2 2 2 2 2 2 2 2
left_child=1 8 10 -3 -4 -5 12 -8 -1 -10 -2 -7 -6 -12
right_child=2 3 4 5 6 11 7 -9 9 -11 13 -13 -14 -15
leaf_value=5.7754319231368987 -2.3394905186218953 10.558719672501086 -5.5752003014087679 2.427273194989533 -0.44588528196862404 2.2220085695548488 -1.7292511300755598 2.2423699402095312 -3.5926443716195915 0.57532515813827512 -12.70541723523821 7.4782349702290123 6.2596515324241233 -5.8172665639410557
leaf_weight=56 108 119 155 617 93 109 1636 166 207 374 55 237 75 141
leaf_count=56 108 119 155 617 93 109 1636 166 207 374 55 237 75 141
internal_value=-0.0230731 2.66807 -1.92791 4.42418 -1.3604 3.65594 -1.02612 -1.36234 -0.317074 -0.913244 -5.87734 5.83359 2.5669 -7.80492
internal_weight=4148 1719 2429 1082 2125 963 1970 1802 637 581 304 346 168 196
internal_count=4148 1719 2429 1082 2125 963 1970 1802 637 581 304 346 168 196
is_linear=0
shrinkage=0.03


Tree=108
num_leaves=15
num_cat=0
split_feature=21 36 36 21 36 21 21 36 21 21 28 52 36 8
split_gain=2.37646e+07 6.88588e+06 4.79486e+06 3.73204e+06 3.5694e+06 3.61178e+06 3.26827e+06 2.39975e+06 2.03407e+06 1.58308e+06 1.66712e+06 1.51536e+06 1.65155e+06 1.19277e+06
threshold=9896.4475000000002 184.80874999999926 -470.77625000000029 14189.243750000003 -1164.0624999999989 15012.613750000002 7587.8900000000003 983.08875000000091 7195.4437500000004 11563.066250000002 1129.880044844082 5.541666666666667 644.12500000000102 0.78656609248549325
decision_type=2 2 2 2 2 2 2 2 2 2 2 2 2 2
left_child=2 4 8 11 -2 9 13 -8 -1 -6 -11 12 -3 -4
right_child=1 3 6 -5 5 -7 7 -9 -10 10 -12 -13 -14 -15
leaf_value=-10.599609925317765 -2.5869420056203576 3.796620441712439 -4.3869013879043477 12.232603773117065 0.33028382269855966 9.8628674709553614 -1.1052197463557087 2.7056541246528458 -4.1249275442166251 6.1992065846443172 1.8236241236015793 2.8697474561587417 8.6305897606120379 -0.98472905429329449
leaf_weight=49 187 143 358 59 498 48 1240 168 383 99 370 302 118 126
leaf_count=49 187 143 358 59 498 48 1240 168 383 99 370 302 118 126
internal_value=-0.0223421 2.54004 -2.03367 5.09998 1.21219 1.914 -1.38103 -0.648905 -4.88214 1.50964 2.75851 4.33212 6.00675 -3.5051
internal_weight=4148 1824 2324 622 1202 1015 1892 1408 432 967 469 563 261 484
internal_count=4148 1824 2324 622 1202 1015 1892 1408 432 967 469 563 261 484
is_linear=0
shrinkage=0.03


Tree=109
num_leaves=15
num_cat=0
split_feature=21 36 9 31 36 21 36 21 51 2 21 0 51 9
split_gain=2.23697e+07 6.48215e+06 4.68676e+06 4.8322e+06 3.6437e+06 3.51635e+06 3.35992e+06 3.40317e+06 1.65694e+06 1.5738e+06 1.49015e+06 1.53e+06 1.45824e+06 1.55904e+06
threshold=9896.4475000000002 184.80874999999926 0.60355339059327384 9130.6730208333338 -470.77625000000029 14189.243750000003 -1164.0624999999989 15012.613750000002 10.583333333333334 4.5000000000000009 11563.066250000002 10.500000000000002 11.41666666666667 0.91597561503675362
decision_type=2 2 2 2 2 2 2 2 2 2 2 2 2 2
left_child=2 6 4 -4 -1 8 -2 10 -3 -6 -8 -12 13 -5
right_child=1 5 3 12 9 -7 7 -9 -10 -11 11 -13 -14 -15
leaf_value=-4.0348395885197457 -2.5097465703081574 5.635817121649688 -6.2703558451500863 -2.5662870758311493 0.84664478454976422 11.871741900444031 0.32039516205957275 9.5730199159894678 2.341184049782 -2.1780481469509554 4.783222563445249 1.2794673369803899 -3.795056985043805 0.68052635254221483
leaf_weight=225 187 317 348 300 736 59 498 48 246 195 186 283 282 238
leaf_count=225 187 317 348 300 736 59 498 48 246 195 186 283 282 238
internal_value=-0.0214931 2.46455 -1.9729 -3.31238 -0.617799 4.94831 1.17621 1.85712 4.20297 0.211443 1.46461 2.67627 -2.05092 -1.13134
internal_weight=4148 1824 2324 1168 1156 622 1202 1015 563 931 967 469 820 538
internal_count=4148 1824 2324 1168 1156 622 1202 1015 563 931 967 469 820 538
is_linear=0
shrinkage=0.03


Tree=110
num_leaves=15
num_cat=0
split_feature=21 22 36 21 36 48 2 35 36 29 41 9 0 35
split_gain=2.10217e+07 7.27365e+06 5.09314e+06 4.75308e+06 4.47776e+06 3.1961e+06 3.06576e+06 2.79844e+06 1.82709e+06 1.64969e+06 1.64768e+06 1.62808e+06 1.62674e+06 1.51387e+06
threshold=11218.200000000003 8512.2575000000015 -785.8262499999995 14630.412500000002 -221.52250000000046 0.15416666666666656 1.0000000180025095e-35 947.86125000000004 -1408.3250000000005 6154.9187499999998 60.500000000000007 -0.91597561503675329 7.5000000000000009 -110.6037500000002
decision_type=2 2 2 2 2 2 2 2 2 2 2 2 2 2
left_child=1 5 13 6 8 -1 -4 10 -3 -7 -6 -12 -8 -2
right_child=2 4 3 -5 7 9 12 -9 -10 -11 11 -13 -14 -15
leaf_value=-1.8751949851526124 -2.9869575472267309 -6.780018184081368 9.3853079760906297 11.722878862840158 3.4475423558085567 -9.8409381158598546 7.9004600849747657 5.6589856024469647 -1.5802929724531933 -4.3535803798417891 -3.9454912723564521 0.46299106355040115 2.8471676337350194 1.7708517425793866
leaf_weight=777 97 68 85 80 152 57 63 104 525 371 81 935 593 155
leaf_count=777 97 68 85 80 152 57 63 104 525 371 81 935 593 155
internal_value=0.0531615 -1.21029 3.66584 4.80971 -0.036197 -3.0259 4.04854 0.967409 -2.18699 -5.10564 0.54517 0.107979 3.34378 -0.0650354
internal_weight=4143 3070 1073 821 1865 1205 741 1272 593 428 1168 1016 656 252
internal_count=4143 3070 1073 821 1865 1205 741 1272 593 428 1168 1016 656 252
is_linear=0
shrinkage=0.03


Tree=111
num_leaves=15
num_cat=0
split_feature=16 16 8 46 0 0 16 36 22 36 22 24 0 41
split_gain=1.92362e+07 5.60437e+06 4.79516e+06 4.20977e+06 3.69845e+06 3.28134e+06 2.56141e+06 2.40053e+06 2.35307e+06 2.27137e+06 2.05476e+06 1.99856e+06 1.82333e+06 1.73258e+06
threshold=9570.9100000000017 13345.380000000003 0.91597561503675362 1.0000000180025095e-35 10.500000000000002 1.0000000180025095e-35 11369.388750000002 669.56499999999971 8538.6900000000023 -1189.1125 8096.5762500000001 731.64992282510923 10.500000000000002 50.500000000000007
decision_type=2 2 2 2 2 2 2 2 2 2 2 2 2 2
left_child=3 2 6 5 -3 -1 -2 13 -7 -5 -11 -4 -8 -6
right_child=1 4 11 9 7 8 12 -9 -10 10 -12 -13 -14 -15
leaf_value=-5.8663247698545451 -0.011606932010132664 12.919146500642482 3.5755746363020604 -8.510079186176986 5.346497957747915 -1.7736655016024101 4.804197932957428 8.711878160547327 0.71649773885954671 -6.0371251325835722 -1.9788794235808289 12.079068365291672 1.3429186881428032 0.21223769315859167
leaf_weight=119 938 51 53 88 114 787 202 80 602 166 348 48 425 122
leaf_count=119 938 51 53 88 114 787 202 80 602 166 348 48 425 122
internal_value=0.0516523 2.13367 1.39257 -1.95444 5.48493 -1.1064 0.981122 4.24809 -0.694666 -4.07339 -3.29873 7.69579 2.46393 2.7045
internal_weight=4143 2033 1666 2110 367 1508 1565 316 1389 602 514 101 627 236
internal_count=4143 2033 1666 2110 367 1508 1565 316 1389 602 514 101 627 236
is_linear=0
shrinkage=0.03


Tree=112
num_leaves=15
num_cat=0
split_feature=21 36 36 21 36 21 21 9 33 52 2 9 44 46
split_gain=1.87444e+07 7.06484e+06 4.55783e+06 3.55499e+06 2.91774e+06 2.87259e+06 2.6793e+06 2.43366e+06 2.09855e+06 1.7991e+06 1.62818e+06 1.56377e+06 2.03375e+06 1.48898e+06
threshold=9725.7212500000005 184.80874999999926 1.0000000180025095e-35 14872.922500000002 -1446.5950000000005 14059.871250000002 6666.2412500000009 0.60355339059327384 7357.5437500000007 5.541666666666667 5.5000000000000009 -0.25881904510252068 73.375000000000014 1.0000000180025095e-35
decision_type=2 2 2 2 2 2 2 2 2 2 2 2 2 2
left_child=2 3 6 4 -2 9 -1 -4 -9 11 -6 12 -3 -8
right_child=1 5 7 -5 10 -7 13 8 -10 -11 -12 -13 -14 -15
leaf_value=-9.7411147665543982 -4.2808134344712041 12.162515849700339 0.76324858114637173 8.0920662574646833 1.537569071992789 10.073474672555923 -2.083280867845644 -3.6516302185609981 -0.01839688777480427 2.3508448045253751 -1.4471064788503434 1.7068482846799102 5.2642558597064593 -4.5649459629519411
leaf_weight=54 102 51 608 58 908 79 650 306 268 299 200 68 163 329
leaf_count=54 102 51 608 58 908 79 650 306 268 299 200 68 163 329
internal_value=0.0502878 2.21257 -1.83197 0.900926 0.549817 4.72731 -3.28669 -0.558902 -1.95829 3.9843 0.997986 5.70174 6.95723 -2.92108
internal_weight=4143 1928 2215 1268 1210 660 1033 1182 574 581 1108 282 214 979
internal_count=4143 1928 2215 1268 1210 660 1033 1182 574 581 1108 282 214 979
is_linear=0
shrinkage=0.03


Tree=113
num_leaves=15
num_cat=0
split_feature=16 22 0 52 16 39 5 19 22 22 22 36 0 39
split_gain=1.70401e+07 5.19209e+06 4.06098e+06 3.91957e+06 3.37798e+06 3.01464e+06 2.63502e+06 2.23309e+06 2.17523e+06 2.02849e+06 1.98735e+06 1.93611e+06 1.92e+06 1.78717e+06
threshold=9570.9100000000017 14407.698750000001 10.500000000000002 23.708333333333339 14194.637500000003 21.308333333333337 321.50000000000006 7618.1475 10182.438750000003 8445.6337500000027 8555.7387500000023 164.21000000000006 9.5000000000000018 25.141666666666669
decision_type=2 2 2 2 2 2 2 2 2 2 2 2 2 2
left_child=3 2 7 10 13 -3 -6 12 -9 -5 -1 -12 -2 -4
right_child=1 5 4 9 6 -7 -8 8 -10 -11 11 -13 -14 -15
leaf_value=-1.7947182666691575 -1.0505050792468813 13.634349173039807 -0.89869411744803129 -5.0858734243146833 9.3117122514351536 4.2694164059537183 0.81130346819758414 0.67852349097912124 6.3752753159351139 -2.1083251995765249 -0.77200208146896587 2.9700988036484888 5.0574283612264344 1.4083326128325584
leaf_weight=739 126 48 630 371 68 88 63 77 282 467 337 196 72 579
leaf_count=739 126 48 630 371 68 88 63 77 282 467 337 196 72 579
internal_value=0.0488962 2.00847 1.60018 -1.83922 0.704104 7.65019 5.26096 3.75075 5.15873 -3.43106 -0.788624 0.607037 1.18474 0.206398
internal_weight=4143 2033 1897 2110 1340 136 131 557 359 838 1272 533 198 1209
internal_count=4143 2033 1897 2110 1340 136 131 557 359 838 1272 533 198 1209
is_linear=0
shrinkage=0.03


Tree=114
num_leaves=15
num_cat=0
split_feature=21 22 36 21 36 2 52 35 33 36 19 37 41 21
split_gain=1.67862e+07 6.03277e+06 4.3329e+06 4.6991e+06 3.95021e+06 2.97336e+06 2.74328e+06 2.35698e+06 1.57217e+06 1.54162e+06 1.53535e+06 1.2936e+06 1.16411e+06 1.13357e+06
threshold=11326.038750000002 8512.2575000000015 -720.09249999999872 14872.922500000002 -221.52250000000046 1.0000000180025095e-35 29.250000000000004 872.61374999999964 8532.970000000003 -1408.3250000000005 12083.092500000001 21.450000000000003 60.500000000000007 6169.4525000000003
decision_type=2 2 2 2 2 2 2 2 2 2 2 2 2 2
left_child=1 6 10 5 9 -4 13 8 12 -3 -2 -9 -6 -1
right_child=2 4 3 -5 7 -7 -8 11 -10 -11 -12 -13 -14 -15
leaf_value=-5.9049328568107198 1.1301091286652492 -6.1125705241660278 9.2431997349204078 13.059938043488396 2.8275927749899932 3.1542604888748316 -4.9952111399282524 7.9094341813364331 3.9090169550921461 -1.4325509449309772 -4.7621185725075854 1.8805860491420912 -0.21273629342877889 -1.5218733675175291
leaf_weight=56 211 71 81 53 128 631 338 61 110 539 48 68 933 815
leaf_count=56 211 71 81 53 128 631 338 61 110 539 48 68 933 815
internal_value=0.047667 -1.0466 3.37848 4.51267 0.00336338 3.85898 -2.704 0.937848 0.511915 -1.98641 0.0239397 4.77046 0.156355 -1.81014
internal_weight=4143 3119 1024 765 1910 712 1209 1300 1171 610 259 129 1061 871
internal_count=4143 3119 1024 765 1910 712 1209 1300 1171 610 259 129 1061 871
is_linear=0
shrinkage=0.03


Tree=115
num_leaves=15
num_cat=0
split_feature=9 31 25 2 2 0 8 36 0 0 0 51 14 8
split_gain=1.69602e+07 8.66891e+06 4.67778e+06 4.42951e+06 3.17103e+06 3.07426e+06 2.97764e+06 2.42497e+06 2.24745e+06 2.84991e+06 2.83047e+06 2.03126e+06 1.88563e+06 1.87765e+06
threshold=-0.25881904510252068 10212.964114583336 6856.0400000000018 5.5000000000000009 1.0000000180025095e-35 7.5000000000000009 -0.98296291314453399 1024.5787499999999 1.0000000180025095e-35 1.5000000000000002 2.5000000000000004 34.916666666666679 -0.30411483232751813 0.91597561503675362
decision_type=2 2 2 2 2 2 2 2 2 2 2 2 2 2
left_child=1 3 13 5 -3 -1 -4 -7 -8 -10 -11 -6 -5 -2
right_child=2 4 6 12 11 7 8 -9 9 10 -12 -13 -14 -15
leaf_value=6.7350511861134725 -6.9922816152523213 10.614131672752871 2.7761557176479927 -1.7346547222137449 4.7614095884363952 -0.12314454957058554 -4.9755334268254074 4.3793878601514376 2.7887149047198361 -5.6201141912891313 -1.1993145401173788 0.14573167541652052 -8.5953246055151276 -1.9024999775272784
leaf_weight=82 192 73 155 100 542 626 156 129 145 142 1489 102 56 100
leaf_count=82 192 73 155 100 542 626 156 129 145 142 1489 102 56 100
internal_value=-0.0736817 2.2045 -1.71146 0.388284 4.71578 1.25432 -1.21244 0.650918 -1.53372 -1.22876 -1.58742 4.03174 -4.23662 -5.2617
internal_weight=4089 1710 2379 993 717 837 2087 755 1932 1776 1631 644 156 292
internal_count=4089 1710 2379 993 717 837 2087 755 1932 1776 1631 644 156 292
is_linear=0
shrinkage=0.03


Tree=116
num_leaves=15
num_cat=0
split_feature=9 52 25 32 2 8 32 48 32 8 15 9 37 33
split_gain=1.59619e+07 7.3548e+06 4.40316e+06 4.08299e+06 4.009e+06 2.80257e+06 2.46871e+06 2.1642e+06 1.95186e+06 1.76704e+06 1.54331e+06 1.52195e+06 1.54409e+06 1.36294e+06
threshold=-0.25881904510252068 6.791666666666667 6856.0400000000018 1230.6535456974455 1.0000000180025095e-35 -0.98296291314453399 1414.7706036879897 0.10000000000000002 1962.0038631599739 0.91597561503675362 -0.55824372202686512 1.0000000180025095e-35 23.250000000000004 5642.5962500000005
decision_type=2 2 2 2 2 2 2 2 2 2 2 2 2 2
left_child=1 4 9 -3 -1 10 -6 11 -5 13 -4 -7 -13 -2
right_child=2 3 5 8 6 7 -8 -9 -10 -11 -12 12 -14 -15
leaf_value=9.8184997600979269 -10.87254281255934 -5.0191852413283451 -0.3247198126866267 0.30474940157714486 0.033951816305201103 -4.1167439507975159 4.587552975973102 -2.677499872569495 3.4515642076068453 -1.845990089425946 5.6394217714290074 -0.69900459643197144 3.0179737694706534 -5.1578750016625436
leaf_weight=107 53 107 77 658 140 102 456 803 242 100 78 915 112 139
leaf_count=107 53 107 77 658 140 102 456 803 242 100 78 915 112 139
internal_value=-0.0714634 2.13865 -1.66031 0.49354 4.49109 -1.17616 3.51979 -1.48785 1.1538 -5.10476 2.6934 -0.640072 -0.291092 -6.7836
internal_weight=4089 1710 2379 1007 703 2087 596 1932 900 292 155 1129 1027 192
internal_count=4089 1710 2379 1007 703 2087 596 1932 900 292 155 1129 1027 192
is_linear=0
shrinkage=0.03


Tree=117
num_leaves=15
num_cat=0
split_feature=9 34 25 2 52 8 35 22 0 0 0 0 8 15
split_gain=1.50222e+07 8.15845e+06 4.14695e+06 3.72554e+06 2.75148e+06 2.63835e+06 2.45335e+06 2.99604e+06 2.11908e+06 2.68004e+06 2.66404e+06 1.7721e+06 1.66396e+06 1.4735e+06
threshold=-0.25881904510252068 13200.958750000003 6856.0400000000018 5.5000000000000009 6.791666666666667 -0.98296291314453399 -292.92999999999978 14791.635000000002 1.0000000180025095e-35 1.5000000000000002 2.5000000000000004 7.5000000000000009 0.91597561503675362 -0.62058661934845294
decision_type=2 2 2 2 2 2 2 2 2 2 2 2 2 2
left_child=1 3 12 4 -1 -4 -3 -8 -7 -10 -11 -6 -2 -5
right_child=2 6 5 13 11 8 7 -9 9 10 -12 -13 -14 -15
leaf_value=3.9951595943633995 -6.5825861961390686 1.0194812851445429 2.6136219912538161 -6.611186242801387 5.3983626849834732 -4.7852674440745329 4.7160825449193835 12.377651167757371 2.7486034487044972 -5.4072765239218734 -1.1185334051895961 -0.39342178231961017 -1.7911586964956605 -1.0229055428504945
leaf_weight=223 192 144 155 81 51 156 518 50 145 142 1489 554 100 89
leaf_count=223 192 144 155 81 51 156 518 50 145 142 1489 554 100 89
internal_value=-0.0693479 2.07472 -1.61071 0.323396 1.15474 -1.14086 4.52561 5.41111 -1.44328 -1.14719 -1.49502 0.102889 -4.95345 -3.70874
internal_weight=4089 1710 2379 998 828 2087 712 568 1932 1776 1631 605 292 170
internal_count=4089 1710 2379 998 828 2087 712 568 1932 1776 1631 605 292 170
is_linear=0
shrinkage=0.03


Tree=118
num_leaves=15
num_cat=0
split_feature=21 36 21 48 36 21 36 39 2 36 15 36 34 40
split_gain=1.38333e+07 5.97858e+06 3.84824e+06 3.30799e+06 2.93008e+06 2.60974e+06 2.24412e+06 2.1342e+06 1.57869e+06 1.55959e+06 1.49032e+06 1.56419e+06 1.28688e+06 1.2068e+06
threshold=9148.0725000000002 267.11749999999944 13123.745000000001 0.19999999999999982 -1542.4837500000001 11953.165000000003 -1010.8174999999991 19.775000000000006 5.5000000000000009 852.6762500000001 -0.8982586596074329 1770.7525000000007 12608.063750000003 22.795833333333338
decision_type=2 2 2 2 2 2 2 2 2 2 2 2 2 2
left_child=3 4 10 9 -2 8 -5 -7 -6 12 -3 -12 -1 -9
right_child=1 2 -4 6 5 7 -8 13 -10 -11 11 -13 -14 -15
leaf_value=-2.4047188193856521 -4.5295154342651358 -0.030321974158287048 8.6043831705656206 -9.0959757969596176 0.43989659760945915 7.3901709713254649 -3.2233793807898063 0.72289082649750069 -2.6417037259676177 1.4151078160082706 2.9317073044678832 8.6403154131830959 -0.048552676019214445 4.1389495973255404
leaf_weight=621 99 135 121 65 862 69 555 312 180 182 394 48 314 132
leaf_count=621 99 135 121 65 862 69 555 312 180 182 394 48 314 132
internal_value=-0.0672296 1.43206 3.75826 -2.09702 0.448703 0.768361 -3.85273 2.51768 -0.0944416 -1.11991 2.72885 3.56979 -1.61436 1.74553
internal_weight=4089 2352 698 1737 1654 1555 620 513 1042 1117 577 442 935 444
internal_count=4089 2352 698 1737 1654 1555 620 513 1042 1117 577 442 935 444
is_linear=0
shrinkage=0.03


Tree=119
num_leaves=15
num_cat=0
split_feature=9 34 25 2 7 8 51 52 2 7 7 7 33 5
split_gain=1.35124e+07 7.29904e+06 3.73472e+06 3.39509e+06 2.57761e+06 2.44658e+06 2.32564e+06 2.03223e+06 2.00798e+06 1.97103e+06 2.55214e+06 2.47709e+06 1.60117e+06 1.49236e+06
threshold=-0.25881904510252068 13200.958750000003 6856.0400000000018 5.5000000000000009 7.5000000000000009 -0.98296291314453399 26.583333333333339 6.791666666666667 1.0000000180025095e-35 1.0000000180025095e-35 1.5000000000000002 2.5000000000000004 5433.7225000000008 215.50000000000003
decision_type=2 2 2 2 2 2 2 2 2 2 2 2 2 2
left_child=1 3 12 4 -1 13 8 -6 -3 -7 -11 -12 -2 -4
right_child=2 6 5 -5 7 9 -8 -9 -10 10 11 -13 -14 -15
leaf_value=5.9911027888593997 -9.2822990196091784 9.3156026696364087 -0.96960595052058862 -3.5373291095725277 3.2181765155517867 -4.5954094846081581 1.0281229280966979 -0.38386271794422255 4.386997567004105 2.7148417919955841 -5.1986814639534975 -1.063196988390396 -3.6010533985182516 4.9825423178983774
leaf_weight=86 55 89 64 170 188 156 155 554 468 145 142 1489 237 91
leaf_count=86 55 89 64 170 188 156 155 554 468 145 142 1489 237 91
internal_value=-0.0651222 1.96836 -1.52698 0.311831 1.10545 -1.0811 4.28657 0.531866 5.18982 -1.37232 -1.08678 -1.42622 -4.69923 2.53432
internal_weight=4089 1710 2379 998 828 2087 712 742 557 1932 1776 1631 292 155
internal_count=4089 1710 2379 998 828 2087 712 742 557 1932 1776 1631 292 155
is_linear=0
shrinkage=0.03


Tree=120
num_leaves=15
num_cat=0
split_feature=21 36 9 2 21 34 36 35 37 35 36 30 29 7
split_gain=1.15236e+07 5.31725e+06 5.28366e+06 3.7277e+06 3.55715e+06 3.49224e+06 3.43278e+06 1.92143e+06 1.6226e+06 1.71693e+06 1.58394e+06 1.55118e+06 1.43711e+06 1.34245e+06
threshold=11858.086250000002 -1164.0624999999989 0.60355339059327384 4.5000000000000009 15252.253750000002 11332.653750000001 669.56499999999971 828.4899999999999 23.550000000000004 -78.937500000000895 -704.80875000000003 12811.226250000002 7165.4662500000004 7.5000000000000009
decision_type=2 2 2 2 2 2 2 2 2 2 2 2 2 2
left_child=1 -1 3 7 6 -4 10 12 9 -7 11 -2 -3 -9
right_child=4 2 5 -5 -6 8 -8 13 -10 -11 -12 -13 -14 -15
leaf_value=-5.778026140822166 1.4555483462129319 -0.62336491180568188 -4.9006922646706839 -1.9393822962730567 10.747806648927575 -0.84660630901817413 7.8251163571151263 6.4438525984036295 3.8221854321161906 -4.1634232740053969 2.7114876823645022 -4.1672442035815296 1.4573630421351673 1.340863135976176
leaf_weight=190 125 475 313 482 50 670 96 94 53 177 471 67 802 92
leaf_count=190 125 475 313 482 50 670 96 94 53 177 471 67 802 92
internal_value=-0.140559 -0.917144 -0.622949 0.34619 3.07044 -2.17594 2.55118 1.10002 -1.22393 -1.54384 1.77688 -0.51792 0.68351 3.94054
internal_weight=4157 3348 3158 1945 809 1213 759 1463 900 847 663 192 1277 186
internal_count=4157 3348 3158 1945 809 1213 759 1463 900 847 663 192 1277 186
is_linear=0
shrinkage=0.03


Tree=121
num_leaves=15
num_cat=0
split_feature=21 36 9 21 36 2 34 0 32 2 0 9 36 18
split_gain=1.08466e+07 5.00758e+06 5.13461e+06 3.352e+06 3.23257e+06 2.80537e+06 2.59217e+06 2.13266e+06 2.09918e+06 1.66094e+06 1.58603e+06 4.16042e+06 1.5204e+06 1.50855e+06
threshold=11858.086250000002 -897.4087500000004 0.60355339059327384 15252.253750000002 669.56499999999971 1.0000000180025095e-35 11332.653750000001 17.500000000000004 1238.3317324492493 4.5000000000000009 1.0000000180025095e-35 0.91597561503675362 -1234.6787499999998 7476.0812500000011
decision_type=2 2 2 2 2 2 2 2 2 2 2 2 2 2
left_child=1 7 5 4 12 -3 -4 8 -1 -7 -8 -12 -2 -11
right_child=3 2 6 -5 -6 9 10 -9 -10 13 11 -13 -14 -15
leaf_value=-9.8539420906986503 -1.980310334666022 2.9650646824269953 -4.4982084150770012 10.431694703803343 7.5927829902442454 0.53986257211064748 -4.2168048092065487 -1.1171268810927868 -3.7539657862451339 -5.1309670255978892 -2.3248489616930605 2.3813593635964114 2.2781231830303903 -0.72829660349878766
leaf_weight=83 86 335 292 50 96 1099 135 119 134 89 486 258 577 318
leaf_count=83 86 335 292 50 96 1099 135 119 134 89 486 258 577 318
internal_value=-0.136246 -0.889676 -0.501463 2.97901 2.47496 0.486418 -2.05367 -4.35787 -6.1217 -0.0665327 -1.2374 -0.691831 1.72357 -1.7013
internal_weight=4157 3348 3012 809 759 1841 1171 336 217 1506 879 744 663 407
internal_count=4157 3348 3012 809 759 1841 1171 336 217 1506 879 744 663 407
is_linear=0
shrinkage=0.03


Tree=122
num_leaves=15
num_cat=0
split_feature=21 22 21 2 2 52 23 2 51 5 23 25 21 21
split_gain=1.02106e+07 4.1234e+06 3.15866e+06 2.94868e+06 2.81121e+06 2.46795e+06 2.23269e+06 1.56317e+06 1.49472e+06 1.45008e+06 1.60512e+06 1.4248e+06 1.35639e+06 1.32385e+06
threshold=11858.086250000002 8876.3475000000017 15252.253750000002 1.0000000180025095e-35 5.5000000000000009 24.041666666666668 6740.7977083333344 1.0000000180025095e-35 30.833333333333339 130.50000000000003 12055.580625000001 7648.2825000000012 9168.3600000000024 6169.4525000000003
decision_type=2 2 2 2 2 2 2 2 2 2 2 2 2 2
left_child=1 5 3 -2 6 13 -3 -8 -6 -5 11 -11 -9 -1
right_child=2 4 -4 9 8 -7 7 12 -10 10 -12 -13 -14 -15
leaf_value=-5.817270073523888 8.6749892180004426 6.7907157049860274 10.124880161215277 5.4207505995503968 -1.6535845234942053 -3.7112861821159977 2.2420013862133028 -1.8461607286583159 -7.6607900198300678 -1.8513575016327624 -0.40424787609920121 3.5158231970667835 0.39467504598965841 -0.89965492674344771
leaf_weight=51 61 48 50 88 123 512 299 322 53 52 271 287 982 958
leaf_count=51 61 48 50 88 123 512 299 322 53 52 271 287 982 958
internal_value=-0.132212 -0.863217 2.89032 2.40102 0.0975159 -2.01655 0.482455 0.289436 -3.49572 1.84108 1.31661 2.68947 -0.159639 -1.15374
internal_weight=4157 3348 809 759 1827 1521 1651 1603 176 698 610 339 1304 1009
internal_count=4157 3348 809 759 1827 1521 1651 1603 176 698 610 339 1304 1009
is_linear=0
shrinkage=0.03


Tree=123
num_leaves=15
num_cat=0
split_feature=21 9 2 31 21 2 2 35 27 9 7 51 35 5
split_gain=9.61268e+06 3.52682e+06 5.49456e+06 3.40329e+06 2.97623e+06 2.77769e+06 2.09318e+06 1.95294e+06 1.6033e+06 1.59156e+06 4.34298e+06 1.5823e+06 1.53161e+06 1.36559e+06
threshold=11858.086250000002 0.60355339059327384 5.5000000000000009 8736.5441145833338 15252.253750000002 1.0000000180025095e-35 1.0000000180025095e-35 472.95625000000024 8708.0782291666692 0.91597561503675362 1.0000000180025095e-35 10.41666666666667 -155.55749999999986 130.50000000000003
decision_type=2 2 2 2 2 2 2 2 2 2 2 2 2 2
left_child=1 2 6 -3 5 -2 7 -1 -8 -5 -11 -12 -4 -7
right_child=4 3 12 9 -6 13 8 -9 -10 10 11 -13 -14 -15
leaf_value=1.2648142866631271 8.4189370970572188 -5.2365047296989395 -6.4256616776530473 -2.3662642098829227 9.8270895200617172 5.2599553059460069 -1.2669147034660551 6.3196590691114727 0.81496950162870474 -4.0245843965821448 4.2191014612845654 -0.2601520883759787 -2.0932336666650579 1.2771736983669564
leaf_weight=252 61 248 118 566 50 88 523 94 912 153 158 128 196 610
leaf_count=252 61 248 118 566 50 88 523 94 912 153 158 128 196 610
internal_value=-0.12815 -0.837429 -0.0841776 -2.09577 2.80456 2.3296 0.561495 2.65239 0.0558418 -1.3163 0.0396853 2.22043 -3.73662 1.78613
internal_weight=4157 3348 2095 1253 809 759 1781 346 1435 1005 439 286 314 698
internal_count=4157 3348 2095 1253 809 759 1781 346 1435 1005 439 286 314 698
is_linear=0
shrinkage=0.03


Tree=124
num_leaves=15
num_cat=0
split_feature=16 36 8 22 22 52 35 8 2 0 51 32 43 24
split_gain=8.83105e+06 4.20197e+06 4.20099e+06 4.07676e+06 2.62059e+06 2.02482e+06 1.82705e+06 1.81691e+06 4.32954e+06 1.86574e+06 1.72539e+06 1.43474e+06 1.32677e+06 1.57165e+06
threshold=11369.388750000002 -1189.1125 -0.9159756150367534 8876.3475000000017 14791.635000000002 31.041666666666668 -924.07125000000212 0.91597561503675362 4.5000000000000009 6.5000000000000009 10.750000000000002 1245.7960463197517 77.250000000000014 1148.2063278123985
decision_type=2 2 2 2 2 2 2 2 2 2 2 2 2 2
left_child=1 11 6 5 10 -3 -2 12 9 -9 -4 -1 -5 -14
right_child=2 3 4 7 -6 -7 -8 8 -10 -11 -12 -13 13 -15
leaf_value=-8.5327806346556709 2.7700199925169651 -1.0966645471207983 4.034139195960849 0.87588386871972101 8.6902319487929329 -3.7095824685575587 -4.1750877044475185 1.9279035174746473 -3.6756775007749858 7.3440037535988125 1.1595282426964115 -3.2470635136436012 -2.3849511403450605 0.86425890928479876
leaf_weight=67 48 1073 401 658 71 355 112 118 75 112 355 152 340 220
leaf_count=67 48 1073 401 658 71 355 112 118 75 112 355 152 340 220
internal_value=-0.124192 -0.895803 2.35242 -0.597403 3.21285 -1.74839 -2.0872 0.482216 2.54883 4.58575 2.68762 -4.89566 -0.0369398 -1.10918
internal_weight=4157 3170 987 2951 827 1428 160 1523 305 230 756 219 1218 560
internal_count=4157 3170 987 2951 827 1428 160 1523 305 230 756 219 1218 560
is_linear=0
shrinkage=0.03


Tree=125
num_leaves=15
num_cat=0
split_feature=9 31 25 51 36 8 0 35 5 24 9 38 8 2
split_gain=1.0547e+07 5.95533e+06 3.01269e+06 2.80351e+06 2.79907e+06 2.32186e+06 2.20868e+06 2.76537e+06 2.38422e+06 2.20501e+06 1.75639e+06 2.25137e+06 1.89597e+06 1.86298e+06
threshold=-0.25881904510252068 10121.896875000002 6856.0400000000018 34.750000000000007 -1164.0624999999989 -0.98296291314453399 7.5000000000000009 872.61374999999964 236.50000000000003 2036.1945351849351 1.0000000180025095e-35 22.850000000000005 0.60355339059327384 4.5000000000000009
decision_type=2 2 2 2 2 2 2 2 2 2 2 2 2 2
left_child=1 4 -2 9 -1 -4 7 -6 -8 -3 13 12 -12 -7
right_child=2 3 5 -5 6 10 8 -9 -10 -11 11 -13 -14 -15
leaf_value=-4.3776639910070401 -4.2960332805114794 3.9863822462129845 2.3431496368727442 -0.52641571061364534 -0.14720114672885221 -1.9994293112104586 -1.2945642316237196 9.6850358442090592 1.9486286158855899 10.16003546501028 -2.1915400013906554 1.3816897544849152 0.066719983384399051 -8.691986441178754
leaf_weight=105 272 566 176 115 50 120 428 52 388 57 1006 305 501 54
leaf_count=105 272 566 176 115 50 120 428 52 388 57 1006 305 501 54
internal_value=-0.046651 1.72128 -1.32594 3.77334 0.238658 -0.950452 0.770874 4.91053 0.248021 4.56663 -1.24337 -0.96556 -1.44123 -4.11432
internal_weight=4195 1761 2434 738 1023 2162 918 102 816 623 1986 1812 1507 174
internal_count=4195 1761 2434 738 1023 2162 918 102 816 623 1986 1812 1507 174
is_linear=0
shrinkage=0.03


Tree=126
num_leaves=15
num_cat=0
split_feature=9 33 2 25 21 23 8 20 38 14 30 9 2 30
split_gain=9.92704e+06 5.3702e+06 2.98372e+06 2.83525e+06 2.81561e+06 2.62621e+06 2.18536e+06 1.73829e+06 1.75396e+06 1.61123e+06 1.6084e+06 1.94776e+06 1.56316e+06 1.70567e+06
threshold=-0.25881904510252068 7199.9375000000009 1.0000000180025095e-35 6856.0400000000018 14872.922500000002 6856.3843750000015 -0.98296291314453399 12775.850000000004 23.950000000000003 -0.40045390565126626 14213.910000000002 0.60355339059327384 5.5000000000000009 11738.276250000001
decision_type=2 2 2 2 2 2 2 2 2 2 2 2 2 2
left_child=1 5 -3 -2 12 -1 9 10 -9 -5 11 -8 -4 -14
right_child=3 2 4 6 -6 -7 7 8 -10 -11 -12 -13 13 -15
leaf_value=6.367893985777485 -4.1676243850818047 7.493570821523666 2.4974045626794701 4.562459051261345 8.076384807035728 -0.82810211272611434 -0.34134156276654992 -0.3071154225648266 5.2875438449257297 -1.2909275010568755 -5.5176070600367604 -2.5791039049424498 2.4759784942376806 -4.511316060139583
leaf_weight=48 272 119 731 107 73 666 701 437 56 69 93 699 60 64
leaf_count=48 272 119 731 107 73 666 701 437 56 69 93 699 60 64
internal_value=-0.0452083 1.66997 3.03703 -1.28633 2.45809 -0.336087 -0.922064 -1.20624 0.33777 2.27325 -1.71598 -1.45968 1.96951 -1.13749
internal_weight=4195 1761 1047 2434 928 714 2162 1986 493 176 1493 1400 855 124
internal_count=4195 1761 1047 2434 928 714 2162 1986 493 176 1493 1400 855 124
is_linear=0
shrinkage=0.03


Tree=127
num_leaves=15
num_cat=0
split_feature=9 31 25 51 36 24 0 35 5 8 9 38 8 6
split_gain=9.3431e+06 5.3531e+06 2.67385e+06 2.62227e+06 2.5853e+06 2.02594e+06 2.02325e+06 2.58487e+06 2.24758e+06 2.02304e+06 1.6745e+06 2.00998e+06 1.80186e+06 1.76266e+06
threshold=-0.25881904510252068 10121.896875000002 6983.2787500000004 34.750000000000007 -1164.0624999999989 2036.1945351849351 7.5000000000000009 872.61374999999964 236.50000000000003 -0.98296291314453399 1.0000000180025095e-35 22.850000000000005 0.60355339059327384 1.0000000180025095e-35
decision_type=2 2 2 2 2 2 2 2 2 2 2 2 2 2
left_child=1 4 -2 5 -1 -3 7 -6 -8 -4 13 12 -12 -11
right_child=2 3 9 -5 6 -7 8 -9 -10 10 11 -13 -14 -15
leaf_value=-4.2219264276522512 -3.8414180300155505 3.7769520556295988 2.2056067030813735 -0.59202570954273481 -0.20057220501058243 9.6940075756763573 -1.2720240505883742 9.3042461650101647 1.8768602073426264 -1.8887186341394075 -2.0591927335849314 1.3448543753518776 0.18176026910915968 -8.3976796656521877
leaf_weight=105 311 566 176 115 50 57 428 52 388 120 989 305 479 54
leaf_count=105 311 566 176 115 50 57 428 52 388 120 989 305 479 54
internal_value=-0.0437289 1.62024 -1.24779 3.56578 0.214592 4.33301 0.726095 4.68816 0.225686 -0.86621 -1.14489 -0.867982 -1.32835 -3.94527
internal_weight=4195 1761 2434 738 1023 623 918 102 816 2123 1947 1773 1468 174
internal_count=4195 1761 2434 738 1023 623 918 102 816 2123 1947 1773 1468 174
is_linear=0
shrinkage=0.03


Tree=128
num_leaves=15
num_cat=0
split_feature=9 31 25 2 51 28 8 24 20 38 32 30 9 4
split_gain=8.79387e+06 5.03786e+06 2.52247e+06 2.50961e+06 2.46812e+06 2.1491e+06 1.93503e+06 1.90943e+06 1.62785e+06 1.60324e+06 1.58662e+06 1.50035e+06 1.80022e+06 1.44059e+06
threshold=-0.25881904510252068 10121.896875000002 6856.0400000000018 1.0000000180025095e-35 34.750000000000007 1812.9002258342971 -0.98296291314453399 2036.1945351849351 12775.850000000004 23.950000000000003 1230.6535456974455 14213.910000000002 0.60355339059327384 8.5000000000000018
decision_type=2 2 2 2 2 2 2 2 2 2 2 2 2 2
left_child=1 3 -2 5 7 -1 13 -3 11 -10 -5 12 -8 -4
right_child=2 4 6 10 -6 -7 8 -9 9 -11 -12 -13 -14 -15
leaf_value=6.4859255427867177 -3.9282332324719684 3.6638433168119895 -0.42781110535276695 -3.377272516623349 -0.57441799959232065 -0.0044048378440771207 -0.30499631718565257 9.408201493065933 -0.2568637900289199 5.0920626625261809 0.10092039578248348 -5.2992201682988629 -2.4562952131620475 4.987809730683054
leaf_weight=95 272 566 93 141 115 88 701 57 437 56 699 93 699 83
leaf_count=95 272 566 93 141 115 88 701 57 437 56 699 93 699 83
internal_value=-0.0423748 1.57195 -1.21051 0.208314 3.45933 3.38175 -0.866929 4.20367 -1.13434 0.35977 -0.486223 -1.62762 -1.38011 2.13981
internal_weight=4195 1761 2434 1023 738 183 2162 623 1986 493 840 1493 1400 176
internal_count=4195 1761 2434 1023 738 183 2162 623 1986 493 840 1493 1400 176
is_linear=0
shrinkage=0.03


Tree=129
num_leaves=15
num_cat=0
split_feature=22 39 0 32 36 33 36 37 47 39 20 35 0 5
split_gain=8.11873e+06 3.7988e+06 3.93093e+06 2.89911e+06 2.6143e+06 2.15417e+06 2.13251e+06 1.55647e+06 1.26204e+06 1.2199e+06 1.12456e+06 1.11107e+06 1.77331e+06 1.10483e+06
threshold=9695.4975000000031 20.058333333333337 9.5000000000000018 1750.8566682094013 -750.36749999999927 8880.6437500000011 -920.39749999999901 21.050000000000004 0.32499999999999979 25.975000000000005 11419.881250000002 872.61374999999964 7.5000000000000009 245.50000000000003
decision_type=2 2 2 2 2 2 2 2 2 2 2 2 2 2
left_child=3 2 11 6 8 10 -1 -8 9 -3 13 -2 -13 -6
right_child=1 4 -4 -5 5 -7 7 -9 -10 -11 -12 12 -14 -15
leaf_value=-5.3820917139866129 0.10648011433944274 -1.6210926753932264 11.706200961373069 0.050662569370042605 0.38374887784253353 5.175574700070209 -2.6160894605301794 -0.36592261158924394 -4.9760257563622377 3.3961608940471302 -1.6460338205282503 8.115241447833867 1.6188978370543448 2.2628662971816889
leaf_weight=164 88 210 54 857 577 121 704 456 75 54 129 64 92 550
leaf_count=164 88 210 54 857 577 121 704 456 75 54 129 64 92 550
internal_value=-0.04101 1.33204 4.45288 -1.30896 0.787794 1.36872 -2.18841 -1.73263 -1.56894 -0.585837 0.99814 2.80635 4.31887 1.302
internal_weight=4195 2014 298 2181 1716 1377 1324 1160 339 264 1256 244 156 1127
internal_count=4195 2014 298 2181 1716 1377 1324 1160 339 264 1256 244 156 1127
is_linear=0
shrinkage=0.03


Tree=130
num_leaves=15
num_cat=0
split_feature=21 36 22 9 36 20 9 16 15 6 8 0 23 51
split_gain=8.98526e+06 3.02522e+06 2.86167e+06 2.41305e+06 2.34608e+06 1.63539e+06 1.45364e+06 1.44363e+06 1.25504e+06 1.20065e+06 1.60654e+06 1.91693e+06 1.35892e+06 1.11985e+06
threshold=11218.200000000003 -470.77625000000029 14791.635000000002 0.60355339059327384 -1064.1249999999998 13744.367500000002 0.91597561503675362 7524.5275000000011 -0.96477059369951401 1.0000000180025095e-35 0.91597561503675362 6.5000000000000009 7305.1397916666674 34.750000000000007
decision_type=2 2 2 2 2 2 2 2 2 2 2 2 2 2
left_child=1 7 4 9 -2 8 -7 -1 -5 10 12 -12 -3 -6
right_child=2 3 -4 5 13 6 -8 -9 -10 -11 11 -13 -14 -15
leaf_value=-5.0755251103676171 -1.6980180711255353 -4.2762111027457488 8.129410460550492 0.66957314152871406 3.0528085068134172 -1.4834577104046538 3.5048641726970673 -1.799908437642991 -2.6310518145795774 -1.298473941056856 1.343034506127641 7.0989030098588497 0.58988962208213735 0.2350937527876634
leaf_weight=162 135 54 72 123 705 110 99 480 647 279 184 72 848 155
leaf_count=162 135 54 72 123 705 110 99 480 647 279 184 72 848 155
internal_value=0.022799 -0.804317 2.39184 -0.317463 1.9689 -1.46536 0.884798 -2.6331 -2.10361 0.465044 0.8907 2.98325 0.294141 2.54584
internal_weight=4125 3058 1067 2416 995 979 209 642 770 1437 1158 256 902 860
internal_count=4125 3058 1067 2416 995 979 209 642 770 1437 1158 256 902 860
is_linear=0
shrinkage=0.03


Tree=131
num_leaves=15
num_cat=0
split_feature=21 36 22 21 36 0 32 36 19 2 39 3 35 0
split_gain=8.45591e+06 2.84735e+06 2.69552e+06 2.28926e+06 2.20886e+06 1.4069e+06 2.22053e+06 1.35492e+06 1.25917e+06 1.12852e+06 1.03138e+06 959378 1.13873e+06 1.03404e+06
threshold=11218.200000000003 -470.77625000000029 14791.635000000002 8366.5162500000006 -822.63874999999996 17.500000000000004 1238.3317324492493 881.62374999999986 12317.650000000001 1.0000000180025095e-35 25.391666666666673 12.500000000000002 167.08374999999981 9.5000000000000018
decision_type=2 2 2 2 2 2 2 2 2 2 2 2 2 2
left_child=1 5 4 7 8 6 -1 -3 -2 -5 -7 12 -6 -14
right_child=2 3 -4 9 11 10 -8 -9 -10 -11 -12 -13 13 -15
leaf_value=-6.7122055823089424 0.47603246518543785 -1.9936911450375661 7.8888690292998529 2.3394346730953055 1.9261069796184183 -2.0914112731365306 -2.0524318322601851 1.0501677762337449 -4.9484856130599972 0.065952734049101167 2.200427530400165 1.5200105799321126 3.0255362907875525 7.1403219069753368
leaf_weight=136 167 771 72 232 192 145 285 158 49 1255 76 363 113 111
leaf_count=136 167 771 72 232 192 145 285 158 49 1255 76 363 113 111
internal_value=0.0221613 -0.78022 2.32036 -0.307895 1.90988 -2.55443 -3.5701 -1.47542 -0.771594 0.422003 -0.612154 2.65345 3.63644 5.0873
internal_weight=4125 3058 1067 2416 995 642 421 929 216 1487 221 779 416 224
internal_count=4125 3058 1067 2416 995 642 421 929 216 1487 221 779 416 224
is_linear=0
shrinkage=0.03


Tree=132
num_leaves=15
num_cat=0
split_feature=21 48 36 22 36 22 20 35 23 40 36 21 23 2
split_gain=7.95908e+06 2.77975e+06 2.55351e+06 2.43026e+06 1.93672e+06 1.80039e+06 1.75528e+06 1.44789e+06 1.3264e+06 1.16938e+06 1.02288e+06 990066 999079 1.12172e+06
threshold=11218.200000000003 0.14166666666666647 -799.86124999999936 14791.635000000002 558.16749999999968 8096.5762500000001 8808.7187500000018 735.01124999999968 12376.737083333335 21.287500000000005 -1206.7075000000002 8344.3562500000025 12094.837500000001 5.5000000000000009
decision_type=2 2 2 2 2 2 2 2 2 2 2 2 2 2
left_child=1 4 8 -4 11 6 -3 10 -2 -6 -7 -1 13 -13
right_child=2 5 3 -5 9 7 -8 -9 -10 -11 -12 12 -14 -15
leaf_value=-1.8487258362159855 0.71755748079669091 -7.846132565879822 2.5877740723110572 8.9684409768005899 5.0010190269615071 -4.9276325570487636 -2.6011922016424291 3.7276542776472428 -4.6237975992096789 0.96283301302507607 -1.1408613702579034 0.70802270669940193 -3.0119060506740793 -1.7401112071261848
leaf_weight=401 185 74 772 57 78 70 254 50 53 357 687 777 96 214
leaf_count=401 185 74 772 57 78 70 254 50 53 357 687 777 96 214
internal_value=0.0215684 -0.756884 2.25123 3.03679 -0.0617647 -1.9335 -3.8048 -1.16914 -0.486211 1.69677 -1.49708 -0.576655 -0.1061 0.178128
internal_weight=4125 3058 1067 829 1923 1135 328 807 238 435 757 1488 1087 991
internal_count=4125 3058 1067 829 1923 1135 328 807 238 435 757 1488 1087 991
is_linear=0
shrinkage=0.03


Tree=133
num_leaves=15
num_cat=0
split_feature=21 36 22 36 35 21 36 41 15 18 29 51 0 12
split_gain=7.49044e+06 2.57845e+06 2.40645e+06 2.02642e+06 1.97661e+06 1.86568e+06 1.52977e+06 1.33606e+06 1.5294e+06 1.27969e+06 1.01552e+06 1.0042e+06 966191 1.00801e+06
threshold=11218.200000000003 -62.782500000000248 14791.635000000002 -1064.1249999999998 990.54750000000024 8826.7925000000014 -1542.4837500000001 64.500000000000014 -0.90566889813915308 11769.981250000003 6614.4587500000007 34.750000000000007 1.0000000180025095e-35 -0.6830127018922193
decision_type=2 2 2 2 2 2 2 2 2 2 2 2 2 2
left_child=1 5 3 -2 7 -1 -7 8 -3 10 -8 -5 -9 -14
right_child=2 4 -4 11 -6 6 9 12 -10 -11 -12 -13 13 -15
leaf_value=-3.0316233335888731 -1.6117333577135031 -2.7332202751636507 7.4453291745381804 2.8123538175850009 4.7593744952662993 -5.4844835928239322 -2.6739519249158246 -3.3446540424052404 3.198486868064482 -4.4545682185036792 0.55048765670922062 0.14464730005997878 -1.2537276093298906 0.41359739812857965
leaf_weight=566 135 49 72 705 75 56 104 101 181 62 539 155 578 747
leaf_count=566 135 49 72 705 75 56 104 101 181 62 539 155 578 747
internal_value=0.0208843 -0.734303 2.18391 1.79608 0.0285617 -1.7287 -0.756916 -0.18843 1.92835 -0.374135 0.0255953 2.33229 -0.530969 -0.314119
internal_weight=4125 3058 1067 995 1731 1327 761 1656 230 705 643 860 1426 1325
internal_count=4125 3058 1067 995 1731 1327 761 1656 230 705 643 860 1426 1325
is_linear=0
shrinkage=0.03


Tree=134
num_leaves=15
num_cat=0
split_feature=21 48 36 22 32 36 23 9 31 22 3 24 21 9
split_gain=7.04968e+06 2.54314e+06 2.2962e+06 2.1824e+06 1.92918e+06 1.76405e+06 1.24457e+06 1.13595e+06 1.10768e+06 1.08868e+06 910988 1.06178e+06 901321 1.3053e+06
threshold=11218.200000000003 0.14166666666666647 -799.86124999999936 14791.635000000002 1238.3317324492493 558.16749999999968 12376.737083333335 0.60355339059327384 10104.175729166669 8096.5762500000001 12.500000000000002 617.83981391679606 8344.3562500000025 0.91597561503675362
decision_type=2 2 2 2 2 2 2 2 2 2 2 2 2 2
left_child=1 5 6 10 9 12 8 -6 -2 -3 11 -4 -1 -14
right_child=2 4 3 -5 7 -7 -8 -9 -10 -11 -12 -13 13 -15
leaf_value=-1.7526680905249581 -2.3347952580451965 -8.2199821405940572 0.70516321994290487 8.484517806480671 -0.30113430856471041 1.6307636506932386 -4.4850647101137371 -2.3834301965319522 2.4512972917193072 -3.1363672986213307 1.3329092825842168 4.2656455358132144 -0.47399447323105032 2.718816089063655
leaf_weight=401 68 53 100 57 501 435 53 445 117 136 361 311 957 130
leaf_count=401 68 53 100 57 501 435 53 445 117 136 361 311 957 130
internal_value=0.0202193 -0.712412 2.11864 2.86357 -1.83784 -0.0475397 -0.47716 -1.28215 0.68891 -4.59777 2.43809 3.4032 -0.538949 -0.0899879
internal_weight=4125 3058 1067 829 1135 1923 238 946 185 189 772 411 1488 1087
internal_count=4125 3058 1067 829 1135 1923 238 946 185 189 772 411 1488 1087
is_linear=0
shrinkage=0.03


Tree=135
num_leaves=15
num_cat=0
split_feature=9 36 32 52 7 9 39 2 7 9 7 24 7 52
split_gain=5.16989e+06 3.6532e+06 3.42093e+06 2.22411e+06 1.97626e+06 2.2433e+06 2.24032e+06 1.76713e+06 1.73485e+06 1.8334e+06 1.37601e+06 1.38865e+06 1.31397e+06 1.23375e+06
threshold=-0.25881904510252068 58.269999999999534 1238.3317324492493 9.7083333333333339 1.0000000180025095e-35 -0.12940952255126037 25.691666666666674 1.0000000180025095e-35 1.5000000000000002 0.37940952255126048 14.500000000000002 805.80869224029163 7.5000000000000009 22.958333333333339
decision_type=2 2 2 2 2 2 2 2 2 2 2 2 2 2
left_child=1 2 -1 7 -2 -6 8 -3 13 -10 11 -5 -9 -7
right_child=4 3 -4 10 5 6 -8 12 9 -11 -12 -13 -14 -15
leaf_value=-4.8657482579946523 -4.0386454697786753 7.2384731680313044 0.57339298928574634 -3.4714542261376438 -4.175231695804956 4.1494199757142498 1.860798212074624 7.0210932722738226 0.29910303388664383 -1.9038517663963486 4.1974142350111059 1.1913730948111589 2.1098501437341812 -1.1555524624477733
leaf_weight=119 176 112 783 82 158 98 312 58 498 1069 81 186 302 65
leaf_count=119 176 112 783 82 158 98 312 58 498 1069 81 186 302 65
internal_value=-0.081362 1.16938 -0.148765 2.61602 -0.988479 -0.742735 -0.475224 3.95667 -0.897359 -1.20399 0.796697 -0.242858 2.9184 2.0397
internal_weight=4099 1723 902 821 2376 2200 2042 472 1730 1567 349 268 360 163
internal_count=4099 1723 902 821 2376 2200 2042 472 1730 1567 349 268 360 163
is_linear=0
shrinkage=0.03


Tree=136
num_leaves=15
num_cat=0
split_feature=21 36 36 36 20 21 9 31 23 17 36 29 0 52
split_gain=4.95491e+06 3.38848e+06 2.50484e+06 1.71419e+06 1.35628e+06 1.28751e+06 1.25439e+06 1.01529e+06 917101 1.24841e+06 1.03698e+06 925134 892969 872873
threshold=9764.5475000000024 172.94749999999888 -50.778749999999484 -1446.5950000000005 7036.3137500000003 14360.946250000003 0.60355339059327384 9578.223385416668 10960.666250000002 8343.8175000000028 -505.55374999999998 6667.7762500000017 1.0000000180025095e-35 5.541666666666667
decision_type=2 2 2 2 2 2 2 2 2 2 2 2 2 2
left_child=2 3 4 -2 -1 13 -4 -8 9 -5 -10 -11 -6 -3
right_child=1 5 6 8 12 -7 7 -9 10 11 -12 -13 -14 -15
leaf_value=-5.6110929897458934 -3.397832374277368 3.5316379576542869 0.74585435535809763 -2.3241664865854625 -4.9092798974916532 7.3869066566579473 -2.5141187733961647 -0.085652875040680906 -2.2828994762227777 -1.407287125447217 0.52306326229303657 2.3654802886239334 -1.5145989265165818 1.2477544759273529
leaf_weight=94 112 306 656 73 76 50 270 362 177 67 354 430 773 299
leaf_count=94 112 306 656 73 76 50 270 362 177 67 354 430 773 299
internal_value=-0.0788546 1.06072 -1.03307 0.121227 -2.20699 2.79772 -0.172531 -1.12549 0.481978 1.31665 -0.414762 1.85504 -1.82392 2.40686
internal_weight=4099 1868 2231 1213 943 655 1288 632 1101 570 531 497 849 605
internal_count=4099 1868 2231 1213 943 655 1288 632 1101 570 531 497 849 605
is_linear=0
shrinkage=0.03


Tree=137
num_leaves=15
num_cat=0
split_feature=9 33 2 35 9 37 34 9 18 16 0 27 24 24
split_gain=4.65656e+06 3.29934e+06 3.07212e+06 1.95267e+06 1.83076e+06 2.70627e+06 1.69374e+06 2.05104e+06 1.5783e+06 2.11291e+06 1.52731e+06 1.49333e+06 1.36969e+06 1.09144e+06
threshold=-0.25881904510252068 7165.4662500000004 1.0000000180025095e-35 -268.12124999999963 -0.12940952255126037 22.150000000000002 12608.063750000003 0.25881904510252057 6609.3362500000012 8703.1237500000007 14.500000000000002 7318.6695833333333 755.48128561831697 391.13839382872334
decision_type=2 2 2 2 2 2 2 2 2 2 2 2 2 2
left_child=1 8 -3 -4 13 6 7 -6 -1 -10 12 -9 -11 -2
right_child=4 2 3 -5 5 -7 -8 11 9 10 -12 -13 -14 -15
leaf_value=4.45609250124763 -0.8811142434227851 6.5396036528778074 -0.91385115790367122 2.279223987149444 1.1239197381758532 1.3637025082588194 -0.22912898249286989 -7.6681881023855771 -4.9945561967391772 -4.0174415223112376 3.2112656725911384 -2.3513007667320447 0.0097496551090909024 -6.0093573516485641
leaf_weight=50 61 124 224 740 150 449 808 50 100 102 93 761 290 97
leaf_count=50 61 124 224 740 150 449 808 50 100 102 93 761 290 97
internal_value=-0.0765495 1.11048 2.11271 1.53707 -0.937456 -0.714176 -1.24205 -2.09257 -0.607327 -1.04699 -0.224425 -2.68816 -1.04566 -4.04755
internal_weight=4099 1723 1088 964 2376 2218 1769 961 635 585 485 811 392 158
internal_count=4099 1723 1088 964 2376 2218 1769 961 635 585 485 811 392 158
is_linear=0
shrinkage=0.03


Tree=138
num_leaves=15
num_cat=0
split_feature=9 36 32 52 21 9 38 0 0 0 17 19 0 24
split_gain=4.38268e+06 3.16134e+06 3.02422e+06 1.95984e+06 1.8307e+06 1.93454e+06 2.21367e+06 1.67112e+06 1.69849e+06 1.63662e+06 1.67324e+06 1.41645e+06 1.27456e+06 1.25839e+06
threshold=-0.25881904510252068 58.269999999999534 1238.3317324492493 9.7083333333333339 6307.8249999999998 -0.12940952255126037 22.950000000000003 1.0000000180025095e-35 1.5000000000000002 7.5000000000000009 12130.622500000001 10888.427500000002 14.500000000000002 805.80869224029163
decision_type=2 2 2 2 2 2 2 2 2 2 2 2 2 2
left_child=1 2 -1 9 -2 -6 7 -7 -9 -3 -11 -12 13 -5
right_child=4 3 -4 12 5 6 -8 8 -10 10 11 -13 -14 -15
leaf_value=-4.5839613075256347 -4.9038906371954711 7.892887172799715 0.5300897836780214 -3.358282499528793 -3.9274304060666068 -3.9655045992632703 1.4695344974678684 2.3909912811979952 -0.99827637774742883 0.8884921759739518 7.0870594811439513 2.1441454641284916 3.9883058420332462 1.0805038972844414
leaf_weight=119 98 70 783 82 158 152 414 146 1408 191 111 100 81 186
leaf_count=119 98 70 783 82 158 152 414 146 1408 191 111 100 81 186
internal_value=-0.0743122 1.07728 -0.148915 2.42301 -0.909517 -0.735596 -0.495967 -0.973531 -0.678508 3.68148 2.93035 4.76568 0.715308 -0.285012
internal_weight=4099 1723 902 821 2376 2278 2120 1706 1554 472 402 211 349 268
internal_count=4099 1723 902 821 2376 2278 2120 1706 1554 472 402 211 349 268
is_linear=0
shrinkage=0.03


Tree=139
num_leaves=15
num_cat=0
split_feature=48 22 32 39 35 22 2 2 19 35 0 0 28 0
split_gain=4.15551e+06 2.70003e+06 2.34875e+06 1.87695e+06 1.68018e+06 1.23209e+06 1.17029e+06 1.13406e+06 1.07603e+06 1.00236e+06 1.16664e+06 1.1219e+06 1.00168e+06 864292
threshold=0.037499999999999853 12179.563750000001 1269.1454712742593 18.708333333333339 -60.593749999999538 9675.3987500000021 1.0000000180025095e-35 4.5000000000000009 14099.840000000002 402.23875000000049 7.5000000000000009 6.5000000000000009 2023.9604936852227 6.5000000000000009
decision_type=2 2 2 2 2 2 2 2 2 2 2 2 2 2
left_child=1 7 4 -3 -2 -4 -5 9 13 -1 11 -11 -8 -7
right_child=2 3 5 6 -6 8 12 -9 -10 10 -12 -13 -14 -15
leaf_value=0.31436949715673052 -5.2399514047218405 8.0544961969475999 -1.3157795048687986 5.7302481528690876 -0.34013837246550727 -2.8429424581073577 2.8441883629087417 -0.82907906073624693 -4.014762455892563 1.8287656211853027 0.28250860940578371 6.9741151894160671 -0.55043002202884472 0.82366842034325172
leaf_weight=750 183 56 1001 69 96 62 188 518 49 86 128 69 133 711
leaf_count=750 183 56 1001 69 96 62 188 518 49 86 128 69 133 711
internal_value=-0.0720404 0.907713 -1.00285 2.96204 -3.56128 -0.609549 2.21205 0.315441 0.251007 0.889624 2.40762 4.1494 1.44031 0.526268
internal_weight=4099 1997 2102 446 279 1823 390 1551 822 1033 283 155 321 773
internal_count=4099 1997 2102 446 279 1823 390 1551 822 1033 283 155 321 773
is_linear=0
shrinkage=0.03


Tree=140
num_leaves=15
num_cat=0
split_feature=9 36 34 21 3 9 0 30 35 2 27 39 15 32
split_gain=3.96616e+06 3.76489e+06 2.46185e+06 2.39365e+06 1.49688e+06 1.44308e+06 2.92684e+06 1.63074e+06 1.40216e+06 1.34005e+06 1.63732e+06 1.41046e+06 1.25923e+06 1.1872e+06
threshold=0.60355339059327384 -413.30374999999998 10781.538750000002 13817.958750000003 15.500000000000002 0.91597561503675362 1.0000000180025095e-35 13917.581250000001 -181.82249999999974 1.0000000180025095e-35 8349.3725000000013 19.908333333333339 -0.62058661934845294 2273.7274593029961
decision_type=2 2 2 2 2 2 2 2 2 2 2 2 2 2
left_child=1 8 -2 9 -5 -4 -7 -8 12 11 -11 -3 -1 -12
right_child=2 3 5 4 -6 6 7 -9 -10 10 13 -13 -14 -15
leaf_value=-4.7483981297850608 -4.2053849763613371 6.7438404244282202 -1.7781987934676813 6.5608987691895715 0.34394169618101678 -3.0958415830942023 0.93131270845828973 6.1693013816337068 -0.19780195792637217 -1.3952915572583482 1.3627906092494007 1.7307047111209077 -0.88542392971423955 -1.5505641056450319
leaf_weight=149 238 60 571 115 50 132 202 72 491 310 1118 302 155 141
leaf_count=149 238 60 571 115 50 132 202 72 491 310 1118 302 155 141
internal_value=-0.0382329 0.566221 -1.47578 1.23284 4.69048 -0.807205 0.559382 2.3252 -1.19062 0.935106 0.55466 2.57794 -2.7882 1.03553
internal_weight=4106 2891 1215 2096 165 977 406 274 795 1931 1569 362 304 1259
internal_count=4106 2891 1215 2096 165 977 406 274 795 1931 1569 362 304 1259
is_linear=0
shrinkage=0.03


Tree=141
num_leaves=15
num_cat=0
split_feature=9 36 31 22 9 0 51 51 33 2 39 27 24 35
split_gain=3.73226e+06 3.54365e+06 2.54429e+06 1.72102e+06 1.41368e+06 2.75928e+06 1.57915e+06 1.34916e+06 1.26969e+06 1.49628e+06 1.55628e+06 1.30424e+06 1.19969e+06 1.08601e+06
threshold=0.60355339059327384 -413.30374999999998 8736.5441145833338 14791.635000000002 0.91597561503675362 1.0000000180025095e-35 10.41666666666667 42.916666666666679 8532.970000000003 1.0000000180025095e-35 19.908333333333339 8349.3725000000013 1361.6280260584956 -263.53749999999985
decision_type=2 2 2 2 2 2 2 2 2 2 2 2 2 2
left_child=1 7 -2 8 -4 -6 -7 13 9 10 -3 -11 -10 -1
right_child=2 3 4 -5 5 6 -8 -9 12 11 -12 -13 -14 -15
leaf_value=-2.4716817668244881 -4.1091365720926536 6.8397182319277805 -1.6929197748108247 6.249053580073987 -2.9770592114675876 4.3516904815760524 -0.25839969148155023 -3.1663594704702356 1.8969578836706584 -1.3535673889201552 1.6068141106764475 0.8327110148339264 6.9950081195150098 0.41648025602745492
leaf_weight=162 252 62 564 58 128 153 118 217 166 310 278 1167 55 416
leaf_count=162 252 62 564 58 128 153 118 217 166 310 278 1167 55 416
internal_value=-0.0370422 0.549317 -1.43156 1.19605 -0.727328 0.63835 2.35072 -1.15512 1.04924 0.787055 2.57835 0.373229 3.19156 -0.39585
internal_weight=4106 2891 1215 2096 963 399 271 795 2038 1817 340 1477 221 578
internal_count=4106 2891 1215 2096 963 399 271 795 2038 1817 340 1477 221 578
is_linear=0
shrinkage=0.03


Tree=142
num_leaves=15
num_cat=0
split_feature=21 16 36 36 7 7 36 35 7 37 39 16 39 8
split_gain=3.60047e+06 2.71309e+06 2.1489e+06 1.54904e+06 1.49536e+06 3.61656e+06 1.30613e+06 1.22963e+06 1.06276e+06 2.43835e+06 1.40078e+06 1.03864e+06 966371 955904
threshold=11680.487500000001 5864.036250000001 35.414999999999971 -1378.8724999999997 10.500000000000002 9.5000000000000018 340.38999999999947 970.19249999999931 17.500000000000004 22.750000000000004 26.108333333333341 14003.603750000002 25.075000000000003 1.0000000180025095e-35
decision_type=2 2 2 2 2 2 2 2 2 2 2 2 2 2
left_child=1 -1 8 -2 5 -5 -6 12 10 -10 -3 -8 13 -4
right_child=3 2 7 4 6 -7 11 -9 9 -11 -12 -13 -14 -15
leaf_value=-7.0962374774759462 -2.4202663835525513 -1.4009867710299342 -1.3037142212089636 1.2626027616168323 0.024857145129320725 8.1529388509856329 0.39021415684555399 3.6212483542576432 -1.2414582565134373 3.2952571472525594 -5.4924653904030958 5.5402913827674327 1.5149052877222109 0.46863398859912919
leaf_weight=54 74 950 459 189 334 107 60 99 427 141 81 85 370 676
leaf_count=54 74 950 459 189 334 107 60 99 427 141 81 85 370 676
internal_value=-0.0358346 -0.489478 -0.375909 1.70298 2.09931 3.77248 1.05964 0.39983 -1.15385 -0.111428 -1.72746 3.4266 0.185648 -0.248616
internal_weight=4106 3257 3203 849 775 296 479 1604 1599 568 1031 145 1505 1135
internal_count=4106 3257 3203 849 775 296 479 1604 1599 568 1031 145 1505 1135
is_linear=0
shrinkage=0.03


Tree=143
num_leaves=15
num_cat=0
split_feature=21 21 0 45 0 0 2 5 0 0 25 3 32 2
split_gain=3.38937e+06 2.3215e+06 1.63963e+06 1.55688e+06 1.38206e+06 3.10489e+06 1.72867e+06 1.37132e+06 1.24186e+06 1.95387e+06 1.16004e+06 1.05709e+06 1.0359e+06 964939
threshold=11680.487500000001 6307.8249999999998 1.0000000180025095e-35 1.0000000180025095e-35 10.500000000000002 9.5000000000000018 4.5000000000000009 262.50000000000006 1.5000000000000002 2.5000000000000004 6169.4525000000003 17.500000000000004 1821.1216678707385 5.5000000000000009
decision_type=2 2 2 2 2 2 2 2 2 2 2 2 2 2
left_child=1 10 -3 8 5 -2 11 -7 12 -10 -1 -6 -4 -5
right_child=4 2 3 13 6 7 -8 -9 9 -11 -12 -13 -14 -15
leaf_value=-7.9845547852426204 0.99610731939230057 -3.357265183317895 0.49283618057475365 -0.79727721426840037 2.6672034138258622 4.2326624873234673 -1.9757706384499574 11.017054525881397 -3.4627798196719239 0.34391823584851072 -1.6674104405774008 -1.0390363011124371 5.8380677676200863 -3.5453798376189334
leaf_weight=52 202 152 67 784 293 64 152 48 129 1823 53 90 63 134
leaf_count=52 202 152 67 784 293 64 152 48 129 1823 53 90 63 134
internal_value=-0.0347203 -0.474864 -0.327896 -0.173335 1.65235 3.2292 0.722542 7.21216 0.280514 0.0906966 -4.84185 1.79581 3.10812 -1.20185
internal_weight=4106 3257 3152 3000 849 314 535 112 2082 1952 105 383 130 918
internal_count=4106 3257 3152 3000 849 314 535 112 2082 1952 105 383 130 918
is_linear=0
shrinkage=0.03


Tree=144
num_leaves=15
num_cat=0
split_feature=21 16 0 2 8 34 0 0 21 19 2 8 41 39
split_gain=3.1912e+06 2.43952e+06 1.74149e+06 1.4425e+06 2.00389e+06 1.38961e+06 1.50499e+06 1.32672e+06 1.29606e+06 1.40844e+06 1.15493e+06 953889 739174 670955
threshold=11680.487500000001 5864.036250000001 1.0000000180025095e-35 1.0000000180025095e-35 0.91597561503675362 12660.267500000002 1.5000000000000002 12.500000000000002 14189.243750000003 9347.0562500000033 4.5000000000000009 -0.60355339059327384 47.500000000000007 25.141666666666669
decision_type=2 2 2 2 2 2 2 2 2 2 2 2 2 2
left_child=1 -1 -3 4 13 11 -7 8 -2 -10 12 -5 -9 -4
right_child=7 2 3 5 -6 6 -8 10 9 -11 -12 -13 -14 -15
leaf_value=-6.7255665046951982 1.7986889568907662 -3.4037848747372625 -0.20838209856340215 0.031126396084183692 6.3207806793848675 4.465068394828152 0.089126809348665542 3.4976536927363453 9.2047874404907208 2.194045031241008 -2.6919378111823913 -1.5087937109063378 0.067430035272065328 2.5016161197734914
leaf_weight=54 400 159 288 541 62 76 870 84 49 55 92 1093 169 114
leaf_count=54 400 159 288 541 62 76 870 84 49 55 92 1093 169 114
internal_value=-0.0336658 -0.460749 -0.353058 -0.192636 1.34553 -0.469688 0.445042 1.60334 2.58299 5.55353 0.168825 -0.999226 1.21566 0.564388
internal_weight=4106 3257 3203 3044 464 2580 946 849 504 104 345 1634 253 402
internal_count=4106 3257 3203 3044 464 2580 946 849 504 104 345 1634 253 402
is_linear=0
shrinkage=0.03


Tree=145
num_leaves=15
num_cat=0
split_feature=9 34 33 9 37 52 0 9 34 14 21 36 24 18
split_gain=4.17626e+06 2.98308e+06 1.93445e+06 1.97538e+06 1.91789e+06 1.73435e+06 1.4318e+06 1.40614e+06 1.55273e+06 1.39413e+06 1.35957e+06 1.29194e+06 1.19643e+06 1.17503e+06
threshold=-0.25881904510252068 13200.958750000003 5265.7787500000004 -0.12940952255126037 22.750000000000004 2.9583333333333335 7.5000000000000009 0.37940952255126048 12660.267500000002 -0.89445413044074662 15252.253750000002 644.12500000000102 794.89345371356774 10724.788750000002
decision_type=2 2 2 2 2 2 2 2 2 2 2 2 2 2
left_child=1 5 -2 -4 7 13 -7 12 -9 -8 11 -3 -5 -1
right_child=2 10 3 4 -6 6 9 8 -10 -11 -12 -13 -14 -15
leaf_value=1.0796891254992098 -5.8240976292536804 1.5957277279068904 -3.6534378452958731 1.2743509053583624 1.7909463885261967 3.3885180136135644 1.1896691605597736 -2.099365473271241 -0.080019720862634452 -1.5393965883903178 7.5475080743127938 4.7167181917760947 -3.2249092587877493 6.2569636004009554
leaf_weight=110 64 497 173 416 325 83 239 758 625 565 48 157 60 61
leaf_count=110 64 497 173 416 325 83 239 758 625 565 48 157 60 61
internal_value=0.0901877 1.20185 -0.718114 -0.577053 -0.331797 0.195151 -0.33909 -0.703678 -1.18752 -0.727656 2.7166 2.35104 0.701614 2.95228
internal_weight=4181 1760 2421 2357 2184 1058 887 1859 1383 804 702 654 476 171
internal_count=4181 1760 2421 2357 2184 1058 887 1859 1383 804 702 654 476 171
is_linear=0
shrinkage=0.03


Tree=146
num_leaves=15
num_cat=0
split_feature=48 16 16 24 39 18 39 35 16 33 26 15 24 31
split_gain=3.7827e+06 2.19558e+06 2.03808e+06 1.54355e+06 1.2598e+06 1.15999e+06 1.19494e+06 1.10492e+06 1.07493e+06 1.06704e+06 1.29681e+06 1.00479e+06 907456 804965
threshold=0.037499999999999853 11257.176250000002 6666.2412500000009 1408.900026364536 20.158333333333339 11290.667500000001 20.958333333333339 815.52250000000015 9143.2437500000015 8596.0212500000016 11448.911250000003 -0.96011450294824408 794.89345371356774 7542.1023958333344
decision_type=2 2 2 2 2 2 2 2 2 2 2 2 2 2
left_child=1 9 13 12 7 -5 -7 -4 11 10 -1 -6 -3 -2
right_child=2 3 4 5 8 6 -8 -9 -10 -11 -12 -13 -14 -15
leaf_value=0.46301461632679153 -7.4388541522979734 2.3546353894148475 0.087672783749208588 1.9257506942272185 0.7647250638012566 9.2335663469487965 3.8103444561036692 4.9380012163749107 -0.13980652760188639 3.3038626918987353 -2.2026721857872209 -2.080862227215369 -0.53914931515625542 -2.5443452268693507
leaf_weight=1070 49 220 121 149 133 54 118 64 977 97 193 681 174 81
leaf_count=1070 49 220 121 149 133 54 118 64 977 97 193 681 174 81
internal_value=0.0875713 0.996415 -0.807935 2.34105 -0.56738 3.88251 5.5566 1.78323 -0.811052 0.28828 0.0542367 -1.61553 1.0785 -4.43202
internal_weight=4181 2075 2106 715 1976 321 172 185 1791 1360 1263 814 394 130
internal_count=4181 2075 2106 715 1976 321 172 185 1791 1360 1263 814 394 130
is_linear=0
shrinkage=0.03


Tree=147
num_leaves=15
num_cat=0
split_feature=9 33 11 16 21 9 37 9 10 0 35 33 36 3
split_gain=3.74793e+06 2.67013e+06 2.11011e+06 1.8184e+06 1.81407e+06 1.76173e+06 1.83168e+06 1.27813e+06 1.36852e+06 1.23964e+06 1.18345e+06 1.17074e+06 1.08198e+06 1.04986e+06
threshold=-0.25881904510252068 7165.4662500000004 0.81174490092936691 5864.036250000001 15252.253750000002 -0.12940952255126037 22.750000000000004 0.37940952255126048 -0.60785761079279388 7.5000000000000009 -231.55500000000026 7357.5437500000007 -629.69249999999909 9.5000000000000018
decision_type=2 2 2 2 2 2 2 2 2 2 2 2 2 2
left_child=1 9 4 -2 10 12 7 8 -7 -1 -3 -9 -5 -11
right_child=3 2 -4 5 -6 6 -8 11 -10 13 -12 -13 -14 -15
leaf_value=3.4428516788327173 -6.024319200600897 -0.56385771686289488 5.6369776860567242 -7.178580013847351 7.1892975881148349 -1.8241340587922232 1.7501087023686925 -1.9917482906387696 1.697954431330519 1.8152743778484208 1.8940220388915519 -0.24941360031806786 -1.9429333659075201 -1.4083042893379005
leaf_weight=68 55 237 129 49 48 140 326 712 335 111 683 677 127 484
leaf_count=68 55 237 129 49 48 140 326 712 335 111 683 677 127 484
internal_value=0.08503 1.13814 2.04591 -0.6807 1.56201 -0.553983 -0.321143 -0.684142 0.658182 -0.364654 1.26091 -1.14333 -3.43299 -0.804869
internal_weight=4181 1760 1097 2421 968 2366 2190 1864 475 663 920 1389 176 595
internal_count=4181 1760 1097 2421 968 2366 2190 1864 475 663 920 1389 176 595
is_linear=0
shrinkage=0.03


Tree=148
num_leaves=15
num_cat=0
split_feature=9 34 21 9 38 52 35 21 36 0 18 28 0 36
split_gain=3.52844e+06 2.56134e+06 1.72849e+06 1.70048e+06 1.69872e+06 1.55495e+06 1.37258e+06 1.45436e+06 1.3099e+06 1.16391e+06 1.09373e+06 1.04385e+06 1.29392e+06 1.01958e+06
threshold=-0.25881904510252068 13200.958750000003 6169.4525000000003 -0.12940952255126037 23.650000000000002 2.9583333333333335 135.58875000000037 14738.936250000002 -799.86124999999936 1.0000000180025095e-35 10724.788750000002 1176.1749018361788 14.500000000000002 -629.69249999999909
decision_type=2 2 2 2 2 2 2 2 2 2 2 2 2 2
left_child=1 5 -2 13 9 10 -3 -8 -7 -5 -1 -10 -13 -4
right_child=2 6 3 4 -6 8 7 -9 11 -11 -12 12 -14 -15
leaf_value=0.97619323253631585 -4.7882296709580858 0.99408709304825871 -6.9675298158287999 -3.1232322037847418 1.8428977757207416 -2.5577536622300108 2.964086134171795 8.4177366503547226 2.2696156005518775 -0.38361405943649823 5.9702278270067701 -1.2830139896372701 2.1052066845223849 -1.8851007491536438
leaf_weight=110 87 306 49 151 294 187 346 50 174 1713 61 390 136 127
leaf_count=110 87 306 49 151 294 187 346 50 174 1713 61 390 136 127
internal_value=0.082495 1.1043 -0.660475 -0.504621 -0.272622 0.171489 2.5079 3.67219 -0.334353 -0.60711 2.78213 0.262393 -0.404611 -3.33155
internal_weight=4181 1760 2421 2334 2158 1058 702 396 887 1864 171 700 526 176
internal_count=4181 1760 2421 2334 2158 1058 702 396 887 1864 171 700 526 176
is_linear=0
shrinkage=0.03


Tree=149
num_leaves=15
num_cat=0
split_feature=9 15 8 36 16 9 37 44 9 34 6 24 51 15
split_gain=3.32196e+06 2.51632e+06 3.99716e+06 2.41376e+06 1.65926e+06 1.56476e+06 1.63262e+06 1.24303e+06 1.18284e+06 1.38029e+06 1.29083e+06 1.10093e+06 954123 707955
threshold=-0.25881904510252068 -0.64713682673509032 0.91597561503675362 184.80874999999926 5864.036250000001 -0.12940952255126037 22.750000000000004 74.125000000000014 0.37940952255126048 12660.267500000002 1.0000000180025095e-35 399.91940079332056 35.416666666666679 -0.66012780149078443
decision_type=2 2 2 2 2 2 2 2 2 2 2 2 2 2
left_child=1 2 12 -3 -2 11 8 -5 10 -10 -7 -6 -1 -13
right_child=4 3 -4 7 5 6 -8 -9 9 -11 -12 13 -14 -15
leaf_value=-0.27456649829400703 -5.7452728608676367 0.85091213331609805 6.1810600068325856 6.9877295360565181 -0.30320068538188932 1.6580278756096958 1.655092462454367 2.9574181063535514 -1.9393213216954583 -0.038841960809101309 -1.7626348742018354 -2.8401858937134175 -2.7997085233399126 -7.8190135959703095
leaf_weight=511 55 590 78 89 70 335 326 310 764 625 140 58 182 48
leaf_count=511 55 590 78 89 70 335 326 310 764 625 140 58 182 48
internal_value=0.0800528 1.07151 -0.21324 2.07229 -0.640851 -0.51981 -0.300372 3.87167 -0.64308 -1.08483 0.648216 -3.23311 -0.940835 -5.14689
internal_weight=4181 1760 771 989 2421 2366 2190 399 1864 1389 475 176 693 106
internal_count=4181 1760 771 989 2421 2366 2190 399 1864 1389 475 176 693 106
is_linear=0
shrinkage=0.03


Tree=150
num_leaves=15
num_cat=0
split_feature=36 3 36 35 9 45 9 31 22 35 20 0 9 0
split_gain=2.65113e+06 2.07641e+06 1.75323e+06 1.38858e+06 1.30547e+06 1.24401e+06 1.08744e+06 887862 864707 835109 712945 1.46642e+06 621467 1.22174e+06
threshold=983.08875000000091 12.500000000000002 -1206.7075000000002 -52.191249999999393 0.60355339059327384 0.35000000000000003 -0.25881904510252068 9130.6730208333338 13125.268750000001 -42.273750000000739 6817.1900000000014 14.500000000000002 0.91597561503675362 1.0000000180025095e-35
decision_type=2 2 2 2 2 2 2 2 2 2 2 2 2 2
left_child=1 5 3 -3 10 6 -1 -6 -2 -9 11 -4 -8 -14
right_child=8 2 4 -5 7 -7 12 9 -10 -11 -12 -13 13 -15
leaf_value=1.8959677727950357 1.7297354924924231 -5.6643596467507615 -4.750218167128387 0.077254759361003997 -3.0396786067637698 -2.2835670807322517 -0.23186498751554788 -0.097757112017044651 5.5196576524560266 -3.7682497338337053 0.20461293986767012 1.0595975834680229 -1.5982853791962808 3.4082875537534707
leaf_weight=564 339 112 80 57 258 121 668 311 64 67 1210 75 66 127
leaf_count=564 339 112 80 57 258 121 668 311 64 67 1210 75 66 127
internal_value=0.0357963 -0.215068 -0.813485 -3.73869 -0.564678 0.624858 0.873257 -1.6861 2.34382 -0.756613 -0.0413045 -1.95015 0.201889 1.6967
internal_weight=4119 3716 2170 169 2001 1546 1425 636 403 378 1365 155 861 193
internal_count=4119 3716 2170 169 2001 1546 1425 636 403 378 1365 155 861 193
is_linear=0
shrinkage=0.03


Tree=151
num_leaves=15
num_cat=0
split_feature=36 3 36 35 9 9 33 41 28 35 46 0 2 17
split_gain=2.49577e+06 1.95438e+06 1.6505e+06 1.30725e+06 1.23987e+06 1.16376e+06 1.11115e+06 1.0568e+06 1.00083e+06 949351 893469 838564 805618 647627
threshold=983.08875000000091 12.500000000000002 -1206.7075000000002 -52.191249999999393 0.37940952255126048 -0.25881904510252068 6210.5037500000008 51.500000000000007 816.15690464603301 -14.914999999999052 0.25000000000000006 17.500000000000004 5.5000000000000009 8560.1812500000033
decision_type=2 2 2 2 2 2 2 2 2 2 2 2 2 2
left_child=1 5 3 -3 8 13 -6 -2 11 -8 -7 -4 -10 -1
right_child=7 2 4 -5 6 10 9 -9 12 -11 -12 -13 -14 -15
leaf_value=-1.6821552196814089 5.4917381982803342 -5.4959326855798736 0.45653949722330622 0.074977075313699654 -3.8372744089734967 0.28596645691815542 -0.43923697062144373 1.5358130295872687 -0.019782835176718309 -3.5507378128596714 -2.5679792060596602 4.9036680134076338 -3.0198371171138505 1.9236223295105874
leaf_weight=48 74 112 93 57 144 832 556 329 953 104 111 64 87 555
leaf_count=48 74 112 93 57 144 832 556 329 953 104 111 64 87 555
internal_value=0.0346673 -0.208735 -0.789302 -3.62751 -0.547893 0.606134 -1.45828 2.27404 0.0642902 -0.934187 -0.0523184 2.28904 -0.273423 1.63426
internal_weight=4119 3716 2170 169 2001 1546 804 403 1197 660 943 157 1040 603
internal_count=4119 3716 2170 169 2001 1546 804 403 1197 660 943 157 1040 603
is_linear=0
shrinkage=0.03


Tree=152
num_leaves=15
num_cat=0
split_feature=36 3 36 9 18 45 28 35 22 32 39 0 39 51
split_gain=2.3495e+06 1.83918e+06 1.55922e+06 1.2631e+06 1.32487e+06 1.14363e+06 1.0611e+06 1.03538e+06 967228 1.18288e+06 1.0647e+06 903758 817118 810485
threshold=983.08875000000091 12.500000000000002 -1337.8875000000014 0.37940952255126048 6777.2100000000019 0.35000000000000003 816.15690464603301 -78.937500000000895 10122.280000000002 2153.8908708340859 20.891666666666673 17.500000000000004 20.058333333333337 26.416666666666668
decision_type=2 2 2 2 2 2 2 2 2 2 2 2 2 2
left_child=1 5 7 6 -5 8 11 -3 -1 13 -11 -4 -8 -10
right_child=-2 2 3 4 -6 -7 12 -9 9 10 -12 -13 -14 -15
leaf_value=0.22758705018758774 2.206345373471037 -5.8407391928804326 0.38737847919213142 -6.0619554226803327 -1.1520437538784638 -2.2006826231518728 1.3627862593824061 -0.37986419734954829 3.5985687332113727 2.6913015651277132 -2.6371237296497116 4.9133011515244194 -0.71186004586166363 0.60481245645021986
leaf_weight=899 403 86 94 52 761 121 213 49 270 55 84 68 847 117
leaf_count=899 403 86 94 52 761 121 213 49 270 55 84 68 847 117
internal_value=0.0335838 -0.202578 -0.765774 -0.557627 -1.47316 0.58791 0.0521772 -3.87612 0.826084 1.84659 -0.524483 2.30573 -0.294068 2.69741
internal_weight=4119 3716 2170 2035 813 1546 1222 135 1425 526 139 162 1060 387
internal_count=4119 3716 2170 2035 813 1546 1222 135 1425 526 139 162 1060 387
is_linear=0
shrinkage=0.03


Tree=153
num_leaves=15
num_cat=0
split_feature=22 36 21 2 9 33 28 21 19 29 52 32 15 8
split_gain=2.31508e+06 1.72985e+06 1.76131e+06 1.37524e+06 1.29338e+06 1.58336e+06 1.23963e+06 1.11208e+06 1.09194e+06 964893 953210 726097 712436 561910
threshold=15101.312500000002 450.58375000000166 6307.8249999999998 5.5000000000000009 0.25881904510252057 8121.0050000000019 806.56748946618848 13123.745000000001 11631.223750000003 10238.503750000002 5.541666666666667 1955.7250420686375 -0.71010885522459943 -0.60355339059327384
decision_type=2 2 2 2 2 2 2 2 2 2 2 2 2 2
left_child=1 2 -1 4 6 -6 -4 9 12 10 11 -3 -5 -12
right_child=-2 7 3 8 5 -7 -8 -9 -10 -11 13 -13 -14 -15
leaf_value=-5.8645380784915044 6.5145493293416736 3.4616231940259885 3.0977176180425681 -2.5375613786185043 -1.501220127544592 0.97728238355029706 0.28489383113676309 4.8877568364143373 -4.9533925566306483 -2.8850647335052488 1.6667981202400928 0.37412706093968084 -0.14416493610834047 -0.39006067434946695
leaf_weight=51 48 198 158 187 781 329 1249 63 77 59 178 105 277 359
leaf_count=51 48 198 158 187 781 329 1249 63 77 59 178 105 277 359
internal_value=0.0325545 -0.0454503 -0.389476 -0.296273 -0.00109276 -0.766369 0.602748 1.06561 -1.66704 0.792613 1.05407 2.3965 -1.11216 0.293532
internal_weight=4119 4071 3109 3058 2517 1110 1407 962 541 899 840 303 464 537
internal_count=4119 4071 3109 3058 2517 1110 1407 962 541 899 840 303 464 537
is_linear=0
shrinkage=0.03


Tree=154
num_leaves=15
num_cat=0
split_feature=22 36 9 6 28 9 9 0 33 35 24 9 0 9
split_gain=2.18101e+06 1.66236e+06 1.85597e+06 1.41983e+06 1.28821e+06 1.53932e+06 1.19576e+06 2.14422e+06 1.48434e+06 1.14262e+06 1.06326e+06 1.03479e+06 1.13223e+06 1.01366e+06
threshold=15101.312500000002 -1206.7075000000002 0.60355339059327384 1.0000000180025095e-35 810.14510590866507 0.25881904510252057 0.91597561503675362 1.0000000180025095e-35 7605.5650000000014 -52.191249999999393 570.12498313524577 -0.60355339059327384 10.500000000000002 0.1294095225512602
decision_type=2 2 2 2 2 2 2 2 2 2 2 2 2 2
left_child=1 9 3 4 5 -3 -4 -8 -9 10 -1 12 -5 -13
right_child=-2 2 6 11 -6 -7 7 8 -10 -11 -12 13 -14 -15
leaf_value=-0.51345856018066405 6.3231012439727783 4.4200316811320572 -1.7135930888858886 3.7837290845976934 0.6493774344310338 -0.49573626711964608 -2.5017054651076331 -0.046720780482658972 4.0406181237101553 0.047573250389099125 -5.9467335210387242 -2.8638894369945684 -0.48502202688659746 0.1337872057612049
leaf_weight=49 48 183 670 80 1719 83 170 194 135 99 96 235 180 178
leaf_count=49 48 183 670 80 1719 83 170 194 135 99 96 235 180 178
internal_value=0.0315996 -0.0441126 0.109223 0.547325 0.950943 2.89 -0.886508 0.225184 1.63757 -2.43979 -4.12686 -0.642763 0.837847 -1.57467
internal_weight=4119 4071 3827 2658 1985 266 1169 499 329 244 145 673 260 413
internal_count=4119 4071 3827 2658 1985 266 1169 499 329 244 145 673 260 413
is_linear=0
shrinkage=0.03


Tree=155
num_leaves=15
num_cat=0
split_feature=48 2 35 17 32 24 35 21 17 39 20 32 35 22
split_gain=2.70106e+06 1.78919e+06 1.7292e+06 1.58079e+06 1.39774e+06 1.23415e+06 1.13246e+06 819513 593296 885479 1.09499e+06 1.08471e+06 1.02554e+06 540182
threshold=0.14166666666666647 4.5000000000000009 259.42749999999984 12464.450000000001 1238.3317324492493 1715.6553679472329 -272.4724999999998 6537.8225000000011 8191.9575000000004 20.058333333333337 10481.595000000003 2355.17938422823 656.94000000000017 8512.2575000000015
decision_type=2 2 2 2 2 2 2 2 2 2 2 2 2 2
left_child=1 2 7 5 6 -4 -2 -1 -3 10 -10 12 -11 -6
right_child=4 8 3 -5 13 -7 -8 -9 9 11 -12 -13 -14 -15
leaf_value=-3.3689928995132448 -6.2671964185237883 -2.270879321252858 2.2243347003168767 5.6572016654014581 -1.6886128793669006 -1.8201681086272001 -1.4144971776008606 0.54313745149703163 5.3784817827206384 0.20651839929468491 -0.7944245923023957 -4.6727331165330748 -3.7322070054446947 -0.27941804889922706
leaf_weight=49 79 161 455 104 366 79 96 1339 51 475 51 55 67 737
leaf_count=49 79 161 455 104 366 79 96 1339 51 475 51 55 67 737
internal_value=0.00258551 0.511029 0.997555 2.28903 -1.14508 1.62368 -3.62839 0.402692 -0.634944 -0.255413 2.31414 -0.697593 -0.286321 -0.74814
internal_weight=4164 2886 2026 638 1278 534 175 1388 860 699 102 597 542 1103
internal_count=4164 2886 2026 638 1278 534 175 1388 860 699 102 597 542 1103
is_linear=0
shrinkage=0.03


Tree=156
num_leaves=15
num_cat=0
split_feature=51 22 5 24 32 9 7 7 9 29 7 22 24 20
split_gain=2.55411e+06 1.75214e+06 1.38027e+06 1.28985e+06 1.17495e+06 1.06052e+06 1.33831e+06 2.10264e+06 1.3251e+06 850942 717954 712888 647056 597344
threshold=36.416666666666679 14791.635000000002 132.50000000000003 1098.9925808878781 1207.7415052522983 -0.25881904510252068 14.500000000000002 10.500000000000002 -0.12940952255126037 10680.356250000003 15.500000000000002 8501.1150000000034 418.9857014803593 8122.6737500000008
decision_type=2 2 2 2 2 2 2 2 2 2 2 2 2 2
left_child=1 2 3 -1 10 6 7 -4 12 -10 -2 -6 -7 -8
right_child=4 -3 5 -5 11 8 13 -9 9 -11 -12 -13 -14 -15
leaf_value=0.96741500325636431 -6.5341368069414232 4.9079096986770629 1.5768514903758297 5.7247825859069819 -2.6838814611152064 -1.3441473588773181 3.949152279484351 -1.1189566783973499 -0.019143091885637408 -3.2288471895456312 -1.7405099638158623 -0.49065181069258901 -6.0675723388177509 0.33808163314030087
leaf_weight=164 60 74 560 74 176 55 150 485 1584 77 54 544 50 57
leaf_count=164 60 74 560 74 176 55 150 485 1584 77 54 544 50 57
internal_value=0.0024187 0.374331 0.269815 2.46442 -1.48121 0.0959841 0.763565 0.325799 -0.377451 -0.1698 -4.29848 -1.02977 -3.62956 2.96128
internal_weight=4164 3330 3256 238 834 3018 1252 1045 1766 1661 114 720 105 207
internal_count=4164 3330 3256 238 834 3018 1252 1045 1766 1661 114 720 105 207
is_linear=0
shrinkage=0.03


Tree=157
num_leaves=15
num_cat=0
split_feature=48 2 32 9 2 51 20 23 9 39 9 38 44 0
split_gain=2.43933e+06 1.66933e+06 1.26357e+06 1.22061e+06 1.83612e+06 885816 832579 979578 815082 1.5304e+06 1.36165e+06 1.10869e+06 793095 723627
threshold=0.14166666666666647 4.5000000000000009 1257.2101003673563 0.1294095225512602 1.0000000180025095e-35 10.083333333333334 9226.0775000000012 12639.141458333334 -0.5 21.158333333333339 -0.12940952255126037 23.950000000000003 84.541666666666671 17.500000000000004
decision_type=2 2 2 2 2 2 2 2 2 2 2 2 2 2
left_child=1 3 13 4 5 -1 -5 -8 9 -3 12 -12 -10 -2
right_child=2 8 -4 6 -6 -7 7 -9 10 -11 11 -13 -14 -15
leaf_value=5.2994900861440923 -4.8551883042956652 4.3796615715549416 -0.68888204555608623 -2.8420202701091766 0.99529198906301808 1.3151380552564349 0.7040929426956628 -3.2338198514330774 -6.8617409833272296 -0.53254624592438904 -1.1042704329857587 3.6645647154808043 -1.9336133332813488 -1.1153156269921196
leaf_weight=152 113 72 1085 79 973 76 685 61 53 261 358 49 67 80
leaf_count=152 113 72 1085 79 973 76 685 61 53 261 358 49 67 80
internal_value=0.0023042 0.485487 -1.08834 0.955435 1.56533 3.98298 0.0667304 0.378174 -0.62143 0.539441 -1.35462 -0.522524 -4.14905 -3.3188
internal_weight=4164 2886 1278 2026 1201 228 825 746 860 333 527 407 120 193
internal_count=4164 2886 1278 2026 1201 228 825 746 860 333 527 407 120 193
is_linear=0
shrinkage=0.03


Tree=158
num_leaves=15
num_cat=0
split_feature=51 22 33 0 36 0 8 34 36 29 37 28 28 46
split_gain=2.30813e+06 1.61867e+06 1.63864e+06 1.05219e+06 1.12739e+06 967171 944198 980120 870711 579678 480156 580851 580803 476532
threshold=36.416666666666679 14791.635000000002 9606.8950000000023 1.0000000180025095e-35 -1378.8724999999997 1.5000000000000002 -0.60355339059327384 10171.482500000002 -704.80875000000003 7819.9250000000002 21.150000000000002 1099.415281508617 1442.4736227719538 0.25000000000000006
decision_type=2 2 2 2 2 2 2 2 2 2 2 2 2 2
left_child=1 2 3 -1 9 -6 8 -8 13 -5 -10 -12 -13 -2
right_child=6 -3 -4 4 5 -7 7 -9 10 -11 11 12 -14 -15
leaf_value=-2.3342651741237055 -0.67252498524529591 4.7132184341430667 4.3413650681251701 -0.63662274898182258 2.7979804243686348 0.25095660124200303 -5.3634253519177442 -1.6871636150074913 -1.7480213899165391 -5.1333457637786859 3.1307572879347689 -2.3031067891778618 1.6502721321733693 -4.6929484836871813
leaf_weight=146 55 74 85 54 140 2782 79 366 63 49 85 57 78 51
leaf_count=146 55 74 85 54 140 2782 79 366 63 49 85 57 78 51
internal_value=0.00218559 0.355736 0.255281 0.144413 0.264782 0.373911 -1.40819 -2.3504 -0.327043 -2.80477 0.542775 1.20378 -0.0234831 -2.6328
internal_weight=4164 3330 3256 3171 3025 2922 834 445 389 103 283 220 135 106
internal_count=4164 3330 3256 3171 3025 2922 834 445 389 103 283 220 135 106
is_linear=0
shrinkage=0.03


Tree=159
num_leaves=15
num_cat=0
split_feature=48 2 33 9 2 32 28 23 31 9 39 9 37 44
split_gain=2.19998e+06 1.54803e+06 1.21834e+06 1.17845e+06 1.89851e+06 1.15169e+06 872011 797289 870877 776078 1.43359e+06 1.2742e+06 1.03714e+06 742441
threshold=0.14166666666666647 4.5000000000000009 9606.8950000000023 0.1294095225512602 1.0000000180025095e-35 1257.2101003673563 1105.4774105424281 12550.027083333336 8998.5145312500008 -0.5 21.158333333333339 -0.12940952255126037 22.750000000000004 84.541666666666671
decision_type=2 2 2 2 2 2 2 2 2 2 2 2 2 2
left_child=1 2 3 4 6 -2 -1 8 -5 10 -3 13 -13 -11
right_child=5 9 -4 7 -6 -7 -8 -9 -10 11 -12 12 -14 -15
leaf_value=7.3258993502224188 -3.1631128961400887 4.2445122959189217 5.4034589994178628 -1.91746683272 0.80304258112680338 -0.65233218145592764 2.8373076490550067 -3.4816153111128969 0.6724403219801246 -6.6483630190955267 -0.50980050265789034 -1.1222528541054237 3.2403932897668133 -1.8799342297806458
leaf_weight=50 193 72 52 144 944 1085 178 57 601 53 261 351 56 67
leaf_count=50 193 72 52 144 944 1085 178 57 601 53 261 351 56 67
internal_value=0.00206422 0.46093 0.913483 0.792522 1.39847 -1.03369 3.84941 -0.0935956 0.169921 -0.605007 0.527745 -1.32044 -0.515479 -4.02365
internal_weight=4164 2886 2026 1974 1172 1278 228 802 745 860 333 527 407 120
internal_count=4164 2886 2026 1974 1172 1278 228 802 745 860 333 527 407 120
is_linear=0
shrinkage=0.03


Tree=160
num_leaves=15
num_cat=0
split_feature=36 21 17 36 36 24 39 2 0 39 27 41 18 32
split_gain=1.98706e+06 1.72053e+06 1.49288e+06 1.34461e+06 1.03287e+06 1.00872e+06 941397 992569 816399 776407 751486 726623 698123 614542
threshold=157.86374999999956 13200.643750000003 8343.8175000000028 1868.8562500000005 -1542.4837500000001 666.00049457407579 20.408333333333339 1.0000000180025095e-35 10.500000000000002 20.258333333333336 8183.8888541666665 47.500000000000007 6367.4412500000008 2263.1872653351079
decision_type=2 2 2 2 2 2 2 2 2 2 2 2 2 2
left_child=2 3 5 6 -4 12 7 -2 -3 -6 -7 -10 -1 -11
right_child=1 8 4 -5 9 10 -8 -9 11 13 -12 -13 -14 -15
leaf_value=1.9549082334224994 5.3118580586031854 6.9225681550025939 -3.1924599079463793 4.3144050411125283 1.6962135307132935 -5.4724564291766056 -0.15243846984470591 0.89490075930670088 4.6937914269187235 0.023795457880599231 -1.9364935576015239 -0.1793305857692446 -1.3693655161919935 -2.0080434602939041
leaf_weight=64 56 49 91 76 228 90 1121 236 54 1328 138 55 458 148
leaf_count=64 56 49 91 76 228 90 1121 236 54 1328 138 55 458 148
internal_value=-0.0408225 0.770822 -0.566182 0.453729 -0.096232 -1.68928 0.243162 1.75728 3.73739 0.0708848 -3.35014 2.25546 -0.958804 -0.181151
internal_weight=4192 1647 2545 1489 1795 750 1413 292 158 1704 228 109 522 1476
internal_count=4192 1647 2545 1489 1795 750 1413 292 158 1704 228 109 522 1476
is_linear=0
shrinkage=0.03


Tree=161
num_leaves=15
num_cat=0
split_feature=22 3 36 35 33 36 35 12 21 18 20 51 16 17
split_gain=1.97297e+06 1.86806e+06 1.50059e+06 1.1056e+06 1.01857e+06 989023 829589 796662 698886 1.0761e+06 697898 664144 645491 1.11352e+06
threshold=14791.635000000002 12.500000000000002 -1206.7075000000002 -48.583750000000684 8616.098750000001 1112.9949999999997 1008.0187500000003 -0.24999999999999994 6058.8950000000013 6367.4412500000008 9570.9100000000017 11.41666666666667 13817.958750000003 10951.463750000001
decision_type=2 2 2 2 2 2 2 2 2 2 2 2 2 2
left_child=1 4 3 7 6 8 -1 -3 -4 -10 -8 -7 13 -6
right_child=-2 2 5 -5 12 11 10 -9 9 -11 -12 -13 -14 -15
leaf_value=0.15510849346504477 4.5971333609686962 -2.6147598660495919 -3.8547595407801163 0.17261081566244868 4.076078452311064 3.712178475945084 5.0813609281636891 -7.4299769585708084 3.0100662792051156 -0.67749741213209147 0.2050889338279257 -0.051618731557653189 5.1809289657483335 -1.0483051530416909
leaf_weight=1400 80 70 58 58 75 80 58 57 73 1911 48 88 60 76
leaf_count=1400 80 70 58 58 75 80 58 57 73 1911 48 88 60 76
internal_value=-0.0395153 -0.130822 -0.672114 -3.26023 0.624156 -0.454079 0.349825 -4.8172 -0.636349 -0.54036 2.89593 1.75194 2.57122 1.50689
internal_weight=4192 4112 2395 185 1717 2210 1506 127 2042 1984 106 168 211 151
internal_count=4192 4112 2395 185 1717 2210 1506 127 2042 1984 106 168 211 151
is_linear=0
shrinkage=0.03


Tree=162
num_leaves=15
num_cat=0
split_feature=22 3 45 9 9 9 9 2 26 33 15 21 30 15
split_gain=1.85771e+06 1.76114e+06 1.19222e+06 959634 926744 899558 1.30546e+06 1.87481e+06 1.59715e+06 1.4041e+06 771769 683265 619726 597794
threshold=14791.635000000002 13.500000000000002 0.35000000000000003 -0.25881904510252068 -0.12940952255126037 -0.91597561503675329 0.25881904510252057 5.5000000000000009 7867.0962500000005 5272.9175000000005 -0.96477059369951401 8705.7937500000007 12317.650000000001 -0.90566889813915308
decision_type=2 2 2 2 2 2 2 2 2 2 2 2 2 2
left_child=1 2 3 13 -5 -3 7 8 -7 -8 -11 -6 -4 -1
right_child=-2 5 12 4 11 6 9 -9 -10 10 -12 -13 -14 -15
leaf_value=-0.1383017115088275 4.4609220462375214 -2.3551816893728543 -0.18643997685293132 -3.297536892928183 -0.45181620021800056 5.4200785784494308 -6.2218661031917648 -2.6686213053600354 0.45972568741245529 1.1092834703142482 -1.3653703629051197 1.169363148740773 -3.9003083633422855 2.0776027248441213
leaf_weight=136 80 258 88 63 428 62 48 164 808 132 777 514 74 560
leaf_count=136 80 258 88 63 428 62 48 164 808 132 777 514 74 560
internal_value=-0.0382542 -0.126854 0.55513 0.789605 0.196144 -0.69179 -0.47516 0.263827 0.819056 -1.27306 -1.00517 0.433062 -1.89651 1.64501
internal_weight=4192 4112 1863 1701 1005 2249 1991 1034 870 957 909 942 162 696
internal_count=4192 4112 1863 1701 1005 2249 1991 1034 870 957 909 942 162 696
is_linear=0
shrinkage=0.03


Tree=163
num_leaves=15
num_cat=0
split_feature=3 45 39 16 24 32 39 2 39 23 0 25 20 23
split_gain=1.71583e+06 1.1939e+06 879659 874508 1.58601e+06 1.06779e+06 842236 775326 757618 718090 683122 802421 661565 857060
threshold=13.500000000000002 0.35000000000000003 19.341666666666672 13654.248750000002 1606.4334168586281 2380.5755837734073 23.808333333333337 5.5000000000000009 20.408333333333339 9096.2135416666679 6.5000000000000009 7593.6712500000003 8663.3062500000015 12439.064583333335
decision_type=2 2 2 2 2 2 2 2 2 2 2 2 2 2
left_child=1 3 -2 12 5 -5 8 -8 10 -9 -4 -12 -1 -14
right_child=2 -3 6 4 -6 -7 7 9 -10 -11 11 -13 13 -15
leaf_value=1.7354285075304643 1.6474719809358183 -1.8190533860082305 -1.1462100834431241 3.1180664764751085 6.9766248700493261 -2.5494023267590271 0.57053698557240151 0.49440526356697073 -1.5543572041916549 -4.3911716618537895 -0.034846736223269732 4.3116229762529068 0.5417726008378797 -2.2266320956075516
leaf_weight=370 147 163 210 76 56 48 571 49 1082 59 116 56 1079 110
leaf_count=370 147 163 210 76 56 48 571 49 1082 59 116 56 1079 110
internal_value=-0.0371489 0.628647 -0.590177 0.858997 2.83336 0.921243 -0.744373 0.128819 -1.14918 -2.19023 -0.000430512 1.39694 0.62936 0.283986
internal_weight=4192 1902 2290 1739 180 124 2143 679 1464 108 382 172 1559 1189
internal_count=4192 1902 2290 1739 180 124 2143 679 1464 108 382 172 1559 1189
is_linear=0
shrinkage=0.03


Tree=164
num_leaves=14
num_cat=0
split_feature=22 0 2 8 18 0 39 5 25 8 51 48 39
split_gain=1.713e+06 1.3961e+06 1.34715e+06 1.59649e+06 2.26158e+06 1.84719e+06 1.2138e+06 1.17659e+06 953932 990416 955337 632760 458732
threshold=14791.635000000002 1.0000000180025095e-35 5.5000000000000009 0.91597561503675362 6868.0737500000005 6.5000000000000009 25.075000000000003 257.50000000000006 10098.678750000001 0.91597561503675362 42.916666666666679 0.024999999999999977 21.725000000000005
decision_type=2 2 2 2 2 2 2 2 2 2 2 2 2
left_child=1 12 3 4 -3 11 -6 -7 9 10 -4 -5 -1
right_child=-2 2 8 5 6 7 -8 -9 -10 -11 -12 -13 -14
leaf_value=-4.3341046002932959 4.2843961101108121 -4.9375282601612369 0.50956442086243181 1.6845842552736314 -0.26153239626066044 6.8267622261904597 1.1347729265480302 1.3079351866990327 -4.3372526773592321 -4.0211056917190549 -2.8297838421623305 -1.1581453858203248 -1.2636489933164496
leaf_weight=83 80 81 325 172 2071 88 767 58 81 74 100 118 94
leaf_count=83 80 81 325 172 2071 88 767 58 81 74 100 118 94
internal_value=-0.0359936 -0.121073 -0.00351394 0.227383 -0.0257763 1.91849 0.116096 4.65827 -1.33725 -0.842546 -0.280928 0.527831 -2.71981
internal_weight=4192 4112 3935 3355 2919 436 2838 146 580 499 425 290 177
internal_count=4192 4112 3935 3355 2919 436 2838 146 580 499 425 290 177
is_linear=0
shrinkage=0.03


Tree=165
num_leaves=15
num_cat=0
split_feature=3 36 29 21 16 23 36 41 29 25 0 29 14 24
split_gain=1.84e+06 1.39942e+06 1.02909e+06 1.14164e+06 926007 1.23519e+06 809533 805383 793806 755765 952137 712471 642761 587964
threshold=12.500000000000002 983.08875000000091 10721.503750000002 9845.8800000000028 5864.036250000001 6669.4275000000007 -1595.3875000000005 59.500000000000007 9399.1312500000022 10500.220000000001 9.5000000000000018 6424.7587500000018 -0.48504197719567627 520.72671652176246
decision_type=2 2 2 2 2 2 2 2 2 2 2 2 2 2
left_child=2 4 3 -1 -2 -6 -7 -3 9 10 -5 -8 -11 -10
right_child=1 7 -4 8 5 6 11 -9 13 12 -12 -13 -14 -15
leaf_value=-0.0039981261969998828 -4.6123722348894391 4.8836818695068365 -3.1279500676373964 0.30263695621319364 2.9560231561660766 -4.0159891401018415 -2.2833882639001484 0.66666310831639897 0.72628748912077679 1.2975370338630108 3.0006682327378758 -0.52960154087786904 -1.7512135380070384 4.6027391303044096
leaf_weight=773 55 53 60 208 79 69 235 168 51 125 271 1800 122 116
leaf_count=773 55 53 60 208 79 69 235 168 51 125 271 1800 122 116
internal_value=-0.0499991 -0.576926 0.700594 0.84028 -0.801988 -0.703912 -0.84268 1.69549 1.57031 1.13829 1.83218 -0.733157 -0.209252 3.43037
internal_weight=4185 2459 1726 1666 2238 2183 2104 221 893 726 479 2035 247 167
internal_count=4185 2459 1726 1666 2238 2183 2104 221 893 726 479 2035 247 167
is_linear=0
shrinkage=0.03


Tree=166
num_leaves=15
num_cat=0
split_feature=21 36 3 41 16 32 21 36 38 35 5 39 27 35
split_gain=1.74647e+06 1.60202e+06 1.65269e+06 1.05831e+06 968258 908685 925064 856907 829138 804597 979791 725317 867921 712158
threshold=14872.922500000002 983.08875000000091 12.500000000000002 66.500000000000014 10083.698750000001 2246.410424158295 11771.136250000001 -920.39749999999901 19.750000000000004 -60.593749999999538 260.50000000000006 23.958333333333339 6817.1939583333342 -114.99624999999922
decision_type=2 2 2 2 2 2 2 2 2 2 2 2 2 2
left_child=1 2 5 13 -5 6 -1 9 -7 10 -4 12 -9 -3
right_child=-2 3 7 4 -6 8 -8 11 -10 -11 -12 -13 -14 -15
leaf_value=0.27801149036063033 4.4278917428115738 1.5156108077701769 -4.7474301450451213 2.0001787362216916 -2.0833179159592028 0.65115296328197358 2.1445061961319416 2.9869166511297225 -3.2298206720087261 -0.35887182820744873 0.19749213082449776 0.43222860400603685 -1.0776888487070777 5.2831502858708417
leaf_weight=1002 76 94 143 120 91 91 313 48 107 118 48 456 1390 88
leaf_count=1002 76 94 143 120 91 91 313 48 107 118 48 456 1390 88
internal_value=-0.0484838 -0.13234 -0.325124 1.68669 0.237459 0.438125 0.723583 -0.849284 -1.45176 -2.3118 -3.51009 -0.609577 -0.940022 3.35628
internal_weight=4185 4109 3716 393 211 1513 1315 2203 198 309 191 1894 1438 182
internal_count=4185 4109 3716 393 211 1513 1315 2203 198 309 191 1894 1438 182
is_linear=0
shrinkage=0.03


Tree=167
num_leaves=15
num_cat=0
split_feature=21 36 3 41 16 21 18 17 36 52 9 0 0 20
split_gain=1.64451e+06 1.50817e+06 1.55509e+06 996505 911575 838032 1.24827e+06 759095 714889 700645 651731 1.02561e+06 631111 617448
threshold=14872.922500000002 983.08875000000091 12.500000000000002 66.500000000000014 10083.698750000001 6447.4287500000019 6447.4287500000019 6169.4525000000003 -1595.3875000000005 12.04166666666667 -0.25881904510252068 7.5000000000000009 22.500000000000004 9508.9625000000015
decision_type=2 2 2 2 2 2 2 2 2 2 2 2 2 2
left_child=1 2 10 9 -5 7 -7 -4 -8 -3 11 -1 -12 -13
right_child=-2 3 5 4 -6 6 8 -9 -10 -11 12 13 -14 -15
leaf_value=4.8227441470963619 4.2967801346252488 4.3792498364733223 -6.1404917814293682 1.9406692943100101 -2.0214977100880249 2.8141786049170929 -3.8168165686471118 -1.2481766710482851 -0.72884934094510945 0.18284766540527345 -0.29620791094116516 1.2665372140301721 2.6665418062550681 -1.3425516997115445
leaf_weight=62 76 133 48 120 91 87 69 70 1929 49 855 427 69 100
leaf_count=62 76 133 48 120 91 87 69 70 1929 49 855 427 69 100
internal_value=-0.0469683 -0.12834 -0.315392 1.6366 0.230322 -0.82384 -0.683705 -3.27327 -0.837354 3.2567 0.424978 1.20392 -0.0723038 0.76982
internal_weight=4185 4109 3716 393 211 2203 2085 118 1998 182 1513 589 924 527
internal_count=4185 4109 3716 393 211 2203 2085 118 1998 182 1513 589 924 527
is_linear=0
shrinkage=0.03


Tree=168
num_leaves=15
num_cat=0
split_feature=21 36 3 32 21 28 19 29 38 22 16 20 36 2
split_gain=1.54852e+06 1.41958e+06 1.46383e+06 851983 867601 1.06847e+06 814256 1.41453e+06 779921 762929 704186 864894 697944 561791
threshold=14872.922500000002 983.08875000000091 12.500000000000002 2246.410424158295 8988.9662500000013 787.70269401325129 5864.036250000001 5537.8487500000001 19.750000000000004 13470.538750000002 12656.721250000001 9999.7537500000017 -1595.3875000000005 2.5000000000000004
decision_type=2 2 2 2 2 2 2 2 2 2 2 2 2 2
left_child=1 2 3 4 -1 -6 -4 -8 -5 10 11 -3 -9 -10
right_child=-2 9 6 8 5 -7 7 12 13 -11 -12 -13 -14 -15
leaf_value=-0.4198604246828106 4.1695508087610271 2.740817130431533 3.0267603011033972 0.62204581322877295 3.9091634539900153 0.81901438548119998 -5.5085163657521381 -3.7039478252955842 -0.79395623403436999 4.6450441519675714 -2.1995382175938443 -0.81569552264370759 -0.65570022491927216 -5.1523166360526247
leaf_weight=428 76 191 48 91 115 772 57 69 50 61 51 90 2029 57
leaf_count=428 76 191 48 91 115 772 57 69 50 61 51 90 2029 57
internal_value=-0.0455104 -0.124471 -0.305946 0.41237 0.688785 1.22362 -0.799249 -0.88584 -1.41758 1.58784 1.01382 1.60281 -0.757676 -3.14205
internal_weight=4185 4109 3716 1513 1315 887 2203 2155 198 393 332 281 2098 107
internal_count=4185 4109 3716 1513 1315 887 2203 2155 198 393 332 281 2098 107
is_linear=0
shrinkage=0.03


Tree=169
num_leaves=15
num_cat=0
split_feature=3 36 9 11 52 7 7 7 40 13 20 35 39 36
split_gain=1.4488e+06 1.1036e+06 1.07948e+06 948135 839986 710502 1.02974e+06 2.42749e+06 681782 710552 844630 624133 838416 819493
threshold=12.500000000000002 -227.08875000000077 -0.25881904510252068 0.81174490092936691 2.9583333333333335 7.5000000000000009 9.5000000000000018 10.500000000000002 20.712500000000002 -0.5 8326.2887500000015 -195.89375000000015 23.141666666666673 -799.86124999999936
decision_type=2 2 2 2 2 2 2 2 2 2 2 2 2 2
left_child=2 8 5 -3 -5 -1 -7 -8 -2 11 -11 13 -13 -10
right_child=1 3 -4 4 -6 6 7 -9 9 10 -12 12 -14 -15
leaf_value=4.5160897635295987 0.33129025410797636 -0.34098638342561916 -0.024435288049881498 5.17392475605011 0.79269450708041111 -0.92885329855665277 6.7624753348858322 0.98491756221875038 -5.2721951467482766 2.0673098573050921 -1.5748095822220212 -2.6661683830744782 1.2766448730391424 -1.6704120477221229
leaf_weight=63 176 1316 991 49 188 156 76 440 121 78 208 141 73 109
leaf_count=63 176 1316 991 49 188 156 76 440 121 78 208 141 73 109
internal_value=-0.0441402 -0.511709 0.621899 -0.0260834 1.71651 1.49222 1.20242 1.84734 -1.34317 -1.7468 -0.57771 -2.49684 -1.32144 -3.57995
internal_weight=4185 2459 1726 1553 237 735 672 516 906 730 286 444 214 230
internal_count=4185 2459 1726 1553 237 735 672 516 906 730 286 444 214 230
is_linear=0
shrinkage=0.03


Tree=170
num_leaves=15
num_cat=0
split_feature=21 28 2 9 34 28 15 35 26 9 18 51 36 18
split_gain=1.8265e+06 1.55501e+06 1.14056e+06 1.61029e+06 1.85845e+06 1.21669e+06 1.44906e+06 1.11682e+06 962106 853119 822068 769310 1.03529e+06 738312
threshold=14630.412500000002 2156.9409714193966 5.5000000000000009 0.37940952255126048 12609.571250000003 852.1364179224696 -0.90566889813915308 -48.583750000000684 11677.585000000001 0.91597561503675362 10812.460000000001 30.833333333333339 -689.39999999999952 7798.732500000001
decision_type=2 2 2 2 2 2 2 2 2 2 2 2 2 2
left_child=2 -2 3 5 -5 13 -7 9 11 -6 -8 12 -4 -1
right_child=1 -3 8 4 7 6 10 -9 -10 -11 -12 -13 -14 -15
leaf_value=0.14385854085286456 7.5030409555965001 0.079907318815893053 2.2889586692176214 -1.740690368646151 0.23321682182176789 -1.2706969419638003 0.14667298720149921 -1.9743271008111138 -3.6275338771266323 2.8008214915664502 1.5848493183440113 -2.6877597455509372 -1.1591006704171498 3.4038151085489732
leaf_weight=89 53 48 122 692 334 380 776 130 123 178 663 121 215 210
leaf_count=89 53 48 122 692 334 380 776 130 123 178 663 121 215 210
internal_value=0.0460522 4.01073 -0.0542027 0.152879 -0.663255 0.66699 0.374818 0.49897 -1.28275 1.12961 0.809944 -0.646472 0.0921928 2.43722
internal_weight=4134 101 4033 3452 1334 2118 1819 642 581 512 1439 458 337 299
internal_count=4134 101 4033 3452 1334 2118 1819 642 581 512 1439 458 337 299
is_linear=0
shrinkage=0.03


Tree=171
num_leaves=15
num_cat=0
split_feature=22 2 9 34 28 35 29 5 9 25 18 20 31 51
split_gain=1.79816e+06 999924 1.53852e+06 1.74882e+06 1.13248e+06 1.05126e+06 972302 1.16688e+06 802988 799646 694867 756275 687706 634041
threshold=14791.635000000002 5.5000000000000009 0.37940952255126048 12609.571250000003 852.1364179224696 -48.583750000000684 10759.471250000001 275.50000000000006 0.91597561503675362 10028.620000000001 7798.732500000001 10166.415000000003 7578.8710416666663 49.166666666666679
decision_type=2 2 2 2 2 2 2 2 2 2 2 2 2 2
left_child=1 2 4 12 10 8 7 -6 -5 13 -1 -12 -4 -3
right_child=-2 9 3 5 6 -7 -8 -9 -10 -11 11 -13 -14 -15
leaf_value=0.13959072065353392 4.5863067526631536 -0.36173645507954622 -4.8206155565278284 0.22624119854685085 -0.028068316223416646 -1.9155494528963364 -3.6687749864734136 1.6278991133367813 2.717266252999865 -3.8317589595400054 4.9932105771239312 1.3750636882603167 -1.4002374093178307 -3.8273565479494489
leaf_weight=89 76 462 57 334 1216 130 51 558 178 86 111 99 635 52
leaf_count=89 76 462 57 334 1216 130 51 558 178 86 111 99 635 52
internal_value=0.0447124 -0.0414498 0.154804 -0.643372 0.656181 0.484051 0.375153 0.493421 1.0959 -1.17093 2.36446 3.30218 -1.68855 -0.719124
internal_weight=4134 4058 3458 1334 2124 642 1825 1774 512 600 299 210 692 514
internal_count=4134 4058 3458 1334 2124 642 1825 1774 512 600 299 210 692 514
is_linear=0
shrinkage=0.03


Tree=172
num_leaves=15
num_cat=0
split_feature=21 28 36 17 8 6 19 20 37 36 38 51 16 5
split_gain=1.68735e+06 1.47195e+06 963345 810113 1.15657e+06 848897 767382 652285 626403 891636 624022 838610 485194 502960
threshold=14630.412500000002 2156.9409714193966 1147.2712500000009 8191.9575000000004 0.91597561503675362 1.0000000180025095e-35 6307.8249999999998 10747.403750000003 29.250000000000004 -1542.4837500000001 23.050000000000004 21.166666666666668 8521.9850000000024 149.50000000000003
decision_type=2 2 2 2 2 2 2 2 2 2 2 2 2 2
left_child=2 -2 3 6 8 7 -1 -6 9 -5 -4 -12 13 -8
right_child=1 -3 10 4 5 -7 12 -9 -10 -11 11 -13 -14 -15
leaf_value=2.713898355230993 7.2517549215422727 0.030584574718864593 -0.35615750451477202 -3.5195575686182292 6.3119570610658178 -0.62734114531813001 -2.8506035869438713 1.8735423513005176 2.1947719181959444 -0.085650160293631122 3.7560940843075512 -0.70795167583685659 -3.685329616864522 -0.66207324080891561
leaf_weight=48 53 48 97 69 52 57 108 71 103 2451 143 51 62 721
leaf_count=48 53 48 97 69 52 57 108 71 103 2451 143 51 62 721
internal_value=0.0433404 3.854 -0.0530195 -0.182481 0.0730746 2.3925 -0.94462 3.78584 -0.0869386 -0.181039 1.60661 2.58487 -1.14455 -0.950298
internal_weight=4134 101 4033 3742 2803 180 939 123 2623 2520 291 194 891 829
internal_count=4134 101 4033 3742 2803 180 939 123 2623 2520 291 194 891 829
is_linear=0
shrinkage=0.03


Tree=173
num_leaves=15
num_cat=0
split_feature=22 17 8 15 8 9 6 19 9 20 20 20 36 33
split_gain=1.63539e+06 918529 982598 967847 1.30556e+06 1.69976e+06 833480 758764 669214 944271 670273 651458 512799 570015
threshold=14791.635000000002 8191.9575000000004 0.91597561503675362 -0.62058661934845294 -0.98296291314453399 -0.25881904510252068 1.0000000180025095e-35 6307.8249999999998 -0.78656609248549303 8462.1225000000031 7036.3137500000003 10747.403750000003 734.89000000000044 5362.9550000000008
decision_type=2 2 2 2 2 2 2 2 2 2 2 2 2 2
left_child=1 7 3 8 -5 -6 11 -1 9 -3 -10 -4 13 -9
right_child=-2 2 6 4 5 -7 -8 12 10 -11 -12 -13 -14 -15
leaf_value=2.7164907932281492 4.3732891241915812 -2.5766654606376376 6.2065178335375251 3.9797421389945007 1.3364967807254999 -0.6231299061162604 -0.62752151642815535 -4.3501098698728224 2.8499641360715029 0.79992298598472877 -0.34137534752656823 1.8096497161094456 1.1497457091561678 -1.0711691657029665
leaf_weight=50 76 265 53 93 783 809 58 50 63 103 794 72 86 779
leaf_count=50 76 265 53 93 783 809 58 50 63 103 794 72 86 779
internal_value=0.0421244 -0.0400453 0.212096 0.0776288 0.543994 0.340906 2.33822 -0.847602 -0.56377 -1.63194 -0.103707 3.7085 -1.04513 -1.27395
internal_weight=4134 4058 3093 2910 1685 1592 183 965 1225 368 857 125 915 829
internal_count=4134 4058 3093 2910 1685 1592 183 965 1225 368 857 125 915 829
is_linear=0
shrinkage=0.03


Tree=174
num_leaves=15
num_cat=0
split_feature=22 2 9 28 9 0 33 29 0 0 25 47 35 35
split_gain=1.5399e+06 914869 1.35326e+06 1.33943e+06 1.35471e+06 1.17199e+06 966829 1.11077e+06 1.04888e+06 784243 775453 601394 633460 589599
threshold=14791.635000000002 5.5000000000000009 0.60355339059327384 1170.0725499681359 0.91597561503675362 1.0000000180025095e-35 9590.9612500000021 10759.471250000001 14.500000000000002 2.5000000000000004 10028.620000000001 0.016666666666666153 -140.32374999999954 628.41750000000059
decision_type=2 2 2 2 2 2 2 2 2 2 2 2 2 2
left_child=1 2 6 11 9 -6 7 8 -1 -5 13 12 -4 -3
right_child=-2 10 3 4 5 -7 -8 -9 -10 -11 -12 -13 -14 -15
leaf_value=0.088451440367935188 4.2437942910378244 -0.26771651802906826 0.1167554604194381 -3.5389468147093988 -1.1373476615234424 3.3730718025348403 4.1772340182960033 -3.153309344911575 1.4403385449993023 -0.13044480202229397 -3.739316076410228 -2.8327632678946588 -3.7416656613349915 -3.2128780069485514
leaf_weight=1489 76 444 175 82 75 164 63 74 790 227 86 271 48 70
leaf_count=1489 76 444 175 82 75 164 63 74 790 227 86 271 48 70
internal_value=0.0409743 -0.0387604 0.148961 -0.754257 0.26703 1.95876 0.538668 0.439508 0.557507 -1.04351 -1.11913 -1.88546 -0.726686 -0.674297
internal_weight=4134 4058 3458 1042 548 239 2416 2353 2279 309 600 494 223 514
internal_count=4134 4058 3458 1042 548 239 2416 2353 2279 309 600 494 223 514
is_linear=0
shrinkage=0.03


Tree=175
num_leaves=15
num_cat=0
split_feature=31 8 8 28 47 9 8 35 52 29 19 22 28 22
split_gain=1.45053e+06 1.49762e+06 1.57395e+06 1.35843e+06 1.17716e+06 1.01293e+06 1.50307e+06 1.22439e+06 851516 733846 695423 612839 1.11399e+06 828652
threshold=10093.079062500003 -0.60355339059327384 1.0000000180025095e-35 1585.6150596455002 0.98333333333333328 -0.12940952255126037 -0.9159756150367534 -151.66499999999994 49.041666666666679 10721.503750000002 10702.990000000002 14407.698750000001 2142.266096030789 14031.265000000001
decision_type=2 2 2 2 2 2 2 2 2 2 2 2 2 2
left_child=1 3 -3 5 9 7 -7 10 -4 11 -1 13 -13 -2
right_child=4 2 8 -5 -6 6 -8 -9 -10 -11 -12 12 -14 -15
leaf_value=-0.98336616611480721 0.88377655237670505 -2.449069292720917 -0.22915239708521529 3.8356888690272579 -3.2608134286543899 2.925967829011856 -0.8253835257766815 0.95735484969231388 -4.0207771995663641 -1.8929911494255065 -5.7565393910184497 5.7894060778233305 0.2060941495614893 -2.553374659798362
leaf_weight=49 1473 481 1113 102 67 187 196 92 55 88 63 61 67 65
leaf_count=49 1473 481 1113 102 67 187 196 92 55 88 63 61 67 65
internal_value=-0.0216361 -0.515997 -1.00662 0.657956 0.613005 0.100168 1.00903 -1.6027 -0.410996 0.762761 -3.69559 0.904101 2.89126 0.736939
internal_weight=4159 2338 1649 689 1821 587 383 204 1168 1754 112 1666 128 1538
internal_count=4159 2338 1649 689 1821 587 383 204 1168 1754 112 1666 128 1538
is_linear=0
shrinkage=0.03


Tree=176
num_leaves=15
num_cat=0
split_feature=36 17 22 39 44 9 38 44 46 11 39 3 3 18
split_gain=1.50992e+06 1.20445e+06 1.0097e+06 852574 879066 753568 733889 1.24308e+06 695699 647695 711169 671175 633844 628654
threshold=134.29125000000025 8002.55375 12061.408750000001 20.891666666666673 94.708333333333357 -0.78656609248549303 21.850000000000005 75.375000000000014 0.55000000000000016 1.0000000180025095e-35 25.100000000000005 3.5000000000000004 12.500000000000002 9489.5737500000014
decision_type=2 2 2 2 2 2 2 2 2 2 2 2 2 2
left_child=1 -1 8 4 5 -3 -4 -8 -2 10 -5 -12 -11 -14
right_child=2 3 6 9 -6 -7 7 -9 -10 12 11 -13 13 -15
leaf_value=-1.6968961488985921 0.45152727193706771 4.2739909854490463 4.9862919829108501 -0.54506539424580902 -2.739598632284193 0.87796023774843701 4.1686929979920384 -0.10087712754805883 -2.8003921125781148 -0.036334401678580507 -1.8934696646690368 1.9465039323309192 -0.56560701496784505 -3.3023921278864146
leaf_weight=576 1318 72 65 650 48 307 95 170 61 207 49 229 129 183
leaf_count=576 1318 72 65 650 48 307 95 170 61 207 49 229 129 183
internal_value=-0.0210404 -0.498377 0.663146 -0.129279 1.04713 1.53271 2.15118 1.43958 0.305743 -0.476925 -0.00195388 1.26526 -1.32453 -2.17631
internal_weight=4159 2450 1709 1874 427 379 330 265 1379 1447 928 278 519 312
internal_count=4159 2450 1709 1874 427 379 330 265 1379 1447 928 278 519 312
is_linear=0
shrinkage=0.03


Tree=177
num_leaves=15
num_cat=0
split_feature=36 25 22 22 35 48 38 44 46 28 31 35 19 26
split_gain=1.4211e+06 1.00555e+06 950952 699432 771745 760505 691242 1.17036e+06 655150 637517 633405 832262 677089 595421
threshold=134.29125000000025 7058.8387500000008 12061.408750000001 9695.4975000000031 566.40875000000062 0.43333333333333329 21.850000000000005 75.375000000000014 0.55000000000000016 2073.3189514921637 8998.5145312500008 -140.32374999999954 13732.845000000003 11226.536250000003
decision_type=2 2 2 2 2 2 2 2 2 2 2 2 2 2
left_child=1 -1 8 4 5 13 -4 -8 -2 10 11 -5 -12 -3
right_child=2 3 6 9 -6 -7 7 -9 -10 -11 12 -13 -14 -15
leaf_value=-1.8492809267253787 0.43799172414996296 0.31088030151503027 4.8389696368304165 -3.524837302644463 -4.3880897560358045 -2.3417238009708554 4.044934900924563 -0.097868501303488745 -2.717735300833179 -1.4074141952299302 1.3786339760756492 1.4192900598687783 -1.4068574657440185 -1.4836237657147904
leaf_weight=404 1318 601 65 67 49 178 95 170 61 154 624 55 89 229
leaf_count=404 1318 601 65 67 49 178 95 170 61 154 624 55 89 229
internal_value=-0.0203876 -0.483472 0.643369 -0.213002 -0.749217 -0.568139 2.08746 1.39685 0.296519 0.360244 0.687566 -1.30239 1.02943 -0.185401
internal_weight=4159 2450 1709 2046 1057 1008 330 265 1379 989 835 122 713 830
internal_count=4159 2450 1709 2046 1057 1008 330 265 1379 989 835 122 713 830
is_linear=0
shrinkage=0.03


Tree=178
num_leaves=15
num_cat=0
split_feature=48 35 21 32 33 24 39 5 25 52 17 21 39 9
split_gain=1.23025e+06 1.13054e+06 1.02871e+06 1.01886e+06 845022 667493 629843 807910 965637 477426 476188 1.20003e+06 822715 1.36424e+06
threshold=0.091666666666666549 888.68500000000051 15012.613750000002 1269.1454712742593 8586.9937500000015 682.49197382102238 23.591666666666669 203.50000000000003 10617.202500000001 23.708333333333339 8002.55375 9280.2437500000033 20.991666666666671 -0.78656609248549303
decision_type=2 2 2 2 2 2 2 2 2 2 2 2 2 2
left_child=2 3 4 5 10 -2 9 8 -8 -5 11 -1 13 -12
right_child=1 -3 -4 6 -6 -7 7 -9 -10 -11 12 -13 -14 -15
leaf_value=-0.11691548507534541 -1.5408452324694897 2.874174938488316 4.4088996255397799 0.42374227352396271 1.9166277549450212 -4.9249878719907532 0.60239848760950487 1.6971518987784646 -3.4369541307242519 -1.3645039387539499 4.8522934854321358 -4.6729215020518149 -0.099360637417565956 0.6558953028080311
leaf_weight=324 165 76 55 168 259 77 148 218 82 662 81 61 1314 469
leaf_count=324 165 76 55 168 259 77 148 218 82 662 81 61 1314 469
internal_value=-0.0198251 -0.673444 0.387286 -0.852608 0.297365 -2.63352 -0.513571 0.392353 -0.846298 -1.00245 0.110112 -0.849051 0.308579 1.28162
internal_weight=4159 1596 2563 1520 2508 242 1278 448 230 830 2249 385 1864 550
internal_count=4159 1596 2563 1520 2508 242 1278 448 230 830 2249 385 1864 550
is_linear=0
shrinkage=0.03


Tree=179
num_leaves=15
num_cat=0
split_feature=36 22 22 36 38 44 36 0 46 8 33 8 39 0
split_gain=1.31247e+06 954508 869359 833876 647581 1.09767e+06 628200 637887 605933 570756 574681 491682 772401 586156
threshold=134.29125000000025 7339.8525000000009 12061.408750000001 -523.23749999999916 21.850000000000005 75.375000000000014 -1542.4837500000001 1.0000000180025095e-35 0.55000000000000016 -0.98296291314453399 7780.4262500000013 1.0000000180025095e-35 23.591666666666669 1.5000000000000002
decision_type=2 2 2 2 2 2 2 2 2 2 2 2 2 2
left_child=1 3 8 -1 -4 -6 -3 -8 11 -9 -11 12 -2 -13
right_child=2 6 4 -5 5 -7 7 9 -10 10 -12 13 -14 -15
leaf_value=-4.8302053988607305 -1.6960295690508449 -2.4701923110268331 4.6624817414717246 -1.0827587975351058 3.8956225810293108 -0.11635452760939012 -2.7880243770532971 2.3089297351944316 -2.6118023134046986 -0.57446670434316705 0.48427320232663124 3.6320380527482312 0.53489642848817809 0.69205245855121666
leaf_weight=75 203 109 65 183 95 170 78 88 61 1146 771 67 442 606
leaf_count=75 203 109 65 183 95 170 78 88 61 1146 771 67 442 606
internal_value=-0.019221 -0.464255 0.618663 -2.18663 1.99942 1.33108 -0.260618 -0.143857 0.287023 -0.0396459 -0.148613 0.423077 -0.168755 0.989717
internal_weight=4159 2450 1709 258 330 265 2192 2083 1379 2005 1917 1318 645 673
internal_count=4159 2450 1709 258 330 265 2192 2083 1379 2005 1917 1318 645 673
is_linear=0
shrinkage=0.03


Tree=180
num_leaves=15
num_cat=0
split_feature=7 7 7 5 39 5 15 35 36 22 52 33 36 25
split_gain=1.09827e+06 909582 2.9526e+06 2.5716e+06 1.02595e+06 1.10144e+06 959141 946290 995335 864032 823266 787805 799582 855500
threshold=1.0000000180025095e-35 10.500000000000002 9.5000000000000018 228.50000000000003 23.908333333333339 317.50000000000006 -0.83910684176851635 -268.12124999999963 -873.63625000000036 11801.073750000001 48.416666666666679 7141.4362500000007 669.56499999999971 10900.516250000002
decision_type=2 2 2 2 2 2 2 2 2 2 2 2 2 2
left_child=-1 2 6 -4 11 7 -2 8 -6 -7 -8 -3 13 -13
right_child=1 4 3 -5 5 9 10 -9 -10 -11 -12 12 -14 -15
leaf_value=-2.3953411850176356 1.3095414694172027 -2.0278955086209054 0.26888507521007121 7.4967852729437299 -2.9939561997519597 -5.5296174315845263 -0.14904062414123329 1.2850823945166983 0.18672749619022375 -0.19414967441558836 -4.1287682139143653 -0.20654331365076359 2.7141643016234687 -3.8817595078073333
leaf_weight=170 456 433 81 97 107 50 1036 620 491 59 48 383 68 66
leaf_count=170 456 433 81 97 107 50 1036 620 491 59 48 383 68 66
internal_value=-0.0409565 0.0598007 0.580762 4.22765 -0.333341 0.205474 0.156759 0.464773 -0.386415 -2.66977 -0.328921 -1.08542 -0.293655 -0.754234
internal_weight=4165 3995 1718 178 2277 1327 1540 1218 598 109 1084 950 517 449
internal_count=4165 3995 1718 178 2277 1327 1540 1218 598 109 1084 950 517 449
is_linear=0
shrinkage=0.03


Tree=181
num_leaves=15
num_cat=0
split_feature=8 0 17 0 5 19 20 5 37 5 20 0 38 30
split_gain=1.03847e+06 1.90733e+06 1.56607e+06 1.39992e+06 1.08186e+06 1.0367e+06 923316 1.11585e+06 911048 1.09245e+06 1.03402e+06 1.24478e+06 872462 856209
threshold=1.0000000180025095e-35 14.500000000000002 8462.1225000000031 15.500000000000002 149.50000000000003 6367.4412500000008 13810.200000000003 324.50000000000006 21.750000000000004 235.50000000000003 9508.9625000000015 10.500000000000002 18.950000000000003 14265.826250000002
decision_type=2 2 2 2 2 2 2 2 2 2 2 2 2 2
left_child=1 -1 4 -3 -2 -6 7 -5 12 13 11 -11 -4 -10
right_child=2 3 8 6 5 -7 -8 -9 9 10 -12 -13 -14 -15
leaf_value=-2.0714809115508319 -3.5743844839834398 2.5934214651443548 0.28823903780491622 -0.26585917039887702 4.0725732249629738 -0.42959619561778872 2.3134387199527451 -3.5374842594301001 -0.81447623150208248 4.6180328128285648 -2.2047910521954908 0.74897548738353981 3.3941926201048491 3.304338606666116
leaf_weight=527 92 168 121 1174 48 759 111 101 415 136 48 166 249 50
leaf_count=527 92 168 121 1174 48 759 111 101 415 136 48 166 249 50
internal_value=-0.0397874 -0.513716 0.433471 0.0155437 -0.510394 -0.157082 -0.29856 -0.527604 1.14937 0.587517 1.85104 2.50087 2.38202 -0.36542
internal_weight=4165 2081 2084 1554 899 807 1386 1275 1185 815 350 302 370 465
internal_count=4165 2081 2084 1554 899 807 1386 1275 1185 815 350 302 370 465
is_linear=0
shrinkage=0.03


Tree=182
num_leaves=15
num_cat=0
split_feature=21 23 36 8 33 42 28 36 21 9 9 9 15 24
split_gain=990811 1.36208e+06 973944 950633 922349 837167 808234 698556 645328 967387 585292 1.08121e+06 546715 372225
threshold=6447.4287500000019 6740.7977083333344 134.29125000000025 1.0000000180025095e-35 5433.7225000000008 55.500000000000007 720.7710753834923 -1866.5574999999997 8945.2350000000024 0.91597561503675362 -0.78656609248549303 -0.25881904510252068 -0.96914236212857563 503.36092062738265
decision_type=2 2 2 2 2 2 2 2 2 2 2 2 2 2
left_child=4 -2 7 10 -1 -5 -7 -3 12 -10 13 -12 -9 -4
right_child=1 2 3 5 -6 6 -8 8 9 -11 11 -13 -14 -15
leaf_value=-5.3459660167694087 3.7575460348663658 -3.8332746069836166 -3.7167418045997618 5.0126902971267695 -0.27267553406701955 4.1008584990708723 0.69530630170277186 1.3939929303899405 -0.16432330060105388 3.5200230237797125 2.5111147812833177 -0.46210390679389834 -1.3641932821260068 -0.68266198148225476
leaf_weight=59 86 52 59 49 70 68 699 71 1501 66 140 501 650 94
leaf_count=59 86 52 59 49 70 68 699 71 1501 66 140 501 650 94
internal_value=-0.0385328 0.0444861 -0.037282 0.530442 -2.61641 1.24888 1.0022 -0.427962 -0.348921 -0.00698792 -0.20853 0.19015 -1.09101 -1.8693
internal_weight=4165 4036 3950 1610 129 816 767 2340 2288 1567 794 641 721 153
internal_count=4165 4036 3950 1610 129 816 767 2340 2288 1567 794 641 721 153
is_linear=0
shrinkage=0.03


Tree=183
num_leaves=15
num_cat=0
split_feature=7 7 7 35 2 20 33 20 20 36 38 21 35 22
split_gain=962009 829135 1.39462e+06 1.27913e+06 1.28759e+06 1.17134e+06 998641 893315 791187 684005 485146 384224 279042 63914.4
threshold=1.0000000180025095e-35 1.5000000000000002 2.5000000000000004 -268.12124999999963 1.0000000180025095e-35 6973.0687500000013 8325.822500000002 14356.042500000001 10916.468750000002 -1408.3250000000005 20.950000000000003 7747.7200000000012 -509.66874999999931 7339.8525000000009
decision_type=2 2 2 2 2 2 2 2 2 2 2 2 2 2
left_child=10 8 11 7 5 -5 -6 9 -2 -4 -1 13 -10 -3
right_child=1 2 3 4 6 -7 -8 -9 12 -11 -12 -13 -14 -15
leaf_value=-3.5078046545982358 -0.54096586877480146 -2.1556392322540283 -3.872507145255804 -1.9964005222320556 -0.091815792371204005 3.0015963433186212 1.6160166367368092 2.7847411743365229 5.2793181368020861 -0.68458979397893938 -0.22162584190938009 -4.2633988197853689 2.1319128201224586 -0.6129076357841492
leaf_weight=104 63 49 63 49 1667 278 377 63 51 1157 66 75 54 49
leaf_count=104 63 49 63 49 1667 278 377 63 51 1157 66 75 54 49
internal_value=-0.0373397 0.0569598 -0.033838 0.0910886 0.503927 2.24881 0.22381 -0.671629 2.11336 -0.852261 -2.24084 -2.65791 3.69618 -1.39841
internal_weight=4165 3995 3827 3654 2371 327 2044 1283 168 1220 170 173 105 98
internal_count=4165 3995 3827 3654 2371 327 2044 1283 168 1220 170 173 105 98
is_linear=0
shrinkage=0.03


Tree=184
num_leaves=15
num_cat=0
split_feature=21 23 36 8 17 0 35 42 28 0 28 20 18 15
split_gain=917016 1.27581e+06 893256 872191 784180 987285 897333 777910 754559 714965 954026 644977 631862 580875
threshold=6447.4287500000019 6740.7977083333344 134.29125000000025 1.0000000180025095e-35 8343.8175000000028 10.500000000000002 778.28249999999946 55.500000000000007 720.7710753834923 14.500000000000002 1640.2489989238027 9548.5087500000027 6537.8225000000011 0.69791844337451392
decision_type=2 2 2 2 2 2 2 2 2 2 2 2 2 2
left_child=12 -2 4 9 6 11 -3 -5 -9 -4 -11 -6 -1 -7
right_child=1 2 3 7 5 13 -8 8 -10 10 -12 -13 -14 -15
leaf_value=-5.2072537613401613 3.6371805228858154 -0.94239584273700394 -1.6869291713875785 4.8244702817916867 2.501425348479172 -0.27917200513950413 -4.7050819060206415 3.9525404376569 0.66205505405494136 -0.37898944562590592 2.3787339266608742 0.25585636367923337 -0.87735912845265573 -2.1242572918335596
leaf_weight=48 86 535 212 49 173 1049 63 68 699 430 152 341 81 179
leaf_count=48 86 535 212 49 173 1049 63 68 699 430 152 341 81 179
internal_value=-0.0362425 0.0436246 -0.0355118 0.508186 -0.409658 -0.0876254 -1.34602 1.19635 0.958566 -0.19964 0.34406 1.01508 -2.51626 -0.549644
internal_weight=4165 4036 3950 1610 2340 1742 598 816 767 794 582 514 129 1228
internal_count=4165 4036 3950 1610 2340 1742 598 816 767 794 582 514 129 1228
is_linear=0
shrinkage=0.03


Tree=185
num_leaves=15
num_cat=0
split_feature=46 0 39 2 22 21 29 37 29 42 39 48 26 43
split_gain=960886 995747 896251 1.09567e+06 758060 693784 685559 620134 695937 565710 539220 381791 341360 117821
threshold=1.0500000000000003 1.0000000180025095e-35 19.658333333333339 1.0000000180025095e-35 12179.563750000001 10030.243750000001 5537.8487500000001 29.250000000000004 11005.880000000001 81.500000000000014 22.641666666666673 0.008333333333333302 10623.635000000002 84.916666666666671
decision_type=2 2 2 2 2 2 2 2 2 2 2 2 2 2
left_child=1 10 3 -3 5 -5 -4 8 -8 -2 13 -9 -11 -1
right_child=9 2 6 4 -6 -7 7 11 -10 12 -12 -13 -14 -15
leaf_value=-2.1485632824897767 -4.5911435634807001 5.2538720152454994 -2.6915969964265822 1.3181869750112296 3.7370795607200034 -2.0371498753130437 0.08609796596875971 0.77117766242760877 -3.4806911796569824 0.63319421586343794 0.5568387476278811 3.8878644367799922 -2.758999833963355 -4.0779942107567422
leaf_weight=59 58 61 79 149 64 87 3209 90 49 58 48 58 48 64
leaf_count=59 58 61 79 149 64 87 3209 90 49 58 48 58 48 64
internal_value=0.0091521 0.101294 0.201121 1.62189 0.868336 0.0778222 0.0535207 0.117968 0.0313976 -2.23461 -2.13197 2.01058 -0.914183 -3.17741
internal_weight=4181 4017 3846 361 300 236 3485 3406 3258 164 171 148 106 123
internal_count=4181 4017 3846 361 300 236 3485 3406 3258 164 171 148 106 123
is_linear=0
shrinkage=0.03


Tree=186
num_leaves=15
num_cat=0
split_feature=36 21 52 20 21 36 36 42 35 5 39 9 35 3
split_gain=1.05711e+06 1.40778e+06 748081 1.07918e+06 711542 832148 698548 635436 687974 727477 616760 583661 554467 530849
threshold=450.58375000000166 13123.745000000001 2.8750000000000004 10135.961250000002 8810.1662500000002 -1542.4837500000001 -1010.8174999999991 65.500000000000014 459.08500000000009 320.50000000000006 21.850000000000005 0.78656609248549303 990.54750000000024 15.500000000000002
decision_type=2 2 2 2 2 2 2 2 2 2 2 2 2 2
left_child=4 2 3 -2 6 -6 -1 13 10 -10 -9 -8 -4 -7
right_child=1 -3 12 -5 5 7 11 8 9 -11 -12 -13 -14 -15
leaf_value=-3.8338659014246042 4.1698037336793812 4.8496574497867266 -0.2161503802676209 0.079262074770465971 -2.4348968295047158 -0.00047313799695023948 0.024398191349040827 2.2793267977100151 -0.86549323528145361 2.1094066516757013 0.54797031383788963 -1.4311989213861984 2.9263611821261319 -1.8826409201911001
leaf_weight=67 109 73 621 123 113 423 506 259 415 89 647 485 54 197
leaf_count=67 109 73 621 123 113 423 506 259 415 89 647 485 54 197
internal_value=0.00883778 0.870455 0.545183 2.01082 -0.255135 0.0592068 -0.891308 0.199179 0.551046 -0.336997 1.0449 -0.688687 0.0391854 -0.60061
internal_weight=4181 980 907 232 3201 2143 1058 2030 1410 504 906 991 675 620
internal_count=4181 980 907 232 3201 2143 1058 2030 1410 504 906 991 675 620
is_linear=0
shrinkage=0.03


Tree=187
num_leaves=15
num_cat=0
split_feature=36 21 46 21 42 36 35 5 9 40 28 28 27 37
split_gain=995388 1.32568e+06 693636 729668 730210 708244 678789 874824 619899 611186 759064 603169 609534 500660
threshold=450.58375000000166 13123.745000000001 1.0500000000000003 8810.1662500000002 65.500000000000014 -1010.8174999999991 459.08500000000009 320.50000000000006 0.78656609248549303 22.491666666666671 1555.1161676511499 2308.0627282503751 12916.673333333336 25.750000000000004
decision_type=2 2 2 2 2 2 2 2 2 2 2 2 2 2
left_child=2 11 3 5 9 -1 -6 -8 -7 -5 -11 12 13 -2
right_child=1 -3 -4 4 6 8 7 -9 -10 10 -12 -13 -14 -15
leaf_value=-3.894450947443644 0.59290294876596972 4.706133838795326 -2.3854486405576458 -1.8661193522635626 1.0621898192349331 0.14096504070475455 -0.89434890818252832 2.3671792224546273 -1.3860473273434635 -1.1785849487408995 1.344530975879396 -1.8627030360975931 -2.3680930121128374 2.466639159181915
leaf_weight=62 609 73 130 237 883 487 416 89 469 223 205 85 51 162
leaf_count=62 609 73 130 237 883 487 416 89 469 223 205 85 51 162
internal_value=0.008618 0.844703 -0.247532 -0.156279 0.169376 -0.812563 0.560892 -0.315973 -0.608815 -0.647396 0.030199 0.529058 0.778362 0.989311
internal_weight=4181 980 3201 3071 2053 1018 1388 505 956 665 428 907 822 771
internal_count=4181 980 3201 3071 2053 1018 1388 505 956 665 428 907 822 771
is_linear=0
shrinkage=0.03


Tree=188
num_leaves=15
num_cat=0
split_feature=36 21 52 20 16 21 23 31 8 36 21 45 35 42
split_gain=936863 1.24853e+06 708252 1.00276e+06 803085 667431 783124 704891 958047 706186 508576 476172 438193 440265
threshold=450.58375000000166 13123.745000000001 2.8750000000000004 10135.961250000002 12656.721250000001 6307.8249999999998 6472.2058333333343 8998.5145312500008 -0.9159756150367534 -1446.5950000000005 8705.7937500000007 0.55000000000000016 970.19249999999931 56.500000000000007
decision_type=2 2 2 2 2 2 2 2 2 2 2 2 2 2
left_child=5 2 3 -2 12 -1 -7 8 -8 -9 -11 -10 13 -4
right_child=1 -3 4 -5 -6 6 7 9 11 10 -12 -13 -14 -15
leaf_value=-3.71466829612547 4.0203659661574793 4.5668576696595622 2.5171564325209586 0.077311004150298332 -2.8847937297821042 3.4299476205178028 1.749335188632426 -2.3238692040991995 -1.2598900765001324 -0.68669526099192124 0.35505674541064397 -4.1305813052736475 2.9930955638975467 -0.16671663667457026
leaf_weight=48 109 73 61 123 75 52 91 112 531 554 1756 57 52 487
leaf_count=48 109 73 61 123 75 52 91 112 531 554 1756 57 52 487
internal_value=0.00833661 0.81947 0.513147 1.93924 0.0208295 -0.240169 -0.186109 -0.247837 -1.10132 -0.00820404 0.105021 -1.54474 0.388253 0.136049
internal_weight=4181 980 907 232 675 3201 3153 3101 679 2422 2310 588 600 548
internal_count=4181 980 907 232 675 3201 3153 3101 679 2422 2310 588 600 548
is_linear=0
shrinkage=0.03


Tree=189
num_leaves=15
num_cat=0
split_feature=36 22 8 5 31 26 22 5 35 46 38 42 8 8
split_gain=886967 1.06385e+06 677241 815433 660256 825450 655751 932917 647722 759810 609045 598704 659375 583919
threshold=134.29125000000025 14407.698750000001 -0.98296291314453399 221.50000000000003 8998.5145312500008 14330.658750000001 12325.060000000003 288.50000000000006 -170.76750000000035 0.15000000000000005 27.150000000000002 55.500000000000007 0.78656609248549325 -0.9159756150367534
decision_type=2 2 2 2 2 2 2 2 2 2 2 2 2 2
left_child=2 11 3 -1 8 6 -6 -8 9 -4 -7 13 -13 -2
right_child=1 -3 4 -5 5 10 7 -9 -10 -11 -12 12 -14 -15
leaf_value=-0.89669967656135563 -0.96375839545176589 4.2396923034582565 -1.3558090684413908 4.3039150495529173 -0.2063712542462954 -3.2711169634795767 0.53502639311936595 5.194345794599883 -0.46440239891474472 -4.8851581994891164 0.64402300554163316 -0.22370388089736451 1.2537673230200517 2.6804750466627234
leaf_weight=49 51 66 179 59 1358 122 185 48 345 79 50 1056 365 169
leaf_count=49 51 66 179 59 1358 122 185 48 345 79 50 1056 365 169
internal_value=0.00811909 0.533986 -0.35478 1.95766 -0.461124 -0.16774 0.0462182 1.51305 -1.31717 -2.45125 -2.13576 0.382445 0.156406 1.83507
internal_weight=4181 1707 2474 108 2366 1763 1591 233 603 258 172 1641 1421 220
internal_count=4181 1707 2474 108 2366 1763 1591 233 603 258 172 1641 1421 220
is_linear=0
shrinkage=0.03


Tree=190
num_leaves=14
num_cat=0
split_feature=21 36 21 23 8 5 49 37 25 8 15 27 26
split_gain=1.18966e+06 871122 589170 995528 581077 1.32864e+06 638341 550893 967878 381922 349990 324179 170500
threshold=15252.253750000002 867.12375000000077 6307.8249999999998 6669.4275000000007 -0.98296291314453399 269.50000000000006 52.000000000000007 24.650000000000002 10242.661250000001 0.78656609248549325 -0.6729242335534279 9680.8453125000033 13404.011250000001
decision_type=2 2 2 2 2 2 2 2 2 2 2 2 2
left_child=1 2 -1 -4 5 -5 -6 8 9 11 -9 -3 -12
right_child=-2 7 3 4 6 -7 -8 10 -10 -11 12 -13 -14
leaf_value=-2.5205726972222329 4.7194968017578125 -0.7857570878309863 3.0972507828808902 -0.41502257421612737 -0.074215871570591993 5.4742204419771827 -1.5938549860107722 0.73880526979764294 -3.1771624730717054 3.4613833893007699 4.4769278517503004 1.7802038425197231 2.2501996329251459
leaf_weight=87 49 83 88 95 3036 53 270 71 54 53 64 93 67
leaf_count=87 49 83 88 95 3036 53 270 71 54 53 64 93 67
internal_value=0.119833 0.0639117 -0.0957941 -0.0355369 -0.116231 1.71645 -0.198773 1.25668 0.399617 1.25326 2.44945 0.572433 3.36386
internal_weight=4163 4114 3629 3542 3454 148 3306 485 283 229 202 176 131
internal_count=4163 4114 3629 3542 3454 148 3306 485 283 229 202 176 131
is_linear=0
shrinkage=0.03


Tree=191
num_leaves=14
num_cat=0
split_feature=21 36 21 18 36 8 37 26 8 44 2 39 28
split_gain=1.12071e+06 820274 554770 1.02329e+06 543098 679252 518843 773223 356685 356467 269921 226852 163851
threshold=15252.253750000002 867.12375000000077 6307.8249999999998 6169.4525000000003 -1866.5574999999997 -0.98296291314453399 24.650000000000002 12024.830000000002 0.78656609248549325 75.208333333333357 1.0000000180025095e-35 27.458333333333339 2189.8840608136456
decision_type=2 2 2 2 2 2 2 2 2 2 2 2 2
left_child=1 2 -1 -4 -5 -6 7 8 10 11 -3 -8 -11
right_child=-2 6 3 4 5 -7 9 -9 -10 12 -12 -13 -14
leaf_value=-2.445814786652865 4.5807436572074893 1.7038909341891606 4.0257396411895749 -3.2025668123245241 1.9635962344209352 -0.14133927285136505 4.9425959524674843 -2.1593916947767138 3.5251620954625746 2.265591922647813 -0.80237344796166687 2.0631374196052552 -0.16028466367721556
leaf_weight=87 49 89 54 49 143 3296 54 77 50 50 67 49 49
leaf_count=87 49 89 54 49 143 3296 54 77 50 50 67 49 49
internal_value=0.116364 0.062087 -0.0928876 -0.0344159 -0.0984139 -0.0532624 1.21952 0.387762 1.34576 2.37707 0.629132 3.60591 1.07516
internal_weight=4163 4114 3629 3542 3488 3439 485 283 206 202 156 103 99
internal_count=4163 4114 3629 3542 3488 3439 485 283 206 202 156 103 99
is_linear=0
shrinkage=0.03


Tree=192
num_leaves=15
num_cat=0
split_feature=36 33 8 8 15 23 0 37 17 9 23 33 36 35
split_gain=700781 546168 1.17713e+06 655109 685247 642905 545659 488740 860742 438645 1.47675e+06 849193 389967 516063
threshold=867.12375000000077 8413.1562500000018 -0.9159756150367534 -0.98296291314453399 -0.74541039586774327 13874.759583333334 3.5000000000000004 24.650000000000002 10357.876250000003 0.25881904510252057 6669.4275000000007 5433.7225000000008 -689.39999999999952 888.68500000000051
decision_type=2 2 2 2 2 2 2 2 2 2 2 2 2 2
left_child=1 3 -3 4 -1 9 -4 8 -2 10 -5 -11 -8 -14
right_child=7 2 6 5 -6 -7 12 -9 -10 11 -12 -13 13 -15
leaf_value=-0.875535536104319 1.5134787074003579 -3.0418719580134406 -0.89647600449048559 4.7161176442318276 3.6536692903011656 -3.4206252399243806 -0.39434440323558112 2.3071084732081504 -2.0130223062375316 -3.993904120695023 -0.044605940820240386 -0.42929030703997367 2.8345333656160667 -0.28583770121558233
leaf_weight=48 192 60 77 60 78 56 58 202 91 62 1516 1342 263 58
leaf_count=48 192 60 77 60 78 56 58 202 91 62 1516 1342 263 58
internal_value=0.11299 -0.0284703 0.875526 -0.176226 1.93483 -0.264453 1.39653 1.18363 0.376367 -0.204009 0.139506 -0.589443 1.86357 2.27154
internal_weight=4163 3678 516 3162 126 3036 456 485 283 2980 1576 1404 379 321
internal_count=4163 3678 516 3162 126 3036 456 485 283 2980 1576 1404 379 321
is_linear=0
shrinkage=0.03


Tree=193
num_leaves=15
num_cat=0
split_feature=21 36 20 35 8 5 19 37 33 37 17 29 26 39
split_gain=1.05212e+06 729125 536562 806224 539456 1.20761e+06 686248 735070 523683 460049 810295 344098 417711 314557
threshold=15252.253750000002 867.12375000000077 14356.042500000001 -272.4724999999998 -0.98296291314453399 269.50000000000006 13807.775000000003 24.450000000000003 8121.0050000000019 24.650000000000002 10357.876250000003 7165.4662500000004 13404.011250000001 26.325000000000003
decision_type=2 2 2 2 2 2 2 2 2 2 2 2 2 2
left_child=1 2 4 -4 5 13 8 -8 -6 10 -3 -11 -13 -1
right_child=-2 9 3 -5 6 -7 7 -9 -10 11 -12 12 -14 -15
leaf_value=1.2852524828910827 4.4352102639198305 1.4683095878270005 3.6426019908721186 -0.78975580108699517 -0.34658594541797916 5.1848353465398151 -4.11997689183936 -0.088737871293668391 0.59472749655283763 0.27995430247258335 -1.9532880341229231 4.8628361523719059 1.5838067204514179 -2.1150045577847227
leaf_weight=48 49 192 82 66 2495 53 82 80 675 58 91 62 82 48
leaf_count=48 49 192 82 66 2495 53 82 80 675 58 91 62 82 48
internal_value=0.109597 0.0570073 -0.0891028 1.67387 -0.164522 1.59549 -0.243685 -2.14209 -0.146019 1.14824 0.365022 2.23824 3.01951 -0.418998
internal_weight=4163 4114 3629 148 3481 149 3332 162 3170 485 283 202 144 96
internal_count=4163 4114 3629 148 3481 149 3332 162 3170 485 283 202 144 96
is_linear=0
shrinkage=0.03


Tree=194
num_leaves=14
num_cat=0
split_feature=21 36 36 8 5 20 35 19 40 37 24 18 11
split_gain=991152 686446 509361 593099 977217 528680 760553 629519 444364 487972 529216 478434 252883
threshold=15252.253750000002 867.12375000000077 -1866.5574999999997 -0.98296291314453399 269.50000000000006 14356.042500000001 -289.92375000000078 13807.775000000003 20.345833333333339 26.850000000000005 1135.4486446724577 13076.358750000001 1.0000000180025095e-35
decision_type=2 2 2 2 2 2 2 2 2 2 2 2 2
left_child=1 2 -1 4 -4 7 -7 -5 -3 10 12 -11 -10
right_child=-2 8 3 5 -6 6 -8 -9 9 11 -12 -13 -14
leaf_value=-3.0934415576934811 4.3048150923728938 3.795173307609558 -0.061290763409241382 -0.10831192935860934 5.032170706838369 3.6424468832378145 -0.64405724186292834 -2.02632217809006 -0.78704316817224018 4.4462190218975666 -2.0588689777548881 0.3723513865470886 1.382935707950592
leaf_weight=49 49 49 91 3127 53 78 70 161 63 56 70 48 199
leaf_count=49 49 49 91 3127 53 78 70 161 63 56 70 48 199
internal_value=0.106409 0.0553664 -0.0864028 -0.0443885 1.83506 -0.12367 1.62423 -0.202821 1.11418 0.804843 0.24026 2.58757 0.860081
internal_weight=4163 4114 3629 3580 144 3436 148 3288 485 436 332 104 262
internal_count=4163 4114 3629 3580 144 3436 148 3288 485 436 332 104 262
is_linear=0
shrinkage=0.03


Tree=195
num_leaves=15
num_cat=0
split_feature=22 52 2 8 24 27 8 39 41 18 52 39 18 35
split_gain=984942 910178 540050 1.01892e+06 1.461e+06 632586 626801 663128 925155 560085 556172 523368 501184 427756
threshold=15101.312500000002 27.541666666666668 4.5000000000000009 0.91597561503675362 691.17986287311817 7751.4028125000013 0.91597561503675362 21.850000000000005 72.500000000000014 6777.2100000000019 6.3750000000000009 30.400000000000002 8162.4762500000006 853.6774999999999
decision_type=2 2 2 2 2 2 2 2 2 2 2 2 2 2
left_child=1 2 3 5 9 -1 7 8 -4 -5 -9 -7 -8 -3
right_child=-2 13 6 4 -6 11 12 10 -10 -11 -12 -13 -14 -15
leaf_value=-2.3222163294149296 4.1949868071388456 -0.8996252905103167 3.8948588971401512 3.9618117554426191 6.575441260867648 0.43615406185563255 -3.8436027370966395 -2.115998168540155 0.036718214204613589 0.40735766757130626 0.058748103916040205 -2.5116167753296237 0.027020723533630369 1.8150115346041593
leaf_weight=83 49 1072 75 49 53 1705 77 173 212 199 270 55 49 54
leaf_count=83 49 1072 75 49 53 1705 77 173 212 199 270 55 49 54
internal_value=0.00968689 -0.0410181 0.231976 0.486253 2.10154 0.221438 -0.404711 -0.0661938 1.05502 1.1228 -0.793351 0.342654 -2.34988 -0.76793
internal_weight=4175 4126 3000 2144 301 1843 856 730 287 248 443 1760 126 1126
internal_count=4175 4126 3000 2144 301 1843 856 730 287 248 443 1760 126 1126
is_linear=0
shrinkage=0.03


Tree=196
num_leaves=15
num_cat=0
split_feature=47 16 21 2 35 19 43 21 0 2 0 19 24 38
split_gain=1.01587e+06 706125 560339 552677 593868 600999 525464 512198 506912 730018 671891 670119 497625 481715
threshold=0.066666666666666693 12858.251250000003 14872.922500000002 4.5000000000000009 703.1462499999999 12607.100000000002 95.583333333333357 12279.600000000002 17.500000000000004 5.5000000000000009 20.500000000000004 11834.443750000002 1109.5597840719129 23.650000000000002
decision_type=2 2 2 2 2 2 2 2 2 2 2 2 2 2
left_child=2 7 3 6 5 -5 13 8 9 -2 11 -10 -6 -1
right_child=1 -3 -4 4 12 -7 -8 -9 10 -11 -12 -13 -14 -15
leaf_value=0.058695038382823646 -0.68738887460836395 -3.1699917721230046 3.1509892409188405 0.2270058862130746 -4.6509476469039912 -2.8267473712563516 2.5159560994307197 2.4102907287412219 2.2121456442246941 -3.3244420484954658 -1.0326457290131537 -0.70214812421593165 -0.46848857988913856 1.0932307148762048
leaf_weight=1104 677 91 62 618 49 63 116 53 183 109 243 115 53 639
leaf_count=1104 677 91 62 618 49 63 116 53 183 109 243 115 53 639
internal_value=0.00946651 -0.62475 0.354595 0.287799 -0.380429 -0.0592085 0.569313 -0.454727 -0.570895 -1.05687 0.135775 1.08886 -2.5035 0.438383
internal_weight=4175 1471 2704 2642 783 681 1859 1380 1327 786 541 298 102 1743
internal_count=4175 1471 2704 2642 783 681 1859 1380 1327 786 541 298 102 1743
is_linear=0
shrinkage=0.03


Tree=197
num_leaves=15
num_cat=0
split_feature=22 52 9 7 7 30 6 8 9 8 20 19 7 28
split_gain=910024 832281 764257 1.36462e+06 969289 803158 733861 901690 632984 409523 425001 414382 451413 793335
threshold=15101.312500000002 27.541666666666668 0.91597561503675362 2.5000000000000004 1.0000000180025095e-35 14068.733750000001 1.0000000180025095e-35 0.91597561503675362 -0.5 -0.60355339059327384 6922.5437500000007 11895.932500000001 19.500000000000004 787.70269401325129
decision_type=2 2 2 2 2 2 2 2 2 2 2 2 2 2
left_child=1 2 3 -1 -4 -6 7 -5 -8 11 -11 12 13 -3
right_child=-2 9 4 6 5 -7 8 -9 -10 10 -12 -13 -14 -15
leaf_value=-2.8581467141534973 4.0321229989528655 4.7639607542388296 -0.67025344514846796 0.22661089595779776 1.471440602424668 5.2908889778455093 0.46372517441743855 2.0236473118074683 -1.3554567705520562 -3.3676468218189393 -0.93908820640580393 -1.4020432246160164 -0.86054456620681574 0.3456860407401029
leaf_weight=137 49 48 119 1499 163 71 291 301 419 72 601 138 122 145
leaf_count=137 49 48 119 1499 163 71 291 301 419 72 601 138 122 145
internal_value=0.00914498 -0.0395933 0.221458 0.0463555 1.53059 2.64798 0.205969 0.52808 -0.610224 -0.734704 -1.20354 -0.0370303 0.563472 1.4635
internal_weight=4175 4126 3000 2647 353 234 2510 1800 710 1126 673 453 315 193
internal_count=4175 4126 3000 2647 353 234 2510 1800 710 1126 673 453 315 193
is_linear=0
shrinkage=0.03


Tree=198
num_leaves=15
num_cat=0
split_feature=22 48 9 7 7 14 18 35 8 7 33 44 33 16
split_gain=857280 797912 741094 1.09373e+06 1.00134e+06 718161 634302 561861 701767 606723 538188 578631 491575 306623
threshold=15101.312500000002 0.091666666666666549 0.91597561503675362 2.5000000000000004 1.0000000180025095e-35 -0.76232555469153129 12709.243750000001 853.6774999999999 -0.78656609248549292 17.500000000000004 8632.7550000000028 62.625000000000007 6028.6850000000013 11598.648750000002
decision_type=2 2 2 2 2 2 2 2 2 2 2 2 2 2
left_child=1 2 3 -1 -4 -6 7 8 9 -3 11 -5 -10 -12
right_child=-2 6 4 10 5 -7 -8 -9 12 -11 13 -13 -14 -15
leaf_value=-2.9161074646693819 3.9135785190582268 -1.072763137172031 -0.81767152136769783 -1.2796144972526926 0.54709345329375492 4.5945836870020083 -3.101099722023521 2.1280844818256992 -2.5020347809184131 1.4159574475219523 3.3963778260174919 0.30319819286284078 -0.68105625515706525 0.88584595154589552
leaf_weight=101 49 135 86 235 62 109 83 73 156 250 67 1743 900 126
leaf_count=101 49 135 86 235 62 109 83 73 156 250 67 1743 900 126
internal_value=0.00892209 -0.0383827 0.293103 0.120018 1.8168 3.13887 -0.563186 -0.422088 -0.552674 0.542732 0.262551 0.11459 -0.952191 1.77047
internal_weight=4175 4126 2529 2272 257 171 1597 1514 1441 385 2171 1978 1056 193
internal_count=4175 4126 2529 2272 257 171 1597 1514 1441 385 2171 1978 1056 193
is_linear=0
shrinkage=0.03


Tree=199
num_leaves=15
num_cat=0
split_feature=47 16 21 35 21 8 43 20 6 8 0 5 38 35
split_gain=887761 658030 502040 535527 485018 536916 722445 681541 460044 954138 1.35782e+06 842326 808968 1.06786e+06
threshold=0.066666666666666693 12858.251250000003 14542.665000000003 579.01125000000013 12279.600000000002 -0.60355339059327384 61.750000000000007 6922.5437500000007 1.0000000180025095e-35 0.91597561503675362 6.5000000000000009 251.50000000000003 23.550000000000004 -56.592499999999738
decision_type=2 2 2 2 2 2 2 2 2 2 2 2 2 2
left_child=2 4 8 -4 5 6 -2 -7 9 12 -11 -12 13 -1
right_child=1 -3 3 -5 -6 7 -8 -9 -10 10 11 -13 -14 -15
leaf_value=0.4220294794107261 -2.1233956547081472 -3.0411888219221779 0.29983807457817924 4.6571015435822156 2.3678131851885054 -3.5396463255882264 0.57440121286957591 -0.74197174704990465 -0.36187959098036293 0.60490263812506018 7.4976843160953166 1.9855378046035765 1.0409325998615706 -1.7069038114217774
leaf_weight=574 107 91 53 48 53 89 516 615 775 198 52 49 620 335
leaf_count=574 107 91 53 48 53 89 516 615 775 198 52 49 620 335
internal_value=0.00868902 -0.584189 0.331322 2.39612 -0.420074 -0.533132 0.108371 -1.1002 0.25031 0.509919 2.05687 4.86931 0.206253 -0.363558
internal_weight=4175 1471 2704 101 1380 1327 623 704 2603 1828 299 101 1529 909
internal_count=4175 1471 2704 101 1380 1327 623 704 2603 1828 299 101 1529 909
is_linear=0
shrinkage=0.03


Tree=200
num_leaves=12
num_cat=0
split_feature=22 36 45 29 21 28 35 29 22 32 45
split_gain=800656 710569 682656 608003 664841 675985 666366 463264 283504 244288 240757
threshold=14791.635000000002 -1542.4837500000001 0.55000000000000016 11005.880000000001 9601.058750000002 810.14510590866507 815.52250000000015 7885.9762500000006 9996.7700000000023 1606.0508654461107 0.8500000000000002
decision_type=2 2 2 2 2 2 2 2 2 2 2
left_child=1 7 3 4 6 -6 -3 -1 10 -10 -4
right_child=-2 2 8 -5 5 -7 -8 -9 9 -11 -12
leaf_value=-0.66605174003108847 3.063139275500649 -0.28498624212238338 -2.2137772882227997 -2.9232055210245065 2.3756810892488271 0.40623827954024838 3.188657479005701 -4.5965698738487397 -3.9396824788419824 -1.2573802113533019 0.38616325938893897
leaf_weight=61 75 1958 48 57 174 1521 50 48 56 69 92
leaf_count=61 75 1958 48 57 174 1521 50 48 56 69 92
internal_value=0.0118557 -0.0442252 0.0207789 0.124655 0.172351 0.609702 -0.19694 -2.42311 -1.44795 -2.4809 -0.514517
internal_weight=4209 4134 4025 3760 3703 1695 2008 109 265 125 140
internal_count=4209 4134 4025 3760 3703 1695 2008 109 265 125 140
is_linear=0
shrinkage=0.03


Tree=201
num_leaves=15
num_cat=0
split_feature=22 45 9 7 7 7 9 15 24 35 29 5 2 14
split_gain=756025 637980 660006 1.32381e+06 1.87173e+06 2.02718e+06 1.13526e+06 1.05193e+06 824094 777770 704819 643282 432482 386037
threshold=14674.086250000002 0.55000000000000016 -0.25881904510252068 14.500000000000002 10.500000000000002 9.5000000000000018 -0.12940952255126037 -0.95517546204608139 401.8603323234189 601.72750000000099 11005.880000000001 278.50000000000006 4.5000000000000009 -0.94723957588908092
decision_type=2 2 2 2 2 2 2 2 2 2 2 2 2 2
left_child=1 2 3 4 5 -1 8 -6 -4 10 -8 12 -5 -3
right_child=-2 13 6 11 7 -7 9 -9 -10 -11 -12 -13 -14 -15
leaf_value=0.27103527526127991 2.7161891332563464 0.54454064924325507 -0.37660913068856766 2.1547382469328356 -4.1394477535548315 4.1937869419757421 0.10415177362643388 -0.60597379944206753 -4.9378432042782121 -3.0013474692106246 -3.3377671383944421 4.1647681277824775 -0.94501590879339914 -2.081528534172461
leaf_weight=516 90 66 66 141 89 153 2023 485 77 79 54 107 56 207
leaf_count=516 90 66 66 141 89 153 2023 485 77 79 54 107 56 207
internal_value=0.0114536 -0.048286 0.0513401 0.530243 0.0955787 1.17311 -0.270998 -1.16012 -2.85 -0.0986935 0.0130948 2.30132 1.27319 -1.44693
internal_weight=4209 4119 3846 1547 1243 669 2299 574 143 2156 2077 304 197 273
internal_count=4209 4119 3846 1547 1243 669 2299 574 143 2156 2077 304 197 273
is_linear=0
shrinkage=0.03


Tree=202
num_leaves=15
num_cat=0
split_feature=36 29 52 36 52 27 31 0 3 42 22 29 8 20
split_gain=713899 646539 563432 528602 536558 753510 605254 599109 487637 467906 423966 297147 281027 879548
threshold=558.16749999999968 10238.503750000002 5.3750000000000009 -1542.4837500000001 48.250000000000007 6934.5969791666676 9813.0672916666681 22.500000000000004 25.500000000000004 89.500000000000014 13125.268750000001 7885.9762500000006 -0.60355339059327384 7552.3950000000013
decision_type=2 2 2 2 2 2 2 2 2 2 2 2 2 2
left_child=3 2 8 11 5 -5 9 -8 10 -7 -2 -1 -4 -14
right_child=1 -3 12 4 -6 6 7 -9 -10 -11 -12 -13 13 -15
leaf_value=-0.62805059448365241 1.8550029132200434 -2.5411413772738709 1.3116853282704699 3.2785659336652913 -1.8258754930129417 -0.11883825558942064 0.17001664611748935 2.9485843919727897 -0.62550868134085946 -1.2617602232439176 4.7427973458074746 -3.6020425715211961 -3.5450731223194221 0.59568265436608114
leaf_weight=61 186 48 178 60 155 836 1619 72 51 524 61 60 56 242
leaf_count=61 186 48 178 60 155 836 1619 72 51 524 61 60 56 242
internal_value=0.0110722 0.803609 1.01407 -0.181447 -0.108983 -0.0228778 -0.0888608 0.290005 2.03482 -0.559814 2.58449 -2.12032 0.372062 -0.19165
internal_weight=4209 822 774 3387 3266 3111 3051 1691 298 1360 247 121 476 298
internal_count=4209 822 774 3387 3266 3111 3051 1691 298 1360 247 121 476 298
is_linear=0
shrinkage=0.03


Tree=203
num_leaves=15
num_cat=0
split_feature=36 8 0 20 29 36 52 26 31 0 42 37 13 42
split_gain=671813 625503 591289 959258 521889 497909 505078 658961 543766 564207 530399 496974 491967 332974
threshold=558.16749999999968 1.0000000180025095e-35 14.500000000000002 8521.9850000000024 6537.8225000000011 -1542.4837500000001 48.250000000000007 7091.6012500000006 9813.0672916666681 22.500000000000004 89.500000000000014 26.050000000000004 -0.9330127018922193 75.500000000000014
decision_type=2 2 2 2 2 2 2 2 2 2 2 2 2 2
left_child=5 2 -2 11 -3 -1 7 -7 10 -10 -9 -4 -6 -14
right_child=1 4 3 -5 12 6 -8 8 9 -11 -12 -13 13 -15
leaf_value=-2.0577518005840112 -1.9170415512886312 -0.85486691121132141 1.1824140948753852 -0.58891792938600629 -0.38294520701232704 3.3599017533134008 -1.7714503957675052 -0.062585314052807595 0.16491928853536095 2.8613386031372903 -1.2797151169353469 5.0791591629690052 4.0887161484992864 1.8584674228618785
leaf_weight=121 107 61 76 213 56 50 155 853 1619 72 517 48 98 163
leaf_count=121 107 61 76 213 56 50 155 853 1619 72 517 48 98 163
internal_value=0.0107452 0.779566 0.0153725 0.632829 1.67474 -0.176012 -0.105684 -0.0221428 -0.078471 0.28136 -0.522506 2.71952 2.16272 2.70835
internal_weight=4209 822 444 337 378 3387 3266 3111 3061 1691 1370 124 317 261
internal_count=4209 822 444 337 378 3387 3266 3111 3061 1691 1370 124 317 261
is_linear=0
shrinkage=0.03


Tree=204
num_leaves=15
num_cat=0
split_feature=22 36 45 9 0 0 9 29 40 29 14 52 44 8
split_gain=703580 592104 587821 699227 1.19362e+06 1.67567e+06 863935 597301 449554 416702 351029 349705 293919 377908
threshold=14791.635000000002 -1542.4837500000001 0.55000000000000016 -0.25881904510252068 14.500000000000002 10.500000000000002 -0.12940952255126037 11005.880000000001 24.495833333333341 7885.9762500000006 -0.94723957588908092 16.583333333333339 77.375000000000014 -0.60355339059327384
decision_type=2 2 2 2 2 2 2 2 2 2 2 2 2 2
left_child=1 9 3 4 5 -3 11 -8 -6 -1 -4 -5 -12 -14
right_child=-2 2 10 6 8 -7 7 -9 -10 -11 12 -13 13 -15
leaf_value=-0.54877614128974173 2.8708237211955221 1.2265313350453699 0.56292865503918033 -4.1907957782064162 2.8362916596689742 -1.0114994875550452 0.0076829325726654541 -3.1883527628580728 -0.32885944561082486 -4.2746894779983835 -3.9137825070894681 -1.0880951850515017 0.83761532559114338 -2.3431034998655318
leaf_weight=61 75 653 65 62 247 557 2070 53 48 48 51 70 50 99
leaf_count=61 75 653 65 62 247 557 2070 53 48 48 51 70 50 99
internal_value=0.0104916 -0.0420793 0.0172593 0.113651 0.614214 0.1963 -0.220545 -0.0735615 2.32186 -2.21363 -1.34564 -2.56609 -1.96571 -1.27718
internal_weight=4209 4134 4025 3760 1505 1210 2255 2123 295 109 265 132 200 149
internal_count=4209 4134 4025 3760 1505 1210 2255 2123 295 109 265 132 200 149
is_linear=0
shrinkage=0.03


Tree=205
num_leaves=15
num_cat=0
split_feature=36 0 0 0 31 35 26 17 16 16 29 17 44 0
split_gain=713286 626722 676266 1.2603e+06 643489 897737 675109 515541 457011 598306 519689 753400 438157 330581
threshold=558.16749999999968 1.0000000180025095e-35 1.5000000000000002 2.5000000000000004 9813.0672916666681 -416.64875000000069 14377.382500000002 8077.2887500000006 14285.871250000002 12656.721250000001 10011.411250000001 12130.622500000001 74.625000000000014 7.5000000000000009
decision_type=2 2 2 2 2 2 2 2 2 2 2 2 2 2
left_child=1 -1 7 12 5 -5 -6 -3 9 10 11 13 -4 -2
right_child=8 2 3 4 6 -7 -8 -9 -10 -11 -12 -13 -14 -15
leaf_value=-2.0561765988992184 1.9861542207201321 -0.50472667597807364 -5.1654671872615809 -2.1043091383386416 0.7069613625694513 -0.12105676416541133 -0.94747317286994714 3.2119282709569048 3.3487016937380929 -1.3471830624912096 -1.7882649125185879 4.8282144706103267 -1.6592835014744809 0.40769567040008542
leaf_weight=146 179 51 49 250 1249 1132 269 96 60 114 54 48 94 357
leaf_count=146 179 51 49 250 1249 1132 269 96 60 114 54 48 94 357
internal_value=0.053186 -0.140955 -0.0526775 -0.14895 -0.0129162 -0.481095 0.413344 1.92768 0.850001 0.646434 1.00423 1.26509 -2.88834 0.937575
internal_weight=4148 3336 3190 3043 2900 1382 1518 147 812 752 638 584 143 536
internal_count=4148 3336 3190 3043 2900 1382 1518 147 812 752 638 584 143 536
is_linear=0
shrinkage=0.03


Tree=206
num_leaves=15
num_cat=0
split_feature=36 21 21 28 8 40 30 8 15 26 41 21 52 17
split_gain=679804 728187 678457 748775 1.24412e+06 631111 554600 510794 522088 505557 648965 542026 475475 451304
threshold=-62.782500000000248 14542.665000000003 8945.2350000000024 816.15690464603301 -0.9159756150367534 21.487500000000001 9611.6350000000002 0.91597561503675362 -0.32041146939831472 14377.382500000002 45.500000000000007 12139.006250000002 49.041666666666679 8364.541250000002
decision_type=2 2 2 2 2 2 2 2 2 2 2 2 2 2
left_child=2 7 12 4 -4 -6 -5 -2 13 11 -11 -8 -1 -9
right_child=1 -3 3 6 5 -7 9 8 -10 10 -12 -13 -14 -15
leaf_value=-0.8851488437245939 0.13730152821738531 3.9076240473527175 5.7945779558490305 -2.9984194419497534 2.0575628791706899 -2.3057485610246657 -0.29439661979192383 1.5127180613489712 -0.13314849708391271 0.94755353538357479 -3.3993497063995286 1.3645807223339548 -3.4706349924165907 4.8228758083627774
leaf_weight=534 1937 51 50 62 69 51 647 135 114 48 84 243 72 51
leaf_count=534 1937 51 50 62 69 51 647 135 114 48 84 243 72 51
internal_value=0.0515812 0.397782 -0.37426 0.0242332 1.86932 0.199301 -0.266568 0.316047 1.4658 -0.0980556 -1.82331 0.159566 -1.19757 2.44136
internal_weight=4148 2288 1860 1254 170 120 1084 2237 300 1022 132 890 606 186
internal_count=4148 2288 1860 1254 170 120 1084 2237 300 1022 132 890 606 186
is_linear=0
shrinkage=0.03


Tree=207
num_leaves=15
num_cat=0
split_feature=36 21 0 0 0 45 22 0 0 21 32 35 9 17
split_gain=657571 733123 619005 685942 1.01313e+06 584512 532821 449314 546587 431843 415471 383509 558342 397326
threshold=558.16749999999968 6307.8249999999998 1.0000000180025095e-35 1.5000000000000002 2.5000000000000004 0.8500000000000002 14234.360000000001 7.5000000000000009 9.5000000000000018 7700.2725 1866.7090596190699 -114.99624999999922 -0.91597561503675329 9387.3987500000021
decision_type=2 2 2 2 2 2 2 2 2 2 2 2 2 2
left_child=1 -1 -3 10 9 -6 7 -2 -9 -5 -4 13 -13 -10
right_child=6 2 3 4 5 -7 -8 8 11 -11 -12 12 -14 -15
leaf_value=-3.4797391070785193 1.902370176548543 -2.0004135490581394 0.74390712787878921 -0.7730178601511063 0.13304739705789559 -1.8154302372017952 3.7246121366069 -2.1199192086578922 -2.4744029387086628 -4.2193887454271319 4.09397997600382 -0.95761225918928783 2.6611882120238408 0.39643991834903486
leaf_weight=57 183 143 86 61 2719 145 52 78 51 71 54 53 134 261
leaf_count=57 183 143 86 61 2719 145 52 78 51 71 54 53 134 261
internal_value=0.0500848 -0.136319 -0.0771517 0.011153 -0.0850524 0.0337945 0.815147 0.611426 0.199384 -2.64465 2.05606 0.565465 1.63582 -0.0791907
internal_weight=4148 3336 3279 3136 2996 2864 812 760 577 132 140 499 187 312
internal_count=4148 3336 3279 3136 2996 2864 812 760 577 132 140 499 187 312
is_linear=0
shrinkage=0.03


Tree=208
num_leaves=15
num_cat=0
split_feature=36 22 21 8 7 24 45 20 8 14 35 7 36 15
split_gain=623705 697225 679978 645063 1.12887e+06 1.23245e+06 607309 569459 475052 500811 446360 505831 464691 445640
threshold=-62.782500000000248 7367.451250000001 14542.665000000003 -0.9159756150367534 17.500000000000004 764.48730945497005 0.55000000000000016 9085.4212500000012 0.91597561503675362 -0.93568234840038322 -509.66874999999931 18.500000000000004 669.56499999999971 -0.90566889813915308
decision_type=2 2 2 2 2 2 2 2 2 2 2 2 2 2
left_child=1 7 8 4 -3 -6 -5 -1 10 -10 11 -2 -12 -14
right_child=2 3 -4 6 5 -7 -8 -9 9 -11 12 -13 13 -15
leaf_value=-4.4272774521509799 1.9407664174970551 -1.9058133244514464 3.7718241218420174 -0.2215398351408373 4.9258610030912582 -0.29808090595349873 -2.4852705574652241 -0.89961678661283895 -1.3431797206878662 1.950707278358085 -0.43795323921905621 -0.41477161310439886 -1.3053015254333962 1.0663029816608343
leaf_weight=62 226 69 51 1329 92 72 115 121 49 251 1079 128 85 419
leaf_count=62 226 69 51 1329 92 72 115 121 49 251 1079 128 85 419
internal_value=0.0485518 -0.359341 0.380161 -0.166884 1.29448 2.64443 -0.403429 -2.11243 0.301179 1.40998 0.128803 1.09024 -0.0867413 0.664508
internal_weight=4148 1860 2288 1677 233 164 1444 183 2237 300 1937 354 1583 504
internal_count=4148 1860 2288 1677 233 164 1444 183 2237 300 1937 354 1583 504
is_linear=0
shrinkage=0.03


Tree=209
num_leaves=15
num_cat=0
split_feature=36 29 21 26 21 15 3 36 25 0 0 26 0 0
split_gain=587098 645782 640612 526747 765161 701947 543983 524234 465064 435831 846309 526527 367398 1.1684e+06
threshold=-62.782500000000248 7198.2737500000012 14542.665000000003 14377.382500000002 10732.577500000001 -0.86599350048911161 13.500000000000002 -431.11749999999932 8783.6774999999998 17.500000000000004 19.500000000000004 10855.501250000001 16.500000000000004 14.500000000000002
decision_type=2 2 2 2 2 2 2 2 2 2 2 2 2 2
left_child=1 -1 12 4 9 8 -7 -5 -6 11 -11 -3 13 -2
right_child=2 3 -4 7 5 6 -8 -9 -10 10 -12 -13 -14 -15
leaf_value=-1.1760605784678131 0.24904033265711659 -0.55650037427538446 3.6608454696948711 -3.8046976460003461 1.4643970029830933 3.0899194391088538 0.47173358896547113 -0.024262712491701727 -2.3736385228417136 2.5802889401370828 -0.53510682695320921 -3.5658909291028977 -0.31413542529132876 2.8341794341701574
leaf_weight=582 1420 290 51 60 49 177 120 72 65 109 273 63 641 176
leaf_count=582 1420 290 51 60 49 177 120 72 65 109 273 63 641 176
internal_value=0.047094 -0.348647 0.368825 0.0287696 0.235993 1.27102 2.03725 -1.75844 -0.725437 -0.343697 0.358218 -1.10219 0.292163 0.535724
internal_weight=4148 1860 2288 1278 1146 411 297 132 114 735 382 353 2237 1596
internal_count=4148 1860 2288 1278 1146 411 297 132 114 735 382 353 2237 1596
is_linear=0
shrinkage=0.03


Tree=210
num_leaves=15
num_cat=0
split_feature=36 34 45 33 11 22 27 19 31 46 23 0 16 18
split_gain=772356 1.12017e+06 584818 603417 562563 922086 549737 504450 752373 497131 460767 436036 413931 630013
threshold=-1164.0624999999989 14441.381250000002 0.15000000000000005 8586.9937500000015 0.81174490092936691 13125.268750000001 8759.4126041666696 7671.1950000000006 9706.8676562500023 0.25000000000000006 12055.580625000001 19.500000000000004 13498.230000000001 10023.146250000002
decision_type=2 2 2 2 2 2 2 2 2 2 2 2 2 2
left_child=1 9 3 4 7 6 -6 8 -2 -1 -9 12 13 -5
right_child=2 -3 -4 11 5 -7 -8 10 -10 -11 -12 -13 -14 -15
leaf_value=0.025969412580964531 -0.5903603297164759 -5.5858993681739362 -0.74163492315527746 2.0429309287396347 1.9595345646142959 4.9393232012768173 -0.30713392448328763 0.26049281178226663 -4.6127481353526205 -3.0558980070775554 -0.99660713374034138 3.8756143579984959 2.4980232698049232 -1.9759520618438722
leaf_weight=196 290 50 707 65 157 48 246 1772 48 61 307 56 91 74
leaf_count=196 290 50 707 65 157 48 246 1772 48 61 307 56 91 74
internal_value=-0.0777387 -1.52348 0.0375772 0.21243 0.0811504 1.05259 0.578538 -0.10047 -1.17355 -0.714476 0.0744633 1.52397 0.937035 -0.0953426
internal_weight=4168 307 3861 3154 2868 451 403 2417 338 257 2079 286 230 139
internal_count=4168 307 3861 3154 2868 451 403 2417 338 257 2079 286 230 139
is_linear=0
shrinkage=0.03


Tree=211
num_leaves=9
num_cat=0
split_feature=36 26 29 7 9 33 7 39
split_gain=729487 483299 856653 475472 960460 1.32956e+06 956228 352540
threshold=-1866.5574999999997 6930.8100000000004 5537.8487500000001 1.0000000180025095e-35 0.91597561503675362 7354.6812500000005 2.5000000000000004 21.825000000000003
decision_type=2 2 2 2 2 2 2 2
left_child=-1 -2 -3 7 6 -6 -5 -4
right_child=1 2 3 4 5 -7 -8 -9
leaf_value=-3.7142820687196689 2.8701602719110602 -3.1422415833771229 -2.7818893111513017 -2.2279129861713796 -0.33322761339053775 3.3694712089892871 0.029711599544711309 -0.14551726587613426
leaf_weight=48 50 79 93 177 170 178 3284 89
leaf_count=48 50 79 93 177 170 178 3284 89
internal_value=-0.0754228 -0.0321337 -0.0684883 -0.00686915 0.0648747 1.56487 -0.0863521 -1.5006
internal_weight=4168 4120 4070 3991 3809 348 3461 182
internal_count=4168 4120 4070 3991 3809 348 3461 182
is_linear=0
shrinkage=0.03


Tree=212
num_leaves=15
num_cat=0
split_feature=45 2 40 5 37 2 28 19 31 28 3 28 39 8
split_gain=570905 583563 845215 569881 712966 504308 438466 441223 816523 530433 445611 546712 429183 530208
threshold=0.15000000000000005 1.0000000180025095e-35 20.279166666666672 275.50000000000006 21.250000000000004 5.5000000000000009 2644.3921496924631 7671.1950000000006 9763.9150520833336 1332.388749667017 11.500000000000002 1664.5496646726972 20.258333333333336 -0.60355339059327384
decision_type=2 2 2 2 2 2 2 2 2 2 2 2 2 2
left_child=1 2 -1 5 -5 12 7 8 9 -3 11 -9 -2 -14
right_child=3 6 -4 4 -6 -7 -8 10 -10 -11 -12 -13 13 -15
leaf_value=4.0571428697307903 1.8290369896377834 0.18928581262309596 0.53464088549288058 -1.0271565167199481 2.9849377518075788 -3.2379848693786784 -2.8508808686077596 0.15900256159324799 -4.5805616846863106 -2.7150118592878183 -0.20642928759609713 1.6825612121267823 -0.054340478213487468 -2.0454502504856888
leaf_weight=71 48 264 416 87 72 93 49 712 48 71 1453 301 225 258
leaf_count=71 48 264 416 87 72 93 49 712 48 71 1453 301 225 258
internal_value=-0.073204 0.0957182 1.05548 -0.802684 0.796848 -1.2109 -0.0658701 -0.0169819 -0.962937 -0.432456 0.130261 0.612936 -0.850432 -1.11997
internal_weight=4168 3385 487 783 159 624 2898 2849 383 335 2466 1013 531 483
internal_count=4168 3385 487 783 159 624 2898 2849 383 335 2466 1013 531 483
is_linear=0
shrinkage=0.03


Tree=213
num_leaves=15
num_cat=0
split_feature=36 41 21 0 0 0 35 33 14 35 33 47 48 40
split_gain=699017 821906 499510 444373 780969 1.01088e+06 668073 540893 414844 448358 326052 284744 280736 274269
threshold=-1164.0624999999989 59.500000000000007 15012.613750000002 1.0000000180025095e-35 1.5000000000000002 2.5000000000000004 -433.73750000000103 8586.9937500000015 -0.82967701355261869 -52.191249999999393 7385.0475000000006 0.19999999999999979 0.083333333333333301 23.529166666666672
decision_type=2 2 2 2 2 2 2 2 2 2 2 2 2 2
left_child=1 -1 3 13 6 10 12 -7 -3 11 -6 -10 -5 -2
right_child=2 8 -4 4 5 7 -8 -9 9 -11 -12 -13 -14 -15
leaf_value=-4.3864446662077254 -2.7843470650986779 1.8437220079071668 2.8017370593136754 4.6888711659796538 -0.94049797015243697 -0.021934935045456239 -0.6041753433490622 1.4245932274489177 -0.66349144891816736 0.48709564107656483 -3.5379010480235924 -3.7075858506159998 1.6557310735262356 -0.41421106848386258
leaf_weight=66 78 48 57 63 88 3029 57 251 48 79 87 66 51 100
leaf_count=66 78 48 57 63 88 3029 57 251 48 79 87 66 51 100
internal_value=-0.0710459 -1.44643 0.0386576 -0.00346652 0.0685439 -0.0296643 2.04153 0.0891556 -0.626423 -1.24717 -2.24463 -2.44291 3.35827 -1.46265
internal_weight=4168 307 3861 3804 3626 3455 171 3280 241 193 175 114 114 178
internal_count=4168 307 3861 3804 3626 3455 171 3280 241 193 175 114 114 178
is_linear=0
shrinkage=0.03


Tree=214
num_leaves=15
num_cat=0
split_feature=36 41 45 21 11 22 24 43 27 21 14 35 43 31
split_gain=658293 776693 513911 557245 531709 934061 537448 1.03016e+06 487763 412983 393680 422278 343053 371532
threshold=-1164.0624999999989 61.500000000000007 0.15000000000000005 14872.922500000002 0.81174490092936691 13125.268750000001 1531.1081595723942 92.750000000000014 8759.4126041666696 8965.7300000000014 -0.81997176292477703 -52.191249999999393 64.083333333333357 11016.273072916671
decision_type=2 2 2 2 2 2 2 2 2 2 2 2 2 2
left_child=1 -1 3 4 6 8 9 -8 -6 -2 -3 -12 -4 -14
right_child=2 10 12 -5 5 -7 7 -9 -10 -11 11 -13 13 -15
leaf_value=-4.013568172950249 -0.30532745380052978 1.830916981601715 -2.5840325107822171 3.0409839025872651 1.8724247118943853 4.5328712652061807 -0.31664994934691659 -4.6637180442002508 -0.23871034312794226 0.49805515762820279 -2.4026379654542454 0.51070068542773905 -0.67591840409030468 1.9952630734443662
leaf_weight=76 1059 49 76 60 157 60 236 61 261 1260 105 77 581 50
leaf_count=76 1059 49 76 60 157 60 236 61 261 1260 105 77 581 50
internal_value=-0.0689447 -1.40367 0.0375151 0.201425 0.145389 1.06431 -0.0228548 -1.22219 0.556768 0.131201 -0.531332 -1.17393 -0.692933 -0.46141
internal_weight=4168 307 3861 3154 3094 478 2616 297 418 2319 231 182 707 631
internal_count=4168 307 3861 3154 3094 478 2616 297 418 2319 231 182 707 631
is_linear=0
shrinkage=0.03


Tree=215
num_leaves=11
num_cat=0
split_feature=26 29 45 36 3 28 21 50 32 45
split_gain=488670 734154 564528 469593 498023 513432 454408 400078 287218 256421
threshold=6930.8100000000004 5537.8487500000001 0.95000000000000007 35.414999999999971 1.5000000000000002 2063.618304866503 14542.665000000003 52.000000000000007 1238.3317324492493 1.9500000000000002
decision_type=2 2 2 2 2 2 2 2 2 2
left_child=-1 -2 3 4 -3 -6 8 -4 -5 -9
right_child=1 2 7 6 5 -7 -8 9 -10 -11
leaf_value=2.8262720635304084 -3.1462722404173444 -2.7061044792226845 -0.054532907823973062 1.7468558846556621 -0.034299646236845741 -1.6898742773921731 3.2245911221601524 -4.4834590028256782 0.19710271814338479 -1.4581698161257164
leaf_weight=51 69 73 78 114 1713 186 48 48 1688 55
leaf_count=51 69 73 78 114 1713 186 48 48 1688 55
internal_value=-0.0635805 -0.100463 -0.0471861 0.0305355 -0.291474 -0.197269 0.37376 -1.67959 0.296068 -2.89771
internal_weight=4123 4072 4003 3822 1972 1899 1850 181 1802 103
internal_count=4123 4072 4003 3822 1972 1899 1850 181 1802 103
is_linear=0
shrinkage=0.03


Tree=216
num_leaves=13
num_cat=0
split_feature=8 5 46 33 19 35 52 26 24 15 35 41
split_gain=506561 1.30972e+06 604097 575006 574614 567252 492920 526418 302715 286135 241108 216727
threshold=-0.98296291314453399 275.50000000000006 1.0500000000000003 9590.9612500000021 14443.261250000001 -423.49999999999994 48.750000000000007 7091.6012500000006 537.25634559736625 -0.8099950225495034 -14.914999999999052 89.500000000000014
decision_type=2 2 2 2 2 2 2 2 2 2 2 2
left_child=1 8 3 4 6 -4 7 -2 -1 -8 -5 -7
right_child=2 -3 5 10 -6 11 9 -9 -10 -11 -12 -13
leaf_value=1.5946798707962035 2.9738258135993525 5.3521987708698617 -4.5867547004699709 3.6224826111513027 -2.408102428540587 -2.0983443726433646 -0.37829352203405125 -0.039050362035871283 -1.4190811948776245 -3.4272383871078489 0.70211002943650724 0.53529749614707489
leaf_weight=49 52 54 49 50 95 53 52 3426 74 59 52 58
leaf_count=49 52 54 49 50 95 53 52 3426 74 59 52 58
internal_value=-0.0617139 1.50379 -0.132302 -0.0557476 -0.117532 -1.93209 -0.0562428 0.00683305 -0.215178 -2.01517 2.15508 -0.729581
internal_weight=4123 177 3946 3786 3684 160 3589 3478 123 111 102 111
internal_count=4123 177 3946 3786 3684 160 3589 3478 123 111 102 111
is_linear=0
shrinkage=0.03


Tree=217
num_leaves=15
num_cat=0
split_feature=8 5 33 27 33 26 53 43 8 35 8 24 37 10
split_gain=477207 1.23363e+06 495125 647667 501352 584177 602449 573080 632667 486243 444903 285122 260724 70138.3
threshold=-0.98296291314453399 275.50000000000006 9590.9612500000021 12916.673333333336 7199.9375000000009 6930.8100000000004 1.0000000180025095e-35 61.750000000000007 -0.9159756150367534 -516.83875000000069 -0.9159756150367534 537.25634559736625 26.750000000000004 1.0000000180025095e-35
decision_type=2 2 2 2 2 2 2 2 2 2 2 2 2 2
left_child=1 11 3 4 5 -2 -7 8 -6 -9 -5 -1 -4 -12
right_child=2 -3 12 10 7 6 -8 9 -10 -11 13 -13 -14 -15
leaf_value=1.547796300315857 2.6652422444960653 5.1945521767356171 0.34553387922399181 -3.96005777648779 -3.4842228268540425 -0.47567656538551611 -3.4263871091695934 1.9015680623663722 -0.26166973868156451 0.25760287663599379 0.056231140811741347 -1.3770764009475707 3.3599906261761978 -1.539482556438446
leaf_weight=49 50 54 50 64 68 1509 64 180 268 1542 49 74 53 49
leaf_count=49 50 54 50 64 68 1509 64 180 268 1542 49 74 53 49
internal_value=-0.0598594 1.4596 -0.128372 -0.183605 -0.101628 -0.495726 -0.597841 0.209252 -0.922301 0.430459 -2.03415 -0.208677 1.9142 -0.748965
internal_weight=4123 177 3946 3843 3681 1623 1573 2058 336 1722 162 123 103 98
internal_count=4123 177 3946 3843 3681 1623 1573 2058 336 1722 162 123 103 98
is_linear=0
shrinkage=0.03


Tree=218
num_leaves=15
num_cat=0
split_feature=16 8 15 18 32 46 32 20 22 24 14 31 11 24
split_gain=453166 471943 1.16196e+06 563951 908057 575036 654723 769757 558198 801043 526029 387821 365653 268551
threshold=15310.590000000002 -0.98296291314453399 0.017165697368537947 13120.525000000001 2113.3632062775664 1.0000000180025095e-35 1245.7960463197517 7036.3137500000003 14407.698750000001 1750.4050061436683 -0.64056958004474651 11524.55010416667 1.0000000180025095e-35 537.25634559736625
decision_type=2 2 2 2 2 2 2 2 2 2 2 2 2 2
left_child=1 2 13 5 12 8 7 -7 9 -3 -6 -12 -5 -1
right_child=-2 3 -4 4 10 6 -8 -9 -10 -11 11 -13 -14 -15
leaf_value=1.502291077709198 2.6981149760957033 0.26472980811614721 5.0415490093231199 1.4846595442922492 -0.33678852160771688 -4.7696051513212074 -0.32184063529290935 -0.60647947700086391 3.0993888651091477 -1.9175019802539437 -5.487684487646276 -2.0192166672859875 -1.5551771117786042 -1.3363149483695627
leaf_weight=49 52 2311 54 94 53 69 879 94 57 161 65 55 56 74
leaf_count=49 52 2311 54 94 53 69 879 94 57 161 65 55 56 74
internal_value=-0.0580575 -0.0939205 1.41672 -0.162936 -1.36137 -0.054182 -0.64692 -2.38721 0.190192 0.121878 -2.83609 -3.92792 0.346904 -0.202372
internal_weight=4123 4071 177 3894 323 3571 1042 163 2529 2472 173 120 150 123
internal_count=4123 4071 177 3894 323 3571 1042 163 2529 2472 173 120 150 123
is_linear=0
shrinkage=0.03


Tree=219
num_leaves=15
num_cat=0
split_feature=36 0 0 11 38 43 5 23 3 21 24 43 26 19
split_gain=428769 464077 1.06493e+06 881619 851262 578544 485771 640036 477275 415144 606098 411461 394112 358082
threshold=134.29125000000025 17.500000000000004 16.500000000000004 -0.22252093395631442 22.950000000000003 64.083333333333357 149.50000000000003 9836.4916666666686 13.500000000000002 14360.946250000003 2003.2885875299305 87.083333333333357 8036.7662500000006 11322.651250000001
decision_type=2 2 2 2 2 2 2 2 2 2 2 2 2 2
left_child=1 2 6 -4 11 13 7 -1 -8 10 -2 -3 -10 -6
right_child=9 4 3 -5 5 -7 8 -9 12 -11 -12 -13 -14 -15
leaf_value=-2.9822371604162106 0.3398797932364187 -0.0057857258635104734 -0.56965833027362822 -6.1162937884764244 2.6740977445401639 4.0103583619117735 0.45133155126160324 0.15984180231696193 1.1149054733633994 2.9216122308767067 -2.6157746252280014 -2.5284621452604021 -0.8971560077043641 -0.31903425927064855
leaf_weight=135 1589 345 49 54 56 74 625 102 99 52 64 69 713 97
leaf_count=135 1589 345 49 54 56 74 625 102 99 52 64 69 713 97
internal_value=-0.056347 -0.313195 -0.562736 -3.5086 0.378366 1.85059 -0.379484 -1.6349 -0.171429 0.307872 0.223923 -0.431347 -0.650755 0.786644
internal_weight=4123 2418 1777 103 641 227 1674 237 1437 1705 1653 414 812 153
internal_count=4123 2418 1777 103 641 227 1674 237 1437 1705 1653 414 812 153
is_linear=0
shrinkage=0.03


Tree=220
num_leaves=15
num_cat=0
split_feature=27 2 8 0 0 0 44 33 17 8 17 3 35 44
split_gain=810243 673026 1.07944e+06 662619 571000 876727 691817 509076 852933 479593 409502 508109 496562 586596
threshold=8389.7497916666689 1.0000000180025095e-35 0.91597561503675362 1.0000000180025095e-35 1.5000000000000002 2.5000000000000004 78.458333333333357 8586.9937500000015 10724.788750000002 -0.98296291314453399 9999.7537500000017 21.500000000000004 601.72750000000099 91.458333333333357
decision_type=2 2 2 2 2 2 2 2 2 2 2 2 2 2
left_child=1 2 -1 -2 6 -6 -5 9 -9 -7 11 12 13 -3
right_child=3 10 -4 4 5 7 -8 8 -10 -11 -12 -13 -14 -15
leaf_value=-0.68188263825007844 -1.6263118665484906 -2.1629878793431701 4.3164396796072406 3.6168677407890559 -2.0555276815617018 1.9304906484421263 -0.49366001444347835 3.8657618148811159 0.45961121746551153 0.1309868115376841 -3.5232909069794873 -0.18510630982426496 -4.0841426117126254 1.6032593340733472
leaf_weight=132 160 138 54 99 140 140 58 95 214 2444 64 311 72 50
leaf_count=132 160 138 54 99 140 140 58 95 214 2444 64 311 72 50
internal_value=0.0446241 -0.79941 0.784486 0.251657 0.346334 0.254645 2.10472 0.367117 1.51595 0.229198 -1.26388 -1.00489 -1.98096 -1.15806
internal_weight=4171 821 186 3350 3190 3033 157 2893 309 2584 635 571 260 188
internal_count=4171 821 186 3350 3190 3033 157 2893 309 2584 635 571 260 188
is_linear=0
shrinkage=0.03


Tree=221
num_leaves=15
num_cat=0
split_feature=27 2 8 0 20 8 0 28 2 5 8 19 17 25
split_gain=762695 633873 1.0167e+06 623702 674232 682277 606408 947039 569699 470819 463153 403086 385733 306903
threshold=8389.7497916666689 1.0000000180025095e-35 0.91597561503675362 1.0000000180025095e-35 14270.237500000001 0.37940952255126054 20.500000000000004 738.52030346957815 5.5000000000000009 196.50000000000003 -0.9159756150367534 7587.8900000000003 9999.7537500000017 7913.4750000000013
decision_type=2 2 2 2 2 2 2 2 2 2 2 2 2 2
left_child=1 2 11 -2 6 -6 7 10 -9 -8 -5 -1 13 -3
right_child=3 12 -4 4 5 -7 9 8 -10 -11 -12 -13 -14 -15
leaf_value=-2.0949674593147476 -1.5778255541557851 -0.75122509859960807 4.1893008215644141 4.2135084752778749 3.73802198574543 -0.46400621308220752 0.64418504553574774 0.40539842627794115 -0.97987635135066276 -1.5498558235211963 1.301586013793161 1.2277998552856775 -3.4192182989578983 -3.1518668470292721
leaf_weight=75 160 519 54 73 99 53 129 2107 305 273 151 57 64 52
leaf_count=75 160 519 54 73 99 53 129 2107 305 273 151 57 64 52
internal_value=0.0432932 -0.775601 0.761532 0.244159 0.336015 2.27929 0.238064 0.403638 0.229889 -0.845909 2.26514 -0.66158 -1.22636 -0.975002
internal_weight=4171 821 186 3350 3190 152 3038 2636 2412 402 224 132 635 571
internal_count=4171 821 186 3350 3190 152 3038 2636 2412 402 224 132 635 571
is_linear=0
shrinkage=0.03


Tree=222
num_leaves=15
num_cat=0
split_feature=29 8 0 0 28 28 40 22 8 9 23 28 8 28
split_gain=711284 990916 850600 878493 894155 661843 548366 451633 572854 544992 540196 513049 702223 1.04497e+06
threshold=7302.0050000000001 -0.60355339059327384 10.500000000000002 9.5000000000000018 1364.4634686115098 1377.1170172885231 20.245833333333337 8555.7387500000023 0.60355339059327384 -0.12940952255126037 12338.027083333336 1640.2489989238027 -0.9159756150367534 963.20959819757866
decision_type=2 2 2 2 2 2 2 2 2 2 2 2 2 2
left_child=1 5 3 4 6 -1 -3 8 9 -2 11 12 13 -9
right_child=7 2 -4 -5 -6 -7 -8 10 -10 -11 -12 -13 -14 -15
leaf_value=-0.31684084428323284 -3.7909882324431088 1.9085657781679184 -2.2023806997292614 2.568279225433745 -4.5820713987350468 3.0103211281640188 -0.75949969818815588 3.9650301673402217 0.97480868786182973 -0.51442887561942785 -0.27217823038618005 1.7746782803302021 0.12819996881329154 0.013067154564684437
leaf_weight=110 49 79 325 81 49 104 520 117 228 537 550 382 917 123
leaf_count=110 49 79 325 81 49 104 520 117 228 537 550 382 917 123
internal_value=0.0420066 -0.550497 -0.928431 -0.358224 -0.727454 1.30651 -0.404998 0.300912 -0.298259 -0.794424 0.534423 0.822681 0.507091 1.94817
internal_weight=4171 1268 1054 729 648 214 599 2903 814 586 2089 1539 1157 240
internal_count=4171 1268 1054 729 648 214 599 2903 814 586 2089 1539 1157 240
is_linear=0
shrinkage=0.03


Tree=223
num_leaves=15
num_cat=0
split_feature=27 9 0 20 8 0 37 15 37 2 8 35 16 18
split_gain=689365 690556 581291 615200 638191 563234 607984 1.46055e+06 604368 508286 833310 568029 592372 543937
threshold=8389.7497916666689 -0.91597561503675329 1.0000000180025095e-35 14270.237500000001 0.37940952255126054 20.500000000000004 23.750000000000004 -0.90566889813915308 21.150000000000002 1.0000000180025095e-35 0.91597561503675362 601.72750000000099 8843.7312500000025 6713.6762500000013
decision_type=2 2 2 2 2 2 2 2 2 2 2 2 2 2
left_child=1 -1 -2 5 -5 6 8 -8 -4 10 -3 12 -11 -13
right_child=2 9 3 4 -6 -7 7 -9 -10 11 -12 13 -14 -15
leaf_value=-3.0354716719122763 -1.5272175149490004 -0.43765297486718774 0.25916432822091684 3.5875089725196361 -0.47606296804216169 -0.81783042380997617 -1.9060008027647981 0.48484995731673897 1.5221956180633085 -0.77737691745071147 4.068051394375888 0.28246794929309765 2.2450752094639861 -3.5444479334901233
leaf_weight=102 160 112 768 99 53 402 302 953 613 327 54 48 70 108
leaf_count=102 160 112 768 99 53 402 302 953 613 327 54 48 70 108
internal_value=0.0407601 -0.737772 0.231726 0.320405 2.17666 0.226841 0.386412 -0.0915258 0.820507 -0.408028 1.04355 -0.844888 -0.240111 -2.37254
internal_weight=4171 821 3350 3190 152 3038 2636 1255 1381 719 166 553 397 156
internal_count=4171 821 3350 3190 152 3038 2636 1255 1381 719 166 553 397 156
is_linear=0
shrinkage=0.03


Tree=224
num_leaves=15
num_cat=0
split_feature=27 2 8 0 0 0 44 28 2 32 40 0 37 16
split_gain=648698 564929 893223 547126 521847 809248 637899 485434 470729 444982 396708 634251 753308 567261
threshold=8389.7497916666689 1.0000000180025095e-35 0.91597561503675362 1.0000000180025095e-35 1.5000000000000002 2.5000000000000004 78.458333333333357 2477.9902160971237 5.5000000000000009 2580.2107542854096 23.437500000000004 10.500000000000002 23.450000000000003 8077.2887500000006
decision_type=2 2 2 2 2 2 2 2 2 2 2 2 2 2
left_child=1 2 -1 -2 6 -6 -5 8 -7 -9 11 12 13 -3
right_child=3 10 -4 4 5 7 -8 9 -10 -11 -12 -13 -14 -15
leaf_value=-0.59863952077421034 -1.4816856019171127 -0.50000996312057533 3.948228759592229 3.443863885474205 -1.9962966653641234 0.56745180448928112 -0.50282931562197408 -2.9218749824746864 -0.60732677860017492 0.51663051740556465 1.252925565274138 -3.1427029330010035 1.995920359690984 -2.9659663867985091
leaf_weight=132 160 242 54 99 140 2406 58 76 351 60 56 138 71 128
leaf_count=132 160 242 54 99 140 2406 58 76 351 60 56 138 71 128
internal_value=0.0395366 -0.715683 0.735393 0.224784 0.310818 0.223171 1.9918 0.331234 0.417717 -1.41208 -1.14123 -1.37458 -0.815398 -1.35883
internal_weight=4171 821 186 3350 3190 3033 157 2893 2757 136 635 579 441 370
internal_count=4171 821 186 3350 3190 3033 157 2893 2757 136 635 579 441 370
is_linear=0
shrinkage=0.03


Tree=225
num_leaves=14
num_cat=0
split_feature=29 33 39 5 0 35 5 21 24 3 20 33 20
split_gain=615848 758570 466621 1.03803e+06 1.29487e+06 669101 617926 647405 549733 527544 733912 540176 382756
threshold=11276.318750000002 9624.3275000000012 20.058333333333337 223.50000000000003 9.5000000000000018 553.00875000000008 324.50000000000006 11953.165000000003 1531.1081595723942 12.500000000000002 9674.3187500000004 7827.2349999999997 9508.9625000000015
decision_type=2 2 2 2 2 2 2 2 2 2 2 2 2
left_child=1 2 3 -1 8 6 7 -4 -5 10 -7 -11 -8
right_child=-2 -3 5 4 -6 9 12 -9 -10 11 -12 -13 -14
leaf_value=4.0999671570674785 -3.1901111930271364 3.1167308666370808 -0.029825188525256167 0.15036861254264497 4.2921896821535555 1.4570388623078663 -2.9158680809760575 1.3610326691219481 -2.9842879409539074 -1.2728294683169379 -2.6173209167662117 -4.523526269428765 -0.35018490965429105
leaf_weight=73 52 71 2471 431 64 107 97 342 56 151 62 66 113
leaf_count=73 52 71 2471 431 64 107 97 342 56 151 62 66 113
internal_value=0.023065 0.0645486 0.0100527 0.763616 0.314941 -0.128062 0.0222835 0.139691 -0.215431 -1.30256 -0.0442119 -2.2778 -1.54356
internal_weight=4156 4104 4033 624 551 3409 3023 2813 487 386 169 217 210
internal_count=4156 4104 4033 624 551 3409 3023 2813 487 386 169 217 210
is_linear=0
shrinkage=0.03


Tree=226
num_leaves=14
num_cat=0
split_feature=41 29 49 9 14 40 3 37 9 9 2 22 35
split_gain=597746 575079 437071 367372 711622 998255 665130 510594 620974 1.03415e+06 979732 315109 181173
threshold=41.500000000000007 10721.503750000002 1.5000000000000002 -0.91597561503675329 -0.78409092058138996 22.029166666666672 14.500000000000002 28.350000000000005 -0.25881904510252068 -0.12940952255126037 1.0000000180025095e-35 11224.286250000003 -804.22250000000065
decision_type=2 2 2 2 2 2 2 2 2 2 2 2 2
left_child=2 3 -1 4 11 6 -6 8 10 -10 -5 -2 -3
right_child=1 12 -4 7 5 -7 -8 -9 9 -11 -12 -13 -14
leaf_value=0.58155310258801485 1.9685547903827998 -0.88392872269336986 4.038709675116972 2.9287580370727162 -0.74662318769465674 0.9990987403314191 -4.15596963360196 -2.3075588032701293 -2.4604899707665808 0.070545811852288823 0.3927376761745886 -0.55221305805033649 -3.3690241452267298
leaf_weight=83 91 51 54 160 88 90 125 75 155 2115 927 86 56
leaf_count=83 91 51 54 160 88 90 125 75 155 2115 927 86 56
internal_value=0.0223482 -0.0442981 1.96373 0.0153132 -0.761162 -1.64205 -2.75755 0.124106 0.179108 -0.103279 0.768388 0.747469 -2.20383
internal_weight=4156 4019 137 3912 480 303 213 3432 3357 2270 1087 177 107
internal_count=4156 4019 137 3912 480 303 213 3432 3357 2270 1087 177 107
is_linear=0
shrinkage=0.03


Tree=227
num_leaves=11
num_cat=0
split_feature=41 29 49 33 26 21 39 10 43 35
split_gain=563037 541673 411729 364397 538830 538311 891870 496030 355822 170642
threshold=41.500000000000007 10721.503750000002 1.5000000000000002 9398.2000000000025 14700.085000000001 13123.745000000001 19.991666666666671 0.6078576107927941 51.416666666666679 -804.22250000000065
decision_type=2 2 2 2 2 2 2 2 2 2
left_child=2 3 -1 4 5 8 -7 -6 -2 -3
right_child=1 9 -4 -5 7 6 -8 -9 -10 -11
leaf_value=0.56431420579552649 -1.9202877337510667 -0.85792079907197216 3.919751365184784 2.0447958877453436 -0.4807974156912635 5.0595472955703737 0.43706227344603621 -4.261760076141357 0.0012378417194414768 -3.2697266187165912
leaf_weight=83 88 51 54 77 84 48 162 49 3404 56
leaf_count=83 88 51 54 77 84 48 162 49 3404 56
internal_value=0.0216524 -0.0430298 1.90582 0.014824 -0.0264527 0.0411783 1.51267 -1.8953 -0.0477171 -2.1389
internal_weight=4156 4019 137 3912 3835 3702 210 133 3492 107
internal_count=4156 4019 137 3912 3835 3702 210 133 3492 107
is_linear=0
shrinkage=0.03


Tree=228
num_leaves=13
num_cat=0
split_feature=29 33 39 9 28 35 37 35 9 9 2 42
split_gain=534994 680696 414943 1.1088e+06 871337 647871 517941 485465 856384 695044 343540 544333
threshold=11276.318750000002 9624.3275000000012 20.058333333333337 -0.78656609248549303 816.15690464603301 553.00875000000008 22.350000000000005 259.42749999999984 0.25881904510252057 -0.78656609248549303 5.5000000000000009 70.500000000000014
decision_type=2 2 2 2 2 2 2 2 2 2 2 2
left_child=1 2 3 -1 -5 7 -6 9 -9 -4 11 -7
right_child=-2 -3 5 4 6 10 -8 8 -10 -11 -12 -13
leaf_value=4.6325983603525973 -2.9738181233855912 2.9509514695405961 -1.0549035572577234 3.0914612431858859 0.17294824822477892 1.0736393717726072 -2.8721867202928193 2.0502121847169668 -1.3999497765637514 0.13785933576954765 -3.6017818611145018 -1.6509589831225844
leaf_weight=58 52 71 552 85 425 89 56 238 88 2145 49 248
leaf_count=58 52 71 552 85 425 89 56 238 88 2145 49 248
internal_value=0.0210117 0.0596768 0.00805394 0.718664 0.3101 -0.122188 -0.186771 0.0257522 1.1174 -0.106561 -1.27791 -0.930314
internal_weight=4156 4104 4033 624 566 3409 481 3023 326 2697 386 337
internal_count=4156 4104 4033 624 566 3409 481 3023 326 2697 386 337
is_linear=0
shrinkage=0.03


Tree=229
num_leaves=15
num_cat=0
split_feature=41 29 49 15 21 3 39 9 9 35 38 2 35 8
split_gain=515317 493142 390255 337790 829520 905958 878108 812103 1.04899e+06 502261 492644 436010 460372 292375
threshold=41.500000000000007 10721.503750000002 1.5000000000000002 -0.64713682673509032 9195.1975000000002 1.5000000000000002 25.741666666666671 -0.37940952255126026 -0.25881904510252068 496.73874999999958 26.150000000000002 5.5000000000000009 535.07624999999928 -0.37940952255126031
decision_type=2 2 2 2 2 2 2 2 2 2 2 2 2 2
left_child=2 3 -1 7 9 -6 -7 11 -9 13 -10 12 -2 -5
right_child=1 -3 -4 4 5 6 -8 8 10 -11 -12 -13 -14 -15
leaf_value=0.51733266304646219 -0.28716645561596926 -2.0412745310200586 3.7835515227751295 -1.333838012130534 -3.0992948149735069 0.542264601943094 2.655684419558427 3.5598124982989749 0.10006874162500655 -3.3960396288871761 -2.9214003832199991 -3.0196534257550391 -2.1809904568712666 0.044017431316311126
leaf_weight=83 424 107 54 182 52 1027 213 77 1017 49 50 92 158 571
leaf_count=83 424 107 54 182 52 1027 213 77 1017 49 50 92 158 571
internal_value=0.0203854 -0.0414948 1.82294 0.0137065 0.273399 0.743621 0.907155 -0.285389 0.201348 -0.48408 -0.0441072 -1.11064 -0.804182 -0.290317
internal_weight=4156 4019 137 3912 2094 1292 1240 1818 1144 802 1067 674 582 753
internal_count=4156 4019 137 3912 2094 1292 1240 1818 1144 802 1067 674 582 753
is_linear=0
shrinkage=0.03


Tree=230
num_leaves=13
num_cat=0
split_feature=29 19 36 29 52 19 25 38 21 16 10 32
split_gain=658247 612544 641571 629509 591871 446777 443698 487091 476800 431189 204644 111725
threshold=10721.503750000002 5864.036250000001 983.08875000000091 5537.8487500000001 2.8750000000000004 10914.403750000001 12880.291250000002 26.850000000000005 10751.761250000001 12554.296250000003 1.0000000180025095e-35 2147.6531856050356
decision_type=2 2 2 2 2 2 2 2 2 2 2 2
left_child=1 -1 3 -3 5 -4 8 -8 -5 10 -6 -2
right_child=11 2 4 6 9 -7 7 -9 -10 -11 -12 -13
leaf_value=3.3428812567626727 -1.2544127116483801 -3.3337840786969886 4.9344668352397685 -0.2119349338253306 1.4951187545657159 1.1350880739606661 -3.6123223207890987 0.37803920015996817 0.55272012779802249 -2.111780808799121 -0.6939650367736816 -3.2467396387191751
leaf_weight=50 50 52 55 2421 169 57 63 48 1052 48 49 55
leaf_count=50 50 52 55 2421 169 57 63 48 1052 48 49 55
internal_value=0.0149106 0.0757686 0.034246 -0.0881626 1.20887 3.02814 -0.0401511 -1.89866 0.0197734 0.434325 1.00209 -2.31894
internal_weight=4169 4064 4014 3636 378 112 3584 111 3473 266 218 105
internal_count=4169 4064 4014 3636 378 112 3584 111 3473 266 218 105
is_linear=0
shrinkage=0.03


Tree=231
num_leaves=15
num_cat=0
split_feature=29 2 8 42 40 18 17 19 8 7 7 20 14 14
split_gain=620033 591502 1.18685e+06 754314 643162 442019 942775 558775 526546 913649 741975 629375 561823 483581
threshold=10721.503750000002 1.0000000180025095e-35 0.91597561503675362 75.500000000000014 21.237500000000004 7476.0812500000011 7700.2725 6666.2412500000009 1.0000000180025095e-35 14.500000000000002 15.500000000000002 7271.9337500000011 -0.99628166032228227 0.843744476184349
decision_type=2 2 2 2 2 2 2 2 2 2 2 2 2 2
left_child=1 2 3 4 -1 6 7 -3 9 11 -11 -7 -10 -14
right_child=-2 5 -4 -5 -6 8 -8 -9 12 10 -12 -13 13 -15
leaf_value=4.6986211942925173 -2.2506484070588959 2.380647081519073 4.5145067287135765 -0.61128758954351603 0.85242286756288166 -3.6538472246354621 -4.8661547598838801 -0.96393827364751794 3.5282688675476952 2.1834268328515316 -0.14887264969516775 -0.89017490414887579 0.46653652420671654 -2.3551854306773135
leaf_weight=50 105 52 73 274 171 92 49 296 51 138 1050 372 1340 56
leaf_count=50 105 52 73 274 171 92 49 296 51 138 1050 372 1340 56
internal_value=0.0144441 0.0735094 0.970529 0.439803 1.73992 -0.0724621 -1.01363 -0.45874 0.0483897 -0.3175 0.123647 -1.44486 0.466057 0.351729
internal_weight=4169 4064 568 495 221 3496 397 348 3099 1652 1188 464 1447 1396
internal_count=4169 4064 568 495 221 3496 397 348 3099 1652 1188 464 1447 1396
is_linear=0
shrinkage=0.03


Tree=232
num_leaves=10
num_cat=0
split_feature=19 29 29 2 8 22 36 8 32
split_gain=592956 564753 585092 618412 780395 656172 427138 424297 105543
threshold=5864.036250000001 5537.8487500000001 10721.503750000002 1.0000000180025095e-35 0.91597561503675362 13125.268750000001 -1866.5574999999997 -0.98296291314453399 2147.6531856050356
decision_type=2 2 2 2 2 2 2 2 2
left_child=-1 -2 3 4 5 -3 -5 -8 -4
right_child=1 2 8 6 -6 -7 7 -9 -10
leaf_value=3.2289921572629141 -2.9911981464530291 0.1191376208480279 -1.1513226945259991 -2.8255051055431366 4.0541418939561984 3.2891153044285981 1.6551534179754035 -0.099176619026806495 -3.0847630917600219
leaf_weight=50 56 397 50 49 66 68 128 3250 55
leaf_count=50 56 397 50 49 66 68 128 3250 55
internal_value=0.0140313 -0.0257653 0.0158293 0.074722 1.02636 0.5888 -0.0729824 -0.0322265 -2.18377
internal_weight=4169 4119 4063 3958 531 465 3427 3378 105
internal_count=4169 4119 4063 3958 531 465 3427 3378 105
is_linear=0
shrinkage=0.03


Tree=233
num_leaves=15
num_cat=0
split_feature=40 20 29 8 5 33 0 25 19 8 17 19 25 28
split_gain=564976 800883 493584 417431 1.10306e+06 448222 570976 624900 353015 511988 342922 492957 586505 642854
threshold=20.279166666666672 8493.3775000000023 10721.503750000002 -0.98296291314453399 269.50000000000006 8586.9937500000015 3.5000000000000004 12171.740000000002 14542.665000000003 -0.60355339059327384 8031.9900000000007 9104.8887500000019 8278.4187500000025 1105.4774105424281
decision_type=2 2 2 2 2 2 2 2 2 2 2 2 2 2
left_child=1 -1 3 4 -2 8 -7 -8 9 -5 -3 12 13 -12
right_child=2 10 -4 5 -6 6 7 -9 -10 -11 11 -13 -14 -15
leaf_value=3.6847007771900722 -0.24603800561692982 -1.8918574170470237 -2.1194560754299161 0.47839710651066497 5.1492165058135981 -1.7550478924645316 2.5629435737882345 -1.0389122725355213 -2.6635277925087855 -0.3951559166214943 2.541045826711962 -1.1639935172045672 3.7741588406761486 -1.7456514852494001
leaf_weight=83 107 49 105 811 49 53 174 57 51 2355 61 80 71 63
leaf_count=83 107 49 105 811 49 53 174 57 51 2355 61 80 71 63
internal_value=0.0136261 1.07399 -0.101342 -0.0428302 1.47053 -0.110669 1.02967 1.67346 -0.211632 -0.171302 0.395865 0.808928 1.62022 0.366465
internal_weight=4169 407 3762 3657 156 3501 284 231 3217 3166 324 275 195 124
internal_count=4169 407 3762 3657 156 3501 284 231 3217 3166 324 275 195 124
is_linear=0
shrinkage=0.03


Tree=234
num_leaves=11
num_cat=0
split_feature=19 29 29 2 40 18 17 8 43 32
split_gain=546620 530670 519098 577527 795596 397813 792110 432022 344127 99685.8
threshold=5864.036250000001 5537.8487500000001 10721.503750000002 1.0000000180025095e-35 20.245833333333337 7476.0812500000011 7524.5275000000011 1.0000000180025095e-35 58.916666666666679 2147.6531856050356
decision_type=2 2 2 2 2 2 2 2 2 2
left_child=-1 -2 3 4 -3 6 -5 -7 -6 -4
right_child=1 2 9 5 8 7 -8 -9 -10 -11
leaf_value=3.1000455877316346 -2.8995140593930295 4.1566141875584917 -1.0551233196959775 -0.39843765428107158 2.4726748378078143 -0.29370932837055591 -4.2250048809627003 0.41999759038961032 0.21805846218103753 -2.9314244418484825
leaf_weight=50 56 62 50 305 71 1635 57 1430 398 55
leaf_count=50 56 62 50 305 71 1635 57 1430 398 55
internal_value=0.0132541 -0.0249558 0.015364 0.0708362 0.990479 -0.0719017 -1.01098 0.0392998 0.563942 -2.05647
internal_weight=4169 4119 4063 3958 531 3427 362 3065 469 105
internal_count=4169 4119 4063 3958 531 3427 362 3065 469 105
is_linear=0
shrinkage=0.03


Tree=235
num_leaves=15
num_cat=0
split_feature=33 8 14 0 40 31 34 30 21 2 8 8 28 9
split_gain=558298 758218 1.01107e+06 654341 786365 589945 669091 586330 1.363e+06 463145 448162 1.30294e+06 969342 259623
threshold=8532.970000000003 -0.98296291314453399 -0.38466509970700108 19.500000000000004 24.229166666666675 12073.315364583335 14465.446250000003 14522.768750000001 14059.871250000002 4.5000000000000009 -0.60355339059327384 -0.37940952255126031 1904.7445560514877 -0.78656609248549303
decision_type=2 2 2 2 2 2 2 2 2 2 2 2 2 2
left_child=1 2 -1 4 -2 6 -6 8 10 13 12 -12 -3 -9
right_child=3 7 -4 -5 5 -7 -8 9 -10 -11 11 -13 -14 -15
leaf_value=3.8285044945217668 1.9980942994015045 0.12980434560024706 -1.1717252344196125 3.6301804928978281 0.32075153545457485 1.0584633687670741 -4.4426050675925559 -2.3721618318031816 4.7711833227381986 -3.5549716773180111 -2.3364671779756616 -0.12905521797792219 3.9233689673922281 -0.17002542629391845
leaf_weight=95 165 745 58 71 48 83 58 67 50 72 270 2151 65 166
leaf_count=95 165 745 58 71 48 83 58 67 50 72 270 2151 65 166
internal_value=-0.00648536 -0.123697 1.9376 1.02254 0.49074 -0.828716 -2.30263 -0.212164 -0.0949947 -1.46812 -0.171757 -0.376104 0.438707 -0.810753
internal_weight=4164 3739 153 425 354 189 106 3586 3281 305 3231 2421 810 233
internal_count=4164 3739 153 425 354 189 106 3586 3281 305 3231 2421 810 233
is_linear=0
shrinkage=0.03


Tree=236
num_leaves=15
num_cat=0
split_feature=33 8 14 36 30 21 24 0 40 6 0 31 39 24
split_gain=525453 713758 952559 639957 552224 1.28394e+06 636220 542086 455494 436143 408306 344095 286098 252913
threshold=8532.970000000003 -0.98296291314453399 -0.40045390565126626 -959.38500000000101 14522.768750000001 14059.871250000002 2003.2885875299305 19.500000000000004 24.204166666666669 1.0000000180025095e-35 20.500000000000004 12073.315364583335 21.791666666666671 906.01050118388071
decision_type=2 2 2 2 2 2 2 2 2 2 2 2 2 2
left_child=1 2 -1 -2 5 6 10 8 12 13 -3 -10 -5 -6
right_child=3 4 -4 7 9 -7 -8 -9 11 -11 -12 -13 -14 -15
leaf_value=3.7662975776956436 -2.0651581446329752 0.025703803714329496 -1.0573733282089233 0.97860669144462131 0.37154581008535442 4.6308544170155246 -3.2270439569056033 3.9712139484428222 -1.486660850602527 -3.4497835476308651 -0.97050568867788145 1.2381904834288138 3.6823454586152109 -1.6242611373040605
leaf_weight=93 53 2745 60 84 98 50 59 62 85 72 427 80 61 135
leaf_count=93 53 2745 60 84 98 50 59 62 85 72 427 80 61 135
internal_value=-0.00625109 -0.119963 1.87998 0.992043 -0.205797 -0.0920865 -0.166589 1.43202 0.912999 -1.42468 -0.10866 -0.16593 2.13358 -0.786758
internal_weight=4164 3739 153 425 3586 3281 3231 372 310 305 3172 165 145 233
internal_count=4164 3739 153 425 3586 3281 3231 372 310 305 3172 165 145 233
is_linear=0
shrinkage=0.03


Tree=237
num_leaves=15
num_cat=0
split_feature=33 8 15 36 30 21 24 0 9 40 2 31 39 9
split_gain=494819 671947 907732 602784 519961 1.2095e+06 599255 510551 507523 428960 410766 323999 269484 238894
threshold=8532.970000000003 -0.98296291314453399 -0.068612210320797451 -959.38500000000101 14522.768750000001 14059.871250000002 2003.2885875299305 19.500000000000004 -0.25881904510252068 24.204166666666669 4.5000000000000009 12073.315364583335 21.791666666666671 -0.78656609248549303
decision_type=2 2 2 2 2 2 2 2 2 2 2 2 2 2
left_child=1 2 -1 -2 5 6 8 9 -3 12 13 -11 -5 -6
right_child=3 4 -4 7 10 -7 -8 -9 -10 11 -12 -13 -14 -15
leaf_value=0.24811981379142345 -2.0043506069978076 0.34979557650294052 5.1958530603136337 0.94959388101802145 -2.2610762905723907 4.494652808133293 -3.1318461836576459 3.8539685461634683 -0.42154957140901794 -1.442579630031142 -3.3477076886778008 1.2015033661877668 3.573656862945326 -0.1487867005718147
leaf_weight=105 53 1300 48 84 67 50 59 62 1872 85 72 80 61 166
leaf_count=105 53 1300 48 84 67 50 59 62 1872 85 72 80 61 166
internal_value=-0.00602888 -0.116376 1.82411 0.962728 -0.199658 -0.0893196 -0.16163 1.38974 -0.105409 0.886036 -1.3824 -0.160994 2.07053 -0.763314
internal_weight=4164 3739 153 425 3586 3281 3231 372 3172 310 305 165 145 233
internal_count=4164 3739 153 425 3586 3281 3231 372 3172 310 305 165 145 233
is_linear=0
shrinkage=0.03


Tree=238
num_leaves=15
num_cat=0
split_feature=0 0 0 5 44 32 16 25 0 41 31 40 35 24
split_gain=467922 746223 633918 544490 527799 468725 482754 451645 507389 488545 327906 249048 191631 48380.7
threshold=1.0000000180025095e-35 1.5000000000000002 2.5000000000000004 132.50000000000003 78.458333333333357 2010.7745790562828 12321.621250000002 12880.291250000002 19.500000000000004 51.500000000000007 10197.348281250002 23.770833333333336 -532.09749999999974 755.48128561831697
decision_type=2 2 2 2 2 2 2 2 2 2 2 2 2 2
left_child=11 4 10 5 12 6 -4 8 -5 -9 13 -1 -2 -3
right_child=1 2 3 7 -6 -7 -8 9 -10 -11 -12 -13 -14 -15
leaf_value=-2.8404280746459958 4.7223117613881831 -0.011748739188572145 3.6812464397028086 0.21787077077802067 -0.0030611576748565887 -0.84462248892619685 0.41183955661952493 0.31116203485835681 -0.70879001347935411 -3.4930864831675654 -3.2679053500451536 -0.52072366885840893 2.0361595557744683 -1.312706868648529
leaf_weight=74 49 52 95 2638 70 57 71 54 665 68 75 95 51 50
leaf_count=74 49 52 95 2638 70 57 71 54 665 68 75 95 51 50
internal_value=-0.00579659 0.0597795 -0.026891 0.0583891 1.9987 1.49136 2.29382 -0.0353144 0.0311416 -1.82028 -1.77506 -1.54727 3.38625 -0.656172
internal_weight=4164 3995 3825 3648 170 223 166 3425 3303 122 177 169 100 102
internal_count=4164 3995 3825 3648 170 223 166 3425 3303 122 177 169 100 102
is_linear=0
shrinkage=0.03


Tree=239
num_leaves=15
num_cat=0
split_feature=33 8 14 7 40 18 9 35 7 5 15 42 35 14
split_gain=452525 627088 875029 554351 685624 521463 528124 880871 663137 1.91894e+06 1.49222e+06 517803 501953 431350
threshold=8532.970000000003 -0.98296291314453399 -0.38466509970700108 19.500000000000004 24.229166666666675 13019.748750000001 -0.25881904510252068 553.00875000000008 7.5000000000000009 257.50000000000006 -0.66012780149078443 61.500000000000007 715.3075 -0.69174588062027931
decision_type=2 2 2 2 2 2 2 2 2 2 2 2 2 2
left_child=1 2 -1 4 12 6 8 11 9 -3 -10 -8 -2 -7
right_child=3 5 -4 -5 -6 13 7 -9 10 -11 -12 -13 -14 -15
leaf_value=3.5226370038278403 2.9071199152752376 5.2567320990988184 -1.1286427269143571 3.3209050308664638 -0.80056331717811136 0.69370825583284557 -2.7067005704544682 -3.0955853110146756 -0.97605532148799723 -1.6184603040218353 1.1720660767849478 -0.14658447295288365 -0.69714310970306392 -2.0876733652934014
leaf_weight=95 116 83 58 71 189 65 73 102 559 64 605 1822 49 213
leaf_count=95 116 83 58 71 189 65 73 102 559 64 605 1822 49 213
internal_value=-0.0056346 -0.111161 1.76343 0.920796 0.431377 -0.191616 -0.0865361 -0.393591 0.381122 2.27264 0.140486 -0.24659 1.83892 -1.43714
internal_weight=4164 3739 153 425 354 3586 3308 1997 1311 147 1164 1895 165 278
internal_count=4164 3739 153 425 354 3586 3308 1997 1311 147 1164 1895 165 278
is_linear=0
shrinkage=0.03


Tree=240
num_leaves=15
num_cat=0
split_feature=29 9 9 7 2 7 7 15 35 9 14 15 14 2
split_gain=647434 489569 1.08998e+06 914338 2.22922e+06 1.11325e+06 1.28704e+06 1.07072e+06 844011 1.22309e+06 1.31692e+06 1.18111e+06 634728 530448
threshold=11005.880000000001 -0.25881904510252068 -0.12940952255126037 7.5000000000000009 4.5000000000000009 14.500000000000002 13.500000000000002 -0.38465092912467802 553.00875000000008 0.25881904510252057 -0.46238297290351499 -0.96914236212857563 -0.31226905285971468 3.5000000000000004
decision_type=2 2 2 2 2 2 2 2 2 2 2 2 2 2
left_child=1 3 -3 4 7 6 13 -1 9 10 -4 -11 -7 -5
right_child=-2 2 8 5 -6 12 -8 -9 -10 11 -12 -13 -14 -15
leaf_value=7.0545829606056216 -3.2213983374171788 -2.5308286340008235 3.3107290029995546 -0.36746275261081879 -2.8822862411031913 2.72051110644761 -2.5663631719044275 1.3409957275023827 -2.4861951922334855 1.8246229982134459 -0.23914913949641312 -0.51987802092670943 0.033967017760276788 1.0040455836508753
leaf_weight=71 53 166 202 597 48 218 174 51 117 221 175 1500 124 440
leaf_count=71 53 166 202 597 48 218 174 51 117 221 175 1500 124 440
internal_value=0.0421134 0.0850373 -0.193668 0.470076 2.55222 0.240647 -0.186528 4.69656 -0.0174431 0.121345 1.66659 -0.217918 1.74943 0.214862
internal_weight=4157 4104 2381 1723 170 1553 1211 122 2215 2098 377 1721 342 1037
internal_count=4157 4104 2381 1723 170 1553 1211 122 2215 2098 377 1721 342 1037
is_linear=0
shrinkage=0.03


Tree=241
num_leaves=15
num_cat=0
split_feature=9 9 7 2 7 7 5 35 9 14 15 33 43 5
split_gain=564087 1.04076e+06 861031 2.09966e+06 1.04778e+06 1.21139e+06 1.00822e+06 749567 639110 1.27694e+06 1.10825e+06 781445 637604 633968
threshold=-0.25881904510252068 -0.12940952255126037 7.5000000000000009 4.5000000000000009 14.500000000000002 13.500000000000002 251.50000000000003 553.00875000000008 0.25881904510252057 -0.60705757442910058 -0.96914236212857563 5340.6062500000016 59.916666666666679 202.50000000000003
decision_type=2 2 2 2 2 2 2 2 2 2 2 2 2 2
left_child=2 -2 3 6 5 -4 -1 8 9 -3 -10 -12 -11 -6
right_child=1 7 4 -5 13 -7 -8 -9 10 12 11 -13 -14 -15
leaf_value=6.8458848321437831 -2.5314670175526821 2.912522006048968 0.20843375888647717 -2.7975822852095775 -0.038279890592505292 -2.4898122398103983 1.3015394701178256 -2.4122414175458884 1.7701308768021093 -2.5179586441401973 -4.0439135554101728 -0.368290259860935 0.77968306964019252 2.655464870433462
leaf_weight=71 167 189 1037 48 122 174 51 117 221 82 53 1461 144 220
leaf_count=71 167 189 1037 48 122 174 51 117 221 82 53 1461 144 220
internal_value=0.0408677 -0.253119 0.456084 2.47662 0.233444 -0.18098 4.55771 -0.0842348 0.0435077 1.09962 -0.209587 -0.499556 -0.422562 1.69718
internal_weight=4157 2434 1723 170 1553 1211 122 2267 2150 415 1735 1514 226 342
internal_count=4157 2434 1723 170 1553 1211 122 2267 2150 415 1735 1514 226 342
is_linear=0
shrinkage=0.03


Tree=242
num_leaves=15
num_cat=0
split_feature=29 17 0 0 28 35 30 4 0 0 9 20 20 37
split_gain=604055 462309 836349 1.41901e+06 1.25308e+06 1.77755e+06 857113 828853 736272 1.67083e+06 608425 561737 550673 423765
threshold=11005.880000000001 8462.1225000000031 10.500000000000002 9.5000000000000018 1355.1890016276682 -48.583750000000684 10103.907500000003 8.5000000000000018 14.500000000000002 15.500000000000002 -0.9829629131445341 7271.9337500000011 14184.510000000002 26.250000000000004
decision_type=2 2 2 2 2 2 2 2 2 2 2 2 2 2
left_child=1 -1 3 4 6 -6 -3 -5 10 -10 13 -12 -11 -4
right_child=-2 2 8 7 5 -7 -8 -9 9 12 11 -13 -14 -15
leaf_value=-0.42168845683184075 -3.1126495846112565 5.1359725515659038 -1.1101396952448663 1.5333918844267378 1.2028627082217824 -3.2951243194300481 1.0319145843488764 5.870393531667558 3.2941051794104759 -0.20286762345089193 -3.0704216714146484 -0.79331027364546014 2.4548756727218626 1.8329632192139231
leaf_weight=1174 53 51 73 85 164 151 393 75 153 1087 130 386 74 108
leaf_count=1174 53 51 73 85 164 151 393 75 153 1087 130 386 74 108
internal_value=0.0396362 0.0810975 0.282635 1.03187 0.488518 -0.956872 1.51384 3.59029 -0.0600923 0.357938 -0.847577 -1.37186 -0.0314882 0.646306
internal_weight=4157 4104 2930 919 759 315 444 160 2011 1314 697 516 1161 181
internal_count=4157 4104 2930 919 759 315 444 160 2011 1314 697 516 1161 181
is_linear=0
shrinkage=0.03


Tree=243
num_leaves=15
num_cat=0
split_feature=29 9 9 8 14 15 0 2 5 0 0 28 5 3
split_gain=569026 410884 962771 912504 1.25664e+06 995238 803742 1.97919e+06 951389 944650 1.09126e+06 599494 596887 510412
threshold=11005.880000000001 -0.25881904510252068 -0.12940952255126037 -0.9159756150367534 -0.46238297290351499 -0.96914236212857563 7.5000000000000009 4.5000000000000009 251.50000000000003 14.500000000000002 13.500000000000002 1089.1552139688486 202.50000000000003 10.500000000000002
decision_type=2 2 2 2 2 2 2 2 2 2 2 2 2 2
left_child=1 6 -3 4 -4 -5 7 8 -1 10 13 -7 -11 -8
right_child=-2 2 3 5 -6 11 9 -9 -10 12 -12 -13 -14 -15
leaf_value=6.6269068614641817 -3.0209992991553412 -2.3731120105453591 3.2853392045714638 1.5331684606221256 -0.59795728128889336 -1.1470788420932543 1.1036195267625462 -2.7367404741474561 1.2417126822586242 -0.077374480715612079 -2.3684515483719961 -0.0040177512889804385 2.5360852257320783 -0.29286456093126162
leaf_weight=71 53 166 164 244 137 745 360 48 51 122 174 925 220 677
leaf_count=71 53 166 164 244 137 745 360 48 51 122 174 925 220 677
internal_value=0.0385218 0.0787631 -0.176565 -0.0109441 1.52168 -0.252645 0.431505 2.38366 4.40424 0.216405 -0.177091 -0.514336 1.60625 0.192514
internal_weight=4157 4104 2381 2215 301 1914 1723 170 122 1553 1211 1670 342 1037
internal_count=4157 4104 2381 2215 301 1914 1723 170 122 1553 1211 1670 342 1037
is_linear=0
shrinkage=0.03


Tree=244
num_leaves=15
num_cat=0
split_feature=9 9 0 2 5 0 0 35 9 24 37 5 5 31
split_gain=475627 922717 756876 1.86416e+06 895857 889080 1.02712e+06 705276 584350 1.22836e+06 672654 606347 578468 537731
threshold=-0.25881904510252068 -0.12940952255126037 7.5000000000000009 4.5000000000000009 251.50000000000003 14.500000000000002 13.500000000000002 553.00875000000008 0.25881904510252057 764.48730945497005 23.250000000000004 221.50000000000003 278.50000000000006 8736.5441145833338
decision_type=2 2 2 2 2 2 2 2 2 2 2 2 2 2
left_child=2 -2 3 4 -1 6 -4 8 9 11 13 -3 -7 -10
right_child=1 7 5 -5 -6 12 -8 -9 10 -11 -12 -13 -14 -15
leaf_value=6.430860890646775 -2.3778170007999453 0.74199637203557145 0.18676151773639324 -2.6563138700504694 1.2051776248675126 0.74195492270961394 -2.2978040425109012 -2.3317249914953262 -1.3984819900037269 -1.3359695341912183 2.2906579058016501 3.5172510374082275 3.4269579234948524 -0.055889273448758159
leaf_weight=71 167 139 1037 48 51 239 174 117 337 131 92 145 103 1306
leaf_count=71 167 139 1037 48 51 239 174 117 337 131 92 145 103 1306
internal_value=0.0373924 -0.23256 0.418664 2.31305 4.27403 0.20993 -0.171817 -0.0735434 0.0503636 1.06022 -0.191649 2.16636 1.55827 -0.331964
internal_weight=4157 2434 1723 170 122 1553 1211 2267 2150 415 1735 284 342 1643
internal_count=4157 2434 1723 170 122 1553 1211 2267 2150 415 1735 284 342 1643
is_linear=0
shrinkage=0.03


Tree=245
num_leaves=14
num_cat=0
split_feature=53 28 2 8 22 44 19 8 22 23 28 21 35
split_gain=415840 849376 431444 1.22857e+06 603105 460274 442160 374040 318107 307263 278435 334093 402375
threshold=1.0000000180025095e-35 1243.0911252053124 1.0000000180025095e-35 0.91597561503675362 13125.268750000001 94.291666666666671 7618.1475 0.60355339059327384 8971.8512500000015 11263.613750000002 2644.3921496924631 14872.922500000002 553.00875000000008
decision_type=2 2 2 2 2 2 2 2 2 2 2 2 2
left_child=2 8 3 4 7 10 -7 9 -2 -1 11 12 -4
right_child=1 -3 5 -5 -6 6 -8 -9 -10 -11 -12 -13 -14
leaf_value=0.99056210886687035 -1.5193775182611802 0.84384848295924164 0.12903692031284872 4.606319081383921 3.0241873896689642 -2.9437774705635871 0.39199886459728767 -1.9141546240023204 -4.9315849287369664 -0.94610666309084213 -2.246058403460347 2.1957331993466331 -0.82787781475172184
leaf_weight=215 50 82 2711 67 62 94 57 83 50 111 48 62 462
leaf_count=215 50 82 2711 67 62 94 57 83 50 111 48 62 462
internal_value=-0.0168449 -1.41508 0.0475595 0.836664 0.291774 -0.0762716 -1.69018 -0.12876 -3.25757 0.330222 -0.00154384 0.0324388 -0.0105055
internal_weight=4154 182 3972 538 471 3434 151 409 100 326 3283 3235 3173
internal_count=4154 182 3972 538 471 3434 151 409 100 326 3283 3235 3173
is_linear=0
shrinkage=0.03


Tree=246
num_leaves=15
num_cat=0
split_feature=53 28 2 8 7 35 35 44 38 3 21 51 35 23
split_gain=391782 800074 406266 1.15705e+06 445991 737958 605483 433333 385315 384719 427161 805666 569920 400367
threshold=1.0000000180025095e-35 1243.0911252053124 1.0000000180025095e-35 0.91597561503675362 9.5000000000000018 -48.583750000000684 -67.541250000000204 94.291666666666671 20.550000000000004 12.500000000000002 11635.052500000002 1.9166666666666667 669.00125000000037 12230.851458333336
decision_type=2 2 2 2 2 2 2 2 2 2 2 2 2 2
left_child=2 -2 3 4 6 -6 -1 9 -9 10 12 -12 -4 -11
right_child=1 -3 7 -5 5 -7 -8 8 -10 13 11 -13 -14 -15
leaf_value=0.92340041259666539 -3.1617588148022642 0.81883806682494742 0.24129761375249906 4.4701617043859816 0.001281733859229732 3.1989202226244884 -2.7628819010938912 -0.067532257719619848 -3.0919545091858391 -0.11847242020317486 -1.0456010441913781 1.9841628541699368 -2.6527977124127475 -1.4961568055522274
leaf_weight=76 100 82 848 67 221 91 83 73 78 1749 106 303 65 212
leaf_count=76 100 82 848 67 221 91 83 73 78 1749 106 303 65 212
internal_value=-0.0163622 -1.37355 0.0461513 0.811885 0.283093 0.941215 -1.00603 -0.0740121 -1.63998 -0.00150424 0.393854 1.19827 0.0325624 -0.268106
internal_weight=4154 182 3972 538 471 312 159 3434 151 3283 1322 409 913 1961
internal_count=4154 182 3972 538 471 312 159 3434 151 3283 1322 409 913 1961
is_linear=0
shrinkage=0.03


Tree=247
num_leaves=15
num_cat=0
split_feature=53 32 2 8 19 43 41 45 44 3 32 8 20 38
split_gain=368830 765471 382595 1.08967e+06 428842 526357 525084 491843 448338 437016 423808 422532 413496 433380
threshold=1.0000000180025095e-35 1493.6470713289089 1.0000000180025095e-35 0.91597561503675362 8270.4175000000014 92.916666666666671 81.500000000000014 0.35000000000000003 89.625000000000014 12.500000000000002 2135.6409999327057 0.60355339059327384 10197.567500000003 25.250000000000004
decision_type=2 2 2 2 2 2 2 2 2 2 2 2 2 2
left_child=2 -2 3 11 5 8 -7 9 -4 10 -6 12 13 -1
right_child=1 -3 4 -5 7 6 -8 -9 -10 -11 -12 -13 -14 -15
leaf_value=2.6730297095293087 -3.221295491158962 0.65442922941843662 -0.64526826684460314 4.3380289439594044 1.0329299423711331 -4.1835563874244688 -1.0441880540531583 -1.0954129928112031 1.4441564646432565 -0.11793135382717963 -0.36183367825382923 -1.5507121151167413 -0.63068779370678008 0.16295580590643535
leaf_weight=125 93 89 325 67 810 59 245 274 128 1335 258 91 133 122
leaf_count=125 93 89 325 67 810 59 245 274 128 1335 258 91 133 122
internal_value=-0.0158912 -1.33272 0.0447634 0.787855 -0.0718467 -0.701794 -1.66524 0.106479 -0.0529654 0.243929 0.695955 0.274688 0.714785 1.43895
internal_weight=4154 182 3972 538 3434 757 304 2677 453 2403 1068 471 380 247
internal_count=4154 182 3972 538 3434 757 304 2677 453 2403 1068 471 380 247
is_linear=0
shrinkage=0.03


Tree=248
num_leaves=15
num_cat=0
split_feature=53 16 9 11 8 19 43 24 17 45 44 3 7 35
split_gain=347249 598647 429801 360262 1.02625e+06 403672 495609 748118 546531 462865 422006 411210 402261 681814
threshold=1.0000000180025095e-35 10702.990000000002 0.60355339059327384 0.81174490092936691 0.91597561503675362 8270.4175000000014 92.916666666666671 1531.1081595723942 8560.1812500000033 0.35000000000000003 89.625000000000014 12.500000000000002 9.5000000000000018 -48.583750000000684
decision_type=2 2 2 2 2 2 2 2 2 2 2 2 2 2
left_child=3 2 -2 5 12 6 10 8 -8 11 -1 -7 -5 -14
right_child=1 -3 -4 4 -6 9 7 -9 -10 -11 -12 -13 13 -15
leaf_value=-0.62596960804510882 -3.6585914435210714 1.558381629087487 -0.17633339045182714 -0.95779923427104952 4.2098018678847478 0.67509509836963899 -1.6389425320879927 -4.9735233872294424 1.8329287411184871 -1.0626701213218948 1.401167601028154 -0.11439605909109347 -0.011760864950515128 3.0616415265332098
leaf_weight=325 82 48 52 159 67 1068 205 49 50 274 128 1335 221 91
leaf_count=325 82 48 52 159 67 1068 205 49 50 274 128 1335 221 91
internal_value=-0.0154331 -1.29316 -2.31869 0.0434202 0.764497 -0.0697351 -0.680916 -1.6158 -0.953624 0.103278 -0.0513226 0.236618 0.266488 0.891518
internal_weight=4154 182 134 3972 538 3434 757 304 255 2677 453 2403 471 312
internal_count=4154 182 134 3972 538 3434 757 304 255 2677 453 2403 471 312
is_linear=0
shrinkage=0.03


Tree=249
num_leaves=15
num_cat=0
split_feature=9 0 32 0 53 28 2 8 19 32 11 0 28 40
split_gain=339641 806558 657221 550079 407830 773655 378003 934489 420909 700536 419768 408318 331702 288812
threshold=0.91597561503675362 1.0000000180025095e-35 1826.9928250198579 2.5000000000000004 1.0000000180025095e-35 1243.0911252053124 1.0000000180025095e-35 0.91597561503675362 7618.1475 1480.1270465222751 -0.56174490092936669 9.5000000000000018 1415.7729342682321 24.229166666666675
decision_type=2 2 2 2 2 2 2 2 2 2 2 2 2 2
left_child=3 13 -3 12 6 -6 7 11 9 -8 -10 -5 -1 -2
right_child=1 2 -4 4 5 -7 8 -9 10 -11 -12 -13 -14 -15
leaf_value=-0.68510321472762925 -1.8980284654091704 0.43235638322199094 3.0794548191448738 -1.4762747526946274 -3.5361975204653855 0.71698978606968711 0.041235362334251402 4.0853651592135432 0.60994386575065251 -2.4610870640376614 -0.22185201905112803 0.81679218834822942 -3.3336315051434746 0.59320906204335822
leaf_weight=108 109 203 144 91 81 72 249 67 825 168 1610 290 70 67
leaf_count=108 109 203 144 91 81 72 249 67 825 168 1610 290 70 67
internal_value=-0.0149738 0.69903 1.5366 -0.117985 -0.033911 -1.54294 0.0364948 0.845599 -0.0908482 -0.970335 0.0600965 0.266634 -1.73955 -0.951581
internal_weight=4154 523 347 3631 3453 153 3300 448 2852 417 2435 381 178 176
internal_count=4154 523 347 3631 3453 153 3300 448 2852 417 2435 381 178 176
is_linear=0
shrinkage=0.03


Tree=250
num_leaves=15
num_cat=0
split_feature=36 0 0 43 39 41 14 32 16 31 28 29 21 43
split_gain=431908 490038 738969 808093 509676 414153 567533 553409 486603 360285 451466 414105 371313 279042
threshold=134.29125000000025 17.500000000000004 16.500000000000004 62.750000000000007 25.341666666666669 41.500000000000007 0.64056958004474651 1951.6887491299783 12899.341250000001 11762.178802083336 2477.9902160971237 10238.503750000002 13200.643750000003 96.083333333333357
decision_type=2 2 2 2 2 2 2 2 2 2 2 2 2 2
left_child=1 2 5 -4 -3 -1 8 -8 -7 10 11 12 13 -2
right_child=9 4 3 -5 -6 6 7 -9 -10 -11 -12 -13 -14 -15
leaf_value=1.807478052402536 0.22242992747346499 -0.16509494774117409 -5.7228954721899594 -0.51452563306380961 1.6656786151564849 -0.17574144779495765 -0.99714607210720296 -4.8965602462875601 -2.0561171284630237 2.0542636517322421 -1.8632607522934346 -1.9079640161991118 2.9129844903945923 2.0168287580937192
leaf_weight=71 1303 453 50 57 195 1391 101 48 135 98 90 71 51 82
leaf_count=71 1303 453 50 57 195 1391 101 48 135 98 90 71 51 82
internal_value=-0.0716282 -0.322149 -0.570408 -2.97894 0.387527 -0.421177 -0.516676 -2.2777 -0.343339 0.297982 0.18898 0.312707 0.423765 0.330058
internal_weight=4196 2501 1853 107 648 1746 1675 149 1526 1695 1597 1507 1436 1385
internal_count=4196 2501 1853 107 648 1746 1675 149 1526 1695 1597 1507 1436 1385
is_linear=0
shrinkage=0.03


Tree=251
num_leaves=15
num_cat=0
split_feature=36 42 33 8 2 39 14 15 41 41 8 35 39 20
split_gain=420201 389038 843547 567142 592177 583116 684908 408707 757434 519411 558908 543020 515200 452317
threshold=1868.8562500000005 65.500000000000014 9624.3275000000012 -0.9159756150367534 3.5000000000000004 24.958333333333339 -0.78409092058138996 -0.96011450294824408 71.500000000000014 70.500000000000014 -0.9159756150367534 -170.76750000000035 20.158333333333339 9633.4350000000013
decision_type=2 2 2 2 2 2 2 2 2 2 2 2 2 2
left_child=1 2 3 4 -1 6 -5 8 -3 13 11 -11 -12 -9
right_child=-2 7 -4 5 -6 -7 -8 9 -10 10 12 -13 -14 -15
leaf_value=-0.70900006472363186 2.0438521789570889 -2.38791757317526 2.7353677827312102 0.50175173802598683 -4.3258999130576852 0.34206182208791208 -2.2802576331886244 1.5261647695170506 1.3410810475805843 -0.15383810438428605 0.36220569300804384 2.6520763956542526 -0.68064887517669126 -1.6109043665564788
leaf_weight=84 82 55 61 118 79 355 242 269 396 139 584 111 1573 48
leaf_count=84 82 55 61 118 79 355 242 269 396 139 584 111 1573 48
internal_value=-0.0695341 -0.112148 -0.648244 -0.886186 -2.47776 -0.520377 -1.36947 0.0465508 0.882015 -0.0920406 -0.2425 1.09753 -0.398256 1.04753
internal_weight=4196 4114 939 878 163 715 360 3175 451 2724 2407 250 2157 317
internal_count=4196 4114 939 878 163 715 360 3175 451 2724 2407 250 2157 317
is_linear=0
shrinkage=0.03


Tree=252
num_leaves=15
num_cat=0
split_feature=0 9 0 2 8 0 8 18 44 9 14 39 33 48
split_gain=378705 669397 727324 640085 1.23417e+06 1.41941e+06 855532 780812 548816 475380 465670 369320 241754 165819
threshold=1.0000000180025095e-35 0.91597561503675362 2.5000000000000004 4.5000000000000009 0.91597561503675362 6.5000000000000009 0.98296291314453421 6868.0737500000005 72.291666666666671 -0.5 -0.72800098152115733 21.725000000000005 7718.9887500000004 0.42083333333333323
decision_type=2 2 2 2 2 2 2 2 2 2 2 2 2 2
left_child=11 2 12 4 7 -6 9 -4 10 -5 -3 -1 -2 -10
right_child=1 8 3 6 5 -7 -8 -9 13 -11 -12 -13 -14 -15
leaf_value=-2.803336528207768 -1.0554744117955366 0.35735910015591116 -3.1049887711952806 0.32155557214084901 0.46785707947254179 4.3278796155398123 -4.4232313121482729 0.052084469140096012 0.73768757533009455 -1.0477785841822069 3.7135747154780794 -0.076540441733339556 -3.3015748638075748 -1.2082360786816169
leaf_weight=87 107 58 72 395 249 130 51 2062 122 538 104 91 73 57
leaf_count=87 107 58 72 395 249 130 51 2062 122 538 104 91 73 57
internal_value=-0.0674524 -0.00729845 -0.125348 -0.0293574 0.224629 1.79982 -0.677589 -0.0558309 1.26223 -0.46831 2.52162 -1.4176 -1.97968 0.114683
internal_weight=4196 4018 3677 3497 2513 379 984 2134 341 933 162 178 180 179
internal_count=4196 4018 3677 3497 2513 379 984 2134 341 933 162 178 180 179
is_linear=0
shrinkage=0.03


Tree=253
num_leaves=15
num_cat=0
split_feature=0 9 0 6 8 0 8 18 25 44 14 39 35 33
split_gain=356561 630192 684842 602501 1.16178e+06 1.33619e+06 816192 735279 654042 516748 438382 347736 266983 227683
threshold=1.0000000180025095e-35 0.91597561503675362 2.5000000000000004 1.0000000180025095e-35 0.91597561503675362 6.5000000000000009 0.91597561503675362 6868.0737500000005 7835.326250000001 72.291666666666671 -0.72800098152115733 21.725000000000005 390.47249999999991 7718.9887500000004
decision_type=2 2 2 2 2 2 2 2 2 2 2 2 2 2
left_child=11 2 13 4 7 -6 8 -4 -5 10 -3 -1 -8 -2
right_child=1 9 3 6 5 -7 12 -9 -10 -11 -12 -13 -14 -15
leaf_value=-2.720192121081054 -1.0241033739513821 0.34682007175380902 -3.0131151282950621 1.0522290956057034 0.45387751466274262 4.1990343313863256 -1.1559251959890615 0.050522684651348869 -0.81521785165413763 0.11116125161449114 3.6032284908294678 -0.074269199704994321 -3.7842478877100452 -3.2038660984425928
leaf_weight=87 107 58 72 233 249 130 60 2062 605 179 104 91 86 73
leaf_count=87 107 58 72 233 249 130 60 2062 605 179 104 91 86 73
internal_value=-0.0654792 -0.00711035 -0.121651 -0.0285056 0.217911 1.7462 -0.657418 -0.0541986 -0.295334 1.22468 2.44673 -1.37556 -2.71943 -1.92102
internal_weight=4196 4018 3677 3497 2513 379 984 2134 838 341 162 178 146 180
internal_count=4196 4018 3677 3497 2513 379 984 2134 838 341 162 178 146 180
is_linear=0
shrinkage=0.03


Tree=254
num_leaves=8
num_cat=0
split_feature=36 19 29 16 16 33 21
split_gain=392983 456537 496350 338191 471924 737378 705523
threshold=1868.8562500000005 6058.8950000000013 5537.8487500000001 15310.590000000002 12656.721250000001 8024.7462500000011 13401.830000000004
decision_type=2 2 2 2 2 2 2
left_child=1 -1 -3 4 6 -6 -4
right_child=-2 2 3 -5 5 -7 -8
leaf_value=2.3514449955812142 1.9802341563945793 -2.9759414325681601 -0.071279231505596438 2.208631549818175 -2.8843544035562632 -0.26743276716889564 3.4495993676552406
leaf_weight=66 82 54 3420 55 136 332 51
leaf_count=66 82 54 3420 55 136 332 51
internal_value=-0.0635575 -0.104769 -0.145391 -0.106382 -0.139262 -1.03247 -0.0185634
internal_weight=4196 4114 4048 3994 3939 468 3471
internal_count=4196 4114 4048 3994 3939 468 3471
is_linear=0
shrinkage=0.03


Tree=255
num_leaves=12
num_cat=0
split_feature=36 25 28 29 26 16 21 48 10 15 41
split_gain=561094 405185 613494 318085 380444 568661 863750 545567 460577 447413 241196
threshold=-1667.9124999999992 12657.168750000001 2244.7090175357944 10721.503750000002 13976.335000000001 12656.721250000001 13200.643750000003 0.008333333333333302 1.0000000180025095e-35 -0.87444874304365161 47.500000000000007
decision_type=2 2 2 2 2 2 2 2 2 2 2
left_child=-1 3 10 4 5 6 -2 8 -6 -7 -3
right_child=1 2 -4 -5 7 9 -8 -9 -10 -11 -12
leaf_value=-2.6284615217028438 0.062821960150094613 -1.2095043544380031 0.65874245295796208 -1.6613868423431148 1.6193942253589628 -3.9930221796736998 4.0352182392597191 3.0815265464264412 -1.5876004827839054 -0.65923686889931554 -4.0981899125576016
leaf_weight=73 3349 48 78 92 89 50 49 91 72 127 59
leaf_count=73 3349 48 78 92 89 50 49 91 72 127 59
internal_value=-0.0393986 0.00727983 -1.36084 0.0721977 0.1143 0.034724 0.12128 1.23854 0.184171 -1.61821 -2.82567
internal_weight=4177 4104 185 3919 3827 3575 3398 252 161 177 107
internal_count=4177 4104 185 3919 3827 3575 3398 252 161 177 107
is_linear=0
shrinkage=0.03


Tree=256
num_leaves=10
num_cat=0
split_feature=36 36 16 21 21 51 21 16 16
split_gain=528362 385404 365264 862998 828444 658336 683204 390354 439860
threshold=-1667.9124999999992 2044.0600000000006 12656.721250000001 12224.327500000001 13200.643750000003 0.41666666666666669 14872.922500000002 12409.361250000004 10238.503750000002
decision_type=2 2 2 2 2 2 2 2 2
left_child=-1 2 4 -4 7 -5 -7 8 -2
right_child=1 -3 3 5 -6 6 -8 -9 -10
leaf_value=-2.5506733174903973 0.18902754329180488 2.5987076149267305 -3.950073046968944 -3.574848727401422 3.9165828281879422 -0.39384908628639054 3.1822863600509503 2.3305981371952935 -0.5778547339686988
leaf_weight=73 2515 50 66 48 49 339 55 64 918
leaf_count=73 2515 50 66 48 49 339 55 64 918
internal_value=-0.0382626 0.00703381 -0.0255599 -0.777089 0.0822886 -0.295414 0.112112 0.0274539 -0.0161445
internal_weight=4177 4104 4054 508 3546 442 394 3497 3433
internal_count=4177 4104 4054 508 3546 442 394 3497 3433
is_linear=0
shrinkage=0.03


Tree=257
num_leaves=10
num_cat=0
split_feature=36 29 36 16 21 21 51 18 32
split_gain=497561 365362 395025 390082 805091 762115 620875 412586 257451
threshold=-1667.9124999999992 10721.503750000002 1868.8562500000005 12656.721250000001 12224.327500000001 13200.643750000003 0.58333333333333337 13019.748750000001 2113.3632062775664
decision_type=2 2 2 2 2 2 2 2 2
left_child=-1 2 3 5 -5 7 -6 -2 -3
right_child=1 8 -4 4 6 -7 -8 -9 -10
leaf_value=-2.4751871067446629 0.030164211070794849 -0.14868246151850772 2.1815492750143077 -4.0674512035058719 -3.24590300359224 3.8014352348327636 0.1149575348997116 2.8031710619585852 -3.0740791494270847
leaf_weight=73 3335 51 76 58 56 49 374 48 57
leaf_count=73 3335 51 76 58 56 49 374 48 57
internal_value=-0.0371062 0.00684998 0.0535845 0.0117784 -0.780955 0.124697 -0.329217 0.0703304 -1.70682
internal_weight=4177 4104 3996 3920 488 3432 430 3383 108
internal_count=4177 4104 3996 3920 488 3432 430 3383 108
is_linear=0
shrinkage=0.03


Tree=258
num_leaves=11
num_cat=0
split_feature=36 22 16 21 21 20 36 46 20 52
split_gain=468541 354783 509464 729230 558523 434473 420153 402270 486558 262227
threshold=-1667.9124999999992 14791.635000000002 12656.721250000001 13200.643750000003 12467.418750000001 8418.3262500000001 -1.0000000180025095e-35 1.0000000180025095e-35 7981.8962500000007 10.54166666666667
decision_type=2 2 2 2 2 2 2 2 2 2
left_child=-1 2 3 7 -4 -6 -7 8 -2 -9
right_child=1 -3 4 -5 5 6 -8 9 -10 -11
leaf_value=-2.4019349792196945 1.3324939628448222 2.108892139238371 -3.0983992694201095 3.689673099517822 1.6627742710247846 -2.2852016291427613 -0.040688384591587003 -2.4423754073892319 0.087436066566632012 -0.33283765835032481
leaf_weight=73 325 70 88 49 70 124 188 55 2118 1017
leaf_count=73 325 70 88 49 70 124 188 55 2118 1017
internal_value=-0.0360222 0.00663275 -0.0303566 0.0921604 -0.957656 -0.457659 -0.937237 0.0409708 0.253554 -0.443259
internal_weight=4177 4104 4034 3564 470 382 312 3515 2443 1072
internal_count=4177 4104 4034 3564 470 382 312 3515 2443 1072
is_linear=0
shrinkage=0.03


Tree=259
num_leaves=15
num_cat=0
split_feature=9 44 15 44 9 2 8 23 24 8 44 0 44 38
split_gain=333794 689738 622674 617165 532291 461050 682056 926902 412225 406868 712868 670605 301722 320454
threshold=0.91597561503675362 69.375000000000014 -0.95517546204608139 58.791666666666679 0.78656609248549303 5.5000000000000009 0.91597561503675362 10246.819166666668 570.12498313524577 0.91597561503675362 94.708333333333357 6.5000000000000009 55.291666666666679 25.950000000000003
decision_type=2 2 2 2 2 2 2 2 2 2 2 2 2 2
left_child=3 -2 -3 12 5 9 7 -7 -4 10 -5 -11 13 -1
right_child=1 2 8 4 -6 6 -8 -9 -10 11 -12 -13 -14 -15
leaf_value=-2.0601543363520975 1.9991036126822657 2.566803336951692 -3.0764882883532292 0.17505833259716477 -1.2199044050846031 0.83677899643778797 -3.221537105777684 -2.4294024356480302 -0.20425641115644189 0.2304402557077507 -2.8599939267834027 2.7120601925433885 -3.0113828321014133 0.42004057361233615
leaf_weight=94 210 58 57 2133 305 239 84 115 201 287 71 148 83 92
leaf_count=94 210 58 57 2133 305 239 84 115 201 287 71 148 83 92
internal_value=-0.0349539 0.670856 -0.215315 -0.1368 -0.0265952 0.0920417 -0.808233 -0.228081 -0.848305 0.241717 0.0760272 1.07908 -1.51706 -0.837625
internal_weight=4177 526 316 3651 3382 3077 438 354 258 2639 2204 435 269 186
internal_count=4177 526 316 3651 3382 3077 438 354 258 2639 2204 435 269 186
is_linear=0
shrinkage=0.03


Tree=260
num_leaves=15
num_cat=0
split_feature=29 35 15 24 39 18 43 8 35 43 39 20 15 20
split_gain=346497 335296 732748 363549 323278 414256 336071 487245 468774 463005 436963 599563 387454 197210
threshold=10680.356250000003 -763.51250000000061 -0.64713682673509032 820.31893631973185 28.008333333333336 12175.31875 60.916666666666679 -0.9159756150367534 -151.66499999999994 56.583333333333336 25.175000000000008 6817.1900000000014 -0.91281223188962002 12218.395000000002
decision_type=2 2 2 2 2 2 2 2 2 2 2 2 2 2
left_child=1 2 -1 -4 6 -6 7 8 -3 -9 11 -8 -12 -2
right_child=13 4 3 -5 5 -7 10 9 -10 -11 12 -13 -14 -15
leaf_value=-1.1489241271274431 -2.6570977539601532 -4.6639912216618375 4.5765905673548852 1.1535747742364484 3.1443047960288824 -0.38251094391471463 -1.8407752326386566 0.86609231153579602 -0.64011220356203469 -1.6917700651208911 -0.62748702306425974 -0.0022092961510905207 1.7044837585810957 -0.23154739561947907
leaf_weight=69 68 52 52 61 63 56 168 145 52 112 88 2880 231 54
leaf_count=69 68 52 52 61 63 56 168 145 52 112 88 2880 231 54
internal_value=-0.0257096 0.0221659 1.27681 2.75523 -0.0375033 1.49514 -0.0868182 -0.955395 -2.67745 -0.250797 0.00655965 -0.104123 1.06118 -1.59423
internal_weight=4151 4029 182 113 3847 119 3728 361 104 257 3367 3048 319 122
internal_count=4151 4029 182 113 3847 119 3728 361 104 257 3367 3048 319 122
is_linear=0
shrinkage=0.03


Tree=261
num_leaves=11
num_cat=0
split_feature=22 29 35 15 39 25 5 0 23 35
split_gain=341393 309491 337558 690173 289421 360566 289272 307772 194917 186446
threshold=14791.635000000002 10680.356250000003 -763.51250000000061 -0.64713682673509032 28.008333333333336 11738.483750000001 124.50000000000001 10.500000000000002 12172.006875000001 -880.23874999999941
decision_type=2 2 2 2 2 2 2 2 2 2
left_child=1 2 3 -1 6 -6 -4 -8 -5 -3
right_child=-2 9 4 8 5 -7 7 -9 -10 -11
leaf_value=-1.1149487934580871 1.8130618252178254 -0.10913958120346069 -2.2853215149099175 1.4442759132385254 2.9220816998822348 -0.5196410417070193 0.18138659496894571 -0.37365832790061915 3.9667973406314849 -2.4975984169421968
leaf_weight=69 88 49 54 59 62 48 1818 1777 54 73
leaf_count=69 88 49 54 59 62 48 1818 1777 54 73
internal_value=-0.0249564 -0.0652058 -0.0189465 1.23926 -0.0801825 1.42895 -0.126059 -0.0929942 2.67408 -1.54711
internal_weight=4151 4063 3941 182 3759 110 3649 3595 113 122
internal_count=4151 4063 3941 182 3759 110 3649 3595 113 122
is_linear=0
shrinkage=0.03


Tree=262
num_leaves=15
num_cat=0
split_feature=22 9 15 29 21 24 9 15 53 32 19 44 31 11
split_gain=321428 309785 672969 780472 413483 383024 433712 549812 527160 587141 511037 493391 370170 293530
threshold=14791.635000000002 -0.91597561503675329 -0.98053927088909909 6777.2100000000019 13756.161250000003 2003.2885875299305 -0.60355339059327384 -0.91968655568559032 1.0000000180025095e-35 1505.8264431770579 6367.4412500000008 93.541666666666671 9763.9150520833336 1.0000000180025095e-35
decision_type=2 2 2 2 2 2 2 2 2 2 2 2 2 2
left_child=1 2 -1 13 -5 6 7 12 10 -10 -8 -9 -3 -4
right_child=-2 5 3 4 -6 -7 8 11 9 -11 -12 -13 -14 -15
leaf_value=-3.9994589999088874 1.7592810972353046 -2.593719037743285 -1.0497768522302309 1.1626545530717785 -1.2161683410343371 -2.3041872608277107 2.9273882642781959 1.5641926692178967 -3.90364555419381 0.038347518580300465 -0.047118717514720791 -1.3820386411403789 0.73561013472707637 -3.9616436624526972
leaf_weight=51 88 63 71 213 94 61 52 445 66 69 2709 57 56 56
leaf_count=51 88 63 71 213 94 61 52 445 66 69 2709 57 56 56
internal_value=-0.024183 -0.0632379 -0.773925 -0.38653 0.432653 0.0332813 0.0744708 0.793229 -0.0798706 -1.90327 0.00993659 1.22755 -1.03378 -2.35479
internal_weight=4151 4063 485 434 307 3578 3517 621 2896 135 2761 502 119 127
internal_count=4151 4063 485 434 307 3578 3517 621 2896 135 2761 502 119 127
is_linear=0
shrinkage=0.03


Tree=263
num_leaves=13
num_cat=0
split_feature=21 29 9 15 38 44 35 18 14 19 27 20
split_gain=316543 295125 328110 668352 561006 474789 473450 389833 345160 321338 373847 182727
threshold=15252.253750000002 10680.356250000003 -0.91597561503675329 -0.95517546204608139 24.750000000000004 89.625000000000014 -763.51250000000061 10603.283750000001 -0.43167285247378373 6058.8950000000013 7366.1403125000006 12218.395000000002
decision_type=2 2 2 2 2 2 2 2 2 2 2 2
left_child=1 2 3 -1 5 -5 8 -6 -4 -8 -11 -3
right_child=-2 11 6 4 7 -7 9 -9 -10 10 -12 -13
leaf_value=-3.2950946743457346 2.3253814629947436 -2.523110034310299 2.8424583026421697 -4.0672479776469137 -1.4516337666144739 -0.20447074858868708 2.1755806497667654 0.99016012488305571 0.041923198544460791 -1.8566018778208604 0.034242564735530445 -0.18904408628290351
leaf_weight=76 50 68 94 54 77 60 60 239 68 96 3155 54
leaf_count=76 50 68 94 54 77 60 60 239 68 96 3155 54
internal_value=-0.0235463 -0.0527484 -0.00800297 -0.720932 -0.25934 -2.05379 0.0960408 0.392416 1.67449 0.0183241 -0.022142 -1.50006
internal_weight=4151 4101 3979 506 430 114 3473 316 162 3311 3251 122
internal_count=4151 4101 3979 506 430 114 3473 316 162 3311 3251 122
is_linear=0
shrinkage=0.03


Tree=264
num_leaves=13
num_cat=0
split_feature=22 33 9 18 40 35 17 23 8 5 7 10
split_gain=300862 284231 572392 381166 460550 400379 966482 802093 348473 493128 468279 314736
threshold=14791.635000000002 5265.7787500000004 0.25881904510252057 6537.8225000000011 20.854166666666671 553.00875000000008 8521.9850000000024 8609.9583333333339 0.12940952255126045 156.50000000000003 1.5000000000000002 -1.0000000180025095e-35
decision_type=2 2 2 2 2 2 2 2 2 2 2 2
left_child=1 2 -1 4 -3 8 11 -8 9 -5 -10 -7
right_child=-2 3 -4 5 -6 6 7 -9 10 -11 -12 -13
leaf_value=0.59285399326911337 1.7025876033574008 3.4689069758868607 -3.9139683414459223 0.9213970935566137 -0.31131980921540942 -4.1437171853843484 2.4537761500348214 -0.65360706723050066 2.0195477727568072 -0.35231187128258756 0.24738552951029147 -1.5075545169461158
leaf_weight=51 88 60 49 322 55 75 91 398 156 1787 927 92
leaf_count=51 88 60 49 322 55 75 91 398 156 1787 927 92
internal_value=-0.0228774 -0.0606624 -1.63223 -0.0206009 1.67374 -0.0716632 -0.746091 -0.0714833 0.0671267 -0.157492 0.504297 -2.70917
internal_weight=4151 4063 100 3963 115 3848 656 489 3192 2109 1083 167
internal_count=4151 4063 100 3963 115 3848 656 489 3192 2109 1083 167
is_linear=0
shrinkage=0.03


Tree=265
num_leaves=15
num_cat=0
split_feature=39 33 36 44 16 15 36 16 19 8 0 15 19 27
split_gain=427970 426788 523997 602811 454512 632939 728570 569722 560000 419003 874566 527162 416372 509877
threshold=30.175000000000008 8428.6462500000016 -505.55374999999998 83.458333333333357 12656.721250000001 -0.90566889813915308 178.63624999999959 11257.176250000002 10914.403750000001 -0.9159756150367534 18.500000000000004 -0.83910684176851635 8002.55375 8663.215000000002
decision_type=2 2 2 2 2 2 2 2 2 2 2 2 2 2
left_child=1 4 -3 -4 7 -6 -7 9 -8 10 -1 -11 13 -9
right_child=-2 2 3 -5 5 6 8 12 -10 11 -12 -13 -14 -15
leaf_value=-0.29511056492773541 -2.1988116338619816 -1.2613273143768311 0.85702667180482328 4.1768103361129763 -3.8764600885109819 -2.2071577002888634 2.7331163487911221 1.8699801147685331 -0.82591416156291952 0.41600112903538283 2.8947444396320638 -0.53664535114252943 1.6440577996182211 -2.0513700400292874
leaf_weight=208 77 83 332 57 60 125 74 50 84 750 122 1720 308 71
leaf_count=208 77 83 332 57 60 125 74 50 84 750 122 1720 308 71
internal_value=0.00225158 0.044698 0.891529 1.35297 -0.0674154 -1.10407 -0.504651 0.0430061 0.847585 -0.113088 0.889307 -0.247323 1.05973 -0.428809
internal_weight=4121 4044 472 389 3572 343 283 3229 158 2800 330 2470 429 121
internal_count=4121 4044 472 389 3572 343 283 3229 158 2800 330 2470 429 121
is_linear=0
shrinkage=0.03


Tree=266
num_leaves=14
num_cat=0
split_feature=39 33 36 44 30 38 45 3 22 5 18 21 52
split_gain=403000 401773 493356 567919 348262 309445 287198 323692 290268 284154 278564 259190 199025
threshold=30.175000000000008 8428.6462500000016 -505.55374999999998 83.458333333333357 15227.852500000003 26.150000000000002 0.95000000000000007 30.500000000000004 14407.698750000001 227.50000000000003 14276.836250000002 11183.176250000002 39.416666666666679
decision_type=2 2 2 2 2 2 2 2 2 2 2 2 2
left_child=1 4 -3 5 6 11 7 8 -1 12 -6 -4 -8
right_child=-2 2 3 -5 10 -7 9 -9 -10 -11 -12 -13 -14
leaf_value=-0.023524736606542179 -2.1336929920086494 -1.2239379705701556 0.86510071657223409 4.0536664295196534 -2.6414997222481005 2.3343190371195477 -3.584834450626373 2.0493540010352929 2.1367517160898761 0.20278066067695616 -0.060834874698093955 -1.3346643122759734 -0.85636342428168466
leaf_weight=3123 77 83 178 57 82 89 49 71 56 74 69 65 48
leaf_count=3123 77 83 178 57 82 89 49 71 56 74 69 65 48
internal_value=0.00219356 0.0433832 0.865023 1.31277 -0.0653949 0.831393 -0.00295819 0.0602452 0.0151851 -1.19765 -1.47051 0.273566 -2.25733
internal_weight=4121 4044 472 389 3572 332 3421 3250 3179 171 151 243 97
internal_count=4121 4044 472 389 3572 332 3421 3250 3179 171 151 243 97
is_linear=0
shrinkage=0.03


Tree=267
num_leaves=15
num_cat=0
split_feature=39 33 36 16 36 38 14 21 8 28 36 15 22 35
split_gain=379482 378298 464537 426743 536181 700211 598941 499666 360300 867088 362200 338684 440978 313067
threshold=30.175000000000008 8428.6462500000016 -505.55374999999998 12782.262500000003 292.04000000000002 26.550000000000004 -0.48504197719567627 11734.361250000002 -0.9159756150367534 1229.7750648631093 -62.782500000000248 -0.58639553337069572 10664.183750000002 792.0225000000006
decision_type=2 2 2 2 2 2 2 2 2 2 2 2 2 2
left_child=1 3 -3 7 6 -6 -5 8 9 -1 -10 12 -4 -13
right_child=-2 2 11 4 5 -7 -8 -9 10 -11 -12 13 -14 -15
leaf_value=1.5331711116015909 -2.0705028987160095 -1.1876569524833134 1.1618600288459233 -0.66077682982791552 1.5039708260032865 -2.70622516272203 -4.3691410778462885 1.1608309963701282 -0.62550996803002401 -1.8697065378057545 0.096742169719885335 1.1444204203571593 4.771420668971782 -1.498780709838867
leaf_weight=299 77 83 83 87 107 52 71 321 1094 86 1455 209 48 49
leaf_count=299 77 83 83 87 107 52 71 321 1094 86 1455 209 48 49
internal_value=0.00212584 0.0420957 0.83937 -0.0634565 -1.1124 0.118649 -2.34429 0.0390042 -0.0840801 0.770134 -0.213358 1.27385 2.51069 0.638511
internal_weight=4121 4044 472 3572 317 159 158 3255 2934 385 2549 389 131 258
internal_count=4121 4044 472 3572 317 159 158 3255 2934 385 2549 389 131 258
is_linear=0
shrinkage=0.03


Tree=268
num_leaves=15
num_cat=0
split_feature=39 33 36 44 30 38 0 0 26 45 44 9 44 25
split_gain=357328 356207 437397 532982 318750 285354 282671 576154 465866 443260 260155 246200 231352 297058
threshold=30.175000000000008 8428.6462500000016 -505.55374999999998 83.458333333333357 15227.852500000003 26.150000000000002 20.500000000000004 17.500000000000004 9378.2662500000024 1.0500000000000003 69.708333333333357 0.91597561503675362 77.708333333333357 12044.281250000002
decision_type=2 2 2 2 2 2 2 2 2 2 2 2 2 2
left_child=1 4 -3 5 6 11 7 9 -9 -1 -8 -4 13 -6
right_child=-2 2 3 -5 12 -7 10 8 -10 -11 -12 -13 -14 -15
leaf_value=0.022782405425990412 -2.0091840946674346 -1.1524514274937765 -0.25423741426971769 3.8911537680954762 -2.1533563607322925 2.2130516023635867 0.076494465074916876 3.229932155540356 0.65372697627050635 -1.8299644332782166 -1.3931813888828806 2.0884199742709888 -2.9392942017476473 1.1514958240547959
leaf_weight=2451 77 83 193 57 48 89 201 77 337 121 234 50 55 48
leaf_count=2451 77 83 193 57 48 89 201 77 337 121 234 50 55 48
internal_value=0.00203554 0.0408212 0.814467 1.23606 -0.0616026 0.769856 -0.00187011 0.102282 1.13954 -0.0650518 -0.715437 0.234313 -1.40587 -0.50594
internal_weight=4121 4044 472 389 3572 332 3421 2986 414 2572 435 243 151 96
internal_count=4121 4044 472 389 3572 332 3421 2986 414 2572 435 243 151 96
is_linear=0
shrinkage=0.03


Tree=269
num_leaves=15
num_cat=0
split_feature=39 33 16 15 23 17 53 8 44 15 44 0 37 40
split_gain=336481 335516 396429 591596 566950 524008 395075 498024 395006 452377 376436 366320 328395 320468
threshold=30.175000000000008 8428.6462500000016 12656.721250000001 -0.90566889813915308 12055.580625000001 11678.481250000003 1.0000000180025095e-35 -0.9159756150367534 69.708333333333357 -0.94445443497892134 85.708333333333357 19.500000000000004 25.050000000000004 25.495833333333334
decision_type=2 2 2 2 2 2 2 2 2 2 2 2 2 2
left_child=1 2 5 -4 -5 6 7 -1 -7 -10 11 13 -6 -3
right_child=-2 10 3 4 12 8 -8 -9 9 -11 -12 -13 -14 -15
leaf_value=1.1556952938822327 -1.9496813740180086 0.54443170104707994 -3.7081573001673962 1.6407355147671987 -2.8145490574836729 -1.1468141602496711 -1.633870065177945 -0.13350728031318812 -0.5778149302800496 2.5845846817890803 3.1007569901858059 2.2632426707069557 -0.33248675327147204 -1.6490391439657943
leaf_weight=301 77 258 60 82 78 48 138 2519 53 170 55 82 123 77
leaf_count=301 77 258 60 82 78 48 138 2519 53 170 55 82 123 77
internal_value=0.00198608 0.0396234 -0.059781 -1.02793 -0.44858 0.0433427 -0.0724996 0.00445467 1.30345 1.83369 0.790464 0.479024 -1.30491 0.0368088
internal_weight=4121 4044 3572 343 283 3229 2958 2820 271 223 472 417 201 335
internal_count=4121 4044 3572 343 283 3229 2958 2820 271 223 472 417 201 335
is_linear=0
shrinkage=0.03


Tree=270
num_leaves=15
num_cat=0
split_feature=21 35 20 24 17 41 2 26 44 50 32 9 9 19
split_gain=447943 374174 624625 740603 575368 714113 708224 606723 363834 317659 373526 552080 333337 298527
threshold=15252.253750000002 553.00875000000008 8641.5962500000005 1462.7494518845012 8162.4762500000006 81.500000000000014 4.5000000000000009 8528.6750000000011 91.041666666666671 1.5000000000000002 1681.8813549245826 0.91597561503675362 0.60355339059327384 11834.443750000002
decision_type=2 2 2 2 2 2 2 2 2 2 2 2 2 2
left_child=1 9 3 -3 7 8 -7 -4 -6 10 12 -12 -1 -11
right_child=-2 2 4 -5 5 6 -8 -9 -10 13 11 -13 -14 -15
leaf_value=3.3153145005644822 2.7930083152770995 3.1018326744280365 -0.88183816253161817 -1.1947437117410742 -1.0557573192715644 1.943301425684582 -2.2511609024047852 -5.2029692478837637 -3.7844148442933432 0.10526508343359639 -0.31896449864118354 2.6699135836311005 0.2570915216869778 -0.64230653684647354
leaf_weight=81 49 75 60 68 199 131 49 57 56 2268 286 68 53 609
leaf_count=81 49 75 60 68 199 131 49 57 56 2268 286 68 53 609
internal_value=-0.0292112 -0.0639555 -0.697145 1.06449 -1.15464 -0.6489 0.795264 -3.01338 -1.66749 0.0669859 0.773896 0.261032 2.11669 -0.053143
internal_weight=4109 4060 695 143 552 435 180 117 255 3365 488 354 134 2877
internal_count=4109 4060 695 143 552 435 180 117 255 3365 488 354 134 2877
is_linear=0
shrinkage=0.03


Tree=271
num_leaves=15
num_cat=0
split_feature=28 24 22 37 32 24 31 14 30 32 24 44 40 28
split_gain=310116 1.06235e+06 581393 670414 670899 488631 598391 472706 470853 400890 390460 352306 504266 317314
threshold=1640.2489989238027 1820.1419515232617 11858.086250000002 23.250000000000004 1750.8566682094013 444.43941161268293 11968.438333333334 -0.69174588062027931 11247.258750000003 2284.6065219829093 1109.5597840719129 89.958333333333357 21.987500000000001 1969.5504411544528
decision_type=2 2 2 2 2 2 2 2 2 2 2 2 2 2
left_child=1 2 9 -4 10 13 7 8 -7 -1 -5 12 -9 -2
right_child=5 -3 3 4 -6 6 -8 11 -10 -11 -12 -13 -14 -15
leaf_value=-0.18090526285740596 0.053394961594036075 -4.2874876095567425 2.9035392236251099 -0.073788914382457729 -2.2747514448563257 -1.3377191179625842 3.7284854510095382 -1.3467276518066209 1.8537464472987282 -1.9644356192260228 3.3466138483010806 1.9031960102081298 0.51822957286834725 -2.309555853781375
leaf_weight=2431 122 55 116 71 71 48 53 230 283 118 51 74 299 87
leaf_count=2431 122 55 116 71 71 48 53 230 283 118 51 74 299 87
internal_value=-0.0283432 -0.195338 -0.115111 1.1117 0.0252527 0.378204 0.657271 0.479177 1.38826 -0.264214 1.37151 -0.021284 -0.293604 -0.936468
internal_weight=4109 2913 2858 309 193 1196 987 934 331 2549 122 603 529 209
internal_count=4109 2913 2858 309 193 1196 987 934 331 2549 122 603 529 209
is_linear=0
shrinkage=0.03


Tree=272
num_leaves=15
num_cat=0
split_feature=21 35 20 24 43 17 17 3 49 25 21 25 16 29
split_gain=412615 355514 588532 696153 581134 678777 602047 519254 367310 340230 362830 518737 368893 302291
threshold=15252.253750000002 553.00875000000008 8641.5962500000005 1462.7494518845012 95.583333333333357 8002.55375 8584.1987500000014 12.500000000000002 1.5000000000000002 13271.690000000002 9195.1975000000002 9758.3387500000008 9489.5737500000014 8273.2262500000015
decision_type=2 2 2 2 2 2 2 2 2 2 2 2 2 2
left_child=1 8 3 -3 5 -4 -6 -7 13 10 12 -12 -10 -1
right_child=-2 2 4 -5 6 7 -8 -9 9 -11 11 -13 -14 -15
leaf_value=2.1649282310337856 2.6811540006637573 3.0072091002213326 -4.782364420457319 -1.1584313988685608 -1.158357621919025 -0.11238533252196786 2.8703665115772665 -2.3780623360225133 -0.17831353012488516 -2.1591951176699467 0.99868608215796051 -0.20655252470871102 -1.8104445107835923 0.40971065446336002
leaf_weight=115 49 75 54 68 76 190 58 174 1385 67 604 685 136 373
leaf_count=115 49 75 54 68 76 190 58 174 1385 67 604 685 136 373
internal_value=-0.027489 -0.0608354 -0.678035 1.03195 -1.12211 -1.67228 0.593652 -1.19902 0.0667988 -0.0623762 -0.0116252 0.358523 -0.325354 0.82695
internal_weight=4109 4060 695 143 552 418 134 364 3365 2877 2810 1289 1521 488
internal_count=4109 4060 695 143 552 418 134 364 3365 2877 2810 1289 1521 488
is_linear=0
shrinkage=0.03


Tree=273
num_leaves=15
num_cat=0
split_feature=21 35 17 23 14 41 49 19 9 28 32 33 35 29
split_gain=388709 334646 536749 820961 487292 457749 345758 356699 600066 1.24504e+06 539921 444548 374726 284601
threshold=15252.253750000002 553.00875000000008 7132.6725000000015 7751.1291666666675 -0.97516411509186662 81.500000000000014 1.5000000000000002 11834.443750000002 0.25881904510252057 800.06864332679345 1719.9262144047184 7357.5437500000007 -491.85249999999991 8273.2262500000015
decision_type=2 2 2 2 2 2 2 2 2 2 2 2 2 2
left_child=1 6 -3 -4 -5 -6 13 8 9 -8 -9 -10 -12 -1
right_child=-2 2 3 4 5 -7 7 10 11 -11 12 -13 -14 -15
leaf_value=2.1005402331516656 2.6023280972957608 2.3718293964619539 -3.4312946940820241 2.1169386261105534 -1.4897729852103223 0.37647196635376978 3.4152382343262433 -2.899550558523885 -0.77838895075487025 0.25312144231113087 0.72377323116393799 0.37954347571553143 -0.96403787672147145 0.39745220490955413
leaf_weight=115 49 48 96 59 296 196 127 86 770 902 187 486 319 373
leaf_count=115 49 48 96 59 296 196 127 86 770 902 187 486 319 373
internal_value=-0.0266778 -0.0590439 -0.657855 -0.88596 -0.437049 -0.747024 0.0647876 -0.0605402 0.109551 0.646344 -0.716161 -0.330378 -0.340055 0.8023
internal_weight=4109 4060 695 647 551 492 3365 2877 2285 1029 592 1256 506 488
internal_count=4109 4060 695 647 551 492 3365 2877 2285 1029 592 1256 506 488
is_linear=0
shrinkage=0.03


Tree=274
num_leaves=15
num_cat=0
split_feature=21 35 20 3 17 42 3 26 49 19 21 28 9 35
split_gain=366173 314891 552109 661099 504560 580119 550834 395011 325442 337633 364576 453680 356806 311642
threshold=15252.253750000002 553.00875000000008 8641.5962500000005 18.500000000000004 8343.8175000000028 89.500000000000014 10.500000000000002 8528.6750000000011 1.5000000000000002 14260.093750000002 9195.1975000000002 989.41805218674938 -0.78656609248549303 -469.04749999999962
decision_type=2 2 2 2 2 2 2 2 2 2 2 2 2 2
left_child=1 8 3 -3 7 6 -6 -4 -1 10 12 -12 -10 -11
right_child=-2 2 4 -5 5 -7 -8 -9 9 13 11 -13 -14 -15
leaf_value=0.7783853512399036 2.5258196058332918 3.1986047091412897 -0.74646471250252644 -0.86786879534904771 0.067210692531806365 0.90326697249321419 -2.720756512810202 -3.965035424639539 -2.2106339160885131 -0.044066266040412749 1.7309469694714796 0.13996605138943977 -0.19877901887435659 -3.4132296668781952
leaf_weight=488 49 66 60 77 120 156 135 81 83 48 189 1070 1437 50
leaf_count=488 49 66 60 77 120 156 135 81 83 48 189 1070 1437 50
internal_value=-0.025839 -0.057253 -0.638121 1.01804 -1.06825 -0.534096 -1.41358 -2.61044 0.0628677 -0.0587223 0.00260111 0.379999 -0.310028 -1.78029
internal_weight=4109 4060 695 143 552 411 255 141 3365 2877 2779 1259 1520 98
internal_count=4109 4060 695 143 552 411 255 141 3365 2877 2779 1259 1520 98
is_linear=0
shrinkage=0.03


Tree=275
num_leaves=15
num_cat=0
split_feature=36 9 27 9 43 40 7 6 35 17 8 17 35 39
split_gain=346162 287435 695594 596392 1.02911e+06 878119 853685 451253 1.51001e+06 1.165e+06 861908 965734 434848 295215
threshold=-1866.5574999999997 -0.91597561503675329 8136.182083333334 -0.60355339059327384 93.250000000000014 20.429166666666671 14.500000000000002 1.0000000180025095e-35 828.4899999999999 10282.730000000001 0.91597561503675362 8521.9850000000024 -783.54375000000016 23.841666666666669
decision_type=2 2 2 2 2 2 2 2 2 2 2 2 2 2
left_child=-1 2 -2 4 5 -3 -7 10 9 -9 12 -12 -5 -4
right_child=1 3 13 7 -6 6 -8 8 -10 -11 11 -13 -14 -15
leaf_value=-2.3754018475312106 -3.3192949051399752 3.7156360782125719 -0.67316785957664249 1.5997190848365426 -2.395723455983239 -0.049089082378096595 2.5914392220681428 0.22384683058077837 -5.7301518385750905 -2.8479574190602817 0.59658586093571286 4.0712784872736254 -0.21928032554619117 1.0631516174819524
leaf_weight=52 72 114 287 127 73 340 162 650 48 133 273 97 1557 126
leaf_count=52 72 114 287 127 73 340 162 650 48 133 273 97 1557 126
internal_value=0.0334359 0.0648768 -0.619672 0.157923 0.950239 1.35002 0.806462 -0.0315573 -0.621009 -0.300876 0.2071 1.51608 -0.0812224 -0.142119
internal_weight=4111 4059 485 3574 689 616 502 2885 831 783 2054 370 1684 413
internal_count=4111 4059 485 3574 689 616 502 2885 831 783 2054 370 1684 413
is_linear=0
shrinkage=0.03


Tree=276
num_leaves=10
num_cat=0
split_feature=34 27 27 5 44 37 44 46 25
split_gain=251598 472923 351922 496107 280011 686807 403898 241574 183800
threshold=8950.121250000002 6934.5969791666676 7531.4570833333337 166.50000000000003 94.041666666666671 21.950000000000003 92.625000000000014 0.25000000000000006 7593.6712500000003
decision_type=2 2 2 2 2 2 2 2 2
left_child=-1 -2 3 -3 6 -6 7 -4 -8
right_child=1 2 4 -5 5 -7 8 -9 -10
leaf_value=-1.5363320112228394 2.9967586741155503 1.0178744070870536 0.17078977989954108 -2.7205863517715083 0.5099072534661544 -3.4605242909602261 0.78003240529228657 -0.60016379742248771 3.1485375024212727
leaf_weight=89 48 48 3141 92 94 66 67 413 53
leaf_count=89 48 48 3141 92 94 66 67 413 53
internal_value=0.0324053 0.0674958 0.0313659 -1.44059 0.0854806 -1.13912 0.139111 0.0810517 1.84362
internal_weight=4111 4022 3974 140 3834 160 3674 3554 120
internal_count=4111 4022 3974 140 3834 160 3674 3554 120
is_linear=0
shrinkage=0.03


Tree=277
num_leaves=15
num_cat=0
split_feature=36 9 3 9 44 15 0 44 40 15 37 8 37 5
split_gain=324753 271424 732566 565719 819070 814985 581684 526191 498035 470276 875451 626259 496314 457475
threshold=-1866.5574999999997 -0.91597561503675329 10.500000000000002 -0.60355339059327384 94.041666666666671 -0.91968655568559032 13.500000000000002 84.291666666666671 22.129166666666674 -0.83910684176851635 24.050000000000004 -0.98296291314453399 26.750000000000004 277.50000000000006
decision_type=2 2 2 2 2 2 2 2 2 2 2 2 2 2
left_child=-1 2 7 4 5 -3 -7 -2 -4 10 -5 13 -13 -11
right_child=1 3 8 9 -6 6 -8 -9 -10 11 -12 12 -14 -15
leaf_value=-2.301724983701166 -0.64325738002514021 -0.83650273916396223 -1.9823750547463039 0.96207797812329143 -2.2311824902135933 2.9980464491443097 0.91387939427580145 2.6991203889538005 1.1858751949833497 0.14620407618009126 -1.8375137696510704 -0.49972690481794363 2.0058191203748859 3.9173559268915428
leaf_weight=52 86 131 264 715 66 213 279 82 53 64 116 1865 73 52
leaf_count=52 86 131 264 715 66 213 279 82 53 64 116 1865 73 52
internal_value=0.0314355 0.0618889 -0.60332 0.152307 0.923979 1.2613 1.82045 0.99437 -1.45056 -0.0322359 0.569524 -0.27586 -0.404355 1.85588
internal_weight=4111 4059 485 3574 689 623 492 168 317 2885 831 2054 1938 116
internal_count=4111 4059 485 3574 689 623 492 168 317 2885 831 2054 1938 116
is_linear=0
shrinkage=0.03


Tree=278
num_leaves=15
num_cat=0
split_feature=36 51 32 39 22 28 33 38 35 35 21 26 16 28
split_gain=321433 451289 285745 655652 420034 474503 507237 467637 301645 282691 290534 300357 489008 528607
threshold=-344.43749999999994 43.250000000000007 2090.7368997517856 20.891666666666673 9611.4087500000005 921.62913453405224 7199.9375000000009 26.550000000000004 167.08374999999981 -1094.5200000000011 14738.936250000002 10295.728750000002 9121.9550000000017 1072.5496149628204
decision_type=2 2 2 2 2 2 2 2 2 2 2 2 2 2
left_child=1 2 4 -4 7 -6 -7 8 -1 -2 11 12 -11 -14
right_child=9 -3 3 -5 5 6 -8 -9 -10 10 -12 -13 13 -15
leaf_value=0.53346141304982742 2.4368170111656187 -1.4654678317893393 0.73453155327044173 -2.8436810752749442 3.0754641453207356 -0.94518227234908503 1.5278208715617656 -2.7474112252567124 -1.6254426805789655 0.20337603820746658 2.4515878504149766 -0.15061163910782788 2.9353478422178361 -0.21145786944188569
leaf_weight=229 49 268 88 95 72 139 159 68 77 1021 48 1591 132 75
leaf_count=229 49 268 88 95 72 139 159 68 77 1021 48 1591 132 75
internal_value=0.0305252 -0.383659 -0.0696446 -1.12829 0.191893 0.907371 0.374953 -0.516426 -0.0132684 0.20034 0.161274 0.121416 0.473703 1.79959
internal_weight=4111 1195 927 183 744 370 298 374 306 2916 2867 2819 1228 207
internal_count=4111 1195 927 183 744 370 298 374 306 2916 2867 2819 1228 207
is_linear=0
shrinkage=0.03


Tree=279
num_leaves=15
num_cat=0
split_feature=36 51 42 37 5 8 40 32 24 15 47 35 21 22
split_gain=302621 424674 371932 861759 629110 546985 713521 642179 574830 311992 270268 266323 273719 266062
threshold=-344.43749999999994 43.250000000000007 59.500000000000007 29.050000000000004 274.50000000000006 0.78656609248549325 20.429166666666671 2015.2971544830668 705.11616504711139 -0.52211334636400797 0.55833333333333346 -1094.5200000000011 14738.936250000002 14031.265000000001
decision_type=2 2 2 2 2 2 2 2 2 2 2 2 2 2
left_child=1 2 3 4 -1 6 -4 -8 9 -7 -3 -2 13 -13
right_child=11 10 5 -5 -6 8 7 -9 -10 -11 -12 12 -14 -15
leaf_value=-4.2311744022369382 2.3651745569229128 -2.3909263000434096 3.8716650746998034 2.0620943032370675 -0.35076793892963509 1.4708877912320588 0.80902394854566628 -2.0338226811830387 -3.9654902132034304 -1.696392702406103 -0.48413923533066461 0.1761763426594733 2.3795411991586493 -1.3355238724629812
leaf_weight=77 49 131 56 53 73 56 424 85 49 54 137 2711 48 108
leaf_count=77 49 131 56 53 73 56 424 85 49 54 137 2711 48 108
internal_value=0.029638 -0.372243 -0.0676288 -1.19919 -2.35764 0.250843 0.688359 0.331199 -1.29835 -0.085099 -1.42167 0.194408 0.156491 0.117803
internal_weight=4111 1195 927 203 150 724 565 509 159 110 268 2916 2867 2819
internal_count=4111 1195 927 203 150 724 565 509 159 110 268 2916 2867 2819
is_linear=0
shrinkage=0.03


Tree=280
num_leaves=15
num_cat=0
split_feature=9 39 14 42 9 0 0 39 0 28 5 42 9 22
split_gain=279544 530161 722391 525369 479467 748366 1.00122e+06 1.74938e+06 1.42955e+06 1.18379e+06 665181 539611 536743 534164
threshold=-0.91597561503675329 23.841666666666669 -0.79462857753386928 65.500000000000014 -0.25881904510252068 7.5000000000000009 9.5000000000000018 21.725000000000005 14.500000000000002 1351.412282464687 255.50000000000003 72.500000000000014 -0.12940952255126037 10694.882500000002
decision_type=2 2 2 2 2 2 2 2 2 2 2 2 2 2
left_child=1 2 -1 -4 5 10 9 11 -9 13 -2 -8 -6 -7
right_child=4 -3 3 -5 12 6 7 8 -10 -11 -12 -13 -14 -15
leaf_value=0.56810745127711981 4.0103146208354401 0.94258672753457107 -3.778478824110592 -0.91164430046412681 -1.6667818535285837 -1.9536290427616665 6.590822324752807 -1.6120924561553531 1.4849359157479414 -4.0157125034549139 0.16403647152345571 2.6214079281416804 0.080819015955635218 0.90574005760480558
leaf_weight=139 104 154 101 134 169 83 49 215 353 83 66 87 2272 195
leaf_count=139 104 154 101 134 169 83 49 215 353 83 66 87 2272 195
internal_value=0.1102 -0.534642 -1.14384 -2.15463 0.202946 0.684372 0.388162 1.04638 0.311846 -0.89475 2.52683 4.08934 -0.0408011 0.0480474
internal_weight=4204 528 374 235 3676 1235 1065 704 568 361 170 136 2441 278
internal_count=4204 528 374 235 3676 1235 1065 704 568 361 170 136 2441 278
is_linear=0
shrinkage=0.03


Tree=281
num_leaves=15
num_cat=0
split_feature=2 18 8 9 35 8 40 9 3 40 21 22 51 25
split_gain=310371 767597 646728 569044 504693 722877 469353 466893 520812 488003 369640 339891 338881 328508
threshold=5.5000000000000009 10536.143750000001 0.91597561503675362 0.60355339059327384 -136.72500000000124 0.12940952255126045 23.504166666666666 -0.91597561503675329 23.500000000000004 20.654166666666672 14542.665000000003 13956.860000000002 9.9166666666666696 8329.5087500000027
decision_type=2 2 2 2 2 2 2 2 2 2 2 2 2 2
left_child=3 2 13 7 5 6 -5 8 9 -1 11 -9 -3 -2
right_child=1 12 -4 4 -6 -7 -8 10 -10 -11 -12 -13 -14 -15
leaf_value=-2.2871609598691345 1.1543611818079678 -3.9555899227183797 -2.5420357490593277 -2.2532387105920422 -1.5360783627550392 1.0811791981720342 -0.16310058655916448 0.64950502184525338 -2.2259796488285062 0.66672003581499051 2.8705182671180141 -1.3346627152407609 -1.0233287241113813 -0.78458651237189769
leaf_weight=60 264 68 70 133 254 327 348 1955 108 287 64 80 75 111
leaf_count=60 264 68 70 133 254 327 348 1955 108 287 64 80 75 111
internal_value=0.106919 -0.531734 0.0841199 0.210893 -0.372478 -0.00522783 -0.744546 0.453526 -0.416959 0.150815 0.642337 0.570879 -2.43558 0.579833
internal_weight=4204 588 445 3616 1062 808 481 2554 455 347 2099 2035 143 375
internal_count=4204 588 445 3616 1062 808 481 2554 455 347 2099 2035 143 375
is_linear=0
shrinkage=0.03


Tree=282
num_leaves=15
num_cat=0
split_feature=2 18 8 7 22 27 8 44 17 9 52 28 9 25
split_gain=292294 723115 547740 911618 692931 667532 536748 461566 594245 464227 442046 412898 404835 291781
threshold=5.5000000000000009 10309.432500000001 0.91597561503675362 6.5000000000000009 10538.018750000001 7198.2782291666672 0.91597561503675362 93.208333333333357 10023.146250000002 0.60355339059327384 6.4583333333333348 2403.5060473332064 0.91597561503675362 8133.1975000000011
decision_type=2 2 2 2 2 2 2 2 2 2 2 2 2 2
left_child=2 6 5 13 -5 -1 -2 9 -9 11 -3 -7 -11 -4
right_child=1 10 3 4 -6 7 -8 8 -10 12 -12 -13 -14 -15
leaf_value=-2.7490401705535681 0.5796696704470522 -3.9908341859498373 -0.35354372690444769 5.6358269192000563 1.4294739936472294 0.62827624736666676 -2.2888399685791563 0.41263931872139509 -3.4771764506084817 -0.81590211816588221 -0.78414873744166169 -0.90854074023017994 0.37530264661108192 1.7786408281929884
leaf_weight=73 363 71 214 58 90 1749 69 70 70 587 85 172 455 78
leaf_count=73 363 71 214 58 90 1749 69 70 70 587 85 172 455 78
internal_value=0.103627 -0.516148 0.204528 1.19526 3.10477 0.066935 0.117242 0.134052 -1.54303 0.213792 -2.25982 0.490266 -0.295875 0.220088
internal_weight=4204 588 3616 440 148 3176 432 3103 140 2963 156 1921 1042 292
internal_count=4204 588 3616 440 148 3176 432 3103 140 2963 156 1921 1042 292
is_linear=0
shrinkage=0.03


Tree=283
num_leaves=15
num_cat=0
split_feature=2 18 8 8 24 27 22 44 35 21 8 24 18 0
split_gain=275292 681909 575769 515972 881645 628565 566810 434614 469832 408708 394388 355291 377279 347198
threshold=5.5000000000000009 10536.143750000001 0.91597561503675362 0.91597561503675362 539.40118007587068 7198.2782291666672 10449.338750000003 93.208333333333357 472.95625000000024 9428.9687500000018 0.12940952255126045 437.23349525841496 8141.0187500000002 8.5000000000000018
decision_type=2 2 2 2 2 2 2 2 2 2 2 2 2 2
left_child=3 2 -2 5 11 -1 -6 9 -9 10 -7 12 -5 -11
right_child=1 -3 -4 4 6 7 -8 8 -10 13 -12 -13 -14 -15
leaf_value=-2.6676834188925254 0.54719535232224359 -2.2954330247640611 -2.3984315461298107 0.056783217962669288 5.5953484260208075 -0.56371190575839469 1.5341475907124971 0.75498709228803529 -2.8220329063661982 -0.94631715874339262 0.4593373864206618 -1.8026712057145975 2.620679397185643 0.68004174979474541
leaf_weight=73 375 143 70 183 53 859 75 52 88 128 559 58 71 1417
leaf_count=73 375 143 70 183 53 859 75 52 88 128 559 58 71 1417
internal_value=0.100486 -0.500994 0.0794659 0.198409 1.15999 0.0648649 3.24619 0.129993 -1.49739 0.20737 -0.160358 0.29642 0.780988 0.544767
internal_weight=4204 588 445 3616 440 3176 128 3103 140 2963 1418 312 254 1545
internal_count=4204 588 445 3616 440 3176 128 3103 140 2963 1418 312 254 1545
is_linear=0
shrinkage=0.03


Tree=284
num_leaves=15
num_cat=0
split_feature=34 43 21 9 0 20 32 21 15 35 30 36 19 8
split_gain=263249 353817 675594 615532 556973 636072 506991 721774 455076 355266 349061 311124 276034 489120
threshold=13310.355000000001 84.750000000000014 14105.055000000002 0.91597561503675362 14.500000000000002 8245.1975000000002 2106.9349494682597 12322.715000000002 -0.83910684176851635 -505.98624999999987 11201.283750000002 235.72000000000028 11945.720000000003 -0.60355339059327384
decision_type=2 2 2 2 2 2 2 2 2 2 2 2 2 2
left_child=12 3 8 4 6 -6 7 -2 10 -7 -3 -10 13 -1
right_child=1 2 -4 -5 5 9 -8 -9 11 -11 -12 -13 -14 -15
leaf_value=0.69506306686096408 -2.041197947943322 4.0852870828278212 4.208805802398258 1.9046630013982453 3.6746913232326506 1.0019894921152948 -2.3240701162888229 1.2070897417089035 0.58188419065624475 -0.67270179779314598 1.0428549049507989 -1.5034608143838968 -1.3796536674905329 -0.26637582848270192
leaf_weight=644 106 48 53 143 49 213 162 144 239 243 114 87 140 1819
leaf_count=644 106 48 53 143 49 213 162 144 239 243 114 87 140 1819
internal_value=0.0974625 0.40004 1.02354 0.0811394 -0.204976 0.462492 -1.02228 -0.17277 0.669673 0.110003 1.96394 0.022424 -0.0887172 -0.0148025
internal_weight=4204 1601 541 1060 917 505 412 250 488 456 162 326 2603 2463
internal_count=4204 1601 541 1060 917 505 412 250 488 456 162 326 2603 2463
is_linear=0
shrinkage=0.03


Tree=285
num_leaves=15
num_cat=0
split_feature=36 29 31 46 31 45 36 45 44 31 43 38 9 38
split_gain=383867 555753 487807 465370 406574 325096 324850 195304 358338 191318 441914 315977 269524 213015
threshold=-939.49250000000018 8576.6750000000011 10093.079062500003 0.15000000000000005 9540.5552604166678 0.75000000000000011 -1446.5950000000005 2.0500000000000003 80.291666666666671 11897.978437500002 50.750000000000007 28.450000000000003 -0.91597561503675329 26.150000000000002
decision_type=2 2 2 2 2 2 2 2 2 2 2 2 2 2
left_child=1 2 3 4 6 9 -1 8 -7 10 13 12 -12 -2
right_child=5 -3 -4 -5 -6 7 -8 -9 -10 -11 11 -13 -14 -15
leaf_value=2.5902540621042252 -3.1232388969343536 -2.9036162207099827 1.3599817980414834 -2.8074293287501617 -2.534291245846116 -3.611218180656433 -0.35402324286790993 0.21353493373734611 -0.35266078729864575 1.2361237564644256 -0.57892737749388545 2.3807834014892579 0.28429920681462362 -0.60713355281004089
leaf_weight=49 48 88 115 84 48 53 103 69 70 153 368 59 2765 81
leaf_count=49 48 88 115 84 48 53 103 69 70 153 368 59 2765 81
internal_value=0.0306199 -0.759829 -0.280899 -0.947833 -0.156647 0.135808 0.605747 -1.06268 -1.77467 0.202336 0.154347 0.224114 0.182748 -1.5603
internal_weight=4153 487 399 284 200 3666 152 192 123 3474 3321 3192 3133 129
internal_count=4153 487 399 284 200 3666 152 192 123 3474 3321 3192 3133 129
is_linear=0
shrinkage=0.03


Tree=286
num_leaves=11
num_cat=0
split_feature=33 25 49 2 25 0 33 9 49 3
split_gain=345438 474436 381526 263802 616628 443162 296524 282889 258688 252622
threshold=5265.7787500000004 5863.1087500000003 54.000000000000007 5.5000000000000009 10098.678750000001 17.500000000000004 9606.8950000000023 0.60355339059327384 62.000000000000007 16.500000000000004
decision_type=2 2 2 2 2 2 2 2 2 2
left_child=-1 -2 3 6 5 -5 7 -3 9 -4
right_child=1 2 8 4 -6 -7 -8 -9 -10 -11
leaf_value=-1.8192481148644779 2.7407161563937947 0.33700275417964426 -3.647466830696378 -0.65902445186799119 -2.8944443512106517 1.3722151760912651 2.2025197800856371 -0.28170668866915882 0.12333176167572246 -0.72580880034644646
leaf_weight=88 58 2268 55 346 82 133 64 940 67 52
leaf_count=88 58 2268 55 346 82 133 64 940 67 52
internal_value=0.0296373 0.0701036 0.0307695 0.0932912 -0.507195 -0.0933118 0.196376 0.155674 -1.33908 -2.2476
internal_weight=4153 4065 4007 3833 561 479 3272 3208 174 107
internal_count=4153 4065 4007 3833 561 479 3272 3208 174 107
is_linear=0
shrinkage=0.03


Tree=287
num_leaves=15
num_cat=0
split_feature=36 29 31 46 31 33 25 23 14 3 21 9 42 23
split_gain=355365 519345 463988 435060 378910 324576 307597 699700 513360 486821 519255 411822 809611 353244
threshold=-939.49250000000018 8576.6750000000011 10093.079062500003 0.15000000000000005 9540.5552604166678 8643.1512500000008 9796.152500000002 10788.359583333337 -0.48504197719567627 25.500000000000004 10266.081250000001 -0.91597561503675329 76.500000000000014 11594.567916666669
decision_type=2 2 2 2 2 2 2 2 2 2 2 2 2 2
left_child=1 2 3 4 -1 6 7 11 9 10 -8 -2 -13 -9
right_child=5 -3 -4 -5 -6 -7 8 13 -10 -11 -12 12 -14 -15
leaf_value=0.5817163709156653 -1.4071688591746183 -2.8041869342461063 1.3314559878254757 -2.7173231233708997 -2.4496128061352942 1.2391243715475695 -0.93376325890421863 2.9169203427914652 -1.3251902756120697 -2.2833590812626339 1.2719689401489227 1.5314942783640142 -0.052357258320055687 0.095013153195381159
leaf_weight=152 155 88 115 84 48 222 143 123 346 62 288 341 1927 59
leaf_count=152 155 88 115 84 48 222 143 123 346 62 288 341 1927 59
internal_value=0.0287245 -0.731813 -0.268842 -0.919301 -0.154296 0.129932 0.0580904 0.218997 -0.441155 0.180679 0.539635 0.0838605 0.186343 2.00773
internal_weight=4153 487 399 284 200 3666 3444 2605 839 493 431 2423 2268 182
internal_count=4153 487 399 284 200 3666 3444 2605 839 493 431 2423 2268 182
is_linear=0
shrinkage=0.03


Tree=288
num_leaves=15
num_cat=0
split_feature=36 29 29 21 18 18 17 0 33 43 35 23 22 52
split_gain=334668 488930 419862 309789 268389 423506 409445 368001 252060 288638 322374 335806 253755 224933
threshold=-939.49250000000018 8576.6750000000011 6154.9187499999998 15012.613750000002 9407.2075000000023 11368.668750000003 8663.3062500000015 17.500000000000004 8643.1512500000008 50.750000000000007 -924.07125000000212 12136.968125000001 11634.142500000002 0.87500000000000011
decision_type=2 2 2 2 2 2 2 2 2 2 2 2 2 2
left_child=1 2 -1 8 6 -6 7 -4 9 12 -11 -12 -2 -10
right_child=3 -3 4 -5 5 -7 -8 -9 13 10 11 -13 -14 -15
leaf_value=-2.8326110067844392 -2.3868891783113835 -2.7210065627365969 -1.6353075809976947 2.3815539084540474 -2.0818302647314573 1.0086300989839694 2.897770739588581 1.5585316068785531 2.8408749511662652 2.08513816284042 0.14076053908647274 -0.90561625599714568 0.34162210094332696 0.53871607084400375
leaf_weight=49 80 88 66 53 94 68 60 62 50 70 2905 304 49 155
leaf_count=49 80 88 66 53 94 68 60 62 50 70 2905 304 49 155
internal_value=0.0278264 -0.710231 -0.26102 0.126043 0.106004 -0.786279 0.875058 -0.0880862 0.092302 0.0306908 0.0856347 0.0413776 -1.35571 1.11136
internal_weight=4153 487 399 3666 350 162 188 128 3613 3408 3279 3209 129 205
internal_count=4153 487 399 3666 350 162 188 128 3613 3408 3279 3209 129 205
is_linear=0
shrinkage=0.03


Tree=289
num_leaves=12
num_cat=0
split_feature=33 25 45 31 40 32 37 52 43 8 33
split_gain=321468 451063 358153 266232 472037 506844 208621 266576 259812 849206 249202
threshold=5265.7787500000004 5863.1087500000003 0.75000000000000011 10490.273750000002 23.554166666666671 1628.1662338975227 29.150000000000002 2.9583333333333335 51.416666666666679 -0.9159756150367534 8121.0050000000019
decision_type=2 2 2 2 2 2 2 2 2 2 2
left_child=-1 -2 6 4 5 -4 8 -8 9 -3 -10
right_child=1 2 3 -5 -6 -7 7 -9 10 -11 -12
leaf_value=-1.7565848473484595 2.6700353908538816 -3.173135473119995 -3.4484485319577729 -3.1001341776945153 1.5959225854227097 0.58167671363353723 0.13700240987997789 2.8884290450149113 -0.02760062153605896 0.79557595181548701 0.57147888171661887
leaf_weight=88 58 88 64 48 58 49 77 53 2647 106 817
leaf_count=88 58 88 64 48 58 49 77 53 2647 106 817
internal_value=0.0270007 0.0660383 0.0276858 -1.14908 -0.586488 -1.71097 0.0960088 1.27234 0.0538633 -1.01163 0.113815
internal_weight=4153 4065 4007 219 171 113 3788 130 3658 194 3464
internal_count=4153 4065 4007 219 171 113 3788 130 3658 194 3464
is_linear=0
shrinkage=0.03


Tree=290
num_leaves=15
num_cat=0
split_feature=22 29 35 24 5 23 18 16 35 35 26 23 31 51
split_gain=373961 308016 336480 657087 677462 303255 556440 461147 401536 812084 411914 302315 277655 100995
threshold=6537.8225000000011 10680.356250000003 -763.51250000000061 799.54671283131745 273.50000000000006 12230.851458333336 11852.171250000001 12714.451250000002 -225.88875000000004 -423.49999999999994 14808.977500000001 6740.7977083333344 8527.3449479166684 2.4166666666666674
decision_type=2 2 2 2 2 2 2 2 2 2 2 2 2 2
left_child=12 2 3 -2 -5 6 11 -8 9 -7 -10 -4 -1 -3
right_child=1 13 5 4 -6 8 7 -9 10 -11 -12 -13 -14 -15
leaf_value=-3.3581437072277067 3.2863460894038035 -0.41381172822446233 1.4186740740076187 -2.8276191484451294 2.0408612339001779 0.24214204185464408 2.8287498462611227 0.0095151964202523226 -0.95652224495055826 -3.7449419910460708 1.6592019740288908 -0.09318253477239917 -0.62499584376811979 -2.1914745537332587
leaf_weight=49 81 48 123 49 52 88 115 95 140 95 87 2973 103 73
leaf_count=49 81 48 123 49 52 88 115 95 140 95 87 2973 103 73
internal_value=-0.066652 -0.0112277 0.0352169 1.29107 -0.325493 -0.0266181 0.0689006 1.55954 -0.795155 -1.83668 0.0487945 -0.0326749 -1.52236 -1.49558
internal_weight=4171 4019 3898 182 101 3716 3306 210 410 183 227 3096 152 121
internal_count=4171 4019 3898 182 101 3716 3306 210 410 183 227 3096 152 121
is_linear=0
shrinkage=0.03


Tree=291
num_leaves=15
num_cat=0
split_feature=36 8 15 23 37 26 10 37 21 0 44 25 15 38
split_gain=363744 362256 695835 341881 404320 459900 598956 491124 396396 615212 496153 482657 451267 379920
threshold=-1866.5574999999997 -0.98296291314453399 -0.55824372202686512 12230.851458333336 25.050000000000004 14670.136250000001 1.0000000180025095e-35 27.850000000000005 9923.7300000000014 14.500000000000002 84.458333333333357 9854.8700000000008 -0.96477059369951401 24.550000000000004
decision_type=2 2 2 2 2 2 2 2 2 2 2 2 2 2
left_child=-1 2 -2 8 13 7 -7 -6 11 10 -10 12 -3 -5
right_child=1 3 -4 4 5 6 -8 -9 9 -11 -12 -13 -14 -15
leaf_value=-2.5580923679585639 -0.65919968285280106 1.0131340782029528 3.1206211620372728 -1.0176877880792548 0.18595376940909772 3.4044106069060618 -0.89956332079001833 -2.7588742780545177 -0.95388894158689408 1.8909697949507018 0.55566556305543502 -1.828471984485021 -0.27361885033523042 -3.9297428321427308
leaf_weight=51 84 283 90 136 127 60 55 84 271 219 700 155 1799 57
leaf_count=51 84 283 90 136 127 60 55 84 271 219 700 155 1799 57
internal_value=-0.064672 -0.03319 1.30245 -0.0924045 -0.809177 -0.163284 1.35585 -0.993808 0.0163467 0.458503 0.133795 -0.218957 -0.0983048 -1.89363
internal_weight=4171 4120 174 3946 519 326 115 211 3427 1190 971 2237 2082 193
internal_count=4171 4120 174 3946 519 326 115 211 3427 1190 971 2237 2082 193
is_linear=0
shrinkage=0.03


Tree=292
num_leaves=15
num_cat=0
split_feature=22 20 29 8 15 2 8 25 18 39 25 19 41 33
split_gain=349526 357642 287502 289370 708830 284389 509435 585818 387494 757791 325729 178206 123122 44505.4
threshold=6537.8225000000011 9143.2437500000015 10680.356250000003 -0.98296291314453399 0.05147685835725125 5.5000000000000009 0.91597561503675362 10028.620000000001 6537.8225000000011 20.025000000000006 6612.2375000000002 11142.622500000001 63.500000000000007 7245.2337500000003
decision_type=2 2 2 2 2 2 2 2 2 2 2 2 2 2
left_child=1 -1 3 4 11 8 7 -7 9 -5 -10 -2 -4 -3
right_child=2 13 12 5 -6 6 -8 -9 10 -11 -12 -13 -14 -15
leaf_value=-3.3528465371382863 1.3069256103515625 0.29513243889322083 -0.27367211523056029 4.3156328170640128 4.2904803733436427 0.15827243650225786 -3.0017686559756598 -2.745916685478107 -1.2248896587046525 -0.42311982756230365 0.1008079670223514 -1.0834133025258779 -2.2243657271176169 -0.98524824434397174
leaf_weight=56 49 48 49 55 48 402 71 73 176 66 2895 63 72 48
leaf_count=56 49 48 49 55 48 402 71 73 176 66 2895 63 72 48
internal_value=-0.0627659 -1.47012 -0.00918321 0.0356876 1.281 -0.0179408 -0.649984 -0.292855 0.0903369 1.74845 0.0244529 -0.0351962 -1.44326 -0.348461
internal_weight=4171 152 4019 3898 160 3738 546 475 3192 121 3071 112 121 96
internal_count=4171 152 4019 3898 160 3738 546 475 3192 121 3071 112 121 96
is_linear=0
shrinkage=0.03


Tree=293
num_leaves=15
num_cat=0
split_feature=36 8 15 23 18 30 23 43 33 5 43 15 8 24
split_gain=343207 324482 633034 315689 522143 382637 356860 356080 524436 287186 272499 573212 481324 176152
threshold=-1866.5574999999997 -0.98296291314453399 -0.55824372202686512 12230.851458333336 11852.171250000001 12786.231250000003 14530.975208333335 50.750000000000007 8258.3100000000031 199.50000000000003 61.750000000000007 -0.5 -0.9159756150367534 855.92852582092985
decision_type=2 2 2 2 2 2 2 2 2 2 2 2 2 2
left_child=-1 2 -2 4 10 -6 7 13 -9 -7 11 -3 -12 -5
right_child=1 3 -4 6 5 9 -8 8 -10 -11 12 -13 -14 -15
leaf_value=-2.4829252946376799 -0.63719697492262894 0.35469238969061873 2.9679497280749643 -3.7009520059116814 3.0435390672339016 -1.1552775468497438 1.2047277548951163 -1.7179877392047054 0.62576164843297444 1.6331967554413354 1.7286277542525916 -2.413636596149388 -0.079926588926265169 -1.2159701626641408
leaf_weight=51 84 138 90 58 82 57 70 181 162 77 138 130 2805 48
leaf_count=51 84 138 90 58 82 57 70 181 162 77 138 130 2805 48
internal_value=-0.060918 -0.030338 1.23375 -0.0863807 0.0181208 1.44238 -0.775149 -1.08584 -0.612383 0.447172 -0.0781021 -0.992079 0.00543147 -2.5977
internal_weight=4171 4120 174 3946 3427 216 519 449 343 134 3211 268 2943 106
internal_count=4171 4120 174 3946 3427 216 519 449 343 134 3211 268 2943 106
is_linear=0
shrinkage=0.03


Tree=294
num_leaves=15
num_cat=0
split_feature=22 20 36 8 4 23 16 14 10 17 24 43 11 16
split_gain=328707 337015 308938 287333 538660 346946 379141 463435 424159 351701 430657 336883 177597 70377.4
threshold=6537.8225000000011 9143.2437500000015 -1866.5574999999997 -0.98296291314453399 9.5000000000000018 12230.851458333336 14285.871250000002 -0.48504197719567627 1.0000000180025095e-35 12177.086250000002 1932.3900782870155 82.750000000000014 -0.22252093395631442 7700.2725
decision_type=2 2 2 2 2 2 2 2 2 2 2 2 2 2
left_child=1 -1 -2 4 12 9 7 -7 -8 10 -5 -11 -4 -3
right_child=2 13 3 5 -6 6 8 -9 -10 11 -12 -13 -14 -15
leaf_value=-3.2515213878531202 -2.3505883618354795 0.47275133677891318 -1.2013303876774653 0.05363136574347064 3.544843955039978 -0.24218675903438289 2.0794043591115381 -2.3629357808412119 -1.1134089080601521 0.23599011104757134 -2.5560508139380094 2.7839644001169903 1.1384378537975373 -1.1364172285430285
leaf_weight=56 49 48 55 3031 58 193 76 178 72 109 57 81 60 48
leaf_count=56 49 48 55 3031 58 193 76 178 72 109 57 81 60 48
internal_value=-0.0591038 -1.4239 -0.00714167 0.0223634 1.21446 -0.0322528 -0.752172 -1.26335 0.528995 0.0819208 0.00464369 1.3312 0.0185794 -0.335099
internal_weight=4171 152 4019 3970 173 3797 519 371 148 3278 3088 190 115 96
internal_count=4171 152 4019 3970 173 3797 519 371 148 3278 3088 190 115 96
is_linear=0
shrinkage=0.03


Tree=295
num_leaves=15
num_cat=0
split_feature=16 24 17 17 37 53 8 38 24 38 24 44 34 29
split_gain=279893 544868 399429 733148 507939 441210 397450 505432 489850 379351 374634 351572 372018 338932
threshold=12782.262500000003 1606.4334168586281 11058.825000000003 10479.172500000002 24.950000000000003 1.0000000180025095e-35 -0.78656609248549292 25.850000000000005 503.36092062738265 26.050000000000004 883.8765815752198 72.291666666666671 15204.307500000001 8021.9087500000014
decision_type=2 2 2 2 2 2 2 2 2 2 2 2 2 2
left_child=2 9 3 5 -4 6 7 -1 -8 -2 -5 12 -11 -3
right_child=1 13 4 10 -6 -7 8 -9 -10 11 -12 -13 -14 -15
leaf_value=1.5806629359001838 -2.7742131340503695 -1.1865168040485705 -0.18767893061544116 -0.25339186622671889 1.5423977672454365 -1.5717232186427483 -0.49971563960440818 -1.1806249251757581 0.42728141074665321 -1.0033940004716155 -2.3148474435017188 -1.9050357404622165 2.508420191200412 1.5887856735966424
leaf_weight=330 113 58 266 145 357 129 853 72 1284 60 175 98 48 120
leaf_count=330 113 58 266 145 357 129 853 72 1284 60 175 98 48 120
internal_value=0.0223033 -0.644437 0.114227 -0.0299261 0.804572 0.132993 0.220196 1.08436 0.0571957 -1.3849 -1.3845 -0.61301 0.565968 0.682813
internal_weight=4108 497 3611 2988 623 2668 2539 402 2137 319 320 206 108 178
internal_count=4108 497 3611 2988 623 2668 2539 402 2137 319 320 206 108 178
is_linear=0
shrinkage=0.03


Tree=296
num_leaves=15
num_cat=0
split_feature=9 0 34 0 33 32 0 0 5 15 45 22 22 22
split_gain=276361 622452 493074 430166 382524 292039 347777 688420 553100 429424 335100 409797 330638 251093
threshold=0.91597561503675362 1.0000000180025095e-35 12554.296250000003 2.5000000000000004 7718.9887500000004 2246.410424158295 20.500000000000004 18.500000000000004 263.50000000000006 -0.62058661934845294 1.0000000180025095e-35 9813.3600000000024 12179.563750000001 8401.5450000000019
decision_type=2 2 2 2 2 2 2 2 2 2 2 2 2 2
left_child=3 13 -3 4 -1 6 7 9 -9 -5 11 -7 -13 -2
right_child=1 2 -4 5 -6 10 -8 8 -10 -11 -12 12 -14 -15
leaf_value=-0.40910149037837978 -0.040075368155603822 0.26690496860912866 2.5304771971220226 -0.34384385699174813 -3.3044794359491831 0.47656506005703936 -0.85335625395630343 2.4352526377256098 -0.40906766531142319 0.47280287930662385 1.2025958272933961 -2.7854455473478881 -0.7816847952026309 -2.5398067233472501
leaf_weight=107 114 174 172 1182 66 126 296 207 87 1135 74 119 197 52
leaf_count=107 114 174 172 1182 66 126 296 207 87 1135 74 119 197 52
internal_value=0.0215954 0.672997 1.39624 -0.0713086 -1.52643 0.00265361 0.119462 0.230037 1.59498 0.0562217 -0.65434 -0.967276 -1.54272 -0.833733
internal_weight=4108 512 346 3596 173 3423 2907 2611 294 2317 516 442 316 166
internal_count=4108 512 346 3596 173 3423 2907 2611 294 2317 516 442 316 166
is_linear=0
shrinkage=0.03


Tree=297
num_leaves=15
num_cat=0
split_feature=9 0 34 0 33 32 18 31 0 28 24 45 20 2
split_gain=260062 586050 464098 405091 360266 274869 345261 698965 439089 570656 410158 315503 270131 275880
threshold=0.91597561503675362 1.0000000180025095e-35 12554.296250000003 2.5000000000000004 7718.9887500000004 2246.410424158295 7524.5275000000011 9354.056510416669 20.500000000000004 810.14510590866507 677.27579448113318 1.0000000180025095e-35 12709.243750000001 4.5000000000000009
decision_type=2 2 2 2 2 2 2 2 2 2 2 2 2 2
left_child=3 -2 -3 4 -1 6 7 10 9 -8 -5 12 13 -7
right_child=1 2 -4 5 -6 11 8 -9 -10 -11 -12 -13 -14 -15
leaf_value=-0.39694207926591235 -0.80918722193755077 0.25894356759616305 2.4550016576706328 0.59901000436438556 -3.20682470136614 -0.86159974534337114 1.6178690080165863 -2.9774565746667592 -0.84544649150728757 0.20789429921934496 -1.5875647914843125 1.1669990150451661 0.31740169728320577 -2.8605780953168871
leaf_weight=107 166 174 172 258 66 245 299 91 286 1864 109 74 114 83
leaf_count=107 166 174 172 258 66 245 299 91 286 1864 109 74 114 83
internal_value=0.0209173 0.652819 1.3546 -0.0692055 -1.48128 0.00256861 0.115891 -0.639247 0.257323 0.403465 -0.0529172 -0.634818 -0.938467 -1.37464
internal_weight=4108 512 346 3596 173 3423 2907 458 2449 2163 367 516 442 328
internal_count=4108 512 346 3596 173 3423 2907 458 2449 2163 367 516 442 328
is_linear=0
shrinkage=0.03


Tree=298
num_leaves=15
num_cat=0
split_feature=9 0 30 15 0 33 32 18 31 15 20 0 49 22
split_gain=244822 551615 443747 570900 381457 339303 258694 325058 658069 416653 890938 574254 297060 373394
threshold=0.91597561503675362 1.0000000180025095e-35 13917.581250000001 -0.95517546204608139 2.5000000000000004 7718.9887500000004 2246.410424158295 7524.5275000000011 9354.056510416669 -0.90566889813915308 8874.3237500000014 19.500000000000004 27.000000000000004 9813.3600000000024
decision_type=2 2 2 2 2 2 2 2 2 2 2 2 2 2
left_child=4 -2 3 -3 5 -1 7 8 -6 10 -9 -11 13 -8
right_child=1 2 -4 -5 6 -7 12 9 -10 11 -12 -13 -14 -15
leaf_value=-0.38514407681094276 -0.78505697895488336 3.6089930671691892 3.2596284147545145 0.052827374134041843 -0.051409062493754466 -3.1120558357950467 0.46759693908409811 -1.6467879136155048 -2.8891037930612979 0.72968536571203269 0.59345292019146723 -0.67858938125492652 1.13245586643219 -1.4598442694478984
leaf_weight=107 166 49 80 217 367 66 126 287 91 1489 358 315 74 316
leaf_count=107 166 49 80 217 367 66 126 287 91 1489 358 315 74 316
internal_value=0.020239 0.633346 1.3142 0.71903 -0.0672031 -1.43746 0.00244565 0.112383 -0.620329 0.249615 -0.40435 0.483536 -0.615903 -0.910544
internal_weight=4108 512 346 266 3596 173 3423 2907 458 2449 645 1804 516 442
internal_count=4108 512 346 266 3596 173 3423 2907 458 2449 645 1804 516 442
is_linear=0
shrinkage=0.03


Tree=299
num_leaves=15
num_cat=0
split_feature=16 16 24 41 12 17 17 37 24 8 22 31 24 15
split_gain=254658 270389 512791 408479 515776 346086 737180 464634 379681 770400 370079 366354 351629 351600
threshold=5864.036250000001 12782.262500000003 1606.4334168586281 41.500000000000007 -0.5 11058.825000000003 10479.172500000002 24.950000000000003 510.07180430230795 -0.9159756150367534 12412.465000000002 9468.6544791666674 883.8765815752198 -0.55824372202686512
decision_type=2 2 2 2 2 2 2 2 2 2 2 2 2 2
left_child=-1 5 3 -3 -5 6 8 -7 9 -2 -10 -9 -8 -13
right_child=1 2 -4 4 -6 7 12 11 10 -11 -12 13 -14 -15
leaf_value=-2.0664677351254683 2.0149883622527121 0.31950003653764725 0.67911779346079792 -0.77726919525861737 -3.6894956956803795 -0.16949656099415897 -0.25935038502902197 3.5856866496609099 0.35829810414188784 -0.53093711316475967 2.3425790872573855 0.14851706237123721 -2.2566327284688175 2.2359666278606323
leaf_weight=51 119 95 178 129 95 266 145 61 1424 985 89 170 175 126
leaf_count=51 119 95 178 129 95 266 145 61 1424 985 89 170 175 126
internal_value=0.0196231 0.0463535 -0.608409 -1.32676 -2.02334 0.137912 0.00158407 0.779545 0.167959 -0.254923 0.476501 1.48521 -1.35529 1.04168
internal_weight=4108 4057 497 319 224 3560 2937 623 2617 1104 1513 357 320 296
internal_count=4108 4057 497 319 224 3560 2937 623 2617 1104 1513 357 320 296
is_linear=0
shrinkage=0.03


Tree=300
num_leaves=15
num_cat=0
split_feature=40 43 21 35 28 38 24 38 11 40 20 37 52 28
split_gain=278677 533806 881664 500817 464181 472658 824720 376973 363614 415437 534753 347636 309455 301149
threshold=20.804166666666671 81.750000000000014 14002.011250000001 553.00875000000008 816.15690464603301 23.150000000000002 1855.5257939073033 24.850000000000005 -0.56174490092936669 21.079166666666669 9917.5112500000014 24.150000000000002 40.208333333333336 2523.2509881763567
decision_type=2 2 2 2 2 2 2 2 2 2 2 2 2 2
left_child=1 7 4 12 -3 6 -6 -1 -5 -10 11 -11 13 -2
right_child=3 2 -4 8 5 -7 -8 -9 9 10 -12 -13 -14 -15
leaf_value=-2.6240401284123811 0.25350444338412342 2.9246385260990686 4.7425703009437106 0.45054837022017646 0.45352209942595001 2.5448489802592507 -3.3496822008035947 0.70857802708943685 -3.9924366306436476 1.8203217463833945 -3.5053237999810114 -1.4405991843823465 -0.71129073841423196 -1.9137468368320141
leaf_weight=70 2642 69 50 90 393 73 58 53 57 55 53 61 376 58
leaf_count=70 2642 69 50 90 393 73 58 53 57 55 53 61 376 58
internal_value=0.0936869 0.610114 0.956523 -0.0230765 0.629823 0.32262 -0.0418773 -1.19378 -1.15845 -1.79843 -1.03922 0.107742 0.0938949 0.206252
internal_weight=4158 766 643 3392 593 524 451 123 316 226 169 116 3076 2700
internal_count=4158 766 643 3392 593 524 451 123 316 226 169 116 3076 2700
is_linear=0
shrinkage=0.03


Tree=301
num_leaves=15
num_cat=0
split_feature=46 23 40 35 43 42 28 43 11 40 24 23 38 28
split_gain=291255 325175 272096 599408 454094 883640 581892 566229 380932 337990 383147 317100 306426 255211
threshold=1.4500000000000002 9616.7193750000024 20.804166666666671 553.00875000000008 81.750000000000014 74.500000000000014 816.15690464603301 95.583333333333357 -0.56174490092936669 21.079166666666669 1375.6489671526508 6791.9522916666665 24.850000000000005 2523.2509881763567
decision_type=2 2 2 2 2 2 2 2 2 2 2 2 2 2
left_child=2 -2 4 11 12 -6 -7 -8 -5 -10 -11 -4 -1 -13
right_child=1 -3 3 8 5 6 7 -9 9 10 -12 13 -14 -15
leaf_value=-2.3255582511765613 0.38936021882837468 -2.7122507067348645 -2.0490022363333864 0.41720758660634355 3.7432377869962306 3.1134842928718118 -0.51979050798176307 1.743418162579232 -3.8747285364414079 -2.2336289226024522 0.80780793390775985 0.23150293853219944 0.68771440029144282 -1.7619756206819566
leaf_weight=69 54 68 57 89 88 67 337 140 57 108 56 2857 53 58
leaf_count=69 54 68 57 89 88 67 337 140 57 108 56 2857 53 58
internal_value=0.0908501 -1.34728 0.134649 0.0165095 0.648159 0.971584 0.517155 0.14669 -1.23663 -1.9016 -1.1964 0.147597 -1.02144 0.191243
internal_weight=4158 122 4036 3282 754 632 544 477 310 221 164 2972 122 2915
internal_count=4158 122 4036 3282 754 632 544 477 310 221 164 2972 122 2915
is_linear=0
shrinkage=0.03


Tree=302
num_leaves=15
num_cat=0
split_feature=46 26 40 35 28 43 42 28 43 38 40 43 8 47
split_gain=274251 258890 256295 568732 447472 427603 831960 547996 532968 288589 273455 369560 261487 212979
threshold=1.4500000000000002 10715.845000000001 20.804166666666671 853.6774999999999 1041.732632195627 81.750000000000014 74.500000000000014 816.15690464603301 95.583333333333357 24.850000000000005 20.995833333333337 96.583333333333357 0.60355339059327384 0.033333333333333361
decision_type=2 2 2 2 2 2 2 2 2 2 2 2 2 2
left_child=2 -2 5 10 -5 9 -7 -8 -9 -1 13 12 -12 -4
right_child=1 -3 3 4 -6 6 7 8 -10 -11 11 -13 -14 -15
leaf_value=-2.2567881946819166 0.3488200169100481 -2.4468230193281828 -2.3516409956821254 -3.3408793827250034 -0.081521010334427296 3.6322024917133739 3.0214533094798814 -0.50424293932830089 1.691486552573265 0.66746504094865589 0.07684636236881294 -2.4253937683786662 0.83855845029689557 0.21531977262496949
leaf_weight=69 50 72 70 78 73 88 67 337 140 53 2480 48 484 49
leaf_count=69 50 72 70 78 73 88 67 337 140 53 2480 48 484 49
internal_value=0.0880933 -1.30742 0.130594 0.0159366 -1.77616 0.628971 0.94282 0.501879 0.142365 -0.991196 0.102909 0.158816 0.201474 -1.30155
internal_weight=4158 122 4036 3282 151 754 632 544 477 122 3131 3012 2964 119
internal_count=4158 122 4036 3282 151 754 632 544 477 122 3131 3012 2964 119
is_linear=0
shrinkage=0.03


Tree=303
num_leaves=15
num_cat=0
split_feature=46 26 40 35 43 42 28 43 44 20 40 19 18 0
split_gain=258229 243809 241402 540113 402656 783302 516074 501660 313431 302765 428395 329150 245867 241969
threshold=1.4500000000000002 10715.845000000001 20.804166666666671 553.00875000000008 81.750000000000014 74.500000000000014 816.15690464603301 95.583333333333357 77.291666666666671 10083.698750000001 21.079166666666669 8610.2337500000012 6537.8225000000011 1.0000000180025095e-35
decision_type=2 2 2 2 2 2 2 2 2 2 2 2 2 2
left_child=2 -2 4 12 8 -6 -7 -8 -1 10 -5 -12 -4 -14
right_child=1 -3 3 9 5 6 7 -9 -10 -11 11 -13 13 -15
leaf_value=0.73782167478041216 0.33856060808195787 -2.3744238475250872 -1.9050286941344921 -2.5238494948078602 3.5244607559767331 2.9321427272347842 -0.48916040552438367 1.6411018367183019 -2.3029271338037822 -2.5864073096827456 -0.62537311301511866 2.36681366180887 -0.92927647759073539 0.24352880174316427
leaf_weight=54 50 72 51 67 88 67 337 140 68 94 101 48 167 2754
leaf_count=54 50 72 51 67 88 67 337 140 68 94 101 48 167 2754
internal_value=0.0854294 -1.26871 0.12667 0.0153936 0.610351 0.914908 0.487055 0.138168 -0.961844 -1.17415 -0.550396 0.347805 0.139829 0.176177
internal_weight=4158 122 4036 3282 754 632 544 477 122 310 216 149 2972 2921
internal_count=4158 122 4036 3282 754 632 544 477 122 310 216 149 2972 2921
is_linear=0
shrinkage=0.03


Tree=304
num_leaves=15
num_cat=0
split_feature=40 43 21 35 20 24 44 35 37 11 40 20 37 52
split_gain=216192 423624 784442 394172 377896 465736 343327 340980 422000 325380 348855 475361 349169 280829
threshold=20.804166666666671 81.750000000000014 14002.011250000001 553.00875000000008 8610.2337500000012 1531.1081595723942 77.291666666666671 778.28249999999946 23.550000000000004 -0.56174490092936669 21.079166666666669 9917.5112500000014 24.150000000000002 40.208333333333336
decision_type=2 2 2 2 2 2 2 2 2 2 2 2 2 2
left_child=1 6 4 13 7 -6 -1 8 -3 -5 -11 12 -12 -2
right_child=3 2 -4 9 5 -7 -8 -9 -10 10 11 -13 -14 -15
leaf_value=0.71608946332064538 0.19081745584928098 -0.78540700477712289 4.4173561915229342 0.49421117997431491 0.56280525493033973 -1.8849563670359299 -2.4569326119252612 3.7939301421847427 2.6118828459084034 -3.643150846629307 1.8599903859410967 -3.2622742894623014 -1.4081544325428623 -0.68325556683682631
leaf_weight=54 2700 67 50 90 326 88 69 49 63 57 55 53 61 376
leaf_count=54 2700 67 50 90 326 88 69 49 63 57 55 53 61 376
internal_value=0.0828522 0.537712 0.846313 -0.0199905 0.538258 0.0391836 -1.06924 1.68583 0.868228 -1.02725 -1.63272 -0.937111 0.143922 0.0837815
internal_weight=4158 766 643 3392 593 414 123 179 130 316 226 169 116 3076
internal_count=4158 766 643 3392 593 414 123 179 130 316 226 169 116 3076
is_linear=0
shrinkage=0.03


Tree=305
num_leaves=15
num_cat=0
split_feature=36 9 44 7 43 41 7 9 36 14 9 16 28 24
split_gain=388141 294718 597432 357550 351841 516238 683058 439716 396569 319461 301205 509462 404051 291703
threshold=2044.0600000000006 0.91597561503675362 78.125000000000014 1.0000000180025095e-35 61.750000000000007 56.500000000000007 17.500000000000004 0.78656609248549303 140.05249999999981 -0.73388536643219904 -0.91597561503675329 11419.881250000002 2156.9409714193966 394.64374158783011
decision_type=2 2 2 2 2 2 2 2 2 2 2 2 2 2
left_child=1 4 3 -3 5 -1 8 10 -7 -5 11 -6 -12 -9
right_child=-2 2 -4 9 7 6 -8 13 -10 -11 12 -13 -14 -15
leaf_value=0.16872381293310293 2.6900538773439369 0.026795640603089942 -0.78988941903782661 0.55681081245462571 -1.7409323246179416 -4.9960250532443702 -0.5379328154559111 -2.8616850283032371 -1.3622323731013706 2.8966275691226024 0.39284615648389709 0.27198809187586714 -1.7291318808283125 -0.56310224893689154
leaf_weight=282 48 116 168 82 186 64 198 62 48 148 2106 286 83 239
leaf_count=282 48 116 168 82 186 64 198 62 48 148 2106 286 83 239
internal_value=0.0359494 0.00397545 0.674702 1.3861 -0.0931872 -0.760212 -1.60312 0.0403342 -3.46465 2.06852 0.1634 -0.523211 0.311628 -1.04452
internal_weight=4116 4068 514 346 3554 592 310 2962 112 230 2661 472 2189 301
internal_count=4116 4068 514 346 3554 592 310 2962 112 230 2661 472 2189 301
is_linear=0
shrinkage=0.03


Tree=306
num_leaves=15
num_cat=0
split_feature=36 53 9 32 9 44 9 24 16 52 2 0 34 35
split_gain=365685 288690 620668 663588 259569 548201 325279 528709 378704 462299 427580 253011 287550 243767
threshold=2044.0600000000006 1.0000000180025095e-35 -0.60355339059327384 1505.8264431770579 0.91597561503675362 78.125000000000014 0.78656609248549303 394.64374158783011 10238.503750000002 0.79166666666666685 4.5000000000000009 1.0000000180025095e-35 12608.063750000003 24.237499999999276
decision_type=2 2 2 2 2 2 2 2 2 2 2 2 2 2
left_child=1 4 -3 -4 6 11 8 -8 10 -10 -1 -6 -13 -9
right_child=-2 2 3 -5 5 -7 7 13 9 -11 -12 12 -14 -15
leaf_value=0.72623796836818366 2.6109991924130185 1.495526258264269 -4.4300799226394068 -0.14083946005864575 0.23201165028377971 -0.73720403855261596 -3.3827473357692361 0.13134304682413736 -2.3455932286900025 -0.14914510910849765 -0.31493648432251209 0.62046459958728017 2.8491182046863766 -2.1493796203271396
leaf_weight=1067 48 55 64 65 112 160 63 206 91 1382 531 86 134 52
leaf_count=1067 48 55 64 65 112 160 63 206 91 1382 531 86 134 52
internal_value=0.0348155 0.00378016 -1.15406 -2.28666 0.0589183 0.702138 -0.0345539 -0.941692 0.0605367 -0.286348 0.380276 1.39597 1.98473 -0.334804
internal_weight=4116 4068 184 129 3884 492 3392 321 3071 1473 1598 332 220 258
internal_count=4116 4068 184 129 3884 492 3392 321 3071 1473 1598 332 220 258
is_linear=0
shrinkage=0.03


Tree=307
num_leaves=15
num_cat=0
split_feature=36 53 32 39 20 22 21 35 8 0 47 50 33 11
split_gain=344523 271843 578792 257842 888995 470059 475002 452349 782092 661465 594424 330464 462666 276149
threshold=2044.0600000000006 1.0000000180025095e-35 1493.6470713289089 19.658333333333339 9004.220000000003 12230.717500000001 10060.672500000002 434.97875000000028 0.91597561503675362 6.5000000000000009 0.016666666666666306 52.000000000000007 5265.7787500000004 -0.22252093395631442
decision_type=2 2 2 2 2 2 2 2 2 2 2 2 2 2
left_child=1 3 -3 4 -1 6 -6 11 10 -10 -9 12 -5 -13
right_child=-2 2 -4 7 5 -7 -8 8 9 -11 -12 13 -14 -15
leaf_value=4.5812991305759976 2.5342677994163672 -2.8075598240157831 0.54353345039043011 -2.5860348303177774 0.59276272539120567 2.5286995279221305 -2.2027161761692589 -2.5088747916201153 -1.0684770500534457 2.357775377931945 -0.20865156488617262 0.32317342054944076 0.29971677879785324 -1.5356632726456296
leaf_weight=48 48 91 93 50 156 62 83 232 94 108 179 118 2572 182
leaf_count=48 48 91 93 50 156 62 83 232 94 108 179 118 2572 182
internal_value=0.0337345 0.00361042 -1.11994 0.0571156 0.833835 0.222992 -0.383123 -0.0197775 -0.760013 0.765898 -1.51005 0.135717 0.243717 -0.805826
internal_weight=4116 4068 184 3884 349 301 239 3535 613 202 411 2922 2622 300
internal_count=4116 4068 184 3884 349 301 239 3535 613 202 411 2922 2622 300
is_linear=0
shrinkage=0.03


Tree=308
num_leaves=13
num_cat=0
split_feature=14 52 39 0 5 35 40 20 37 46 5 11
split_gain=285644 241831 307362 1.0866e+06 898782 650942 635562 464950 361356 249802 295442 285562
threshold=-0.99937381720471408 0.20833333333333334 20.058333333333337 9.5000000000000018 223.50000000000003 792.0225000000006 21.287500000000005 9243.9275000000016 21.750000000000004 0.45000000000000007 325.50000000000006 -0.22252093395631442
decision_type=2 2 2 2 2 2 2 2 2 2 2 2
left_child=-1 -2 3 4 -3 9 7 -7 -6 10 -4 -11
right_child=1 2 5 -5 8 6 -8 -9 -10 11 -12 -13
leaf_value=-1.8673112754821777 -1.4721505175828933 3.43165212601015 0.27640681682652929 5.0155212899251858 0.21218718567287734 -1.9783692560316639 -3.7330008115044122 1.367449725110766 -2.1048432922363278 0.40916776207923888 -0.9031769396682966 -1.444671560363336
leaf_weight=69 89 72 2645 48 381 78 78 70 71 124 205 186
leaf_count=69 89 72 2645 48 381 78 78 70 71 124 205 186
internal_value=0.0327286 0.0655806 0.100525 0.743094 0.34289 -0.00820754 -1.55995 -0.39723 -0.155581 0.103225 0.191267 -0.704156
internal_weight=4116 4047 3958 572 524 3386 226 148 452 3160 2850 310
internal_count=4116 4047 3958 572 524 3386 226 148 452 3160 2850 310
is_linear=0
shrinkage=0.03


Tree=309
num_leaves=15
num_cat=0
split_feature=9 44 9 19 9 24 2 9 9 39 40 2 35 32
split_gain=234080 544101 340456 306563 286096 452489 336424 673717 668158 440922 311081 621296 452181 433365
threshold=0.91597561503675362 73.625000000000014 0.98296291314453421 11119.942500000003 0.78656609248549303 371.06735132321876 5.5000000000000009 0.1294095225512602 -0.37940952255126026 21.850000000000005 20.279166666666672 1.0000000180025095e-35 1055.0737499999998 2106.9349494682597
decision_type=2 2 2 2 2 2 2 2 2 2 2 2 2 2
left_child=4 2 3 -2 6 -6 10 8 9 -8 11 -1 -13 -12
right_child=1 -3 -4 -5 5 -7 7 -9 -10 -11 13 12 -14 -15
leaf_value=3.6747725571691987 1.5050237654870555 -0.36869323457990372 0.056525941966624742 4.2581482112969997 -3.3248026156476942 -0.38767420410895514 1.0634233527959778 0.92934425349775196 -3.6421706418027266 -1.7331860326951549 0.2167791856138378 1.1931202420883853 -1.5089363686814903 -0.83978828632671909
leaf_weight=63 123 251 88 52 56 277 85 147 93 123 2077 183 79 419
leaf_count=63 123 251 88 52 56 277 85 147 93 123 2077 183 79 419
internal_value=0.0317262 0.62998 1.58093 2.34273 -0.0537908 -0.890126 0.0316449 -0.731106 -1.54247 -0.590649 0.152998 1.02455 0.375681 0.0391434
internal_weight=4116 514 263 175 3602 333 3269 448 301 208 2821 325 262 2496
internal_count=4116 514 263 175 3602 333 3269 448 301 208 2821 325 262 2496
is_linear=0
shrinkage=0.03


Tree=310
num_leaves=15
num_cat=0
split_feature=0 9 44 0 15 15 15 5 39 20 37 44 39 35
split_gain=258098 402473 507684 487986 337906 266853 587585 447297 429624 442365 332874 262229 239191 235000
threshold=1.0000000180025095e-35 0.91597561503675362 67.791666666666671 2.5000000000000004 -0.94445443497892134 -0.90566889813915308 -0.84831994561267254 208.50000000000003 20.275000000000006 9322.5387500000015 21.250000000000004 81.791666666666671 22.641666666666673 -500.79624999999936
decision_type=2 2 2 2 2 2 2 2 2 2 2 2 2 2
left_child=12 3 -3 11 -4 8 7 -7 -5 -10 -8 -2 -1 -6
right_child=1 2 4 5 13 6 10 -9 9 -11 -12 -13 -14 -15
leaf_value=-1.7436000473865052 -2.4416714404080362 2.6106841285697748 2.4021517699241639 1.8624486272014789 0.74127647207541891 0.36538401881853738 -0.42141476624371371 3.139050003646068 -1.3224608045633022 0.20350055230250125 0.3187460067747801 -0.085059319904872338 0.71727613682649571 -1.4056823115795851
leaf_weight=131 110 121 49 66 87 107 815 102 389 304 1657 69 48 95
leaf_count=131 110 121 49 66 87 107 815 102 389 304 1657 69 48 95
internal_value=0.0278057 0.0781546 1.04508 -0.0161513 0.217217 0.0635025 0.204103 1.72761 -0.432734 -0.653713 0.0746427 -1.53886 -1.0833 -0.380864
internal_weight=4150 3971 352 3619 231 3440 2681 209 759 693 2472 179 179 182
internal_count=4150 3971 352 3619 231 3440 2681 209 759 693 2472 179 179 182
is_linear=0
shrinkage=0.03


Tree=311
num_leaves=13
num_cat=0
split_feature=29 19 28 44 38 0 9 44 0 40 19 42
split_gain=302638 339454 503475 301203 409125 257799 335376 498358 435281 238157 163342 123948
threshold=5537.8487500000001 6713.6762500000013 1176.1749018361788 94.875000000000014 20.650000000000002 1.0000000180025095e-35 0.91597561503675362 73.958333333333357 2.5000000000000004 23.529166666666672 6367.4412500000008 86.500000000000014
decision_type=2 2 2 2 2 2 2 2 2 2 2 2
left_child=10 2 -2 5 -5 9 8 -8 -7 -3 -1 -11
right_child=1 3 -4 4 -6 6 7 -9 -10 11 -12 -13
leaf_value=-0.37230245304107668 3.0423543602228165 -2.3570706526250453 -0.51663001500070094 0.22775435547033945 -3.5708587255283275 -1.4289339846284206 2.0515458899696561 -0.22028340982581757 0.10059510387847388 0.91817002374392287 -2.8187472189903255 -1.1159967793311389
leaf_weight=49 81 73 63 53 48 176 186 162 3104 51 49 55
leaf_count=49 81 73 63 53 48 176 186 162 3104 51 49 55
internal_value=0.0270075 0.0670344 1.49237 0.0141422 -1.59469 0.0572361 0.112192 0.996326 0.0181077 -1.05097 -1.61179 -0.137719
internal_weight=4150 4052 144 3908 101 3807 3628 348 3280 179 98 106
internal_count=4150 4052 144 3908 101 3807 3628 348 3280 179 98 106
is_linear=0
shrinkage=0.03


Tree=312
num_leaves=15
num_cat=0
split_feature=0 9 44 9 28 32 24 2 5 10 35 15 40 35
split_gain=228746 356569 458788 439528 423927 671334 1.01769e+06 375981 438224 381154 344175 317362 225920 221719
threshold=1.0000000180025095e-35 0.91597561503675362 67.791666666666671 0.60355339059327384 720.7710753834923 1754.6807040106157 507.34991070333677 5.5000000000000009 207.50000000000003 0.6078576107927941 -67.541250000000204 -0.94445443497892134 24.854166666666668 -500.79624999999936
decision_type=2 2 2 2 2 2 2 2 2 2 2 2 2 2
left_child=12 3 -3 4 5 6 -2 9 -9 -6 -5 -4 -1 -13
right_child=1 2 11 10 7 -7 -8 8 -10 -11 -12 13 -14 -15
leaf_value=-1.6616634986075487 0.92905674781799308 2.4719636633845625 2.3142377234458924 -0.31865281441632437 0.44836324771734198 -1.2902040670554646 5.9217548129023339 -2.3798945224590793 -0.13991810158080578 -0.36500803592664594 -1.8863816894824246 0.70723661306229502 0.72957049034079724 -1.3782188270194455
leaf_weight=131 149 121 49 526 1523 67 48 116 240 785 165 87 48 95
leaf_count=131 149 121 49 526 1523 67 48 116 240 785 165 87 48 95
internal_value=0.026153 0.0735528 0.983666 -0.015212 0.145443 1.28978 2.16939 0.0315934 -0.874462 0.171674 -0.695209 0.196723 -1.01986 -0.382826
internal_weight=4150 3971 352 3619 2928 264 197 2664 356 2308 691 231 179 182
internal_count=4150 3971 352 3619 2928 264 197 2664 356 2308 691 231 179 182
is_linear=0
shrinkage=0.03


Tree=313
num_leaves=13
num_cat=0
split_feature=29 23 17 16 23 41 27 20 43 38 5 19
split_gain=286009 320966 234318 560362 368211 459196 370364 392757 350268 347355 232287 152816
threshold=5537.8487500000001 6669.4275000000007 8002.55375 8521.9850000000024 8765.4922916666674 73.500000000000014 8389.7497916666689 6713.6762500000013 78.416666666666671 20.750000000000004 145.50000000000003 6367.4412500000008
decision_type=2 2 2 2 2 2 2 2 2 2 2 2
left_child=11 -2 3 8 5 -4 -6 -8 -3 -7 -10 -1
right_child=1 2 4 -5 6 9 7 -9 10 -11 -12 -13
leaf_value=-0.36863908138275142 2.06364468601388 2.0370213036239146 3.1543988091012705 -3.5281722550392147 -1.8934638143628835 1.4167883719189218 2.057649906568749 -0.0030390591038898991 -2.4237068691059034 -0.27314283149364671 -0.26798007934642354 -2.7351910061359406
leaf_weight=49 70 55 68 49 89 205 85 2595 48 233 555 49
leaf_count=49 70 55 68 49 89 205 85 2595 48 233 555 49
internal_value=0.0253979 0.0643099 0.0286503 -0.466256 0.135604 0.878889 -0.000484927 0.0630561 -0.23321 0.519198 -0.443334 -1.56774
internal_weight=4150 4052 3982 707 3275 506 2769 2680 658 438 603 98
internal_count=4150 4052 3982 707 3275 506 2769 2680 658 438 603 98
is_linear=0
shrinkage=0.03


Tree=314
num_leaves=14
num_cat=0
split_feature=0 0 0 32 20 35 19 38 28 44 40 30 42
split_gain=215014 316302 423114 340546 325676 273099 272893 422086 265203 247394 216705 121439 112540
threshold=1.0000000180025095e-35 1.5000000000000002 2.5000000000000004 1826.9928250198579 14532.276250000001 -496.49750000000034 12490.040000000003 28.750000000000004 2244.7090175357944 81.791666666666671 23.529166666666672 12333.370000000001 86.500000000000014
decision_type=2 2 2 2 2 2 2 2 2 2 2 2 2
left_child=10 3 9 5 6 -2 7 -4 -8 11 -1 -3 -12
right_child=1 2 4 -5 -6 -7 8 -9 -10 -11 12 -13 -14
leaf_value=-2.2353844980935791 1.8310588740815921 -1.3546113203393835 0.084998296029587334 2.9011386751631898 1.9529722423706113 -1.2489341669082641 -0.92624581825988028 2.0768972780487753 0.76018218810217719 0.0040101368767874578 0.88750461307855744 -3.3887784253120423 -1.0507566763247762
leaf_weight=73 48 61 2916 71 81 54 420 98 104 69 51 49 55
leaf_count=73 48 61 2916 71 81 54 420 98 104 69 51 49 55
internal_value=0.02463 0.0705852 0.0132764 1.32134 0.0838664 0.204034 0.0405305 0.150437 -0.590696 -1.40636 -0.989503 -2.28324 -0.118478
internal_weight=4150 3971 3798 173 3619 102 3538 3014 524 179 179 110 106
internal_count=4150 3971 3798 173 3619 102 3538 3014 524 179 179 110 106
is_linear=0
shrinkage=0.03


Tree=315
num_leaves=12
num_cat=0
split_feature=35 24 35 35 27 21 9 42 9 35 30
split_gain=321770 541412 505898 501321 456393 262928 582328 408065 348029 305004 239525
threshold=1250.7262500000008 1394.7476508798297 1008.0187500000003 947.86125000000004 9048.6044791666682 9601.058750000002 0.78656609248549303 64.500000000000014 -0.91597561503675329 553.00875000000008 12218.395000000002
decision_type=2 2 2 2 2 2 2 2 2 2 2
left_child=2 -2 3 5 -4 8 7 -7 -1 -10 -3
right_child=1 10 4 -5 -6 6 -8 -9 9 -11 -12
leaf_value=-1.9682266183093537 -3.0803008980500071 1.5945435997417996 4.1544996327274246 -2.8403652234146231 0.23090107740055429 -0.24787467964461871 3.4977116197909948 0.70576218942385072 0.062436438364106506 -1.6788790245934537 -1.2476963082481831
leaf_weight=85 75 55 52 51 54 699 52 954 1923 94 50
leaf_count=85 75 55 52 51 54 699 52 954 1923 94 50
internal_value=0.0853967 -1.15161 0.141847 0.0853866 2.17666 0.125321 0.402034 0.302585 -0.0992075 -0.0194999 0.241952
internal_weight=4144 180 3964 3858 106 3807 1705 1653 2102 2017 105
internal_count=4144 180 3964 3858 106 3807 1705 1653 2102 2017 105
is_linear=0
shrinkage=0.03


Tree=316
num_leaves=11
num_cat=0
split_feature=35 24 35 20 35 14 40 51 31 16
split_gain=302979 509830 476588 923142 472232 262243 260713 374595 308738 216984
threshold=1250.7262500000008 1394.7476508798297 1008.0187500000003 9508.9625000000015 947.86125000000004 -0.99937381720471408 23.504166666666666 36.416666666666679 8296.1430729166677 12223.357500000002
decision_type=2 2 2 2 2 2 2 2 2 2
left_child=2 -2 4 -4 5 -1 7 -7 -8 -3
right_child=1 9 3 -5 -6 6 8 -9 -10 -11
leaf_value=-1.7388054723170265 -2.9891078842313665 1.4981801539973207 4.6274396955764896 -0.95828530749496155 -2.7567929588831386 0.16377706166363007 1.9245052711333126 -0.74961682821418407 0.33958356426608177 -1.2098757605552672
leaf_weight=66 75 56 58 48 51 1800 120 520 1301 49
leaf_count=66 75 56 58 48 51 1800 120 520 1301 49
internal_value=0.0828287 -1.11751 0.137607 2.1126 0.0828056 0.121564 0.154845 -0.0411775 0.474696 0.234788
internal_weight=4144 180 3964 106 3858 3807 3741 2320 1421 105
internal_count=4144 180 3964 106 3858 3807 3741 2320 1421 105
is_linear=0
shrinkage=0.03


Tree=317
num_leaves=15
num_cat=0
split_feature=35 2 11 40 16 40 18 31 35 36 8 26 3 34
split_gain=292343 572640 370039 446836 469709 435563 594954 582547 416267 334596 328489 497470 313750 399586
threshold=521.0212500000008 1.0000000180025095e-35 -0.56174490092936669 20.104166666666671 9570.9100000000017 20.804166666666671 8625.621250000002 9540.5552604166678 1078.4137499999999 924.77749999999844 0.98296291314453421 7583.9725000000008 10.500000000000002 12379.530000000002
decision_type=2 2 2 2 2 2 2 2 2 2 2 2 2 2
left_child=10 9 3 -3 -5 6 7 -4 -8 -2 11 -1 -7 -14
right_child=1 2 5 4 -6 12 8 -9 -10 -11 -12 -13 13 -15
leaf_value=-2.1201382562943865 2.8872538128224288 -2.2291826116337492 0.10153032324207362 -1.3114285564422608 2.108741619375619 -1.029954159895579 2.8256101408570271 -3.9635479188844807 -0.81510248490099635 -0.29179526502435854 2.3461488401322135 0.21836490527168262 -1.5487469797989106 -5.2760841484698986
leaf_weight=83 65 50 66 53 109 89 60 60 52 54 62 3236 52 53
leaf_count=83 65 50 66 53 109 89 60 60 52 54 62 3236 52 53
internal_value=0.0803303 -0.449711 -0.803239 0.222658 0.988524 -1.30607 -0.442666 -1.85007 1.14289 1.45413 0.200048 0.159259 -2.35753 -3.46233
internal_weight=4144 763 644 212 162 432 238 126 112 119 3381 3319 194 105
internal_count=4144 763 644 212 162 432 238 126 112 119 3381 3319 194 105
is_linear=0
shrinkage=0.03


Tree=318
num_leaves=15
num_cat=0
split_feature=20 0 8 8 0 20 24 43 19 32 45 39 10 0
split_gain=238331 342373 252554 909446 737351 473542 430755 393994 501321 738989 318025 531483 305069 694216
threshold=14270.237500000001 21.500000000000004 -0.60355339059327384 -0.37940952255126031 15.500000000000002 7036.3137500000003 755.48128561831697 62.750000000000007 10238.503750000002 1552.1632194413789 0.15000000000000005 23.908333333333339 1.0000000180025095e-35 9.5000000000000018
decision_type=2 2 2 2 2 2 2 2 2 2 2 2 2 2
left_child=2 -2 4 -4 -1 6 -5 8 -6 -10 11 -9 13 -7
right_child=1 -3 3 5 7 12 -8 10 9 -11 -12 -13 -14 -15
leaf_value=2.0850782267549604 0.049404228793250182 2.6935509629249572 -1.6659941343382583 -3.6701857867993803 2.2297158001899717 -0.008136095657219759 0.085114806493123363 -0.39832538888930413 -3.5353456127643583 -0.3063332649585952 -0.40803190621687335 1.9286011913550072 -0.24264335496558084 1.4676764673976084
leaf_weight=193 107 74 307 56 49 924 53 138 79 316 192 243 998 415
leaf_count=193 107 74 307 56 49 924 53 138 79 316 192 243 998 415
internal_value=0.0778613 1.13938 0.0291002 -0.129673 0.390163 0.0637484 -1.8599 0.066765 -0.603257 -0.95947 0.586117 1.0869 0.154233 0.450009
internal_weight=4144 181 3963 2753 1210 2446 109 1017 444 395 573 381 2337 1339
internal_count=4144 181 3963 2753 1210 2446 109 1017 444 395 573 381 2337 1339
is_linear=0
shrinkage=0.03


Tree=319
num_leaves=13
num_cat=0
split_feature=35 24 35 35 15 45 33 8 0 30 27 30
split_gain=279750 474775 454202 433196 430874 253661 338042 363831 312004 289520 335645 211941
threshold=1250.7262500000008 1394.7476508798297 1008.0187500000003 947.86125000000004 0.05147685835725125 0.95000000000000007 8444.8825000000015 -0.60355339059327384 3.5000000000000004 11173.435000000001 10720.49479166667 12218.395000000002
decision_type=2 2 2 2 2 2 2 2 2 2 2 2
left_child=2 -2 3 5 -4 6 7 -1 -8 -7 -11 -3
right_child=1 11 4 -5 -6 9 8 -9 -10 10 -12 -13
leaf_value=0.54272417967972841 -2.8839878970698307 1.4994320258923939 3.8729759591817854 -2.6450308953798731 0.059863207890437198 -2.4570141804218291 -0.84674746645640009 -0.15298642469288537 1.3045655202279325 1.8640834023028003 -1.3828977576546047 -1.1741436411352717
leaf_weight=974 75 55 55 51 51 71 72 2209 365 48 68 50
leaf_count=974 75 55 55 51 51 71 72 2209 365 48 68 50
internal_value=0.0755275 -1.07788 0.128165 0.0746678 2.05621 0.111791 0.16755 0.0600003 0.948958 -0.962686 -0.0347424 0.227093
internal_weight=4144 180 3964 3858 106 3807 3620 3183 437 187 116 105
internal_count=4144 180 3964 3858 106 3807 3620 3183 437 187 116 105
is_linear=0
shrinkage=0.03


Tree=320
num_leaves=15
num_cat=0
split_feature=46 7 20 52 35 24 25 7 44 12 32 49 40 10
split_gain=235242 236356 359258 290088 305982 576747 392272 526143 342259 308702 299055 218341 178753 154660
threshold=1.8500000000000003 20.500000000000004 13810.200000000003 0.29166666666666669 -509.66874999999931 871.23670473915831 9483.6075000000019 9.5000000000000018 77.375000000000014 -0.24999999999999994 2024.4838522303783 2.5000000000000004 24.495833333333341 -0.60785761079279388
decision_type=2 2 2 2 2 2 2 2 2 2 2 2 2 2
left_child=1 3 12 -1 5 10 7 -6 -8 -7 -5 -4 13 -3
right_child=-2 2 11 4 6 9 8 -9 -10 -11 -12 -13 -14 -15
leaf_value=-1.6180884057488936 -1.4813231686000921 -0.30929548579566879 2.2266938312351701 1.0049980536064878 -0.085561393500873495 0.26156788052631025 -0.030650570931414718 0.9179123856589263 -1.2880062745371124 -2.5108973693847654 3.0589118270391831 -0.38290717387199397 -0.42849557167953917 -2.2458817665811095
leaf_weight=86 97 52 55 232 1490 118 478 686 328 51 88 59 215 132
leaf_count=86 97 52 55 232 1490 118 478 686 328 51 88 59 215 132
internal_value=-0.0288789 0.00608879 -0.595252 0.0929629 0.135815 0.830577 0.0216403 0.231061 -0.543309 -0.584853 1.57764 0.884395 -1.0192 -1.7033
internal_weight=4167 4070 513 3557 3471 489 2982 2176 806 169 320 114 399 184
internal_count=4167 4070 513 3557 3471 489 2982 2176 806 169 320 114 399 184
is_linear=0
shrinkage=0.03


Tree=321
num_leaves=15
num_cat=0
split_feature=46 0 2 9 36 17 14 27 36 24 0 52 36 2
split_gain=221475 222431 365431 601653 716752 516352 457273 361596 340273 329506 500055 251615 254142 248512
threshold=1.8500000000000003 20.500000000000004 5.5000000000000009 0.1294095225512602 -704.80875000000003 8625.621250000002 -0.31226905285971468 8909.1906250000029 -397.41124999999914 947.50877468273495 21.500000000000004 0.29166666666666669 -1542.4837500000001 5.5000000000000009
decision_type=2 2 2 2 2 2 2 2 2 2 2 2 2 2
left_child=1 2 11 4 6 8 -4 -6 -5 13 -11 -1 -13 -3
right_child=-2 9 3 5 7 -7 -8 -9 -10 10 -12 12 -14 -15
leaf_value=-1.5045686520457267 -1.4373369411546355 -1.4476801987767827 0.66844868355848652 3.7453875115969959 -1.8083838387539513 -1.5193198919389397 -2.2742170922379743 -5.3881111353270859 0.52216365073856552 -1.4234822412098156 1.9473884478619223 -1.8044242275885816 0.29188118737227697 0.67636668521165844
leaf_weight=74 97 293 126 48 56 63 75 48 75 67 94 52 2940 59
leaf_count=74 97 293 126 48 56 63 75 48 75 67 94 52 2940 59
internal_value=-0.0280339 0.00589503 0.0901713 -0.668843 -1.48712 0.673647 -0.435309 -3.49629 1.80019 -0.577463 0.544383 0.211906 0.254852 -1.09071
internal_weight=4167 4070 3557 491 305 186 201 104 123 513 161 3066 2992 352
internal_count=4167 4070 3557 491 305 186 201 104 123 513 161 3066 2992 352
is_linear=0
shrinkage=0.03


Tree=322
num_leaves=15
num_cat=0
split_feature=46 52 0 2 26 35 21 28 35 0 24 11 37 12
split_gain=208497 212186 233805 339669 530169 763093 449008 326354 269211 519312 491231 202153 193739 124774
threshold=1.8500000000000003 0.20833333333333334 20.500000000000004 5.5000000000000009 11677.585000000001 483.4674999999998 12719.961250000002 1812.9002258342971 -389.42249999999962 2.5000000000000004 714.0204284055369 1.0000000180025095e-35 21.550000000000004 -0.24999999999999994
decision_type=2 2 2 2 2 2 2 2 2 2 2 2 2 2
left_child=1 -1 3 8 5 -5 -6 11 10 -10 -3 12 -4 -13
right_child=-2 2 7 4 6 -7 -8 -9 9 -11 -12 13 -14 -15
leaf_value=-1.46867941755195 -1.3946568255521814 1.6011543249611446 -2.0565250020441801 0.69487917976176483 -4.0681228014081716 -2.5190744739565356 -0.24653308439254759 1.3038420321544011 -1.152728166573503 0.2524664156300338 -0.041814532907815963 -0.63220544908274989 -0.21546806100126986 1.0526406752846458
leaf_weight=85 97 327 160 281 63 86 49 71 266 2085 327 140 76 54
leaf_count=85 97 327 160 281 63 86 49 71 266 2085 327 140 76 54
internal_value=-0.0272705 0.00564918 0.0374609 0.124647 -0.616469 -0.0630124 -2.41329 -0.56785 0.242952 0.0930491 0.780837 -0.87924 -1.46712 -0.160158
internal_weight=4167 4070 3985 3484 479 367 112 501 3005 2351 654 430 236 194
internal_count=4167 4070 3985 3484 479 367 112 501 3005 2351 654 430 236 194
is_linear=0
shrinkage=0.03


Tree=323
num_leaves=15
num_cat=0
split_feature=46 52 0 2 19 35 24 0 35 0 24 2 38 51
split_gain=196282 199773 219977 319895 469874 672674 310329 441767 253363 488717 462383 229585 210322 154932
threshold=1.8500000000000003 0.20833333333333334 20.500000000000004 5.5000000000000009 11368.668750000003 483.4674999999998 947.50877468273495 21.500000000000004 -389.42249999999962 2.5000000000000004 709.42255576063951 5.5000000000000009 21.150000000000002 49.166666666666679
decision_type=2 2 2 2 2 2 2 2 2 2 2 2 2 2
left_child=1 -1 3 8 5 -5 11 -8 10 -10 -3 12 -4 -2
right_child=13 2 6 4 -6 -7 7 -9 9 -11 -12 -13 -14 -15
leaf_value=-1.425131370771763 -2.546203553336007 1.5582240594201293 -2.3860100345196931 0.50539430670878471 -2.832856516043345 -2.2874761388364893 -1.3223108540475368 1.9469790858900946 -1.1182758517814486 0.24489606106555584 -0.035802154592492356 0.65699624556303016 -0.7315007783757167 -0.15677888274192808
leaf_weight=85 48 325 114 305 71 103 63 88 266 2085 329 59 177 49
leaf_count=85 48 325 114 305 71 103 63 88 266 2085 329 59 177 49
internal_value=-0.0265168 0.00542392 0.0362913 0.12086 -0.598359 -0.203501 -0.550847 0.583146 0.23567 0.090246 0.757483 -1.04039 -1.38566 -1.35324
internal_weight=4167 4070 3985 3484 479 408 501 151 3005 2351 654 350 291 97
internal_count=4167 4070 3985 3484 479 408 501 151 3005 2351 654 350 291 97
is_linear=0
shrinkage=0.03


Tree=324
num_leaves=15
num_cat=0
split_feature=0 0 5 24 15 39 5 31 5 51 21 38 16 36
split_gain=194759 1.39026e+06 951636 600598 588687 584769 390430 330077 320829 386924 319151 281737 396787 291314
threshold=10.500000000000002 9.5000000000000018 227.50000000000003 1855.5257939073033 -0.96011450294824408 22.158333333333339 324.50000000000006 11350.016718750001 276.50000000000006 45.416666666666679 14276.836250000002 22.250000000000004 10135.961250000002 -207.68874999999932
decision_type=2 2 2 2 2 2 2 2 2 2 2 2 2 2
left_child=1 3 -3 4 -1 8 -7 -8 9 -2 -10 13 -13 -6
right_child=5 2 -4 -5 11 6 7 -9 10 -11 -12 12 -14 -15
leaf_value=1.4766840136695552 -3.3101053844738217 0.43759678863076601 4.8715998398340661 -3.2672375926550696 -0.65859398615622256 0.1151067842884084 -3.4116269439229598 -0.44875588438727637 0.4456894291348818 -0.30238000440597534 -2.2851794220271864 0.48681509897626679 -2.7331486007086068 0.27913148606064692
leaf_weight=221 111 84 90 50 454 1769 51 98 118 59 56 57 85 864
leaf_count=221 111 84 90 50 454 1769 51 98 118 59 56 57 85 864
internal_value=-0.0257932 0.197636 2.74586 -0.0599407 0.0373346 -0.21397 -0.00942805 -1.47898 -1.35104 -2.27421 -0.441161 -0.181391 -1.44616 -0.0441217
internal_weight=4167 1905 174 1731 1681 2262 1918 149 344 170 174 1460 142 1318
internal_count=4167 1905 174 1731 1681 2262 1918 149 344 170 174 1460 142 1318
is_linear=0
shrinkage=0.03


Tree=325
num_leaves=15
num_cat=0
split_feature=9 2 38 3 49 0 9 5 28 8 33 15 39 37
split_gain=216626 584038 406302 444521 497651 544635 387890 559778 344651 339464 831627 567160 477988 461593
threshold=-0.25881904510252068 1.0000000180025095e-35 18.950000000000003 10.500000000000002 58.000000000000007 14.500000000000002 -0.12940952255126037 231.50000000000003 1371.1654433713061 -0.9159756150367534 8277.1862500000007 -0.96477059369951401 27.525000000000002 20.050000000000004
decision_type=2 2 2 2 2 2 2 2 2 2 2 2 2 2
left_child=1 8 -3 -4 5 -5 7 -2 -1 10 -8 -11 13 -13
right_child=6 2 3 4 -6 -7 9 -9 -10 11 -12 12 -14 -15
leaf_value=3.410844557502053 0.10936677781136139 -2.6964061470420995 0.79920917780031797 -0.48957696624242319 -3.1844912865582633 1.4085996202794377 1.4322423074914985 -3.2168586061289024 0.88637540236817602 1.0633698453922427 -2.209819158554077 0.0090153539851630399 2.2241622397774141 -1.0229530244040608
leaf_weight=65 91 48 505 733 50 166 291 90 190 247 69 692 56 893
leaf_count=65 91 48 505 733 50 166 291 90 190 247 69 692 56 893
internal_value=-0.0374247 0.21625 -0.00947869 0.0810051 -0.301603 -0.137887 -0.220938 -1.55306 1.54074 -0.113031 0.729951 -0.274079 -0.475923 -0.572672
internal_weight=4186 1757 1502 1454 949 899 2429 181 255 2248 360 1888 1641 1585
internal_count=4186 1757 1502 1454 949 899 2429 181 255 2248 360 1888 1641 1585
is_linear=0
shrinkage=0.03


Tree=326
num_leaves=15
num_cat=0
split_feature=29 36 10 38 29 41 18 40 21 31 39 40 35 21
split_gain=209469 270327 341243 504594 293529 292146 397336 389536 283642 358581 408543 480890 350771 549407
threshold=10680.356250000003 558.16749999999968 1.0000000180025095e-35 22.150000000000002 8400.2750000000033 66.500000000000014 8493.3775000000023 21.287500000000005 6307.8249999999998 8018.1957291666668 21.125000000000007 23.437500000000004 521.0212500000008 9797.9437500000022
decision_type=2 2 2 2 2 2 2 2 2 2 2 2 2 2
left_child=1 8 5 -4 -5 7 -7 -3 -1 10 -10 -12 -11 -14
right_child=-2 2 3 4 -6 6 -8 -9 9 12 11 -13 13 -15
leaf_value=-2.2771179167429607 -1.3104047790248836 3.7287875171141192 0.8750077689257828 -2.7026772141045536 0.19633363065719603 1.8289317932724951 -0.45758022964309536 0.93836055661513373 2.9997432654836902 -0.0147914486886963 -1.1095026515646185 2.4024536436157566 -3.0232780712436544 -0.44023960142573221
leaf_weight=53 112 65 147 86 49 105 192 145 68 2456 93 55 87 473
leaf_count=53 112 65 147 86 49 105 192 145 68 2456 93 55 87 473
internal_value=-0.0363122 -0.000968894 0.497303 -0.338463 -1.65663 0.961948 0.354157 1.81571 -0.120765 -0.0847056 1.09321 0.20288 -0.169405 -0.846234
internal_weight=4186 4074 789 282 135 507 297 210 3285 3232 216 148 3016 560
internal_count=4186 4074 789 282 135 507 297 210 3285 3232 216 148 3016 560
is_linear=0
shrinkage=0.03


Tree=327
num_leaves=15
num_cat=0
split_feature=9 2 45 52 0 44 29 16 42 9 48 24 28 8
split_gain=202873 521395 502906 435409 372210 483855 739141 520939 474934 366045 447152 478362 328125 323003
threshold=-0.25881904510252068 1.0000000180025095e-35 0.35000000000000003 26.958333333333339 14.500000000000002 84.541666666666671 8385.9275000000016 11419.881250000002 62.500000000000007 -0.12940952255126037 0.008333333333333302 525.13107724739791 1371.1654433713061 -0.9159756150367534
decision_type=2 2 2 2 2 2 2 2 2 2 2 2 2 2
left_child=1 12 4 -4 5 7 -7 -3 -6 10 -2 -12 -1 -11
right_child=9 2 3 -5 8 6 -8 -9 -10 13 11 -13 -14 -15
leaf_value=3.2862221483750775 -3.924068102180958 -2.3732835479777492 -3.0053207145224916 0.032517326021768954 0.34789653359746642 0.090406730254430315 3.2738299887147666 -0.054228194467564848 3.2250809602674684 0.71430788768543096 1.1066406056410829 -2.4860185114542643 0.82353158396888149 -0.26507525847064178
leaf_weight=65 49 138 87 82 162 652 72 234 75 360 70 62 190 1888
leaf_count=65 49 138 87 82 162 652 72 234 75 360 70 62 190 1888
internal_value=-0.0352111 0.210278 -0.00300456 -1.53973 0.192821 -0.0406471 0.41109 -0.918619 1.26819 -0.212804 -1.50687 -0.586712 1.46172 -0.10798
internal_weight=4186 1757 1502 169 1333 1096 724 372 237 2429 181 132 255 2248
internal_count=4186 1757 1502 169 1333 1096 724 372 237 2429 181 132 255 2248
is_linear=0
shrinkage=0.03


Tree=328
num_leaves=15
num_cat=0
split_feature=52 19 45 21 15 52 22 25 9 15 15 15 51 15
split_gain=201373 304931 251555 559338 358482 413470 360969 273559 273382 742547 537376 160898 387461 158493
threshold=48.750000000000007 5864.036250000001 0.35000000000000003 7909.3587500000003 -0.56532384738233998 26.958333333333339 11858.086250000002 6087.8450000000003 -0.5 -0.90566889813915308 -0.96477059369951401 -0.92628984363228806 52.500000000000007 -0.79980977965991029
decision_type=2 2 2 2 2 2 2 2 2 2 2 2 2 2
left_child=1 -1 7 -4 6 -6 -5 13 9 -9 -10 -2 -13 -3
right_child=11 2 3 4 5 -7 -8 8 10 -11 -12 12 -14 -15
leaf_value=2.2469182968139649 0.38355348514050852 -0.24636188740632972 1.7114742071520197 -3.1671135557003511 -1.8889142422378062 1.5356151140653169 -0.075708353373469137 -1.0332232047032708 1.0304831801002676 0.84549175174529578 -0.2756439168709765 -3.5605817013866492 -0.065828232538132442 -2.6429733373568607
leaf_weight=53 48 48 65 116 61 64 48 236 329 942 2011 52 62 51
leaf_count=53 48 48 65 116 61 64 48 236 329 942 2011 52 62 51
internal_value=-0.0341486 0.0077189 -0.0227216 -0.784795 -1.35026 -0.137164 -2.26835 0.0520557 0.0960141 0.468541 -0.0916365 -1.06788 -1.67716 -1.49521
internal_weight=4186 4024 3971 354 289 125 164 3617 3518 1178 2340 162 114 99
internal_count=4186 4024 3971 354 289 125 164 3617 3518 1178 2340 162 114 99
is_linear=0
shrinkage=0.03


Tree=329
num_leaves=15
num_cat=0
split_feature=3 0 0 24 5 15 28 0 32 5 22 10 28 30
split_gain=208247 182796 1.28473e+06 1.11426e+06 574665 481657 398400 395826 555098 349796 327485 279366 397689 280858
threshold=30.500000000000004 10.500000000000002 9.5000000000000018 1750.4050061436683 227.50000000000003 -0.96011450294824408 903.70666367835145 11.500000000000002 1937.4201044733891 339.50000000000006 9996.7700000000023 0.6078576107927941 1494.6261379798241 15005.678750000001
decision_type=2 2 2 2 2 2 2 2 2 2 2 2 2 2
left_child=1 2 3 5 -4 10 -7 8 -3 11 -1 12 -9 -13
right_child=-2 7 4 -5 -6 6 -8 9 -10 -11 -12 13 -14 -15
leaf_value=0.75417706344341262 1.5229061321835768 -2.8578003914904806 0.78751242207926375 -3.5314306460486518 4.2117215235002581 -0.97592804773111597 0.17105292592186858 -0.2495654746136575 0.74162185943732828 -1.9488396876198906 3.5414921525059913 -0.37929090121310882 0.78052476718767505 -2.6133129537105559
leaf_weight=172 75 112 85 80 92 369 1034 794 58 90 48 537 585 55
leaf_count=172 75 112 85 80 92 369 1034 794 58 90 48 537 585 55
internal_value=-0.0331617 -0.0619173 0.155956 -0.0974552 2.58107 0.0738714 -0.131082 -0.245507 -1.63252 -0.130357 1.37566 -0.0463672 0.187658 -0.590926
internal_weight=4186 4111 1880 1703 177 1623 1403 2231 170 2061 220 1971 1379 592
internal_count=4186 4111 1880 1703 177 1623 1403 2231 170 2061 220 1971 1379 592
is_linear=0
shrinkage=0.03


Tree=330
num_leaves=15
num_cat=0
split_feature=33 24 28 39 28 24 3 31 15 28 52 34 36 11
split_gain=539110 367973 400779 380459 376367 305925 269543 424048 277078 258144 195499 325826 246878 167279
threshold=5265.7787500000004 503.36092062738265 666.83370630245463 29.841666666666672 2013.312165974872 491.96787615500995 13.500000000000002 11553.247343750003 -0.99904236206516772 2244.7090175357944 39.541666666666679 10612.031250000002 -1189.1125 1.0000000180025095e-35
decision_type=2 2 2 2 2 2 2 2 2 2 2 2 2 2
left_child=-1 4 13 6 5 10 8 -8 -4 -6 12 -12 -2 -3
right_child=1 2 3 -5 9 -7 7 -9 -10 -11 11 -13 -14 -15
leaf_value=-2.2395982177361198 2.0000545309719286 0.86262494230270381 -1.4339428808976864 -2.4036555058128979 -3.251456554049537 -2.2566947740316392 0.1268154470986235 -1.868603591408867 0.6928561986250128 -0.38690982584683398 0.7789119896798764 -2.1859490346515567 -0.029863170650717731 3.3297851487306449
leaf_weight=91 56 49 57 48 62 59 1222 103 1144 52 52 90 998 51
leaf_count=91 56 49 57 48 62 59 1222 103 1144 52 52 90 998 51
internal_value=0.0312192 0.0828757 0.287631 0.214797 -0.31697 -0.166298 0.265492 -0.0295811 0.590796 -1.95968 -0.0613653 -1.10227 0.0797676 2.14154
internal_weight=4134 4043 2674 2574 1369 1255 2526 1325 1201 114 1196 142 1054 100
internal_count=4134 4043 2674 2574 1369 1255 2526 1325 1201 114 1196 142 1054 100
is_linear=0
shrinkage=0.03


Tree=331
num_leaves=15
num_cat=0
split_feature=29 22 24 26 28 35 24 24 28 32 26 17 44 44
split_gain=385760 365634 361294 399997 349402 309368 291244 251020 243118 228128 673303 357050 260379 383969
threshold=5537.8487500000001 9153.8150000000005 503.36092062738265 7993.0037500000008 2013.312165974872 715.3075 487.90344346380863 468.06302798345422 2244.7090175357944 1360.0972511247489 10816.713750000001 9004.220000000003 94.708333333333357 85.708333333333357
decision_type=2 2 2 2 2 2 2 2 2 2 2 2 2 2
left_child=1 -1 4 -4 5 6 7 -2 -6 10 11 -5 13 -11
right_child=2 -3 3 9 8 -7 -8 -9 -10 12 -12 -13 -14 -15
leaf_value=-3.6216746475219725 -0.06454790274677745 -0.075344806398664199 2.7668509510943764 -0.43904398948900281 -3.1554611455826529 -2.2057414433732627 -1.9861175720727264 1.8029972447519718 -0.3755215574660391 0.14116263631897896 -3.0550135156553084 2.1536587949004025 -1.3080495829241616 1.0150516356314931
leaf_weight=49 1057 55 56 188 62 63 66 68 52 1564 72 63 83 636
leaf_count=49 1057 55 56 188 62 63 66 68 52 1564 72 63 83 636
internal_value=0.0302222 -1.76493 0.0769788 0.280579 -0.319112 -0.173815 -0.0645594 0.0498225 -1.90184 0.226105 -0.519016 0.217618 0.331712 0.394149
internal_weight=4134 104 4030 2662 1368 1254 1191 1125 114 2606 323 251 2283 2200
internal_count=4134 104 4030 2662 1368 1254 1191 1125 114 2606 323 251 2283 2200
is_linear=0
shrinkage=0.03


Tree=332
num_leaves=15
num_cat=0
split_feature=33 24 28 39 28 24 3 14 30 28 22 16 40 11
split_gain=493827 324962 379455 355076 334502 272989 254958 410107 258935 228966 198148 339272 312377 155920
threshold=5265.7787500000004 503.36092062738265 666.83370630245463 29.841666666666672 2013.312165974872 491.96787615500995 13.500000000000002 0.14539831731376898 10001.862500000001 2244.7090175357944 10071.605000000001 9656.4525000000012 22.904166666666672 1.0000000180025095e-35
decision_type=2 2 2 2 2 2 2 2 2 2 2 2 2 2
left_child=-1 4 13 6 5 10 8 -8 -4 -6 11 -2 -12 -3
right_child=1 2 3 -5 9 -7 7 -9 -10 -11 12 -13 -14 -15
leaf_value=-2.1441008847239225 -0.054003159695432269 0.84006632001399983 2.4875243798494338 -2.32933858426953 -3.0622999154953727 -2.129676676988602 0.21385441140137537 -1.1432863780783444 0.46420662098591098 -0.36446851460438856 -0.48511548119286702 -1.7607681061400742 1.3727115886143231 3.2222639774817687
leaf_weight=91 745 49 59 48 62 59 1080 245 1142 52 143 121 187 51
leaf_count=91 745 49 59 48 62 59 1080 245 1142 52 143 121 187 51
internal_value=0.0292539 0.0786936 0.271111 0.200245 -0.297058 -0.155014 0.249222 -0.0377502 0.565603 -1.84571 -0.0558913 -0.29425 0.568574 2.07501
internal_weight=4134 4043 2674 2574 1369 1255 2526 1325 1201 114 1196 866 330 100
internal_count=4134 4043 2674 2574 1369 1255 2526 1325 1201 114 1196 866 330 100
is_linear=0
shrinkage=0.03


Tree=333
num_leaves=15
num_cat=0
split_feature=29 22 24 26 39 28 3 31 28 24 28 52 32 22
split_gain=344038 346678 319988 375398 318919 310064 274326 397341 279673 238308 215639 195585 298054 292303
threshold=5537.8487500000001 9153.8150000000005 503.36092062738265 7993.0037500000008 29.841666666666672 2013.312165974872 13.500000000000002 11553.247343750003 738.52030346957815 491.96787615500995 2244.7090175357944 39.541666666666679 1487.3116637366281 10016.238750000002
decision_type=2 2 2 2 2 2 2 2 2 2 2 2 2 2
left_child=1 -1 5 -4 6 9 8 -8 -5 11 -7 13 -13 -2
right_child=2 -3 3 4 -6 10 7 -9 -10 -11 -12 12 -14 -15
leaf_value=-3.4749133678436275 -0.24272323129424062 -0.022681873185294014 2.6727018609799837 2.5118272494804113 -2.1617638352394106 -2.9718892315455845 0.10950817794696537 -1.8219926606118679 0.47368012296556911 -2.0414506515963322 -0.35374071067234253 0.22260995400416386 -2.4586180483151789 0.86730947035046024
leaf_weight=49 752 55 56 63 49 62 1223 103 1168 57 52 76 72 297
leaf_count=49 752 55 56 63 49 62 1223 103 1168 57 52 76 72 297
internal_value=0.0283405 -1.66696 0.0724966 0.264105 0.211335 -0.300264 0.257645 -0.0417741 0.579955 -0.16339 -1.79124 -0.0723168 -1.08942 0.0720692
internal_weight=4134 104 4030 2662 2606 1368 2557 1326 1231 1254 114 1197 148 1049
internal_count=4134 104 4030 2662 2606 1368 2557 1326 1231 1254 114 1197 148 1049
is_linear=0
shrinkage=0.03


Tree=334
num_leaves=12
num_cat=0
split_feature=33 19 24 39 9 0 35 27 22 35 21
split_gain=451260 311113 286853 305681 267068 356684 305064 294728 270384 247138 214619
threshold=5265.7787500000004 6169.4525000000003 503.36092062738265 29.841666666666672 -0.78656609248549303 13.500000000000002 535.07624999999928 10768.963229166669 9360.4237500000017 -1034.9449999999995 14872.922500000002
decision_type=2 2 2 2 2 2 2 2 2 2 2
left_child=-1 -2 4 9 5 -3 7 -6 -8 -4 -11
right_child=1 2 3 -5 6 -7 8 -9 -10 10 -12
leaf_value=-2.0501490862991498 2.2009537427151789 0.34344871362050378 1.9013641602021676 -2.0982079710960386 0.24858252861920238 -2.8007553442989486 -2.9098775049723109 -0.96402172546637688 -0.21919423170492683 0.16925877850958979 1.8315342839558919
leaf_weight=91 60 53 80 49 863 82 64 227 70 2424 71
leaf_count=91 60 53 80 49 863 82 64 227 70 2424 71
internal_value=0.0274268 0.074688 0.0421097 0.22531 -0.311513 -1.5728 -0.171218 -0.00458905 -1.51644 0.270327 0.217283
internal_weight=4134 4043 3983 2624 1359 135 1224 1090 134 2575 2495
internal_count=4134 4043 3983 2624 1359 135 1224 1090 134 2575 2495
is_linear=0
shrinkage=0.03


Tree=335
num_leaves=15
num_cat=0
split_feature=0 0 24 22 39 28 0 5 5 15 23 0 5 36
split_gain=344329 1.71364e+06 859361 686219 545286 387149 569556 697854 637514 541067 534469 530884 425423 379036
threshold=10.500000000000002 9.5000000000000018 1776.8712504530392 11634.142500000002 21.608333333333338 1533.8913425134176 17.500000000000004 281.50000000000006 154.50000000000003 -0.99374406038856444 9077.1687500000025 19.500000000000004 132.50000000000003 -361.28499999999798
decision_type=2 2 2 2 2 2 2 2 2 2 2 2 2 2
left_child=1 2 3 -1 -2 6 7 8 -6 -7 11 -8 -11 -3
right_child=4 13 -4 -5 5 9 10 -9 -10 12 -12 -13 -14 -15
leaf_value=-0.013935308179093732 -1.6808117222091525 1.0854882158731161 -3.0691017972481878 1.9929964602830117 -0.058874152424965014 -2.1532421348405921 3.874459403987442 1.2765055977408566 -3.1754311556369066 2.7996163086695209 -0.40290824201340986 0.33825809974467658 0.40183789732400327 4.0956447354821135
leaf_weight=1484 205 56 75 170 88 68 55 66 179 72 641 121 767 120
leaf_count=1484 205 56 75 170 88 68 55 66 179 72 641 121 767 120
internal_value=0.0409654 0.338039 0.0501889 0.19341 -0.209255 -0.0618472 -0.427199 -1.47093 -2.15236 0.401332 -0.000488847 1.45905 0.610712 3.1495
internal_weight=4167 1905 1729 1654 2262 2057 1150 333 267 907 817 176 839 176
internal_count=4167 1905 1729 1654 2262 2057 1150 333 267 907 817 176 839 176
is_linear=0
shrinkage=0.03


Tree=336
num_leaves=15
num_cat=0
split_feature=0 0 24 22 39 35 28 0 0 23 0 44 24 44
split_gain=324038 1.61333e+06 809210 645896 513247 365314 364256 536133 535195 503292 500089 473922 469284 516964
threshold=10.500000000000002 9.5000000000000018 1776.8712504530392 11634.142500000002 21.608333333333338 -389.42249999999962 1533.8913425134176 17.500000000000004 14.500000000000002 9077.1687500000025 19.500000000000004 87.958333333333357 426.8287694002953 73.208333333333357
decision_type=2 2 2 2 2 2 2 2 2 2 2 2 2 2
left_child=1 2 3 5 -2 -1 7 12 11 10 -9 -8 -6 -14
right_child=4 -3 -4 -5 6 -7 8 9 -10 -11 -12 -13 13 -15
leaf_value=1.0555887345660524 -1.6306321145955798 3.0558920907570144 -2.9782402269091257 1.9335562426897515 0.22013716409278805 -0.22047021224017602 -0.7556243139872183 3.7603011734145024 1.1658538447990137 -0.39083982203817252 0.32819353384805505 1.6075214959445754 -4.4847299042344089 -1.2917786902880126
leaf_weight=240 205 176 75 170 106 1244 389 55 424 641 121 94 63 164
leaf_count=240 205 176 75 170 106 1244 389 55 424 641 121 94 63 164
internal_value=0.0397747 0.327962 0.0486638 0.187643 -0.202961 -0.0135175 -0.0599491 -0.414335 0.389327 -0.000333361 1.416 -0.293314 -1.42698 -2.19378
internal_weight=4167 1905 1729 1654 2262 1484 2057 1150 907 817 176 483 333 227
internal_count=4167 1905 1729 1654 2262 1484 2057 1150 907 817 176 483 333 227
is_linear=0
shrinkage=0.03


Tree=337
num_leaves=15
num_cat=0
split_feature=0 0 24 39 5 19 5 0 24 26 2 14 37 2
split_gain=304963 1.51853e+06 761994 483066 353841 359799 346140 338321 620150 325772 497975 476274 341199 319644
threshold=10.500000000000002 9.5000000000000018 1776.8712504530392 21.608333333333338 141.50000000000003 14172.946250000003 247.50000000000003 8.5000000000000018 1408.900026364536 8778.5187500000011 5.5000000000000009 -0.31226905285971468 21.350000000000005 4.5000000000000009
decision_type=2 2 2 2 2 2 2 2 2 2 2 2 2 2
left_child=1 2 7 -2 5 -5 -3 13 -9 -6 12 -12 -11 -1
right_child=3 6 -4 4 9 -7 -8 8 -10 10 11 -13 -14 -15
leaf_value=0.34812318876058784 -1.5819506201234834 1.6654449068346329 -2.8900686274861034 1.7054511967233636 1.4860662430950573 -1.1187625678080433 4.35125196496704 4.2968794937523045 -0.3004314082244347 -1.0614043665097819 -0.67768920184700343 -3.6622706948007853 0.11545766057353467 -0.5965813753052861
leaf_weight=1093 205 92 75 175 97 52 84 48 57 269 156 69 1239 456
leaf_count=1093 205 92 75 175 97 52 84 48 57 269 156 69 1239 456
internal_value=0.0385913 0.318168 0.0472 -0.196891 -0.0581479 1.05636 2.96473 0.182064 1.82176 -0.196905 -0.291916 -1.60518 -0.0950276 0.0698026
internal_weight=4167 1905 1729 2262 2057 227 176 1654 105 1830 1733 225 1508 1549
internal_count=4167 1905 1729 2262 2057 227 176 1654 105 1830 1733 225 1508 1549
is_linear=0
shrinkage=0.03


Tree=338
num_leaves=15
num_cat=0
split_feature=0 0 24 22 39 35 28 0 20 20 0 15 14 19
split_gain=287138 1.4298e+06 717542 596482 454630 343932 340981 510430 516192 508896 503373 642784 572573 465565
threshold=10.500000000000002 9.5000000000000018 1776.8712504530392 11634.142500000002 21.608333333333338 -389.42249999999962 1533.8913425134176 14.500000000000002 8824.3950000000004 8191.9575000000004 17.500000000000004 0.1198767760256793 0.4699594296705018 9818.4375000000018
decision_type=2 2 2 2 2 2 2 2 2 2 2 2 2 2
left_child=1 2 3 5 -2 -1 10 8 13 -9 11 12 -6 -8
right_child=4 -3 -4 -5 6 -7 7 9 -10 -11 -12 -13 -14 -15
leaf_value=1.020707988800226 -1.5347224794429484 2.8768136143684386 -2.8045073686461697 1.8544699943274783 -3.004144692264497 -0.21744283718068197 0.56085986055905301 2.4463392421603203 1.9479825700246372 0.31234088399938048 0.0017868138642066266 1.2559657386879424 -0.050637924319572661 -1.5207384536218642
leaf_weight=240 205 176 75 170 179 1244 157 163 77 261 817 66 88 249
leaf_count=240 205 176 75 170 179 1244 157 163 77 261 817 66 88 249
internal_value=0.0374483 0.308731 0.0457983 0.17667 -0.191048 -0.0166402 -0.0564503 0.378234 -0.288422 1.13658 -0.399328 -1.38055 -2.03458 -0.716348
internal_weight=4167 1905 1729 1654 2262 1484 2057 907 483 424 1150 333 267 406
internal_count=4167 1905 1729 1654 2262 1484 2057 907 483 424 1150 333 267 406
is_linear=0
shrinkage=0.03


Tree=339
num_leaves=15
num_cat=0
split_feature=0 0 39 17 22 36 35 14 42 21 14 19 26 28
split_gain=270209 1.34578e+06 427912 423201 440668 356413 329269 325133 339687 491250 622535 336584 328719 326675
threshold=10.500000000000002 9.5000000000000018 21.608333333333338 11323.696250000003 11634.142500000002 -361.28499999999798 -389.42249999999962 0.65365639399891917 64.500000000000014 10266.081250000001 -0.65365639399891895 14172.946250000003 8778.5187500000011 1430.2139423950196
decision_type=2 2 2 2 2 2 2 2 2 2 2 2 2 2
left_child=1 3 -2 4 6 -3 -1 8 13 12 -11 -9 -10 -4
right_child=2 5 7 -5 -6 -7 -8 11 9 10 -12 -13 -14 -15
leaf_value=0.99021382109134515 -1.4889043055055209 0.79562340535615617 -1.8544293151068132 -2.3303962753002461 1.5988424621361814 3.7077760039356127 -0.2200858376414648 1.6414334115487608 1.4218994320505542 2.5520526014308671 -0.1672200190447844 -1.0900724110513362 -0.44866593496578855 -0.33534524418549105
leaf_weight=240 205 56 171 64 166 120 1259 175 94 147 155 52 769 494
leaf_count=240 205 56 171 64 166 120 1259 175 94 147 155 52 769 494
internal_value=0.0363477 0.299512 -0.185311 0.0444216 0.137059 2.791 -0.0257677 -0.0547275 -0.187738 0.121106 1.1604 1.01361 -0.243492 -0.728187
internal_weight=4167 1905 2262 1729 1665 176 1499 2057 1830 1165 302 227 863 665
internal_count=4167 1905 2262 1729 1665 176 1499 2057 1830 1165 302 227 863 665
is_linear=0
shrinkage=0.03


Tree=340
num_leaves=15
num_cat=0
split_feature=9 38 3 9 5 3 43 25 0 15 51 34 37 20
split_gain=190464 439828 346795 332547 451931 429170 362151 792317 578175 347546 293666 297480 233059 232235
threshold=-0.91597561503675329 24.150000000000002 21.500000000000004 -0.5 232.50000000000003 1.5000000000000002 91.750000000000014 9083.532500000003 14.500000000000002 -0.95517546204608139 1.5833333333333337 14301.767500000002 23.250000000000004 13810.200000000003
decision_type=2 2 2 2 2 2 2 2 2 2 2 2 2 2
left_child=1 -1 10 4 -2 -5 7 -6 -9 12 -3 -12 -7 -11
right_child=3 2 -4 5 6 9 -8 8 -10 13 11 -13 -14 -15
leaf_value=-2.3395242479098468 -0.066243896932466656 -1.6366149178504943 -1.4545727214974871 -1.9988844792130065 3.7057390765416418 1.1083303567065546 -0.71500895188135261 -1.2644132817202602 1.7410793304443359 -0.21956394096523257 0.36493859776765991 2.9533807767391203 -0.99173887226798318 0.74087940172588129
leaf_weight=94 422 49 117 96 117 359 67 86 170 2033 201 49 54 254
leaf_count=94 422 49 117 96 117 359 67 86 170 2033 201 49 54 254
internal_value=0.044819 -0.497727 -0.0769033 0.12058 0.635372 -0.0382936 1.30694 1.67112 0.730372 0.0321249 0.465186 0.882078 0.831977 -0.112611
internal_weight=4168 510 416 3658 862 2796 440 373 256 2700 299 250 413 2287
internal_count=4168 510 416 3658 862 2796 440 373 256 2700 299 250 413 2287
is_linear=0
shrinkage=0.03


Tree=341
num_leaves=15
num_cat=0
split_feature=9 38 17 52 9 10 5 3 15 2 9 0 25 22
split_gain=179291 414119 328268 333496 313020 614650 465920 404063 327007 293308 294136 286860 647178 231207
threshold=-0.91597561503675329 24.150000000000002 14105.055000000002 28.750000000000004 -0.5 -0.8783796973249266 232.50000000000003 1.5000000000000002 -0.95517546204608139 1.0000000180025095e-35 -0.78656609248549303 9.5000000000000018 9083.532500000003 12552.758750000003
decision_type=2 2 2 2 2 2 2 2 2 2 2 2 2 2
left_child=1 -1 3 -3 5 -2 9 -6 -9 -7 -11 -8 -13 -10
right_child=4 2 -4 -5 7 6 11 8 13 10 -12 12 -14 -15
leaf_value=-2.2700773265738232 2.5711149449886812 -0.83839543387293813 1.7685483493221301 1.8107719047546387 -1.9395361879114639 1.3638987638766948 -0.78044665079850406 0.80702460872954218 -0.16234085529257317 -1.9302847090386253 -0.047843725919723509 3.5579752897421515 0.5308535396072962 1.6010663634797802
leaf_weight=94 123 296 71 49 96 64 64 413 2219 130 174 89 218 68
leaf_count=94 123 296 71 49 96 64 64 413 2219 130 174 89 218 68
internal_value=0.0434734 -0.482919 -0.0745788 -0.457948 0.116979 0.616428 0.288033 -0.0371594 0.0311681 -0.467714 -0.856574 1.03695 1.41717 -0.109226
internal_weight=4168 510 416 345 3658 862 739 2796 2700 368 304 371 307 2287
internal_count=4168 510 416 345 3658 862 739 2796 2700 368 304 371 307 2287
is_linear=0
shrinkage=0.03


Tree=342
num_leaves=15
num_cat=0
split_feature=35 23 5 22 28 17 18 50 32 22 3 23 53 32
split_gain=189480 635857 588678 483348 426543 550440 481028 307764 359655 415416 300886 237086 222170 297954
threshold=553.00875000000008 6856.3843750000015 170.50000000000003 10538.018750000001 1408.02159307853 8462.1225000000031 11210.820000000002 2.5000000000000004 1924.0994990354272 8740.8325000000023 8.5000000000000018 9276.9625000000015 1.0000000180025095e-35 1480.1270465222751
decision_type=2 2 2 2 2 2 2 2 2 2 2 2 2 2
left_child=7 -2 11 -4 5 -5 -6 8 9 -1 -10 -3 -9 -14
right_child=1 2 3 4 6 -7 -8 12 10 -11 -12 -13 13 -15
leaf_value=0.16602744782424492 2.8631119679689405 -3.9150694602111287 -1.4417534308621758 -1.5579069624628339 -2.8095501967838832 2.0542080596664496 0.72812954784987804 0.049504563225386974 -1.2515931630064103 2.3370476933403146 0.62882576317922301 -1.2566593570851567 -2.8102128860457189 0.25330486096833882
leaf_weight=137 49 57 189 48 62 170 76 2657 110 188 246 66 57 56
leaf_count=137 49 57 189 48 62 170 76 2657 110 188 246 66 57 56
internal_value=0.0422127 -0.401207 -0.644599 -0.219664 0.431321 1.25533 -0.869933 0.134434 0.705311 1.42524 0.0458771 -2.51036 -0.00611362 -1.30297
internal_weight=4168 717 668 545 356 218 138 3451 681 325 356 123 2770 113
internal_count=4168 717 668 545 356 218 138 3451 681 325 356 123 2770 113
is_linear=0
shrinkage=0.03


Tree=343
num_leaves=15
num_cat=0
split_feature=35 5 9 42 20 9 50 32 43 22 35 7 37 35
split_gain=178431 536158 437318 451918 459274 390261 289667 338543 391325 390988 283414 250533 334030 248852
threshold=553.00875000000008 170.50000000000003 1.0000000180025095e-35 95.500000000000014 9794.0650000000023 -0.91597561503675329 2.5000000000000004 1924.0994990354272 68.250000000000014 8740.8325000000023 -119.06500000000004 14.500000000000002 24.450000000000003 778.28249999999946
decision_type=2 2 2 2 2 2 2 2 2 2 2 2 2 2
left_child=6 13 3 4 5 -3 7 9 11 -1 -10 -9 -13 -2
right_child=1 2 -4 -5 -6 -7 -8 8 10 -11 -12 12 -14 -15
leaf_value=0.16108267660374229 -0.55161677550461341 -1.2933917657732963 -1.8377423918992279 2.6461633485906266 -1.8770934734108684 1.1160489923767296 -0.0059570281191159997 -2.5324215797060416 2.2719310644704303 2.2673072385031081 -0.24675396603506961 -1.4066855951271406 1.5534207661677215 -3.1374645826551646
leaf_weight=137 58 79 95 67 90 248 2770 56 88 188 73 81 58 80
leaf_count=137 58 79 95 67 90 248 2770 56 88 188 73 81 58 80
internal_value=0.0409034 -0.389394 0.0122331 0.37842 0.00856304 0.531737 0.130396 0.684235 0.0444472 1.38272 1.13535 -0.85737 -0.169153 -2.06255
internal_weight=4168 717 579 484 417 327 3451 681 356 325 161 195 139 138
internal_count=4168 717 579 484 417 327 3451 681 356 325 161 195 139 138
is_linear=0
shrinkage=0.03


Tree=344
num_leaves=9
num_cat=0
split_feature=19 31 23 27 36 37 21 20
split_gain=178173 209055 225783 212889 181669 196536 180595 144752
threshold=5864.036250000001 7259.1945833333339 6740.7977083333344 7608.8309375000017 -1542.4837500000001 24.550000000000004 15252.253750000002 7909.3587500000003
decision_type=2 2 2 2 2 2 2 2
left_child=-1 -2 -3 7 5 -5 -6 -4
right_child=1 2 3 4 6 -7 -8 -9
leaf_value=1.7847386763989925 -1.8028707334718534 1.6009312370346813 -0.19427284684674492 0.2821755166264141 0.060016015412429659 -2.2143002988008353 1.8751632214307783 -2.3363255159478435
leaf_weight=51 55 81 57 50 3705 64 49 56
leaf_count=51 55 81 57 50 3705 64 49 56
internal_value=0.0396552 0.0176059 0.0426968 0.0105941 0.0482435 -1.12629 0.0842057 -1.26713
internal_weight=4168 4117 4062 3981 3868 114 3754 113
internal_count=4168 4117 4062 3981 3868 114 3754 113
is_linear=0
shrinkage=0.03


Tree=345
num_leaves=15
num_cat=0
split_feature=35 2 17 24 51 2 19 16 36 17 23 38 23 33
split_gain=356748 418598 450683 368839 577950 527869 485382 331607 336121 317037 285691 284659 220828 300753
threshold=553.00875000000008 1.0000000180025095e-35 8610.2337500000012 1750.4050061436683 2.9166666666666674 4.5000000000000009 8521.9850000000024 8521.9850000000024 58.269999999999534 5864.036250000001 9380.8575000000019 20.750000000000004 13874.759583333334 7443.6162500000019
decision_type=2 2 2 2 2 2 2 2 2 2 2 2 2 2
left_child=9 11 7 4 10 -6 -5 -3 -9 -1 -4 -2 13 -11
right_child=1 2 3 6 5 -7 -8 8 -10 12 -12 -13 -14 -15
leaf_value=-2.2751113534927367 2.7154816115954339 -0.55754823910223472 -2.8796935249352065 -3.9663947744864338 2.672851486536536 -0.55062193529946468 0.091775237586763161 -4.6630743160988057 -1.4046587419190575 -0.069697414563346494 -0.17975357108957626 -0.33960619544982912 -0.87047204584202031 0.51781539836227253
leaf_weight=49 50 73 60 52 100 83 53 61 55 1771 84 59 186 1406
leaf_count=49 50 73 60 52 100 83 53 61 55 1771 84 59 186 1406
internal_value=-0.0325793 -0.634028 -0.935029 -0.398413 0.0997573 1.21571 -1.9363 -2.15295 -3.14347 0.0962448 -1.31693 1.07362 0.131467 0.190386
internal_weight=4142 730 621 432 327 183 105 189 116 3412 144 109 3363 3177
internal_count=4142 730 621 432 327 183 105 189 116 3412 144 109 3363 3177
is_linear=0
shrinkage=0.03


Tree=346
num_leaves=15
num_cat=0
split_feature=35 42 28 49 9 37 17 9 37 19 23 26 40 5
split_gain=336054 398403 567067 627752 438226 627373 299102 268245 255966 587162 276698 251784 211713 237156
threshold=535.07624999999928 70.500000000000014 1533.8913425134176 2.5000000000000004 1.0000000180025095e-35 20.650000000000002 5864.036250000001 -0.91597561503675329 29.250000000000004 12317.650000000001 13874.759583333334 15031.621250000002 20.687500000000004 250.50000000000003
decision_type=2 2 2 2 2 2 2 2 2 2 2 2 2 2
left_child=6 7 3 -3 5 -5 -1 -2 10 -10 12 -12 13 -8
right_child=1 2 -4 4 -6 -7 8 -9 9 -11 11 -13 -14 -15
leaf_value=-2.2082230522155761 -0.36422322387695311 -2.6945366752597519 -3.6079747916758058 3.0527240189909932 -1.9297850656007463 -0.23346887222953608 2.326131432831287 2.2950085817064556 3.8233819785657919 -0.57294524493970367 -2.7990208621566945 -0.21967560831007066 0.067795833941945396 0.34077095199244867
leaf_weight=49 74 105 63 63 94 285 79 62 52 56 54 90 2847 169
leaf_count=49 74 105 63 63 94 285 79 62 52 56 54 90 2847 169
internal_value=-0.0316877 -0.607791 -0.935006 -0.621101 -0.123538 0.368445 0.0950023 0.855867 0.129375 1.55932 0.0812245 -1.19967 0.141193 0.980067
internal_weight=4142 746 610 547 442 348 3396 136 3347 108 3239 144 3095 248
internal_count=4142 746 610 547 442 348 3396 136 3347 108 3239 144 3095 248
is_linear=0
shrinkage=0.03


Tree=347
num_leaves=15
num_cat=0
split_feature=35 42 24 2 38 24 9 9 37 19 21 21 23 16
split_gain=316614 409579 540311 472189 541782 514265 369027 293302 253268 553101 277560 257164 309069 245151
threshold=553.00875000000008 70.500000000000014 1803.4344135894396 4.5000000000000009 21.850000000000005 1109.5597840719129 1.0000000180025095e-35 -0.91597561503675329 29.250000000000004 12317.650000000001 14105.055000000002 13123.745000000001 12779.770416666668 12899.341250000001
decision_type=2 2 2 2 2 2 2 2 2 2 2 2 2 2
left_child=8 7 3 4 6 -5 -3 -2 10 -10 11 13 -13 -1
right_child=1 2 -4 5 -6 -7 -8 -9 9 -11 -12 12 -14 -15
leaf_value=0.091532278625316862 -0.3622932909308253 1.1979243609146637 -3.2605939076497004 -3.2906845933563855 -2.3780536863596544 0.21436795003952516 -1.2162853642446654 2.4644927442371847 3.7108448053418464 -0.55605845501548368 -1.5632019479224022 3.290382703031812 -0.01438183632161882 -1.3899701793090653
leaf_weight=3007 73 219 77 97 68 61 76 59 52 56 93 48 53 103
leaf_count=3007 73 219 77 97 68 61 76 59 52 56 93 48 53 103
internal_value=-0.030757 -0.597365 -0.931108 -0.581212 0.0158618 -1.94454 0.5739 0.910112 0.0906044 1.51344 0.043647 0.0906629 1.57291 0.0420306
internal_weight=4142 730 598 521 363 158 295 132 3412 108 3304 3211 101 3110
internal_count=4142 730 598 521 363 158 295 132 3412 108 3304 3211 101 3110
is_linear=0
shrinkage=0.03


Tree=348
num_leaves=15
num_cat=0
split_feature=35 2 17 24 42 28 5 26 8 17 33 39 37 49
split_gain=298205 384610 367198 347015 607134 350464 538927 308084 302042 510672 284694 258826 236231 332973
threshold=535.07624999999928 1.0000000180025095e-35 8610.2337500000012 1750.4050061436683 75.500000000000014 845.89756541590702 207.50000000000003 8503.3687500000015 0.98296291314453421 6058.8950000000013 7346.8062500000005 19.875000000000007 29.250000000000004 2.5000000000000004
decision_type=2 2 2 2 2 2 2 2 2 2 2 2 2 2
left_child=8 11 7 5 -5 -4 -7 -3 9 -1 -9 -2 -11 -14
right_child=1 2 3 4 -6 6 -8 10 -10 12 -12 -13 13 -15
leaf_value=-2.8192194744456898 2.366350556484988 -0.40655248951911926 -1.5241928064412082 0.19600090730385702 -4.2767619526505474 -1.2758826438490165 1.6983700870474179 -4.0772160130739206 1.9983675817594138 0.048382639315614137 -1.1008843809015609 -0.49168848443362445 -0.35871756348609923 2.9676764092445369
leaf_weight=54 60 74 86 60 49 82 161 71 72 3162 50 53 49 59
leaf_count=54 60 74 86 60 49 82 161 71 72 3162 50 53 49 59
internal_value=-0.0298567 -0.572549 -0.860395 -0.376422 -1.83515 0.110918 0.693536 -1.93993 0.0894857 0.0475449 -2.86655 1.03317 0.095738 1.4689
internal_weight=4142 746 633 438 109 329 243 195 3396 3324 121 113 3270 108
internal_count=4142 746 633 438 109 329 243 195 3396 3324 121 113 3270 108
is_linear=0
shrinkage=0.03


Tree=349
num_leaves=15
num_cat=0
split_feature=42 48 8 23 16 17 28 33 26 5 52 21 17 14
split_gain=194708 391998 394835 310767 308873 405948 354757 549804 371543 301649 280393 275094 341936 487987
threshold=52.500000000000007 0.008333333333333302 -0.9159756150367534 13274.710208333336 12858.251250000003 12858.251250000003 1925.8107793852603 7978.6712500000003 14628.423750000002 275.50000000000006 11.04166666666667 13200.643750000003 11452.192500000003 -0.82482438823869775
decision_type=2 2 2 2 2 2 2 2 2 2 2 2 2 2
left_child=1 2 -1 9 5 11 -6 -8 -9 -4 -3 12 -2 -14
right_child=4 10 3 -5 6 -7 7 8 -10 -11 -12 -13 13 -15
leaf_value=-2.449269290846221 0.00056756733260349254 3.6558173025978933 0.18935674731411151 -0.66039480833249664 -2.7672383456894112 2.6366993450417233 -2.5186230604438222 2.6441509854899983 -0.69337833331181453 3.2009226969805629 0.67350577677449874 2.1059151464815322 0.50483726167253085 -2.00479783896477
leaf_weight=48 3093 53 66 106 78 50 67 55 64 54 61 51 111 185
leaf_count=48 3093 53 66 106 78 50 67 55 64 54 61 51 111 185
internal_value=-0.0290123 0.609891 -0.0069956 0.520156 -0.0951959 -0.0202106 -1.08261 -0.365045 0.858232 1.55994 2.07988 -0.0595879 -0.0927919 -1.0651
internal_weight=4142 388 274 226 3754 3490 264 186 119 120 114 3440 3389 296
internal_count=4142 388 274 226 3754 3490 264 186 119 120 114 3440 3389 296
is_linear=0
shrinkage=0.03


Tree=350
num_leaves=11
num_cat=0
split_feature=17 23 5 41 42 32 16 39 29 8
split_gain=272767 455822 328759 221006 294687 464660 393687 358692 323317 257043
threshold=14572.411250000001 14096.597500000002 323.50000000000006 41.500000000000007 61.500000000000007 1417.0689041582436 12656.721250000001 27.041666666666671 7393.357500000001 -0.9159756150367534
decision_type=2 2 2 2 2 2 2 2 2 2
left_child=1 3 -2 -1 5 8 -7 9 -5 -6
right_child=2 -3 -4 4 7 6 -8 -9 -10 -11
leaf_value=1.5910458324551582 3.3291894688411632 -2.541768363884517 0.17504622125006342 -0.87605233437874741 0.88715793710540636 0.43325651041297025 -1.469637488907781 2.3477760783831281 -4.0132322316699556 -0.023465861894318638
leaf_weight=79 48 62 76 67 307 300 144 62 53 2960
leaf_count=79 48 62 76 67 307 300 144 62 53 2960
internal_value=0.0328107 -0.00995017 1.41299 0.0301957 -0.00187499 -0.635378 -0.18578 0.105607 -2.28348 0.0623462
internal_weight=4158 4034 124 3972 3893 564 444 3329 120 3267
internal_count=4158 4034 124 3972 3893 564 444 3329 120 3267
is_linear=0
shrinkage=0.03


Tree=351
num_leaves=15
num_cat=0
split_feature=41 42 32 35 8 28 38 15 8 52 28 42 22 18
split_gain=205865 369520 456243 277920 276608 728274 288644 281168 473859 481592 389762 270653 263706 260010
threshold=47.500000000000007 61.500000000000007 1417.0689041582436 -433.73750000000103 -0.9159756150367534 908.30544081338815 24.450000000000003 -0.84831994561267254 -0.78656609248549292 18.958333333333339 845.89756541590702 37.500000000000007 14334.920000000002 13120.525000000001
decision_type=2 2 2 2 2 2 2 2 2 2 2 2 2 2
left_child=11 2 -2 -4 5 -3 -7 8 -6 -10 -9 -1 -12 -5
right_child=1 4 3 13 7 6 -8 10 9 -11 12 -13 -14 -15
leaf_value=-0.23998738759093813 -2.4908412811491223 2.6035315257963472 0.74726336501337376 -0.26569267150716502 2.8786256832862964 0.74583569729235022 -1.4436052866153262 -0.99737250653675424 0.91446166197369017 -0.54632277289892461 -0.045850686389035597 1.7813498147921774 2.1653931233882906 -2.2233304224343131
leaf_weight=107 107 136 147 206 66 127 93 423 448 370 1660 133 49 86
leaf_count=107 107 136 147 206 66 127 93 423 448 370 1660 133 49 86
internal_value=0.0318253 -0.0205131 -0.743801 -0.313257 0.0967842 0.88642 -0.181977 0.00330997 0.452854 0.253837 -0.183204 0.882852 0.01877 -0.847929
internal_weight=4158 3918 546 439 3372 356 220 3016 884 818 2132 240 1709 292
internal_count=4158 3918 546 439 3372 356 220 3016 884 818 2132 240 1709 292
is_linear=0
shrinkage=0.03


Tree=352
num_leaves=11
num_cat=0
split_feature=17 23 22 41 42 32 39 22 7 8
split_gain=256411 427552 376460 202042 266043 411293 336554 299117 295157 225233
threshold=14572.411250000001 14096.597500000002 13956.860000000002 41.500000000000007 61.500000000000007 1417.0689041582436 27.041666666666671 8892.8650000000016 17.500000000000004 -0.9159756150367534
decision_type=2 2 2 2 2 2 2 2 2 2
left_child=1 3 -2 -1 5 7 9 -5 -7 -6
right_child=2 -3 -4 4 6 8 -8 -9 -10 -11
leaf_value=1.5207006859481333 2.876821071856162 -2.4626125880650109 -0.42201054885469635 -3.9658361341515365 0.82996506500940814 -0.57703622841041413 2.2716532249110086 -0.90953526941064289 1.3227682505596068 -0.022450733562325634
leaf_weight=79 67 62 57 48 307 352 62 72 92 2960
leaf_count=79 67 62 57 48 307 352 62 72 92 2960
internal_value=0.0308961 -0.0105626 1.36906 0.0283185 -0.00234505 -0.604271 0.0997798 -2.15485 -0.181261 0.0578756
internal_weight=4158 4034 124 3972 3893 564 3329 120 444 3267
internal_count=4158 4034 124 3972 3893 564 3329 120 444 3267
is_linear=0
shrinkage=0.03


Tree=353
num_leaves=11
num_cat=0
split_feature=30 22 28 16 22 5 25 9 48 53
split_gain=202111 231684 556986 522949 433867 243241 234722 267411 323928 259333
threshold=15903.207500000002 14031.265000000001 2156.9409714193966 14061.915000000003 14791.635000000002 314.50000000000006 12880.291250000002 -0.91597561503675329 0.28749999999999998 1.0000000180025095e-35
decision_type=2 2 2 2 2 2 2 2 2 2
left_child=1 3 4 6 -3 -5 7 8 -1 -9
right_child=-2 2 -4 5 -6 -7 -8 9 -10 -11
leaf_value=-1.0529806407845232 1.9453096284671705 -1.1503724571536569 -2.7438948467075823 3.6100728783240683 2.5532203850575854 0.69141823802354196 -1.9811843454163027 0.17268683100074883 1.4925705313682556 -1.0954748375792251
leaf_weight=337 48 67 89 51 48 52 52 3212 51 151
leaf_count=337 48 67 89 51 48 52 52 3212 51 151
internal_value=0.0299724 0.00713207 -0.975942 0.0587159 0.40403 2.15754 0.00131547 0.0293235 -0.71537 0.115433
internal_weight=4158 4110 204 3906 115 103 3803 3751 388 3363
internal_count=4158 4110 204 3906 115 103 3803 3751 388 3363
is_linear=0
shrinkage=0.03


Tree=354
num_leaves=13
num_cat=0
split_feature=17 23 22 41 42 32 35 39 43 0 42 23
split_gain=237176 395021 336185 192939 326291 399215 410825 317037 261033 185034 139541 197625
threshold=14572.411250000001 14096.597500000002 13956.860000000002 47.500000000000007 61.500000000000007 1417.0689041582436 -433.73750000000103 27.041666666666671 63.416666666666679 19.500000000000004 38.500000000000007 11953.180208333337
decision_type=2 2 2 2 2 2 2 2 2 2 2 2
left_child=1 3 -2 10 5 8 -7 9 -5 -6 -1 -12
right_child=2 -3 -4 4 7 6 -8 -9 -10 -11 11 -13
leaf_value=-0.26339701389779846 2.7408696175322813 -2.3677024023873465 -0.3767910992688146 -3.6932047171511893 0.15931464398469281 1.1168196752409296 -0.96507387775182729 2.1993790814422423 -0.71246709415912635 -0.41858810832153653 2.9736690424973107 0.36221517616847776
leaf_weight=48 67 62 57 58 2653 126 259 62 49 613 52 52
leaf_count=48 67 62 57 58 2653 126 259 62 49 613 52 52
internal_value=0.0290908 -0.0107823 1.31608 0.0265904 -0.0152412 -0.735539 -0.28256 0.0914295 -2.34757 0.0507478 1.07121 1.68397
internal_weight=4158 4034 124 3972 3820 492 385 3328 107 3266 152 104
internal_count=4158 4034 124 3972 3820 492 385 3328 107 3266 152 104
is_linear=0
shrinkage=0.03


Tree=355
num_leaves=15
num_cat=0
split_feature=35 35 39 35 37 35 20 19 5 52 21 31 19 35
split_gain=353201 444290 242311 393112 385153 426735 639280 563493 374346 340892 276560 390359 330241 262002
threshold=1250.7262500000008 1647.0337500000003 20.058333333333337 792.0225000000006 19.550000000000004 815.52250000000015 9387.3987500000021 7618.1475 339.50000000000006 5.041666666666667 9195.1975000000002 8492.0578645833357 6922.5437500000007 669.00125000000037
decision_type=2 2 2 2 2 2 2 2 2 2 2 2 2 2
left_child=2 -2 4 8 13 7 -7 -6 10 -5 12 -12 -4 -1
right_child=1 -3 3 9 5 6 -8 -9 -10 -11 11 -13 -14 -15
leaf_value=0.33399847757530537 -2.9957297634304343 0.091733229275672665 -2.3470202153627988 -3.3052022619083012 -1.2364736924348054 5.4907717051797986 0.62982346687316892 2.251392801258453 -1.813340981679578 -0.38150777161121363 2.2124081496316559 0.26308448317598121 -0.092238265975749259 -2.0535814257229075
leaf_weight=218 76 92 60 57 80 48 49 85 92 95 97 1646 1408 50
leaf_count=218 76 92 60 57 80 48 49 85 92 95 97 1646 1408 50
internal_value=0.0289515 -1.31435 0.0859018 -0.0057908 0.682547 1.49817 3.06688 0.562954 0.0630489 -1.49243 0.117363 0.372782 -0.185941 -0.117368
internal_weight=4153 168 3985 3455 530 262 97 165 3303 152 3211 1743 1468 268
internal_count=4153 168 3985 3455 530 262 97 165 3303 152 3211 1743 1468 268
is_linear=0
shrinkage=0.03


Tree=356
num_leaves=15
num_cat=0
split_feature=36 16 43 43 16 22 9 38 43 43 42 39 43 36
split_gain=183881 169900 564132 567885 480752 327583 332498 379469 475190 294862 593801 531457 279590 276562
threshold=-1866.5574999999997 10260.601250000002 92.750000000000014 94.583333333333357 10603.283750000001 11858.086250000002 -0.91597561503675329 21.950000000000003 81.916666666666671 84.750000000000014 74.500000000000014 21.941666666666674 64.416666666666671 498.55375000000009
decision_type=2 2 2 2 2 2 2 2 2 2 2 2 2 2
left_child=-1 5 4 -4 12 6 -2 13 -9 11 -11 -6 -3 -8
right_child=1 2 3 -5 9 -7 7 8 -10 10 -12 -13 -14 -15
leaf_value=-1.7988471393439234 -2.0355891468015406 -3.4514397648402624 -4.119031054860069 -0.32687692587634165 -1.9970648067763872 1.8771031345884399 -0.21964135857335906 0.50563874162819755 3.0243047477697074 2.9406944575752179 -0.044476447467562519 0.1915378618322871 -0.7248638120583728 0.83321860580631857
leaf_weight=48 61 48 62 82 111 100 1411 604 75 96 157 920 112 266
leaf_count=48 61 48 62 82 111 100 1411 604 75 96 157 920 112 266
internal_value=0.0280614 0.0498601 -0.193046 -1.97686 -0.0139031 0.203134 0.133122 0.190119 0.787902 0.17972 1.0953 -0.0457848 -1.55929 -0.0522343
internal_weight=4153 4105 1588 144 1444 2517 2417 2356 679 1284 253 1031 160 1677
internal_count=4153 4105 1588 144 1444 2517 2417 2356 679 1284 253 1031 160 1677
is_linear=0
shrinkage=0.03


Tree=357
num_leaves=15
num_cat=0
split_feature=36 8 0 52 39 2 20 21 17 17 21 41 24 19
split_gain=173222 180640 548132 469745 457812 412169 411761 518191 303469 314643 244788 425078 642806 340652
threshold=-1866.5574999999997 -0.60355339059327384 15.500000000000002 2.6250000000000004 26.108333333333341 4.5000000000000009 7036.3137500000003 9168.3600000000024 8943.5050000000028 12858.251250000003 11123.651250000001 70.500000000000014 780.931038608432 7798.732500000001
decision_type=2 2 2 2 2 2 2 2 2 2 2 2 2 2
left_child=-1 2 4 5 -2 -4 7 -3 -5 -10 11 12 -8 -12
right_child=1 6 3 8 -6 -7 10 -9 9 -11 13 -13 -14 -15
leaf_value=-1.7459830083409134 3.148748119394734 -3.1203844095920692 -0.2546564211468948 1.5387476152293385 0.021997364306114087 -3.5275398882085627 -0.51253401761896467 0.32908414642016093 -0.1229950938468843 1.9567163495494893 -1.6622928555263494 0.039572118234893545 2.9096654228402787 -0.12608476834048826
leaf_weight=48 105 86 94 159 70 54 84 71 634 72 160 1724 118 674
leaf_count=48 105 86 94 159 70 54 84 71 634 72 160 1724 118 674
internal_value=0.0271805 0.048338 0.360017 0.0914211 1.90536 -1.46458 -0.0786734 -1.56813 0.359051 0.0915465 0.00658469 0.1925 1.49098 -0.422457
internal_weight=4153 4105 1188 1013 175 148 2917 157 865 706 2760 1926 202 834
internal_count=4153 4105 1188 1013 175 148 2917 157 865 706 2760 1926 202 834
is_linear=0
shrinkage=0.03


Tree=358
num_leaves=15
num_cat=0
split_feature=36 8 0 52 40 17 22 20 21 52 38 10 27 8
split_gain=163185 170037 516063 456221 437428 425263 526075 387697 487922 384576 397702 351375 317446 345018
threshold=-1866.5574999999997 -0.60355339059327384 15.500000000000002 18.791666666666668 23.600000000000005 9163.9037500000031 11116.002500000002 7036.3137500000003 9168.3600000000024 27.958333333333339 24.350000000000005 -1.0000000180025095e-35 12632.548125000003 -0.37940952255126031
decision_type=2 2 2 2 2 2 2 2 2 2 2 2 2 2
left_child=-1 2 4 5 11 -4 -7 8 -3 -5 -11 -2 13 -9
right_child=1 7 3 9 -6 6 -8 12 -10 10 -12 -13 -14 -15
leaf_value=-1.6946725426766336 0.98070673346519455 -3.0278488351558814 1.6779608935997132 1.7159188900592968 -0.54855253930091852 -1.7190147495445729 0.79359595260941063 -1.0837375368541755 0.31934869368871055 0.59288540501468223 -1.740860208783831 4.1817846043009155 2.2219932860449743 0.069691237192418348
leaf_weight=48 56 86 60 196 49 270 103 257 71 301 83 70 56 2447
leaf_count=48 56 86 60 196 49 270 103 257 71 301 83 70 56 2447
internal_value=0.0263567 0.0468923 0.349286 0.0886654 1.84875 -0.647312 -1.02488 -0.0763353 -1.52161 0.638305 0.0852055 2.77813 0.00639387 -0.0402903
internal_weight=4153 4105 1188 1013 175 433 373 2917 157 580 384 126 2760 2704
internal_count=4153 4105 1188 1013 175 433 373 2917 157 580 384 126 2760 2704
is_linear=0
shrinkage=0.03


Tree=359
num_leaves=15
num_cat=0
split_feature=36 16 0 0 5 3 47 38 36 9 9 31 19 0
split_gain=153736 161130 528945 653177 552779 513403 340186 357276 351339 313034 478836 503409 381928 349211
threshold=-1866.5574999999997 10260.601250000002 9.5000000000000018 10.500000000000002 280.50000000000006 8.5000000000000018 0.033333333333333208 27.250000000000004 1655.597500000001 0.25881904510252057 -0.91597561503675329 8018.1957291666668 7587.8900000000003 18.500000000000004
decision_type=2 2 2 2 2 2 2 2 2 2 2 2 2 2
left_child=-1 9 4 5 -3 -4 8 -8 -5 10 -2 -12 -11 -13
right_child=1 2 3 6 -6 -7 7 -9 -10 12 11 13 -14 -15
leaf_value=-1.6448699279950589 -1.480916143779097 -0.45724018857645432 4.379004133698694 -0.94342363248700678 -3.2099059120981317 0.67765905271558202 -0.068421139084313007 1.7072069461363597 1.5626863844799144 -1.9131089849040863 2.5289235247934565 0.26204143267180863 0.057707715500700502 2.2207747136291704
leaf_weight=48 86 214 50 505 94 101 437 132 55 93 135 598 1511 94
leaf_count=48 86 214 50 505 94 101 437 132 55 93 135 598 1511 94
internal_value=0.025586 0.0455183 -0.191035 0.0778248 -1.30506 1.92411 -0.170581 0.345746 -0.694914 0.194784 0.637905 0.859783 -0.0576718 0.530954
internal_weight=4153 4105 1588 1280 308 151 1129 569 560 2517 913 827 1604 692
internal_count=4153 4105 1588 1280 308 151 1129 569 560 2517 913 827 1604 692
is_linear=0
shrinkage=0.03


Tree=360
num_leaves=15
num_cat=0
split_feature=36 3 15 3 42 0 37 18 36 16 25 32 36 22
split_gain=230970 265298 356252 292861 673068 274681 264492 306471 228684 297437 203624 201334 195479 193856
threshold=1655.597500000001 27.500000000000004 -0.84831994561267254 19.500000000000004 68.500000000000014 14.500000000000002 21.550000000000004 8462.1225000000031 -462.81875000000031 9611.4087500000005 8716.9837500000012 2777.2757232137833 221.86625000000052 8786.2525000000005
decision_type=2 2 2 2 2 2 2 2 2 2 2 2 2 2
left_child=1 3 10 11 5 -5 7 -6 -4 13 -3 -1 -8 -10
right_child=-2 2 8 4 6 -7 12 -9 9 -11 -12 -13 -14 -15
leaf_value=0.056162965082061693 1.3146406576676026 2.8627012619928078 1.7690040881633757 -3.1406847703779066 -0.025480777198492094 -0.89653670153775056 0.92788708550148991 -1.5439942239202447 -0.18080943919718265 -1.5437895246165303 0.41807944732553814 -1.7468883660827812 -0.75483085004021133 1.9767598298523159
leaf_weight=2514 111 80 59 110 300 90 231 198 122 103 50 56 84 53
leaf_count=2514 111 80 59 110 300 90 231 198 122 103 50 56 84 53
internal_value=-0.0292664 -0.0664186 0.605358 -0.154125 -0.585859 -2.14038 -0.201266 -0.631141 0.088984 -0.272576 1.93295 0.0162047 0.478146 0.480059
internal_weight=4161 4050 467 3583 1013 200 813 498 337 278 130 2570 315 175
internal_count=4161 4050 467 3583 1013 200 813 498 337 278 130 2570 315 175
is_linear=0
shrinkage=0.03


Tree=361
num_leaves=15
num_cat=0
split_feature=40 11 3 35 20 5 35 46 3 35 35 3 24 10
split_gain=220850 523281 584544 401020 386110 316172 302358 301998 349380 297752 282795 277893 348114 469490
threshold=20.804166666666671 0.81174490092936691 3.5000000000000004 778.28249999999946 9529.0687500000004 324.50000000000006 417.62000000000086 0.25000000000000006 5.5000000000000009 -356.2800000000006 49.092500000000662 28.500000000000004 1485.5590774716977 1.0000000180025095e-35
decision_type=2 2 2 2 2 2 2 2 2 2 2 2 2 2
left_child=1 2 -1 5 -5 7 -3 -2 -9 -7 -10 12 -4 -14
right_child=3 6 11 4 -6 9 -8 8 10 -11 -12 -13 13 -15
leaf_value=3.1158224168190589 0.14991936084404997 0.30238797007866625 0.11269723152423776 -0.19378071944137196 -3.0513127286787385 -0.1214142029583454 3.2132708744161267 1.4403595392704009 -0.6702388541590083 -2.3200470199378636 -2.8983366464982265 1.3955861616746656 0.26632029740433943 -2.8505165775539805
leaf_weight=51 2547 52 327 90 80 119 84 59 329 103 60 83 75 102
leaf_count=51 2547 52 327 90 80 119 84 59 329 103 60 83 75 102
internal_value=-0.0283921 0.428475 0.0671108 -0.132896 -1.54857 -0.057623 2.11073 0.0235059 -0.693888 -1.1474 -1.02049 -0.202592 -0.468056 -1.53566
internal_weight=4161 774 638 3387 170 3217 136 2995 448 222 389 587 504 177
internal_count=4161 774 638 3387 170 3217 136 2995 448 222 389 587 504 177
is_linear=0
shrinkage=0.03


Tree=362
num_leaves=15
num_cat=0
split_feature=36 3 15 3 23 32 8 24 15 25 40 21 45 47
split_gain=212872 243659 336998 271321 613402 605853 454812 379161 259878 254926 214722 359046 211515 250112
threshold=1655.597500000001 27.500000000000004 -0.8572830456751136 19.500000000000004 9780.0343750000011 1602.6009071424098 -0.9159756150367534 622.64997465774229 -0.93867560834980956 8117.9612500000012 28.437500000000004 10060.672500000002 2.0500000000000003 1.0416666666666667
decision_type=2 2 2 2 2 2 2 2 2 2 2 2 2 2
left_child=1 3 9 10 6 -6 -5 -7 -8 -3 12 -12 13 -1
right_child=-2 2 -4 4 5 7 8 -9 -10 -11 11 -13 -14 -15
leaf_value=-0.017117477338012811 1.2626259413787295 3.63806695154735 0.12597368357305447 2.4107671324933162 -3.7562944766376791 0.90712846238362166 0.9774790875346232 -1.6822210490319036 -0.58739745654551856 0.74718729400634765 -0.4503350561492297 3.1736967814922332 1.7368305127701518 -1.535077226863188
leaf_weight=2314 111 48 355 60 88 75 116 154 520 64 48 49 58 101
leaf_count=2314 111 48 355 60 88 75 116 154 520 64 48 49 58 101
internal_value=-0.0275553 -0.0632225 0.580575 -0.147276 -0.56283 -1.65444 -0.063963 -0.833859 -0.30087 2.0075 0.0166692 1.39391 -0.0378868 -0.0812168
internal_weight=4161 4050 467 3583 1013 317 696 229 636 112 2570 97 2473 2415
internal_count=4161 4050 467 3583 1013 317 696 229 636 112 2570 97 2473 2415
is_linear=0
shrinkage=0.03


Tree=363
num_leaves=15
num_cat=0
split_feature=36 26 15 8 32 52 20 44 44 34 39 36 19 18
split_gain=200384 225947 374936 469257 346051 289109 452921 270473 425585 263788 260819 247053 214788 198863
threshold=1655.597500000001 10827.318750000004 -0.96011450294824408 -0.9159756150367534 1414.7706036879897 6.791666666666667 9444.7675000000017 93.791666666666671 92.208333333333357 11591.731250000003 27.891666666666669 73.438750000000269 10331.993750000001 8141.0187500000002
decision_type=2 2 2 2 2 2 2 2 2 2 2 2 2 2
left_child=1 2 13 11 9 6 -5 8 10 -3 -6 -4 -7 -1
right_child=-2 4 3 5 7 12 -8 -9 -10 -11 -12 -13 -14 -15
leaf_value=0.066843218753212363 1.2250853699019977 -0.49951111664722969 2.6401437945257533 1.7053176072171756 -0.32486304815766992 -0.49380422799511392 -0.16081864067053389 -2.3564350816011426 2.4077999852854632 -3.0122261250438824 1.0486888089337771 -0.034458063038028015 0.94901612313077 1.7718217489855914
leaf_weight=94 111 81 87 174 1463 1161 353 49 57 70 135 48 100 178
leaf_count=94 111 81 87 174 1463 1161 353 49 57 70 135 48 100 178
internal_value=-0.0266781 -0.0612833 0.14468 -0.0030093 -0.304952 -0.13216 0.457359 -0.182482 -0.116724 -1.6766 -0.208232 1.6958 -0.378712 1.18506
internal_weight=4161 4050 2195 1923 1855 1788 527 1704 1655 151 1598 135 1261 272
internal_count=4161 4050 2195 1923 1855 1788 527 1704 1655 151 1598 135 1261 272
is_linear=0
shrinkage=0.03


Tree=364
num_leaves=15
num_cat=0
split_feature=40 11 3 40 16 3 0 0 20 26 24 18 51 40
split_gain=209387 483434 544171 283182 412717 346567 278372 339387 540120 381118 283120 269482 262082 254183
threshold=20.804166666666671 0.81174490092936691 3.5000000000000004 23.504166666666666 7981.8962500000007 1.5000000000000002 16.500000000000004 14.500000000000002 7271.9337500000011 11520.973750000003 755.48128561831697 7956.7287500000011 36.416666666666679 29.570833333333336
decision_type=2 2 2 2 2 2 2 2 2 2 2 2 2 2
left_child=1 2 -1 6 -5 -6 7 8 10 -10 -2 -3 -9 -7
right_child=3 11 -4 4 5 13 -8 12 9 -11 -12 -13 -14 -15
leaf_value=3.0131999588012692 -2.9034412444300122 3.7949065956115722 -0.18856762147204456 1.6011262682261989 -2.3710766416675635 0.015811761154595094 -1.2652232390043903 1.7583112859643819 0.14511882373189827 -1.0118057911876546 -0.16910156172864577 1.0132318870587782 -0.49174377853805956 2.1189280068212084
leaf_weight=51 107 49 587 163 52 1226 268 126 914 355 50 87 73 53
leaf_count=51 107 49 587 163 52 1226 268 126 914 355 50 87 73 53
internal_value=-0.025842 0.419011 0.0716645 -0.127598 0.181108 0.00612318 -0.371211 -0.223071 -0.385165 -0.179058 -2.03931 2.03595 0.934507 0.104561
internal_weight=4161 774 638 3387 1494 1331 1893 1625 1426 1269 157 136 199 1279
internal_count=4161 774 638 3387 1494 1331 1893 1625 1426 1269 157 136 199 1279
is_linear=0
shrinkage=0.03


Tree=365
num_leaves=13
num_cat=0
split_feature=19 35 27 28 48 20 35 9 17 43 35 50
split_gain=306340 211578 242922 488192 237274 219250 281030 327846 260405 595412 473548 167991
threshold=5864.036250000001 -983.58124999999916 12916.673333333336 1457.4561772329596 0.016666666666666611 10865.195000000002 669.00125000000037 0.60355339059327384 11174.822500000002 56.250000000000007 -433.73750000000103 2.5000000000000004
decision_type=2 2 2 2 2 2 2 2 2 2 2 2
left_child=-1 4 5 -4 -2 8 7 -7 9 -3 -10 -5
right_child=1 2 3 11 -6 6 -8 -9 10 -11 -12 -13
leaf_value=2.2164187077914965 -0.27125105933139199 -3.3661626840028602 -3.5936885449127716 0.79914611536523561 2.428619674033806 1.2392803477901582 -1.8152121859788894 0.033751096585600313 1.6662343705266336 -0.35186774444486585 -0.15962695326044488 -1.4351225265529421
leaf_weight=50 56 60 54 68 60 280 55 732 157 1800 669 53
leaf_count=50 56 60 54 68 60 280 55 732 157 1800 669 53
internal_value=-0.094187 -0.1233 -0.160711 -1.25005 1.13393 -0.109592 0.25405 0.368206 -0.254094 -0.450868 0.188996 -0.183119
internal_weight=4094 4044 3928 175 116 3753 1067 1012 2686 1860 826 121
internal_count=4094 4044 3928 175 116 3753 1067 1012 2686 1860 826 121
is_linear=0
shrinkage=0.03


Tree=366
num_leaves=14
num_cat=0
split_feature=29 35 25 5 46 32 23 35 5 43 32 10 33
split_gain=250006 259306 619272 441973 312787 191587 182854 237308 188478 273172 260757 176422 162812
threshold=10680.356250000003 -670.75625000000025 11260.820000000002 261.50000000000006 1.0000000180025095e-35 2113.3632062775664 13928.525625000002 -114.99624999999922 132.50000000000003 51.416666666666679 1783.7135438623986 1.0000000180025095e-35 6071.7412500000019
decision_type=2 2 2 2 2 2 2 2 2 2 2 2 2
left_child=1 2 3 4 -1 -2 8 -8 10 -10 -3 -12 -11
right_child=5 6 -4 -5 -6 -7 7 -9 9 12 11 -13 -14
leaf_value=0.63007986524525805 -0.17679943242315516 2.5102184455778636 3.8991743487727879 1.9343505531770213 -2.1918625765877802 -2.5609308959310875 -2.539606377141816 0.083973782889304627 -2.0073106684579569 0.48383836406078984 1.2585669277798044 -1.1130358172079611 -0.16328124070898586
leaf_weight=67 58 58 48 80 73 63 62 61 67 396 54 57 2950
leaf_count=67 58 58 48 80 73 63 62 61 67 396 54 57 2950
internal_value=-0.0913805 -0.0502875 0.849088 0.168914 -0.846365 -1.42906 -0.115559 -1.24818 -0.0763252 -0.124855 0.898635 0.0415188 -0.0865683
internal_weight=4094 3973 268 220 140 121 3705 123 3582 3413 169 111 3346
internal_count=4094 3973 268 220 140 121 3705 123 3582 3413 169 111 3346
is_linear=0
shrinkage=0.03


Tree=367
num_leaves=15
num_cat=0
split_feature=29 35 23 5 9 9 38 16 21 16 44 22 35 29
split_gain=235477 244237 511150 445592 301581 203937 330304 307594 402792 446938 388115 316695 463813 417977
threshold=10680.356250000003 -670.75625000000025 12834.290000000001 261.50000000000006 0.1294095225512602 -0.9829629131445341 26.150000000000002 10260.601250000002 9896.4475000000002 10603.283750000001 94.708333333333357 9360.4237500000017 356.03875000000068 5821.9237500000008
decision_type=2 2 2 2 2 2 2 2 2 2 2 2 2 2
left_child=1 2 3 4 -1 6 -3 11 9 -9 -10 12 -7 -13
right_child=-2 5 -4 -5 -6 7 -8 8 10 -11 -12 13 -14 -15
leaf_value=-1.9212155262259549 -1.3868684555956574 -0.24913032942804794 3.5952146467748953 1.9957624763399362 0.89586000436230706 -0.015384178592903123 2.5818797531649467 -4.152409412690572 -0.25486731005427782 -0.22398701591491699 -2.9600252589225766 2.9564150739908217 -1.6519448736011981 0.34369190200530592
leaf_weight=85 121 86 48 79 56 1425 64 55 1062 49 49 59 174 682
leaf_count=85 121 86 48 79 56 1425 64 55 1062 49 49 59 174 682
internal_value=-0.0886387 -0.0487575 0.824093 0.205885 -0.803842 -0.112104 0.967767 -0.157932 -0.544987 -2.32142 -0.376745 0.0431795 -0.194402 0.555447
internal_weight=4094 3973 268 220 141 3705 150 3555 1215 104 1111 2340 1599 741
internal_count=4094 3973 268 220 141 3705 150 3555 1215 104 1111 2340 1599 741
is_linear=0
shrinkage=0.03


Tree=368
num_leaves=13
num_cat=0
split_feature=19 29 35 18 39 22 9 38 40 40 9 10
split_gain=271480 212213 245621 573769 354946 251589 203566 311073 180944 384365 305721 147343
threshold=5864.036250000001 10680.356250000003 -670.75625000000025 12551.212500000001 22.008333333333336 9657.7825000000012 -0.9829629131445341 26.150000000000002 23.437500000000004 23.220833333333335 0.1294095225512602 1.0000000180025095e-35
decision_type=2 2 2 2 2 2 2 2 2 2 2 2
left_child=-1 2 3 4 -2 -6 7 -4 9 -8 -10 -3
right_child=1 11 6 -5 5 -7 8 -9 10 -11 -12 -13
leaf_value=2.0891817301862377 2.2267907328128813 -2.3885661251036847 -0.24174233354371169 3.2795936062932012 -1.7129620021184284 0.70714768094174996 -0.24919198768474557 2.5056149969100954 -0.58145371140265945 -1.9540718856453896 0.435133005218513 -0.29751749182901077
leaf_weight=50 49 60 86 63 89 67 2160 64 391 125 829 61
leaf_count=50 49 60 86 63 89 67 2160 64 391 125 829 61
internal_value=-0.085983 -0.11339 -0.0750472 0.799881 0.0255291 -0.675577 -0.139406 0.939195 -0.185825 -0.343277 0.109104 -1.3456
internal_weight=4094 4044 3923 268 205 156 3655 150 3505 2285 1220 121
internal_count=4094 4044 3923 268 205 156 3655 150 3505 2285 1220 121
is_linear=0
shrinkage=0.03


Tree=369
num_leaves=12
num_cat=0
split_feature=19 35 47 27 34 50 31 19 39 35 40
split_gain=255727 184522 250465 215704 357427 205409 200792 436256 362213 340077 200798
threshold=5864.036250000001 -983.58124999999916 0.0499999999999996 12916.673333333336 15291.220000000003 1.5000000000000002 9813.0672916666681 7798.732500000001 27.325000000000003 -491.85249999999991 25.187500000000004
decision_type=2 2 2 2 2 2 2 2 2 2 2
left_child=-1 2 -2 6 -5 -6 8 -8 10 -9 -3
right_child=1 3 -4 4 5 -7 7 9 -10 -11 -12
leaf_value=2.0277352178798003 -0.13282335885307367 -0.32363161175417204 2.6709625082015989 -2.8958342402105899 1.2165002144707573 -1.3655736485280487 -2.2123113298934438 1.2303747012518578 -2.7106865854480047 0.04778022135527718 0.91668434279305588
leaf_weight=50 67 1742 49 66 53 56 68 255 54 1509 125
leaf_count=50 67 1742 49 66 53 56 68 255 54 1509 125
internal_value=-0.0833755 -0.109976 1.06411 -0.144914 -1.17141 -0.110288 -0.0967464 0.127918 -0.310965 0.219342 -0.240135
internal_weight=4094 4044 116 3928 175 109 3753 1832 1921 1764 1867
internal_count=4094 4044 116 3928 175 109 3753 1832 1921 1764 1867
is_linear=0
shrinkage=0.03


Tree=370
num_leaves=15
num_cat=0
split_feature=33 40 43 35 45 22 39 39 8 28 0 0 2 41
split_gain=319161 319359 289324 251722 363245 580728 315777 236793 319933 315394 302317 509013 276117 260431
threshold=7352.8662500000019 20.054166666666671 96.250000000000014 792.0225000000006 1.0000000180025095e-35 12552.758750000003 20.275000000000006 27.208333333333339 -0.60355339059327384 1840.4596719819012 19.500000000000004 18.500000000000004 2.5000000000000004 77.500000000000014
decision_type=2 2 2 2 2 2 2 2 2 2 2 2 2 2
left_child=1 -1 3 -2 5 6 -5 8 10 13 11 -3 -11 -10
right_child=2 7 -4 4 -6 -7 -8 -9 9 12 -12 -13 -14 -15
leaf_value=1.7442572521062998 0.25771875883806761 0.18678076626573289 1.8597236638540751 -1.2759432825602983 1.4410421005317142 0.58824002556006116 -4.3107819493611652 -2.4536971807479859 0.46377519959978047 -2.8981925618648527 -0.74250421532269184 2.9428895627678213 -0.43542818229198454 -0.64700202970393006
leaf_weight=64 1845 279 90 75 55 89 53 48 240 92 173 76 74 899
leaf_count=64 1845 279 90 75 55 89 53 48 240 92 173 76 74 899
internal_value=-0.0435758 -0.323674 0.203299 0.132028 -0.718311 -1.26978 -2.55635 -0.394932 -0.339703 -0.591681 0.282997 0.783472 -1.8096 -0.412734
internal_weight=4152 1945 2207 2117 272 217 128 1881 1833 1305 528 355 166 1139
internal_count=4152 1945 2207 2117 272 217 128 1881 1833 1305 528 355 166 1139
is_linear=0
shrinkage=0.03


Tree=371
num_leaves=14
num_cat=0
split_feature=31 39 32 40 40 39 5 8 43 28 41 43 39
split_gain=293664 322087 467600 301761 290450 308030 272060 271705 376385 360434 232747 205717 304169
threshold=10332.593854166667 29.841666666666672 1737.5043697107628 20.054166666666671 26.595833333333335 27.391666666666669 124.50000000000001 -0.60355339059327384 83.916666666666671 1576.4242242656758 73.500000000000014 96.250000000000014 21.975000000000005
decision_type=2 2 2 2 2 2 2 2 2 2 2 2 2
left_child=3 2 10 -1 5 7 -4 9 -9 -5 -2 12 -8
right_child=1 -3 6 4 -6 -7 11 8 -10 -11 -12 -13 -14
leaf_value=1.5942461366922809 3.8057907977152841 -1.5939646398323246 -1.9479962814688685 -0.075742175192764452 1.9397061981874353 -2.4189355330240154 -0.25284941239929198 -1.136037617385603 -0.18243318648396672 1.8641531118224648 0.98469421136379232 2.0538666808605193 0.65868632881369016
leaf_weight=77 48 78 49 556 50 62 624 552 1143 101 59 57 696
leaf_count=77 48 78 49 556 50 62 624 552 1143 101 59 57 696
internal_value=-0.042292 0.274467 0.37052 -0.243153 -0.301201 -0.348406 0.226197 -0.292814 -0.493483 0.224833 2.27389 0.304933 0.227902
internal_weight=4152 1611 1533 2541 2464 2414 1426 2352 1695 657 107 1377 1320
internal_count=4152 1611 1533 2541 2464 2414 1426 2352 1695 657 107 1377 1320
is_linear=0
shrinkage=0.03


Tree=372
num_leaves=15
num_cat=0
split_feature=33 40 20 15 35 43 20 20 40 26 7 16 39 8
split_gain=287447 284685 265359 787586 397157 297156 289024 460501 368553 343307 258826 230507 215555 286714
threshold=7352.8662500000019 20.054166666666671 8174.0687500000013 -0.83910684176851635 -178.2575000000015 96.250000000000014 10916.468750000002 11369.388750000002 25.762500000000006 13976.335000000001 8.5000000000000018 8808.7187500000018 27.208333333333339 -0.60355339059327384
decision_type=2 2 2 2 2 2 2 2 2 2 2 2 2 2
left_child=1 -1 3 -2 -5 6 8 10 9 -4 -8 -9 13 -3
right_child=2 12 5 4 -6 -7 7 11 -10 -11 -12 -13 -14 -15
leaf_value=1.6456430010795593 -1.3074850859536844 0.2680965001619155 -0.57210667450024066 1.0061362655827257 4.4946554208610019 1.7688238988603864 0.69932263514574833 0.79482460842379976 -2.2112666854776184 0.68338246155196225 3.7123864883846704 -0.22545575761728071 -2.3383447375102917 -0.55992771704223399
leaf_weight=64 67 528 604 60 58 90 50 317 86 289 53 533 48 1305
leaf_count=64 67 528 604 60 58 90 50 317 86 289 53 533 48 1305
internal_value=-0.0409849 -0.306804 0.193304 1.27769 2.74432 0.0934994 0.0145739 0.386279 -0.347269 -0.165468 2.27067 0.155518 -0.374082 -0.321389
internal_weight=4152 1945 2207 185 118 2022 1932 953 979 893 103 850 1881 1833
internal_count=4152 1945 2207 185 118 2022 1932 953 979 893 103 850 1881 1833
is_linear=0
shrinkage=0.03


Tree=373
num_leaves=15
num_cat=0
split_feature=33 20 15 38 43 35 0 0 36 25 39 16 0 0
split_gain=270610 249940 741783 389683 279771 275776 337252 300525 276984 257766 217118 223676 191432 756251
threshold=7352.8662500000019 8174.0687500000013 -0.83910684176851635 26.550000000000004 96.250000000000014 -394.01500000000027 1.5000000000000002 22.500000000000004 -505.55374999999998 11452.661250000003 27.208333333333339 12024.460000000001 19.500000000000004 18.500000000000004
decision_type=2 2 2 2 2 2 2 2 2 2 2 2 2 2
left_child=10 2 -2 -4 5 6 -3 8 -7 -8 11 12 13 -1
right_child=1 4 3 -5 -6 7 9 -9 -10 -11 -12 -13 -14 -15
leaf_value=-0.20279504885517999 -1.2688373489940867 2.3667513539614502 4.3112472398434907 0.85568810518445637 1.7163423337517203 -1.2263558151965239 -0.17115177545860366 1.6871378950333931 -0.10708082427412775 1.365751862856357 -2.2696260513943067 -2.2266766549587249 -0.83134034059075412 2.8492980328782811
leaf_weight=1429 67 80 61 57 90 244 340 70 1061 137 48 49 343 76
leaf_count=1429 67 80 61 57 90 244 340 70 1061 137 48 49 343 76
internal_value=-0.0396982 0.187625 1.24003 2.66338 0.0907636 0.0141814 0.576735 -0.213946 -0.317145 0.272167 -0.297614 -0.246539 -0.192851 -0.0468698
internal_weight=4152 2207 185 118 2022 1932 557 1375 1305 477 1945 1897 1848 1505
internal_count=4152 2207 185 118 2022 1932 557 1375 1305 477 1945 1897 1848 1505
is_linear=0
shrinkage=0.03


Tree=374
num_leaves=15
num_cat=0
split_feature=33 40 43 52 9 0 44 10 11 17 15 44 42 42
split_gain=254803 267267 232003 264881 289311 450101 409797 287872 207236 312691 262014 262716 257432 325889
threshold=7352.8662500000019 20.054166666666671 96.250000000000014 45.416666666666679 0.91597561503675362 2.5000000000000004 74.458333333333357 -0.60785761079279388 -0.22252093395631442 11488.001250000001 -0.96011450294824408 91.041666666666671 85.500000000000014 95.500000000000014
decision_type=2 2 2 2 2 2 2 2 2 2 2 2 2 2
left_child=1 -1 3 4 5 -2 -6 -7 12 10 -10 -12 -3 -14
right_child=2 8 -4 -5 6 7 -8 -9 9 -11 11 -13 13 -15
leaf_value=1.6030234406177815 -1.9975067297104863 0.57823811187950103 1.6654178954742767 -1.9964964118370645 1.8471633673471117 -0.44919502281131796 -0.74144277178324181 0.40012751977419631 0.79205372004281904 -2.7035958206458166 -0.43728950325539034 -1.7773170789907564 -1.093801207899161 0.80933827636827682
leaf_weight=64 92 381 90 51 188 512 77 1197 125 60 774 158 268 115
leaf_count=64 92 381 90 51 188 512 77 1197 125 60 774 158 268 115
internal_value=-0.0384577 -0.288728 0.182126 0.118303 0.171456 0.0350264 1.09499 0.145556 -0.353919 -0.614158 -0.493095 -0.666139 0.0268466 -0.521704
internal_weight=4152 1945 2207 2117 2066 1801 265 1709 1881 1117 1057 932 764 383
internal_count=4152 1945 2207 2117 2066 1801 265 1709 1881 1117 1057 932 764 383
is_linear=0
shrinkage=0.03


Tree=375
num_leaves=15
num_cat=0
split_feature=28 28 40 52 24 51 5 37 39 20 2 11 36 39
split_gain=184340 421505 497146 324606 316679 297488 441855 381570 475991 305304 277223 236261 367380 297559
threshold=1089.1552139688486 1129.880044844082 21.412500000000005 0.95833333333333337 1135.4486446724577 18.916666666666668 255.50000000000003 23.750000000000004 23.691666666666674 9717.6162500000009 1.0000000180025095e-35 -0.22252093395631442 867.12375000000077 28.591666666666669
decision_type=2 2 2 2 2 2 2 2 2 2 2 2 2 2
left_child=3 2 -2 -1 5 6 10 8 -7 -8 -5 12 -3 -13
right_child=1 11 -4 4 -6 7 9 -9 -10 -11 -12 13 -14 -15
leaf_value=-2.5391476519602647 4.0045747604370119 0.2917289262143678 0.37161016464233393 2.3691232936347233 1.5957573819499125 -1.1086070063100018 0.24777094796439195 -2.8000691125843975 0.92816458311656969 -1.8942797817801038 0.32412196122655057 -0.078387625194090302 2.8282895368999905 -2.2393343981504441
leaf_weight=52 54 1074 89 67 87 336 106 73 148 136 491 1301 53 59
leaf_count=52 54 1074 89 67 87 336 106 73 148 136 491 1301 53 59
internal_value=0.0326019 0.183819 1.76189 -0.233176 -0.148425 -0.261352 0.109337 -0.793027 -0.485132 -0.958806 0.573494 0.0924037 0.413432 -0.173722
internal_weight=4126 2630 143 1496 1444 1357 800 557 484 242 558 2487 1127 1360
internal_count=4126 2630 143 1496 1444 1357 800 557 484 242 558 2487 1127 1360
is_linear=0
shrinkage=0.03


Tree=376
num_leaves=15
num_cat=0
split_feature=16 35 16 33 52 0 28 35 14 16 36 33 16 25
split_gain=180629 168885 376242 493105 443924 430298 300418 269050 435279 384885 256762 252516 220868 300124
threshold=15310.590000000002 553.00875000000008 7981.8962500000007 6541.8087500000011 1.7916666666666667 6.5000000000000009 984.12009053199097 259.42749999999984 -0.95260028690456633 8475.1862500000007 -148.13250000000059 7352.8662500000019 12858.251250000003 11983.401250000001
decision_type=2 2 2 2 2 2 2 2 2 2 2 2 2 2
left_child=1 7 -3 -4 6 -6 -5 12 -9 10 -10 -11 13 -1
right_child=-2 2 3 4 5 -7 -8 8 9 11 -12 -13 -14 -15
leaf_value=0.017506737065015369 1.7885950606832137 2.1313112473244566 -2.7425600237505776 -3.7473104872022356 -2.041430267129146 0.48914960710879635 -0.60322705384343855 -1.4970149913910897 -1.7111810163909738 0.60618829568227128 1.2597303571701048 2.6221945575189278 -0.80752257377016845 1.6391234980565366
leaf_weight=2568 51 48 83 48 70 407 63 61 54 89 49 153 276 106
leaf_count=2568 51 48 83 48 70 407 63 61 54 89 49 153 276 106
internal_value=0.0316408 0.00921486 -0.407707 -0.592259 -0.284564 0.11426 -1.98428 0.0986368 0.821699 1.23486 -0.299168 1.88638 -0.0011158 0.0823836
internal_weight=4126 4075 719 671 588 477 111 3356 406 345 103 242 2950 2674
internal_count=4126 4075 719 671 588 477 111 3356 406 345 103 242 2950 2674
is_linear=0
shrinkage=0.03


Tree=377
num_leaves=15
num_cat=0
split_feature=16 35 18 29 20 51 17 35 14 17 33 36 16 17
split_gain=170164 159093 402436 598758 647809 429659 351566 253203 409854 374036 284000 218453 207866 422720
threshold=15310.590000000002 553.00875000000008 6537.8225000000011 6537.8225000000011 9633.4350000000013 2.0833333333333335 8475.1862500000007 259.42749999999984 -0.95260028690456633 8343.8175000000028 7352.8662500000019 -50.778749999999484 12858.251250000003 12954.251250000003
decision_type=2 2 2 2 2 2 2 2 2 2 2 2 2 2
left_child=1 7 -3 -4 6 -6 -5 12 -9 11 -11 -10 13 -1
right_child=-2 2 3 4 5 -7 -8 8 9 10 -12 -13 -14 -15
leaf_value=0.021825182005797257 1.7359691762924194 2.0015782650072 -3.489778255244433 -1.4306105187246876 -3.1211611320232522 -0.58754876881987605 1.0847808263210148 -1.4528289293473766 -1.2552169580044954 0.53915335416793819 2.764915707591626 1.254564770397387 -0.78338434162499238 2.5282075448190011
leaf_weight=2613 51 57 58 61 86 198 259 61 68 83 138 56 276 61
leaf_count=2613 51 57 58 61 86 198 259 61 68 83 138 56 276 61
internal_value=0.0306727 0.00890603 -0.395748 -0.604894 -0.322534 -1.36308 0.602275 0.0956969 0.797142 1.19806 1.93526 -0.120678 -0.00107339 0.0799308
internal_weight=4126 4075 719 662 604 284 320 3356 406 345 221 124 2950 2674
internal_count=4126 4075 719 662 604 284 320 3356 406 345 221 124 2950 2674
is_linear=0
shrinkage=0.03


Tree=378
num_leaves=15
num_cat=0
split_feature=11 42 37 14 34 33 36 21 44 35 42 35 31 21
split_gain=163023 309826 262785 254894 276960 229092 255771 258702 250589 228175 298853 224345 428421 315026
threshold=-0.22252093395631442 36.500000000000007 28.750000000000004 -0.76232555469153129 12409.361250000004 7761.6350000000011 326.72749999999911 8625.621250000002 89.958333333333357 -316.17124999999936 81.500000000000014 -509.66874999999931 9763.9150520833336 7402.4075000000012
decision_type=2 2 2 2 2 2 2 2 2 2 2 2 2 2
left_child=2 -2 3 4 9 6 -5 -8 -7 -1 -11 12 13 -3
right_child=1 11 -4 5 -6 8 7 -9 -10 10 -12 -13 -14 -15
leaf_value=0.097618657119812491 -2.3005123313131004 1.4145937482668804 2.0339022703573737 -0.19960033313438258 -0.15891126784552698 0.081592529289410284 -0.50150747196490941 -3.3451342510727216 2.0171130792533649 2.7988396046284971 0.73556325972499981 -0.21301819499288258 1.4872869347939841 -1.3858360093381223
leaf_weight=123 57 51 70 402 229 526 64 52 67 115 141 1901 210 118
leaf_count=123 57 51 70 402 229 526 64 52 67 115 141 1901 210 118
internal_value=0.0297512 -0.135213 0.24521 0.171223 0.664508 -0.0990702 -0.559459 -1.79406 0.30333 1.16118 1.66977 -0.0800893 0.585426 -0.537298
internal_weight=4126 2337 1789 1719 608 1111 518 116 593 379 256 2280 379 169
internal_count=4126 2337 1789 1719 608 1111 518 116 593 379 256 2280 379 169
is_linear=0
shrinkage=0.03


Tree=379
num_leaves=15
num_cat=0
split_feature=28 35 28 35 47 38 20 40 37 14 47 35 41 37
split_gain=159722 413446 403932 551554 382786 359756 358438 330336 1.16433e+06 384286 277391 340041 449123 382926
threshold=1089.1552139688486 911.8124999999992 1129.880044844082 56.133749999999061 0.066666666666666527 20.750000000000004 9999.7537500000017 21.362500000000001 20.950000000000003 -0.78409092058138996 0.19999999999999979 -398.90500000000105 94.500000000000014 22.450000000000003
decision_type=2 2 2 2 2 2 2 2 2 2 2 2 2 2
left_child=1 4 3 -2 7 6 -3 8 9 -1 -6 13 -13 -12
right_child=2 5 -4 -5 10 -7 -8 -9 -10 -11 11 12 -14 -15
leaf_value=-2.1899089069086677 0.052941398443999109 1.2401179284708841 0.080150473604466879 3.7902784705907107 -1.7462156224367666 -3.1693757103584903 -2.1705750843936746 0.058672758959268739 5.1387193919095129 1.2844927402164623 -0.13992008110372031 1.4893902054326287 -1.3114593933373691 -3.4604210631987624
leaf_weight=48 80 55 2487 63 152 73 54 638 54 68 81 144 79 50
leaf_count=48 80 55 2487 63 152 73 54 638 54 68 81 144 79 50
internal_value=0.0288773 -0.218516 0.169635 1.71445 -0.0324222 -1.55447 -0.453818 0.372634 1.54359 -0.159492 -0.67872 -0.21669 0.495669 -1.42401
internal_weight=4126 1496 2630 143 1314 182 109 808 170 116 506 354 223 131
internal_count=4126 1496 2630 143 1314 182 109 808 170 116 506 354 223 131
is_linear=0
shrinkage=0.03


Tree=380
num_leaves=10
num_cat=0
split_feature=34 34 36 36 18 43 16 5 26
split_gain=177421 184776 163180 144841 263607 462275 177170 440605 223389
threshold=16029.415000000003 15823.45875 2044.0600000000006 -975.255 12175.31875 58.916666666666679 14003.603750000002 321.50000000000006 10715.845000000001
decision_type=2 2 2 2 2 2 2 2 2
left_child=1 2 3 4 5 -1 8 -8 -5
right_child=-2 -3 -4 6 -6 -7 7 -9 -10
leaf_value=3.3344459105404942 1.6577245137566012 -1.3874519790302624 1.7053595121145249 0.093403544387808846 -1.3056288578396751 0.35813705615263719 2.1941458866768278 -0.84793650441355517 -0.39831726038437504
leaf_weight=54 56 87 49 1815 62 324 96 76 1533
leaf_count=54 56 87 49 1815 62 324 96 76 1533
internal_value=-0.00448227 -0.0276105 0.00223457 -0.0192609 0.493275 0.79104 -0.0834541 0.852752 -0.131795
internal_weight=4152 4096 4009 3960 440 378 3520 172 3348
internal_count=4152 4096 4009 3960 440 378 3520 172 3348
is_linear=0
shrinkage=0.03


Tree=381
num_leaves=9
num_cat=0
split_feature=34 34 5 37 22 23 16 16
split_gain=167108 173988 140748 151767 234288 349139 264893 233170
threshold=16029.415000000003 15823.45875 121.50000000000001 29.250000000000004 14031.265000000001 11594.567916666669 14003.603750000002 13345.380000000003
decision_type=2 2 2 2 2 2 2 2
left_child=1 2 -1 4 6 -6 -4 -5
right_child=-2 -3 3 7 5 -7 -8 -9
leaf_value=-1.5637399834043839 1.6088652327186184 -1.3463014100017872 -0.0025680266123001352 -0.14958249118058911 0.3607337405464866 -2.6670763293902078 1.7216790015813781 2.5820966499814619
leaf_weight=50 56 87 3630 61 65 71 81 51
leaf_count=50 56 87 3630 61 65 71 81 51
internal_value=-0.00430843 -0.0267545 0.00220605 0.0223768 -0.00944722 -1.22778 0.0355167 1.10602
internal_weight=4152 4096 4009 3959 3847 136 3711 112
internal_count=4152 4096 4009 3959 3847 136 3711 112
is_linear=0
shrinkage=0.03


Tree=382
num_leaves=9
num_cat=0
split_feature=29 5 5 23 41 5 16 7
split_gain=138722 145696 230182 250853 179976 231642 702412 447938
threshold=11276.318750000002 345.50000000000006 339.50000000000006 11594.567916666669 41.500000000000007 189.50000000000003 11678.481250000003 19.500000000000004
decision_type=2 2 2 2 2 2 2 2
left_child=1 2 4 -4 -1 6 -6 -7
right_child=-2 -3 3 -5 5 7 -8 -9
leaf_value=1.319862270581095 -1.590963667558164 1.4349448804557323 -0.06567789966942833 -2.9602109302793229 -0.05056050402255869 0.32734106472964336 -2.1296215622362338 -0.71761156249261593
leaf_weight=94 48 63 60 48 1011 2216 170 442
leaf_count=94 48 63 60 48 1011 2216 170 442
internal_value=-0.00417525 0.0147631 -0.00772367 -1.36763 0.0299536 -0.00196206 -0.351394 0.153365
internal_weight=4152 4104 4041 108 3933 3839 1181 2658
internal_count=4152 4104 4041 108 3933 3839 1181 2658
is_linear=0
shrinkage=0.03


Tree=383
num_leaves=10
num_cat=0
split_feature=34 23 23 18 16 34 16 19 17
split_gain=152232 159206 319566 258196 173844 427010 371651 340156 294250
threshold=16029.415000000003 14096.597500000002 14530.975208333335 14103.205000000002 14003.603750000002 14977.206250000001 12782.262500000003 8462.1225000000031 12130.622500000001
decision_type=2 2 2 2 2 2 2 2 2
left_child=1 3 -3 4 6 -6 8 -8 -1
right_child=-2 2 -4 -5 5 -7 7 -9 -10
leaf_value=-0.046679326665930408 1.5356140739980497 -2.605831137011128 0.44615209383349264 1.8826442711811799 3.2020590670163531 -0.76603128374839313 1.0005342427078558 -1.8238413293684383 1.14030001585208
leaf_weight=3388 56 61 61 64 48 48 48 180 198
leaf_count=3388 56 61 61 64 48 48 48 180 198
internal_value=-0.00408223 -0.0255061 -1.0885 0.00738908 -0.0237753 1.23042 -0.055662 -1.2274 0.0191549
internal_weight=4152 4096 122 3974 3910 96 3814 228 3586
internal_count=4152 4096 122 3974 3910 96 3814 228 3586
is_linear=0
shrinkage=0.03


Tree=384
num_leaves=10
num_cat=0
split_feature=34 34 36 36 19 43 32 28 23
split_gain=143384 157843 148772 135354 291448 544596 173009 226395 111029
threshold=16029.415000000003 15823.45875 2044.0600000000006 -975.255 12455.990000000003 58.916666666666679 2580.2107542854096 2523.2509881763567 12439.064583333335
decision_type=2 2 2 2 2 2 2 2 2
left_child=1 2 3 4 5 -1 7 -5 -8
right_child=-2 -3 -4 6 -6 -7 8 -9 -10
leaf_value=3.4087407618053889 1.4903538875203384 -1.2815578991987486 1.6290617197036743 -0.087443136711222474 -1.6811139089584348 0.28039097792909529 1.7586968416619946 -1.962226208306975 -0.05915290749990023
leaf_weight=58 56 87 49 3338 49 333 73 58 51
leaf_count=58 56 87 49 3338 49 333 73 58 51
internal_value=-0.0039308 -0.0247229 0.00286093 -0.0176637 0.477802 0.751993 -0.0797192 -0.120035 1.01642
internal_weight=4152 4096 4009 3960 440 391 3520 3396 124
internal_count=4152 4096 4009 3960 440 391 3520 3396 124
is_linear=0
shrinkage=0.03


Tree=385
num_leaves=15
num_cat=0
split_feature=0 0 32 35 0 44 17 28 5 20 28 44 22 52
split_gain=218908 202645 274892 365112 222440 198085 606602 291634 240829 867117 324212 181473 157618 157128
threshold=1.0000000180025095e-35 1.5000000000000002 1866.7090596190699 -496.49750000000034 2.5000000000000004 94.041666666666671 10023.146250000002 956.16938154884815 275.50000000000006 8217.2625000000025 688.85042804581838 72.125000000000014 7308.1237500000007 18.041666666666668
decision_type=2 2 2 2 2 2 2 2 2 2 2 2 2 2
left_child=12 2 3 -2 11 8 7 -7 10 -10 -6 -3 -1 -14
right_child=1 4 -4 -5 5 6 -8 -9 9 -11 -12 -13 13 -15
leaf_value=0.35485586960704957 1.7910286653680461 -2.5647054895027628 2.4381623118434632 -1.5771426006555556 0.91055586636066432 -1.6555402220709849 -3.7150492616800164 0.99914848417338753 2.1655088879529711 0.0064776988936869123 -0.24676669259229939 -0.4718917670915293 -2.8452437645622664 -0.69913144791629955
leaf_weight=48 55 52 69 59 242 58 51 100 205 894 2105 128 55 70
leaf_count=48 55 52 69 59 242 58 51 100 205 894 2105 128 55 70
internal_value=-0.0592857 -0.0141644 0.958372 0.0491656 -0.0608139 -0.00996954 -0.904502 0.0202649 0.0445262 0.410825 -0.127091 -1.08739 -1.10106 -1.65863
internal_weight=4191 4018 183 114 3835 3655 209 158 3446 1099 2347 180 173 125
internal_count=4191 4018 183 114 3835 3655 209 158 3446 1099 2347 180 173 125
is_linear=0
shrinkage=0.03


Tree=386
num_leaves=15
num_cat=0
split_feature=0 5 28 0 33 35 48 46 11 0 24 18 43 37
split_gain=206180 192156 478779 391918 438884 345859 462489 415645 480235 392356 266940 538089 556813 298096
threshold=1.0000000180025095e-35 189.50000000000003 2092.1983254248807 19.500000000000004 8148.3537500000011 792.0225000000006 0.0083333333333332777 0.15000000000000005 -0.22252093395631442 5.5000000000000009 1449.1431380971514 10724.788750000002 86.916666666666671 21.150000000000002
decision_type=2 2 2 2 2 2 2 2 2 2 2 2 2 2
left_child=-1 2 5 10 -5 7 -7 9 -9 -2 13 -12 -13 -3
right_child=1 3 -4 4 -6 6 -8 8 -10 -11 11 12 -14 -15
leaf_value=-1.068575936298946 -0.73138153228998182 0.032570779064297672 -2.7335882979972022 -1.1768530723431641 1.0234210688836942 -3.4951512299814533 0.39702640800476074 0.73838230232397717 -2.3168344337339617 0.67725041289931365 -1.5595260679165932 -0.43025917361966137 2.9174495471472088 0.78210096313057864
leaf_weight=173 249 899 69 355 105 61 49 71 130 617 192 138 65 1018
leaf_count=173 249 899 69 355 105 61 49 71 130 617 192 138 65 1018
internal_value=-0.0575437 -0.0137537 -0.323052 0.125335 -0.673453 -0.179524 -1.77327 -0.0136998 -1.23924 0.271834 0.284493 -0.424856 0.65064 0.430808
internal_weight=4191 4018 1246 2772 460 1177 110 1067 201 866 2312 395 203 1917
internal_count=4191 4018 1246 2772 460 1177 110 1067 201 866 2312 395 203 1917
is_linear=0
shrinkage=0.03


Tree=387
num_leaves=15
num_cat=0
split_feature=0 0 32 35 0 44 17 28 40 35 28 44 52 5
split_gain=194048 194070 257639 342881 206250 183530 564320 275277 232919 525196 452417 170298 146670 138190
threshold=1.0000000180025095e-35 1.5000000000000002 1866.7090596190699 -496.49750000000034 2.5000000000000004 94.041666666666671 10023.146250000002 956.16938154884815 21.237500000000004 778.28249999999946 816.15690464603301 72.125000000000014 14.29166666666667 234.50000000000003
decision_type=2 2 2 2 2 2 2 2 2 2 2 2 2 2
left_child=12 2 3 -2 11 8 7 -7 10 -10 -6 -3 -1 -14
right_child=1 4 -4 -5 5 6 -8 -9 9 -11 -12 -13 13 -15
leaf_value=-2.2080770620223014 1.7459614507108927 -2.478630610288314 2.3709599208661487 -1.5180643722414968 2.4691659381389619 -1.6073088329121219 -3.5819433207695299 0.97185646937625247 -0.023796435377069689 -2.3452913981217605 0.23103546310127909 -0.45135274543318638 -1.2888217416176428 0.82220186043758781
leaf_weight=61 55 52 69 59 89 58 51 100 2424 90 843 128 64 48
leaf_count=61 55 52 69 59 89 58 51 100 2424 90 843 128 64 48
internal_value=-0.0558671 -0.0133848 0.938354 0.0580433 -0.0590369 -0.0100776 -0.871118 0.0208257 0.0423777 -0.10781 0.447196 -1.04755 -1.0367 -0.384695
internal_weight=4191 4018 183 114 3835 3655 209 158 3446 2514 932 180 173 112
internal_count=4191 4018 183 114 3835 3655 209 158 3446 2514 932 180 173 112
is_linear=0
shrinkage=0.03


Tree=388
num_leaves=15
num_cat=0
split_feature=7 3 3 22 28 15 36 2 34 31 23 28 35 27
split_gain=182738 184128 244601 297985 221585 189814 506673 481027 412637 436194 184400 206894 177871 176499
threshold=1.0000000180025095e-35 27.500000000000004 25.500000000000004 9047.8775000000005 1561.4710385150622 -0.62058661934845294 -1337.8875000000014 5.5000000000000009 15007.100000000002 11016.273072916671 7193.3497916666674 800.06864332679345 -83.278750000000386 9251.9594791666677
decision_type=2 2 2 2 2 2 2 2 2 2 2 2 2 2
left_child=-1 2 5 -4 -5 8 -7 -8 9 -2 -3 -12 -13 -14
right_child=1 10 3 4 -6 6 7 -9 -10 -11 11 12 13 -15
leaf_value=-1.0060629413687978 -0.30789576331827873 2.0782642261317519 -2.1813018491698637 0.86068003385566005 -1.6507935060024261 2.7912235507965089 0.27488895806188351 -1.3017086384078571 -2.7034476776123046 1.6984896859739507 -1.0525427704249268 1.2582140482683233 -1.0078459523889149 1.0027883983833688
leaf_weight=173 1369 60 107 85 49 64 1502 196 59 104 80 186 87 70
leaf_count=173 1369 60 107 85 49 64 1502 196 59 104 80 186 87 70
internal_value=-0.0542406 -0.0130149 -0.0881316 -1.00869 -0.0630088 -0.0204906 0.191804 0.0922346 -0.264633 -0.16517 0.535768 0.312553 0.633121 -0.110617
internal_weight=4191 4018 3535 241 134 3294 1762 1698 1532 1473 483 423 343 157
internal_count=4191 4018 3535 241 134 3294 1762 1698 1532 1473 483 423 343 157
is_linear=0
shrinkage=0.03


Tree=389
num_leaves=15
num_cat=0
split_feature=9 44 24 28 5 20 28 28 9 33 20 23 32 19
split_gain=171999 171399 467174 231508 216510 803632 431336 283973 513525 262204 261427 261143 232375 397378
threshold=0.98296291314453421 94.041666666666671 1592.9485015083874 956.16938154884815 275.50000000000006 8217.2625000000025 845.89756541590702 688.85042804581838 0.25881904510252057 7237.6250000000009 13896.172500000001 9819.2850000000017 2180.5597412251209 11631.223750000003
decision_type=2 2 2 2 2 2 2 2 2 2 2 2 2 2
left_child=1 4 3 -3 7 9 -7 8 -1 11 -8 -6 -9 -14
right_child=-2 2 -4 -5 5 6 10 12 -10 -11 -12 -13 13 -15
leaf_value=2.3540526485336679 -0.97605452651607572 -1.5537588054850948 -3.378219923400879 0.80301754307978357 2.5436813293695448 -1.5176763549992736 0.04530441389721155 -0.1585595110965401 -0.29630383260548115 3.3268376171177834 1.4952713885039768 -0.25128644806928324 -3.1001433032842782 0.3754955047910864
leaf_weight=111 173 58 49 102 59 141 736 2208 159 86 131 60 64 54
leaf_count=111 173 58 49 102 59 141 736 2208 159 86 131 60 64 54
internal_value=-0.0526223 -0.0126261 -0.847009 -0.055565 0.0333629 0.364084 0.0151191 -0.121244 0.797898 2.07149 0.265876 1.14398 -0.22824 -1.51968
internal_weight=4191 4018 209 160 3809 1213 1008 2596 270 205 867 119 2326 118
internal_count=4191 4018 209 160 3809 1213 1008 2596 270 205 867 119 2326 118
is_linear=0
shrinkage=0.03


Tree=390
num_leaves=13
num_cat=0
split_feature=45 35 45 43 7 44 36 40 43 42 52 47
split_gain=240356 254619 245437 216690 479676 252316 249727 236996 230704 222204 199024 263378
threshold=0.55000000000000016 74.232500000000087 0.45000000000000007 96.750000000000014 6.5000000000000009 94.041666666666671 700.81000000000006 27.995833333333341 95.583333333333357 90.500000000000014 39.083333333333336 0.21666666666666665
decision_type=2 2 2 2 2 2 2 2 2 2 2 2
left_child=2 10 3 5 -5 6 7 -1 -7 -8 11 -2
right_child=1 -3 -4 4 -6 8 9 -9 -10 -11 -12 -13
leaf_value=-0.10032112232338326 0.16735700706361045 -2.5351797369659925 2.0750189391049472 -0.74892580197407643 3.2114839282278287 -2.6521897014677527 0.3547813839413399 1.3376564529900239 0.012525649975086081 1.8819644485201155 0.70177703331489316 -2.5039556361380075
leaf_weight=2868 70 60 54 51 58 59 472 106 57 104 94 62
leaf_count=2868 70 60 54 51 58 59 472 106 57 104 94 62
internal_value=0.0226352 -0.814735 0.0853813 0.0563743 1.36835 0.0169992 0.062163 -0.0486309 -1.35376 0.633333 -0.348758 -1.09663
internal_weight=4115 286 3829 3775 109 3666 3550 2974 116 576 226 132
internal_count=4115 286 3829 3775 109 3666 3550 2974 116 576 226 132
is_linear=0
shrinkage=0.03


Tree=391
num_leaves=15
num_cat=0
split_feature=46 5 36 43 37 2 26 24 35 26 7 17 35 42
split_gain=296678 285783 366233 240615 278587 231174 575518 459405 445214 280032 373756 277715 341060 245862
threshold=1.0000000180025095e-35 275.50000000000006 334.1825000000004 74.083333333333357 20.550000000000004 5.5000000000000009 11712.375000000002 837.79035297856365 390.47249999999991 7867.0962500000005 5.5000000000000009 7618.1475 111.41749999999958 95.500000000000014
decision_type=2 2 2 2 2 2 2 2 2 2 2 2 2 2
left_child=5 -2 3 -3 -5 9 7 8 -7 10 -1 12 -11 -13
right_child=1 2 -4 4 -6 6 -8 -9 -10 11 -12 13 -14 -15
leaf_value=0.13239587043648335 -0.58249037511104684 1.7805688739309506 2.653558788864236 0.70770007215048136 -1.786999150930449 0.2344570571750236 -2.5150432047091034 2.3135192903098849 -2.9198120559178866 0.037004399412161819 3.4207737908120883 0.23831329549958749 -2.5212922295502254 1.458590580935804
leaf_weight=66 1023 48 56 75 85 178 94 68 51 142 58 1942 69 160
leaf_count=66 1023 48 56 75 85 178 94 68 51 142 58 1942 69 160
internal_value=0.0219651 -0.355463 0.523091 -0.0603773 -0.620383 0.1938 -0.482509 0.167015 -0.477597 0.302468 1.68569 0.227611 -0.807471 0.331855
internal_weight=4115 1287 264 208 160 2828 391 297 229 2437 124 2313 211 2102
internal_count=4115 1287 264 208 160 2828 391 297 229 2437 124 2313 211 2102
is_linear=0
shrinkage=0.03


Tree=392
num_leaves=15
num_cat=0
split_feature=46 33 19 36 43 39 52 51 37 33 23 2 9 20
split_gain=279075 320777 448350 286126 441615 303138 255426 249601 267284 240210 250875 233848 258420 243232
threshold=1.0000000180025095e-35 7962.2462500000011 13635.303750000001 669.56499999999971 63.083333333333336 25.591666666666669 14.875000000000002 27.750000000000004 22.450000000000003 9398.2000000000025 12011.370625 3.5000000000000004 -0.78656609248549303 10773.605000000003
decision_type=2 2 2 2 2 2 2 2 2 2 2 2 2 2
left_child=9 3 7 4 -2 6 -6 -3 -9 10 -1 12 -12 -14
right_child=1 2 -4 -5 5 -7 -8 8 -10 -11 11 -13 13 -15
leaf_value=0.24968769907141367 -3.4480121078131334 2.2324992613591879 -1.8919367725115555 0.59928933287881736 -2.4078046802374029 1.4536425474134542 -0.59387262108827787 1.6507446929124685 -1.4213598280906679 1.518971355633858 -1.3144316237851192 -1.6102221329212187 1.5070679534971714 -0.80658767017451205
leaf_weight=2317 52 106 51 156 77 58 687 51 49 116 94 129 107 65
leaf_count=2317 52 106 51 156 77 58 687 51 49 116 94 129 107 65
internal_value=0.0213259 -0.344734 0.601754 -0.581265 -0.792443 -0.620447 -0.779618 1.22535 0.146096 0.187985 0.13051 -0.56739 -0.0574624 0.633026
internal_weight=4115 1287 257 1030 874 822 764 206 100 2828 2712 395 266 172
internal_count=4115 1287 257 1030 874 822 764 206 100 2828 2712 395 266 172
is_linear=0
shrinkage=0.03


Tree=393
num_leaves=15
num_cat=0
split_feature=46 33 19 3 22 19 44 33 23 28 18 29 33 9
split_gain=262668 301921 422258 236416 348395 231302 277127 220316 249927 322320 320433 206200 200612 350108
threshold=1.0000000180025095e-35 7962.2462500000011 13635.303750000001 11.500000000000002 9996.7700000000023 6367.4412500000008 93.958333333333357 9398.2000000000025 11953.180208333337 1236.5122249250674 11982.848750000001 8469.0737500000014 6071.7412500000019 0.37940952255126048
decision_type=2 2 2 2 2 2 2 2 2 2 2 2 2 2
left_child=5 12 3 4 -3 -1 7 8 10 -10 -7 -5 13 -2
right_child=1 2 -4 11 -6 6 -8 -9 9 -11 -12 -13 -14 -15
leaf_value=2.1648123638446513 0.98174646696219081 0.36792122125625609 -1.8362701128079342 1.4268593662977218 3.8702307670646241 0.20865321110700746 -1.4739757578787596 1.4737917145398947 1.379134737280282 -0.91291218587931466 2.4323198882341384 -1.2239015938282014 -0.77311427315581926 -1.8609803399672875
leaf_weight=51 155 49 51 55 53 2107 91 116 65 339 59 49 824 51
leaf_count=51 155 49 51 55 53 2107 91 116 65 339 59 49 824 51
internal_value=0.0206547 -0.334481 0.583766 1.18895 2.2078 0.18234 0.14516 0.20055 0.142523 -0.54161 0.270325 0.178039 -0.563955 0.272302
internal_weight=4115 1287 257 206 102 2828 2777 2686 2570 404 2166 104 1030 206
internal_count=4115 1287 257 206 102 2828 2777 2686 2570 404 2166 104 1030 206
is_linear=0
shrinkage=0.03


Tree=394
num_leaves=15
num_cat=0
split_feature=46 33 45 36 43 39 31 52 2 18 24 35 26 0
split_gain=247177 284257 369729 267796 415361 285526 257672 240470 217828 752964 480723 460121 261525 349998
threshold=1.0000000180025095e-35 7962.2462500000011 0.35000000000000003 669.56499999999971 63.083333333333336 25.591666666666669 11232.169687500002 14.875000000000002 5.5000000000000009 10536.143750000001 837.79035297856365 377.66125000000108 7867.0962500000005 5.5000000000000009
decision_type=2 2 2 2 2 2 2 2 2 2 2 2 2 2
left_child=8 3 6 4 -2 7 -3 -6 12 10 11 -10 13 -1
right_child=1 2 -4 -5 5 -7 -8 -9 9 -11 -12 -13 -14 -15
leaf_value=0.11620017944876827 -3.3267475942395763 2.0908628196746872 -1.5007726182937622 0.59497409105300902 -2.3188382756710051 1.4282189500129827 -0.10100326586290297 -0.55891437887027318 0.31413023776034027 -2.8539610043103281 2.1912964052464585 -2.8363025469226497 0.21007799109680675 3.2981582829103631
leaf_weight=66 52 116 59 156 77 58 82 687 163 91 82 55 2313 58
leaf_count=66 52 116 59 156 77 58 82 687 163 91 82 55 2313 58
internal_value=0.0200806 -0.324424 0.566556 -0.547085 -0.751394 -0.584614 1.1871 -0.739108 0.176926 -0.47956 0.247714 -0.489957 0.282415 1.61913
internal_weight=4115 1287 257 1030 874 822 198 764 2828 391 300 218 2437 124
internal_count=4115 1287 257 1030 874 822 198 764 2828 391 300 218 2437 124
is_linear=0
shrinkage=0.03


Tree=395
num_leaves=15
num_cat=0
split_feature=53 24 22 33 8 20 19 21 17 26 24 35 5 28
split_gain=285836 406070 259598 253893 351688 320831 343191 299843 283731 381436 389719 328550 311247 280659
threshold=1.0000000180025095e-35 924.96221450072596 9309.2750000000033 6552.8150000000005 -0.60355339059327384 6777.2100000000019 6367.4412500000008 9195.1975000000002 8462.1225000000031 9827.7425000000021 561.90048683196903 591.33875000000091 152.50000000000003 1089.1552139688486
decision_type=2 2 2 2 2 2 2 2 2 2 2 2 2 2
left_child=3 2 -2 4 7 -6 -7 -1 11 10 -10 12 -5 -8
right_child=1 -3 -4 8 5 6 13 -9 9 -11 -12 -13 -14 -15
leaf_value=0.88847542693963943 -0.98774053717652954 1.0164830440741319 -3.8468554232071859 -2.3974908595974163 -1.4229171937353471 2.0483748964510466 -0.50830524061678151 3.4093719026392155 0.56404040776734998 -0.064890931807508906 3.4350184334224125 -2.128713614555922 -0.094738699953407918 1.0606044709904592
leaf_weight=192 71 51 48 58 101 94 282 54 219 2212 52 109 506 160
leaf_count=192 71 51 48 58 101 94 282 54 219 2212 52 109 506 160
internal_value=-0.00772011 -1.2091 -2.16357 0.0431286 0.492501 0.119671 0.412481 1.45347 -0.0827104 0.0654353 1.12559 -0.628595 -0.335397 0.0607041
internal_weight=4209 170 119 4039 883 637 536 246 3156 2483 271 673 564 442
internal_count=4209 170 119 4039 883 637 536 246 3156 2483 271 673 564 442
is_linear=0
shrinkage=0.03


Tree=396
num_leaves=15
num_cat=0
split_feature=53 24 22 33 8 20 21 40 17 26 24 35 14 35
split_gain=269256 382518 244598 239053 331143 302061 282520 279604 267164 359169 367178 309291 293171 241093
threshold=1.0000000180025095e-35 924.96221450072596 9309.2750000000033 6552.8150000000005 -0.60355339059327384 6777.2100000000019 9195.1975000000002 20.245833333333337 8462.1225000000031 9827.7425000000021 561.90048683196903 591.33875000000091 0.49998158062385517 -292.92999999999978
decision_type=2 2 2 2 2 2 2 2 2 2 2 2 2 2
left_child=3 2 -2 4 6 13 -1 -7 11 10 -10 12 -5 -6
right_child=1 -3 -4 8 5 7 -8 -9 9 -11 -12 -13 -14 -15
leaf_value=0.86195926153443636 -0.95851990391810737 0.98657497094227709 -3.7338049156811772 -0.091902147885963043 0.162760516770032 2.3126099250648839 3.3089504106695 0.15482450720555377 0.54719610813768071 -0.062945093461764759 3.3339122187866352 -2.0654327442754399 -2.3267851961265178 -2.7558589458465574
leaf_weight=192 71 51 48 506 48 60 54 476 219 2212 52 109 58 53
leaf_count=192 71 51 48 506 48 60 54 476 219 2212 52 109 58 53
internal_value=-0.00748159 -1.1735 -2.09987 0.0418702 0.477913 0.116135 1.41039 0.400252 -0.0802358 0.0635197 1.09226 -0.609944 -0.325469 -1.38065
internal_weight=4209 170 119 4039 883 637 246 536 3156 2483 271 673 564 101
internal_count=4209 170 119 4039 883 637 246 536 3156 2483 271 673 564 101
is_linear=0
shrinkage=0.03


Tree=397
num_leaves=15
num_cat=0
split_feature=53 24 33 8 8 33 24 17 35 26 24 48 5 19
split_gain=253633 360332 226058 306963 447473 419045 306241 299441 364768 347670 440342 277448 275896 256288
threshold=1.0000000180025095e-35 924.96221450072596 6517.232500000001 -0.60355339059327384 0.91597561503675362 5265.7787500000004 410.65837660113641 8462.1225000000031 591.33875000000091 9827.7425000000021 561.90048683196903 0.23333333333333314 152.50000000000003 7860.3950000000004
decision_type=2 2 2 2 2 2 2 2 2 2 2 2 2 2
left_child=2 -2 3 11 5 -5 -7 8 12 10 -9 -1 -4 -14
right_child=1 -3 7 4 -6 6 -8 9 -10 -11 -12 -13 13 -15
leaf_value=2.6655793634778573 -2.0380545681715012 0.9575469039036677 -2.2581647094629576 -2.5748544681658507 1.9449708007349826 -1.7306417318752834 0.43949761334368409 0.4793448166283113 -2.1502779142443949 -0.043549969830419089 3.4580642721482686 0.52024126210878063 1.6393836152364514 -0.34716955716823383
leaf_weight=94 119 51 58 60 100 69 356 223 116 2257 55 128 66 457
leaf_count=94 119 51 58 60 100 69 356 223 116 2257 55 128 66 457
internal_value=-0.00725926 -1.13894 0.0406393 0.489465 0.128185 -0.24961 0.0838984 -0.0715404 -0.621768 0.0799247 1.079 1.43657 -0.313396 -0.0937976
internal_weight=4209 170 4039 807 585 485 425 3232 697 2535 278 222 581 523
internal_count=4209 170 4039 807 585 485 425 3232 697 2535 278 222 581 523
is_linear=0
shrinkage=0.03


Tree=398
num_leaves=15
num_cat=0
split_feature=37 52 37 35 36 37 21 28 47 21 24 19 33 24
split_gain=188072 275726 212596 224739 208938 280290 267896 194112 184512 351453 293496 238726 208641 446980
threshold=29.250000000000004 2.7916666666666674 27.950000000000003 -208.01124999999954 1112.9949999999997 26.450000000000003 9577.5287500000031 1084.693450840444 0.29999999999999982 10871.8925 837.79035297856365 10863.610000000001 8258.3100000000031 1304.7981931323523
decision_type=2 2 2 2 2 2 2 2 2 2 2 2 2 2
left_child=2 -2 4 -4 8 6 7 -6 12 11 -11 -10 13 -1
right_child=1 -3 3 -5 5 -7 -8 -9 9 10 -12 -13 -14 -15
leaf_value=-0.11130701142727438 -0.19886923202913101 2.4828955139355227 -0.18346664695770709 -2.7175377886825136 0.70418751242160793 2.7848509860497255 1.9307582183251013 -1.4550188361644745 0.48847668786942955 3.6954732883463097 0.38553179740905763 -0.90488968828437377 0.31816972745194894 -1.2309155203983264
leaf_weight=2009 72 65 76 53 74 51 64 74 399 48 48 152 643 381
leaf_count=2009 72 65 76 53 74 51 64 74 399 48 48 152 643 381
internal_value=-0.00703441 1.08216 -0.0439402 -1.23761 -0.00458026 0.81066 0.324821 -0.377835 -0.0630518 0.396492 2.06169 0.10313 -0.161185 -0.290235
internal_weight=4209 137 4072 129 3943 263 212 148 3680 647 96 551 3033 2390
internal_count=4209 137 4072 129 3943 263 212 148 3680 647 96 551 3033 2390
is_linear=0
shrinkage=0.03


Tree=399
num_leaves=15
num_cat=0
split_feature=53 24 22 33 8 8 33 24 48 39 28 15 32 24
split_gain=239973 340318 231661 214165 285905 418976 392638 289206 262625 200718 177808 301132 306076 233938
threshold=1.0000000180025095e-35 924.96221450072596 9309.2750000000033 6517.232500000001 -0.60355339059327384 0.91597561503675362 5265.7787500000004 410.65837660113641 0.23333333333333314 19.991666666666671 1640.2489989238027 -0.98933596577443683 1734.1740405187302 1323.3892680655215
decision_type=2 2 2 2 2 2 2 2 2 2 2 2 2 2
left_child=3 2 -2 4 8 6 -6 -8 -1 -7 13 -12 -13 -5
right_child=1 -3 -4 10 5 9 7 -9 -10 -11 11 12 -14 -15
leaf_value=2.5864240906364038 -0.87174042741457625 0.92987003748233499 -3.5710587384749433 -0.10335256201734919 -2.488369402768182 3.2378716215133667 -1.6781183649812426 0.43079877651539167 0.49926244462991876 0.54951436077172944 -1.5871547641903161 1.5003638697740782 0.13663581811269623 -1.0204719689230604
leaf_weight=94 71 51 48 1873 60 49 69 356 128 51 74 180 817 288
leaf_count=94 71 51 48 1873 60 49 69 356 128 51 74 180 817 288
internal_value=-0.00678049 -1.10757 -1.98135 0.0398102 0.476671 0.127994 -0.23758 0.0852391 1.39072 1.88597 -0.0693788 0.246546 0.384117 -0.226001
internal_weight=4209 170 119 4039 807 585 485 425 222 100 3232 1071 997 2161
internal_count=4209 170 119 4039 807 585 485 425 222 100 3232 1071 997 2161
is_linear=0
shrinkage=0.03


Tree=400
num_leaves=15
num_cat=0
split_feature=44 43 3 16 25 3 24 28 35 17 31 9 21 9
split_gain=261327 299642 318081 351456 486131 298625 446349 470737 289642 327109 506704 382484 272049 383545
threshold=41.791666666666679 61.750000000000007 2.5000000000000004 9633.4350000000013 10767.595000000003 7.5000000000000009 709.42255576063951 925.77187854674833 -20.421249999999414 9444.7675000000017 11016.273072916671 0.25881904510252057 10962.120000000001 -0.12940952255126037
decision_type=2 2 2 2 2 2 2 2 2 2 2 2 2 2
left_child=-1 2 -2 -4 -5 6 12 -8 -7 11 -11 -10 13 -3
right_child=1 5 3 4 -6 8 7 -9 9 10 -12 -13 -14 -15
leaf_value=1.8426587698540904 -2.7450958080291747 -2.8631490635871883 1.1212837644304547 -2.224945486041964 -0.12975517678299134 0.1760950533805038 4.0259156933609326 0.87973235701933972 0.51616689311088737 -1.6896162493500793 0.29734716340133122 -0.90758555044071232 1.8285376465320586 -0.044677760512141854
leaf_weight=65 59 50 104 146 310 1516 48 348 443 341 174 274 53 294
leaf_count=65 59 50 104 146 310 1516 48 348 443 341 174 274 53 294
internal_value=-0.0302873 -0.0599915 -0.668398 -0.445073 -0.804017 0.0465181 0.558989 1.27031 -0.101511 -0.442989 -1.01899 -0.0284024 -0.151908 -0.461494
internal_weight=4225 4160 619 560 456 3541 793 396 2748 1232 515 717 397 344
internal_count=4225 4160 619 560 456 3541 793 396 2748 1232 515 717 397 344
is_linear=0
shrinkage=0.03


Tree=401
num_leaves=15
num_cat=0
split_feature=44 43 3 16 25 3 24 30 35 39 5 37 21 9
split_gain=246109 282106 299633 330854 457598 281118 420247 546977 272566 307601 383269 286585 256264 361321
threshold=41.791666666666679 61.750000000000007 2.5000000000000004 9633.4350000000013 10767.595000000003 7.5000000000000009 709.42255576063951 10827.612500000003 -20.421249999999414 19.841666666666672 237.50000000000003 24.150000000000002 10962.120000000001 -0.12940952255126037
decision_type=2 2 2 2 2 2 2 2 2 2 2 2 2 2
left_child=-1 2 -2 -4 -5 6 12 -8 -7 10 -10 -11 13 -3
right_child=1 5 3 4 -6 8 7 -9 9 11 -12 -13 -14 -15
leaf_value=1.7882166160236703 -2.6641155047416687 -2.778938827725018 1.0879656250817433 -2.1586511820433092 -0.12587504188634957 0.170815682690652 3.7741010389477014 0.74183315174308362 2.4266325628757479 -0.35677954992719668 -0.16248043755308175 -1.509132726130926 1.7746973416540357 -0.043341972027794787
leaf_weight=65 59 50 104 146 310 1516 63 333 65 659 233 275 53 294
leaf_count=65 59 50 104 146 310 1516 63 333 65 659 233 275 53 294
internal_value=-0.0293779 -0.0582043 -0.648539 -0.431787 -0.780052 0.0451415 0.542364 1.23257 -0.0984832 -0.429743 0.408436 -0.697337 -0.147432 -0.447904
internal_weight=4225 4160 619 560 456 3541 793 396 2748 1232 298 934 397 344
internal_count=4225 4160 619 560 456 3541 793 396 2748 1232 298 934 397 344
is_linear=0
shrinkage=0.03


Tree=402
num_leaves=15
num_cat=0
split_feature=44 43 9 0 16 20 44 50 3 21 38 52 35 38
split_gain=231774 265608 288474 677915 421278 308715 406345 301440 264610 353168 316705 301825 258304 438023
threshold=41.791666666666679 61.750000000000007 -0.5 17.500000000000004 9633.4350000000013 8217.2625000000025 73.375000000000014 2.5000000000000004 7.5000000000000009 9577.5287500000031 26.550000000000004 2.7083333333333335 535.07624999999928 21.350000000000005
decision_type=2 2 2 2 2 2 2 2 2 2 2 2 2 2
left_child=-1 2 5 -4 -5 6 -2 -6 9 11 -11 -3 -10 -14
right_child=1 8 3 4 7 -7 -8 -9 12 10 -12 -13 13 -15
leaf_value=1.735382941392335 2.9224438621884299 2.0913416126066324 -3.0280612807514284 1.5241759741902352 -2.5044044231749201 -0.78963759835730207 -0.66867844593066428 0.032901296469759436 0.053510027841046533 1.5506354527975001 -0.62702534282529665 -0.42441536906826705 0.050425240050662651 -1.6288337658621646
leaf_weight=65 62 48 118 79 76 140 51 93 2177 327 73 345 329 242
leaf_count=65 62 48 118 79 76 140 51 93 2177 327 73 345 329 242
internal_value=-0.0284826 -0.056457 -0.629271 -1.16658 -0.272218 0.149503 1.30989 -1.11607 0.0438213 0.526224 1.1526 -0.112581 -0.0955225 -0.662852
internal_weight=4225 4160 619 366 248 253 113 169 3541 793 400 393 2748 571
internal_count=4225 4160 619 366 248 253 113 169 3541 793 400 393 2748 571
is_linear=0
shrinkage=0.03


Tree=403
num_leaves=15
num_cat=0
split_feature=40 36 11 28 16 18 35 42 17 18 47 22 39 33
split_gain=193675 376903 465441 382750 471158 529288 246751 334707 652937 414046 276387 342619 249077 476743
threshold=20.279166666666672 -769.44875000000081 0.81174490092936691 1020.2385329150521 8874.3237500000014 8584.1987500000014 434.97875000000028 87.500000000000014 8521.9850000000024 8462.1225000000031 0.016666666666666431 11771.266250000002 21.025000000000006 8325.822500000002
decision_type=2 2 2 2 2 2 2 2 2 2 2 2 2 2
left_child=1 -1 3 -3 -5 -6 -2 10 -9 -10 12 -12 -8 -14
right_child=6 2 -4 4 5 -7 7 8 9 -11 11 -13 13 -15
leaf_value=2.834892173964402 0.01436956728757259 -2.6041958660549587 2.369735911687215 2.8109766567604879 -3.164656433037349 0.50279222186654804 -0.53026200925981681 -1.0188777240957183 3.7428595987955728 0.23166557693481443 1.4873940197492048 -1.7596466979127505 -4.4165710770244324 -0.85835709806698468
leaf_weight=57 3182 53 71 48 48 127 73 193 53 69 58 57 70 66
leaf_count=57 3182 53 71 48 48 127 73 193 53 69 58 57 70 66
internal_value=-0.0276258 0.596198 0.221326 -0.33785 0.209942 -0.515317 -0.0937263 -0.631212 0.0654074 1.77517 -1.30664 -0.123175 -1.95408 -2.70877
internal_weight=4225 404 347 276 223 175 3821 639 315 122 324 115 209 136
internal_count=4225 404 347 276 223 175 3821 639 315 122 324 115 209 136
is_linear=0
shrinkage=0.03


Tree=404
num_leaves=15
num_cat=0
split_feature=44 43 3 29 14 52 41 3 21 38 52 22 36 35
split_gain=217958 251418 283377 338194 342567 291701 280655 249248 334622 295787 283290 272963 247984 241074
threshold=41.791666666666679 61.750000000000007 2.5000000000000004 8122.6737500000008 -0.88664765382614386 0.62500000000000011 39.500000000000007 7.5000000000000009 9577.5287500000031 26.550000000000004 2.7083333333333335 8002.71 -143.40374999999992 -20.421249999999414
decision_type=2 2 2 2 2 2 2 2 2 2 2 2 2 2
left_child=-1 2 -2 4 -4 -5 -7 8 10 12 -3 -12 -10 -9
right_child=1 7 3 5 -6 6 -8 13 9 -11 11 -13 -14 -15
leaf_value=1.6836856891892171 -2.5713062595129013 2.0252031049679737 -1.0355985484033259 -2.8623223350210623 2.0210426911914894 1.4211817829859883 -0.86927472303406539 0.16165946157994798 2.6385007875059783 -0.59838673585170021 0.30639906599450467 -1.3985132761687449 0.89872918922956602 -0.40313947262301347
leaf_weight=65 59 48 52 54 87 56 311 1516 113 73 200 145 214 1232
leaf_count=65 59 48 52 54 87 56 311 1516 113 73 200 145 214 1232
internal_value=-0.0267994 -0.0539275 -0.61123 -0.40048 0.878215 -0.823777 -0.516824 0.0436349 0.511824 1.12153 -0.109979 -0.412086 1.50619 -0.0916037
internal_weight=4225 4160 619 560 139 421 367 3541 793 400 393 345 327 2748
internal_count=4225 4160 619 560 139 421 367 3541 793 400 393 345 327 2748
is_linear=0
shrinkage=0.03


Tree=405
num_leaves=11
num_cat=0
split_feature=39 39 33 29 20 22 3 8 28 20
split_gain=188737 226278 182271 198054 402586 352835 228892 214784 385723 368328
threshold=17.433333333333337 18.408333333333339 9606.8950000000023 8625.621250000002 9322.5387500000015 10886.951250000002 2.5000000000000004 -0.60355339059327384 1494.6261379798241 7234.263750000001
decision_type=2 2 2 2 2 2 2 2 2 2
left_child=-1 -2 3 7 5 -5 -6 8 -3 -9
right_child=1 2 -4 4 6 -7 -8 9 -10 -11
leaf_value=1.5920344771090007 -1.973863390185616 -0.054424009224196442 1.3722405194353173 -3.8732977937493054 -1.9355619909579937 -0.4344111146059903 -0.087868594987064425 -1.2620259784836814 1.5074144092881225 0.049251204433731023
leaf_weight=62 54 356 80 53 64 54 844 211 236 2127
leaf_count=62 54 356 80 53 64 54 844 211 236 2127
internal_value=-0.0374624 -0.0626182 -0.036489 -0.0654007 -0.426335 -2.15802 -0.220105 0.0597304 0.569668 -0.0695716
internal_weight=4141 4079 4025 3945 1015 107 908 2930 592 2338
internal_count=4141 4079 4025 3945 1015 107 908 2930 592 2338
is_linear=0
shrinkage=0.03


Tree=406
num_leaves=11
num_cat=0
split_feature=5 46 41 3 35 2 8 5 8 30
split_gain=242263 181075 258917 207864 173791 455484 354235 331352 266606 255216
threshold=121.50000000000001 1.4500000000000002 88.500000000000014 30.500000000000004 521.0212500000008 4.5000000000000009 0.91597561503675362 206.50000000000003 0.98296291314453421 8674.7050000000036
decision_type=2 2 2 2 2 2 2 2 2 2
left_child=-1 3 -3 4 8 6 -6 -7 9 -2
right_child=1 2 -4 -5 5 7 -8 -9 -10 -11
leaf_value=-2.1119722841262814 -1.3895382155726062 -2.6498588605437958 0.12159939808632009 1.5990694933968621 -0.5141275804539811 -3.2576626628637313 1.1322505665279134 -0.73290891988434059 1.9915485775103936 0.10150151777690491
leaf_weight=49 106 55 66 73 342 71 178 136 64 3001
leaf_count=49 106 55 66 73 342 71 178 136 64 3001
internal_value=-0.0363756 -0.0110077 -1.14943 0.0239579 -0.00593883 -0.423967 0.0505031 -1.61046 0.0899993 0.0501969
internal_weight=4141 4092 121 3971 3898 727 520 207 3171 3107
internal_count=4141 4092 121 3971 3898 727 520 207 3171 3107
is_linear=0
shrinkage=0.03


Tree=407
num_leaves=9
num_cat=0
split_feature=5 33 39 39 22 20 22 24
split_gain=228223 252992 180911 209826 175508 301573 277874 123544
threshold=121.50000000000001 9398.2000000000025 17.433333333333337 18.408333333333339 14031.265000000001 8418.3262500000001 13125.268750000001 816.60965846202146
decision_type=2 2 2 2 2 2 2 2
left_child=-1 2 -2 -4 6 -6 -5 -3
right_child=1 7 3 4 5 -7 -8 -9
leaf_value=-2.0498803012847899 1.546691267490387 0.44379930496215819 -1.913746267448772 -0.059857191743434957 0.7162038767914618 -1.8879038214056114 1.1996437194130638 2.5540353540498382
leaf_weight=49 62 52 54 3538 61 113 164 48
leaf_count=49 62 52 54 3538 61 113 164 48
internal_value=-0.0353257 -0.0107037 -0.0482117 -0.0737639 -0.0476386 -0.976008 -0.00374788 1.47212
internal_weight=4141 4092 3992 3930 3876 174 3702 100
internal_count=4141 4092 3992 3930 3876 174 3702 100
is_linear=0
shrinkage=0.03


Tree=408
num_leaves=9
num_cat=0
split_feature=5 33 39 39 40 35 28 52
split_gain=215006 238330 170382 197652 188664 712379 315844 71367.5
threshold=121.50000000000001 9398.2000000000025 17.433333333333337 18.408333333333339 21.262500000000006 778.28249999999946 816.15690464603301 2.2083333333333335
decision_type=2 2 2 2 2 2 2 2
left_child=-1 2 -2 -4 6 -6 -5 -3
right_child=1 7 3 4 5 -7 -8 -9
leaf_value=-1.9896138150215148 1.5010270491100492 0.57624133119777754 -1.8573777642358433 1.920117021203041 -0.095170583823507682 -3.0778876045467078 0.13055987201560112 2.1898704037576353
leaf_weight=49 62 48 54 97 2762 73 944 52
leaf_count=49 62 48 54 97 2762 73 944 52
internal_value=-0.0342618 -0.0103632 -0.0467682 -0.0715658 -0.0462096 -0.173038 0.299007 1.42885
internal_weight=4141 4092 3992 3930 3876 2835 1041 100
internal_count=4141 4092 3992 3930 3876 2835 1041 100
is_linear=0
shrinkage=0.03


Tree=409
num_leaves=9
num_cat=0
split_feature=14 33 39 39 40 35 24 24
split_gain=202553 224507 160467 186184 177586 670855 426232 116741
threshold=0.87025318080773928 9398.2000000000025 17.433333333333337 18.408333333333339 21.262500000000006 778.28249999999946 1304.7981931323523 816.60965846202146
decision_type=2 2 2 2 2 2 2 2
left_child=1 2 -1 -4 6 -6 -5 -3
right_child=-2 7 3 4 5 -7 -8 -9
leaf_value=1.4567109861828031 -1.9311191682592035 0.3882009434250166 -1.802669570641084 0.81304025331892105 -0.092316496402356896 -2.9867988147526172 -0.4132640764403544 2.43833311090664
leaf_weight=62 49 52 54 597 2762 73 444 48
leaf_count=62 49 52 54 597 2762 73 444 48
internal_value=-0.0332388 -0.0100425 -0.0453762 -0.0694416 -0.0448318 -0.16788 0.290097 1.38681
internal_weight=4141 4092 3992 3930 3876 2835 1041 100
internal_count=4141 4092 3992 3930 3876 2835 1041 100
is_linear=0
shrinkage=0.03


Tree=410
num_leaves=15
num_cat=0
split_feature=36 34 22 40 32 0 41 33 21 52 35 31 17 52
split_gain=198423 187697 317463 393262 237044 202195 147137 252799 305421 319953 243451 241723 355658 255921
threshold=-1866.5574999999997 10386.410000000002 6922.5437500000007 20.520833333333339 1139.4094788311866 15.500000000000002 95.500000000000014 7284.6374999999998 9195.1975000000002 42.583333333333336 -95.097500000000295 9486.5501562500012 9299.7200000000012 9.2083333333333339
decision_type=2 2 2 2 2 2 2 2 2 2 2 2 2 2
left_child=-1 2 -2 -4 5 -5 7 8 10 -10 -3 12 -9 -13
right_child=1 6 3 4 -6 -7 -8 11 9 -11 -12 13 -14 -15
leaf_value=-1.8176705006686125 -1.2168545476154045 -0.65554741328479327 3.3336514198780058 -1.0000098004462197 1.2544095197215677 0.85819324003572162 0.39384936052882025 -0.31134687816395473 -0.34132105761111686 1.825582681928362 -2.1481572080644926 -0.37363543075970851 3.2609564475059512 0.31685409634026335
leaf_weight=54 80 325 49 119 199 93 500 50 494 69 141 1002 49 931
leaf_count=54 80 325 49 119 199 93 500 50 494 69 141 1002 49 931
internal_value=-0.0277128 -0.00370242 0.516947 0.820496 0.513473 -0.184582 -0.0827823 -0.160746 -0.543616 -0.0729577 -1.11084 0.0333034 1.47154 -0.041072
internal_weight=4155 4101 540 460 411 212 3561 3061 1029 563 466 2032 99 1933
internal_count=4155 4101 540 460 411 212 3561 3061 1029 563 466 2032 99 1933
is_linear=0
shrinkage=0.03


Tree=411
num_leaves=15
num_cat=0
split_feature=36 34 8 8 26 44 0 2 41 27 35 41 24 47
split_gain=186914 176703 383208 468975 241762 150349 471147 284463 255691 249282 234592 210746 264137 125010
threshold=-1866.5574999999997 10386.410000000002 0.91597561503675362 -0.9159756150367534 7779.6575000000012 64.458333333333357 21.500000000000004 2.5000000000000004 85.500000000000014 10488.301458333335 -924.07125000000212 45.500000000000007 2003.2885875299305 0.3499999999999997
decision_type=2 2 2 2 2 2 2 2 2 2 2 2 2 2
left_child=-1 2 3 -2 -5 6 8 -8 9 -3 -7 -12 -13 -6
right_child=1 5 -4 4 13 10 7 -9 -10 -11 11 12 -14 -15
leaf_value=-1.7641318161704322 2.5999891282830916 -3.0892051219940186 2.5560244831232959 -1.9932957377559262 0.36943340006491021 1.8464107383470065 -0.36944045677185061 2.7535792202289615 0.99618023548884826 -0.89717145723491409 1.3959699057737984 -0.026218551516993226 -1.6778393421570459 -1.1234114545876861
leaf_weight=54 62 53 70 56 292 60 49 55 54 361 89 2751 89 60
leaf_count=54 62 53 70 56 292 60 49 55 54 361 89 2751 89 60
internal_value=-0.026857 -0.00355324 0.501618 0.190833 -0.180689 -0.0802823 -0.525436 1.29251 -0.93135 -1.1846 0.00504828 -0.0332839 -0.0785547 0.112467
internal_weight=4155 4101 540 470 408 3561 572 104 468 414 2989 2929 2840 352
internal_count=4155 4101 540 470 408 3561 572 104 468 414 2989 2929 2840 352
is_linear=0
shrinkage=0.03


Tree=412
num_leaves=15
num_cat=0
split_feature=36 34 9 9 33 33 32 36 25 25 44 0 44 35
split_gain=176071 166334 337578 863813 380240 283777 237181 262938 156240 258649 141489 443659 251927 220948
threshold=-1866.5574999999997 10386.410000000002 0.25881904510252057 -0.37940952255126026 5265.7787500000004 5947.2050000000008 1139.4094788311866 334.1825000000004 7475.3375000000015 6759.9237500000008 64.458333333333357 21.500000000000004 56.541666666666679 -924.07125000000212
decision_type=2 2 2 2 2 2 2 2 2 2 2 2 2 2
left_child=-1 2 3 6 -4 -5 -2 -8 9 -6 11 -3 -13 -12
right_child=1 10 4 5 8 -7 7 -9 -10 -11 13 12 -14 -15
leaf_value=-1.7121701431274414 -1.4571392174650515 -0.90360093906871297 -2.6620098014831539 4.8768385861954595 -0.25578258616168326 1.7632400988277634 2.0827863633248116 -0.79838540931917579 -0.95371302092533838 2.3790593282799968 1.7919264672916444 2.7381020698180563 -0.19728189104133181 -0.032288489975842549
leaf_weight=54 69 468 49 52 81 56 61 52 64 56 60 51 53 2929
leaf_count=54 69 468 49 52 81 56 61 52 64 56 60 51 53 2929
internal_value=-0.0260399 -0.00342209 0.486703 1.18143 -0.320616 3.29351 -0.0829586 0.761433 0.26045 0.830559 -0.077866 -0.509705 1.25441 0.00491212
internal_weight=4155 4101 540 290 250 108 182 113 201 137 3561 572 104 2989
internal_count=4155 4101 540 290 250 108 182 113 201 137 3561 572 104 2989
is_linear=0
shrinkage=0.03


Tree=413
num_leaves=11
num_cat=0
split_feature=29 32 52 32 19 29 23 26 26 23
split_gain=168337 246411 240835 217291 139169 241213 218684 183299 177209 94038.8
threshold=9893.626250000003 1816.9530968381748 2.2083333333333335 2147.6531856050356 5864.036250000001 5362.9550000000008 6669.4275000000007 7583.9725000000008 8110.170000000001 11657.261666666667
decision_type=2 2 2 2 2 2 2 2 2 2
left_child=4 -2 -3 9 -1 -6 -7 -8 -9 -4
right_child=1 2 3 -5 5 6 7 8 -10 -11
leaf_value=1.6042806278228758 -2.3915006986211558 -1.7045471684749309 0.037488367314241371 -0.90942530518507259 -1.9611148963841523 1.6547987901197898 -1.665573831981626 1.0807981170543604 -0.008018778251224901 1.7481723329465684
leaf_weight=49 60 77 48 84 54 73 57 139 3442 72
leaf_count=49 60 77 48 84 54 73 57 139 3442 72
internal_value=-0.0252108 -0.662818 -0.28648 0.254402 0.0319509 0.0110631 0.0402855 0.0074388 0.0345305 1.06999
internal_weight=4155 341 281 204 3814 3765 3711 3638 3581 120
internal_count=4155 341 281 204 3814 3765 3711 3638 3581 120
is_linear=0
shrinkage=0.03


Tree=414
num_leaves=15
num_cat=0
split_feature=36 34 8 23 23 28 47 34 8 44 7 2 2 44
split_gain=166148 154895 315532 357638 285021 153339 243305 217455 150680 147817 411332 263377 258748 249588
threshold=-1866.5574999999997 9999.8875000000025 0.91597561503675362 6669.4275000000007 8262.7333333333354 629.11482286546266 0.049999999999999843 11905.851250000002 -0.60355339059327384 64.458333333333357 21.500000000000004 2.5000000000000004 1.5000000000000002 66.708333333333357
decision_type=2 2 2 2 2 2 2 2 2 2 2 2 2 2
left_child=-1 2 3 -2 8 6 7 -3 -5 10 12 -12 -7 -11
right_child=1 5 -4 4 -6 9 -8 -9 -10 13 11 -13 -14 -15
leaf_value=-1.6624022106690839 -2.1632628520488737 -3.1800191951697725 2.528311533043619 2.5417811704576017 -0.4731746496187223 0.21141785734956212 0.59894005759008995 -0.439200080745625 0.73768544897227217 1.3601962844170923 -0.38154725317955018 2.6230845048385003 -1.3472027426098401 0.00053205580346230637
leaf_weight=54 49 52 60 59 142 138 57 52 141 126 49 55 311 2810
leaf_count=54 49 52 60 59 142 138 57 52 141 126 49 55 311 2810
internal_value=-0.0244727 -0.00250153 0.521367 0.207694 0.552753 -0.0673608 -0.96963 -1.82699 1.27997 -0.0254554 -0.474927 1.21715 -0.868723 0.0593311
internal_weight=4155 4101 451 391 342 3650 161 104 200 3489 553 104 449 2936
internal_count=4155 4101 451 391 342 3650 161 104 200 3489 553 104 449 2936
is_linear=0
shrinkage=0.03


Tree=415
num_leaves=15
num_cat=0
split_feature=21 16 33 16 15 2 33 3 17 18 7 24 36 37
split_gain=226312 464053 545597 398779 385862 328418 380316 362157 315961 301794 320870 303363 279402 405823
threshold=10112.025000000003 12782.262500000003 7758.4375 9548.5087500000027 -0.96011450294824408 1.0000000180025095e-35 8258.3100000000031 14.500000000000002 12130.622500000001 12127.266250000002 18.500000000000004 1006.9372850379632 1049.3825000000008 25.950000000000003
decision_type=2 2 2 2 2 2 2 2 2 2 2 2 2 2
left_child=3 8 -3 4 -1 -4 7 -7 9 10 11 -2 -5 -14
right_child=1 2 5 12 -6 6 -8 -9 -10 -11 -12 -13 13 -15
leaf_value=0.98342020240887795 0.84037796432539913 -3.3161352187708806 2.1197937556918784 -1.4322913630404279 -0.21215183202662616 -0.41666834138858488 0.14063155234993799 -3.6768551898219366 1.5718946728358667 -1.4744743374933171 2.4903435219251193 -0.29481849428885626 -1.0292819070366193 2.1097401628996195
leaf_weight=283 446 56 48 362 1680 70 275 54 215 78 64 402 105 56
leaf_count=283 446 56 48 362 1680 70 275 54 215 78 64 402 105 56
internal_value=-0.0530387 0.212753 -0.551877 -0.235668 -0.0393691 -0.198909 -0.48249 -1.8546 0.532135 0.304956 0.458608 0.3025 -0.970936 0.0687426
internal_weight=4194 1708 503 2486 1963 447 399 124 1205 990 912 848 523 161
internal_count=4194 1708 503 2486 1963 447 399 124 1205 990 912 848 523 161
is_linear=0
shrinkage=0.03


Tree=416
num_leaves=15
num_cat=0
split_feature=21 28 16 15 16 33 17 2 33 45 44 42 16 16
split_gain=212898 492501 375238 363125 323321 513903 406445 309399 358210 278584 617683 272591 265270 369341
threshold=10112.025000000003 688.85042804581838 9548.5087500000027 -0.96011450294824408 12782.262500000003 7758.4375 12130.622500000001 1.0000000180025095e-35 8258.3100000000031 0.25000000000000006 82.958333333333357 80.500000000000014 10864.188750000001 10238.503750000002
decision_type=2 2 2 2 2 2 2 2 2 2 2 2 2 2
left_child=2 -2 3 -1 6 -6 9 -7 -9 11 -11 -3 13 -4
right_child=1 4 12 -5 5 7 -8 8 -10 10 -12 -13 -14 -15
leaf_value=0.95402148680289234 2.5670629620552061 0.36429517416999885 -0.63628923479873345 -0.20579106356195134 -3.2183964892437582 2.0574977406464061 1.5518601882194365 -1.7999518334805966 0.13642788261084049 -0.63772502161207645 3.6416134949053744 -0.7616176616495306 0.63015170835867151 -2.4992531709563224
leaf_weight=283 75 467 302 1680 56 48 214 124 275 62 58 329 81 140
leaf_count=283 75 467 302 1680 56 48 214 124 275 62 58 329 81 140
internal_value=-0.0514589 0.206334 -0.228593 -0.038176 0.0963976 -0.535627 0.377971 -0.193064 -0.468312 0.102312 1.4435 -0.101416 -0.941828 -1.23071
internal_weight=4194 1708 2486 1963 1633 503 1130 447 399 916 120 796 523 442
internal_count=4194 1708 2486 1963 1633 503 1130 447 399 916 120 796 523 442
is_linear=0
shrinkage=0.03


Tree=417
num_leaves=15
num_cat=0
split_feature=33 51 35 22 5 5 21 16 19 41 33 0 16 14
split_gain=204199 168711 269066 591111 365600 278614 264336 581750 363121 264942 205683 415960 369075 398629
threshold=5265.7787500000004 37.083333333333336 792.0225000000006 10102.961250000002 165.50000000000003 223.50000000000003 12612.525000000001 11419.881250000002 10536.143750000001 77.500000000000014 8378.5262500000008 2.5000000000000004 12782.262500000003 -0.43167285247378373
decision_type=2 2 2 2 2 2 2 2 2 2 2 2 2 2
left_child=-1 2 10 -4 -5 -6 7 8 -3 -10 12 -12 -2 -14
right_child=1 6 3 4 5 -7 -8 -9 9 -11 11 -13 13 -15
leaf_value=-1.4249320894581705 0.1705133752961985 -0.023515425793668054 -3.0301446525674116 -2.5109153577746177 1.8134612861766091 -0.26134833339098335 -2.5088313607696224 2.4804472322691051 -3.19009395130219 -0.87070963822536585 -1.3759935163243395 1.0511831625232613 -0.2078350877272549 -3.0198668638519619
leaf_weight=94 2196 422 75 48 78 221 50 62 61 160 73 453 133 68
leaf_count=94 2196 422 75 48 78 221 50 62 61 160 73 453 133 68
internal_value=-0.0498996 -0.018031 0.0734217 -0.633798 -0.108594 0.284097 -0.42279 -0.271479 -0.540291 -1.52246 0.175712 0.712331 0.0577011 -1.16948
internal_weight=4194 4100 3345 422 347 299 755 705 643 221 2923 526 2397 201
internal_count=4194 4100 3345 422 347 299 755 705 643 221 2923 526 2397 201
is_linear=0
shrinkage=0.03


Tree=418
num_leaves=15
num_cat=0
split_feature=21 28 16 15 16 33 17 2 33 23 45 36 37 16
split_gain=202510 462350 351984 356158 297414 475616 371470 293701 323497 270837 270769 249722 364638 253026
threshold=10112.025000000003 688.85042804581838 9489.5737500000014 -0.96011450294824408 12782.262500000003 7758.4375 12130.622500000001 1.0000000180025095e-35 8258.3100000000031 12296.426458333333 0.25000000000000006 996.77375000000131 25.950000000000003 10238.503750000002
decision_type=2 2 2 2 2 2 2 2 2 2 2 2 2 2
left_child=2 -2 3 -1 6 -6 9 -7 -9 10 -3 13 -13 -4
right_child=1 4 11 -5 5 7 -8 8 -10 -11 -12 12 -14 -15
leaf_value=0.95836512680155517 2.4902568520997699 0.018365245444995265 -0.81561015622895805 -0.19715360015956232 -3.090661115520879 2.0124674118051722 1.4887135348819023 -1.7138897978782652 0.12628419291713963 -2.0218094396591186 1.5701074483455755 -0.90020343504453959 2.0385481574660851 -2.5137377133321119
leaf_weight=280 75 750 280 1647 56 48 214 124 275 50 116 113 56 110
leaf_count=280 75 750 280 1647 56 48 214 124 275 50 116 113 56 110
internal_value=-0.0484956 0.20293 -0.221255 -0.0288348 0.0964091 -0.509769 0.366464 -0.180225 -0.448417 0.102925 0.227808 -0.883308 0.0797591 -1.29981
internal_weight=4194 1708 2486 1927 1633 503 1130 447 399 916 866 559 169 390
internal_count=4194 1708 2486 1927 1633 503 1130 447 399 916 866 559 169 390
is_linear=0
shrinkage=0.03


Tree=419
num_leaves=15
num_cat=0
split_feature=21 28 16 15 16 29 17 2 33 23 42 36 21 24
split_gain=190573 435404 331626 319109 279960 482226 349631 256232 300028 255122 259968 240465 373736 214915
threshold=10112.025000000003 688.85042804581838 9548.5087500000027 -0.96011450294824408 12782.262500000003 7758.2825000000003 12130.622500000001 1.0000000180025095e-35 8378.5262500000008 12296.426458333333 80.500000000000014 1049.3825000000008 9168.3600000000024 731.64992282510923
decision_type=2 2 2 2 2 2 2 2 2 2 2 2 2 2
left_child=2 -2 3 -1 6 -6 9 -7 -9 10 -3 13 -13 -4
right_child=1 4 11 -5 5 7 -8 8 -10 -11 -12 12 -14 -15
leaf_value=0.89449578702449795 2.4165321116698415 0.66834789641291259 -2.1226550639772706 -0.1927534207706115 -3.2017060277962459 1.827546785999747 1.4442598471392032 -1.3729681225853159 0.281298417651135 -1.9623444930244893 -0.38159347153998707 -0.87667577232934735 2.2384502349615096 -0.65007472301902836
leaf_weight=283 75 497 162 1680 52 50 214 172 229 50 369 112 49 200
leaf_count=283 75 497 162 1680 52 50 214 172 229 50 369 112 49 200
internal_value=-0.0470444 0.196858 -0.214635 -0.0356246 0.0934875 -0.494634 0.355499 -0.176084 -0.429875 0.0998234 0.22103 -0.885142 0.0792787 -1.31315
internal_weight=4194 1708 2486 1963 1633 503 1130 451 401 916 866 523 161 362
internal_count=4194 1708 2486 1963 1633 503 1130 451 401 916 866 523 161 362
is_linear=0
shrinkage=0.03


Tree=420
num_leaves=15
num_cat=0
split_feature=24 39 0 49 24 37 52 5 24 22 34 28 51 8
split_gain=229954 216692 570713 270804 251409 231359 207146 184070 294886 495200 295669 208014 276586 171371
threshold=507.34991070333677 26.358333333333338 19.500000000000004 2.5000000000000004 520.72671652176246 26.750000000000004 17.458333333333339 187.50000000000003 1449.1431380971514 14407.698750000001 15661.307500000001 1958.8086840478002 37.083333333333336 -0.60355339059327384
decision_type=2 2 2 2 2 2 2 2 2 2 2 2 2 2
left_child=13 4 3 -3 -2 6 -5 11 10 -10 -9 12 -6 -1
right_child=1 2 -4 5 7 -7 -8 8 9 -11 -12 -13 -14 -15
leaf_value=0.11860930489839157 2.3002803744010203 -2.8305113309362659 1.852340733901314 -2.7563571830229323 0.26943907873532208 0.82760431084266073 -0.27537426658298658 0.66381666042553422 -0.68583515735657441 2.3279672413638659 -1.409450210754688 -2.1024659585952756 -1.5290685388166456 -0.56980625154544307
leaf_weight=518 52 68 68 54 387 64 68 1332 396 55 64 50 95 873
leaf_count=518 52 68 68 54 387 64 68 1332 396 55 64 50 95 873
internal_value=0.00072411 0.159569 -0.570588 -1.22403 0.256484 -0.624632 -1.38712 0.210857 0.35245 -0.313928 0.567816 -0.280439 -0.0874394 -0.313533
internal_weight=4144 2753 322 254 2431 186 122 2379 1847 451 1396 532 482 1391
internal_count=4144 2753 322 254 2431 186 122 2379 1847 451 1396 532 482 1391
is_linear=0
shrinkage=0.03


Tree=421
num_leaves=9
num_cat=0
split_feature=22 22 2 20 18 23 36 36
split_gain=164286 219230 332012 349692 238551 183987 175381 183450
threshold=15101.312500000002 14031.265000000001 1.5000000000000002 8685.1562500000018 14642.1 13928.525625000002 -1738.2537500000001 -1119.2099999999989
decision_type=2 2 2 2 2 2 2 2
left_child=1 4 -3 -4 5 6 -1 -8
right_child=-2 2 3 -5 -6 -7 7 -9
leaf_value=-1.7433935199737547 1.7099134311676025 -3.0187473457389404 -1.8468614959716796 1.4345385607182979 1.813718304308978 -1.600361036248505 0.82693428197786922 -0.01113086801065398
leaf_weight=49 49 53 56 59 65 63 251 3499
leaf_count=49 49 53 56 59 65 63 251 3499
internal_value=0.00067468 -0.0201866 -1.07817 -0.165378 0.025334 -0.0052235 0.0216394 0.0451651
internal_weight=4144 4095 168 115 3927 3862 3799 3750
internal_count=4144 4095 168 115 3927 3862 3799 3750
is_linear=0
shrinkage=0.03


Tree=422
num_leaves=15
num_cat=0
split_feature=24 39 5 24 28 5 8 24 39 0 27 41 8 29
split_gain=215043 205193 532412 351081 492428 255505 250745 249582 215840 532949 230471 169912 276602 292161
threshold=507.34991070333677 20.308333333333337 214.50000000000003 617.83981391679606 1782.765215689649 338.50000000000006 0.78656609248549325 1531.1081595723942 26.358333333333338 19.500000000000004 10469.938645833336 96.500000000000014 -0.60355339059327384 8495.563750000003
decision_type=2 2 2 2 2 2 2 2 2 2 2 2 2 2
left_child=11 2 -2 -4 7 6 8 -5 10 -10 -3 12 13 -1
right_child=1 5 3 4 -6 -7 -8 -9 9 -11 -12 -13 -14 -15
leaf_value=0.76613643490842409 3.1887482608965971 0.021379599857227261 2.289027275468992 -0.098014603115791493 1.9174327664160995 -1.8382439314574002 -1.1527074344261832 -2.0716633306575725 -1.1779804936544163 1.7960830186760943 0.73200095495798889 0.63019483332450577 -0.79963654227121383 -0.66516696735273428
leaf_weight=279 66 1040 68 214 88 63 137 78 253 68 678 155 721 236
leaf_count=279 66 1040 68 214 88 63 137 78 253 68 678 155 721 236
internal_value=0.000636595 0.154246 0.694186 0.320367 -0.0369633 0.0300318 0.084949 -0.630545 0.168638 -0.544293 0.302094 -0.30326 -0.420747 0.110191
internal_weight=4144 2753 514 448 380 2239 2176 292 2039 321 1718 1391 1236 515
internal_count=4144 2753 514 448 380 2239 2176 292 2039 321 1718 1391 1236 515
is_linear=0
shrinkage=0.03


Tree=423
num_leaves=15
num_cat=0
split_feature=22 16 17 43 42 16 22 21 28 20 7 14 38 39
split_gain=151129 230816 369905 343764 316501 309889 236004 226399 176826 291023 380597 273946 323266 269652
threshold=15101.312500000002 12782.262500000003 12464.450000000001 75.250000000000014 57.500000000000007 14003.603750000002 11634.142500000002 13401.830000000004 1494.6261379798241 7234.263750000001 15.500000000000002 -0.64056958004474651 27.350000000000005 18.558333333333337
decision_type=2 2 2 2 2 2 2 2 2 2 2 2 2 2
left_child=1 7 -3 4 6 -5 -4 8 9 10 -1 -10 -13 -11
right_child=-2 2 3 5 -6 -7 -8 -9 11 13 -12 12 -14 -15
leaf_value=-2.671548889956691 1.6400083865404129 -3.005651322625718 -1.9587393883527335 -0.23688272295771418 -2.5936996688391711 2.8442376492947949 0.2490159428619339 2.0665414781570437 0.93884209105358696 -1.861435025671254 0.13314263352032363 -0.32763895305090168 1.7218975791335105 0.041800530482972525
leaf_weight=87 49 52 58 73 73 48 166 49 433 68 86 515 79 2308
leaf_count=87 49 52 58 73 73 48 166 49 433 68 86 515 79 2308
internal_value=0.0006431 -0.0193652 -0.64414 -0.343855 -0.892328 0.998552 -0.328733 0.0617913 0.033747 -0.100165 -1.28447 0.365902 -0.0525965 -0.0134231
internal_weight=4144 4095 470 418 297 121 224 3625 3576 2549 173 1027 594 2376
internal_count=4144 4095 470 418 297 121 224 3625 3576 2549 173 1027 594 2376
is_linear=0
shrinkage=0.03


Tree=424
num_leaves=15
num_cat=0
split_feature=24 19 35 15 35 26 35 36 3 0 52 36 24 3
split_gain=200834 245119 227034 214975 212875 325712 321833 431889 314474 288122 248815 212934 195239 186544
threshold=507.34991070333677 14630.412500000002 763.11374999999964 -0.99815866078541837 -140.32374999999954 13602.600000000002 -20.421249999999414 -157.88250000000195 20.500000000000004 5.5000000000000009 40.208333333333336 -853.62999999999954 520.72671652176246 10.500000000000002
decision_type=2 2 2 2 2 2 2 2 2 2 2 2 2 2
left_child=2 3 4 -2 5 10 13 9 -9 -8 11 -1 -5 -6
right_child=1 -3 -4 12 6 -7 7 8 -10 -11 -12 -13 -14 -15
leaf_value=1.6420440409733699 -1.2556205102366009 -1.6166110915723053 -2.2382418530262433 1.9074588856389445 -0.20787207279886516 -2.8708614889780679 -2.8686629680792493 1.0598636819134453 -0.68766490538398939 -0.5042570499728497 -2.0874047935392177 -0.3973378629022174 0.20320507623569486 1.8955341581433764
leaf_weight=51 88 68 51 61 55 53 71 232 153 132 69 404 2536 120
leaf_count=51 88 68 51 61 55 53 71 232 153 132 69 404 2536 120
internal_value=0.000601949 0.14905 -0.293084 0.194357 -0.217426 -0.651722 0.111403 -0.225088 0.36537 -1.3413 -0.422198 -0.165615 0.24396 1.23695
internal_weight=4144 2753 1391 2685 1340 577 763 588 385 203 524 455 2597 175
internal_count=4144 2753 1391 2685 1340 577 763 588 385 203 524 455 2597 175
is_linear=0
shrinkage=0.03


Tree=425
num_leaves=15
num_cat=0
split_feature=42 42 36 29 22 19 22 23 41 29 48 25 9 35
split_gain=184914 414483 384704 285858 362138 267880 413186 575076 385041 269877 254343 262189 196189 277544
threshold=61.500000000000007 52.500000000000007 -939.49250000000018 8122.6737500000008 9611.4087500000005 7587.8900000000003 7476.0812500000011 6669.4275000000007 77.500000000000014 6537.8225000000011 0.0083333333333332777 11674.740000000003 0.60355339059327384 -155.55749999999986
decision_type=2 2 2 2 2 2 2 2 2 2 2 2 2 2
left_child=1 3 -3 -1 -5 6 -2 -8 9 -9 11 -6 -7 -14
right_child=5 2 -4 4 10 12 7 8 -10 -11 -12 -13 13 -15
leaf_value=1.6564359551137036 -2.8210570954494787 -3.4342150703560219 -0.71500290093960772 -2.5484502440082784 1.0863599428449358 0.4344206928084629 2.2963118878216808 -1.0257741022109985 -1.3910410530538093 1.3537493582673976 1.8351671623833039 -1.2936354731819004 0.20403030991616497 -0.86194959903060886
leaf_weight=100 60 54 322 48 69 1688 70 69 245 110 67 102 837 297
leaf_count=100 60 54 322 48 69 1688 70 69 245 110 67 102 837 297
internal_value=0.0157605 -0.406042 -1.11364 0.284284 -0.199536 0.111062 -0.491496 -0.203396 -0.620551 0.435817 0.282812 -0.332467 0.229491 -0.0756551
internal_weight=4138 762 376 386 286 3376 554 494 424 179 238 171 2822 1134
internal_count=4138 762 376 386 286 3376 554 494 424 179 238 171 2822 1134
is_linear=0
shrinkage=0.03


Tree=426
num_leaves=15
num_cat=0
split_feature=42 42 32 37 8 35 35 34 48 31 35 28 37 47
split_gain=174067 391468 319023 276471 253378 270540 351742 242567 280781 293869 274930 273865 235296 343684
threshold=61.500000000000007 54.500000000000007 2106.9349494682597 26.750000000000004 -0.9159756150367534 -479.29500000000093 24.237499999999276 11332.653750000001 0.62083333333333324 8998.5145312500008 553.00875000000008 1812.9002258342971 23.550000000000004 0.24999999999999964
decision_type=2 2 2 2 2 2 2 2 2 2 2 2 2 2
left_child=1 4 -3 7 -1 -6 -7 11 9 -9 -11 12 -2 -14
right_child=3 2 -4 -5 5 6 -8 8 -10 10 -12 -13 13 -15
leaf_value=-1.2103842795625024 -0.44067159470318978 -0.76803974229765137 -3.2886530991962974 1.5342607749114603 2.4262867983749934 -0.57650946138835535 1.5141909858584404 2.0321186405555767 -0.81357439393257069 0.45053530403730663 -0.40105867877975104 -2.473968604031731 1.5883489955216645 -1.3688878008784078
leaf_weight=97 778 240 55 117 55 204 111 87 210 1520 439 50 127 48
leaf_count=97 778 240 55 117 55 204 111 87 210 1520 439 50 127 48
internal_value=0.0152496 -0.393994 -1.24756 0.107714 0.146676 0.50479 0.162626 0.0560409 0.228598 0.335918 0.259583 -0.33191 -0.217034 0.773967
internal_weight=4138 762 295 3376 467 370 315 3259 2256 2046 1959 1003 953 175
internal_count=4138 762 295 3376 467 370 315 3259 2256 2046 1959 1003 953 175
is_linear=0
shrinkage=0.03


Tree=427
num_leaves=15
num_cat=0
split_feature=19 43 17 22 41 42 37 3 17 14 35 19 14 39
split_gain=166507 410255 350339 359495 282075 315512 326208 372723 276300 266443 416481 418251 387157 540123
threshold=7587.8900000000003 92.916666666666671 7132.6725000000015 8248.5625000000018 91.500000000000014 86.500000000000014 23.550000000000004 23.500000000000004 8546.3175000000028 -0.43167285247378373 -763.51250000000061 8889.7075000000023 -0.36876293119226017 20.19166666666667
decision_type=2 2 2 2 2 2 2 2 2 2 2 2 2 2
left_child=1 4 3 -3 5 6 -1 -8 -4 10 -2 -12 13 -11
right_child=9 2 8 -5 -6 -7 7 -9 -10 12 11 -13 -14 -15
leaf_value=-1.858159734842912 1.9998455269009834 -1.9314725471945369 -3.6131919018862999 1.4689070223223779 -1.7413633512048161 2.7863453160799465 2.1006532774614484 -1.0100070244387578 -1.0014964530342503 0.6332458240710771 0.90421385206038296 -0.075412373161106785 -0.062892055354354229 -3.306474703431129
leaf_weight=52 123 50 72 61 50 51 88 56 75 51 549 1367 1414 79
leaf_count=52 123 50 72 61 50 51 88 56 75 51 549 1367 1414 79
internal_value=0.0147787 -0.468262 -1.34102 -0.0662309 0.291798 0.708791 0.156727 0.892226 -2.29657 0.0897148 0.314772 0.205602 -0.207496 -1.76774
internal_weight=4138 555 258 111 297 247 196 144 147 3583 2039 1916 1544 130
internal_count=4138 555 258 111 297 247 196 144 147 3583 2039 1916 1544 130
is_linear=0
shrinkage=0.03


Tree=428
num_leaves=15
num_cat=0
split_feature=15 41 11 15 5 45 10 35 22 32 52 31 24 15
split_gain=177583 410641 895545 267075 369387 291195 370361 336823 275784 268695 267654 208996 208703 233439
threshold=-0.64713682673509032 61.500000000000007 1.0000000180025095e-35 -0.83910684176851635 208.50000000000003 0.15000000000000005 0.6078576107927941 434.97875000000028 7367.451250000001 1808.5847348913098 17.458333333333339 10549.723854166668 322.91231919365589 -0.59330490695953209
decision_type=2 2 2 2 2 2 2 2 2 2 2 2 2 2
left_child=1 2 11 4 5 7 -7 -3 -5 -10 -6 -1 -2 -14
right_child=12 3 -4 8 10 6 -8 -9 9 -11 -12 -13 13 -15
leaf_value=1.0213805239145144 -0.66380788305631044 0.69173969550824388 -3.7688923014294016 -2.4275605411756604 3.0757758891404561 -1.7119737538656121 1.1093848889449547 -0.95837424288404738 -0.084549441049259294 -2.2857253314767565 0.26026492670962686 -1.4334703350553708 1.5772171860731252 0.20365816379110835
leaf_weight=85 233 529 87 62 66 151 57 140 460 55 56 48 117 1992
leaf_count=85 233 529 87 62 66 151 57 140 460 55 56 48 117 1992
internal_value=0.0143008 -0.210053 -1.4211 -0.0401944 0.256543 0.0405474 -0.937132 0.345487 -0.553537 -0.32363 1.79616 0.131221 0.186373 0.280577
internal_weight=4138 1796 220 1576 999 877 208 669 577 515 122 133 2342 2109
internal_count=4138 1796 220 1576 999 877 208 669 577 515 122 133 2342 2109
is_linear=0
shrinkage=0.03


Tree=429
num_leaves=15
num_cat=0
split_feature=15 41 11 15 14 40 45 10 35 22 19 9 9 24
split_gain=167195 386674 843149 251499 347902 276975 274017 348706 317014 259743 203438 227473 536861 608092
threshold=-0.64713682673509032 61.500000000000007 1.0000000180025095e-35 -0.83910684176851635 -0.41612469599147489 22.904166666666672 0.15000000000000005 0.6078576107927941 434.97875000000028 7367.451250000001 6922.5437500000007 -0.25881904510252068 -0.12940952255126037 408.04666207519125
decision_type=2 2 2 2 2 2 2 2 2 2 2 2 2 2
left_child=1 2 -1 4 5 -3 8 -8 -6 -5 -2 -12 13 -13
right_child=10 3 -4 9 6 -7 7 -9 -10 -11 11 12 -14 -15
leaf_value=0.1271891879679552 -1.2601952281278723 3.226233091920109 -3.6571103843775661 -2.3558897338594709 0.67102666981672898 0.36980080483509947 -1.6609524435197052 1.0766771332148848 -0.92982692571396519 -0.31405947564992792 0.60181405373729102 0.11990352524651421 0.15870328879809381 -4.5139106020148914
leaf_weight=133 84 58 87 62 529 64 151 57 140 515 908 53 1249 48
leaf_count=133 84 58 87 62 529 64 151 57 140 515 908 53 1249 48
internal_value=0.0138324 -0.20386 -1.37904 -0.0390329 0.248921 1.74309 0.0393007 -0.909103 0.33511 -0.537181 0.180796 0.234943 -0.0120634 -2.10482
internal_weight=4138 1796 220 1576 999 122 877 208 669 577 2342 2258 1350 101
internal_count=4138 1796 220 1576 999 122 877 208 669 577 2342 2258 1350 101
is_linear=0
shrinkage=0.03


Tree=430
num_leaves=9
num_cat=0
split_feature=5 5 31 32 0 29 18 28
split_gain=176952 160625 368797 303351 173504 162596 239762 197351
threshold=121.50000000000001 131.50000000000003 11860.991875000003 1812.7444850838947 13.500000000000002 10680.356250000003 14457.961250000002 2498.167006976842
decision_type=2 2 2 2 2 2 2 2
left_child=-1 3 5 -2 -5 6 7 -3
right_child=1 2 -4 4 -6 -7 -8 -9
leaf_value=-1.5707624548987338 2.8722825529840255 0.13214515246459038 -2.2809052577261197 -0.84278451014967526 1.459386682831324 -1.284034572485331 1.7929441978714682 -1.4538276916742323
leaf_weight=56 53 3675 58 67 51 73 76 71
leaf_count=56 53 3675 58 67 51 73 76 71
internal_value=0.0893741 0.112296 0.0732232 1.00978 0.155998 0.108859 0.135796 0.101701
internal_weight=4180 4124 3953 171 118 3895 3822 3746
internal_count=4180 4124 3953 171 118 3895 3822 3746
is_linear=0
shrinkage=0.03


Tree=431
num_leaves=10
num_cat=0
split_feature=35 40 43 29 35 52 34 21 40
split_gain=207698 229277 220954 190092 166736 436571 164625 273002 163292
threshold=-1034.9449999999995 24.116666666666671 37.916666666666679 10721.503750000002 1324.8187500000006 6.8750000000000009 15823.45875 11858.086250000002 21.054166666666671
decision_type=2 2 2 2 2 2 2 2 2
left_child=1 -1 -2 4 6 -6 7 -4 -8
right_child=2 -3 3 -5 5 -7 8 -9 -10
leaf_value=2.9023400191871485 -1.7701660209565848 0.11274394897081084 0.059982201237162705 -1.7407620951708624 -2.1663804052461018 0.9786692378831946 0.22202757407207876 0.75034176923454965 -2.1783396890428333
leaf_weight=48 58 58 3086 50 93 68 48 618 53
leaf_count=48 58 58 3086 50 93 68 48 618 53
internal_value=0.0866843 1.39142 0.0524001 0.0791599 0.102541 -0.840102 0.142641 0.175342 -1.04643
internal_weight=4180 106 4074 4016 3966 161 3805 3704 101
internal_count=4180 106 4074 4016 3966 161 3805 3704 101
is_linear=0
shrinkage=0.03


Tree=432
num_leaves=15
num_cat=0
split_feature=39 19 22 8 27 39 43 33 41 14 39 9 14 32
split_gain=192554 141527 283667 294188 449670 459013 436964 372233 183334 130344 195124 167048 165689 446216
threshold=30.400000000000002 7587.8900000000003 12552.758750000003 0.91597561503675362 7726.4277083333336 19.94166666666667 92.750000000000014 6791.4750000000013 82.500000000000014 -0.99937381720471408 27.891666666666669 0.1294095225512602 -0.11135109471829378 1884.9157165847766
decision_type=2 2 2 2 2 2 2 2 2 2 2 2 2 2
left_child=1 2 3 6 5 -5 7 -1 -8 -3 12 -12 -11 -14
right_child=-2 9 -4 4 -6 -7 8 -9 -10 10 11 -13 13 -15
leaf_value=-0.99743770847195079 -1.4432317653747453 -1.2945419971448071 1.5111763991871432 3.7503899218111618 -1.7350645119927144 -0.14621520350056311 -3.8406754607677458 1.7768696434771427 -1.5218907805146842 0.2949325304711351 0.31304105893620904 2.7614360849224791 0.13993044062561932 -1.5451226486522576
leaf_weight=151 72 52 66 48 54 61 49 60 86 2453 52 48 755 173
leaf_count=151 72 52 66 48 54 61 49 60 86 2453 52 48 755 173
internal_value=0.0840635 0.11118 -0.324914 -0.565519 0.483203 1.58808 -1.05958 -0.203804 -2.38569 0.182232 0.204662 1.50412 0.16579 -0.17551
internal_weight=4180 4108 575 509 163 109 346 211 135 3533 3481 100 3381 928
internal_count=4180 4108 575 509 163 109 346 211 135 3533 3481 100 3381 928
is_linear=0
shrinkage=0.03


Tree=433
num_leaves=10
num_cat=0
split_feature=35 40 43 29 35 52 34 21 40
split_gain=195220 215238 202610 180714 152227 414254 154629 256956 152065
threshold=-1034.9449999999995 24.116666666666671 37.916666666666679 10721.503750000002 1324.8187500000006 6.8750000000000009 15823.45875 11858.086250000002 21.054166666666671
decision_type=2 2 2 2 2 2 2 2 2
left_child=1 -1 -2 4 6 -6 7 -4 -8
right_child=2 -3 3 -5 5 -7 8 -9 -10
leaf_value=2.810392107112067 -1.6969798455804079 0.10757116043971757 0.054805224770960642 -1.7005454498178818 -2.0959679541562468 0.96754623827726949 0.20683522691532058 0.72456775378417793 -2.1096611902448865
leaf_weight=48 58 58 3086 50 93 68 48 618 53
leaf_count=48 58 58 3086 50 93 68 48 618 53
internal_value=0.0815272 1.34646 0.0482894 0.0739149 0.0967127 -0.803983 0.135029 0.166722 -1.01737
internal_weight=4180 106 4074 4016 3966 161 3805 3704 101
internal_count=4180 106 4074 4016 3966 161 3805 3704 101
is_linear=0
shrinkage=0.03


Tree=434
num_leaves=10
num_cat=0
split_feature=39 44 29 19 31 34 44 24 44
split_gain=175429 161332 141925 136019 422231 295919 186084 248882 234752
threshold=30.400000000000002 41.791666666666679 10680.356250000003 7587.8900000000003 9540.5552604166678 11846.692500000003 90.208333333333357 574.06282571936458 88.708333333333357
decision_type=2 2 2 2 2 2 2 2 2
left_child=1 -1 3 4 5 -3 8 -8 -5
right_child=-2 2 -4 6 -6 -7 7 -9 -10
leaf_value=1.7654072264409981 -1.3787340171369786 -0.26787791413576612 -1.1674769651591776 0.16420691825664066 -2.4331495812293644 2.0100579389210402 -0.3123006880192653 1.3922774876578379 -1.0766853965508441
leaf_weight=51 72 445 79 2911 73 57 114 235 143
leaf_count=51 72 445 79 2911 73 57 114 235 143
internal_value=0.0790619 0.104945 0.0836383 0.108775 -0.31761 -0.00571608 0.180898 0.836137 0.105765
internal_weight=4180 4108 4057 3978 575 502 3403 349 3054
internal_count=4180 4108 4057 3978 575 502 3403 349 3054
is_linear=0
shrinkage=0.03


Tree=435
num_leaves=12
num_cat=0
split_feature=5 53 9 22 26 30 40 51 17 0 51
split_gain=130658 131353 462575 274936 138000 218739 221479 208352 192228 140366 130247
threshold=122.50000000000001 1.0000000180025095e-35 -0.60355339059327384 8719.595000000003 15603.835000000001 15005.678750000001 27.033333333333339 1.5833333333333337 14194.637500000003 20.500000000000004 2.9166666666666674
decision_type=2 2 2 2 2 2 2 2 2 2 2
left_child=-1 4 -3 -4 5 6 9 -7 -9 -2 -8
right_child=1 2 3 -5 -6 7 10 8 -10 -11 -12
leaf_value=-1.2205541813695753 0.15322062058662933 1.5498404101024974 -0.36144192184670826 -3.1938484187986029 1.4804648056484404 0.31886130856943656 0.39146278710009491 -2.2806960502084421 0.0048370107482461362 -0.43253164350558693 2.5787914264903349
leaf_weight=73 3090 54 63 60 62 90 48 97 50 417 50
leaf_count=73 3090 54 63 60 62 90 48 97 50 417 50
internal_value=0.0287627 0.0514074 -0.745594 -1.75784 0.0877275 0.064869 0.122995 -0.81603 -1.50842 0.083464 1.52237
internal_weight=4154 4081 177 123 3904 3842 3605 237 147 3507 98
internal_count=4154 4081 177 123 3904 3842 3605 237 147 3507 98
is_linear=0
shrinkage=0.03


Tree=436
num_leaves=11
num_cat=0
split_feature=35 24 19 29 39 9 15 15 21 16
split_gain=132005 233958 178005 247749 146060 336684 358404 215178 323614 136191
threshold=1324.8187500000006 1394.7476508798297 6058.8950000000013 5646.4375000000009 20.341666666666672 -0.78656609248549303 -0.8572830456751136 -0.99815866078541837 9698.0087500000027 6447.4287500000019
decision_type=2 2 2 2 2 2 2 2 2 2
left_child=2 -2 -1 -4 5 -5 -7 8 -6 -9
right_child=1 -3 3 4 7 6 -8 9 -10 -11
leaf_value=1.839188775873184 -2.3169948606976005 0.11774263922373454 -1.7440211804016776 2.668018969485634 0.16082691403686022 1.9198145990565418 -0.028845867680896697 1.4561342959484811 -3.1043311723530294 0.00069262543412393416
leaf_weight=49 58 89 68 56 60 99 564 58 49 3004
leaf_count=49 58 89 68 56 60 99 564 58 49 3004
internal_value=0.0278926 -0.851965 0.0603792 0.0378947 0.069488 0.455223 0.264561 -0.0180857 -1.32174 0.0287327
internal_weight=4154 147 4007 3958 3890 719 663 3171 109 3062
internal_count=4154 147 4007 3958 3890 719 663 3171 109 3062
is_linear=0
shrinkage=0.03


Tree=437
num_leaves=10
num_cat=0
split_feature=14 40 53 9 22 26 26 41 38
split_gain=122680 125641 134537 467905 279045 132580 237289 245735 143198
threshold=0.86167001593038561 28.645833333333339 1.0000000180025095e-35 -0.60355339059327384 8719.595000000003 15603.835000000001 14964.128750000002 49.500000000000007 28.850000000000005
decision_type=2 2 2 2 2 2 2 2 2
left_child=1 2 5 -4 -5 6 8 -8 -1
right_child=-2 -3 3 4 -6 -7 7 -9 -10
leaf_value=0.053855182744525339 -1.1835132835362407 1.3090485869305473 1.503045853354714 -0.42103640223222388 -3.3356845349278945 1.4287800443740117 0.19548511247634887 -2.6976693118245976 1.3531754998977368
leaf_weight=3596 73 69 54 61 57 62 49 56 77
leaf_count=3596 73 69 54 61 57 62 49 56 77
internal_value=0.0270631 0.0490059 0.0270106 -0.791367 -1.84529 0.0638675 0.0410921 -1.35828 0.0814588
internal_weight=4154 4081 4012 172 118 3840 3778 105 3673
internal_count=4154 4081 4012 172 118 3840 3778 105 3673
is_linear=0
shrinkage=0.03


Tree=438
num_leaves=13
num_cat=0
split_feature=35 45 43 35 44 44 9 29 52 26 26 24
split_gain=124460 352319 384364 333379 265203 253572 210297 239127 203968 155172 149821 46496.6
threshold=926.66250000000048 1.0000000180025095e-35 95.583333333333357 815.52250000000015 94.875000000000014 92.625000000000014 -0.78656609248549303 7795.6450000000004 23.875000000000004 7583.9725000000008 8869.7950000000001 387.04866745130079
decision_type=2 2 2 2 2 2 2 2 2 2 2 2
left_child=3 2 6 4 5 9 -2 -8 -7 11 -11 -1
right_child=1 -3 -4 -5 -6 8 7 -9 -10 10 -12 -13
leaf_value=-0.49346376263365449 -0.17010781838343692 1.0782802566389242 0.91158552714756547 1.8790134617884953 -1.7592077175231828 2.3890598623172656 -0.93455832820189622 -3.5405963062612633 0.24310849372297524 0.54871881081237905 -0.031838672334189688 -1.821898540574677
leaf_weight=48 51 89 62 89 72 73 56 75 87 462 2942 48
leaf_count=48 51 89 62 89 72 73 56 75 87 462 2942 48
internal_value=0.0262383 -0.529119 -1.11749 0.0747674 0.0312442 0.0669412 -1.81 -2.4422 1.23105 0.0133841 0.0470897 -1.16977
internal_weight=4154 333 244 3821 3732 3660 182 131 160 3500 3404 96
internal_count=4154 333 244 3821 3732 3660 182 131 160 3500 3404 96
is_linear=0
shrinkage=0.03


Tree=439
num_leaves=15
num_cat=0
split_feature=35 52 44 44 35 16 24 44 36 32 33 32 5 40
split_gain=121384 219956 176785 423970 290417 247332 314405 212100 144021 403203 430987 270849 142951 155628
threshold=1324.8187500000006 6.8750000000000009 92.625000000000014 94.041666666666671 202.13875000000101 10260.601250000002 431.30710307724502 91.791666666666671 1024.5787499999999 1831.4383221796099 7165.4662500000004 2072.3333709003473 122.50000000000001 28.645833333333339
decision_type=2 2 2 2 2 2 2 2 2 2 2 2 2 2
left_child=2 -2 7 4 -4 6 -5 8 12 10 -10 -11 -1 -14
right_child=1 -3 3 5 -6 -7 -8 -9 9 11 -12 -13 13 -15
leaf_value=-1.4649792963559509 -1.8010301850424255 0.53600185575939363 0.17530259062262141 -1.2937334430813789 3.0545067115162694 -1.9534232109897542 1.8414231002506087 -1.518762825683311 0.46062989490577971 -1.7352331428796473 3.863813282188616 0.60273043395578851 -0.027405354229627914 1.5275978523391787
leaf_weight=60 85 62 50 49 85 52 67 80 82 70 56 119 3179 58
leaf_count=60 85 62 50 49 85 52 67 80 82 70 56 119 3179 58
internal_value=0.0254387 -0.81828 0.0565914 0.752061 1.99738 -0.254446 0.517223 -0.000484087 0.0334376 0.63296 1.8596 -0.267678 -0.026193 0.000915456
internal_weight=4154 147 4007 303 135 168 116 3704 3624 327 138 189 3297 3237
internal_count=4154 147 4007 303 135 168 116 3704 3624 327 138 189 3297 3237
is_linear=0
shrinkage=0.03


Tree=440
num_leaves=15
num_cat=0
split_feature=15 5 0 19 31 22 19 17 22 28 14 32 20 40
split_gain=194121 325082 239814 214709 313466 423088 297188 300787 303646 296140 341014 295116 258794 237401
threshold=-0.83910684176851635 210.50000000000003 10.500000000000002 7587.8900000000003 9525.5393229166693 9717.6162500000009 8343.8175000000028 8162.4762500000006 11771.266250000002 1176.1749018361788 -0.88664765382614386 1737.5043697107628 8418.3262500000001 21.187500000000004
decision_type=2 2 2 2 2 2 2 2 2 2 2 2 2 2
left_child=1 2 -1 4 5 12 7 13 11 10 -7 -9 -2 -5
right_child=3 -3 -4 6 -6 9 -8 8 -10 -11 -12 -13 -14 -15
leaf_value=0.60186415252763936 -2.9202891360772281 1.8100010545630203 -0.27906832070792231 -1.8809665006061769 -2.9314426202244226 -0.36764226436614988 -0.194411802385097 3.7782804372731378 0.15134715844844948 -0.75165897707337315 3.0304931542832971 0.6883524954075716 -0.42931379161382976 0.56342093181610098
leaf_weight=516 75 113 601 52 53 48 2164 67 86 102 58 48 75 109
leaf_count=516 75 113 601 52 53 48 2164 67 86 102 58 48 75 109
internal_value=-0.0323407 0.283919 0.128041 -0.164845 -0.799876 -0.476981 -0.0612394 0.733153 1.50421 0.398726 1.50252 2.50575 -1.68599 -0.232716
internal_weight=4167 1230 1117 2937 411 358 2526 362 201 208 106 115 150 161
internal_count=4167 1230 1117 2937 411 358 2526 362 201 208 106 115 150 161
is_linear=0
shrinkage=0.03


Tree=441
num_leaves=15
num_cat=0
split_feature=15 5 26 22 20 39 15 23 3 3 39 48 19 19
split_gain=182703 306045 230676 343819 311087 242740 315331 289852 232322 216891 212212 199561 178164 280875
threshold=-0.83910684176851635 210.50000000000003 11226.536250000003 9717.6162500000009 8141.0187500000002 25.175000000000008 -0.96477059369951401 7142.6145833333348 12.500000000000002 20.500000000000004 17.433333333333337 0.041666666666666623 7587.8900000000003 8343.8175000000028
decision_type=2 2 2 2 2 2 2 2 2 2 2 2 2 2
left_child=1 2 5 8 9 6 -1 -8 -4 -5 -2 -3 -12 -14
right_child=10 11 3 4 -6 -7 7 -9 -10 -11 12 -13 13 -15
leaf_value=1.0531301559613095 1.5092445170968327 2.885942299195698 -0.60976871359405449 -2.1027161083501924 1.0071805826846292 2.1819612890215061 1.8060852614879608 -0.65974338751028083 -3.0579459314831232 0.47733471723703236 -0.77620133702796923 0.35336250877151121 0.68121678772458938 -0.23311225624545706
leaf_weight=268 66 62 87 67 169 66 49 302 58 51 411 51 352 2108
leaf_count=268 66 62 87 67 169 66 49 302 58 51 411 51 352 2108
internal_value=-0.0313642 0.275454 0.124208 -0.418062 0.184227 0.466327 0.280152 -0.311315 -1.60338 -0.992843 -0.159913 1.75618 -0.198802 -0.102052
internal_weight=4167 1230 1117 432 287 685 619 351 145 118 2937 113 2871 2460
internal_count=4167 1230 1117 432 287 685 619 351 145 118 2937 113 2871 2460
is_linear=0
shrinkage=0.03


Tree=442
num_leaves=15
num_cat=0
split_feature=36 21 16 18 41 16 39 21 42 16 36 12 26 14
split_gain=194754 228303 338952 351721 247969 313260 219775 272064 320358 239243 431672 503165 464142 221770
threshold=450.58375000000166 8002.71 8923.6187500000033 8439.4162500000002 63.500000000000007 9794.0650000000023 17.433333333333337 14448.857500000002 62.500000000000007 11419.881250000002 -143.40374999999992 -0.24999999999999994 12370.532500000001 0.843744476184349
decision_type=2 2 2 2 2 2 2 2 2 2 2 2 2 2
left_child=6 -2 -3 -4 -5 -6 -1 9 -9 13 12 -12 -11 -8
right_child=1 2 3 4 5 -7 7 8 -10 10 11 -13 -14 -15
leaf_value=1.6728698419817423 1.1365412470491565 -2.1243412927101399 2.3448752981288865 0.71408920127402697 1.0548048915633237 -1.0901569119869394 -0.19627849734261038 -2.7500250161777844 0.32773379942950082 3.6049649101495742 0.43103003285463576 -2.4826695269346235 0.59771579228914695 -2.1578046380180234
leaf_weight=58 244 57 65 262 82 234 2480 76 50 63 205 71 168 52
leaf_count=58 244 57 65 262 82 234 2480 76 50 63 205 71 168 52
internal_value=-0.0303904 0.348344 0.07235 0.2701 0.0331043 -0.531934 -0.141398 -0.175168 -1.53561 -0.118271 0.475958 -0.324711 1.42994 -0.237404
internal_weight=4167 944 700 643 578 316 3223 3165 126 3039 507 276 231 2532
internal_count=4167 944 700 643 578 316 3223 3165 126 3039 507 276 231 2532
is_linear=0
shrinkage=0.03


Tree=443
num_leaves=15
num_cat=0
split_feature=36 21 16 18 16 16 15 15 30 5 32 16 40 43
split_gain=183301 214852 319261 331239 212741 585350 354342 195823 306600 288296 425181 320752 414740 318464
threshold=450.58375000000166 8002.71 8923.6187500000033 8439.4162500000002 10603.283750000001 9794.0650000000023 -0.97322851985520697 -0.83910684176851635 9168.0562500000015 239.50000000000003 2005.3770693341112 14572.411250000001 19.095833333333335 81.250000000000014
decision_type=2 2 2 2 2 2 2 2 2 2 2 2 2 2
left_child=7 -2 -3 -4 5 -5 -6 8 -1 10 13 12 -11 -9
right_child=1 2 3 4 6 -7 -8 9 -10 11 -12 -13 -14 -15
leaf_value=2.237056491114199 1.102584169485131 -2.061709869195675 2.2755948228727689 0.92698491283438422 -1.7768055718823483 -2.4975423040338183 0.77711557599643 0.11809370068462849 0.08371914774564683 2.2409191965526096 -2.7925709343531042 -2.1838500765112583 -0.077406091721055392 -1.1903760117954678
leaf_weight=63 244 57 65 87 56 91 344 346 850 72 82 60 1427 323
leaf_count=63 244 57 65 87 56 91 344 346 850 72 82 60 1427 323
internal_value=-0.0294704 0.337959 0.070218 0.262138 0.0321463 -0.827845 0.41599 -0.137165 0.234608 -0.284148 -0.766605 -0.051387 0.0353575 -0.51446
internal_weight=4167 944 700 643 578 178 400 3223 913 2310 751 1559 1499 669
internal_count=4167 944 700 643 578 178 400 3223 913 2310 751 1559 1499 669
is_linear=0
shrinkage=0.03


Tree=444
num_leaves=15
num_cat=0
split_feature=36 21 16 42 0 39 28 39 21 42 16 36 12 30
split_gain=172449 202249 300673 312432 410635 517106 342790 195072 248623 299357 225039 405683 471988 454396
threshold=450.58375000000166 8002.71 8923.6187500000033 86.500000000000014 9.5000000000000018 21.491666666666671 956.16938154884815 17.433333333333337 14448.857500000002 62.500000000000007 11419.881250000002 -143.40374999999992 -0.24999999999999994 12333.370000000001
decision_type=2 2 2 2 2 2 2 2 2 2 2 2 2 2
left_child=7 -2 -3 4 -4 -6 -5 -1 10 -10 -9 13 -13 -12
right_child=1 2 3 6 5 -7 -8 8 9 -11 11 12 -14 -15
leaf_value=1.5761994390164391 1.0696416494432761 -2.0009249694696787 -2.108105004119873 3.5415569804906841 3.1033055839171775 -0.073953202321063671 0.21094889558851718 -0.22603406299130627 -2.6393561014958791 0.33550059486837946 3.6145969193880676 0.42155596102904347 -2.4004220602909725 0.59374516245237607
leaf_weight=58 244 57 74 49 51 406 63 2532 76 50 60 205 71 171
leaf_count=58 244 57 74 49 51 406 63 2532 76 50 60 205 71 171
internal_value=-0.0286064 0.32778 0.06801 0.25426 -0.0504416 0.286589 1.68667 -0.133064 -0.16488 -1.46539 -0.11049 0.465826 -0.310379 1.39064
internal_weight=4167 944 700 643 531 457 112 3223 3165 126 3039 507 276 231
internal_count=4167 944 700 643 531 457 112 3223 3165 126 3039 507 276 231
is_linear=0
shrinkage=0.03


Tree=445
num_leaves=11
num_cat=0
split_feature=30 39 28 22 35 26 45 52 34 11
split_gain=153185 172149 144288 168184 369676 317621 303691 320266 295145 186920
threshold=15903.207500000002 30.400000000000002 2694.1816881505656 9695.4975000000031 342.1262499999994 11157.762500000001 0.75000000000000011 28.750000000000004 10386.410000000002 -0.56174490092936669
decision_type=2 2 2 2 2 2 2 2 2 2
left_child=1 2 3 4 5 -1 8 -8 -5 -6
right_child=-2 -3 -4 6 9 -7 7 -9 -10 -11
leaf_value=0.20814443033482341 1.6246832137949325 -1.4348183852666383 -1.6210684291683899 1.6180687198512358 0.39664779195245708 -0.68210885879873484 -3.0695936805725097 0.11166430266935433 0.20808064352502117 -1.6017726338578162
leaf_weight=1432 50 76 48 145 52 481 49 66 1582 213
leaf_count=1432 50 76 48 145 52 481 49 66 1582 213
internal_value=-0.00945304 -0.0295608 -0.00295732 0.016758 -0.161656 -0.0159303 0.227698 -1.25848 0.327341 -1.20956
internal_weight=4194 4144 4068 4020 2178 1913 1842 115 1727 265
internal_count=4194 4144 4068 4020 2178 1913 1842 115 1727 265
is_linear=0
shrinkage=0.03


Tree=446
num_leaves=9
num_cat=0
split_feature=30 39 17 17 31 40 40 16
split_gain=144311 162097 172235 192435 306203 150091 519293 257026
threshold=15903.207500000002 30.400000000000002 14907.170000000002 14105.055000000002 11553.247343750003 23.504166666666666 23.220833333333335 7981.8962500000007
decision_type=2 2 2 2 2 2 2 2
left_child=1 2 3 5 -5 6 -1 -7
right_child=-2 -3 -4 4 -6 7 -8 -9
leaf_value=-0.035582390193642462 1.5768983916675343 -1.3923328457250221 -1.6859060090117983 2.8103169909545356 -0.36468585769335427 1.4298950144340252 -1.7299540575180734 0.095679254665139657
leaf_weight=2335 50 76 53 55 53 144 174 1254
leaf_count=2335 50 76 53 55 53 144 174 1254
internal_value=-0.00919957 -0.0287163 -0.00290105 0.019726 1.26302 -0.0149527 -0.153736 0.234044
internal_weight=4194 4144 4068 4015 108 3907 2509 1398
internal_count=4194 4144 4068 4015 108 3907 2509 1398
is_linear=0
shrinkage=0.03


Tree=447
num_leaves=15
num_cat=0
split_feature=28 5 28 24 21 8 2 7 40 37 21 36 42 21
split_gain=122743 359601 296530 635570 311195 283855 360434 336622 286725 283139 363486 262702 231733 214524
threshold=1051.3758257254365 289.50000000000006 1129.880044844082 947.50877468273495 9639.0137500000001 -0.9159756150367534 4.5000000000000009 14.500000000000002 23.004166666666666 25.050000000000004 10708.955 285.93750000000006 88.500000000000014 7505.6450000000013
decision_type=2 2 2 2 2 2 2 2 2 2 2 2 2 2
left_child=1 9 3 4 13 6 -4 -7 11 10 -1 -9 -3 -2
right_child=2 12 5 -5 -6 7 -8 8 -10 -11 -12 -13 -14 -15
leaf_value=-0.088044797136288169 0.96568171689143556 -0.36741230072231468 -0.33824553353593528 3.2721978816086494 2.1088642600522594 -0.1325890418603787 -3.150330127692885 0.9550307909647624 0.29830836902922531 -1.5253732435663159 1.6276745610010057 3.5227823279885682 -2.3279440064728258 -1.4288631514459849
leaf_weight=941 51 108 172 80 51 1624 53 125 507 103 125 50 109 95
leaf_count=941 51 108 172 80 51 1624 53 125 507 103 125 50 109 95
internal_value=-0.00891855 -0.239828 0.105096 1.03514 0.114674 0.00293441 -1.01172 0.102338 0.661151 -0.0311881 0.114465 1.70461 -1.35843 -0.591431
internal_weight=4194 1386 2808 277 197 2531 225 2306 682 1169 1066 175 217 146
internal_count=4194 1386 2808 277 197 2531 225 2306 682 1169 1066 175 217 146
is_linear=0
shrinkage=0.03


Tree=448
num_leaves=15
num_cat=0
split_feature=22 35 22 36 5 24 2 39 17 3 38 38 32 21
split_gain=135045 304160 320541 289388 240004 221816 197982 377689 329653 330720 277846 470469 355870 230743
threshold=9611.4087500000005 342.1262499999994 9503.9075000000012 83.86875000000056 234.50000000000003 394.64374158783011 1.0000000180025095e-35 19.94166666666667 8122.6737500000008 17.500000000000004 18.950000000000003 20.450000000000003 2106.9349494682597 11986.537500000002
decision_type=2 2 2 2 2 2 2 2 2 2 2 2 2 2
left_child=1 2 -1 5 -5 -3 7 -2 9 -8 -10 -12 -13 -9
right_child=6 3 -4 4 -6 -7 8 13 10 -11 11 12 -14 -15
leaf_value=0.033659614116052616 3.285196102103408 -0.63982293801922951 -2.0498442513528077 1.1770823239196431 -1.5943795608014477 -3.0299723601341246 -3.3339459147267041 -0.042208004214414736 -1.9819320182642848 -0.17286006360054015 2.2289240531487899 0.33043586808533681 -0.80990731366577629 2.2315906205177307
leaf_weight=1802 48 61 68 65 48 83 49 204 52 74 98 1183 310 49
leaf_count=1802 48 61 68 65 48 83 49 204 52 74 98 1183 310 49
internal_value=-0.00862674 -0.176405 -0.0431512 -1.14201 -0.0037032 -2.02898 0.164016 0.873846 0.0425972 -1.44901 0.155086 0.226142 0.0932663 0.405165
internal_weight=4194 2127 1870 257 113 144 2067 301 1766 123 1643 1591 1493 253
internal_count=4194 2127 1870 257 113 144 2067 301 1766 123 1643 1591 1493 253
is_linear=0
shrinkage=0.03


Tree=449
num_leaves=9
num_cat=0
split_feature=30 39 17 17 31 28 28 28
split_gain=135145 151962 161890 181952 285015 118962 256523 212124
threshold=15903.207500000002 30.400000000000002 14907.170000000002 14105.055000000002 11553.247343750003 629.11482286546266 672.907975700208 593.66486070379221
decision_type=2 2 2 2 2 2 2 2
left_child=1 2 3 5 -5 7 -7 -1
right_child=-2 -3 -4 4 -6 6 -8 -9
leaf_value=-0.22053608782088277 1.5265016415539909 -1.3475831767684452 -1.6339705935451718 2.7213847530739645 -0.34193313933081093 1.7005494572939694 -0.0068359663126749846 -2.3848253837585447
leaf_weight=222 50 76 53 55 53 80 3556 49
leaf_count=222 50 76 53 55 53 80 3556 49
internal_value=-0.00839938 -0.0272864 -0.00229125 0.0196455 1.22861 -0.0140754 0.0311834 -0.619249
internal_weight=4194 4144 4068 4015 108 3907 3636 271
internal_count=4194 4144 4068 4015 108 3907 3636 271
is_linear=0
shrinkage=0.03


Tree=450
num_leaves=15
num_cat=0
split_feature=11 36 40 22 37 37 38 9 0 38 39 33 33 3
split_gain=163396 289025 238052 405196 404847 324698 202808 196805 221391 218970 427361 215832 202704 190625
threshold=-0.56174490092936669 221.86625000000052 21.508333333333336 9546.3737500000007 22.450000000000003 24.150000000000002 26.150000000000002 0.91597561503675362 1.0000000180025095e-35 18.650000000000002 19.341666666666672 7475.3375000000015 8172.3700000000008 17.500000000000004
decision_type=2 2 2 2 2 2 2 2 2 2 2 2 2 2
left_child=1 -1 5 4 -4 -3 -5 9 -9 -2 -11 13 -13 -10
right_child=7 2 3 6 -6 -7 -8 8 11 10 -12 12 -14 -15
leaf_value=0.73549301410558932 -1.3597703385069255 -0.39464740130305287 -0.80278973829746236 -3.397552337561335 2.2679477438801214 2.4715102059002652 -0.89610172301530833 -0.45302526455280206 1.6636461691707372 2.0127657162161432 -0.15202258506098631 3.0829387776586024 0.62695698763642993 -0.72174862259312678
leaf_weight=732 125 89 119 55 56 58 63 120 49 84 2384 68 55 75
leaf_count=732 125 89 119 55 56 58 63 120 49 84 2384 68 55 75
internal_value=0.0709504 0.370598 -0.236711 -0.730239 0.187064 0.745175 -2.08091 -0.0477741 0.601483 -0.139869 -0.0775511 1.11362 1.99877 0.226515
internal_weight=4132 1172 440 293 175 147 118 2960 367 2593 2468 247 123 124
internal_count=4132 1172 440 293 175 147 118 2960 367 2593 2468 247 123 124
is_linear=0
shrinkage=0.03


Tree=451
num_leaves=15
num_cat=0
split_feature=35 24 39 20 24 20 36 11 0 26 8 35 40 17
split_gain=258281 421017 216334 211430 426425 330507 371666 284963 173299 161932 141275 274891 281987 274223
threshold=-763.51250000000061 714.0204284055369 23.591666666666669 7552.3950000000013 362.62912837825223 7367.451250000001 -1026.7000000000005 -0.22252093395631442 14.500000000000002 14010.547500000002 -0.37940952255126031 -119.06500000000004 24.362500000000001 8122.6737500000008
decision_type=2 2 2 2 2 2 2 2 2 2 2 2 2 2
left_child=1 -1 -3 4 8 6 -6 -8 -2 -4 13 12 -12 -5
right_child=3 2 9 10 5 -7 7 -9 -10 -11 11 -13 -14 -15
leaf_value=2.9264463427295424 -2.2142352350826919 1.849403652439312 -1.7499217661821618 1.7328806977170816 -1.6725358042808418 2.6738805443395015 2.3150161009123829 0.28821919721469547 0.17960629112445389 0.50225222229957578 0.20281874613990949 -0.19364839917283974 1.5463129158419067 -0.48353400549635256
leaf_weight=72 57 48 52 52 54 85 98 170 51 62 686 1496 176 973
leaf_count=72 57 48 52 52 54 85 98 170 51 62 686 1496 176 973
internal_value=0.0688556 1.03473 0.181085 0.0106189 0.576289 1.02071 0.577346 1.03527 -1.0924 -0.531208 -0.0756345 0.052201 0.47862 -0.369498
internal_weight=4132 234 162 3898 515 407 322 268 108 114 3383 2358 862 1025
internal_count=4132 234 162 3898 515 407 322 268 108 114 3383 2358 862 1025
is_linear=0
shrinkage=0.03


Tree=452
num_leaves=15
num_cat=0
split_feature=35 16 18 20 20 7 47 44 23 35 16 41 43 43
split_gain=243221 206933 339231 198977 355144 406157 343386 241016 157143 218831 604330 296382 225942 212501
threshold=-763.51250000000061 12135.375000000002 11555.051250000002 7552.3950000000013 7339.8525000000009 14.500000000000002 0.11666666666666657 85.708333333333357 6740.7977083333344 553.00875000000008 9570.9100000000017 86.500000000000014 96.083333333333357 62.750000000000007
decision_type=2 2 2 2 2 2 2 2 2 2 2 2 2 2
left_child=1 2 -1 4 5 6 7 -2 -5 13 12 -12 -11 -10
right_child=3 -3 -4 8 -6 -7 -8 -9 9 10 11 -13 -14 -15
leaf_value=2.0550561239169194 -0.96264444741335764 2.7400497226325831 -0.53257270512797605 1.1167514366464515 1.9966791276971831 1.1364820052896225 -2.1814836709896723 1.713570601631488 -0.53642001324360911 -2.7198833388926191 -0.36169640825401012 1.6144507525606853 -0.46133755074214128 0.14876884558894479
leaf_weight=77 65 48 109 96 118 188 89 55 504 130 408 81 58 2106
leaf_count=77 65 48 109 96 118 188 89 55 504 130 408 81 58 2106
internal_value=0.0668478 1.00414 0.543831 0.0103342 0.559093 0.127819 -0.780515 0.267855 -0.0733404 -0.108432 -0.588625 -0.0317018 -2.0293 0.016296
internal_weight=4132 234 186 3898 515 397 209 120 3383 3287 677 489 188 2610
internal_count=4132 234 186 3898 515 397 209 120 3383 3287 677 489 188 2610
is_linear=0
shrinkage=0.03


Tree=453
num_leaves=15
num_cat=0
split_feature=35 24 33 11 24 27 40 44 40 40 40 36 52 43
split_gain=229104 390097 175173 169804 285565 290631 354403 273686 251106 317067 312138 292123 284638 309268
threshold=-763.51250000000061 714.0204284055369 8008.7887500000006 -0.56174490092936669 347.46004184541079 10933.592083333335 22.829166666666669 94.541666666666671 19.562500000000004 21.579166666666669 21.987500000000001 122.6100000000006 18.958333333333339 95.416666666666671
decision_type=2 2 2 2 2 2 2 2 2 2 2 2 2 2
left_child=1 -1 -3 8 5 6 -5 -6 -2 12 -11 -12 -10 -14
right_child=3 2 -4 4 7 -7 -8 -9 9 10 11 -13 13 -15
leaf_value=2.7954684542303214 -1.7313270807967467 -1.191268313307511 0.86780910207289397 -1.3609144220027054 0.077000226809470496 -2.8802894247902762 0.4669683361392129 -1.6975243861586957 1.8923407601469222 -1.8991622508906607 0.86694769602527788 -0.43146756880566223 -1.022668101335394 1.5969770492848596
leaf_weight=72 50 56 106 208 2280 53 175 80 201 66 330 294 86 75
leaf_count=72 50 56 106 208 2280 53 175 80 201 66 330 294 86 75
internal_value=0.0648769 0.974564 0.152996 0.0100279 -0.11428 -0.818719 -0.52664 0.016147 0.325255 0.424567 0.0468927 0.255459 1.14229 0.199896
internal_weight=4132 234 162 3898 2796 436 383 2360 1102 1052 690 624 362 161
internal_count=4132 234 162 3898 2796 436 383 2360 1102 1052 690 624 362 161
is_linear=0
shrinkage=0.03


Tree=454
num_leaves=15
num_cat=0
split_feature=11 36 40 15 37 27 17 44 41 47 40 43 19 38
split_gain=139515 260245 226613 254106 284885 233574 228458 226507 183092 269064 223104 239319 218910 171975
threshold=-0.56174490092936669 221.86625000000052 24.470833333333335 -0.90566889813915308 25.350000000000005 11184.6975 9656.4525000000012 94.541666666666671 93.500000000000014 0.066666666666666111 20.204166666666669 63.416666666666679 12455.990000000003 25.050000000000004
decision_type=2 2 2 2 2 2 2 2 2 2 2 2 2 2
left_child=1 8 3 -3 6 -4 -5 -2 10 -10 -1 12 -12 -13
right_child=7 2 5 4 -6 -7 -8 -9 9 -11 11 13 -14 -15
leaf_value=-0.86476618289947504 0.00070442905174139655 -1.6217400893422422 -2.9127525253856881 0.65933901253071692 2.0419031648696224 -0.026395251189961152 -1.4414915371934574 -1.495881392879689 1.1155431133441709 -1.1169833723805564 -1.4660423344036317 1.2011921796101115 1.2737577578654655 2.8229446645685141
leaf_weight=53 2867 60 50 131 78 50 71 93 88 106 52 309 51 73
leaf_count=53 2867 60 50 131 78 50 71 93 88 106 52 309 51 73
internal_value=0.0629039 0.339791 -0.236467 0.133767 0.514433 -1.48427 -0.0824613 -0.0468009 0.686046 -0.103687 0.970511 1.17246 -0.110095 1.51771
internal_weight=4132 1172 440 340 280 100 202 2960 732 194 538 485 103 382
internal_count=4132 1172 440 340 280 100 202 2960 732 194 538 485 103 382
is_linear=0
shrinkage=0.03


Tree=455
num_leaves=9
num_cat=0
split_feature=23 42 37 52 30 17 10 8
split_gain=208283 202999 257969 139102 309464 183507 147207 100602
threshold=14530.975208333335 37.500000000000007 29.250000000000004 48.750000000000007 8271.6062500000025 8493.3775000000023 0.6078576107927941 0.25881904510252091
decision_type=2 2 2 2 2 2 2 2
left_child=1 -1 3 4 -3 -6 7 -5
right_child=-2 2 -4 6 5 -7 -8 -9
leaf_value=-1.5570540291786195 1.5743720353198678 2.1774083553229349 1.7494163157124267 -0.60075983811232991 -0.35412978074308954 0.11802875202119952 0.46901728616041294 -2.4145813507503933
leaf_weight=74 75 58 75 58 1023 2678 50 53
leaf_count=74 75 58 75 58 1023 2678 50 53
internal_value=0.0183242 -0.0107331 0.0182884 -0.0152665 0.0218184 -0.0125378 -0.876002 -1.48078
internal_weight=4144 4069 3995 3920 3759 3701 161 111
internal_count=4144 4069 3995 3920 3759 3701 161 111
is_linear=0
shrinkage=0.03


Tree=456
num_leaves=14
num_cat=0
split_feature=26 43 3 17 31 20 42 23 24 14 22 36 39
split_gain=279662 154537 272382 290198 400715 434018 263821 160853 339837 332334 247083 216848 49529.1
threshold=15603.835000000001 61.750000000000007 2.5000000000000004 9163.9037500000031 9618.8117187500011 8174.0687500000013 53.500000000000007 10323.908125000002 1820.1419515232617 -0.97881962527324673 9047.8775000000005 -62.782500000000248 24.208333333333339
decision_type=2 2 2 2 2 2 2 2 2 2 2 2 2
left_child=1 2 -1 -4 -5 -6 12 8 11 -9 -11 -8 -3
right_child=-2 6 3 4 5 -7 7 9 -10 10 -12 -13 -14
leaf_value=-2.2386732294980218 1.9117338737197542 0.8969832217936613 1.8224644316094263 -2.778097555839409 2.2995583543024565 -0.49905845902916185 -0.33819093620104174 2.0870340392353768 -1.8720955795176484 -1.2140690317631948 0.37637418492728725 0.23489585922797959 2.2847024759954335
leaf_weight=67 68 48 55 58 56 398 1115 90 93 100 678 1270 48
leaf_count=67 68 48 55 58 56 398 1115 90 93 100 678 1270 48
internal_value=0.0177829 -0.0142714 -0.444298 -0.228669 -0.452158 -0.149526 0.065039 0.0203157 -0.102802 0.371527 0.170632 -0.0330484 1.6074
internal_weight=4144 4076 634 567 512 454 3442 3346 2478 868 778 2385 96
internal_count=4144 4076 634 567 512 454 3442 3346 2478 868 778 2385 96
is_linear=0
shrinkage=0.03


Tree=457
num_leaves=15
num_cat=0
split_feature=26 43 3 40 35 42 29 11 18 22 37 44 23 16
split_gain=263366 145455 256556 275663 312677 248550 228536 212129 158999 337059 360718 198225 267936 214686
threshold=15603.835000000001 61.750000000000007 2.5000000000000004 28.437500000000004 -114.99624999999922 53.500000000000007 8625.621250000002 1.0000000180025095e-35 10195.476250000002 13566.910000000002 24.550000000000004 67.041666666666671 10061.730833333335 8786.2525000000005
decision_type=2 2 2 2 2 2 2 2 2 2 2 2 2 2
left_child=1 2 -1 4 7 -3 -6 -4 11 -10 -11 13 -13 -7
right_child=-2 5 3 -5 6 8 -8 -9 9 10 -12 12 -14 -15
leaf_value=-2.1725007056488712 1.855213051256926 1.5601646984913913 -0.30154422989913393 1.322511319910938 1.5691000932651562 1.6741817064381934 -0.70357219912308522 -1.8475193075700238 0.5606067444400139 0.59222996629517655 -2.6804968036338686 -0.13174515179202675 -1.7952775356271764 -0.12441385522484778
leaf_weight=67 68 96 167 87 90 110 70 153 835 57 63 2062 90 129
leaf_count=67 68 96 167 87 90 110 70 153 835 57 63 2062 90 129
internal_value=0.017271 -0.0138353 -0.431035 -0.221764 -0.503863 0.0631094 0.576519 -1.04421 0.0196996 0.34672 -1.13378 -0.111001 -0.202125 0.706856
internal_weight=4144 4076 634 567 480 3442 160 320 3346 955 120 2391 2152 239
internal_count=4144 4076 634 567 480 3442 160 320 3346 955 120 2391 2152 239
is_linear=0
shrinkage=0.03


Tree=458
num_leaves=15
num_cat=0
split_feature=21 20 20 28 17 16 3 16 28 48 30 28 21 33
split_gain=188854 257920 470268 443677 405628 455796 299033 297150 316214 279980 269394 227844 218061 225102
threshold=9551.3825000000015 8663.3062500000015 8808.7187500000018 934.03791294477799 8364.541250000002 9818.4375000000018 16.500000000000004 9891.0300000000025 2063.618304866503 0.32083333333333325 15354.697500000002 1004.1455551392038 8033.6087500000012 8024.7462500000011
decision_type=2 2 2 2 2 2 2 2 2 2 2 2 2 2
left_child=12 3 -3 -2 6 11 -4 -5 9 -9 -7 -6 -1 -14
right_child=1 2 4 7 5 10 -8 8 -10 -11 -12 -13 13 -15
leaf_value=0.18808596732727648 3.285373955132826 -2.0941387216588283 -3.3073045560191656 -1.2622709573768987 2.8422889706419734 -0.19813587910292166 -0.14233475166148152 0.87677951714112645 -0.15487048793652841 3.2935316877584064 1.3320878743529319 0.66868217167101407 -0.68484126861680583 0.22911147804841039
leaf_weight=835 52 93 50 81 81 754 57 377 270 48 119 94 902 331
leaf_count=835 52 93 50 81 81 754 57 377 270 48 119 94 902 331
internal_value=0.0167482 0.218831 -0.0535841 0.629016 0.112377 0.292531 -1.63836 0.446994 0.647753 1.15686 0.0117196 1.68527 -0.186117 -0.439491
internal_weight=4144 2076 1248 828 1155 1048 107 776 695 425 873 175 2068 1233
internal_count=4144 2076 1248 828 1155 1048 107 776 695 425 873 175 2068 1233
is_linear=0
shrinkage=0.03


Tree=459
num_leaves=13
num_cat=0
split_feature=26 53 17 22 52 23 17 25 41 24 10 22
split_gain=245916 131615 230922 271031 139703 157851 302752 266330 224509 212630 137921 98490.2
threshold=15603.835000000001 1.0000000180025095e-35 9864.8112500000025 9129.9900000000016 48.750000000000007 12055.580625000001 12899.341250000001 10349.657500000003 63.500000000000007 1776.8712504530392 0.6078576107927941 9110.0037500000017
decision_type=2 2 2 2 2 2 2 2 2 2 2 2
left_child=1 4 3 -3 5 6 9 -7 -9 -1 11 -6
right_child=-2 2 -4 -5 10 7 -8 8 -10 -11 -12 -13
leaf_value=0.1617533411213003 1.792292191049327 -0.31062450479893455 0.70545471569587437 -3.3019053411483763 -0.61550266765412831 -1.969877422760768 2.2008580879938036 0.34131370183965187 -0.9902736656847646 -0.89778905204646497 0.46080159650129426 -2.4193014284133909
leaf_weight=2929 68 62 57 48 62 82 62 319 176 180 50 49
leaf_count=2929 68 62 57 48 62 82 62 319 176 180 50 49
internal_value=0.016281 -0.0137769 -0.83599 -1.63403 0.0215506 0.0588207 0.141895 -0.397159 -0.133151 0.100136 -0.840993 -1.4264
internal_weight=4144 4076 167 110 3909 3748 3171 577 495 3109 161 111
internal_count=4144 4076 167 110 3909 3748 3171 577 495 3109 161 111
is_linear=0
shrinkage=0.03


Tree=460
num_leaves=13
num_cat=0
split_feature=22 20 24 17 25 22 24 17 18 14 22 35
split_gain=131846 191093 296190 163539 232315 140409 245795 189805 421841 318546 272264 161091
threshold=14031.265000000001 8418.3262500000001 1576.2742540517249 14105.055000000002 12770.261250000001 13024.608750000003 1560.1590340492442 10479.172500000002 9864.8112500000025 -0.44709379298511415 12412.465000000002 24.237499999999276
decision_type=2 2 2 2 2 2 2 2 2 2 2 2
left_child=3 -2 -3 5 -5 7 -7 10 -9 -10 11 -1
right_child=1 2 -4 4 -6 6 -8 8 9 -11 -12 -13
leaf_value=0.28412741024263444 0.69282324604690071 -2.5175556923747062 0.14242955821876724 2.7044344649595371 0.016884445162380444 1.9713733197848002 -0.24327793569355219 -3.0319874965667726 0.24680259272116911 -0.86471306124992686 2.1194129993876474 -0.20120295736949659
leaf_weight=1549 63 79 71 50 67 89 90 49 570 390 60 1020
leaf_count=1549 63 79 71 50 67 89 90 49 570 390 60 1020
internal_value=0.0393096 -0.685882 -1.26579 0.0787421 1.17872 0.0447213 0.862613 0.00424857 -0.345325 -0.205165 0.138499 0.0914219
internal_weight=4147 213 150 3934 117 3817 179 3638 1009 960 2629 2569
internal_count=4147 213 150 3934 117 3817 179 3638 1009 960 2629 2569
is_linear=0
shrinkage=0.03


Tree=461
num_leaves=13
num_cat=0
split_feature=14 21 33 15 39 38 21 53 24 24 43 19
split_gain=131222 121096 257592 241550 226449 232974 214774 187737 221258 162006 293377 293041
threshold=-0.99937381720471408 13654.248750000002 9398.2000000000025 -0.52211334636400797 23.991666666666671 23.050000000000004 13200.643750000003 1.0000000180025095e-35 764.48730945497005 1449.1431380971514 92.916666666666671 6367.4412500000008
decision_type=2 2 2 2 2 2 2 2 2 2 2 2
left_child=-1 6 3 -3 5 -5 7 9 -9 11 -11 -2
right_child=1 2 -4 4 -6 -7 -8 8 -10 10 -12 -13
leaf_value=-1.2497613307152475 2.4432738090963926 -2.7687678974910694 1.4138224060921107 0.51582667090676049 1.3235845689384305 -1.9634198426021321 1.5141345309301426 -1.8813061972875749 0.39476118813861499 -0.031047843541497384 -2.0048609775166177 0.15030108343327406
leaf_weight=69 50 50 50 54 48 90 94 92 65 320 85 3080
leaf_count=69 50 50 50 54 48 90 94 92 65 320 85 3080
internal_value=0.0381401 0.0602362 -0.527363 -0.932664 -0.442565 -1.03645 0.105687 0.0694227 -0.942356 0.114617 -0.44926 0.187703
internal_weight=4147 4078 292 242 192 144 3786 3692 157 3535 405 3130
internal_count=4147 4078 292 242 192 144 3786 3692 157 3535 405 3130
is_linear=0
shrinkage=0.03


Tree=462
num_leaves=11
num_cat=0
split_feature=43 44 39 18 18 44 36 14 36 35
split_gain=125318 197435 195672 256101 146197 145955 314213 142657 272142 168524
threshold=96.083333333333357 94.708333333333357 20.225000000000005 7747.7200000000012 6307.8249999999998 92.291666666666671 -315.4724999999998 -0.99466323211226826 558.16749999999968 669.00125000000037
decision_type=2 2 2 2 2 2 2 2 2 2
left_child=1 4 3 -2 -1 7 -7 8 -6 -9
right_child=2 -3 -4 -5 5 6 -8 9 -10 -11
leaf_value=-1.378547572439367 2.4861752526731373 -1.8222845746886054 -0.34661706909537315 -0.08486393111651061 -1.3029178998821731 2.5579650557041167 -0.18344248885693756 0.12707154304376117 1.1221378389488565 -0.56604170844001189
leaf_weight=65 82 52 95 60 172 63 91 3062 54 351
leaf_count=65 82 52 95 60 172 63 91 3062 54 351
internal_value=0.0369804 -0.0036975 0.705339 1.40672 0.0212763 0.0456258 0.947213 0.00721737 -0.721023 0.055641
internal_weight=4147 3910 237 142 3858 3793 154 3639 226 3413
internal_count=4147 3910 237 142 3858 3793 154 3639 226 3413
is_linear=0
shrinkage=0.03


Tree=463
num_leaves=15
num_cat=0
split_feature=35 47 9 28 28 11 47 21 47 37 34 14 21 21
split_gain=124355 320954 370213 231833 245782 161894 150305 235210 250273 343237 307141 186056 303734 194105
threshold=-603.92500000000007 0.16666666666666663 0.37940952255126048 1664.5496646726972 1243.0911252053124 1.0000000180025095e-35 0.30833333333333318 10819.521250000003 0.37499999999999978 23.450000000000003 12277.021250000002 -0.99466323211226826 10171.482500000002 8221.6137500000023
decision_type=2 2 2 2 2 2 2 2 2 2 2 2 2 2
left_child=1 3 -3 4 5 -1 11 8 -8 10 -10 12 13 -2
right_child=6 2 -4 -5 -6 -7 7 -9 9 -11 -12 -13 -14 -15
leaf_value=0.24839951389176504 -0.66173730325698843 -1.7834660651606897 1.379185988352849 2.1665257516557519 -1.0357301964688657 2.4346737124703148 1.8595092525694739 1.8717236267134201 0.95848292231766719 -2.3122254831140689 -0.7918466859479103 -0.044465576955961351 0.74945824952423568 -3.0119138449430465
leaf_weight=69 64 92 51 109 66 54 67 85 215 54 154 2945 59 63
leaf_count=69 64 92 51 109 66 54 67 85 215 54 154 2945 59 63
internal_value=0.0358749 0.511514 -0.653678 1.07102 0.431058 1.22024 -0.020843 0.424546 0.170174 -0.101123 0.227787 -0.102752 -1.02036 -1.84211
internal_weight=4147 441 143 298 189 123 3706 575 490 423 369 3131 186 127
internal_count=4147 441 143 298 189 123 3706 575 490 423 369 3131 186 127
is_linear=0
shrinkage=0.03


Tree=464
num_leaves=15
num_cat=0
split_feature=22 40 32 22 53 28 34 44 35 16 19 17 22 18
split_gain=120410 180836 278619 152410 213750 191824 181004 265326 168475 375535 279969 232453 325816 299287
threshold=14031.265000000001 20.745833333333337 1861.8664494564912 13024.608750000003 1.0000000180025095e-35 1188.4154757507702 12497.766250000002 76.791666666666671 -516.83875000000069 12135.375000000002 9322.5387500000015 10479.172500000002 12373.637500000003 9864.8112500000025
decision_type=2 2 2 2 2 2 2 2 2 2 2 2 2 2
left_child=3 -2 -3 4 8 -6 -5 -8 9 10 -1 12 -10 -13
right_child=1 2 -4 6 5 -7 7 -9 11 -11 -12 13 -14 -15
leaf_value=-1.0232622348060127 0.40144624208581858 0.26020735749331386 -2.5692559907565244 2.194913580758231 -2.0427685697143336 -0.052895794376250235 2.0463272179747527 -0.53046074292489453 0.074673949330199288 2.6302249462113658 0.61950057511260803 -2.7429028364590233 2.2641047363054185 -0.31598288673162456
leaf_weight=118 86 54 73 62 82 92 52 111 2113 67 433 48 62 694
leaf_count=118 86 54 73 62 82 92 52 111 2113 67 433 48 62 694
internal_value=0.0348134 -0.658214 -1.37343 0.0724977 0.026399 -0.997052 0.828864 0.298956 0.0770473 0.526576 0.266449 -0.0183331 0.138104 -0.476481
internal_weight=4147 213 127 3934 3709 174 225 163 3535 618 551 2917 2175 742
internal_count=4147 213 127 3934 3709 174 225 163 3535 618 551 2917 2175 742
is_linear=0
shrinkage=0.03


Tree=465
num_leaves=15
num_cat=0
split_feature=24 44 38 43 3 35 20 35 22 37 9 21 7 52
split_gain=200362 348473 143451 201025 377992 252302 212174 184052 493022 328648 287527 257608 228170 156974
threshold=1973.2268739116646 88.625000000000014 31.950000000000003 61.750000000000007 2.5000000000000004 -60.593749999999538 13569.050000000001 24.237499999999276 12552.758750000003 23.350000000000005 -0.91597561503675329 13654.248750000002 20.500000000000004 6.541666666666667
decision_type=2 2 2 2 2 2 2 2 2 2 2 2 2 2
left_child=2 -2 3 4 -1 6 -6 11 10 -10 -9 12 -5 -7
right_child=1 -3 -4 7 5 13 -8 8 9 -11 -12 -13 -14 -15
leaf_value=-2.7466077157258986 0.42882418664835265 -2.8256117602884769 1.6451839442399083 0.50460362477948839 -0.85878245785351714 0.025508748172374252 1.2432888038547671 -1.9056320789948249 2.9419756571192348 0.33820609888692538 -0.24705801817030396 -1.7784916138873907 -0.29842079927623272 2.0259652693796966
leaf_weight=59 58 59 48 1565 371 88 48 102 66 126 1092 52 399 58
leaf_count=59 58 59 48 1565 371 88 48 102 66 126 1092 52 399 58
internal_value=-0.00353084 -1.22221 0.0317558 0.0121122 -0.482416 -0.241517 -0.61555 0.102939 -0.163111 1.24394 -0.390234 0.285846 0.341387 0.828689
internal_weight=4191 117 4074 4026 624 565 419 3402 1386 192 1194 2016 1964 146
internal_count=4191 117 4074 4026 624 565 419 3402 1386 192 1194 2016 1964 146
is_linear=0
shrinkage=0.03


Tree=466
num_leaves=14
num_cat=0
split_feature=24 42 38 43 47 25 25 35 22 37 9 21 0
split_gain=188710 336612 135146 189150 276351 321182 355214 173136 464216 309527 270718 242622 214703
threshold=1973.2268739116646 74.500000000000014 31.950000000000003 61.750000000000007 0.11666666666666657 13570.482500000002 12489.498750000002 24.237499999999276 12552.758750000003 23.350000000000005 -0.91597561503675329 13654.248750000002 20.500000000000004
decision_type=2 2 2 2 2 2 2 2 2 2 2 2 2
left_child=2 -2 3 4 5 6 -1 11 10 -10 -9 12 -5
right_child=1 -3 -4 7 -6 -7 -8 8 9 -11 -12 -13 -14
leaf_value=-0.1666751402844108 0.18496420777362324 -3.0548685949087142 1.5968357076389448 0.48947518622595454 -1.958100332962839 1.8674772765636443 -2.7527868813938561 -1.8490181540285497 2.8550336482275775 0.32813980218932387 -0.23965305841034523 -1.7261435651779173 -0.28949056807123119
leaf_weight=418 68 49 48 1565 94 59 53 102 66 126 1092 52 399
leaf_count=418 68 49 48 1565 94 59 53 102 66 126 1092 52 399
internal_value=-0.00343549 -1.18615 0.0308097 0.0117431 -0.467957 -0.20045 -0.462929 0.0998465 -0.158193 1.20713 -0.378581 0.277247 0.331149
internal_weight=4191 117 4074 4026 624 530 471 3402 1386 192 1194 2016 1964
internal_count=4191 117 4074 4026 624 530 471 3402 1386 192 1194 2016 1964
is_linear=0
shrinkage=0.03


Tree=467
num_leaves=14
num_cat=0
split_feature=24 42 38 43 3 30 35 35 22 37 9 21 0
split_gain=177772 317105 127325 178063 353209 248770 277020 162867 437094 291518 254892 228508 202031
threshold=1973.2268739116646 74.500000000000014 31.950000000000003 61.750000000000007 2.5000000000000004 11366.586250000002 -64.241250000000932 24.237499999999276 12552.758750000003 23.350000000000005 -0.91597561503675329 13654.248750000002 20.500000000000004
decision_type=2 2 2 2 2 2 2 2 2 2 2 2 2
left_child=2 -2 3 4 -1 -6 -7 11 10 -10 -9 12 -5
right_child=1 -3 -4 7 5 6 -8 8 9 -11 -12 -13 -14
leaf_value=-2.6427515685558318 0.17949570116789443 -2.9650554542541503 1.5499082997380471 0.47480030526688954 1.8224651311368358 -0.79153232388999306 0.85775132910544127 -1.7940861638309886 2.7706610460423713 0.31837313040034976 -0.23247004711998784 -1.6753363051954304 -0.28082756182132285
leaf_weight=59 68 49 48 1565 48 399 118 102 66 126 1092 52 399
leaf_count=59 68 49 48 1565 48 399 118 102 66 126 1092 52 399
internal_value=-0.00336627 -1.15129 0.0298714 0.0113647 -0.454064 -0.221219 -0.414142 0.096847 -0.153423 1.17141 -0.367277 0.268906 0.321217
internal_weight=4191 117 4074 4026 624 565 517 3402 1386 192 1194 2016 1964
internal_count=4191 117 4074 4026 624 565 517 3402 1386 192 1194 2016 1964
is_linear=0
shrinkage=0.03


Tree=468
num_leaves=15
num_cat=0
split_feature=24 42 9 8 26 18 8 2 19 39 8 37 28 15
split_gain=167472 298729 122422 296623 556329 455474 423704 421143 254879 247987 236589 206906 467376 397255
threshold=1973.2268739116646 74.500000000000014 -0.5 0.37940952255126054 10279.436250000002 9794.0650000000023 -0.60355339059327384 5.5000000000000009 11981.031250000002 21.591666666666669 -0.25881904510252046 23.950000000000003 1055.6127154510077 -0.66012780149078443
decision_type=2 2 2 2 2 2 2 2 2 2 2 2 2 2
left_child=2 -2 3 6 -5 -6 7 8 -1 -8 -11 -4 13 -13
right_child=1 -3 11 4 5 -7 9 -9 -10 10 -12 12 -14 -15
leaf_value=2.2280686929738018 0.1741888257731562 -2.8778828407287596 0.0067917571218491365 3.7001842627525328 -1.3528391260570949 1.489408252307159 -2.06505577355215 -1.6688578858494758 0.4619956745947561 -1.1828218805348432 0.16687438723657813 -0.42697357593883162 0.12438003545637287 -3.9557282200167254
leaf_weight=141 68 49 2509 59 80 135 72 49 154 161 419 54 180 61
leaf_count=141 68 49 2509 59 80 135 72 49 154 161 419 54 180 61
internal_value=-0.00328242 -1.11746 0.028978 0.273221 1.14542 0.430391 0.0323553 0.88276 1.31084 -0.416966 -0.209148 -0.0816983 -0.831844 -2.31684
internal_weight=4191 117 4074 1270 274 215 996 344 295 652 580 2804 295 115
internal_count=4191 117 4074 1270 274 215 996 344 295 652 580 2804 295 115
is_linear=0
shrinkage=0.03


Tree=469
num_leaves=15
num_cat=0
split_feature=24 44 38 40 9 42 21 40 22 10 9 35 28 16
split_gain=157763 308333 120810 156057 361915 305857 265828 170370 438460 155187 151558 491019 239878 137118
threshold=1973.2268739116646 88.625000000000014 31.950000000000003 25.762500000000006 0.25881904510252057 69.500000000000014 8757.7512500000012 25.237500000000001 8577.7675000000017 1.0000000180025095e-35 -0.25881904510252068 669.00125000000037 720.7710753834923 9838.7075000000023
decision_type=2 2 2 2 2 2 2 2 2 2 2 2 2 2
left_child=2 -2 3 7 9 -6 -7 10 -9 -5 12 -12 -1 -10
right_child=1 -3 -4 4 5 6 -8 8 13 -11 11 -13 -14 -15
leaf_value=1.9596686541693551 0.46746663239042635 -2.5930084018707271 1.508730070834257 -0.88536660104381792 1.3392558458074926 0.47575935682320653 -2.0715914639673736 3.0577440581321715 0.89450361199933903 -3.2877780689912681 -0.063358145433232968 -2.657929688604439 0.16225006728138541 -1.1963961722634056
leaf_weight=69 58 59 48 48 95 71 75 59 57 50 1899 67 1482 54
leaf_count=69 58 59 48 48 95 71 75 59 57 50 1899 67 1482 54
internal_value=-0.00322079 -1.08462 0.0280904 0.0100635 -0.604933 0.0222408 -0.8379 0.0667619 0.991486 -2.13207 0.0217905 -0.153093 0.243433 -0.124157
internal_weight=4191 117 4074 4026 339 241 146 3687 170 98 3517 1966 1551 111
internal_count=4191 117 4074 4026 339 241 146 3687 170 98 3517 1966 1551 111
is_linear=0
shrinkage=0.03


Tree=470
num_leaves=15
num_cat=0
split_feature=37 51 37 9 19 28 38 5 37 24 35 28 36 33
split_gain=161938 306422 203798 159848 297486 339244 284309 270445 189380 183802 476416 212916 175005 166574
threshold=29.250000000000004 2.5833333333333335 28.350000000000005 -0.91597561503675329 6713.6762500000013 1254.5807445987164 24.750000000000004 189.50000000000003 24.350000000000005 551.02737661920798 735.01124999999968 1494.6261379798241 -449.85375000000016 6682.3187500000013
decision_type=2 2 2 2 2 2 2 2 2 2 2 2 2 2
left_child=2 -2 3 6 5 12 8 -8 -1 10 -6 -11 -5 -9
right_child=1 -3 -4 4 9 -7 7 13 -10 11 -12 -13 -14 -15
leaf_value=-0.34122937302840384 -0.52832539388688948 2.4222312663949053 -1.546139033242528 0.90036881446838379 -0.13048985079615588 -0.64239193081855772 -1.5855232768058776 -1.0108639028662136 -2.635103165919964 -0.0085268576777456796 -2.9782740205959839 0.67255280919703353 3.2466251784104565 0.91822768342494954
leaf_weight=56 58 68 76 53 1370 55 74 51 77 1284 54 608 64 179
leaf_count=56 58 68 76 53 1370 55 74 51 77 1284 54 608 64 179
internal_value=0.0158022 1.07045 -0.0176665 0.0123118 0.0801283 1.29293 -0.527891 -0.0203219 -1.67913 0.0168453 -0.240506 0.210572 2.20056 0.487883
internal_weight=4127 126 4001 3925 3488 172 437 304 133 3316 1424 1892 117 230
internal_count=4127 126 4001 3925 3488 172 437 304 133 3316 1424 1892 117 230
is_linear=0
shrinkage=0.03


Tree=471
num_leaves=15
num_cat=0
split_feature=43 35 20 3 8 39 33 2 8 5 19 18 25 9
split_gain=116360 128438 360802 528576 590817 380133 331565 400616 231519 196596 190705 189670 161176 256209
threshold=97.250000000000014 553.00875000000008 9656.4525000000012 10.500000000000002 0.91597561503675362 19.908333333333339 8632.7550000000028 4.5000000000000009 0.98296291314453421 274.50000000000006 8031.9900000000007 6447.4287500000019 8783.6774999999998 -0.91597561503675329
decision_type=2 2 2 2 2 2 2 2 2 2 2 2 2 2
left_child=1 8 3 9 5 -5 7 10 11 -3 -4 -1 13 -13
right_child=-2 2 6 4 -6 -7 -8 -9 -10 -11 -12 12 -14 -15
leaf_value=-1.6978216271741049 1.178307411827539 0.70728404336854023 -2.3653402585029601 0.78068455488451061 2.0562199872539888 -1.9673456335904305 0.99806707401664885 -3.6127073855740681 1.7529091122746467 3.0462760755522496 -0.095014515312591405 -0.88970201215487998 -0.13325950121828195 0.42138277623785864
leaf_weight=55 75 75 49 61 61 170 48 69 71 57 100 148 1739 1349
leaf_count=55 75 75 49 61 61 170 48 69 71 57 100 148 1739 1349
internal_value=0.0153039 -0.00650434 -0.379028 0.164564 -0.547775 -1.24137 -1.24293 -1.73874 0.070036 1.73273 -0.852523 0.0332037 0.0631448 0.291246
internal_weight=4127 4052 690 424 292 231 266 218 3362 132 149 3291 3236 1497
internal_count=4127 4052 690 424 292 231 266 218 3362 132 149 3291 3236 1497
is_linear=0
shrinkage=0.03


Tree=472
num_leaves=13
num_cat=0
split_feature=37 51 37 9 21 19 16 38 44 39 22 37
split_gain=152942 289276 190717 143816 376950 299800 391931 266852 268560 366539 180641 175084
threshold=29.250000000000004 2.5833333333333335 28.350000000000005 -0.91597561503675329 14542.665000000003 6713.6762500000013 9717.6162500000009 24.750000000000004 82.541666666666671 23.591666666666669 14031.265000000001 24.350000000000005
decision_type=2 2 2 2 2 2 2 2 2 2 2 2
left_child=2 -2 3 7 5 6 -5 11 -9 -10 -7 -1
right_child=1 -3 -4 4 -6 10 -8 8 9 -11 -12 -13
leaf_value=-0.3299489954898232 -0.51361014859151033 2.3531993489680083 -1.4962866361419875 2.1409467334270476 2.6358966114941764 0.0015634381774910237 -1.0314403496956339 -1.6262974860130901 -0.13602975622300179 2.7582240227222443 -1.7808568164935479 -2.5355979418754577
leaf_weight=56 58 68 76 124 50 3215 48 70 185 49 51 77
leaf_count=56 58 68 76 124 50 3215 48 70 185 49 51 77
internal_value=0.014846 1.03979 -0.0176795 0.0113209 0.0756469 0.0376523 1.2547 -0.501076 -0.00936871 0.479126 -0.0268018 -1.61641
internal_weight=4127 126 4001 3925 3488 3438 172 437 304 234 3266 133
internal_count=4127 126 4001 3925 3488 3438 172 437 304 234 3266 133
is_linear=0
shrinkage=0.03


Tree=473
num_leaves=10
num_cat=0
split_feature=37 51 37 22 22 29 43 35 35
split_gain=144027 272432 179589 132932 265947 196439 109264 185352 158951
threshold=29.250000000000004 2.5833333333333335 28.350000000000005 14407.698750000001 14031.265000000001 8184.8925000000008 97.083333333333357 640.3412499999996 553.00875000000008
decision_type=2 2 2 2 2 2 2 2 2
left_child=2 -2 3 4 6 -5 8 -8 -1
right_child=1 -3 -4 5 -6 -7 7 -9 -10
leaf_value=0.075588378674346438 -0.49846300412032557 2.283626527993575 -1.4519809959151526 -0.27541191101074219 -1.9821042856622912 2.3930992269866604 -0.31008545155427891 2.3069218162127902 -0.45860471529422797
leaf_weight=3073 58 68 76 48 60 50 48 48 598
leaf_count=3073 58 68 76 48 60 50 48 48 598
internal_value=0.0144034 1.00902 -0.0171598 0.0109816 -0.017087 1.09634 0.0147252 1.00856 -0.0115279
internal_weight=4127 126 4001 3925 3827 98 3767 96 3671
internal_count=4127 126 4001 3925 3827 98 3767 96 3671
is_linear=0
shrinkage=0.03


Tree=474
num_leaves=13
num_cat=0
split_feature=37 51 37 9 21 38 44 39 21 31 18 24
split_gain=135628 256569 169113 134879 352420 251805 253887 343938 165263 147894 272916 200815
threshold=29.250000000000004 2.5833333333333335 28.350000000000005 -0.91597561503675329 14542.665000000003 24.750000000000004 82.541666666666671 23.591666666666669 11000.408750000001 8850.5504687500015 9891.0300000000025 503.36092062738265
decision_type=2 2 2 2 2 2 2 2 2 2 2 2
left_child=2 -2 3 5 9 8 -7 -8 -1 10 -5 -11
right_child=1 -3 -4 4 -6 6 7 -9 -10 11 -12 -13
leaf_value=-2.9155745910195741 -0.4837625729835639 2.2161105817945104 -1.4089873083226092 0.22610629252975387 2.5485054378649767 -1.5800567532928895 -0.12886011785076509 2.6747540159225465 -0.73256033573831825 -0.45001946779160068 2.2641980921477081 0.11019514842426963
leaf_weight=50 58 68 76 783 50 70 185 49 83 862 63 1730
leaf_count=50 58 68 76 783 50 70 185 49 83 862 63 1730
internal_value=0.0139861 0.97917 -0.0166429 0.0106653 0.072961 -0.485556 -0.00791577 0.467041 -1.56899 0.0362233 0.380391 -0.0762067
internal_weight=4127 126 4001 3925 3488 437 304 234 133 3438 846 2592
internal_count=4127 126 4001 3925 3488 437 304 234 133 3438 846 2592
is_linear=0
shrinkage=0.03


Tree=475
num_leaves=15
num_cat=0
split_feature=19 16 21 16 17 16 39 38 3 21 44 35 9 14
split_gain=186327 272628 220717 384455 488948 303440 418691 251111 234913 185795 354667 159237 276350 497362
threshold=14354.066250000002 12858.251250000003 9195.1975000000002 8141.0187500000002 8002.55375 10260.601250000002 20.358333333333338 22.750000000000004 5.5000000000000009 8586.2812500000018 67.541666666666671 -155.55749999999986 0.25881904510252057 -0.77332218843568024
decision_type=2 2 2 2 2 2 2 2 2 2 2 2 2 2
left_child=2 -2 7 -4 -5 6 -6 11 -7 -9 -11 -1 13 -13
right_child=1 -3 3 4 5 8 -8 9 -10 10 -12 12 -14 -15
leaf_value=0.20811822917999842 0.12079595530033112 -2.291059604465961 2.652841798162886 -2.2957286122689644 2.2014109546833849 0.74000866246806996 0.35492692036398693 -0.26358696166859119 -0.22245381668737504 0.24738375806808474 -2.5932184178989472 -1.5172897945075738 -0.77700869499186231 1.8902536339078631
leaf_weight=801 89 79 55 71 140 285 514 171 1129 59 118 60 492 104
leaf_count=801 89 79 55 71 140 285 514 171 1129 59 118 60 492 104
internal_value=-0.044381 -1.02011 -0.0031417 0.198969 0.134656 0.219174 0.752979 -0.248793 -0.0280674 -0.971596 -1.6502 -0.075595 -0.421832 0.64186
internal_weight=4167 168 3999 2194 2139 2068 654 1805 1414 348 177 1457 656 164
internal_count=4167 168 3999 2194 2139 2068 654 1805 1414 348 177 1457 656 164
is_linear=0
shrinkage=0.03


Tree=476
num_leaves=15
num_cat=0
split_feature=19 16 3 8 8 39 28 40 41 28 17 17 42 30
split_gain=175453 256714 174999 244866 368572 324273 408040 237056 407719 274531 202272 351793 228190 211593
threshold=14354.066250000002 12858.251250000003 8.5000000000000018 -0.60355339059327384 -0.37940952255126031 27.325000000000003 1576.4242242656758 20.804166666666671 72.500000000000014 1149.599079823374 11904.533750000001 12714.451250000002 61.500000000000007 14010.547500000002
decision_type=2 2 2 2 2 2 2 2 2 2 2 2 2 2
left_child=2 -2 7 5 -5 6 -4 8 -1 -10 12 -12 -9 -13
right_child=1 -3 3 4 -6 -7 -8 10 9 -11 11 13 -14 -15
leaf_value=3.4788766749988902 0.11721234611670177 -2.2231869626194238 0.17461951317762547 -1.378601793044457 -0.14797989261974678 -1.6203017549514771 2.0118074483124175 -1.2416383061991181 1.7189736310366925 -1.2834318823539295 2.474565127958734 -1.4660066340366997 0.14876815473431865 1.0661889174851504
leaf_weight=54 89 79 580 247 1879 69 133 128 57 51 82 53 601 65
leaf_count=54 89 79 580 247 1879 69 133 128 57 51 82 53 601 65
internal_value=-0.0430604 -0.989887 -0.00304252 -0.124607 -0.291542 0.32901 0.519679 0.320783 1.37608 0.302266 0.135462 0.978075 -0.0967095 -0.073789
internal_weight=4167 168 3999 2908 2126 782 713 1091 162 108 929 200 729 118
internal_count=4167 168 3999 2908 2126 782 713 1091 162 108 929 200 729 118
is_linear=0
shrinkage=0.03


Tree=477
num_leaves=15
num_cat=0
split_feature=19 16 21 16 17 16 39 38 28 2 21 44 35 9
split_gain=165222 241729 201213 364838 458656 288278 389928 236901 228623 204654 159914 296420 152189 259168
threshold=14354.066250000002 12858.251250000003 9195.1975000000002 8141.0187500000002 8002.55375 10260.601250000002 20.358333333333338 22.750000000000004 898.71762294104599 1.0000000180025095e-35 8586.2812500000018 67.791666666666671 -155.55749999999986 0.25881904510252057
decision_type=2 2 2 2 2 2 2 2 2 2 2 2 2 2
left_child=2 -2 7 -4 -5 6 -6 12 -7 -9 -11 -12 -1 -14
right_child=1 -3 3 4 5 8 -8 9 -10 10 11 -13 13 -15
leaf_value=0.20811424298994613 0.11373507150014241 -2.1573250713050367 2.5804973648914271 -2.2264880002041658 2.1273612946145075 -1.2306499423797312 0.34541729394324772 0.17379679380144392 0.089492656874990389 -0.52186138953802719 -0.16240207343685384 -3.07447391109622 0.62235521919077086 -0.75169562865222439
leaf_weight=801 89 79 55 71 140 129 514 104 1285 105 48 91 164 492
leaf_count=801 89 79 55 71 140 129 514 104 1285 105 48 91 164 492
internal_value=-0.0417552 -0.960561 -0.00292151 0.190053 0.127404 0.209263 0.729562 -0.237468 -0.0317187 -0.939521 -1.41288 -2.07732 -0.0692453 -0.407736
internal_weight=4167 168 3999 2194 2139 2068 654 1805 1414 348 244 139 1457 656
internal_count=4167 168 3999 2194 2139 2068 654 1805 1414 348 244 139 1457 656
is_linear=0
shrinkage=0.03


Tree=478
num_leaves=15
num_cat=0
split_feature=19 16 21 16 18 16 19 16 38 40 11 36 40 0
split_gain=155573 227618 189396 343678 246421 244163 337523 239707 223065 221738 192688 248406 214566 167431
threshold=14354.066250000002 12858.251250000003 9195.1975000000002 8141.0187500000002 7505.6450000000013 10260.601250000002 7618.1475 10629.640000000001 22.750000000000004 25.345833333333335 0.81174490092936691 326.72749999999911 23.529166666666672 1.0000000180025095e-35
decision_type=2 2 2 2 2 2 2 2 2 2 2 2 2 2
left_child=2 -2 8 -4 -5 6 -6 -7 9 13 11 12 -10 -1
right_child=1 -3 3 4 5 7 -8 -9 10 -11 -12 -13 -14 -15
leaf_value=-1.1518162712325222 0.11036089233557382 -2.0934143128395077 2.5044648691586082 -1.5541896909318471 2.4766044846287478 -1.0440660679404801 0.40702213804064835 0.11449103448494356 -1.9136642060961042 1.3926724302633242 0.16863256100245883 -2.541857300680511 0.39275916541731637 -0.049864010218549006
leaf_weight=137 89 79 55 75 80 184 576 1224 62 87 104 97 85 1233
leaf_count=137 89 79 55 75 80 184 576 1224 62 87 104 97 85 1233
internal_value=-0.0405302 -0.932105 -0.00284729 0.184375 0.123569 0.185264 0.662818 -0.0375342 -0.230402 -0.0671657 -0.911645 -1.37096 -0.586274 -0.16083
internal_weight=4167 168 3999 2194 2139 2064 656 1408 1805 1457 348 244 147 1370
internal_count=4167 168 3999 2194 2139 2064 656 1408 1805 1457 348 244 147 1370
is_linear=0
shrinkage=0.03


Tree=479
num_leaves=15
num_cat=0
split_feature=19 16 21 16 8 39 39 3 17 41 26 35 32 10
split_gain=146491 214332 182461 360706 393315 322551 383832 321123 256605 249203 227020 427656 364918 181799
threshold=14354.066250000002 12858.251250000003 9923.7300000000014 10260.601250000002 -0.78656609248549292 20.358333333333338 19.558333333333337 23.500000000000004 9104.8887500000019 72.500000000000014 14010.547500000002 -114.99624999999922 2041.9368778022042 0.87837969732492682
decision_type=2 2 2 2 2 2 2 2 2 2 2 2 2 2
left_child=2 -2 13 4 -4 6 -6 10 -7 -9 12 -12 -5 -1
right_child=1 -3 3 7 5 8 -8 9 -10 -11 11 -13 -14 -15
leaf_value=-0.068113181924222138 0.10708686474959056 -2.0313969254493713 3.0826372424513102 0.32389317167197873 -0.45932633967960579 -1.9732203162949657 2.8521483584014433 -1.6233945375187266 0.68526673841476438 0.75024228788771719 0.048505954977713137 2.643652189399885 -1.1600909869000315 -0.83953731503126761
leaf_weight=2033 89 79 71 667 50 57 83 162 74 52 151 91 191 317
leaf_count=2033 89 79 71 667 50 57 83 162 74 52 151 91 191 317
internal_value=-0.0393341 -0.904491 -0.00276764 0.239057 1.11623 0.577691 1.61298 0.0147351 -0.477551 -1.04575 0.221823 1.03129 -0.00740609 -0.172493
internal_weight=4167 168 3999 1649 335 264 133 1314 131 214 1100 242 858 2350
internal_count=4167 168 3999 1649 335 264 133 1314 131 214 1100 242 858 2350
is_linear=0
shrinkage=0.03


Tree=480
num_leaves=12
num_cat=0
split_feature=35 25 14 45 15 8 2 41 27 18 23
split_gain=162950 215881 130677 123559 300640 112874 794822 378052 263750 227473 148081
threshold=-983.58124999999916 11306.350000000002 -0.99937381720471408 0.95000000000000007 -0.72208999473568902 0.91597561503675362 4.5000000000000009 93.500000000000014 9080.252395833335 6537.8225000000011 8138.0295833333339
decision_type=2 2 2 2 2 2 2 2 2 2 2
left_child=1 -1 -2 5 -5 9 7 -7 -8 -4 -11
right_child=2 -3 3 4 -6 6 8 -9 -10 10 -12
leaf_value=0.026547099045344764 -1.2673122321565946 2.6011662457971014 -1.7628919702126429 -1.9892746312966507 0.43965455594188285 2.2005961320201557 -2.2637037548303605 0.27525336689419216 0.43349941302318962 0.55931150027051346 -0.048452543082018178
leaf_weight=69 71 50 64 88 94 179 99 188 48 413 2807
leaf_count=69 71 50 64 88 94 179 99 188 48 413 2807
internal_value=0.0316283 1.12111 -0.000640724 0.0222646 -0.739143 0.0589401 0.471876 1.21779 -1.3859 -0.00581058 0.0296446
internal_weight=4170 119 4051 3980 182 3798 514 367 147 3284 3220
internal_count=4170 119 4051 3980 182 3798 514 367 147 3284 3220
is_linear=0
shrinkage=0.03


Tree=481
num_leaves=15
num_cat=0
split_feature=39 39 14 28 9 28 28 22 28 40 40 28 46 51
split_gain=103129 233564 221233 326677 409308 217339 207707 384615 197666 205691 167945 183510 151460 159343
threshold=20.558333333333337 20.825000000000006 -0.90199700731761212 816.15690464603301 1.0000000180025095e-35 886.24245186316432 1129.880044844082 8786.2525000000005 908.30544081338815 20.612500000000004 22.179166666666671 1015.5310152705307 1.5500000000000003 47.166666666666679
decision_type=2 2 2 2 2 2 2 2 2 2 2 2 2 2
left_child=2 10 8 4 -4 -5 7 -7 -1 -10 11 -2 -3 -14
right_child=1 12 3 5 -6 6 -8 -9 9 -11 -12 -13 13 -15
leaf_value=-2.0147304066156937 -3.0311621838808058 0.056316659231910059 3.6405617829394483 -1.5732011425495147 0.36470009333127507 -0.35317494499683377 0.060351883646117925 2.489343091922231 -1.2743332150578499 0.77383834600448598 0.22725528571916662 -0.79941606839497881 -2.2601501774338058 0.12323986668975986
leaf_weight=58 50 2814 62 53 76 74 433 100 71 113 68 98 52 48
leaf_count=58 50 2814 62 53 76 74 433 100 71 113 68 98 52 48
internal_value=0.0306738 -0.0553349 0.289346 0.530197 1.85217 0.251377 0.41304 1.28526 -0.503718 -0.0190239 -1.00484 -1.56877 0.0153627 -1.12608
internal_weight=4170 3130 1040 798 138 660 607 174 242 184 216 148 2914 100
internal_count=4170 3130 1040 798 138 660 607 174 242 184 216 148 2914 100
is_linear=0
shrinkage=0.03


Tree=482
num_leaves=15
num_cat=0
split_feature=35 16 39 5 17 39 2 28 17 36 35 27 22 31
split_gain=154363 228758 125577 281090 375506 199547 191742 156365 215783 206528 483042 177318 154301 142571
threshold=-983.58124999999916 11292.610000000002 20.558333333333337 225.50000000000003 8703.1237500000007 20.825000000000006 2.5000000000000004 908.30544081338815 8002.55375 -292.19250000000005 342.1262499999994 8848.1652083333338 8273.7025000000012 10480.243750000003
decision_type=2 2 2 2 2 2 2 2 2 2 2 2 2 2
left_child=1 -1 3 4 6 13 12 8 -5 10 -9 -11 -2 -4
right_child=2 -3 5 7 -6 -7 -8 9 -10 11 -12 -13 -14 -15
leaf_value=-0.054306187318718946 0.08002666337757694 2.5879909366827745 -1.3906287934098924 -2.3140930978183087 3.011473667433219 -0.031886954674575106 -0.54562378875670892 -0.40752239876780016 0.075813670445637527 -0.83134167111547363 2.882423942375183 0.35021465134745278 2.400051227446113 0.45511237168798641
leaf_weight=68 48 51 167 57 69 2798 92 86 82 189 74 286 55 48
leaf_count=68 48 51 167 57 69 2798 92 86 82 189 74 286 55 48
internal_value=0.0297279 1.09011 -0.00167898 0.282732 1.12604 -0.0997268 0.446843 -0.00596881 -0.913642 0.193819 1.12244 -0.120648 1.33018 -0.978288
internal_weight=4170 119 4051 1038 264 3013 195 774 139 635 160 475 103 215
internal_count=4170 119 4051 1038 264 3013 195 774 139 635 160 475 103 215
is_linear=0
shrinkage=0.03


Tree=483
num_leaves=14
num_cat=0
split_feature=35 25 14 39 5 17 26 2 35 28 23 25 9
split_gain=145405 190466 119609 131647 241304 353594 191839 180588 163198 570400 249360 121544 345880
threshold=-983.58124999999916 11306.350000000002 -0.99937381720471408 20.558333333333337 225.50000000000003 8703.1237500000007 7925.2675000000008 2.5000000000000004 746.83000000000186 1020.2385329150521 8138.0295833333339 8986.8225000000002 -0.78656609248549303
decision_type=2 2 2 2 2 2 2 2 2 2 2 2 2
left_child=1 -1 -2 4 5 7 -5 -4 10 -10 -8 12 -6
right_child=2 -3 3 6 11 -7 8 -9 9 -11 -12 -13 -14
leaf_value=0.029840014559882028 -1.2134433276330432 2.4482502247305473 1.2909985627062044 -1.5690065540765459 2.4527105016178554 2.922420083795275 0.90699946854058211 -0.5294310732041636 -3.4781033356984454 0.33847655271782595 -0.080034098541375359 -1.3444078261897248 -0.045195459112888428
leaf_weight=69 71 50 103 75 53 69 253 92 53 101 2474 52 655
leaf_count=69 71 50 103 75 53 69 253 92 53 101 2474 52 655
internal_value=0.0288812 1.05804 -0.00160075 0.0203132 0.313293 1.09282 -0.0812459 0.433733 -0.0419794 -0.98889 0.0118323 0.041412 0.144969
internal_weight=4170 119 4051 3980 1024 264 2956 195 2881 154 2727 760 708
internal_count=4170 119 4051 3980 1024 264 2956 195 2881 154 2727 760 708
is_linear=0
shrinkage=0.03


Tree=484
num_leaves=15
num_cat=0
split_feature=35 25 14 39 5 21 40 45 15 20 32 5 25 32
split_gain=136978 179427 112637 123982 227210 256717 214904 243896 355796 228474 332861 332382 201670 180594
threshold=-983.58124999999916 11306.350000000002 -0.99937381720471408 20.558333333333337 225.50000000000003 11123.651250000001 23.504166666666666 0.25000000000000006 -0.78938882915716746 9163.9037500000031 2284.6065219829093 271.50000000000006 7558.0124999999998 1895.6986201854277
decision_type=2 2 2 2 2 2 2 2 2 2 2 2 2 2
left_child=1 -1 -2 4 5 13 9 12 -9 11 -11 -5 -8 -4
right_child=2 -3 3 6 -6 -7 7 8 -10 10 -12 -13 -14 -15
leaf_value=0.028957589660372051 -1.1775455999622741 2.3762429018581614 1.0763862928301096 -0.39505020948171615 0.0402103683689264 2.8863921234824437 1.7003439308802286 -2.689341294073289 0.27484333879492256 -0.53563577075021207 -2.785125592947006 0.79506001733395515 0.22499026823590415 -0.96066488474607459
leaf_weight=69 71 50 159 749 760 54 89 61 88 465 67 293 1144 51
leaf_count=69 71 50 159 749 760 54 89 61 88 465 67 293 1144 51
internal_value=0.0280299 1.02692 -0.00155541 0.0197101 0.304033 1.06045 -0.0788479 0.194058 -0.948421 -0.318444 -0.823658 -0.0599473 0.332788 0.579394
internal_weight=4170 119 4051 3980 1024 264 2956 1382 149 1574 532 1042 1233 210
internal_count=4170 119 4051 3980 1024 264 2956 1382 149 1574 532 1042 1233 210
is_linear=0
shrinkage=0.03


Tree=485
num_leaves=15
num_cat=0
split_feature=39 37 16 24 7 8 18 32 32 22 22 41 32 16
split_gain=230142 216811 298801 230538 214290 318093 367511 274239 352695 190869 344842 215600 420993 165302
threshold=30.175000000000008 24.950000000000003 14369.392500000002 1803.4344135894396 14.500000000000002 -0.9159756150367534 10629.640000000001 2106.9349494682597 2001.2555717093767 12281.681250000001 11986.537500000002 74.500000000000014 2284.6065219829093 11257.176250000002
decision_type=2 2 2 2 2 2 2 2 2 2 2 2 2 2
left_child=1 2 9 4 7 -6 -7 8 -3 10 -1 12 -11 -13
right_child=-2 3 -4 -5 5 6 -8 -9 -10 11 -12 13 -14 -15
leaf_value=-0.10915582972685407 -1.5033938561728659 -0.086791252540484545 -2.3823357345507694 1.9146156639522975 -0.79282853436470024 3.3460000669956207 0.70626328391280579 -1.6503625784249141 2.5649416926383974 -2.0647014323596298 -2.3373617625609038 2.3650206734240053 1.6921788534164428 0.33894826054573057
leaf_weight=2696 93 464 51 80 79 63 187 86 49 57 63 79 49 67
leaf_count=2696 93 464 51 80 79 63 187 86 49 57 63 79 49 67
internal_value=-0.035829 -0.00193019 -0.127574 0.379471 0.245197 0.859076 1.38222 -0.0928207 0.170961 -0.0885999 -0.160869 0.700085 -0.328306 1.44398
internal_weight=4163 4070 3062 1008 928 329 250 599 513 3011 2759 252 106 146
internal_count=4163 4070 3062 1008 928 329 250 599 513 3011 2759 252 106 146
is_linear=0
shrinkage=0.03


Tree=486
num_leaves=15
num_cat=0
split_feature=39 37 16 24 27 32 37 32 22 22 14 30 37 38
split_gain=216691 204166 281489 217068 221019 248012 321268 261798 179720 324790 286066 219432 149137 113742
threshold=30.175000000000008 24.950000000000003 14369.392500000002 1803.4344135894396 12350.46729166667 2090.7368997517856 26.650000000000002 2001.2555717093767 12281.681250000001 11986.537500000002 -0.54389891703310034 11319.717500000002 23.450000000000003 25.150000000000002
decision_type=2 2 2 2 2 2 2 2 2 2 2 2 2 2
left_child=1 2 8 4 5 7 -7 -3 9 13 12 -12 -10 -1
right_child=-2 3 -4 -5 -6 6 -8 -9 10 -11 11 -13 -14 -15
leaf_value=-0.066443838591307952 -1.4587718243405541 0.12938484909492518 -2.3122400857852057 1.8578862603505453 1.7454461825788019 -2.6707234950219432 0.41560141158103941 2.1528627913338796 0.54613627937604792 -2.2683365574851631 2.9508786140639205 0.60037928156554699 -1.7524376336895691 -1.0691255925961261
leaf_weight=2591 93 667 51 80 79 61 59 62 52 63 57 95 48 105
leaf_count=2591 93 667 51 80 79 61 59 62 52 63 57 95 48 105
internal_value=-0.0347397 -0.00184635 -0.123771 0.368266 0.237972 0.0957949 -1.16226 0.304212 -0.0859429 -0.15607 0.67936 1.49544 -0.563458 -0.105882
internal_weight=4163 4070 3062 1008 928 849 120 729 3011 2759 252 152 100 2696
internal_count=4163 4070 3062 1008 928 849 120 729 3011 2759 252 152 100 2696
is_linear=0
shrinkage=0.03


Tree=487
num_leaves=15
num_cat=0
split_feature=23 23 37 15 15 24 22 32 3 28 20 29 21 8
split_gain=141275 334410 136753 273892 263142 360302 298611 247210 249634 211632 188890 219716 194000 188855
threshold=13928.525625000002 14530.975208333335 24.950000000000003 -0.84831994561267254 -0.90566889813915308 1776.8712504530392 10292.932500000003 2211.4359245293663 15.500000000000002 682.76825304677686 8560.1812500000033 7049.3075000000008 9551.3825000000015 -0.9159756150367534
decision_type=2 2 2 2 2 2 2 2 2 2 2 2 2 2
left_child=2 -2 3 9 6 7 -4 8 -6 -1 11 -11 -12 -5
right_child=1 -3 4 13 5 -7 -8 -9 -10 10 12 -13 -14 -15
leaf_value=1.6465688392667488 -2.1183350327222241 0.47910765397137606 -2.0586314491778612 0.48315220715001572 1.0331466012817714 2.8525383661533223 0.20198789293889877 -1.6217233095449559 -0.1627459688507161 0.10374088525772095 0.074503501190599314 -2.3856838456322165 1.2586261756433916 -0.38234062457373369
leaf_weight=100 91 86 79 257 386 57 153 50 264 85 445 50 172 1888
leaf_count=100 91 86 79 257 386 57 153 50 264 85 445 50 172 1888
internal_value=-0.0337059 -0.860615 0.00321621 -0.0977325 0.308929 0.579716 -0.573259 0.390816 0.547903 0.357041 0.183583 -0.82892 0.406126 -0.278459
internal_weight=4163 177 3986 2997 989 757 232 700 650 852 752 135 617 2145
internal_count=4163 177 3986 2997 989 757 232 700 650 852 752 135 617 2145
is_linear=0
shrinkage=0.03


Tree=488
num_leaves=15
num_cat=0
split_feature=39 37 15 39 16 35 28 32 34 15 41 43 7 44
split_gain=202354 184169 267409 322508 238308 236153 259461 212989 251333 210048 273334 300019 261623 253170
threshold=30.175000000000008 24.950000000000003 -0.84831994561267254 20.058333333333337 14369.392500000002 926.66250000000048 682.76825304677686 2580.2107542854096 15661.307500000001 -0.90566889813915308 70.500000000000014 84.916666666666671 14.500000000000002 86.458333333333357
decision_type=2 2 2 2 2 2 2 2 2 2 2 2 2 2
left_child=1 2 3 -1 7 6 -5 -4 -9 13 11 12 -11 -3
right_child=-2 9 4 5 -6 -7 -8 8 -10 10 -12 -13 -14 -15
leaf_value=2.5782659024000165 -1.408814911297027 -1.0347299424075243 -0.33148749004001787 1.9190758047598162 -2.318132490831263 -1.6447030868368635 0.12964040489940484 2.1694019706352896 -0.15131433771716224 0.059070335457336559 -1.5853406002083603 2.502893614583201 1.2993847486388976 1.217345401522566
leaf_weight=53 93 170 1984 81 50 58 661 68 107 411 48 76 243 60
leaf_count=53 93 170 1984 81 50 58 661 68 107 411 48 76 243 60
internal_value=-0.0326986 -0.000912152 -0.116713 0.33418 -0.290903 0.182458 0.327323 -0.242896 0.757567 0.350607 0.585935 0.730697 0.521224 -0.44444
internal_weight=4163 4070 3062 853 2209 800 742 2159 175 1008 778 730 654 230
internal_count=4163 4070 3062 853 2209 800 742 2159 175 1008 778 730 654 230
is_linear=0
shrinkage=0.03


Tree=489
num_leaves=13
num_cat=0
split_feature=30 23 25 42 22 43 36 16 22 35 26 11
split_gain=134331 270305 352118 106997 272785 209613 271424 283365 161426 199731 180986 133953
threshold=15903.207500000002 13992.855625000002 13387.878750000002 54.500000000000007 14085.672500000002 60.916666666666679 -769.44875000000081 12714.451250000002 13202.210000000001 601.72750000000099 14010.547500000002 1.0000000180025095e-35
decision_type=2 2 2 2 2 2 2 2 2 2 2 2
left_child=1 3 -3 5 8 6 -1 -8 10 -10 -5 -7
right_child=-2 2 -4 4 -6 11 7 -9 9 -11 -12 -13
leaf_value=1.9362675434701582 1.4835462446396168 -3.2786110933771671 -0.10800412615643271 -0.096500202610068128 -1.6959463461061541 2.5773342463844697 0.16936607627601891 -2.4180132693969285 2.0884362227732027 -0.35260924532728377 1.0364576710625129 0.51786284765954738
leaf_weight=50 51 52 78 3284 88 56 142 51 70 52 131 58
leaf_count=50 51 52 78 3284 88 56 142 51 70 52 131 58
internal_value=-0.0316929 -0.0508458 -1.39171 -0.0067286 -0.0555817 0.488057 -0.0112201 -0.523208 -0.0142976 1.05346 -0.0527447 1.54328
internal_weight=4163 4112 130 3982 3625 357 243 193 3537 122 3415 114
internal_count=4163 4112 130 3982 3625 357 243 193 3537 122 3415 114
is_linear=0
shrinkage=0.03


Tree=490
num_leaves=11
num_cat=0
split_feature=43 36 41 37 5 38 49 36 38 32
split_gain=192753 217291 172422 138091 264434 113129 103543 114799 108015 59151.3
threshold=96.083333333333357 134.29125000000025 95.500000000000014 29.250000000000004 127.50000000000001 28.150000000000002 62.000000000000007 1868.8562500000005 27.350000000000005 1788.7967548489967
decision_type=2 2 2 2 2 2 2 2 2 2
left_child=3 2 -2 5 -5 6 7 8 -1 -4
right_child=1 -3 9 4 -6 -7 -8 -9 -10 -11
leaf_value=-0.16177208062448564 1.2741596252817502 1.9794747454469852 0.062178391367197036 -0.63020813687373012 2.0665072599939398 -1.1326299667860331 1.152067882835865 1.1167036460427675 0.66874693573737631 -1.3884801401138307
leaf_weight=3427 70 87 51 58 73 94 59 67 146 49
leaf_count=3427 70 87 51 58 73 94 59 67 146 49
internal_value=-0.0249931 0.769315 0.141957 -0.0772024 0.876699 -0.110374 -0.084093 -0.104445 -0.127654 -0.655205
internal_weight=4181 257 170 3924 131 3793 3699 3640 3573 100
internal_count=4181 257 170 3924 131 3793 3699 3640 3573 100
is_linear=0
shrinkage=0.03


Tree=491
num_leaves=15
num_cat=0
split_feature=43 20 38 21 44 41 39 40 25 18 14 16 18 24
split_gain=181451 218086 237058 249443 123308 110157 217900 210096 180664 167280 311737 355037 277531 296563
threshold=96.083333333333357 10747.403750000003 20.650000000000002 9741.0937500000018 94.041666666666671 50.500000000000007 24.408333333333339 24.470833333333335 11983.401250000001 11555.051250000002 -0.45473838294431457 10812.460000000001 11174.822500000002 750.8086509504268
decision_type=2 2 2 2 2 2 2 2 2 2 2 2 2 2
left_child=4 2 3 -2 5 6 -1 -8 -9 12 11 -11 -7 -14
right_child=1 -3 -4 -5 -6 9 7 8 -10 10 -12 -13 13 -15
leaf_value=-0.72125375405601821 0.75502431479895982 -0.74702854625203385 -0.53902413167953489 3.2848452295575825 -1.154248307751071 -0.061377852252769753 1.9725652685705222 1.2427835349032752 -1.2150482146178976 -2.319594617585341 -1.3884215328097342 0.27836874261003686 -0.44510589635597086 2.4299649810578141
leaf_weight=91 81 65 49 62 92 2720 105 56 50 53 239 383 52 83
leaf_count=91 81 65 49 62 92 2720 105 56 50 53 239 383 52 83
internal_value=-0.024207 0.746462 1.2534 1.86717 -0.0748626 -0.04865 0.500306 1.02813 0.0827682 -0.0957472 -0.520097 -0.0419897 0.00472245 1.32729
internal_weight=4181 257 192 143 3924 3832 302 211 106 3530 675 436 2855 135
internal_count=4181 257 192 143 3924 3832 302 211 106 3530 675 436 2855 135
is_linear=0
shrinkage=0.03


Tree=492
num_leaves=13
num_cat=0
split_feature=43 36 28 28 37 5 44 37 15 36 37 42
split_gain=170868 206294 142931 178024 126899 248542 109244 114412 305757 151763 190916 178975
threshold=96.083333333333357 267.11749999999944 934.03791294477799 1254.5807445987164 29.250000000000004 127.50000000000001 94.041666666666671 27.950000000000003 -0.64713682673509032 1655.597500000001 24.850000000000005 64.500000000000014
decision_type=2 2 2 2 2 2 2 2 2 2 2 2
left_child=4 2 -2 -4 6 -6 7 9 -9 11 -11 -1
right_child=1 -3 3 -5 5 -7 -8 8 -10 10 -12 -13
leaf_value=-0.54180461599173091 -1.0103708934783935 2.1012822682756775 1.7087771034240722 -0.54218859457156876 -0.61901137663146188 1.9953323770697051 -1.119993220298521 -2.0788624091846186 0.8664146001522357 -0.2011124861941618 2.4165648414552212 0.020590449448418251
leaf_weight=619 59 70 74 54 58 73 92 81 51 50 49 2851
leaf_count=619 59 70 74 54 58 73 92 81 51 50 49 2851
internal_value=-0.0234711 0.724386 0.200456 0.762193 -0.0726275 0.841802 -0.104427 -0.0788821 -0.942843 -0.046669 1.10557 -0.0798559
internal_weight=4181 257 187 128 3924 131 3793 3701 132 3569 99 3470
internal_count=4181 257 187 128 3924 131 3793 3701 132 3569 99 3470
is_linear=0
shrinkage=0.03


Tree=493
num_leaves=15
num_cat=0
split_feature=43 20 38 0 37 5 41 43 24 17 44 22 36 11
split_gain=160876 201322 223511 235561 119482 234062 108585 271585 219596 452410 219451 257254 197926 154212
threshold=96.083333333333357 10747.403750000003 20.650000000000002 6.5000000000000009 29.250000000000004 127.50000000000001 96.500000000000014 92.916666666666671 1304.7981931323523 8521.9850000000024 89.541666666666671 9911.6425000000017 -1446.5950000000005 -0.22252093395631442
decision_type=2 2 2 2 2 2 2 2 2 2 2 2 2 2
left_child=4 2 3 -2 6 -6 7 10 9 -9 12 -12 -1 -10
right_child=1 -3 -4 -5 5 -7 -8 8 13 -11 11 -13 -14 -15
leaf_value=-1.465920287456709 0.61274289080971156 -0.73188615049828176 -0.55002647087574008 3.0522401939267696 -0.6007557628518444 1.9362813074967347 0.49664918462844454 -1.3194381722789601 -3.077118865966797 1.471455311295274 -1.1923925519943237 1.1913580986737136 -0.087628379032073142 -0.79945835379993213
leaf_weight=96 75 65 49 68 58 73 254 162 59 76 49 222 2825 50
leaf_count=96 75 65 49 68 58 73 254 162 59 76 49 222 2825 50
internal_value=-0.0227455 0.702916 1.19001 1.78603 -0.070443 0.816858 -0.101299 -0.144347 -0.940175 -0.425738 -0.0575615 0.757493 -0.133418 -2.04922
internal_weight=4181 257 192 143 3924 131 3793 3539 347 238 3192 271 2921 109
internal_count=4181 257 192 143 3924 131 3793 3539 347 238 3192 271 2921 109
is_linear=0
shrinkage=0.03


Tree=494
num_leaves=15
num_cat=0
split_feature=43 36 41 37 5 41 43 24 17 44 22 36 2 30
split_gain=151490 195659 145017 112506 220425 102201 255718 206902 425930 206488 242235 186354 150285 206334
threshold=96.083333333333357 134.29125000000025 95.500000000000014 29.250000000000004 127.50000000000001 96.500000000000014 92.916666666666671 1304.7981931323523 8521.9850000000024 89.541666666666671 9911.6425000000017 -1446.5950000000005 4.5000000000000009 11386.656250000002
decision_type=2 2 2 2 2 2 2 2 2 2 2 2 2 2
left_child=3 2 -2 5 -5 6 9 8 -8 11 -11 -1 13 -7
right_child=1 -3 -4 4 -6 12 7 -9 -10 10 -12 -13 -14 -15
leaf_value=-1.4223960135278013 1.1256459804487899 1.83040710657835 -0.64370290336780023 -0.58303855794971271 1.8789778544290645 0.99854353226423254 -1.2800978643543151 -1.9888074404759841 1.4278848935992685 -1.157336201763153 1.1557776348740529 -0.085000458905263754 1.7270015100332408 -0.97009104451083605
leaf_weight=96 70 87 100 58 73 99 162 109 76 49 222 2825 64 91
leaf_count=96 70 87 100 58 73 99 162 109 76 49 222 2825 64 91
internal_value=-0.022071 0.682103 0.087087 -0.0683563 0.792652 -0.0982983 -0.140062 -0.912292 -0.412945 -0.0558494 0.734767 -0.129431 0.481808 0.0554501
internal_weight=4181 257 170 3924 131 3793 3539 347 238 3192 271 2921 254 190
internal_count=4181 257 170 3924 131 3793 3539 347 238 3192 271 2921 254 190
is_linear=0
shrinkage=0.03


Tree=495
num_leaves=14
num_cat=0
split_feature=45 45 33 34 25 9 21 9 19 19 48 23 42
split_gain=177209 307224 170908 187421 165044 201787 369154 301519 143072 201227 139005 121873 114461
threshold=0.95000000000000007 1.8500000000000003 5265.7787500000004 10466.192500000003 6399.2250000000013 -0.25881904510252068 10871.8925 -0.12940952255126037 9465.1112500000017 8162.4762500000006 0.1666666666666666 8138.0295833333339 81.500000000000014
decision_type=2 2 2 2 2 2 2 2 2 2 2 2 2
left_child=2 -2 -1 8 -5 6 -6 -7 9 10 -4 -11 -3
right_child=1 12 3 4 5 7 -8 -9 -10 11 -12 -13 -14
leaf_value=-1.2614983323889395 -2.216991423006808 -0.76302818549306772 0.4838329192857409 -1.4370040100329631 1.1252913633293036 -1.5918756865090085 -0.0067076647500327923 -0.10179615366486608 2.0806531388242289 0.72815452526013058 2.052081028402668 -1.0357496676725499 1.1835482580845174
leaf_weight=92 88 56 171 73 342 130 1062 1827 52 53 72 101 51
leaf_count=92 88 56 171 73 342 130 1062 1827 52 53 72 101 51
internal_value=-0.0339817 -0.914594 0.00943351 0.0398666 -0.0355583 -0.00469643 0.26963 -0.20155 0.615555 0.418869 0.955066 -0.427814 0.167008
internal_weight=4170 195 3975 3883 3434 3361 1404 1957 449 397 243 154 107
internal_count=4170 195 3975 3883 3434 3361 1404 1957 449 397 243 154 107
is_linear=0
shrinkage=0.03


Tree=496
num_leaves=14
num_cat=0
split_feature=45 45 29 34 17 39 33 15 39 25 30 48 37
split_gain=166841 289283 173055 177119 165007 245995 229889 207933 134021 140574 149488 124945 114815
threshold=0.95000000000000007 1.8500000000000003 5537.8487500000001 10466.192500000003 14572.411250000001 30.400000000000002 8121.0050000000019 0.7567427848594549 25.591666666666669 7728.951250000001 9893.0912500000031 0.13333333333333328 22.050000000000004
decision_type=2 2 2 2 2 2 2 2 2 2 2 2 2
left_child=2 -2 -1 8 5 6 -5 -6 9 11 -11 -4 -3
right_child=1 12 3 4 7 -7 -8 -9 -10 10 -12 -13 -14
leaf_value=-1.2988267486919176 -2.1512290353989334 1.2382893379853694 0.23776766661004942 -0.19673311507085273 2.4624476411657512 -1.8734084268114459 0.36131306447256772 -0.051362512392156258 1.9711036960141997 -1.7571618220757463 0.53383561982048877 1.499382228008632 -0.71922030568122852
leaf_weight=88 88 48 182 2319 52 66 930 67 55 48 53 115 59
leaf_count=88 88 48 182 2319 52 66 930 67 55 48 53 115 59
internal_value=-0.0329678 -0.887431 0.0091581 0.0391006 -0.0345094 -0.0740521 -0.0369303 1.05835 0.595986 0.401456 -0.561361 0.729714 0.162111
internal_weight=4170 195 3975 3887 3434 3315 3249 119 453 398 101 297 107
internal_count=4170 195 3975 3887 3434 3315 3249 119 453 398 101 297 107
is_linear=0
shrinkage=0.03


Tree=497
num_leaves=15
num_cat=0
split_feature=45 45 20 20 5 20 22 33 31 20 29 15 46 44
split_gain=157076 273365 189236 422914 381397 297640 317626 226374 277147 203261 439807 187181 178996 161763
threshold=0.95000000000000007 1.9500000000000002 8641.5962500000005 8560.1812500000033 275.50000000000006 8808.7187500000018 10804.361250000002 5192.1437500000002 9165.2744791666682 8245.1975000000002 7250.755000000001 -0.94995492655104952 0.75000000000000011 86.875000000000014
decision_type=2 2 2 2 2 2 2 2 2 2 2 2 2 2
left_child=2 -2 3 4 7 6 -4 -1 -9 10 -6 13 -3 -7
right_child=1 12 5 -5 9 11 -8 8 -10 -11 -12 -13 -14 -15
leaf_value=-1.8438146082591265 -2.0164086181490046 1.4842628333147834 -3.1072072631413818 2.6352880666505047 0.40172530385722283 0.86023239164976839 -0.1623680207500719 0.49797484213230653 -0.61304855913336587 -0.10870702507916617 3.2113948812484741 -0.17026284453144397 -1.017420713534722 -0.5055420608302722
leaf_weight=63 94 50 60 66 114 314 72 458 360 84 89 2192 51 103
leaf_count=63 94 50 60 66 114 314 72 458 360 84 89 2192 51 103
internal_value=-0.0319769 -0.861058 0.0088976 0.31725 0.18411 -0.129983 -1.51434 -0.12556 0.00884606 1.13189 1.64333 -0.059383 0.223299 0.522445
internal_weight=4170 195 3975 1234 1168 2741 132 881 818 287 203 2609 101 417
internal_count=4170 195 3975 1234 1168 2741 132 881 818 287 203 2609 101 417
is_linear=0
shrinkage=0.03


Tree=498
num_leaves=15
num_cat=0
split_feature=45 45 20 20 5 35 35 20 22 33 28 15 35 30
split_gain=147878 257408 178164 398302 359111 301961 382850 280345 299159 213199 178457 176132 186488 211793
threshold=0.95000000000000007 1.8500000000000003 8641.5962500000005 8560.1812500000033 275.50000000000006 -90.62875000000075 105.45750000000045 8808.7187500000018 10804.361250000002 5192.1437500000002 963.20959819757866 -0.94995492655104952 -225.88875000000004 12455.990000000003
decision_type=2 2 2 2 2 2 2 2 2 2 2 2 2 2
left_child=2 -2 3 4 9 -6 -7 8 -4 -1 -11 12 -9 -14
right_child=1 -3 7 -5 5 6 -8 11 -10 10 -12 -13 13 -15
leaf_value=-1.7893644178658723 -2.0276046647248642 0.15454684555530546 -3.0155191538226407 2.5574094264187033 2.0902026791775477 -1.4490326494901953 1.5957975185834445 1.3450581530599217 -0.1575636886243951 0.85516277389770201 -0.22277945121808082 -0.16515728223550347 0.62225370040818972 -1.1684459267305523
leaf_weight=63 88 107 60 66 140 70 77 151 72 175 643 2192 178 88
leaf_count=63 88 107 60 66 140 70 77 151 72 175 643 2192 178 88
internal_value=-0.031021 -0.835463 0.0086386 0.307834 0.178626 1.0983 0.145783 -0.126117 -1.46965 -0.12186 0.00857592 -0.0575994 0.506796 0.0276282
internal_weight=4170 195 3975 1234 1168 287 147 2741 132 881 818 2609 417 266
internal_count=4170 195 3975 1234 1168 287 147 2741 132 881 818 2609 417 266
is_linear=0
shrinkage=0.03


Tree=499
num_leaves=10
num_cat=0
split_feature=52 49 46 36 3 29 20 20 20
split_gain=150915 149006 221437 225210 172910 152002 232895 313436 232250
threshold=0.20833333333333334 54.000000000000007 0.45000000000000007 -542.26749999999981 30.500000000000004 5537.8487500000001 8641.5962500000005 8560.1812500000033 8808.7187500000018
decision_type=2 2 2 2 2 2 2 2 2
left_child=-1 4 -3 -4 5 -2 7 -7 -8
right_child=1 2 3 -5 -6 6 8 -9 -10
leaf_value=-1.2592785835537041 -1.2126528722248719 0.30308049700233369 -0.21304052925109862 -2.9697646507974396 1.677240154319688 0.2793516692417396 -1.343803769823249 2.4265335285571901 -0.047880074137611514
leaf_weight=87 88 88 49 58 56 1053 130 64 2497
leaf_count=87 88 88 49 58 56 1053 130 64 2497
internal_value=-0.030096 -0.00359911 -0.810684 -1.72114 0.0370739 0.0126696 0.04179 0.404451 -0.112503
internal_weight=4170 4083 195 107 3888 3832 3744 1117 2627
internal_count=4170 4083 195 107 3888 3832 3744 1117 2627
is_linear=0
shrinkage=0.03


Tree=500
num_leaves=13
num_cat=0
split_feature=20 20 20 7 24 32 20 17 22 15 5 15
split_gain=172419 158236 255750 300538 340794 298082 190946 342328 202439 149086 360781 184512
threshold=15006.79125 6058.8950000000013 7234.263750000001 14.500000000000002 654.64157245588444 1399.0794243533371 7640.5637500000003 11257.176250000002 11017.753750000002 -0.83910684176851635 210.50000000000003 -0.64713682673509032
decision_type=2 2 2 2 2 2 2 2 2 2 2 2
left_child=1 -1 3 4 -3 -5 7 8 -4 10 -8 -11
right_child=-2 2 6 5 -6 -7 9 -9 -10 11 -12 -13
leaf_value=1.4241496502802922 1.5373326823824929 -2.9489318240449784 0.74813756064364778 -1.4947239055008184 -0.28085798069282814 1.2341546476225962 0.056123484054907177 -0.71891056347202942 3.1110081542548489 -0.75169248879594464 1.8569720206516129 -0.060089817560410257
leaf_weight=64 62 93 75 60 80 87 945 76 58 419 111 2004
leaf_count=64 62 93 75 60 80 87 945 76 58 419 111 2004
internal_value=-0.0201053 -0.044194 -0.0679938 -0.880176 -1.72393 0.117652 0.00269303 0.881199 1.7942 -0.0503167 0.247009 -0.179953
internal_weight=4134 4072 4008 320 173 147 3688 209 133 3479 1056 2423
internal_count=4134 4072 4008 320 173 147 3688 209 133 3479 1056 2423
is_linear=0
shrinkage=0.03


Tree=501
num_leaves=12
num_cat=0
split_feature=20 39 5 36 21 16 17 33 5 52 39
split_gain=162381 157450 254347 180300 300357 468617 182585 135136 358641 173249 140731
threshold=15006.79125 28.591666666666669 129.50000000000003 1238.6087499999996 9428.9687500000018 12554.296250000003 10166.415000000003 9398.2000000000025 137.50000000000003 0.37500000000000006 24.958333333333339
decision_type=2 2 2 2 2 2 2 2 2 2 2
left_child=1 3 -3 7 6 -6 -5 8 10 -10 -1
right_child=-2 2 -4 4 5 -7 -8 -9 9 -11 -12
leaf_value=-2.4316666841205161 1.4919447417486282 0.087916269737940575 -2.5285818631568198 0.92373484546939533 4.0519698297276214 0.10753563996088707 -1.2203746837629397 1.2169319962801999 -1.3596138757987077 0.0037829289397392123 -0.36300571358040429
leaf_weight=78 62 77 58 71 50 58 70 72 85 3405 48
leaf_count=78 62 77 58 71 50 58 70 72 85 3405 48
internal_value=-0.019475 -0.0428521 -1.04643 -0.00817869 0.771489 1.95422 -0.141709 -0.0610179 -0.0867974 -0.0297987 -1.65279
internal_weight=4134 4072 135 3937 249 108 141 3688 3616 3490 126
internal_count=4134 4072 135 3937 249 108 141 3688 3616 3490 126
is_linear=0
shrinkage=0.03


Tree=502
num_leaves=12
num_cat=0
split_feature=20 39 5 36 44 19 37 28 41 20 35
split_gain=152932 148304 239565 169850 243830 378927 197712 161123 143954 144271 129028
threshold=15006.79125 28.591666666666669 129.50000000000003 1238.6087499999996 75.208333333333357 8398.8912500000024 24.650000000000002 2694.1816881505656 47.500000000000007 9024.228750000002 926.66250000000048
decision_type=2 2 2 2 2 2 2 2 2 2 2
left_child=1 3 -3 7 6 -6 -5 8 9 -1 -10
right_child=-2 2 -4 4 5 -7 -8 -9 10 -11 -12
leaf_value=1.9760485380036492 1.4478968615758987 0.085312621134978076 -2.4540101094973288 0.54158250483870507 2.000151714402802 -1.2915929612923751 3.041880915239453 -1.6561496084077016 -0.013827174033560343 -0.1345451078523289 -0.66732576656823206
leaf_weight=62 62 77 58 59 48 87 55 55 3221 54 296
leaf_count=62 62 77 58 59 48 87 55 55 3221 54 296
internal_value=-0.0188905 -0.0415774 -1.01557 -0.00792602 0.74881 -0.114983 1.76396 -0.0592112 -0.034582 1.00065 -0.0690057
internal_weight=4134 4072 135 3937 249 135 114 3688 3633 116 3517
internal_count=4134 4072 135 3937 249 135 114 3688 3633 116 3517
is_linear=0
shrinkage=0.03


Tree=503
num_leaves=14
num_cat=0
split_feature=20 20 7 24 32 20 27 20 51 45 36 51 24
split_gain=144146 257367 280926 317891 279074 166926 326206 144672 138069 134256 125724 113557 16250.7
threshold=6058.8950000000013 7234.263750000001 14.500000000000002 780.931038608432 1399.0794243533371 7640.5637500000003 9343.597812500002 15006.79125 55.500000000000007 1.0000000180025095e-35 1238.6087499999996 20.416666666666668 966.89426142053901
decision_type=2 2 2 2 2 2 2 2 2 2 2 2 2
left_child=-1 2 3 9 -4 6 12 8 10 -2 -7 -8 -3
right_child=1 5 4 -5 -6 7 11 -9 -10 -11 -12 -13 -14
leaf_value=1.3833015940739559 -1.4776759610456578 2.5476114805377259 -1.4512995811759448 -0.010818174752322111 1.1891335595873269 -0.064121810164035342 -1.3348167124968402 1.4051494316827684 -1.5366038837866349 -3.6402643935963255 0.75256095228321307 0.57202645626935089 1.6631028002135608
leaf_weight=64 50 48 60 65 87 3247 48 62 54 58 178 65 48
leaf_count=64 50 48 60 65 87 3247 48 62 54 58 178 65 48
internal_value=-0.0183029 -0.0406809 -0.855971 -1.67173 0.10878 0.0290962 0.850894 -0.019631 -0.0454231 -2.66195 -0.0214665 -0.242432 2.12722
internal_weight=4134 4070 320 173 147 3750 209 3541 3479 108 3425 113 96
internal_count=4134 4070 320 173 147 3750 209 3541 3479 108 3425 113 96
is_linear=0
shrinkage=0.03


Tree=504
num_leaves=14
num_cat=0
split_feature=20 20 0 32 40 20 17 22 20 15 14 35 35
split_gain=135754 242461 264580 263216 175875 157243 311456 189089 136253 140102 311883 228298 128419
threshold=6058.8950000000013 7234.263750000001 14.500000000000002 1349.7185247883538 20.995833333333337 7640.5637500000003 11257.176250000002 11017.753750000002 15006.79125 -0.82964644928663578 -0.44709379298511415 -343.15375000000034 -215.32499999999979
decision_type=2 2 2 2 2 2 2 2 2 2 2 2 2
left_child=-1 2 4 -4 -2 6 7 -3 9 10 -7 -11 -6
right_child=1 5 3 -5 12 8 -8 -9 -10 11 -12 -13 -14
leaf_value=1.3424409850193904 -0.13814657298418193 0.68640802916727561 -1.59217641652755 1.0417555347736924 -1.2939971476251428 1.6234161079207132 -0.70024948327572312 2.9692065908141054 1.363664068494524 -0.63166188291376291 0.051857511188636379 0.014463918041710978 -3.2705512098608343
leaf_weight=64 51 75 52 95 65 128 76 58 62 691 956 1704 57
leaf_count=64 51 75 52 95 65 128 76 58 62 691 956 1704 57
internal_value=-0.0177537 -0.0394707 -0.830798 0.105461 -1.62247 0.0282554 0.825862 1.69676 -0.0190372 -0.0440677 0.238768 -0.172134 -2.23667
internal_weight=4134 4070 320 147 173 3750 209 133 3541 3479 1084 2395 122
internal_count=4134 4070 320 147 173 3750 209 133 3541 3479 1084 2395 122
is_linear=0
shrinkage=0.03


Tree=505
num_leaves=15
num_cat=0
split_feature=37 36 3 28 40 0 17 21 24 36 32 20 3 3
split_gain=156068 281386 150302 200823 147086 249975 217231 472487 182945 160898 157372 311333 182728 124110
threshold=29.250000000000004 -277.25624999999894 1.5000000000000002 1030.460204988098 24.670833333333338 1.0000000180025095e-35 9191.7262500000015 9986.8975000000009 377.27044325778263 -133.93874999999932 1378.5792915450284 6817.1900000000014 2.5000000000000004 6.5000000000000009
decision_type=2 2 2 2 2 2 2 2 2 2 2 2 2 2
left_child=2 -2 3 -1 5 -4 13 8 -8 -9 11 -7 -12 -6
right_child=1 -3 4 -5 6 10 7 9 -10 -11 12 -13 -14 -15
leaf_value=-2.4689364517409849 2.6179667833021707 -0.13902516947094218 -1.4418914045691491 -0.12462765276432036 -0.062661479370167042 -1.1118035587292272 -2.2217165611187615 0.30542403685895703 -0.30826947402495603 2.1532927439948346 1.2158739803468479 0.70087791784188636 -0.19952080603128652 1.6489957067191601
leaf_weight=52 55 82 119 87 51 102 53 78 272 93 84 496 2405 149
leaf_count=52 55 82 119 87 51 102 53 78 272 93 84 496 2405 149
internal_value=-0.0134456 0.978638 -0.0473173 -1.01311 -0.0126583 -0.0985046 0.38233 0.0450558 -0.626212 1.31717 -0.0462637 0.390326 -0.151278 1.21431
internal_weight=4178 137 4041 139 3902 3206 696 496 325 171 3087 598 2489 200
internal_count=4178 137 4041 139 3902 3206 696 496 325 171 3087 598 2489 200
is_linear=0
shrinkage=0.03


Tree=506
num_leaves=12
num_cat=0
split_feature=30 24 42 38 34 20 22 27 31 18 33
split_gain=168817 225103 170835 145786 128629 257178 317032 238229 192594 165580 155762
threshold=15903.207500000002 2003.2885875299305 74.500000000000014 31.950000000000003 10466.192500000003 7036.3137500000003 9657.7825000000012 7318.6695833333333 8555.9351562500033 7132.6725000000015 6099.0575000000008
decision_type=2 2 2 2 2 2 2 2 2 2 2
left_child=1 3 -3 4 5 7 -7 -1 9 -6 -10
right_child=-2 2 -4 -5 8 6 -8 -9 10 -11 -12
leaf_value=-2.2832059500767632 1.7196922360181808 -0.27655872764258549 -2.6979665623878946 1.611762893038988 -2.5155867236487719 0.30797012095083326 2.2340534572417918 0.18668646530273858 1.5806804344789036 -0.49137989539319071 -0.0591981010753726
leaf_weight=51 49 57 48 49 48 297 103 108 52 144 3172
leaf_count=51 49 57 48 49 48 297 103 108 52 144 3172
internal_value=-0.0130384 -0.0340163 -1.39864 0.00192635 -0.0183148 0.403132 0.808308 -0.614768 -0.0873832 -1.00792 -0.0322619
internal_weight=4178 4129 105 4024 3975 559 400 159 3416 192 3224
internal_count=4178 4129 105 4024 3975 559 400 159 3416 192 3224
is_linear=0
shrinkage=0.03


Tree=507
num_leaves=9
num_cat=0
split_feature=30 28 17 35 6 35 43 44
split_gain=159036 201099 224763 165014 366355 248175 203624 151787
threshold=15903.207500000002 2694.1816881505656 14463.613750000002 926.66250000000048 1.0000000180025095e-35 853.6774999999999 95.583333333333357 94.875000000000014
decision_type=2 2 2 2 2 2 2 2
left_child=1 2 3 5 6 7 -5 -1
right_child=-2 -3 -4 4 -6 -7 -8 -9
leaf_value=0.016404689047068381 1.6691332147121429 -1.9240369543790816 1.5956394575478194 -0.63987771844610253 -2.419553871561841 1.9648433099121883 1.2270540728634349 -1.2892297081249515
leaf_weight=3526 49 49 76 187 81 57 72 81
leaf_count=3526 49 49 76 187 81 57 72 81
internal_value=-0.0126521 -0.0330132 -0.00983284 -0.0407009 -0.671922 0.0180364 -0.118104 -0.0132601
internal_weight=4178 4129 4080 4004 340 3664 259 3607
internal_count=4178 4129 4080 4004 340 3664 259 3607
is_linear=0
shrinkage=0.03


Tree=508
num_leaves=15
num_cat=0
split_feature=38 34 20 22 0 33 35 35 21 29 21 52 41 29
split_gain=139294 148465 232675 435709 236944 175732 360566 213421 422146 205502 206390 304019 198519 194797
threshold=30.450000000000003 10466.192500000003 6817.1900000000014 10538.018750000001 14.500000000000002 7199.9375000000009 34.931250000000553 -146.47749999999994 9428.9687500000018 7476.0812500000011 10819.521250000003 6.9583333333333348 61.500000000000007 7120.8612500000008
decision_type=2 2 2 2 2 2 2 2 2 2 2 2 2 2
left_child=1 2 4 -4 -1 6 7 12 -9 10 11 -7 -3 -8
right_child=-2 5 3 -5 -6 9 13 8 -10 -11 -12 -13 -14 -15
leaf_value=-1.7500876236535037 1.1295122938460493 -1.909919863862376 0.3278935662815321 2.8905776210625964 0.71510072093456978 3.3646202403306962 -0.7252791369699112 -0.1107482078569592 2.9593364936719508 -0.059341076887587357 -0.14470424201037432 0.53272936715577779 -0.11293287317083006 -2.1970917213849117
leaf_weight=77 93 61 352 71 63 53 306 127 58 2087 110 94 516 110
leaf_count=77 93 61 352 71 63 53 306 127 58 2087 110 94 516 110
internal_value=-0.0122709 -0.0385387 0.413373 0.763875 -0.643442 -0.110879 -0.409635 -0.0214826 0.86242 0.0393678 0.838126 1.56969 -0.305911 -1.11883
internal_weight=4178 4085 563 423 140 3522 1178 762 185 2344 257 147 577 416
internal_count=4178 4085 563 423 140 3522 1178 762 185 2344 257 147 577 416
is_linear=0
shrinkage=0.03


Tree=509
num_leaves=9
num_cat=0
split_feature=30 24 42 38 3 40 28 37
split_gain=149543 209209 160116 129011 121604 240621 145819 171876
threshold=15903.207500000002 2003.2885875299305 74.500000000000014 31.950000000000003 1.5000000000000002 24.554166666666671 2558.1982144234767 26.650000000000002
decision_type=2 2 2 2 2 2 2 2
left_child=1 3 -3 4 5 -1 7 -6
right_child=-2 2 -4 -5 6 -7 -8 -9
leaf_value=0.048694822815331544 1.6189521191596983 -0.2609950045059467 -2.6050619187646982 1.5174215692520141 -0.031848964468782694 -2.579047561373029 -1.3127968489633848 0.6047306089953729
leaf_weight=87 49 57 48 49 3338 48 72 430
leaf_count=87 49 57 48 49 3338 48 72 430
internal_value=-0.0118675 -0.0316118 -1.34718 0.00303824 -0.0160028 -0.897597 0.0152125 0.040934
internal_weight=4178 4129 105 4024 3975 135 3840 3768
internal_count=4178 4129 105 4024 3975 135 3840 3768
is_linear=0
shrinkage=0.03


Tree=510
num_leaves=15
num_cat=0
split_feature=26 0 19 22 19 38 10 28 23 22 28 38 33 28
split_gain=203216 392841 288577 147636 140572 124997 294087 375219 391013 274190 262458 256910 318489 263498
threshold=8129.1225000000004 6.5000000000000009 7587.8900000000003 7476.0812500000011 6307.8249999999998 26.550000000000004 -0.8783796973249266 1494.6261379798241 11082.735416666668 9030.9987500000007 2558.1982144234767 26.050000000000004 8143.3137500000012 1977.7167098535444
decision_type=2 2 2 2 2 2 2 2 2 2 2 2 2 2
left_child=1 2 3 -1 -2 10 -7 9 -9 -8 11 13 -13 -6
right_child=4 -3 -4 -5 5 6 7 8 -10 -11 -12 12 -14 -15
leaf_value=-2.1612191974873443 -1.3991933020183018 2.5110815956243653 1.2329496428725917 -0.064076176732778545 0.02604414683537289 1.2416756646931171 -3.7366184105873104 2.1568609244482855 -0.59258396131836844 -1.0735925106406212 1.7278586554750801 0.23373454041140418 3.1500259079933164 -0.87094357239194653
leaf_weight=48 69 81 108 79 2626 79 49 55 275 119 79 104 49 331
leaf_count=48 69 81 108 79 2626 79 49 55 275 119 79 104 49 331
internal_value=-0.00679173 0.723216 0.09888 -0.867507 -0.0671203 -0.0423454 -0.448265 -0.718329 -0.129166 -1.86791 0.0312122 -0.0124227 1.1822 -0.0746181
internal_weight=4151 316 235 127 3835 3766 577 498 330 168 3189 3110 153 2957
internal_count=4151 316 235 127 3835 3766 577 498 330 168 3189 3110 153 2957
is_linear=0
shrinkage=0.03


Tree=511
num_leaves=15
num_cat=0
split_feature=26 9 26 35 52 36 26 41 46 8 23 17 26 22
split_gain=191273 416300 273930 161641 300162 302374 347139 378829 151954 123022 334620 704885 342403 217858
threshold=8129.1225000000004 1.0000000180025095e-35 7583.9725000000008 926.66250000000048 2.1250000000000004 536.54624999999953 9998.7862500000028 81.500000000000014 1.0000000180025095e-35 0.60355339059327384 9801.4333333333361 9891.0300000000025 8896.2575000000015 7339.8525000000009
decision_type=2 2 2 2 2 2 2 2 2 2 2 2 2 2
left_child=1 -1 8 9 -5 6 -6 -8 -3 13 11 12 -11 -2
right_child=3 2 -4 4 5 -7 7 -9 -10 10 -12 -13 -14 -15
leaf_value=3.2141274147033689 -1.0223605525770356 0.070750268601082467 1.1148294386966473 -2.2819567027798406 -2.5130689174025806 1.681738835811615 -1.2335229958428275 1.8967722272872924 -2.0623620142656214 -0.36080556109132045 2.3037170283895141 -2.8285583472985487 1.1208252654983706 -0.017505260067477518
leaf_weight=49 209 73 144 80 66 59 80 60 50 250 70 64 318 2579
leaf_count=49 209 73 144 80 66 59 80 60 50 250 70 64 318 2579
internal_value=-0.00657056 0.701662 0.230244 -0.0650998 -0.68359 -0.194243 -0.737139 0.111863 -0.805887 -0.00377703 0.350887 0.131271 0.469185 -0.0931783
internal_weight=4151 316 267 3835 345 265 206 140 123 3490 702 632 568 2788
internal_count=4151 316 267 3835 345 265 206 140 123 3490 702 632 568 2788
is_linear=0
shrinkage=0.03


Tree=512
num_leaves=15
num_cat=0
split_feature=26 9 26 46 19 38 10 28 28 28 38 33 9 37
split_gain=180089 392245 257938 143146 131064 117348 276588 352784 324217 247502 241729 299544 254557 201026
threshold=8129.1225000000004 1.0000000180025095e-35 7583.9725000000008 1.0000000180025095e-35 6307.8249999999998 26.550000000000004 -0.8783796973249266 1494.6261379798241 2063.618304866503 2558.1982144234767 26.050000000000004 8143.3137500000012 -0.91597561503675329 27.250000000000004
decision_type=2 2 2 2 2 2 2 2 2 2 2 2 2 2
left_child=1 -1 3 -3 -2 9 -7 13 -9 10 12 -12 -6 -8
right_child=4 2 -4 -5 5 6 7 8 -10 -11 11 -13 -14 -15
leaf_value=3.1196320688724515 -1.3494040538242884 0.068656428955696722 1.0816151920351489 -2.0017043311455667 -1.0009278282707121 1.2063216445147991 -2.9700427457809448 0.66784384304715183 -1.2344430499685848 1.6796185448393226 0.22858944470541817 3.0568421204030511 0.012565389933429427 -0.87345191122356214
leaf_weight=49 69 73 144 50 242 79 74 193 137 79 104 49 2715 94
leaf_count=49 69 73 144 50 242 79 74 193 137 79 104 49 2715 94
internal_value=-0.00638007 0.680834 0.223238 -0.782188 -0.0631724 -0.0392504 -0.432555 -0.694464 -0.123192 0.0320206 -0.0103532 1.14844 -0.0706839 -1.80915
internal_weight=4151 316 267 123 3835 3766 577 498 330 3189 3110 153 2957 168
internal_count=4151 316 267 123 3835 3766 577 498 330 3189 3110 153 2957 168
is_linear=0
shrinkage=0.03


Tree=513
num_leaves=15
num_cat=0
split_feature=26 9 26 50 19 38 10 9 38 26 11 22 29 21
split_gain=169549 369580 242879 134848 123431 110513 260444 221755 217886 224569 242660 175821 123629 162570
threshold=8129.1225000000004 1.0000000180025095e-35 7583.9725000000008 27.000000000000004 6307.8249999999998 26.550000000000004 -0.8783796973249266 -0.9829629131445341 26.050000000000004 13822.616250000001 -0.22252093395631442 9736.7687500000011 6154.9187499999998 8387.0637500000012
decision_type=2 2 2 2 2 2 2 2 2 2 2 2 2 2
left_child=1 -1 3 -3 -2 8 -7 -8 12 10 -10 -9 13 -6
right_child=4 2 -4 -5 5 6 7 11 9 -11 -12 -13 -14 -15
leaf_value=3.0279148928403852 -1.309500237056187 0.066624585937809302 1.0493905455942811 -1.9428306287877699 0.14380898895263672 1.1705843819081783 1.2040632510185241 -1.8423539908790587 -1.0172991509273133 2.7962164090604196 1.7047451735138892 -0.51503749240800156 0.0082790534650050325 -2.2969246422514624
leaf_weight=49 69 73 144 50 49 79 50 124 57 48 59 324 2928 48
leaf_count=49 69 73 144 50 49 79 50 124 57 48 59 324 2928 48
internal_value=-0.00617601 0.660625 0.216446 -0.759187 -0.0612815 -0.0380664 -0.419745 -0.673896 0.0310976 1.0927 0.369798 -0.885738 -0.0267943 -1.07494
internal_weight=4151 316 267 123 3835 3766 577 498 3189 164 116 448 3025 97
internal_count=4151 316 267 123 3835 3766 577 498 3189 164 116 448 3025 97
is_linear=0
shrinkage=0.03


Tree=514
num_leaves=15
num_cat=0
split_feature=16 53 22 17 43 40 35 42 19 9 2 36 42 35
split_gain=127741 458071 510791 286314 283153 234361 304927 232017 217422 296467 540762 375410 306462 273437
threshold=10238.503750000002 1.0000000180025095e-35 9202.0062500000004 11058.825000000003 94.583333333333357 20.654166666666672 -334.49250000000023 66.500000000000014 9444.7675000000017 -0.78656609248549303 3.5000000000000004 430.54499999999831 57.500000000000007 -433.73750000000103
decision_type=2 2 2 2 2 2 2 2 2 2 2 2 2 2
left_child=1 -1 -3 4 5 -2 -7 -8 -5 11 -11 13 -12 -10
right_child=3 2 -4 8 -6 6 7 -9 9 10 12 -13 -14 -15
leaf_value=0.216973741813173 -2.4414020959759242 -0.094665818339899954 -4.0346253160554539 0.70495340888745317 0.76233203715588671 -2.9054766708977366 -1.6807010140666714 0.30111461647028148 1.7242333194788764 1.0270741647442705 0.14773914737904326 -2.3716357153375571 -2.3277381102689381 -0.77552382635932438
leaf_weight=2424 97 75 48 320 82 48 76 171 50 303 93 106 86 172
leaf_count=2424 97 75 48 320 82 48 76 171 50 303 93 106 86 172
internal_value=-0.00597405 0.126075 -1.65247 -0.215613 -0.83363 -1.16861 -0.743212 -0.312933 0.0441203 -0.217478 0.255911 -0.911838 -1.04784 -0.207241
internal_weight=4151 2547 123 1604 474 392 295 247 1130 810 482 328 179 222
internal_count=4151 2547 123 1604 474 392 295 247 1130 810 482 328 179 222
is_linear=0
shrinkage=0.03


Tree=515
num_leaves=15
num_cat=0
split_feature=19 18 43 23 39 43 31 31 48 19 24 47 24 16
split_gain=154470 132262 430138 345384 306172 307377 235496 289998 240910 221955 313766 188534 182638 220656
threshold=5864.036250000001 10409.557500000001 86.916666666666671 10605.38875 25.141666666666669 68.916666666666671 9578.223385416668 9813.0672916666681 0.02083333333333319 10863.610000000001 1109.5597840719129 0.18333333333333288 1820.1419515232617 11119.942500000003
decision_type=2 2 2 2 2 2 2 2 2 2 2 2 2 2
left_child=-1 9 4 -4 6 -6 8 -8 -3 12 11 -11 13 -2
right_child=1 2 3 -5 5 -7 7 -9 -10 10 -12 -13 -14 -15
leaf_value=1.5944951676290768 -0.11585402112375186 2.2816653763573123 0.41541139217785422 3.5783039262420249 0.30719656322725969 2.7338475028206322 -2.8529269757509232 -0.46432101347407356 -0.16836560393634595 -0.89645080929217136 0.98812717386654447 -2.8307760578912236 -1.7512683514890999 1.195006343282637
leaf_weight=51 2192 52 69 56 602 50 49 548 113 137 55 68 57 121
leaf_count=51 2192 52 69 56 602 50 49 548 113 137 55 68 57 121
internal_value=-0.0304955 -0.0507555 0.170064 1.84966 0.0203723 0.497214 -0.387731 -0.664839 0.612769 -0.179994 -1.01034 -1.54878 -0.0885072 -0.0467857
internal_weight=4220 4169 1539 125 1414 652 762 597 165 2630 260 205 2370 2313
internal_count=4220 4169 1539 125 1414 652 762 597 165 2630 260 205 2370 2313
is_linear=0
shrinkage=0.03


Tree=516
num_leaves=15
num_cat=0
split_feature=38 37 38 9 35 3 0 40 27 40 18 20 5 40
split_gain=107350 211306 157505 167726 400915 259849 296854 377299 330939 259571 243029 223522 221978 194082
threshold=18.050000000000004 16.750000000000004 19.450000000000003 -0.25881904510252068 591.33875000000091 5.5000000000000009 14.500000000000002 24.254166666666666 6934.5969791666676 20.745833333333337 10083.698750000001 8824.3950000000004 338.50000000000006 22.354166666666668
decision_type=2 2 2 2 2 2 2 2 2 2 2 2 2 2
left_child=1 -1 -2 5 11 9 8 -8 -7 -4 -11 13 -13 -5
right_child=2 -3 3 4 -6 6 7 -9 -10 10 -12 12 -14 -15
leaf_value=0.52511041124661761 0.68754255434558709 -1.9700004480086584 2.5548423666181699 -1.9448265397968221 -2.8076522708388993 2.1559715108871456 1.3479632592792352 -1.4074509201049805 -0.34200988287275486 -1.1889253477322852 1.041848011320037 0.038644917818078071 -1.9519008003748379 -0.40202053302043189
leaf_weight=53 276 70 70 102 52 49 241 54 1055 58 172 1659 51 258
leaf_count=53 276 70 70 102 52 49 241 54 1055 58 172 1659 51 258
internal_value=-0.0295519 -0.899186 -0.0032271 -0.0532938 -0.2311 0.168777 -0.00325111 0.840481 -0.229275 0.968395 0.476529 -0.165043 -0.0218196 -0.843367
internal_weight=4220 123 4097 3821 2122 1699 1399 295 1104 300 230 2070 1710 360
internal_count=4220 123 4097 3821 2122 1699 1399 295 1104 300 230 2070 1710 360
is_linear=0
shrinkage=0.03


Tree=517
num_leaves=12
num_cat=0
split_feature=19 27 15 33 28 2 8 33 32 32 28
split_gain=137822 115055 187713 155186 143942 186454 444964 365797 177344 228558 52850.5
threshold=5864.036250000001 7366.1403125000006 -0.73385833101097553 5642.5962500000005 1047.1604489880303 4.5000000000000009 0.78656609248549325 7654.3612500000008 1139.4094788311866 1505.8264431770579 699.58331765532978
decision_type=2 2 2 2 2 2 2 2 2 2 2
left_child=-1 2 -2 10 5 7 -7 -5 -6 -10 -3
right_child=1 3 -4 4 8 6 -8 -9 9 -11 -12
leaf_value=1.506237778847034 0.031920999526977537 0.45238507782518861 -2.2380340453556604 -0.4219180936896309 -1.5426622390747071 -0.07719169551592607 -2.1097764520029867 1.0941267471501701 0.70755605502616847 -0.020462936224312233 1.8585391727758913
leaf_weight=51 79 49 55 581 59 259 154 189 469 2227 48
leaf_count=51 79 49 55 581 59 259 154 189 469 2227 48
internal_value=-0.0286914 -0.0478287 -0.909342 -0.0189964 -0.0483339 -0.324977 -0.838406 -0.0488421 0.0705262 0.106394 1.16023
internal_weight=4220 4169 134 4035 3938 1183 413 770 2755 2696 97
internal_count=4220 4169 134 4035 3938 1183 413 770 2755 2696 97
is_linear=0
shrinkage=0.03


Tree=518
num_leaves=12
num_cat=0
split_feature=19 17 33 8 18 43 23 43 19 53 0
split_gain=130397 178958 136846 171511 128774 403019 324587 245958 204530 201730 192710
threshold=6058.8950000000013 6058.8950000000013 5433.7225000000008 -0.60355339059327384 10409.557500000001 86.916666666666671 10605.38875 78.083333333333357 11026.206250000001 1.0000000180025095e-35 18.500000000000004
decision_type=2 2 2 2 2 2 2 2 2 2 2
left_child=-1 -2 3 -3 8 7 -7 -6 9 -4 -10
right_child=1 2 4 -5 5 6 -8 -9 10 -11 -12
leaf_value=1.2752579405728508 -1.7980504395411563 2.3104533647775649 -0.040252535039768084 -0.19609879629952567 0.20203565723012235 0.39666978820732662 3.4627527959723223 -0.82535077992361039 -2.2313291271527609 -1.3462939995314394 -0.36064507283614233
leaf_weight=67 51 49 2146 48 1159 69 56 255 80 111 129
leaf_count=67 51 49 2146 48 1159 69 56 255 80 111 129
internal_value=-0.0278359 -0.0491642 -0.0269838 1.0806 -0.054076 0.161189 1.78697 0.0162944 -0.188437 -0.105059 -1.08398
internal_weight=4220 4153 4102 97 4005 1539 125 1414 2466 2257 209
internal_count=4220 4153 4102 97 4005 1539 125 1414 2466 2257 209
is_linear=0
shrinkage=0.03


Tree=519
num_leaves=15
num_cat=0
split_feature=28 5 18 40 35 29 30 42 26 22 18 3 18 35
split_gain=110249 447652 254076 335647 408372 266168 233252 219793 128995 356086 123879 123851 208910 329096
threshold=845.89756541590702 289.50000000000006 9818.4375000000018 21.262500000000006 324.23374999999947 9846.3562500000025 10569.012500000003 94.500000000000014 7867.0962500000005 7909.3587500000003 9121.9550000000017 27.500000000000004 7524.5275000000011 690.76124999999968
decision_type=2 2 2 2 2 2 2 2 2 2 2 2 2 2
left_child=1 2 3 7 10 -4 -3 -1 9 -2 -5 12 13 -10
right_child=8 6 5 4 -6 -7 -8 -9 11 -11 -12 -13 -14 -15
leaf_value=2.503955846939768 -0.75648531260028962 -0.90133174626760082 2.9277566394027397 0.083785936913423842 -2.395994139704853 -0.12347860557382756 -3.602669145298004 -0.15122784539272913 -0.14486103937468106 2.3022724529055805 -1.3490676465852935 0.54638043316550877 0.013580397131989705 -2.7443635641244741
leaf_weight=55 61 70 48 286 95 54 49 56 135 76 66 344 2761 64
leaf_count=55 61 70 48 286 95 54 49 56 135 76 66 344 2761 64
internal_value=-0.0269949 -0.349031 -0.0424903 -0.294731 -0.66151 1.32674 -2.03453 1.17488 0.0459859 0.944622 -0.187892 0.00844495 -0.0542302 -0.990499
internal_weight=4220 779 660 558 447 102 119 111 3441 137 352 3304 2960 199
internal_count=4220 779 660 558 447 102 119 111 3441 137 352 3304 2960 199
is_linear=0
shrinkage=0.03


Tree=520
num_leaves=15
num_cat=0
split_feature=41 36 18 26 35 19 33 24 21 8 24 20 35 50
split_gain=190614 324663 166665 277977 195947 223212 301128 214226 208832 188448 230413 187587 214023 148953
threshold=39.500000000000007 -18.337500000000087 13019.748750000001 13976.335000000001 521.0212500000008 8987.1200000000008 8325.822500000002 1954.4490433671272 12659.373750000001 0.98296291314453421 330.13485376451951 9104.8887500000019 -723.84000000000094 27.000000000000004
decision_type=2 2 2 2 2 2 2 2 2 2 2 2 2 2
left_child=1 -1 4 -4 8 6 7 -6 9 10 -2 13 -13 -5
right_child=2 -3 3 11 5 -7 -8 -9 -10 -11 -12 12 -14 -15
leaf_value=2.9957568220138553 -0.68769158996223057 -0.23817145764827727 -2.3448090595006943 -0.32889018739645298 -0.31381834554511151 -1.8944659677573612 1.4616953208269896 -2.3905343417732081 1.5244519832108046 1.5693315493652265 0.1293323266421425 0.24585588097572325 -2.3637586784362794 1.4941524077545512
leaf_weight=49 355 63 71 103 517 83 80 48 90 72 2438 51 62 65
leaf_count=49 355 63 71 103 517 83 80 48 90 72 2438 51 62 65
internal_value=-0.0247171 1.19053 -0.0587392 -0.681442 0.000939947 -0.439571 -0.249685 -0.494186 0.109582 0.0646143 0.0252714 -0.254283 -1.19401 0.381032
internal_weight=4147 112 4035 352 3683 728 645 565 2955 2865 2793 281 113 168
internal_count=4147 112 4035 352 3683 728 645 565 2955 2865 2793 281 113 168
is_linear=0
shrinkage=0.03


Tree=521
num_leaves=13
num_cat=0
split_feature=41 16 21 5 30 18 32 29 9 44 41 11
split_gain=179573 207881 332860 311495 240767 413475 261655 218730 150530 136795 155289 124343
threshold=39.500000000000007 12656.721250000001 13352.445000000002 190.50000000000003 14010.547500000002 12551.212500000001 2113.3632062775664 8516.6487500000021 -0.9829629131445341 41.791666666666679 67.500000000000014 -0.22252093395631442
decision_type=2 2 2 2 2 2 2 2 2 2 2 2
left_child=11 2 8 -3 5 -5 -6 -8 -2 -10 -11 -1
right_child=1 3 -4 4 6 -7 7 -9 9 10 -12 -13
leaf_value=2.293312754485072 1.1628686720195569 -2.2776290914930146 2.4497970388412473 0.069812245423143557 2.2313007500592397 -3.2164754932805111 0.64316556050227236 -1.5550206244169775 1.3487736662357084 -0.55791468118726029 0.011959898484933548 0.27982964655986198
leaf_weight=48 94 86 49 87 50 56 103 66 61 505 2878 64
leaf_count=48 94 86 49 87 50 56 103 66 61 505 2878 64
internal_value=-0.0239838 -0.057006 0.0191594 -0.665557 -0.277318 -1.23042 0.347724 -0.219307 -0.0151825 -0.0476686 -0.0732439 1.15554
internal_weight=4147 4035 3587 448 362 143 219 169 3538 3444 3383 112
internal_count=4147 4035 3587 448 362 143 219 169 3538 3444 3383 112
is_linear=0
shrinkage=0.03


Tree=522
num_leaves=15
num_cat=0
split_feature=41 36 16 21 30 29 19 3 52 52 9 50 15 15
split_gain=169157 304699 195779 313569 266755 418233 353783 215344 201539 197489 141721 134069 232212 203193
threshold=39.500000000000007 -18.337500000000087 12656.721250000001 13352.445000000002 14010.547500000002 9103.7712500000034 8462.1225000000031 17.500000000000004 10.625000000000002 10.79166666666667 -0.9829629131445341 27.000000000000004 -0.10281720934011652 0.017165697368537947
decision_type=2 2 2 2 2 2 2 2 2 2 2 2 2 2
left_child=1 -1 3 10 6 7 -4 8 -6 -8 -2 12 -12 -13
right_child=2 -3 4 -5 5 -7 9 -9 -10 -11 11 13 -14 -15
leaf_value=2.8704604249835013 1.1283498374537417 -0.2620533570460975 0.64511614481608071 2.3777730059623718 0.23801496463035471 -2.3448651723591785 -1.348807974755764 -0.69328793525695798 2.6342991828918456 -3.6339648118452592 0.31539762375403924 -0.52087175232211558 -0.29415239913293617 0.53918044651150709
leaf_weight=49 94 63 53 49 66 52 95 68 60 54 1454 875 916 199
leaf_count=49 94 63 53 49 66 52 95 68 60 54 1454 875 916 199
internal_value=-0.0232428 1.12156 -0.055293 0.0186218 -0.645864 0.0182572 -1.45082 0.660525 1.39098 -2.19579 -0.01471 -0.0462313 0.0797768 -0.324123
internal_weight=4147 112 4035 3587 448 246 202 194 126 149 3538 3444 2370 1074
internal_count=4147 112 4035 3587 448 246 202 194 126 149 3538 3444 2370 1074
is_linear=0
shrinkage=0.03


end of trees

feature_importances:
lag_1=537
lag_24=507
diff_24=455
diff_1=370
hour=361
hour_cos=331
hour_sin=312
lag_168=216
rolling_std_6=195
rolling_std_12=184
dayofweek=178
temperature_celsius_rolling_mean_6=170
lag_12=156
rolling_min_24=156
lag_2=148
dayofyear=141
dayofyear_cos=124
lag_6=122
temperature_celsius=120
temperature_celsius_rolling_mean_12=118
humidity_percent_rolling_mean_12=117
rolling_std_24=116
rolling_min_12=107
weather_code_rolling_mean_12=104
humidity_percent_rolling_mean_6=102
rolling_mean_24=101
dayofmonth=98
temperature_celsius_lag_1=97
lag_3=95
time_slot=94
rolling_mean_6=94
rolling_min_6=90
rolling_max_6=87
rolling_max_24=87
dayofyear_sin=75
humidity_percent_lag_1=75
humidity_percent=74
rolling_max_12=57
day_cos=55
weather_code_rolling_mean_6=54
precipitation_mm=52
rolling_mean_12=49
precipitation_mm_lag_1=40
precipitation_mm_rolling_mean_12=35
precipitation_mm_rolling_mean_6=29
day_sin=28
is_holiday=24
weather_code=17
is_weekend=16
weather_code_lag_1=11
month_sin=8
month=3
month_cos=2

parameters:
[boosting: gbdt]
[objective: regression]
[metric: rmse]
[tree_learner: serial]
[device_type: cpu]
[data_sample_strategy: bagging]
[data: ]
[valid: ]
[num_iterations: 2000]
[learning_rate: 0.03]
[num_leaves: 15]
[num_threads: 0]
[seed: 42]
[deterministic: 0]
[force_col_wise: 0]
[force_row_wise: 0]
[histogram_pool_size: -1]
[max_depth: 6]
[min_data_in_leaf: 48]
[min_sum_hessian_in_leaf: 0.001]
[bagging_fraction: 0.75]
[pos_bagging_fraction: 1]
[neg_bagging_fraction: 1]
[bagging_freq: 5]
[bagging_seed: 400]
[bagging_by_query: 0]
[feature_fraction: 0.75]
[feature_fraction_bynode: 1]
[feature_fraction_seed: 30056]
[extra_trees: 0]
[extra_seed: 12879]
[early_stopping_round: 0]
[early_stopping_min_delta: 0]
[first_metric_only: 0]
[max_delta_step: 0]
[lambda_l1: 0.5]
[lambda_l2: 1]
[linear_lambda: 0]
[min_gain_to_split: 0.05]
[drop_rate: 0.1]
[max_drop: 50]
[skip_drop: 0.5]
[xgboost_dart_mode: 0]
[uniform_drop: 0]
[drop_seed: 17869]
[top_rate: 0.2]
[other_rate: 0.1]
[min_data_per_group: 100]
[max_cat_threshold: 32]
[cat_l2: 10]
[cat_smooth: 10]
[max_cat_to_onehot: 4]
[top_k: 20]
[monotone_constraints: ]
[monotone_constraints_method: basic]
[monotone_penalty: 0]
[feature_contri: ]
[forcedsplits_filename: ]
[refit_decay_rate: 0.9]
[cegb_tradeoff: 1]
[cegb_penalty_split: 0]
[cegb_penalty_feature_lazy: ]
[cegb_penalty_feature_coupled: ]
[path_smooth: 0]
[interaction_constraints: ]
[verbosity: -1]
[saved_feature_importance_type: 0]
[use_quantized_grad: 0]
[num_grad_quant_bins: 4]
[quant_train_renew_leaf: 0]
[stochastic_rounding: 1]
[linear_tree: 0]
[max_bin: 255]
[max_bin_by_feature: ]
[min_data_in_bin: 3]
[bin_construct_sample_cnt: 200000]
[data_random_seed: 175]
[is_enable_sparse: 1]
[enable_bundle: 1]
[use_missing: 1]
[zero_as_missing: 0]
[feature_pre_filter: 1]
[pre_partition: 0]
[two_round: 0]
[header: 0]
[label_column: ]
[weight_column: ]
[group_column: ]
[ignore_column: ]
[categorical_feature: ]
[forcedbins_filename: ]
[precise_float_parser: 0]
[parser_config_file: ]
[objective_seed: 16083]
[num_class: 1]
[is_unbalance: 0]
[scale_pos_weight: 1]
[sigmoid: 1]
[boost_from_average: 1]
[reg_sqrt: 0]
[alpha: 0.9]
[fair_c: 1]
[poisson_max_delta_step: 0.7]
[tweedie_variance_power: 1.5]
[lambdarank_truncation_level: 30]
[lambdarank_norm: 1]
[label_gain: ]
[lambdarank_position_bias_regularization: 0]
[eval_at: ]
[multi_error_top_k: 1]
[auc_mu_weights: ]
[num_machines: 1]
[local_listen_port: 12400]
[time_out: 120]
[machine_list_filename: ]
[machines: ]
[gpu_platform_id: -1]
[gpu_device_id: -1]
[gpu_use_dp: 0]
[num_gpu: 1]

end of parameters

pandas_categorical:null
